{"code-base-name": "app-gateway2", "description": "", "sources": [{"code-base-name": "app-gateway2", "file_id": 217, "knowledge_revision": 707, "git_revision": "7541615396d97800a8dedd6a14e20d3bd2197bf0"}, {"code-base-name": "app-gateway2", "file_id": 209, "knowledge_revision": 699, "git_revision": "7541615396d97800a8dedd6a14e20d3bd2197bf0"}, {"code-base-name": "app-gateway2", "file_id": 211, "knowledge_revision": 709, "git_revision": "7541615396d97800a8dedd6a14e20d3bd2197bf0"}, {"code-base-name": "app-gateway2", "file_id": 215, "knowledge_revision": 705, "git_revision": "7541615396d97800a8dedd6a14e20d3bd2197bf0"}, {"code-base-name": "app-gateway2", "file_id": 218, "knowledge_revision": 708, "git_revision": "7541615396d97800a8dedd6a14e20d3bd2197bf0"}, {"code-base-name": "app-gateway2", "file_id": 210, "knowledge_revision": 703, "git_revision": "7541615396d97800a8dedd6a14e20d3bd2197bf0"}, {"code-base-name": "app-gateway2", "file_id": 219, "knowledge_revision": 704, "git_revision": "7541615396d97800a8dedd6a14e20d3bd2197bf0"}, {"code-base-name": "app-gateway2", "file_id": 214, "knowledge_revision": 702, "git_revision": "7541615396d97800a8dedd6a14e20d3bd2197bf0"}, {"code-base-name": "app-gateway2", "file_id": 216, "knowledge_revision": 700, "git_revision": "7541615396d97800a8dedd6a14e20d3bd2197bf0"}, {"code-base-name": "app-gateway2", "file_id": 220, "knowledge_revision": 706, "git_revision": "7541615396d97800a8dedd6a14e20d3bd2197bf0"}, {"code-base-name": "app-gateway2", "file_id": 207, "knowledge_revision": 695, "git_revision": "7541615396d97800a8dedd6a14e20d3bd2197bf0"}], "filename": "Supporting_Files/Ripple_Badger_Extn/ARCHITECTURE.md", "knowledge_revision": 924}