{
    "$schema": "https://raw.githubusercontent.com/rdkcentral/rdkservices/main/Tools/json_generator/schemas/plugin.schema.json",
    "info": {
      "title": "DisplaySettings Plugin",
      "callsign": "org.rdk.DisplaySettings",
      "locator": "libWPEFrameworkDisplaySettings.so",
      "status": "production",
      "description": "The `DisplaySetting` plugin provides an interface for display information such as current video resolution, supported video displays, zoom setting, sound mode, and much more."
    },
    "interface": {
      "$ref": "DisplaySettings.json#"
    }
}