{
    "schemaVersion": {
        "major": 1,
        "minor": 0,
        "patch": 0,
        "readable": "Ripple SDK"
    },
    "capabilities": {},
    "apis": {
        "1": {
            "openrpc": "1.2.4",
            "info": {
                "title": "Badger",
                "version": "0.1.0"
            },
            "methods": [
                {
                    "name": "badger.entitlementsAccountLink",
                    "params": [
                        {
                            "name": "type",
                            "schema": {
                                "type": "string",
                                "enum": [
                                    "entitlementsUpdate",
                                    "accountLink"
                                ]
                            }
                        },
                        {
                            "name": "action",
                            "schema": {
                                "type": "string",
                                "enum": [
                                    "appLaunch",
                                    "signIn",
                                    "signOut"
                                ]
                            }
                        },
                        {
                            "name": "subscriptionEntitlements",
                            "required": false,
                            "schema": {
                                "type": "array",
                                "items": {
                                    "type": "object",
                                    "properties": {
                                        "id": {
                                            "type": "string"
                                        },
                                        "startDate": {
                                            "type": "number"
                                        },
                                        "endDate": {
                                            "type": "number"
                                        }
                                    },
                                    "required": [
                                        "id"
                                    ]
                                },
                                "minItems": 0
                            }
                        }
                    ],
                    "tags": [
                        {
                            "name": "developerNotes",
                            "x-notes": "For accountLink().appLaunch(), use Discovery.entitlements().\nFor accountLink().signIn(), use Discovery.signIn().\nFor accountLink().signOut(), use Discovery.signOut().\nFor accountLink().updateEntitlements(), use Discovery.entitlements()",
                            "x-doc-url": "https://developer.comcast.com/firebolt/core/sdk/latest/api/discovery/#entitlements.\nhttps://developer.comcast.com/firebolt/core/sdk/latest/api/discovery/#signin.\nhttps://developer.comcast.com/firebolt/core/sdk/latest/api/discovery/#signout.\nhttps://developer.comcast.com/firebolt/core/sdk/latest/api/discovery/#entitlements"
                        },
                        {
                            "name": "javaScriptSDK",
                            "x-code-reference": "$badger.accountLink().appLaunch()\n$badger.accountLink().signIn()\n$badger.accountLink().signOut()\n$badger.accountLink().updateEntitlements()"
                        },
                        {
                            "name": "capabilities",
                            "x-uses": [
                                "xrn:firebolt:capability:discovery:content-access"
                            ]
                        }
                    ],
                    "result": {
                        "name": "success",
                        "schema": {
                            "$ref": "#/components/schemas/resultType"
                        }
                    }
                },
                {
                    "name": "badger.mediaEventAccountLink",
                    "params": [
                        {
                            "name": "event",
                            "schema": {
                                "type": "object",
                                "required": [
                                    "contentId",
                                    "completed"
                                ],
                                "properties": {
                                    "contentId": {
                                        "type": "string"
                                    },
                                    "completed": {
                                        "type": "boolean"
                                    },
                                    "progress": {
                                        "oneOf": [
                                            {
                                                "type": "string"
                                            },
                                            {
                                                "type": "number"
                                            }
                                        ]
                                    },
                                    "progressUnits": {
                                        "type": "string",
                                        "enum": [
                                            "percent",
                                            "seconds"
                                        ]
                                    }
                                }
                            }
                        }
                    ],
                    "tags": [
                        {
                            "name": "developerNotes",
                            "x-notes": "For accountLink().mediaEvent(), use Discovery.watched()",
                            "x-doc-url": "https://developer.comcast.com/firebolt/core/sdk/latest/api/discovery/#watched"
                        },
                        {
                            "name": "javaScriptSDK",
                            "x-code-reference": "$badger.accountLink().mediaEvent()"
                        },
                        {
                            "name": "capabilities",
                            "x-uses": [
                                "xrn:firebolt:capability:discovery:watched"
                            ]
                        }
                    ],
                    "result": {
                        "name": "success",
                        "schema": {
                            "$ref": "#/components/schemas/resultType"
                        }
                    }
                },
                {
                    "name": "badger.launchpadAccountLink",
                    "params": [
                        {
                            "name": "launchpadTile",
                            "schema": {
                                "type": "object",
                                "required": [
                                    "contentId"
                                ],
                                "properties": {
                                    "contentId": {
                                        "type": "string"
                                    },
                                    "titles": {
                                        "type": "string"
                                    },
                                    "url": {
                                        "type": "string"
                                    },
                                    "expiration": {
                                        "type": "number"
                                    },
                                    "image": {
                                        "type": "object"
                                    }
                                }
                            }
                        }
                    ],
                    "tags": [
                        {
                            "name": "developerNotes",
                            "x-notes": "This badger API is equivalent to Firebolt API discovery.watchNext()"
                        },
                        {
                            "name": "javaScriptSDK",
                            "x-code-reference": "$badger.accountLink().createLaunchpadTile()"
                        },
                        {
                            "name": "capabilities",
                            "x-uses": [
                                "xrn:firebolt:capability:discovery:watch-next"
                            ]
                        }
                    ],
                    "result": {
                        "name": "success",
                        "schema": {
                            "$ref": "#/components/schemas/resultType"
                        }
                    }
                },
                {
                    "name": "badger.compareAppSettings",
                    "params": [
                        {
                            "name": "settings",
                            "schema": {
                                "type": "object",
                                "properties": {
                                    "contentRestricted": {
                                        "type": "boolean"
                                    },
                                    "purchasePinEnabled": {
                                        "type": "boolean"
                                    },
                                    "language": {
                                        "type": "string",
                                        "enum": [
                                            "en-US",
                                            "en-ES"
                                        ]
                                    },
                                    "contentRestrictionLevel": {
                                        "type": "string",
                                        "enum": [
                                            "High",
                                            "Medium",
                                            "Low"
                                        ]
                                    }
                                }
                            }
                        }
                    ],
                    "deprecated": true,
                    "tags": [
                        {
                            "name": "endOfLife",
                            "x-notes": "No longer supported"
                        },
                        {
                            "name": "developerNotes",
                            "x-notes": "There is no Firebolt equivalent for this $badger method",
                            "x-doc-url": null
                        },
                        {
                            "name": "javaScriptSDK",
                            "x-code-reference": "$badger.accountLink().compareAppSettings()"
                        }
                    ],
                    "result": {
                        "name": "success",
                        "schema": {
                            "$ref": "#/components/schemas/resultType"
                        }
                    }
                },
                {
                    "name": "badger.xifa",
                    "params": [],
                    "tags": [
                        {
                            "name": "developerNotes",
                            "x-notes": "For adPlatform().advertisingId(), use Advertising.advertisingId()",
                            "x-doc-url": "https://developer.comcast.com/firebolt/core/sdk/latest/api/advertising/#advertisingid"
                        },
                        {
                            "name": "javaScriptSDK",
                            "x-code-reference": "$badger.adPlatform().advertisingId()"
                        },
                        {
                            "name": "capabilities",
                            "x-uses": [
                                "xrn:firebolt:capability:advertising:identifier"
                            ]
                        }
                    ],
                    "result": {
                        "name": "advertisingId",
                        "schema": {
                            "type": "object",
                            "properties": {
                                "ifa": {
                                    "type": "string"
                                },
                                "ifa_type": {
                                    "type": "string"
                                },
                                "lmt": {
                                    "type": "string"
                                }
                            },
                            "required": [
                                "ifa"
                            ]
                        }
                    }
                },
                {
                    "name": "badger.appStoreId",
                    "params": [],
                    "tags": [
                        {
                            "name": "developerNotes",
                            "x-notes": "For adPlatform().appStoreId(), use Advertising.appBundleId()",
                            "x-doc-url": "https://developer.comcast.com/firebolt/core/sdk/latest/api/advertising/#appbundleid"
                        },
                        {
                            "name": "javaScriptSDK",
                            "x-code-reference": "$badger.adPlatform().appStoreId()"
                        },
                        {
                            "name": "capabilities",
                            "x-uses": [
                                "xrn:firebolt:capability:advertising:configuration"
                            ]
                        }
                    ],
                    "result": {
                        "name": "appStoreId",
                        "schema": {
                            "type": "string"
                        }
                    }
                },
                {
                    "name": "badger.limitAdTracking",
                    "params": [],
                    "tags": [
                        {
                            "name": "developerNotes",
                            "x-notes": "For adPlatform().limitAdTracking(), use Advertising.policy().limitAdTracking",
                            "x-doc-url": "https://developer.comcast.com/firebolt/core/sdk/latest/api/advertising/#policy"
                        },
                        {
                            "name": "javaScriptSDK",
                            "x-code-reference": "$badger.adPlatform().limitAdTracking()"
                        },
                        {
                            "name": "capabilities",
                            "x-uses": [
                                "xrn:firebolt:capability:privacy:advertising"
                            ]
                        }
                    ],
                    "result": {
                        "name": "limitAdTracking",
                        "schema": {
                            "anyOf": [
                                {
                                    "type": "boolean"
                                },
                                {
                                    "type": "string",
                                    "enum": [
                                        "true",
                                        "false"
                                    ]
                                }
                            ]
                        }
                    }
                },
                {
                    "name": "badger.deviceAdAttributes",
                    "params": [],
                    "tags": [
                        {
                            "name": "developerNotes",
                            "x-notes": "For adPlatform().deviceAdAttributes(), use Advertising.deviceAttributes",
                            "x-doc-url": "https://developer.comcast.com/firebolt/core/sdk/latest/api/advertising/#deviceattributes"
                        },
                        {
                            "name": "javaScriptSDK",
                            "x-code-reference": "$badger.adPlatform().deviceAdAttributes()"
                        },
                        {
                            "name": "capabilities",
                            "x-uses": [
                                "xrn:firebolt:capability:advertising:configuration"
                            ]
                        }
                    ],
                    "result": {
                        "name": "deviceAttributes",
                        "schema": {
                            "oneOf": [
                                {
                                    "type": "object"
                                },
                                {
                                    "type": "string"
                                }
                            ]
                        }
                    }
                },
                {
                    "name": "badger.initObject",
                    "params": [
                        {
                            "name": "coppa",
                            "required": true,
                            "schema": {
                                "type": "boolean"
                            }
                        }
                    ],
                    "tags": [
                        {
                            "name": "developerNotes",
                            "x-notes": "For adPlatform().initObject(), use Advertising.config()",
                            "x-doc-url": "https://developer.comcast.com/firebolt/core/sdk/latest/api/advertising/#config"
                        },
                        {
                            "name": "javaScriptSDK",
                            "x-code-reference": "$badger.adPlatform().initObject()"
                        },
                        {
                            "name": "capabilities",
                            "x-uses": [
                                "xrn:firebolt:capability:advertising:configuration"
                            ]
                        }
                    ],
                    "result": {
                        "name": "adFrameworkConfig",
                        "schema": {
                            "type": "object"
                        }
                    }
                },
                {
                    "name": "badger.appAuth",
                    "params": [
                        {
                            "name": "operation",
                            "required": true,
                            "schema": {
                                "type": "string",
                                "enum": [
                                    "get",
                                    "upsert",
                                    "delete"
                                ]
                            }
                        },
                        {
                            "name": "userId",
                            "required": false,
                            "schema": {
                                "type": "string"
                            }
                        },
                        {
                            "name": "data",
                            "required": false,
                            "schema": {
                                "type": "object"
                            }
                        }
                    ],
                    "tags": [
                        {
                            "name": "developerNotes",
                            "x-notes": "There is no Firebolt equivalent for this $badger method",
                            "x-doc-url": null
                        },
                        {
                            "name": "javaScriptSDK",
                            "x-code-reference": "$badger.getAppAuth()"
                        }
                    ],
                    "result": {
                        "name": "Default Result",
                        "schema": {
                            "type": "object",
                            "required": [
                                "status"
                            ],
                            "properties": {
                                "status": {
                                    "type": "string",
                                    "enum": [
                                        "SUCCESS",
                                        "FAILURE"
                                    ]
                                },
                                "data": {
                                    "type": "object"
                                },
                                "userId": {
                                    "type": "object"
                                }
                            }
                        }
                    }
                },
                {
                    "name": "badger.OAuthBearerToken",
                    "params": [
                        {
                            "name": "client_id",
                            "required": true,
                            "schema": {
                                "type": "string"
                            }
                        }
                    ],
                    "tags": [
                        {
                            "name": "developerNotes",
                            "x-notes": "For getBearerToken(), use Authentication.token(TokenType.CIMA).value",
                            "x-doc-url": "https://developer.comcast.com/firebolt/core/sdk/latest/api/authentication/"
                        },
                        {
                            "name": "javaScriptSDK",
                            "x-code-reference": "$badger.getBearerToken()"
                        },
                        {
                            "name": "capabilities",
                            "x-uses": [
                                "xrn:firebolt:capability:token:session"
                            ]
                        }
                    ],
                    "result": {
                        "name": "Default Result",
                        "schema": {
                            "type": "object",
                            "properties": {
                                "access_token ": {
                                    "type": "string"
                                },
                                "expires_in": {
                                    "type": "number"
                                },
                                "token_type": {
                                    "type": "string"
                                },
                                "scope": {
                                    "type": "string"
                                },
                                "tid": {
                                    "type": "string"
                                }
                            },
                            "additionalProperties": false
                        }
                    }
                },
                {
                    "name": "badger.xscd",
                    "params": [],
                    "deprecated": true,
                    "tags": [
                        {
                            "name": "endOfLife",
                            "x-notes": "No longer supported"
                        },
                        {
                            "name": "developerNotes",
                            "x-notes": "There is no Firebolt equivalent for this $badger method",
                            "x-doc-url": null
                        },
                        {
                            "name": "javaScriptSDK",
                            "x-code-reference": "$badger.xscd()"
                        }
                    ],
                    "result": {
                        "name": "Default Result",
                        "schema": {
                            "type": "string"
                        }
                    }
                },
                {
                    "name": "badger.refreshPlatformAuthToken",
                    "params": [],
                    "tags": [
                        {
                            "name": "developerNotes",
                            "x-notes": "For platformAuth().getToken() or platformAuth().refreshToken(), use Authentication.token(TokenType.PLATFORM)",
                            "x-doc-url": "https://developer.comcast.com/firebolt/core/sdk/latest/api/authentication/"
                        },
                        {
                            "name": "javaScriptSDK",
                            "x-code-reference": "$badger.platformAuth().getToken()\n$badger.platformAuth().refreshToken()"
                        },
                        {
                            "name": "capabilities",
                            "x-uses": [
                                "xrn:firebolt:capability:token:platform"
                            ]
                        }
                    ],
                    "result": {
                        "name": "Default Result",
                        "schema": {
                            "type": "string"
                        }
                    }
                },
                {
                    "name": "badger.getOat",
                    "params": [],
                    "deprecated": true,
                    "tags": [
                        {
                            "name": "endOfLife",
                            "x-notes": "No longer supported"
                        },
                        {
                            "name": "developerNotes",
                            "x-notes": "For platformAuth().getOat(), use Authentication.token(TokenType.OAT).value",
                            "x-doc-url": "https://developer.comcast.com/firebolt/core/sdk/latest/api/authentication/"
                        },
                        {
                            "name": "javaScriptSDK",
                            "x-code-reference": "$badger.platformAuth().getOAT()"
                        }
                    ],
                    "result": {
                        "name": "Default Result",
                        "schema": {
                            "type": "string"
                        }
                    }
                },
                {
                    "name": "badger.getXact",
                    "params": [],
                    "tags": [
                        {
                            "name": "developerNotes",
                            "x-notes": "For platformAuth().getXact(), use Authentication.token(TokenType.DEVICE).value",
                            "x-doc-url": "https://developer.comcast.com/firebolt/core/sdk/latest/api/authentication/"
                        },
                        {
                            "name": "javaScriptSDK",
                            "x-code-reference": "$badger.platformAuth().getXact()"
                        },
                        {
                            "name": "capabilities",
                            "x-uses": [
                                "xrn:firebolt:capability:token:device"
                            ]
                        }
                    ],
                    "result": {
                        "name": "Default Result",
                        "schema": {
                            "type": "string"
                        }
                    }
                },
                {
                    "name": "badger.deeplink",
                    "params": [
                        {
                            "name": "uri",
                            "required": true,
                            "schema": {
                                "type": "string"
                            }
                        }
                    ],
                    "deprecated": true,
                    "tags": [
                        {
                            "name": "endOfLife",
                            "x-notes": "No longer supported"
                        },
                        {
                            "name": "developerNotes",
                            "x-notes": "For deeplink() use Discovery.launch(appId,intent)",
                            "x-doc-url": "https://developer.comcast.com/firebolt/core/sdk/latest/api/discovery/#launch"
                        },
                        {
                            "name": "javaScriptSDK",
                            "x-code-reference": "$badger.deeplink()"
                        },
                        {
                            "name": "capabilities",
                            "x-uses": [
                                "xrn:firebolt:capability:lifecycle:launch"
                            ]
                        }
                    ],
                    "result": {
                        "name": "Deeplink result",
                        "schema": {
                            "type": "object"
                        }
                    }
                },
                {
                    "name": "badger.navigateToCompanyPage",
                    "params": [
                        {
                            "name": "companyId",
                            "required": true,
                            "schema": {
                                "type": "string"
                            }
                        }
                    ],
                    "tags": [
                        {
                            "name": "developerNotes",
                            "x-notes": "For navigateToCompanyPage(), use Discovery.launch(appId, sectionIntent)",
                            "x-doc-url": "Discovery:https://developer.comcast.com/firebolt/core/sdk/latest/api/discovery/#launch"
                        },
                        {
                            "name": "javaScriptSDK",
                            "x-code-reference": "$badger.navigateToCompanyPage()"
                        },
                        {
                            "name": "capabilities",
                            "x-uses": [
                                "xrn:firebolt:capability:lifecycle:launch"
                            ]
                        }
                    ],
                    "result": {
                        "name": "navigateToCompanyPage result",
                        "schema": {
                            "oneOf": [
                                {
                                    "type": "object"
                                },
                                {
                                    "type": "null"
                                }
                            ]
                        }
                    }
                },
                {
                    "name": "badger.navigateToEntityPage",
                    "params": [
                        {
                            "name": "entityType",
                            "required": true,
                            "schema": {
                                "type": "string"
                            }
                        },
                        {
                            "name": "entityId",
                            "required": true,
                            "schema": {
                                "type": "string"
                            }
                        }
                    ],
                    "tags": [
                        {
                            "name": "developerNotes",
                            "x-notes": "For navigateToEntityPage(), use Discovery.launch(appId, EntityIntent)",
                            "x-doc-url": "Discovery:https://developer.comcast.com/firebolt/core/sdk/latest/api/discovery/#launch"
                        },
                        {
                            "name": "javaScriptSDK",
                            "x-code-reference": "$badger.navigateToEntityPage()"
                        },
                        {
                            "name": "capabilities",
                            "x-uses": [
                                "xrn:firebolt:capability:lifecycle:launch"
                            ]
                        }
                    ],
                    "result": {
                        "name": "navigateToEntityPage result",
                        "schema": {
                            "oneOf": [
                                {
                                    "type": "object"
                                },
                                {
                                    "type": "null"
                                }
                            ]
                        }
                    }
                },
                {
                    "name": "badger.navigateToFullScreenVideo",
                    "params": [
                        {
                            "name": "sourceType",
                            "required": true,
                            "schema": {
                                "type": "string"
                            }
                        },
                        {
                            "name": "programId",
                            "required": true,
                            "schema": {
                                "type": "string"
                            }
                        },
                        {
                            "name": "mediaGuid",
                            "required": true,
                            "schema": {
                                "type": "string"
                            }
                        }
                    ],
                    "tags": [
                        {
                            "name": "developerNotes",
                            "x-notes": "For navigateToFullScreenVideo(), use Discovery.launch(appId, playbackIntent)",
                            "x-doc-url": "Discovery:https://developer.comcast.com/firebolt/core/sdk/latest/api/discovery/#launch"
                        },
                        {
                            "name": "javaScriptSDK",
                            "x-code-reference": "$badger.navigateToFullScreenVideo()"
                        },
                        {
                            "name": "capabilities",
                            "x-uses": [
                                "xrn:firebolt:capability:lifecycle:launch"
                            ]
                        }
                    ],
                    "result": {
                        "name": "navigateToFullScreenVideo result",
                        "schema": {
                            "oneOf": [
                                {
                                    "type": "object"
                                },
                                {
                                    "type": "null"
                                }
                            ]
                        }
                    }
                },
                {
                    "name": "badger.getDeviceId",
                    "params": [],
                    "tags": [
                        {
                            "name": "developerNotes",
                            "x-notes": "For dial().getDeviceId(), use SecondScreen.device()",
                            "x-doc-url": "https://developer.comcast.com/firebolt/core/sdk/latest/api/secondscreen/#device"
                        },
                        {
                            "name": "javaScriptSDK",
                            "x-code-reference": "$badger.dial().getDeviceId()"
                        },
                        {
                            "name": "capabilities",
                            "x-uses": [
                                "xrn:firebolt:capability:protocol:dial"
                            ]
                        }
                    ],
                    "result": {
                        "name": "Default Result",
                        "schema": {
                            "type": "object",
                            "properties": {
                                "deviceId": {
                                    "type": "string"
                                }
                            }
                        }
                    }
                },
                {
                    "name": "badger.getDeviceName",
                    "params": [],
                    "tags": [
                        {
                            "name": "developerNotes",
                            "x-notes": "For dial().getDeviceName(), use SecondScreen.friendlyName()",
                            "x-doc-url": "https://developer.comcast.com/firebolt/core/sdk/latest/api/secondscreen/#friendlyname"
                        },
                        {
                            "name": "javaScriptSDK",
                            "x-code-reference": "$badger.dial().getDeviceName()"
                        },
                        {
                            "name": "capabilities",
                            "x-uses": [
                                "xrn:firebolt:capability:protocol:dial"
                            ]
                        }
                    ],
                    "result": {
                        "name": "Default Result",
                        "schema": {
                            "type": "object",
                            "properties": {
                                "deviceName": {
                                    "type": "string"
                                }
                            }
                        }
                    }
                },
                {
                    "name": "badger.getPayload",
                    "params": [],
                    "tags": [
                        {
                            "name": "developerNotes",
                            "x-notes": "For dial().getPayload(), use Parameters.initialization()",
                            "x-doc-url": "https://developer.comcast.com/firebolt/core/sdk/latest/api/parameters/#initialization"
                        },
                        {
                            "name": "javaScriptSDK",
                            "x-code-reference": "$badger.dial().getPayload()"
                        },
                        {
                            "name": "capabilities",
                            "x-uses": [
                                "xrn:firebolt:capability:protocol:dial"
                            ]
                        }
                    ],
                    "result": {
                        "name": "Default Result",
                        "schema": {
                            "oneOf": [
                                {
                                    "type": "object"
                                },
                                {
                                    "type": "string"
                                }
                            ]
                        }
                    }
                },
                {
                    "name": "badger.onLaunch",
                    "params": [
                        {
                            "name": "onLaunchCallBack",
                            "schema": {
                                "type": "boolean"
                            }
                        }
                    ],
                    "tags": [
                        {
                            "name": "developerNotes",
                            "x-notes": "For dial().onLaunch(), use SecondScreen.listen('launchRequest')",
                            "x-doc-url": "https://developer.comcast.com/firebolt/core/sdk/latest/api/secondscreen/#launchrequest"
                        },
                        {
                            "name": "javaScriptSDK",
                            "x-code-reference": "$badger.dial().onLaunch()"
                        },
                        {
                            "name": "capabilities",
                            "x-uses": [
                                "xrn:firebolt:capability:protocol:dial"
                            ]
                        }
                    ],
                    "result": {
                        "name": "Default Result",
                        "schema": {
                            "oneOf": [
                                {
                                    "type": "object"
                                },
                                {
                                    "type": "null"
                                }
                            ]
                        }
                    }
                },
                {
                    "name": "badger.info",
                    "params": [],
                    "tags": [
                        {
                            "name": "developerNotes",
                            "x-notes": "For info().zipcode, use Localization.postalCode()\nFor info().timezone, timeZone, or receiverId, these calls have been deprecated\nFor info().deviceHash, use Device.uid()\nFor info().householdId, use Device.household()\nFor info().privacySettings, use Advertising.config().privacyData\nFor info().userExperience, use Profile().flags\nFor info().receiverVersion, use Device.version().firmware[firebolt version > 0.9.0]",
                            "x-doc-url": "Advertising: https://developer.comcast.com/firebolt/core/sdk/latest/api/advertising/\nDevice: https://developer.comcast.com/firebolt/core/sdk/latest/api/device/\nLocalization: https://developer.comcast.com/firebolt/core/sdk/latest/api/localization/"
                        },
                        {
                            "name": "javaScriptSDK",
                            "x-code-reference": "$badger.info()"
                        },
                        {
                            "name": "capabilities",
                            "x-uses": [
                                "xrn:firebolt:capability:device:info"
                            ]
                        }
                    ],
                    "result": {
                        "name": "info",
                        "schema": {
                            "type": "object",
                            "required": [
                                "deviceCapabilities",
                                "privacySettings"
                            ],
                            "properties": {
                                "zipcode": {
                                    "type": "string"
                                },
                                "userExperience": {
                                    "type": "string"
                                },
                                "receiverId": {
                                    "type": "string"
                                },
                                "householdId": {
                                    "type": "string"
                                },
                                "deviceId": {
                                    "type": "string"
                                },
                                "clientId": {
                                    "type": "string"
                                },
                                "accountId": {
                                    "type": "string"
                                },
                                "timeZone": {
                                    "type": "string"
                                },
                                "timezone": {
                                    "type": "string"
                                },
                                "partnerId": {
                                    "type": "string"
                                },
                                "deviceCapabilities": {
                                    "$ref": "#/components/schemas/DeviceCapabilities"
                                },
                                "deviceHash": {
                                    "type": "string"
                                },
                                "privacySettings": {
                                    "type": "object",
                                    "required": [],
                                    "properties": {
                                        "lmt": {
                                            "type": "string"
                                        },
                                        "us_privacy": {
                                            "type": "string"
                                        }
                                    }
                                }
                            },
                            "additionalProperties": false
                        }
                    }
                },
                {
                    "name": "badger.deviceCapabilities",
                    "params": [],
                    "tags": [
                        {
                            "name": "developerNotes",
                            "x-notes": "For deviceCapabilities().deviceType, use Device.type()\nFor deviceCapabilities.nativeDimensions, use Device.screenResolution()\nFor deviceCapabilities.webBrowser.browserType, use Device.platform()\nFor deviceCapabilities().settopHdrSupport & tvHdrSupport, use Device.hdr()\nFor deviceCapabilities().settopHDCPVersion & tvHDCPVersion, use Device.hdcp()\nFor deviceCapabilities().videoDimensions, use Device.videoResolution()",
                            "x-doc-url": "Device: https://developer.comcast.com/firebolt/core/sdk/latest/api/device"
                        },
                        {
                            "name": "javaScriptSDK",
                            "x-code-reference": "$badger.deviceCapabilities()"
                        },
                        {
                            "name": "capabilities",
                            "x-uses": [
                                "xrn:firebolt:capability:device:info"
                            ]
                        }
                    ],
                    "result": {
                        "name": "deviceCapabilities",
                        "schema": {
                            "$ref": "#/components/schemas/DeviceCapabilities"
                        }
                    }
                },
                {
                    "name": "badger.resizeVideo",
                    "params": [
                        {
                            "name": "x",
                            "required": true,
                            "schema": {
                                "type": "number"
                            }
                        },
                        {
                            "name": "y",
                            "required": true,
                            "schema": {
                                "type": "number"
                            }
                        },
                        {
                            "name": "width",
                            "required": true,
                            "schema": {
                                "type": "number"
                            }
                        },
                        {
                            "name": "height",
                            "required": true,
                            "schema": {
                                "type": "number"
                            }
                        }
                    ],
                    "deprecated": true,
                    "tags": [
                        {
                            "name": "endOfLife",
                            "x-notes": "No longer supported"
                        },
                        {
                            "name": "developerNotes",
                            "x-notes": "There is no Firebolt equivalent for this $badger method",
                            "x-doc-url": null
                        },
                        {
                            "name": "javaScriptSDK",
                            "x-code-reference": "$badger.resizevideo()"
                        }
                    ],
                    "result": {
                        "name": "success",
                        "schema": {
                            "type": "boolean"
                        }
                    }
                },
                {
                    "name": "badger.networkConnectivity",
                    "params": [],
                    "tags": [
                        {
                            "name": "developerNotes",
                            "x-notes": "For networkConnectivity(), use Device.network()",
                            "x-doc-url": "https://developer.comcast.com/firebolt/core/sdk/latest/api/device/#network"
                        },
                        {
                            "name": "javaScriptSDK",
                            "x-code-reference": "$badger.networkConnectivity()"
                        },
                        {
                            "name": "capabilities",
                            "x-uses": [
                                "xrn:firebolt:capability:network:status"
                            ]
                        }
                    ],
                    "result": {
                        "name": "Result",
                        "schema": {
                            "type": "object",
                            "properties": {
                                "status": {
                                    "type": "string",
                                    "enum": [
                                        "SUCCESS",
                                        "NO_ACTIVE_NETWORK_INTERFACE"
                                    ]
                                },
                                "networkInterface": {
                                    "type": "string",
                                    "enum": [
                                        "WIFI",
                                        "ETHERNET",
                                        "MOCA",
                                        "DOCSIS"
                                    ]
                                }
                            }
                        }
                    }
                },
                {
                    "name": "badger.logMoneyBadgerLoaded",
                    "params": [
                        {
                            "name": "startTime",
                            "required": true,
                            "schema": {
                                "type": "number"
                            }
                        },
                        {
                            "name": "version",
                            "schema": {
                                "type": "string"
                            }
                        }
                    ],
                    "tags": [
                        {
                            "name": "developerNotes",
                            "x-notes": "There is no Firebolt equivalent for this $badger method",
                            "x-doc-url": null
                        },
                        {
                            "name": "javaScriptSDK",
                            "x-code-reference": "$badger.logMoneyBadgerLoaded()"
                        },
                        {
                            "name": "capabilities",
                            "x-uses": [
                                "xrn:firebolt:capability:metrics:general"
                            ]
                        }
                    ],
                    "result": {
                        "name": "Result",
                        "schema": {
                            "oneOf": [
                                {
                                    "type": "object"
                                },
                                {
                                    "type": "null"
                                },
                                {
                                    "type": "string"
                                }
                            ]
                        }
                    }
                },
                {
                    "name": "badger.getSystemInfo",
                    "params": [
                        {
                            "name": "device_info",
                            "required": true,
                            "schema": {
                                "type": "string",
                                "enum": [
                                    "reboot_info"
                                ]
                            }
                        }
                    ],
                    "deprecated": true,
                    "tags": [
                        {
                            "name": "endOfLife",
                            "x-notes": "No longer supported"
                        },
                        {
                            "name": "developerNotes",
                            "x-notes": "There is no Firebolt equivalent for this $badger method",
                            "x-doc-url": null
                        },
                        {
                            "name": "javaScriptSDK",
                            "x-code-reference": "$badger.getPreviousRebootInfo()"
                        }
                    ],
                    "result": {
                        "name": "Result",
                        "schema": {
                            "oneOf": [
                                {
                                    "type": "object",
                                    "properties": {
                                        "timestamp": {
                                            "type": "number"
                                        },
                                        "source": {
                                            "type": "string"
                                        }
                                    }
                                },
                                {
                                    "type": "null"
                                }
                            ]
                        }
                    }
                },
                {
                    "name": "badger.shutdown",
                    "params": [],
                    "tags": [
                        {
                            "name": "developerNotes",
                            "x-notes": "For shutdown(), use Lifecycle.close(CloseReason.USER_EXIT)",
                            "x-doc-url": "https://developer.comcast.com/firebolt/core/sdk/latest/api/lifecycle/#close"
                        },
                        {
                            "name": "javaScriptSDK",
                            "x-code-reference": "$badger.shutdown()"
                        },
                        {
                            "name": "capabilities",
                            "x-uses": [
                                "xrn:firebolt:capability:lifecycle:state"
                            ]
                        }
                    ],
                    "result": {
                        "name": "Default Result",
                        "schema": {
                            "oneOf": [
                                {
                                    "type": "object"
                                },
                                {
                                    "type": "null"
                                }
                            ]
                        }
                    }
                },
                {
                    "name": "badger.dismissLoadingScreen",
                    "params": [],
                    "tags": [
                        {
                            "name": "developerNotes",
                            "x-notes": "For dismissLoadingScreen(), use Lifecycle.ready()",
                            "x-doc-url": "https://developer.comcast.com/firebolt/core/sdk/latest/api/lifecycle/#ready"
                        },
                        {
                            "name": "javaScriptSDK",
                            "x-code-reference": "$badger.dismissLoadingScreen()"
                        },
                        {
                            "name": "capabilities",
                            "x-uses": [
                                "xrn:firebolt:capability:lifecycle:state"
                            ]
                        }
                    ],
                    "result": {
                        "name": "Default Result",
                        "schema": {
                            "oneOf": [
                                {
                                    "type": "object"
                                },
                                {
                                    "type": "null"
                                }
                            ]
                        }
                    }
                },
                {
                    "name": "badger.metricsHandler",
                    "params": [
                        {
                            "name": "segment",
                            "schema": {
                                "type": "string"
                            }
                        },
                        {
                            "name": "eventType",
                            "schema": {
                                "type": "string",
                                "enum": [
                                    "appAction",
                                    "pageView",
                                    "error",
                                    "userError"
                                ]
                            }
                        },
                        {
                            "name": "action",
                            "schema": {
                                "type": "string"
                            }
                        },
                        {
                            "name": "evt",
                            "schema": {
                                "type": "object"
                            }
                        },
                        {
                            "name": "page",
                            "schema": {
                                "type": "string"
                            }
                        },
                        {
                            "name": "errMsg",
                            "schema": {
                                "type": "string"
                            }
                        },
                        {
                            "name": "errVisible",
                            "schema": {
                                "type": "boolean"
                            }
                        },
                        {
                            "name": "errCode",
                            "schema": {
                                "type": "string"
                            }
                        }
                    ],
                    "tags": [
                        {
                            "name": "developerNotes",
                            "x-notes": "For metricsHandler(), use Metrics.action()",
                            "x-doc-url": "https://developer.comcast.com/firebolt/core/sdk/latest/api/metrics/#action"
                        },
                        {
                            "name": "javaScriptSDK",
                            "x-code-reference": "$badger.metricsHandler()"
                        },
                        {
                            "name": "capabilities",
                            "x-uses": [
                                "xrn:firebolt:capability:metrics:general"
                            ]
                        }
                    ],
                    "result": {
                        "name": "Default Result",
                        "schema": {
                            "oneOf": [
                                {
                                    "type": "object"
                                },
                                {
                                    "type": "null"
                                },
                                {
                                    "type": "boolean"
                                }
                            ]
                        }
                    }
                },
                {
                    "name": "badger.showToaster",
                    "params": [
                        {
                            "name": "message",
                            "schema": {
                                "type": "string"
                            }
                        }
                    ],
                    "tags": [
                        {
                            "name": "developerNotes",
                            "x-notes": "There is no Firebolt equivalent for this $badger method",
                            "x-doc-url": null
                        },
                        {
                            "name": "javaScriptSDK",
                            "x-code-reference": "$badger.showToaster()"
                        },
                        {
                            "name": "capabilities",
                            "x-uses": [
                                "xrn:firebolt:capability:lifecycle:state"
                            ]
                        }
                    ],
                    "result": {
                        "name": "Default Result",
                        "schema": {
                            "oneOf": [
                                {
                                    "type": "string"
                                },
                                {
                                    "type": "object"
                                }
                            ]
                        }
                    }
                },
                {
                    "name": "badger.showPinOverlay",
                    "params": [
                        {
                            "name": "pin_type",
                            "required": true,
                            "schema": {
                                "type": "string",
                                "enum": [
                                    "content_pin",
                                    "purchase_pin"
                                ]
                            }
                        },
                        {
                            "name": "suppress_snooze",
                            "schema": {
                                "type": "string",
                                "enum": [
                                    "true",
                                    "false"
                                ]
                            }
                        }
                    ],
                    "tags": [
                        {
                            "name": "developerNotes",
                            "x-notes": "For showContentPinOverlay() use Profile.approveContentRating().\n For showPurchasePinOverlay() use Profile.approvePurchase() ",
                            "x-doc-url": "https://developer.comcast.com/firebolt/core/sdk/latest/api/profile"
                        },
                        {
                            "name": "javaScriptSDK",
                            "x-code-reference": "$badger.showContentPinOverlay()\n$badger.showPurchasePinOverlay()"
                        },
                        {
                            "name": "capabilities",
                            "x-uses": [
                                "xrn:firebolt:capability:approve:content",
                                "xrn:firebolt:capability:approve:purchase"
                            ]
                        }
                    ],
                    "result": {
                        "name": "Default Result",
                        "schema": {
                            "type": "object",
                            "properties": {
                                "status": {
                                    "type": "string",
                                    "enum": [
                                        "SUCCESS",
                                        "PIN_NOT_REQUIRED",
                                        "LOCKED",
                                        "USER_DISMISSED_OVERLAY",
                                        "PARENT_CONTROL_QUERY_ERROR",
                                        "SERVICE_COMMUNICATION_ERROR",
                                        "OVERLAY_LAUNCH_ERROR"
                                    ]
                                },
                                "message": {
                                    "type": "string",
                                    "enum": [
                                        "Successful Pin Validation",
                                        "Pin not required: content_pin not enabled",
                                        "Maximum attempts exceeded. Wait minute(s) before retrying",
                                        "User dismissed Pin overlay",
                                        "Failed to query Parental Control Info",
                                        "Failed to communicate with PinOverlayService",
                                        "Failed to launch Pin Overlay",
                                        "Invalid state, a Pin overlay has already been launched",
                                        "Pin not required: purchase_pin not enabled"
                                    ]
                                }
                            },
                            "required": [
                                "status",
                                "message"
                            ]
                        }
                    }
                },
                {
                    "name": "badger.promptEmail",
                    "params": [
                        {
                            "name": "prefillType",
                            "required": true,
                            "schema": {
                                "type": "string",
                                "enum": [
                                    "signIn",
                                    "signUp"
                                ]
                            }
                        },
                        {
                            "name": "headerText",
                            "required": false,
                            "schema": {
                                "type": "string"
                            }
                        },
                        {
                            "name": "selectNoneText",
                            "required": false,
                            "schema": {
                                "type": "string"
                            }
                        }
                    ],
                    "tags": [
                        {
                            "name": "developerNotes",
                            "x-notes": "For userPreferences().promptSignInEmail(), use Keyboard.email('signIn').\nFor userPreferences().promptSignUpEmail(), use Keyboard.email('signUp').",
                            "x-doc-url": "Keyboard: https://developer.comcast.com/firebolt/core/sdk/latest/api/keyboard/"
                        },
                        {
                            "name": "javaScriptSDK",
                            "x-code-reference": "$badger.userPreferences().promptSignInEmail()\n$badger.userPreferences().promptSignUpEmail()"
                        },
                        {
                            "name": "capabilities",
                            "x-uses": [
                                "xrn:firebolt:capability:input:keyboard"
                            ]
                        }
                    ],
                    "result": {
                        "name": "Default Result",
                        "schema": {
                            "oneOf": [
                                {
                                    "type": "object",
                                    "properties": {
                                        "status": {
                                            "type": "string",
                                            "enum": [
                                                "SUCCESS",
                                                "NO_EMAIL_FOUND",
                                                "DISMISS",
                                                "NEW_EMAIL",
                                                "SERVICE_ERROR",
                                                "UNSUPPORTED_PARTNER"
                                            ]
                                        },
                                        "data": {
                                            "type": "object"
                                        },
                                        "signedData": {
                                            "type": "string"
                                        }
                                    }
                                }
                            ]
                        }
                    }
                },
                {
                    "name": "badger.settings",
                    "params": [
                        {
                            "name": "keys",
                            "required": true,
                            "schema": {
                                "type": "array",
                                "items": {
                                    "type": "string",
                                    "enum": [
                                        "CC_STATE",
                                        "VOICE_GUIDANCE_STATE",
                                        "DisplayPersonalizedRecommendations",
                                        "RememberWatchedPrograms",
                                        "friendly_name",
                                        "legacyMiniGuide",
                                        "power_save_status",
                                        "ShareWatchHistoryStatus",
                                        "ShowClosedCapture",
                                        "TextToSpeechEnabled2"
                                    ],
                                    "minItems": 1
                                }
                            }
                        }
                    ],
                    "tags": [
                        {
                            "name": "developerNotes",
                            "x-notes": "There is no firebolt equivalent for this $badger method.\nFor DisplayPersonalizedRecommendations, use Discovery.policy().\nFor RememberWatchedPrograms, use Discovery.policy().\nFor friendly_name, use Device.name().\nFor power_save_status, no firebolt equivalent.\nFor ShareWatchHistoryStatus, user Discovery.policy()",
                            "x-doc-url": "Accessibility:https://developer.comcast.com/firebolt/core/sdk/latest/api/accessibility/.\nDevice: https://developer.comcast.com/firebolt/core/sdk/latest/api/device/#name.\nDiscovery:https://developer.comcast.com/firebolt/core/sdk/latest/api/discovery/#policy"
                        },
                        {
                            "name": "javaScriptSDK",
                            "x-code-reference": "$badger.userPreferences().closedCaptioning()\n$badger.userPreferences().voiceGuidance()\n$badger.userPreferences().setting()\n$badger.userPreferences().settings()\n$badger.userPreferences().userSettings()"
                        },
                        {
                            "name": "capabilities",
                            "x-uses": [
                                "xrn:firebolt:capability:device:info"
                            ]
                        }
                    ],
                    "result": {
                        "name": "Settings result",
                        "schema": {
                            "type": "object"
                        }
                    }
                },
                {
                    "name": "badger.subscribeToSettings",
                    "params": [
                        {
                            "name": "keys",
                            "required": true,
                            "schema": {
                                "type": "array",
                                "items": {
                                    "type": "string",
                                    "enum": [
                                        "CC_STATE",
                                        "VOICE_GUIDANCE_STATE",
                                        "DisplayPersonalizedRecommendations",
                                        "RememberWatchedPrograms",
                                        "friendly_name",
                                        "legacyMiniGuide",
                                        "power_save_status",
                                        "ShareWatchHistoryStatus",
                                        "ShowClosedCapture",
                                        "TextToSpeechEnabled2"
                                    ],
                                    "minItems": 1
                                }
                            }
                        }
                    ],
                    "tags": [
                        {
                            "name": "developerNotes",
                            "x-notes": "For userPreferences().subscribeToSettings(['ShowClosedCapture']), use Accessibility.onClosedCaptionsSettingsChanged()\nFor userPreferences().subscribeToSettings(['TextToSpeechEnabled2']), use Accessibility.onVoiceGuidanceSettingsChanged()\nFor userPreferences().subscribeToSettings(['DisplayPersonalizedRecommendations']), use Discovery.onPolicyChanged()\nFor userPreferences().subscribeToSettings(['RememberWatchedPrograms']), use Discovery.onPolicyChanged()\nFor userPreferences().subscribeToSettings(['friendly_name']), use Device.onNameChanged()\nFor userPreferences().subscribeToSettings(['power_save_status']), no firebolt equivalent\nFor userPreferences().subscribeToSettings(['ShareWatchHistoryStatus']), user Discovery.onPolicyChanged()",
                            "x-doc-url": "Accessibility:https://developer.comcast.com/firebolt/core/sdk/latest/api/accessibility/.\nDevice: https://developer.comcast.com/firebolt/core/sdk/latest/api/device/#name.\nDiscovery:https://developer.comcast.com/firebolt/core/sdk/latest/api/discovery/#policy"
                        },
                        {
                            "name": "javaScriptSDK",
                            "x-code-reference": "$badger.userPreferences().subscribeToSettings(keys,callback)"
                        },
                        {
                            "name": "capabilities",
                            "x-uses": [
                                "xrn:firebolt:capability:device:info"
                            ]
                        }
                    ],
                    "result": {
                        "name": "Settings result",
                        "schema": {
                            "oneOf": [
                                {
                                    "type": "object"
                                },
                                {
                                    "type": "null"
                                }
                            ]
                        }
                    }
                }
            ],
            "components": {
                "schemas": {
                    "resultType": {
                        "anyOf": [
                            {
                                "type": "object"
                            },
                            {
                                "type": "null"
                            }
                        ]
                    },
                    "DeviceCapabilities": {
                        "title": "DeviceCapabilities",
                        "type": "object",
                        "required": [
                            "deviceType",
                            "isWifiDevice",
                            "videoDimensions",
                            "webBrowser",
                            "nativeDimensions",
                            "supportsTrueSD"
                        ],
                        "properties": {
                            "deviceType": {
                                "type": "string"
                            },
                            "isWifiDevice": {
                                "type": "boolean"
                            },
                            "deviceMakeModel": {
                                "type": "string"
                            },
                            "dvrTypes": {
                                "type": "array",
                                "items": {
                                    "type": "string"
                                }
                            },
                            "canMixPCMWithSurround": {
                                "type": "string"
                            },
                            "receiverType": {
                                "type": "string"
                            },
                            "fontFamilies": {
                                "type": "array",
                                "items": {
                                    "type": "string"
                                }
                            },
                            "supportsTrueSD": {
                                "anyOf": [
                                    {
                                        "type": "boolean"
                                    },
                                    {
                                        "type": "string",
                                        "enum": [
                                            "true",
                                            "false"
                                        ]
                                    }
                                ]
                            },
                            "audioModes": {
                                "type": "object",
                                "required": [
                                    "currentAudioMode",
                                    "supportedAudioModes"
                                ],
                                "properties": {
                                    "currentAudioMode": {
                                        "type": "array",
                                        "items": {
                                            "type": "string"
                                        }
                                    },
                                    "supportedAudioModes": {
                                        "type": "array",
                                        "items": {
                                            "type": "string"
                                        }
                                    }
                                }
                            },
                            "nativeDimensions": {
                                "type": "array",
                                "items": {
                                    "type": "number"
                                }
                            },
                            "videoDimensions": {
                                "type": "array",
                                "items": {
                                    "type": "number"
                                }
                            },
                            "aamp": {
                                "type": "string"
                            },
                            "webBrowser": {
                                "type": "object",
                                "required": [
                                    "browserType"
                                ],
                                "properties": {
                                    "userAgent": {
                                        "type": "string"
                                    },
                                    "version": {
                                        "type": "string"
                                    },
                                    "browserType": {
                                        "type": "string"
                                    }
                                }
                            },
                            "model": {
                                "type": "string"
                            },
                            "receiverPlatform": {
                                "type": "string"
                            },
                            "receiverVersion": {
                                "type": "string"
                            },
                            "hdr": {
                                "type": "object",
                                "properties": {
                                    "tvHdrSupport": {
                                        "type": "array",
                                        "items": {
                                            "type": "string"
                                        }
                                    },
                                    "settopHdrSupport": {
                                        "type": "array",
                                        "items": {
                                            "type": "string"
                                        }
                                    }
                                }
                            },
                            "hdcp": {
                                "type": "object",
                                "properties": {
                                    "items": {
                                        "anyOf": [
                                            {
                                                "type": "number"
                                            },
                                            {
                                                "type": "boolean"
                                            },
                                            {
                                                "type": "string"
                                            }
                                        ]
                                    }
                                }
                            },
                            "adobePSDK": {
                                "type": "string"
                            }
                        },
                        "additionalProperties": false
                    }
                }
            }
        }
    }
}
