{
    "$schema": "https://raw.githubusercontent.com/rdkcentral/rdkservices/main/Tools/json_generator/schemas/interface.schema.json",
    "jsonrpc": "2.0",
    "info": {
        "title": "RDKShell API", 
        "class": "RDKShell",
        "description": "The `RDKShell` plugin controls the management of composition, layout, Z order, and key handling."
    },
    "common": {
        "$ref": "../common/common.json"
    },
    "definitions": {
        "keyCode":{
            "summary":"The key code of the key to intercept (only symbol * (string data type) is acceptable)",
            "type": "number",
            "example": 10
        },
        "modifiers":{
            "summary": "A list of modifiers that need to be present to intercept (`ctrl`, `alt`, and `shift` are supported)",
            "type": "array",
            "items": {
                "type": "string",
                "example": "shift"
            }
        },
        "client":{
            "summary":"The client name",
            "type": "string",
            "example": "org.rdk.Netflix"
        },
        "clients": {
            "summary": "A list of clients",
            "type": "array",
            "items": {
                "type": "string",
                "example": "org.rdk.Netflix"
            }
        },
        "callsign": {
            "summary": "The application callsign",
            "type": "string",
            "example": "Cobalt"
        },
        "x":{
            "summary":"The x location",
            "type": "number",
            "example": 0
        },
        "y":{
            "summary":"The y location",
            "type": "number",
            "example": 0
        },
        "w":{
            "summary":"The width",
            "type": "number",
            "example": 1920
        },
        "h":{
            "summary":"The height",
            "type": "number",
            "example": 1080
        },
        "sx":{
            "summary":"The x scale factor",
            "type": "number",
            "example": 0.5
        },
        "sy":{
            "summary":"The y scale factor",
            "type": "number",
            "example": 0.5
        },
        "opacity": {
            "summary": "The opacity level (between 0 and 100)",
            "type": "integer",
            "example": 100
        },
        "uri":{
            "summary": "The URI of the app (empty, if unable to get URI status)",
            "type":"string",
            "example": "https://..."
        },
        "visible":{
            "summary": "Whether the client is visible (`true`) or not (`false`)",
            "type": "boolean",
            "example": true
        },
        "displayName": {
            "summary": "A name for the display",
            "type": "string",
            "example": "test"
        },
        "holePunch":{
            "summary": "Whether hole punching is enabled (`true`) or disabled (`false`)",
            "type": "boolean",
            "example": true
        },
        "logLevel": {
            "summary": "The log level",
            "enum": [
                "DEBUG",
                "INFO",
                "WARN",
                "ERROR",
                "FATAL"
            ],
            "type":"string",
            "example": "INFO"
        },
        "ram":{
            "summary": "The amount of free memory remaining in Kilobytes",
            "type": "integer",
            "example": 65536 
        },
        "width":{
            "summary": "The cursor width",
            "type": "number",
            "example": 255
            
        },
        "height":{
            "summary": "The cursor height",
            "type": "number",
            "example": 255
        },
        "framerate":{
            "summary":"display the current Graphics framerate",
            "type":"number",
            "example":40
        }
    },
    "methods": {
        "addAnimation":{
            "summary": "Performs the set of animations.",
            "params": {
                "type":"object",
                "properties": {
                    "animations": {
                        "summary": "A list of animations to perform",
                        "type": "array",
                        "items": {
                            "type": "object",
                            "properties": {
                                "client":{
                                    "$ref": "#/definitions/client"
                                },
                                "x":{
                                    "$ref": "#/definitions/x"
                                },
                                "y":{
                                    "$ref": "#/definitions/y"
                                },
                                "w":{
                                    "$ref": "#/definitions/w"
                                },
                                "h":{
                                    "$ref": "#/definitions/h"
                                },
                                "sx":{
                                    "$ref": "#/definitions/sx"
                                },
                                "sy":{
                                    "$ref": "#/definitions/sy"
                                },
                                "a":{
                                    "summary":"The alpha/opacity level to animate to (between 0 and 100)",
                                    "type": "number",
                                    "example": 0
                                },
                                "duration":{
                                    "summary":"The duration of the animation in seconds",
                                    "type": "number",
                                    "example": 2
                                },
                                "tween":{
                                    "summary":"The animation tween type. The default is `linear`",
                                    "type": "string",
                                    "enum": [
                                        "linear",
                                        "exp1",
                                        "exp2",
                                        "exp3",
                                        "inquad",
                                        "incubic",
                                        "nback",
                                        "inelastic",
                                        "outelastic",
                                        "outbounce"
                                    ],
                                    "default": "Linear",
                                    "example": "exp1"
                                },
                                "delay": {
                                    "summary": "Set delay for an animation",
                                    "type": "number",
                                    "example": ""
                                }                                
                            },
                            "required": [
                                "client"
                            ]
                        }
                    }
                },
                "required": [
                    "animations"
                ]
            },
            "result": {
                "$ref": "#/common/result"
            }
        },
        "addKeyIntercept":{
            "summary": "Adds a key intercept to the client application specified. The keys are specified by a key code and a set of modifiers. Regardless of the application that has focus, key presses that match the key code and modifiers will be sent to the client application.",
            "params": {
                "type":"object",
                "properties": {
                    "keyCode":{
                        "$ref": "#/definitions/keyCode"
                    },
                    "modifiers":{
                        "$ref": "#/definitions/modifiers"
                    },
                    "client":{
                        "$ref": "#/definitions/client"
                    },
                    "callsign": {
                        "summary": "The application callsign",
                        "type": "string",
                        "example": "org.rdk.Netflix"
                    }
                },
                "required": [
                    "keyCode",
                    "modifiers",
                    "client"
                ]
            },
            "result": {
                "$ref": "#/common/result"
            }
        },
        "addKeyIntercepts": {
            "summary": "Adds the list of key intercepts.",
            "params": {
                "type":"object",
                "properties": {
                    "intercepts": {
                        "summary": "A list of intercepts",
                        "type": "array",
                        "items": {
                            "type": "object",
                            "properties": {
                                "client":{
                                    "summary": "The client name",
                                    "type": "string",
                                    "example": "searchanddiscovery"
                                },
                                "keys":{
                                    "summary": "A list of keys to simulate",
                                    "type": "array",
                                    "items":{
                                        "type": "object",
                                        "properties": {
                                            "keycode": {
                                                "$ref": "#/definitions/keyCode"
                                            },
                                            "modifiers": {
                                                "$ref": "#/definitions/modifiers"
                                            }
                                        },
                                        "required": [
                                            "keycode",
                                            "modifiers",
                                            "keys"
                                        ]
                                    }
                                }
                            },
                            "required": [
                                "client",
                                "keys"
                            ]
                        }
                    }
                }
            },
            "result": {
                "$ref": "#/common/result"
            }
        },
        "setKeyIntercepts": {
            "summary": "Adds the list of key intercepts.",
            "params": {
                "type":"object",
                "properties": {
                    "intercepts": {
                        "summary": "A list of intercepts",
                        "type": "array",
                        "items": {
                            "type": "object",
                            "properties": {
                                "clients": {
                                    "summary": "A list of clients",
                                    "type": "array",
                                    "items": {
                                        "type": "object",
                                        "properties": {
                                            "client":{
                                                "summary": "The client name",
                                                "type": "string",
                                                "example": "searchanddiscovery"
                                            },
                                            "always":{
                                                "summary": "If set to true then the key will always be intercepted for this client",
                                                "type": "boolean",
                                                "example": true
                                            }
                                        }
                                    }
                                },
                                "keys":{
                                    "summary": "A list of keys to intercept",
                                    "type": "array",
                                    "items":{
                                        "type": "object",
                                        "properties": {
                                            "keycode": {
                                                "$ref": "#/definitions/keyCode"
                                            },
                                            "modifiers": {
                                                "$ref": "#/definitions/modifiers"
                                            }
                                        },
                                        "required": [
                                            "keycode",
                                            "modifiers",
                                            "keys"
                                        ]
                                    }
                                }
                            },
                            "required": [
                                "client",
                                "keys"
                            ]
                        }
                    }
                }
            },
            "result": {
                "$ref": "#/common/result"
            }
        },
        "addKeyListener":{
            "summary": "Adds a key listener to an application. The keys are bubbled up based on their z-order.",
            "params": {
                "type":"object",
                "properties": {
                    "client":{
                        "$ref": "#/definitions/client"
                    },
                    "callsign": {
                        "summary": "The application callsign",
                        "type": "string",
                        "example": "org.rdk.Netflix"
                    },
                    "keys":{
                        "summary":"A list of keys on which to add a listener for the specified application",
                        "type": "array",
                        "items": {
                            "type": "object",
                            "properties": {
                                "keyCode":{
                                    "$ref": "#/definitions/keyCode"
                                },
                                "nativekeyCode": {
                                    "summary": "The native key code.",
                                    "type": "number",
                                    "example": 10
                                },
                                "modifiers":{
                                    "$ref": "#/definitions/modifiers"
                                },
                                "activate": {
                                    "summary":"Activate an application on key event. The default is `false`",
                                    "type": "boolean",
                                    "example": false
                                },
                                "propagate": {
                                    "summary":"Propagate to the next application in the z-order. The default is `true`",
                                    "type": "boolean",
                                    "example": true
                                }
                            },
                            "required": [
                                "keyCode",
                                "modifiers",
                                "activate",
                                "propagate"
                            ]
                        }
                    }
                },
                "required": [
                    "client",
                    "keys"
                ]
            },
            "result": {
                "$ref": "#/common/result"
            }
        },
        "addKeyMetadataListener": {
            "summary": "Adds the key metadata listeners.",
            "params": {
                "type": "object",
                "properties":{
                    "client": {
                        "summary": "The client name",
                        "type": "string",
                        "example": "searchanddiscovery"
                    },
                    "callsign": {
                        "summary": "The application callsign",
                        "type": "string",
                        "example": "searchanddiscovery"
                    }
                },
                "required": [
                    "client"
                ]
            },
            "result": {
                "$ref": "#/common/result"
            }
        },
        "createDisplay": {
            "summary": " Creates a display for the specified client using the configuration parameters.",
            "params": {
                "type":"object",
                "properties": {
                    "client":{
                        "$ref": "#/definitions/client"
                    },
                    "callsign": {
                        "summary": "The application callsign",
                        "type": "string",
                        "example": "org.rdk.Netflix"
                    },
                    "displayName": {
                        "$ref": "#/definitions/displayName"
                    },
                    "displayWidth": {
                        "summary": "The width of the display",
                        "type": "number",
                        "example": 1920
                    },
                    "displayHeight": {
                        "summary": "The height of the display",
                        "type": "number",
                        "example": 1080
                    },
                    "virtualDisplay": {
                        "summary": "Whether to create a virtual display (`true`) or not (`false`)",
                        "type": "boolean",
                        "example": true
                    },
                    "virtualWidth": {
                        "summary": "The width of the virtual display",
                        "type": "number",
                        "example": 1920
                    },
                    "virtualHeight": {
                        "summary": "The height of the virtual display",
                        "type": "number",
                        "example": 1080
                    },
                    "topmost": {
                        "summary": "Whether to set topmost (true) or not (false)",
                        "type": "boolean",
                        "example":""
                    },
                    "focus": {
                        "summary": "Whether to setfocus (true) or not (false)",
                        "type": "boolean",
                        "example": ""
                    }
                },
                "required": [
                    "client",
                    "displayName",
                    "displayWidth",
                    "displayHeight",
                    "virtualDisplay",
                    "virtualWidth",
                    "virtualHeight"
                ]
            },
            "result": {
                "$ref": "#/common/result"
            }
        },
        "destroy":{
            "summary": "Destroys an application.",
            "events": {
                "onDestroyed" : "Triggers when a runtime is successfully destroyed"
            },
            "params": {
                "type": "object",
                "properties": {
                    "callsign": {
                        "$ref": "#/definitions/callsign"
                    }
                },
                "required": [
                    "callsign"
                ]
            },
            "result": {
                "$ref": "#/common/result"
            }
        },
        "enableInactivityReporting":{
            "summary": "Enables or disables inactivity reporting and events.",
            "params": {
                "type": "object",
                "properties": {
                    "enable": {
                        "summary": "Whether to enable (`true`) or disable (`false`) inactivity reporting",
                        "type": "boolean",
                        "example": true
                    }
                },
                "required": [
                    "enable"
                ]
            },
            "result": {
                "$ref": "#/common/result"
            }
        },
        "enableKeyRepeats": {
            "summary": "Enables or disables key repeats.",
            "params": {
                "type": "object",
                "properties": {
                    "enable": {
                        "summary": "Whether to enable (`true`) or disable (`false`) key repeats",
                        "type": "boolean",
                        "example": true
                    }
                },
                "required": [
                    "enable"
                ]
            },
            "result": {
                "$ref": "#/common/result"
            }            
        },
        "enableLogsFlushing": {
            "summary": "Enables or disables flushing all logs.",
            "params": {
                "type": "object",
                "properties": {
                    "enable": {
                        "summary": "Whether to enable (`true`) or disable (`false`) log flushing",
                        "type": "boolean",
                        "example": true
                    }
                },
                "required": [
                    "enable"
                ]
            },
            "result": {
                "$ref": "#/common/result"
            }            
        },
        "enableVirtualDisplay":{
            "summary": "Enables or disables a virtual display for the specified client.",
            "params": {
                "type": "object",
                "properties": {
                    "client": {
                        "$ref": "#/definitions/client"
                    },
                    "callsign": {
                        "summary": "The application callsign",
                        "type": "string",
                        "example": "org.rdk.Netflix"
                    },
                    "enable": {
                        "summary": "Whether to enable (`true`) or disable (`false`) a virtual display",
                        "type": "boolean",
                        "example": true
                    }
                },
                "required": [
                    "client",
                    "enable"
                ]
            },
            "result": {
                "$ref": "#/common/result"
            }
        },
        "generateKey": {
            "summary": "Triggers the key events (key press and release).",
            "params": {
                "type":"object",
                "properties": {
                    "keys":{
                        "summary":"A list of keys to simulate",
                        "type": "array",
                        "items": {
                            "type": "object",
                            "properties": {
                                "keyCode":{
                                    "$ref": "#/definitions/keyCode"
                                },
                                "modifiers":{
                                    "$ref": "#/definitions/modifiers"
                                },
                                "delay": {
                                    "summary":"The amount of time to wait (in seconds) before sending the key event",
                                    "type": "number",
                                    "example": 1.0
                                },
				"duration": {
                                    "summary":"The amount of time between key press and key release events",
                                    "type": "number",
                                    "example": 1.0
                                },
                                "callsign": {
                                    "$ref": "#/definitions/callsign"
                                },
                                "client": {
                                    "summary": "The client name can be used instead of callsign",
                                    "type": "string",
                                    "example": "Cobalt"
                                }
                            },
                            "required": [
                                "keyCode",
                                "modifiers",
                                "delay"
                            ]
                        }
                    }
                },
                "required": [
                    "keys"
                ]
            },
            "result": {
                "$ref": "#/common/result"
            }
        },
        "getAvailableTypes": {
            "summary": "Returns the list of application types available on the firmware.",
            "result": {
                "type": "object",
                "properties": {
                    "types": {
                        "summary": "application types",
                        "type":"array",
                        "items": {
                            "type": "string",
                            "example": "HtmlBrowser"
                        }
                    },
                    "success": {
                        "$ref": "#/common/success"
                    }
                },
                "required": [
                    "types",
                    "success"
                ]
            }
        },
        "getBounds": {
            "summary": "Gets the bounds of the specified client.",
            "params": {
                "type":"object",
                "properties": {
                    "client": {
                        "$ref": "#/definitions/client"
                    },
                    "callsign": {
                        "summary": "The application callsign",
                        "type": "string",
                        "example": "org.rdk.Netflix"
                    }
                },
                "required": [
                    "client"
                ]
            },
            "result": {
                "type": "object",
                "properties": {
                    "bounds": {
                        "type": "object",
                            "properties": {
                                "x":{
                                    "$ref": "#/definitions/x"
                                },
                                "y":{
                                    "$ref": "#/definitions/y"
                                },
                                "w":{
                                    "$ref": "#/definitions/w"
                                },
                                "h":{
                                    "$ref": "#/definitions/h"
                                }
                            },
                            "required": [
                                "x",
                                "y",
                                "w",
                                "h"
                            ] 
                    },
                    "success":{
                        "$ref": "#/common/success"
                    }
                },
                "required": [
                    "bounds",
                    "success"
                ]
            }    
        },
        "getClients": {
            "summary": "Gets a list of clients.",
            "result": {
                "type": "object",
                "properties": {
                    "clients": {
                        "$ref": "#/definitions/clients"
                    },
                    "success": {
                        "$ref": "#/common/success"
                    }
                },
                "required": [
                    "clients",
                    "success"
                ]
            }
        },
        "getCursorSize": {
            "summary": "Returns the currently set cursor size.",
            "result": {
                "type": "object",
                "properties": {
                    "width":{
                        "$ref": "#/definitions/width"
                    },
                    "height":{
                        "$ref": "#/definitions/height"
                    },
                    "success":{
                        "$ref": "#/common/success"
                    }
                },
                "required": [
                    "width",
                    "height",
                    "success"
                ]
            }
        },
        "getHolePunch": {
            "summary": "Returns whether video hole punching is enabled or disabled for the specified client.",
            "params": {
                "type":"object",
                "properties": {
                    "client": {
                        "$ref": "#/definitions/client"
                    },
                    "callsign": {
                        "summary": "The application callsign",
                        "type": "string",
                        "example": "org.rdk.Netflix"
                    }
                },
                "required": [
                    "client"
                ]
            },
            "result": {
                "type": "object",
                "properties": {
                    "holePunch":{
                        "$ref": "#/definitions/holePunch"
                    },
                    "success":{
                        "$ref": "#/common/success"
                    }
                },
                "required": [
                    "holePunch",
                    "success"
                ]
            }
        },
        "getKeyRepeatsEnabled": {
            "summary": "Returns whether key repeating is enabled or disabled.",
            "result": {
                "type": "object",
                "properties": {
                    "keyRepeat": {
                        "summary": "`true` if enabled, otherwise `false`",
                        "type":"boolean",
                        "example": true
                    },
                    "success": {
                        "$ref": "#/common/success"
                    }
                },
                "required": [
                    "keyRepeat",
                    "success"
                ]
            }
        },
        "getLastWakeupKey": {
            "summary": "Returns the last key press prior to a device wakeup.",
            "result": {
                "type": "object",
                "properties": {
                    "keyCode": {
                        "$ref": "#/definitions/keyCode"
                    },
                    "modifiers": {
                        "$ref": "#/definitions/modifiers"
                    },
                    "timestampInSeconds": {
                        "summary": "The time, in seconds, of the last wakeup",
                        "type":"boolean",
                        "example": true
                    },
                    "success": {
                        "$ref": "#/common/success"
                    }
                },
                "required": [
                    "keyCode",
                    "modifiers",
                    "timestampInSeconds",
                    "success"
                ]
            }   
        },
        "getLogLevel": {
            "summary": "Returns the currently set logging level.",
            "result": {
                "type": "object",
                "properties": {
                    "logLevel": {
                        "$ref": "#/definitions/logLevel"
                    },
                    "success": {
                        "$ref": "#/common/success"
                    }
                },
                "required": [
                    "logLevel",
                    "success"
                ]
            }
        },
        "getLogsFlushingEnabled": {
            "summary": "Returns whether log flushing is enabled or disabled.",
            "result": {
                "type": "object",
                "properties": {
                    "enabled": {
                        "summary": "`true` if enabled, otherwise `false`",
                        "type":"boolean",
                        "example": true
                    },
                    "success": {
                        "$ref": "#/common/success"
                    }
                },
                "required": [
                    "enabled",
                    "success"
                ]
            }
        },
        "getOpacity":{
            "summary": "Gets the opacity of the specified client.",
            "params": {
                "type":"object",
                "properties": {
                    "client": {
                        "$ref": "#/definitions/client"
                    }
                },
                "required": [
                    "client"
                ]
            },
            "result": {
                "type": "object",
                "properties": {
                    "opacity":{
                        "$ref": "#/definitions/opacity"
                    },
                    "success":{
                        "$ref": "#/common/success"
                    }
                },
                "required": [
                    "opacity",
                    "success"
                ]
            }
        },
        "getScale":{
            "summary": "Returns the scale of an application.",
            "params": {
                "type":"object",
                "properties": {
                    "client": {
                        "$ref": "#/definitions/client"
                    }
                },
                "required": [
                    "client"
                ]
            },
            "result": {
                "type": "object",
                "properties": {
                    "sx":{
                        "summary":"The x scale factor",
                        "type": "string",
                        "example": "0.5"
                    },
                    "sy":{
                        "summary":"The y scale factor",
                        "type": "string",
                        "example": "0.5"
                    },
                    "success":{
                        "$ref": "#/common/success"
                    }
                },
                "required": [
                    "sx",
                    "sy",
                    "success"
                ]
            }
        },
        "getScreenResolution":{
            "summary": "Gets the screen resolution.",
            "result": {
                "type": "object",
                "properties": {
                    "w":{
                        "$ref": "#/definitions/w"
                    },
                    "h":{
                        "$ref": "#/definitions/h"
                    },
                    "success":{
                        "$ref": "#/common/success"
                    }
                },
                "required": [
                    "w",
                    "h",
                    "success"
                ]
            }
        },
        "getScreenshot": {
            "summary": "Captures a screenshot.",
            "events": {
                "onScreenshotComplete" : "Triggers when a screenshot is captured successfully"
            },
            "result":{
                "$ref": "#/common/result"
            }
        },
        "getState":{
            "summary": "Returns the state of all applications.",
            "result": {
                "type": "object",
                "properties": {
                    "runtimes": {
                        "summary": "A list of apps and their current state",
                        "type": "array",
                        "items": {
                            "type":"object",
                            "properties": {
                                "callsign": {
                                    "$ref": "#/definitions/callsign"
                                },
                                "state": {
                                    "summary": "The runtime state of the app",
                                    "type":"string",
                                    "example": "suspended"
                                },
                                "uri":{
                                    "$ref": "#/definitions/uri"
                                }
                            },
                            "required": [
                                "callsign",
                                "state",
                                "uri"
                            ]
                        }
                    },
                    "success":{
                        "$ref": "#/common/success"
                    }
                },
                "required": [
                    "runtimes",
                    "success"
                ]
            }
        },
        "getSystemMemory": {
            "summary": "Gets the information of System Memory.",
            "result": {
                "type":"object",
                "properties": {
                    "freeRam": {
                        "summary": "Free RAM memory (kB)",
                        "type": "number",
                        "example": "321944"
                    },
                    "swapRam": {
                        "summary": "Swap memory (kB)",
                        "type": "number",
                        "example": "0"
                    },
                    "totalRam": {
                        "summary": "Total RAM memory (kB)",
                        "type": "number",
                        "example": "624644"
                    },
                    "success": {
                        "$ref": "#/common/success"
                    }
                },
                "required": [
                    "success",
                    "freeRam",
                    "swapRam",
                    "totalRam"
                ]
            }
        },
        "getSystemResourceInfo":{
            "summary": "Returns system resource information about each application.",
            "result": {
                "type": "object",
                "properties": {
                    "types": {
                        "summary": "A list of apps and their system resource information",
                        "type": "array",
                        "items": {
                            "type":"object",
                            "properties": {
                                "callsign": {
                                    "$ref": "#/definitions/callsign"
                                },
                                "ram": {
                                    "summary": "The amount of memory the runtime is consuming in kb",
                                    "type":"integer",
                                    "example": 123
                                },
                                "vram":{
                                    "summary": "The amount of graphics memory the runtime is consuming in kb (if supported)",
                                    "type":"integer",
                                    "example": 50
                                }
                            },
                            "required": [
                                "callsign",
                                "ram",
                                "vram"
                            ]
                        }
                    },
                    "success":{
                        "$ref": "#/common/success"
                    }
                },
                "required": [
                    "types",
                    "success"
                ]
            }
        },
        "getVirtualDisplayEnabled":{
            "summary": "Returns whether virtual display is enabled or disabled for the specified client.",
            "params": {
                "type":"object",
                "properties": {
                    "client": {
                        "$ref": "#/definitions/client"
                    },
                    "callsign": {
                        "summary": "The application callsign",
                        "type": "string",
                        "example": "org.rdk.Netflix"
                    }
                },
                "required": [
                    "client"
                ]
            },
            "result": {
                "type": "object",
                "properties": {
                    "enabled":{
                        "summary": "`true` if a virtual display is enabled, otherwise `false`",
                        "type": "boolean",
                        "example": true
                    },
                    "success":{
                        "$ref": "#/common/success"
                    }
                },
                "required": [
                    "enabled",
                    "success"
                ]
            }
        },
        "getVirtualResolution": {
            "summary": "Returns the virtual display resolution for the specified client.",
            "params": {
                "type":"object",
                "properties": {
                    "client": {
                        "$ref": "#/definitions/client"              
                    },
                    "callsign": {
                        "summary": "The application callsign",
                        "type": "string",
                        "example": "org.rdk.Netflix"
                    }
                },
                "required": [
                    "client"
                ]
            },
            "result": {
                "type": "object",
                "properties": {
                    "w":{
                        "$ref": "#/definitions/w"
                    },
                    "h": {
                        "$ref": "#/definitions/h"
                    },
                    "success":{
                        "$ref": "#/common/success"
                    }
                },
                "required": [
                    "w",
                    "h",
                    "success"
                ]
            }
        },
        "getVisibility":{
            "summary": "Gets the visibility of the specified client.",
            "params": {
                "type":"object",
                "properties": {
                    "client": {
                        "$ref": "#/definitions/client"
                    },
                    "callsign": {
                        "summary": "The application callsign",
                        "type": "string",
                        "example": "org.rdk.Netflix"
                    }
                },
                "required": [
                    "client"
                ]
            },
            "result": {
                "type": "object",
                "properties": {
                    "visible":{
                        "summary": "Whether the client is visible (`true`) or not (`false`)",
                        "type": "boolean",
                        "example": true
                    },
                    "success":{
                        "$ref": "#/common/success"
                    }
                },
                "required": [
                    "visible",
                    "success"
                ]
            }
        },
        "getZOrder":{
            "summary": "Returns an array of clients in Z order, starting with the top most application client first.",
            "result": {
                "type": "object",
                "properties": {
                    "clients": {
                        "$ref": "#/definitions/clients"
                    },
                    "success": {
                        "$ref": "#/common/success"
                    }
                },
                "required": [
                    "clients",
                    "success"
                ]
            }
        },
        "getGraphicsFrameRate":{
            "summary":"Returns the current Graphics Frame Rate",
            "result":{
                "type":"object",
                "properties":{
                    "frameRate":{
                        "$ref": "#/definitions/framerate"
                    },
                    "success":{
                        "$ref": "#/common/success"
                    }
                },
                "required": [
                    "frameRate",
                    "success"
                ]
            }
        },
	"getFocus": {
            "summary": "Gets focus to the specified client.",
            "params": {
                "type":"object",
                "properties": {
                    "client": {
                        "$ref": "#/definitions/client"
                    },
                    "callsign": {
                        "summary": "The application callsign",
                        "type": "string",
                        "example": "org.rdk.Netflix"
                    }
                },
                "required": [
                    "client"
                ]
            },
            "result": {
                "$ref": "#/common/result"
            }
        },
        "hideAllClients": {
            "summary": "Hides/Unhides all the clients.",
            "params": {
                "type": "object",
                "properties":{
                    "hide": {
                        "summary": "true to hide all the clients, and false to unhide all the clients",
                        "type": "boolean",
                        "example": true
                    }
                }
            },
            "result": {
                "$ref": "#/common/result"
            }
        },
        "hideCursor": {
            "summary": "Hides the cursor from showing on the display. The cursor is hidden by default.",
            "result": {
                "$ref": "#/common/result"
            }
        },
        "hideFullScreenImage":{
            "summary": "Hides the Full Screen Image.",
            "result": {
                "$ref": "#/common/result"
            }
        },
        "hideSplashLogo": {
            "summary": "Removes the splash screen.",
            "result": {
                "$ref": "#/common/result"
            }
        },
        "ignoreKeyInputs": {
            "summary": "Blocks user key inputs",
            "params": {
                "type": "object",
                "properties": {
                    "ignore": {
                        "summary": "Whether key inputs are ignored",
                        "type": "boolean",
                        "example": false
                    }
                },
                "required": [
                    "ignore"
                ]
            },
            "result": {
                "$ref": "#/common/result"
            }
        },
        "injectKey": {
            "summary": "Injects the keys.",
            "params": {
                "type":"object",
                "properties": {
                    "keycode": {
                        "$ref": "#/definitions/keyCode"
                    },
                    "modifiers": {
                        "$ref": "#/definitions/modifiers"
                    } 
                },
                "required": [
                    "keycode",
                    "modifiers"
                ]
            },
            "result": {
                "$ref": "#/common/result"
            }
        },
        "kill": {
            "summary": "Kills the specified client.",
            "params": {
                "type":"object",
                "properties": {
                    "client": {
                        "$ref": "#/definitions/client"
                    },
                    "callsign": {
                        "summary": "The application callsign",
                        "type": "string",
                        "example": "org.rdk.Netflix"
                    }
                },
                "required": [
                    "client"
                ]
            },
            "result": {
                "$ref": "#/common/result"
            }
        },
        "launch":{
            "summary": "Launches an application.",
            "events": {
                "onLaunched" : "Triggers when the runtime of an application is launched successfull"
            },
            "params": {
                "type": "object",
                "properties": {
                    "callsign":{
                        "$ref": "#/definitions/callsign"
                    },
                    "type":{
                        "summary": "The ID of the runtime package or the callsign of the plugin desired to be cloned",
                        "type": "string",
                        "example": "HtmlApp"
                    },
                    "version": {
                        "summary": "The version of the package. Defaults to the latest version",
                        "type": "string",
                        "example": "1.0"
                    },
                    "uri":{
                        "$ref": "#/definitions/uri"
                    },
                    "x":{
                        "$ref": "#/definitions/x"
                    },
                    "y":{
                        "$ref": "#/definitions/y"
                    },
                    "w":{
                        "$ref": "#/definitions/w"
                    },
                    "h":{
                        "$ref": "#/definitions/h"
                    },
                    "suspend":{
                        "summary": "Whether to suspend the app on launch (`true`) or not (`false`). Default is `false`",
                        "type": "boolean",
                        "example": false
                    },
                    "visible": {
                        "summary": "Whether the app is visible on launch (`true`) or not (`false`). Default is `true`. The value will be `false` if the `suspend` argument is `true`",
                        "type": "boolean",
                        "example": true
                    },
                    "focused":{
                        "summary": "Whether the app is focused on launch (`true`) or not (`false`). Default is `true`. The app cannot be focused if the `visible` argument is set to `false`",
                        "type": "boolean",
                        "example": true
                    },
                    "configuration":{
                        "summary": "The plugin configuration overrides. Empty by default",
                        "type": "string",
                        "example": ""
                    },
                    "behind":{
                        "summary": "The client to put behind. Defaults to top of z-order",
                        "type": "string",
                        "example": ""
                    },
                    "displayName":{
                        "$ref": "#/definitions/displayName"
                    },    
                    "scaleToFit": {
                        "summary": "Whether the app can be scaled to fit the current bounds. Default is `false`.",
                        "type": "boolean",
                        "example": "" 
                    },
                    "holePunch": {
                        "summary": "Whether the video hole punching can be enabled for the client. Default is `true`.",
                        "type": "boolean",
                        "example": ""
                    },
                    "topmost": {
                        "summary": "Whether the app appears above all other apps on the display. Default is `false`.",
                        "type": "boolean",
                        "example": ""
                    },
                    "focus": {
                        "summary": "Whether the app should be under focus. Default is `false`.",
                        "type": "boolean",
                        "example": ""
                    },
                    "autodestroy": {
                        "summary": "Whether the application can be automatically destroyed. Default is `true`.",
                        "type": "boolean",
                        "example": ""
                    }
                },
                "required": [
                    "callsign",
                    "type",
                    "uri"
                ]
            },
            "result": {
                "type": "object",
                "properties": {
                    "launchType": {
                        "summary": "The launch type of client",
                        "type": "string",
                        "example": "activate"
                    },
                    "success": {
                        "$ref": "#/common/success"
                    }
                },
                "required": [
                    "launchType",
                    "success"
                ]
            }
        },
        "launchApplication": {
            "summary": "Launches an application.",
            "events": {
                "onApplicationLaunched" : "Triggers when an application is launched successfully"
            },
            "params": {
                "type": "object",
                "properties":{
                    "client": {
                        "summary": "The client name",
                        "type": "string",
                        "example": "HtmlApp"
                    },
                    "uri": {
                        "summary": "The client uri",
                        "type": "string",
                        "example": "https://x1box-app.xumo.com/3.0.70/index.html%22"
                    },
                    "mimeType": {
                        "summary": "The mime type",
                        "type": "string",
                        "example": "application/native"
                    },
                    "topmost": {
                        "summary": "true to put the application at the top, otherwise false",
                        "type": "boolean",
                        "example": true
                    },
                    "focus": {
                        "summary": "true to put the application above all other applications, otherwise false",
                        "type": "boolean",
                        "example": true
                    }
                },
                "required": [
                    "client",
                    "uri",
                    "mimeType"
                ]
            },
             "result": {
                "$ref": "#/common/result"
            }
        },
        "launchResidentApp": {
            "summary": "Launches the Resident application.",
            "result": {
                "$ref": "#/common/result"
            }
        },
        "moveBehind":{
            "summary": "Moves the specified client behind the specified target client.",
            "params": {
                "type":"object",
                "properties": {
                    "client": {
                        "$ref": "#/definitions/client"
                    },
                    "target": {
                        "summary": "The target in which the client moves behind",
                        "type": "string",
                        "example": "org.rdk.RDKBrowser2"
                    }
                },
                "required": [
                    "client",
                    "target"
                ]
            },
            "result": {
                "$ref": "#/common/result"
            }
        },
        "moveToBack":{
            "summary": "Moves the specified client to the back or bottom of the Z order.",
            "params": {
                "type":"object",
                "properties": {
                    "client": {
                        "$ref": "#/definitions/client"
                    },
                    "callsign": {
                        "summary": "The application callsign",
                        "type": "string",
                        "example": "org.rdk.Netflix"
                    }
                },
                "required": [
                    "client"
                ]
            },
            "result": {
                "$ref": "#/common/result"
            }
        },
        "moveToFront": {
            "summary": "Moves the specified client to the front or top of the Z order.",
            "params": {
                "type":"object",
                "properties": {
                    "client": {
                        "$ref": "#/definitions/client"
                    },
                    "callsign": {
                        "summary": "The application callsign",
                        "type": "string",
                        "example": "org.rdk.Netflix"
                    }
                },
                "required": [
                    "client"
                ]
            },
            "result": {
                "$ref": "#/common/result"
            }
        },
        "removeAllKeyIntercepts": {
            "summary": "Removes all key intercepts.",
            "result": {
                "$ref": "#/common/result"
            }            
        },
        "removeAllKeyListeners": {
            "summary": "Removes all key listeners.",
            "result": {
                "$ref": "#/common/result"
            }            
        },
        "removeAnimation":{
            "summary": "Removes the current animation for the specified client.",
            "params": {
                "type":"object",
                "properties": {
                    "client": {
                        "$ref": "#/definitions/client"              
                    },
                    "callsign": {
                        "summary": "The application callsign",
                        "type": "string",
                        "example": "org.rdk.Netflix"
                    }
                },
                "required": [
                    "client"
                ]
            },
            "result": {
                "$ref": "#/common/result"
            }
        },
        "removeKeyIntercept": {
            "summary": "Removes a key intercept.",
            "params": {
                "type":"object",
                "properties": {
                    "keyCode":{
                        "$ref": "#/definitions/keyCode"
                    },
                    "modifiers":{
                        "$ref": "#/definitions/modifiers"
                    },
                    "client":{
                        "$ref": "#/definitions/client"
                    }
                },
                "required": [
                    "keyCode",
                    "modifiers",
                    "client"
                ]
            },
            "result": {
                "$ref": "#/common/result"
            }
        },
        "removeKeyListener": {
            "summary": "Removes a key listener for an application.",
            "params": {
                "type":"object",
                "properties": {
                    "client":{
                        "$ref": "#/definitions/client"
                    },
                    "callsign": {
                        "summary": "The application callsign",
                        "type": "string",
                        "example": "org.rdk.Netflix"
                    },
                    "keys":{
                        "summary":"A list of keys for which to remove a listener for the specified application (only symbol * (string data type) is acceptable)",
                        "type": "array",
                        "items": {
                            "type": "object",
                            "properties": {
                                "keyCode":{
                                    "$ref": "#/definitions/keyCode"
                                },
                                "modifiers":{
                                    "$ref": "#/definitions/modifiers"
                                }
                            },
                            "required": [
                                "keyCode",
                                "modifiers"
                            ]
                        }
                    }
                },
                "required": [
                    "client",
                    "keys"
                ]
            },
            "result": {
                "$ref": "#/common/result"
            }
        },
        "removeKeyMetadataListener":{
            "summary": "Removes the key metadata listeners.",
            "params": {
                "type": "object",
                "properties":{
                    "client": {
                        "summary": "The client name",
                        "type": "string",
                        "example": "searchanddiscovery"
                    },
                    "callsign": {
                        "summary": "The application callsign",
                        "type": "string",
                        "example": "searchanddiscovery"
                    }
                },
                "required": [
                    "client"
                ]
            },
            "result": {
                "$ref": "#/common/result"
            }
        },
        "resetInactivityTime":{
            "summary": "Resets the inactivity notification interval.",
            "result": {
                "$ref": "#/common/result"
            }
        },
        "resumeApplication": {
            "summary": "Resumes an application.",
            "events": {
                "onApplicationResumed" : "Triggers when an application resumes from a suspended state"
            },
            "params": {
                "type": "object",
                "properties":{
                    "client": {
                        "summary": "The client name",
                        "type": "string",
                        "example": "HtmlApp"
                    }
                }
            },
            "result": {
                "$ref": "#/common/result"
            }
        },
        "scaleToFit": {
            "summary": "Scales the specified client to fit the current bounds.",
            "params": {
                "type":"object",
                "properties": {
                    "client": {
                        "$ref": "#/definitions/client"
                    },
                    "callsign": {
                        "summary": "The application callsign",
                        "type": "string",
                        "example": "org.rdk.Netflix"
                    },
                    "x":{
                        "$ref": "#/definitions/x"
                    },
                    "y":{
                        "$ref": "#/definitions/y"
                    },
                    "w":{
                        "$ref": "#/definitions/w"
                    },
                    "h":{
                        "$ref": "#/definitions/h"
                    }
                },
                "required": [
                    "client",
                    "x",
                    "y",
                    "w",
                    "h"
                ]
            },
            "result": {
                "$ref": "#/common/result"
            }
        },
        "setBounds": {
            "summary": "Sets the bounds of the specified client.",
            "params": {
                "type":"object",
                "properties": {
                    "client": {
                        "$ref": "#/definitions/client"
                    },
                    "callsign": {
                        "summary": "The application callsign",
                        "type": "string",
                        "example": "org.rdk.Netflix"
                    },
                    "x":{
                        "$ref": "#/definitions/x"
                    },
                    "y":{
                        "$ref": "#/definitions/y"
                    },
                    "w":{
                        "$ref": "#/definitions/w"
                    },
                    "h":{
                        "$ref": "#/definitions/h"
                    }
                },
                "required": [
                    "client",
                    "x",
                    "y",
                    "w",
                    "h"
                ]
            },
            "result": {
                "$ref": "#/common/result"
            }
        },
        "setCursorSize": {
            "summary": "Sets the cursor size.",
            "params": {
                "type":"object",
                "properties": {
                    "width":{
                        "$ref": "#/definitions/width"
                    },
                    "height":{
                        "$ref": "#/definitions/height"
                    }
                },
                "required": [
                    "width",
                    "height"
                ]
            },
            "result": {
                "$ref": "#/common/result"
            }
        },
        "setFocus": {
            "summary": "Sets focus to the specified client.",
            "params": {
                "type":"object",
                "properties": {
                    "client": {
                        "$ref": "#/definitions/client"
                    },
                    "callsign": {
                        "summary": "The application callsign",
                        "type": "string",
                        "example": "org.rdk.Netflix"
                    }
                },
                "required": [
                    "client"
                ]
            },
            "result": {
                "$ref": "#/common/result"
            }
        },
        "setHolePunch": {
            "summary": "Enables or disables video hole punching for the specified client.",
            "params": {
                "type":"object",
                "properties": {
                    "client": {
                        "$ref": "#/definitions/client"              
                    },
                    "callsign": {
                        "summary": "The application callsign",
                        "type": "string",
                        "example": "org.rdk.Netflix"
                    },
                    "holePunch": {
                        "$ref": "#/definitions/holePunch"
                    }
                },
                "required": [
                    "client",
                    "holePunch"
                ]
            },
            "result": {
                "$ref": "#/common/result"
            }
        },
        "setInactivityInterval": {
            "summary": "Sets the inactivity notification interval.",
            "events": {
                "onUserInactivity" : "Triggers only if the device is inactive for the specified time interval"
            },
            "params": {
                "type":"object",
                "properties": {
                    "interval": {
                        "summary": "The inactivity event interval in minutes",
                        "type": "integer",
                        "example": 15
                    }
                },
                "required": [
                    "interval"
                ]
            },
            "result": {
                "$ref": "#/common/result"
            }
        },
        "setLogLevel":{
            "summary": "Sets the logging level.",
            "params": {
                "type":"object",
                "properties": {
                    "logLevel": {
                        "$ref": "#/definitions/logLevel"
                    }
                },
                "required": [
                    "logLevel"
                ]
            },
            "result": {
                "$ref": "#/common/result"
            }
        },
        "setMemoryMonitor":{
            "summary": "Enables or disables RAM memory monitoring on the device. Upon enabling, triggers possible events are onDeviceLowRamWarning, onDeviceCriticallyLowRamWarning, onDeviceLowRamWarningCleared, and onDeviceCriticallyLowRamWarningCleared.",
            "params": {
                "type":"object",
                "properties": {
                    "enable": {
                        "summary": "`true` to enable memory monitoring or `false` to disable memory monitoring",
                        "type":"boolean",
                        "example": true 
                    },
                    "interval": {
                        "summary": "The duration, in seconds, between memory checks",
                        "type":"number",
                        "example": 300
                    },
                    "lowRam": {
                        "summary": "The threshold, in Megabytes, after which a `onDeviceLowRamWarning` event is generated",
                        "type":"number",
                        "example": 128
                    },
                    "criticallyLowRam": {
                        "summary": "The threshold, in Megabytes, after which a critically `onDeviceCriticallyLowRamWarning` event is generated",
                        "type":"number",
                        "example": 64
                    }
                },
                "required": [
                    "enable",
                    "interval",
                    "lowRam",
                    "criticallyLowRam"
                ]
            },
            "result": {
                "$ref": "#/common/result"
            }
        },
        "setOpacity":{
            "summary": "Sets the opacity of the specified client.",
            "params": {
                "type":"object",
                "properties": {
                    "client": {
                        "$ref": "#/definitions/client"
                    },
                    "opacity":{
                        "$ref": "#/definitions/opacity"
                    }
                },
                "required": [
                    "client",
                    "opacity"
                ]
            },
            "result": {
                "$ref": "#/common/result"
            }
        },
        "setScale": {
            "summary": "Scales an application.",
            "params": {
                "type":"object",
                "properties": {
                    "client": {
                        "$ref": "#/definitions/client"
                    },
                    "callsign": {
                        "summary": "The application callsign",
                        "type": "string",
                        "example": "org.rdk.Netflix"
                    },
                    "sx":{
                        "$ref": "#/definitions/sx"
                    },
                    "sy":{
                        "$ref": "#/definitions/sy"
                    }
                },
                "required": [
                    "client",
                    "sx",
                    "sy"
                ]
            },
            "result": {
                "$ref": "#/common/result"
            }
        },
        "setScreenResolution": {
            "summary": "Sets the screen resolution.",
            "params": {
                "type":"object",
                "properties": {
                    "w":{
                        "$ref": "#/definitions/w"
                    },
                    "h":{
                        "$ref": "#/definitions/h"
                    }
                },
                "required": [
                    "w",
                    "h"
                ]
            },
            "result": {
                "$ref": "#/common/result"
            }
        },
        "setTopmost":{
            "summary": "Sets whether the specified client appears above all other clients on the display.",
            "params": {
                "type":"object",
                "properties": {
                    "client": {
                        "$ref": "#/definitions/client"
                    },
                    "topmost":{
                        "summary": "`true` to set the client as the top most client.",
                        "type": "boolean",
                        "example": true
                    },
                    "focus": {
                        "summary": "`true' to set focus for the client",
                        "type": "boolean",
                        "example": true
                    }
                },
                "required": [
                    "client",
                    "topmost"
                ]
            },
            "result": {
                "$ref": "#/common/result"
            }
        },
        "setVirtualResolution": {
            "summary": "Sets the virtual resolution for the specified client.",
            "params": {
                "type":"object",
                "properties": {
                    "client": {
                        "$ref": "#/definitions/client"
                    },
                    "width":{
                        "summary": "The width of the virtual resolution",
                        "type": "number",
                        "example": 1920
                    },
                    "height":{
                        "summary": "The height of the virtual resolution",
                        "type": "number",
                        "example": 1080
                    }
                },
                "required": [
                    "client"
                ]
            },
            "result": {
                "$ref": "#/common/result"
            }
        },
        "setVisibility":{
            "summary": "Sets whether the specified client should be visible.",
            "params": {
                "type":"object",
                "properties": {
                    "client": {
                        "$ref": "#/definitions/client"
                    },
                    "callsign": {
                        "summary": "The application callsign",
                        "type": "string",
                        "example": "org.rdk.Netflix"
                    },
                    "visible":{
                        "$ref": "#/definitions/visible"
                    }
                },
                "required": [
                    "client",
                    "visible"
                ]
            },
            "result": {
                "$ref": "#/common/result"
            }
        },
        "setGraphicsFrameRate":{
            "summary": "Set Graphics Frame Rate.",
            "params": {
                "type":"object",
                "properties": {
                    "framerate": {
                        "summary": "Graphics Framerate to be set",
                        "type":"number",
                        "example": 60
                    }
                },
                "required": [
                    "framerate"
                ]
            },
            "result": {
                "$ref": "#/common/result"
            }
        },
        "showCursor": {
            "summary": "Shows the cursor on the display using the current cursor size. See `setCursorSize`. The cursor automatically disappears after 5 seconds of inactivity.",
            "result": {
                "$ref": "#/common/result"
            }
        },
        "showFullScreenImage": {
            "summary": "Shows the Full Screen Image.",
            "params": {
                "type": "object",
                "properties":{
                    "path": {
                        "summary": "The image path",
                        "type": "string",
                        "example": "/tmp/netflix.png"
                    }
                }
            },
            "result": {
                "$ref": "#/common/result"
            }
        },
        "showSplashLogo": {
            "summary": "Displays the splash screen.",
            "params": {
                "type":"object",
                "properties": {
                    "displayTime": {
                        "summary": "The amount of the time to show the splash screen",
                        "type": "number",
                        "example": 5
                    }
                },
                "required": [
                    "displayTime"
                ]
            },
            "result": {
                "$ref": "#/common/result"
            }
        },
        "showWatermark": {
            "summary": "Sets whether a watermark shows on the display.",
            "params": {
                "type":"object",
                "properties": {
                    "show": {
                        "summary": "`true` to show the watermark or `false` to hide the watermark",
                        "type": "boolean",
                        "example": true              
                    }
                },
                "required": [
                    "show"
                ]
            },
            "result": {
                "$ref": "#/common/result"
            }
        },
        "suspend": {
            "summary": "Suspends an application.",
            "events": {
                "onSuspended" : "Triggers when the runtime of an application is suspended"
            },
            "params": {
                "type":"object",
                "properties": {
                    "callsign": {
                        "$ref": "#/definitions/callsign"
                    }
                },
                "required": [
                    "callsign"
                ]
            },
            "result": {
                "$ref": "#/common/result"
            }
        },
        "suspendApplication": {
            "summary": "Suspends an application.",
            "events": {
                "onApplicationSuspended" : "Triggers when an application is suspended"
            },
            "params": {
                "type": "object",
                "properties":{
                    "client": {
                        "summary": "The client name",
                        "type": "string",
                        "example": "HtmlApp"
                    }
                }
            },
            "result": {
                "$ref": "#/common/result"
            }
        },
        "keyRepeatConfig": {
            "summary": "Customizes key repeats.",
            "params": {
                "type":"object",
                "properties": {
                    "input": {
                        "summary": "input type, can be 'default' or 'keyboard'. If 'input' prop not specified 'default'('keyboard') is assumed",
                        "type": "string",
                        "example": "default"
                    },
                    "enabled": {
                        "summary": "`true` to enable key repeats, false to disable key repeats",
                        "type": "boolean",
                        "example": true
                    },
                    "initialDelay": {
                        "summary": "number of miliseconds until first key repeat event will be sent",
                        "type": "number",
                        "example": 500
                    },
                    "repeatInterval": {
                        "summary": "number of miliseconds until following key repeat events will be sent",
                        "type": "number",
                        "example": 250
                    }
                },
                "required": [
                    "enabled",
                    "initialDelay",
                    "repeatInterval"
                ]
            },
            "result": {
                "$ref": "#/common/result"
            }
        },
        "setAVBlocked": {
            "summary": "adds/removes the list of applications with the given callsigns to/from the blacklist.",
            "params": {
                "type": "object",
                "properties":{
                    "callsign": {
                        "summary": "The application callsign",
                        "type": "string",
                        "example": "searchanddiscovery"
                    },
                    "blocked": {
                        "summary": "Whether to block (`true`) or unblock (`false`) AV for the callsign",
                        "type": "boolean",
                        "example": "true"
                    }
                },
                "required": [
                    "callsign",
                    "blocked"
                ]
            },
            "result": {
                "$ref": "#/common/result"
            }
        },
        "getBlockedAVApplications": {
            "summary": "Gets a list of blacklisted clients.",
            "result": {
                "type": "object",
                "properties": {
                    "clients": {
                        "$ref": "#/definitions/clients"
                    },
                    "success": {
                        "$ref": "#/common/success"
                    }
                },
                "required": [
                    "clients",
                    "success"
                ]
            }
        },
        "hibernate": {
            "summary": "Hibernate an application.",
            "events": {
                "onHibernated" : "Triggers when an application is hibernated"
            },
            "params": {
                "type": "object",
                "properties":{
                    "callsign": {
                        "$ref": "#/definitions/callsign"
                    },
                    "timeout": {
                        "summary": "Timeout in ms for hibernate procedure",
                        "type": "number",
                        "example": 10000
                    },
                    "procsequence": {
                        "summary": "Hibernate sequence of application processes",
                        "type": "array",
                        "items": {
                            "type": "string",
                            "example": "LightningApp-0"
                        }
                    }
                },
                "required": [
                    "callsign"
                ]
            },
            "result": {
                "$ref": "#/common/result"
            }
        },
        "restore": {
            "summary": "Restore an application.",
            "events": {
                "onRestored" : "Triggers when an application is restored"
            },
            "params": {
                "type": "object",
                "properties":{
                    "callsign": {
                        "$ref": "#/definitions/callsign"
                    }
                },
                "required": [
                    "callsign"
                ]
            },
            "result": {
                "$ref": "#/common/result"
            }
        }
    },
    "events": {
        "onApplicationActivated":{
            "summary": "Triggered when an application is activated",
            "params": {
                "type": "object",
                "properties": {
                    "client":{
                        "$ref": "#/definitions/client" 
                    }
                },
                "required": [
                    "client"
                ]
            }
        },
        "onApplicationFocusChanged":{
            "summary": "Triggered when an application focus is changed",
            "params": {
                "type": "object",
                "properties": {
                    "client":{
                        "$ref": "#/definitions/client" 
                    }
                },
                "required": [
                    "client"
                ]
            }
        },
        "onApplicationConnected":{
            "summary": "Triggered when a connection to an application succeeds",
            "params": {
                "type": "object",
                "properties": {
                    "client":{
                        "$ref": "#/definitions/client" 
                    }
                },
                "required": [
                    "client"
                ]
            }
        },
        "onApplicationDisconnected":{
            "summary": "Triggered when an attempt to disconnect from an application succeeds",
            "params": {
                "type": "object",
                "properties": {
                    "client":{
                        "$ref": "#/definitions/client" 
                    }
                },
                "required": [
                    "client"
                ]
            }
        },
        "onApplicationFirstFrame":{
            "summary": "Triggered when the first frame of an application is loaded",
            "params": {
                "type": "object",
                "properties": {
                    "client":{
                        "$ref": "#/definitions/client" 
                    }
                },
                "required": [
                    "client"
                ]
            }
        },
        "onApplicationLaunched":{
            "summary": "Triggered when an application launches successfully",
            "params": {
                "type": "object",
                "properties": {
                    "client":{
                        "$ref": "#/definitions/client" 
                    }
                },
                "required": [
                    "client"
                ]
            }
        },
        "onApplicationResumed":{
            "summary": "Triggered when an application resumes from a suspended state",
            "params": {
                "type": "object",
                "properties": {
                    "client":{
                        "$ref": "#/definitions/client" 
                    }
                },
                "required": [
                    "client"
                ]
            }
        },
        "onApplicationSuspended":{
            "summary": "Triggered when an application is suspended",
            "params": {
                "type": "object",
                "properties": {
                    "client":{
                        "$ref": "#/definitions/client" 
                    }
                },
                "required": [
                    "client"
                ]
            }
        },
        "onApplicationTerminated":{
            "summary": "Triggered when an application terminates",
            "params": {
                "type": "object",
                "properties": {
                    "client":{
                        "$ref": "#/definitions/client" 
                    }
                },
                "required": [
                    "client"
                ]
            }
        },
        "onDestroyed":{
            "summary": "Triggered when a runtime is destroyed",
            "params": {
                "type": "object",
                "properties": {
                    "client":{
                        "$ref": "#/definitions/client" 
                    }
                },
                "required": [
                    "client"
                ]
            }
        },
        "onDeviceCriticallyLowRamWarning":{
            "summary": "Triggered when the RAM memory on the device exceeds the configured `criticallyLowRam` threshold value. See `setMemoryMonitor`.",
            "params": {
                "type": "object",
                "properties": {
                    "ram":{
                        "$ref": "#/definitions/ram" 
                    }
                },
                "required": [
                    "ram"
                ]
            }
        },
        "onDeviceCriticallyLowRamWarningCleared":{
            "summary": "Triggered when the RAM memory on the device no longer exceeds the configured `criticallyLowRam` threshold value. See `setMemoryMonitor`.",
            "params": {
                "type": "object",
                "properties": {
                    "ram":{
                        "$ref": "#/definitions/ram" 
                    }
                },
                "required": [
                    "ram"
                ]
            }
        },
        "onDeviceLowRamWarning":{
            "summary": "Triggered when the RAM memory on the device exceeds the configured `lowRam` threshold value. See `setMemoryMonitor`.",
            "params": {
                "type": "object",
                "properties": {
                    "ram":{
                        "$ref": "#/definitions/ram" 
                    }
                },
                "required": [
                    "ram"
                ]
            }
        },
        "onDeviceLowRamWarningCleared":{
            "summary": "Triggered when the RAM memory on the device no longer exceeds the configured `lowRam` threshold value. See `setMemoryMonitor`.",
            "params": {
                "type": "object",
                "properties": {
                    "ram":{
                        "$ref": "#/definitions/ram" 
                    }
                },
                "required": [
                    "ram"
                ]
            }
        },
        "onLaunched": {
            "summary": "Triggered when a runtime is launched",
            "params": {
                "type": "object",
                "properties": {
                    "client":{
                        "$ref": "#/definitions/client" 
                    },
                    "launchType": {
                        "summary": "The launch type of an application",
                        "type": "string",
                        "enum": ["create", "active", "suspend", "resume"],
                        "example": "create"
                    }
                },
                "required": [
                    "client",
                    "launchType"
                ]
            }
        },
        "onSuspended": {
            "summary": "Triggered when a runtime is suspended",
            "params": {
                "type": "object",
                "properties": {
                    "client":{
                        "$ref": "#/definitions/client" 
                    }
                },
                "required": [
                    "client"
                ]
            }
        },
        "onUserInactivity": {
            "summary": "Triggered when a device has been inactive for a period of time. This event is broadcasted at the frequency specified by `setInactivityInterval` if the device is not active. The default frequency is 15 minutes.",
            "params": {
                "type": "object",
                "properties": {
                    "minutes":{
                        "summary": "The number of minutes that the device has been inactive",
                        "type": "number",
                        "example": 5
                    }
                },
                "required": [
                    "minutes"
                ]
            }
        },
        "onWillDestroy":{
            "summary": "Triggered when an application is set to be destroyed",
            "params": {
                "type": "object",
                "properties": {
                    "callsign":{
                        "$ref": "#/definitions/callsign" 
                    }
                },
                "required": [
                    "callsign"
                ]
            }
        },
        "onPluginSuspended":{
            "summary": "Triggered when a plugin is suspended",
            "params": {
                "type": "object",
                "properties": {
                    "client":{
                        "summary":"The client name",
                        "type": "string",
                        "example": "searchanddiscovery" 
                    }
                },
                "required": [
                    "client"
                ]
            }
        },
        "onScreenshotComplete":{
            "summary": "Triggered when a screenshot is captured successfully using `getScreenshot` method",
            "params": {
                "type": "object",
                "properties": {
                    "imageData":{
                        "summary": "Base64 encoded image data",
                        "type": "string",
                        "example": "AAAAAAAAAA"
                    }
                },
                "required": [
                    "imageData"
                ]
            }
        },
        "onBlur":{
            "summary": "Triggered when the focused client is blurred.",
            "params": {
                "type": "object",
                "properties": {
                    "client":{
                        "summary":"The client name",
                        "type": "string",
                        "example": "searchanddiscovery"
                    }
                },
                "required": [
                    "client"
                ]
            }
        },
        "onFocus":{
            "summary": "Triggered when a client is set to focus.",
            "params": {
                "type": "object",
                "properties": {
                    "client":{
                        "summary":"The client name",
                        "type": "string",
                        "example": "HtmlApp"
                    }
                },
                "required": [
                    "client"
                ]
            }
        },
        "onHibernated":{
            "summary": "Triggers when an application is hibernated.",
            "params": {
                "type": "object",
                "properties": {
                    "callsign":{
                        "$ref": "#/definitions/callsign"
                    },
                    "success": {
                        "$ref": "#/common/success"
                    }
                },
                "required": [
                    "callsign",
                    "success"
                ]
            }
        },
        "onRestored":{
            "summary": "Triggers when an application is restored.",
            "params": {
                "type": "object",
                "properties": {
                    "callsign":{
                        "$ref": "#/definitions/callsign"
                    },
                    "success": {
                        "$ref": "#/common/success"
                    }
                },
                "required": [
                    "callsign",
                    "success"
                ]
            }
        }
    }
}
