{
    "resolutions": {
        "badger.info" : {
            "alias": "org.rdk.Badger.info"
        },
        "device.uid" : {
            "alias": "org.rdk.Badger.deviceUid"
        },
        "account.uid" : {
            "alias": "org.rdk.Badger.accountUid"
        },
        "localization.postalCode" : {
            "alias": "org.rdk.Badger.localizationPostalCode"
        },
        "badger.deviceCapabilities" : {
            "alias": "org.rdk.Badger.deviceCapabilities"
        },
        "badger.networkConnectivity" : {
            "alias": "org.rdk.Badger.networkConnectivity"
        },
        "badger.shutdown" : {
            "alias": "org.rdk.Badger.shutdown"
        },
        "badger.getDeviceId" : {
            "alias": "org.rdk.Badger.getDeviceId"
        },
        "badger.getDeviceName" : {
            "alias": "org.rdk.Badger.getDeviceName"
        },
        "badger.showToaster" : {
            "alias": "org.rdk.Badger.showToaster" 
        },
        "badger.dismissLoadingScreen" : {
            "alias": "org.rdk.Badger.dismissLoadingScreen"
        },
        "badger.getPayload" : {
            "alias": "org.rdk.Badger.getPayload"
        },
        "badger.onLaunch" : {
            "alias": "org.rdk.Badger.onLaunch"
        }
    }
}
