{
    "resolutions": {
        "IntegratedPlayer.onRequestCreate" : {
            "alias": "org.rdk.App2AppProvider.registerProvider",
            "providerCapability": "IntegratedPlayer.create",
            "permissionGroup": "org.rdk.permission.group.enhanced"
        },
        "IntegratedPlayer.create": {
            "alias": "org.rdk.App2AppProvider.invokeProvider",
            "providerCapability": "IntegratedPlayer.create",
            "permissionGroup": "org.rdk.permission.group.enhanced"
        },
        "IntegratedPlayer.createResponse": {
            "alias": "org.rdk.App2AppProvider.invokeProviderResponse",
            "providerCapability": "IntegratedPlayer.create",
            "permissionGroup": "org.rdk.permission.group.enhanced"
        },
        "IntegratedPlayer.createError": {
            "alias": "org.rdk.App2AppProvider.invokeProviderError",
            "providerCapability": "IntegratedPlayer.create",
            "permissionGroup": "org.rdk.permission.group.enhanced"
        }     
    }
}
