{
    "resolutions": {
        "IntegratedPlayer.onRequestCreate": {
            "alias": "org.rdk.LaunchDelegate",
            "additionalContext": {
                "capability": "IntegratedPlayer.create",
                "providerType": "register"
            },
            "permissionGroup": "org.rdk.permission.group.enhanced"
        },
        "IntegratedPlayer.create": {
            "alias": "org.rdk.LaunchDelegate",
            "additionalContext": {
                "capability": "IntegratedPlayer.create",
                "providerType": "invoke"
            },
            "permissionGroup": "org.rdk.permission.group.enhanced"
        },
        "IntegratedPlayer.createResponse": {
            "alias": "org.rdk.LaunchDelegate",
            "additionalContext": {
                "capability": "IntegratedPlayer.create",
                "providerType": "result"
            },
            "permissionGroup": "org.rdk.permission.group.enhanced"
        },
        "IntegratedPlayer.createError": {
            "alias": "org.rdk.LaunchDelegate",
            "additionalContext": {
                "capability": "IntegratedPlayer.create",
                "providerType": "error"
            },
            "permissionGroup": "org.rdk.permission.group.enhanced"
        },
        "IntegratedPlayer.onRequestLoad": {
            "alias": "org.rdk.LaunchDelegate",
            "additionalContext": {
                "capability": "IntegratedPlayer.load",
                "providerType": "register"
            },
            "permissionGroup": "org.rdk.permission.group.enhanced"
        },
        "IntegratedPlayer.load": {
            "alias": "org.rdk.LaunchDelegate",
            "additionalContext": {
                "capability": "IntegratedPlayer.load",
                "providerType": "invoke"
            },
            "permissionGroup": "org.rdk.permission.group.enhanced"
        },
        "IntegratedPlayer.loadResponse": {
            "alias": "org.rdk.LaunchDelegate",
            "additionalContext": {
                "capability": "IntegratedPlayer.load",
                "providerType": "result"
            },
            "permissionGroup": "org.rdk.permission.group.enhanced"
        },
        "IntegratedPlayer.loadError": {
            "alias": "org.rdk.LaunchDelegate",
            "additionalContext": {
                "capability": "IntegratedPlayer.load",
                "providerType": "error"
            },
            "permissionGroup": "org.rdk.permission.group.enhanced"
        },
        "IntegratedPlayer.onRequestPlay": {
            "alias": "org.rdk.LaunchDelegate",
            "additionalContext": {
                "capability": "IntegratedPlayer.play",
                "providerType": "register"
            },
            "permissionGroup": "org.rdk.permission.group.enhanced"
        },
        "IntegratedPlayer.play": {
            "alias": "org.rdk.LaunchDelegate",
            "additionalContext": {
                "capability": "IntegratedPlayer.play",
                "providerType": "invoke"
            },
            "permissionGroup": "org.rdk.permission.group.enhanced"
        },
        "IntegratedPlayer.playResponse": {
            "alias": "org.rdk.LaunchDelegate",
            "additionalContext": {
                "capability": "IntegratedPlayer.play",
                "providerType": "result"
            },
            "permissionGroup": "org.rdk.permission.group.enhanced"
        },
        "IntegratedPlayer.playError": {
            "alias": "org.rdk.LaunchDelegate",
            "additionalContext": {
                "capability": "IntegratedPlayer.play",
                "providerType": "error"
            },
            "permissionGroup": "org.rdk.permission.group.enhanced"
        },
        "IntegratedPlayer.onRequestStop": {
            "alias": "org.rdk.LaunchDelegate",
            "additionalContext": {
                "capability": "IntegratedPlayer.stop",
                "providerType": "register"
            },
            "permissionGroup": "org.rdk.permission.group.enhanced"
        },
        "IntegratedPlayer.stop": {
            "alias": "org.rdk.LaunchDelegate",
            "additionalContext": {
                "capability": "IntegratedPlayer.stop",
                "providerType": "invoke"
            },
            "permissionGroup": "org.rdk.permission.group.enhanced"
        },
        "IntegratedPlayer.stopResponse": {
            "alias": "org.rdk.LaunchDelegate",
            "additionalContext": {
                "capability": "IntegratedPlayer.stop",
                "providerType": "result"
            },
            "permissionGroup": "org.rdk.permission.group.enhanced"
        },
        "IntegratedPlayer.stopError": {
            "alias": "org.rdk.LaunchDelegate",
            "additionalContext": {
                "capability": "IntegratedPlayer.stop",
                "providerType": "error"
            },
            "permissionGroup": "org.rdk.permission.group.enhanced"
        },
        "IntegratedPlayer.onRequestDestroy": {
            "alias": "org.rdk.LaunchDelegate",
            "additionalContext": {
                "capability": "IntegratedPlayer.destroy",
                "providerType": "register"
            },
            "permissionGroup": "org.rdk.permission.group.enhanced"
        },
        "IntegratedPlayer.destroy": {
            "alias": "org.rdk.LaunchDelegate",
            "additionalContext": {
                "capability": "IntegratedPlayer.destroy",
                "providerType": "invoke"
            },
            "permissionGroup": "org.rdk.permission.group.enhanced"
        },
        "IntegratedPlayer.destroyResponse": {
            "alias": "org.rdk.LaunchDelegate",
            "additionalContext": {
                "capability": "IntegratedPlayer.destroy",
                "providerType": "result"
            },
            "permissionGroup": "org.rdk.permission.group.enhanced"
        },
        "IntegratedPlayer.destroyError": {
            "alias": "org.rdk.LaunchDelegate",
            "additionalContext": {
                "capability": "IntegratedPlayer.destroy",
                "providerType": "error"
            },
            "permissionGroup": "org.rdk.permission.group.enhanced"
        },
        "IntegratedPlayer.onRequestClearParentalBlock": {
            "alias": "org.rdk.LaunchDelegate",
            "additionalContext": {
                "capability": "IntegratedPlayer.clearParentalBlock",
                "providerType": "register"
            },
            "permissionGroup": "org.rdk.permission.group.enhanced"
        },
        "IntegratedPlayer.clearParentalBlock": {
            "alias": "org.rdk.LaunchDelegate",
            "additionalContext": {
                "capability": "IntegratedPlayer.clearParentalBlock",
                "providerType": "invoke"
            },
            "permissionGroup": "org.rdk.permission.group.enhanced"
        },
        "IntegratedPlayer.clearParentalBlockResponse": {
            "alias": "org.rdk.LaunchDelegate",
            "additionalContext": {
                "capability": "IntegratedPlayer.clearParentalBlock",
                "providerType": "result"
            },
            "permissionGroup": "org.rdk.permission.group.enhanced"
        },
        "IntegratedPlayer.clearParentalBlockError": {
            "alias": "org.rdk.LaunchDelegate",
            "additionalContext": {
                "capability": "IntegratedPlayer.clearParentalBlock",
                "providerType": "error"
            },
            "permissionGroup": "org.rdk.permission.group.enhanced"
        },
        "IntegratedPlayer.onRequestUpdateParentalMetadata": {
            "alias": "org.rdk.LaunchDelegate",
            "additionalContext": {
                "capability": "IntegratedPlayer.updateParentalMetadata",
                "providerType": "register"
            },
            "permissionGroup": "org.rdk.permission.group.enhanced"
        },
        "IntegratedPlayer.updateParentalMetadata": {
            "alias": "org.rdk.LaunchDelegate",
            "additionalContext": {
                "capability": "IntegratedPlayer.updateParentalMetadata",
                "providerType": "invoke"
            },
            "permissionGroup": "org.rdk.permission.group.enhanced"
        },
        "IntegratedPlayer.updateParentalMetadataResponse": {
            "alias": "org.rdk.LaunchDelegate",
            "additionalContext": {
                "capability": "IntegratedPlayer.updateParentalMetadata",
                "providerType": "result"
            },
            "permissionGroup": "org.rdk.permission.group.enhanced"
        },
        "IntegratedPlayer.updateParentalMetadataError": {
            "alias": "org.rdk.LaunchDelegate",
            "additionalContext": {
                "capability": "IntegratedPlayer.updateParentalMetadata",
                "providerType": "error"
            },
            "permissionGroup": "org.rdk.permission.group.enhanced"
        },
        "IntegratedPlayer.onRequestSeekTo": {
            "alias": "org.rdk.LaunchDelegate",
            "additionalContext": {
                "capability": "IntegratedPlayer.seekTo",
                "providerType": "register"
            },
            "permissionGroup": "org.rdk.permission.group.enhanced"
        },
        "IntegratedPlayer.seekTo": {
            "alias": "org.rdk.LaunchDelegate",
            "additionalContext": {
                "capability": "IntegratedPlayer.seekTo",
                "providerType": "invoke"
            },
            "permissionGroup": "org.rdk.permission.group.enhanced"
        },
        "IntegratedPlayer.seekToResponse": {
            "alias": "org.rdk.LaunchDelegate",
            "additionalContext": {
                "capability": "IntegratedPlayer.seekTo",
                "providerType": "result"
            },
            "permissionGroup": "org.rdk.permission.group.enhanced"
        },
        "IntegratedPlayer.seekToError": {
            "alias": "org.rdk.LaunchDelegate",
            "additionalContext": {
                "capability": "IntegratedPlayer.seekTo",
                "providerType": "error"
            },
            "permissionGroup": "org.rdk.permission.group.enhanced"
        },
        "IntegratedPlayer.onRequestSetSpeed": {
            "alias": "org.rdk.LaunchDelegate",
            "additionalContext": {
                "capability": "IntegratedPlayer.setSpeed",
                "providerType": "register"
            },
            "permissionGroup": "org.rdk.permission.group.enhanced"
        },
        "IntegratedPlayer.setSpeed": {
            "alias": "org.rdk.LaunchDelegate",
            "additionalContext": {
                "capability": "IntegratedPlayer.setSpeed",
                "providerType": "invoke"
            },
            "permissionGroup": "org.rdk.permission.group.enhanced"
        },
        "IntegratedPlayer.setSpeedResponse": {
            "alias": "org.rdk.LaunchDelegate",
            "additionalContext": {
                "capability": "IntegratedPlayer.setSpeed",
                "providerType": "result"
            },
            "permissionGroup": "org.rdk.permission.group.enhanced"
        },
        "IntegratedPlayer.setSpeedError": {
            "alias": "org.rdk.LaunchDelegate",
            "additionalContext": {
                "capability": "IntegratedPlayer.setSpeed",
                "providerType": "error"
            },
            "permissionGroup": "org.rdk.permission.group.enhanced"
        },
        "IntegratedPlayer.onRequestStatus": {
            "alias": "org.rdk.LaunchDelegate",
            "additionalContext": {
                "capability": "IntegratedPlayer.status",
                "providerType": "register"
            },
            "permissionGroup": "org.rdk.permission.group.enhanced"
        },
        "IntegratedPlayer.status": {
            "alias": "org.rdk.LaunchDelegate",
            "additionalContext": {
                "capability": "IntegratedPlayer.status",
                "providerType": "invoke"
            },
            "permissionGroup": "org.rdk.permission.group.enhanced"
        },
        "IntegratedPlayer.statusResponse": {
            "alias": "org.rdk.LaunchDelegate",
            "additionalContext": {
                "capability": "IntegratedPlayer.status",
                "providerType": "result"
            },
            "permissionGroup": "org.rdk.permission.group.enhanced"
        },
        "IntegratedPlayer.statusError": {
            "alias": "org.rdk.LaunchDelegate",
            "additionalContext": {
                "capability": "IntegratedPlayer.status",
                "providerType": "error"
            },
            "permissionGroup": "org.rdk.permission.group.enhanced"
        },
        "IntegratedPlayer.onRequestAudioTracks": {
            "alias": "org.rdk.LaunchDelegate",
            "additionalContext": {
                "capability": "IntegratedPlayer.getAudioTracks",
                "providerType": "register"
            },
            "permissionGroup": "org.rdk.permission.group.enhanced"
        },
        "IntegratedPlayer.getAudioTracks": {
            "alias": "org.rdk.LaunchDelegate",
            "additionalContext": {
                "capability": "IntegratedPlayer.getAudioTracks",
                "providerType": "invoke"
            },
            "permissionGroup": "org.rdk.permission.group.enhanced"
        },
        "IntegratedPlayer.audioTracksResponse": {
            "alias": "org.rdk.LaunchDelegate",
            "additionalContext": {
                "capability": "IntegratedPlayer.getAudioTracks",
                "providerType": "result"
            },
            "permissionGroup": "org.rdk.permission.group.enhanced"
        },
        "IntegratedPlayer.audioTracksError": {
            "alias": "org.rdk.LaunchDelegate",
            "additionalContext": {
                "capability": "IntegratedPlayer.getAudioTracks",
                "providerType": "error"
            },
            "permissionGroup": "org.rdk.permission.group.enhanced"
        },
        "IntegratedPlayer.onRequestSetAudioTrack": {
            "alias": "org.rdk.LaunchDelegate",
            "additionalContext": {
                "capability": "IntegratedPlayer.setAudioTrack",
                "providerType": "register"
            },
            "permissionGroup": "org.rdk.permission.group.enhanced"
        },
        "IntegratedPlayer.setAudioTrack": {
            "alias": "org.rdk.LaunchDelegate",
            "additionalContext": {
                "capability": "IntegratedPlayer.setAudioTrack",
                "providerType": "invoke"
            },
            "permissionGroup": "org.rdk.permission.group.enhanced"
        },
        "IntegratedPlayer.setAudioTrackResponse": {
            "alias": "org.rdk.LaunchDelegate",
            "additionalContext": {
                "capability": "IntegratedPlayer.setAudioTrack",
                "providerType": "result"
            },
            "permissionGroup": "org.rdk.permission.group.enhanced"
        },
        "IntegratedPlayer.setAudioTrackError": {
            "alias": "org.rdk.LaunchDelegate",
            "additionalContext": {
                "capability": "IntegratedPlayer.setAudioTrack",
                "providerType": "error"
            },
            "permissionGroup": "org.rdk.permission.group.enhanced"
        },
        "IntegratedPlayer.onRequestCaptionsTracks": {
            "alias": "org.rdk.LaunchDelegate",
            "additionalContext": {
                "capability": "IntegratedPlayer.getCaptionsTracks",
                "providerType": "register"
            },
            "permissionGroup": "org.rdk.permission.group.enhanced"
        },
        "IntegratedPlayer.getCaptionsTracks": {
            "alias": "org.rdk.LaunchDelegate",
            "additionalContext": {
                "capability": "IntegratedPlayer.getCaptionsTracks",
                "providerType": "invoke"
            },
            "permissionGroup": "org.rdk.permission.group.enhanced"
        },
        "IntegratedPlayer.captionsTracksResponse": {
            "alias": "org.rdk.LaunchDelegate",
            "additionalContext": {
                "capability": "IntegratedPlayer.getCaptionsTracks",
                "providerType": "result"
            },
            "permissionGroup": "org.rdk.permission.group.enhanced"
        },
        "IntegratedPlayer.captionsTracksError": {
            "alias": "org.rdk.LaunchDelegate",
            "additionalContext": {
                "capability": "IntegratedPlayer.getCaptionsTracks",
                "providerType": "error"
            },
            "permissionGroup": "org.rdk.permission.group.enhanced"
        },
        "IntegratedPlayer.onRequestSetCaptionsTrack": {
            "alias": "org.rdk.LaunchDelegate",
            "additionalContext": {
                "capability": "IntegratedPlayer.setCaptionsTrack",
                "providerType": "register"
            },
            "permissionGroup": "org.rdk.permission.group.enhanced"
        },
        "IntegratedPlayer.setCaptionsTrack": {
            "alias": "org.rdk.LaunchDelegate",
            "additionalContext": {
                "capability": "IntegratedPlayer.setCaptionsTrack",
                "providerType": "invoke"
            },
            "permissionGroup": "org.rdk.permission.group.enhanced"
        },
        "IntegratedPlayer.setCaptionsTrackResponse": {
            "alias": "org.rdk.LaunchDelegate",
            "additionalContext": {
                "capability": "IntegratedPlayer.setCaptionsTrack",
                "providerType": "result"
            },
            "permissionGroup": "org.rdk.permission.group.enhanced"
        },
        "IntegratedPlayer.setCaptionsTrackError": {
            "alias": "org.rdk.LaunchDelegate",
            "additionalContext": {
                "capability": "IntegratedPlayer.setCaptionsTrack",
                "providerType": "error"
            },
            "permissionGroup": "org.rdk.permission.group.enhanced"
        },
        "IntegratedPlayer.onStatus": {
            "alias": "org.rdk.LaunchDelegate",
            "event": "IntegratedPlayer.onStatus"
        },
        "IntegratedPlayer.giveStatus": {
            "alias": "org.rdk.LaunchDelegate",
            "additionalContext": {
                "capability": "IntegratedPlayer.onStatus",
                "providerType": "notify"
            },
            "permissionGroup": "org.rdk.permission.group.enhanced"
        },
        "ContentProtection.openDrmSession": {
            "alias": "org.rdk.ContentProtection.openDrmSession"
        },
        "ContentProtection.setDrmSessionState": {
            "alias": "org.rdk.ContentProtection.setDrmSessionState"
        },
        "ContentProtection.updateDrmSession": {
            "alias": "org.rdk.ContentProtection.updateDrmSession"
        },
        "ContentProtection.closeDrmSession": {
            "alias": "org.rdk.ContentProtection.closeDrmSession"
        },
        "ContentProtection.setPlaybackPosition": {
            "alias": "org.rdk.ContentProtection.setPlaybackPosition"
        },
        "ContentProtection.showWatermark": {
            "alias": "org.rdk.ContentProtection.showWatermark"
        },
        "ContentProtection.onWatermarkStatusChanged": {
            "alias": "org.rdk.ContentProtection.onWatermarkStatusChanged"
        }
    }
}