{
    "resolutions": {
        "badger.info" : {
            "alias": "org.rdk.Badger.BadgerInfo"
        },
        "device.uid" : {
            "alias": "org.rdk.Badger.DeviceUid"
        },
        "account.uid" : {
            "alias": "org.rdk.Badger.AccountUid"
        },
        "localization.postalCode" : {
            "alias": "org.rdk.Badger.LocalizationPostalCode"
        },
        "badger.deviceCapabilities" : {
            "alias": "org.rdk.Badger.DeviceCapabilities"
        },
        "badger.networkConnectivity" : {
            "alias": "org.rdk.Badger.NetworkConnectivity"
        },
        "badger.shutdown" : {
            "alias": "org.rdk.Badger.Shutdown"
        },
        "badger.dial.getDeviceId" : {
            "alias": "org.rdk.Badger.DialGetDeviceId"
        },
        "badger.dial.getDeviceName" : {
            "alias": "org.rdk.Badger.DialGetDeviceName"
        },
        "badger.showToaster" : {
            "alias": "org.rdk.Badger.ShowToaster" 
        },
        "badger.dismissLoadingScreen" : {
            "alias": "org.rdk.Badger.DismissLoadingScreen"
        },
        "badger.dial.getPayload" : {
            "alias": "org.rdk.Badger.DialGetPayload"
        },
        "badger.dial.onLaunch" : {
            "alias": "org.rdk.Badger.DialOnLaunch"
        }
    }
}
