{"is_source_file": true, "format": "C++", "description": "Source file implementing the Module functionality for app-gateway. Contains includes, licensing comments, and a macro declaration.", "external_files": ["Module.h"], "external_methods": ["MODULE_NAME_DECLARATION"], "published": [], "classes": [], "methods": [], "calls": ["MODULE_NAME_DECLARATION"], "search-terms": ["Module.cpp", "MODULE_NAME_DECLARATION", "app-gateway"], "state": 2, "file_id": 223, "knowledge_revision": 745, "git_revision": "727800fc84f5393f5ac231785d3764465fe20036", "ctags": [], "hash": "8084e87232c1d4807b2716be75c0cba3", "format-version": 4, "code-base-name": "app-gateway2", "filename": "app-gateway/LaunchDelegate/Module.cpp", "revision_history": [{"745": "727800fc84f5393f5ac231785d3764465fe20036"}]}