{"is_source_file": true, "format": "C++ header file", "description": "This file is a minimal placeholder for the interface definitions related to JsonData_AppGatewayResolver within the WPEFramework project, primarily serving as an include dependency for AppGateway.cpp. Currently, it contains no definitions, only namespace declarations.", "external_files": [], "external_methods": [], "published": [], "classes": [], "methods": [], "calls": [], "search-terms": ["JsonData_AppGatewayResolver", "WPEFramework", "AppGatewayResolver", "interfaces", "placeholder"], "state": 2, "file_id": 243, "knowledge_revision": 791, "git_revision": "", "ctags": [{"_type": "tag", "name": "AppGatewayResolver", "path": "/home/kavia/workspace/code-generation/app-gateway2/app-gateway/interfaces/json/JsonData_AppGatewayResolver.h", "pattern": "/^namespace AppGatewayResolver {$/", "language": "C++", "kind": "namespace", "scope": "WPEFramework::Exchange::JsonData", "scopeKind": "namespace"}, {"_type": "tag", "name": "Exchange", "path": "/home/kavia/workspace/code-generation/app-gateway2/app-gateway/interfaces/json/JsonData_AppGatewayResolver.h", "pattern": "/^namespace Exchange {$/", "language": "C++", "kind": "namespace", "scope": "WPEFramework", "scopeKind": "namespace"}, {"_type": "tag", "name": "JsonData", "path": "/home/kavia/workspace/code-generation/app-gateway2/app-gateway/interfaces/json/JsonData_AppGatewayResolver.h", "pattern": "/^namespace JsonData {$/", "language": "C++", "kind": "namespace", "scope": "WPEFramework::Exchange", "scopeKind": "namespace"}, {"_type": "tag", "name": "WPEFramework", "path": "/home/kavia/workspace/code-generation/app-gateway2/app-gateway/interfaces/json/JsonData_AppGatewayResolver.h", "pattern": "/^namespace WPEFramework {$/", "language": "C++", "kind": "namespace"}], "hash": "7336c0bcc14d23bdd308ba8ea8a71511", "format-version": 4, "code-base-name": "app-gateway2", "filename": "app-gateway/interfaces/json/JsonData_AppGatewayResolver.h", "revision_history": [{"791": ""}]}