{"is_source_file": false, "format": "", "description": "", "external_files": [], "external_methods": [], "published": [], "classes": [], "methods": [{"name": "void Register(PluginHost::JSONRPC &,IAppGateway *)", "scope": "WPEFramework::Exchange::JAppGateway", "scopeKind": "struct", "description": "unavailable"}, {"name": "void Unregister(PluginHost::JSONRPC &)", "scope": "WPEFramework::Exchange::JAppGateway", "scopeKind": "struct", "description": "unavailable"}], "calls": [], "search-terms": [], "state": 2, "file_id": 188, "knowledge_revision": 587, "git_revision": "", "ctags": [{"_type": "tag", "name": "Exchange", "path": "/home/kavia/workspace/code-generation/app-gateway2/app-gateway/interfaces/json/JAppGateway.h", "pattern": "/^namespace Exchange {$/", "language": "C++", "kind": "namespace", "scope": "WPEFramework", "scopeKind": "namespace"}, {"_type": "tag", "name": "JAppGateway", "path": "/home/kavia/workspace/code-generation/app-gateway2/app-gateway/interfaces/json/JAppGateway.h", "pattern": "/^    struct JAppGateway {$/", "language": "C++", "kind": "struct", "scope": "WPEFramework::Exchange", "scopeKind": "namespace"}, {"_type": "tag", "name": "PluginHost", "path": "/home/kavia/workspace/code-generation/app-gateway2/app-gateway/interfaces/json/JAppGateway.h", "pattern": "/^namespace PluginHost {$/", "language": "C++", "kind": "namespace", "scope": "WPEFramework", "scopeKind": "namespace"}, {"_type": "tag", "name": "Register", "path": "/home/kavia/workspace/code-generation/app-gateway2/app-gateway/interfaces/json/JAppGateway.h", "pattern": "/^        static void Register(PluginHost::JSONRPC& \\/*parent*\\/, IAppGateway* \\/*api*\\/) {$/", "language": "C++", "typeref": "typename:void", "kind": "function", "signature": "(PluginHost::JSONRPC &,IAppGateway *)", "scope": "WPEFramework::Exchange::JAppGateway", "scopeKind": "struct"}, {"_type": "tag", "name": "Unregister", "path": "/home/kavia/workspace/code-generation/app-gateway2/app-gateway/interfaces/json/JAppGateway.h", "pattern": "/^        static void Unregister(PluginHost::JSONRPC& \\/*parent*\\/) {$/", "language": "C++", "typeref": "typename:void", "kind": "function", "signature": "(PluginHost::JSONRPC &)", "scope": "WPEFramework::Exchange::JAppGateway", "scopeKind": "struct"}, {"_type": "tag", "name": "WPEFramework", "path": "/home/kavia/workspace/code-generation/app-gateway2/app-gateway/interfaces/json/JAppGateway.h", "pattern": "/^namespace WPEFramework {$/", "language": "C++", "kind": "namespace"}], "hash": "50f86443743ad9a313e976544a6c8bfa", "format-version": 4, "code-base-name": "app-gateway2", "filename": "app-gateway/interfaces/json/JAppGateway.h", "revision_history": [{"587": ""}]}