{"is_source_file": false, "format": "", "description": "", "external_files": [], "external_methods": [], "published": [], "classes": [], "methods": [], "calls": [], "search-terms": [], "state": 2, "file_id": 236, "knowledge_revision": 758, "git_revision": "727800fc84f5393f5ac231785d3764465fe20036", "ctags": [{"_type": "tag", "name": "EXTERNAL", "path": "/home/kavia/workspace/code-generation/app-gateway2/app-gateway/LaunchDelegate/Module.h", "pattern": "/^#define EXTERNAL$/", "language": "C++", "kind": "macro"}, {"_type": "tag", "name": "MODULE_NAME", "path": "/home/kavia/workspace/code-generation/app-gateway2/app-gateway/LaunchDelegate/Module.h", "pattern": "/^#define MODULE_NAME /", "language": "C++", "kind": "macro"}], "hash": "16c0bc19e5dabed2770c8fdfd359db84", "format-version": 4, "code-base-name": "app-gateway2", "filename": "app-gateway/LaunchDelegate/Module.h", "revision_history": [{"758": "727800fc84f5393f5ac231785d3764465fe20036"}]}