{"is_source_file": true, "format": "C++ header file", "description": "This file is a minimal placeholder header for Thunder-generated JsonData_AppGateway interfaces, used in WPEFramework. It defines nested namespaces but contains no classes or methods.", "external_files": [], "external_methods": [], "published": [], "classes": [], "methods": [], "calls": [], "search-terms": ["JsonData_AppGateway", "Thunder", "WPEFramework", "interface", "placeholder"], "state": 2, "file_id": 189, "knowledge_revision": 590, "git_revision": "", "ctags": [{"_type": "tag", "name": "AppGateway", "path": "/home/kavia/workspace/code-generation/app-gateway2/app-gateway/interfaces/json/JsonData_AppGateway.h", "pattern": "/^namespace AppGateway {$/", "language": "C++", "kind": "namespace", "scope": "WPEFramework::Exchange::JsonData", "scopeKind": "namespace"}, {"_type": "tag", "name": "Exchange", "path": "/home/kavia/workspace/code-generation/app-gateway2/app-gateway/interfaces/json/JsonData_AppGateway.h", "pattern": "/^namespace Exchange {$/", "language": "C++", "kind": "namespace", "scope": "WPEFramework", "scopeKind": "namespace"}, {"_type": "tag", "name": "JsonData", "path": "/home/kavia/workspace/code-generation/app-gateway2/app-gateway/interfaces/json/JsonData_AppGateway.h", "pattern": "/^namespace JsonData {$/", "language": "C++", "kind": "namespace", "scope": "WPEFramework::Exchange", "scopeKind": "namespace"}, {"_type": "tag", "name": "WPEFramework", "path": "/home/kavia/workspace/code-generation/app-gateway2/app-gateway/interfaces/json/JsonData_AppGateway.h", "pattern": "/^namespace WPEFramework {$/", "language": "C++", "kind": "namespace"}], "hash": "a16fd8f3d57751ad772f2ca23b1b3b4c", "format-version": 4, "code-base-name": "app-gateway2", "filename": "app-gateway/interfaces/json/JsonData_AppGateway.h", "revision_history": [{"590": ""}]}