{"is_source_file": false, "format": "", "description": "", "external_files": [], "external_methods": [], "published": [], "classes": [], "methods": [], "calls": [], "search-terms": [], "state": 2, "file_id": 226, "knowledge_revision": 748, "git_revision": "727800fc84f5393f5ac231785d3764465fe20036", "hash": "753bd4403193cee1fc2800a69118e4d3", "format-version": 4, "code-base-name": "app-gateway2", "filename": "app-gateway/LaunchDelegate/resolutions/resolutions.json", "revision_history": [{"748": "727800fc84f5393f5ac231785d3764465fe20036"}]}