{"is_source_file": false, "format": "", "description": "", "external_files": [], "external_methods": [], "published": [], "classes": [], "methods": [], "calls": [], "search-terms": [], "state": 2, "file_id": 129, "knowledge_revision": 410, "git_revision": "758c7387764e198c832ddc6c3181fe4b0fbf5555", "ctags": [{"_type": "tag", "name": "OTTSERVICES_MAJOR_VERSION", "path": "/home/kavia/workspace/code-generation/app-gateway2/app-gateway/OttServices/Version.h", "pattern": "/^#define OTTSERVICES_MAJOR_VERSION /", "language": "C++", "kind": "macro"}, {"_type": "tag", "name": "OTTSERVICES_MINOR_VERSION", "path": "/home/kavia/workspace/code-generation/app-gateway2/app-gateway/OttServices/Version.h", "pattern": "/^#define OTTSERVICES_MINOR_VERSION /", "language": "C++", "kind": "macro"}, {"_type": "tag", "name": "OTTSERVICES_PATCH_VERSION", "path": "/home/kavia/workspace/code-generation/app-gateway2/app-gateway/OttServices/Version.h", "pattern": "/^#define OTTSERVICES_PATCH_VERSION /", "language": "C++", "kind": "macro"}], "hash": "659dfec93c5ed8db73e0d4d5c5c50372", "format-version": 4, "code-base-name": "app-gateway2", "filename": "app-gateway/OttServices/Version.h", "revision_history": [{"410": "758c7387764e198c832ddc6c3181fe4b0fbf5555"}]}