{"is_source_file": true, "format": "C++ header file", "description": "This file defines the AppGateway class, which implements a plugin interface for a JSONRPC communication channel in the WPEFramework plugin framework. It declares class members, constructors, destructors, and interface implementations, along with relevant includes and namespace encapsulation.", "external_files": ["Module.h", "IAppGateway.h"], "external_methods": ["PluginHost::IPlugin::Initialize", "PluginHost::IPlugin::Deinitialize", "PluginHost::JSONRPC::Notify", "PluginHost::IDispatcher", "Exchange::IAppGateway"], "published": ["AppGateway"], "classes": [{"name": "AppGateway", "description": "A plugin class implementing JSONRPC communication for an application gateway in the WPEFramework."}], "methods": [{"name": "Initialize", "description": "Initializes the plugin with the given service shell."}, {"name": "Deinitialize", "description": "Deinitializes the plugin, performing cleanup."}, {"name": "string Information() const", "description": "Returns plugin information as a string (currently empty).", "scope": "WPEFramework::Plugin::AppGateway", "scopeKind": "class"}, {"name": "Deactivated", "description": "Handles cleanup when a remote connection is deactivated."}], "calls": ["PluginHost::IPlugin::Initialize", "PluginHost::IPlugin::Deinitialize", "PluginHost::JSONRPC::Notify"], "search-terms": ["AppGateway", "JSONRPC", "IPlugin", "IAppGateway", "WPEFramework"], "state": 2, "file_id": 22, "knowledge_revision": 901, "git_revision": "727800fc84f5393f5ac231785d3764465fe20036", "revision_history": [{"46": "2716c672eb9834bc1b267530d5c0eaf9087df9c6"}, {"136": "2716c672eb9834bc1b267530d5c0eaf9087df9c6"}, {"137": "2716c672eb9834bc1b267530d5c0eaf9087df9c6"}, {"642": "29a5080329e5f08afebd86bd055b5f6119b1301a"}, {"712": "727800fc84f5393f5ac231785d3764465fe20036"}, {"901": "727800fc84f5393f5ac231785d3764465fe20036"}], "ctags": [{"_type": "tag", "name": "AppGateway", "path": "/home/kavia/workspace/code-generation/app-gateway2/app-gateway/AppGateway/AppGateway.h", "pattern": "/^        class AppGateway : public PluginHost::IPlugin, public PluginHost::JSONRPC {$/", "language": "C++", "kind": "class", "scope": "WPEFramework::Plugin", "scopeKind": "namespace"}, {"_type": "tag", "name": "Information", "path": "/home/kavia/workspace/code-generation/app-gateway2/app-gateway/AppGateway/AppGateway.h", "pattern": "/^            virtual string Information() const override { return {}; }$/", "language": "C++", "typeref": "typename:string", "kind": "function", "signature": "() const", "scope": "WPEFramework::Plugin::AppGateway", "scopeKind": "class"}, {"_type": "tag", "name": "Plugin", "path": "/home/kavia/workspace/code-generation/app-gateway2/app-gateway/AppGateway/AppGateway.h", "pattern": "/^    namespace Plugin {$/", "language": "C++", "kind": "namespace", "scope": "WPEFramework", "scopeKind": "namespace"}, {"_type": "tag", "name": "WPEFramework", "path": "/home/kavia/workspace/code-generation/app-gateway2/app-gateway/AppGateway/AppGateway.h", "pattern": "/^namespace WPEFramework {$/", "language": "C++", "kind": "namespace"}, {"_type": "tag", "name": "mAppGateway", "path": "/home/kavia/workspace/code-generation/app-gateway2/app-gateway/AppGateway/AppGateway.h", "pattern": "/^            Exchange::IAppGateway* mAppGateway;$/", "language": "C++", "typeref": "typename:Exchange::IAppGateway *", "kind": "member", "scope": "WPEFramework::Plugin::AppGateway", "scopeKind": "class"}, {"_type": "tag", "name": "mConnectionId", "path": "/home/kavia/workspace/code-generation/app-gateway2/app-gateway/AppGateway/AppGateway.h", "pattern": "/^            uint32_t mConnectionId;$/", "language": "C++", "typeref": "typename:uint32_t", "kind": "member", "scope": "WPEFramework::Plugin::AppGateway", "scopeKind": "class"}, {"_type": "tag", "name": "mService", "path": "/home/kavia/workspace/code-generation/app-gateway2/app-gateway/AppGateway/AppGateway.h", "pattern": "/^            PluginHost::IShell* mService;$/", "language": "C++", "typeref": "typename:PluginHost::IShell *", "kind": "member", "scope": "WPEFramework::Plugin::AppGateway", "scopeKind": "class"}], "hash": "bf34898e1842905bb77e4bd460ce2515", "format-version": 4, "code-base-name": "app-gateway2", "filename": "app-gateway/AppGateway/AppGateway.h", "fields": [{"name": "Exchange::IAppGateway * mAppGateway", "scope": "WPEFramework::Plugin::AppGateway", "scopeKind": "class", "description": "unavailable"}, {"name": "uint32_t mConnectionId", "scope": "WPEFramework::Plugin::AppGateway", "scopeKind": "class", "description": "unavailable"}, {"name": "PluginHost::IShell * mService", "scope": "WPEFramework::Plugin::AppGateway", "scopeKind": "class", "description": "unavailable"}]}