{"is_source_file": true, "format": "C++ header file", "description": "This file declares the AppNotificationsImplementation class within the WPEFramework::Plugin namespace, which implements notification and configuration interfaces for app notifications, manages subscriber mappings, handles Thunder subscription events, and dispatches notifications.", "external_files": ["Module.h", "<interfaces/IAppGateway.h>", "<interfaces/IAppNotifications.h>", "<interfaces/IConfiguration.h>", "UtilsLogging.h", "ThunderUtils.h", "ContextUtils.h", "UtilsCallsign.h"], "external_methods": ["ThunderUtils::getThunderControllerClient()", "mParent.mSubMap.EventUpdate()", "mParent.mThunderManager.Subscribe()", "mParent.mThunderManager.Unsubscribe()"], "published": ["Exchange::IAppNotifications", "Exchange::IConfiguration"], "classes": [{"name": "AppNotificationsImplementation", "description": "Main class implementing app notification and configuration functionalities, managing subscriptions, notifications, and Thunder event handling."}, {"name": "AppNotificationsImplementation::SubscriberMap", "description": "Manages subscriber mappings, adding/removing subscribers, event updates, and dispatching notifications."}, {"name": "AppNotificationsImplementation::ThunderSubscriptionManager", "description": "Handles Thunder event subscription and unsubscription, tracks registered notifications."}, {"name": "AppNotificationsImplementation::SubscriberJob", "description": "Represents a scheduled job for subscribing or unsubscribing from notifications."}, {"name": "AppNotificationsImplementation::EmitJob", "description": "Represents a scheduled job for emitting notifications."}], "methods": [{"name": "Subscribe", "description": "Subscribes to specific app notifications based on context, module, and event."}, {"name": "Emit", "description": "Emits a notification with specified event, payload, and application ID."}, {"name": "Cleanup", "description": "Cleans up notifications associated with a specific connection ID and origin."}, {"name": "Configure", "description": "Configures the plugin shell environment."}, {"name": "Core::ProxyType<Core::IDispatch> Create(AppNotificationsImplementation * parent,const string & event,const string & payload,const string & appId)", "scope": "WPEFramework::Plugin::AppNotificationsImplementation::EmitJob", "scopeKind": "class", "description": "unavailable"}, {"name": "Core::ProxyType<Core::IDispatch> Create(AppNotificationsImplementation * parent,const string & module,const string & event,const bool subscribe)", "scope": "WPEFramework::Plugin::AppNotificationsImplementation::SubscriberJob", "scopeKind": "class", "description": "unavailable"}, {"name": "void Dispatch()", "scope": "WPEFramework::Plugin::AppNotificationsImplementation::SubscriberJob", "scopeKind": "class", "description": "unavailable"}, {"name": "EmitJob(AppNotificationsImplementation * delegate,const string & event,const string & payload,const string & appId)", "scope": "WPEFramework::Plugin::AppNotificationsImplementation::EmitJob", "scopeKind": "class", "description": "unavailable"}, {"name": "SubscriberJob(AppNotificationsImplementation * delegate,const string & module,const string & event,const bool subscribe)", "scope": "WPEFramework::Plugin::AppNotificationsImplementation::SubscriberJob", "scopeKind": "class", "description": "unavailable"}, {"name": "SubscriberMap(AppNotificationsImplementation & parent)", "scope": "WPEFramework::Plugin::AppNotificationsImplementation::SubscriberMap", "scopeKind": "class", "description": "unavailable"}, {"name": "ThunderSubscriptionManager(AppNotificationsImplementation & parent)", "scope": "WPEFramework::Plugin::AppNotificationsImplementation::ThunderSubscriptionManager", "scopeKind": "class", "description": "unavailable"}, {"name": "~EmitJob()", "scope": "WPEFramework::Plugin::AppNotificationsImplementation::EmitJob", "scopeKind": "class", "description": "unavailable"}, {"name": "~SubscriberJob()", "scope": "WPEFramework::Plugin::AppNotificationsImplementation::SubscriberJob", "scopeKind": "class", "description": "unavailable"}, {"name": "~SubscriberMap()", "scope": "WPEFramework::Plugin::AppNotificationsImplementation::SubscriberMap", "scopeKind": "class", "description": "unavailable"}, {"name": "~ThunderSubscriptionManager()", "scope": "WPEFramework::Plugin::AppNotificationsImplementation::ThunderSubscriptionManager", "scopeKind": "class", "description": "unavailable"}], "calls": ["ThunderUtils::getThunderControllerClient()", "mParent.mSubMap.EventUpdate()", "mParent.mThunderManager.Subscribe()", "mParent.mThunderManager.Unsubscribe()"], "search-terms": ["AppNotificationsImplementation", "ThunderSubscriptionManager", "SubscriberMap", "EventUpdate", "Emit", "Configure", "AppNotificationContext", "IAppNotifications", "IConfiguration"], "state": 2, "file_id": 251, "knowledge_revision": 832, "git_revision": "f1974340ca5df4b8185ade381a20b29035080832", "ctags": [{"_type": "tag", "name": "AppNotificationsImplementation", "path": "/home/kavia/workspace/code-generation/app-gateway2/app-gateway/AppNotifications/AppNotificationsImplementation.h", "pattern": "/^    class AppNotificationsImplementation : public Exchange::IAppNotifications, public Exchange::/", "language": "C++", "kind": "class", "scope": "WPEFramework::Plugin", "scopeKind": "namespace"}, {"_type": "tag", "name": "Create", "path": "/home/kavia/workspace/code-generation/app-gateway2/app-gateway/AppNotifications/AppNotificationsImplementation.h", "pattern": "/^                static Core::ProxyType<Core::IDispatch> Create(AppNotificationsImplementation *p/", "language": "C++", "typeref": "typename:Core::ProxyType<Core::IDispatch>", "kind": "function", "signature": "(AppNotificationsImplementation * parent,const string & event,const string & payload,const string & appId)", "scope": "WPEFramework::Plugin::AppNotificationsImplementation::EmitJob", "scopeKind": "class"}, {"_type": "tag", "name": "Create", "path": "/home/kavia/workspace/code-generation/app-gateway2/app-gateway/AppNotifications/AppNotificationsImplementation.h", "pattern": "/^                static Core::ProxyType<Core::IDispatch> Create(AppNotificationsImplementation *p/", "language": "C++", "typeref": "typename:Core::ProxyType<Core::IDispatch>", "kind": "function", "signature": "(AppNotificationsImplementation * parent,const string & module,const string & event,const bool subscribe)", "scope": "WPEFramework::Plugin::AppNotificationsImplementation::SubscriberJob", "scopeKind": "class"}, {"_type": "tag", "name": "Dispatch", "path": "/home/kavia/workspace/code-generation/app-gateway2/app-gateway/AppNotifications/AppNotificationsImplementation.h", "pattern": "/^                virtual void Dispatch()$/", "language": "C++", "typeref": "typename:void", "kind": "function", "signature": "()", "scope": "WPEFramework::Plugin::AppNotificationsImplementation::EmitJob", "scopeKind": "class"}, {"_type": "tag", "name": "Dispatch", "path": "/home/kavia/workspace/code-generation/app-gateway2/app-gateway/AppNotifications/AppNotificationsImplementation.h", "pattern": "/^                virtual void Dispatch()$/", "language": "C++", "typeref": "typename:void", "kind": "function", "signature": "()", "scope": "WPEFramework::Plugin::AppNotificationsImplementation::SubscriberJob", "scopeKind": "class"}, {"_type": "tag", "name": "EmitJob", "path": "/home/kavia/workspace/code-generation/app-gateway2/app-gateway/AppNotifications/AppNotificationsImplementation.h", "pattern": "/^                EmitJob(AppNotificationsImplementation* delegate, const string& event, const str/", "language": "C++", "kind": "function", "signature": "(AppNotificationsImplementation * delegate,const string & event,const string & payload,const string & appId)", "scope": "WPEFramework::Plugin::AppNotificationsImplementation::EmitJob", "scopeKind": "class"}, {"_type": "tag", "name": "EmitJob", "path": "/home/kavia/workspace/code-generation/app-gateway2/app-gateway/AppNotifications/AppNotificationsImplementation.h", "pattern": "/^        class EXTERNAL EmitJob : public Core::IDispatch $/", "language": "C++", "kind": "class", "scope": "WPEFramework::Plugin::AppNotificationsImplementation", "scopeKind": "class"}, {"_type": "tag", "name": "HANDLE_NOTIFIER_SUFFIX", "path": "/home/kavia/workspace/code-generation/app-gateway2/app-gateway/AppNotifications/AppNotificationsImplementation.h", "pattern": "/^#define HANDLE_NOTIFIER_SUFFIX /", "language": "C++", "kind": "macro"}, {"_type": "tag", "name": "Plugin", "path": "/home/kavia/workspace/code-generation/app-gateway2/app-gateway/AppNotifications/AppNotificationsImplementation.h", "pattern": "/^namespace Plugin {$/", "language": "C++", "kind": "namespace", "scope": "WPEFramework", "scopeKind": "namespace"}, {"_type": "tag", "name": "SubscriberJob", "path": "/home/kavia/workspace/code-generation/app-gateway2/app-gateway/AppNotifications/AppNotificationsImplementation.h", "pattern": "/^                SubscriberJob(AppNotificationsImplementation* delegate, const string& module, co/", "language": "C++", "kind": "function", "signature": "(AppNotificationsImplementation * delegate,const string & module,const string & event,const bool subscribe)", "scope": "WPEFramework::Plugin::AppNotificationsImplementation::SubscriberJob", "scopeKind": "class"}, {"_type": "tag", "name": "SubscriberJob", "path": "/home/kavia/workspace/code-generation/app-gateway2/app-gateway/AppNotifications/AppNotificationsImplementation.h", "pattern": "/^        class EXTERNAL SubscriberJob : public Core::IDispatch $/", "language": "C++", "kind": "class", "scope": "WPEFramework::Plugin::AppNotificationsImplementation", "scopeKind": "class"}, {"_type": "tag", "name": "SubscriberMap", "path": "/home/kavia/workspace/code-generation/app-gateway2/app-gateway/AppNotifications/AppNotificationsImplementation.h", "pattern": "/^            SubscriberMap(AppNotificationsImplementation& parent) : mParent(parent),$/", "language": "C++", "kind": "function", "signature": "(AppNotificationsImplementation & parent)", "scope": "WPEFramework::Plugin::AppNotificationsImplementation::SubscriberMap", "scopeKind": "class"}, {"_type": "tag", "name": "SubscriberMap", "path": "/home/kavia/workspace/code-generation/app-gateway2/app-gateway/AppNotifications/AppNotificationsImplementation.h", "pattern": "/^        class SubscriberMap {$/", "language": "C++", "kind": "class", "scope": "WPEFramework::Plugin::AppNotificationsImplementation", "scopeKind": "class"}, {"_type": "tag", "name": "ThunderSubscriptionManager", "path": "/home/kavia/workspace/code-generation/app-gateway2/app-gateway/AppNotifications/AppNotificationsImplementation.h", "pattern": "/^                ThunderSubscriptionManager(AppNotificationsImplementation& parent) : mParent(par/", "language": "C++", "kind": "function", "signature": "(AppNotificationsImplementation & parent)", "scope": "WPEFramework::Plugin::AppNotificationsImplementation::ThunderSubscriptionManager", "scopeKind": "class"}, {"_type": "tag", "name": "ThunderSubscriptionManager", "path": "/home/kavia/workspace/code-generation/app-gateway2/app-gateway/AppNotifications/AppNotificationsImplementation.h", "pattern": "/^        class ThunderSubscriptionManager {$/", "language": "C++", "kind": "class", "scope": "WPEFramework::Plugin::AppNotificationsImplementation", "scopeKind": "class"}, {"_type": "tag", "name": "WPEFramework", "path": "/home/kavia/workspace/code-generation/app-gateway2/app-gateway/AppNotifications/AppNotificationsImplementation.h", "pattern": "/^namespace WPEFramework {$/", "language": "C++", "kind": "namespace"}, {"_type": "tag", "name": "mAppGateway", "path": "/home/kavia/workspace/code-generation/app-gateway2/app-gateway/AppNotifications/AppNotificationsImplementation.h", "pattern": "/^            Exchange::IAppGatewayResponder *mAppGateway;$/", "language": "C++", "typeref": "typename:Exchange::IAppGatewayResponder *", "kind": "member", "scope": "WPEFramework::Plugin::AppNotificationsImplementation::SubscriberMap", "scopeKind": "class"}, {"_type": "tag", "name": "mAppId", "path": "/home/kavia/workspace/code-generation/app-gateway2/app-gateway/AppNotifications/AppNotificationsImplementation.h", "pattern": "/^                string mAppId;$/", "language": "C++", "typeref": "typename:string", "kind": "member", "scope": "WPEFramework::Plugin::AppNotificationsImplementation::EmitJob", "scopeKind": "class"}, {"_type": "tag", "name": "mEvent", "path": "/home/kavia/workspace/code-generation/app-gateway2/app-gateway/AppNotifications/AppNotificationsImplementation.h", "pattern": "/^                string mEvent;$/", "language": "C++", "typeref": "typename:string", "kind": "member", "scope": "WPEFramework::Plugin::AppNotificationsImplementation::EmitJob", "scopeKind": "class"}, {"_type": "tag", "name": "mEvent", "path": "/home/kavia/workspace/code-generation/app-gateway2/app-gateway/AppNotifications/AppNotificationsImplementation.h", "pattern": "/^                string mEvent;$/", "language": "C++", "typeref": "typename:string", "kind": "member", "scope": "WPEFramework::Plugin::AppNotificationsImplementation::SubscriberJob", "scopeKind": "class"}, {"_type": "tag", "name": "mInternalGatewayNotifier", "path": "/home/kavia/workspace/code-generation/app-gateway2/app-gateway/AppNotifications/AppNotificationsImplementation.h", "pattern": "/^            Exchange::IAppGatewayResponder *mInternalGatewayNotifier;$/", "language": "C++", "typeref": "typename:Exchange::IAppGatewayResponder *", "kind": "member", "scope": "WPEFramework::Plugin::AppNotificationsImplementation::SubscriberMap", "scopeKind": "class"}, {"_type": "tag", "name": "mModule", "path": "/home/kavia/workspace/code-generation/app-gateway2/app-gateway/AppNotifications/AppNotificationsImplementation.h", "pattern": "/^                string mModule;$/", "language": "C++", "typeref": "typename:string", "kind": "member", "scope": "WPEFramework::Plugin::AppNotificationsImplementation::SubscriberJob", "scopeKind": "class"}, {"_type": "tag", "name": "mParent", "path": "/home/kavia/workspace/code-generation/app-gateway2/app-gateway/AppNotifications/AppNotificationsImplementation.h", "pattern": "/^                AppNotificationsImplementation &mParent;$/", "language": "C++", "typeref": "typename:AppNotificationsImplementation &", "kind": "member", "scope": "WPEFramework::Plugin::AppNotificationsImplementation::EmitJob", "scopeKind": "class"}, {"_type": "tag", "name": "mParent", "path": "/home/kavia/workspace/code-generation/app-gateway2/app-gateway/AppNotifications/AppNotificationsImplementation.h", "pattern": "/^                AppNotificationsImplementation &mParent;$/", "language": "C++", "typeref": "typename:AppNotificationsImplementation &", "kind": "member", "scope": "WPEFramework::Plugin::AppNotificationsImplementation::SubscriberJob", "scopeKind": "class"}, {"_type": "tag", "name": "mParent", "path": "/home/kavia/workspace/code-generation/app-gateway2/app-gateway/AppNotifications/AppNotificationsImplementation.h", "pattern": "/^                AppNotificationsImplementation& mParent;$/", "language": "C++", "typeref": "typename:AppNotificationsImplementation &", "kind": "member", "scope": "WPEFramework::Plugin::AppNotificationsImplementation::ThunderSubscriptionManager", "scopeKind": "class"}, {"_type": "tag", "name": "mParent", "path": "/home/kavia/workspace/code-generation/app-gateway2/app-gateway/AppNotifications/AppNotificationsImplementation.h", "pattern": "/^            AppNotificationsImplementation& mParent;$/", "language": "C++", "typeref": "typename:AppNotificationsImplementation &", "kind": "member", "scope": "WPEFramework::Plugin::AppNotificationsImplementation::SubscriberMap", "scopeKind": "class"}, {"_type": "tag", "name": "mPayload", "path": "/home/kavia/workspace/code-generation/app-gateway2/app-gateway/AppNotifications/AppNotificationsImplementation.h", "pattern": "/^                string mPayload;$/", "language": "C++", "typeref": "typename:string", "kind": "member", "scope": "WPEFramework::Plugin::AppNotificationsImplementation::EmitJob", "scopeKind": "class"}, {"_type": "tag", "name": "mRegisteredNotifications", "path": "/home/kavia/workspace/code-generation/app-gateway2/app-gateway/AppNotifications/AppNotificationsImplementation.h", "pattern": "/^                std::vector<string> mRegisteredNotifications;$/", "language": "C++", "typeref": "typename:std::vector<string>", "kind": "member", "scope": "WPEFramework::Plugin::AppNotificationsImplementation::ThunderSubscriptionManager", "scopeKind": "class"}, {"_type": "tag", "name": "mShell", "path": "/home/kavia/workspace/code-generation/app-gateway2/app-gateway/AppNotifications/AppNotificationsImplementation.h", "pattern": "/^        PluginHost::IShell* mShell;$/", "language": "C++", "typeref": "typename:PluginHost::IShell *", "kind": "member", "scope": "WPEFramework::Plugin::AppNotificationsImplementation", "scopeKind": "class"}, {"_type": "tag", "name": "mSubMap", "path": "/home/kavia/workspace/code-generation/app-gateway2/app-gateway/AppNotifications/AppNotificationsImplementation.h", "pattern": "/^        SubscriberMap mSubMap;$/", "language": "C++", "typeref": "typename:SubscriberMap", "kind": "member", "scope": "WPEFramework::Plugin::AppNotificationsImplementation", "scopeKind": "class"}, {"_type": "tag", "name": "mSubscribe", "path": "/home/kavia/workspace/code-generation/app-gateway2/app-gateway/AppNotifications/AppNotificationsImplementation.h", "pattern": "/^                bool mSubscribe;$/", "language": "C++", "typeref": "typename:bool", "kind": "member", "scope": "WPEFramework::Plugin::AppNotificationsImplementation::SubscriberJob", "scopeKind": "class"}, {"_type": "tag", "name": "mSubscriberMutex", "path": "/home/kavia/workspace/code-generation/app-gateway2/app-gateway/AppNotifications/AppNotificationsImplementation.h", "pattern": "/^            mutable std::mutex mSubscriberMutex;$/", "language": "C++", "typeref": "typename:std::mutex", "kind": "member", "scope": "WPEFramework::Plugin::AppNotificationsImplementation::SubscriberMap", "scopeKind": "class"}, {"_type": "tag", "name": "mSubscribers", "path": "/home/kavia/workspace/code-generation/app-gateway2/app-gateway/AppNotifications/AppNotificationsImplementation.h", "pattern": "/^            std::map<string, std::vector<Exchange::IAppNotifications::AppNotificationContext>> m/", "language": "C++", "typeref": "typename:std::map<string,std::vector<Exchange::IAppNotifications::AppNotificationContext>>", "kind": "member", "scope": "WPEFramework::Plugin::AppNotificationsImplementation::SubscriberMap", "scopeKind": "class"}, {"_type": "tag", "name": "mThunderClient", "path": "/home/kavia/workspace/code-generation/app-gateway2/app-gateway/AppNotifications/AppNotificationsImplementation.h", "pattern": "/^                std::shared_ptr<WPEFramework::JSONRPC::LinkType<WPEFramework::Core::JSON::IEleme/", "language": "C++", "typeref": "typename:std::shared_ptr<WPEFramework::JSONRPC::LinkType<WPEFramework::Core::JSON::IElement>>", "kind": "member", "scope": "WPEFramework::Plugin::AppNotificationsImplementation::ThunderSubscriptionManager", "scopeKind": "class"}, {"_type": "tag", "name": "mThunderManager", "path": "/home/kavia/workspace/code-generation/app-gateway2/app-gateway/AppNotifications/AppNotificationsImplementation.h", "pattern": "/^        ThunderSubscriptionManager mThunderManager;$/", "language": "C++", "typeref": "typename:ThunderSubscriptionManager", "kind": "member", "scope": "WPEFramework::Plugin::AppNotificationsImplementation", "scopeKind": "class"}, {"_type": "tag", "name": "mThunderSubscriberMutex", "path": "/home/kavia/workspace/code-generation/app-gateway2/app-gateway/AppNotifications/AppNotificationsImplementation.h", "pattern": "/^                mutable std::mutex mThunderSubscriberMutex;$/", "language": "C++", "typeref": "typename:std::mutex", "kind": "member", "scope": "WPEFramework::Plugin::AppNotificationsImplementation::ThunderSubscriptionManager", "scopeKind": "class"}, {"_type": "tag", "name": "~EmitJob", "path": "/home/kavia/workspace/code-generation/app-gateway2/app-gateway/AppNotifications/AppNotificationsImplementation.h", "pattern": "/^                ~EmitJob()$/", "language": "C++", "kind": "function", "signature": "()", "scope": "WPEFramework::Plugin::AppNotificationsImplementation::EmitJob", "scopeKind": "class"}, {"_type": "tag", "name": "~SubscriberJob", "path": "/home/kavia/workspace/code-generation/app-gateway2/app-gateway/AppNotifications/AppNotificationsImplementation.h", "pattern": "/^                ~SubscriberJob()$/", "language": "C++", "kind": "function", "signature": "()", "scope": "WPEFramework::Plugin::AppNotificationsImplementation::SubscriberJob", "scopeKind": "class"}, {"_type": "tag", "name": "~SubscriberMap", "path": "/home/kavia/workspace/code-generation/app-gateway2/app-gateway/AppNotifications/AppNotificationsImplementation.h", "pattern": "/^            ~SubscriberMap() {$/", "language": "C++", "kind": "function", "signature": "()", "scope": "WPEFramework::Plugin::AppNotificationsImplementation::SubscriberMap", "scopeKind": "class"}, {"_type": "tag", "name": "~ThunderSubscriptionManager", "path": "/home/kavia/workspace/code-generation/app-gateway2/app-gateway/AppNotifications/AppNotificationsImplementation.h", "pattern": "/^                ~ThunderSubscriptionManager() {$/", "language": "C++", "kind": "function", "signature": "()", "scope": "WPEFramework::Plugin::AppNotificationsImplementation::ThunderSubscriptionManager", "scopeKind": "class"}], "hash": "1b6513d6260feb2102ae7034cb63f4b3", "format-version": 4, "code-base-name": "app-gateway2", "filename": "app-gateway/AppNotifications/AppNotificationsImplementation.h", "fields": [{"name": "Exchange::IAppGatewayResponder * mAppGateway", "scope": "WPEFramework::Plugin::AppNotificationsImplementation::SubscriberMap", "scopeKind": "class", "description": "unavailable"}, {"name": "string mAppId", "scope": "WPEFramework::Plugin::AppNotificationsImplementation::EmitJob", "scopeKind": "class", "description": "unavailable"}, {"name": "string mEvent", "scope": "WPEFramework::Plugin::AppNotificationsImplementation::EmitJob", "scopeKind": "class", "description": "unavailable"}, {"name": "Exchange::IAppGatewayResponder * mInternalGatewayNotifier", "scope": "WPEFramework::Plugin::AppNotificationsImplementation::SubscriberMap", "scopeKind": "class", "description": "unavailable"}, {"name": "string mModule", "scope": "WPEFramework::Plugin::AppNotificationsImplementation::SubscriberJob", "scopeKind": "class", "description": "unavailable"}, {"name": "AppNotificationsImplementation & mParent", "scope": "WPEFramework::Plugin::AppNotificationsImplementation::EmitJob", "scopeKind": "class", "description": "unavailable"}, {"name": "string mPayload", "scope": "WPEFramework::Plugin::AppNotificationsImplementation::EmitJob", "scopeKind": "class", "description": "unavailable"}, {"name": "std::vector<string> mRegisteredNotifications", "scope": "WPEFramework::Plugin::AppNotificationsImplementation::ThunderSubscriptionManager", "scopeKind": "class", "description": "unavailable"}, {"name": "PluginHost::IShell * mShell", "scope": "WPEFramework::Plugin::AppNotificationsImplementation", "scopeKind": "class", "description": "unavailable"}, {"name": "SubscriberMap mSubMap", "scope": "WPEFramework::Plugin::AppNotificationsImplementation", "scopeKind": "class", "description": "unavailable"}, {"name": "bool mSubscribe", "scope": "WPEFramework::Plugin::AppNotificationsImplementation::SubscriberJob", "scopeKind": "class", "description": "unavailable"}, {"name": "std::mutex mSubscriberMutex", "scope": "WPEFramework::Plugin::AppNotificationsImplementation::SubscriberMap", "scopeKind": "class", "description": "unavailable"}, {"name": "std::map<string,std::vector<Exchange::IAppNotifications::AppNotificationContext>> mSubscribers", "scope": "WPEFramework::Plugin::AppNotificationsImplementation::SubscriberMap", "scopeKind": "class", "description": "unavailable"}, {"name": "std::shared_ptr<WPEFramework::JSONRPC::LinkType<WPEFramework::Core::JSON::IElement>> mThunderClient", "scope": "WPEFramework::Plugin::AppNotificationsImplementation::ThunderSubscriptionManager", "scopeKind": "class", "description": "unavailable"}, {"name": "ThunderSubscriptionManager mThunderManager", "scope": "WPEFramework::Plugin::AppNotificationsImplementation", "scopeKind": "class", "description": "unavailable"}, {"name": "std::mutex mThunderSubscriberMutex", "scope": "WPEFramework::Plugin::AppNotificationsImplementation::ThunderSubscriptionManager", "scopeKind": "class", "description": "unavailable"}], "revision_history": [{"832": "f1974340ca5df4b8185ade381a20b29035080832"}]}