{"is_source_file": true, "format": "C++ header file", "description": "This file provides string utility functions, including conversion to lowercase and case-insensitive prefix matching, used in delegate operations.", "external_files": ["<string>", "<algorithm>"], "external_methods": ["::tolower"], "published": ["StringUtils::toLower", "StringUtils::rfindInsensitive"], "classes": [], "methods": [{"name": "std::string toLower(const std::string & s)", "description": "Converts a string to lowercase.", "scope": "StringUtils", "scopeKind": "namespace"}, {"name": "bool rfindInsensitive(const std::string & haystack,const std::string & needle)", "description": "Performs a case-insensitive prefix check on a string.", "scope": "StringUtils", "scopeKind": "namespace"}, {"name": "__anon1fc8fc580102(unsigned char c)", "scope": "StringUtils::toLower", "scopeKind": "function", "description": "unavailable"}], "calls": ["std::transform", "::tolower"], "search-terms": ["StringUtils", "case-insensitive", "string helpers", "toLower", "rfindInsensitive"], "state": 2, "file_id": 110, "knowledge_revision": 330, "git_revision": "", "ctags": [{"_type": "tag", "name": "StringUtils", "path": "/home/kavia/workspace/code-generation/app-gateway2/app-gateway/helpers/StringUtils.h", "pattern": "/^namespace StringUtils {$/", "language": "C++", "kind": "namespace"}, {"_type": "tag", "name": "__anon1fc8fc580102", "path": "/home/kavia/workspace/code-generation/app-gateway2/app-gateway/helpers/StringUtils.h", "pattern": "/^                       [](unsigned char c) { return static_cast<char>(::tolower(c)); });$/", "file": true, "language": "C++", "kind": "function", "signature": "(unsigned char c) ", "scope": "StringUtils::toLower", "scopeKind": "function"}, {"_type": "tag", "name": "rfindInsensitive", "path": "/home/kavia/workspace/code-generation/app-gateway2/app-gateway/helpers/StringUtils.h", "pattern": "/^    inline bool rfindInsensitive(const std::string& haystack, const std::string& needle) {$/", "language": "C++", "typeref": "typename:bool", "kind": "function", "signature": "(const std::string & haystack,const std::string & needle)", "scope": "StringUtils", "scopeKind": "namespace"}, {"_type": "tag", "name": "toLower", "path": "/home/kavia/workspace/code-generation/app-gateway2/app-gateway/helpers/StringUtils.h", "pattern": "/^    inline std::string toLower(const std::string& s) {$/", "language": "C++", "typeref": "typename:std::string", "kind": "function", "signature": "(const std::string & s)", "scope": "StringUtils", "scopeKind": "namespace"}], "hash": "5a7a25e2ce9c194737568b5001a21019", "format-version": 4, "code-base-name": "app-gateway2", "filename": "app-gateway/helpers/StringUtils.h", "revision_history": [{"330": ""}]}