{"is_source_file": false, "format": "", "description": "", "external_files": [], "external_methods": [], "published": [], "classes": [], "methods": [], "calls": [], "search-terms": [], "state": 2, "file_id": 246, "knowledge_revision": 795, "git_revision": "727800fc84f5393f5ac231785d3764465fe20036", "ctags": [], "hash": "b0d51b81049848bf01942aceb80c0ad9", "format-version": 4, "code-base-name": "app-gateway2", "filename": "app-gateway/interfaces/IApp2AppProvider.h", "revision_history": [{"795": "727800fc84f5393f5ac231785d3764465fe20036"}]}