{"is_source_file": true, "format": "C++", "description": "The file implements the AppGateway class for a plugin within the WPEFramework. It handles configuration, resolver initialization, WebSocket server setup, message dispatching, resolution processing, and interaction with other components such as notifications and providers.", "external_files": ["<string>", "<plugins/JSONRPC.h>", "<plugins/IShell.h>", "AppGatewayImplementation.h", "UtilsLogging.h", "ContextUtils.h", "ObjectUtils.h", "<fstream>", "<streambuf>", "UtilsConnections.h", "UtilsCallsign.h", "UtilsFirebolt.h"], "external_methods": ["Core::JSON::Container::Add", "Core::JSON::Container::FromString", "Core::JSON::Container::Elements", "Core::JSON::Container::Current", "Core::JSON::ArrayType<Core::JSON::String>::Elements", "Core::JSON::ArrayType<Core::JSON::String>::Value", "Core::OptionalType<Core::JSON::Error>::IsSet", "Core::OptionalType<Core::JSON::Error>::Value", "Core::NodeId::NodeId", "Core::hresult::operator!=", "Core::hresult::operator==", "Core::IWorkerPool::Instance", "Core::IWorkerPool::Submit", "Core::ERROR_NONE", "Core::ERROR_GENERAL", "Core::ERROR_BAD_REQUEST", "Core::ERROR_INTERNAL", "Core::ERROR_NOT_FOUND", "Core::JSON::Container::ToString", "JsonObject::FromString", "JsonObject::operator[]", "JsonObject::ToString", "ObjectUtils::HasBooleanEntry", "ObjectUtils::HasEntry", "ObjectUtils::HasNumericEntry", "ObjectUtils::HasStringEntry", "ContextUtils::ToGatewayContext", "ContextUtils::ConvertAppGatewayToProviderContext", "ContextUtils::ConvertAppGatewayToNotificationContext", "mService->QueryInterfaceByCallsign", "mService->Release", "mWsManager.SetMessageHandler", "mWsManager.SetAuthHandler", "mWsManager.SetDisconnectHandler", "mWsManager.Start", "mWsManager.Close", "mResolverPtr->LoadConfig", "mResolverPtr->ResolveAlias", "mResolverPtr->HasEvent", "mResolverPtr->HasProviderCapability", "mResolverPtr->HasComRpcRequestSupport", "mResolverPtr->CallThunderPlugin"], "published": ["AppGatewayImplementation"], "classes": [{"name": "ResolutionPaths", "description": "A JSON container class that manages the 'paths' configuration array for resolution paths in the app gateway configuration."}], "methods": [{"name": "Core::hresult Configure(Exchange::IAppGateway::IStringIterator * const & paths)", "description": "Initial setup for the AppGateway including resolver and websocket initialization.", "scope": "WPEFramework::Plugin::AppGatewayImplementation", "scopeKind": "class"}, {"name": "uint32_t InitializeResolver()", "description": "Reads config file, parses resolution paths, and sets up the resolver instance.", "scope": "WPEFramework::Plugin::AppGatewayImplementation", "scopeKind": "class"}, {"name": "uint32_t InitializeWebsocket()", "description": "Sets up the WebSocket server for the plugin, including message, auth, and disconnect handlers.", "scope": "WPEFramework::Plugin::AppGatewayImplementation", "scopeKind": "class"}, {"name": "uint32_t Configure(PluginHost::IShell * shell)", "description": "Overrides configuration with provided paths via IStringIterator.", "scope": "WPEFramework::Plugin::AppGatewayImplementation", "scopeKind": "class"}, {"name": "Core::hresult InternalResolutionConfigure(std::vector<std::string> configPaths)", "description": "Loads and applies configuration from multiple resolution paths with override semantics.", "scope": "WPEFramework::Plugin::AppGatewayImplementation", "scopeKind": "class"}, {"name": "Core::hresult Respond(const Context & context,const string & payload)", "description": "Handles response payloads to clients.", "scope": "WPEFramework::Plugin::AppGatewayImplementation", "scopeKind": "class"}, {"name": "Core::hresult Resolve(const Context & context,const string & method,const string & params)", "description": "Handles resolve requests for methods and parameters.", "scope": "WPEFramework::Plugin::AppGatewayImplementation", "scopeKind": "class"}, {"name": "Core::hresult InternalResolve(const Context & context,const string & method,const string & params,const string & origin)", "description": "Internal method to process resolution and send back responses.", "scope": "WPEFramework::Plugin::AppGatewayImplementation", "scopeKind": "class"}, {"name": "Core::hresult FetchResolvedData(const Context & context,const string & method,const string & params,const string & origin,string & resolution)", "description": "Performs actual resolution logic, including alias resolution and provider-specific handling.", "scope": "WPEFramework::Plugin::AppGatewayImplementation", "scopeKind": "class"}, {"name": "string UpdateContext(const Context & context,const string & method,const string & params)", "description": "Augments request parameters with connection and request context if needed.", "scope": "WPEFramework::Plugin::AppGatewayImplementation", "scopeKind": "class"}, {"name": "uint32_t ProcessComRpcRequest(const Context & context,const string & alias,const string & method,const string & params,string & resolution)", "description": "Attempts to invoke a COM RPC request handler for a given alias.", "scope": "WPEFramework::Plugin::AppGatewayImplementation", "scopeKind": "class"}, {"name": "uint32_t PreProcessEvent(const Context & context,const string & alias,const string & method,const string & origin,const string & params,string & resolution)", "description": "Prepares event data, checks for 'listen' parameter, and subscribes to notifications.", "scope": "WPEFramework::Plugin::AppGatewayImplementation", "scopeKind": "class"}, {"name": "uint32_t PreProcessProvider(const Context & context,const string & method,const string & params,const string & providerCapability,const ProviderMethodType & methodType,const string & origin,string & resolution)", "description": "Handles provider registration, invocation, and response processing based on provider method type.", "scope": "WPEFramework::Plugin::AppGatewayImplementation", "scopeKind": "class"}, {"name": "Core::hresult HandleEvent(const Context & context,const string & alias,const string & event,const string & origin,const bool listen)", "description": "Subscribes or unsubscribes to an event notification.", "scope": "WPEFramework::Plugin::AppGatewayImplementation", "scopeKind": "class"}, {"name": "void DispatchWsMsg(const std::string & method,const std::string & params,const int requestId,const uint32_t connectionId)", "description": "Dispatches incoming WebSocket messages to resolve and handle requests.", "scope": "WPEFramework::Plugin::AppGatewayImplementation", "scopeKind": "class"}, {"name": "void SendToLaunchDelegate(const Context & context,const string & payload)", "description": "Sends message to a launch delegate via internal gateway responder.", "scope": "WPEFramework::Plugin::AppGatewayImplementation", "scopeKind": "class"}, {"name": "AppGatewayImplementation()", "scope": "WPEFramework::Plugin::AppGatewayImplementation", "scopeKind": "class", "description": "unavailable"}, {"name": "std::vector<std::string> GetConfigPaths()", "scope": "WPEFramework::Plugin::ResolutionPaths", "scopeKind": "class", "description": "unavailable"}, {"name": "ResolutionPaths()", "scope": "WPEFramework::Plugin::ResolutionPaths", "scopeKind": "class", "description": "unavailable"}, {"name": "__anond8b57c840102(const std::string &method, const std::string &params, const int requestId, const uint32_t connectionId)", "scope": "WPEFramework::Plugin::AppGatewayImplementation::InitializeWebsocket", "scopeKind": "function", "description": "unavailable"}, {"name": "bool __anond8b57c840202(const uint32_t connectionId, const std::string &token)", "scope": "WPEFramework::Plugin::AppGatewayImplementation::InitializeWebsocket", "scopeKind": "function", "description": "unavailable"}, {"name": "__anond8b57c840302(const uint32_t connectionId)", "scope": "WPEFramework::Plugin::AppGatewayImplementation::InitializeWebsocket", "scopeKind": "function", "description": "unavailable"}, {"name": "~AppGatewayImplementation()", "scope": "WPEFramework::Plugin::AppGatewayImplementation", "scopeKind": "class", "description": "unavailable"}, {"name": "~ResolutionPaths()", "scope": "WPEFramework::Plugin::ResolutionPaths", "scopeKind": "class", "description": "unavailable"}], "calls": ["Core::JSON::Container::Add", "Core::JSON::Container::FromString", "Core::JSON::Container::Elements", "Core::JSON::Container::Current", "Core::JSON::ArrayType<Core::JSON::String>::Elements", "Core::JSON::ArrayType<Core::JSON::String>::Value", "Core::OptionalType<Core::JSON::Error>::IsSet", "Core::OptionalType<Core::JSON::Error>::Value", "Core::NodeId::NodeId", "Core::IWorkerPool::Instance", "Core::IWorkerPool::Submit", "mService->QueryInterfaceByCallsign", "mService->Release", "mWsManager.SetMessageHandler", "mWsManager.SetAuthHandler", "mWsManager.SetDisconnectHandler", "mWsManager.Start", "mResolverPtr->LoadConfig", "mResolverPtr->ResolveAlias", "mResolverPtr->HasEvent", "mResolverPtr->HasProviderCapability", "mResolverPtr->HasComRpcRequestSupport", "mResolverPtr->CallThunderPlugin", "ObjectUtils::HasBooleanEntry", "ObjectUtils::HasEntry", "ObjectUtils::HasNumericEntry", "ObjectUtils::HasStringEntry", "ContextUtils::ToGatewayContext", "ContextUtils::ConvertAppGatewayToProviderContext", "ContextUtils::ConvertAppGatewayToNotificationContext", "mAppIdRegistry.Add", "mAppIdRegistry.Remove", "mAppIdRegistry.Get", "mInternalGatewayResponder->Respond"], "search-terms": ["AppGatewayImplementation", "InitializeResolver", "WebSocket", "InternalResolutionConfigure", "ResolveAlias", "ProviderMethodType", "AppNotifications", "UtilsConnections", "UtilsCallsign", "UtilsFirebolt", "Resolvers", "Configuration Paths", "WebSocket Server"], "state": 2, "file_id": 190, "knowledge_revision": 918, "git_revision": "2e2207c765a5d7b9ed495143eb1e3f3669c17951", "revision_history": [{"596": "29a5080329e5f08afebd86bd055b5f6119b1301a"}, {"607": "29a5080329e5f08afebd86bd055b5f6119b1301a"}, {"717": "727800fc84f5393f5ac231785d3764465fe20036"}, {"899": "727800fc84f5393f5ac231785d3764465fe20036"}, {"904": "727800fc84f5393f5ac231785d3764465fe20036"}, {"915": "2e2207c765a5d7b9ed495143eb1e3f3669c17951"}, {"918": "2e2207c765a5d7b9ed495143eb1e3f3669c17951"}], "ctags": [{"_type": "tag", "name": "APPGATEWAY_SOCKET_ADDRESS", "path": "/home/kavia/workspace/code-generation/app-gateway2/app-gateway/AppGateway/AppGatewayImplementation.cpp", "pattern": "/^#define APPGATEWAY_SOCKET_ADDRESS /", "file": true, "language": "C++", "kind": "macro"}, {"_type": "tag", "name": "AppGatewayImplementation", "path": "/home/kavia/workspace/code-generation/app-gateway2/app-gateway/AppGateway/AppGatewayImplementation.cpp", "pattern": "/^        AppGatewayImplementation::AppGatewayImplementation()$/", "language": "C++", "kind": "function", "signature": "()", "scope": "WPEFramework::Plugin::AppGatewayImplementation", "scopeKind": "class"}, {"_type": "tag", "name": "Configure", "path": "/home/kavia/workspace/code-generation/app-gateway2/app-gateway/AppGateway/AppGatewayImplementation.cpp", "pattern": "/^        Core::hresult AppGatewayImplementation::Configure(Exchange::IAppGateway::IStringIterator/", "language": "C++", "typeref": "typename:Core::hresult", "kind": "function", "signature": "(Exchange::IAppGateway::IStringIterator * const & paths)", "scope": "WPEFramework::Plugin::AppGatewayImplementation", "scopeKind": "class"}, {"_type": "tag", "name": "Configure", "path": "/home/kavia/workspace/code-generation/app-gateway2/app-gateway/AppGateway/AppGatewayImplementation.cpp", "pattern": "/^        uint32_t AppGatewayImplementation::Configure(PluginHost::IShell *shell)$/", "language": "C++", "typeref": "typename:uint32_t", "kind": "function", "signature": "(PluginHost::IShell * shell)", "scope": "WPEFramework::Plugin::AppGatewayImplementation", "scopeKind": "class"}, {"_type": "tag", "name": "DEFAULT_CONFIG_PATH", "path": "/home/kavia/workspace/code-generation/app-gateway2/app-gateway/AppGateway/AppGatewayImplementation.cpp", "pattern": "/^#define DEFAULT_CONFIG_PATH /", "file": true, "language": "C++", "kind": "macro"}, {"_type": "tag", "name": "DispatchWsMsg", "path": "/home/kavia/workspace/code-generation/app-gateway2/app-gateway/AppGateway/AppGatewayImplementation.cpp", "pattern": "/^        void AppGatewayImplementation::DispatchWsMsg(const std::string &method,$/", "language": "C++", "typeref": "typename:void", "kind": "function", "signature": "(const std::string & method,const std::string & params,const int requestId,const uint32_t connectionId)", "scope": "WPEFramework::Plugin::AppGatewayImplementation", "scopeKind": "class"}, {"_type": "tag", "name": "FetchResolvedData", "path": "/home/kavia/workspace/code-generation/app-gateway2/app-gateway/AppGateway/AppGatewayImplementation.cpp", "pattern": "/^        Core::hresult AppGatewayImplementation::FetchResolvedData(const Context &context, const /", "language": "C++", "typeref": "typename:Core::hresult", "kind": "function", "signature": "(const Context & context,const string & method,const string & params,const string & origin,string & resolution)", "scope": "WPEFramework::Plugin::AppGatewayImplementation", "scopeKind": "class"}, {"_type": "tag", "name": "GetConfigPaths", "path": "/home/kavia/workspace/code-generation/app-gateway2/app-gateway/AppGateway/AppGatewayImplementation.cpp", "pattern": "/^            std::vector<std::string> GetConfigPaths() {$/", "file": true, "language": "C++", "typeref": "typename:std::vector<std::string>", "kind": "function", "signature": "()", "scope": "WPEFramework::Plugin::ResolutionPaths", "scopeKind": "class"}, {"_type": "tag", "name": "HandleEvent", "path": "/home/kavia/workspace/code-generation/app-gateway2/app-gateway/AppGateway/AppGatewayImplementation.cpp", "pattern": "/^        Core::hresult AppGatewayImplementation::HandleEvent(const Context &context, const string/", "language": "C++", "typeref": "typename:Core::hresult", "kind": "function", "signature": "(const Context & context,const string & alias,const string & event,const string & origin,const bool listen)", "scope": "WPEFramework::Plugin::AppGatewayImplementation", "scopeKind": "class"}, {"_type": "tag", "name": "InitializeResolver", "path": "/home/kavia/workspace/code-generation/app-gateway2/app-gateway/AppGateway/AppGatewayImplementation.cpp", "pattern": "/^        uint32_t AppGatewayImplementation::InitializeResolver() {$/", "language": "C++", "typeref": "typename:uint32_t", "kind": "function", "signature": "()", "scope": "WPEFramework::Plugin::AppGatewayImplementation", "scopeKind": "class"}, {"_type": "tag", "name": "InitializeWebsocket", "path": "/home/kavia/workspace/code-generation/app-gateway2/app-gateway/AppGateway/AppGatewayImplementation.cpp", "pattern": "/^        uint32_t AppGatewayImplementation::InitializeWebsocket(){$/", "language": "C++", "typeref": "typename:uint32_t", "kind": "function", "signature": "()", "scope": "WPEFramework::Plugin::AppGatewayImplementation", "scopeKind": "class"}, {"_type": "tag", "name": "InternalResolutionConfigure", "path": "/home/kavia/workspace/code-generation/app-gateway2/app-gateway/AppGateway/AppGatewayImplementation.cpp", "pattern": "/^        Core::hresult AppGatewayImplementation::InternalResolutionConfigure(std::vector<std::str/", "language": "C++", "typeref": "typename:Core::hresult", "kind": "function", "signature": "(std::vector<std::string> configPaths)", "scope": "WPEFramework::Plugin::AppGatewayImplementation", "scopeKind": "class"}, {"_type": "tag", "name": "InternalResolve", "path": "/home/kavia/workspace/code-generation/app-gateway2/app-gateway/AppGateway/AppGatewayImplementation.cpp", "pattern": "/^        Core::hresult AppGatewayImplementation::InternalResolve(const Context &context, const st/", "language": "C++", "typeref": "typename:Core::hresult", "kind": "function", "signature": "(const Context & context,const string & method,const string & params,const string & origin)", "scope": "WPEFramework::Plugin::AppGatewayImplementation", "scopeKind": "class"}, {"_type": "tag", "name": "Plugin", "path": "/home/kavia/workspace/code-generation/app-gateway2/app-gateway/AppGateway/AppGatewayImplementation.cpp", "pattern": "/^    namespace Plugin$/", "file": true, "language": "C++", "kind": "namespace", "scope": "WPEFramework", "scopeKind": "namespace"}, {"_type": "tag", "name": "PreProcessEvent", "path": "/home/kavia/workspace/code-generation/app-gateway2/app-gateway/AppGateway/AppGatewayImplementation.cpp", "pattern": "/^        uint32_t AppGatewayImplementation::PreProcessEvent(const Context &context, const string&/", "language": "C++", "typeref": "typename:uint32_t", "kind": "function", "signature": "(const Context & context,const string & alias,const string & method,const string & origin,const string & params,string & resolution)", "scope": "WPEFramework::Plugin::AppGatewayImplementation", "scopeKind": "class"}, {"_type": "tag", "name": "PreProcessProvider", "path": "/home/kavia/workspace/code-generation/app-gateway2/app-gateway/AppGateway/AppGatewayImplementation.cpp", "pattern": "/^        uint32_t AppGatewayImplementation::PreProcessProvider(const Context &context, const stri/", "language": "C++", "typeref": "typename:uint32_t", "kind": "function", "signature": "(const Context & context,const string & method,const string & params,const string & providerCapability,const ProviderMethodType & methodType,const string & origin,string & resolution)", "scope": "WPEFramework::Plugin::AppGatewayImplementation", "scopeKind": "class"}, {"_type": "tag", "name": "ProcessComRpcRequest", "path": "/home/kavia/workspace/code-generation/app-gateway2/app-gateway/AppGateway/AppGatewayImplementation.cpp", "pattern": "/^        uint32_t AppGatewayImplementation::ProcessComRpcRequest(const Context &context, const st/", "language": "C++", "typeref": "typename:uint32_t", "kind": "function", "signature": "(const Context & context,const string & alias,const string & method,const string & params,string & resolution)", "scope": "WPEFramework::Plugin::AppGatewayImplementation", "scopeKind": "class"}, {"_type": "tag", "name": "ResolutionPaths", "path": "/home/kavia/workspace/code-generation/app-gateway2/app-gateway/AppGateway/AppGatewayImplementation.cpp", "pattern": "/^            ResolutionPaths()$/", "file": true, "language": "C++", "kind": "function", "signature": "()", "scope": "WPEFramework::Plugin::ResolutionPaths", "scopeKind": "class"}, {"_type": "tag", "name": "ResolutionPaths", "path": "/home/kavia/workspace/code-generation/app-gateway2/app-gateway/AppGateway/AppGatewayImplementation.cpp", "pattern": "/^        class ResolutionPaths : public Core::JSON::Container$/", "file": true, "language": "C++", "kind": "class", "scope": "WPEFramework::Plugin", "scopeKind": "namespace"}, {"_type": "tag", "name": "Resolve", "path": "/home/kavia/workspace/code-generation/app-gateway2/app-gateway/AppGateway/AppGatewayImplementation.cpp", "pattern": "/^        Core::hresult AppGatewayImplementation::Resolve(const Context &context, const string &me/", "language": "C++", "typeref": "typename:Core::hresult", "kind": "function", "signature": "(const Context & context,const string & method,const string & params)", "scope": "WPEFramework::Plugin::AppGatewayImplementation", "scopeKind": "class"}, {"_type": "tag", "name": "Respond", "path": "/home/kavia/workspace/code-generation/app-gateway2/app-gateway/AppGateway/AppGatewayImplementation.cpp", "pattern": "/^        Core::hresult AppGatewayImplementation::Respond(const Context &context, const string &pa/", "language": "C++", "typeref": "typename:Core::hresult", "kind": "function", "signature": "(const Context & context,const string & payload)", "scope": "WPEFramework::Plugin::AppGatewayImplementation", "scopeKind": "class"}, {"_type": "tag", "name": "SendToLaunchDelegate", "path": "/home/kavia/workspace/code-generation/app-gateway2/app-gateway/AppGateway/AppGatewayImplementation.cpp", "pattern": "/^        void AppGatewayImplementation::SendToLaunchDelegate(const Context& context, const string/", "language": "C++", "typeref": "typename:void", "kind": "function", "signature": "(const Context & context,const string & payload)", "scope": "WPEFramework::Plugin::AppGatewayImplementation", "scopeKind": "class"}, {"_type": "tag", "name": "UpdateContext", "path": "/home/kavia/workspace/code-generation/app-gateway2/app-gateway/AppGateway/AppGatewayImplementation.cpp", "pattern": "/^        string AppGatewayImplementation::UpdateContext(const Context &context, const string& met/", "language": "C++", "typeref": "typename:string", "kind": "function", "signature": "(const Context & context,const string & method,const string & params)", "scope": "WPEFramework::Plugin::AppGatewayImplementation", "scopeKind": "class"}, {"_type": "tag", "name": "WPEFramework", "path": "/home/kavia/workspace/code-generation/app-gateway2/app-gateway/AppGateway/AppGatewayImplementation.cpp", "pattern": "/^namespace WPEFramework$/", "file": true, "language": "C++", "kind": "namespace"}, {"_type": "tag", "name": "__anond8b57c840102", "path": "/home/kavia/workspace/code-generation/app-gateway2/app-gateway/AppGateway/AppGatewayImplementation.cpp", "pattern": "/^                {$/", "file": true, "language": "C++", "kind": "function", "signature": "(const std::string &method, const std::string &params, const int requestId, const uint32_t connectionId) ", "scope": "WPEFramework::Plugin::AppGatewayImplementation::InitializeWebsocket", "scopeKind": "function"}, {"_type": "tag", "name": "__anond8b57c840202", "path": "/home/kavia/workspace/code-generation/app-gateway2/app-gateway/AppGateway/AppGatewayImplementation.cpp", "pattern": "/^                {$/", "file": true, "language": "C++", "typeref": "typename:bool", "kind": "function", "signature": "(const uint32_t connectionId, const std::string &token) ", "scope": "WPEFramework::Plugin::AppGatewayImplementation::InitializeWebsocket", "scopeKind": "function"}, {"_type": "tag", "name": "__anond8b57c840302", "path": "/home/kavia/workspace/code-generation/app-gateway2/app-gateway/AppGateway/AppGatewayImplementation.cpp", "pattern": "/^                {$/", "file": true, "language": "C++", "kind": "function", "signature": "(const uint32_t connectionId) ", "scope": "WPEFramework::Plugin::AppGatewayImplementation::InitializeWebsocket", "scopeKind": "function"}, {"_type": "tag", "name": "paths", "path": "/home/kavia/workspace/code-generation/app-gateway2/app-gateway/AppGateway/AppGatewayImplementation.cpp", "pattern": "/^            Core::JSON::ArrayType<Core::JSON::String> paths;$/", "file": true, "language": "C++", "typeref": "typename:Core::JSON::ArrayType<Core::JSON::String>", "kind": "member", "scope": "WPEFramework::Plugin::ResolutionPaths", "scopeKind": "class"}, {"_type": "tag", "name": "~AppGatewayImplementation", "path": "/home/kavia/workspace/code-generation/app-gateway2/app-gateway/AppGateway/AppGatewayImplementation.cpp", "pattern": "/^        AppGatewayImplementation::~AppGatewayImplementation()$/", "language": "C++", "kind": "function", "signature": "()", "scope": "WPEFramework::Plugin::AppGatewayImplementation", "scopeKind": "class"}, {"_type": "tag", "name": "~ResolutionPaths", "path": "/home/kavia/workspace/code-generation/app-gateway2/app-gateway/AppGateway/AppGatewayImplementation.cpp", "pattern": "/^            ~ResolutionPaths()$/", "file": true, "language": "C++", "kind": "function", "signature": "()", "scope": "WPEFramework::Plugin::ResolutionPaths", "scopeKind": "class"}], "hash": "4489f441022a298ba7bb17b2c10a31f4", "format-version": 4, "code-base-name": "app-gateway2", "filename": "app-gateway/AppGateway/AppGatewayImplementation.cpp", "fields": [{"name": "Core::JSON::ArrayType<Core::JSON::String> paths", "scope": "WPEFramework::Plugin::ResolutionPaths", "scopeKind": "class", "description": "unavailable"}]}