{"is_source_file": true, "format": "C++ header file", "description": "This file defines an interface `IApp2AppProvider` for an application-to-application provider in the WPEFramework project. It declares virtual methods for registering, invoking, handling responses and errors, and cleaning up provider connections, along with a context structure containing request details.", "external_files": ["<plugins/Module.h>", "Core::IUnknown", "Core::hresult"], "external_methods": ["Core::IUnknown", "Core::hresult"], "published": ["WPEFramework::Exchange::IApp2AppProvider"], "classes": [{"name": "IApp2AppProvider", "description": "An interface for app-to-app provider operations, allowing registration, invocation, and resource management related to app communication within the WPEFramework."}], "methods": [{"name": "RegisterProvider", "description": "Registers or unregisters a provider with a specific capability, using the provided context."}, {"name": "InvokeProvider", "description": "Invokes a provider based on the given capability and parameters within the provided context."}, {"name": "HandleProviderResponse", "description": "Processes a successful response payload from a provider for a specific capability."}, {"name": "HandleProviderError", "description": "Processes an error payload from a provider for a specific capability."}, {"name": "Cleanup", "description": "Cleans up resources associated with a specific connection ID and callsign."}], "calls": ["Core::hresult", "Core::IUnknown"], "search-terms": ["IApp2AppProvider", "App2AppProvider", "provider interface", "connection management", "WPEFramework", "invoke provider", "register provider"], "state": 2, "file_id": 38, "knowledge_revision": 603, "git_revision": "6e3f661b80ec1979b3c44fc4a85d5944642c4704", "revision_history": [{"125": ""}, {"547": "ca3ffa5ef60b89114ae175e79c3d633a6dd1ee0c"}, {"552": "ca3ffa5ef60b89114ae175e79c3d633a6dd1ee0c"}, {"593": "6e3f661b80ec1979b3c44fc4a85d5944642c4704"}, {"603": "6e3f661b80ec1979b3c44fc4a85d5944642c4704"}], "ctags": [{"_type": "tag", "name": "Context", "path": "/home/kavia/workspace/code-generation/app-gateway2/app-gateway/IApp2AppProvider.h", "pattern": "/^        struct Context {$/", "language": "C++", "kind": "struct", "scope": "WPEFramework::Exchange::IApp2AppProvider", "scopeKind": "struct"}, {"_type": "tag", "name": "Exchange", "path": "/home/kavia/workspace/code-generation/app-gateway2/app-gateway/IApp2AppProvider.h", "pattern": "/^namespace Exchange {$/", "language": "C++", "kind": "namespace", "scope": "WPEFramework", "scopeKind": "namespace"}, {"_type": "tag", "name": "IApp2AppProvider", "path": "/home/kavia/workspace/code-generation/app-gateway2/app-gateway/IApp2AppProvider.h", "pattern": "/^    struct EXTERNAL IApp2AppProvider : virtual public Core::IUnknown {$/", "language": "C++", "kind": "struct", "scope": "WPEFramework::Exchange", "scopeKind": "namespace"}, {"_type": "tag", "name": "ID", "path": "/home/kavia/workspace/code-generation/app-gateway2/app-gateway/IApp2AppProvider.h", "pattern": "/^        enum { ID = 0xFA00000B };$/", "language": "C++", "kind": "enumerator", "scope": "WPEFramework::Exchange::IApp2AppProvider::__anoncd9098360103", "scopeKind": "enum"}, {"_type": "tag", "name": "WPEFramework", "path": "/home/kavia/workspace/code-generation/app-gateway2/app-gateway/IApp2AppProvider.h", "pattern": "/^namespace WPEFramework {$/", "language": "C++", "kind": "namespace"}, {"_type": "tag", "name": "__anoncd9098360103", "path": "/home/kavia/workspace/code-generation/app-gateway2/app-gateway/IApp2AppProvider.h", "pattern": "/^        enum { ID = 0xFA00000B };$/", "language": "C++", "kind": "enum", "scope": "WPEFramework::Exchange::IApp2AppProvider", "scopeKind": "struct"}, {"_type": "tag", "name": "appId", "path": "/home/kavia/workspace/code-generation/app-gateway2/app-gateway/IApp2AppProvider.h", "pattern": "/^            string appId;               \\/\\/ Consumer app identifier$/", "language": "C++", "typeref": "typename:string", "kind": "member", "scope": "WPEFramework::Exchange::IApp2AppProvider::Context", "scopeKind": "struct"}, {"_type": "tag", "name": "connectionId", "path": "/home/kavia/workspace/code-generation/app-gateway2/app-gateway/IApp2AppProvider.h", "pattern": "/^            uint32_t connectionId {0};  \\/\\/ Numeric connection identifier (aligns with AppGatew/", "language": "C++", "typeref": "typename:uint32_t", "kind": "member", "scope": "WPEFramework::Exchange::IApp2AppProvider::Context", "scopeKind": "struct"}, {"_type": "tag", "name": "origin", "path": "/home/kavia/workspace/code-generation/app-gateway2/app-gateway/IApp2AppProvider.h", "pattern": "/^            string origin;              \\/\\/ Origin callsign (e.g., AppGateway or InternalGatewa/", "language": "C++", "typeref": "typename:string", "kind": "member", "scope": "WPEFramework::Exchange::IApp2AppProvider::Context", "scopeKind": "struct"}, {"_type": "tag", "name": "requestId", "path": "/home/kavia/workspace/code-generation/app-gateway2/app-gateway/IApp2AppProvider.h", "pattern": "/^            int requestId {0};          \\/\\/ Request identifier from the consumer$/", "language": "C++", "typeref": "typename:int", "kind": "member", "scope": "WPEFramework::Exchange::IApp2AppProvider::Context", "scopeKind": "struct"}], "hash": "fe3c90221f1bbc2c361abd74667f3e73", "format-version": 4, "code-base-name": "app-gateway2", "filename": "app-gateway/IApp2AppProvider.h", "fields": [{"name": "string appId", "scope": "WPEFramework::Exchange::IApp2AppProvider::Context", "scopeKind": "struct", "description": "unavailable"}, {"name": "uint32_t connectionId", "scope": "WPEFramework::Exchange::IApp2AppProvider::Context", "scopeKind": "struct", "description": "unavailable"}, {"name": "string origin", "scope": "WPEFramework::Exchange::IApp2AppProvider::Context", "scopeKind": "struct", "description": "unavailable"}, {"name": "int requestId", "scope": "WPEFramework::Exchange::IApp2AppProvider::Context", "scopeKind": "struct", "description": "unavailable"}]}