{"is_source_file": true, "format": "C++", "description": "Generated C++ source code for Protocol Buffer message classes and service stubs associated with permission_service.proto, including message serialization, parsing, size calculation, and service method implementations.", "external_files": ["permission_service.pb.h", "google/protobuf/io/coded_stream.h", "google/protobuf/extension_set.h", "google/protobuf/wire_format_lite.h", "google/protobuf/descriptor.h", "google/protobuf/generated_message_reflection.h", "google/protobuf/reflection_ops.h", "google/protobuf/wire_format.h", "google/protobuf/port_def.inc"], "external_methods": ["::PROTOBUF_NAMESPACE_ID::internal::ConstantInitialized", "::PROTOBUF_NAMESPACE_ID::internal::GetEmptyStringAlreadyInited", "::PROTOBUF_NAMESPACE_ID::internal::MergeFrom", "::PROTOBUF_NAMESPACE_ID::internal::VerifyUTF8", "::PROTOBUF_NAMESPACE_ID::internal::InlineGreedyStringParser", "::PROTOBUF_NAMESPACE_ID::internal::StringSize", "::PROTOBUF_NAMESPACE_ID::internal::WireFormatLite::VerifyUtf8String", "::PROTOBUF_NAMESPACE_ID::internal::WireFormatLite::StringSize", "::PROTOBUF_NAMESPACE_ID::internal::WireFormatLite::WriteStringMaybeAliased", "::PROTOBUF_NAMESPACE_ID::internal::WireFormatLite::MessageSize", "::PROTOBUF_NAMESPACE_ID::internal::WireFormatLite::VerifyUTF8", "::PROTOBUF_NAMESPACE_ID::internal::WireFormatLite::Serialize", "::PROTOBUF_NAMESPACE_ID::internal::WireFormat::InternalSerializeUnknownFieldsToArray", "::PROTOBUF_NAMESPACE_ID::internal::AssignDescriptors", "::PROTOBUF_NAMESPACE_ID::internal::ExpectedTag", "::PROTOBUF_NAMESPACE_ID::internal::ReadTag", "::PROTOBUF_NAMESPACE_ID::internal::ParseContext", "::PROTOBUF_NAMESPACE_ID::internal::DataAvailable", "::PROTOBUF_NAMESPACE_ID::internal::ExpectTag", "::PROTOBUF_NAMESPACE_ID::internal::UnknownFieldParse", "::PROTOBUF_NAMESPACE_ID::internal::InlineGreedyStringParser", "::PROTOBUF_NAMESPACE_ID::internal::VerifyUTF8", "::PROTOBUF_NAMESPACE_ID::internal::GetClassData", "::PROTOBUF_NAMESPACE_ID::internal::MergeImpl", "::PROTOBUF_NAMESPACE_ID::internal::GetMetadata", "::PROTOBUF_NAMESPACE_ID::internal::AddDescriptorsRunner"], "published": [], "classes": [{"name": "AppKey", "description": "Represents an application key with associated identifiers and provides methods for serialization, parsing, and merging."}, {"name": "EnumeratePermissionsRequest", "description": "Request message for enumerating permissions associated with an application key and permission filters."}, {"name": "EnumeratePermissionsResponse", "description": "Response message containing a list of permissions returned by the enumeration service."}], "methods": [{"name": "::PROTOBUF_NAMESPACE_ID::Metadata GetMetadata() const", "description": "Returns protobuf metadata for the message.", "scope": "ottx::permission::EnumeratePermissionsResponse", "scopeKind": "class"}, {"name": "void MergeFrom(const AppKey & from)", "description": "Merges data from another message of the same type.", "scope": "ottx::permission::AppKey", "scopeKind": "class"}, {"name": "void CopyFrom(const AppKey & from)", "description": "Copies data from another message of the same type.", "scope": "ottx::permission::AppKey", "scopeKind": "class"}, {"name": "void Clear()", "description": "Resets the message to its default state.", "scope": "ottx::permission::EnumeratePermissionsResponse", "scopeKind": "class"}, {"name": "bool IsInitialized() const", "description": "Checks if all required fields are set.", "scope": "ottx::permission::EnumeratePermissionsResponse", "scopeKind": "class"}, {"name": "AppKey(::PROTOBUF_NAMESPACE_ID::Arena * arena,bool is_message_owned)", "scope": "ottx::permission::AppKey", "scopeKind": "class", "description": "unavailable"}, {"name": "AppKey(const AppKey & from)", "scope": "ottx::permission::AppKey", "scopeKind": "class", "description": "unavailable"}, {"name": "AppKey(::PROTOBUF_NAMESPACE_ID::internal::ConstantInitialized)", "scope": "ottx::permission::AppKey", "scopeKind": "class", "description": "unavailable"}, {"name": "AppKeyDefaultTypeInternal()", "scope": "ottx::permission::AppKeyDefaultTypeInternal", "scopeKind": "struct", "description": "unavailable"}, {"name": "void ArenaDtor(void * object)", "scope": "ottx::permission::EnumeratePermissionsResponse", "scopeKind": "class", "description": "unavailable"}, {"name": "size_t ByteSizeLong() const", "scope": "ottx::permission::EnumeratePermissionsResponse", "scopeKind": "class", "description": "unavailable"}, {"name": "void CopyFrom(const EnumeratePermissionsRequest & from)", "scope": "ottx::permission::EnumeratePermissionsRequest", "scopeKind": "class", "description": "unavailable"}, {"name": "void CopyFrom(const EnumeratePermissionsResponse & from)", "scope": "ottx::permission::EnumeratePermissionsResponse", "scopeKind": "class", "description": "unavailable"}, {"name": "PROTOBUF_NAMESPACE_OPEN PROTOBUF_NOINLINE::ottx::permission::AppKey * CreateMaybeMessage(Arena * arena)", "scope": "Arena", "scopeKind": "class", "description": "unavailable"}, {"name": "PROTOBUF_NOINLINE::ottx::permission::EnumeratePermissionsRequest * CreateMaybeMessage(Arena * arena)", "scope": "Arena", "scopeKind": "class", "description": "unavailable"}, {"name": "PROTOBUF_NOINLINE::ottx::permission::EnumeratePermissionsResponse * CreateMaybeMessage(Arena * arena)", "scope": "Arena", "scopeKind": "class", "description": "unavailable"}, {"name": "EnumeratePermissionsRequest(::PROTOBUF_NAMESPACE_ID::Arena * arena,bool is_message_owned)", "scope": "ottx::permission::EnumeratePermissionsRequest", "scopeKind": "class", "description": "unavailable"}, {"name": "EnumeratePermissionsRequest(const EnumeratePermissionsRequest & from)", "scope": "ottx::permission::EnumeratePermissionsRequest", "scopeKind": "class", "description": "unavailable"}, {"name": "EnumeratePermissionsRequest(::PROTOBUF_NAMESPACE_ID::internal::ConstantInitialized)", "scope": "ottx::permission::EnumeratePermissionsRequest", "scopeKind": "class", "description": "unavailable"}, {"name": "EnumeratePermissionsRequestDefaultTypeInternal()", "scope": "ottx::permission::EnumeratePermissionsRequestDefaultTypeInternal", "scopeKind": "struct", "description": "unavailable"}, {"name": "EnumeratePermissionsResponse(::PROTOBUF_NAMESPACE_ID::Arena * arena,bool is_message_owned)", "scope": "ottx::permission::EnumeratePermissionsResponse", "scopeKind": "class", "description": "unavailable"}, {"name": "EnumeratePermissionsResponse(const EnumeratePermissionsResponse & from)", "scope": "ottx::permission::EnumeratePermissionsResponse", "scopeKind": "class", "description": "unavailable"}, {"name": "EnumeratePermissionsResponse(::PROTOBUF_NAMESPACE_ID::internal::ConstantInitialized)", "scope": "ottx::permission::EnumeratePermissionsResponse", "scopeKind": "class", "description": "unavailable"}, {"name": "EnumeratePermissionsResponseDefaultTypeInternal()", "scope": "ottx::permission::EnumeratePermissionsResponseDefaultTypeInternal", "scopeKind": "struct", "description": "unavailable"}, {"name": "const::PROTOBUF_NAMESPACE_ID::Message::ClassData * GetClassData() const", "scope": "ottx::permission::EnumeratePermissionsResponse", "scopeKind": "class", "description": "unavailable"}, {"name": "void InternalSwap(AppKey * other)", "scope": "ottx::permission::AppKey", "scopeKind": "class", "description": "unavailable"}, {"name": "void InternalSwap(EnumeratePermissionsRequest * other)", "scope": "ottx::permission::EnumeratePermissionsRequest", "scopeKind": "class", "description": "unavailable"}, {"name": "void InternalSwap(EnumeratePermissionsResponse * other)", "scope": "ottx::permission::EnumeratePermissionsResponse", "scopeKind": "class", "description": "unavailable"}, {"name": "void MergeFrom(const EnumeratePermissionsRequest & from)", "scope": "ottx::permission::EnumeratePermissionsRequest", "scopeKind": "class", "description": "unavailable"}, {"name": "void MergeFrom(const EnumeratePermissionsResponse & from)", "scope": "ottx::permission::EnumeratePermissionsResponse", "scopeKind": "class", "description": "unavailable"}, {"name": "void MergeImpl(::PROTOBUF_NAMESPACE_ID::Message * to,const::PROTOBUF_NAMESPACE_ID::Message & from)", "scope": "ottx::permission::EnumeratePermissionsResponse", "scopeKind": "class", "description": "unavailable"}, {"name": "void RegisterArenaDtor(::PROTOBUF_NAMESPACE_ID::Arena *)", "scope": "ottx::permission::EnumeratePermissionsResponse", "scopeKind": "class", "description": "unavailable"}, {"name": "void SetCachedSize(int size) const", "scope": "ottx::permission::EnumeratePermissionsResponse", "scopeKind": "class", "description": "unavailable"}, {"name": "void SharedCtor()", "scope": "ottx::permission::EnumeratePermissionsResponse", "scopeKind": "class", "description": "unavailable"}, {"name": "void SharedDtor()", "scope": "ottx::permission::EnumeratePermissionsResponse", "scopeKind": "class", "description": "unavailable"}, {"name": "const char * _InternalParse(const char * ptr,::PROTOBUF_NAMESPACE_ID::internal::ParseContext * ctx)", "scope": "ottx::permission::EnumeratePermissionsResponse", "scopeKind": "class", "description": "unavailable"}, {"name": "uint8_t * _InternalSerialize(uint8_t * target,::PROTOBUF_NAMESPACE_ID::io::EpsCopyOutputStream * stream) const", "scope": "ottx::permission::AppKey", "scopeKind": "class", "description": "unavailable"}], "calls": ["::PROTOBUF_NAMESPACE_ID::internal::ReadonlyMergeFrom", "::PROTOBUF_NAMESPACE_ID::internal::VerifyUTF8", "::PROTOBUF_NAMESPACE_ID::internal::InlineGreedyStringParser", "::PROTOBUF_NAMESPACE_ID::internal::WireFormatLite::WriteStringMaybeAliased", "::PROTOBUF_NAMESPACE_ID::internal::WireFormatLite::MessageSize", "::PROTOBUF_NAMESPACE_ID::internal::WireFormat::InternalSerializeUnknownFieldsToArray", "::PROTOBUF_NAMESPACE_ID::internal::AssignDescriptors", "::PROTOBUF_NAMESPACE_ID::internal::MergeImpl", "::PROTOBUF_NAMESPACE_ID::internal::GetMetadata"], "search-terms": ["permission_service.pb.cc", "AppKey", "EnumeratePermissionsRequest", "EnumeratePermissionsResponse", "protobuf generated message classes", "permission enumeration", "protobuf serialization", "protobuf parsing"], "state": 2, "file_id": 134, "knowledge_revision": 471, "git_revision": "11687bdf35796aa59ae3a1afecde9935f4bdd400", "ctags": [{"_type": "tag", "name": "AppKey", "path": "/home/kavia/workspace/code-generation/app-gateway2/app-gateway/OttServices/permission_service.pb.cc", "pattern": "/^AppKey::AppKey(::PROTOBUF_NAMESPACE_ID::Arena* arena,$/", "language": "C++", "kind": "function", "signature": "(::PROTOBUF_NAMESPACE_ID::Arena * arena,bool is_message_owned)", "scope": "ottx::permission::AppKey", "scopeKind": "class"}, {"_type": "tag", "name": "AppKey", "path": "/home/kavia/workspace/code-generation/app-gateway2/app-gateway/OttServices/permission_service.pb.cc", "pattern": "/^AppKey::AppKey(const AppKey& from)$/", "language": "C++", "kind": "function", "signature": "(const AppKey & from)", "scope": "ottx::permission::AppKey", "scopeKind": "class"}, {"_type": "tag", "name": "AppKey", "path": "/home/kavia/workspace/code-generation/app-gateway2/app-gateway/OttServices/permission_service.pb.cc", "pattern": "/^constexpr AppKey::AppKey($/", "language": "C++", "kind": "function", "signature": "(::PROTOBUF_NAMESPACE_ID::internal::ConstantInitialized)", "scope": "ottx::permission::AppKey", "scopeKind": "class"}, {"_type": "tag", "name": "AppKeyDefaultTypeInternal", "path": "/home/kavia/workspace/code-generation/app-gateway2/app-gateway/OttServices/permission_service.pb.cc", "pattern": "/^  constexpr AppKeyDefaultTypeInternal()$/", "file": true, "language": "C++", "kind": "function", "signature": "()", "scope": "ottx::permission::AppKeyDefaultTypeInternal", "scopeKind": "struct"}, {"_type": "tag", "name": "AppKeyDefaultTypeInternal", "path": "/home/kavia/workspace/code-generation/app-gateway2/app-gateway/OttServices/permission_service.pb.cc", "pattern": "/^struct AppKeyDefaultTypeInternal {$/", "file": true, "language": "C++", "kind": "struct", "scope": "ottx::permission", "scopeKind": "namespace"}, {"_type": "tag", "name": "ArenaDtor", "path": "/home/kavia/workspace/code-generation/app-gateway2/app-gateway/OttServices/permission_service.pb.cc", "pattern": "/^void AppKey::ArenaDtor(void* object) {$/", "language": "C++", "typeref": "typename:void", "kind": "function", "signature": "(void * object)", "scope": "ottx::permission::AppKey", "scopeKind": "class"}, {"_type": "tag", "name": "ArenaDtor", "path": "/home/kavia/workspace/code-generation/app-gateway2/app-gateway/OttServices/permission_service.pb.cc", "pattern": "/^void EnumeratePermissionsRequest::ArenaDtor(void* object) {$/", "language": "C++", "typeref": "typename:void", "kind": "function", "signature": "(void * object)", "scope": "ottx::permission::EnumeratePermissionsRequest", "scopeKind": "class"}, {"_type": "tag", "name": "ArenaDtor", "path": "/home/kavia/workspace/code-generation/app-gateway2/app-gateway/OttServices/permission_service.pb.cc", "pattern": "/^void EnumeratePermissionsResponse::ArenaDtor(void* object) {$/", "language": "C++", "typeref": "typename:void", "kind": "function", "signature": "(void * object)", "scope": "ottx::permission::EnumeratePermissionsResponse", "scopeKind": "class"}, {"_type": "tag", "name": "ByteSizeLong", "path": "/home/kavia/workspace/code-generation/app-gateway2/app-gateway/OttServices/permission_service.pb.cc", "pattern": "/^size_t AppKey::ByteSizeLong() const {$/", "language": "C++", "typeref": "typename:size_t", "kind": "function", "signature": "() const", "scope": "ottx::permission::AppKey", "scopeKind": "class"}, {"_type": "tag", "name": "ByteSizeLong", "path": "/home/kavia/workspace/code-generation/app-gateway2/app-gateway/OttServices/permission_service.pb.cc", "pattern": "/^size_t EnumeratePermissionsRequest::ByteSizeLong() const {$/", "language": "C++", "typeref": "typename:size_t", "kind": "function", "signature": "() const", "scope": "ottx::permission::EnumeratePermissionsRequest", "scopeKind": "class"}, {"_type": "tag", "name": "ByteSizeLong", "path": "/home/kavia/workspace/code-generation/app-gateway2/app-gateway/OttServices/permission_service.pb.cc", "pattern": "/^size_t EnumeratePermissionsResponse::ByteSizeLong() const {$/", "language": "C++", "typeref": "typename:size_t", "kind": "function", "signature": "() const", "scope": "ottx::permission::EnumeratePermissionsResponse", "scopeKind": "class"}, {"_type": "tag", "name": "CHK_", "path": "/home/kavia/workspace/code-generation/app-gateway2/app-gateway/OttServices/permission_service.pb.cc", "pattern": "/^#define CHK_(/", "file": true, "language": "C++", "kind": "macro", "signature": "(x)"}, {"_type": "tag", "name": "Clear", "path": "/home/kavia/workspace/code-generation/app-gateway2/app-gateway/OttServices/permission_service.pb.cc", "pattern": "/^void AppKey::Clear() {$/", "language": "C++", "typeref": "typename:void", "kind": "function", "signature": "()", "scope": "ottx::permission::AppKey", "scopeKind": "class"}, {"_type": "tag", "name": "Clear", "path": "/home/kavia/workspace/code-generation/app-gateway2/app-gateway/OttServices/permission_service.pb.cc", "pattern": "/^void EnumeratePermissionsRequest::Clear() {$/", "language": "C++", "typeref": "typename:void", "kind": "function", "signature": "()", "scope": "ottx::permission::EnumeratePermissionsRequest", "scopeKind": "class"}, {"_type": "tag", "name": "Clear", "path": "/home/kavia/workspace/code-generation/app-gateway2/app-gateway/OttServices/permission_service.pb.cc", "pattern": "/^void EnumeratePermissionsResponse::Clear() {$/", "language": "C++", "typeref": "typename:void", "kind": "function", "signature": "()", "scope": "ottx::permission::EnumeratePermissionsResponse", "scopeKind": "class"}, {"_type": "tag", "name": "CopyFrom", "path": "/home/kavia/workspace/code-generation/app-gateway2/app-gateway/OttServices/permission_service.pb.cc", "pattern": "/^void AppKey::CopyFrom(const AppKey& from) {$/", "language": "C++", "typeref": "typename:void", "kind": "function", "signature": "(const AppKey & from)", "scope": "ottx::permission::AppKey", "scopeKind": "class"}, {"_type": "tag", "name": "CopyFrom", "path": "/home/kavia/workspace/code-generation/app-gateway2/app-gateway/OttServices/permission_service.pb.cc", "pattern": "/^void EnumeratePermissionsRequest::CopyFrom(const EnumeratePermissionsRequest& from) {$/", "language": "C++", "typeref": "typename:void", "kind": "function", "signature": "(const EnumeratePermissionsRequest & from)", "scope": "ottx::permission::EnumeratePermissionsRequest", "scopeKind": "class"}, {"_type": "tag", "name": "CopyFrom", "path": "/home/kavia/workspace/code-generation/app-gateway2/app-gateway/OttServices/permission_service.pb.cc", "pattern": "/^void EnumeratePermissionsResponse::CopyFrom(const EnumeratePermissionsResponse& from) {$/", "language": "C++", "typeref": "typename:void", "kind": "function", "signature": "(const EnumeratePermissionsResponse & from)", "scope": "ottx::permission::EnumeratePermissionsResponse", "scopeKind": "class"}, {"_type": "tag", "name": "CreateMaybeMessage", "path": "/home/kavia/workspace/code-generation/app-gateway2/app-gateway/OttServices/permission_service.pb.cc", "pattern": "/^template<> PROTOBUF_NOINLINE ::ottx::permission::AppKey* Arena::CreateMaybeMessage< ::ottx::perm/", "language": "C++", "typeref": "typename:PROTOBUF_NAMESPACE_OPEN PROTOBUF_NOINLINE::ottx::permission::AppKey *", "kind": "function", "signature": "(Arena * arena)", "scope": "Arena", "scopeKind": "class"}, {"_type": "tag", "name": "CreateMaybeMessage", "path": "/home/kavia/workspace/code-generation/app-gateway2/app-gateway/OttServices/permission_service.pb.cc", "pattern": "/^template<> PROTOBUF_NOINLINE ::ottx::permission::EnumeratePermissionsRequest* Arena::CreateMaybe/", "language": "C++", "typeref": "typename:PROTOBUF_NOINLINE::ottx::permission::EnumeratePermissionsRequest *", "kind": "function", "signature": "(Arena * arena)", "scope": "Arena", "scopeKind": "class"}, {"_type": "tag", "name": "CreateMaybeMessage", "path": "/home/kavia/workspace/code-generation/app-gateway2/app-gateway/OttServices/permission_service.pb.cc", "pattern": "/^template<> PROTOBUF_NOINLINE ::ottx::permission::EnumeratePermissionsResponse* Arena::CreateMayb/", "language": "C++", "typeref": "typename:PROTOBUF_NOINLINE::ottx::permission::EnumeratePermissionsResponse *", "kind": "function", "signature": "(Arena * arena)", "scope": "Arena", "scopeKind": "class"}, {"_type": "tag", "name": "EnumeratePermissionsRequest", "path": "/home/kavia/workspace/code-generation/app-gateway2/app-gateway/OttServices/permission_service.pb.cc", "pattern": "/^EnumeratePermissionsRequest::EnumeratePermissionsRequest(::PROTOBUF_NAMESPACE_ID::Arena* arena,$/", "language": "C++", "kind": "function", "signature": "(::PROTOBUF_NAMESPACE_ID::Arena * arena,bool is_message_owned)", "scope": "ottx::permission::EnumeratePermissionsRequest", "scopeKind": "class"}, {"_type": "tag", "name": "EnumeratePermissionsRequest", "path": "/home/kavia/workspace/code-generation/app-gateway2/app-gateway/OttServices/permission_service.pb.cc", "pattern": "/^EnumeratePermissionsRequest::EnumeratePermissionsRequest(const EnumeratePermissionsRequest& from/", "language": "C++", "kind": "function", "signature": "(const EnumeratePermissionsRequest & from)", "scope": "ottx::permission::EnumeratePermissionsRequest", "scopeKind": "class"}, {"_type": "tag", "name": "EnumeratePermissionsRequest", "path": "/home/kavia/workspace/code-generation/app-gateway2/app-gateway/OttServices/permission_service.pb.cc", "pattern": "/^constexpr EnumeratePermissionsRequest::EnumeratePermissionsRequest($/", "language": "C++", "kind": "function", "signature": "(::PROTOBUF_NAMESPACE_ID::internal::ConstantInitialized)", "scope": "ottx::permission::EnumeratePermissionsRequest", "scopeKind": "class"}, {"_type": "tag", "name": "EnumeratePermissionsRequestDefaultTypeInternal", "path": "/home/kavia/workspace/code-generation/app-gateway2/app-gateway/OttServices/permission_service.pb.cc", "pattern": "/^  constexpr EnumeratePermissionsRequestDefaultTypeInternal()$/", "file": true, "language": "C++", "kind": "function", "signature": "()", "scope": "ottx::permission::EnumeratePermissionsRequestDefaultTypeInternal", "scopeKind": "struct"}, {"_type": "tag", "name": "EnumeratePermissionsRequestDefaultTypeInternal", "path": "/home/kavia/workspace/code-generation/app-gateway2/app-gateway/OttServices/permission_service.pb.cc", "pattern": "/^struct EnumeratePermissionsRequestDefaultTypeInternal {$/", "file": true, "language": "C++", "kind": "struct", "scope": "ottx::permission", "scopeKind": "namespace"}, {"_type": "tag", "name": "EnumeratePermissionsResponse", "path": "/home/kavia/workspace/code-generation/app-gateway2/app-gateway/OttServices/permission_service.pb.cc", "pattern": "/^EnumeratePermissionsResponse::EnumeratePermissionsResponse(::PROTOBUF_NAMESPACE_ID::Arena* arena/", "language": "C++", "kind": "function", "signature": "(::PROTOBUF_NAMESPACE_ID::Arena * arena,bool is_message_owned)", "scope": "ottx::permission::EnumeratePermissionsResponse", "scopeKind": "class"}, {"_type": "tag", "name": "EnumeratePermissionsResponse", "path": "/home/kavia/workspace/code-generation/app-gateway2/app-gateway/OttServices/permission_service.pb.cc", "pattern": "/^EnumeratePermissionsResponse::EnumeratePermissionsResponse(const EnumeratePermissionsResponse& f/", "language": "C++", "kind": "function", "signature": "(const EnumeratePermissionsResponse & from)", "scope": "ottx::permission::EnumeratePermissionsResponse", "scopeKind": "class"}, {"_type": "tag", "name": "EnumeratePermissionsResponse", "path": "/home/kavia/workspace/code-generation/app-gateway2/app-gateway/OttServices/permission_service.pb.cc", "pattern": "/^constexpr EnumeratePermissionsResponse::EnumeratePermissionsResponse($/", "language": "C++", "kind": "function", "signature": "(::PROTOBUF_NAMESPACE_ID::internal::ConstantInitialized)", "scope": "ottx::permission::EnumeratePermissionsResponse", "scopeKind": "class"}, {"_type": "tag", "name": "EnumeratePermissionsResponseDefaultTypeInternal", "path": "/home/kavia/workspace/code-generation/app-gateway2/app-gateway/OttServices/permission_service.pb.cc", "pattern": "/^  constexpr EnumeratePermissionsResponseDefaultTypeInternal()$/", "file": true, "language": "C++", "kind": "function", "signature": "()", "scope": "ottx::permission::EnumeratePermissionsResponseDefaultTypeInternal", "scopeKind": "struct"}, {"_type": "tag", "name": "EnumeratePermissionsResponseDefaultTypeInternal", "path": "/home/kavia/workspace/code-generation/app-gateway2/app-gateway/OttServices/permission_service.pb.cc", "pattern": "/^struct EnumeratePermissionsResponseDefaultTypeInternal {$/", "file": true, "language": "C++", "kind": "struct", "scope": "ottx::permission", "scopeKind": "namespace"}, {"_type": "tag", "name": "GetClassData", "path": "/home/kavia/workspace/code-generation/app-gateway2/app-gateway/OttServices/permission_service.pb.cc", "pattern": "/^const ::PROTOBUF_NAMESPACE_ID::Message::ClassData*AppKey::GetClassData() const { return &_class_/", "language": "C++", "typeref": "typename:const::PROTOBUF_NAMESPACE_ID::Message::ClassData *", "kind": "function", "signature": "() const", "scope": "ottx::permission::AppKey", "scopeKind": "class"}, {"_type": "tag", "name": "GetClassData", "path": "/home/kavia/workspace/code-generation/app-gateway2/app-gateway/OttServices/permission_service.pb.cc", "pattern": "/^const ::PROTOBUF_NAMESPACE_ID::Message::ClassData*EnumeratePermissionsRequest::GetClassData() co/", "language": "C++", "typeref": "typename:const::PROTOBUF_NAMESPACE_ID::Message::ClassData *", "kind": "function", "signature": "() const", "scope": "ottx::permission::EnumeratePermissionsRequest", "scopeKind": "class"}, {"_type": "tag", "name": "GetClassData", "path": "/home/kavia/workspace/code-generation/app-gateway2/app-gateway/OttServices/permission_service.pb.cc", "pattern": "/^const ::PROTOBUF_NAMESPACE_ID::Message::ClassData*EnumeratePermissionsResponse::GetClassData() c/", "language": "C++", "typeref": "typename:const::PROTOBUF_NAMESPACE_ID::Message::ClassData *", "kind": "function", "signature": "() const", "scope": "ottx::permission::EnumeratePermissionsResponse", "scopeKind": "class"}, {"_type": "tag", "name": "GetMetadata", "path": "/home/kavia/workspace/code-generation/app-gateway2/app-gateway/OttServices/permission_service.pb.cc", "pattern": "/^::PROTOBUF_NAMESPACE_ID::Metadata AppKey::GetMetadata() const {$/", "language": "C++", "typeref": "typename:::PROTOBUF_NAMESPACE_ID::Metadata", "kind": "function", "signature": "() const", "scope": "ottx::permission::AppKey", "scopeKind": "class"}, {"_type": "tag", "name": "GetMetadata", "path": "/home/kavia/workspace/code-generation/app-gateway2/app-gateway/OttServices/permission_service.pb.cc", "pattern": "/^::PROTOBUF_NAMESPACE_ID::Metadata EnumeratePermissionsRequest::GetMetadata() const {$/", "language": "C++", "typeref": "typename:::PROTOBUF_NAMESPACE_ID::Metadata", "kind": "function", "signature": "() const", "scope": "ottx::permission::EnumeratePermissionsRequest", "scopeKind": "class"}, {"_type": "tag", "name": "GetMetadata", "path": "/home/kavia/workspace/code-generation/app-gateway2/app-gateway/OttServices/permission_service.pb.cc", "pattern": "/^::PROTOBUF_NAMESPACE_ID::Metadata EnumeratePermissionsResponse::GetMetadata() const {$/", "language": "C++", "typeref": "typename:::PROTOBUF_NAMESPACE_ID::Metadata", "kind": "function", "signature": "() const", "scope": "ottx::permission::EnumeratePermissionsResponse", "scopeKind": "class"}, {"_type": "tag", "name": "InternalSwap", "path": "/home/kavia/workspace/code-generation/app-gateway2/app-gateway/OttServices/permission_service.pb.cc", "pattern": "/^void AppKey::InternalSwap(AppKey* other) {$/", "language": "C++", "typeref": "typename:void", "kind": "function", "signature": "(AppKey * other)", "scope": "ottx::permission::AppKey", "scopeKind": "class"}, {"_type": "tag", "name": "InternalSwap", "path": "/home/kavia/workspace/code-generation/app-gateway2/app-gateway/OttServices/permission_service.pb.cc", "pattern": "/^void EnumeratePermissionsRequest::InternalSwap(EnumeratePermissionsRequest* other) {$/", "language": "C++", "typeref": "typename:void", "kind": "function", "signature": "(EnumeratePermissionsRequest * other)", "scope": "ottx::permission::EnumeratePermissionsRequest", "scopeKind": "class"}, {"_type": "tag", "name": "InternalSwap", "path": "/home/kavia/workspace/code-generation/app-gateway2/app-gateway/OttServices/permission_service.pb.cc", "pattern": "/^void EnumeratePermissionsResponse::InternalSwap(EnumeratePermissionsResponse* other) {$/", "language": "C++", "typeref": "typename:void", "kind": "function", "signature": "(EnumeratePermissionsResponse * other)", "scope": "ottx::permission::EnumeratePermissionsResponse", "scopeKind": "class"}, {"_type": "tag", "name": "IsInitialized", "path": "/home/kavia/workspace/code-generation/app-gateway2/app-gateway/OttServices/permission_service.pb.cc", "pattern": "/^bool AppKey::IsInitialized() const {$/", "language": "C++", "typeref": "typename:bool", "kind": "function", "signature": "() const", "scope": "ottx::permission::AppKey", "scopeKind": "class"}, {"_type": "tag", "name": "IsInitialized", "path": "/home/kavia/workspace/code-generation/app-gateway2/app-gateway/OttServices/permission_service.pb.cc", "pattern": "/^bool EnumeratePermissionsRequest::IsInitialized() const {$/", "language": "C++", "typeref": "typename:bool", "kind": "function", "signature": "() const", "scope": "ottx::permission::EnumeratePermissionsRequest", "scopeKind": "class"}, {"_type": "tag", "name": "IsInitialized", "path": "/home/kavia/workspace/code-generation/app-gateway2/app-gateway/OttServices/permission_service.pb.cc", "pattern": "/^bool EnumeratePermissionsResponse::IsInitialized() const {$/", "language": "C++", "typeref": "typename:bool", "kind": "function", "signature": "() const", "scope": "ottx::permission::EnumeratePermissionsResponse", "scopeKind": "class"}, {"_type": "tag", "name": "MergeFrom", "path": "/home/kavia/workspace/code-generation/app-gateway2/app-gateway/OttServices/permission_service.pb.cc", "pattern": "/^void AppKey::MergeFrom(const AppKey& from) {$/", "language": "C++", "typeref": "typename:void", "kind": "function", "signature": "(const AppKey & from)", "scope": "ottx::permission::AppKey", "scopeKind": "class"}, {"_type": "tag", "name": "MergeFrom", "path": "/home/kavia/workspace/code-generation/app-gateway2/app-gateway/OttServices/permission_service.pb.cc", "pattern": "/^void EnumeratePermissionsRequest::MergeFrom(const EnumeratePermissionsRequest& from) {$/", "language": "C++", "typeref": "typename:void", "kind": "function", "signature": "(const EnumeratePermissionsRequest & from)", "scope": "ottx::permission::EnumeratePermissionsRequest", "scopeKind": "class"}, {"_type": "tag", "name": "MergeFrom", "path": "/home/kavia/workspace/code-generation/app-gateway2/app-gateway/OttServices/permission_service.pb.cc", "pattern": "/^void EnumeratePermissionsResponse::MergeFrom(const EnumeratePermissionsResponse& from) {$/", "language": "C++", "typeref": "typename:void", "kind": "function", "signature": "(const EnumeratePermissionsResponse & from)", "scope": "ottx::permission::EnumeratePermissionsResponse", "scopeKind": "class"}, {"_type": "tag", "name": "MergeImpl", "path": "/home/kavia/workspace/code-generation/app-gateway2/app-gateway/OttServices/permission_service.pb.cc", "pattern": "/^void AppKey::MergeImpl(::PROTOBUF_NAMESPACE_ID::Message* to,$/", "language": "C++", "typeref": "typename:void", "kind": "function", "signature": "(::PROTOBUF_NAMESPACE_ID::Message * to,const::PROTOBUF_NAMESPACE_ID::Message & from)", "scope": "ottx::permission::AppKey", "scopeKind": "class"}, {"_type": "tag", "name": "MergeImpl", "path": "/home/kavia/workspace/code-generation/app-gateway2/app-gateway/OttServices/permission_service.pb.cc", "pattern": "/^void EnumeratePermissionsRequest::MergeImpl(::PROTOBUF_NAMESPACE_ID::Message* to,$/", "language": "C++", "typeref": "typename:void", "kind": "function", "signature": "(::PROTOBUF_NAMESPACE_ID::Message * to,const::PROTOBUF_NAMESPACE_ID::Message & from)", "scope": "ottx::permission::EnumeratePermissionsRequest", "scopeKind": "class"}, {"_type": "tag", "name": "MergeImpl", "path": "/home/kavia/workspace/code-generation/app-gateway2/app-gateway/OttServices/permission_service.pb.cc", "pattern": "/^void EnumeratePermissionsResponse::MergeImpl(::PROTOBUF_NAMESPACE_ID::Message* to,$/", "language": "C++", "typeref": "typename:void", "kind": "function", "signature": "(::PROTOBUF_NAMESPACE_ID::Message * to,const::PROTOBUF_NAMESPACE_ID::Message & from)", "scope": "ottx::permission::EnumeratePermissionsResponse", "scopeKind": "class"}, {"_type": "tag", "name": "RegisterArenaDtor", "path": "/home/kavia/workspace/code-generation/app-gateway2/app-gateway/OttServices/permission_service.pb.cc", "pattern": "/^void AppKey::RegisterArenaDtor(::PROTOBUF_NAMESPACE_ID::Arena*) {$/", "language": "C++", "typeref": "typename:void", "kind": "function", "signature": "(::PROTOBUF_NAMESPACE_ID::Arena *)", "scope": "ottx::permission::AppKey", "scopeKind": "class"}, {"_type": "tag", "name": "RegisterArenaDtor", "path": "/home/kavia/workspace/code-generation/app-gateway2/app-gateway/OttServices/permission_service.pb.cc", "pattern": "/^void EnumeratePermissionsRequest::RegisterArenaDtor(::PROTOBUF_NAMESPACE_ID::Arena*) {$/", "language": "C++", "typeref": "typename:void", "kind": "function", "signature": "(::PROTOBUF_NAMESPACE_ID::Arena *)", "scope": "ottx::permission::EnumeratePermissionsRequest", "scopeKind": "class"}, {"_type": "tag", "name": "RegisterArenaDtor", "path": "/home/kavia/workspace/code-generation/app-gateway2/app-gateway/OttServices/permission_service.pb.cc", "pattern": "/^void EnumeratePermissionsResponse::RegisterArenaDtor(::PROTOBUF_NAMESPACE_ID::Arena*) {$/", "language": "C++", "typeref": "typename:void", "kind": "function", "signature": "(::PROTOBUF_NAMESPACE_ID::Arena *)", "scope": "ottx::permission::EnumeratePermissionsResponse", "scopeKind": "class"}, {"_type": "tag", "name": "SetCachedSize", "path": "/home/kavia/workspace/code-generation/app-gateway2/app-gateway/OttServices/permission_service.pb.cc", "pattern": "/^void AppKey::SetCachedSize(int size) const {$/", "language": "C++", "typeref": "typename:void", "kind": "function", "signature": "(int size) const", "scope": "ottx::permission::AppKey", "scopeKind": "class"}, {"_type": "tag", "name": "SetCachedSize", "path": "/home/kavia/workspace/code-generation/app-gateway2/app-gateway/OttServices/permission_service.pb.cc", "pattern": "/^void EnumeratePermissionsRequest::SetCachedSize(int size) const {$/", "language": "C++", "typeref": "typename:void", "kind": "function", "signature": "(int size) const", "scope": "ottx::permission::EnumeratePermissionsRequest", "scopeKind": "class"}, {"_type": "tag", "name": "SetCachedSize", "path": "/home/kavia/workspace/code-generation/app-gateway2/app-gateway/OttServices/permission_service.pb.cc", "pattern": "/^void EnumeratePermissionsResponse::SetCachedSize(int size) const {$/", "language": "C++", "typeref": "typename:void", "kind": "function", "signature": "(int size) const", "scope": "ottx::permission::EnumeratePermissionsResponse", "scopeKind": "class"}, {"_type": "tag", "name": "SharedCtor", "path": "/home/kavia/workspace/code-generation/app-gateway2/app-gateway/OttServices/permission_service.pb.cc", "pattern": "/^inline void AppKey::SharedCtor() {$/", "language": "C++", "typeref": "typename:void", "kind": "function", "signature": "()", "scope": "ottx::permission::AppKey", "scopeKind": "class"}, {"_type": "tag", "name": "SharedCtor", "path": "/home/kavia/workspace/code-generation/app-gateway2/app-gateway/OttServices/permission_service.pb.cc", "pattern": "/^inline void EnumeratePermissionsRequest::SharedCtor() {$/", "language": "C++", "typeref": "typename:void", "kind": "function", "signature": "()", "scope": "ottx::permission::EnumeratePermissionsRequest", "scopeKind": "class"}, {"_type": "tag", "name": "SharedCtor", "path": "/home/kavia/workspace/code-generation/app-gateway2/app-gateway/OttServices/permission_service.pb.cc", "pattern": "/^inline void EnumeratePermissionsResponse::SharedCtor() {$/", "language": "C++", "typeref": "typename:void", "kind": "function", "signature": "()", "scope": "ottx::permission::EnumeratePermissionsResponse", "scopeKind": "class"}, {"_type": "tag", "name": "SharedDtor", "path": "/home/kavia/workspace/code-generation/app-gateway2/app-gateway/OttServices/permission_service.pb.cc", "pattern": "/^inline void AppKey::SharedDtor() {$/", "language": "C++", "typeref": "typename:void", "kind": "function", "signature": "()", "scope": "ottx::permission::AppKey", "scopeKind": "class"}, {"_type": "tag", "name": "SharedDtor", "path": "/home/kavia/workspace/code-generation/app-gateway2/app-gateway/OttServices/permission_service.pb.cc", "pattern": "/^inline void EnumeratePermissionsRequest::SharedDtor() {$/", "language": "C++", "typeref": "typename:void", "kind": "function", "signature": "()", "scope": "ottx::permission::EnumeratePermissionsRequest", "scopeKind": "class"}, {"_type": "tag", "name": "SharedDtor", "path": "/home/kavia/workspace/code-generation/app-gateway2/app-gateway/OttServices/permission_service.pb.cc", "pattern": "/^inline void EnumeratePermissionsResponse::SharedDtor() {$/", "language": "C++", "typeref": "typename:void", "kind": "function", "signature": "()", "scope": "ottx::permission::EnumeratePermissionsResponse", "scopeKind": "class"}, {"_type": "tag", "name": "_AppKey_default_instance_", "path": "/home/kavia/workspace/code-generation/app-gateway2/app-gateway/OttServices/permission_service.pb.cc", "pattern": "/^PROTOBUF_ATTRIBUTE_NO_DESTROY PROTOBUF_CONSTINIT AppKeyDefaultTypeInternal _AppKey_default_insta/", "language": "C++", "typeref": "typename:PROTOBUF_ATTRIBUTE_NO_DESTROY PROTOBUF_CONSTINIT AppKeyDefaultTypeInternal", "kind": "variable", "scope": "ottx::permission", "scopeKind": "namespace"}, {"_type": "tag", "name": "_EnumeratePermissionsRequest_default_instance_", "path": "/home/kavia/workspace/code-generation/app-gateway2/app-gateway/OttServices/permission_service.pb.cc", "pattern": "/^PROTOBUF_ATTRIBUTE_NO_DESTROY PROTOBUF_CONSTINIT EnumeratePermissionsRequestDefaultTypeInternal /", "language": "C++", "typeref": "typename:PROTOBUF_ATTRIBUTE_NO_DESTROY PROTOBUF_CONSTINIT EnumeratePermissionsRequestDefaultTypeInternal", "kind": "variable", "scope": "ottx::permission", "scopeKind": "namespace"}, {"_type": "tag", "name": "_EnumeratePermissionsResponse_default_instance_", "path": "/home/kavia/workspace/code-generation/app-gateway2/app-gateway/OttServices/permission_service.pb.cc", "pattern": "/^PROTOBUF_ATTRIBUTE_NO_DESTROY PROTOBUF_CONSTINIT EnumeratePermissionsResponseDefaultTypeInternal/", "language": "C++", "typeref": "typename:PROTOBUF_ATTRIBUTE_NO_DESTROY PROTOBUF_CONSTINIT EnumeratePermissionsResponseDefaultTypeInternal", "kind": "variable", "scope": "ottx::permission", "scopeKind": "namespace"}, {"_type": "tag", "name": "_Internal", "path": "/home/kavia/workspace/code-generation/app-gateway2/app-gateway/OttServices/permission_service.pb.cc", "pattern": "/^class AppKey::_Internal {$/", "file": true, "language": "C++", "kind": "class", "scope": "ottx::permission::AppKey", "scopeKind": "class"}, {"_type": "tag", "name": "_Internal", "path": "/home/kavia/workspace/code-generation/app-gateway2/app-gateway/OttServices/permission_service.pb.cc", "pattern": "/^class EnumeratePermissionsRequest::_Internal {$/", "file": true, "language": "C++", "kind": "class", "scope": "ottx::permission::EnumeratePermissionsRequest", "scopeKind": "class"}, {"_type": "tag", "name": "_Internal", "path": "/home/kavia/workspace/code-generation/app-gateway2/app-gateway/OttServices/permission_service.pb.cc", "pattern": "/^class EnumeratePermissionsResponse::_Internal {$/", "file": true, "language": "C++", "kind": "class", "scope": "ottx::permission::EnumeratePermissionsResponse", "scopeKind": "class"}, {"_type": "tag", "name": "_InternalParse", "path": "/home/kavia/workspace/code-generation/app-gateway2/app-gateway/OttServices/permission_service.pb.cc", "pattern": "/^const char* AppKey::_InternalParse(const char* ptr, ::PROTOBUF_NAMESPACE_ID::internal::ParseCont/", "language": "C++", "typeref": "typename:const char *", "kind": "function", "signature": "(const char * ptr,::PROTOBUF_NAMESPACE_ID::internal::ParseContext * ctx)", "scope": "ottx::permission::AppKey", "scopeKind": "class"}, {"_type": "tag", "name": "_InternalParse", "path": "/home/kavia/workspace/code-generation/app-gateway2/app-gateway/OttServices/permission_service.pb.cc", "pattern": "/^const char* EnumeratePermissionsRequest::_InternalParse(const char* ptr, ::PROTOBUF_NAMESPACE_ID/", "language": "C++", "typeref": "typename:const char *", "kind": "function", "signature": "(const char * ptr,::PROTOBUF_NAMESPACE_ID::internal::ParseContext * ctx)", "scope": "ottx::permission::EnumeratePermissionsRequest", "scopeKind": "class"}, {"_type": "tag", "name": "_InternalParse", "path": "/home/kavia/workspace/code-generation/app-gateway2/app-gateway/OttServices/permission_service.pb.cc", "pattern": "/^const char* EnumeratePermissionsResponse::_InternalParse(const char* ptr, ::PROTOBUF_NAMESPACE_I/", "language": "C++", "typeref": "typename:const char *", "kind": "function", "signature": "(const char * ptr,::PROTOBUF_NAMESPACE_ID::internal::ParseContext * ctx)", "scope": "ottx::permission::EnumeratePermissionsResponse", "scopeKind": "class"}, {"_type": "tag", "name": "_InternalSerialize", "path": "/home/kavia/workspace/code-generation/app-gateway2/app-gateway/OttServices/permission_service.pb.cc", "pattern": "/^uint8_t* AppKey::_InternalSerialize($/", "language": "C++", "typeref": "typename:uint8_t *", "kind": "function", "signature": "(uint8_t * target,::PROTOBUF_NAMESPACE_ID::io::EpsCopyOutputStream * stream) const", "scope": "ottx::permission::AppKey", "scopeKind": "class"}, {"_type": "tag", "name": "ottx", "path": "/home/kavia/workspace/code-generation/app-gateway2/app-gateway/OttServices/permission_service.pb.cc", "pattern": "/^namespace ottx {$/", "file": true, "language": "C++", "kind": "namespace"}], "hash": "4a2759e5ebe20457ff68c50234769e48", "format-version": 4, "code-base-name": "app-gateway2", "filename": "app-gateway/OttServices/permission_service.pb.cc", "fields": [{"name": "PROTOBUF_ATTRIBUTE_NO_DESTROY PROTOBUF_CONSTINIT AppKeyDefaultTypeInternal _AppKey_default_instance_", "scope": "ottx::permission", "scopeKind": "namespace", "description": "unavailable"}, {"name": "PROTOBUF_ATTRIBUTE_NO_DESTROY PROTOBUF_CONSTINIT EnumeratePermissionsRequestDefaultTypeInternal _EnumeratePermissionsRequest_default_instance_", "scope": "ottx::permission", "scopeKind": "namespace", "description": "unavailable"}, {"name": "PROTOBUF_ATTRIBUTE_NO_DESTROY PROTOBUF_CONSTINIT EnumeratePermissionsResponseDefaultTypeInternal _EnumeratePermissionsResponse_default_instance_", "scope": "ottx::permission", "scopeKind": "namespace", "description": "unavailable"}], "revision_history": [{"471": "11687bdf35796aa59ae3a1afecde9935f4bdd400"}]}