{"is_source_file": true, "format": "C++ header file", "description": "This header file declares the class FbCommonImplementation, which implements interfaces for handling application gateway requests and configuration within the WPEFramework plugin system. It manages routing of device-specific methods via a delegate and provides configuration capabilities.", "external_files": ["Module.h", "<interfaces/IConfiguration.h>", "<interfaces/IAppGateway.h>", "UtilsLogging.h", "delegate/CommonDelegate.h"], "external_methods": ["Exchange::IAppGatewayRequestHandler::HandleAppGatewayRequest", "Exchange::IConfiguration::Configure", "CommonDelegate", "::tolower"], "published": ["HandleAppGatewayRequest", "Configure"], "classes": [{"name": "FbCommonImplementation", "description": "A class implementing app gateway request handling and configuration interfaces, routing device methods and managing delegate interactions."}], "methods": [{"name": "HandleAppGatewayRequest", "description": "Routes device-specific requests via a delegate or returns placeholders."}, {"name": "Configure", "description": "Configures the plugin with a given shell."}, {"name": "std::string ToLower(const std::string & s)", "scope": "WPEFramework::Plugin::FbCommonImplementation", "scopeKind": "class", "description": "unavailable"}], "calls": ["CommonDelegate"], "search-terms": ["FbCommonImplementation", "IAppGatewayRequestHandler", "IConfiguration", "HandleAppGatewayRequest", "Configure", "CommonDelegate", "WPEFramework", "Plugin"], "state": 2, "file_id": 164, "knowledge_revision": 780, "git_revision": "6e3f661b80ec1979b3c44fc4a85d5944642c4704", "revision_history": [{"527": ""}, {"780": "6e3f661b80ec1979b3c44fc4a85d5944642c4704"}], "ctags": [{"_type": "tag", "name": "FbCommonImplementation", "path": "/home/kavia/workspace/code-generation/app-gateway2/app-gateway/FbCommon/FbCommonImplementation.h", "pattern": "/^class FbCommonImplementation : public Exchange::IAppGatewayRequestHandler, public Exchange::ICon/", "language": "C++", "kind": "class", "scope": "WPEFramework::Plugin", "scopeKind": "namespace"}, {"_type": "tag", "name": "Plugin", "path": "/home/kavia/workspace/code-generation/app-gateway2/app-gateway/FbCommon/FbCommonImplementation.h", "pattern": "/^namespace Plugin {$/", "language": "C++", "kind": "namespace", "scope": "WPEFramework", "scopeKind": "namespace"}, {"_type": "tag", "name": "ToLower", "path": "/home/kavia/workspace/code-generation/app-gateway2/app-gateway/FbCommon/FbCommonImplementation.h", "pattern": "/^    static std::string ToLower(const std::string& s) {$/", "language": "C++", "typeref": "typename:std::string", "kind": "function", "signature": "(const std::string & s)", "scope": "WPEFramework::Plugin::FbCommonImplementation", "scopeKind": "class"}, {"_type": "tag", "name": "WPEFramework", "path": "/home/kavia/workspace/code-generation/app-gateway2/app-gateway/FbCommon/FbCommonImplementation.h", "pattern": "/^namespace WPEFramework {$/", "language": "C++", "kind": "namespace"}, {"_type": "tag", "name": "mDelegate", "path": "/home/kavia/workspace/code-generation/app-gateway2/app-gateway/FbCommon/FbCommonImplementation.h", "pattern": "/^    std::shared_ptr<CommonDelegate> mDelegate;$/", "language": "C++", "typeref": "typename:std::shared_ptr<CommonDelegate>", "kind": "member", "scope": "WPEFramework::Plugin::FbCommonImplementation", "scopeKind": "class"}, {"_type": "tag", "name": "mShell", "path": "/home/kavia/workspace/code-generation/app-gateway2/app-gateway/FbCommon/FbCommonImplementation.h", "pattern": "/^    PluginHost::IShell* mShell;$/", "language": "C++", "typeref": "typename:PluginHost::IShell *", "kind": "member", "scope": "WPEFramework::Plugin::FbCommonImplementation", "scopeKind": "class"}], "hash": "31e5a09df57c99ed9672bd72d0fd2e95", "format-version": 4, "code-base-name": "app-gateway2", "filename": "app-gateway/FbCommon/FbCommonImplementation.h", "fields": [{"name": "std::shared_ptr<CommonDelegate> mDelegate", "scope": "WPEFramework::Plugin::FbCommonImplementation", "scopeKind": "class", "description": "unavailable"}, {"name": "PluginHost::IShell * mShell", "scope": "WPEFramework::Plugin::FbCommonImplementation", "scopeKind": "class", "description": "unavailable"}]}