{"is_source_file": true, "format": "C++", "description": "This file appears to be a C++ source file related to module initialization or registration, indicated by the inclusion of 'Module.h' and the use of a macro 'MODULE_NAME_DECLARATION'. The rest of the content suggests it handles module configuration or branding within the project.", "external_files": ["Module.h"], "external_methods": ["MODULE_NAME_DECLARATION"], "published": [], "classes": [], "methods": [], "calls": ["MODULE_NAME_DECLARATION"], "search-terms": ["Module.cpp", "MODULE_NAME_DECLARATION", "app-gateway", "AppNotifications", "Module"], "state": 2, "file_id": 256, "knowledge_revision": 829, "git_revision": "f1974340ca5df4b8185ade381a20b29035080832", "ctags": [], "hash": "9f75d4577671e73dfad6cadc5893c5ce", "format-version": 4, "code-base-name": "app-gateway2", "filename": "app-gateway/AppNotifications/Module.cpp", "revision_history": [{"829": "f1974340ca5df4b8185ade381a20b29035080832"}]}