{"is_source_file": false, "format": "", "description": "", "external_files": [], "external_methods": [], "published": [], "classes": [], "methods": [], "calls": [], "search-terms": [], "state": 2, "file_id": 7, "knowledge_revision": 627, "git_revision": "29a5080329e5f08afebd86bd055b5f6119b1301a", "revision_history": [{"31": "2716c672eb9834bc1b267530d5c0eaf9087df9c6"}, {"53": "2716c672eb9834bc1b267530d5c0eaf9087df9c6"}, {"54": "a814d2928cddce7da2572a5d13e952b1b5dcdf7e"}, {"63": "c3634c8b76e3de6b3c4297360b3731994909d460"}, {"627": "29a5080329e5f08afebd86bd055b5f6119b1301a"}], "ctags": [{"_type": "tag", "name": "EXTERNAL", "path": "/home/kavia/workspace/code-generation/app-gateway2/app-gateway/AppGateway/Module.h", "pattern": "/^#define EXTERNAL$/", "language": "C++", "kind": "macro"}, {"_type": "tag", "name": "MODULE_NAME", "path": "/home/kavia/workspace/code-generation/app-gateway2/app-gateway/AppGateway/Module.h", "pattern": "/^#define MODULE_NAME /", "language": "C++", "kind": "macro"}], "hash": "4587ba63f25caf26c168ac9d1d950be4", "format-version": 4, "code-base-name": "app-gateway2", "filename": "app-gateway/AppGateway/Module.h"}