{"is_source_file": true, "format": "C++", "description": "This file appears to be a C++ source file for a software module, including license information, a header include, and a macro invocation.", "external_files": ["Module.h"], "external_methods": ["MODULE_NAME_DECLARATION"], "published": [], "classes": [], "methods": [], "calls": ["MODULE_NAME_DECLARATION"], "search-terms": ["MODULE_NAME_DECLARATION", "BuildReference", "C++ Source", "Module.cpp"], "state": 2, "file_id": 200, "knowledge_revision": 693, "git_revision": "7541615396d97800a8dedd6a14e20d3bd2197bf0", "ctags": [], "hash": "8084e87232c1d4807b2716be75c0cba3", "format-version": 4, "code-base-name": "app-gateway2", "filename": "app-gateway/Badger/Module.cpp", "revision_history": [{"693": "7541615396d97800a8dedd6a14e20d3bd2197bf0"}]}