{"is_source_file": false, "format": "", "description": "", "external_files": [], "external_methods": [], "published": [], "classes": [], "methods": [], "calls": [], "search-terms": [], "state": 2, "file_id": 228, "knowledge_revision": 751, "git_revision": "727800fc84f5393f5ac231785d3764465fe20036", "hash": "a3e27a35c749ca386eec1f90d1763130", "format-version": 4, "code-base-name": "app-gateway2", "filename": "app-gateway/LaunchDelegate/resolutions/resolution.privacy.json", "revision_history": [{"751": "727800fc84f5393f5ac231785d3764465fe20036"}]}