{"is_source_file": true, "format": "C++ header file", "description": "This file defines the IUserSettings interface within the WPEFramework's Exchange namespace. It includes nested notification interface and declares methods related to user accessibility and preferences such as audio description, language settings, and guidance features.", "external_files": ["<plugins/Module.h>", "Core::IUnknown", "Core::hresult"], "external_methods": ["Core::IUnknown::virtual destructor", "Core::IUnknown::Register", "Core::IUnknown::Unregister"], "published": ["WPEFramework::Exchange::IUserSettings"], "classes": [{"name": "IUserSettings", "description": "Interface for user settings management, including registration for change notifications and access to various user preference properties."}, {"name": "INotification", "description": "Notification interface for user setting changes, with callbacks for various accessibility and language preferences."}], "methods": [{"name": "Register", "description": "Register for notifications of user setting changes."}, {"name": "Unregister", "description": "Unregister from notifications."}, {"name": "GetVoiceGuidance", "description": "Retrieve whether voice guidance is enabled."}, {"name": "GetHighContrast", "description": "Retrieve whether high contrast mode is enabled."}, {"name": "SetVoiceGuidance", "description": "Enable or disable voice guidance."}, {"name": "SetVoiceGuidanceRate", "description": "Set the rate of voice guidance."}, {"name": "SetVoiceGuidanceHints", "description": "Enable or disable voice guidance hints."}, {"name": "GetVoiceGuidanceRate", "description": "Get the current voice guidance rate."}, {"name": "GetVoiceGuidanceHints", "description": "Check if voice guidance hints are enabled."}, {"name": "GetPresentationLanguage", "description": "Get the current presentation language."}, {"name": "SetPresentationLanguage", "description": "Set the presentation language."}, {"name": "GetPreferredAudioLanguages", "description": "Get preferred audio languages as CSV."}, {"name": "SetPreferredAudioLanguages", "description": "Set preferred audio languages from CSV."}, {"name": "GetPreferredCaptionsLanguages", "description": "Get preferred captions languages as CSV."}, {"name": "SetPreferredCaptionsLanguages", "description": "Set preferred captions languages from CSV."}, {"name": "GetAudioDescription", "description": "Check if audio description is enabled."}, {"name": "SetAudioDescription", "description": "Enable or disable audio description."}, {"name": "GetCaptions", "description": "Check if captions are enabled."}, {"name": "SetCaptions", "description": "Enable or disable captions."}, {"name": "void OnAudioDescriptionChanged(const bool)", "scope": "WPEFramework::Exchange::IUserSettings::INotification", "scopeKind": "struct", "description": "unavailable"}, {"name": "void OnBlockNotRatedContentChanged(const bool)", "scope": "WPEFramework::Exchange::IUserSettings::INotification", "scopeKind": "struct", "description": "unavailable"}, {"name": "void OnCaptionsChanged(const bool)", "scope": "WPEFramework::Exchange::IUserSettings::INotification", "scopeKind": "struct", "description": "unavailable"}, {"name": "void OnContentPinChanged(const string &)", "scope": "WPEFramework::Exchange::IUserSettings::INotification", "scopeKind": "struct", "description": "unavailable"}, {"name": "void OnHighContrastChanged(const bool)", "scope": "WPEFramework::Exchange::IUserSettings::INotification", "scopeKind": "struct", "description": "unavailable"}, {"name": "void OnLiveWatershedChanged(const bool)", "scope": "WPEFramework::Exchange::IUserSettings::INotification", "scopeKind": "struct", "description": "unavailable"}, {"name": "void OnPinControlChanged(const bool)", "scope": "WPEFramework::Exchange::IUserSettings::INotification", "scopeKind": "struct", "description": "unavailable"}, {"name": "void OnPinOnPurchaseChanged(const bool)", "scope": "WPEFramework::Exchange::IUserSettings::INotification", "scopeKind": "struct", "description": "unavailable"}, {"name": "void OnPlaybackWatershedChanged(const bool)", "scope": "WPEFramework::Exchange::IUserSettings::INotification", "scopeKind": "struct", "description": "unavailable"}, {"name": "void OnPreferredAudioLanguagesChanged(const string &)", "scope": "WPEFramework::Exchange::IUserSettings::INotification", "scopeKind": "struct", "description": "unavailable"}, {"name": "void OnPreferredCaptionsLanguagesChanged(const string &)", "scope": "WPEFramework::Exchange::IUserSettings::INotification", "scopeKind": "struct", "description": "unavailable"}, {"name": "void OnPreferredClosedCaptionServiceChanged(const string &)", "scope": "WPEFramework::Exchange::IUserSettings::INotification", "scopeKind": "struct", "description": "unavailable"}, {"name": "void OnPresentationLanguageChanged(const string &)", "scope": "WPEFramework::Exchange::IUserSettings::INotification", "scopeKind": "struct", "description": "unavailable"}, {"name": "void OnPrivacyModeChanged(const string &)", "scope": "WPEFramework::Exchange::IUserSettings::INotification", "scopeKind": "struct", "description": "unavailable"}, {"name": "void OnViewingRestrictionsChanged(const string &)", "scope": "WPEFramework::Exchange::IUserSettings::INotification", "scopeKind": "struct", "description": "unavailable"}, {"name": "void OnViewingRestrictionsWindowChanged(const string &)", "scope": "WPEFramework::Exchange::IUserSettings::INotification", "scopeKind": "struct", "description": "unavailable"}, {"name": "void OnVoiceGuidanceChanged(const bool)", "scope": "WPEFramework::Exchange::IUserSettings::INotification", "scopeKind": "struct", "description": "unavailable"}, {"name": "void OnVoiceGuidanceHintsChanged(const bool)", "scope": "WPEFramework::Exchange::IUserSettings::INotification", "scopeKind": "struct", "description": "unavailable"}, {"name": "void OnVoiceGuidanceRateChanged(const double)", "scope": "WPEFramework::Exchange::IUserSettings::INotification", "scopeKind": "struct", "description": "unavailable"}], "calls": ["Core::IUnknown::~IUnknown()", "Register", "Unregister"], "search-terms": ["IUserSettings", "INotification", "UserSettings", "Accessibility", "Preferences", "Guidance", "Language", "Notifications"], "state": 2, "file_id": 245, "knowledge_revision": 793, "git_revision": "727800fc84f5393f5ac231785d3764465fe20036", "ctags": [{"_type": "tag", "name": "Exchange", "path": "/home/kavia/workspace/code-generation/app-gateway2/app-gateway/interfaces/IUserSettings.h", "pattern": "/^namespace Exchange {$/", "language": "C++", "kind": "namespace", "scope": "WPEFramework", "scopeKind": "namespace"}, {"_type": "tag", "name": "ID", "path": "/home/kavia/workspace/code-generation/app-gateway2/app-gateway/interfaces/IUserSettings.h", "pattern": "/^            enum { ID = ID_USERSETTINGS + 1 };$/", "language": "C++", "kind": "enumerator", "scope": "WPEFramework::Exchange::IUserSettings::INotification::__anon8d05a05a0203", "scopeKind": "enum"}, {"_type": "tag", "name": "ID", "path": "/home/kavia/workspace/code-generation/app-gateway2/app-gateway/interfaces/IUserSettings.h", "pattern": "/^        enum { ID = ID_USERSETTINGS };$/", "language": "C++", "kind": "enumerator", "scope": "WPEFramework::Exchange::IUserSettings::__anon8d05a05a0103", "scopeKind": "enum"}, {"_type": "tag", "name": "ID_USERSETTINGS", "path": "/home/kavia/workspace/code-generation/app-gateway2/app-gateway/interfaces/IUserSettings.h", "pattern": "/^#define ID_USERSETTINGS /", "language": "C++", "kind": "macro"}, {"_type": "tag", "name": "INotification", "path": "/home/kavia/workspace/code-generation/app-gateway2/app-gateway/interfaces/IUserSettings.h", "pattern": "/^        struct EXTERNAL INotification : virtual public Core::IUnknown {$/", "language": "C++", "kind": "struct", "scope": "WPEFramework::Exchange::IUserSettings", "scopeKind": "struct"}, {"_type": "tag", "name": "IUserSettings", "path": "/home/kavia/workspace/code-generation/app-gateway2/app-gateway/interfaces/IUserSettings.h", "pattern": "/^    struct EXTERNAL IUserSettings : virtual public Core::IUnknown {$/", "language": "C++", "kind": "struct", "scope": "WPEFramework::Exchange", "scopeKind": "namespace"}, {"_type": "tag", "name": "OnAudioDescriptionChanged", "path": "/home/kavia/workspace/code-generation/app-gateway2/app-gateway/interfaces/IUserSettings.h", "pattern": "/^            virtual void OnAudioDescriptionChanged(const bool \\/*enabled*\\/) {}$/", "language": "C++", "typeref": "typename:void", "kind": "function", "signature": "(const bool)", "scope": "WPEFramework::Exchange::IUserSettings::INotification", "scopeKind": "struct"}, {"_type": "tag", "name": "OnBlockNotRatedContentChanged", "path": "/home/kavia/workspace/code-generation/app-gateway2/app-gateway/interfaces/IUserSettings.h", "pattern": "/^            virtual void OnBlockNotRatedContentChanged(const bool \\/*blockNotRatedContent*\\/) {}$/", "language": "C++", "typeref": "typename:void", "kind": "function", "signature": "(const bool)", "scope": "WPEFramework::Exchange::IUserSettings::INotification", "scopeKind": "struct"}, {"_type": "tag", "name": "OnCaptionsChanged", "path": "/home/kavia/workspace/code-generation/app-gateway2/app-gateway/interfaces/IUserSettings.h", "pattern": "/^            virtual void OnCaptionsChanged(const bool \\/*enabled*\\/) {}$/", "language": "C++", "typeref": "typename:void", "kind": "function", "signature": "(const bool)", "scope": "WPEFramework::Exchange::IUserSettings::INotification", "scopeKind": "struct"}, {"_type": "tag", "name": "OnContentPinChanged", "path": "/home/kavia/workspace/code-generation/app-gateway2/app-gateway/interfaces/IUserSettings.h", "pattern": "/^            virtual void OnContentPinChanged(const string& \\/*contentPin*\\/) {}$/", "language": "C++", "typeref": "typename:void", "kind": "function", "signature": "(const string &)", "scope": "WPEFramework::Exchange::IUserSettings::INotification", "scopeKind": "struct"}, {"_type": "tag", "name": "OnHighContrastChanged", "path": "/home/kavia/workspace/code-generation/app-gateway2/app-gateway/interfaces/IUserSettings.h", "pattern": "/^            virtual void OnHighContrastChanged(const bool \\/*enabled*\\/) {}$/", "language": "C++", "typeref": "typename:void", "kind": "function", "signature": "(const bool)", "scope": "WPEFramework::Exchange::IUserSettings::INotification", "scopeKind": "struct"}, {"_type": "tag", "name": "OnLiveWatershedChanged", "path": "/home/kavia/workspace/code-generation/app-gateway2/app-gateway/interfaces/IUserSettings.h", "pattern": "/^            virtual void OnLiveWatershedChanged(const bool \\/*liveWatershed*\\/) {}$/", "language": "C++", "typeref": "typename:void", "kind": "function", "signature": "(const bool)", "scope": "WPEFramework::Exchange::IUserSettings::INotification", "scopeKind": "struct"}, {"_type": "tag", "name": "OnPinControlChanged", "path": "/home/kavia/workspace/code-generation/app-gateway2/app-gateway/interfaces/IUserSettings.h", "pattern": "/^            virtual void OnPinControlChanged(const bool \\/*pinControl*\\/) {}$/", "language": "C++", "typeref": "typename:void", "kind": "function", "signature": "(const bool)", "scope": "WPEFramework::Exchange::IUserSettings::INotification", "scopeKind": "struct"}, {"_type": "tag", "name": "OnPinOnPurchaseChanged", "path": "/home/kavia/workspace/code-generation/app-gateway2/app-gateway/interfaces/IUserSettings.h", "pattern": "/^            virtual void OnPinOnPurchaseChanged(const bool \\/*pinOnPurchase*\\/) {}$/", "language": "C++", "typeref": "typename:void", "kind": "function", "signature": "(const bool)", "scope": "WPEFramework::Exchange::IUserSettings::INotification", "scopeKind": "struct"}, {"_type": "tag", "name": "OnPlaybackWatershedChanged", "path": "/home/kavia/workspace/code-generation/app-gateway2/app-gateway/interfaces/IUserSettings.h", "pattern": "/^            virtual void OnPlaybackWatershedChanged(const bool \\/*playbackWatershed*\\/) {}$/", "language": "C++", "typeref": "typename:void", "kind": "function", "signature": "(const bool)", "scope": "WPEFramework::Exchange::IUserSettings::INotification", "scopeKind": "struct"}, {"_type": "tag", "name": "OnPreferredAudioLanguagesChanged", "path": "/home/kavia/workspace/code-generation/app-gateway2/app-gateway/interfaces/IUserSettings.h", "pattern": "/^            virtual void OnPreferredAudioLanguagesChanged(const string& \\/*preferredLanguages*\\//", "language": "C++", "typeref": "typename:void", "kind": "function", "signature": "(const string &)", "scope": "WPEFramework::Exchange::IUserSettings::INotification", "scopeKind": "struct"}, {"_type": "tag", "name": "OnPreferredCaptionsLanguagesChanged", "path": "/home/kavia/workspace/code-generation/app-gateway2/app-gateway/interfaces/IUserSettings.h", "pattern": "/^            virtual void OnPreferredCaptionsLanguagesChanged(const string& \\/*preferredLanguages/", "language": "C++", "typeref": "typename:void", "kind": "function", "signature": "(const string &)", "scope": "WPEFramework::Exchange::IUserSettings::INotification", "scopeKind": "struct"}, {"_type": "tag", "name": "OnPreferredClosedCaptionServiceChanged", "path": "/home/kavia/workspace/code-generation/app-gateway2/app-gateway/interfaces/IUserSettings.h", "pattern": "/^            virtual void OnPreferredClosedCaptionServiceChanged(const string& \\/*service*\\/) {}$/", "language": "C++", "typeref": "typename:void", "kind": "function", "signature": "(const string &)", "scope": "WPEFramework::Exchange::IUserSettings::INotification", "scopeKind": "struct"}, {"_type": "tag", "name": "OnPresentationLanguageChanged", "path": "/home/kavia/workspace/code-generation/app-gateway2/app-gateway/interfaces/IUserSettings.h", "pattern": "/^            virtual void OnPresentationLanguageChanged(const string& \\/*presentationLanguage*\\/)/", "language": "C++", "typeref": "typename:void", "kind": "function", "signature": "(const string &)", "scope": "WPEFramework::Exchange::IUserSettings::INotification", "scopeKind": "struct"}, {"_type": "tag", "name": "OnPrivacyModeChanged", "path": "/home/kavia/workspace/code-generation/app-gateway2/app-gateway/interfaces/IUserSettings.h", "pattern": "/^            virtual void OnPrivacyModeChanged(const string& \\/*privacyMode*\\/) {}$/", "language": "C++", "typeref": "typename:void", "kind": "function", "signature": "(const string &)", "scope": "WPEFramework::Exchange::IUserSettings::INotification", "scopeKind": "struct"}, {"_type": "tag", "name": "OnViewingRestrictionsChanged", "path": "/home/kavia/workspace/code-generation/app-gateway2/app-gateway/interfaces/IUserSettings.h", "pattern": "/^            virtual void OnViewingRestrictionsChanged(const string& \\/*viewingRestrictions*\\/) {/", "language": "C++", "typeref": "typename:void", "kind": "function", "signature": "(const string &)", "scope": "WPEFramework::Exchange::IUserSettings::INotification", "scopeKind": "struct"}, {"_type": "tag", "name": "OnViewingRestrictionsWindowChanged", "path": "/home/kavia/workspace/code-generation/app-gateway2/app-gateway/interfaces/IUserSettings.h", "pattern": "/^            virtual void OnViewingRestrictionsWindowChanged(const string& \\/*viewingRestrictions/", "language": "C++", "typeref": "typename:void", "kind": "function", "signature": "(const string &)", "scope": "WPEFramework::Exchange::IUserSettings::INotification", "scopeKind": "struct"}, {"_type": "tag", "name": "OnVoiceGuidanceChanged", "path": "/home/kavia/workspace/code-generation/app-gateway2/app-gateway/interfaces/IUserSettings.h", "pattern": "/^            virtual void OnVoiceGuidanceChanged(const bool \\/*enabled*\\/) {}$/", "language": "C++", "typeref": "typename:void", "kind": "function", "signature": "(const bool)", "scope": "WPEFramework::Exchange::IUserSettings::INotification", "scopeKind": "struct"}, {"_type": "tag", "name": "OnVoiceGuidanceHintsChanged", "path": "/home/kavia/workspace/code-generation/app-gateway2/app-gateway/interfaces/IUserSettings.h", "pattern": "/^            virtual void OnVoiceGuidanceHintsChanged(const bool \\/*hints*\\/) {}$/", "language": "C++", "typeref": "typename:void", "kind": "function", "signature": "(const bool)", "scope": "WPEFramework::Exchange::IUserSettings::INotification", "scopeKind": "struct"}, {"_type": "tag", "name": "OnVoiceGuidanceRateChanged", "path": "/home/kavia/workspace/code-generation/app-gateway2/app-gateway/interfaces/IUserSettings.h", "pattern": "/^            virtual void OnVoiceGuidanceRateChanged(const double \\/*rate*\\/) {}$/", "language": "C++", "typeref": "typename:void", "kind": "function", "signature": "(const double)", "scope": "WPEFramework::Exchange::IUserSettings::INotification", "scopeKind": "struct"}, {"_type": "tag", "name": "WPEFramework", "path": "/home/kavia/workspace/code-generation/app-gateway2/app-gateway/interfaces/IUserSettings.h", "pattern": "/^namespace WPEFramework {$/", "language": "C++", "kind": "namespace"}, {"_type": "tag", "name": "__anon8d05a05a0103", "path": "/home/kavia/workspace/code-generation/app-gateway2/app-gateway/interfaces/IUserSettings.h", "pattern": "/^        enum { ID = ID_USERSETTINGS };$/", "language": "C++", "kind": "enum", "scope": "WPEFramework::Exchange::IUserSettings", "scopeKind": "struct"}, {"_type": "tag", "name": "__anon8d05a05a0203", "path": "/home/kavia/workspace/code-generation/app-gateway2/app-gateway/interfaces/IUserSettings.h", "pattern": "/^            enum { ID = ID_USERSETTINGS + 1 };$/", "language": "C++", "kind": "enum", "scope": "WPEFramework::Exchange::IUserSettings::INotification", "scopeKind": "struct"}], "hash": "8bb3da29487afe60b602a681211935a7", "format-version": 4, "code-base-name": "app-gateway2", "filename": "app-gateway/interfaces/IUserSettings.h", "revision_history": [{"793": "727800fc84f5393f5ac231785d3764465fe20036"}]}