{"is_source_file": false, "format": "", "description": "", "external_files": [], "external_methods": [], "published": [], "classes": [], "methods": [], "calls": [], "search-terms": [], "state": 2, "file_id": 194, "knowledge_revision": 639, "git_revision": "29a5080329e5f08afebd86bd055b5f6119b1301a", "hash": "81562d85b1c3a8e0e95beb1ce62377ec", "format-version": 4, "code-base-name": "app-gateway2", "filename": "app-gateway/AppGateway/resolutions/resolution.eos.json", "revision_history": [{"639": "29a5080329e5f08afebd86bd055b5f6119b1301a"}]}