{"is_source_file": true, "format": "C++ header file", "description": "This header file defines classes, structures, and enums for managing lifecycle, session, and application info in a plugin-based framework for application launching, session management, and lifecycle state tracking within the WPEFramework Plugin namespace.", "external_files": ["Module.h", "<mutex>", "<map>"], "external_methods": ["Core::JSON::Container::Add", "Core::JSON::String::IsSet", "Core::JSON::String::Value", "Core::JSON::String::String", "Core::JSON::Boolean::Boolean", "Core::JSON::EnumType::EnumType", "Core::JSON::Container::Validate", "Core::JSON::Container::GetSession", "Core::JSON::Container::GetLaunchInfo", "Core::JSON::Container::GetAppInfo", "Core::JSON::Container::Validate", "Core::JSON::Container::getLifecycleInfo", "Core::JSON::Container::Add", "Core::JSON::Container::Add", "Core::JSON::Container::Add", "Core::JSON::Container::Add"], "published": ["AppBasicInfo", "JAppBasicInfo", "AppLaunchInfo", "AppSession", "JAppSession", "SessionInfo", "JAppSessionResponse", "LifecycleState", "LifecycleInfo", "LifecycleChange", "JSetSession", "AppSessionIdRegistry", "ContentPartnerIdRegistry"], "classes": [{"name": "AppBasicInfo", "description": "Holds basic info about an application, including id, catalog, url, and title."}, {"name": "JAppBasicInfo", "description": "JSON container for representing and validating application basic info."}, {"name": "AppLaunchInfo", "description": "Contains information required to launch an application, including intent JSON and inactive flag."}, {"name": "AppSession", "description": "Represents an application session, combining app info and launch info, with accessor methods."}, {"name": "JAppSession", "description": "JSON container for application session, allowing validation and conversion to AppSession object."}, {"name": "SessionInfo", "description": "Structure holding session identifiers such as appId, sessionId, loadedSessionId, activeSessionId."}, {"name": "JAppSessionResponse", "description": "JSON container for session response, containing session IDs and transition status, with validation."}, {"name": "SessionInfoRegistry", "description": "Thread-safe registry managing SessionInfo objects associated with keys."}, {"name": "LifecycleState", "description": "Enum representing various lifecycle states of an application or component."}, {"name": "LifecycleInfo", "description": "Holds the current and previous lifecycle states along with the source of the state change."}, {"name": "LifecycleChange", "description": "JSON container representing a change in lifecycle state, with validation."}, {"name": "JSetSession", "description": "JSON container to set the lifecycle state and associate it with an application ID."}, {"name": "AppSessionIdRegistry", "description": "Thread-safe registry mapping application IDs to session IDs."}, {"name": "ContentPartnerIdRegistry", "description": "Thread-safe registry mapping application IDs to content partner IDs."}], "methods": [{"name": "GetAppInfo", "description": "Returns AppBasicInfo object constructed from JSON fields."}, {"name": "bool Validate(string & error) const", "description": "Validates the JSON container fields, e.g., ensuring required fields are set.", "scope": "WPEFramework::Plugin::JAppSessionRequest", "scopeKind": "class"}, {"name": "AppLaunchInfo GetLaunchInfo() const", "description": "Extracts launch info from JSON into AppLaunchInfo structure.", "scope": "WPEFramework::Plugin::JAppSession", "scopeKind": "class"}, {"name": "AppSession GetSession() const", "description": "Assembles an AppSession object from JSON data.", "scope": "WPEFramework::Plugin::JAppSessionRequest", "scopeKind": "class"}, {"name": "SessionInfo getSessionInfo()", "description": "Retrieves session identifiers into a SessionInfo structure.", "scope": "WPEFramework::Plugin::JAppSessionResponse", "scopeKind": "class"}, {"name": "getLifecycleInfo", "description": "Extracts lifecycle info into a LifecycleInfo object."}, {"name": "Validate", "description": "Validates lifecycle change data."}, {"name": "getLifecycleInfo", "description": "Returns a LifecycleInfo object representing current lifecycle state details."}, {"name": "void Add(const std::string & key,const AppSession & session)", "description": "Adds a key-value pair to the respective registry map with thread safety.", "scope": "WPEFramework::Plugin::AppRegistry", "scopeKind": "class"}, {"name": "void Remove(const std::string & key)", "description": "Removes a key from the registry map with thread safety.", "scope": "WPEFramework::Plugin::SessionInfoRegistry", "scopeKind": "class"}, {"name": "bool Get(const std::string & appId,std::string & contentPartnerId)", "description": "Retrieves data from the registry map, e.g., session info or lifecycle info.", "scope": "WPEFramework::Plugin::ContentPartnerIdRegistry", "scopeKind": "class"}, {"name": "AddInitial", "description": "Initializes and adds default lifecycle info to registry."}, {"name": "UpdateLifecycle", "description": "Updates lifecycle state for a key and tracks previous state."}, {"name": "bool GetAppId(const std::string & key,std::string & appId)", "description": "Retrieves the App ID for a session given a key.", "scope": "WPEFramework::Plugin::AppRegistry", "scopeKind": "class"}, {"name": "GetAppIntent", "description": "Retrieves intent string for a given appId."}, {"name": "void Add(const std::string & key,const LifecycleInfo & session)", "description": "Adds a session or registry entry with thread safety.", "scope": "WPEFramework::Plugin::LifecycleInfoRegistry", "scopeKind": "class"}, {"name": "void Remove(const std::string & appId)", "description": "Removes a session or registry entry with thread safety.", "scope": "WPEFramework::Plugin::ContentPartnerIdRegistry", "scopeKind": "class"}, {"name": "bool Get(const std::string & appId,std::string & sessionId)", "description": "Gets a session or registry entry, e.g., appId, sessionId.", "scope": "WPEFramework::Plugin::AppSessionIdRegistry", "scopeKind": "class"}, {"name": "void Add(const std::string & key,const SessionInfo & session)", "description": "Adds a mapping from appId to sessionId with thread safety.", "scope": "WPEFramework::Plugin::SessionInfoRegistry", "scopeKind": "class"}, {"name": "Remove", "description": "Removes an appId to sessionId mapping with thread safety."}, {"name": "Get", "description": "Retrieves sessionId for given appId."}, {"name": "void Add(const std::string & appId,const std::string & appSessionId)", "description": "Adds a mapping from appId to contentPartnerId with thread safety.", "scope": "WPEFramework::Plugin::AppSessionIdRegistry", "scopeKind": "class"}, {"name": "Remove", "description": "Removes an appId to contentPartnerId mapping with thread safety."}, {"name": "Get", "description": "Retrieves contentPartnerId for given appId."}, {"name": "void Add(const std::string & appId,const std::string & contentPartnerId)", "scope": "WPEFramework::Plugin::ContentPartnerIdRegistry", "scopeKind": "class", "description": "unavailable"}, {"name": "string GetAppId() const", "scope": "WPEFramework::Plugin::JSetSession", "scopeKind": "class", "description": "unavailable"}, {"name": "string GetAppId()", "scope": "WPEFramework::Plugin::AppSession", "scopeKind": "struct", "description": "unavailable"}, {"name": "string GetCatalog()", "scope": "WPEFramework::Plugin::AppSession", "scopeKind": "struct", "description": "unavailable"}, {"name": "JsonValue GetIntent()", "scope": "WPEFramework::Plugin::AppSession", "scopeKind": "struct", "description": "unavailable"}, {"name": "LifecycleState GetState() const", "scope": "WPEFramework::Plugin::JSetSession", "scopeKind": "class", "description": "unavailable"}, {"name": "void IntentToString(string & str) const", "scope": "WPEFramework::Plugin::AppSession", "scopeKind": "struct", "description": "unavailable"}, {"name": "bool IsInactive()", "scope": "WPEFramework::Plugin::AppSession", "scopeKind": "struct", "description": "unavailable"}, {"name": "JAppBasicInfo()", "scope": "WPEFramework::Plugin::JAppBasicInfo", "scopeKind": "class", "description": "unavailable"}, {"name": "JAppSession()", "scope": "WPEFramework::Plugin::JAppSession", "scopeKind": "class", "description": "unavailable"}, {"name": "JAppSessionRequest()", "scope": "WPEFramework::Plugin::JAppSessionRequest", "scopeKind": "class", "description": "unavailable"}, {"name": "JAppSessionResponse()", "scope": "WPEFramework::Plugin::JAppSessionResponse", "scopeKind": "class", "description": "unavailable"}, {"name": "JSetSession()", "scope": "WPEFramework::Plugin::JSetSession", "scopeKind": "class", "description": "unavailable"}, {"name": "LifecycleChange()", "scope": "WPEFramework::Plugin::LifecycleChange", "scopeKind": "class", "description": "unavailable"}, {"name": "bool MatchAppId(const std::string & appId) const", "scope": "WPEFramework::Plugin::AppSession", "scopeKind": "struct", "description": "unavailable"}], "calls": ["AppBasicInfo::GetAppInfo", "JAppBasicInfo::Validate", "AppSession::GetAppId", "AppSession::GetIntent", "AppSession::GetCatalog", "AppSession::IsInactive", "AppSession::MatchAppId", "AppSession::IntentToString", "JAppSession::Validate", "JAppSession::GetSession", "SessionInfo::getSessionInfo", "LifecycleChange::Validate", "LifecycleChange::getLifecycleInfo", "AppSessionIdRegistry::Add", "AppSessionIdRegistry::Remove", "AppSessionIdRegistry::Get", "ContentPartnerIdRegistry::Add", "ContentPartnerIdRegistry::Remove", "ContentPartnerIdRegistry::Get"], "search-terms": ["LifecycleManagement", "AppSession", "LifecycleState", "SessionInfo", "Registry", "AppBasicInfo", "LifecycleInfo", "JSON", "AppRegistry", "LifecycleChange"], "state": 2, "file_id": 231, "knowledge_revision": 766, "git_revision": "727800fc84f5393f5ac231785d3764465fe20036", "ctags": [{"_type": "tag", "name": "Add", "path": "/home/kavia/workspace/code-generation/app-gateway2/app-gateway/LaunchDelegate/LifecycleManagement.h", "pattern": "/^            void Add(const std::string& key, const AppSession &session) {$/", "language": "C++", "typeref": "typename:void", "kind": "function", "signature": "(const std::string & key,const AppSession & session)", "scope": "WPEFramework::Plugin::AppRegistry", "scopeKind": "class"}, {"_type": "tag", "name": "Add", "path": "/home/kavia/workspace/code-generation/app-gateway2/app-gateway/LaunchDelegate/LifecycleManagement.h", "pattern": "/^            void Add(const std::string& key, const LifecycleInfo& session) {$/", "language": "C++", "typeref": "typename:void", "kind": "function", "signature": "(const std::string & key,const LifecycleInfo & session)", "scope": "WPEFramework::Plugin::LifecycleInfoRegistry", "scopeKind": "class"}, {"_type": "tag", "name": "Add", "path": "/home/kavia/workspace/code-generation/app-gateway2/app-gateway/LaunchDelegate/LifecycleManagement.h", "pattern": "/^            void Add(const std::string& key, const SessionInfo &session) {$/", "language": "C++", "typeref": "typename:void", "kind": "function", "signature": "(const std::string & key,const SessionInfo & session)", "scope": "WPEFramework::Plugin::SessionInfoRegistry", "scopeKind": "class"}, {"_type": "tag", "name": "Add", "path": "/home/kavia/workspace/code-generation/app-gateway2/app-gateway/LaunchDelegate/LifecycleManagement.h", "pattern": "/^        void Add(const std::string &appId, const std::string &appSessionId)$/", "language": "C++", "typeref": "typename:void", "kind": "function", "signature": "(const std::string & appId,const std::string & appSessionId)", "scope": "WPEFramework::Plugin::AppSessionIdRegistry", "scopeKind": "class"}, {"_type": "tag", "name": "Add", "path": "/home/kavia/workspace/code-generation/app-gateway2/app-gateway/LaunchDelegate/LifecycleManagement.h", "pattern": "/^        void Add(const std::string &appId, const std::string &contentPartnerId)$/", "language": "C++", "typeref": "typename:void", "kind": "function", "signature": "(const std::string & appId,const std::string & contentPartnerId)", "scope": "WPEFramework::Plugin::ContentPartnerIdRegistry", "scopeKind": "class"}, {"_type": "tag", "name": "AppBasicInfo", "path": "/home/kavia/workspace/code-generation/app-gateway2/app-gateway/LaunchDelegate/LifecycleManagement.h", "pattern": "/^    struct AppBasicInfo {$/", "language": "C++", "kind": "struct", "scope": "WPEFramework::Plugin", "scopeKind": "namespace"}, {"_type": "tag", "name": "AppLaunchInfo", "path": "/home/kavia/workspace/code-generation/app-gateway2/app-gateway/LaunchDelegate/LifecycleManagement.h", "pattern": "/^    struct AppLaunchInfo {$/", "language": "C++", "kind": "struct", "scope": "WPEFramework::Plugin", "scopeKind": "namespace"}, {"_type": "tag", "name": "AppRegistry", "path": "/home/kavia/workspace/code-generation/app-gateway2/app-gateway/LaunchDelegate/LifecycleManagement.h", "pattern": "/^    class AppRegistry{$/", "language": "C++", "kind": "class", "scope": "WPEFramework::Plugin", "scopeKind": "namespace"}, {"_type": "tag", "name": "AppSession", "path": "/home/kavia/workspace/code-generation/app-gateway2/app-gateway/LaunchDelegate/LifecycleManagement.h", "pattern": "/^    struct AppSession {$/", "language": "C++", "kind": "struct", "scope": "WPEFramework::Plugin", "scopeKind": "namespace"}, {"_type": "tag", "name": "AppSessionIdRegistry", "path": "/home/kavia/workspace/code-generation/app-gateway2/app-gateway/LaunchDelegate/LifecycleManagement.h", "pattern": "/^    class AppSessionIdRegistry$/", "language": "C++", "kind": "class", "scope": "WPEFramework::Plugin", "scopeKind": "namespace"}, {"_type": "tag", "name": "BACKGROUND", "path": "/home/kavia/workspace/code-generation/app-gateway2/app-gateway/LaunchDelegate/LifecycleManagement.h", "pattern": "/^        BACKGROUND,$/", "language": "C++", "kind": "enumerator", "scope": "WPEFramework::Plugin::LifecycleState", "scopeKind": "enum"}, {"_type": "tag", "name": "ContentPartnerIdRegistry", "path": "/home/kavia/workspace/code-generation/app-gateway2/app-gateway/LaunchDelegate/LifecycleManagement.h", "pattern": "/^    class ContentPartnerIdRegistry$/", "language": "C++", "kind": "class", "scope": "WPEFramework::Plugin", "scopeKind": "namespace"}, {"_type": "tag", "name": "FOREGROUND", "path": "/home/kavia/workspace/code-generation/app-gateway2/app-gateway/LaunchDelegate/LifecycleManagement.h", "pattern": "/^        FOREGROUND,$/", "language": "C++", "kind": "enumerator", "scope": "WPEFramework::Plugin::LifecycleState", "scopeKind": "enum"}, {"_type": "tag", "name": "Get", "path": "/home/kavia/workspace/code-generation/app-gateway2/app-gateway/LaunchDelegate/LifecycleManagement.h", "pattern": "/^        bool Get(const std::string &appId, std::string &contentPartnerId)$/", "language": "C++", "typeref": "typename:bool", "kind": "function", "signature": "(const std::string & appId,std::string & contentPartnerId)", "scope": "WPEFramework::Plugin::ContentPartnerIdRegistry", "scopeKind": "class"}, {"_type": "tag", "name": "Get", "path": "/home/kavia/workspace/code-generation/app-gateway2/app-gateway/LaunchDelegate/LifecycleManagement.h", "pattern": "/^        bool Get(const std::string &appId, std::string &sessionId)$/", "language": "C++", "typeref": "typename:bool", "kind": "function", "signature": "(const std::string & appId,std::string & sessionId)", "scope": "WPEFramework::Plugin::AppSessionIdRegistry", "scopeKind": "class"}, {"_type": "tag", "name": "GetAppId", "path": "/home/kavia/workspace/code-generation/app-gateway2/app-gateway/LaunchDelegate/LifecycleManagement.h", "pattern": "/^            bool GetAppId(const std::string& key, std::string& appId) {$/", "language": "C++", "typeref": "typename:bool", "kind": "function", "signature": "(const std::string & key,std::string & appId)", "scope": "WPEFramework::Plugin::AppRegistry", "scopeKind": "class"}, {"_type": "tag", "name": "GetAppId", "path": "/home/kavia/workspace/code-generation/app-gateway2/app-gateway/LaunchDelegate/LifecycleManagement.h", "pattern": "/^            string GetAppId() const {$/", "language": "C++", "typeref": "typename:string", "kind": "function", "signature": "() const", "scope": "WPEFramework::Plugin::JSetSession", "scopeKind": "class"}, {"_type": "tag", "name": "GetAppId", "path": "/home/kavia/workspace/code-generation/app-gateway2/app-gateway/LaunchDelegate/LifecycleManagement.h", "pattern": "/^        string GetAppId() {$/", "language": "C++", "typeref": "typename:string", "kind": "function", "signature": "()", "scope": "WPEFramework::Plugin::AppSession", "scopeKind": "struct"}, {"_type": "tag", "name": "GetCatalog", "path": "/home/kavia/workspace/code-generation/app-gateway2/app-gateway/LaunchDelegate/LifecycleManagement.h", "pattern": "/^        string GetCatalog() {$/", "language": "C++", "typeref": "typename:string", "kind": "function", "signature": "()", "scope": "WPEFramework::Plugin::AppSession", "scopeKind": "struct"}, {"_type": "tag", "name": "GetIntent", "path": "/home/kavia/workspace/code-generation/app-gateway2/app-gateway/LaunchDelegate/LifecycleManagement.h", "pattern": "/^        JsonValue GetIntent() {$/", "language": "C++", "typeref": "typename:JsonValue", "kind": "function", "signature": "()", "scope": "WPEFramework::Plugin::AppSession", "scopeKind": "struct"}, {"_type": "tag", "name": "GetLaunchInfo", "path": "/home/kavia/workspace/code-generation/app-gateway2/app-gateway/LaunchDelegate/LifecycleManagement.h", "pattern": "/^        AppLaunchInfo GetLaunchInfo() const {$/", "language": "C++", "typeref": "typename:AppLaunchInfo", "kind": "function", "signature": "() const", "scope": "WPEFramework::Plugin::JAppSession", "scopeKind": "class"}, {"_type": "tag", "name": "GetSession", "path": "/home/kavia/workspace/code-generation/app-gateway2/app-gateway/LaunchDelegate/LifecycleManagement.h", "pattern": "/^        AppSession GetSession() const {$/", "language": "C++", "typeref": "typename:AppSession", "kind": "function", "signature": "() const", "scope": "WPEFramework::Plugin::JAppSession", "scopeKind": "class"}, {"_type": "tag", "name": "GetSession", "path": "/home/kavia/workspace/code-generation/app-gateway2/app-gateway/LaunchDelegate/LifecycleManagement.h", "pattern": "/^        AppSession GetSession() const {$/", "language": "C++", "typeref": "typename:AppSession", "kind": "function", "signature": "() const", "scope": "WPEFramework::Plugin::JAppSessionRequest", "scopeKind": "class"}, {"_type": "tag", "name": "GetState", "path": "/home/kavia/workspace/code-generation/app-gateway2/app-gateway/LaunchDelegate/LifecycleManagement.h", "pattern": "/^            LifecycleState GetState() const {$/", "language": "C++", "typeref": "typename:LifecycleState", "kind": "function", "signature": "() const", "scope": "WPEFramework::Plugin::JSetSession", "scopeKind": "class"}, {"_type": "tag", "name": "INACTIVE", "path": "/home/kavia/workspace/code-generation/app-gateway2/app-gateway/LaunchDelegate/LifecycleManagement.h", "pattern": "/^        INACTIVE,$/", "language": "C++", "kind": "enumerator", "scope": "WPEFramework::Plugin::LifecycleState", "scopeKind": "enum"}, {"_type": "tag", "name": "INITIALIZING", "path": "/home/kavia/workspace/code-generation/app-gateway2/app-gateway/LaunchDelegate/LifecycleManagement.h", "pattern": "/^        INITIALIZING = 0,$/", "language": "C++", "kind": "enumerator", "scope": "WPEFramework::Plugin::LifecycleState", "scopeKind": "enum"}, {"_type": "tag", "name": "IntentToString", "path": "/home/kavia/workspace/code-generation/app-gateway2/app-gateway/LaunchDelegate/LifecycleManagement.h", "pattern": "/^        void IntentToString(string& str) const {$/", "language": "C++", "typeref": "typename:void", "kind": "function", "signature": "(string & str) const", "scope": "WPEFramework::Plugin::AppSession", "scopeKind": "struct"}, {"_type": "tag", "name": "IsInactive", "path": "/home/kavia/workspace/code-generation/app-gateway2/app-gateway/LaunchDelegate/LifecycleManagement.h", "pattern": "/^        bool IsInactive() {$/", "language": "C++", "typeref": "typename:bool", "kind": "function", "signature": "()", "scope": "WPEFramework::Plugin::AppSession", "scopeKind": "struct"}, {"_type": "tag", "name": "JAppBasicInfo", "path": "/home/kavia/workspace/code-generation/app-gateway2/app-gateway/LaunchDelegate/LifecycleManagement.h", "pattern": "/^        JAppBasicInfo() : Core::JSON::Container()$/", "language": "C++", "kind": "function", "signature": "()", "scope": "WPEFramework::Plugin::JAppBasicInfo", "scopeKind": "class"}, {"_type": "tag", "name": "JAppBasicInfo", "path": "/home/kavia/workspace/code-generation/app-gateway2/app-gateway/LaunchDelegate/LifecycleManagement.h", "pattern": "/^    class JAppBasicInfo: public Core::JSON::Container {$/", "language": "C++", "kind": "class", "scope": "WPEFramework::Plugin", "scopeKind": "namespace"}, {"_type": "tag", "name": "JAppSession", "path": "/home/kavia/workspace/code-generation/app-gateway2/app-gateway/LaunchDelegate/LifecycleManagement.h", "pattern": "/^        JAppSession() : Core::JSON::Container()$/", "language": "C++", "kind": "function", "signature": "()", "scope": "WPEFramework::Plugin::JAppSession", "scopeKind": "class"}, {"_type": "tag", "name": "JAppSession", "path": "/home/kavia/workspace/code-generation/app-gateway2/app-gateway/LaunchDelegate/LifecycleManagement.h", "pattern": "/^    class JAppSession: public Core::JSON::Container {$/", "language": "C++", "kind": "class", "scope": "WPEFramework::Plugin", "scopeKind": "namespace"}, {"_type": "tag", "name": "JAppSessionRequest", "path": "/home/kavia/workspace/code-generation/app-gateway2/app-gateway/LaunchDelegate/LifecycleManagement.h", "pattern": "/^        JAppSessionRequest() : Core::JSON::Container()$/", "language": "C++", "kind": "function", "signature": "()", "scope": "WPEFramework::Plugin::JAppSessionRequest", "scopeKind": "class"}, {"_type": "tag", "name": "JAppSessionRequest", "path": "/home/kavia/workspace/code-generation/app-gateway2/app-gateway/LaunchDelegate/LifecycleManagement.h", "pattern": "/^    class JAppSessionRequest: public Core::JSON::Container {$/", "language": "C++", "kind": "class", "scope": "WPEFramework::Plugin", "scopeKind": "namespace"}, {"_type": "tag", "name": "JAppSessionResponse", "path": "/home/kavia/workspace/code-generation/app-gateway2/app-gateway/LaunchDelegate/LifecycleManagement.h", "pattern": "/^        JAppSessionResponse() : Core::JSON::Container()$/", "language": "C++", "kind": "function", "signature": "()", "scope": "WPEFramework::Plugin::JAppSessionResponse", "scopeKind": "class"}, {"_type": "tag", "name": "JAppSessionResponse", "path": "/home/kavia/workspace/code-generation/app-gateway2/app-gateway/LaunchDelegate/LifecycleManagement.h", "pattern": "/^    class JAppSessionResponse: public Core::JSON::Container {$/", "language": "C++", "kind": "class", "scope": "WPEFramework::Plugin", "scopeKind": "namespace"}, {"_type": "tag", "name": "JSetSession", "path": "/home/kavia/workspace/code-generation/app-gateway2/app-gateway/LaunchDelegate/LifecycleManagement.h", "pattern": "/^            JSetSession() : Core::JSON::Container() {$/", "language": "C++", "kind": "function", "signature": "()", "scope": "WPEFramework::Plugin::JSetSession", "scopeKind": "class"}, {"_type": "tag", "name": "JSetSession", "path": "/home/kavia/workspace/code-generation/app-gateway2/app-gateway/LaunchDelegate/LifecycleManagement.h", "pattern": "/^    class JSetSession: public Core::JSON::Container {$/", "language": "C++", "kind": "class", "scope": "WPEFramework::Plugin", "scopeKind": "namespace"}, {"_type": "tag", "name": "LifecycleChange", "path": "/home/kavia/workspace/code-generation/app-gateway2/app-gateway/LaunchDelegate/LifecycleManagement.h", "pattern": "/^        LifecycleChange() : Core::JSON::Container() {$/", "language": "C++", "kind": "function", "signature": "()", "scope": "WPEFramework::Plugin::LifecycleChange", "scopeKind": "class"}, {"_type": "tag", "name": "LifecycleChange", "path": "/home/kavia/workspace/code-generation/app-gateway2/app-gateway/LaunchDelegate/LifecycleManagement.h", "pattern": "/^    class LifecycleChange: public Core::JSON::Container {$/", "language": "C++", "kind": "class", "scope": "WPEFramework::Plugin", "scopeKind": "namespace"}, {"_type": "tag", "name": "LifecycleInfo", "path": "/home/kavia/workspace/code-generation/app-gateway2/app-gateway/LaunchDelegate/LifecycleManagement.h", "pattern": "/^    struct LifecycleInfo{$/", "language": "C++", "kind": "struct", "scope": "WPEFramework::Plugin", "scopeKind": "namespace"}, {"_type": "tag", "name": "LifecycleInfoRegistry", "path": "/home/kavia/workspace/code-generation/app-gateway2/app-gateway/LaunchDelegate/LifecycleManagement.h", "pattern": "/^    class LifecycleInfoRegistry{$/", "language": "C++", "kind": "class", "scope": "WPEFramework::Plugin", "scopeKind": "namespace"}, {"_type": "tag", "name": "LifecycleSource", "path": "/home/kavia/workspace/code-generation/app-gateway2/app-gateway/LaunchDelegate/LifecycleManagement.h", "pattern": "/^    enum LifecycleSource {$/", "language": "C++", "kind": "enum", "scope": "WPEFramework::Plugin", "scopeKind": "namespace"}, {"_type": "tag", "name": "LifecycleState", "path": "/home/kavia/workspace/code-generation/app-gateway2/app-gateway/LaunchDelegate/LifecycleManagement.h", "pattern": "/^     enum class LifecycleState: uint8_t {$/", "language": "C++", "typeref": "typename:uint8_t", "kind": "enum", "scope": "WPEFramework::Plugin", "scopeKind": "namespace"}, {"_type": "tag", "name": "MatchAppId", "path": "/home/kavia/workspace/code-generation/app-gateway2/app-gateway/LaunchDelegate/LifecycleManagement.h", "pattern": "/^        bool MatchAppId(const std::string& appId) const {$/", "language": "C++", "typeref": "typename:bool", "kind": "function", "signature": "(const std::string & appId) const", "scope": "WPEFramework::Plugin::AppSession", "scopeKind": "struct"}, {"_type": "tag", "name": "Plugin", "path": "/home/kavia/workspace/code-generation/app-gateway2/app-gateway/LaunchDelegate/LifecycleManagement.h", "pattern": "/^namespace Plugin {$/", "language": "C++", "kind": "namespace", "scope": "WPEFramework", "scopeKind": "namespace"}, {"_type": "tag", "name": "Remove", "path": "/home/kavia/workspace/code-generation/app-gateway2/app-gateway/LaunchDelegate/LifecycleManagement.h", "pattern": "/^            void Remove(const std::string& key) {$/", "language": "C++", "typeref": "typename:void", "kind": "function", "signature": "(const std::string & key)", "scope": "WPEFramework::Plugin::AppRegistry", "scopeKind": "class"}, {"_type": "tag", "name": "Remove", "path": "/home/kavia/workspace/code-generation/app-gateway2/app-gateway/LaunchDelegate/LifecycleManagement.h", "pattern": "/^            void Remove(const std::string& key) {$/", "language": "C++", "typeref": "typename:void", "kind": "function", "signature": "(const std::string & key)", "scope": "WPEFramework::Plugin::LifecycleInfoRegistry", "scopeKind": "class"}, {"_type": "tag", "name": "Remove", "path": "/home/kavia/workspace/code-generation/app-gateway2/app-gateway/LaunchDelegate/LifecycleManagement.h", "pattern": "/^            void Remove(const std::string& key) {$/", "language": "C++", "typeref": "typename:void", "kind": "function", "signature": "(const std::string & key)", "scope": "WPEFramework::Plugin::SessionInfoRegistry", "scopeKind": "class"}, {"_type": "tag", "name": "Remove", "path": "/home/kavia/workspace/code-generation/app-gateway2/app-gateway/LaunchDelegate/LifecycleManagement.h", "pattern": "/^        void Remove(const std::string &appId)$/", "language": "C++", "typeref": "typename:void", "kind": "function", "signature": "(const std::string & appId)", "scope": "WPEFramework::Plugin::AppSessionIdRegistry", "scopeKind": "class"}, {"_type": "tag", "name": "Remove", "path": "/home/kavia/workspace/code-generation/app-gateway2/app-gateway/LaunchDelegate/LifecycleManagement.h", "pattern": "/^        void Remove(const std::string &appId)$/", "language": "C++", "typeref": "typename:void", "kind": "function", "signature": "(const std::string & appId)", "scope": "WPEFramework::Plugin::ContentPartnerIdRegistry", "scopeKind": "class"}, {"_type": "tag", "name": "SUSPENDED", "path": "/home/kavia/workspace/code-generation/app-gateway2/app-gateway/LaunchDelegate/LifecycleManagement.h", "pattern": "/^        SUSPENDED$/", "language": "C++", "kind": "enumerator", "scope": "WPEFramework::Plugin::LifecycleState", "scopeKind": "enum"}, {"_type": "tag", "name": "SessionInfo", "path": "/home/kavia/workspace/code-generation/app-gateway2/app-gateway/LaunchDelegate/LifecycleManagement.h", "pattern": "/^    struct SessionInfo{$/", "language": "C++", "kind": "struct", "scope": "WPEFramework::Plugin", "scopeKind": "namespace"}, {"_type": "tag", "name": "SessionInfoRegistry", "path": "/home/kavia/workspace/code-generation/app-gateway2/app-gateway/LaunchDelegate/LifecycleManagement.h", "pattern": "/^    class SessionInfoRegistry{$/", "language": "C++", "kind": "class", "scope": "WPEFramework::Plugin", "scopeKind": "namespace"}, {"_type": "tag", "name": "UNLOADING", "path": "/home/kavia/workspace/code-generation/app-gateway2/app-gateway/LaunchDelegate/LifecycleManagement.h", "pattern": "/^        UNLOADING,$/", "language": "C++", "kind": "enumerator", "scope": "WPEFramework::Plugin::LifecycleState", "scopeKind": "enum"}, {"_type": "tag", "name": "Validate", "path": "/home/kavia/workspace/code-generation/app-gateway2/app-gateway/LaunchDelegate/LifecycleManagement.h", "pattern": "/^        bool Validate(string& error) const {$/", "language": "C++", "typeref": "typename:bool", "kind": "function", "signature": "(string & error) const", "scope": "WPEFramework::Plugin::JAppBasicInfo", "scopeKind": "class"}, {"_type": "tag", "name": "Validate", "path": "/home/kavia/workspace/code-generation/app-gateway2/app-gateway/LaunchDelegate/LifecycleManagement.h", "pattern": "/^        bool Validate(string& error) const {$/", "language": "C++", "typeref": "typename:bool", "kind": "function", "signature": "(string & error) const", "scope": "WPEFramework::Plugin::JAppSession", "scopeKind": "class"}, {"_type": "tag", "name": "Validate", "path": "/home/kavia/workspace/code-generation/app-gateway2/app-gateway/LaunchDelegate/LifecycleManagement.h", "pattern": "/^        bool Validate(string& error) const {$/", "language": "C++", "typeref": "typename:bool", "kind": "function", "signature": "(string & error) const", "scope": "WPEFramework::Plugin::JAppSessionRequest", "scopeKind": "class"}, {"_type": "tag", "name": "WPEFramework", "path": "/home/kavia/workspace/code-generation/app-gateway2/app-gateway/LaunchDelegate/LifecycleManagement.h", "pattern": "/^namespace WPEFramework {$/", "language": "C++", "kind": "namespace"}, {"_type": "tag", "name": "activeSessionId", "path": "/home/kavia/workspace/code-generation/app-gateway2/app-gateway/LaunchDelegate/LifecycleManagement.h", "pattern": "/^            Core::JSON::String activeSessionId; \\/\\/ Application active session Id$/", "language": "C++", "typeref": "typename:Core::JSON::String", "kind": "member", "scope": "WPEFramework::Plugin::JAppSessionResponse", "scopeKind": "class"}, {"_type": "tag", "name": "activeSessionId", "path": "/home/kavia/workspace/code-generation/app-gateway2/app-gateway/LaunchDelegate/LifecycleManagement.h", "pattern": "/^        string activeSessionId;$/", "language": "C++", "typeref": "typename:string", "kind": "member", "scope": "WPEFramework::Plugin::SessionInfo", "scopeKind": "struct"}, {"_type": "tag", "name": "app", "path": "/home/kavia/workspace/code-generation/app-gateway2/app-gateway/LaunchDelegate/LifecycleManagement.h", "pattern": "/^            JAppBasicInfo app; \\/\\/ Basic application information$/", "language": "C++", "typeref": "typename:JAppBasicInfo", "kind": "member", "scope": "WPEFramework::Plugin::JAppSession", "scopeKind": "class"}, {"_type": "tag", "name": "app", "path": "/home/kavia/workspace/code-generation/app-gateway2/app-gateway/LaunchDelegate/LifecycleManagement.h", "pattern": "/^        AppBasicInfo app;$/", "language": "C++", "typeref": "typename:AppBasicInfo", "kind": "member", "scope": "WPEFramework::Plugin::AppSession", "scopeKind": "struct"}, {"_type": "tag", "name": "appId", "path": "/home/kavia/workspace/code-generation/app-gateway2/app-gateway/LaunchDelegate/LifecycleManagement.h", "pattern": "/^            Core::JSON::String appId; \\/\\/ Application Id$/", "language": "C++", "typeref": "typename:Core::JSON::String", "kind": "member", "scope": "WPEFramework::Plugin::JAppSessionResponse", "scopeKind": "class"}, {"_type": "tag", "name": "appId", "path": "/home/kavia/workspace/code-generation/app-gateway2/app-gateway/LaunchDelegate/LifecycleManagement.h", "pattern": "/^            Core::JSON::String appId;$/", "language": "C++", "typeref": "typename:Core::JSON::String", "kind": "member", "scope": "WPEFramework::Plugin::JSetSession", "scopeKind": "class"}, {"_type": "tag", "name": "appId", "path": "/home/kavia/workspace/code-generation/app-gateway2/app-gateway/LaunchDelegate/LifecycleManagement.h", "pattern": "/^        string appId;$/", "language": "C++", "typeref": "typename:string", "kind": "member", "scope": "WPEFramework::Plugin::SessionInfo", "scopeKind": "struct"}, {"_type": "tag", "name": "catalog", "path": "/home/kavia/workspace/code-generation/app-gateway2/app-gateway/LaunchDelegate/LifecycleManagement.h", "pattern": "/^        Core::JSON::String catalog; \\/\\/ Application catalog info$/", "language": "C++", "typeref": "typename:Core::JSON::String", "kind": "member", "scope": "WPEFramework::Plugin::JAppBasicInfo", "scopeKind": "class"}, {"_type": "tag", "name": "catalog", "path": "/home/kavia/workspace/code-generation/app-gateway2/app-gateway/LaunchDelegate/LifecycleManagement.h", "pattern": "/^        string catalog;$/", "language": "C++", "typeref": "typename:string", "kind": "member", "scope": "WPEFramework::Plugin::AppBasicInfo", "scopeKind": "struct"}, {"_type": "tag", "name": "getSessionInfo", "path": "/home/kavia/workspace/code-generation/app-gateway2/app-gateway/LaunchDelegate/LifecycleManagement.h", "pattern": "/^        SessionInfo getSessionInfo() {$/", "language": "C++", "typeref": "typename:SessionInfo", "kind": "function", "signature": "()", "scope": "WPEFramework::Plugin::JAppSessionResponse", "scopeKind": "class"}, {"_type": "tag", "name": "id", "path": "/home/kavia/workspace/code-generation/app-gateway2/app-gateway/LaunchDelegate/LifecycleManagement.h", "pattern": "/^        Core::JSON::String id; \\/\\/ Application Id$/", "language": "C++", "typeref": "typename:Core::JSON::String", "kind": "member", "scope": "WPEFramework::Plugin::JAppBasicInfo", "scopeKind": "class"}, {"_type": "tag", "name": "id", "path": "/home/kavia/workspace/code-generation/app-gateway2/app-gateway/LaunchDelegate/LifecycleManagement.h", "pattern": "/^        string id;$/", "language": "C++", "typeref": "typename:string", "kind": "member", "scope": "WPEFramework::Plugin::AppBasicInfo", "scopeKind": "struct"}, {"_type": "tag", "name": "inactive", "path": "/home/kavia/workspace/code-generation/app-gateway2/app-gateway/LaunchDelegate/LifecycleManagement.h", "pattern": "/^        bool inactive {false}; \\/\\/ Whether to launch the app in suspended mode$/", "language": "C++", "typeref": "typename:bool", "kind": "member", "scope": "WPEFramework::Plugin::AppLaunchInfo", "scopeKind": "struct"}, {"_type": "tag", "name": "intent", "path": "/home/kavia/workspace/code-generation/app-gateway2/app-gateway/LaunchDelegate/LifecycleManagement.h", "pattern": "/^        JsonValue intent; \\/\\/ Raw JSON Intent to launch the application$/", "language": "C++", "typeref": "typename:JsonValue", "kind": "member", "scope": "WPEFramework::Plugin::AppLaunchInfo", "scopeKind": "struct"}, {"_type": "tag", "name": "jSession", "path": "/home/kavia/workspace/code-generation/app-gateway2/app-gateway/LaunchDelegate/LifecycleManagement.h", "pattern": "/^            JAppSession jSession; \\/\\/ Application session information$/", "language": "C++", "typeref": "typename:JAppSession", "kind": "member", "scope": "WPEFramework::Plugin::JAppSessionRequest", "scopeKind": "class"}, {"_type": "tag", "name": "launch", "path": "/home/kavia/workspace/code-generation/app-gateway2/app-gateway/LaunchDelegate/LifecycleManagement.h", "pattern": "/^            JsonObject launch; \\/\\/ Application launch information$/", "language": "C++", "typeref": "typename:JsonObject", "kind": "member", "scope": "WPEFramework::Plugin::JAppSession", "scopeKind": "class"}, {"_type": "tag", "name": "launch", "path": "/home/kavia/workspace/code-generation/app-gateway2/app-gateway/LaunchDelegate/LifecycleManagement.h", "pattern": "/^        AppLaunchInfo launch;$/", "language": "C++", "typeref": "typename:AppLaunchInfo", "kind": "member", "scope": "WPEFramework::Plugin::AppSession", "scopeKind": "struct"}, {"_type": "tag", "name": "loadedSessionId", "path": "/home/kavia/workspace/code-generation/app-gateway2/app-gateway/LaunchDelegate/LifecycleManagement.h", "pattern": "/^            Core::JSON::String loadedSessionId; \\/\\/ Application loaded session Id$/", "language": "C++", "typeref": "typename:Core::JSON::String", "kind": "member", "scope": "WPEFramework::Plugin::JAppSessionResponse", "scopeKind": "class"}, {"_type": "tag", "name": "loadedSessionId", "path": "/home/kavia/workspace/code-generation/app-gateway2/app-gateway/LaunchDelegate/LifecycleManagement.h", "pattern": "/^        string loadedSessionId;$/", "language": "C++", "typeref": "typename:string", "kind": "member", "scope": "WPEFramework::Plugin::SessionInfo", "scopeKind": "struct"}, {"_type": "tag", "name": "mAppSessionIdMap", "path": "/home/kavia/workspace/code-generation/app-gateway2/app-gateway/LaunchDelegate/LifecycleManagement.h", "pattern": "/^        std::unordered_map<std::string, std::string> mAppSessionIdMap;$/", "language": "C++", "typeref": "typename:std::unordered_map<std::string,std::string>", "kind": "member", "scope": "WPEFramework::Plugin::AppSessionIdRegistry", "scopeKind": "class"}, {"_type": "tag", "name": "mAppSessionIdMutex", "path": "/home/kavia/workspace/code-generation/app-gateway2/app-gateway/LaunchDelegate/LifecycleManagement.h", "pattern": "/^        std::mutex mAppSessionIdMutex;$/", "language": "C++", "typeref": "typename:std::mutex", "kind": "member", "scope": "WPEFramework::Plugin::AppSessionIdRegistry", "scopeKind": "class"}, {"_type": "tag", "name": "mContentPartnerIdMap", "path": "/home/kavia/workspace/code-generation/app-gateway2/app-gateway/LaunchDelegate/LifecycleManagement.h", "pattern": "/^        std::unordered_map<std::string, std::string> mContentPartnerIdMap;$/", "language": "C++", "typeref": "typename:std::unordered_map<std::string,std::string>", "kind": "member", "scope": "WPEFramework::Plugin::ContentPartnerIdRegistry", "scopeKind": "class"}, {"_type": "tag", "name": "mContentPartnerIdMutex", "path": "/home/kavia/workspace/code-generation/app-gateway2/app-gateway/LaunchDelegate/LifecycleManagement.h", "pattern": "/^        std::mutex mContentPartnerIdMutex;$/", "language": "C++", "typeref": "typename:std::mutex", "kind": "member", "scope": "WPEFramework::Plugin::ContentPartnerIdRegistry", "scopeKind": "class"}, {"_type": "tag", "name": "mLifecycleMap", "path": "/home/kavia/workspace/code-generation/app-gateway2/app-gateway/LaunchDelegate/LifecycleManagement.h", "pattern": "/^            std::unordered_map<std::string, LifecycleInfo> mLifecycleMap;$/", "language": "C++", "typeref": "typename:std::unordered_map<std::string,LifecycleInfo>", "kind": "member", "scope": "WPEFramework::Plugin::LifecycleInfoRegistry", "scopeKind": "class"}, {"_type": "tag", "name": "none", "path": "/home/kavia/workspace/code-generation/app-gateway2/app-gateway/LaunchDelegate/LifecycleManagement.h", "pattern": "/^        none$/", "language": "C++", "kind": "enumerator", "scope": "WPEFramework::Plugin::LifecycleSource", "scopeKind": "enum"}], "hash": "0122595d509cd2b696b43cf9a0d26698", "format-version": 4, "code-base-name": "app-gateway2", "filename": "app-gateway/LaunchDelegate/LifecycleManagement.h", "fields": [{"name": "Core::JSON::String activeSessionId", "scope": "WPEFramework::Plugin::JAppSessionResponse", "scopeKind": "class", "description": "unavailable"}, {"name": "string activeSessionId", "scope": "WPEFramework::Plugin::SessionInfo", "scopeKind": "struct", "description": "unavailable"}, {"name": "JAppBasicInfo app", "scope": "WPEFramework::Plugin::JAppSession", "scopeKind": "class", "description": "unavailable"}, {"name": "AppBasicInfo app", "scope": "WPEFramework::Plugin::AppSession", "scopeKind": "struct", "description": "unavailable"}, {"name": "Core::JSON::String appId", "scope": "WPEFramework::Plugin::JAppSessionResponse", "scopeKind": "class", "description": "unavailable"}, {"name": "string appId", "scope": "WPEFramework::Plugin::SessionInfo", "scopeKind": "struct", "description": "unavailable"}, {"name": "Core::JSON::String catalog", "scope": "WPEFramework::Plugin::JAppBasicInfo", "scopeKind": "class", "description": "unavailable"}, {"name": "string catalog", "scope": "WPEFramework::Plugin::AppBasicInfo", "scopeKind": "struct", "description": "unavailable"}, {"name": "Core::JSON::String id", "scope": "WPEFramework::Plugin::JAppBasicInfo", "scopeKind": "class", "description": "unavailable"}, {"name": "string id", "scope": "WPEFramework::Plugin::AppBasicInfo", "scopeKind": "struct", "description": "unavailable"}, {"name": "bool inactive", "scope": "WPEFramework::Plugin::AppLaunchInfo", "scopeKind": "struct", "description": "unavailable"}, {"name": "JsonValue intent", "scope": "WPEFramework::Plugin::AppLaunchInfo", "scopeKind": "struct", "description": "unavailable"}, {"name": "JAppSession jSession", "scope": "WPEFramework::Plugin::JAppSessionRequest", "scopeKind": "class", "description": "unavailable"}, {"name": "JsonObject launch", "scope": "WPEFramework::Plugin::JAppSession", "scopeKind": "class", "description": "unavailable"}, {"name": "AppLaunchInfo launch", "scope": "WPEFramework::Plugin::AppSession", "scopeKind": "struct", "description": "unavailable"}, {"name": "Core::JSON::String loadedSessionId", "scope": "WPEFramework::Plugin::JAppSessionResponse", "scopeKind": "class", "description": "unavailable"}, {"name": "string loadedSessionId", "scope": "WPEFramework::Plugin::SessionInfo", "scopeKind": "struct", "description": "unavailable"}, {"name": "std::unordered_map<std::string,std::string> mAppSessionIdMap", "scope": "WPEFramework::Plugin::AppSessionIdRegistry", "scopeKind": "class", "description": "unavailable"}, {"name": "std::mutex mAppSessionIdMutex", "scope": "WPEFramework::Plugin::AppSessionIdRegistry", "scopeKind": "class", "description": "unavailable"}, {"name": "std::unordered_map<std::string,std::string> mContentPartnerIdMap", "scope": "WPEFramework::Plugin::ContentPartnerIdRegistry", "scopeKind": "class", "description": "unavailable"}, {"name": "std::mutex mContentPartnerIdMutex", "scope": "WPEFramework::Plugin::ContentPartnerIdRegistry", "scopeKind": "class", "description": "unavailable"}, {"name": "std::unordered_map<std::string,LifecycleInfo> mLifecycleMap", "scope": "WPEFramework::Plugin::LifecycleInfoRegistry", "scopeKind": "class", "description": "unavailable"}], "revision_history": [{"766": "727800fc84f5393f5ac231785d3764465fe20036"}]}