{"is_source_file": true, "format": "C++", "description": "Implementation of OttPermissionCache class managing permissions caching with file persistence, including thread safety, JSON parsing, and on-disk storage handling.", "external_files": ["OttPermissionCache.h", "UtilsLogging.h"], "external_methods": ["std::getenv", "std::rename", "std::remove", "std::ifstream::is_open", "std::ifstream::getline", "std::ofstream::open", "std::ofstream::good", "std::ofstream::flush"], "published": ["OttPermissionCache::Instance", "OttPermissionCache::GetPermissions", "OttPermissionCache::UpdateCache", "OttPermissionCache::Invalidate", "OttPermissionCache::Clear", "OttPermissionCache::Has", "OttPermissionCache::Size"], "classes": [{"name": "OttPermissionCache", "description": "Singleton class managing app permission caching with disk persistence and thread safety."}], "methods": [{"name": "OttPermissionCache & Instance()", "description": "Returns singleton instance, preloading cache from disk if empty.", "scope": "WPEFramework::Plugin::OttPermissionCache", "scopeKind": "class"}, {"name": "std::vector<string> GetPermissions(const string & appId)", "description": "Retrieves permissions for an appId, tries cache first, then reloads from disk if necessary.", "scope": "WPEFramework::Plugin::OttPermissionCache", "scopeKind": "class"}, {"name": "void UpdateCache(const string & appId,const std::vector<string> & permissions)", "description": "Updates permissions for an appId in memory and persists change atomically to disk.", "scope": "WPEFramework::Plugin::OttPermissionCache", "scopeKind": "class"}, {"name": "void Invalidate(const string & appId)", "description": "Removes specific appId entry from cache.", "scope": "WPEFramework::Plugin::OttPermissionCache", "scopeKind": "class"}, {"name": "void Clear()", "description": "Clears all cache entries.", "scope": "WPEFramework::Plugin::OttPermissionCache", "scopeKind": "class"}, {"name": "bool Has(const string & appId) const", "description": "Checks whether an appId is present in cache.", "scope": "WPEFramework::Plugin::OttPermissionCache", "scopeKind": "class"}, {"name": "size_t Size() const", "description": "Returns the number of entries in the cache.", "scope": "WPEFramework::Plugin::OttPermissionCache", "scopeKind": "class"}, {"name": "std::string ComposePermsJsonLine(const std::string & appId,const std::vector<std::string> & perms)", "scope": "WPEFramework::Plugin::__anon9783d8a70111", "scopeKind": "namespace", "description": "unavailable"}, {"name": "std::string EscapeJSONString(const std::string & in)", "scope": "WPEFramework::Plugin::__anon9783d8a70111", "scopeKind": "namespace", "description": "unavailable"}, {"name": "std::string LTrim(const std::string & s)", "scope": "WPEFramework::Plugin::__anon9783d8a70111", "scopeKind": "namespace", "description": "unavailable"}, {"name": "bool LoadLatestFromFile(std::map<std::string,std::vector<std::string>> & outMap)", "scope": "WPEFramework::Plugin::__anon9783d8a70111", "scopeKind": "namespace", "description": "unavailable"}, {"name": "bool ParsePermsLine(const std::string & line,std::string & appIdOut,std::vector<std::string> & permsOut)", "scope": "WPEFramework::Plugin::__anon9783d8a70111", "scopeKind": "namespace", "description": "unavailable"}, {"name": "const std::string & PermsFilePath()", "scope": "WPEFramework::Plugin::__anon9783d8a70111", "scopeKind": "namespace", "description": "unavailable"}, {"name": "std::string RTrim(const std::string & s)", "scope": "WPEFramework::Plugin::__anon9783d8a70111", "scopeKind": "namespace", "description": "unavailable"}, {"name": "bool SaveAllAtomic(const std::map<std::string,std::vector<std::string>> & entries)", "scope": "WPEFramework::Plugin::__anon9783d8a70111", "scopeKind": "namespace", "description": "unavailable"}, {"name": "ScopedFileLock()", "scope": "WPEFramework::Plugin::__anon9783d8a70111::ScopedFileLock", "scopeKind": "struct", "description": "unavailable"}, {"name": "std::string Trim(const std::string & s)", "scope": "WPEFramework::Plugin::__anon9783d8a70111", "scopeKind": "namespace", "description": "unavailable"}, {"name": "std::string UnescapeJSONString(const std::string & in)", "scope": "WPEFramework::Plugin::__anon9783d8a70111", "scopeKind": "namespace", "description": "unavailable"}, {"name": "~ScopedFileLock()", "scope": "WPEFramework::Plugin::__anon9783d8a70111::ScopedFileLock", "scopeKind": "struct", "description": "unavailable"}], "calls": ["LoadLatestFromFile", "SaveAllAtomic", "PermsFilePath", "std::getenv", "std::rename", "std::remove", "LOGWARN", "LOGERR", "LOGINFO"], "search-terms": ["OttPermissionCache", "permissions caching", "permissions file path", "file lock", "JSON parsing", "Permissions cache singleton"], "state": 2, "file_id": 83, "knowledge_revision": 484, "git_revision": "e41aeadf4099ccbc26426ee585b2f1043889e76d", "revision_history": [{"243": "75911442b4631cd877b23b0ff0a3e652a1383974"}, {"244": "75911442b4631cd877b23b0ff0a3e652a1383974"}, {"249": "e12b2f877100b28d5260c4d94b26e99d67278d90"}, {"250": "00ee403e02d6d0935847d8b67dc4b8a6951cb31b"}, {"251": "30acaa03dc9d2d1904f40f932f54fd2848612a4d"}, {"324": "e3dea931296a543a65493075a65aaa817cbdc9a1"}, {"429": "e3dea931296a543a65493075a65aaa817cbdc9a1"}, {"431": "36f4408ca7bbaf0bf021720641f72b2a1afa2b46"}, {"442": "11687bdf35796aa59ae3a1afecde9935f4bdd400"}, {"482": "11687bdf35796aa59ae3a1afecde9935f4bdd400"}, {"484": "e41aeadf4099ccbc26426ee585b2f1043889e76d"}], "ctags": [{"_type": "tag", "name": "Clear", "path": "/home/kavia/workspace/code-generation/app-gateway2/app-gateway/OttServices/OttPermissionCache.cpp", "pattern": "/^void OttPermissionCache::Clear() {$/", "language": "C++", "typeref": "typename:void", "kind": "function", "signature": "()", "scope": "WPEFramework::Plugin::OttPermissionCache", "scopeKind": "class"}, {"_type": "tag", "name": "ComposePermsJsonLine", "path": "/home/kavia/workspace/code-generation/app-gateway2/app-gateway/OttServices/OttPermissionCache.cpp", "pattern": "/^    inline std::string ComposePermsJsonLine(const std::string& appId, const std::vector<std::str/", "language": "C++", "typeref": "typename:std::string", "kind": "function", "signature": "(const std::string & appId,const std::vector<std::string> & perms)", "scope": "WPEFramework::Plugin::__anon9783d8a70111", "scopeKind": "namespace"}, {"_type": "tag", "name": "EscapeJSONString", "path": "/home/kavia/workspace/code-generation/app-gateway2/app-gateway/OttServices/OttPermissionCache.cpp", "pattern": "/^    inline std::string EscapeJSONString(const std::string& in) {$/", "language": "C++", "typeref": "typename:std::string", "kind": "function", "signature": "(const std::string & in)", "scope": "WPEFramework::Plugin::__anon9783d8a70111", "scopeKind": "namespace"}, {"_type": "tag", "name": "GetPermissions", "path": "/home/kavia/workspace/code-generation/app-gateway2/app-gateway/OttServices/OttPermissionCache.cpp", "pattern": "/^std::vector<string> OttPermissionCache::GetPermissions(const string& appId) {$/", "language": "C++", "typeref": "typename:std::vector<string>", "kind": "function", "signature": "(const string & appId)", "scope": "WPEFramework::Plugin::OttPermissionCache", "scopeKind": "class"}, {"_type": "tag", "name": "Has", "path": "/home/kavia/workspace/code-generation/app-gateway2/app-gateway/OttServices/OttPermissionCache.cpp", "pattern": "/^bool OttPermissionCache::Has(const string& appId) const {$/", "language": "C++", "typeref": "typename:bool", "kind": "function", "signature": "(const string & appId) const", "scope": "WPEFramework::Plugin::OttPermissionCache", "scopeKind": "class"}, {"_type": "tag", "name": "Instance", "path": "/home/kavia/workspace/code-generation/app-gateway2/app-gateway/OttServices/OttPermissionCache.cpp", "pattern": "/^OttPermissionCache& OttPermissionCache::Instance() {$/", "language": "C++", "typeref": "typename:OttPermissionCache &", "kind": "function", "signature": "()", "scope": "WPEFramework::Plugin::OttPermissionCache", "scopeKind": "class"}, {"_type": "tag", "name": "Invalidate", "path": "/home/kavia/workspace/code-generation/app-gateway2/app-gateway/OttServices/OttPermissionCache.cpp", "pattern": "/^void OttPermissionCache::Invalidate(const string& appId) {$/", "language": "C++", "typeref": "typename:void", "kind": "function", "signature": "(const string & appId)", "scope": "WPEFramework::Plugin::OttPermissionCache", "scopeKind": "class"}, {"_type": "tag", "name": "LTrim", "path": "/home/kavia/workspace/code-generation/app-gateway2/app-gateway/OttServices/OttPermissionCache.cpp", "pattern": "/^    inline std::string LTrim(const std::string& s) {$/", "language": "C++", "typeref": "typename:std::string", "kind": "function", "signature": "(const std::string & s)", "scope": "WPEFramework::Plugin::__anon9783d8a70111", "scopeKind": "namespace"}, {"_type": "tag", "name": "LoadLatestFromFile", "path": "/home/kavia/workspace/code-generation/app-gateway2/app-gateway/OttServices/OttPermissionCache.cpp", "pattern": "/^    inline bool LoadLatestFromFile(std::map<std::string, std::vector<std::string>>& outMap) {$/", "language": "C++", "typeref": "typename:bool", "kind": "function", "signature": "(std::map<std::string,std::vector<std::string>> & outMap)", "scope": "WPEFramework::Plugin::__anon9783d8a70111", "scopeKind": "namespace"}, {"_type": "tag", "name": "ParsePermsLine", "path": "/home/kavia/workspace/code-generation/app-gateway2/app-gateway/OttServices/OttPermissionCache.cpp", "pattern": "/^    inline bool ParsePermsLine(const std::string& line, std::string& appIdOut, std::vector<std::/", "language": "C++", "typeref": "typename:bool", "kind": "function", "signature": "(const std::string & line,std::string & appIdOut,std::vector<std::string> & permsOut)", "scope": "WPEFramework::Plugin::__anon9783d8a70111", "scopeKind": "namespace"}, {"_type": "tag", "name": "PermsFilePath", "path": "/home/kavia/workspace/code-generation/app-gateway2/app-gateway/OttServices/OttPermissionCache.cpp", "pattern": "/^    inline const std::string& PermsFilePath() {$/", "language": "C++", "typeref": "typename:const std::string &", "kind": "function", "signature": "()", "scope": "WPEFramework::Plugin::__anon9783d8a70111", "scopeKind": "namespace"}, {"_type": "tag", "name": "Plugin", "path": "/home/kavia/workspace/code-generation/app-gateway2/app-gateway/OttServices/OttPermissionCache.cpp", "pattern": "/^namespace Plugin {$/", "file": true, "language": "C++", "kind": "namespace", "scope": "WPEFramework", "scopeKind": "namespace"}, {"_type": "tag", "name": "RTrim", "path": "/home/kavia/workspace/code-generation/app-gateway2/app-gateway/OttServices/OttPermissionCache.cpp", "pattern": "/^    inline std::string RTrim(const std::string& s) {$/", "language": "C++", "typeref": "typename:std::string", "kind": "function", "signature": "(const std::string & s)", "scope": "WPEFramework::Plugin::__anon9783d8a70111", "scopeKind": "namespace"}, {"_type": "tag", "name": "SaveAllAtomic", "path": "/home/kavia/workspace/code-generation/app-gateway2/app-gateway/OttServices/OttPermissionCache.cpp", "pattern": "/^    inline bool SaveAllAtomic(const std::map<std::string, std::vector<std::string>>& entries) {$/", "language": "C++", "typeref": "typename:bool", "kind": "function", "signature": "(const std::map<std::string,std::vector<std::string>> & entries)", "scope": "WPEFramework::Plugin::__anon9783d8a70111", "scopeKind": "namespace"}, {"_type": "tag", "name": "ScopedFileLock", "path": "/home/kavia/workspace/code-generation/app-gateway2/app-gateway/OttServices/OttPermissionCache.cpp", "pattern": "/^        ScopedFileLock()$/", "file": true, "language": "C++", "kind": "function", "signature": "()", "scope": "WPEFramework::Plugin::__anon9783d8a70111::ScopedFileLock", "scopeKind": "struct"}, {"_type": "tag", "name": "ScopedFileLock", "path": "/home/kavia/workspace/code-generation/app-gateway2/app-gateway/OttServices/OttPermissionCache.cpp", "pattern": "/^    struct ScopedFileLock {$/", "file": true, "language": "C++", "kind": "struct", "scope": "WPEFramework::Plugin::__anon9783d8a70111", "scopeKind": "namespace"}, {"_type": "tag", "name": "Size", "path": "/home/kavia/workspace/code-generation/app-gateway2/app-gateway/OttServices/OttPermissionCache.cpp", "pattern": "/^size_t OttPermissionCache::Size() const {$/", "language": "C++", "typeref": "typename:size_t", "kind": "function", "signature": "() const", "scope": "WPEFramework::Plugin::OttPermissionCache", "scopeKind": "class"}, {"_type": "tag", "name": "Trim", "path": "/home/kavia/workspace/code-generation/app-gateway2/app-gateway/OttServices/OttPermissionCache.cpp", "pattern": "/^    inline std::string Trim(const std::string& s) {$/", "language": "C++", "typeref": "typename:std::string", "kind": "function", "signature": "(const std::string & s)", "scope": "WPEFramework::Plugin::__anon9783d8a70111", "scopeKind": "namespace"}, {"_type": "tag", "name": "UnescapeJSONString", "path": "/home/kavia/workspace/code-generation/app-gateway2/app-gateway/OttServices/OttPermissionCache.cpp", "pattern": "/^    inline std::string UnescapeJSONString(const std::string& in) {$/", "language": "C++", "typeref": "typename:std::string", "kind": "function", "signature": "(const std::string & in)", "scope": "WPEFramework::Plugin::__anon9783d8a70111", "scopeKind": "namespace"}, {"_type": "tag", "name": "UpdateCache", "path": "/home/kavia/workspace/code-generation/app-gateway2/app-gateway/OttServices/OttPermissionCache.cpp", "pattern": "/^void OttPermissionCache::UpdateCache(const string& appId, const std::vector<string>& permissions/", "language": "C++", "typeref": "typename:void", "kind": "function", "signature": "(const string & appId,const std::vector<string> & permissions)", "scope": "WPEFramework::Plugin::OttPermissionCache", "scopeKind": "class"}, {"_type": "tag", "name": "WPEFramework", "path": "/home/kavia/workspace/code-generation/app-gateway2/app-gateway/OttServices/OttPermissionCache.cpp", "pattern": "/^namespace WPEFramework {$/", "file": true, "language": "C++", "kind": "namespace"}, {"_type": "tag", "name": "__anon9783d8a70111", "path": "/home/kavia/workspace/code-generation/app-gateway2/app-gateway/OttServices/OttPermissionCache.cpp", "pattern": "/^namespace {$/", "file": true, "language": "C++", "kind": "namespace", "scope": "WPEFramework::Plugin", "scopeKind": "namespace"}, {"_type": "tag", "name": "fd", "path": "/home/kavia/workspace/code-generation/app-gateway2/app-gateway/OttServices/OttPermissionCache.cpp", "pattern": "/^        int fd;$/", "file": true, "language": "C++", "typeref": "typename:int", "kind": "member", "scope": "WPEFramework::Plugin::__anon9783d8a70111::ScopedFileLock", "scopeKind": "struct"}, {"_type": "tag", "name": "kDefaultPermsFile", "path": "/home/kavia/workspace/code-generation/app-gateway2/app-gateway/OttServices/OttPermissionCache.cpp", "pattern": "/^    static constexpr const char* kDefaultPermsFile = \"\\/opt\\/app_perms.json\";$/", "file": true, "language": "C++", "typeref": "typename:const char *", "kind": "variable", "scope": "WPEFramework::Plugin::__anon9783d8a70111", "scopeKind": "namespace"}, {"_type": "tag", "name": "ok", "path": "/home/kavia/workspace/code-generation/app-gateway2/app-gateway/OttServices/OttPermissionCache.cpp", "pattern": "/^        bool ok;$/", "file": true, "language": "C++", "typeref": "typename:bool", "kind": "member", "scope": "WPEFramework::Plugin::__anon9783d8a70111::ScopedFileLock", "scopeKind": "struct"}, {"_type": "tag", "name": "path", "path": "/home/kavia/workspace/code-generation/app-gateway2/app-gateway/OttServices/OttPermissionCache.cpp", "pattern": "/^        std::string path;$/", "file": true, "language": "C++", "typeref": "typename:std::string", "kind": "member", "scope": "WPEFramework::Plugin::__anon9783d8a70111::ScopedFileLock", "scopeKind": "struct"}, {"_type": "tag", "name": "~ScopedFileLock", "path": "/home/kavia/workspace/code-generation/app-gateway2/app-gateway/OttServices/OttPermissionCache.cpp", "pattern": "/^        ~ScopedFileLock() {$/", "file": true, "language": "C++", "kind": "function", "signature": "()", "scope": "WPEFramework::Plugin::__anon9783d8a70111::ScopedFileLock", "scopeKind": "struct"}], "hash": "8d88a4f98163c870e1b063f521618b9e", "format-version": 4, "code-base-name": "app-gateway2", "filename": "app-gateway/OttServices/OttPermissionCache.cpp", "fields": [{"name": "int fd", "scope": "WPEFramework::Plugin::__anon9783d8a70111::ScopedFileLock", "scopeKind": "struct", "description": "unavailable"}, {"name": "const char * kDefaultPermsFile", "scope": "WPEFramework::Plugin::__anon9783d8a70111", "scopeKind": "namespace", "description": "unavailable"}, {"name": "bool ok", "scope": "WPEFramework::Plugin::__anon9783d8a70111::ScopedFileLock", "scopeKind": "struct", "description": "unavailable"}, {"name": "std::string path", "scope": "WPEFramework::Plugin::__anon9783d8a70111::ScopedFileLock", "scopeKind": "struct", "description": "unavailable"}]}