{"is_source_file": true, "format": "C++ header file (.h)", "description": "This file defines the PermissionsClient class, which provides a wrapper around gRPC stubs for interacting with a Permission Service. It offers methods to enumerate, get, grant, set, revoke, delete permissions, and perform various permission-related RPC calls. The file includes constructors, destructor, and methods for managing permission operations via gRPC, using protobuf-generated classes and gRPC channels.", "external_files": ["core/core.h", "grpcpp/grpcpp.h", "permission_service.pb.h", "permission_service.grpc.pb.h"], "external_methods": [], "published": ["PermissionsClient", "PermissionsClient::EnumeratePermissions", "PermissionsClient::Get", "PermissionsClient::Grant", "PermissionsClient::Set", "PermissionsClient::Revoke", "PermissionsClient::Delete", "PermissionsClient::Authorize", "PermissionsClient::GetAllForApp", "PermissionsClient::GetAllAppKeys", "PermissionsClient::GetThorToken", "PermissionsClient::GetRegisteredPermissions", "PermissionsClient::RegisterPermissions", "PermissionsClient::DeleteRegisteredPermission", "PermissionsClient::Endpoint"], "classes": [{"name": "PermissionsClient", "description": "A client class for interacting with the remote Permission Service via gRPC, providing methods for managing permissions for applications."}], "methods": [{"name": "PermissionsClient", "description": "Constructor that initializes the client with the service endpoint and optional TLS usage."}, {"name": "PermissionsClient", "description": "Constructor that allows specifying custom channel credentials."}, {"name": "~PermissionsClient", "description": "Destructor for cleaning up the PermissionsClient object."}, {"name": "EnumeratePermissions", "description": "Enumerates permissions for an app using the remote service, returning a list of permission strings."}, {"name": "Get", "description": "Retrieves the permissions object for an app."}, {"name": "Grant", "description": "Grants specified permissions and bundles to an app."}, {"name": "Set", "description": "Sets the permissions object for an app, replacing existing data."}, {"name": "Revoke", "description": "Revokes specific permissions and bundles from an app."}, {"name": "Delete", "description": "Deletes an app\u2019s permission record."}, {"name": "Authorize", "description": "Authorizes a session token against given permission filters."}, {"name": "GetAllForApp", "description": "Retrieves all permission entries for a specific app."}, {"name": "GetAllAppKeys", "description": "Retrieves all app keys known to the permission service."}, {"name": "GetThorToken", "description": "Acquires a Thor token for an app with specified parameters."}, {"name": "GetRegisteredPermissions", "description": "Retrieves the collection of registered permissions in the catalog."}, {"name": "RegisterPermissions", "description": "Registers new permissions in the catalog, optionally replacing existing entries."}, {"name": "DeleteRegisteredPermission", "description": "Deletes a specific registered permission from the catalog."}, {"name": "Endpoint", "description": "Returns the endpoint string the client is connected to."}], "calls": ["grpc::Channel::Create", "grpc::SslCredentials", "grpc::InsecureChannelCredentials", "ottx::permission::AppPermissionsService::Stub::NewStub", "PermissionsClient::CreateChannel"], "search-terms": ["PermissionsClient", "gRPC permissions", "application permissions RPC", "OTT permissions", "Permission service stub", "grpc channel credentials", "Permission enumeration", "GetAppPermissions", "GrantPermissions", "RevokePermissions", "DeleteAppPermissions"], "state": 2, "file_id": 53, "knowledge_revision": 498, "git_revision": "c8a62fa3849b47b4ed06d81e358dad4d2c8bb379", "revision_history": [{"168": ""}, {"179": "0dd99629e6924e9a83bcc7c5a42c5829dd0f259e"}, {"290": "0dd99629e6924e9a83bcc7c5a42c5829dd0f259e"}, {"498": "c8a62fa3849b47b4ed06d81e358dad4d2c8bb379"}], "ctags": [{"_type": "tag", "name": "PermissionsClient", "path": "/home/kavia/workspace/code-generation/app-gateway2/app-gateway/OttServices/PermissionsClient.h", "pattern": "/^    class PermissionsClient {$/", "language": "C++", "kind": "class", "scope": "WPEFramework::Plugin", "scopeKind": "namespace"}, {"_type": "tag", "name": "Plugin", "path": "/home/kavia/workspace/code-generation/app-gateway2/app-gateway/OttServices/PermissionsClient.h", "pattern": "/^namespace Plugin {$/", "language": "C++", "kind": "namespace", "scope": "WPEFramework", "scopeKind": "namespace"}, {"_type": "tag", "name": "WPEFramework", "path": "/home/kavia/workspace/code-generation/app-gateway2/app-gateway/OttServices/PermissionsClient.h", "pattern": "/^namespace WPEFramework {$/", "language": "C++", "kind": "namespace"}, {"_type": "tag", "name": "_channel", "path": "/home/kavia/workspace/code-generation/app-gateway2/app-gateway/OttServices/PermissionsClient.h", "pattern": "/^        std::shared_ptr<grpc::Channel> _channel;$/", "language": "C++", "typeref": "typename:std::shared_ptr<grpc::Channel>", "kind": "member", "scope": "WPEFramework::Plugin::PermissionsClient", "scopeKind": "class"}, {"_type": "tag", "name": "_endpoint", "path": "/home/kavia/workspace/code-generation/app-gateway2/app-gateway/OttServices/PermissionsClient.h", "pattern": "/^        std::string _endpoint;$/", "language": "C++", "typeref": "typename:std::string", "kind": "member", "scope": "WPEFramework::Plugin::PermissionsClient", "scopeKind": "class"}, {"_type": "tag", "name": "_stub", "path": "/home/kavia/workspace/code-generation/app-gateway2/app-gateway/OttServices/PermissionsClient.h", "pattern": "/^        std::unique_ptr<ottx::permission::AppPermissionsService::Stub> _stub;$/", "language": "C++", "typeref": "typename:std::unique_ptr<ottx::permission::AppPermissionsService::Stub>", "kind": "member", "scope": "WPEFramework::Plugin::PermissionsClient", "scopeKind": "class"}], "hash": "c69cfb997efe8b15a9c3a67c94a859e8", "format-version": 4, "code-base-name": "app-gateway2", "filename": "app-gateway/OttServices/PermissionsClient.h", "fields": [{"name": "std::shared_ptr<grpc::Channel> _channel", "scope": "WPEFramework::Plugin::PermissionsClient", "scopeKind": "class", "description": "unavailable"}, {"name": "std::string _endpoint", "scope": "WPEFramework::Plugin::PermissionsClient", "scopeKind": "class", "description": "unavailable"}, {"name": "std::unique_ptr<ottx::permission::AppPermissionsService::Stub> _stub", "scope": "WPEFramework::Plugin::PermissionsClient", "scopeKind": "class", "description": "unavailable"}]}