{"is_source_file": true, "format": "C++ Header File", "description": "This header file defines the OttServicesImplementation class, which provides the internal implementation for OttServices plugin, including business logic, state management, and interactions with permissions.", "external_files": ["<core/core.h>", "<core/JSON.h>", "<plugins/IShell.h>", "<interfaces/IOttServices.h>", "<interfaces/IConfiguration.h>", "PermissionsClient.h", "Module.h"], "external_methods": ["Exchange::IOttServices::Ping", "Exchange::IOttServices::GetPermissions", "Exchange::IOttServices::InvalidatePermissions", "Exchange::IOttServices::UpdatePermissionsCache", "Exchange::IConfiguration::Configure"], "published": ["OttServicesImplementation"], "classes": [{"name": "OttServicesImplementation", "description": "Implementation class providing business logic, state, and interface support for the OttServices plugin."}], "methods": [{"name": "Initialize", "description": "Initializes the plugin with the given service shell."}, {"name": "Deinitialize", "description": "Deinitializes the plugin with the given service shell."}, {"name": "Configure", "description": "Configures the plugin with the provided shell."}, {"name": "Ping", "description": "Checks the connectivity or liveliness of the OttServices component."}, {"name": "GetPermissions", "description": "Retrieves permissions for a specified application ID."}, {"name": "InvalidatePermissions", "description": "Invalidates the cached permissions for a given application ID."}, {"name": "UpdatePermissionsCache", "description": "Updates the permissions cache for a specified application ID."}, {"name": "CollectAuthMetadata", "description": "Collects authentication metadata such as bearer token, device ID, account ID, and partner ID."}, {"name": "Config()", "scope": "WPEFramework::Plugin::OttServicesImplementation::Config", "scopeKind": "struct", "description": "unavailable"}], "calls": ["Exchange::IOttServices::Ping", "Exchange::IOttServices::GetPermissions", "Exchange::IOttServices::InvalidatePermissions", "Exchange::IOttServices::UpdatePermissionsCache", "Exchange::IConfiguration::Configure"], "search-terms": ["OttServicesImplementation", "PermissionsClient", "IOttServices", "IConfiguration", "PermissionsEndpoint", "UseTls", "CollectAuthMetadata"], "state": 2, "file_id": 52, "knowledge_revision": 445, "git_revision": "11687bdf35796aa59ae3a1afecde9935f4bdd400", "revision_history": [{"162": ""}, {"173": "0122b584310d777b8d07f9a9be695f2cb90c09dd"}, {"191": "c8e47b2a6d37c6d5c56d0ecafffe3d8cbec64b9e"}, {"257": "648fe4facac7e3617f078e1af2f5ab5734b54229"}, {"294": "b980f4e3e253a8299a669f5f0622cb22913a253d"}, {"327": "e3dea931296a543a65493075a65aaa817cbdc9a1"}, {"397": "a7a470609e5ec86bfb827285d49e4d69ba63ed5b"}, {"412": "ee01dfa922d65deb1655acc4f9ef7a881f6c3e05"}, {"432": "ee01dfa922d65deb1655acc4f9ef7a881f6c3e05"}, {"435": "25df307c05024e5e96123b19bb9a308689377d39"}, {"445": "11687bdf35796aa59ae3a1afecde9935f4bdd400"}], "ctags": [{"_type": "tag", "name": "Config", "path": "/home/kavia/workspace/code-generation/app-gateway2/app-gateway/OttServices/OttServicesImplementation.h", "pattern": "/^            Config() : Core::JSON::Container(), PermissionsEndpoint(), UseTls(true) {$/", "language": "C++", "kind": "function", "signature": "()", "scope": "WPEFramework::Plugin::OttServicesImplementation::Config", "scopeKind": "struct"}, {"_type": "tag", "name": "Config", "path": "/home/kavia/workspace/code-generation/app-gateway2/app-gateway/OttServices/OttServicesImplementation.h", "pattern": "/^        struct Config : public Core::JSON::Container {$/", "language": "C++", "kind": "struct", "scope": "WPEFramework::Plugin::OttServicesImplementation", "scopeKind": "class"}, {"_type": "tag", "name": "OttServicesImplementation", "path": "/home/kavia/workspace/code-generation/app-gateway2/app-gateway/OttServices/OttServicesImplementation.h", "pattern": "/^    class OttServicesImplementation : public Exchange::IOttServices , public Exchange::IConfigur/", "language": "C++", "kind": "class", "scope": "WPEFramework::Plugin", "scopeKind": "namespace"}, {"_type": "tag", "name": "PermissionsEndpoint", "path": "/home/kavia/workspace/code-generation/app-gateway2/app-gateway/OttServices/OttServicesImplementation.h", "pattern": "/^            Core::JSON::String PermissionsEndpoint;$/", "language": "C++", "typeref": "typename:Core::JSON::String", "kind": "member", "scope": "WPEFramework::Plugin::OttServicesImplementation::Config", "scopeKind": "struct"}, {"_type": "tag", "name": "Plugin", "path": "/home/kavia/workspace/code-generation/app-gateway2/app-gateway/OttServices/OttServicesImplementation.h", "pattern": "/^namespace Plugin {$/", "language": "C++", "kind": "namespace", "scope": "WPEFramework", "scopeKind": "namespace"}, {"_type": "tag", "name": "UseTls", "path": "/home/kavia/workspace/code-generation/app-gateway2/app-gateway/OttServices/OttServicesImplementation.h", "pattern": "/^            Core::JSON::Boolean UseTls;$/", "language": "C++", "typeref": "typename:Core::JSON::Boolean", "kind": "member", "scope": "WPEFramework::Plugin::OttServicesImplementation::Config", "scopeKind": "struct"}, {"_type": "tag", "name": "WPEFramework", "path": "/home/kavia/workspace/code-generation/app-gateway2/app-gateway/OttServices/OttServicesImplementation.h", "pattern": "/^namespace WPEFramework {$/", "language": "C++", "kind": "namespace"}, {"_type": "tag", "name": "_perms", "path": "/home/kavia/workspace/code-generation/app-gateway2/app-gateway/OttServices/OttServicesImplementation.h", "pattern": "/^        std::unique_ptr<PermissionsClient> _perms;$/", "language": "C++", "typeref": "typename:std::unique_ptr<PermissionsClient>", "kind": "member", "scope": "WPEFramework::Plugin::OttServicesImplementation", "scopeKind": "class"}, {"_type": "tag", "name": "_permsEndpoint", "path": "/home/kavia/workspace/code-generation/app-gateway2/app-gateway/OttServices/OttServicesImplementation.h", "pattern": "/^        std::string _permsEndpoint;$/", "language": "C++", "typeref": "typename:std::string", "kind": "member", "scope": "WPEFramework::Plugin::OttServicesImplementation", "scopeKind": "class"}, {"_type": "tag", "name": "_permsUseTls", "path": "/home/kavia/workspace/code-generation/app-gateway2/app-gateway/OttServices/OttServicesImplementation.h", "pattern": "/^        bool _permsUseTls;$/", "language": "C++", "typeref": "typename:bool", "kind": "member", "scope": "WPEFramework::Plugin::OttServicesImplementation", "scopeKind": "class"}, {"_type": "tag", "name": "_refCount", "path": "/home/kavia/workspace/code-generation/app-gateway2/app-gateway/OttServices/OttServicesImplementation.h", "pattern": "/^        mutable std::atomic<uint32_t> _refCount {1};$/", "language": "C++", "typeref": "typename:std::atomic<uint32_t>", "kind": "member", "scope": "WPEFramework::Plugin::OttServicesImplementation", "scopeKind": "class"}, {"_type": "tag", "name": "_service", "path": "/home/kavia/workspace/code-generation/app-gateway2/app-gateway/OttServices/OttServicesImplementation.h", "pattern": "/^        PluginHost::IShell* _service;$/", "language": "C++", "typeref": "typename:PluginHost::IShell *", "kind": "member", "scope": "WPEFramework::Plugin::OttServicesImplementation", "scopeKind": "class"}, {"_type": "tag", "name": "_state", "path": "/home/kavia/workspace/code-generation/app-gateway2/app-gateway/OttServices/OttServicesImplementation.h", "pattern": "/^        string _state;$/", "language": "C++", "typeref": "typename:string", "kind": "member", "scope": "WPEFramework::Plugin::OttServicesImplementation", "scopeKind": "class"}], "hash": "61843f9cecb4e28c8ba9742f1321017a", "format-version": 4, "code-base-name": "app-gateway2", "filename": "app-gateway/OttServices/OttServicesImplementation.h", "fields": [{"name": "Core::JSON::String PermissionsEndpoint", "scope": "WPEFramework::Plugin::OttServicesImplementation::Config", "scopeKind": "struct", "description": "unavailable"}, {"name": "Core::JSON::Boolean UseTls", "scope": "WPEFramework::Plugin::OttServicesImplementation::Config", "scopeKind": "struct", "description": "unavailable"}, {"name": "std::unique_ptr<PermissionsClient> _perms", "scope": "WPEFramework::Plugin::OttServicesImplementation", "scopeKind": "class", "description": "unavailable"}, {"name": "std::string _permsEndpoint", "scope": "WPEFramework::Plugin::OttServicesImplementation", "scopeKind": "class", "description": "unavailable"}, {"name": "bool _permsUseTls", "scope": "WPEFramework::Plugin::OttServicesImplementation", "scopeKind": "class", "description": "unavailable"}, {"name": "std::atomic<uint32_t> _refCount", "scope": "WPEFramework::Plugin::OttServicesImplementation", "scopeKind": "class", "description": "unavailable"}, {"name": "PluginHost::IShell * _service", "scope": "WPEFramework::Plugin::OttServicesImplementation", "scopeKind": "class", "description": "unavailable"}, {"name": "string _state", "scope": "WPEFramework::Plugin::OttServicesImplementation", "scopeKind": "class", "description": "unavailable"}]}