{"is_source_file": false, "format": "", "description": "", "external_files": [], "external_methods": [], "published": [], "classes": [], "methods": [], "calls": [], "search-terms": ["resolution.privacy.json", "Privacy", "allowACRCollection", "allowAppContentAdTargeting", "allowCameraAnalytics"], "state": 2, "file_id": 197, "knowledge_revision": 645, "git_revision": "29a5080329e5f08afebd86bd055b5f6119b1301a", "hash": "a3e27a35c749ca386eec1f90d1763130", "format-version": 4, "code-base-name": "app-gateway2", "filename": "app-gateway/AppGateway/resolutions/resolution.privacy.json", "revision_history": [{"645": "29a5080329e5f08afebd86bd055b5f6119b1301a"}]}