{"is_source_file": false, "format": "", "description": "", "external_files": [], "external_methods": [], "published": [], "classes": [], "methods": [], "calls": [], "search-terms": [], "state": 2, "file_id": 40, "knowledge_revision": 346, "git_revision": "ca3ffa5ef60b89114ae175e79c3d633a6dd1ee0c", "revision_history": [{"132": "ca3ffa5ef60b89114ae175e79c3d633a6dd1ee0c"}, {"346": "ca3ffa5ef60b89114ae175e79c3d633a6dd1ee0c"}], "ctags": [{"_type": "tag", "name": "LOGDBG", "path": "/home/kavia/workspace/code-generation/app-gateway2/app-gateway/UtilsLogging.h", "pattern": "/^#define LOGDBG(/", "language": "C++", "kind": "macro", "signature": "(fmt,...)"}, {"_type": "tag", "name": "LOGERR", "path": "/home/kavia/workspace/code-generation/app-gateway2/app-gateway/UtilsLogging.h", "pattern": "/^#define LOGERR(/", "language": "C++", "kind": "macro", "signature": "(fmt,...)"}, {"_type": "tag", "name": "LOGINFO", "path": "/home/kavia/workspace/code-generation/app-gateway2/app-gateway/UtilsLogging.h", "pattern": "/^#define LOGINFO(/", "language": "C++", "kind": "macro", "signature": "(fmt,...)"}, {"_type": "tag", "name": "LOGTRACE", "path": "/home/kavia/workspace/code-generation/app-gateway2/app-gateway/UtilsLogging.h", "pattern": "/^#define LOGTRACE(/", "language": "C++", "kind": "macro", "signature": "(fmt,...)"}, {"_type": "tag", "name": "LOGWARN", "path": "/home/kavia/workspace/code-generation/app-gateway2/app-gateway/UtilsLogging.h", "pattern": "/^#define LOGWARN(/", "language": "C++", "kind": "macro", "signature": "(fmt,...)"}], "hash": "fe8e3364f19803fc8982982435afddec", "format-version": 4, "code-base-name": "app-gateway2", "filename": "app-gateway/UtilsLogging.h"}