{"is_source_file": true, "format": "C++ header file", "description": "This file defines the NetworkDelegate class which manages network-related event subscriptions and notifications, including interface status and internet connectivity, interfacing with the INetworkManager component.", "external_files": ["StringUtils.h", "BaseEventDelegate.h", "<interfaces/INetworkManager.h>", "UtilsLogging.h"], "external_methods": ["StringUtils::toLower", "Core::Error", "Core::hresult", "Core::ERROR_UNAVAILABLE", "Core::ERROR_GENERAL", "Core::ERROR_NONE"], "published": ["GetInternetConnectionStatus"], "classes": [{"name": "NetworkDelegate", "description": "A delegate class responsible for managing network-related events and status, including subscription handling, event processing, and notifications from the INetworkManager."}], "methods": [{"name": "bool HandleSubscription(const string & event,const bool listen)", "description": "Manages subscription to network events, registering or removing notifications with the INetworkManager.", "scope": "NetworkDelegate", "scopeKind": "class"}, {"name": "bool HandleEvent(const string & event,const bool listen,bool & registrationError)", "description": "Checks if an event is valid and handles its subscription or removal.", "scope": "NetworkDelegate", "scopeKind": "class"}, {"name": "Exchange::INetworkManager * GetNetworkManagerInterface()", "description": "Retrieves and caches the INetworkManager interface from the shell.", "scope": "NetworkDelegate", "scopeKind": "class"}, {"name": "Core::hresult GetInternetConnectionStatus(std::string & result)", "description": "Retrieves the current internet connection status by querying available network interfaces.", "scope": "NetworkDelegate", "scopeKind": "class"}, {"name": "bool GetRegistered()", "scope": "NetworkDelegate::NetworkNotificationHandler", "scopeKind": "class", "description": "unavailable"}, {"name": "NetworkDelegate(PluginHost::IShell * shell,Exchange::IAppNotifications * appNotifications)", "scope": "NetworkDelegate", "scopeKind": "class", "description": "unavailable"}, {"name": "NetworkNotificationHandler(NetworkDelegate & parent)", "scope": "NetworkDelegate::NetworkNotificationHandler", "scopeKind": "class", "description": "unavailable"}, {"name": "void SetRegistered(bool state)", "scope": "NetworkDelegate::NetworkNotificationHandler", "scopeKind": "class", "description": "unavailable"}, {"name": "string __anonc9b249250102(Exchange::INetworkManager::InternetStatus status)", "scope": "NetworkDelegate::NetworkNotificationHandler::onInternetStatusChange", "scopeKind": "function", "description": "unavailable"}, {"name": "void onActiveInterfaceChange(const string prevActiveInterface,const string currentActiveInterface)", "scope": "NetworkDelegate::NetworkNotificationHandler", "scopeKind": "class", "description": "unavailable"}, {"name": "void onAvailableSSIDs(const string jsonOfScanResults)", "scope": "NetworkDelegate::NetworkNotificationHandler", "scopeKind": "class", "description": "unavailable"}, {"name": "void onIPAddressChange(const string interface,const string ipversion,const string ipaddress,const Exchange::INetworkManager::IPStatus status)", "scope": "NetworkDelegate::NetworkNotificationHandler", "scopeKind": "class", "description": "unavailable"}, {"name": "void onInterfaceStateChange(const Exchange::INetworkManager::InterfaceState state,const string interface)", "scope": "NetworkDelegate::NetworkNotificationHandler", "scopeKind": "class", "description": "unavailable"}, {"name": "void onInternetStatusChange(const Exchange::INetworkManager::InternetStatus prevState,const Exchange::INetworkManager::InternetStatus currState,const string interface)", "scope": "NetworkDelegate::NetworkNotificationHandler", "scopeKind": "class", "description": "unavailable"}, {"name": "void onWiFiSignalQualityChange(const string ssid,const string strength,const string noise,const string snr,const Exchange::INetworkManager::WiFiSignalQuality quality)", "scope": "NetworkDelegate::NetworkNotificationHandler", "scopeKind": "class", "description": "unavailable"}, {"name": "void onWiFiStateChange(const Exchange::INetworkManager::WiFiState state)", "scope": "NetworkDelegate::NetworkNotificationHandler", "scopeKind": "class", "description": "unavailable"}, {"name": "~NetworkDelegate()", "scope": "NetworkDelegate", "scopeKind": "class", "description": "unavailable"}, {"name": "~NetworkNotificationHandler()", "scope": "NetworkDelegate::NetworkNotificationHandler", "scopeKind": "class", "description": "unavailable"}], "calls": ["GetNetworkManagerInterface", "mNetworkManager->GetAvailableInterfaces", "mNetworkManager->Register", "interfaces->Next", "Dispatch"], "search-terms": ["NetworkDelegate", "INetworkManager", "NetworkManager notifications", "Internet connection status", "Network interface iteration", "Network event subscription"], "state": 2, "file_id": 192, "knowledge_revision": 714, "git_revision": "727800fc84f5393f5ac231785d3764465fe20036", "revision_history": [{"646": "29a5080329e5f08afebd86bd055b5f6119b1301a"}, {"665": "fec348fab54a737008e897781acc65baab40814b"}, {"714": "727800fc84f5393f5ac231785d3764465fe20036"}], "ctags": [{"_type": "tag", "name": "GetInternetConnectionStatus", "path": "/home/kavia/workspace/code-generation/app-gateway2/app-gateway/FbSettings/delegate/NetworkDelegate.h", "pattern": "/^    Core::hresult GetInternetConnectionStatus(std::string &result)$/", "language": "C++", "typeref": "typename:Core::hresult", "kind": "function", "signature": "(std::string & result)", "scope": "NetworkDelegate", "scopeKind": "class"}, {"_type": "tag", "name": "GetNetworkManagerInterface", "path": "/home/kavia/workspace/code-generation/app-gateway2/app-gateway/FbSettings/delegate/NetworkDelegate.h", "pattern": "/^    Exchange::INetworkManager *GetNetworkManagerInterface()$/", "language": "C++", "typeref": "typename:Exchange::INetworkManager *", "kind": "function", "signature": "()", "scope": "NetworkDelegate", "scopeKind": "class"}, {"_type": "tag", "name": "GetRegistered", "path": "/home/kavia/workspace/code-generation/app-gateway2/app-gateway/FbSettings/delegate/NetworkDelegate.h", "pattern": "/^        bool GetRegistered()$/", "language": "C++", "typeref": "typename:bool", "kind": "function", "signature": "()", "scope": "NetworkDelegate::NetworkNotificationHandler", "scopeKind": "class"}, {"_type": "tag", "name": "HandleEvent", "path": "/home/kavia/workspace/code-generation/app-gateway2/app-gateway/FbSettings/delegate/NetworkDelegate.h", "pattern": "/^    bool HandleEvent(const string &event, const bool listen, bool &registrationError)$/", "language": "C++", "typeref": "typename:bool", "kind": "function", "signature": "(const string & event,const bool listen,bool & registrationError)", "scope": "NetworkDelegate", "scopeKind": "class"}, {"_type": "tag", "name": "HandleSubscription", "path": "/home/kavia/workspace/code-generation/app-gateway2/app-gateway/FbSettings/delegate/NetworkDelegate.h", "pattern": "/^    bool HandleSubscription(const string &event, const bool listen)$/", "language": "C++", "typeref": "typename:bool", "kind": "function", "signature": "(const string & event,const bool listen)", "scope": "NetworkDelegate", "scopeKind": "class"}, {"_type": "tag", "name": "NETWORKMANAGER_CALLSIGN", "path": "/home/kavia/workspace/code-generation/app-gateway2/app-gateway/FbSettings/delegate/NetworkDelegate.h", "pattern": "/^#define NETWORKMANAGER_CALLSIGN /", "language": "C++", "kind": "macro"}, {"_type": "tag", "name": "NetworkDelegate", "path": "/home/kavia/workspace/code-generation/app-gateway2/app-gateway/FbSettings/delegate/NetworkDelegate.h", "pattern": "/^    NetworkDelegate(PluginHost::IShell *shell, Exchange::IAppNotifications *appNotifications)$/", "language": "C++", "kind": "function", "signature": "(PluginHost::IShell * shell,Exchange::IAppNotifications * appNotifications)", "scope": "NetworkDelegate", "scopeKind": "class"}, {"_type": "tag", "name": "NetworkDelegate", "path": "/home/kavia/workspace/code-generation/app-gateway2/app-gateway/FbSettings/delegate/NetworkDelegate.h", "pattern": "/^class NetworkDelegate : public BaseEventDelegate$/", "language": "C++", "kind": "class"}, {"_type": "tag", "name": "NetworkNotificationHandler", "path": "/home/kavia/workspace/code-generation/app-gateway2/app-gateway/FbSettings/delegate/NetworkDelegate.h", "pattern": "/^        NetworkNotificationHandler(NetworkDelegate &parent) : mParent(parent), registered(false)/", "language": "C++", "kind": "function", "signature": "(NetworkDelegate & parent)", "scope": "NetworkDelegate::NetworkNotificationHandler", "scopeKind": "class"}, {"_type": "tag", "name": "NetworkNotificationHandler", "path": "/home/kavia/workspace/code-generation/app-gateway2/app-gateway/FbSettings/delegate/NetworkDelegate.h", "pattern": "/^    class NetworkNotificationHandler : public Exchange::INetworkManager::INotification$/", "language": "C++", "kind": "class", "scope": "NetworkDelegate", "scopeKind": "class"}, {"_type": "tag", "name": "SetRegistered", "path": "/home/kavia/workspace/code-generation/app-gateway2/app-gateway/FbSettings/delegate/NetworkDelegate.h", "pattern": "/^        void SetRegistered(bool state)$/", "language": "C++", "typeref": "typename:void", "kind": "function", "signature": "(bool state)", "scope": "NetworkDelegate::NetworkNotificationHandler", "scopeKind": "class"}, {"_type": "tag", "name": "VALID_NETWORK_EVENT", "path": "/home/kavia/workspace/code-generation/app-gateway2/app-gateway/FbSettings/delegate/NetworkDelegate.h", "pattern": "/^static const std::set<string> VALID_NETWORK_EVENT = {$/", "language": "C++", "typeref": "typename:const std::set<string>", "kind": "variable"}, {"_type": "tag", "name": "__NETWORKDELEGATE_H__", "path": "/home/kavia/workspace/code-generation/app-gateway2/app-gateway/FbSettings/delegate/NetworkDelegate.h", "pattern": "/^#define __NETWORKDELEGATE_H__$/", "language": "C++", "kind": "macro"}, {"_type": "tag", "name": "__anonc9b249250102", "path": "/home/kavia/workspace/code-generation/app-gateway2/app-gateway/FbSettings/delegate/NetworkDelegate.h", "pattern": "/^            auto statusToString = [](Exchange::INetworkManager::InternetStatus status) -> string/", "file": true, "language": "C++", "typeref": "typename:string", "kind": "function", "signature": "(Exchange::INetworkManager::InternetStatus status) ", "scope": "NetworkDelegate::NetworkNotificationHandler::onInternetStatusChange", "scopeKind": "function"}, {"_type": "tag", "name": "mNetworkManager", "path": "/home/kavia/workspace/code-generation/app-gateway2/app-gateway/FbSettings/delegate/NetworkDelegate.h", "pattern": "/^    Exchange::INetworkManager *mNetworkManager;$/", "language": "C++", "typeref": "typename:Exchange::INetworkManager *", "kind": "member", "scope": "NetworkDelegate", "scopeKind": "class"}, {"_type": "tag", "name": "mNotificationHandler", "path": "/home/kavia/workspace/code-generation/app-gateway2/app-gateway/FbSettings/delegate/NetworkDelegate.h", "pattern": "/^    Core::Sink<NetworkNotificationHandler> mNotificationHandler;$/", "language": "C++", "typeref": "typename:Core::Sink<NetworkNotificationHandler>", "kind": "member", "scope": "NetworkDelegate", "scopeKind": "class"}, {"_type": "tag", "name": "mParent", "path": "/home/kavia/workspace/code-generation/app-gateway2/app-gateway/FbSettings/delegate/NetworkDelegate.h", "pattern": "/^        NetworkDelegate &mParent;$/", "language": "C++", "typeref": "typename:NetworkDelegate &", "kind": "member", "scope": "NetworkDelegate::NetworkNotificationHandler", "scopeKind": "class"}, {"_type": "tag", "name": "mShell", "path": "/home/kavia/workspace/code-generation/app-gateway2/app-gateway/FbSettings/delegate/NetworkDelegate.h", "pattern": "/^    PluginHost::IShell *mShell;$/", "language": "C++", "typeref": "typename:PluginHost::IShell *", "kind": "member", "scope": "NetworkDelegate", "scopeKind": "class"}, {"_type": "tag", "name": "onActiveInterfaceChange", "path": "/home/kavia/workspace/code-generation/app-gateway2/app-gateway/FbSettings/delegate/NetworkDelegate.h", "pattern": "/^        void onActiveInterfaceChange(const string prevActiveInterface, const string currentActiv/", "language": "C++", "typeref": "typename:void", "kind": "function", "signature": "(const string prevActiveInterface,const string currentActiveInterface)", "scope": "NetworkDelegate::NetworkNotificationHandler", "scopeKind": "class"}, {"_type": "tag", "name": "onAvailableSSIDs", "path": "/home/kavia/workspace/code-generation/app-gateway2/app-gateway/FbSettings/delegate/NetworkDelegate.h", "pattern": "/^        void onAvailableSSIDs(const string jsonOfScanResults)$/", "language": "C++", "typeref": "typename:void", "kind": "function", "signature": "(const string jsonOfScanResults)", "scope": "NetworkDelegate::NetworkNotificationHandler", "scopeKind": "class"}, {"_type": "tag", "name": "onIPAddressChange", "path": "/home/kavia/workspace/code-generation/app-gateway2/app-gateway/FbSettings/delegate/NetworkDelegate.h", "pattern": "/^        void onIPAddressChange(const string interface, const string ipversion, const string ipad/", "language": "C++", "typeref": "typename:void", "kind": "function", "signature": "(const string interface,const string ipversion,const string ipaddress,const Exchange::INetworkManager::IPStatus status)", "scope": "NetworkDelegate::NetworkNotificationHandler", "scopeKind": "class"}, {"_type": "tag", "name": "onInterfaceStateChange", "path": "/home/kavia/workspace/code-generation/app-gateway2/app-gateway/FbSettings/delegate/NetworkDelegate.h", "pattern": "/^        void onInterfaceStateChange(const Exchange::INetworkManager::InterfaceState state, const/", "language": "C++", "typeref": "typename:void", "kind": "function", "signature": "(const Exchange::INetworkManager::InterfaceState state,const string interface)", "scope": "NetworkDelegate::NetworkNotificationHandler", "scopeKind": "class"}, {"_type": "tag", "name": "onInternetStatusChange", "path": "/home/kavia/workspace/code-generation/app-gateway2/app-gateway/FbSettings/delegate/NetworkDelegate.h", "pattern": "/^        void onInternetStatusChange(const Exchange::INetworkManager::InternetStatus prevState, c/", "language": "C++", "typeref": "typename:void", "kind": "function", "signature": "(const Exchange::INetworkManager::InternetStatus prevState,const Exchange::INetworkManager::InternetStatus currState,const string interface)", "scope": "NetworkDelegate::NetworkNotificationHandler", "scopeKind": "class"}, {"_type": "tag", "name": "onWiFiSignalQualityChange", "path": "/home/kavia/workspace/code-generation/app-gateway2/app-gateway/FbSettings/delegate/NetworkDelegate.h", "pattern": "/^        void onWiFiSignalQualityChange(const string ssid, const string strength, const string no/", "language": "C++", "typeref": "typename:void", "kind": "function", "signature": "(const string ssid,const string strength,const string noise,const string snr,const Exchange::INetworkManager::WiFiSignalQuality quality)", "scope": "NetworkDelegate::NetworkNotificationHandler", "scopeKind": "class"}, {"_type": "tag", "name": "onWiFiStateChange", "path": "/home/kavia/workspace/code-generation/app-gateway2/app-gateway/FbSettings/delegate/NetworkDelegate.h", "pattern": "/^        void onWiFiStateChange(const Exchange::INetworkManager::WiFiState state)$/", "language": "C++", "typeref": "typename:void", "kind": "function", "signature": "(const Exchange::INetworkManager::WiFiState state)", "scope": "NetworkDelegate::NetworkNotificationHandler", "scopeKind": "class"}, {"_type": "tag", "name": "registerMutex", "path": "/home/kavia/workspace/code-generation/app-gateway2/app-gateway/FbSettings/delegate/NetworkDelegate.h", "pattern": "/^        std::mutex registerMutex;$/", "language": "C++", "typeref": "typename:std::mutex", "kind": "member", "scope": "NetworkDelegate::NetworkNotificationHandler", "scopeKind": "class"}, {"_type": "tag", "name": "registered", "path": "/home/kavia/workspace/code-generation/app-gateway2/app-gateway/FbSettings/delegate/NetworkDelegate.h", "pattern": "/^        bool registered;$/", "language": "C++", "typeref": "typename:bool", "kind": "member", "scope": "NetworkDelegate::NetworkNotificationHandler", "scopeKind": "class"}, {"_type": "tag", "name": "~NetworkDelegate", "path": "/home/kavia/workspace/code-generation/app-gateway2/app-gateway/FbSettings/delegate/NetworkDelegate.h", "pattern": "/^    ~NetworkDelegate()$/", "language": "C++", "kind": "function", "signature": "()", "scope": "NetworkDelegate", "scopeKind": "class"}, {"_type": "tag", "name": "~NetworkNotificationHandler", "path": "/home/kavia/workspace/code-generation/app-gateway2/app-gateway/FbSettings/delegate/NetworkDelegate.h", "pattern": "/^        ~NetworkNotificationHandler() {}$/", "language": "C++", "kind": "function", "signature": "()", "scope": "NetworkDelegate::NetworkNotificationHandler", "scopeKind": "class"}], "hash": "36261e33f2c42a388deae27999056a72", "format-version": 4, "code-base-name": "app-gateway2", "filename": "app-gateway/FbSettings/delegate/NetworkDelegate.h", "fields": [{"name": "const std::set<string> VALID_NETWORK_EVENT", "scope": "", "scopeKind": "", "description": "unavailable"}, {"name": "Exchange::INetworkManager * mNetworkManager", "scope": "NetworkDelegate", "scopeKind": "class", "description": "unavailable"}, {"name": "Core::Sink<NetworkNotificationHandler> mNotificationHandler", "scope": "NetworkDelegate", "scopeKind": "class", "description": "unavailable"}, {"name": "NetworkDelegate & mParent", "scope": "NetworkDelegate::NetworkNotificationHandler", "scopeKind": "class", "description": "unavailable"}, {"name": "PluginHost::IShell * mShell", "scope": "NetworkDelegate", "scopeKind": "class", "description": "unavailable"}, {"name": "std::mutex registerMutex", "scope": "NetworkDelegate::NetworkNotificationHandler", "scopeKind": "class", "description": "unavailable"}, {"name": "bool registered", "scope": "NetworkDelegate::NetworkNotificationHandler", "scopeKind": "class", "description": "unavailable"}]}