{"is_source_file": true, "format": "C++ header", "description": "This file defines the SystemDelegate class, which manages interactions with system-related Thunder plugins, including device info retrieval, event subscription to display and HDCP status changes, and event emission for resolution, HDCP, HDR, and other system states. It also handles app notification registration and provides various system property access methods.", "external_files": ["plugins/plugins.h", "UtilsLogging.h", "UtilsJsonrpcDirectLink.h", "ThunderUtils.h", "BaseEventDelegate.h"], "external_methods": ["WPEFramework::Utils::GetThunderControllerClient", "ThunderUtils::getThunderControllerClient"], "published": ["GetDeviceMake", "GetDeviceName", "SetDeviceName", "GetDeviceSku", "GetFirmwareVersion", "GetCountryCode", "SetCountryCode", "GetTimeZone", "SetTimeZone", "GetSecondScreenFriendlyName", "GetScreenResolution", "GetVideoResolution", "GetHdcp", "GetHdr", "EmitOnVideoResolutionChanged", "EmitOnScreenResolutionChanged", "EmitOnHdcpChanged", "EmitOnHdrChanged", "HandleEvent"], "classes": [{"name": "SystemDelegate", "description": "A delegate class managing system info retrieval, event subscriptions, and event emissions related to device resolution, HDCP, HDR, and other system properties within the Thunder environment."}], "methods": [{"name": "Core::hresult GetDeviceMake(std::string & make)", "description": "Retrieves the device make using Thunder plugin call 'getDeviceInfo'.", "scope": "SystemDelegate", "scopeKind": "class"}, {"name": "Core::hresult GetDeviceName(std::string & name)", "description": "Retrieves the device friendly name using Thunder plugin call 'getFriendlyName'.", "scope": "SystemDelegate", "scopeKind": "class"}, {"name": "Core::hresult SetDeviceName(const std::string & name)", "description": "Sets the device friendly name via Thunder plugin call 'setFriendlyName'.", "scope": "SystemDelegate", "scopeKind": "class"}, {"name": "Core::hresult GetDeviceSku(std::string & skuOut)", "description": "Retrieves the device SKU from 'getSystemVersions', specifically the 'stbVersion' split at underscore.", "scope": "SystemDelegate", "scopeKind": "class"}, {"name": "Core::hresult GetFirmwareVersion(std::string & version)", "description": "Retrieves and constructs firmware version info, including major, minor, patch, API level, and a readable string.", "scope": "SystemDelegate", "scopeKind": "class"}, {"name": "Core::hresult GetCountryCode(std::string & code)", "description": "Gets country/territory code via Thunder call 'getTerritory' and converts Thunder codes to Firebolt codes.", "scope": "SystemDelegate", "scopeKind": "class"}, {"name": "Core::hresult SetCountryCode(const std::string & code)", "description": "Sets the country/territory code via Thunder call 'setTerritory', converting Firebolt codes to Thunder codes.", "scope": "SystemDelegate", "scopeKind": "class"}, {"name": "Core::hresult GetTimeZone(std::string & tz)", "description": "Retrieves system timezone via Thunder call 'getTimeZoneDST'.", "scope": "SystemDelegate", "scopeKind": "class"}, {"name": "Core::hresult SetTimeZone(const std::string & tz)", "description": "Sets system timezone via Thunder call 'setTimeZoneDST'.", "scope": "SystemDelegate", "scopeKind": "class"}, {"name": "Core::hresult GetSecondScreenFriendlyName(std::string & name)", "description": "Alias for GetDeviceName using 'getFriendlyName'.", "scope": "SystemDelegate", "scopeKind": "class"}, {"name": "Core::hresult GetScreenResolution(std::string & jsonArray)", "description": "Retrieves current display resolution as [width, height], using 'getCurrentResolution'.", "scope": "SystemDelegate", "scopeKind": "class"}, {"name": "Core::hresult GetVideoResolution(std::string & jsonArray)", "description": "Infers video resolution based on display resolution, defaults to 1080p.", "scope": "SystemDelegate", "scopeKind": "class"}, {"name": "Core::hresult GetHdcp(std::string & jsonObject)", "description": "Gets current HDCP status, returning a JSON object with hdcp1.4 and hdcp2.2 flags.", "scope": "SystemDelegate", "scopeKind": "class"}, {"name": "Core::hresult GetHdr(std::string & jsonObject)", "description": "Retrieves TV HDR capabilities such as HDR10, Dolby Vision, HLG, etc.", "scope": "SystemDelegate", "scopeKind": "class"}, {"name": "bool EmitOnVideoResolutionChanged()", "description": "Emits event when video resolution changes, with debounce handling.", "scope": "SystemDelegate", "scopeKind": "class"}, {"name": "bool EmitOnScreenResolutionChanged()", "description": "Emits event when screen resolution changes, with debounce handling.", "scope": "SystemDelegate", "scopeKind": "class"}, {"name": "bool EmitOnHdcpChanged()", "description": "Emits event when HDCP status changes, with debounce handling.", "scope": "SystemDelegate", "scopeKind": "class"}, {"name": "bool EmitOnHdrChanged()", "description": "Emits event when HDR capability changes, with debounce handling.", "scope": "SystemDelegate", "scopeKind": "class"}, {"name": "bool HandleEvent(const std::string & event,const bool listen,bool & registrationError)", "description": "Handles app notification registration/deregistration for supported system events.", "scope": "SystemDelegate", "scopeKind": "class"}, {"name": "std::shared_ptr<WPEFramework::Utils::JSONRPCDirectLink> AcquireLink() const", "scope": "SystemDelegate", "scopeKind": "class", "description": "unavailable"}, {"name": "bool EqualsIgnoreCase(const std::string & a,const std::string & b)", "scope": "SystemDelegate", "scopeKind": "class", "description": "unavailable"}, {"name": "void OnDisplaySettingsResolutionChanged(const WPEFramework::Core::JSON::VariantContainer & params)", "scope": "SystemDelegate", "scopeKind": "class", "description": "unavailable"}, {"name": "void OnHdcpProfileDisplayConnectionChanged(const WPEFramework::Core::JSON::VariantContainer & params)", "scope": "SystemDelegate", "scopeKind": "class", "description": "unavailable"}, {"name": "void SetupDisplaySettingsSubscription()", "scope": "SystemDelegate", "scopeKind": "class", "description": "unavailable"}, {"name": "void SetupHdcpProfileSubscription()", "scope": "SystemDelegate", "scopeKind": "class", "description": "unavailable"}, {"name": "bool ShouldEmitDebounced(const std::string & event,const std::string & payload) const", "scope": "SystemDelegate", "scopeKind": "class", "description": "unavailable"}, {"name": "SystemDelegate(PluginHost::IShell * shell,WPEFramework::Exchange::IAppNotifications * appNotifications)", "scope": "SystemDelegate", "scopeKind": "class", "description": "unavailable"}, {"name": "std::string TerritoryFireboltToThunder(const std::string & code,const std::string & deflt)", "scope": "SystemDelegate", "scopeKind": "class", "description": "unavailable"}, {"name": "std::string TerritoryThunderToFirebolt(const std::string & terr,const std::string & deflt)", "scope": "SystemDelegate", "scopeKind": "class", "description": "unavailable"}, {"name": "std::string ToLower(const std::string & in)", "scope": "SystemDelegate", "scopeKind": "class", "description": "unavailable"}, {"name": "__anona098f0200102(const WPEFramework::Core::JSON::Variant& vobj)", "scope": "SystemDelegate::GetHdr", "scopeKind": "function", "description": "unavailable"}, {"name": "~SystemDelegate()", "scope": "SystemDelegate", "scopeKind": "class", "description": "unavailable"}], "calls": ["WPEFramework::Utils::GetThunderControllerClient", "ThunderUtils::getThunderControllerClient", "AcquireLink", "Get", "Post", "Subscribe", "Unsubscribe"], "search-terms": ["SystemDelegate", "Thunder", "DisplaySettings", "HDCPProfile", "getDeviceInfo", "getFriendlyName", "setFriendlyName", "getSystemVersions", "getTerritory", "setTerritory", "getTimeZoneDST", "setTimeZoneDST", "DisplayResolution", "HdcpStatus", "HDRCapabilities", "video resolution", "screen resolution", "HDCP status", "HDR flags"], "state": 2, "file_id": 95, "knowledge_revision": 913, "git_revision": "950dc851b5ecb2ee01d04536e024064c249d02ea", "revision_history": [{"283": ""}, {"288": "3fd516540f7367e78a2714a46d9772e2f3985f44"}, {"297": "889d68b112c139677bf0a59cc8c4ce27b454531a"}, {"354": "a518df17203c7acd128d5f75d0f484e0347f8c9a"}, {"356": "a518df17203c7acd128d5f75d0f484e0347f8c9a"}, {"419": "761da3cbf016614cf4ed4b19325827c8ea55414e"}, {"647": "29a5080329e5f08afebd86bd055b5f6119b1301a"}, {"716": "727800fc84f5393f5ac231785d3764465fe20036"}, {"770": "727800fc84f5393f5ac231785d3764465fe20036"}, {"796": "f9c7fb5c639c6b5b7fc145b39535891737972f4e"}, {"834": "bedbfc563272c9798747e86eec4eea3145029d71"}, {"836": "bedbfc563272c9798747e86eec4eea3145029d71"}, {"837": "13d8c19fdb315e706b1ee833d7d97c8006a10b89"}, {"839": "13d8c19fdb315e706b1ee833d7d97c8006a10b89"}, {"840": "ef86df2c8df3fef6f567643b583ee28870c1ba4c"}, {"842": "27d9a9ade15b7e946877d9917f30785b982ee384"}, {"894": "4bd6c1301f3a07f93efbade7fbc37e391974876e"}, {"895": "b012facec107f37d9d617084ac13270d3ca1456c"}, {"896": "950dc851b5ecb2ee01d04536e024064c249d02ea"}, {"897": "950dc851b5ecb2ee01d04536e024064c249d02ea"}, {"913": "950dc851b5ecb2ee01d04536e024064c249d02ea"}], "ctags": [{"_type": "tag", "name": "AcquireLink", "path": "/home/kavia/workspace/code-generation/app-gateway2/app-gateway/FbSettings/delegate/SystemDelegate.h", "pattern": "/^     inline std::shared_ptr<WPEFramework::Utils::JSONRPCDirectLink> AcquireLink() const$/", "language": "C++", "typeref": "typename:std::shared_ptr<WPEFramework::Utils::JSONRPCDirectLink>", "kind": "function", "signature": "() const", "scope": "SystemDelegate", "scopeKind": "class"}, {"_type": "tag", "name": "Clock", "path": "/home/kavia/workspace/code-generation/app-gateway2/app-gateway/FbSettings/delegate/SystemDelegate.h", "pattern": "/^         using Clock = std::chrono::steady_clock;$/", "language": "C++", "typeref": "typename:std::chrono::steady_clock", "kind": "typedef", "scope": "SystemDelegate::ShouldEmitDebounced", "scopeKind": "function"}, {"_type": "tag", "name": "DISPLAYSETTINGS_CALLSIGN", "path": "/home/kavia/workspace/code-generation/app-gateway2/app-gateway/FbSettings/delegate/SystemDelegate.h", "pattern": "/^ #define DISPLAYSETTINGS_CALLSIGN /", "language": "C++", "kind": "macro"}, {"_type": "tag", "name": "EVENT_ON_HDCP_CHANGED", "path": "/home/kavia/workspace/code-generation/app-gateway2/app-gateway/FbSettings/delegate/SystemDelegate.h", "pattern": "/^     static constexpr const char* EVENT_ON_HDCP_CHANGED        = \"device.onHdcpChanged\";$/", "language": "C++", "typeref": "typename:const char *", "kind": "member", "scope": "SystemDelegate", "scopeKind": "class"}, {"_type": "tag", "name": "EVENT_ON_HDR_CHANGED", "path": "/home/kavia/workspace/code-generation/app-gateway2/app-gateway/FbSettings/delegate/SystemDelegate.h", "pattern": "/^     static constexpr const char* EVENT_ON_HDR_CHANGED         = \"device.onHdrChanged\";$/", "language": "C++", "typeref": "typename:const char *", "kind": "member", "scope": "SystemDelegate", "scopeKind": "class"}, {"_type": "tag", "name": "EVENT_ON_SCREEN_RES_CHANGED", "path": "/home/kavia/workspace/code-generation/app-gateway2/app-gateway/FbSettings/delegate/SystemDelegate.h", "pattern": "/^     static constexpr const char* EVENT_ON_SCREEN_RES_CHANGED  = \"device.onScreenResolutionChang/", "language": "C++", "typeref": "typename:const char *", "kind": "member", "scope": "SystemDelegate", "scopeKind": "class"}, {"_type": "tag", "name": "EVENT_ON_VIDEO_RES_CHANGED", "path": "/home/kavia/workspace/code-generation/app-gateway2/app-gateway/FbSettings/delegate/SystemDelegate.h", "pattern": "/^     static constexpr const char* EVENT_ON_VIDEO_RES_CHANGED   = \"device.onVideoResolutionChange/", "language": "C++", "typeref": "typename:const char *", "kind": "member", "scope": "SystemDelegate", "scopeKind": "class"}, {"_type": "tag", "name": "EmitOnHdcpChanged", "path": "/home/kavia/workspace/code-generation/app-gateway2/app-gateway/FbSettings/delegate/SystemDelegate.h", "pattern": "/^     bool EmitOnHdcpChanged()$/", "language": "C++", "typeref": "typename:bool", "kind": "function", "signature": "()", "scope": "SystemDelegate", "scopeKind": "class"}, {"_type": "tag", "name": "EmitOnHdrChanged", "path": "/home/kavia/workspace/code-generation/app-gateway2/app-gateway/FbSettings/delegate/SystemDelegate.h", "pattern": "/^     bool EmitOnHdrChanged()$/", "language": "C++", "typeref": "typename:bool", "kind": "function", "signature": "()", "scope": "SystemDelegate", "scopeKind": "class"}, {"_type": "tag", "name": "EmitOnScreenResolutionChanged", "path": "/home/kavia/workspace/code-generation/app-gateway2/app-gateway/FbSettings/delegate/SystemDelegate.h", "pattern": "/^     bool EmitOnScreenResolutionChanged()$/", "language": "C++", "typeref": "typename:bool", "kind": "function", "signature": "()", "scope": "SystemDelegate", "scopeKind": "class"}, {"_type": "tag", "name": "EmitOnVideoResolutionChanged", "path": "/home/kavia/workspace/code-generation/app-gateway2/app-gateway/FbSettings/delegate/SystemDelegate.h", "pattern": "/^     bool EmitOnVideoResolutionChanged()$/", "language": "C++", "typeref": "typename:bool", "kind": "function", "signature": "()", "scope": "SystemDelegate", "scopeKind": "class"}, {"_type": "tag", "name": "EqualsIgnoreCase", "path": "/home/kavia/workspace/code-generation/app-gateway2/app-gateway/FbSettings/delegate/SystemDelegate.h", "pattern": "/^     static bool EqualsIgnoreCase(const std::string &a, const std::string &b)$/", "language": "C++", "typeref": "typename:bool", "kind": "function", "signature": "(const std::string & a,const std::string & b)", "scope": "SystemDelegate", "scopeKind": "class"}, {"_type": "tag", "name": "GetCountryCode", "path": "/home/kavia/workspace/code-generation/app-gateway2/app-gateway/FbSettings/delegate/SystemDelegate.h", "pattern": "/^     Core::hresult GetCountryCode(std::string &code)$/", "language": "C++", "typeref": "typename:Core::hresult", "kind": "function", "signature": "(std::string & code)", "scope": "SystemDelegate", "scopeKind": "class"}, {"_type": "tag", "name": "GetDeviceMake", "path": "/home/kavia/workspace/code-generation/app-gateway2/app-gateway/FbSettings/delegate/SystemDelegate.h", "pattern": "/^     Core::hresult GetDeviceMake(std::string &make)$/", "language": "C++", "typeref": "typename:Core::hresult", "kind": "function", "signature": "(std::string & make)", "scope": "SystemDelegate", "scopeKind": "class"}, {"_type": "tag", "name": "GetDeviceName", "path": "/home/kavia/workspace/code-generation/app-gateway2/app-gateway/FbSettings/delegate/SystemDelegate.h", "pattern": "/^     Core::hresult GetDeviceName(std::string &name)$/", "language": "C++", "typeref": "typename:Core::hresult", "kind": "function", "signature": "(std::string & name)", "scope": "SystemDelegate", "scopeKind": "class"}, {"_type": "tag", "name": "GetDeviceSku", "path": "/home/kavia/workspace/code-generation/app-gateway2/app-gateway/FbSettings/delegate/SystemDelegate.h", "pattern": "/^     Core::hresult GetDeviceSku(std::string &skuOut)$/", "language": "C++", "typeref": "typename:Core::hresult", "kind": "function", "signature": "(std::string & skuOut)", "scope": "SystemDelegate", "scopeKind": "class"}, {"_type": "tag", "name": "GetFirmwareVersion", "path": "/home/kavia/workspace/code-generation/app-gateway2/app-gateway/FbSettings/delegate/SystemDelegate.h", "pattern": "/^     Core::hresult GetFirmwareVersion(std::string &version)$/", "language": "C++", "typeref": "typename:Core::hresult", "kind": "function", "signature": "(std::string & version)", "scope": "SystemDelegate", "scopeKind": "class"}, {"_type": "tag", "name": "GetHdcp", "path": "/home/kavia/workspace/code-generation/app-gateway2/app-gateway/FbSettings/delegate/SystemDelegate.h", "pattern": "/^     Core::hresult GetHdcp(std::string &jsonObject)$/", "language": "C++", "typeref": "typename:Core::hresult", "kind": "function", "signature": "(std::string & jsonObject)", "scope": "SystemDelegate", "scopeKind": "class"}, {"_type": "tag", "name": "GetHdr", "path": "/home/kavia/workspace/code-generation/app-gateway2/app-gateway/FbSettings/delegate/SystemDelegate.h", "pattern": "/^     Core::hresult GetHdr(std::string &jsonObject)$/", "language": "C++", "typeref": "typename:Core::hresult", "kind": "function", "signature": "(std::string & jsonObject)", "scope": "SystemDelegate", "scopeKind": "class"}, {"_type": "tag", "name": "GetScreenResolution", "path": "/home/kavia/workspace/code-generation/app-gateway2/app-gateway/FbSettings/delegate/SystemDelegate.h", "pattern": "/^     Core::hresult GetScreenResolution(std::string &jsonArray)$/", "language": "C++", "typeref": "typename:Core::hresult", "kind": "function", "signature": "(std::string & jsonArray)", "scope": "SystemDelegate", "scopeKind": "class"}, {"_type": "tag", "name": "GetSecondScreenFriendlyName", "path": "/home/kavia/workspace/code-generation/app-gateway2/app-gateway/FbSettings/delegate/SystemDelegate.h", "pattern": "/^     Core::hresult GetSecondScreenFriendlyName(std::string &name)$/", "language": "C++", "typeref": "typename:Core::hresult", "kind": "function", "signature": "(std::string & name)", "scope": "SystemDelegate", "scopeKind": "class"}, {"_type": "tag", "name": "GetTimeZone", "path": "/home/kavia/workspace/code-generation/app-gateway2/app-gateway/FbSettings/delegate/SystemDelegate.h", "pattern": "/^     Core::hresult GetTimeZone(std::string &tz)$/", "language": "C++", "typeref": "typename:Core::hresult", "kind": "function", "signature": "(std::string & tz)", "scope": "SystemDelegate", "scopeKind": "class"}, {"_type": "tag", "name": "GetVideoResolution", "path": "/home/kavia/workspace/code-generation/app-gateway2/app-gateway/FbSettings/delegate/SystemDelegate.h", "pattern": "/^     Core::hresult GetVideoResolution(std::string &jsonArray)$/", "language": "C++", "typeref": "typename:Core::hresult", "kind": "function", "signature": "(std::string & jsonArray)", "scope": "SystemDelegate", "scopeKind": "class"}, {"_type": "tag", "name": "HDCPPROFILE_CALLSIGN", "path": "/home/kavia/workspace/code-generation/app-gateway2/app-gateway/FbSettings/delegate/SystemDelegate.h", "pattern": "/^ #define HDCPPROFILE_CALLSIGN /", "language": "C++", "kind": "macro"}, {"_type": "tag", "name": "HandleEvent", "path": "/home/kavia/workspace/code-generation/app-gateway2/app-gateway/FbSettings/delegate/SystemDelegate.h", "pattern": "/^     bool HandleEvent(const std::string &event, const bool listen, bool &registrationError) over/", "language": "C++", "typeref": "typename:bool", "kind": "function", "signature": "(const std::string & event,const bool listen,bool & registrationError)", "scope": "SystemDelegate", "scopeKind": "class"}, {"_type": "tag", "name": "OnDisplaySettingsResolutionChanged", "path": "/home/kavia/workspace/code-generation/app-gateway2/app-gateway/FbSettings/delegate/SystemDelegate.h", "pattern": "/^     void OnDisplaySettingsResolutionChanged(const WPEFramework::Core::JSON::VariantContainer& p/", "language": "C++", "typeref": "typename:void", "kind": "function", "signature": "(const WPEFramework::Core::JSON::VariantContainer & params)", "scope": "SystemDelegate", "scopeKind": "class"}, {"_type": "tag", "name": "OnHdcpProfileDisplayConnectionChanged", "path": "/home/kavia/workspace/code-generation/app-gateway2/app-gateway/FbSettings/delegate/SystemDelegate.h", "pattern": "/^     void OnHdcpProfileDisplayConnectionChanged(const WPEFramework::Core::JSON::VariantContainer/", "language": "C++", "typeref": "typename:void", "kind": "function", "signature": "(const WPEFramework::Core::JSON::VariantContainer & params)", "scope": "SystemDelegate", "scopeKind": "class"}, {"_type": "tag", "name": "SYSTEM_CALLSIGN", "path": "/home/kavia/workspace/code-generation/app-gateway2/app-gateway/FbSettings/delegate/SystemDelegate.h", "pattern": "/^ #define SYSTEM_CALLSIGN /", "language": "C++", "kind": "macro"}, {"_type": "tag", "name": "SetCountryCode", "path": "/home/kavia/workspace/code-generation/app-gateway2/app-gateway/FbSettings/delegate/SystemDelegate.h", "pattern": "/^     Core::hresult SetCountryCode(const std::string &code)$/", "language": "C++", "typeref": "typename:Core::hresult", "kind": "function", "signature": "(const std::string & code)", "scope": "SystemDelegate", "scopeKind": "class"}, {"_type": "tag", "name": "SetDeviceName", "path": "/home/kavia/workspace/code-generation/app-gateway2/app-gateway/FbSettings/delegate/SystemDelegate.h", "pattern": "/^     Core::hresult SetDeviceName(const std::string &name)$/", "language": "C++", "typeref": "typename:Core::hresult", "kind": "function", "signature": "(const std::string & name)", "scope": "SystemDelegate", "scopeKind": "class"}, {"_type": "tag", "name": "SetTimeZone", "path": "/home/kavia/workspace/code-generation/app-gateway2/app-gateway/FbSettings/delegate/SystemDelegate.h", "pattern": "/^     Core::hresult SetTimeZone(const std::string &tz)$/", "language": "C++", "typeref": "typename:Core::hresult", "kind": "function", "signature": "(const std::string & tz)", "scope": "SystemDelegate", "scopeKind": "class"}, {"_type": "tag", "name": "SetupDisplaySettingsSubscription", "path": "/home/kavia/workspace/code-generation/app-gateway2/app-gateway/FbSettings/delegate/SystemDelegate.h", "pattern": "/^     void SetupDisplaySettingsSubscription()$/", "language": "C++", "typeref": "typename:void", "kind": "function", "signature": "()", "scope": "SystemDelegate", "scopeKind": "class"}, {"_type": "tag", "name": "SetupHdcpProfileSubscription", "path": "/home/kavia/workspace/code-generation/app-gateway2/app-gateway/FbSettings/delegate/SystemDelegate.h", "pattern": "/^     void SetupHdcpProfileSubscription()$/", "language": "C++", "typeref": "typename:void", "kind": "function", "signature": "()", "scope": "SystemDelegate", "scopeKind": "class"}, {"_type": "tag", "name": "ShouldEmitDebounced", "path": "/home/kavia/workspace/code-generation/app-gateway2/app-gateway/FbSettings/delegate/SystemDelegate.h", "pattern": "/^     inline bool ShouldEmitDebounced(const std::string& event, const std::string& payload) const$/", "language": "C++", "typeref": "typename:bool", "kind": "function", "signature": "(const std::string & event,const std::string & payload) const", "scope": "SystemDelegate", "scopeKind": "class"}, {"_type": "tag", "name": "SystemDelegate", "path": "/home/kavia/workspace/code-generation/app-gateway2/app-gateway/FbSettings/delegate/SystemDelegate.h", "pattern": "/^     SystemDelegate(PluginHost::IShell *shell, WPEFramework::Exchange::IAppNotifications* appNot/", "language": "C++", "kind": "function", "signature": "(PluginHost::IShell * shell,WPEFramework::Exchange::IAppNotifications * appNotifications)", "scope": "SystemDelegate", "scopeKind": "class"}, {"_type": "tag", "name": "SystemDelegate", "path": "/home/kavia/workspace/code-generation/app-gateway2/app-gateway/FbSettings/delegate/SystemDelegate.h", "pattern": "/^ class SystemDelegate : public BaseEventDelegate$/", "language": "C++", "kind": "class"}, {"_type": "tag", "name": "TerritoryFireboltToThunder", "path": "/home/kavia/workspace/code-generation/app-gateway2/app-gateway/FbSettings/delegate/SystemDelegate.h", "pattern": "/^     static std::string TerritoryFireboltToThunder(const std::string &code, const std::string &d/", "language": "C++", "typeref": "typename:std::string", "kind": "function", "signature": "(const std::string & code,const std::string & deflt)", "scope": "SystemDelegate", "scopeKind": "class"}, {"_type": "tag", "name": "TerritoryThunderToFirebolt", "path": "/home/kavia/workspace/code-generation/app-gateway2/app-gateway/FbSettings/delegate/SystemDelegate.h", "pattern": "/^     static std::string TerritoryThunderToFirebolt(const std::string &terr, const std::string &d/", "language": "C++", "typeref": "typename:std::string", "kind": "function", "signature": "(const std::string & terr,const std::string & deflt)", "scope": "SystemDelegate", "scopeKind": "class"}, {"_type": "tag", "name": "ToLower", "path": "/home/kavia/workspace/code-generation/app-gateway2/app-gateway/FbSettings/delegate/SystemDelegate.h", "pattern": "/^     static std::string ToLower(const std::string &in)$/", "language": "C++", "typeref": "typename:std::string", "kind": "function", "signature": "(const std::string & in)", "scope": "SystemDelegate", "scopeKind": "class"}, {"_type": "tag", "name": "__anona098f0200102", "path": "/home/kavia/workspace/code-generation/app-gateway2/app-gateway/FbSettings/delegate/SystemDelegate.h", "pattern": "/^         auto parseCaps = [&](const WPEFramework::Core::JSON::Variant& vobj) {$/", "file": true, "language": "C++", "kind": "function", "signature": "(const WPEFramework::Core::JSON::Variant& vobj) ", "scope": "SystemDelegate::GetHdr", "scopeKind": "function"}, {"_type": "tag", "name": "_displayRpc", "path": "/home/kavia/workspace/code-generation/app-gateway2/app-gateway/FbSettings/delegate/SystemDelegate.h", "pattern": "/^     std::shared_ptr<WPEFramework::JSONRPC::LinkType<WPEFramework::Core::JSON::IElement>> _displ/", "language": "C++", "typeref": "typename:std::shared_ptr<WPEFramework::JSONRPC::LinkType<WPEFramework::Core::JSON::IElement>>", "kind": "member", "scope": "SystemDelegate", "scopeKind": "class"}, {"_type": "tag", "name": "_displaySubscribed", "path": "/home/kavia/workspace/code-generation/app-gateway2/app-gateway/FbSettings/delegate/SystemDelegate.h", "pattern": "/^     bool _displaySubscribed;$/", "language": "C++", "typeref": "typename:bool", "kind": "member", "scope": "SystemDelegate", "scopeKind": "class"}, {"_type": "tag", "name": "_hdcpRpc", "path": "/home/kavia/workspace/code-generation/app-gateway2/app-gateway/FbSettings/delegate/SystemDelegate.h", "pattern": "/^     std::shared_ptr<WPEFramework::JSONRPC::LinkType<WPEFramework::Core::JSON::IElement>> _hdcpR/", "language": "C++", "typeref": "typename:std::shared_ptr<WPEFramework::JSONRPC::LinkType<WPEFramework::Core::JSON::IElement>>", "kind": "member", "scope": "SystemDelegate", "scopeKind": "class"}, {"_type": "tag", "name": "_hdcpSubscribed", "path": "/home/kavia/workspace/code-generation/app-gateway2/app-gateway/FbSettings/delegate/SystemDelegate.h", "pattern": "/^     bool _hdcpSubscribed;$/", "language": "C++", "typeref": "typename:bool", "kind": "member", "scope": "SystemDelegate", "scopeKind": "class"}, {"_type": "tag", "name": "_shell", "path": "/home/kavia/workspace/code-generation/app-gateway2/app-gateway/FbSettings/delegate/SystemDelegate.h", "pattern": "/^     PluginHost::IShell *_shell;$/", "language": "C++", "typeref": "typename:PluginHost::IShell *", "kind": "member", "scope": "SystemDelegate", "scopeKind": "class"}, {"_type": "tag", "name": "_subscriptions", "path": "/home/kavia/workspace/code-generation/app-gateway2/app-gateway/FbSettings/delegate/SystemDelegate.h", "pattern": "/^     std::unordered_set<std::string> _subscriptions;$/", "language": "C++", "typeref": "typename:std::unordered_set<std::string>", "kind": "member", "scope": "SystemDelegate", "scopeKind": "class"}, {"_type": "tag", "name": "mAdminLock", "path": "/home/kavia/workspace/code-generation/app-gateway2/app-gateway/FbSettings/delegate/SystemDelegate.h", "pattern": "/^     mutable Core::CriticalSection mAdminLock;$/", "language": "C++", "typeref": "typename:Core::CriticalSection", "kind": "member", "scope": "SystemDelegate", "scopeKind": "class"}, {"_type": "tag", "name": "mVersionResponse", "path": "/home/kavia/workspace/code-generation/app-gateway2/app-gateway/FbSettings/delegate/SystemDelegate.h", "pattern": "/^     std::string mVersionResponse;$/", "language": "C++", "typeref": "typename:std::string", "kind": "member", "scope": "SystemDelegate", "scopeKind": "class"}, {"_type": "tag", "name": "~SystemDelegate", "path": "/home/kavia/workspace/code-generation/app-gateway2/app-gateway/FbSettings/delegate/SystemDelegate.h", "pattern": "/^     ~SystemDelegate()$/", "language": "C++", "kind": "function", "signature": "()", "scope": "SystemDelegate", "scopeKind": "class"}], "hash": "5616adf3bb7f655f734204b4e6daf722", "format-version": 4, "code-base-name": "app-gateway2", "filename": "app-gateway/FbSettings/delegate/SystemDelegate.h", "fields": [{"name": "const char * EVENT_ON_HDCP_CHANGED", "scope": "SystemDelegate", "scopeKind": "class", "description": "unavailable"}, {"name": "const char * EVENT_ON_HDR_CHANGED", "scope": "SystemDelegate", "scopeKind": "class", "description": "unavailable"}, {"name": "const char * EVENT_ON_SCREEN_RES_CHANGED", "scope": "SystemDelegate", "scopeKind": "class", "description": "unavailable"}, {"name": "const char * EVENT_ON_VIDEO_RES_CHANGED", "scope": "SystemDelegate", "scopeKind": "class", "description": "unavailable"}, {"name": "std::shared_ptr<WPEFramework::JSONRPC::LinkType<WPEFramework::Core::JSON::IElement>> _displayRpc", "scope": "SystemDelegate", "scopeKind": "class", "description": "unavailable"}, {"name": "bool _displaySubscribed", "scope": "SystemDelegate", "scopeKind": "class", "description": "unavailable"}, {"name": "std::shared_ptr<WPEFramework::JSONRPC::LinkType<WPEFramework::Core::JSON::IElement>> _hdcpRpc", "scope": "SystemDelegate", "scopeKind": "class", "description": "unavailable"}, {"name": "bool _hdcpSubscribed", "scope": "SystemDelegate", "scopeKind": "class", "description": "unavailable"}, {"name": "PluginHost::IShell * _shell", "scope": "SystemDelegate", "scopeKind": "class", "description": "unavailable"}, {"name": "std::unordered_set<std::string> _subscriptions", "scope": "SystemDelegate", "scopeKind": "class", "description": "unavailable"}, {"name": "Core::CriticalSection mAdminLock", "scope": "SystemDelegate", "scopeKind": "class", "description": "unavailable"}, {"name": "std::string mVersionResponse", "scope": "SystemDelegate", "scopeKind": "class", "description": "unavailable"}]}