{"is_source_file": false, "format": "", "description": "", "external_files": [], "external_methods": [], "published": [], "classes": [], "methods": [], "calls": [], "search-terms": [], "state": 2, "file_id": 57, "knowledge_revision": 441, "git_revision": "11687bdf35796aa59ae3a1afecde9935f4bdd400", "revision_history": [{"186": ""}, {"427": "648fe4facac7e3617f078e1af2f5ab5734b54229"}, {"430": "36f4408ca7bbaf0bf021720641f72b2a1afa2b46"}, {"441": "11687bdf35796aa59ae3a1afecde9935f4bdd400"}], "ctags": [{"_type": "tag", "name": "Core", "path": "/home/kavia/workspace/code-generation/app-gateway2/app-gateway/OttServices/Module.h", "pattern": "/^namespace Core {$/", "language": "C++", "kind": "namespace", "scope": "WPEFramework", "scopeKind": "namespace"}, {"_type": "tag", "name": "EXTERNAL", "path": "/home/kavia/workspace/code-generation/app-gateway2/app-gateway/OttServices/Module.h", "pattern": "/^#define EXTERNAL /", "language": "C++", "kind": "macro"}, {"_type": "tag", "name": "EXTERNAL", "path": "/home/kavia/workspace/code-generation/app-gateway2/app-gateway/OttServices/Module.h", "pattern": "/^#define EXTERNAL$/", "language": "C++", "kind": "macro"}, {"_type": "tag", "name": "JSON", "path": "/home/kavia/workspace/code-generation/app-gateway2/app-gateway/OttServices/Module.h", "pattern": "/^namespace JSON {$/", "language": "C++", "kind": "namespace", "scope": "WPEFramework::Core", "scopeKind": "namespace"}, {"_type": "tag", "name": "MODULE_NAME", "path": "/home/kavia/workspace/code-generation/app-gateway2/app-gateway/OttServices/Module.h", "pattern": "/^#define MODULE_NAME /", "language": "C++", "kind": "macro"}, {"_type": "tag", "name": "Object", "path": "/home/kavia/workspace/code-generation/app-gateway2/app-gateway/OttServices/Module.h", "pattern": "/^    using Object = VariantContainer;$/", "language": "C++", "typeref": "typename:VariantContainer", "kind": "typedef", "scope": "WPEFramework::Core::JSON", "scopeKind": "namespace"}, {"_type": "tag", "name": "WPEFramework", "path": "/home/kavia/workspace/code-generation/app-gateway2/app-gateway/OttServices/Module.h", "pattern": "/^namespace WPEFramework {$/", "language": "C++", "kind": "namespace"}], "hash": "7ddec1f9ada12a1b3bda39ded4d0fb1a", "format-version": 4, "code-base-name": "app-gateway2", "filename": "app-gateway/OttServices/Module.h"}