{"is_source_file": true, "format": "C++ header file", "description": "This file defines the interface for the Badger plugin class within the WPEFramework. It includes class declarations, method signatures, and references to external interfaces and dependencies, serving as a contract for the plugin's implementation.", "external_files": ["BadgerTypes.h", "Module.h", "UtilsJsonrpcDirectLink.h", "interfaces/ILaunchDelegate.h", "interfaces/IOttServices.h", "UtilsLogging.h"], "external_methods": ["PluginHost::IPlugin", "PluginHost::JSONRPC"], "published": ["Badger", "BadgerDeviceInfo", "DeviceCapabilities", "NetworkConnectivity", "Shutdown", "GetDeviceId", "GetDeviceName", "DismissLoadingScreen"], "classes": [{"name": "Badger", "description": "A plugin class implementing plugin lifecycle methods and various device info APIs, interfacing with other components via RPC links."}], "methods": [{"name": "Badger", "description": "Constructor for the Badger plugin class."}, {"name": "~Badger", "description": "Destructor for the Badger plugin class."}, {"name": "Initialize", "description": "Initializes the plugin with the given shell context."}, {"name": "Deinitialize", "description": "Cleans up the plugin before shutdown."}, {"name": "Information", "description": "Returns descriptive info about the plugin."}, {"name": "BadgerDeviceInfo", "description": "Fetches device info based on the request."}, {"name": "DeviceCapabilities", "description": "Retrieves device capabilities."}, {"name": "NetworkConnectivity", "description": "Checks network connectivity status."}, {"name": "Shutdown", "description": "Shuts down the device or plugin."}, {"name": "GetDeviceId", "description": "Gets the device identifier."}, {"name": "GetDeviceName", "description": "Gets the device name."}, {"name": "DismissLoadingScreen", "description": "Dismisses any loading screen shown to the user."}], "calls": ["PluginHost::IPlugin", "PluginHost::JSONRPC"], "search-terms": ["Badger", "WPEFramework", "DeviceInfo", "JSONRPC", "Plugin", "DeviceCapabilities", "GetDeviceId", "GetDeviceName"], "state": 2, "file_id": 205, "knowledge_revision": 696, "git_revision": "7541615396d97800a8dedd6a14e20d3bd2197bf0", "ctags": [{"_type": "tag", "name": "Badger", "path": "/home/kavia/workspace/code-generation/app-gateway2/app-gateway/Badger/Badger.h", "pattern": "/^class Badger : public PluginHost::IPlugin, public PluginHost::JSONRPC {$/", "language": "C++", "kind": "class", "scope": "WPEFramework::Plugin", "scopeKind": "namespace"}, {"_type": "tag", "name": "Plugin", "path": "/home/kavia/workspace/code-generation/app-gateway2/app-gateway/Badger/Badger.h", "pattern": "/^namespace Plugin {$/", "language": "C++", "kind": "namespace", "scope": "WPEFramework", "scopeKind": "namespace"}, {"_type": "tag", "name": "WPEFramework", "path": "/home/kavia/workspace/code-generation/app-gateway2/app-gateway/Badger/Badger.h", "pattern": "/^namespace WPEFramework {$/", "language": "C++", "kind": "namespace"}, {"_type": "tag", "name": "mConnectionId", "path": "/home/kavia/workspace/code-generation/app-gateway2/app-gateway/Badger/Badger.h", "pattern": "/^  uint32_t mConnectionId;$/", "language": "C++", "typeref": "typename:uint32_t", "kind": "member", "scope": "WPEFramework::Plugin::Badger", "scopeKind": "class"}, {"_type": "tag", "name": "mHdcpLink", "path": "/home/kavia/workspace/code-generation/app-gateway2/app-gateway/Badger/Badger.h", "pattern": "/^  std::shared_ptr<WPEFramework::Utils::JSONRPCDirectLink> mHdcpLink;$/", "language": "C++", "typeref": "typename:std::shared_ptr<WPEFramework::Utils::JSONRPCDirectLink>", "kind": "member", "scope": "WPEFramework::Plugin::Badger", "scopeKind": "class"}, {"_type": "tag", "name": "mLaunchDelegate", "path": "/home/kavia/workspace/code-generation/app-gateway2/app-gateway/Badger/Badger.h", "pattern": "/^  Exchange::ILaunchDelegate *mLaunchDelegate;$/", "language": "C++", "typeref": "typename:Exchange::ILaunchDelegate *", "kind": "member", "scope": "WPEFramework::Plugin::Badger", "scopeKind": "class"}, {"_type": "tag", "name": "mNetworkLink", "path": "/home/kavia/workspace/code-generation/app-gateway2/app-gateway/Badger/Badger.h", "pattern": "/^  std::shared_ptr<WPEFramework::Utils::JSONRPCDirectLink> mNetworkLink;$/", "language": "C++", "typeref": "typename:std::shared_ptr<WPEFramework::Utils::JSONRPCDirectLink>", "kind": "member", "scope": "WPEFramework::Plugin::Badger", "scopeKind": "class"}, {"_type": "tag", "name": "mOttPermissions", "path": "/home/kavia/workspace/code-generation/app-gateway2/app-gateway/Badger/Badger.h", "pattern": "/^  Exchange::IOttServices *mOttPermissions;$/", "language": "C++", "typeref": "typename:Exchange::IOttServices *", "kind": "member", "scope": "WPEFramework::Plugin::Badger", "scopeKind": "class"}, {"_type": "tag", "name": "mService", "path": "/home/kavia/workspace/code-generation/app-gateway2/app-gateway/Badger/Badger.h", "pattern": "/^  PluginHost::IShell *mService;$/", "language": "C++", "typeref": "typename:PluginHost::IShell *", "kind": "member", "scope": "WPEFramework::Plugin::Badger", "scopeKind": "class"}, {"_type": "tag", "name": "mSystemLink", "path": "/home/kavia/workspace/code-generation/app-gateway2/app-gateway/Badger/Badger.h", "pattern": "/^  std::shared_ptr<WPEFramework::Utils::JSONRPCDirectLink> mSystemLink;$/", "language": "C++", "typeref": "typename:std::shared_ptr<WPEFramework::Utils::JSONRPCDirectLink>", "kind": "member", "scope": "WPEFramework::Plugin::Badger", "scopeKind": "class"}, {"_type": "tag", "name": "mdisplaySettingsLink", "path": "/home/kavia/workspace/code-generation/app-gateway2/app-gateway/Badger/Badger.h", "pattern": "/^  std::shared_ptr<WPEFramework::Utils::JSONRPCDirectLink> mdisplaySettingsLink;$/", "language": "C++", "typeref": "typename:std::shared_ptr<WPEFramework::Utils::JSONRPCDirectLink>", "kind": "member", "scope": "WPEFramework::Plugin::Badger", "scopeKind": "class"}], "hash": "90b383870c85b224d346b872c4638d67", "format-version": 4, "code-base-name": "app-gateway2", "filename": "app-gateway/Badger/Badger.h", "fields": [{"name": "uint32_t mConnectionId", "scope": "WPEFramework::Plugin::Badger", "scopeKind": "class", "description": "unavailable"}, {"name": "std::shared_ptr<WPEFramework::Utils::JSONRPCDirectLink> mHdcpLink", "scope": "WPEFramework::Plugin::Badger", "scopeKind": "class", "description": "unavailable"}, {"name": "Exchange::ILaunchDelegate * mLaunchDelegate", "scope": "WPEFramework::Plugin::Badger", "scopeKind": "class", "description": "unavailable"}, {"name": "std::shared_ptr<WPEFramework::Utils::JSONRPCDirectLink> mNetworkLink", "scope": "WPEFramework::Plugin::Badger", "scopeKind": "class", "description": "unavailable"}, {"name": "Exchange::IOttServices * mOttPermissions", "scope": "WPEFramework::Plugin::Badger", "scopeKind": "class", "description": "unavailable"}, {"name": "PluginHost::IShell * mService", "scope": "WPEFramework::Plugin::Badger", "scopeKind": "class", "description": "unavailable"}, {"name": "std::shared_ptr<WPEFramework::Utils::JSONRPCDirectLink> mSystemLink", "scope": "WPEFramework::Plugin::Badger", "scopeKind": "class", "description": "unavailable"}, {"name": "std::shared_ptr<WPEFramework::Utils::JSONRPCDirectLink> mdisplaySettingsLink", "scope": "WPEFramework::Plugin::Badger", "scopeKind": "class", "description": "unavailable"}], "revision_history": [{"696": "7541615396d97800a8dedd6a14e20d3bd2197bf0"}]}