{"is_source_file": true, "format": "C++ header file", "description": "This file defines the SettingsDelegate class responsible for managing various service delegates (TTS, User Settings, System, Network) and handling app event notifications in a plugin-based architecture. It includes methods for setting up the shell environment and managing registration for app events.", "external_files": ["StringUtils.h", "TTSDelegate.h", "UserSettingsDelegate.h", "SystemDelegate.h", "NetworkDelegate.h", "UtilsLogging.h", "<interfaces/IAppNotifications.h>"], "external_methods": ["shell->QueryInterfaceByCallsign<Exchange::IAppNotifications>(APP_NOTIFICATIONS_CALLSIGN)", "LOGDBG", "LOGERR", "ASSERT", "shared_ptr<TTSDelegate> make_shared<TTSDelegate>", "shared_ptr<UserSettingsDelegate> make_shared<UserSettingsDelegate>", "shared_ptr<SystemDelegate> make_shared<SystemDelegate>", "shared_ptr<NetworkDelegate> make_shared<NetworkDelegate>"], "published": ["SettingsDelegate", "getSystemDelegate", "getUserSettings", "getNetworkDelegate"], "classes": [{"name": "SettingsDelegate", "description": "Class responsible for managing delegate instances and handling application event notifications."}], "methods": [{"name": "void HandleAppEventNotifier(const string event,const bool listen)", "description": "Handles registration and unregistration of application event notifications, forwarding the events to registered delegates.", "scope": "SettingsDelegate", "scopeKind": "class"}, {"name": "void setShell(PluginHost::IShell * shell)", "description": "Initializes delegate instances and acquires the app notifications interface from the shell.", "scope": "SettingsDelegate", "scopeKind": "class"}, {"name": "std::shared_ptr<SystemDelegate> getSystemDelegate() const", "description": "Returns the shared pointer to the SystemDelegate instance.", "scope": "SettingsDelegate", "scopeKind": "class"}, {"name": "std::shared_ptr<UserSettingsDelegate> getUserSettings()", "description": "Returns the shared pointer to the UserSettingsDelegate instance.", "scope": "SettingsDelegate", "scopeKind": "class"}, {"name": "std::shared_ptr<NetworkDelegate> getNetworkDelegate() const", "description": "Returns the shared pointer to the NetworkDelegate instance.", "scope": "SettingsDelegate", "scopeKind": "class"}, {"name": "SettingsDelegate()", "scope": "SettingsDelegate", "scopeKind": "class", "description": "unavailable"}, {"name": "~SettingsDelegate()", "scope": "SettingsDelegate", "scopeKind": "class", "description": "unavailable"}], "calls": ["shell->QueryInterfaceByCallsign<Exchange::IAppNotifications>(APP_NOTIFICATIONS_CALLSIGN)", "mAppNotifications->Release()", "delegate->HandleEvent(event, listen, registrationError)"], "search-terms": ["SettingsDelegate", "HandleAppEventNotifier", "setShell", "IAppNotifications", "delegate", "AppNotifications"], "state": 2, "file_id": 88, "knowledge_revision": 835, "git_revision": "727800fc84f5393f5ac231785d3764465fe20036", "revision_history": [{"277": "1ce0cddd8bf3577c15ebcbcb06267a0b1965f3d1"}, {"349": "1ce0cddd8bf3577c15ebcbcb06267a0b1965f3d1"}, {"350": "1ce0cddd8bf3577c15ebcbcb06267a0b1965f3d1"}, {"370": "761da3cbf016614cf4ed4b19325827c8ea55414e"}, {"420": "761da3cbf016614cf4ed4b19325827c8ea55414e"}, {"423": "761da3cbf016614cf4ed4b19325827c8ea55414e"}, {"424": "1e038a9a727f86f5c2da981f9907870260263946"}, {"630": "29a5080329e5f08afebd86bd055b5f6119b1301a"}, {"666": "fec348fab54a737008e897781acc65baab40814b"}, {"715": "727800fc84f5393f5ac231785d3764465fe20036"}, {"835": "727800fc84f5393f5ac231785d3764465fe20036"}], "ctags": [{"_type": "tag", "name": "APP_NOTIFICATIONS_CALLSIGN", "path": "/home/kavia/workspace/code-generation/app-gateway2/app-gateway/FbSettings/delegate/SettingsDelegate.h", "pattern": "/^#define APP_NOTIFICATIONS_CALLSIGN /", "language": "C++", "kind": "macro"}, {"_type": "tag", "name": "HandleAppEventNotifier", "path": "/home/kavia/workspace/code-generation/app-gateway2/app-gateway/FbSettings/delegate/SettingsDelegate.h", "pattern": "/^        void HandleAppEventNotifier(const string event,$/", "language": "C++", "typeref": "typename:void", "kind": "function", "signature": "(const string event,const bool listen)", "scope": "SettingsDelegate", "scopeKind": "class"}, {"_type": "tag", "name": "SettingsDelegate", "path": "/home/kavia/workspace/code-generation/app-gateway2/app-gateway/FbSettings/delegate/SettingsDelegate.h", "pattern": "/^        SettingsDelegate(): tts(nullptr), userSettings(nullptr), systemDelegate(nullptr), networ/", "language": "C++", "kind": "function", "signature": "()", "scope": "SettingsDelegate", "scopeKind": "class"}, {"_type": "tag", "name": "SettingsDelegate", "path": "/home/kavia/workspace/code-generation/app-gateway2/app-gateway/FbSettings/delegate/SettingsDelegate.h", "pattern": "/^class SettingsDelegate {$/", "language": "C++", "kind": "class"}, {"_type": "tag", "name": "__SETTINGSDELEGATE_H__", "path": "/home/kavia/workspace/code-generation/app-gateway2/app-gateway/FbSettings/delegate/SettingsDelegate.h", "pattern": "/^#define __SETTINGSDELEGATE_H__$/", "language": "C++", "kind": "macro"}, {"_type": "tag", "name": "getNetworkDelegate", "path": "/home/kavia/workspace/code-generation/app-gateway2/app-gateway/FbSettings/delegate/SettingsDelegate.h", "pattern": "/^        std::shared_ptr<NetworkDelegate> getNetworkDelegate() const {$/", "language": "C++", "typeref": "typename:std::shared_ptr<NetworkDelegate>", "kind": "function", "signature": "() const", "scope": "SettingsDelegate", "scopeKind": "class"}, {"_type": "tag", "name": "getSystemDelegate", "path": "/home/kavia/workspace/code-generation/app-gateway2/app-gateway/FbSettings/delegate/SettingsDelegate.h", "pattern": "/^\tstd::shared_ptr<SystemDelegate> getSystemDelegate() const {$/", "language": "C++", "typeref": "typename:std::shared_ptr<SystemDelegate>", "kind": "function", "signature": "() const", "scope": "SettingsDelegate", "scopeKind": "class"}, {"_type": "tag", "name": "getUserSettings", "path": "/home/kavia/workspace/code-generation/app-gateway2/app-gateway/FbSettings/delegate/SettingsDelegate.h", "pattern": "/^\tstd::shared_ptr<UserSettingsDelegate> getUserSettings() {$/", "language": "C++", "typeref": "typename:std::shared_ptr<UserSettingsDelegate>", "kind": "function", "signature": "()", "scope": "SettingsDelegate", "scopeKind": "class"}, {"_type": "tag", "name": "mAppNotifications", "path": "/home/kavia/workspace/code-generation/app-gateway2/app-gateway/FbSettings/delegate/SettingsDelegate.h", "pattern": "/^\tExchange::IAppNotifications *mAppNotifications;$/", "language": "C++", "typeref": "typename:Exchange::IAppNotifications *", "kind": "member", "scope": "SettingsDelegate", "scopeKind": "class"}, {"_type": "tag", "name": "networkDelegate", "path": "/home/kavia/workspace/code-generation/app-gateway2/app-gateway/FbSettings/delegate/SettingsDelegate.h", "pattern": "/^        std::shared_ptr<NetworkDelegate> networkDelegate;$/", "language": "C++", "typeref": "typename:std::shared_ptr<NetworkDelegate>", "kind": "member", "scope": "SettingsDelegate", "scopeKind": "class"}, {"_type": "tag", "name": "setShell", "path": "/home/kavia/workspace/code-generation/app-gateway2/app-gateway/FbSettings/delegate/SettingsDelegate.h", "pattern": "/^        void setShell(PluginHost::IShell* shell) {$/", "language": "C++", "typeref": "typename:void", "kind": "function", "signature": "(PluginHost::IShell * shell)", "scope": "SettingsDelegate", "scopeKind": "class"}, {"_type": "tag", "name": "systemDelegate", "path": "/home/kavia/workspace/code-generation/app-gateway2/app-gateway/FbSettings/delegate/SettingsDelegate.h", "pattern": "/^        std::shared_ptr<SystemDelegate> systemDelegate;$/", "language": "C++", "typeref": "typename:std::shared_ptr<SystemDelegate>", "kind": "member", "scope": "SettingsDelegate", "scopeKind": "class"}, {"_type": "tag", "name": "tts", "path": "/home/kavia/workspace/code-generation/app-gateway2/app-gateway/FbSettings/delegate/SettingsDelegate.h", "pattern": "/^        std::shared_ptr<TTSDelegate> tts;$/", "language": "C++", "typeref": "typename:std::shared_ptr<TTSDelegate>", "kind": "member", "scope": "SettingsDelegate", "scopeKind": "class"}, {"_type": "tag", "name": "userSettings", "path": "/home/kavia/workspace/code-generation/app-gateway2/app-gateway/FbSettings/delegate/SettingsDelegate.h", "pattern": "/^        std::shared_ptr<UserSettingsDelegate> userSettings;$/", "language": "C++", "typeref": "typename:std::shared_ptr<UserSettingsDelegate>", "kind": "member", "scope": "SettingsDelegate", "scopeKind": "class"}, {"_type": "tag", "name": "~SettingsDelegate", "path": "/home/kavia/workspace/code-generation/app-gateway2/app-gateway/FbSettings/delegate/SettingsDelegate.h", "pattern": "/^        ~SettingsDelegate() {$/", "language": "C++", "kind": "function", "signature": "()", "scope": "SettingsDelegate", "scopeKind": "class"}], "hash": "c3d9fe6ef76d66f99a81bddb9443d0a7", "format-version": 4, "code-base-name": "app-gateway2", "filename": "app-gateway/FbSettings/delegate/SettingsDelegate.h", "fields": [{"name": "Exchange::IAppNotifications * mAppNotifications", "scope": "SettingsDelegate", "scopeKind": "class", "description": "unavailable"}, {"name": "std::shared_ptr<NetworkDelegate> networkDelegate", "scope": "SettingsDelegate", "scopeKind": "class", "description": "unavailable"}, {"name": "std::shared_ptr<SystemDelegate> systemDelegate", "scope": "SettingsDelegate", "scopeKind": "class", "description": "unavailable"}, {"name": "std::shared_ptr<TTSDelegate> tts", "scope": "SettingsDelegate", "scopeKind": "class", "description": "unavailable"}, {"name": "std::shared_ptr<UserSettingsDelegate> userSettings", "scope": "SettingsDelegate", "scopeKind": "class", "description": "unavailable"}]}