{"is_source_file": true, "format": "C++", "description": "This source file implements gRPC client and server stubs for the AppPermissionsService, including method definitions, asynchronous call handling, and service registration for the permission service in the ottx::permission namespace.", "external_files": ["permission_service.pb.h", "permission_service.grpc.pb.h", "<grpc headers and internal grpc implementations>"], "external_methods": ["::grpc::internal::BlockingUnaryCall", "::grpc::internal::CallbackUnaryCall", "::grpc::internal::ClientCallbackUnaryFactory::Create", "::grpc::internal::ClientAsyncResponseReaderHelper::Create", "AddMethod", "StartCall"], "published": ["AppPermissionsService::Stub", "AppPermissionsService::Service", "AppPermissionsService::Stub::async::EnumeratePermissions", "AppPermissionsService::Stub::EnumeratePermissions", "AppPermissionsService::NewStub"], "classes": [{"name": "AppPermissionsService::Stub", "description": "Client stub class that provides methods to call the AppPermissionsService RPCs, both blocking and asynchronous."}, {"name": "AppPermissionsService::Service", "description": "Server-side service class that handles incoming RPC calls for the permission service."}], "methods": [{"name": "std::unique_ptr<AppPermissionsService::Stub> NewStub(const std::shared_ptr<::grpc::ChannelInterface> & channel,const::grpc::StubOptions & options)", "description": "Creates and returns a new client stub for the permission service.", "scope": "ottx::permission::AppPermissionsService", "scopeKind": "class"}, {"name": "::grpc::Status EnumeratePermissions(::grpc::ServerContext * context,const::ottx::permission::EnumeratePermissionsRequest * request,::ottx::permission::EnumeratePermissionsResponse * response)", "description": "Client method to synchronously call the EnumeratePermissions RPC.", "scope": "ottx::permission::AppPermissionsService::Service", "scopeKind": "class"}, {"name": "async::EnumeratePermissions", "description": "Client method to asynchronously call the EnumeratePermissions RPC with a callback."}, {"name": "async::EnumeratePermissions (reactor version)", "description": "Client method to asynchronously call the EnumeratePermissions RPC with a reactor."}, {"name": "::grpc::ClientAsyncResponseReader<::ottx::permission::EnumeratePermissionsResponse> * PrepareAsyncEnumeratePermissionsRaw(::grpc::ClientContext * context,const::ottx::permission::EnumeratePermissionsRequest & request,::grpc::CompletionQueue * cq)", "description": "Prepares an asynchronous RPC call for EnumeratePermissions, returning the response reader.", "scope": "ottx::permission::AppPermissionsService::Stub", "scopeKind": "class"}, {"name": "Service::EnumeratePermissions", "description": "Server-side handler for the EnumeratePermissions RPC, currently unimplemented."}, {"name": "::grpc::ClientAsyncResponseReader<::ottx::permission::EnumeratePermissionsResponse> * AsyncEnumeratePermissionsRaw(::grpc::ClientContext * context,const::ottx::permission::EnumeratePermissionsRequest & request,::grpc::CompletionQueue * cq)", "scope": "ottx::permission::AppPermissionsService::Stub", "scopeKind": "class", "description": "unavailable"}, {"name": "::grpc::Status EnumeratePermissions(::grpc::ClientContext * context,const::ottx::permission::EnumeratePermissionsRequest & request,::ottx::permission::EnumeratePermissionsResponse * response)", "scope": "ottx::permission::AppPermissionsService::Stub", "scopeKind": "class", "description": "unavailable"}, {"name": "void EnumeratePermissions(::grpc::ClientContext * context,const::ottx::permission::EnumeratePermissionsRequest * request,::ottx::permission::EnumeratePermissionsResponse * response,::grpc::ClientUnaryReactor * reactor)", "scope": "ottx::permission::AppPermissionsService::Stub::async", "scopeKind": "class", "description": "unavailable"}, {"name": "void EnumeratePermissions(::grpc::ClientContext * context,const::ottx::permission::EnumeratePermissionsRequest * request,::ottx::permission::EnumeratePermissionsResponse * response,std::function<void (::grpc::Status)> f)", "scope": "ottx::permission::AppPermissionsService::Stub::async", "scopeKind": "class", "description": "unavailable"}, {"name": "Service()", "scope": "ottx::permission::AppPermissionsService::Service", "scopeKind": "class", "description": "unavailable"}, {"name": "Stub(const std::shared_ptr<::grpc::ChannelInterface> & channel,const::grpc::StubOptions & options)", "scope": "ottx::permission::AppPermissionsService::Stub", "scopeKind": "class", "description": "unavailable"}, {"name": "__anonb37bd1490102(AppPermissionsService::Service* service, ::grpc::ServerContext* ctx, const ::ottx::permission::EnumeratePermissionsRequest* req, ::ottx::permission::EnumeratePermissionsResponse* resp)", "scope": "ottx::permission::AppPermissionsService::Service::Service", "scopeKind": "function", "description": "unavailable"}, {"name": "~Service()", "scope": "ottx::permission::AppPermissionsService::Service", "scopeKind": "class", "description": "unavailable"}], "calls": ["::grpc::internal::BlockingUnaryCall", "::grpc::internal::CallbackUnaryCall", "::grpc::internal::ClientCallbackUnaryFactory::Create", "::grpc::internal::ClientAsyncResponseReaderHelper::Create"], "search-terms": ["AppPermissionsService", "grpc::Status", "EnumeratePermissions", "permission", "permission_service.grpc.pb"], "state": 2, "file_id": 133, "knowledge_revision": 467, "git_revision": "11687bdf35796aa59ae3a1afecde9935f4bdd400", "ctags": [{"_type": "tag", "name": "AppPermissionsService_method_names", "path": "/home/kavia/workspace/code-generation/app-gateway2/app-gateway/OttServices/permission_service.grpc.pb.cc", "pattern": "/^static const char* AppPermissionsService_method_names[] = {$/", "file": true, "language": "C++", "typeref": "typename:const char * []", "kind": "variable", "scope": "ottx::permission", "scopeKind": "namespace"}, {"_type": "tag", "name": "AsyncEnumeratePermissionsRaw", "path": "/home/kavia/workspace/code-generation/app-gateway2/app-gateway/OttServices/permission_service.grpc.pb.cc", "pattern": "/^::grpc::ClientAsyncResponseReader< ::ottx::permission::EnumeratePermissionsResponse>* AppPermiss/", "language": "C++", "typeref": "typename:::grpc::ClientAsyncResponseReader<::ottx::permission::EnumeratePermissionsResponse> *", "kind": "function", "signature": "(::grpc::ClientContext * context,const::ottx::permission::EnumeratePermissionsRequest & request,::grpc::CompletionQueue * cq)", "scope": "ottx::permission::AppPermissionsService::Stub", "scopeKind": "class"}, {"_type": "tag", "name": "EnumeratePermissions", "path": "/home/kavia/workspace/code-generation/app-gateway2/app-gateway/OttServices/permission_service.grpc.pb.cc", "pattern": "/^::grpc::Status AppPermissionsService::Service::EnumeratePermissions(::grpc::ServerContext* conte/", "language": "C++", "typeref": "typename:::grpc::Status", "kind": "function", "signature": "(::grpc::ServerContext * context,const::ottx::permission::EnumeratePermissionsRequest * request,::ottx::permission::EnumeratePermissionsResponse * response)", "scope": "ottx::permission::AppPermissionsService::Service", "scopeKind": "class"}, {"_type": "tag", "name": "EnumeratePermissions", "path": "/home/kavia/workspace/code-generation/app-gateway2/app-gateway/OttServices/permission_service.grpc.pb.cc", "pattern": "/^::grpc::Status AppPermissionsService::Stub::EnumeratePermissions(::grpc::ClientContext* context,/", "language": "C++", "typeref": "typename:::grpc::Status", "kind": "function", "signature": "(::grpc::ClientContext * context,const::ottx::permission::EnumeratePermissionsRequest & request,::ottx::permission::EnumeratePermissionsResponse * response)", "scope": "ottx::permission::AppPermissionsService::Stub", "scopeKind": "class"}, {"_type": "tag", "name": "EnumeratePermissions", "path": "/home/kavia/workspace/code-generation/app-gateway2/app-gateway/OttServices/permission_service.grpc.pb.cc", "pattern": "/^void AppPermissionsService::Stub::async::EnumeratePermissions(::grpc::ClientContext* context, co/", "language": "C++", "typeref": "typename:void", "kind": "function", "signature": "(::grpc::ClientContext * context,const::ottx::permission::EnumeratePermissionsRequest * request,::ottx::permission::EnumeratePermissionsResponse * response,::grpc::ClientUnaryReactor * reactor)", "scope": "ottx::permission::AppPermissionsService::Stub::async", "scopeKind": "class"}, {"_type": "tag", "name": "EnumeratePermissions", "path": "/home/kavia/workspace/code-generation/app-gateway2/app-gateway/OttServices/permission_service.grpc.pb.cc", "pattern": "/^void AppPermissionsService::Stub::async::EnumeratePermissions(::grpc::ClientContext* context, co/", "language": "C++", "typeref": "typename:void", "kind": "function", "signature": "(::grpc::ClientContext * context,const::ottx::permission::EnumeratePermissionsRequest * request,::ottx::permission::EnumeratePermissionsResponse * response,std::function<void (::grpc::Status)> f)", "scope": "ottx::permission::AppPermissionsService::Stub::async", "scopeKind": "class"}, {"_type": "tag", "name": "NewStub", "path": "/home/kavia/workspace/code-generation/app-gateway2/app-gateway/OttServices/permission_service.grpc.pb.cc", "pattern": "/^std::unique_ptr< AppPermissionsService::Stub> AppPermissionsService::NewStub(const std::shared_p/", "language": "C++", "typeref": "typename:std::unique_ptr<AppPermissionsService::Stub>", "kind": "function", "signature": "(const std::shared_ptr<::grpc::ChannelInterface> & channel,const::grpc::StubOptions & options)", "scope": "ottx::permission::AppPermissionsService", "scopeKind": "class"}, {"_type": "tag", "name": "PrepareAsyncEnumeratePermissionsRaw", "path": "/home/kavia/workspace/code-generation/app-gateway2/app-gateway/OttServices/permission_service.grpc.pb.cc", "pattern": "/^::grpc::ClientAsyncResponseReader< ::ottx::permission::EnumeratePermissionsResponse>* AppPermiss/", "language": "C++", "typeref": "typename:::grpc::ClientAsyncResponseReader<::ottx::permission::EnumeratePermissionsResponse> *", "kind": "function", "signature": "(::grpc::ClientContext * context,const::ottx::permission::EnumeratePermissionsRequest & request,::grpc::CompletionQueue * cq)", "scope": "ottx::permission::AppPermissionsService::Stub", "scopeKind": "class"}, {"_type": "tag", "name": "Service", "path": "/home/kavia/workspace/code-generation/app-gateway2/app-gateway/OttServices/permission_service.grpc.pb.cc", "pattern": "/^AppPermissionsService::Service::Service() {$/", "language": "C++", "kind": "function", "signature": "()", "scope": "ottx::permission::AppPermissionsService::Service", "scopeKind": "class"}, {"_type": "tag", "name": "Stub", "path": "/home/kavia/workspace/code-generation/app-gateway2/app-gateway/OttServices/permission_service.grpc.pb.cc", "pattern": "/^AppPermissionsService::Stub::Stub(const std::shared_ptr< ::grpc::ChannelInterface>& channel, con/", "language": "C++", "kind": "function", "signature": "(const std::shared_ptr<::grpc::ChannelInterface> & channel,const::grpc::StubOptions & options)", "scope": "ottx::permission::AppPermissionsService::Stub", "scopeKind": "class"}, {"_type": "tag", "name": "__anonb37bd1490102", "path": "/home/kavia/workspace/code-generation/app-gateway2/app-gateway/OttServices/permission_service.grpc.pb.cc", "pattern": "/^             ::ottx::permission::EnumeratePermissionsResponse* resp) {$/", "file": true, "language": "C++", "kind": "function", "signature": "(AppPermissionsService::Service* service, ::grpc::ServerContext* ctx, const ::ottx::permission::EnumeratePermissionsRequest* req, ::ottx::permission::EnumeratePermissionsResponse* resp) ", "scope": "ottx::permission::AppPermissionsService::Service::Service", "scopeKind": "function"}, {"_type": "tag", "name": "ottx", "path": "/home/kavia/workspace/code-generation/app-gateway2/app-gateway/OttServices/permission_service.grpc.pb.cc", "pattern": "/^namespace ottx {$/", "file": true, "language": "C++", "kind": "namespace"}, {"_type": "tag", "name": "permission", "path": "/home/kavia/workspace/code-generation/app-gateway2/app-gateway/OttServices/permission_service.grpc.pb.cc", "pattern": "/^namespace permission {$/", "file": true, "language": "C++", "kind": "namespace", "scope": "ottx", "scopeKind": "namespace"}, {"_type": "tag", "name": "~Service", "path": "/home/kavia/workspace/code-generation/app-gateway2/app-gateway/OttServices/permission_service.grpc.pb.cc", "pattern": "/^AppPermissionsService::Service::~Service() {$/", "language": "C++", "kind": "function", "signature": "()", "scope": "ottx::permission::AppPermissionsService::Service", "scopeKind": "class"}], "hash": "5c3fd658c1434bba4dd82fe4bef3ef77", "format-version": 4, "code-base-name": "app-gateway2", "filename": "app-gateway/OttServices/permission_service.grpc.pb.cc", "fields": [{"name": "const char * [] AppPermissionsService_method_names", "scope": "ottx::permission", "scopeKind": "namespace", "description": "unavailable"}], "revision_history": [{"467": "11687bdf35796aa59ae3a1afecde9935f4bdd400"}]}