{"is_source_file": true, "format": "C++ header file", "description": "This header defines the FbCommon class, which is a plugin component within the WPEFramework environment. The class implements plugin interface functionality, JSONRPC interface, and aggregates an app gateway request handler for API interactions. It contains constructors, lifecycle management methods, and internal private members for handling service connections and request handling.", "external_files": ["Module.h", "<interfaces/IConfiguration.h>", "<interfaces/IAppGateway.h>"], "external_methods": ["PluginHost::IPlugin", "PluginHost::JSONRPC", "PluginHost::IShell", "Exchange::IAppGatewayRequestHandler", "RPC::IRemoteConnection"], "published": ["Initialize", "Deinitialize", "Information"], "classes": [{"name": "FbCommon", "description": "A plugin class that manages APP Gateway integration by aggregating request handlers and handling lifecycle events within the WPEFramework environment."}], "methods": [{"name": "FbCommon", "description": "Constructor for the FbCommon plugin class."}, {"name": "~FbCommon", "description": "Destructor for the FbCommon plugin class."}, {"name": "Initialize", "description": "Initializes the plugin with the provided service shell."}, {"name": "Deinitialize", "description": "Cleans up resources when the plugin is de-initialized."}, {"name": "string Information() const", "description": "Returns plugin information as a string.", "scope": "WPEFramework::Plugin::FbCommon", "scopeKind": "class"}, {"name": "Deactivated", "description": "Handles remote connection deactivation events."}], "calls": ["PluginHost::IPlugin", "PluginHost::JSONRPC", "Exchange::IAppGatewayRequestHandler", "PluginHost::IShell", "RPC::IRemoteConnection"], "search-terms": ["FbCommon", "IPlugin", "IAppGatewayRequestHandler", "JsonRPC", "WPEFramework", "PluginHost", "AppGateway", "Deactivated", "Initialize", "Deinitialize"], "state": 2, "file_id": 161, "knowledge_revision": 521, "git_revision": "", "ctags": [{"_type": "tag", "name": "FbCommon", "path": "/home/kavia/workspace/code-generation/app-gateway2/app-gateway/FbCommon/FbCommon.h", "pattern": "/^    class FbCommon : public PluginHost::IPlugin, public PluginHost::JSONRPC {$/", "language": "C++", "kind": "class", "scope": "WPEFramework::Plugin", "scopeKind": "namespace"}, {"_type": "tag", "name": "Information", "path": "/home/kavia/workspace/code-generation/app-gateway2/app-gateway/FbCommon/FbCommon.h", "pattern": "/^        string Information() const override { return {}; }$/", "language": "C++", "typeref": "typename:string", "kind": "function", "signature": "() const", "scope": "WPEFramework::Plugin::FbCommon", "scopeKind": "class"}, {"_type": "tag", "name": "Plugin", "path": "/home/kavia/workspace/code-generation/app-gateway2/app-gateway/FbCommon/FbCommon.h", "pattern": "/^namespace Plugin {$/", "language": "C++", "kind": "namespace", "scope": "WPEFramework", "scopeKind": "namespace"}, {"_type": "tag", "name": "WPEFramework", "path": "/home/kavia/workspace/code-generation/app-gateway2/app-gateway/FbCommon/FbCommon.h", "pattern": "/^namespace WPEFramework {$/", "language": "C++", "kind": "namespace"}, {"_type": "tag", "name": "mConnectionId", "path": "/home/kavia/workspace/code-generation/app-gateway2/app-gateway/FbCommon/FbCommon.h", "pattern": "/^        uint32_t mConnectionId;$/", "language": "C++", "typeref": "typename:uint32_t", "kind": "member", "scope": "WPEFramework::Plugin::FbCommon", "scopeKind": "class"}, {"_type": "tag", "name": "mRequestHandler", "path": "/home/kavia/workspace/code-generation/app-gateway2/app-gateway/FbCommon/FbCommon.h", "pattern": "/^        Exchange::IAppGatewayRequestHandler* mRequestHandler;$/", "language": "C++", "typeref": "typename:Exchange::IAppGatewayRequestHandler *", "kind": "member", "scope": "WPEFramework::Plugin::FbCommon", "scopeKind": "class"}, {"_type": "tag", "name": "mService", "path": "/home/kavia/workspace/code-generation/app-gateway2/app-gateway/FbCommon/FbCommon.h", "pattern": "/^        PluginHost::IShell* mService;$/", "language": "C++", "typeref": "typename:PluginHost::IShell *", "kind": "member", "scope": "WPEFramework::Plugin::FbCommon", "scopeKind": "class"}], "hash": "d63ca3c44f85f646faed4a84d39bb653", "format-version": 4, "code-base-name": "app-gateway2", "filename": "app-gateway/FbCommon/FbCommon.h", "fields": [{"name": "uint32_t mConnectionId", "scope": "WPEFramework::Plugin::FbCommon", "scopeKind": "class", "description": "unavailable"}, {"name": "Exchange::IAppGatewayRequestHandler * mRequestHandler", "scope": "WPEFramework::Plugin::FbCommon", "scopeKind": "class", "description": "unavailable"}, {"name": "PluginHost::IShell * mService", "scope": "WPEFramework::Plugin::FbCommon", "scopeKind": "class", "description": "unavailable"}], "revision_history": [{"521": ""}]}