{"is_source_file": true, "format": "C++", "description": "Source file for the Module component, including license headers and an include directive.", "external_files": ["Module.h"], "external_methods": [], "published": [], "classes": [], "methods": [], "calls": ["MODULE_NAME_DECLARATION"], "search-terms": ["Module.cpp", "MODULE_NAME_DECLARATION", "BUILD_REFERENCE", "license headers"], "state": 2, "file_id": 8, "knowledge_revision": 626, "git_revision": "29a5080329e5f08afebd86bd055b5f6119b1301a", "revision_history": [{"32": "2716c672eb9834bc1b267530d5c0eaf9087df9c6"}, {"626": "29a5080329e5f08afebd86bd055b5f6119b1301a"}], "ctags": [], "hash": "9f75d4577671e73dfad6cadc5893c5ce", "format-version": 4, "code-base-name": "app-gateway2", "filename": "app-gateway/AppGateway/Module.cpp"}