{"is_source_file": true, "format": "C++ header file", "description": "This file 'ObjectUtils.h' provides utility functions for JSON object manipulation, specifically for creating boolean JSON strings, converting boolean values to JSON strings, and checking for the presence of boolean entries in JSON-like objects.", "external_files": ["<string>", "<core/JSON.h>"], "external_methods": ["WPEFramework::Core::JSON::Variant::IsSet()", "WPEFramework::Core::JSON::Variant::IsNull()", "WPEFramework::Core::JSON::Variant::Content()", "WPEFramework::Core::JSON::Variant::Boolean()"], "published": ["ObjectUtils::CreateBooleanJsonString", "ObjectUtils::BoolToJsonString", "ObjectUtils::HasBooleanEntry"], "classes": [], "methods": [{"name": "std::string CreateBooleanJsonString(const std::string & key,bool value)", "description": "Creates a JSON-formatted string with a boolean field given a key and value.", "scope": "ObjectUtils", "scopeKind": "namespace"}, {"name": "std::string BoolToJsonString(bool value)", "description": "Converts a boolean value into its JSON literal string representation, 'true' or 'false'.", "scope": "ObjectUtils", "scopeKind": "namespace"}, {"name": "bool HasBooleanEntry(JSONObjectLike & obj,const std::string & key,bool & outValue)", "description": "Checks whether a JSON-like object contains a boolean entry for a given key, and if so, retrieves its value.", "scope": "ObjectUtils", "scopeKind": "namespace"}], "calls": ["obj[key.c_str()]", "field.IsSet()", "field.IsNull()", "field.Content()", "field.Boolean()"], "search-terms": ["ObjectUtils.h", "JSON boolean utility", "create boolean JSON string", "check boolean entry", "WPEFramework JSON"], "state": 2, "file_id": 112, "knowledge_revision": 600, "git_revision": "5d3fef0257562d109a1914f20a61be6e30aabde2", "revision_history": [{"337": ""}, {"591": "5d3fef0257562d109a1914f20a61be6e30aabde2"}, {"600": "5d3fef0257562d109a1914f20a61be6e30aabde2"}], "ctags": [{"_type": "tag", "name": "BoolToJsonString", "path": "/home/kavia/workspace/code-generation/app-gateway2/app-gateway/helpers/ObjectUtils.h", "pattern": "/^    inline std::string BoolToJsonString(bool value) {$/", "language": "C++", "typeref": "typename:std::string", "kind": "function", "signature": "(bool value)", "scope": "ObjectUtils", "scopeKind": "namespace"}, {"_type": "tag", "name": "CreateBooleanJsonString", "path": "/home/kavia/workspace/code-generation/app-gateway2/app-gateway/helpers/ObjectUtils.h", "pattern": "/^    inline std::string CreateBooleanJsonString(const std::string& key, bool value) {$/", "language": "C++", "typeref": "typename:std::string", "kind": "function", "signature": "(const std::string & key,bool value)", "scope": "ObjectUtils", "scopeKind": "namespace"}, {"_type": "tag", "name": "HasBooleanEntry", "path": "/home/kavia/workspace/code-generation/app-gateway2/app-gateway/helpers/ObjectUtils.h", "pattern": "/^    inline bool HasBooleanEntry(JSONObjectLike& obj,$/", "language": "C++", "typeref": "typename:bool", "kind": "function", "signature": "(JSONObjectLike & obj,const std::string & key,bool & outValue)", "scope": "ObjectUtils", "scopeKind": "namespace"}, {"_type": "tag", "name": "ObjectUtils", "path": "/home/kavia/workspace/code-generation/app-gateway2/app-gateway/helpers/ObjectUtils.h", "pattern": "/^namespace ObjectUtils {$/", "language": "C++", "kind": "namespace"}], "hash": "d8f5a024574bd13d7aae92cb14bf5cf4", "format-version": 4, "code-base-name": "app-gateway2", "filename": "app-gateway/helpers/ObjectUtils.h"}