{"is_source_file": true, "format": "C++ header file (.h)", "description": "This file defines data structures, enums, and static utility functions related to the Badger types used within the WPEFramework plugin. It includes JSON container definitions for various device and system information, as well as methods for retrieving and caching system state via JSONRPC interfaces.", "external_files": ["Module.h", "UtilsJsonrpcDirectLink.h", "<core/Enumerate.h>", "<core/JSON.h>", "<core/core.h>"], "external_methods": ["WPEFramework::Utils::JSONRPCDirectLink::Invoke"], "published": ["JBadgerEmptyResult", "JBadgerRequest", "JBadgerHdrProfile", "JBadgerHDR", "JBadgerWebBrowser", "JBadgerHDCP", "JBadgerNetworkConnectivity", "NetworkConnectivityStatusEnum", "JBadgerAudioModes", "JBadgerDeviceCapabilities", "JBadgerDeviceInfo", "JBadgerSystemPlatformConfig", "BadgerTypes"], "classes": [{"name": "BadgerTypes", "description": "Utility class providing static methods for interacting with system and display settings via JSONRPC calls, and caching results."}], "methods": [{"name": "uint32_t GetTimeZoneFromSystem(const std::shared_ptr<WPEFramework::Utils::JSONRPCDirectLink> & systemLink,Core::JSON::String & timeZone)", "description": "Retrieves the system's timezone, either from cache or via JSONRPC call.", "scope": "WPEFramework::Plugin::BadgerTypes", "scopeKind": "class"}, {"name": "uint32_t GetFriendlyName(const std::shared_ptr<WPEFramework::Utils::JSONRPCDirectLink> & systemLink,Core::JSON::String & friendlyName)", "description": "Fetches the friendly device name via JSONRPC, with caching.", "scope": "WPEFramework::Plugin::BadgerTypes", "scopeKind": "class"}, {"name": "uint32_t GetAudioFormat(const std::shared_ptr<WPEFramework::Utils::JSONRPCDirectLink> & displaySettingsLink,JBadgerAudioModes & audioModes)", "description": "Obtains the current audio format and supported formats via display settings link.", "scope": "WPEFramework::Plugin::BadgerTypes", "scopeKind": "class"}, {"name": "uint32_t GetHDRSupport(const std::shared_ptr<WPEFramework::Utils::JSONRPCDirectLink> & displaySettingsLink,JBadgerHDR & hdrInfo)", "description": "Retrieves HDR support data for both set-top box and TV via display settings link.", "scope": "WPEFramework::Plugin::BadgerTypes", "scopeKind": "class"}, {"name": "uint32_t GetHDCPStatus(const std::shared_ptr<WPEFramework::Utils::JSONRPCDirectLink> & hdcpLink,JBadgerHDCP & hdcpStatus)", "description": "Gets the HDCP (High-bandwidth Digital Content Protection) status via HDCP link.", "scope": "WPEFramework::Plugin::BadgerTypes", "scopeKind": "class"}, {"name": "uint32_t GetNetworkConnectivity(const std::shared_ptr<WPEFramework::Utils::JSONRPCDirectLink> & networkLink,JBadgerNetworkConnectivity & connectivity)", "description": "Checks network connectivity info via network link.", "scope": "WPEFramework::Plugin::BadgerTypes", "scopeKind": "class"}, {"name": "uint32_t GetSystemPlatformConfiguration(const std::shared_ptr<WPEFramework::Utils::JSONRPCDirectLink> & systemLink,JBadgerSystemPlatformConfig & platformConfig)", "description": "Fetches and caches system platform configuration via system link.", "scope": "WPEFramework::Plugin::BadgerTypes", "scopeKind": "class"}, {"name": "ENUM_CONVERSION_BEGIN(Plugin::BadgerNetworkConnectivityStatus)", "scope": "WPEFramework", "scopeKind": "namespace", "description": "unavailable"}, {"name": "string Get() const", "scope": "WPEFramework::Plugin::JBadgerRequest", "scopeKind": "struct", "description": "unavailable"}, {"name": "JBadgerAudioModes()", "scope": "WPEFramework::Plugin::JBadgerAudioModes", "scopeKind": "struct", "description": "unavailable"}, {"name": "JBadgerDeviceCapabilities()", "scope": "WPEFramework::Plugin::JBadgerDeviceCapabilities", "scopeKind": "struct", "description": "unavailable"}, {"name": "JBadgerDeviceInfo()", "scope": "WPEFramework::Plugin::JBadgerDeviceInfo", "scopeKind": "struct", "description": "unavailable"}, {"name": "JBadgerEmptyResult()", "scope": "WPEFramework::Plugin::JBadgerEmptyResult", "scopeKind": "struct", "description": "unavailable"}, {"name": "JBadgerHDCP()", "scope": "WPEFramework::Plugin::JBadgerHDCP", "scopeKind": "struct", "description": "unavailable"}, {"name": "JBadgerHDR()", "scope": "WPEFramework::Plugin::JBadgerHDR", "scopeKind": "struct", "description": "unavailable"}, {"name": "JBadgerHdrProfile()", "scope": "WPEFramework::Plugin::JBadgerHdrProfile", "scopeKind": "struct", "description": "unavailable"}, {"name": "JBadgerNetworkConnectivity()", "scope": "WPEFramework::Plugin::JBadgerNetworkConnectivity", "scopeKind": "struct", "description": "unavailable"}, {"name": "JBadgerRequest()", "scope": "WPEFramework::Plugin::JBadgerRequest", "scopeKind": "struct", "description": "unavailable"}, {"name": "JBadgerSystemPlatformConfig()", "scope": "WPEFramework::Plugin::JBadgerSystemPlatformConfig", "scopeKind": "struct", "description": "unavailable"}, {"name": "JBadgerWebBrowser()", "scope": "WPEFramework::Plugin::JBadgerWebBrowser", "scopeKind": "struct", "description": "unavailable"}, {"name": "NetworkConnectivityStatusEnum()", "scope": "WPEFramework::Plugin::NetworkConnectivityStatusEnum", "scopeKind": "struct", "description": "unavailable"}, {"name": "NetworkConnectivityStatusEnum(BadgerNetworkConnectivityStatus v)", "scope": "WPEFramework::Plugin::NetworkConnectivityStatusEnum", "scopeKind": "struct", "description": "unavailable"}, {"name": "void SetValue(BadgerNetworkConnectivityStatus v)", "scope": "WPEFramework::Plugin::NetworkConnectivityStatusEnum", "scopeKind": "struct", "description": "unavailable"}, {"name": "__anonce4cf57c0102(const JsonObject &resp, Core::JSON::ArrayType<Core::JSON::VariantContainer> &arr)", "scope": "WPEFramework::Plugin::BadgerTypes::GetHDRSupport", "scopeKind": "function", "description": "unavailable"}], "calls": ["WPEFramework::Utils::JSONRPCDirectLink::Invoke"], "search-terms": ["Badger", "JSON containers", "DeviceCapabilities", "HDR", "HDCP", "SystemConfiguration", "JSONRpc", "SystemLink", "DisplaySettings", "NetworkConnectivity"], "state": 2, "file_id": 202, "knowledge_revision": 697, "git_revision": "7541615396d97800a8dedd6a14e20d3bd2197bf0", "ctags": [{"_type": "tag", "name": "AppId", "path": "/home/kavia/workspace/code-generation/app-gateway2/app-gateway/Badger/BadgerTypes.h", "pattern": "/^  Core::JSON::String AppId;$/", "language": "C++", "typeref": "typename:Core::JSON::String", "kind": "member", "scope": "WPEFramework::Plugin::JBadgerRequest", "scopeKind": "struct"}, {"_type": "tag", "name": "BadgerNetworkConnectivityStatus", "path": "/home/kavia/workspace/code-generation/app-gateway2/app-gateway/Badger/BadgerTypes.h", "pattern": "/^enum class BadgerNetworkConnectivityStatus {$/", "language": "C++", "kind": "enum", "scope": "WPEFramework::Plugin", "scopeKind": "namespace"}, {"_type": "tag", "name": "BadgerTypes", "path": "/home/kavia/workspace/code-generation/app-gateway2/app-gateway/Badger/BadgerTypes.h", "pattern": "/^class BadgerTypes {$/", "language": "C++", "kind": "class", "scope": "WPEFramework::Plugin", "scopeKind": "namespace"}, {"_type": "tag", "name": "ENUM_CONVERSION_BEGIN", "path": "/home/kavia/workspace/code-generation/app-gateway2/app-gateway/Badger/BadgerTypes.h", "pattern": "/^ENUM_CONVERSION_BEGIN(Plugin::BadgerNetworkConnectivityStatus){$/", "language": "C++", "kind": "function", "signature": "(Plugin::BadgerNetworkConnectivityStatus)", "scope": "WPEFramework", "scopeKind": "namespace"}, {"_type": "tag", "name": "Get", "path": "/home/kavia/workspace/code-generation/app-gateway2/app-gateway/Badger/BadgerTypes.h", "pattern": "/^  string Get() const { return AppId.Value(); }$/", "language": "C++", "typeref": "typename:string", "kind": "function", "signature": "() const", "scope": "WPEFramework::Plugin::JBadgerRequest", "scopeKind": "struct"}, {"_type": "tag", "name": "GetAudioFormat", "path": "/home/kavia/workspace/code-generation/app-gateway2/app-gateway/Badger/BadgerTypes.h", "pattern": "/^  GetAudioFormat(const std::shared_ptr<WPEFramework::Utils::JSONRPCDirectLink>$/", "language": "C++", "typeref": "typename:uint32_t", "kind": "function", "signature": "(const std::shared_ptr<WPEFramework::Utils::JSONRPCDirectLink> & displaySettingsLink,JBadgerAudioModes & audioModes)", "scope": "WPEFramework::Plugin::BadgerTypes", "scopeKind": "class"}, {"_type": "tag", "name": "GetFriendlyName", "path": "/home/kavia/workspace/code-generation/app-gateway2/app-gateway/Badger/BadgerTypes.h", "pattern": "/^  static uint32_t GetFriendlyName($/", "language": "C++", "typeref": "typename:uint32_t", "kind": "function", "signature": "(const std::shared_ptr<WPEFramework::Utils::JSONRPCDirectLink> & systemLink,Core::JSON::String & friendlyName)", "scope": "WPEFramework::Plugin::BadgerTypes", "scopeKind": "class"}, {"_type": "tag", "name": "GetHDCPStatus", "path": "/home/kavia/workspace/code-generation/app-gateway2/app-gateway/Badger/BadgerTypes.h", "pattern": "/^  static uint32_t GetHDCPStatus($/", "language": "C++", "typeref": "typename:uint32_t", "kind": "function", "signature": "(const std::shared_ptr<WPEFramework::Utils::JSONRPCDirectLink> & hdcpLink,JBadgerHDCP & hdcpStatus)", "scope": "WPEFramework::Plugin::BadgerTypes", "scopeKind": "class"}, {"_type": "tag", "name": "GetHDRSupport", "path": "/home/kavia/workspace/code-generation/app-gateway2/app-gateway/Badger/BadgerTypes.h", "pattern": "/^  GetHDRSupport(const std::shared_ptr<WPEFramework::Utils::JSONRPCDirectLink>$/", "language": "C++", "typeref": "typename:uint32_t", "kind": "function", "signature": "(const std::shared_ptr<WPEFramework::Utils::JSONRPCDirectLink> & displaySettingsLink,JBadgerHDR & hdrInfo)", "scope": "WPEFramework::Plugin::BadgerTypes", "scopeKind": "class"}, {"_type": "tag", "name": "GetNetworkConnectivity", "path": "/home/kavia/workspace/code-generation/app-gateway2/app-gateway/Badger/BadgerTypes.h", "pattern": "/^  static uint32_t GetNetworkConnectivity($/", "language": "C++", "typeref": "typename:uint32_t", "kind": "function", "signature": "(const std::shared_ptr<WPEFramework::Utils::JSONRPCDirectLink> & networkLink,JBadgerNetworkConnectivity & connectivity)", "scope": "WPEFramework::Plugin::BadgerTypes", "scopeKind": "class"}, {"_type": "tag", "name": "GetSystemPlatformConfiguration", "path": "/home/kavia/workspace/code-generation/app-gateway2/app-gateway/Badger/BadgerTypes.h", "pattern": "/^  static uint32_t GetSystemPlatformConfiguration($/", "language": "C++", "typeref": "typename:uint32_t", "kind": "function", "signature": "(const std::shared_ptr<WPEFramework::Utils::JSONRPCDirectLink> & systemLink,JBadgerSystemPlatformConfig & platformConfig)", "scope": "WPEFramework::Plugin::BadgerTypes", "scopeKind": "class"}, {"_type": "tag", "name": "GetTimeZoneFromSystem", "path": "/home/kavia/workspace/code-generation/app-gateway2/app-gateway/Badger/BadgerTypes.h", "pattern": "/^  static uint32_t GetTimeZoneFromSystem($/", "language": "C++", "typeref": "typename:uint32_t", "kind": "function", "signature": "(const std::shared_ptr<WPEFramework::Utils::JSONRPCDirectLink> & systemLink,Core::JSON::String & timeZone)", "scope": "WPEFramework::Plugin::BadgerTypes", "scopeKind": "class"}, {"_type": "tag", "name": "JBadgerAudioModes", "path": "/home/kavia/workspace/code-generation/app-gateway2/app-gateway/Badger/BadgerTypes.h", "pattern": "/^  JBadgerAudioModes() {$/", "language": "C++", "kind": "function", "signature": "()", "scope": "WPEFramework::Plugin::JBadgerAudioModes", "scopeKind": "struct"}, {"_type": "tag", "name": "JBadgerAudioModes", "path": "/home/kavia/workspace/code-generation/app-gateway2/app-gateway/Badger/BadgerTypes.h", "pattern": "/^struct JBadgerAudioModes : public Core::JSON::Container {$/", "language": "C++", "kind": "struct", "scope": "WPEFramework::Plugin", "scopeKind": "namespace"}, {"_type": "tag", "name": "JBadgerDeviceCapabilities", "path": "/home/kavia/workspace/code-generation/app-gateway2/app-gateway/Badger/BadgerTypes.h", "pattern": "/^  JBadgerDeviceCapabilities() {$/", "language": "C++", "kind": "function", "signature": "()", "scope": "WPEFramework::Plugin::JBadgerDeviceCapabilities", "scopeKind": "struct"}, {"_type": "tag", "name": "JBadgerDeviceCapabilities", "path": "/home/kavia/workspace/code-generation/app-gateway2/app-gateway/Badger/BadgerTypes.h", "pattern": "/^struct JBadgerDeviceCapabilities : public Core::JSON::Container {$/", "language": "C++", "kind": "struct", "scope": "WPEFramework::Plugin", "scopeKind": "namespace"}, {"_type": "tag", "name": "JBadgerDeviceInfo", "path": "/home/kavia/workspace/code-generation/app-gateway2/app-gateway/Badger/BadgerTypes.h", "pattern": "/^  JBadgerDeviceInfo() {$/", "language": "C++", "kind": "function", "signature": "()", "scope": "WPEFramework::Plugin::JBadgerDeviceInfo", "scopeKind": "struct"}, {"_type": "tag", "name": "JBadgerDeviceInfo", "path": "/home/kavia/workspace/code-generation/app-gateway2/app-gateway/Badger/BadgerTypes.h", "pattern": "/^struct JBadgerDeviceInfo : public Core::JSON::Container {$/", "language": "C++", "kind": "struct", "scope": "WPEFramework::Plugin", "scopeKind": "namespace"}, {"_type": "tag", "name": "JBadgerEmptyResult", "path": "/home/kavia/workspace/code-generation/app-gateway2/app-gateway/Badger/BadgerTypes.h", "pattern": "/^  JBadgerEmptyResult() : Core::JSON::Container() {}$/", "language": "C++", "kind": "function", "signature": "()", "scope": "WPEFramework::Plugin::JBadgerEmptyResult", "scopeKind": "struct"}, {"_type": "tag", "name": "JBadgerEmptyResult", "path": "/home/kavia/workspace/code-generation/app-gateway2/app-gateway/Badger/BadgerTypes.h", "pattern": "/^struct JBadgerEmptyResult : public Core::JSON::Container {$/", "language": "C++", "kind": "struct", "scope": "WPEFramework::Plugin", "scopeKind": "namespace"}, {"_type": "tag", "name": "JBadgerHDCP", "path": "/home/kavia/workspace/code-generation/app-gateway2/app-gateway/Badger/BadgerTypes.h", "pattern": "/^  JBadgerHDCP() : connected(false), hdcp_compliant(false), hdcp_enabled(false) {$/", "language": "C++", "kind": "function", "signature": "()", "scope": "WPEFramework::Plugin::JBadgerHDCP", "scopeKind": "struct"}, {"_type": "tag", "name": "JBadgerHDCP", "path": "/home/kavia/workspace/code-generation/app-gateway2/app-gateway/Badger/BadgerTypes.h", "pattern": "/^struct JBadgerHDCP : public Core::JSON::Container {$/", "language": "C++", "kind": "struct", "scope": "WPEFramework::Plugin", "scopeKind": "namespace"}, {"_type": "tag", "name": "JBadgerHDR", "path": "/home/kavia/workspace/code-generation/app-gateway2/app-gateway/Badger/BadgerTypes.h", "pattern": "/^  JBadgerHDR() {$/", "language": "C++", "kind": "function", "signature": "()", "scope": "WPEFramework::Plugin::JBadgerHDR", "scopeKind": "struct"}, {"_type": "tag", "name": "JBadgerHDR", "path": "/home/kavia/workspace/code-generation/app-gateway2/app-gateway/Badger/BadgerTypes.h", "pattern": "/^struct JBadgerHDR : public Core::JSON::Container {$/", "language": "C++", "kind": "struct", "scope": "WPEFramework::Plugin", "scopeKind": "namespace"}, {"_type": "tag", "name": "JBadgerHdrProfile", "path": "/home/kavia/workspace/code-generation/app-gateway2/app-gateway/Badger/BadgerTypes.h", "pattern": "/^  JBadgerHdrProfile() {$/", "language": "C++", "kind": "function", "signature": "()", "scope": "WPEFramework::Plugin::JBadgerHdrProfile", "scopeKind": "struct"}, {"_type": "tag", "name": "JBadgerHdrProfile", "path": "/home/kavia/workspace/code-generation/app-gateway2/app-gateway/Badger/BadgerTypes.h", "pattern": "/^struct JBadgerHdrProfile : public Core::JSON::Container {$/", "language": "C++", "kind": "struct", "scope": "WPEFramework::Plugin", "scopeKind": "namespace"}, {"_type": "tag", "name": "JBadgerNetworkConnectivity", "path": "/home/kavia/workspace/code-generation/app-gateway2/app-gateway/Badger/BadgerTypes.h", "pattern": "/^  JBadgerNetworkConnectivity() {$/", "language": "C++", "kind": "function", "signature": "()", "scope": "WPEFramework::Plugin::JBadgerNetworkConnectivity", "scopeKind": "struct"}, {"_type": "tag", "name": "JBadgerNetworkConnectivity", "path": "/home/kavia/workspace/code-generation/app-gateway2/app-gateway/Badger/BadgerTypes.h", "pattern": "/^struct JBadgerNetworkConnectivity : public Core::JSON::Container {$/", "language": "C++", "kind": "struct", "scope": "WPEFramework::Plugin", "scopeKind": "namespace"}, {"_type": "tag", "name": "JBadgerRequest", "path": "/home/kavia/workspace/code-generation/app-gateway2/app-gateway/Badger/BadgerTypes.h", "pattern": "/^  JBadgerRequest() : Core::JSON::Container() { Add(_T(\"appId\"), &AppId); }$/", "language": "C++", "kind": "function", "signature": "()", "scope": "WPEFramework::Plugin::JBadgerRequest", "scopeKind": "struct"}, {"_type": "tag", "name": "JBadgerRequest", "path": "/home/kavia/workspace/code-generation/app-gateway2/app-gateway/Badger/BadgerTypes.h", "pattern": "/^struct JBadgerRequest : public Core::JSON::Container {$/", "language": "C++", "kind": "struct", "scope": "WPEFramework::Plugin", "scopeKind": "namespace"}, {"_type": "tag", "name": "JBadgerSystemPlatformConfig", "path": "/home/kavia/workspace/code-generation/app-gateway2/app-gateway/Badger/BadgerTypes.h", "pattern": "/^  JBadgerSystemPlatformConfig() {$/", "language": "C++", "kind": "function", "signature": "()", "scope": "WPEFramework::Plugin::JBadgerSystemPlatformConfig", "scopeKind": "struct"}, {"_type": "tag", "name": "JBadgerSystemPlatformConfig", "path": "/home/kavia/workspace/code-generation/app-gateway2/app-gateway/Badger/BadgerTypes.h", "pattern": "/^struct JBadgerSystemPlatformConfig : public Core::JSON::Container {$/", "language": "C++", "kind": "struct", "scope": "WPEFramework::Plugin", "scopeKind": "namespace"}, {"_type": "tag", "name": "JBadgerWebBrowser", "path": "/home/kavia/workspace/code-generation/app-gateway2/app-gateway/Badger/BadgerTypes.h", "pattern": "/^  JBadgerWebBrowser() {$/", "language": "C++", "kind": "function", "signature": "()", "scope": "WPEFramework::Plugin::JBadgerWebBrowser", "scopeKind": "struct"}, {"_type": "tag", "name": "JBadgerWebBrowser", "path": "/home/kavia/workspace/code-generation/app-gateway2/app-gateway/Badger/BadgerTypes.h", "pattern": "/^struct JBadgerWebBrowser : public Core::JSON::Container {$/", "language": "C++", "kind": "struct", "scope": "WPEFramework::Plugin", "scopeKind": "namespace"}, {"_type": "tag", "name": "NO_ACTIVE_NETWORK_INTERFACE", "path": "/home/kavia/workspace/code-generation/app-gateway2/app-gateway/Badger/BadgerTypes.h", "pattern": "/^  NO_ACTIVE_NETWORK_INTERFACE,$/", "language": "C++", "kind": "enumerator", "scope": "WPEFramework::Plugin::BadgerNetworkConnectivityStatus", "scopeKind": "enum"}, {"_type": "tag", "name": "NetworkConnectivityStatusEnum", "path": "/home/kavia/workspace/code-generation/app-gateway2/app-gateway/Badger/BadgerTypes.h", "pattern": "/^  NetworkConnectivityStatusEnum()$/", "language": "C++", "kind": "function", "signature": "()", "scope": "WPEFramework::Plugin::NetworkConnectivityStatusEnum", "scopeKind": "struct"}, {"_type": "tag", "name": "NetworkConnectivityStatusEnum", "path": "/home/kavia/workspace/code-generation/app-gateway2/app-gateway/Badger/BadgerTypes.h", "pattern": "/^  NetworkConnectivityStatusEnum(BadgerNetworkConnectivityStatus v)$/", "language": "C++", "kind": "function", "signature": "(BadgerNetworkConnectivityStatus v)", "scope": "WPEFramework::Plugin::NetworkConnectivityStatusEnum", "scopeKind": "struct"}, {"_type": "tag", "name": "NetworkConnectivityStatusEnum", "path": "/home/kavia/workspace/code-generation/app-gateway2/app-gateway/Badger/BadgerTypes.h", "pattern": "/^struct NetworkConnectivityStatusEnum$/", "language": "C++", "kind": "struct", "scope": "WPEFramework::Plugin", "scopeKind": "namespace"}, {"_type": "tag", "name": "Plugin", "path": "/home/kavia/workspace/code-generation/app-gateway2/app-gateway/Badger/BadgerTypes.h", "pattern": "/^namespace Plugin {$/", "language": "C++", "kind": "namespace", "scope": "WPEFramework", "scopeKind": "namespace"}, {"_type": "tag", "name": "SUCCESS", "path": "/home/kavia/workspace/code-generation/app-gateway2/app-gateway/Badger/BadgerTypes.h", "pattern": "/^  SUCCESS$/", "language": "C++", "kind": "enumerator", "scope": "WPEFramework::Plugin::BadgerNetworkConnectivityStatus", "scopeKind": "enum"}, {"_type": "tag", "name": "SetValue", "path": "/home/kavia/workspace/code-generation/app-gateway2/app-gateway/Badger/BadgerTypes.h", "pattern": "/^  void SetValue(BadgerNetworkConnectivityStatus v) {$/", "language": "C++", "typeref": "typename:void", "kind": "function", "signature": "(BadgerNetworkConnectivityStatus v)", "scope": "WPEFramework::Plugin::NetworkConnectivityStatusEnum", "scopeKind": "struct"}, {"_type": "tag", "name": "WPEFramework", "path": "/home/kavia/workspace/code-generation/app-gateway2/app-gateway/Badger/BadgerTypes.h", "pattern": "/^namespace WPEFramework {$/", "language": "C++", "kind": "namespace"}, {"_type": "tag", "name": "__anonce4cf57c0102", "path": "/home/kavia/workspace/code-generation/app-gateway2/app-gateway/Badger/BadgerTypes.h", "pattern": "/^           Core::JSON::ArrayType<Core::JSON::VariantContainer> &arr) {$/", "file": true, "language": "C++", "kind": "function", "signature": "(const JsonObject &resp, Core::JSON::ArrayType<Core::JSON::VariantContainer> &arr) ", "scope": "WPEFramework::Plugin::BadgerTypes::GetHDRSupport", "scopeKind": "function"}, {"_type": "tag", "name": "account_id", "path": "/home/kavia/workspace/code-generation/app-gateway2/app-gateway/Badger/BadgerTypes.h", "pattern": "/^  Core::JSON::String account_id;$/", "language": "C++", "typeref": "typename:Core::JSON::String", "kind": "member", "scope": "WPEFramework::Plugin::JBadgerDeviceInfo", "scopeKind": "struct"}, {"_type": "tag", "name": "account_id", "path": "/home/kavia/workspace/code-generation/app-gateway2/app-gateway/Badger/BadgerTypes.h", "pattern": "/^  Core::JSON::String account_id;$/", "language": "C++", "typeref": "typename:Core::JSON::String", "kind": "member", "scope": "WPEFramework::Plugin::JBadgerSystemPlatformConfig", "scopeKind": "struct"}, {"_type": "tag", "name": "audio_modes", "path": "/home/kavia/workspace/code-generation/app-gateway2/app-gateway/Badger/BadgerTypes.h", "pattern": "/^  JBadgerAudioModes audio_modes;$/", "language": "C++", "typeref": "typename:JBadgerAudioModes", "kind": "member", "scope": "WPEFramework::Plugin::JBadgerDeviceCapabilities", "scopeKind": "struct"}, {"_type": "tag", "name": "browser_type", "path": "/home/kavia/workspace/code-generation/app-gateway2/app-gateway/Badger/BadgerTypes.h", "pattern": "/^  Core::JSON::String browser_type;$/", "language": "C++", "typeref": "typename:Core::JSON::String", "kind": "member", "scope": "WPEFramework::Plugin::JBadgerSystemPlatformConfig", "scopeKind": "struct"}, {"_type": "tag", "name": "browser_type", "path": "/home/kavia/workspace/code-generation/app-gateway2/app-gateway/Badger/BadgerTypes.h", "pattern": "/^  Core::JSON::String browser_type;$/", "language": "C++", "typeref": "typename:Core::JSON::String", "kind": "member", "scope": "WPEFramework::Plugin::JBadgerWebBrowser", "scopeKind": "struct"}, {"_type": "tag", "name": "browser_user_agent", "path": "/home/kavia/workspace/code-generation/app-gateway2/app-gateway/Badger/BadgerTypes.h", "pattern": "/^  Core::JSON::String browser_user_agent;$/", "language": "C++", "typeref": "typename:Core::JSON::String", "kind": "member", "scope": "WPEFramework::Plugin::JBadgerSystemPlatformConfig", "scopeKind": "struct"}, {"_type": "tag", "name": "browser_version", "path": "/home/kavia/workspace/code-generation/app-gateway2/app-gateway/Badger/BadgerTypes.h", "pattern": "/^  Core::JSON::String browser_version;$/", "language": "C++", "typeref": "typename:Core::JSON::String", "kind": "member", "scope": "WPEFramework::Plugin::JBadgerSystemPlatformConfig", "scopeKind": "struct"}, {"_type": "tag", "name": "connected", "path": "/home/kavia/workspace/code-generation/app-gateway2/app-gateway/Badger/BadgerTypes.h", "pattern": "/^  Core::JSON::Boolean connected;$/", "language": "C++", "typeref": "typename:Core::JSON::Boolean", "kind": "member", "scope": "WPEFramework::Plugin::JBadgerHDCP", "scopeKind": "struct"}, {"_type": "tag", "name": "current_audio_mode", "path": "/home/kavia/workspace/code-generation/app-gateway2/app-gateway/Badger/BadgerTypes.h", "pattern": "/^  Core::JSON::String current_audio_mode;$/", "language": "C++", "typeref": "typename:Core::JSON::String", "kind": "member", "scope": "WPEFramework::Plugin::JBadgerAudioModes", "scopeKind": "struct"}, {"_type": "tag", "name": "current_hdcp_version", "path": "/home/kavia/workspace/code-generation/app-gateway2/app-gateway/Badger/BadgerTypes.h", "pattern": "/^  Core::JSON::String current_hdcp_version;$/", "language": "C++", "typeref": "typename:Core::JSON::String", "kind": "member", "scope": "WPEFramework::Plugin::JBadgerHDCP", "scopeKind": "struct"}, {"_type": "tag", "name": "device_capabilities", "path": "/home/kavia/workspace/code-generation/app-gateway2/app-gateway/Badger/BadgerTypes.h", "pattern": "/^  JBadgerDeviceCapabilities device_capabilities;$/", "language": "C++", "typeref": "typename:JBadgerDeviceCapabilities", "kind": "member", "scope": "WPEFramework::Plugin::JBadgerDeviceInfo", "scopeKind": "struct"}, {"_type": "tag", "name": "device_hash", "path": "/home/kavia/workspace/code-generation/app-gateway2/app-gateway/Badger/BadgerTypes.h", "pattern": "/^  Core::JSON::String device_hash;$/", "language": "C++", "typeref": "typename:Core::JSON::String", "kind": "member", "scope": "WPEFramework::Plugin::JBadgerDeviceInfo", "scopeKind": "struct"}, {"_type": "tag", "name": "device_id", "path": "/home/kavia/workspace/code-generation/app-gateway2/app-gateway/Badger/BadgerTypes.h", "pattern": "/^  Core::JSON::String device_id;$/", "language": "C++", "typeref": "typename:Core::JSON::String", "kind": "member", "scope": "WPEFramework::Plugin::JBadgerDeviceInfo", "scopeKind": "struct"}, {"_type": "tag", "name": "device_id", "path": "/home/kavia/workspace/code-generation/app-gateway2/app-gateway/Badger/BadgerTypes.h", "pattern": "/^  Core::JSON::String device_id;$/", "language": "C++", "typeref": "typename:Core::JSON::String", "kind": "member", "scope": "WPEFramework::Plugin::JBadgerSystemPlatformConfig", "scopeKind": "struct"}, {"_type": "tag", "name": "device_make_model", "path": "/home/kavia/workspace/code-generation/app-gateway2/app-gateway/Badger/BadgerTypes.h", "pattern": "/^  Core::JSON::String device_make_model;$/", "language": "C++", "typeref": "typename:Core::JSON::String", "kind": "member", "scope": "WPEFramework::Plugin::JBadgerDeviceCapabilities", "scopeKind": "struct"}, {"_type": "tag", "name": "device_type", "path": "/home/kavia/workspace/code-generation/app-gateway2/app-gateway/Badger/BadgerTypes.h", "pattern": "/^  Core::JSON::String device_type;$/", "language": "C++", "typeref": "typename:Core::JSON::String", "kind": "member", "scope": "WPEFramework::Plugin::JBadgerDeviceCapabilities", "scopeKind": "struct"}, {"_type": "tag", "name": "device_type", "path": "/home/kavia/workspace/code-generation/app-gateway2/app-gateway/Badger/BadgerTypes.h", "pattern": "/^  Core::JSON::String device_type;$/", "language": "C++", "typeref": "typename:Core::JSON::String", "kind": "member", "scope": "WPEFramework::Plugin::JBadgerSystemPlatformConfig", "scopeKind": "struct"}, {"_type": "tag", "name": "hdcp", "path": "/home/kavia/workspace/code-generation/app-gateway2/app-gateway/Badger/BadgerTypes.h", "pattern": "/^  JBadgerHDCP hdcp;$/", "language": "C++", "typeref": "typename:JBadgerHDCP", "kind": "member", "scope": "WPEFramework::Plugin::JBadgerDeviceCapabilities", "scopeKind": "struct"}, {"_type": "tag", "name": "hdcp_compliant", "path": "/home/kavia/workspace/code-generation/app-gateway2/app-gateway/Badger/BadgerTypes.h", "pattern": "/^  Core::JSON::Boolean hdcp_compliant;$/", "language": "C++", "typeref": "typename:Core::JSON::Boolean", "kind": "member", "scope": "WPEFramework::Plugin::JBadgerHDCP", "scopeKind": "struct"}, {"_type": "tag", "name": "hdcp_enabled", "path": "/home/kavia/workspace/code-generation/app-gateway2/app-gateway/Badger/BadgerTypes.h", "pattern": "/^  Core::JSON::Boolean hdcp_enabled;$/", "language": "C++", "typeref": "typename:Core::JSON::Boolean", "kind": "member", "scope": "WPEFramework::Plugin::JBadgerHDCP", "scopeKind": "struct"}, {"_type": "tag", "name": "hdr", "path": "/home/kavia/workspace/code-generation/app-gateway2/app-gateway/Badger/BadgerTypes.h", "pattern": "/^  JBadgerHDR hdr;$/", "language": "C++", "typeref": "typename:JBadgerHDR", "kind": "member", "scope": "WPEFramework::Plugin::JBadgerDeviceCapabilities", "scopeKind": "struct"}, {"_type": "tag", "name": "household_id", "path": "/home/kavia/workspace/code-generation/app-gateway2/app-gateway/Badger/BadgerTypes.h", "pattern": "/^  Core::JSON::String household_id;$/", "language": "C++", "typeref": "typename:Core::JSON::String", "kind": "member", "scope": "WPEFramework::Plugin::JBadgerDeviceInfo", "scopeKind": "struct"}, {"_type": "tag", "name": "is_wifi_device", "path": "/home/kavia/workspace/code-generation/app-gateway2/app-gateway/Badger/BadgerTypes.h", "pattern": "/^  Core::JSON::Boolean is_wifi_device;$/", "language": "C++", "typeref": "typename:Core::JSON::Boolean", "kind": "member", "scope": "WPEFramework::Plugin::JBadgerDeviceCapabilities", "scopeKind": "struct"}, {"_type": "tag", "name": "model", "path": "/home/kavia/workspace/code-generation/app-gateway2/app-gateway/Badger/BadgerTypes.h", "pattern": "/^  Core::JSON::String model;$/", "language": "C++", "typeref": "typename:Core::JSON::String", "kind": "member", "scope": "WPEFramework::Plugin::JBadgerDeviceCapabilities", "scopeKind": "struct"}, {"_type": "tag", "name": "model", "path": "/home/kavia/workspace/code-generation/app-gateway2/app-gateway/Badger/BadgerTypes.h", "pattern": "/^  Core::JSON::String model;$/", "language": "C++", "typeref": "typename:Core::JSON::String", "kind": "member", "scope": "WPEFramework::Plugin::JBadgerSystemPlatformConfig", "scopeKind": "struct"}, {"_type": "tag", "name": "native_dimensions", "path": "/home/kavia/workspace/code-generation/app-gateway2/app-gateway/Badger/BadgerTypes.h", "pattern": "/^  Core::JSON::ArrayType<Core::JSON::DecUInt32> native_dimensions;$/", "language": "C++", "typeref": "typename:Core::JSON::ArrayType<Core::JSON::DecUInt32>", "kind": "member", "scope": "WPEFramework::Plugin::JBadgerDeviceCapabilities", "scopeKind": "struct"}, {"_type": "tag", "name": "network_interface", "path": "/home/kavia/workspace/code-generation/app-gateway2/app-gateway/Badger/BadgerTypes.h", "pattern": "/^  Core::JSON::String network_interface;$/", "language": "C++", "typeref": "typename:Core::JSON::String", "kind": "member", "scope": "WPEFramework::Plugin::JBadgerNetworkConnectivity", "scopeKind": "struct"}, {"_type": "tag", "name": "partner_id", "path": "/home/kavia/workspace/code-generation/app-gateway2/app-gateway/Badger/BadgerTypes.h", "pattern": "/^  Core::JSON::String partner_id;$/", "language": "C++", "typeref": "typename:Core::JSON::String", "kind": "member", "scope": "WPEFramework::Plugin::JBadgerDeviceInfo", "scopeKind": "struct"}, {"_type": "tag", "name": "privacy_settings", "path": "/home/kavia/workspace/code-generation/app-gateway2/app-gateway/Badger/BadgerTypes.h", "pattern": "/^  Core::JSON::VariantContainer privacy_settings;$/", "language": "C++", "typeref": "typename:Core::JSON::VariantContainer", "kind": "member", "scope": "WPEFramework::Plugin::JBadgerDeviceInfo", "scopeKind": "struct"}, {"_type": "tag", "name": "receiver_hdcp_version", "path": "/home/kavia/workspace/code-generation/app-gateway2/app-gateway/Badger/BadgerTypes.h", "pattern": "/^  Core::JSON::String receiver_hdcp_version;$/", "language": "C++", "typeref": "typename:Core::JSON::String", "kind": "member", "scope": "WPEFramework::Plugin::JBadgerHDCP", "scopeKind": "struct"}, {"_type": "tag", "name": "receiver_id", "path": "/home/kavia/workspace/code-generation/app-gateway2/app-gateway/Badger/BadgerTypes.h", "pattern": "/^  Core::JSON::String receiver_id;$/", "language": "C++", "typeref": "typename:Core::JSON::String", "kind": "member", "scope": "WPEFramework::Plugin::JBadgerDeviceInfo", "scopeKind": "struct"}, {"_type": "tag", "name": "receiver_platform", "path": "/home/kavia/workspace/code-generation/app-gateway2/app-gateway/Badger/BadgerTypes.h", "pattern": "/^  Core::JSON::String receiver_platform;$/", "language": "C++", "typeref": "typename:Core::JSON::String", "kind": "member", "scope": "WPEFramework::Plugin::JBadgerDeviceCapabilities", "scopeKind": "struct"}, {"_type": "tag", "name": "receiver_version", "path": "/home/kavia/workspace/code-generation/app-gateway2/app-gateway/Badger/BadgerTypes.h", "pattern": "/^  Core::JSON::String receiver_version;$/", "language": "C++", "typeref": "typename:Core::JSON::String", "kind": "member", "scope": "WPEFramework::Plugin::JBadgerDeviceCapabilities", "scopeKind": "struct"}, {"_type": "tag", "name": "settop_hdr_support", "path": "/home/kavia/workspace/code-generation/app-gateway2/app-gateway/Badger/BadgerTypes.h", "pattern": "/^  Core::JSON::ArrayType<Core::JSON::VariantContainer> settop_hdr_support;$/", "language": "C++", "typeref": "typename:Core::JSON::ArrayType<Core::JSON::VariantContainer>", "kind": "member", "scope": "WPEFramework::Plugin::JBadgerHDR", "scopeKind": "struct"}, {"_type": "tag", "name": "standards", "path": "/home/kavia/workspace/code-generation/app-gateway2/app-gateway/Badger/BadgerTypes.h", "pattern": "/^  Core::JSON::ArrayType<Core::JSON::String> standards;$/", "language": "C++", "typeref": "typename:Core::JSON::ArrayType<Core::JSON::String>", "kind": "member", "scope": "WPEFramework::Plugin::JBadgerHdrProfile", "scopeKind": "struct"}, {"_type": "tag", "name": "status", "path": "/home/kavia/workspace/code-generation/app-gateway2/app-gateway/Badger/BadgerTypes.h", "pattern": "/^  NetworkConnectivityStatusEnum status;$/", "language": "C++", "typeref": "typename:NetworkConnectivityStatusEnum", "kind": "member", "scope": "WPEFramework::Plugin::JBadgerNetworkConnectivity", "scopeKind": "struct"}, {"_type": "tag", "name": "supported_audio_modes", "path": "/home/kavia/workspace/code-generation/app-gateway2/app-gateway/Badger/BadgerTypes.h", "pattern": "/^  Core::JSON::ArrayType<Core::JSON::String> supported_audio_modes;$/", "language": "C++", "typeref": "typename:Core::JSON::ArrayType<Core::JSON::String>", "kind": "member", "scope": "WPEFramework::Plugin::JBadgerAudioModes", "scopeKind": "struct"}, {"_type": "tag", "name": "supported_hdcp_version", "path": "/home/kavia/workspace/code-generation/app-gateway2/app-gateway/Badger/BadgerTypes.h", "pattern": "/^  Core::JSON::String supported_hdcp_version;$/", "language": "C++", "typeref": "typename:Core::JSON::String", "kind": "member", "scope": "WPEFramework::Plugin::JBadgerHDCP", "scopeKind": "struct"}, {"_type": "tag", "name": "supports_hdr", "path": "/home/kavia/workspace/code-generation/app-gateway2/app-gateway/Badger/BadgerTypes.h", "pattern": "/^  Core::JSON::Boolean supports_hdr;$/", "language": "C++", "typeref": "typename:Core::JSON::Boolean", "kind": "member", "scope": "WPEFramework::Plugin::JBadgerHdrProfile", "scopeKind": "struct"}, {"_type": "tag", "name": "supports_true_sd", "path": "/home/kavia/workspace/code-generation/app-gateway2/app-gateway/Badger/BadgerTypes.h", "pattern": "/^  Core::JSON::Boolean supports_true_sd;$/", "language": "C++", "typeref": "typename:Core::JSON::Boolean", "kind": "member", "scope": "WPEFramework::Plugin::JBadgerDeviceCapabilities", "scopeKind": "struct"}, {"_type": "tag", "name": "supports_true_sd", "path": "/home/kavia/workspace/code-generation/app-gateway2/app-gateway/Badger/BadgerTypes.h", "pattern": "/^  Core::JSON::Boolean supports_true_sd;$/", "language": "C++", "typeref": "typename:Core::JSON::Boolean", "kind": "member", "scope": "WPEFramework::Plugin::JBadgerSystemPlatformConfig", "scopeKind": "struct"}, {"_type": "tag", "name": "time_zone", "path": "/home/kavia/workspace/code-generation/app-gateway2/app-gateway/Badger/BadgerTypes.h", "pattern": "/^  Core::JSON::String time_zone;$/", "language": "C++", "typeref": "typename:Core::JSON::String", "kind": "member", "scope": "WPEFramework::Plugin::JBadgerDeviceInfo", "scopeKind": "struct"}], "hash": "26a399fb0a4b8daddd10793cfa9fc35f", "format-version": 4, "code-base-name": "app-gateway2", "filename": "app-gateway/Badger/BadgerTypes.h", "fields": [{"name": "Core::JSON::String AppId", "scope": "WPEFramework::Plugin::JBadgerRequest", "scopeKind": "struct", "description": "unavailable"}, {"name": "Core::JSON::String account_id", "scope": "WPEFramework::Plugin::JBadgerDeviceInfo", "scopeKind": "struct", "description": "unavailable"}, {"name": "JBadgerAudioModes audio_modes", "scope": "WPEFramework::Plugin::JBadgerDeviceCapabilities", "scopeKind": "struct", "description": "unavailable"}, {"name": "Core::JSON::String browser_type", "scope": "WPEFramework::Plugin::JBadgerSystemPlatformConfig", "scopeKind": "struct", "description": "unavailable"}, {"name": "Core::JSON::String browser_user_agent", "scope": "WPEFramework::Plugin::JBadgerSystemPlatformConfig", "scopeKind": "struct", "description": "unavailable"}, {"name": "Core::JSON::String browser_version", "scope": "WPEFramework::Plugin::JBadgerSystemPlatformConfig", "scopeKind": "struct", "description": "unavailable"}, {"name": "Core::JSON::Boolean connected", "scope": "WPEFramework::Plugin::JBadgerHDCP", "scopeKind": "struct", "description": "unavailable"}, {"name": "Core::JSON::String current_audio_mode", "scope": "WPEFramework::Plugin::JBadgerAudioModes", "scopeKind": "struct", "description": "unavailable"}, {"name": "Core::JSON::String current_hdcp_version", "scope": "WPEFramework::Plugin::JBadgerHDCP", "scopeKind": "struct", "description": "unavailable"}, {"name": "JBadgerDeviceCapabilities device_capabilities", "scope": "WPEFramework::Plugin::JBadgerDeviceInfo", "scopeKind": "struct", "description": "unavailable"}, {"name": "Core::JSON::String device_hash", "scope": "WPEFramework::Plugin::JBadgerDeviceInfo", "scopeKind": "struct", "description": "unavailable"}, {"name": "Core::JSON::String device_id", "scope": "WPEFramework::Plugin::JBadgerDeviceInfo", "scopeKind": "struct", "description": "unavailable"}, {"name": "Core::JSON::String device_make_model", "scope": "WPEFramework::Plugin::JBadgerDeviceCapabilities", "scopeKind": "struct", "description": "unavailable"}, {"name": "Core::JSON::String device_type", "scope": "WPEFramework::Plugin::JBadgerDeviceCapabilities", "scopeKind": "struct", "description": "unavailable"}, {"name": "JBadgerHDCP hdcp", "scope": "WPEFramework::Plugin::JBadgerDeviceCapabilities", "scopeKind": "struct", "description": "unavailable"}, {"name": "Core::JSON::Boolean hdcp_compliant", "scope": "WPEFramework::Plugin::JBadgerHDCP", "scopeKind": "struct", "description": "unavailable"}, {"name": "Core::JSON::Boolean hdcp_enabled", "scope": "WPEFramework::Plugin::JBadgerHDCP", "scopeKind": "struct", "description": "unavailable"}, {"name": "JBadgerHDR hdr", "scope": "WPEFramework::Plugin::JBadgerDeviceCapabilities", "scopeKind": "struct", "description": "unavailable"}, {"name": "Core::JSON::String household_id", "scope": "WPEFramework::Plugin::JBadgerDeviceInfo", "scopeKind": "struct", "description": "unavailable"}, {"name": "Core::JSON::Boolean is_wifi_device", "scope": "WPEFramework::Plugin::JBadgerDeviceCapabilities", "scopeKind": "struct", "description": "unavailable"}, {"name": "Core::JSON::String model", "scope": "WPEFramework::Plugin::JBadgerDeviceCapabilities", "scopeKind": "struct", "description": "unavailable"}, {"name": "Core::JSON::ArrayType<Core::JSON::DecUInt32> native_dimensions", "scope": "WPEFramework::Plugin::JBadgerDeviceCapabilities", "scopeKind": "struct", "description": "unavailable"}, {"name": "Core::JSON::String network_interface", "scope": "WPEFramework::Plugin::JBadgerNetworkConnectivity", "scopeKind": "struct", "description": "unavailable"}, {"name": "Core::JSON::String partner_id", "scope": "WPEFramework::Plugin::JBadgerDeviceInfo", "scopeKind": "struct", "description": "unavailable"}, {"name": "Core::JSON::VariantContainer privacy_settings", "scope": "WPEFramework::Plugin::JBadgerDeviceInfo", "scopeKind": "struct", "description": "unavailable"}, {"name": "Core::JSON::String receiver_hdcp_version", "scope": "WPEFramework::Plugin::JBadgerHDCP", "scopeKind": "struct", "description": "unavailable"}, {"name": "Core::JSON::String receiver_id", "scope": "WPEFramework::Plugin::JBadgerDeviceInfo", "scopeKind": "struct", "description": "unavailable"}, {"name": "Core::JSON::String receiver_platform", "scope": "WPEFramework::Plugin::JBadgerDeviceCapabilities", "scopeKind": "struct", "description": "unavailable"}, {"name": "Core::JSON::String receiver_version", "scope": "WPEFramework::Plugin::JBadgerDeviceCapabilities", "scopeKind": "struct", "description": "unavailable"}, {"name": "Core::JSON::ArrayType<Core::JSON::VariantContainer> settop_hdr_support", "scope": "WPEFramework::Plugin::JBadgerHDR", "scopeKind": "struct", "description": "unavailable"}, {"name": "Core::JSON::ArrayType<Core::JSON::String> standards", "scope": "WPEFramework::Plugin::JBadgerHdrProfile", "scopeKind": "struct", "description": "unavailable"}, {"name": "NetworkConnectivityStatusEnum status", "scope": "WPEFramework::Plugin::JBadgerNetworkConnectivity", "scopeKind": "struct", "description": "unavailable"}, {"name": "Core::JSON::ArrayType<Core::JSON::String> supported_audio_modes", "scope": "WPEFramework::Plugin::JBadgerAudioModes", "scopeKind": "struct", "description": "unavailable"}, {"name": "Core::JSON::String supported_hdcp_version", "scope": "WPEFramework::Plugin::JBadgerHDCP", "scopeKind": "struct", "description": "unavailable"}, {"name": "Core::JSON::Boolean supports_hdr", "scope": "WPEFramework::Plugin::JBadgerHdrProfile", "scopeKind": "struct", "description": "unavailable"}, {"name": "Core::JSON::Boolean supports_true_sd", "scope": "WPEFramework::Plugin::JBadgerDeviceCapabilities", "scopeKind": "struct", "description": "unavailable"}, {"name": "Core::JSON::String time_zone", "scope": "WPEFramework::Plugin::JBadgerDeviceInfo", "scopeKind": "struct", "description": "unavailable"}], "revision_history": [{"697": "7541615396d97800a8dedd6a14e20d3bd2197bf0"}]}