{"is_source_file": true, "format": "C++ header file (.h)", "description": "A lightweight stub header for JOttServices JSON-RPC registration in WPEFramework, providing no-op static registration functions for IOttServices.", "external_files": ["PluginHost::JSONRPC"], "external_methods": ["PluginHost::JSONRPC& Register(PluginHost::JSONRPC& parent, IOttServices* api)", "void Unregister(PluginHost::JSONRPC& parent)"], "published": [], "classes": [{"name": "JOttServices", "description": "A stub class providing static no-op methods for registering and unregistering JSON-RPC methods related to IOttServices."}], "methods": [{"name": "void Register(PluginHost::JSONRPC &,IOttServices *)", "description": "Registers JSON-RPC methods for IOttServices using the provided PluginHost::JSONRPC dispatcher (no-op stub).", "scope": "WPEFramework::Exchange::JOttServices", "scopeKind": "struct"}, {"name": "void Unregister(PluginHost::JSONRPC &)", "description": "Unregisters JSON-RPC methods for IOttServices from the provided dispatcher (no-op stub).", "scope": "WPEFramework::Exchange::JOttServices", "scopeKind": "struct"}], "calls": ["PluginHost::JSONRPC::Register", "PluginHost::JSONRPC::Unregister"], "search-terms": ["JOttServices", "JSON-RPC registration", "stub", "WPEFramework", "IOttServices", "no-op", "interfaces"], "state": 2, "file_id": 127, "knowledge_revision": 407, "git_revision": "758c7387764e198c832ddc6c3181fe4b0fbf5555", "ctags": [{"_type": "tag", "name": "Exchange", "path": "/home/kavia/workspace/code-generation/app-gateway2/app-gateway/interfaces/json/JOttServices.h", "pattern": "/^namespace Exchange {$/", "language": "C++", "kind": "namespace", "scope": "WPEFramework", "scopeKind": "namespace"}, {"_type": "tag", "name": "JOttServices", "path": "/home/kavia/workspace/code-generation/app-gateway2/app-gateway/interfaces/json/JOttServices.h", "pattern": "/^    struct JOttServices {$/", "language": "C++", "kind": "struct", "scope": "WPEFramework::Exchange", "scopeKind": "namespace"}, {"_type": "tag", "name": "PluginHost", "path": "/home/kavia/workspace/code-generation/app-gateway2/app-gateway/interfaces/json/JOttServices.h", "pattern": "/^namespace PluginHost {$/", "language": "C++", "kind": "namespace", "scope": "WPEFramework", "scopeKind": "namespace"}, {"_type": "tag", "name": "Register", "path": "/home/kavia/workspace/code-generation/app-gateway2/app-gateway/interfaces/json/JOttServices.h", "pattern": "/^        static void Register(PluginHost::JSONRPC& \\/*parent*\\/, IOttServices* \\/*api*\\/) {$/", "language": "C++", "typeref": "typename:void", "kind": "function", "signature": "(PluginHost::JSONRPC &,IOttServices *)", "scope": "WPEFramework::Exchange::JOttServices", "scopeKind": "struct"}, {"_type": "tag", "name": "Unregister", "path": "/home/kavia/workspace/code-generation/app-gateway2/app-gateway/interfaces/json/JOttServices.h", "pattern": "/^        static void Unregister(PluginHost::JSONRPC& \\/*parent*\\/) {$/", "language": "C++", "typeref": "typename:void", "kind": "function", "signature": "(PluginHost::JSONRPC &)", "scope": "WPEFramework::Exchange::JOttServices", "scopeKind": "struct"}, {"_type": "tag", "name": "WPEFramework", "path": "/home/kavia/workspace/code-generation/app-gateway2/app-gateway/interfaces/json/JOttServices.h", "pattern": "/^namespace WPEFramework {$/", "language": "C++", "kind": "namespace"}], "hash": "54e38b3cff50b687abbaf1e64336e109", "format-version": 4, "code-base-name": "app-gateway2", "filename": "app-gateway/interfaces/json/JOttServices.h", "revision_history": [{"407": "758c7387764e198c832ddc6c3181fe4b0fbf5555"}]}