{"is_source_file": true, "format": "C++", "description": "This file defines the implementation of the Badger plugin class for the WPEFramework platform. It includes initializations, deinitializations, permission validation, and various device information retrieval methods, primarily interfacing with other system components to gather device capabilities and status.", "external_files": ["Badger.h", "UtilsLogging.h"], "external_methods": ["Utils::GetThunderControllerClient", "BadgerTypes::GetHDCPStatus", "BadgerTypes::GetHDRSupport", "BadgerTypes::GetSystemPlatformConfiguration", "BadgerTypes::GetWebBrowserStatus", "BadgerTypes::GetTimeZoneFromSystem", "BadgerTypes::GetFriendlyName", "BadgerTypes::GetNetworkConnectivity"], "published": ["Badger::Initialize", "Badger::Deinitialize", "Badger::Information", "Badger::ValidateCachedPermission", "Badger::GetHDCPStatus", "Badger::GetHDRStatus", "Badger::GetAudioModeStatus", "Badger::GetWebBrowserStatus", "Badger::GetWiFiStatus", "Badger::GetNativeDimensions", "Badger::GetVideoDimensions", "Badger::GetTimeZone", "Badger::GetDeviceType", "Badger::GetDeviceModel", "Badger::BadgerDeviceInfo", "Badger::DeviceCapabilities", "Badger::NetworkConnectivity", "Badger::Shutdown", "Badger::GetDeviceId", "Badger::GetDeviceName", "Badger::DismissLoadingScreen"], "classes": [{"name": "Badger", "description": "Implementation of the Badger plugin for device info retrieval and control, including permission validation and interfacing with other system components."}], "methods": [{"name": "const string Initialize(PluginHost::IShell * service)", "description": "Initializes the plugin, sets up connections to system components, and registers methods.", "scope": "WPEFramework::Plugin::Badger", "scopeKind": "class"}, {"name": "void Deinitialize(PluginHost::IShell * service)", "description": "Cleans up resources and releases interfaces during plugin shutdown.", "scope": "WPEFramework::Plugin::Badger", "scopeKind": "class"}, {"name": "string Information() const", "description": "Returns a static string describing the plugin.", "scope": "WPEFramework::Plugin::Badger", "scopeKind": "class"}, {"name": "uint32_t ValidateCachedPermission(const std::string & appId,const std::string & requiredPermission)", "description": "Checks if the application has the required permission, updates permissions cache if needed.", "scope": "WPEFramework::Plugin::Badger", "scopeKind": "class"}, {"name": "uint32_t GetHDCPStatus(std::string appId,JBadgerHDCP & hdcpStatus)", "description": "Retrieves HDCP status after permission validation.", "scope": "WPEFramework::Plugin::Badger", "scopeKind": "class"}, {"name": "uint32_t GetHDRStatus(std::string appId,JBadgerHDR & hdrStatus)", "description": "Retrieves HDR support status after permission validation.", "scope": "WPEFramework::Plugin::Badger", "scopeKind": "class"}, {"name": "uint32_t GetAudioModeStatus(std::string appId,JBadgerAudioModes & audioModeStatus)", "description": "Retrieves audio mode status after permission validation.", "scope": "WPEFramework::Plugin::Badger", "scopeKind": "class"}, {"name": "uint32_t GetWebBrowserStatus(std::string appId,JBadgerWebBrowser & webBrowserStatus,JBadgerSystemPlatformConfig & platformConfig)", "description": "Retrieves web browser status and platform configuration details.", "scope": "WPEFramework::Plugin::Badger", "scopeKind": "class"}, {"name": "uint32_t GetWiFiStatus(std::string appId,Core::JSON::Boolean & isWifiDeviceStatus)", "description": "Retrieves WiFi status after permission validation.", "scope": "WPEFramework::Plugin::Badger", "scopeKind": "class"}, {"name": "uint32_t GetNativeDimensions(std::string appId,Core::JSON::ArrayType<Core::JSON::DecUInt32> & nativeDimensions)", "description": "Fetches native display dimensions with permission check.", "scope": "WPEFramework::Plugin::Badger", "scopeKind": "class"}, {"name": "uint32_t GetVideoDimensions(std::string appId,Core::JSON::ArrayType<Core::JSON::DecUInt32> & videoDimensions)", "description": "Fetches video display dimensions with permission check.", "scope": "WPEFramework::Plugin::Badger", "scopeKind": "class"}, {"name": "uint32_t GetTimeZone(std::string appId,Core::JSON::String & timeZone)", "description": "Gets the device time zone after permission validation.", "scope": "WPEFramework::Plugin::Badger", "scopeKind": "class"}, {"name": "uint32_t GetDeviceType(std::string appId,Core::JSON::String & deviceType,JBadgerSystemPlatformConfig & platformConfig)", "description": "Retrieves device type information with permission check.", "scope": "WPEFramework::Plugin::Badger", "scopeKind": "class"}, {"name": "uint32_t GetDeviceModel(std::string appId,Core::JSON::String & deviceModel,JBadgerSystemPlatformConfig & platformConfig)", "description": "Retrieves device model details with permission validation.", "scope": "WPEFramework::Plugin::Badger", "scopeKind": "class"}, {"name": "uint32_t BadgerDeviceInfo(const JBadgerRequest & request,JBadgerDeviceInfo & deviceInfo)", "description": "Gathers comprehensive device info including capabilities and IDs.", "scope": "WPEFramework::Plugin::Badger", "scopeKind": "class"}, {"name": "uint32_t DeviceCapabilities(const JBadgerRequest & request,JBadgerDeviceCapabilities & deviceCapabilities)", "description": "Retrieves device capabilities such as HDR, HDCP, audio modes, etc.", "scope": "WPEFramework::Plugin::Badger", "scopeKind": "class"}, {"name": "uint32_t NetworkConnectivity(const JBadgerRequest & request,JBadgerNetworkConnectivity & badgerNetworkConnectivity)", "description": "Checks network connectivity status.", "scope": "WPEFramework::Plugin::Badger", "scopeKind": "class"}, {"name": "uint32_t Shutdown(const JBadgerRequest & request)", "description": "Initiates application shutdown via LaunchDelegate interface.", "scope": "WPEFramework::Plugin::Badger", "scopeKind": "class"}, {"name": "uint32_t GetDeviceId(const JBadgerRequest & request,Core::JSON::String & deviceId)", "description": "Retrieves device identifier.", "scope": "WPEFramework::Plugin::Badger", "scopeKind": "class"}, {"name": "uint32_t GetDeviceName(const JBadgerRequest & request,Core::JSON::String & deviceName)", "description": "Retrieves user-friendly device name.", "scope": "WPEFramework::Plugin::Badger", "scopeKind": "class"}, {"name": "uint32_t DismissLoadingScreen(const JBadgerRequest & request)", "description": "Signals to dismiss the loading screen for an application.", "scope": "WPEFramework::Plugin::Badger", "scopeKind": "class"}, {"name": "Badger()", "scope": "WPEFramework::Plugin::Badger", "scopeKind": "class", "description": "unavailable"}, {"name": "void RegisterAll()", "scope": "WPEFramework::Plugin::Badger", "scopeKind": "class", "description": "unavailable"}, {"name": "void UnregisterAll()", "scope": "WPEFramework::Plugin::Badger", "scopeKind": "class", "description": "unavailable"}, {"name": "~Badger()", "scope": "WPEFramework::Plugin::Badger", "scopeKind": "class", "description": "unavailable"}], "calls": ["Utils::GetThunderControllerClient", "BadgerTypes::GetHDCPStatus", "BadgerTypes::GetHDRSupport", "BadgerTypes::GetSystemPlatformConfiguration", "BadgerTypes::GetWebBrowserStatus", "BadgerTypes::GetTimeZoneFromSystem", "BadgerTypes::GetFriendlyName", "BadgerTypes::GetNetworkConnectivity", "mLaunchDelegate->Close", "mLaunchDelegate->Ready"], "search-terms": ["Badger", "deviceCapabilities", "HDCPStatus", "HDRStatus", "SystemPlatformConfig", "WebBrowserStatus", "permissionsCache", "SystemLink", "NetworkLink", "LaunchDelegate", "DeviceInfo", "NativeDimensions", "VideoDimensions", "TimeZone", "DeviceType", "DeviceModel"], "state": 2, "file_id": 203, "knowledge_revision": 701, "git_revision": "7541615396d97800a8dedd6a14e20d3bd2197bf0", "ctags": [{"_type": "tag", "name": "API_VERSION_NUMBER_MAJOR", "path": "/home/kavia/workspace/code-generation/app-gateway2/app-gateway/Badger/Badger.cpp", "pattern": "/^#define API_VERSION_NUMBER_MAJOR /", "file": true, "language": "C++", "kind": "macro"}, {"_type": "tag", "name": "API_VERSION_NUMBER_MINOR", "path": "/home/kavia/workspace/code-generation/app-gateway2/app-gateway/Badger/Badger.cpp", "pattern": "/^#define API_VERSION_NUMBER_MINOR /", "file": true, "language": "C++", "kind": "macro"}, {"_type": "tag", "name": "API_VERSION_NUMBER_PATCH", "path": "/home/kavia/workspace/code-generation/app-gateway2/app-gateway/Badger/Badger.cpp", "pattern": "/^#define API_VERSION_NUMBER_PATCH /", "file": true, "language": "C++", "kind": "macro"}, {"_type": "tag", "name": "Badger", "path": "/home/kavia/workspace/code-generation/app-gateway2/app-gateway/Badger/Badger.cpp", "pattern": "/^Badger::Badger()$/", "language": "C++", "kind": "function", "signature": "()", "scope": "WPEFramework::Plugin::Badger", "scopeKind": "class"}, {"_type": "tag", "name": "BadgerDeviceInfo", "path": "/home/kavia/workspace/code-generation/app-gateway2/app-gateway/Badger/Badger.cpp", "pattern": "/^uint32_t Badger::BadgerDeviceInfo(const JBadgerRequest &request,$/", "language": "C++", "typeref": "typename:uint32_t", "kind": "function", "signature": "(const JBadgerRequest & request,JBadgerDeviceInfo & deviceInfo)", "scope": "WPEFramework::Plugin::Badger", "scopeKind": "class"}, {"_type": "tag", "name": "DISPLAYSETTINGS_CALLSIGN", "path": "/home/kavia/workspace/code-generation/app-gateway2/app-gateway/Badger/Badger.cpp", "pattern": "/^#define DISPLAYSETTINGS_CALLSIGN /", "file": true, "language": "C++", "kind": "macro"}, {"_type": "tag", "name": "Deinitialize", "path": "/home/kavia/workspace/code-generation/app-gateway2/app-gateway/Badger/Badger.cpp", "pattern": "/^\\/* virtual *\\/ void Badger::Deinitialize(PluginHost::IShell *service) {$/", "language": "C++", "typeref": "typename:void", "kind": "function", "signature": "(PluginHost::IShell * service)", "scope": "WPEFramework::Plugin::Badger", "scopeKind": "class"}, {"_type": "tag", "name": "DeviceCapabilities", "path": "/home/kavia/workspace/code-generation/app-gateway2/app-gateway/Badger/Badger.cpp", "pattern": "/^Badger::DeviceCapabilities(const JBadgerRequest &request,$/", "language": "C++", "typeref": "typename:uint32_t", "kind": "function", "signature": "(const JBadgerRequest & request,JBadgerDeviceCapabilities & deviceCapabilities)", "scope": "WPEFramework::Plugin::Badger", "scopeKind": "class"}, {"_type": "tag", "name": "DismissLoadingScreen", "path": "/home/kavia/workspace/code-generation/app-gateway2/app-gateway/Badger/Badger.cpp", "pattern": "/^uint32_t Badger::DismissLoadingScreen(const JBadgerRequest &request) {$/", "language": "C++", "typeref": "typename:uint32_t", "kind": "function", "signature": "(const JBadgerRequest & request)", "scope": "WPEFramework::Plugin::Badger", "scopeKind": "class"}, {"_type": "tag", "name": "GetAudioModeStatus", "path": "/home/kavia/workspace/code-generation/app-gateway2/app-gateway/Badger/Badger.cpp", "pattern": "/^uint32_t Badger::GetAudioModeStatus(std::string appId,$/", "language": "C++", "typeref": "typename:uint32_t", "kind": "function", "signature": "(std::string appId,JBadgerAudioModes & audioModeStatus)", "scope": "WPEFramework::Plugin::Badger", "scopeKind": "class"}, {"_type": "tag", "name": "GetDeviceId", "path": "/home/kavia/workspace/code-generation/app-gateway2/app-gateway/Badger/Badger.cpp", "pattern": "/^uint32_t Badger::GetDeviceId(const JBadgerRequest &request,$/", "language": "C++", "typeref": "typename:uint32_t", "kind": "function", "signature": "(const JBadgerRequest & request,Core::JSON::String & deviceId)", "scope": "WPEFramework::Plugin::Badger", "scopeKind": "class"}, {"_type": "tag", "name": "GetDeviceModel", "path": "/home/kavia/workspace/code-generation/app-gateway2/app-gateway/Badger/Badger.cpp", "pattern": "/^uint32_t Badger::GetDeviceModel(std::string appId, Core::JSON::String &deviceModel,$/", "language": "C++", "typeref": "typename:uint32_t", "kind": "function", "signature": "(std::string appId,Core::JSON::String & deviceModel,JBadgerSystemPlatformConfig & platformConfig)", "scope": "WPEFramework::Plugin::Badger", "scopeKind": "class"}, {"_type": "tag", "name": "GetDeviceName", "path": "/home/kavia/workspace/code-generation/app-gateway2/app-gateway/Badger/Badger.cpp", "pattern": "/^uint32_t Badger::GetDeviceName(const JBadgerRequest &request,$/", "language": "C++", "typeref": "typename:uint32_t", "kind": "function", "signature": "(const JBadgerRequest & request,Core::JSON::String & deviceName)", "scope": "WPEFramework::Plugin::Badger", "scopeKind": "class"}, {"_type": "tag", "name": "GetDeviceType", "path": "/home/kavia/workspace/code-generation/app-gateway2/app-gateway/Badger/Badger.cpp", "pattern": "/^uint32_t Badger::GetDeviceType(std::string appId,$/", "language": "C++", "typeref": "typename:uint32_t", "kind": "function", "signature": "(std::string appId,Core::JSON::String & deviceType,JBadgerSystemPlatformConfig & platformConfig)", "scope": "WPEFramework::Plugin::Badger", "scopeKind": "class"}, {"_type": "tag", "name": "GetHDCPStatus", "path": "/home/kavia/workspace/code-generation/app-gateway2/app-gateway/Badger/Badger.cpp", "pattern": "/^uint32_t Badger::GetHDCPStatus(std::string appId, JBadgerHDCP &hdcpStatus) {$/", "language": "C++", "typeref": "typename:uint32_t", "kind": "function", "signature": "(std::string appId,JBadgerHDCP & hdcpStatus)", "scope": "WPEFramework::Plugin::Badger", "scopeKind": "class"}, {"_type": "tag", "name": "GetHDRStatus", "path": "/home/kavia/workspace/code-generation/app-gateway2/app-gateway/Badger/Badger.cpp", "pattern": "/^uint32_t Badger::GetHDRStatus(std::string appId, JBadgerHDR &hdrStatus) {$/", "language": "C++", "typeref": "typename:uint32_t", "kind": "function", "signature": "(std::string appId,JBadgerHDR & hdrStatus)", "scope": "WPEFramework::Plugin::Badger", "scopeKind": "class"}, {"_type": "tag", "name": "GetNativeDimensions", "path": "/home/kavia/workspace/code-generation/app-gateway2/app-gateway/Badger/Badger.cpp", "pattern": "/^uint32_t Badger::GetNativeDimensions($/", "language": "C++", "typeref": "typename:uint32_t", "kind": "function", "signature": "(std::string appId,Core::JSON::ArrayType<Core::JSON::DecUInt32> & nativeDimensions)", "scope": "WPEFramework::Plugin::Badger", "scopeKind": "class"}, {"_type": "tag", "name": "GetTimeZone", "path": "/home/kavia/workspace/code-generation/app-gateway2/app-gateway/Badger/Badger.cpp", "pattern": "/^uint32_t Badger::GetTimeZone(std::string appId, Core::JSON::String &timeZone) {$/", "language": "C++", "typeref": "typename:uint32_t", "kind": "function", "signature": "(std::string appId,Core::JSON::String & timeZone)", "scope": "WPEFramework::Plugin::Badger", "scopeKind": "class"}, {"_type": "tag", "name": "GetVideoDimensions", "path": "/home/kavia/workspace/code-generation/app-gateway2/app-gateway/Badger/Badger.cpp", "pattern": "/^uint32_t Badger::GetVideoDimensions($/", "language": "C++", "typeref": "typename:uint32_t", "kind": "function", "signature": "(std::string appId,Core::JSON::ArrayType<Core::JSON::DecUInt32> & videoDimensions)", "scope": "WPEFramework::Plugin::Badger", "scopeKind": "class"}, {"_type": "tag", "name": "GetWebBrowserStatus", "path": "/home/kavia/workspace/code-generation/app-gateway2/app-gateway/Badger/Badger.cpp", "pattern": "/^uint32_t Badger::GetWebBrowserStatus(std::string appId,$/", "language": "C++", "typeref": "typename:uint32_t", "kind": "function", "signature": "(std::string appId,JBadgerWebBrowser & webBrowserStatus,JBadgerSystemPlatformConfig & platformConfig)", "scope": "WPEFramework::Plugin::Badger", "scopeKind": "class"}, {"_type": "tag", "name": "GetWiFiStatus", "path": "/home/kavia/workspace/code-generation/app-gateway2/app-gateway/Badger/Badger.cpp", "pattern": "/^uint32_t Badger::GetWiFiStatus(std::string appId,$/", "language": "C++", "typeref": "typename:uint32_t", "kind": "function", "signature": "(std::string appId,Core::JSON::Boolean & isWifiDeviceStatus)", "scope": "WPEFramework::Plugin::Badger", "scopeKind": "class"}, {"_type": "tag", "name": "HDCP_PLUGIN_CALLSIGN", "path": "/home/kavia/workspace/code-generation/app-gateway2/app-gateway/Badger/Badger.cpp", "pattern": "/^#define HDCP_PLUGIN_CALLSIGN /", "file": true, "language": "C++", "kind": "macro"}, {"_type": "tag", "name": "Information", "path": "/home/kavia/workspace/code-generation/app-gateway2/app-gateway/Badger/Badger.cpp", "pattern": "/^string Badger::Information() const {$/", "language": "C++", "typeref": "typename:string", "kind": "function", "signature": "() const", "scope": "WPEFramework::Plugin::Badger", "scopeKind": "class"}, {"_type": "tag", "name": "Initialize", "path": "/home/kavia/workspace/code-generation/app-gateway2/app-gateway/Badger/Badger.cpp", "pattern": "/^\\/* virtual *\\/ const string Badger::Initialize(PluginHost::IShell *service) {$/", "language": "C++", "typeref": "typename:const string", "kind": "function", "signature": "(PluginHost::IShell * service)", "scope": "WPEFramework::Plugin::Badger", "scopeKind": "class"}, {"_type": "tag", "name": "LAUNCHDELEGATE_CALLSIGN", "path": "/home/kavia/workspace/code-generation/app-gateway2/app-gateway/Badger/Badger.cpp", "pattern": "/^#define LAUNCHDELEGATE_CALLSIGN /", "file": true, "language": "C++", "kind": "macro"}, {"_type": "tag", "name": "NETWORK_CALLSIGN", "path": "/home/kavia/workspace/code-generation/app-gateway2/app-gateway/Badger/Badger.cpp", "pattern": "/^#define NETWORK_CALLSIGN /", "file": true, "language": "C++", "kind": "macro"}, {"_type": "tag", "name": "NetworkConnectivity", "path": "/home/kavia/workspace/code-generation/app-gateway2/app-gateway/Badger/Badger.cpp", "pattern": "/^uint32_t Badger::NetworkConnectivity($/", "language": "C++", "typeref": "typename:uint32_t", "kind": "function", "signature": "(const JBadgerRequest & request,JBadgerNetworkConnectivity & badgerNetworkConnectivity)", "scope": "WPEFramework::Plugin::Badger", "scopeKind": "class"}, {"_type": "tag", "name": "OTT_SERVICES_CALLSIGN", "path": "/home/kavia/workspace/code-generation/app-gateway2/app-gateway/Badger/Badger.cpp", "pattern": "/^#define OTT_SERVICES_CALLSIGN /", "file": true, "language": "C++", "kind": "macro"}, {"_type": "tag", "name": "Plugin", "path": "/home/kavia/workspace/code-generation/app-gateway2/app-gateway/Badger/Badger.cpp", "pattern": "/^namespace Plugin {$/", "file": true, "language": "C++", "kind": "namespace", "scope": "WPEFramework", "scopeKind": "namespace"}, {"_type": "tag", "name": "RegisterAll", "path": "/home/kavia/workspace/code-generation/app-gateway2/app-gateway/Badger/Badger.cpp", "pattern": "/^void Badger::RegisterAll() {$/", "language": "C++", "typeref": "typename:void", "kind": "function", "signature": "()", "scope": "WPEFramework::Plugin::Badger", "scopeKind": "class"}, {"_type": "tag", "name": "SYSTEM_PLUGIN_CALLSIGN", "path": "/home/kavia/workspace/code-generation/app-gateway2/app-gateway/Badger/Badger.cpp", "pattern": "/^#define SYSTEM_PLUGIN_CALLSIGN /", "file": true, "language": "C++", "kind": "macro"}, {"_type": "tag", "name": "Shutdown", "path": "/home/kavia/workspace/code-generation/app-gateway2/app-gateway/Badger/Badger.cpp", "pattern": "/^uint32_t Badger::Shutdown(const JBadgerRequest &request) {$/", "language": "C++", "typeref": "typename:uint32_t", "kind": "function", "signature": "(const JBadgerRequest & request)", "scope": "WPEFramework::Plugin::Badger", "scopeKind": "class"}, {"_type": "tag", "name": "UnregisterAll", "path": "/home/kavia/workspace/code-generation/app-gateway2/app-gateway/Badger/Badger.cpp", "pattern": "/^void Badger::UnregisterAll() {$/", "language": "C++", "typeref": "typename:void", "kind": "function", "signature": "()", "scope": "WPEFramework::Plugin::Badger", "scopeKind": "class"}, {"_type": "tag", "name": "ValidateCachedPermission", "path": "/home/kavia/workspace/code-generation/app-gateway2/app-gateway/Badger/Badger.cpp", "pattern": "/^Badger::ValidateCachedPermission(const std::string &appId,$/", "language": "C++", "typeref": "typename:uint32_t", "kind": "function", "signature": "(const std::string & appId,const std::string & requiredPermission)", "scope": "WPEFramework::Plugin::Badger", "scopeKind": "class"}, {"_type": "tag", "name": "WPEFramework", "path": "/home/kavia/workspace/code-generation/app-gateway2/app-gateway/Badger/Badger.cpp", "pattern": "/^namespace WPEFramework {$/", "file": true, "language": "C++", "kind": "namespace"}, {"_type": "tag", "name": "__anon12b35ee20111", "path": "/home/kavia/workspace/code-generation/app-gateway2/app-gateway/Badger/Badger.cpp", "pattern": "/^namespace {$/", "file": true, "language": "C++", "kind": "namespace", "scope": "WPEFramework", "scopeKind": "namespace"}, {"_type": "tag", "name": "metadata", "path": "/home/kavia/workspace/code-generation/app-gateway2/app-gateway/Badger/Badger.cpp", "pattern": "/^static Plugin::Metadata<Plugin::Badger> metadata($/", "file": true, "language": "C++", "typeref": "typename:Plugin::Metadata<Plugin::Badger>", "kind": "variable", "scope": "WPEFramework::__anon12b35ee20111", "scopeKind": "namespace"}, {"_type": "tag", "name": "~Badger", "path": "/home/kavia/workspace/code-generation/app-gateway2/app-gateway/Badger/Badger.cpp", "pattern": "/^Badger::~Badger() { UnregisterAll(); }$/", "language": "C++", "kind": "function", "signature": "()", "scope": "WPEFramework::Plugin::Badger", "scopeKind": "class"}], "hash": "06996d14713a4cfb460d0cd17fcb31a1", "format-version": 4, "code-base-name": "app-gateway2", "filename": "app-gateway/Badger/Badger.cpp", "fields": [{"name": "Plugin::Metadata<Plugin::Badger> metadata", "scope": "WPEFramework::__anon12b35ee20111", "scopeKind": "namespace", "description": "unavailable"}], "revision_history": [{"701": "7541615396d97800a8dedd6a14e20d3bd2197bf0"}]}