{"is_source_file": true, "format": "C++", "description": "This file implements the ProviderDelegate class, which manages provider registration, invocation, response handling, and notification forwarding within a plugin architecture, specifically for handling Gateway requests in the WPEFramework environment.", "external_files": ["ProviderDelegate.h", "StringUtils.h", "ObjectUtils.h", "UtilsLogging.h", "UtilsFirebolt.h", "UtilsUUID.h", "<interfaces/IAppNotifications.h>"], "external_methods": ["ExtractAdditionalContext", "GetType", "RegisterProvider", "InvokeProvider", "HandleProviderResponse", "HandleProviderError", "HandleProviderNotification", "Cleanup", "ExtractCorrelationIdAndKey", "BrokerProvider"], "published": ["HandleAppGatewayRequest"], "classes": [{"name": "ProviderDelegate", "description": "A class responsible for handling provider registration, invocation, response, error, and notification forwarding within the plugin framework."}], "methods": [{"name": "Core::hresult HandleAppGatewayRequest(const Exchange::GatewayContext & context,const string & method,const string & payload,const string & origin,string & result)", "description": "Main entry point for handling incoming gateway requests, dispatching based on provider type.", "scope": "WPEFramework::Plugin::ProviderDelegate", "scopeKind": "class"}, {"name": "Core::hresult RegisterProvider(const ProviderContext & context,const string & capability,const bool & provide,string & result)", "description": "Registers or deregisters a provider capability for a specific app context.", "scope": "WPEFramework::Plugin::ProviderDelegate", "scopeKind": "class"}, {"name": "Core::hresult InvokeProvider(const ProviderContext & context,const string & capability,const JsonObject & params,string & result)", "description": "Finds and invokes a provider based on capabilities and app context.", "scope": "WPEFramework::Plugin::ProviderDelegate", "scopeKind": "class"}, {"name": "Core::hresult HandleProviderResponse(const JsonObject & params,string & result)", "description": "Handles responses from providers and forwards them appropriately.", "scope": "WPEFramework::Plugin::ProviderDelegate", "scopeKind": "class"}, {"name": "Core::hresult HandleProviderError(const JsonObject & params,string & result)", "description": "Handles error responses from providers.", "scope": "WPEFramework::Plugin::ProviderDelegate", "scopeKind": "class"}, {"name": "Core::hresult HandleProviderNotification(const string & capability,const JsonObject & params,string & result)", "description": "Forwards provider notifications to emit callback.", "scope": "WPEFramework::Plugin::ProviderDelegate", "scopeKind": "class"}, {"name": "void Cleanup(const uint32_t connectionId,const string & origin)", "description": "Cleans up registry entries related to a connection ID.", "scope": "WPEFramework::Plugin::ProviderDelegate", "scopeKind": "class"}, {"name": "bool ExtractAdditionalContext(const string & payload,JAdditionalProviderContext & additionalContext)", "description": "Extracts and validates additional context from payload JSON.", "scope": "WPEFramework::Plugin::ProviderDelegate", "scopeKind": "class"}, {"name": "ProviderMethodType GetType(const std::string & typeStr)", "description": "Converts a string to a ProviderMethodType enum.", "scope": "WPEFramework::Plugin::ProviderDelegate", "scopeKind": "class"}, {"name": "void BrokerProvider(const ProviderContext & context,const ProviderContext & providerContext,const JsonObject paramsObject)", "description": "Prepares and dispatches a provider request with correlation ID.", "scope": "WPEFramework::Plugin::ProviderDelegate", "scopeKind": "class"}, {"name": "bool ExtractCorrelationIdAndKey(const JsonObject & object,const string & key,string & correlationId,string & result)", "description": "Extracts correlation ID and a specified key value from a response JSON.", "scope": "WPEFramework::Plugin::ProviderDelegate", "scopeKind": "class"}], "calls": ["ExtractAdditionalContext", "GetType", "RegisterProvider", "InvokeProvider", "HandleProviderResponse", "HandleProviderError", "HandleProviderNotification", "mProviderRegistry.Add", "mProviderRegistry.Remove", "mProviderRegistry.Get", "mTransactionRegistry.Add", "mTransactionRegistry.Get", "mTransactionRegistry.Remove", "_respondCallback", "_emitCallback", "LOGINFO", "LOGERR", "ErrorUtils::CustomBadRequest", "ErrorUtils::CustomInternal", "JsonObject.FromString", "JsonObject.ToString", "JsonObject.Get", "JsonObject.HasLabel", "JsonObject[", "JsonValue::type::STRING", "UtilsUUID::GenerateUUID"], "search-terms": ["ProviderDelegate", "GatewayRequest", "registry", "InvokeProvider", "HandlingResponses", "AdditionalContext", "CorrelationId", "Capability"], "state": 2, "file_id": 222, "knowledge_revision": 752, "git_revision": "727800fc84f5393f5ac231785d3764465fe20036", "ctags": [{"_type": "tag", "name": "BrokerProvider", "path": "/home/kavia/workspace/code-generation/app-gateway2/app-gateway/LaunchDelegate/ProviderDelegate.cpp", "pattern": "/^    void ProviderDelegate::BrokerProvider(const ProviderContext &context, const ProviderContext /", "language": "C++", "typeref": "typename:void", "kind": "function", "signature": "(const ProviderContext & context,const ProviderContext & providerContext,const JsonObject paramsObject)", "scope": "WPEFramework::Plugin::ProviderDelegate", "scopeKind": "class"}, {"_type": "tag", "name": "Cleanup", "path": "/home/kavia/workspace/code-generation/app-gateway2/app-gateway/LaunchDelegate/ProviderDelegate.cpp", "pattern": "/^    void ProviderDelegate::Cleanup(const uint32_t connectionId , const string &origin ) {$/", "language": "C++", "typeref": "typename:void", "kind": "function", "signature": "(const uint32_t connectionId,const string & origin)", "scope": "WPEFramework::Plugin::ProviderDelegate", "scopeKind": "class"}, {"_type": "tag", "name": "ExtractAdditionalContext", "path": "/home/kavia/workspace/code-generation/app-gateway2/app-gateway/LaunchDelegate/ProviderDelegate.cpp", "pattern": "/^    bool ProviderDelegate::ExtractAdditionalContext(const string &payload, JAdditionalProviderCo/", "language": "C++", "typeref": "typename:bool", "kind": "function", "signature": "(const string & payload,JAdditionalProviderContext & additionalContext)", "scope": "WPEFramework::Plugin::ProviderDelegate", "scopeKind": "class"}, {"_type": "tag", "name": "ExtractCorrelationIdAndKey", "path": "/home/kavia/workspace/code-generation/app-gateway2/app-gateway/LaunchDelegate/ProviderDelegate.cpp", "pattern": "/^    bool ProviderDelegate::ExtractCorrelationIdAndKey(const JsonObject &object, const string &ke/", "language": "C++", "typeref": "typename:bool", "kind": "function", "signature": "(const JsonObject & object,const string & key,string & correlationId,string & result)", "scope": "WPEFramework::Plugin::ProviderDelegate", "scopeKind": "class"}, {"_type": "tag", "name": "GetType", "path": "/home/kavia/workspace/code-generation/app-gateway2/app-gateway/LaunchDelegate/ProviderDelegate.cpp", "pattern": "/^    ProviderMethodType ProviderDelegate::GetType(const std::string& typeStr) {$/", "language": "C++", "typeref": "typename:ProviderMethodType", "kind": "function", "signature": "(const std::string & typeStr)", "scope": "WPEFramework::Plugin::ProviderDelegate", "scopeKind": "class"}, {"_type": "tag", "name": "HandleAppGatewayRequest", "path": "/home/kavia/workspace/code-generation/app-gateway2/app-gateway/LaunchDelegate/ProviderDelegate.cpp", "pattern": "/^    Core::hresult ProviderDelegate::HandleAppGatewayRequest(const Exchange::GatewayContext& cont/", "language": "C++", "typeref": "typename:Core::hresult", "kind": "function", "signature": "(const Exchange::GatewayContext & context,const string & method,const string & payload,const string & origin,string & result)", "scope": "WPEFramework::Plugin::ProviderDelegate", "scopeKind": "class"}, {"_type": "tag", "name": "HandleProviderError", "path": "/home/kavia/workspace/code-generation/app-gateway2/app-gateway/LaunchDelegate/ProviderDelegate.cpp", "pattern": "/^    Core::hresult ProviderDelegate::HandleProviderError(const JsonObject& params , string& resul/", "language": "C++", "typeref": "typename:Core::hresult", "kind": "function", "signature": "(const JsonObject & params,string & result)", "scope": "WPEFramework::Plugin::ProviderDelegate", "scopeKind": "class"}, {"_type": "tag", "name": "HandleProviderNotification", "path": "/home/kavia/workspace/code-generation/app-gateway2/app-gateway/LaunchDelegate/ProviderDelegate.cpp", "pattern": "/^    Core::hresult ProviderDelegate::HandleProviderNotification(const string& capability, const J/", "language": "C++", "typeref": "typename:Core::hresult", "kind": "function", "signature": "(const string & capability,const JsonObject & params,string & result)", "scope": "WPEFramework::Plugin::ProviderDelegate", "scopeKind": "class"}, {"_type": "tag", "name": "HandleProviderResponse", "path": "/home/kavia/workspace/code-generation/app-gateway2/app-gateway/LaunchDelegate/ProviderDelegate.cpp", "pattern": "/^    Core::hresult ProviderDelegate::HandleProviderResponse(const JsonObject& params , string& re/", "language": "C++", "typeref": "typename:Core::hresult", "kind": "function", "signature": "(const JsonObject & params,string & result)", "scope": "WPEFramework::Plugin::ProviderDelegate", "scopeKind": "class"}, {"_type": "tag", "name": "InvokeProvider", "path": "/home/kavia/workspace/code-generation/app-gateway2/app-gateway/LaunchDelegate/ProviderDelegate.cpp", "pattern": "/^    Core::hresult ProviderDelegate::InvokeProvider(const ProviderContext &context ,$/", "language": "C++", "typeref": "typename:Core::hresult", "kind": "function", "signature": "(const ProviderContext & context,const string & capability,const JsonObject & params,string & result)", "scope": "WPEFramework::Plugin::ProviderDelegate", "scopeKind": "class"}, {"_type": "tag", "name": "Plugin", "path": "/home/kavia/workspace/code-generation/app-gateway2/app-gateway/LaunchDelegate/ProviderDelegate.cpp", "pattern": "/^namespace Plugin {$/", "file": true, "language": "C++", "kind": "namespace", "scope": "WPEFramework", "scopeKind": "namespace"}, {"_type": "tag", "name": "RegisterProvider", "path": "/home/kavia/workspace/code-generation/app-gateway2/app-gateway/LaunchDelegate/ProviderDelegate.cpp", "pattern": "/^    Core::hresult ProviderDelegate::RegisterProvider(const ProviderContext &context ,$/", "language": "C++", "typeref": "typename:Core::hresult", "kind": "function", "signature": "(const ProviderContext & context,const string & capability,const bool & provide,string & result)", "scope": "WPEFramework::Plugin::ProviderDelegate", "scopeKind": "class"}, {"_type": "tag", "name": "WPEFramework", "path": "/home/kavia/workspace/code-generation/app-gateway2/app-gateway/LaunchDelegate/ProviderDelegate.cpp", "pattern": "/^namespace WPEFramework {$/", "file": true, "language": "C++", "kind": "namespace"}], "hash": "1512239c53eea859269d3b7e8d1590e5", "format-version": 4, "code-base-name": "app-gateway2", "filename": "app-gateway/LaunchDelegate/ProviderDelegate.cpp", "revision_history": [{"752": "727800fc84f5393f5ac231785d3764465fe20036"}]}