{"is_source_file": false, "format": null, "description": null, "external_files": [], "external_methods": [], "published": [], "classes": [], "methods": [], "calls": [], "search-terms": [], "state": 2, "file_id": 250, "knowledge_revision": 815, "git_revision": "", "ctags": [{"_type": "tag", "name": "Core", "path": "/home/kavia/workspace/code-generation/app-gateway2/app-gateway/helpers/JsonCompat.h", "pattern": "/^namespace Core {$/", "language": "C++", "kind": "namespace", "scope": "WPEFramework", "scopeKind": "namespace"}, {"_type": "tag", "name": "JSON", "path": "/home/kavia/workspace/code-generation/app-gateway2/app-gateway/helpers/JsonCompat.h", "pattern": "/^namespace JSON {$/", "language": "C++", "kind": "namespace", "scope": "WPEFramework::Core", "scopeKind": "namespace"}, {"_type": "tag", "name": "Object", "path": "/home/kavia/workspace/code-generation/app-gateway2/app-gateway/helpers/JsonCompat.h", "pattern": "/^using Object = VariantContainer;$/", "language": "C++", "typeref": "typename:VariantContainer", "kind": "typedef", "scope": "WPEFramework::Core::JSON", "scopeKind": "namespace"}, {"_type": "tag", "name": "WPEFramework", "path": "/home/kavia/workspace/code-generation/app-gateway2/app-gateway/helpers/JsonCompat.h", "pattern": "/^namespace WPEFramework {$/", "language": "C++", "kind": "namespace"}], "hash": "67addb92ee59bfb9400bf06453acd3d1", "format-version": 4, "code-base-name": "app-gateway2", "filename": "app-gateway/helpers/JsonCompat.h", "revision_history": [{"815": ""}]}