{"is_source_file": true, "format": "C++", "description": "This file implements the FbCommon class, which manages the initialization and deinitialization of a plugin component within the WPEFramework. It handles interface querying, connection management, and logging for startup and shutdown processes.", "external_files": ["FbCommon.h", "<interfaces/IConfiguration.h>", "<unistd.h>"], "external_methods": ["Plugin::Metadata<Plugin::FbCommon>", "SYSLOG", "getpid", "mRequestHandler->QueryInterface<Exchange::IConfiguration>", "Core::ERROR_DESTRUCTION_SUCCEEDED", "RPC::IRemoteConnection::Terminate", "service->RemoteConnection", "service->AddRef", "service->Release", "connection->Release"], "published": ["FbCommon::Initialize", "FbCommon::Deinitialize", "FbCommon::Deactivated"], "classes": [{"name": "FbCommon", "description": "The FbCommon class manages the lifecycle of a plugin component, including setup, cleanup, and connection deactivation handling within the framework."}], "methods": [{"name": "const string Initialize(PluginHost::IShell * service)", "description": "Initializes the plugin by acquiring the necessary interfaces and configuration, and setting up internal state.", "scope": "WPEFramework::Plugin::FbCommon", "scopeKind": "class"}, {"name": "void Deinitialize(PluginHost::IShell * service)", "description": "Cleans up resources, releases interfaces, and resets the state during plugin shutdown.", "scope": "WPEFramework::Plugin::FbCommon", "scopeKind": "class"}, {"name": "void Deactivated(RPC::IRemoteConnection * connection)", "description": "Handles cleanup task when a remote connection is deactivated.", "scope": "WPEFramework::Plugin::FbCommon", "scopeKind": "class"}, {"name": "FbCommon()", "scope": "WPEFramework::Plugin::FbCommon", "scopeKind": "class", "description": "unavailable"}, {"name": "~FbCommon()", "scope": "WPEFramework::Plugin::FbCommon", "scopeKind": "class", "description": "unavailable"}], "calls": ["service->Root<Exchange::IAppGatewayRequestHandler>", "mRequestHandler->QueryInterface<Exchange::IConfiguration>", "connection->Terminate()", "Core::IWorkerPool::Instance().Submit"], "search-terms": ["FbCommon", "IAppGatewayRequestHandler", "IShell", "RemoteConnection", "Deinitialize", "Initialize", "Deactivated", "Plugin"], "state": 2, "file_id": 162, "knowledge_revision": 543, "git_revision": "", "revision_history": [{"523": ""}, {"543": ""}], "ctags": [{"_type": "tag", "name": "API_VERSION_NUMBER_MAJOR", "path": "/home/kavia/workspace/code-generation/app-gateway2/app-gateway/FbCommon/FbCommon.cpp", "pattern": "/^#define API_VERSION_NUMBER_MAJOR /", "file": true, "language": "C++", "kind": "macro"}, {"_type": "tag", "name": "API_VERSION_NUMBER_MINOR", "path": "/home/kavia/workspace/code-generation/app-gateway2/app-gateway/FbCommon/FbCommon.cpp", "pattern": "/^#define API_VERSION_NUMBER_MINOR /", "file": true, "language": "C++", "kind": "macro"}, {"_type": "tag", "name": "API_VERSION_NUMBER_PATCH", "path": "/home/kavia/workspace/code-generation/app-gateway2/app-gateway/FbCommon/FbCommon.cpp", "pattern": "/^#define API_VERSION_NUMBER_PATCH /", "file": true, "language": "C++", "kind": "macro"}, {"_type": "tag", "name": "Deactivated", "path": "/home/kavia/workspace/code-generation/app-gateway2/app-gateway/FbCommon/FbCommon.cpp", "pattern": "/^    void FbCommon::Deactivated(RPC::IRemoteConnection* connection)$/", "language": "C++", "typeref": "typename:void", "kind": "function", "signature": "(RPC::IRemoteConnection * connection)", "scope": "WPEFramework::Plugin::FbCommon", "scopeKind": "class"}, {"_type": "tag", "name": "Deinitialize", "path": "/home/kavia/workspace/code-generation/app-gateway2/app-gateway/FbCommon/FbCommon.cpp", "pattern": "/^    void FbCommon::Deinitialize(PluginHost::IShell* service)$/", "language": "C++", "typeref": "typename:void", "kind": "function", "signature": "(PluginHost::IShell * service)", "scope": "WPEFramework::Plugin::FbCommon", "scopeKind": "class"}, {"_type": "tag", "name": "FbCommon", "path": "/home/kavia/workspace/code-generation/app-gateway2/app-gateway/FbCommon/FbCommon.cpp", "pattern": "/^    FbCommon::FbCommon()$/", "language": "C++", "kind": "function", "signature": "()", "scope": "WPEFramework::Plugin::FbCommon", "scopeKind": "class"}, {"_type": "tag", "name": "Initialize", "path": "/home/kavia/workspace/code-generation/app-gateway2/app-gateway/FbCommon/FbCommon.cpp", "pattern": "/^    const string FbCommon::Initialize(PluginHost::IShell* service)$/", "language": "C++", "typeref": "typename:const string", "kind": "function", "signature": "(PluginHost::IShell * service)", "scope": "WPEFramework::Plugin::FbCommon", "scopeKind": "class"}, {"_type": "tag", "name": "Plugin", "path": "/home/kavia/workspace/code-generation/app-gateway2/app-gateway/FbCommon/FbCommon.cpp", "pattern": "/^namespace Plugin {$/", "file": true, "language": "C++", "kind": "namespace", "scope": "WPEFramework", "scopeKind": "namespace"}, {"_type": "tag", "name": "WPEFramework", "path": "/home/kavia/workspace/code-generation/app-gateway2/app-gateway/FbCommon/FbCommon.cpp", "pattern": "/^namespace WPEFramework {$/", "file": true, "language": "C++", "kind": "namespace"}, {"_type": "tag", "name": "__anon5d960bfa0111", "path": "/home/kavia/workspace/code-generation/app-gateway2/app-gateway/FbCommon/FbCommon.cpp", "pattern": "/^namespace {$/", "file": true, "language": "C++", "kind": "namespace", "scope": "WPEFramework", "scopeKind": "namespace"}, {"_type": "tag", "name": "metadata", "path": "/home/kavia/workspace/code-generation/app-gateway2/app-gateway/FbCommon/FbCommon.cpp", "pattern": "/^    static Plugin::Metadata<Plugin::FbCommon> metadata($/", "file": true, "language": "C++", "typeref": "typename:Plugin::Metadata<Plugin::FbCommon>", "kind": "variable", "scope": "WPEFramework::__anon5d960bfa0111", "scopeKind": "namespace"}, {"_type": "tag", "name": "~FbCommon", "path": "/home/kavia/workspace/code-generation/app-gateway2/app-gateway/FbCommon/FbCommon.cpp", "pattern": "/^    FbCommon::~FbCommon()$/", "language": "C++", "kind": "function", "signature": "()", "scope": "WPEFramework::Plugin::FbCommon", "scopeKind": "class"}], "hash": "2314f7198a55c178ec63f80cd1ff3280", "format-version": 4, "code-base-name": "app-gateway2", "filename": "app-gateway/FbCommon/FbCommon.cpp", "fields": [{"name": "Plugin::Metadata<Plugin::FbCommon> metadata", "scope": "WPEFramework::__anon5d960bfa0111", "scopeKind": "namespace", "description": "unavailable"}]}