{"is_source_file": true, "format": "C++", "description": "Implementation of the FbCommonImplementation class, including configuration, handling app gateway requests, and interfacing with device properties via the delegate.", "external_files": ["FbCommonImplementation.h", "<core/JSON.h>", "<sstream>"], "external_methods": ["Core::ERROR_NONE", "Core::ERROR_UNAVAILABLE", "Core::Error", "Core::hresult", "Core::JSON::VariantContainer", "Core::JSON::Variant::Get", "Core::JSON::Variant::String", "Core::JSON::Error", "mDelegate->GetCurrentResolution", "mDelegate->GetHdcpStatus", "mDelegate->GetDeviceMake", "mDelegate->GetDeviceSku", "mDelegate->GetDeviceName", "mDelegate->SetDeviceName"], "published": ["FbCommonImplementation", "Configure", "HandleAppGatewayRequest"], "classes": [{"name": "FbCommonImplementation", "description": "Class implementing device property handling and app gateway request processing."}], "methods": [{"name": "FbCommonImplementation()", "description": "Constructor initializing the mShell pointer to nullptr.", "scope": "WPEFramework::Plugin::FbCommonImplementation", "scopeKind": "class"}, {"name": "~FbCommonImplementation()", "description": "Destructor releasing the mShell if it is not nullptr.", "scope": "WPEFramework::Plugin::FbCommonImplementation", "scopeKind": "class"}, {"name": "uint32_t Configure(PluginHost::IShell * shell)", "description": "Sets the shell, adds reference, and initializes the delegate.", "scope": "WPEFramework::Plugin::FbCommonImplementation", "scopeKind": "class"}, {"name": "Core::hresult HandleAppGatewayRequest(const Exchange::GatewayContext &,const string & method,const string & payload,string & result)", "description": "Processes various device-related requests based on the method string and payload.", "scope": "WPEFramework::Plugin::FbCommonImplementation", "scopeKind": "class"}], "calls": ["LOGINFO", "ASSERT", "mShell->AddRef", "mShell->Release", "mDelegate->GetCurrentResolution", "mDelegate->GetHdcpStatus", "mDelegate->GetDeviceMake", "mDelegate->GetDeviceSku", "mDelegate->GetDeviceName", "mDelegate->SetDeviceName", "core::ERROR_NONE", "core::ERROR_UNAVAILABLE", "core::ERROR_BAD_REQUEST", "core::ERROR_UNKNOWN_KEY", "ToLower"], "search-terms": ["FbCommonImplementation", "HandleAppGatewayRequest", "Configure", "device.screenresolution", "device.videoresolution", "device.hdcp", "device.hdr", "device.audio", "device.make", "device.sku", "device.name", "device.setname", "GatewayContext", "mDelegate", "SERVICE_REGISTRATION"], "state": 2, "file_id": 165, "knowledge_revision": 781, "git_revision": "1bc65e0c87679007cce5806a90711900ebfd5290", "revision_history": [{"529": ""}, {"544": ""}, {"602": "6e3f661b80ec1979b3c44fc4a85d5944642c4704"}, {"781": "1bc65e0c87679007cce5806a90711900ebfd5290"}], "ctags": [{"_type": "tag", "name": "Configure", "path": "/home/kavia/workspace/code-generation/app-gateway2/app-gateway/FbCommon/FbCommonImplementation.cpp", "pattern": "/^uint32_t FbCommonImplementation::Configure(PluginHost::IShell* shell)$/", "language": "C++", "typeref": "typename:uint32_t", "kind": "function", "signature": "(PluginHost::IShell * shell)", "scope": "WPEFramework::Plugin::FbCommonImplementation", "scopeKind": "class"}, {"_type": "tag", "name": "FbCommonImplementation", "path": "/home/kavia/workspace/code-generation/app-gateway2/app-gateway/FbCommon/FbCommonImplementation.cpp", "pattern": "/^FbCommonImplementation::FbCommonImplementation()$/", "language": "C++", "kind": "function", "signature": "()", "scope": "WPEFramework::Plugin::FbCommonImplementation", "scopeKind": "class"}, {"_type": "tag", "name": "HandleAppGatewayRequest", "path": "/home/kavia/workspace/code-generation/app-gateway2/app-gateway/FbCommon/FbCommonImplementation.cpp", "pattern": "/^Core::hresult FbCommonImplementation::HandleAppGatewayRequest($/", "language": "C++", "typeref": "typename:Core::hresult", "kind": "function", "signature": "(const Exchange::GatewayContext &,const string & method,const string & payload,string & result)", "scope": "WPEFramework::Plugin::FbCommonImplementation", "scopeKind": "class"}, {"_type": "tag", "name": "Plugin", "path": "/home/kavia/workspace/code-generation/app-gateway2/app-gateway/FbCommon/FbCommonImplementation.cpp", "pattern": "/^namespace Plugin {$/", "file": true, "language": "C++", "kind": "namespace", "scope": "WPEFramework", "scopeKind": "namespace"}, {"_type": "tag", "name": "WPEFramework", "path": "/home/kavia/workspace/code-generation/app-gateway2/app-gateway/FbCommon/FbCommonImplementation.cpp", "pattern": "/^namespace WPEFramework {$/", "file": true, "language": "C++", "kind": "namespace"}, {"_type": "tag", "name": "~FbCommonImplementation", "path": "/home/kavia/workspace/code-generation/app-gateway2/app-gateway/FbCommon/FbCommonImplementation.cpp", "pattern": "/^FbCommonImplementation::~FbCommonImplementation()$/", "language": "C++", "kind": "function", "signature": "()", "scope": "WPEFramework::Plugin::FbCommonImplementation", "scopeKind": "class"}], "hash": "2f030479ad66afa0c00cdb1ed6a85179", "format-version": 4, "code-base-name": "app-gateway2", "filename": "app-gateway/FbCommon/FbCommonImplementation.cpp"}