{"is_source_file": true, "format": "C++ header", "description": "This header defines a minimal RequestRouter class used for unit testing within the WPEFramework plugin infrastructure. The class provides a method for dispatching resolved requests and echoing back parameters in a JSON response.", "external_files": ["<plugins/Module.h>", "<plugins/IShell.h>", "<core/JSON.h>", "../helpers/JsonCompat.h", "<string>"], "external_methods": ["PluginHost::IShell*", "Core::JSON::Object::DispatchResolved"], "published": ["WPEFramework::Plugin::RequestRouter"], "classes": [{"name": "RequestRouter", "description": "A minimal router used in unit tests that echoes back resolution and parameters into a JSON response."}], "methods": [{"name": "RequestRouter(PluginHost::IShell * service,const std::string & callsign)", "description": "Constructor initializing the router with service interface and callsign.", "scope": "WPEFramework::Plugin::RequestRouter", "scopeKind": "class"}, {"name": "DispatchResolved", "description": "Function to process a resolution and parameters, producing a response JSON object."}], "calls": ["Core::JSON::Object::DispatchResolved"], "search-terms": ["RequestRouter", "DispatchResolved", "UnitTestRouter", "MinimalRouter", "EchoResponse"], "state": 2, "file_id": 248, "knowledge_revision": 816, "git_revision": "bedbfc563272c9798747e86eec4eea3145029d71", "revision_history": [{"806": "727800fc84f5393f5ac231785d3764465fe20036"}, {"810": "727800fc84f5393f5ac231785d3764465fe20036"}, {"811": "727800fc84f5393f5ac231785d3764465fe20036"}, {"816": "bedbfc563272c9798747e86eec4eea3145029d71"}], "ctags": [{"_type": "tag", "name": "Plugin", "path": "/home/kavia/workspace/code-generation/app-gateway2/app-gateway/AppGateway/RequestRouter.h", "pattern": "/^namespace Plugin {$/", "language": "C++", "kind": "namespace", "scope": "WPEFramework", "scopeKind": "namespace"}, {"_type": "tag", "name": "RequestRouter", "path": "/home/kavia/workspace/code-generation/app-gateway2/app-gateway/AppGateway/RequestRouter.h", "pattern": "/^    RequestRouter(PluginHost::IShell* service, const std::string& callsign)$/", "language": "C++", "kind": "function", "signature": "(PluginHost::IShell * service,const std::string & callsign)", "scope": "WPEFramework::Plugin::RequestRouter", "scopeKind": "class"}, {"_type": "tag", "name": "RequestRouter", "path": "/home/kavia/workspace/code-generation/app-gateway2/app-gateway/AppGateway/RequestRouter.h", "pattern": "/^class RequestRouter {$/", "language": "C++", "kind": "class", "scope": "WPEFramework::Plugin", "scopeKind": "namespace"}, {"_type": "tag", "name": "WPEFramework", "path": "/home/kavia/workspace/code-generation/app-gateway2/app-gateway/AppGateway/RequestRouter.h", "pattern": "/^namespace WPEFramework {$/", "language": "C++", "kind": "namespace"}, {"_type": "tag", "name": "_callsign", "path": "/home/kavia/workspace/code-generation/app-gateway2/app-gateway/AppGateway/RequestRouter.h", "pattern": "/^    std::string _callsign;$/", "language": "C++", "typeref": "typename:std::string", "kind": "member", "scope": "WPEFramework::Plugin::RequestRouter", "scopeKind": "class"}, {"_type": "tag", "name": "_service", "path": "/home/kavia/workspace/code-generation/app-gateway2/app-gateway/AppGateway/RequestRouter.h", "pattern": "/^    PluginHost::IShell* _service { nullptr };$/", "language": "C++", "typeref": "typename:PluginHost::IShell *", "kind": "member", "scope": "WPEFramework::Plugin::RequestRouter", "scopeKind": "class"}], "hash": "58ae9c74e9bdbf18737eeb7aeaad1226", "format-version": 4, "code-base-name": "app-gateway2", "filename": "app-gateway/AppGateway/RequestRouter.h", "fields": [{"name": "std::string _callsign", "scope": "WPEFramework::Plugin::RequestRouter", "scopeKind": "class", "description": "unavailable"}, {"name": "PluginHost::IShell * _service", "scope": "WPEFramework::Plugin::RequestRouter", "scopeKind": "class", "description": "unavailable"}]}