{"is_source_file": true, "format": "C++", "description": "This file implements the FbSettings plugin for the WPEFramework, handling device and user settings such as device info, localization, accessibility, and media configurations.", "external_files": ["FbSettings.h", "<interfaces/IConfiguration.h>", "StringUtils.h", "UtilsFirebolt.h"], "external_methods": ["Core::IWorkerPool::Instance().Submit()", "Plugin::Metadata<Plugin::FbSettings>", "SYSLOG()", "ASSERT()", "LOGINFO()", "LOGERR()", "ErrorUtils::NotSupported()", "mDelegate->getSystemDelegate()", "mDelegate->getUserSettings()", "mDelegate->getNetworkDelegate()", "getpid()", "string()", "StringUtils::toLower()", "JsonObject::FromString()", "JsonObject::Get()", "JsonObject::Boolean()", "JsonObject::Number()", "JsonObject::String()", "JsonObject::Get<>()", "Core::hresult", "Core::ERROR_NONE", "Core::ERROR_UNAVAILABLE", "Core::ERROR_BAD_REQUEST", "Core::ERROR_UNKNOWN_KEY", "PluginHost::IShell", "PluginHost::IShell::Job", "PluginHost::IShell::DEACTIVATED", "PluginHost::IShell::FAILURE"], "published": ["Initialize", "Deinitialize", "HandleAppEventNotifier", "HandleAppGatewayRequest", "SetName", "AddAdditionalInfo", "GetDeviceMake", "GetDeviceName", "SetDeviceName", "GetDeviceSku", "GetCountryCode", "SetCountryCode", "GetTimeZone", "SetTimeZone", "GetSecondScreenFriendlyName", "GetVoiceGuidance", "GetAudioDescription", "GetAudioDescriptionsEnabled", "GetHighContrast", "GetCaptions", "GetPresentationLanguage", "GetLocale", "SetLocale", "GetPreferredAudioLanguages", "GetPreferredCaptionsLanguages", "SetPreferredAudioLanguages", "SetPreferredCaptionsLanguages", "SetVoiceGuidance", "SetAudioDescriptionsEnabled", "SetCaptions", "SetSpeed", "GetSpeed", "GetVoiceGuidanceHints", "SetVoiceGuidanceHints", "GetVoiceGuidanceSettings", "GetInternetConnectionStatus", "GetScreenResolution", "GetVideoResolution", "GetHdcp", "GetHdr"], "classes": [{"name": "FbSettings", "description": "Implementation of the plugin handling device, localization, accessibility, and media settings."}], "methods": [{"name": "Core::hresult HandleAppGatewayRequest(const Exchange::GatewayContext & context,const string & method,const string & payload,string & result)", "description": "Routes incoming method requests to appropriate handlers, parsing payloads and executing actions.", "scope": "WPEFramework::Plugin::FbSettings", "scopeKind": "class"}, {"name": "Core::hresult GetDeviceMake(string & make)", "description": "Retrieves device manufacturer information via delegate.", "scope": "WPEFramework::Plugin::FbSettings", "scopeKind": "class"}, {"name": "Core::hresult GetDeviceName(string & name)", "description": "Retrieves device name via delegate.", "scope": "WPEFramework::Plugin::FbSettings", "scopeKind": "class"}, {"name": "Core::hresult SetDeviceName(const string name)", "description": "Sets device name via delegate.", "scope": "WPEFramework::Plugin::FbSettings", "scopeKind": "class"}, {"name": "Core::hresult GetDeviceSku(string & sku)", "description": "Retrieves device SKU via delegate.", "scope": "WPEFramework::Plugin::FbSettings", "scopeKind": "class"}, {"name": "Core::hresult GetCountryCode(string & countryCode)", "description": "Retrieves the country code setting via delegate.", "scope": "WPEFramework::Plugin::FbSettings", "scopeKind": "class"}, {"name": "Core::hresult SetCountryCode(const string countryCode)", "description": "Sets the country code via delegate.", "scope": "WPEFramework::Plugin::FbSettings", "scopeKind": "class"}, {"name": "Core::hresult GetTimeZone(string & timeZone)", "description": "Retrieves the current timezone via delegate.", "scope": "WPEFramework::Plugin::FbSettings", "scopeKind": "class"}, {"name": "Core::hresult SetTimeZone(const string timeZone)", "description": "Sets the timezone via delegate.", "scope": "WPEFramework::Plugin::FbSettings", "scopeKind": "class"}, {"name": "Core::hresult GetSecondScreenFriendlyName(string & name)", "description": "Retrieves the friendly name for second screen feature via delegate.", "scope": "WPEFramework::Plugin::FbSettings", "scopeKind": "class"}, {"name": "Core::hresult GetVoiceGuidance(string & result)", "description": "Fetches voice guidance state from user settings delegate.", "scope": "WPEFramework::Plugin::FbSettings", "scopeKind": "class"}, {"name": "Core::hresult GetAudioDescription(string & result)", "description": "Fetches audio description setting from user settings delegate.", "scope": "WPEFramework::Plugin::FbSettings", "scopeKind": "class"}, {"name": "Core::hresult GetAudioDescriptionsEnabled(string & result)", "description": "Checks if audio descriptions are enabled via delegate.", "scope": "WPEFramework::Plugin::FbSettings", "scopeKind": "class"}, {"name": "Core::hresult GetHighContrast(string & result)", "description": "Retrieves high contrast UI setting via delegate.", "scope": "WPEFramework::Plugin::FbSettings", "scopeKind": "class"}, {"name": "Core::hresult GetCaptions(string & result)", "description": "Obtains caption settings via delegate.", "scope": "WPEFramework::Plugin::FbSettings", "scopeKind": "class"}, {"name": "Core::hresult GetPresentationLanguage(string & result)", "description": "Gets language presentation setting via delegate.", "scope": "WPEFramework::Plugin::FbSettings", "scopeKind": "class"}, {"name": "Core::hresult GetLocale(string & result)", "description": "Gets the locale setting via delegate.", "scope": "WPEFramework::Plugin::FbSettings", "scopeKind": "class"}, {"name": "Core::hresult SetLocale(const string & locale)", "description": "Sets locale setting via delegate.", "scope": "WPEFramework::Plugin::FbSettings", "scopeKind": "class"}, {"name": "Core::hresult GetPreferredAudioLanguages(string & result)", "description": "Retrieves preferred audio languages via delegate.", "scope": "WPEFramework::Plugin::FbSettings", "scopeKind": "class"}, {"name": "Core::hresult GetPreferredCaptionsLanguages(string & result)", "description": "Retrieves preferred caption languages via delegate.", "scope": "WPEFramework::Plugin::FbSettings", "scopeKind": "class"}, {"name": "Core::hresult SetPreferredAudioLanguages(const string & languages)", "description": "Sets preferred audio languages via delegate.", "scope": "WPEFramework::Plugin::FbSettings", "scopeKind": "class"}, {"name": "Core::hresult SetPreferredCaptionsLanguages(const string & preferredLanguages)", "description": "Sets preferred caption languages via delegate.", "scope": "WPEFramework::Plugin::FbSettings", "scopeKind": "class"}, {"name": "Core::hresult SetVoiceGuidance(const bool enabled)", "description": "Enables/disables voice guidance via delegate.", "scope": "WPEFramework::Plugin::FbSettings", "scopeKind": "class"}, {"name": "Core::hresult SetAudioDescriptionsEnabled(const bool enabled)", "description": "Enables/disables audio descriptions via delegate.", "scope": "WPEFramework::Plugin::FbSettings", "scopeKind": "class"}, {"name": "Core::hresult SetCaptions(const bool enabled)", "description": "Enables/disables captions via delegate.", "scope": "WPEFramework::Plugin::FbSettings", "scopeKind": "class"}, {"name": "Core::hresult SetSpeed(const double speed)", "description": "Adjusts voice guidance speed with value transformation logic.", "scope": "WPEFramework::Plugin::FbSettings", "scopeKind": "class"}, {"name": "Core::hresult GetSpeed(double & speed)", "description": "Retrieves current voice guidance speed with inverse transformation.", "scope": "WPEFramework::Plugin::FbSettings", "scopeKind": "class"}, {"name": "Core::hresult GetVoiceGuidanceHints(string & result)", "description": "Retrieves voice guidance navigation hints.", "scope": "WPEFramework::Plugin::FbSettings", "scopeKind": "class"}, {"name": "Core::hresult SetVoiceGuidanceHints(const bool enabled)", "description": "Enables or disables voice guidance navigation hints.", "scope": "WPEFramework::Plugin::FbSettings", "scopeKind": "class"}, {"name": "Core::hresult GetVoiceGuidanceSettings(string & result)", "description": "Aggregates voice guidance enabled state, speed, hints into a JSON string.", "scope": "WPEFramework::Plugin::FbSettings", "scopeKind": "class"}, {"name": "Core::hresult GetInternetConnectionStatus(string & result)", "description": "Fetches internet connection status via network delegate.", "scope": "WPEFramework::Plugin::FbSettings", "scopeKind": "class"}, {"name": "Core::hresult GetScreenResolution(string & result)", "description": "Retrieves screen resolution via system delegate.", "scope": "WPEFramework::Plugin::FbSettings", "scopeKind": "class"}, {"name": "Core::hresult GetVideoResolution(string & result)", "description": "Retrieves video resolution via system delegate.", "scope": "WPEFramework::Plugin::FbSettings", "scopeKind": "class"}, {"name": "Core::hresult GetHdcp(string & result)", "description": "Retrieves HDCP support status via system delegate.", "scope": "WPEFramework::Plugin::FbSettings", "scopeKind": "class"}, {"name": "Core::hresult GetHdr(string & result)", "description": "Retrieves HDR support status via system delegate.", "scope": "WPEFramework::Plugin::FbSettings", "scopeKind": "class"}, {"name": "Core::hresult AddAdditionalInfo(const string & value,string & result)", "scope": "WPEFramework::Plugin::FbSettings", "scopeKind": "class", "description": "unavailable"}, {"name": "void Deactivated(RPC::IRemoteConnection * connection)", "scope": "WPEFramework::Plugin::FbSettings", "scopeKind": "class", "description": "unavailable"}, {"name": "void Deinitialize(PluginHost::IShell * service)", "scope": "WPEFramework::Plugin::FbSettings", "scopeKind": "class", "description": "unavailable"}, {"name": "FbSettings()", "scope": "WPEFramework::Plugin::FbSettings", "scopeKind": "class", "description": "unavailable"}, {"name": "Core::hresult HandleAppEventNotifier(const string & event,const bool & listen,bool & status)", "scope": "WPEFramework::Plugin::FbSettings", "scopeKind": "class", "description": "unavailable"}, {"name": "const string Initialize(PluginHost::IShell * service)", "scope": "WPEFramework::Plugin::FbSettings", "scopeKind": "class", "description": "unavailable"}, {"name": "Core::hresult SetName(const string & value,string & result)", "scope": "WPEFramework::Plugin::FbSettings", "scopeKind": "class", "description": "unavailable"}, {"name": "~FbSettings()", "scope": "WPEFramework::Plugin::FbSettings", "scopeKind": "class", "description": "unavailable"}], "calls": ["mDelegate->getSystemDelegate()", "mDelegate->getUserSettings()", "mDelegate->getNetworkDelegate()", "Core::IWorkerPool::Instance().Submit()", "ErrorUtils::NotSupported()", "LOGINFO()", "LOGERR()", "SYSLOG()", "ASSERT()", "getpid()"], "search-terms": ["FbSettings", "VoiceGuidance", "Localization", "Accessibility", "DeviceInfo", "SystemDelegate", "UserSettingsDelegate", "HdcpHdr", "Resolution", "AppGateway", "Preferences"], "state": 2, "file_id": 94, "knowledge_revision": 772, "git_revision": "727800fc84f5393f5ac231785d3764465fe20036", "revision_history": [{"281": "1ce0cddd8bf3577c15ebcbcb06267a0b1965f3d1"}, {"343": "1ce0cddd8bf3577c15ebcbcb06267a0b1965f3d1"}, {"373": "761da3cbf016614cf4ed4b19325827c8ea55414e"}, {"753": "727800fc84f5393f5ac231785d3764465fe20036"}, {"772": "727800fc84f5393f5ac231785d3764465fe20036"}], "ctags": [{"_type": "tag", "name": "API_VERSION_NUMBER_MAJOR", "path": "/home/kavia/workspace/code-generation/app-gateway2/app-gateway/FbSettings/FbSettings.cpp", "pattern": "/^#define API_VERSION_NUMBER_MAJOR /", "file": true, "language": "C++", "kind": "macro"}, {"_type": "tag", "name": "API_VERSION_NUMBER_MINOR", "path": "/home/kavia/workspace/code-generation/app-gateway2/app-gateway/FbSettings/FbSettings.cpp", "pattern": "/^#define API_VERSION_NUMBER_MINOR /", "file": true, "language": "C++", "kind": "macro"}, {"_type": "tag", "name": "API_VERSION_NUMBER_PATCH", "path": "/home/kavia/workspace/code-generation/app-gateway2/app-gateway/FbSettings/FbSettings.cpp", "pattern": "/^#define API_VERSION_NUMBER_PATCH /", "file": true, "language": "C++", "kind": "macro"}, {"_type": "tag", "name": "AddAdditionalInfo", "path": "/home/kavia/workspace/code-generation/app-gateway2/app-gateway/FbSettings/FbSettings.cpp", "pattern": "/^        Core::hresult FbSettings::AddAdditionalInfo(const string &value \\/* @in @opaque *\\/, str/", "language": "C++", "typeref": "typename:Core::hresult", "kind": "function", "signature": "(const string & value,string & result)", "scope": "WPEFramework::Plugin::FbSettings", "scopeKind": "class"}, {"_type": "tag", "name": "Deactivated", "path": "/home/kavia/workspace/code-generation/app-gateway2/app-gateway/FbSettings/FbSettings.cpp", "pattern": "/^    void FbSettings::Deactivated(RPC::IRemoteConnection* connection)$/", "language": "C++", "typeref": "typename:void", "kind": "function", "signature": "(RPC::IRemoteConnection * connection)", "scope": "WPEFramework::Plugin::FbSettings", "scopeKind": "class"}, {"_type": "tag", "name": "Deinitialize", "path": "/home/kavia/workspace/code-generation/app-gateway2/app-gateway/FbSettings/FbSettings.cpp", "pattern": "/^    \\/* virtual *\\/ void FbSettings::Deinitialize(PluginHost::IShell* service)$/", "language": "C++", "typeref": "typename:void", "kind": "function", "signature": "(PluginHost::IShell * service)", "scope": "WPEFramework::Plugin::FbSettings", "scopeKind": "class"}, {"_type": "tag", "name": "FbSettings", "path": "/home/kavia/workspace/code-generation/app-gateway2/app-gateway/FbSettings/FbSettings.cpp", "pattern": "/^    FbSettings::FbSettings(): mShell(nullptr), mConnectionId(0)$/", "language": "C++", "kind": "function", "signature": "()", "scope": "WPEFramework::Plugin::FbSettings", "scopeKind": "class"}, {"_type": "tag", "name": "GetAudioDescription", "path": "/home/kavia/workspace/code-generation/app-gateway2/app-gateway/FbSettings/FbSettings.cpp", "pattern": "/^        Core::hresult FbSettings::GetAudioDescription(string &result)$/", "language": "C++", "typeref": "typename:Core::hresult", "kind": "function", "signature": "(string & result)", "scope": "WPEFramework::Plugin::FbSettings", "scopeKind": "class"}, {"_type": "tag", "name": "GetAudioDescriptionsEnabled", "path": "/home/kavia/workspace/code-generation/app-gateway2/app-gateway/FbSettings/FbSettings.cpp", "pattern": "/^        Core::hresult FbSettings::GetAudioDescriptionsEnabled(string &result)$/", "language": "C++", "typeref": "typename:Core::hresult", "kind": "function", "signature": "(string & result)", "scope": "WPEFramework::Plugin::FbSettings", "scopeKind": "class"}, {"_type": "tag", "name": "GetCaptions", "path": "/home/kavia/workspace/code-generation/app-gateway2/app-gateway/FbSettings/FbSettings.cpp", "pattern": "/^        Core::hresult FbSettings::GetCaptions(string &result)$/", "language": "C++", "typeref": "typename:Core::hresult", "kind": "function", "signature": "(string & result)", "scope": "WPEFramework::Plugin::FbSettings", "scopeKind": "class"}, {"_type": "tag", "name": "GetCountryCode", "path": "/home/kavia/workspace/code-generation/app-gateway2/app-gateway/FbSettings/FbSettings.cpp", "pattern": "/^        Core::hresult FbSettings::GetCountryCode(string &countryCode)$/", "language": "C++", "typeref": "typename:Core::hresult", "kind": "function", "signature": "(string & countryCode)", "scope": "WPEFramework::Plugin::FbSettings", "scopeKind": "class"}, {"_type": "tag", "name": "GetDeviceMake", "path": "/home/kavia/workspace/code-generation/app-gateway2/app-gateway/FbSettings/FbSettings.cpp", "pattern": "/^        Core::hresult FbSettings::GetDeviceMake(string &make)$/", "language": "C++", "typeref": "typename:Core::hresult", "kind": "function", "signature": "(string & make)", "scope": "WPEFramework::Plugin::FbSettings", "scopeKind": "class"}, {"_type": "tag", "name": "GetDeviceName", "path": "/home/kavia/workspace/code-generation/app-gateway2/app-gateway/FbSettings/FbSettings.cpp", "pattern": "/^        Core::hresult FbSettings::GetDeviceName(string &name)$/", "language": "C++", "typeref": "typename:Core::hresult", "kind": "function", "signature": "(string & name)", "scope": "WPEFramework::Plugin::FbSettings", "scopeKind": "class"}, {"_type": "tag", "name": "GetDeviceSku", "path": "/home/kavia/workspace/code-generation/app-gateway2/app-gateway/FbSettings/FbSettings.cpp", "pattern": "/^        Core::hresult FbSettings::GetDeviceSku(string &sku)$/", "language": "C++", "typeref": "typename:Core::hresult", "kind": "function", "signature": "(string & sku)", "scope": "WPEFramework::Plugin::FbSettings", "scopeKind": "class"}, {"_type": "tag", "name": "GetHdcp", "path": "/home/kavia/workspace/code-generation/app-gateway2/app-gateway/FbSettings/FbSettings.cpp", "pattern": "/^        Core::hresult FbSettings::GetHdcp(string &result)$/", "language": "C++", "typeref": "typename:Core::hresult", "kind": "function", "signature": "(string & result)", "scope": "WPEFramework::Plugin::FbSettings", "scopeKind": "class"}, {"_type": "tag", "name": "GetHdr", "path": "/home/kavia/workspace/code-generation/app-gateway2/app-gateway/FbSettings/FbSettings.cpp", "pattern": "/^        Core::hresult FbSettings::GetHdr(string &result)$/", "language": "C++", "typeref": "typename:Core::hresult", "kind": "function", "signature": "(string & result)", "scope": "WPEFramework::Plugin::FbSettings", "scopeKind": "class"}, {"_type": "tag", "name": "GetHighContrast", "path": "/home/kavia/workspace/code-generation/app-gateway2/app-gateway/FbSettings/FbSettings.cpp", "pattern": "/^        Core::hresult FbSettings::GetHighContrast(string &result)$/", "language": "C++", "typeref": "typename:Core::hresult", "kind": "function", "signature": "(string & result)", "scope": "WPEFramework::Plugin::FbSettings", "scopeKind": "class"}, {"_type": "tag", "name": "GetInternetConnectionStatus", "path": "/home/kavia/workspace/code-generation/app-gateway2/app-gateway/FbSettings/FbSettings.cpp", "pattern": "/^        Core::hresult FbSettings::GetInternetConnectionStatus(string &result)$/", "language": "C++", "typeref": "typename:Core::hresult", "kind": "function", "signature": "(string & result)", "scope": "WPEFramework::Plugin::FbSettings", "scopeKind": "class"}, {"_type": "tag", "name": "GetLocale", "path": "/home/kavia/workspace/code-generation/app-gateway2/app-gateway/FbSettings/FbSettings.cpp", "pattern": "/^        Core::hresult FbSettings::GetLocale(string &result)$/", "language": "C++", "typeref": "typename:Core::hresult", "kind": "function", "signature": "(string & result)", "scope": "WPEFramework::Plugin::FbSettings", "scopeKind": "class"}, {"_type": "tag", "name": "GetPreferredAudioLanguages", "path": "/home/kavia/workspace/code-generation/app-gateway2/app-gateway/FbSettings/FbSettings.cpp", "pattern": "/^        Core::hresult FbSettings::GetPreferredAudioLanguages(string &result)$/", "language": "C++", "typeref": "typename:Core::hresult", "kind": "function", "signature": "(string & result)", "scope": "WPEFramework::Plugin::FbSettings", "scopeKind": "class"}, {"_type": "tag", "name": "GetPreferredCaptionsLanguages", "path": "/home/kavia/workspace/code-generation/app-gateway2/app-gateway/FbSettings/FbSettings.cpp", "pattern": "/^        Core::hresult FbSettings::GetPreferredCaptionsLanguages(string &result)$/", "language": "C++", "typeref": "typename:Core::hresult", "kind": "function", "signature": "(string & result)", "scope": "WPEFramework::Plugin::FbSettings", "scopeKind": "class"}, {"_type": "tag", "name": "GetPresentationLanguage", "path": "/home/kavia/workspace/code-generation/app-gateway2/app-gateway/FbSettings/FbSettings.cpp", "pattern": "/^        Core::hresult FbSettings::GetPresentationLanguage(string &result)$/", "language": "C++", "typeref": "typename:Core::hresult", "kind": "function", "signature": "(string & result)", "scope": "WPEFramework::Plugin::FbSettings", "scopeKind": "class"}, {"_type": "tag", "name": "GetScreenResolution", "path": "/home/kavia/workspace/code-generation/app-gateway2/app-gateway/FbSettings/FbSettings.cpp", "pattern": "/^        Core::hresult FbSettings::GetScreenResolution(string &result)$/", "language": "C++", "typeref": "typename:Core::hresult", "kind": "function", "signature": "(string & result)", "scope": "WPEFramework::Plugin::FbSettings", "scopeKind": "class"}, {"_type": "tag", "name": "GetSecondScreenFriendlyName", "path": "/home/kavia/workspace/code-generation/app-gateway2/app-gateway/FbSettings/FbSettings.cpp", "pattern": "/^        Core::hresult FbSettings::GetSecondScreenFriendlyName(string &name)$/", "language": "C++", "typeref": "typename:Core::hresult", "kind": "function", "signature": "(string & name)", "scope": "WPEFramework::Plugin::FbSettings", "scopeKind": "class"}, {"_type": "tag", "name": "GetSpeed", "path": "/home/kavia/workspace/code-generation/app-gateway2/app-gateway/FbSettings/FbSettings.cpp", "pattern": "/^        Core::hresult FbSettings::GetSpeed(double &speed)$/", "language": "C++", "typeref": "typename:Core::hresult", "kind": "function", "signature": "(double & speed)", "scope": "WPEFramework::Plugin::FbSettings", "scopeKind": "class"}, {"_type": "tag", "name": "GetTimeZone", "path": "/home/kavia/workspace/code-generation/app-gateway2/app-gateway/FbSettings/FbSettings.cpp", "pattern": "/^        Core::hresult FbSettings::GetTimeZone(string &timeZone)$/", "language": "C++", "typeref": "typename:Core::hresult", "kind": "function", "signature": "(string & timeZone)", "scope": "WPEFramework::Plugin::FbSettings", "scopeKind": "class"}, {"_type": "tag", "name": "GetVideoResolution", "path": "/home/kavia/workspace/code-generation/app-gateway2/app-gateway/FbSettings/FbSettings.cpp", "pattern": "/^        Core::hresult FbSettings::GetVideoResolution(string &result)$/", "language": "C++", "typeref": "typename:Core::hresult", "kind": "function", "signature": "(string & result)", "scope": "WPEFramework::Plugin::FbSettings", "scopeKind": "class"}, {"_type": "tag", "name": "GetVoiceGuidance", "path": "/home/kavia/workspace/code-generation/app-gateway2/app-gateway/FbSettings/FbSettings.cpp", "pattern": "/^        Core::hresult FbSettings::GetVoiceGuidance(string &result)$/", "language": "C++", "typeref": "typename:Core::hresult", "kind": "function", "signature": "(string & result)", "scope": "WPEFramework::Plugin::FbSettings", "scopeKind": "class"}, {"_type": "tag", "name": "GetVoiceGuidanceHints", "path": "/home/kavia/workspace/code-generation/app-gateway2/app-gateway/FbSettings/FbSettings.cpp", "pattern": "/^        Core::hresult FbSettings::GetVoiceGuidanceHints(string &result)$/", "language": "C++", "typeref": "typename:Core::hresult", "kind": "function", "signature": "(string & result)", "scope": "WPEFramework::Plugin::FbSettings", "scopeKind": "class"}, {"_type": "tag", "name": "GetVoiceGuidanceSettings", "path": "/home/kavia/workspace/code-generation/app-gateway2/app-gateway/FbSettings/FbSettings.cpp", "pattern": "/^        Core::hresult FbSettings::GetVoiceGuidanceSettings(string &result)$/", "language": "C++", "typeref": "typename:Core::hresult", "kind": "function", "signature": "(string & result)", "scope": "WPEFramework::Plugin::FbSettings", "scopeKind": "class"}, {"_type": "tag", "name": "HandleAppEventNotifier", "path": "/home/kavia/workspace/code-generation/app-gateway2/app-gateway/FbSettings/FbSettings.cpp", "pattern": "/^    Core::hresult FbSettings::HandleAppEventNotifier(const string& event \\/* @in *\\/,$/", "language": "C++", "typeref": "typename:Core::hresult", "kind": "function", "signature": "(const string & event,const bool & listen,bool & status)", "scope": "WPEFramework::Plugin::FbSettings", "scopeKind": "class"}, {"_type": "tag", "name": "HandleAppGatewayRequest", "path": "/home/kavia/workspace/code-generation/app-gateway2/app-gateway/FbSettings/FbSettings.cpp", "pattern": "/^    Core::hresult FbSettings::HandleAppGatewayRequest(const Exchange::GatewayContext &context \\//", "language": "C++", "typeref": "typename:Core::hresult", "kind": "function", "signature": "(const Exchange::GatewayContext & context,const string & method,const string & payload,string & result)", "scope": "WPEFramework::Plugin::FbSettings", "scopeKind": "class"}, {"_type": "tag", "name": "Initialize", "path": "/home/kavia/workspace/code-generation/app-gateway2/app-gateway/FbSettings/FbSettings.cpp", "pattern": "/^    \\/* virtual *\\/ const string FbSettings::Initialize(PluginHost::IShell* service)$/", "language": "C++", "typeref": "typename:const string", "kind": "function", "signature": "(PluginHost::IShell * service)", "scope": "WPEFramework::Plugin::FbSettings", "scopeKind": "class"}, {"_type": "tag", "name": "Plugin", "path": "/home/kavia/workspace/code-generation/app-gateway2/app-gateway/FbSettings/FbSettings.cpp", "pattern": "/^namespace Plugin {$/", "file": true, "language": "C++", "kind": "namespace", "scope": "WPEFramework", "scopeKind": "namespace"}, {"_type": "tag", "name": "SetAudioDescriptionsEnabled", "path": "/home/kavia/workspace/code-generation/app-gateway2/app-gateway/FbSettings/FbSettings.cpp", "pattern": "/^        Core::hresult FbSettings::SetAudioDescriptionsEnabled(const bool enabled)$/", "language": "C++", "typeref": "typename:Core::hresult", "kind": "function", "signature": "(const bool enabled)", "scope": "WPEFramework::Plugin::FbSettings", "scopeKind": "class"}, {"_type": "tag", "name": "SetCaptions", "path": "/home/kavia/workspace/code-generation/app-gateway2/app-gateway/FbSettings/FbSettings.cpp", "pattern": "/^        Core::hresult FbSettings::SetCaptions(const bool enabled)$/", "language": "C++", "typeref": "typename:Core::hresult", "kind": "function", "signature": "(const bool enabled)", "scope": "WPEFramework::Plugin::FbSettings", "scopeKind": "class"}, {"_type": "tag", "name": "SetCountryCode", "path": "/home/kavia/workspace/code-generation/app-gateway2/app-gateway/FbSettings/FbSettings.cpp", "pattern": "/^        Core::hresult FbSettings::SetCountryCode(const string countryCode)$/", "language": "C++", "typeref": "typename:Core::hresult", "kind": "function", "signature": "(const string countryCode)", "scope": "WPEFramework::Plugin::FbSettings", "scopeKind": "class"}, {"_type": "tag", "name": "SetDeviceName", "path": "/home/kavia/workspace/code-generation/app-gateway2/app-gateway/FbSettings/FbSettings.cpp", "pattern": "/^        Core::hresult FbSettings::SetDeviceName(const string name)$/", "language": "C++", "typeref": "typename:Core::hresult", "kind": "function", "signature": "(const string name)", "scope": "WPEFramework::Plugin::FbSettings", "scopeKind": "class"}, {"_type": "tag", "name": "SetLocale", "path": "/home/kavia/workspace/code-generation/app-gateway2/app-gateway/FbSettings/FbSettings.cpp", "pattern": "/^        Core::hresult FbSettings::SetLocale(const string &locale)$/", "language": "C++", "typeref": "typename:Core::hresult", "kind": "function", "signature": "(const string & locale)", "scope": "WPEFramework::Plugin::FbSettings", "scopeKind": "class"}, {"_type": "tag", "name": "SetName", "path": "/home/kavia/workspace/code-generation/app-gateway2/app-gateway/FbSettings/FbSettings.cpp", "pattern": "/^    Core::hresult FbSettings::SetName(const string &value \\/* @in *\\/, string &result)$/", "language": "C++", "typeref": "typename:Core::hresult", "kind": "function", "signature": "(const string & value,string & result)", "scope": "WPEFramework::Plugin::FbSettings", "scopeKind": "class"}, {"_type": "tag", "name": "SetPreferredAudioLanguages", "path": "/home/kavia/workspace/code-generation/app-gateway2/app-gateway/FbSettings/FbSettings.cpp", "pattern": "/^        Core::hresult FbSettings::SetPreferredAudioLanguages(const string &languages)$/", "language": "C++", "typeref": "typename:Core::hresult", "kind": "function", "signature": "(const string & languages)", "scope": "WPEFramework::Plugin::FbSettings", "scopeKind": "class"}, {"_type": "tag", "name": "SetPreferredCaptionsLanguages", "path": "/home/kavia/workspace/code-generation/app-gateway2/app-gateway/FbSettings/FbSettings.cpp", "pattern": "/^        Core::hresult FbSettings::SetPreferredCaptionsLanguages(const string &preferredLanguages/", "language": "C++", "typeref": "typename:Core::hresult", "kind": "function", "signature": "(const string & preferredLanguages)", "scope": "WPEFramework::Plugin::FbSettings", "scopeKind": "class"}, {"_type": "tag", "name": "SetSpeed", "path": "/home/kavia/workspace/code-generation/app-gateway2/app-gateway/FbSettings/FbSettings.cpp", "pattern": "/^        Core::hresult FbSettings::SetSpeed(const double speed)$/", "language": "C++", "typeref": "typename:Core::hresult", "kind": "function", "signature": "(const double speed)", "scope": "WPEFramework::Plugin::FbSettings", "scopeKind": "class"}, {"_type": "tag", "name": "SetTimeZone", "path": "/home/kavia/workspace/code-generation/app-gateway2/app-gateway/FbSettings/FbSettings.cpp", "pattern": "/^        Core::hresult FbSettings::SetTimeZone(const string timeZone)$/", "language": "C++", "typeref": "typename:Core::hresult", "kind": "function", "signature": "(const string timeZone)", "scope": "WPEFramework::Plugin::FbSettings", "scopeKind": "class"}, {"_type": "tag", "name": "SetVoiceGuidance", "path": "/home/kavia/workspace/code-generation/app-gateway2/app-gateway/FbSettings/FbSettings.cpp", "pattern": "/^        Core::hresult FbSettings::SetVoiceGuidance(const bool enabled)$/", "language": "C++", "typeref": "typename:Core::hresult", "kind": "function", "signature": "(const bool enabled)", "scope": "WPEFramework::Plugin::FbSettings", "scopeKind": "class"}, {"_type": "tag", "name": "SetVoiceGuidanceHints", "path": "/home/kavia/workspace/code-generation/app-gateway2/app-gateway/FbSettings/FbSettings.cpp", "pattern": "/^        Core::hresult FbSettings::SetVoiceGuidanceHints(const bool enabled)$/", "language": "C++", "typeref": "typename:Core::hresult", "kind": "function", "signature": "(const bool enabled)", "scope": "WPEFramework::Plugin::FbSettings", "scopeKind": "class"}, {"_type": "tag", "name": "WPEFramework", "path": "/home/kavia/workspace/code-generation/app-gateway2/app-gateway/FbSettings/FbSettings.cpp", "pattern": "/^namespace WPEFramework {$/", "file": true, "language": "C++", "kind": "namespace"}, {"_type": "tag", "name": "__anon81b26b4a0111", "path": "/home/kavia/workspace/code-generation/app-gateway2/app-gateway/FbSettings/FbSettings.cpp", "pattern": "/^namespace {$/", "file": true, "language": "C++", "kind": "namespace", "scope": "WPEFramework", "scopeKind": "namespace"}, {"_type": "tag", "name": "metadata", "path": "/home/kavia/workspace/code-generation/app-gateway2/app-gateway/FbSettings/FbSettings.cpp", "pattern": "/^    static Plugin::Metadata<Plugin::FbSettings> metadata($/", "file": true, "language": "C++", "typeref": "typename:Plugin::Metadata<Plugin::FbSettings>", "kind": "variable", "scope": "WPEFramework::__anon81b26b4a0111", "scopeKind": "namespace"}, {"_type": "tag", "name": "~FbSettings", "path": "/home/kavia/workspace/code-generation/app-gateway2/app-gateway/FbSettings/FbSettings.cpp", "pattern": "/^    FbSettings::~FbSettings()$/", "language": "C++", "kind": "function", "signature": "()", "scope": "WPEFramework::Plugin::FbSettings", "scopeKind": "class"}], "hash": "e8e55fce83e3ea58ad4c9c2a53d00787", "format-version": 4, "code-base-name": "app-gateway2", "filename": "app-gateway/FbSettings/FbSettings.cpp", "fields": [{"name": "Plugin::Metadata<Plugin::FbSettings> metadata", "scope": "WPEFramework::__anon81b26b4a0111", "scopeKind": "namespace", "description": "unavailable"}]}