{"is_source_file": true, "format": "C++ header file", "description": "This file is an interface definition (`IAppGateway`) for a gateway system within the WPEFramework architecture. It declares several interfaces related to application gateway resolution, authentication, response handling, request handling, and notifications, providing virtual methods for these functionalities.", "external_files": ["<plugins/Module.h>", "<com/IIteratorType.h>"], "external_methods": ["Core::IUnknown", "Core::hresult"], "published": ["ID_APP_GATEWAY", "ID_APP_GATEWAY_AUTHENTICATOR", "ID_APP_GATEWAY_RESPONDER", "ID_APP_GATEWAY_CONNECTION_NOTIFICATION", "ID_APP_GATEWAY_REQUEST_HANDLER"], "classes": [{"name": "GatewayContext", "description": "A struct containing context information for a gateway request, including request ID, connection ID, and application ID."}, {"name": "IAppGatewayResolver", "description": "Interface for resolving app gateway requests, including configuring resolution paths and resolving requests based on context."}, {"name": "IAppGatewayAuthenticator", "description": "Interface for authenticating sessions and checking permission groups for applications."}, {"name": "IAppGatewayResponder", "description": "Interface for responding to, emitting notifications for, and forwarding requests within the app gateway framework."}, {"name": "IAppGatewayRequestHandler", "description": "Interface for handling app gateway requests and providing responses."}, {"name": "IAppGatewayResponder::INotification", "description": "Nested interface for connection change notifications within the responder interface."}], "methods": [{"name": "Configure", "description": "Adds additional resolution paths to the gateway."}, {"name": "Resolve", "description": "Resolves a request based on the given context, origin, method, and parameters, returning a result."}, {"name": "Authenticate", "description": "Authenticates an incoming session with a session ID, outputs app ID."}, {"name": "GetSessionId", "description": "Retrieves the session ID for a given application ID."}, {"name": "CheckPermissionGroup", "description": "Checks whether an application belongs to a specified permission group."}, {"name": "Respond", "description": "Sends a response payload within a gateway context."}, {"name": "Emit", "description": "Emits a notification to a given context, method, and payload."}, {"name": "Request", "description": "Forwards a request to the client, providing method and parameters."}, {"name": "GetGatewayConnectionContext", "description": "Retrieves connection context parameters such as headers or URL parameters."}, {"name": "Register", "description": "Registers a notification interface."}, {"name": "Unregister", "description": "Unregisters a notification interface."}, {"name": "HandleAppGatewayRequest", "description": "Handles a request from the application gateway and provides a response."}, {"name": "void OnAppConnectionChanged(const string & appId,const uint32_t connectionId,const bool & connected)", "scope": "WPEFramework::Exchange::IAppGatewayResponder::INotification", "scopeKind": "struct", "description": "unavailable"}], "calls": ["Configure", "Resolve", "Authenticate", "GetSessionId", "CheckPermissionGroup", "Respond", "Emit", "Request", "GetGatewayConnectionContext", "Register", "Unregister", "HandleAppGatewayRequest"], "search-terms": ["IAppGatewayResolver", "IAppGatewayAuthenticator", "IAppGatewayResponder", "IAppGatewayRequestHandler", "GatewayContext", "app gateway", "connection notification", "resolution paths", "authentication", "response handling"], "state": 2, "file_id": 169, "knowledge_revision": 782, "git_revision": "727800fc84f5393f5ac231785d3764465fe20036", "revision_history": [{"537": ""}, {"628": "6e3f661b80ec1979b3c44fc4a85d5944642c4704"}, {"713": "727800fc84f5393f5ac231785d3764465fe20036"}, {"782": "727800fc84f5393f5ac231785d3764465fe20036"}], "ctags": [{"_type": "tag", "name": "Exchange", "path": "/home/kavia/workspace/code-generation/app-gateway2/app-gateway/interfaces/IAppGateway.h", "pattern": "/^    namespace Exchange$/", "language": "C++", "kind": "namespace", "scope": "WPEFramework", "scopeKind": "namespace"}, {"_type": "tag", "name": "GatewayContext", "path": "/home/kavia/workspace/code-generation/app-gateway2/app-gateway/interfaces/IAppGateway.h", "pattern": "/^        struct GatewayContext$/", "language": "C++", "kind": "struct", "scope": "WPEFramework::Exchange", "scopeKind": "namespace"}, {"_type": "tag", "name": "IAppGatewayAuthenticator", "path": "/home/kavia/workspace/code-generation/app-gateway2/app-gateway/interfaces/IAppGateway.h", "pattern": "/^        struct EXTERNAL IAppGatewayAuthenticator : virtual public Core::IUnknown$/", "language": "C++", "kind": "struct", "scope": "WPEFramework::Exchange", "scopeKind": "namespace"}, {"_type": "tag", "name": "IAppGatewayRequestHandler", "path": "/home/kavia/workspace/code-generation/app-gateway2/app-gateway/interfaces/IAppGateway.h", "pattern": "/^        struct EXTERNAL IAppGatewayRequestHandler : virtual public Core::IUnknown$/", "language": "C++", "kind": "struct", "scope": "WPEFramework::Exchange", "scopeKind": "namespace"}, {"_type": "tag", "name": "IAppGatewayResolver", "path": "/home/kavia/workspace/code-generation/app-gateway2/app-gateway/interfaces/IAppGateway.h", "pattern": "/^        struct EXTERNAL IAppGatewayResolver : virtual public Core::IUnknown$/", "language": "C++", "kind": "struct", "scope": "WPEFramework::Exchange", "scopeKind": "namespace"}, {"_type": "tag", "name": "IAppGatewayResponder", "path": "/home/kavia/workspace/code-generation/app-gateway2/app-gateway/interfaces/IAppGateway.h", "pattern": "/^        struct EXTERNAL IAppGatewayResponder : virtual public Core::IUnknown$/", "language": "C++", "kind": "struct", "scope": "WPEFramework::Exchange", "scopeKind": "namespace"}, {"_type": "tag", "name": "ID", "path": "/home/kavia/workspace/code-generation/app-gateway2/app-gateway/interfaces/IAppGateway.h", "pattern": "/^                ID = ID_APP_GATEWAY$/", "language": "C++", "kind": "enumerator", "scope": "WPEFramework::Exchange::IAppGatewayResolver::__anoncffafefd0103", "scopeKind": "enum"}, {"_type": "tag", "name": "ID", "path": "/home/kavia/workspace/code-generation/app-gateway2/app-gateway/interfaces/IAppGateway.h", "pattern": "/^                ID = ID_APP_GATEWAY_AUTHENTICATOR$/", "language": "C++", "kind": "enumerator", "scope": "WPEFramework::Exchange::IAppGatewayAuthenticator::__anoncffafefd0203", "scopeKind": "enum"}, {"_type": "tag", "name": "ID", "path": "/home/kavia/workspace/code-generation/app-gateway2/app-gateway/interfaces/IAppGateway.h", "pattern": "/^                ID = ID_APP_GATEWAY_REQUEST_HANDLER$/", "language": "C++", "kind": "enumerator", "scope": "WPEFramework::Exchange::IAppGatewayRequestHandler::__anoncffafefd0503", "scopeKind": "enum"}, {"_type": "tag", "name": "ID", "path": "/home/kavia/workspace/code-generation/app-gateway2/app-gateway/interfaces/IAppGateway.h", "pattern": "/^                ID = ID_APP_GATEWAY_RESPONDER$/", "language": "C++", "kind": "enumerator", "scope": "WPEFramework::Exchange::IAppGatewayResponder::__anoncffafefd0303", "scopeKind": "enum"}, {"_type": "tag", "name": "ID", "path": "/home/kavia/workspace/code-generation/app-gateway2/app-gateway/interfaces/IAppGateway.h", "pattern": "/^                enum { ID = ID_APP_GATEWAY_CONNECTION_NOTIFICATION };$/", "language": "C++", "kind": "enumerator", "scope": "WPEFramework::Exchange::IAppGatewayResponder::INotification::__anoncffafefd0403", "scopeKind": "enum"}, {"_type": "tag", "name": "ID_APP_GATEWAY", "path": "/home/kavia/workspace/code-generation/app-gateway2/app-gateway/interfaces/IAppGateway.h", "pattern": "/^#define ID_APP_GATEWAY /", "language": "C++", "kind": "macro"}, {"_type": "tag", "name": "ID_APP_GATEWAY_AUTHENTICATOR", "path": "/home/kavia/workspace/code-generation/app-gateway2/app-gateway/interfaces/IAppGateway.h", "pattern": "/^#define ID_APP_GATEWAY_AUTHENTICATOR /", "language": "C++", "kind": "macro"}, {"_type": "tag", "name": "ID_APP_GATEWAY_CONNECTION_NOTIFICATION", "path": "/home/kavia/workspace/code-generation/app-gateway2/app-gateway/interfaces/IAppGateway.h", "pattern": "/^#define ID_APP_GATEWAY_CONNECTION_NOTIFICATION /", "language": "C++", "kind": "macro"}, {"_type": "tag", "name": "ID_APP_GATEWAY_REQUEST_HANDLER", "path": "/home/kavia/workspace/code-generation/app-gateway2/app-gateway/interfaces/IAppGateway.h", "pattern": "/^#define ID_APP_GATEWAY_REQUEST_HANDLER /", "language": "C++", "kind": "macro"}, {"_type": "tag", "name": "ID_APP_GATEWAY_RESPONDER", "path": "/home/kavia/workspace/code-generation/app-gateway2/app-gateway/interfaces/IAppGateway.h", "pattern": "/^#define ID_APP_GATEWAY_RESPONDER /", "language": "C++", "kind": "macro"}, {"_type": "tag", "name": "INotification", "path": "/home/kavia/workspace/code-generation/app-gateway2/app-gateway/interfaces/IAppGateway.h", "pattern": "/^            struct EXTERNAL INotification : virtual public Core::IUnknown$/", "language": "C++", "kind": "struct", "scope": "WPEFramework::Exchange::IAppGatewayResponder", "scopeKind": "struct"}, {"_type": "tag", "name": "IStringIterator", "path": "/home/kavia/workspace/code-generation/app-gateway2/app-gateway/interfaces/IAppGateway.h", "pattern": "/^            using IStringIterator = RPC::IIteratorType<string, RPC::ID_STRINGITERATOR>;$/", "language": "C++", "typeref": "typename:RPC::IIteratorType<string,RPC::ID_STRINGITERATOR>", "kind": "typedef", "scope": "WPEFramework::Exchange::IAppGatewayResolver", "scopeKind": "struct"}, {"_type": "tag", "name": "OnAppConnectionChanged", "path": "/home/kavia/workspace/code-generation/app-gateway2/app-gateway/interfaces/IAppGateway.h", "pattern": "/^                virtual void OnAppConnectionChanged(const string& appId, const uint32_t connecti/", "language": "C++", "typeref": "typename:void", "kind": "function", "signature": "(const string & appId,const uint32_t connectionId,const bool & connected)", "scope": "WPEFramework::Exchange::IAppGatewayResponder::INotification", "scopeKind": "struct"}, {"_type": "tag", "name": "WPEFramework", "path": "/home/kavia/workspace/code-generation/app-gateway2/app-gateway/interfaces/IAppGateway.h", "pattern": "/^namespace WPEFramework$/", "language": "C++", "kind": "namespace"}, {"_type": "tag", "name": "__anoncffafefd0103", "path": "/home/kavia/workspace/code-generation/app-gateway2/app-gateway/interfaces/IAppGateway.h", "pattern": "/^            {$/", "language": "C++", "kind": "enum", "scope": "WPEFramework::Exchange::IAppGatewayResolver", "scopeKind": "struct"}, {"_type": "tag", "name": "__anoncffafefd0203", "path": "/home/kavia/workspace/code-generation/app-gateway2/app-gateway/interfaces/IAppGateway.h", "pattern": "/^            {$/", "language": "C++", "kind": "enum", "scope": "WPEFramework::Exchange::IAppGatewayAuthenticator", "scopeKind": "struct"}, {"_type": "tag", "name": "__anoncffafefd0303", "path": "/home/kavia/workspace/code-generation/app-gateway2/app-gateway/interfaces/IAppGateway.h", "pattern": "/^            {$/", "language": "C++", "kind": "enum", "scope": "WPEFramework::Exchange::IAppGatewayResponder", "scopeKind": "struct"}, {"_type": "tag", "name": "__anoncffafefd0403", "path": "/home/kavia/workspace/code-generation/app-gateway2/app-gateway/interfaces/IAppGateway.h", "pattern": "/^                enum { ID = ID_APP_GATEWAY_CONNECTION_NOTIFICATION };$/", "language": "C++", "kind": "enum", "scope": "WPEFramework::Exchange::IAppGatewayResponder::INotification", "scopeKind": "struct"}, {"_type": "tag", "name": "__anoncffafefd0503", "path": "/home/kavia/workspace/code-generation/app-gateway2/app-gateway/interfaces/IAppGateway.h", "pattern": "/^            {$/", "language": "C++", "kind": "enum", "scope": "WPEFramework::Exchange::IAppGatewayRequestHandler", "scopeKind": "struct"}, {"_type": "tag", "name": "appId", "path": "/home/kavia/workspace/code-generation/app-gateway2/app-gateway/interfaces/IAppGateway.h", "pattern": "/^                string appId;        \\/\\/ @brief Application identifier (Firebolt appId).$/", "language": "C++", "typeref": "typename:string", "kind": "member", "scope": "WPEFramework::Exchange::GatewayContext", "scopeKind": "struct"}, {"_type": "tag", "name": "connectionId", "path": "/home/kavia/workspace/code-generation/app-gateway2/app-gateway/interfaces/IAppGateway.h", "pattern": "/^                uint32_t connectionId; \\/\\/ @brief Unique identifier for the execution\\/session /", "language": "C++", "typeref": "typename:uint32_t", "kind": "member", "scope": "WPEFramework::Exchange::GatewayContext", "scopeKind": "struct"}, {"_type": "tag", "name": "requestId", "path": "/home/kavia/workspace/code-generation/app-gateway2/app-gateway/interfaces/IAppGateway.h", "pattern": "/^                uint32_t requestId;       \\/\\/ @brief Unique identifier for the request.$/", "language": "C++", "typeref": "typename:uint32_t", "kind": "member", "scope": "WPEFramework::Exchange::GatewayContext", "scopeKind": "struct"}], "hash": "7fdccae0b3acabb57f9f97c065f118ea", "format-version": 4, "code-base-name": "app-gateway2", "filename": "app-gateway/interfaces/IAppGateway.h", "fields": [{"name": "string appId", "scope": "WPEFramework::Exchange::GatewayContext", "scopeKind": "struct", "description": "unavailable"}, {"name": "uint32_t connectionId", "scope": "WPEFramework::Exchange::GatewayContext", "scopeKind": "struct", "description": "unavailable"}, {"name": "uint32_t requestId", "scope": "WPEFramework::Exchange::GatewayContext", "scopeKind": "struct", "description": "unavailable"}]}