{"is_source_file": true, "format": "C++ header file", "description": "This header file declares the OttServices class, which implements a JSONRPC-enabled plugin interface for a Thunder plugin named OttServices within the WPEFramework. It includes class definitions, method declarations for plugin lifecycle management, and interface aggregation, adhering to the conventions of the plugin architecture.", "external_files": ["<core/core.h>", "<core/JSON.h>", "<plugins/IPlugin.h>", "<plugins/JSONRPC.h>", "<plugins/IShell.h>", "<interfaces/IOttServices.h>"], "external_methods": ["PluginHost::IPlugin::Initialize", "PluginHost::IPlugin::Deinitialize", "PluginHost::IPlugin::Information", "PluginHost::JSONRPC"], "published": ["Initialize", "Deinitialize", "Information"], "classes": [{"name": "OttServices", "description": "A plugin class that provides JSONRPC communication capabilities and interface aggregation for the OttServices plugin."}], "methods": [{"name": "OttServices", "description": "Constructor for the OttServices plugin."}, {"name": "~OttServices", "description": "Destructor for the OttServices plugin."}, {"name": "Initialize", "description": "Initializes the plugin and acquires the IOttServices interface."}, {"name": "Deinitialize", "description": "Releases resources and disconnects the plugin."}, {"name": "string Information() const", "description": "Returns plugin information string.", "scope": "WPEFramework::Plugin::OttServices", "scopeKind": "class"}], "calls": ["PluginHost::IPlugin::Initialize", "PluginHost::IPlugin::Deinitialize", "PluginHost::IPlugin::Information"], "search-terms": ["OttServices", "JSONRPC", "IPlugin", "IOttServices", "Thunder plugin", "WPEFramework"], "state": 2, "file_id": 49, "knowledge_revision": 443, "git_revision": "11687bdf35796aa59ae3a1afecde9935f4bdd400", "revision_history": [{"156": ""}, {"163": ""}, {"166": ""}, {"171": "0122b584310d777b8d07f9a9be695f2cb90c09dd"}, {"193": "c8e47b2a6d37c6d5c56d0ecafffe3d8cbec64b9e"}, {"252": "648fe4facac7e3617f078e1af2f5ab5734b54229"}, {"255": "648fe4facac7e3617f078e1af2f5ab5734b54229"}, {"256": "648fe4facac7e3617f078e1af2f5ab5734b54229"}, {"292": "b980f4e3e253a8299a669f5f0622cb22913a253d"}, {"398": "cbf099efe7baa29a2cf47b3e153bd4dc91ec34df"}, {"400": "cbf099efe7baa29a2cf47b3e153bd4dc91ec34df"}, {"414": "758c7387764e198c832ddc6c3181fe4b0fbf5555"}, {"443": "11687bdf35796aa59ae3a1afecde9935f4bdd400"}], "ctags": [{"_type": "tag", "name": "Information", "path": "/home/kavia/workspace/code-generation/app-gateway2/app-gateway/OttServices/OttServices.h", "pattern": "/^        string Information() const override { return {}; }$/", "language": "C++", "typeref": "typename:string", "kind": "function", "signature": "() const", "scope": "WPEFramework::Plugin::OttServices", "scopeKind": "class"}, {"_type": "tag", "name": "OttServices", "path": "/home/kavia/workspace/code-generation/app-gateway2/app-gateway/OttServices/OttServices.h", "pattern": "/^    class OttServices : public PluginHost::IPlugin, public PluginHost::JSONRPC {$/", "language": "C++", "kind": "class", "scope": "WPEFramework::Plugin", "scopeKind": "namespace"}, {"_type": "tag", "name": "Plugin", "path": "/home/kavia/workspace/code-generation/app-gateway2/app-gateway/OttServices/OttServices.h", "pattern": "/^namespace Plugin {$/", "language": "C++", "kind": "namespace", "scope": "WPEFramework", "scopeKind": "namespace"}, {"_type": "tag", "name": "WPEFramework", "path": "/home/kavia/workspace/code-generation/app-gateway2/app-gateway/OttServices/OttServices.h", "pattern": "/^namespace WPEFramework {$/", "language": "C++", "kind": "namespace"}, {"_type": "tag", "name": "_connectionId", "path": "/home/kavia/workspace/code-generation/app-gateway2/app-gateway/OttServices/OttServices.h", "pattern": "/^        uint32_t _connectionId;$/", "language": "C++", "typeref": "typename:uint32_t", "kind": "member", "scope": "WPEFramework::Plugin::OttServices", "scopeKind": "class"}, {"_type": "tag", "name": "_ottServices", "path": "/home/kavia/workspace/code-generation/app-gateway2/app-gateway/OttServices/OttServices.h", "pattern": "/^        Exchange::IOttServices* _ottServices;$/", "language": "C++", "typeref": "typename:Exchange::IOttServices *", "kind": "member", "scope": "WPEFramework::Plugin::OttServices", "scopeKind": "class"}, {"_type": "tag", "name": "_service", "path": "/home/kavia/workspace/code-generation/app-gateway2/app-gateway/OttServices/OttServices.h", "pattern": "/^        PluginHost::IShell* _service;$/", "language": "C++", "typeref": "typename:PluginHost::IShell *", "kind": "member", "scope": "WPEFramework::Plugin::OttServices", "scopeKind": "class"}], "hash": "2435c6181c89814e0b988287cbf74e32", "format-version": 4, "code-base-name": "app-gateway2", "filename": "app-gateway/OttServices/OttServices.h", "fields": [{"name": "uint32_t _connectionId", "scope": "WPEFramework::Plugin::OttServices", "scopeKind": "class", "description": "unavailable"}, {"name": "Exchange::IOttServices * _ottServices", "scope": "WPEFramework::Plugin::OttServices", "scopeKind": "class", "description": "unavailable"}, {"name": "PluginHost::IShell * _service", "scope": "WPEFramework::Plugin::OttServices", "scopeKind": "class", "description": "unavailable"}]}