{"is_source_file": true, "format": "C++", "description": "This is a C++ source file implementing the LaunchDelegate class, part of a plugin for WPEFramework that manages app sessions, lifecycle states, WebSocket communication, and provider registration. It contains functions for initializing, handling requests, emitting events, managing connections, and dispatching lifecycle notifications.", "external_files": ["LaunchDelegate.h", "<interfaces/ILaunchDelegate.h>", "<interfaces/IFbPrivacy.h>", "<interfaces/IConfiguration.h>", "<interfaces/IFbMetrics.h>", "UtilsLogging.h", "UtilsConnections.h", "UtilsFirebolt.h", "StringUtils.h", "ContextUtils.h", "ObjectUtils.h"], "external_methods": ["Core::IWorkerPool::Instance()", "mService->QueryInterfaceByCallsign", "mWsManager.Start", "ErrorUtils::CustomBadMethod", "ErrorUtils::NotAvailable", "ErrorUtils::CustomInternal", "StringUtils::extractMethodName", "StringUtils::toLower", "Core::JSONRPC::Register", "Core::JSONRPC::Unregister"], "published": ["LaunchDelegate", "Initialize", "Deinitialize", "Information", "Session", "SetSession", "AddContext", "Ready", "Close", "Finished", "Authenticate", "GetIntent", "GetSessionId", "GetContentPartnerId", "HandleAppGatewayRequest", "Register", "Unregister", "OnConnectionStatusChanged", "setupAppGatewayResponder", "setupAppNotifications"], "classes": [{"name": "LaunchDelegate", "description": "A class implementing a plugin that manages app sessions, lifecycle events, WebSocket streaming, and provider registration in WPEFramework."}], "methods": [{"name": "void initializeWebsocketServer()", "description": "Sets up the WebSocket server with message handlers, disconnect handlers, and authentication.", "scope": "WPEFramework::Plugin::LaunchDelegate", "scopeKind": "class"}, {"name": "void updateAppLifeCycleState(const std::string & appId,const LifecycleState & newState,LifecycleState & previous)", "description": "Updates the lifecycle state of an app based on the provided appId.", "scope": "WPEFramework::Plugin::LaunchDelegate", "scopeKind": "class"}, {"name": "void DispatchLifecycleChange(const std::string & appId,const LifecycleState & newState,const LifecycleState & previous)", "description": "Dispatches lifecycle state change notifications, including event emissions and interface updates.", "scope": "WPEFramework::Plugin::LaunchDelegate", "scopeKind": "class"}, {"name": "void DispatchProvider(const string & event,const JsonObject & params)", "description": "Sends a provider event to registered connections via WebSocket.", "scope": "WPEFramework::Plugin::LaunchDelegate", "scopeKind": "class"}, {"name": "Core::hresult Respond(const Context & context,const string & payload)", "description": "Handles responses to client requests.", "scope": "WPEFramework::Plugin::LaunchDelegate", "scopeKind": "class"}, {"name": "Core::hresult Emit(const Context & context,const string & method,const string & payload)", "description": "Emits an event with specified method and payload.", "scope": "WPEFramework::Plugin::LaunchDelegate", "scopeKind": "class"}, {"name": "Core::hresult Request(const uint32_t connectionId,const uint32_t id,const string & method,const string & params)", "description": "Handles incoming request messages.", "scope": "WPEFramework::Plugin::LaunchDelegate", "scopeKind": "class"}, {"name": "Core::hresult GetGatewayConnectionContext(const uint32_t connectionId,const string & contextKey,string & contextValue)", "description": "Retrieves context information for a gateway connection (stub).", "scope": "WPEFramework::Plugin::LaunchDelegate", "scopeKind": "class"}, {"name": "Core::hresult HandleAppEventNotifier(const string & event,const bool & listen,bool & status)", "description": "Handles app event notifications (stub to always return true).", "scope": "WPEFramework::Plugin::LaunchDelegate", "scopeKind": "class"}, {"name": "Core::hresult State(const Context & context,string & state)", "description": "Gets the current lifecycle state of an app.", "scope": "WPEFramework::Plugin::LaunchDelegate", "scopeKind": "class"}, {"name": "Core::hresult Initialization(const Context & context,string & response)", "description": "Provides initialization info, especially privacy and discovery info.", "scope": "WPEFramework::Plugin::LaunchDelegate", "scopeKind": "class"}, {"name": "Core::hresult HandleAppGatewayRequest(const Exchange::GatewayContext & context,const string & method,const string & payload,string & result)", "description": "Handles requests coming through the app gateway, dispatching based on method.", "scope": "WPEFramework::Plugin::LaunchDelegate", "scopeKind": "class"}, {"name": "Core::hresult Register(Exchange::IAppGatewayResponder::INotification * notification)", "description": "Registers notifications with the app gateway responder.", "scope": "WPEFramework::Plugin::LaunchDelegate", "scopeKind": "class"}, {"name": "Core::hresult Unregister(Exchange::IAppGatewayResponder::INotification * notification)", "description": "Unregisters notifications from the app gateway responder.", "scope": "WPEFramework::Plugin::LaunchDelegate", "scopeKind": "class"}, {"name": "void OnConnectionStatusChanged(const string & appId,const uint32_t & connectionId,const bool & connected)", "description": "Callback to notify when connection status for an app changes.", "scope": "WPEFramework::Plugin::LaunchDelegate", "scopeKind": "class"}, {"name": "void initializeDelegates()", "description": "Sets up delegate callbacks for respond and emit actions.", "scope": "WPEFramework::Plugin::LaunchDelegate", "scopeKind": "class"}, {"name": "bool SetupAppGatewayResponder()", "description": "Ensures the app gateway responder interface is initialized and registered.", "scope": "WPEFramework::Plugin::LaunchDelegate", "scopeKind": "class"}, {"name": "bool SetupAppNotifications()", "description": "Ensures the app notifications interface is initialized.", "scope": "WPEFramework::Plugin::LaunchDelegate", "scopeKind": "class"}, {"name": "uint32_t AddContext(const Core::JSONRPC::Context & channel,const JsonObject & params)", "scope": "WPEFramework::Plugin::LaunchDelegate", "scopeKind": "class", "description": "unavailable"}, {"name": "Core::hresult Authenticate(const string & sessionId,std::string & appId)", "scope": "WPEFramework::Plugin::LaunchDelegate", "scopeKind": "class", "description": "unavailable"}, {"name": "Core::hresult CheckPermissionGroup(const string & appId,const string & permissionGroup,bool & allowed)", "scope": "WPEFramework::Plugin::LaunchDelegate", "scopeKind": "class", "description": "unavailable"}, {"name": "Core::hresult Close(const Context & context,const string & payload,string & result)", "scope": "WPEFramework::Plugin::LaunchDelegate", "scopeKind": "class", "description": "unavailable"}, {"name": "void Deactivated(RPC::IRemoteConnection * connection)", "scope": "WPEFramework::Plugin::LaunchDelegate", "scopeKind": "class", "description": "unavailable"}, {"name": "void Deinitialize(PluginHost::IShell * service)", "scope": "WPEFramework::Plugin::LaunchDelegate", "scopeKind": "class", "description": "unavailable"}, {"name": "Core::hresult Finished(const Context & context,string & result)", "scope": "WPEFramework::Plugin::LaunchDelegate", "scopeKind": "class", "description": "unavailable"}, {"name": "Core::hresult GetContentPartnerId(const string & appId,string & contentPartnerId)", "scope": "WPEFramework::Plugin::LaunchDelegate", "scopeKind": "class", "description": "unavailable"}, {"name": "Core::hresult GetIntent(const string & appId,std::string & intent)", "scope": "WPEFramework::Plugin::LaunchDelegate", "scopeKind": "class", "description": "unavailable"}, {"name": "Core::hresult GetSessionId(const string & appId,string & sessionId)", "scope": "WPEFramework::Plugin::LaunchDelegate", "scopeKind": "class", "description": "unavailable"}, {"name": "uint32_t HandleProviderRegistration(const Core::JSONRPC::Context & channel,const string & event,const bool & listen)", "scope": "WPEFramework::Plugin::LaunchDelegate", "scopeKind": "class", "description": "unavailable"}, {"name": "string Information() const", "scope": "WPEFramework::Plugin::LaunchDelegate", "scopeKind": "class", "description": "unavailable"}, {"name": "const string Initialize(PluginHost::IShell * service)", "scope": "WPEFramework::Plugin::LaunchDelegate", "scopeKind": "class", "description": "unavailable"}, {"name": "void InternalResolve(const uint32_t connectionId,const uint32_t requestId,const string & method,const string & params)", "scope": "WPEFramework::Plugin::LaunchDelegate", "scopeKind": "class", "description": "unavailable"}, {"name": "LaunchDelegate()", "scope": "WPEFramework::Plugin::LaunchDelegate", "scopeKind": "class", "description": "unavailable"}, {"name": "uint32_t OnRequestClose(const Core::JSONRPC::Context & channel,const JListenRequest & request)", "scope": "WPEFramework::Plugin::LaunchDelegate", "scopeKind": "class", "description": "unavailable"}, {"name": "uint32_t OnRequestFinished(const Core::JSONRPC::Context & channel,const JListenRequest & request)", "scope": "WPEFramework::Plugin::LaunchDelegate", "scopeKind": "class", "description": "unavailable"}, {"name": "uint32_t OnRequestLaunch(const Core::JSONRPC::Context & channel,const JListenRequest & request)", "scope": "WPEFramework::Plugin::LaunchDelegate", "scopeKind": "class", "description": "unavailable"}, {"name": "uint32_t OnRequestReady(const Core::JSONRPC::Context & channel,const JListenRequest & request)", "scope": "WPEFramework::Plugin::LaunchDelegate", "scopeKind": "class", "description": "unavailable"}, {"name": "uint32_t OnSessionTransitionCanceled(const Core::JSONRPC::Context & channel,const JListenRequest & request)", "scope": "WPEFramework::Plugin::LaunchDelegate", "scopeKind": "class", "description": "unavailable"}, {"name": "uint32_t OnSessionTransitionCompleted(const Core::JSONRPC::Context & channel,const JListenRequest & request)", "scope": "WPEFramework::Plugin::LaunchDelegate", "scopeKind": "class", "description": "unavailable"}, {"name": "Core::hresult Ready(const Context & context,string & result)", "scope": "WPEFramework::Plugin::LaunchDelegate", "scopeKind": "class", "description": "unavailable"}, {"name": "void RegisterAll()", "scope": "WPEFramework::Plugin::LaunchDelegate", "scopeKind": "class", "description": "unavailable"}, {"name": "uint32_t Session(const Core::JSONRPC::Context & channel,const JAppSessionRequest & request)", "scope": "WPEFramework::Plugin::LaunchDelegate", "scopeKind": "class", "description": "unavailable"}, {"name": "uint32_t SetSession(const Core::JSONRPC::Context & channel,const JSetSession & request)", "scope": "WPEFramework::Plugin::LaunchDelegate", "scopeKind": "class", "description": "unavailable"}, {"name": "void UnregisterAll()", "scope": "WPEFramework::Plugin::LaunchDelegate", "scopeKind": "class", "description": "unavailable"}, {"name": "bool __anondcb8d1a40202(const uint32_t connectionId, const std::string &token)", "scope": "WPEFramework::Plugin::LaunchDelegate::initializeWebsocketServer", "scopeKind": "function", "description": "unavailable"}, {"name": "__anondcb8d1a40302(const std::string& method, const std::string& params, const uint32_t requestId, const uint32_t connectionId)", "scope": "WPEFramework::Plugin::LaunchDelegate::initializeWebsocketServer", "scopeKind": "function", "description": "unavailable"}, {"name": "__anondcb8d1a40402(const uint32_t connectionId)", "scope": "WPEFramework::Plugin::LaunchDelegate::initializeWebsocketServer", "scopeKind": "function", "description": "unavailable"}, {"name": "__anondcb8d1a40502(const ProviderContext& context, const std::string& payload)", "scope": "WPEFramework::Plugin::LaunchDelegate::initializeDelegates", "scopeKind": "function", "description": "unavailable"}, {"name": "__anondcb8d1a40602(const string& event, const std::string& payload, const std::string& appId)", "scope": "WPEFramework::Plugin::LaunchDelegate::initializeDelegates", "scopeKind": "function", "description": "unavailable"}, {"name": "~LaunchDelegate()", "scope": "WPEFramework::Plugin::LaunchDelegate", "scopeKind": "class", "description": "unavailable"}], "calls": ["ASSERT", "LOGINFO", "LOGERR", "LOGDBG", "Core::IWorkerPool::Instance().Submit", "mWsManager.Start", "mWsManager.SetAuthHandler", "mWsManager.SetMessageHandler", "mWsManager.SetDisconnectHandler", "mService->QueryInterfaceByCallsign", "mAppGateway->Resolve", "mAppRegistry.GetAppId", "mAppRegistry.GetAppIntent", "mLifecycleRegistry.UpdateLifecycle", "mContentPartnerIdRegistry.Add", "mContentPartnerIdRegistry.Remove", "mAppSessionIdRegistry.Add", "mAppSessionIdRegistry.Remove", "mSessionRegistry.Add", "mSessionRegistry.Remove", "mWsManager.SendMessageToConnection", "mProviderRegistry.Add", "mProviderRegistry.Remove", "ErrorUtils::CustomBadMethod", "ErrorUtils::NotAvailable", "ErrorUtils::CustomInternal", "StringUtils::extractMethodName", "StringUtils::toLower", "ObjectUtils::HasStringEntry", "Core::JSON::Error", "DispatchProvider", "updateAppLifeCycleState", "Core::JSONRPC::Register", "Core::JSONRPC::Unregister", "mAppGatewayResponder->Register", "mAppGatewayResponder->Release", "mAppNotifications->QueryInterfaceByCallsign", "mAppNotifications->Release", "mService->QueryInterfaceByCallsign", "mService->Release"], "search-terms": ["LaunchDelegate", "WebSocket", "Lifecycle", "AppSession", "AppGateway", "Notifier", "Registration", "LifecycleState", "Connector", "EventDispatch", "AppNotifications", "ConnectionStatus", "ServiceRegistration", "JSONRPC", "ConnectionManager"], "state": 2, "file_id": 221, "knowledge_revision": 761, "git_revision": "727800fc84f5393f5ac231785d3764465fe20036", "ctags": [{"_type": "tag", "name": "API_VERSION_NUMBER_MAJOR", "path": "/home/kavia/workspace/code-generation/app-gateway2/app-gateway/LaunchDelegate/LaunchDelegate.cpp", "pattern": "/^#define API_VERSION_NUMBER_MAJOR /", "file": true, "language": "C++", "kind": "macro"}, {"_type": "tag", "name": "API_VERSION_NUMBER_MINOR", "path": "/home/kavia/workspace/code-generation/app-gateway2/app-gateway/LaunchDelegate/LaunchDelegate.cpp", "pattern": "/^#define API_VERSION_NUMBER_MINOR /", "file": true, "language": "C++", "kind": "macro"}, {"_type": "tag", "name": "API_VERSION_NUMBER_PATCH", "path": "/home/kavia/workspace/code-generation/app-gateway2/app-gateway/LaunchDelegate/LaunchDelegate.cpp", "pattern": "/^#define API_VERSION_NUMBER_PATCH /", "file": true, "language": "C++", "kind": "macro"}, {"_type": "tag", "name": "AddContext", "path": "/home/kavia/workspace/code-generation/app-gateway2/app-gateway/LaunchDelegate/LaunchDelegate.cpp", "pattern": "/^    uint32_t LaunchDelegate::AddContext(const Core::JSONRPC::Context& channel, const JsonObject&/", "language": "C++", "typeref": "typename:uint32_t", "kind": "function", "signature": "(const Core::JSONRPC::Context & channel,const JsonObject & params)", "scope": "WPEFramework::Plugin::LaunchDelegate", "scopeKind": "class"}, {"_type": "tag", "name": "Authenticate", "path": "/home/kavia/workspace/code-generation/app-gateway2/app-gateway/LaunchDelegate/LaunchDelegate.cpp", "pattern": "/^    Core::hresult LaunchDelegate::Authenticate( const string& sessionId , std::string& appId)$/", "language": "C++", "typeref": "typename:Core::hresult", "kind": "function", "signature": "(const string & sessionId,std::string & appId)", "scope": "WPEFramework::Plugin::LaunchDelegate", "scopeKind": "class"}, {"_type": "tag", "name": "CheckPermissionGroup", "path": "/home/kavia/workspace/code-generation/app-gateway2/app-gateway/LaunchDelegate/LaunchDelegate.cpp", "pattern": "/^        Core::hresult LaunchDelegate::CheckPermissionGroup(const string& appId \\/* @in *\\/,$/", "language": "C++", "typeref": "typename:Core::hresult", "kind": "function", "signature": "(const string & appId,const string & permissionGroup,bool & allowed)", "scope": "WPEFramework::Plugin::LaunchDelegate", "scopeKind": "class"}, {"_type": "tag", "name": "Close", "path": "/home/kavia/workspace/code-generation/app-gateway2/app-gateway/LaunchDelegate/LaunchDelegate.cpp", "pattern": "/^\tCore::hresult LaunchDelegate::Close(const Context& context ,$/", "language": "C++", "typeref": "typename:Core::hresult", "kind": "function", "signature": "(const Context & context,const string & payload,string & result)", "scope": "WPEFramework::Plugin::LaunchDelegate", "scopeKind": "class"}, {"_type": "tag", "name": "Deactivated", "path": "/home/kavia/workspace/code-generation/app-gateway2/app-gateway/LaunchDelegate/LaunchDelegate.cpp", "pattern": "/^    void LaunchDelegate::Deactivated(RPC::IRemoteConnection* connection)$/", "language": "C++", "typeref": "typename:void", "kind": "function", "signature": "(RPC::IRemoteConnection * connection)", "scope": "WPEFramework::Plugin::LaunchDelegate", "scopeKind": "class"}, {"_type": "tag", "name": "Deinitialize", "path": "/home/kavia/workspace/code-generation/app-gateway2/app-gateway/LaunchDelegate/LaunchDelegate.cpp", "pattern": "/^    \\/* virtual *\\/ void LaunchDelegate::Deinitialize(PluginHost::IShell* service)$/", "language": "C++", "typeref": "typename:void", "kind": "function", "signature": "(PluginHost::IShell * service)", "scope": "WPEFramework::Plugin::LaunchDelegate", "scopeKind": "class"}, {"_type": "tag", "name": "DispatchLifecycleChange", "path": "/home/kavia/workspace/code-generation/app-gateway2/app-gateway/LaunchDelegate/LaunchDelegate.cpp", "pattern": "/^    void LaunchDelegate::DispatchLifecycleChange(const std::string& appId, const LifecycleState&/", "language": "C++", "typeref": "typename:void", "kind": "function", "signature": "(const std::string & appId,const LifecycleState & newState,const LifecycleState & previous)", "scope": "WPEFramework::Plugin::LaunchDelegate", "scopeKind": "class"}, {"_type": "tag", "name": "DispatchProvider", "path": "/home/kavia/workspace/code-generation/app-gateway2/app-gateway/LaunchDelegate/LaunchDelegate.cpp", "pattern": "/^    void LaunchDelegate::DispatchProvider(const string& event, const JsonObject& params) {$/", "language": "C++", "typeref": "typename:void", "kind": "function", "signature": "(const string & event,const JsonObject & params)", "scope": "WPEFramework::Plugin::LaunchDelegate", "scopeKind": "class"}, {"_type": "tag", "name": "Emit", "path": "/home/kavia/workspace/code-generation/app-gateway2/app-gateway/LaunchDelegate/LaunchDelegate.cpp", "pattern": "/^    Core::hresult LaunchDelegate::Emit(const Context& context \\/* @in *\\/, $/", "language": "C++", "typeref": "typename:Core::hresult", "kind": "function", "signature": "(const Context & context,const string & method,const string & payload)", "scope": "WPEFramework::Plugin::LaunchDelegate", "scopeKind": "class"}, {"_type": "tag", "name": "Finished", "path": "/home/kavia/workspace/code-generation/app-gateway2/app-gateway/LaunchDelegate/LaunchDelegate.cpp", "pattern": "/^\tCore::hresult LaunchDelegate::Finished( const Context& context, string& result )  $/", "language": "C++", "typeref": "typename:Core::hresult", "kind": "function", "signature": "(const Context & context,string & result)", "scope": "WPEFramework::Plugin::LaunchDelegate", "scopeKind": "class"}, {"_type": "tag", "name": "GetContentPartnerId", "path": "/home/kavia/workspace/code-generation/app-gateway2/app-gateway/LaunchDelegate/LaunchDelegate.cpp", "pattern": "/^    Core::hresult LaunchDelegate::GetContentPartnerId(const string& appId, string& contentPartne/", "language": "C++", "typeref": "typename:Core::hresult", "kind": "function", "signature": "(const string & appId,string & contentPartnerId)", "scope": "WPEFramework::Plugin::LaunchDelegate", "scopeKind": "class"}, {"_type": "tag", "name": "GetGatewayConnectionContext", "path": "/home/kavia/workspace/code-generation/app-gateway2/app-gateway/LaunchDelegate/LaunchDelegate.cpp", "pattern": "/^    Core::hresult LaunchDelegate::GetGatewayConnectionContext(const uint32_t connectionId \\/* @i/", "language": "C++", "typeref": "typename:Core::hresult", "kind": "function", "signature": "(const uint32_t connectionId,const string & contextKey,string & contextValue)", "scope": "WPEFramework::Plugin::LaunchDelegate", "scopeKind": "class"}, {"_type": "tag", "name": "GetIntent", "path": "/home/kavia/workspace/code-generation/app-gateway2/app-gateway/LaunchDelegate/LaunchDelegate.cpp", "pattern": "/^\tCore::hresult LaunchDelegate::GetIntent( const string& appId , std::string& intent ) $/", "language": "C++", "typeref": "typename:Core::hresult", "kind": "function", "signature": "(const string & appId,std::string & intent)", "scope": "WPEFramework::Plugin::LaunchDelegate", "scopeKind": "class"}, {"_type": "tag", "name": "GetSessionId", "path": "/home/kavia/workspace/code-generation/app-gateway2/app-gateway/LaunchDelegate/LaunchDelegate.cpp", "pattern": "/^    Core::hresult LaunchDelegate::GetSessionId(const string& appId, string& sessionId)$/", "language": "C++", "typeref": "typename:Core::hresult", "kind": "function", "signature": "(const string & appId,string & sessionId)", "scope": "WPEFramework::Plugin::LaunchDelegate", "scopeKind": "class"}, {"_type": "tag", "name": "HandleAppEventNotifier", "path": "/home/kavia/workspace/code-generation/app-gateway2/app-gateway/LaunchDelegate/LaunchDelegate.cpp", "pattern": "/^    Core::hresult LaunchDelegate::HandleAppEventNotifier(const string& event, const bool& listen/", "language": "C++", "typeref": "typename:Core::hresult", "kind": "function", "signature": "(const string & event,const bool & listen,bool & status)", "scope": "WPEFramework::Plugin::LaunchDelegate", "scopeKind": "class"}, {"_type": "tag", "name": "HandleAppGatewayRequest", "path": "/home/kavia/workspace/code-generation/app-gateway2/app-gateway/LaunchDelegate/LaunchDelegate.cpp", "pattern": "/^    Core::hresult LaunchDelegate::HandleAppGatewayRequest(const Exchange::GatewayContext &contex/", "language": "C++", "typeref": "typename:Core::hresult", "kind": "function", "signature": "(const Exchange::GatewayContext & context,const string & method,const string & payload,string & result)", "scope": "WPEFramework::Plugin::LaunchDelegate", "scopeKind": "class"}, {"_type": "tag", "name": "HandleProviderRegistration", "path": "/home/kavia/workspace/code-generation/app-gateway2/app-gateway/LaunchDelegate/LaunchDelegate.cpp", "pattern": "/^    uint32_t LaunchDelegate::HandleProviderRegistration(const Core::JSONRPC::Context& channel, c/", "language": "C++", "typeref": "typename:uint32_t", "kind": "function", "signature": "(const Core::JSONRPC::Context & channel,const string & event,const bool & listen)", "scope": "WPEFramework::Plugin::LaunchDelegate", "scopeKind": "class"}, {"_type": "tag", "name": "INTEGRATED_PLAYER", "path": "/home/kavia/workspace/code-generation/app-gateway2/app-gateway/LaunchDelegate/LaunchDelegate.cpp", "pattern": "/^#define INTEGRATED_PLAYER /", "file": true, "language": "C++", "kind": "macro"}, {"_type": "tag", "name": "Information", "path": "/home/kavia/workspace/code-generation/app-gateway2/app-gateway/LaunchDelegate/LaunchDelegate.cpp", "pattern": "/^    string LaunchDelegate::Information() const$/", "language": "C++", "typeref": "typename:string", "kind": "function", "signature": "() const", "scope": "WPEFramework::Plugin::LaunchDelegate", "scopeKind": "class"}, {"_type": "tag", "name": "Initialization", "path": "/home/kavia/workspace/code-generation/app-gateway2/app-gateway/LaunchDelegate/LaunchDelegate.cpp", "pattern": "/^    Core::hresult LaunchDelegate::Initialization(const Context& context, string& response) {$/", "language": "C++", "typeref": "typename:Core::hresult", "kind": "function", "signature": "(const Context & context,string & response)", "scope": "WPEFramework::Plugin::LaunchDelegate", "scopeKind": "class"}, {"_type": "tag", "name": "Initialize", "path": "/home/kavia/workspace/code-generation/app-gateway2/app-gateway/LaunchDelegate/LaunchDelegate.cpp", "pattern": "/^    \\/* virtual *\\/ const string LaunchDelegate::Initialize(PluginHost::IShell* service)$/", "language": "C++", "typeref": "typename:const string", "kind": "function", "signature": "(PluginHost::IShell * service)", "scope": "WPEFramework::Plugin::LaunchDelegate", "scopeKind": "class"}, {"_type": "tag", "name": "InternalResolve", "path": "/home/kavia/workspace/code-generation/app-gateway2/app-gateway/LaunchDelegate/LaunchDelegate.cpp", "pattern": "/^    void LaunchDelegate::InternalResolve(const uint32_t connectionId, const uint32_t requestId, /", "language": "C++", "typeref": "typename:void", "kind": "function", "signature": "(const uint32_t connectionId,const uint32_t requestId,const string & method,const string & params)", "scope": "WPEFramework::Plugin::LaunchDelegate", "scopeKind": "class"}, {"_type": "tag", "name": "LIFECYCLE_MANAGEMENT_MODULE", "path": "/home/kavia/workspace/code-generation/app-gateway2/app-gateway/LaunchDelegate/LaunchDelegate.cpp", "pattern": "/^#define LIFECYCLE_MANAGEMENT_MODULE /", "file": true, "language": "C++", "kind": "macro"}, {"_type": "tag", "name": "LaunchDelegate", "path": "/home/kavia/workspace/code-generation/app-gateway2/app-gateway/LaunchDelegate/LaunchDelegate.cpp", "pattern": "/^    LaunchDelegate::LaunchDelegate()$/", "language": "C++", "kind": "function", "signature": "()", "scope": "WPEFramework::Plugin::LaunchDelegate", "scopeKind": "class"}, {"_type": "tag", "name": "METRICS_MANAGEMENT_MODULE", "path": "/home/kavia/workspace/code-generation/app-gateway2/app-gateway/LaunchDelegate/LaunchDelegate.cpp", "pattern": "/^#define METRICS_MANAGEMENT_MODULE /", "file": true, "language": "C++", "kind": "macro"}, {"_type": "tag", "name": "OnConnectionStatusChanged", "path": "/home/kavia/workspace/code-generation/app-gateway2/app-gateway/LaunchDelegate/LaunchDelegate.cpp", "pattern": "/^        void LaunchDelegate::OnConnectionStatusChanged(const string& appId, const uint32_t& conn/", "language": "C++", "typeref": "typename:void", "kind": "function", "signature": "(const string & appId,const uint32_t & connectionId,const bool & connected)", "scope": "WPEFramework::Plugin::LaunchDelegate", "scopeKind": "class"}, {"_type": "tag", "name": "OnRequestClose", "path": "/home/kavia/workspace/code-generation/app-gateway2/app-gateway/LaunchDelegate/LaunchDelegate.cpp", "pattern": "/^    uint32_t LaunchDelegate::OnRequestClose(const Core::JSONRPC::Context& channel, const JListen/", "language": "C++", "typeref": "typename:uint32_t", "kind": "function", "signature": "(const Core::JSONRPC::Context & channel,const JListenRequest & request)", "scope": "WPEFramework::Plugin::LaunchDelegate", "scopeKind": "class"}, {"_type": "tag", "name": "OnRequestFinished", "path": "/home/kavia/workspace/code-generation/app-gateway2/app-gateway/LaunchDelegate/LaunchDelegate.cpp", "pattern": "/^    uint32_t LaunchDelegate::OnRequestFinished(const Core::JSONRPC::Context& channel, const JLis/", "language": "C++", "typeref": "typename:uint32_t", "kind": "function", "signature": "(const Core::JSONRPC::Context & channel,const JListenRequest & request)", "scope": "WPEFramework::Plugin::LaunchDelegate", "scopeKind": "class"}, {"_type": "tag", "name": "OnRequestLaunch", "path": "/home/kavia/workspace/code-generation/app-gateway2/app-gateway/LaunchDelegate/LaunchDelegate.cpp", "pattern": "/^    uint32_t LaunchDelegate::OnRequestLaunch(const Core::JSONRPC::Context& channel, const JListe/", "language": "C++", "typeref": "typename:uint32_t", "kind": "function", "signature": "(const Core::JSONRPC::Context & channel,const JListenRequest & request)", "scope": "WPEFramework::Plugin::LaunchDelegate", "scopeKind": "class"}, {"_type": "tag", "name": "OnRequestReady", "path": "/home/kavia/workspace/code-generation/app-gateway2/app-gateway/LaunchDelegate/LaunchDelegate.cpp", "pattern": "/^    uint32_t LaunchDelegate::OnRequestReady(const Core::JSONRPC::Context& channel, const JListen/", "language": "C++", "typeref": "typename:uint32_t", "kind": "function", "signature": "(const Core::JSONRPC::Context & channel,const JListenRequest & request)", "scope": "WPEFramework::Plugin::LaunchDelegate", "scopeKind": "class"}, {"_type": "tag", "name": "OnSessionTransitionCanceled", "path": "/home/kavia/workspace/code-generation/app-gateway2/app-gateway/LaunchDelegate/LaunchDelegate.cpp", "pattern": "/^    uint32_t LaunchDelegate::OnSessionTransitionCanceled(const Core::JSONRPC::Context& channel, /", "language": "C++", "typeref": "typename:uint32_t", "kind": "function", "signature": "(const Core::JSONRPC::Context & channel,const JListenRequest & request)", "scope": "WPEFramework::Plugin::LaunchDelegate", "scopeKind": "class"}, {"_type": "tag", "name": "OnSessionTransitionCompleted", "path": "/home/kavia/workspace/code-generation/app-gateway2/app-gateway/LaunchDelegate/LaunchDelegate.cpp", "pattern": "/^    uint32_t LaunchDelegate::OnSessionTransitionCompleted(const Core::JSONRPC::Context& channel,/", "language": "C++", "typeref": "typename:uint32_t", "kind": "function", "signature": "(const Core::JSONRPC::Context & channel,const JListenRequest & request)", "scope": "WPEFramework::Plugin::LaunchDelegate", "scopeKind": "class"}, {"_type": "tag", "name": "Plugin", "path": "/home/kavia/workspace/code-generation/app-gateway2/app-gateway/LaunchDelegate/LaunchDelegate.cpp", "pattern": "/^namespace Plugin {$/", "file": true, "language": "C++", "kind": "namespace", "scope": "WPEFramework", "scopeKind": "namespace"}, {"_type": "tag", "name": "Ready", "path": "/home/kavia/workspace/code-generation/app-gateway2/app-gateway/LaunchDelegate/LaunchDelegate.cpp", "pattern": "/^\tCore::hresult LaunchDelegate::Ready(const Context& context, string& result ) $/", "language": "C++", "typeref": "typename:Core::hresult", "kind": "function", "signature": "(const Context & context,string & result)", "scope": "WPEFramework::Plugin::LaunchDelegate", "scopeKind": "class"}, {"_type": "tag", "name": "Register", "path": "/home/kavia/workspace/code-generation/app-gateway2/app-gateway/LaunchDelegate/LaunchDelegate.cpp", "pattern": "/^    Core::hresult LaunchDelegate::Register(Exchange::IAppGatewayResponder::INotification *notifi/", "language": "C++", "typeref": "typename:Core::hresult", "kind": "function", "signature": "(Exchange::IAppGatewayResponder::INotification * notification)", "scope": "WPEFramework::Plugin::LaunchDelegate", "scopeKind": "class"}, {"_type": "tag", "name": "RegisterAll", "path": "/home/kavia/workspace/code-generation/app-gateway2/app-gateway/LaunchDelegate/LaunchDelegate.cpp", "pattern": "/^    void LaunchDelegate::RegisterAll(){$/", "language": "C++", "typeref": "typename:void", "kind": "function", "signature": "()", "scope": "WPEFramework::Plugin::LaunchDelegate", "scopeKind": "class"}, {"_type": "tag", "name": "Request", "path": "/home/kavia/workspace/code-generation/app-gateway2/app-gateway/LaunchDelegate/LaunchDelegate.cpp", "pattern": "/^    Core::hresult LaunchDelegate::Request(const uint32_t connectionId \\/* @in *\\/, $/", "language": "C++", "typeref": "typename:Core::hresult", "kind": "function", "signature": "(const uint32_t connectionId,const uint32_t id,const string & method,const string & params)", "scope": "WPEFramework::Plugin::LaunchDelegate", "scopeKind": "class"}, {"_type": "tag", "name": "Respond", "path": "/home/kavia/workspace/code-generation/app-gateway2/app-gateway/LaunchDelegate/LaunchDelegate.cpp", "pattern": "/^    Core::hresult LaunchDelegate::Respond(const Context &context, const string &payload)$/", "language": "C++", "typeref": "typename:Core::hresult", "kind": "function", "signature": "(const Context & context,const string & payload)", "scope": "WPEFramework::Plugin::LaunchDelegate", "scopeKind": "class"}, {"_type": "tag", "name": "Session", "path": "/home/kavia/workspace/code-generation/app-gateway2/app-gateway/LaunchDelegate/LaunchDelegate.cpp", "pattern": "/^    uint32_t LaunchDelegate::Session(const Core::JSONRPC::Context& channel, const JAppSessionReq/", "language": "C++", "typeref": "typename:uint32_t", "kind": "function", "signature": "(const Core::JSONRPC::Context & channel,const JAppSessionRequest & request)", "scope": "WPEFramework::Plugin::LaunchDelegate", "scopeKind": "class"}, {"_type": "tag", "name": "SetSession", "path": "/home/kavia/workspace/code-generation/app-gateway2/app-gateway/LaunchDelegate/LaunchDelegate.cpp", "pattern": "/^    uint32_t LaunchDelegate::SetSession(const Core::JSONRPC::Context& channel, const JSetSession/", "language": "C++", "typeref": "typename:uint32_t", "kind": "function", "signature": "(const Core::JSONRPC::Context & channel,const JSetSession & request)", "scope": "WPEFramework::Plugin::LaunchDelegate", "scopeKind": "class"}, {"_type": "tag", "name": "SetupAppGatewayResponder", "path": "/home/kavia/workspace/code-generation/app-gateway2/app-gateway/LaunchDelegate/LaunchDelegate.cpp", "pattern": "/^        bool LaunchDelegate::SetupAppGatewayResponder() {$/", "language": "C++", "typeref": "typename:bool", "kind": "function", "signature": "()", "scope": "WPEFramework::Plugin::LaunchDelegate", "scopeKind": "class"}, {"_type": "tag", "name": "SetupAppNotifications", "path": "/home/kavia/workspace/code-generation/app-gateway2/app-gateway/LaunchDelegate/LaunchDelegate.cpp", "pattern": "/^        bool LaunchDelegate::SetupAppNotifications() {$/", "language": "C++", "typeref": "typename:bool", "kind": "function", "signature": "()", "scope": "WPEFramework::Plugin::LaunchDelegate", "scopeKind": "class"}, {"_type": "tag", "name": "State", "path": "/home/kavia/workspace/code-generation/app-gateway2/app-gateway/LaunchDelegate/LaunchDelegate.cpp", "pattern": "/^    Core::hresult LaunchDelegate::State( const Context& context \\/* @in *\\/ ,string& state  \\/* /", "language": "C++", "typeref": "typename:Core::hresult", "kind": "function", "signature": "(const Context & context,string & state)", "scope": "WPEFramework::Plugin::LaunchDelegate", "scopeKind": "class"}, {"_type": "tag", "name": "Unregister", "path": "/home/kavia/workspace/code-generation/app-gateway2/app-gateway/LaunchDelegate/LaunchDelegate.cpp", "pattern": "/^        Core::hresult LaunchDelegate::Unregister(Exchange::IAppGatewayResponder::INotification */", "language": "C++", "typeref": "typename:Core::hresult", "kind": "function", "signature": "(Exchange::IAppGatewayResponder::INotification * notification)", "scope": "WPEFramework::Plugin::LaunchDelegate", "scopeKind": "class"}, {"_type": "tag", "name": "UnregisterAll", "path": "/home/kavia/workspace/code-generation/app-gateway2/app-gateway/LaunchDelegate/LaunchDelegate.cpp", "pattern": "/^    void LaunchDelegate::UnregisterAll(){$/", "language": "C++", "typeref": "typename:void", "kind": "function", "signature": "()", "scope": "WPEFramework::Plugin::LaunchDelegate", "scopeKind": "class"}, {"_type": "tag", "name": "WPEFramework", "path": "/home/kavia/workspace/code-generation/app-gateway2/app-gateway/LaunchDelegate/LaunchDelegate.cpp", "pattern": "/^namespace WPEFramework {$/", "file": true, "language": "C++", "kind": "namespace"}, {"_type": "tag", "name": "__anondcb8d1a40111", "path": "/home/kavia/workspace/code-generation/app-gateway2/app-gateway/LaunchDelegate/LaunchDelegate.cpp", "pattern": "/^    namespace {$/", "file": true, "language": "C++", "kind": "namespace", "scope": "WPEFramework", "scopeKind": "namespace"}, {"_type": "tag", "name": "__anondcb8d1a40202", "path": "/home/kavia/workspace/code-generation/app-gateway2/app-gateway/LaunchDelegate/LaunchDelegate.cpp", "pattern": "/^                {$/", "file": true, "language": "C++", "typeref": "typename:bool", "kind": "function", "signature": "(const uint32_t connectionId, const std::string &token) ", "scope": "WPEFramework::Plugin::LaunchDelegate::initializeWebsocketServer", "scopeKind": "function"}, {"_type": "tag", "name": "__anondcb8d1a40302", "path": "/home/kavia/workspace/code-generation/app-gateway2/app-gateway/LaunchDelegate/LaunchDelegate.cpp", "pattern": "/^            {$/", "file": true, "language": "C++", "kind": "function", "signature": "(const std::string& method, const std::string& params, const uint32_t requestId, const uint32_t connectionId) ", "scope": "WPEFramework::Plugin::LaunchDelegate::initializeWebsocketServer", "scopeKind": "function"}, {"_type": "tag", "name": "__anondcb8d1a40402", "path": "/home/kavia/workspace/code-generation/app-gateway2/app-gateway/LaunchDelegate/LaunchDelegate.cpp", "pattern": "/^                {$/", "file": true, "language": "C++", "kind": "function", "signature": "(const uint32_t connectionId) ", "scope": "WPEFramework::Plugin::LaunchDelegate::initializeWebsocketServer", "scopeKind": "function"}, {"_type": "tag", "name": "__anondcb8d1a40502", "path": "/home/kavia/workspace/code-generation/app-gateway2/app-gateway/LaunchDelegate/LaunchDelegate.cpp", "pattern": "/^                {$/", "file": true, "language": "C++", "kind": "function", "signature": "(const ProviderContext& context, const std::string& payload) ", "scope": "WPEFramework::Plugin::LaunchDelegate::initializeDelegates", "scopeKind": "function"}, {"_type": "tag", "name": "__anondcb8d1a40602", "path": "/home/kavia/workspace/code-generation/app-gateway2/app-gateway/LaunchDelegate/LaunchDelegate.cpp", "pattern": "/^                {$/", "file": true, "language": "C++", "kind": "function", "signature": "(const string& event, const std::string& payload, const std::string& appId) ", "scope": "WPEFramework::Plugin::LaunchDelegate::initializeDelegates", "scopeKind": "function"}, {"_type": "tag", "name": "initializeDelegates", "path": "/home/kavia/workspace/code-generation/app-gateway2/app-gateway/LaunchDelegate/LaunchDelegate.cpp", "pattern": "/^        void LaunchDelegate::initializeDelegates() {$/", "language": "C++", "typeref": "typename:void", "kind": "function", "signature": "()", "scope": "WPEFramework::Plugin::LaunchDelegate", "scopeKind": "class"}, {"_type": "tag", "name": "initializeWebsocketServer", "path": "/home/kavia/workspace/code-generation/app-gateway2/app-gateway/LaunchDelegate/LaunchDelegate.cpp", "pattern": "/^    void LaunchDelegate::initializeWebsocketServer()$/", "language": "C++", "typeref": "typename:void", "kind": "function", "signature": "()", "scope": "WPEFramework::Plugin::LaunchDelegate", "scopeKind": "class"}, {"_type": "tag", "name": "metadata", "path": "/home/kavia/workspace/code-generation/app-gateway2/app-gateway/LaunchDelegate/LaunchDelegate.cpp", "pattern": "/^        static Plugin::Metadata<Plugin::LaunchDelegate> metadata($/", "file": true, "language": "C++", "typeref": "typename:Plugin::Metadata<Plugin::LaunchDelegate>", "kind": "variable", "scope": "WPEFramework::__anondcb8d1a40111", "scopeKind": "namespace"}, {"_type": "tag", "name": "updateAppLifeCycleState", "path": "/home/kavia/workspace/code-generation/app-gateway2/app-gateway/LaunchDelegate/LaunchDelegate.cpp", "pattern": "/^    void LaunchDelegate::updateAppLifeCycleState(const std::string& appId, const LifecycleState&/", "language": "C++", "typeref": "typename:void", "kind": "function", "signature": "(const std::string & appId,const LifecycleState & newState,LifecycleState & previous)", "scope": "WPEFramework::Plugin::LaunchDelegate", "scopeKind": "class"}, {"_type": "tag", "name": "~LaunchDelegate", "path": "/home/kavia/workspace/code-generation/app-gateway2/app-gateway/LaunchDelegate/LaunchDelegate.cpp", "pattern": "/^    LaunchDelegate::~LaunchDelegate()$/", "language": "C++", "kind": "function", "signature": "()", "scope": "WPEFramework::Plugin::LaunchDelegate", "scopeKind": "class"}], "hash": "3542f8be88dccfba5a1f70954f22c8b9", "format-version": 4, "code-base-name": "app-gateway2", "filename": "app-gateway/LaunchDelegate/LaunchDelegate.cpp", "fields": [{"name": "Plugin::Metadata<Plugin::LaunchDelegate> metadata", "scope": "WPEFramework::__anondcb8d1a40111", "scopeKind": "namespace", "description": "unavailable"}], "revision_history": [{"761": "727800fc84f5393f5ac231785d3764465fe20036"}]}