{"is_source_file": true, "format": "C++ header file", "description": "This file defines the UserSettingsDelegate class, which manages user settings and notifications related to localization, accessibility, audio, and language preferences via the IUserSettings interface. It includes methods to get and set various user settings, handle subscriptions, and process notifications.", "external_files": ["StringUtils.h", "BaseEventDelegate.h", "<interfaces/IUserSettings.h>", "UtilsLogging.h", "ObjectUtils.h"], "external_methods": ["StringUtils::toLower", "ObjectUtils::CreateBooleanJsonString", "ObjectUtils::BoolToJsonString", "Core::hresult", "Core::ERROR_NONE", "Core::ERROR_UNAVAILABLE", "Core::ERROR_GENERAL", "Core::ERROR_REMOTE", "Log ERR, INFO, TRACE, WARN functions"], "published": ["HandleSubscription", "HandleEvent", "GetVoiceGuidance", "GetAudioDescription", "GetAudioDescriptionsEnabled", "GetHighContrast", "GetCaptions", "SetVoiceGuidance", "SetAudioDescriptionsEnabled", "SetCaptions", "GetPresentationLanguage", "GetLocale", "SetLocale", "GetPreferredAudioLanguages", "GetPreferredCaptionsLanguages", "SetPreferredAudioLanguages", "SetPreferredCaptionsLanguages"], "classes": [{"name": "UserSettingsDelegate", "description": "A delegate class to handle user setting subscriptions, retrievals, updates, and notifications related to user preferences and accessibility features."}, {"name": "UserSettingsNotificationHandler", "description": "Inner class implementing IUserSettings::INotification to handle specific user settings change events and dispatch corresponding notifications."}], "methods": [{"name": "bool HandleSubscription(const string & event,const bool listen)", "description": "Manages subscription to a user setting event based on the event name and listen flag.", "scope": "UserSettingsDelegate", "scopeKind": "class"}, {"name": "bool HandleEvent(const string & event,const bool listen,bool & registrationError)", "description": "Handles an event request, subscribing or unsubscribing based on the event name and listen flag.", "scope": "UserSettingsDelegate", "scopeKind": "class"}, {"name": "Exchange::IUserSettings * GetUserSettingsInterface()", "description": "Retrieves and caches the IUserSettings interface pointer from the shell object.", "scope": "UserSettingsDelegate", "scopeKind": "class"}, {"name": "Core::hresult GetVoiceGuidance(string & result)", "description": "Fetches the voice guidance setting via IUserSettings.", "scope": "UserSettingsDelegate", "scopeKind": "class"}, {"name": "Core::hresult GetAudioDescription(string & result)", "description": "Fetches the audio description setting.", "scope": "UserSettingsDelegate", "scopeKind": "class"}, {"name": "Core::hresult GetAudioDescriptionsEnabled(string & result)", "description": "Fetches the audio description enabled status.", "scope": "UserSettingsDelegate", "scopeKind": "class"}, {"name": "Core::hresult GetHighContrast(string & result)", "description": "Fetches the high contrast setting.", "scope": "UserSettingsDelegate", "scopeKind": "class"}, {"name": "Core::hresult GetCaptions(string & result)", "description": "Fetches the closed captions setting.", "scope": "UserSettingsDelegate", "scopeKind": "class"}, {"name": "Core::hresult SetVoiceGuidance(const bool enabled)", "description": "Sets the voice guidance enabled status.", "scope": "UserSettingsDelegate", "scopeKind": "class"}, {"name": "Core::hresult SetAudioDescriptionsEnabled(const bool enabled)", "description": "Sets the audio description enabled status.", "scope": "UserSettingsDelegate", "scopeKind": "class"}, {"name": "Core::hresult SetCaptions(const bool enabled)", "description": "Sets the captions enabled status.", "scope": "UserSettingsDelegate", "scopeKind": "class"}, {"name": "Core::hresult GetPresentationLanguage(string & result)", "description": "Retrieves the presentation language, extracts language code.", "scope": "UserSettingsDelegate", "scopeKind": "class"}, {"name": "Core::hresult GetLocale(string & result)", "description": "Returns the user's locale string.", "scope": "UserSettingsDelegate", "scopeKind": "class"}, {"name": "Core::hresult SetLocale(const string & locale)", "description": "Sets the presentation language locale.", "scope": "UserSettingsDelegate", "scopeKind": "class"}, {"name": "Core::hresult GetPreferredAudioLanguages(string & result)", "description": "Gets preferred audio languages as a JSON array string.", "scope": "UserSettingsDelegate", "scopeKind": "class"}, {"name": "Core::hresult GetPreferredCaptionsLanguages(string & result)", "description": "Gets preferred captions languages as a JSON array string, defaulting to [\"eng\"] on error.", "scope": "UserSettingsDelegate", "scopeKind": "class"}, {"name": "Core::hresult SetPreferredAudioLanguages(const string & languages)", "description": "Sets preferred audio languages from JSON array or string input.", "scope": "UserSettingsDelegate", "scopeKind": "class"}, {"name": "Core::hresult SetPreferredCaptionsLanguages(const string & preferredLanguages)", "description": "Sets preferred captions languages from JSON array or string input.", "scope": "UserSettingsDelegate", "scopeKind": "class"}, {"name": "bool GetRegistered()", "scope": "UserSettingsDelegate::UserSettingsNotificationHandler", "scopeKind": "class", "description": "unavailable"}, {"name": "Core::hresult GetVoiceGuidanceHints(string & result)", "scope": "UserSettingsDelegate", "scopeKind": "class", "description": "unavailable"}, {"name": "Core::hresult GetVoiceGuidanceRate(double & rate)", "scope": "UserSettingsDelegate", "scopeKind": "class", "description": "unavailable"}, {"name": "void OnAudioDescriptionChanged(const bool enabled)", "scope": "UserSettingsDelegate::UserSettingsNotificationHandler", "scopeKind": "class", "description": "unavailable"}, {"name": "void OnBlockNotRatedContentChanged(const bool blockNotRatedContent)", "scope": "UserSettingsDelegate::UserSettingsNotificationHandler", "scopeKind": "class", "description": "unavailable"}, {"name": "void OnCaptionsChanged(const bool enabled)", "scope": "UserSettingsDelegate::UserSettingsNotificationHandler", "scopeKind": "class", "description": "unavailable"}, {"name": "void OnContentPinChanged(const string & contentPin)", "scope": "UserSettingsDelegate::UserSettingsNotificationHandler", "scopeKind": "class", "description": "unavailable"}, {"name": "void OnHighContrastChanged(const bool enabled)", "scope": "UserSettingsDelegate::UserSettingsNotificationHandler", "scopeKind": "class", "description": "unavailable"}, {"name": "void OnLiveWatershedChanged(const bool liveWatershed)", "scope": "UserSettingsDelegate::UserSettingsNotificationHandler", "scopeKind": "class", "description": "unavailable"}, {"name": "void OnPinControlChanged(const bool pinControl)", "scope": "UserSettingsDelegate::UserSettingsNotificationHandler", "scopeKind": "class", "description": "unavailable"}, {"name": "void OnPinOnPurchaseChanged(const bool pinOnPurchase)", "scope": "UserSettingsDelegate::UserSettingsNotificationHandler", "scopeKind": "class", "description": "unavailable"}, {"name": "void OnPlaybackWatershedChanged(const bool playbackWatershed)", "scope": "UserSettingsDelegate::UserSettingsNotificationHandler", "scopeKind": "class", "description": "unavailable"}, {"name": "void OnPreferredAudioLanguagesChanged(const string & preferredLanguages)", "scope": "UserSettingsDelegate::UserSettingsNotificationHandler", "scopeKind": "class", "description": "unavailable"}, {"name": "void OnPreferredCaptionsLanguagesChanged(const string & preferredLanguages)", "scope": "UserSettingsDelegate::UserSettingsNotificationHandler", "scopeKind": "class", "description": "unavailable"}, {"name": "void OnPreferredClosedCaptionServiceChanged(const string & service)", "scope": "UserSettingsDelegate::UserSettingsNotificationHandler", "scopeKind": "class", "description": "unavailable"}, {"name": "void OnPresentationLanguageChanged(const string & presentationLanguage)", "scope": "UserSettingsDelegate::UserSettingsNotificationHandler", "scopeKind": "class", "description": "unavailable"}, {"name": "void OnPrivacyModeChanged(const string & privacyMode)", "scope": "UserSettingsDelegate::UserSettingsNotificationHandler", "scopeKind": "class", "description": "unavailable"}, {"name": "void OnViewingRestrictionsChanged(const string & viewingRestrictions)", "scope": "UserSettingsDelegate::UserSettingsNotificationHandler", "scopeKind": "class", "description": "unavailable"}, {"name": "void OnViewingRestrictionsWindowChanged(const string & viewingRestrictionsWindow)", "scope": "UserSettingsDelegate::UserSettingsNotificationHandler", "scopeKind": "class", "description": "unavailable"}, {"name": "void OnVoiceGuidanceChanged(const bool enabled)", "scope": "UserSettingsDelegate::UserSettingsNotificationHandler", "scopeKind": "class", "description": "unavailable"}, {"name": "void OnVoiceGuidanceHintsChanged(const bool hints)", "scope": "UserSettingsDelegate::UserSettingsNotificationHandler", "scopeKind": "class", "description": "unavailable"}, {"name": "void OnVoiceGuidanceRateChanged(const double rate)", "scope": "UserSettingsDelegate::UserSettingsNotificationHandler", "scopeKind": "class", "description": "unavailable"}, {"name": "void SetRegistered(bool state)", "scope": "UserSettingsDelegate::UserSettingsNotificationHandler", "scopeKind": "class", "description": "unavailable"}, {"name": "Core::hresult SetVoiceGuidanceHints(const bool enabled)", "scope": "UserSettingsDelegate", "scopeKind": "class", "description": "unavailable"}, {"name": "Core::hresult SetVoiceGuidanceRate(const double rate)", "scope": "UserSettingsDelegate", "scopeKind": "class", "description": "unavailable"}, {"name": "UserSettingsDelegate(PluginHost::IShell * shell,Exchange::IAppNotifications * appNotifications)", "scope": "UserSettingsDelegate", "scopeKind": "class", "description": "unavailable"}, {"name": "UserSettingsNotificationHandler(UserSettingsDelegate & parent)", "scope": "UserSettingsDelegate::UserSettingsNotificationHandler", "scopeKind": "class", "description": "unavailable"}, {"name": "~UserSettingsDelegate()", "scope": "UserSettingsDelegate", "scopeKind": "class", "description": "unavailable"}, {"name": "~UserSettingsNotificationHandler()", "scope": "UserSettingsDelegate::UserSettingsNotificationHandler", "scopeKind": "class", "description": "unavailable"}], "calls": ["mShell->QueryInterfaceByCallsign<Exchange::IUserSettings>", "userSettings->GetVoiceGuidance", "userSettings->GetAudioDescription", "userSettings->GetHighContrast", "userSettings->GetCaptions", "userSettings->SetVoiceGuidance", "userSettings->SetAudioDescription", "userSettings->SetCaptions", "userSettings->GetPresentationLanguage", "userSettings->GetPreferredAudioLanguages", "userSettings->GetPreferredCaptionsLanguages", "userSettings->SetPreferredAudioLanguages", "userSettings->SetPreferredCaptionsLanguages"], "search-terms": ["UserSettingsDelegate", "IUserSettings", "UserSettingsNotification", "Accessibility", "Localization", "Language", "AudioDescriptions", "VoiceGuidance", "Captions", "Locale", "PresentationLanguage", "NotificationHandler"], "state": 2, "file_id": 90, "knowledge_revision": 769, "git_revision": "727800fc84f5393f5ac231785d3764465fe20036", "revision_history": [{"280": "1ce0cddd8bf3577c15ebcbcb06267a0b1965f3d1"}, {"351": "1ce0cddd8bf3577c15ebcbcb06267a0b1965f3d1"}, {"353": "5d3fef0257562d109a1914f20a61be6e30aabde2"}, {"371": "761da3cbf016614cf4ed4b19325827c8ea55414e"}, {"385": "761da3cbf016614cf4ed4b19325827c8ea55414e"}, {"491": "f46df40f859121711a9e2f758ab4d54412a05674"}, {"492": "f46df40f859121711a9e2f758ab4d54412a05674"}, {"493": "f46df40f859121711a9e2f758ab4d54412a05674"}, {"664": "fec348fab54a737008e897781acc65baab40814b"}, {"769": "727800fc84f5393f5ac231785d3764465fe20036"}], "ctags": [{"_type": "tag", "name": "GetAudioDescription", "path": "/home/kavia/workspace/code-generation/app-gateway2/app-gateway/FbSettings/delegate/UserSettingsDelegate.h", "pattern": "/^        Core::hresult GetAudioDescription(string& result) {$/", "language": "C++", "typeref": "typename:Core::hresult", "kind": "function", "signature": "(string & result)", "scope": "UserSettingsDelegate", "scopeKind": "class"}, {"_type": "tag", "name": "GetAudioDescriptionsEnabled", "path": "/home/kavia/workspace/code-generation/app-gateway2/app-gateway/FbSettings/delegate/UserSettingsDelegate.h", "pattern": "/^        Core::hresult GetAudioDescriptionsEnabled(string& result) {$/", "language": "C++", "typeref": "typename:Core::hresult", "kind": "function", "signature": "(string & result)", "scope": "UserSettingsDelegate", "scopeKind": "class"}, {"_type": "tag", "name": "GetCaptions", "path": "/home/kavia/workspace/code-generation/app-gateway2/app-gateway/FbSettings/delegate/UserSettingsDelegate.h", "pattern": "/^        Core::hresult GetCaptions(string& result) {$/", "language": "C++", "typeref": "typename:Core::hresult", "kind": "function", "signature": "(string & result)", "scope": "UserSettingsDelegate", "scopeKind": "class"}, {"_type": "tag", "name": "GetHighContrast", "path": "/home/kavia/workspace/code-generation/app-gateway2/app-gateway/FbSettings/delegate/UserSettingsDelegate.h", "pattern": "/^        Core::hresult GetHighContrast(string& result) {$/", "language": "C++", "typeref": "typename:Core::hresult", "kind": "function", "signature": "(string & result)", "scope": "UserSettingsDelegate", "scopeKind": "class"}, {"_type": "tag", "name": "GetLocale", "path": "/home/kavia/workspace/code-generation/app-gateway2/app-gateway/FbSettings/delegate/UserSettingsDelegate.h", "pattern": "/^        Core::hresult GetLocale(string& result) {$/", "language": "C++", "typeref": "typename:Core::hresult", "kind": "function", "signature": "(string & result)", "scope": "UserSettingsDelegate", "scopeKind": "class"}, {"_type": "tag", "name": "GetPreferredAudioLanguages", "path": "/home/kavia/workspace/code-generation/app-gateway2/app-gateway/FbSettings/delegate/UserSettingsDelegate.h", "pattern": "/^        Core::hresult GetPreferredAudioLanguages(string& result) {$/", "language": "C++", "typeref": "typename:Core::hresult", "kind": "function", "signature": "(string & result)", "scope": "UserSettingsDelegate", "scopeKind": "class"}, {"_type": "tag", "name": "GetPreferredCaptionsLanguages", "path": "/home/kavia/workspace/code-generation/app-gateway2/app-gateway/FbSettings/delegate/UserSettingsDelegate.h", "pattern": "/^        Core::hresult GetPreferredCaptionsLanguages(string& result) {$/", "language": "C++", "typeref": "typename:Core::hresult", "kind": "function", "signature": "(string & result)", "scope": "UserSettingsDelegate", "scopeKind": "class"}, {"_type": "tag", "name": "GetPresentationLanguage", "path": "/home/kavia/workspace/code-generation/app-gateway2/app-gateway/FbSettings/delegate/UserSettingsDelegate.h", "pattern": "/^        Core::hresult GetPresentationLanguage(string& result) {$/", "language": "C++", "typeref": "typename:Core::hresult", "kind": "function", "signature": "(string & result)", "scope": "UserSettingsDelegate", "scopeKind": "class"}, {"_type": "tag", "name": "GetRegistered", "path": "/home/kavia/workspace/code-generation/app-gateway2/app-gateway/FbSettings/delegate/UserSettingsDelegate.h", "pattern": "/^                bool GetRegistered() {$/", "language": "C++", "typeref": "typename:bool", "kind": "function", "signature": "()", "scope": "UserSettingsDelegate::UserSettingsNotificationHandler", "scopeKind": "class"}, {"_type": "tag", "name": "GetUserSettingsInterface", "path": "/home/kavia/workspace/code-generation/app-gateway2/app-gateway/FbSettings/delegate/UserSettingsDelegate.h", "pattern": "/^        Exchange::IUserSettings* GetUserSettingsInterface() {$/", "language": "C++", "typeref": "typename:Exchange::IUserSettings *", "kind": "function", "signature": "()", "scope": "UserSettingsDelegate", "scopeKind": "class"}, {"_type": "tag", "name": "GetVoiceGuidance", "path": "/home/kavia/workspace/code-generation/app-gateway2/app-gateway/FbSettings/delegate/UserSettingsDelegate.h", "pattern": "/^        Core::hresult GetVoiceGuidance(string& result) {$/", "language": "C++", "typeref": "typename:Core::hresult", "kind": "function", "signature": "(string & result)", "scope": "UserSettingsDelegate", "scopeKind": "class"}, {"_type": "tag", "name": "GetVoiceGuidanceHints", "path": "/home/kavia/workspace/code-generation/app-gateway2/app-gateway/FbSettings/delegate/UserSettingsDelegate.h", "pattern": "/^        Core::hresult GetVoiceGuidanceHints(string& result) {$/", "language": "C++", "typeref": "typename:Core::hresult", "kind": "function", "signature": "(string & result)", "scope": "UserSettingsDelegate", "scopeKind": "class"}, {"_type": "tag", "name": "GetVoiceGuidanceRate", "path": "/home/kavia/workspace/code-generation/app-gateway2/app-gateway/FbSettings/delegate/UserSettingsDelegate.h", "pattern": "/^        Core::hresult GetVoiceGuidanceRate(double& rate) {$/", "language": "C++", "typeref": "typename:Core::hresult", "kind": "function", "signature": "(double & rate)", "scope": "UserSettingsDelegate", "scopeKind": "class"}, {"_type": "tag", "name": "HandleEvent", "path": "/home/kavia/workspace/code-generation/app-gateway2/app-gateway/FbSettings/delegate/UserSettingsDelegate.h", "pattern": "/^        bool HandleEvent(const string &event, const bool listen, bool &registrationError) {$/", "language": "C++", "typeref": "typename:bool", "kind": "function", "signature": "(const string & event,const bool listen,bool & registrationError)", "scope": "UserSettingsDelegate", "scopeKind": "class"}, {"_type": "tag", "name": "HandleSubscription", "path": "/home/kavia/workspace/code-generation/app-gateway2/app-gateway/FbSettings/delegate/UserSettingsDelegate.h", "pattern": "/^        bool HandleSubscription(const string &event, const bool listen) {$/", "language": "C++", "typeref": "typename:bool", "kind": "function", "signature": "(const string & event,const bool listen)", "scope": "UserSettingsDelegate", "scopeKind": "class"}, {"_type": "tag", "name": "OnAudioDescriptionChanged", "path": "/home/kavia/workspace/code-generation/app-gateway2/app-gateway/FbSettings/delegate/UserSettingsDelegate.h", "pattern": "/^        void OnAudioDescriptionChanged(const bool enabled) {$/", "language": "C++", "typeref": "typename:void", "kind": "function", "signature": "(const bool enabled)", "scope": "UserSettingsDelegate::UserSettingsNotificationHandler", "scopeKind": "class"}, {"_type": "tag", "name": "OnBlockNotRatedContentChanged", "path": "/home/kavia/workspace/code-generation/app-gateway2/app-gateway/FbSettings/delegate/UserSettingsDelegate.h", "pattern": "/^        void OnBlockNotRatedContentChanged(const bool blockNotRatedContent) {$/", "language": "C++", "typeref": "typename:void", "kind": "function", "signature": "(const bool blockNotRatedContent)", "scope": "UserSettingsDelegate::UserSettingsNotificationHandler", "scopeKind": "class"}, {"_type": "tag", "name": "OnCaptionsChanged", "path": "/home/kavia/workspace/code-generation/app-gateway2/app-gateway/FbSettings/delegate/UserSettingsDelegate.h", "pattern": "/^        void OnCaptionsChanged(const bool enabled) {$/", "language": "C++", "typeref": "typename:void", "kind": "function", "signature": "(const bool enabled)", "scope": "UserSettingsDelegate::UserSettingsNotificationHandler", "scopeKind": "class"}, {"_type": "tag", "name": "OnContentPinChanged", "path": "/home/kavia/workspace/code-generation/app-gateway2/app-gateway/FbSettings/delegate/UserSettingsDelegate.h", "pattern": "/^        void OnContentPinChanged(const string& contentPin) {$/", "language": "C++", "typeref": "typename:void", "kind": "function", "signature": "(const string & contentPin)", "scope": "UserSettingsDelegate::UserSettingsNotificationHandler", "scopeKind": "class"}, {"_type": "tag", "name": "OnHighContrastChanged", "path": "/home/kavia/workspace/code-generation/app-gateway2/app-gateway/FbSettings/delegate/UserSettingsDelegate.h", "pattern": "/^        void OnHighContrastChanged(const bool enabled) {$/", "language": "C++", "typeref": "typename:void", "kind": "function", "signature": "(const bool enabled)", "scope": "UserSettingsDelegate::UserSettingsNotificationHandler", "scopeKind": "class"}, {"_type": "tag", "name": "OnLiveWatershedChanged", "path": "/home/kavia/workspace/code-generation/app-gateway2/app-gateway/FbSettings/delegate/UserSettingsDelegate.h", "pattern": "/^        void OnLiveWatershedChanged(const bool liveWatershed) {$/", "language": "C++", "typeref": "typename:void", "kind": "function", "signature": "(const bool liveWatershed)", "scope": "UserSettingsDelegate::UserSettingsNotificationHandler", "scopeKind": "class"}, {"_type": "tag", "name": "OnPinControlChanged", "path": "/home/kavia/workspace/code-generation/app-gateway2/app-gateway/FbSettings/delegate/UserSettingsDelegate.h", "pattern": "/^        void OnPinControlChanged(const bool pinControl) {$/", "language": "C++", "typeref": "typename:void", "kind": "function", "signature": "(const bool pinControl)", "scope": "UserSettingsDelegate::UserSettingsNotificationHandler", "scopeKind": "class"}, {"_type": "tag", "name": "OnPinOnPurchaseChanged", "path": "/home/kavia/workspace/code-generation/app-gateway2/app-gateway/FbSettings/delegate/UserSettingsDelegate.h", "pattern": "/^        void OnPinOnPurchaseChanged(const bool pinOnPurchase) {$/", "language": "C++", "typeref": "typename:void", "kind": "function", "signature": "(const bool pinOnPurchase)", "scope": "UserSettingsDelegate::UserSettingsNotificationHandler", "scopeKind": "class"}, {"_type": "tag", "name": "OnPlaybackWatershedChanged", "path": "/home/kavia/workspace/code-generation/app-gateway2/app-gateway/FbSettings/delegate/UserSettingsDelegate.h", "pattern": "/^        void OnPlaybackWatershedChanged(const bool playbackWatershed) {$/", "language": "C++", "typeref": "typename:void", "kind": "function", "signature": "(const bool playbackWatershed)", "scope": "UserSettingsDelegate::UserSettingsNotificationHandler", "scopeKind": "class"}, {"_type": "tag", "name": "OnPreferredAudioLanguagesChanged", "path": "/home/kavia/workspace/code-generation/app-gateway2/app-gateway/FbSettings/delegate/UserSettingsDelegate.h", "pattern": "/^        void OnPreferredAudioLanguagesChanged(const string& preferredLanguages) {$/", "language": "C++", "typeref": "typename:void", "kind": "function", "signature": "(const string & preferredLanguages)", "scope": "UserSettingsDelegate::UserSettingsNotificationHandler", "scopeKind": "class"}, {"_type": "tag", "name": "OnPreferredCaptionsLanguagesChanged", "path": "/home/kavia/workspace/code-generation/app-gateway2/app-gateway/FbSettings/delegate/UserSettingsDelegate.h", "pattern": "/^        void OnPreferredCaptionsLanguagesChanged(const string& preferredLanguages) {$/", "language": "C++", "typeref": "typename:void", "kind": "function", "signature": "(const string & preferredLanguages)", "scope": "UserSettingsDelegate::UserSettingsNotificationHandler", "scopeKind": "class"}, {"_type": "tag", "name": "OnPreferredClosedCaptionServiceChanged", "path": "/home/kavia/workspace/code-generation/app-gateway2/app-gateway/FbSettings/delegate/UserSettingsDelegate.h", "pattern": "/^        void OnPreferredClosedCaptionServiceChanged(const string& service) {$/", "language": "C++", "typeref": "typename:void", "kind": "function", "signature": "(const string & service)", "scope": "UserSettingsDelegate::UserSettingsNotificationHandler", "scopeKind": "class"}, {"_type": "tag", "name": "OnPresentationLanguageChanged", "path": "/home/kavia/workspace/code-generation/app-gateway2/app-gateway/FbSettings/delegate/UserSettingsDelegate.h", "pattern": "/^        void OnPresentationLanguageChanged(const string& presentationLanguage) {$/", "language": "C++", "typeref": "typename:void", "kind": "function", "signature": "(const string & presentationLanguage)", "scope": "UserSettingsDelegate::UserSettingsNotificationHandler", "scopeKind": "class"}, {"_type": "tag", "name": "OnPrivacyModeChanged", "path": "/home/kavia/workspace/code-generation/app-gateway2/app-gateway/FbSettings/delegate/UserSettingsDelegate.h", "pattern": "/^        void OnPrivacyModeChanged(const string& privacyMode) {$/", "language": "C++", "typeref": "typename:void", "kind": "function", "signature": "(const string & privacyMode)", "scope": "UserSettingsDelegate::UserSettingsNotificationHandler", "scopeKind": "class"}, {"_type": "tag", "name": "OnViewingRestrictionsChanged", "path": "/home/kavia/workspace/code-generation/app-gateway2/app-gateway/FbSettings/delegate/UserSettingsDelegate.h", "pattern": "/^        void OnViewingRestrictionsChanged(const string& viewingRestrictions) {$/", "language": "C++", "typeref": "typename:void", "kind": "function", "signature": "(const string & viewingRestrictions)", "scope": "UserSettingsDelegate::UserSettingsNotificationHandler", "scopeKind": "class"}, {"_type": "tag", "name": "OnViewingRestrictionsWindowChanged", "path": "/home/kavia/workspace/code-generation/app-gateway2/app-gateway/FbSettings/delegate/UserSettingsDelegate.h", "pattern": "/^        void OnViewingRestrictionsWindowChanged(const string& viewingRestrictionsWindow) {$/", "language": "C++", "typeref": "typename:void", "kind": "function", "signature": "(const string & viewingRestrictionsWindow)", "scope": "UserSettingsDelegate::UserSettingsNotificationHandler", "scopeKind": "class"}, {"_type": "tag", "name": "OnVoiceGuidanceChanged", "path": "/home/kavia/workspace/code-generation/app-gateway2/app-gateway/FbSettings/delegate/UserSettingsDelegate.h", "pattern": "/^        void OnVoiceGuidanceChanged(const bool enabled) {$/", "language": "C++", "typeref": "typename:void", "kind": "function", "signature": "(const bool enabled)", "scope": "UserSettingsDelegate::UserSettingsNotificationHandler", "scopeKind": "class"}, {"_type": "tag", "name": "OnVoiceGuidanceHintsChanged", "path": "/home/kavia/workspace/code-generation/app-gateway2/app-gateway/FbSettings/delegate/UserSettingsDelegate.h", "pattern": "/^        void OnVoiceGuidanceHintsChanged(const bool hints) {$/", "language": "C++", "typeref": "typename:void", "kind": "function", "signature": "(const bool hints)", "scope": "UserSettingsDelegate::UserSettingsNotificationHandler", "scopeKind": "class"}, {"_type": "tag", "name": "OnVoiceGuidanceRateChanged", "path": "/home/kavia/workspace/code-generation/app-gateway2/app-gateway/FbSettings/delegate/UserSettingsDelegate.h", "pattern": "/^        void OnVoiceGuidanceRateChanged(const double rate) {$/", "language": "C++", "typeref": "typename:void", "kind": "function", "signature": "(const double rate)", "scope": "UserSettingsDelegate::UserSettingsNotificationHandler", "scopeKind": "class"}, {"_type": "tag", "name": "SetAudioDescriptionsEnabled", "path": "/home/kavia/workspace/code-generation/app-gateway2/app-gateway/FbSettings/delegate/UserSettingsDelegate.h", "pattern": "/^        Core::hresult SetAudioDescriptionsEnabled(const bool enabled) {$/", "language": "C++", "typeref": "typename:Core::hresult", "kind": "function", "signature": "(const bool enabled)", "scope": "UserSettingsDelegate", "scopeKind": "class"}, {"_type": "tag", "name": "SetCaptions", "path": "/home/kavia/workspace/code-generation/app-gateway2/app-gateway/FbSettings/delegate/UserSettingsDelegate.h", "pattern": "/^        Core::hresult SetCaptions(const bool enabled) {$/", "language": "C++", "typeref": "typename:Core::hresult", "kind": "function", "signature": "(const bool enabled)", "scope": "UserSettingsDelegate", "scopeKind": "class"}, {"_type": "tag", "name": "SetLocale", "path": "/home/kavia/workspace/code-generation/app-gateway2/app-gateway/FbSettings/delegate/UserSettingsDelegate.h", "pattern": "/^        Core::hresult SetLocale(const string& locale) {$/", "language": "C++", "typeref": "typename:Core::hresult", "kind": "function", "signature": "(const string & locale)", "scope": "UserSettingsDelegate", "scopeKind": "class"}, {"_type": "tag", "name": "SetPreferredAudioLanguages", "path": "/home/kavia/workspace/code-generation/app-gateway2/app-gateway/FbSettings/delegate/UserSettingsDelegate.h", "pattern": "/^\tCore::hresult SetPreferredAudioLanguages(const string& languages) {$/", "language": "C++", "typeref": "typename:Core::hresult", "kind": "function", "signature": "(const string & languages)", "scope": "UserSettingsDelegate", "scopeKind": "class"}, {"_type": "tag", "name": "SetPreferredCaptionsLanguages", "path": "/home/kavia/workspace/code-generation/app-gateway2/app-gateway/FbSettings/delegate/UserSettingsDelegate.h", "pattern": "/^        Core::hresult SetPreferredCaptionsLanguages(const string& preferredLanguages) {$/", "language": "C++", "typeref": "typename:Core::hresult", "kind": "function", "signature": "(const string & preferredLanguages)", "scope": "UserSettingsDelegate", "scopeKind": "class"}, {"_type": "tag", "name": "SetRegistered", "path": "/home/kavia/workspace/code-generation/app-gateway2/app-gateway/FbSettings/delegate/UserSettingsDelegate.h", "pattern": "/^                void SetRegistered(bool state) {$/", "language": "C++", "typeref": "typename:void", "kind": "function", "signature": "(bool state)", "scope": "UserSettingsDelegate::UserSettingsNotificationHandler", "scopeKind": "class"}, {"_type": "tag", "name": "SetVoiceGuidance", "path": "/home/kavia/workspace/code-generation/app-gateway2/app-gateway/FbSettings/delegate/UserSettingsDelegate.h", "pattern": "/^        Core::hresult SetVoiceGuidance(const bool enabled) {$/", "language": "C++", "typeref": "typename:Core::hresult", "kind": "function", "signature": "(const bool enabled)", "scope": "UserSettingsDelegate", "scopeKind": "class"}, {"_type": "tag", "name": "SetVoiceGuidanceHints", "path": "/home/kavia/workspace/code-generation/app-gateway2/app-gateway/FbSettings/delegate/UserSettingsDelegate.h", "pattern": "/^        Core::hresult SetVoiceGuidanceHints(const bool enabled) {$/", "language": "C++", "typeref": "typename:Core::hresult", "kind": "function", "signature": "(const bool enabled)", "scope": "UserSettingsDelegate", "scopeKind": "class"}, {"_type": "tag", "name": "SetVoiceGuidanceRate", "path": "/home/kavia/workspace/code-generation/app-gateway2/app-gateway/FbSettings/delegate/UserSettingsDelegate.h", "pattern": "/^        Core::hresult SetVoiceGuidanceRate(const double rate) {$/", "language": "C++", "typeref": "typename:Core::hresult", "kind": "function", "signature": "(const double rate)", "scope": "UserSettingsDelegate", "scopeKind": "class"}, {"_type": "tag", "name": "USERSETTINGS_CALLSIGN", "path": "/home/kavia/workspace/code-generation/app-gateway2/app-gateway/FbSettings/delegate/UserSettingsDelegate.h", "pattern": "/^#define USERSETTINGS_CALLSIGN /", "language": "C++", "kind": "macro"}, {"_type": "tag", "name": "UserSettingsDelegate", "path": "/home/kavia/workspace/code-generation/app-gateway2/app-gateway/FbSettings/delegate/UserSettingsDelegate.h", "pattern": "/^        UserSettingsDelegate(PluginHost::IShell* shell,Exchange::IAppNotifications* appNotificat/", "language": "C++", "kind": "function", "signature": "(PluginHost::IShell * shell,Exchange::IAppNotifications * appNotifications)", "scope": "UserSettingsDelegate", "scopeKind": "class"}, {"_type": "tag", "name": "UserSettingsDelegate", "path": "/home/kavia/workspace/code-generation/app-gateway2/app-gateway/FbSettings/delegate/UserSettingsDelegate.h", "pattern": "/^class UserSettingsDelegate : public BaseEventDelegate{$/", "language": "C++", "kind": "class"}, {"_type": "tag", "name": "UserSettingsNotificationHandler", "path": "/home/kavia/workspace/code-generation/app-gateway2/app-gateway/FbSettings/delegate/UserSettingsDelegate.h", "pattern": "/^                 UserSettingsNotificationHandler(UserSettingsDelegate& parent) : mParent(parent)/", "language": "C++", "kind": "function", "signature": "(UserSettingsDelegate & parent)", "scope": "UserSettingsDelegate::UserSettingsNotificationHandler", "scopeKind": "class"}, {"_type": "tag", "name": "UserSettingsNotificationHandler", "path": "/home/kavia/workspace/code-generation/app-gateway2/app-gateway/FbSettings/delegate/UserSettingsDelegate.h", "pattern": "/^        class UserSettingsNotificationHandler: public Exchange::IUserSettings::INotification {$/", "language": "C++", "kind": "class", "scope": "UserSettingsDelegate", "scopeKind": "class"}, {"_type": "tag", "name": "VALID_USER_SETTINGS_EVENT", "path": "/home/kavia/workspace/code-generation/app-gateway2/app-gateway/FbSettings/delegate/UserSettingsDelegate.h", "pattern": "/^static const std::set<string> VALID_USER_SETTINGS_EVENT = {$/", "language": "C++", "typeref": "typename:const std::set<string>", "kind": "variable"}, {"_type": "tag", "name": "__USERSETTINGSDELEGATE_H__", "path": "/home/kavia/workspace/code-generation/app-gateway2/app-gateway/FbSettings/delegate/UserSettingsDelegate.h", "pattern": "/^#define __USERSETTINGSDELEGATE_H__$/", "language": "C++", "kind": "macro"}, {"_type": "tag", "name": "mNotificationHandler", "path": "/home/kavia/workspace/code-generation/app-gateway2/app-gateway/FbSettings/delegate/UserSettingsDelegate.h", "pattern": "/^        Core::Sink<UserSettingsNotificationHandler> mNotificationHandler;$/", "language": "C++", "typeref": "typename:Core::Sink<UserSettingsNotificationHandler>", "kind": "member", "scope": "UserSettingsDelegate", "scopeKind": "class"}, {"_type": "tag", "name": "mParent", "path": "/home/kavia/workspace/code-generation/app-gateway2/app-gateway/FbSettings/delegate/UserSettingsDelegate.h", "pattern": "/^                    UserSettingsDelegate& mParent;$/", "language": "C++", "typeref": "typename:UserSettingsDelegate &", "kind": "member", "scope": "UserSettingsDelegate::UserSettingsNotificationHandler", "scopeKind": "class"}, {"_type": "tag", "name": "mShell", "path": "/home/kavia/workspace/code-generation/app-gateway2/app-gateway/FbSettings/delegate/UserSettingsDelegate.h", "pattern": "/^        PluginHost::IShell* mShell;$/", "language": "C++", "typeref": "typename:PluginHost::IShell *", "kind": "member", "scope": "UserSettingsDelegate", "scopeKind": "class"}, {"_type": "tag", "name": "mUserSettings", "path": "/home/kavia/workspace/code-generation/app-gateway2/app-gateway/FbSettings/delegate/UserSettingsDelegate.h", "pattern": "/^        Exchange::IUserSettings *mUserSettings;$/", "language": "C++", "typeref": "typename:Exchange::IUserSettings *", "kind": "member", "scope": "UserSettingsDelegate", "scopeKind": "class"}, {"_type": "tag", "name": "registerMutex", "path": "/home/kavia/workspace/code-generation/app-gateway2/app-gateway/FbSettings/delegate/UserSettingsDelegate.h", "pattern": "/^                    std::mutex registerMutex;$/", "language": "C++", "typeref": "typename:std::mutex", "kind": "member", "scope": "UserSettingsDelegate::UserSettingsNotificationHandler", "scopeKind": "class"}, {"_type": "tag", "name": "registered", "path": "/home/kavia/workspace/code-generation/app-gateway2/app-gateway/FbSettings/delegate/UserSettingsDelegate.h", "pattern": "/^                    bool registered;$/", "language": "C++", "typeref": "typename:bool", "kind": "member", "scope": "UserSettingsDelegate::UserSettingsNotificationHandler", "scopeKind": "class"}, {"_type": "tag", "name": "~UserSettingsDelegate", "path": "/home/kavia/workspace/code-generation/app-gateway2/app-gateway/FbSettings/delegate/UserSettingsDelegate.h", "pattern": "/^        ~UserSettingsDelegate() {$/", "language": "C++", "kind": "function", "signature": "()", "scope": "UserSettingsDelegate", "scopeKind": "class"}, {"_type": "tag", "name": "~UserSettingsNotificationHandler", "path": "/home/kavia/workspace/code-generation/app-gateway2/app-gateway/FbSettings/delegate/UserSettingsDelegate.h", "pattern": "/^                ~UserSettingsNotificationHandler(){}$/", "language": "C++", "kind": "function", "signature": "()", "scope": "UserSettingsDelegate::UserSettingsNotificationHandler", "scopeKind": "class"}], "hash": "81a06aaa6a059ed515cb5f434783c9e7", "format-version": 4, "code-base-name": "app-gateway2", "filename": "app-gateway/FbSettings/delegate/UserSettingsDelegate.h", "fields": [{"name": "const std::set<string> VALID_USER_SETTINGS_EVENT", "scope": "", "scopeKind": "", "description": "unavailable"}, {"name": "Core::Sink<UserSettingsNotificationHandler> mNotificationHandler", "scope": "UserSettingsDelegate", "scopeKind": "class", "description": "unavailable"}, {"name": "UserSettingsDelegate & mParent", "scope": "UserSettingsDelegate::UserSettingsNotificationHandler", "scopeKind": "class", "description": "unavailable"}, {"name": "PluginHost::IShell * mShell", "scope": "UserSettingsDelegate", "scopeKind": "class", "description": "unavailable"}, {"name": "Exchange::IUserSettings * mUserSettings", "scope": "UserSettingsDelegate", "scopeKind": "class", "description": "unavailable"}, {"name": "std::mutex registerMutex", "scope": "UserSettingsDelegate::UserSettingsNotificationHandler", "scopeKind": "class", "description": "unavailable"}, {"name": "bool registered", "scope": "UserSettingsDelegate::UserSettingsNotificationHandler", "scopeKind": "class", "description": "unavailable"}]}