{"is_source_file": false, "format": "", "description": "", "external_files": [], "external_methods": [], "published": [], "classes": [], "methods": [], "calls": [], "search-terms": [], "state": 2, "file_id": 167, "knowledge_revision": 907, "git_revision": "2e2207c765a5d7b9ed495143eb1e3f3669c17951", "revision_history": [{"533": "29a5080329e5f08afebd86bd055b5f6119b1301a"}, {"720": "727800fc84f5393f5ac231785d3764465fe20036"}, {"907": "2e2207c765a5d7b9ed495143eb1e3f3669c17951"}], "hash": "f6756bea907c7fb94b07f630c08a1b75", "format-version": 4, "code-base-name": "app-gateway2", "filename": "app-gateway/AppGateway/appGatewayConfig.json"}