{"is_source_file": true, "format": "C++ header file", "description": "This file provides a minimal stub implementation for JFbSettings JSON-RPC registration helpers within the WPEFramework plugin system. It defines a struct with static methods to register and unregister JSON-RPC methods related to IFbSettings, but these implementations are no-ops to bypass the absence of actual generated headers.", "external_files": ["PluginHost::JSONRPC", "IFbSettings"], "external_methods": ["WPEFramework::PluginHost::JSONRPC", "WPEFramework::Exchange::IFbSettings"], "published": ["WPEFramework::Exchange::JFbSettings"], "classes": [{"name": "JFbSettings", "description": "A struct providing static no-op methods for registering and unregistering JSON-RPC methods for IFbSettings, acting as a stub due to missing generated headers."}], "methods": [{"name": "void Register(PluginHost::JSONRPC &,IFbSettings *)", "description": "No-op function intended to register JSON-RPC methods for IFbSettings.", "scope": "WPEFramework::Exchange::JFbSettings", "scopeKind": "struct"}, {"name": "void Unregister(PluginHost::JSONRPC &)", "description": "No-op function intended to unregister JSON-RPC methods for IFbSettings.", "scope": "WPEFramework::Exchange::JFbSettings", "scopeKind": "struct"}], "calls": [], "search-terms": ["JFbSettings", "JSONRPC", "stub", "no-op", "registration helpers", "JSON-RPC", "WPEFramework", "FbSettings", "interfaces"], "state": 2, "file_id": 114, "knowledge_revision": 359, "git_revision": "5d3fef0257562d109a1914f20a61be6e30aabde2", "revision_history": [{"340": ""}, {"359": "5d3fef0257562d109a1914f20a61be6e30aabde2"}], "ctags": [{"_type": "tag", "name": "Exchange", "path": "/home/kavia/workspace/code-generation/app-gateway2/app-gateway/FbSettings/interfaces/json/JFbSettings.h", "pattern": "/^namespace Exchange {$/", "language": "C++", "kind": "namespace", "scope": "WPEFramework", "scopeKind": "namespace"}, {"_type": "tag", "name": "JFbSettings", "path": "/home/kavia/workspace/code-generation/app-gateway2/app-gateway/FbSettings/interfaces/json/JFbSettings.h", "pattern": "/^    struct JFbSettings {$/", "language": "C++", "kind": "struct", "scope": "WPEFramework::Exchange", "scopeKind": "namespace"}, {"_type": "tag", "name": "PluginHost", "path": "/home/kavia/workspace/code-generation/app-gateway2/app-gateway/FbSettings/interfaces/json/JFbSettings.h", "pattern": "/^namespace PluginHost {$/", "language": "C++", "kind": "namespace", "scope": "WPEFramework", "scopeKind": "namespace"}, {"_type": "tag", "name": "Register", "path": "/home/kavia/workspace/code-generation/app-gateway2/app-gateway/FbSettings/interfaces/json/JFbSettings.h", "pattern": "/^        static void Register(PluginHost::JSONRPC& \\/*parent*\\/, IFbSettings* \\/*api*\\/) {$/", "language": "C++", "typeref": "typename:void", "kind": "function", "signature": "(PluginHost::JSONRPC &,IFbSettings *)", "scope": "WPEFramework::Exchange::JFbSettings", "scopeKind": "struct"}, {"_type": "tag", "name": "Unregister", "path": "/home/kavia/workspace/code-generation/app-gateway2/app-gateway/FbSettings/interfaces/json/JFbSettings.h", "pattern": "/^        static void Unregister(PluginHost::JSONRPC& \\/*parent*\\/) {$/", "language": "C++", "typeref": "typename:void", "kind": "function", "signature": "(PluginHost::JSONRPC &)", "scope": "WPEFramework::Exchange::JFbSettings", "scopeKind": "struct"}, {"_type": "tag", "name": "WPEFramework", "path": "/home/kavia/workspace/code-generation/app-gateway2/app-gateway/FbSettings/interfaces/json/JFbSettings.h", "pattern": "/^namespace WPEFramework {$/", "language": "C++", "kind": "namespace"}], "hash": "48a822d166923ce6f1d1bbc0b19a5357", "format-version": 4, "code-base-name": "app-gateway2", "filename": "app-gateway/FbSettings/interfaces/json/JFbSettings.h"}