{"is_source_file": true, "format": "C++", "description": "This source file appears to be the implementation (.cpp) for the OttServices plugin, defining the class OttServices, its constructor, destructor, initialization, deinitialization, and handling remote connection deactivation.", "external_files": ["OttServices.h", "OttServicesImplementation.h", "<core/Enumerate.h>", "<plugins/plugins.h>", "UtilsLogging.h", "<interfaces/IConfiguration.h>", "<interfaces/json/JsonData_OttServices.h>", "<interfaces/json/JOttServices.h>"], "external_methods": ["Plugin::Metadata<Plugin::OttServices>", "service->Root<Exchange::IOttServices>", "configConnection->Configure", "Exchange::JOttServices::Register", "Exchange::JOttServices::Unregister", "service->RemoteConnection", "connection->Terminate"], "published": ["OttServices::Initialize", "OttServices::Deinitialize", "OttServices::Deactivated"], "classes": [{"name": "OttServices", "description": "Implements a plugin for OttServices with lifecycle management and remote interface handling."}], "methods": [{"name": "OttServices()", "description": "Constructor initializing member variables and logging startup.", "scope": "WPEFramework::Plugin::OttServices", "scopeKind": "class"}, {"name": "~OttServices()", "description": "Destructor logging shutdown.", "scope": "WPEFramework::Plugin::OttServices", "scopeKind": "class"}, {"name": "const string Initialize(PluginHost::IShell * service)", "description": "Initializes the plugin, acquires remote service, configures if possible, and registers related JSON-RPC methods.", "scope": "WPEFramework::Plugin::OttServices", "scopeKind": "class"}, {"name": "void Deinitialize(PluginHost::IShell * service)", "description": "Cleans up resources, unregisters methods, releases remote service, and terminates connection.", "scope": "WPEFramework::Plugin::OttServices", "scopeKind": "class"}, {"name": "void Deactivated(RPC::IRemoteConnection * connection)", "description": "Handles remote connection deactivation by submitting a deactivation job to the worker pool.", "scope": "WPEFramework::Plugin::OttServices", "scopeKind": "class"}], "calls": ["syslog(Logging::Startup, ...)", "syslog(Logging::Shutdown, ...)", "ASSERT", "service->AddRef()", "service->Root<Exchange::IOttServices>", "configConnection->Configure(service)", "Exchange::JOttServices::Register", "Exchange::JOttServices::Unregister", "service->RemoteConnection", "connection->Terminate", "connection->Release()", "core::IWorkerPool::Instance().Submit"], "search-terms": ["OttServices::Initialize", "OttServices::Deinitialize", "OttServices::Deactivated", "OttoServicesImplementation", "IOttServices", "JsonData_OttServices", "JOttServices", "SERVICE_REGISTRATION"], "state": 2, "file_id": 50, "knowledge_revision": 446, "git_revision": "11687bdf35796aa59ae3a1afecde9935f4bdd400", "revision_history": [{"158": ""}, {"164": ""}, {"165": ""}, {"172": "0122b584310d777b8d07f9a9be695f2cb90c09dd"}, {"194": "c8e47b2a6d37c6d5c56d0ecafffe3d8cbec64b9e"}, {"245": "648fe4facac7e3617f078e1af2f5ab5734b54229"}, {"253": "b0e01aa51ae6843a5d01bbae74faf0038a2e4a91"}, {"258": "b980f4e3e253a8299a669f5f0622cb22913a253d"}, {"293": "4fa73e22cce1e6fa41fc0a783673c0785ee039a2"}, {"374": "4fa73e22cce1e6fa41fc0a783673c0785ee039a2"}, {"375": "4fa73e22cce1e6fa41fc0a783673c0785ee039a2"}, {"376": "4fa73e22cce1e6fa41fc0a783673c0785ee039a2"}, {"401": "d1245e2defefd4d22e10c9a8b0f2c5cd582766e3"}, {"408": "758c7387764e198c832ddc6c3181fe4b0fbf5555"}, {"415": "758c7387764e198c832ddc6c3181fe4b0fbf5555"}, {"434": "643d99dcf0c18fc0c4d7237156b8d8006c8954a8"}, {"446": "11687bdf35796aa59ae3a1afecde9935f4bdd400"}], "ctags": [{"_type": "tag", "name": "API_VERSION_NUMBER_MAJOR", "path": "/home/kavia/workspace/code-generation/app-gateway2/app-gateway/OttServices/OttServices.cpp", "pattern": "/^#define API_VERSION_NUMBER_MAJOR /", "file": true, "language": "C++", "kind": "macro"}, {"_type": "tag", "name": "API_VERSION_NUMBER_MINOR", "path": "/home/kavia/workspace/code-generation/app-gateway2/app-gateway/OttServices/OttServices.cpp", "pattern": "/^#define API_VERSION_NUMBER_MINOR /", "file": true, "language": "C++", "kind": "macro"}, {"_type": "tag", "name": "API_VERSION_NUMBER_PATCH", "path": "/home/kavia/workspace/code-generation/app-gateway2/app-gateway/OttServices/OttServices.cpp", "pattern": "/^#define API_VERSION_NUMBER_PATCH /", "file": true, "language": "C++", "kind": "macro"}, {"_type": "tag", "name": "Deactivated", "path": "/home/kavia/workspace/code-generation/app-gateway2/app-gateway/OttServices/OttServices.cpp", "pattern": "/^    void OttServices::Deactivated(RPC::IRemoteConnection* connection)$/", "language": "C++", "typeref": "typename:void", "kind": "function", "signature": "(RPC::IRemoteConnection * connection)", "scope": "WPEFramework::Plugin::OttServices", "scopeKind": "class"}, {"_type": "tag", "name": "Deinitialize", "path": "/home/kavia/workspace/code-generation/app-gateway2/app-gateway/OttServices/OttServices.cpp", "pattern": "/^    \\/* virtual *\\/ void OttServices::Deinitialize(PluginHost::IShell* service)$/", "language": "C++", "typeref": "typename:void", "kind": "function", "signature": "(PluginHost::IShell * service)", "scope": "WPEFramework::Plugin::OttServices", "scopeKind": "class"}, {"_type": "tag", "name": "Initialize", "path": "/home/kavia/workspace/code-generation/app-gateway2/app-gateway/OttServices/OttServices.cpp", "pattern": "/^    \\/* virtual *\\/ const string OttServices::Initialize(PluginHost::IShell* service)$/", "language": "C++", "typeref": "typename:const string", "kind": "function", "signature": "(PluginHost::IShell * service)", "scope": "WPEFramework::Plugin::OttServices", "scopeKind": "class"}, {"_type": "tag", "name": "OttServices", "path": "/home/kavia/workspace/code-generation/app-gateway2/app-gateway/OttServices/OttServices.cpp", "pattern": "/^    OttServices::OttServices()$/", "language": "C++", "kind": "function", "signature": "()", "scope": "WPEFramework::Plugin::OttServices", "scopeKind": "class"}, {"_type": "tag", "name": "Plugin", "path": "/home/kavia/workspace/code-generation/app-gateway2/app-gateway/OttServices/OttServices.cpp", "pattern": "/^namespace Plugin {$/", "file": true, "language": "C++", "kind": "namespace", "scope": "WPEFramework", "scopeKind": "namespace"}, {"_type": "tag", "name": "WPEFramework", "path": "/home/kavia/workspace/code-generation/app-gateway2/app-gateway/OttServices/OttServices.cpp", "pattern": "/^namespace WPEFramework {$/", "file": true, "language": "C++", "kind": "namespace"}, {"_type": "tag", "name": "__anon5970d6ce0111", "path": "/home/kavia/workspace/code-generation/app-gateway2/app-gateway/OttServices/OttServices.cpp", "pattern": "/^namespace {$/", "file": true, "language": "C++", "kind": "namespace", "scope": "WPEFramework", "scopeKind": "namespace"}, {"_type": "tag", "name": "metadata", "path": "/home/kavia/workspace/code-generation/app-gateway2/app-gateway/OttServices/OttServices.cpp", "pattern": "/^    static Plugin::Metadata<Plugin::OttServices> metadata($/", "file": true, "language": "C++", "typeref": "typename:Plugin::Metadata<Plugin::OttServices>", "kind": "variable", "scope": "WPEFramework::__anon5970d6ce0111", "scopeKind": "namespace"}, {"_type": "tag", "name": "~OttServices", "path": "/home/kavia/workspace/code-generation/app-gateway2/app-gateway/OttServices/OttServices.cpp", "pattern": "/^    OttServices::~OttServices()$/", "language": "C++", "kind": "function", "signature": "()", "scope": "WPEFramework::Plugin::OttServices", "scopeKind": "class"}], "hash": "68337523a406838aa11bf196b0910ea9", "format-version": 4, "code-base-name": "app-gateway2", "filename": "app-gateway/OttServices/OttServices.cpp", "fields": [{"name": "Plugin::Metadata<Plugin::OttServices> metadata", "scope": "WPEFramework::__anon5970d6ce0111", "scopeKind": "namespace", "description": "unavailable"}]}