{"is_source_file": true, "format": "C++ header (.h)", "description": "This file defines the IOttServices interface in the WPEFramework exchange namespace. It exposes methods for pinging the service, managing permissions, and interacting with permissions cache, intended for COMRPC communication.", "external_files": ["Module.h"], "external_methods": ["Core::hresult", "Core::IUnknown", "string", "uint32_t"], "published": ["IOttServices"], "classes": [{"name": "IOttServices", "description": "An interface for OttServices plugin, providing permission management and service ping functionality via COMRPC."}], "methods": [{"name": "Ping", "description": "Echoes a message and replies with a pong-style response."}, {"name": "GetPermissions", "description": "Retrieves permissions for a specified application as a JSON array string."}, {"name": "InvalidatePermissions", "description": "Invalidates cached permissions for a given application identifier."}, {"name": "UpdatePermissionsCache", "description": "Refreshes the permissions cache for a specified application and returns the number of permissions updated."}], "calls": ["Core::IUnknown", "IOttServices::Ping", "IOttServices::GetPermissions", "IOttServices::InvalidatePermissions", "IOttServices::UpdatePermissionsCache"], "search-terms": ["IOttServices", "COMRPC interface", "permissions cache", "OttServices plugin", "declare interface"], "state": 2, "file_id": 125, "knowledge_revision": 440, "git_revision": "11687bdf35796aa59ae3a1afecde9935f4bdd400", "revision_history": [{"399": "cbf099efe7baa29a2cf47b3e153bd4dc91ec34df"}, {"440": "11687bdf35796aa59ae3a1afecde9935f4bdd400"}], "ctags": [{"_type": "tag", "name": "Exchange", "path": "/home/kavia/workspace/code-generation/app-gateway2/app-gateway/OttServices/interfaces/IOttServices.h", "pattern": "/^namespace Exchange {$/", "language": "C++", "kind": "namespace", "scope": "WPEFramework", "scopeKind": "namespace"}, {"_type": "tag", "name": "ID", "path": "/home/kavia/workspace/code-generation/app-gateway2/app-gateway/OttServices/interfaces/IOttServices.h", "pattern": "/^        enum { ID = ID_OTT_SERVICES };$/", "language": "C++", "kind": "enumerator", "scope": "WPEFramework::Exchange::IOttServices::__anon249fa5cf0103", "scopeKind": "enum"}, {"_type": "tag", "name": "IOttServices", "path": "/home/kavia/workspace/code-generation/app-gateway2/app-gateway/OttServices/interfaces/IOttServices.h", "pattern": "/^    struct EXTERNAL IOttServices : virtual public Core::IUnknown {$/", "language": "C++", "kind": "struct", "scope": "WPEFramework::Exchange", "scopeKind": "namespace"}, {"_type": "tag", "name": "WPEFramework", "path": "/home/kavia/workspace/code-generation/app-gateway2/app-gateway/OttServices/interfaces/IOttServices.h", "pattern": "/^namespace WPEFramework {$/", "language": "C++", "kind": "namespace"}, {"_type": "tag", "name": "__anon249fa5cf0103", "path": "/home/kavia/workspace/code-generation/app-gateway2/app-gateway/OttServices/interfaces/IOttServices.h", "pattern": "/^        enum { ID = ID_OTT_SERVICES };$/", "language": "C++", "kind": "enum", "scope": "WPEFramework::Exchange::IOttServices", "scopeKind": "struct"}], "hash": "a68fb3e41c9e99b91b02c7723995c148", "format-version": 4, "code-base-name": "app-gateway2", "filename": "app-gateway/OttServices/interfaces/IOttServices.h"}