{"is_source_file": true, "format": "C++", "description": "This source file implements the PermissionsClient class which provides methods to interact with a gRPC Permissions Service. It includes methods for permissions enumeration, retrieval, granting, setting, revoking, deletion, authorization, and registration functionalities, with internal helpers for channel creation and gRPC status mapping.", "external_files": ["PermissionsClient.h", "UtilsLogging.h", "<algorithm>", "<utility>", "<grpcpp/security/credentials.h>"], "external_methods": ["grpc::CreateChannel", "grpc::SslCredentials", "grpc::InsecureChannelCredentials", "_stub->EnumeratePermissions", "_stub->Get", "_stub->Grant", "_stub->Set", "_stub->Revoke", "_stub->Delete", "_stub->Authorize", "_stub->GetAllForApp", "_stub->GetAllAppKeys", "_stub->GetThorToken", "_stub->GetRegisteredPermissions", "_stub->RegisterPermissions", "_stub->DeleteRegisteredPermission"], "published": ["PermissionsClient"], "classes": [{"name": "PermissionsClient", "description": "A client class for interacting with a gRPC-based permissions service, providing methods for permission management and token retrieval."}], "methods": [{"name": "PermissionsClient(const std::string & endpoint,bool useTls)", "description": "Constructor initializing the client with endpoint and security credentials.", "scope": "WPEFramework::Plugin::PermissionsClient", "scopeKind": "class"}, {"name": "~PermissionsClient", "description": "Destructor for cleanup if necessary."}, {"name": "std::string Endpoint() const", "description": "Returns the endpoint URL.", "scope": "WPEFramework::Plugin::PermissionsClient", "scopeKind": "class"}, {"name": "std::shared_ptr<grpc::Channel> CreateChannel(const std::string & endpoint,const std::shared_ptr<grpc::ChannelCredentials> & creds)", "description": "Creates and returns a gRPC channel, either secure (TLS) or insecure, based on parameters.", "scope": "WPEFramework::Plugin::PermissionsClient", "scopeKind": "class"}, {"name": "uint32_t EnumeratePermissions(const std::string & appId,const std::string & partnerId,const std::string & bearerToken,const std::string & deviceId,const std::string & accountId,const std::vector<std::string> & filters,std::vector<std::string> & outPermissions) const", "description": "Retrieves permissions for a given app and partner, filtered by provided permission filters.", "scope": "WPEFramework::Plugin::PermissionsClient", "scopeKind": "class"}, {"name": "uint32_t Get(const std::string & appId,const std::string & partnerId,const std::string & bearerToken,const std::string & deviceId,const std::string & accountId,ottx::permission::ApplicationPermissions & outAppPermissions) const", "description": "Gets application permissions details for a specified app and partner.", "scope": "WPEFramework::Plugin::PermissionsClient", "scopeKind": "class"}, {"name": "uint32_t Grant(const std::string & appId,const std::string & partnerId,const std::vector<std::string> & bundles,const std::vector<std::string> & permissions,const std::string & bearerToken,const std::string & deviceId,const std::string & accountId,ottx::permission::ApplicationPermissions & outAppPermissions) const", "description": "Grants specified permissions and bundles for an app and partner.", "scope": "WPEFramework::Plugin::PermissionsClient", "scopeKind": "class"}, {"name": "uint32_t Set(const std::string & appId,const std::string & partnerId,const std::vector<std::string> & bundles,const std::vector<std::string> & includes,const std::vector<std::string> & excludes,const std::string & bearerToken,const std::string & deviceId,const std::string & accountId,ottx::permission::ApplicationPermissions & outAppPermissions) const", "description": "Sets permissions with included and excluded filter lists for an app.", "scope": "WPEFramework::Plugin::PermissionsClient", "scopeKind": "class"}, {"name": "uint32_t Revoke(const std::string & appId,const std::string & partnerId,const std::vector<std::string> & bundles,const std::vector<std::string> & permissions,const std::string & bearerToken,const std::string & deviceId,const std::string & accountId,ottx::permission::ApplicationPermissions & outAppPermissions) const", "description": "Revokes specified permissions and bundles for an app and partner.", "scope": "WPEFramework::Plugin::PermissionsClient", "scopeKind": "class"}, {"name": "uint32_t Delete(const std::string & appId,const std::string & partnerId,const std::string & bearerToken,const std::string & deviceId,const std::string & accountId) const", "description": "Deletes permissions for a given app and partner.", "scope": "WPEFramework::Plugin::PermissionsClient", "scopeKind": "class"}, {"name": "uint32_t Authorize(const std::string & sessionToken,const std::vector<std::string> & filters,const std::string & bearerToken,const std::string & deviceId,const std::string & accountId,const std::string & partnerId,std::vector<std::string> & outPermissions) const", "description": "Authorizes permissions based on a session token and filters, returning authorized permissions.", "scope": "WPEFramework::Plugin::PermissionsClient", "scopeKind": "class"}, {"name": "uint32_t GetAllForApp(const std::string & app,const std::string & bearerToken,const std::string & deviceId,const std::string & accountId,const std::string & partnerId,std::vector<ottx::permission::ApplicationPermissions> & outList) const", "description": "Retrieves all permissions associated with a specific application.", "scope": "WPEFramework::Plugin::PermissionsClient", "scopeKind": "class"}, {"name": "uint32_t GetAllAppKeys(const std::string & bearerToken,const std::string & deviceId,const std::string & accountId,const std::string & partnerId,std::vector<ottx::permission::AppKeys> & outKeys) const", "description": "Retrieves all application keys accessible with the provided credentials.", "scope": "WPEFramework::Plugin::PermissionsClient", "scopeKind": "class"}, {"name": "uint32_t GetThorToken(const std::string & app,const std::string & contentProvider,const std::string & deviceSessionId,const std::string & appSessionId,const std::string & tokenMode,int32_t ttl,const std::string & bearerToken,const std::string & deviceId,const std::string & accountId,const std::string & partnerId,std::string & outToken) const", "description": "Obtains a Thor token for a particular content provider and session parameters.", "scope": "WPEFramework::Plugin::PermissionsClient", "scopeKind": "class"}, {"name": "uint32_t GetRegisteredPermissions(const std::string & bearerToken,const std::string & deviceId,const std::string & accountId,const std::string & partnerId,std::vector<ottx::permission::Permission> & outPermissions) const", "description": "Fetches the list of registered permissions.", "scope": "WPEFramework::Plugin::PermissionsClient", "scopeKind": "class"}, {"name": "uint32_t RegisterPermissions(const std::vector<ottx::permission::Permission> & permissions,bool replaceAll,const std::string & bearerToken,const std::string & deviceId,const std::string & accountId,const std::string & partnerId) const", "description": "Registers new permissions, optionally replacing existing ones.", "scope": "WPEFramework::Plugin::PermissionsClient", "scopeKind": "class"}, {"name": "uint32_t DeleteRegisteredPermission(const ottx::permission::Permission & permission,const std::string & bearerToken,const std::string & deviceId,const std::string & accountId,const std::string & partnerId) const", "description": "Deletes a specific registered permission.", "scope": "WPEFramework::Plugin::PermissionsClient", "scopeKind": "class"}, {"name": "std::shared_ptr<grpc::Channel> CreateChannel(const std::string & endpoint,bool useTls)", "scope": "WPEFramework::Plugin::PermissionsClient", "scopeKind": "class", "description": "unavailable"}, {"name": "uint32_t MapGrpcStatusToCore(const grpc::Status & status)", "scope": "WPEFramework::Plugin::__anon8541356e0111", "scopeKind": "namespace", "description": "unavailable"}, {"name": "PermissionsClient(const std::string & endpoint,std::shared_ptr<grpc::ChannelCredentials> creds)", "scope": "WPEFramework::Plugin::PermissionsClient", "scopeKind": "class", "description": "unavailable"}, {"name": "void SetCommonMetadata(grpc::ClientContext & ctx,const std::string & bearerToken,const std::string & deviceId,const std::string & accountId,const std::string & partnerId)", "scope": "WPEFramework::Plugin::__anon8541356e0111", "scopeKind": "namespace", "description": "unavailable"}], "calls": ["grpc::CreateChannel", "grpc::SslCredentials", "grpc::InsecureChannelCredentials", "_stub->EnumeratePermissions", "_stub->Get", "_stub->Grant", "_stub->Set", "_stub->Revoke", "_stub->Delete", "_stub->Authorize", "_stub->GetAllForApp", "_stub->GetAllAppKeys", "_stub->GetThorToken", "_stub->GetRegisteredPermissions", "_stub->RegisterPermissions", "_stub->DeleteRegisteredPermission", "SetCommonMetadata", "MapGrpcStatusToCore"], "search-terms": ["PermissionsClient", "gRPC Permissions Service", "AppPermissions", "Authorization Metadata", "EnumeratePermissions", "GrantPermissions", "RevokePermissions", "GetApplicationPermissions", "ThorToken", "Permissions Registration"], "state": 2, "file_id": 54, "knowledge_revision": 499, "git_revision": "c8a62fa3849b47b4ed06d81e358dad4d2c8bb379", "revision_history": [{"170": ""}, {"183": "e4273afc134752a8c6e1abdea7c176de8e44b354"}, {"291": "e298f50bdcb1af92a6a3e942be2f66bfc2e9cdb5"}, {"499": "c8a62fa3849b47b4ed06d81e358dad4d2c8bb379"}], "ctags": [{"_type": "tag", "name": "Authorize", "path": "/home/kavia/workspace/code-generation/app-gateway2/app-gateway/OttServices/PermissionsClient.cpp", "pattern": "/^    uint32_t PermissionsClient::Authorize(const std::string& sessionToken,$/", "language": "C++", "typeref": "typename:uint32_t", "kind": "function", "signature": "(const std::string & sessionToken,const std::vector<std::string> & filters,const std::string & bearerToken,const std::string & deviceId,const std::string & accountId,const std::string & partnerId,std::vector<std::string> & outPermissions) const", "scope": "WPEFramework::Plugin::PermissionsClient", "scopeKind": "class"}, {"_type": "tag", "name": "CreateChannel", "path": "/home/kavia/workspace/code-generation/app-gateway2/app-gateway/OttServices/PermissionsClient.cpp", "pattern": "/^    std::shared_ptr<grpc::Channel> PermissionsClient::CreateChannel($/", "language": "C++", "typeref": "typename:std::shared_ptr<grpc::Channel>", "kind": "function", "signature": "(const std::string & endpoint,const std::shared_ptr<grpc::ChannelCredentials> & creds)", "scope": "WPEFramework::Plugin::PermissionsClient", "scopeKind": "class"}, {"_type": "tag", "name": "CreateChannel", "path": "/home/kavia/workspace/code-generation/app-gateway2/app-gateway/OttServices/PermissionsClient.cpp", "pattern": "/^    std::shared_ptr<grpc::Channel> PermissionsClient::CreateChannel(const std::string& endpoint,/", "language": "C++", "typeref": "typename:std::shared_ptr<grpc::Channel>", "kind": "function", "signature": "(const std::string & endpoint,bool useTls)", "scope": "WPEFramework::Plugin::PermissionsClient", "scopeKind": "class"}, {"_type": "tag", "name": "Delete", "path": "/home/kavia/workspace/code-generation/app-gateway2/app-gateway/OttServices/PermissionsClient.cpp", "pattern": "/^    uint32_t PermissionsClient::Delete(const std::string& appId,$/", "language": "C++", "typeref": "typename:uint32_t", "kind": "function", "signature": "(const std::string & appId,const std::string & partnerId,const std::string & bearerToken,const std::string & deviceId,const std::string & accountId) const", "scope": "WPEFramework::Plugin::PermissionsClient", "scopeKind": "class"}, {"_type": "tag", "name": "DeleteRegisteredPermission", "path": "/home/kavia/workspace/code-generation/app-gateway2/app-gateway/OttServices/PermissionsClient.cpp", "pattern": "/^    uint32_t PermissionsClient::DeleteRegisteredPermission(const ottx::permission::Permission& p/", "language": "C++", "typeref": "typename:uint32_t", "kind": "function", "signature": "(const ottx::permission::Permission & permission,const std::string & bearerToken,const std::string & deviceId,const std::string & accountId,const std::string & partnerId) const", "scope": "WPEFramework::Plugin::PermissionsClient", "scopeKind": "class"}, {"_type": "tag", "name": "Endpoint", "path": "/home/kavia/workspace/code-generation/app-gateway2/app-gateway/OttServices/PermissionsClient.cpp", "pattern": "/^    std::string PermissionsClient::Endpoint() const {$/", "language": "C++", "typeref": "typename:std::string", "kind": "function", "signature": "() const", "scope": "WPEFramework::Plugin::PermissionsClient", "scopeKind": "class"}, {"_type": "tag", "name": "EnumeratePermissions", "path": "/home/kavia/workspace/code-generation/app-gateway2/app-gateway/OttServices/PermissionsClient.cpp", "pattern": "/^    uint32_t PermissionsClient::EnumeratePermissions(const std::string& appId,$/", "language": "C++", "typeref": "typename:uint32_t", "kind": "function", "signature": "(const std::string & appId,const std::string & partnerId,const std::string & bearerToken,const std::string & deviceId,const std::string & accountId,const std::vector<std::string> & filters,std::vector<std::string> & outPermissions) const", "scope": "WPEFramework::Plugin::PermissionsClient", "scopeKind": "class"}, {"_type": "tag", "name": "Get", "path": "/home/kavia/workspace/code-generation/app-gateway2/app-gateway/OttServices/PermissionsClient.cpp", "pattern": "/^    uint32_t PermissionsClient::Get(const std::string& appId,$/", "language": "C++", "typeref": "typename:uint32_t", "kind": "function", "signature": "(const std::string & appId,const std::string & partnerId,const std::string & bearerToken,const std::string & deviceId,const std::string & accountId,ottx::permission::ApplicationPermissions & outAppPermissions) const", "scope": "WPEFramework::Plugin::PermissionsClient", "scopeKind": "class"}, {"_type": "tag", "name": "GetAllAppKeys", "path": "/home/kavia/workspace/code-generation/app-gateway2/app-gateway/OttServices/PermissionsClient.cpp", "pattern": "/^    uint32_t PermissionsClient::GetAllAppKeys(const std::string& bearerToken,$/", "language": "C++", "typeref": "typename:uint32_t", "kind": "function", "signature": "(const std::string & bearerToken,const std::string & deviceId,const std::string & accountId,const std::string & partnerId,std::vector<ottx::permission::AppKeys> & outKeys) const", "scope": "WPEFramework::Plugin::PermissionsClient", "scopeKind": "class"}, {"_type": "tag", "name": "GetAllForApp", "path": "/home/kavia/workspace/code-generation/app-gateway2/app-gateway/OttServices/PermissionsClient.cpp", "pattern": "/^    uint32_t PermissionsClient::GetAllForApp(const std::string& app,$/", "language": "C++", "typeref": "typename:uint32_t", "kind": "function", "signature": "(const std::string & app,const std::string & bearerToken,const std::string & deviceId,const std::string & accountId,const std::string & partnerId,std::vector<ottx::permission::ApplicationPermissions> & outList) const", "scope": "WPEFramework::Plugin::PermissionsClient", "scopeKind": "class"}, {"_type": "tag", "name": "GetRegisteredPermissions", "path": "/home/kavia/workspace/code-generation/app-gateway2/app-gateway/OttServices/PermissionsClient.cpp", "pattern": "/^    uint32_t PermissionsClient::GetRegisteredPermissions(const std::string& bearerToken,$/", "language": "C++", "typeref": "typename:uint32_t", "kind": "function", "signature": "(const std::string & bearerToken,const std::string & deviceId,const std::string & accountId,const std::string & partnerId,std::vector<ottx::permission::Permission> & outPermissions) const", "scope": "WPEFramework::Plugin::PermissionsClient", "scopeKind": "class"}, {"_type": "tag", "name": "GetThorToken", "path": "/home/kavia/workspace/code-generation/app-gateway2/app-gateway/OttServices/PermissionsClient.cpp", "pattern": "/^    uint32_t PermissionsClient::GetThorToken(const std::string& app,$/", "language": "C++", "typeref": "typename:uint32_t", "kind": "function", "signature": "(const std::string & app,const std::string & contentProvider,const std::string & deviceSessionId,const std::string & appSessionId,const std::string & tokenMode,int32_t ttl,const std::string & bearerToken,const std::string & deviceId,const std::string & accountId,const std::string & partnerId,std::string & outToken) const", "scope": "WPEFramework::Plugin::PermissionsClient", "scopeKind": "class"}, {"_type": "tag", "name": "Grant", "path": "/home/kavia/workspace/code-generation/app-gateway2/app-gateway/OttServices/PermissionsClient.cpp", "pattern": "/^    uint32_t PermissionsClient::Grant(const std::string& appId,$/", "language": "C++", "typeref": "typename:uint32_t", "kind": "function", "signature": "(const std::string & appId,const std::string & partnerId,const std::vector<std::string> & bundles,const std::vector<std::string> & permissions,const std::string & bearerToken,const std::string & deviceId,const std::string & accountId,ottx::permission::ApplicationPermissions & outAppPermissions) const", "scope": "WPEFramework::Plugin::PermissionsClient", "scopeKind": "class"}, {"_type": "tag", "name": "MapGrpcStatusToCore", "path": "/home/kavia/workspace/code-generation/app-gateway2/app-gateway/OttServices/PermissionsClient.cpp", "pattern": "/^        inline uint32_t MapGrpcStatusToCore(const grpc::Status& status) {$/", "language": "C++", "typeref": "typename:uint32_t", "kind": "function", "signature": "(const grpc::Status & status)", "scope": "WPEFramework::Plugin::__anon8541356e0111", "scopeKind": "namespace"}, {"_type": "tag", "name": "PermissionsClient", "path": "/home/kavia/workspace/code-generation/app-gateway2/app-gateway/OttServices/PermissionsClient.cpp", "pattern": "/^    PermissionsClient::PermissionsClient(const std::string& endpoint, bool useTls)$/", "language": "C++", "kind": "function", "signature": "(const std::string & endpoint,bool useTls)", "scope": "WPEFramework::Plugin::PermissionsClient", "scopeKind": "class"}, {"_type": "tag", "name": "PermissionsClient", "path": "/home/kavia/workspace/code-generation/app-gateway2/app-gateway/OttServices/PermissionsClient.cpp", "pattern": "/^    PermissionsClient::PermissionsClient(const std::string& endpoint, std::shared_ptr<grpc::Chan/", "language": "C++", "kind": "function", "signature": "(const std::string & endpoint,std::shared_ptr<grpc::ChannelCredentials> creds)", "scope": "WPEFramework::Plugin::PermissionsClient", "scopeKind": "class"}, {"_type": "tag", "name": "Plugin", "path": "/home/kavia/workspace/code-generation/app-gateway2/app-gateway/OttServices/PermissionsClient.cpp", "pattern": "/^namespace Plugin {$/", "file": true, "language": "C++", "kind": "namespace", "scope": "WPEFramework", "scopeKind": "namespace"}, {"_type": "tag", "name": "RegisterPermissions", "path": "/home/kavia/workspace/code-generation/app-gateway2/app-gateway/OttServices/PermissionsClient.cpp", "pattern": "/^    uint32_t PermissionsClient::RegisterPermissions(const std::vector<ottx::permission::Permissi/", "language": "C++", "typeref": "typename:uint32_t", "kind": "function", "signature": "(const std::vector<ottx::permission::Permission> & permissions,bool replaceAll,const std::string & bearerToken,const std::string & deviceId,const std::string & accountId,const std::string & partnerId) const", "scope": "WPEFramework::Plugin::PermissionsClient", "scopeKind": "class"}, {"_type": "tag", "name": "Revoke", "path": "/home/kavia/workspace/code-generation/app-gateway2/app-gateway/OttServices/PermissionsClient.cpp", "pattern": "/^    uint32_t PermissionsClient::Revoke(const std::string& appId,$/", "language": "C++", "typeref": "typename:uint32_t", "kind": "function", "signature": "(const std::string & appId,const std::string & partnerId,const std::vector<std::string> & bundles,const std::vector<std::string> & permissions,const std::string & bearerToken,const std::string & deviceId,const std::string & accountId,ottx::permission::ApplicationPermissions & outAppPermissions) const", "scope": "WPEFramework::Plugin::PermissionsClient", "scopeKind": "class"}, {"_type": "tag", "name": "Set", "path": "/home/kavia/workspace/code-generation/app-gateway2/app-gateway/OttServices/PermissionsClient.cpp", "pattern": "/^    uint32_t PermissionsClient::Set(const std::string& appId,$/", "language": "C++", "typeref": "typename:uint32_t", "kind": "function", "signature": "(const std::string & appId,const std::string & partnerId,const std::vector<std::string> & bundles,const std::vector<std::string> & includes,const std::vector<std::string> & excludes,const std::string & bearerToken,const std::string & deviceId,const std::string & accountId,ottx::permission::ApplicationPermissions & outAppPermissions) const", "scope": "WPEFramework::Plugin::PermissionsClient", "scopeKind": "class"}, {"_type": "tag", "name": "SetCommonMetadata", "path": "/home/kavia/workspace/code-generation/app-gateway2/app-gateway/OttServices/PermissionsClient.cpp", "pattern": "/^        inline void SetCommonMetadata(grpc::ClientContext& ctx,$/", "language": "C++", "typeref": "typename:void", "kind": "function", "signature": "(grpc::ClientContext & ctx,const std::string & bearerToken,const std::string & deviceId,const std::string & accountId,const std::string & partnerId)", "scope": "WPEFramework::Plugin::__anon8541356e0111", "scopeKind": "namespace"}, {"_type": "tag", "name": "WPEFramework", "path": "/home/kavia/workspace/code-generation/app-gateway2/app-gateway/OttServices/PermissionsClient.cpp", "pattern": "/^namespace WPEFramework {$/", "file": true, "language": "C++", "kind": "namespace"}, {"_type": "tag", "name": "__anon8541356e0111", "path": "/home/kavia/workspace/code-generation/app-gateway2/app-gateway/OttServices/PermissionsClient.cpp", "pattern": "/^    namespace {$/", "file": true, "language": "C++", "kind": "namespace", "scope": "WPEFramework::Plugin", "scopeKind": "namespace"}], "hash": "0154f53f5b825cf169655ab9efeb36bb", "format-version": 4, "code-base-name": "app-gateway2", "filename": "app-gateway/OttServices/PermissionsClient.cpp"}