{"is_source_file": true, "format": "C++", "description": "This source file implements the AppNotifications plugin for WPEFramework, defining class methods, handling initialization, deinitialization, and remote connection management for app notifications.", "external_files": ["AppNotifications.h", "interfaces/IConfiguration"], "external_methods": ["Plugin::Metadata<>", "Plugin::AppNotifications::Initialize", "Plugin::AppNotifications::Deinitialize", "Plugin::AppNotifications::Deactivated", "Core::IWorkerPool::Instance", "PluginHost::IShell::AddRef", "PluginHost::IShell::Release", "PluginHost::IShell::Root", "Exchange::IAppNotifications", "Exchange::IConfiguration", "RPC::IRemoteConnection::Terminate", "RPC::IRemoteConnection::Release"], "published": ["Plugin::AppNotifications"], "classes": [{"name": "AppNotifications", "description": "Represents the AppNotifications plugin class responsible for managing app notification lifecycle, including initialization, deinitialization, and handling remote connection deactivation."}], "methods": [{"name": "const string Initialize(PluginHost::IShell * service)", "description": "Initializes the plugin with the provided service, setting up the notifications interface and configuration.", "scope": "WPEFramework::Plugin::AppNotifications", "scopeKind": "class"}, {"name": "void Deinitialize(PluginHost::IShell * service)", "description": "Releases resources and cleans up the plugin, terminating remote connections.", "scope": "WPEFramework::Plugin::AppNotifications", "scopeKind": "class"}, {"name": "void Deactivated(RPC::IRemoteConnection * connection)", "description": "Handles the event when a remote connection is deactivated, triggering appropriate cleanup.", "scope": "WPEFramework::Plugin::AppNotifications", "scopeKind": "class"}, {"name": "AppNotifications()", "scope": "WPEFramework::Plugin::AppNotifications", "scopeKind": "class", "description": "unavailable"}, {"name": "~AppNotifications()", "scope": "WPEFramework::Plugin::AppNotifications", "scopeKind": "class", "description": "unavailable"}], "calls": ["service->AddRef()", "service->Root<Exchange::IAppNotifications>()", "configConnection->Configure(service)", "configConnection->Release()", "mAppNotifications->Release()", "connection->Terminate()", "connection->Release()", "mService->Release()"], "search-terms": ["AppNotifications", "IAppNotifications", "RemoteConnection", "Initialization", "Deinitialize", "Plugin", "Notification"], "state": 2, "file_id": 253, "knowledge_revision": 831, "git_revision": "f1974340ca5df4b8185ade381a20b29035080832", "ctags": [{"_type": "tag", "name": "API_VERSION_NUMBER_MAJOR", "path": "/home/kavia/workspace/code-generation/app-gateway2/app-gateway/AppNotifications/AppNotifications.cpp", "pattern": "/^#define API_VERSION_NUMBER_MAJOR /", "file": true, "language": "C++", "kind": "macro"}, {"_type": "tag", "name": "API_VERSION_NUMBER_MINOR", "path": "/home/kavia/workspace/code-generation/app-gateway2/app-gateway/AppNotifications/AppNotifications.cpp", "pattern": "/^#define API_VERSION_NUMBER_MINOR /", "file": true, "language": "C++", "kind": "macro"}, {"_type": "tag", "name": "API_VERSION_NUMBER_PATCH", "path": "/home/kavia/workspace/code-generation/app-gateway2/app-gateway/AppNotifications/AppNotifications.cpp", "pattern": "/^#define API_VERSION_NUMBER_PATCH /", "file": true, "language": "C++", "kind": "macro"}, {"_type": "tag", "name": "AppNotifications", "path": "/home/kavia/workspace/code-generation/app-gateway2/app-gateway/AppNotifications/AppNotifications.cpp", "pattern": "/^    AppNotifications::AppNotifications(): mService(nullptr), mAppNotifications(nullptr), mConnec/", "language": "C++", "kind": "function", "signature": "()", "scope": "WPEFramework::Plugin::AppNotifications", "scopeKind": "class"}, {"_type": "tag", "name": "Deactivated", "path": "/home/kavia/workspace/code-generation/app-gateway2/app-gateway/AppNotifications/AppNotifications.cpp", "pattern": "/^    void AppNotifications::Deactivated(RPC::IRemoteConnection* connection)$/", "language": "C++", "typeref": "typename:void", "kind": "function", "signature": "(RPC::IRemoteConnection * connection)", "scope": "WPEFramework::Plugin::AppNotifications", "scopeKind": "class"}, {"_type": "tag", "name": "Deinitialize", "path": "/home/kavia/workspace/code-generation/app-gateway2/app-gateway/AppNotifications/AppNotifications.cpp", "pattern": "/^    \\/* virtual *\\/ void AppNotifications::Deinitialize(PluginHost::IShell* service)$/", "language": "C++", "typeref": "typename:void", "kind": "function", "signature": "(PluginHost::IShell * service)", "scope": "WPEFramework::Plugin::AppNotifications", "scopeKind": "class"}, {"_type": "tag", "name": "Initialize", "path": "/home/kavia/workspace/code-generation/app-gateway2/app-gateway/AppNotifications/AppNotifications.cpp", "pattern": "/^    \\/* virtual *\\/ const string AppNotifications::Initialize(PluginHost::IShell* service)$/", "language": "C++", "typeref": "typename:const string", "kind": "function", "signature": "(PluginHost::IShell * service)", "scope": "WPEFramework::Plugin::AppNotifications", "scopeKind": "class"}, {"_type": "tag", "name": "Plugin", "path": "/home/kavia/workspace/code-generation/app-gateway2/app-gateway/AppNotifications/AppNotifications.cpp", "pattern": "/^namespace Plugin {$/", "file": true, "language": "C++", "kind": "namespace", "scope": "WPEFramework", "scopeKind": "namespace"}, {"_type": "tag", "name": "WPEFramework", "path": "/home/kavia/workspace/code-generation/app-gateway2/app-gateway/AppNotifications/AppNotifications.cpp", "pattern": "/^namespace WPEFramework {$/", "file": true, "language": "C++", "kind": "namespace"}, {"_type": "tag", "name": "__anonff64f64e0111", "path": "/home/kavia/workspace/code-generation/app-gateway2/app-gateway/AppNotifications/AppNotifications.cpp", "pattern": "/^namespace {$/", "file": true, "language": "C++", "kind": "namespace", "scope": "WPEFramework", "scopeKind": "namespace"}, {"_type": "tag", "name": "metadata", "path": "/home/kavia/workspace/code-generation/app-gateway2/app-gateway/AppNotifications/AppNotifications.cpp", "pattern": "/^    static Plugin::Metadata<Plugin::AppNotifications> metadata($/", "file": true, "language": "C++", "typeref": "typename:Plugin::Metadata<Plugin::AppNotifications>", "kind": "variable", "scope": "WPEFramework::__anonff64f64e0111", "scopeKind": "namespace"}, {"_type": "tag", "name": "~AppNotifications", "path": "/home/kavia/workspace/code-generation/app-gateway2/app-gateway/AppNotifications/AppNotifications.cpp", "pattern": "/^    AppNotifications::~AppNotifications()$/", "language": "C++", "kind": "function", "signature": "()", "scope": "WPEFramework::Plugin::AppNotifications", "scopeKind": "class"}], "hash": "15c131cb36c6398bcc027b371feb89d9", "format-version": 4, "code-base-name": "app-gateway2", "filename": "app-gateway/AppNotifications/AppNotifications.cpp", "fields": [{"name": "Plugin::Metadata<Plugin::AppNotifications> metadata", "scope": "WPEFramework::__anonff64f64e0111", "scopeKind": "namespace", "description": "unavailable"}], "revision_history": [{"831": "f1974340ca5df4b8185ade381a20b29035080832"}]}