{"is_source_file": false, "format": "", "description": "", "external_files": [], "external_methods": [], "published": [], "classes": [], "methods": [], "calls": [], "search-terms": [], "state": 2, "file_id": 193, "knowledge_revision": 640, "git_revision": "29a5080329e5f08afebd86bd055b5f6119b1301a", "hash": "b1081af241fd3d24251c69fb06fe3c21", "format-version": 4, "code-base-name": "app-gateway2", "filename": "app-gateway/AppGateway/resolutions/resolution.integratedplayer.json", "revision_history": [{"640": "29a5080329e5f08afebd86bd055b5f6119b1301a"}]}