{"is_source_file": true, "format": "C++ header file", "description": "This file is a header file for a C++ project, providing include directives and macro definitions related to the 'Plugin_FbCommon' module.", "external_files": ["plugins/plugins.h", "tracing/tracing.h"], "external_methods": [], "published": [], "classes": [], "methods": [], "calls": [], "search-terms": ["MODULE_NAME", "Plugin_FbCommon", "header", "#pragma once", "macro definitions", "plugin", "tracing"], "state": 2, "file_id": 159, "knowledge_revision": 517, "git_revision": "", "ctags": [{"_type": "tag", "name": "EXTERNAL", "path": "/home/kavia/workspace/code-generation/app-gateway2/app-gateway/FbCommon/Module.h", "pattern": "/^#define EXTERNAL$/", "language": "C++", "kind": "macro"}, {"_type": "tag", "name": "MODULE_NAME", "path": "/home/kavia/workspace/code-generation/app-gateway2/app-gateway/FbCommon/Module.h", "pattern": "/^#define MODULE_NAME /", "language": "C++", "kind": "macro"}], "hash": "b5c47ecf13912e296a5529a04e0002fb", "format-version": 4, "code-base-name": "app-gateway2", "filename": "app-gateway/FbCommon/Module.h", "revision_history": [{"517": ""}]}