{"is_source_file": true, "format": "C++ header", "description": "This file defines an interface (INetworkManager) with associated enums, structs, and nested interfaces intended for managing network interfaces and notifications within a WPEFramework plugin. It provides method signatures for retrieving interface details, and registering/unregistering notifications, but contains no implementation code.", "external_files": ["<plugins/Module.h>", "<Core.h or equivalent if referenced>"], "external_methods": ["Core::IUnknown", "Core::JSON::String"], "published": ["INetworkManager"], "classes": [{"name": "INetworkManager", "description": "A virtual interface for managing network interfaces and notifications, providing methods to get available interfaces, and to register/unregister for network events."}, {"name": "IInterfaceDetailsIterator", "description": "An iterator interface for traversing network interface details."}, {"name": "INotification", "description": "An interface for receiving notifications about network changes such as interface state, IP address, internet status, WiFi state, and signals."}], "methods": [{"name": "GetAvailableInterfaces", "description": "Retrieves an iterator for available network interfaces."}, {"name": "Register", "description": "Registers a notification listener for network events."}, {"name": "Unregister", "description": "Unregisters a notification listener."}, {"name": "void onActiveInterfaceChange(const string,const string)", "scope": "WPEFramework::Exchange::INetworkManager::INotification", "scopeKind": "struct", "description": "unavailable"}, {"name": "void onAvailableSSIDs(const string)", "scope": "WPEFramework::Exchange::INetworkManager::INotification", "scopeKind": "struct", "description": "unavailable"}, {"name": "void onIPAddressChange(const string,const string,const string,const IPStatus)", "scope": "WPEFramework::Exchange::INetworkManager::INotification", "scopeKind": "struct", "description": "unavailable"}, {"name": "void onInterfaceStateChange(const InterfaceState,const string)", "scope": "WPEFramework::Exchange::INetworkManager::INotification", "scopeKind": "struct", "description": "unavailable"}, {"name": "void onInternetStatusChange(const InternetStatus,const InternetStatus,const string)", "scope": "WPEFramework::Exchange::INetworkManager::INotification", "scopeKind": "struct", "description": "unavailable"}, {"name": "void onWiFiSignalQualityChange(const string,const string,const string,const string,const WiFiSignalQuality)", "scope": "WPEFramework::Exchange::INetworkManager::INotification", "scopeKind": "struct", "description": "unavailable"}, {"name": "void onWiFiStateChange(const WiFiState)", "scope": "WPEFramework::Exchange::INetworkManager::INotification", "scopeKind": "struct", "description": "unavailable"}], "calls": ["GetAvailableInterfaces", "Register", "Unregister"], "search-terms": ["INetworkManager", "IInterfaceDetailsIterator", "INotification", "Network", "Interface", "WiFi", "InternetStatus"], "state": 2, "file_id": 242, "knowledge_revision": 783, "git_revision": "727800fc84f5393f5ac231785d3764465fe20036", "ctags": [{"_type": "tag", "name": "Exchange", "path": "/home/kavia/workspace/code-generation/app-gateway2/app-gateway/interfaces/INetworkManager.h", "pattern": "/^namespace Exchange {$/", "language": "C++", "kind": "namespace", "scope": "WPEFramework", "scopeKind": "namespace"}, {"_type": "tag", "name": "ID", "path": "/home/kavia/workspace/code-generation/app-gateway2/app-gateway/interfaces/INetworkManager.h", "pattern": "/^            enum { ID = 0xFA100101 };$/", "language": "C++", "kind": "enumerator", "scope": "WPEFramework::Exchange::INetworkManager::IInterfaceDetailsIterator::__anon7368578f0203", "scopeKind": "enum"}, {"_type": "tag", "name": "ID", "path": "/home/kavia/workspace/code-generation/app-gateway2/app-gateway/interfaces/INetworkManager.h", "pattern": "/^            enum { ID = 0xFA100102 };$/", "language": "C++", "kind": "enumerator", "scope": "WPEFramework::Exchange::INetworkManager::INotification::__anon7368578f0303", "scopeKind": "enum"}, {"_type": "tag", "name": "ID", "path": "/home/kavia/workspace/code-generation/app-gateway2/app-gateway/interfaces/INetworkManager.h", "pattern": "/^        enum { ID = 0xFA100100 };$/", "language": "C++", "kind": "enumerator", "scope": "WPEFramework::Exchange::INetworkManager::__anon7368578f0103", "scopeKind": "enum"}, {"_type": "tag", "name": "IInterfaceDetailsIterator", "path": "/home/kavia/workspace/code-generation/app-gateway2/app-gateway/interfaces/INetworkManager.h", "pattern": "/^        struct EXTERNAL IInterfaceDetailsIterator : virtual public Core::IUnknown {$/", "language": "C++", "kind": "struct", "scope": "WPEFramework::Exchange::INetworkManager", "scopeKind": "struct"}, {"_type": "tag", "name": "INTERFACE_STATE_DOWN", "path": "/home/kavia/workspace/code-generation/app-gateway2/app-gateway/interfaces/INetworkManager.h", "pattern": "/^            INTERFACE_STATE_DOWN = 2$/", "language": "C++", "kind": "enumerator", "scope": "WPEFramework::Exchange::INetworkManager::InterfaceState", "scopeKind": "enum"}, {"_type": "tag", "name": "INTERFACE_STATE_UNKNOWN", "path": "/home/kavia/workspace/code-generation/app-gateway2/app-gateway/interfaces/INetworkManager.h", "pattern": "/^            INTERFACE_STATE_UNKNOWN = 0,$/", "language": "C++", "kind": "enumerator", "scope": "WPEFramework::Exchange::INetworkManager::InterfaceState", "scopeKind": "enum"}, {"_type": "tag", "name": "INTERFACE_STATE_UP", "path": "/home/kavia/workspace/code-generation/app-gateway2/app-gateway/interfaces/INetworkManager.h", "pattern": "/^            INTERFACE_STATE_UP = 1,$/", "language": "C++", "kind": "enumerator", "scope": "WPEFramework::Exchange::INetworkManager::InterfaceState", "scopeKind": "enum"}, {"_type": "tag", "name": "INTERFACE_TYPE_ETHERNET", "path": "/home/kavia/workspace/code-generation/app-gateway2/app-gateway/interfaces/INetworkManager.h", "pattern": "/^            INTERFACE_TYPE_ETHERNET = 1,$/", "language": "C++", "kind": "enumerator", "scope": "WPEFramework::Exchange::INetworkManager::InterfaceType", "scopeKind": "enum"}, {"_type": "tag", "name": "INTERFACE_TYPE_UNKNOWN", "path": "/home/kavia/workspace/code-generation/app-gateway2/app-gateway/interfaces/INetworkManager.h", "pattern": "/^            INTERFACE_TYPE_UNKNOWN = 0,$/", "language": "C++", "kind": "enumerator", "scope": "WPEFramework::Exchange::INetworkManager::InterfaceType", "scopeKind": "enum"}, {"_type": "tag", "name": "INTERFACE_TYPE_WIFI", "path": "/home/kavia/workspace/code-generation/app-gateway2/app-gateway/interfaces/INetworkManager.h", "pattern": "/^            INTERFACE_TYPE_WIFI = 2$/", "language": "C++", "kind": "enumerator", "scope": "WPEFramework::Exchange::INetworkManager::InterfaceType", "scopeKind": "enum"}, {"_type": "tag", "name": "INTERNET_CAPTIVE_PORTAL", "path": "/home/kavia/workspace/code-generation/app-gateway2/app-gateway/interfaces/INetworkManager.h", "pattern": "/^            INTERNET_CAPTIVE_PORTAL = 2,$/", "language": "C++", "kind": "enumerator", "scope": "WPEFramework::Exchange::INetworkManager::InternetStatus", "scopeKind": "enum"}, {"_type": "tag", "name": "INTERNET_FULLY_CONNECTED", "path": "/home/kavia/workspace/code-generation/app-gateway2/app-gateway/interfaces/INetworkManager.h", "pattern": "/^            INTERNET_FULLY_CONNECTED = 1,$/", "language": "C++", "kind": "enumerator", "scope": "WPEFramework::Exchange::INetworkManager::InternetStatus", "scopeKind": "enum"}, {"_type": "tag", "name": "INTERNET_LIMITED", "path": "/home/kavia/workspace/code-generation/app-gateway2/app-gateway/interfaces/INetworkManager.h", "pattern": "/^            INTERNET_LIMITED = 3,$/", "language": "C++", "kind": "enumerator", "scope": "WPEFramework::Exchange::INetworkManager::InternetStatus", "scopeKind": "enum"}, {"_type": "tag", "name": "INTERNET_NOT_AVAILABLE", "path": "/home/kavia/workspace/code-generation/app-gateway2/app-gateway/interfaces/INetworkManager.h", "pattern": "/^            INTERNET_NOT_AVAILABLE = 4$/", "language": "C++", "kind": "enumerator", "scope": "WPEFramework::Exchange::INetworkManager::InternetStatus", "scopeKind": "enum"}, {"_type": "tag", "name": "INTERNET_UNKNOWN", "path": "/home/kavia/workspace/code-generation/app-gateway2/app-gateway/interfaces/INetworkManager.h", "pattern": "/^            INTERNET_UNKNOWN = 0,$/", "language": "C++", "kind": "enumerator", "scope": "WPEFramework::Exchange::INetworkManager::InternetStatus", "scopeKind": "enum"}, {"_type": "tag", "name": "INetworkManager", "path": "/home/kavia/workspace/code-generation/app-gateway2/app-gateway/interfaces/INetworkManager.h", "pattern": "/^    struct EXTERNAL INetworkManager : virtual public Core::IUnknown {$/", "language": "C++", "kind": "struct", "scope": "WPEFramework::Exchange", "scopeKind": "namespace"}, {"_type": "tag", "name": "INotification", "path": "/home/kavia/workspace/code-generation/app-gateway2/app-gateway/interfaces/INetworkManager.h", "pattern": "/^        struct EXTERNAL INotification : virtual public Core::IUnknown {$/", "language": "C++", "kind": "struct", "scope": "WPEFramework::Exchange::INetworkManager", "scopeKind": "struct"}, {"_type": "tag", "name": "IPSTATUS_ACQUIRED", "path": "/home/kavia/workspace/code-generation/app-gateway2/app-gateway/interfaces/INetworkManager.h", "pattern": "/^            IPSTATUS_ACQUIRED = 1,$/", "language": "C++", "kind": "enumerator", "scope": "WPEFramework::Exchange::INetworkManager::IPStatus", "scopeKind": "enum"}, {"_type": "tag", "name": "IPSTATUS_LOST", "path": "/home/kavia/workspace/code-generation/app-gateway2/app-gateway/interfaces/INetworkManager.h", "pattern": "/^            IPSTATUS_LOST = 2$/", "language": "C++", "kind": "enumerator", "scope": "WPEFramework::Exchange::INetworkManager::IPStatus", "scopeKind": "enum"}, {"_type": "tag", "name": "IPSTATUS_UNKNOWN", "path": "/home/kavia/workspace/code-generation/app-gateway2/app-gateway/interfaces/INetworkManager.h", "pattern": "/^            IPSTATUS_UNKNOWN = 0,$/", "language": "C++", "kind": "enumerator", "scope": "WPEFramework::Exchange::INetworkManager::IPStatus", "scopeKind": "enum"}, {"_type": "tag", "name": "IPStatus", "path": "/home/kavia/workspace/code-generation/app-gateway2/app-gateway/interfaces/INetworkManager.h", "pattern": "/^        enum IPStatus {$/", "language": "C++", "kind": "enum", "scope": "WPEFramework::Exchange::INetworkManager", "scopeKind": "struct"}, {"_type": "tag", "name": "InterfaceDetails", "path": "/home/kavia/workspace/code-generation/app-gateway2/app-gateway/interfaces/INetworkManager.h", "pattern": "/^        struct InterfaceDetails {$/", "language": "C++", "kind": "struct", "scope": "WPEFramework::Exchange::INetworkManager", "scopeKind": "struct"}, {"_type": "tag", "name": "InterfaceState", "path": "/home/kavia/workspace/code-generation/app-gateway2/app-gateway/interfaces/INetworkManager.h", "pattern": "/^        enum InterfaceState {$/", "language": "C++", "kind": "enum", "scope": "WPEFramework::Exchange::INetworkManager", "scopeKind": "struct"}, {"_type": "tag", "name": "InterfaceType", "path": "/home/kavia/workspace/code-generation/app-gateway2/app-gateway/interfaces/INetworkManager.h", "pattern": "/^        enum InterfaceType {$/", "language": "C++", "kind": "enum", "scope": "WPEFramework::Exchange::INetworkManager", "scopeKind": "struct"}, {"_type": "tag", "name": "InternetStatus", "path": "/home/kavia/workspace/code-generation/app-gateway2/app-gateway/interfaces/INetworkManager.h", "pattern": "/^        enum InternetStatus {$/", "language": "C++", "kind": "enum", "scope": "WPEFramework::Exchange::INetworkManager", "scopeKind": "struct"}, {"_type": "tag", "name": "WIFI_DISABLED", "path": "/home/kavia/workspace/code-generation/app-gateway2/app-gateway/interfaces/INetworkManager.h", "pattern": "/^            WIFI_DISABLED = 2$/", "language": "C++", "kind": "enumerator", "scope": "WPEFramework::Exchange::INetworkManager::WiFiState", "scopeKind": "enum"}, {"_type": "tag", "name": "WIFI_ENABLED", "path": "/home/kavia/workspace/code-generation/app-gateway2/app-gateway/interfaces/INetworkManager.h", "pattern": "/^            WIFI_ENABLED = 1,$/", "language": "C++", "kind": "enumerator", "scope": "WPEFramework::Exchange::INetworkManager::WiFiState", "scopeKind": "enum"}, {"_type": "tag", "name": "WIFI_SIGNAL_EXCELLENT", "path": "/home/kavia/workspace/code-generation/app-gateway2/app-gateway/interfaces/INetworkManager.h", "pattern": "/^            WIFI_SIGNAL_EXCELLENT = 4$/", "language": "C++", "kind": "enumerator", "scope": "WPEFramework::Exchange::INetworkManager::WiFiSignalQuality", "scopeKind": "enum"}, {"_type": "tag", "name": "WIFI_SIGNAL_FAIR", "path": "/home/kavia/workspace/code-generation/app-gateway2/app-gateway/interfaces/INetworkManager.h", "pattern": "/^            WIFI_SIGNAL_FAIR = 2,$/", "language": "C++", "kind": "enumerator", "scope": "WPEFramework::Exchange::INetworkManager::WiFiSignalQuality", "scopeKind": "enum"}, {"_type": "tag", "name": "WIFI_SIGNAL_GOOD", "path": "/home/kavia/workspace/code-generation/app-gateway2/app-gateway/interfaces/INetworkManager.h", "pattern": "/^            WIFI_SIGNAL_GOOD = 3,$/", "language": "C++", "kind": "enumerator", "scope": "WPEFramework::Exchange::INetworkManager::WiFiSignalQuality", "scopeKind": "enum"}, {"_type": "tag", "name": "WIFI_SIGNAL_POOR", "path": "/home/kavia/workspace/code-generation/app-gateway2/app-gateway/interfaces/INetworkManager.h", "pattern": "/^            WIFI_SIGNAL_POOR = 1,$/", "language": "C++", "kind": "enumerator", "scope": "WPEFramework::Exchange::INetworkManager::WiFiSignalQuality", "scopeKind": "enum"}, {"_type": "tag", "name": "WIFI_SIGNAL_UNKNOWN", "path": "/home/kavia/workspace/code-generation/app-gateway2/app-gateway/interfaces/INetworkManager.h", "pattern": "/^            WIFI_SIGNAL_UNKNOWN = 0,$/", "language": "C++", "kind": "enumerator", "scope": "WPEFramework::Exchange::INetworkManager::WiFiSignalQuality", "scopeKind": "enum"}, {"_type": "tag", "name": "WIFI_UNKNOWN", "path": "/home/kavia/workspace/code-generation/app-gateway2/app-gateway/interfaces/INetworkManager.h", "pattern": "/^            WIFI_UNKNOWN = 0,$/", "language": "C++", "kind": "enumerator", "scope": "WPEFramework::Exchange::INetworkManager::WiFiState", "scopeKind": "enum"}, {"_type": "tag", "name": "WPEFramework", "path": "/home/kavia/workspace/code-generation/app-gateway2/app-gateway/interfaces/INetworkManager.h", "pattern": "/^namespace WPEFramework {$/", "language": "C++", "kind": "namespace"}, {"_type": "tag", "name": "WiFiSignalQuality", "path": "/home/kavia/workspace/code-generation/app-gateway2/app-gateway/interfaces/INetworkManager.h", "pattern": "/^        enum WiFiSignalQuality {$/", "language": "C++", "kind": "enum", "scope": "WPEFramework::Exchange::INetworkManager", "scopeKind": "struct"}, {"_type": "tag", "name": "WiFiState", "path": "/home/kavia/workspace/code-generation/app-gateway2/app-gateway/interfaces/INetworkManager.h", "pattern": "/^        enum WiFiState {$/", "language": "C++", "kind": "enum", "scope": "WPEFramework::Exchange::INetworkManager", "scopeKind": "struct"}, {"_type": "tag", "name": "__anon7368578f0103", "path": "/home/kavia/workspace/code-generation/app-gateway2/app-gateway/interfaces/INetworkManager.h", "pattern": "/^        enum { ID = 0xFA100100 };$/", "language": "C++", "kind": "enum", "scope": "WPEFramework::Exchange::INetworkManager", "scopeKind": "struct"}, {"_type": "tag", "name": "__anon7368578f0203", "path": "/home/kavia/workspace/code-generation/app-gateway2/app-gateway/interfaces/INetworkManager.h", "pattern": "/^            enum { ID = 0xFA100101 };$/", "language": "C++", "kind": "enum", "scope": "WPEFramework::Exchange::INetworkManager::IInterfaceDetailsIterator", "scopeKind": "struct"}, {"_type": "tag", "name": "__anon7368578f0303", "path": "/home/kavia/workspace/code-generation/app-gateway2/app-gateway/interfaces/INetworkManager.h", "pattern": "/^            enum { ID = 0xFA100102 };$/", "language": "C++", "kind": "enum", "scope": "WPEFramework::Exchange::INetworkManager::INotification", "scopeKind": "struct"}, {"_type": "tag", "name": "connected", "path": "/home/kavia/workspace/code-generation/app-gateway2/app-gateway/interfaces/INetworkManager.h", "pattern": "/^            bool connected { false };$/", "language": "C++", "typeref": "typename:bool", "kind": "member", "scope": "WPEFramework::Exchange::INetworkManager::InterfaceDetails", "scopeKind": "struct"}, {"_type": "tag", "name": "interfaceName", "path": "/home/kavia/workspace/code-generation/app-gateway2/app-gateway/interfaces/INetworkManager.h", "pattern": "/^            Core::JSON::String interfaceName;$/", "language": "C++", "typeref": "typename:Core::JSON::String", "kind": "member", "scope": "WPEFramework::Exchange::INetworkManager::InterfaceDetails", "scopeKind": "struct"}, {"_type": "tag", "name": "onActiveInterfaceChange", "path": "/home/kavia/workspace/code-generation/app-gateway2/app-gateway/interfaces/INetworkManager.h", "pattern": "/^            virtual void onActiveInterfaceChange(const string \\/*prevActiveInterface*\\/, const s/", "language": "C++", "typeref": "typename:void", "kind": "function", "signature": "(const string,const string)", "scope": "WPEFramework::Exchange::INetworkManager::INotification", "scopeKind": "struct"}, {"_type": "tag", "name": "onAvailableSSIDs", "path": "/home/kavia/workspace/code-generation/app-gateway2/app-gateway/interfaces/INetworkManager.h", "pattern": "/^            virtual void onAvailableSSIDs(const string \\/*jsonOfScanResults*\\/) {}$/", "language": "C++", "typeref": "typename:void", "kind": "function", "signature": "(const string)", "scope": "WPEFramework::Exchange::INetworkManager::INotification", "scopeKind": "struct"}, {"_type": "tag", "name": "onIPAddressChange", "path": "/home/kavia/workspace/code-generation/app-gateway2/app-gateway/interfaces/INetworkManager.h", "pattern": "/^            virtual void onIPAddressChange(const string \\/*interface*\\/, const string \\/*ipversi/", "language": "C++", "typeref": "typename:void", "kind": "function", "signature": "(const string,const string,const string,const IPStatus)", "scope": "WPEFramework::Exchange::INetworkManager::INotification", "scopeKind": "struct"}, {"_type": "tag", "name": "onInterfaceStateChange", "path": "/home/kavia/workspace/code-generation/app-gateway2/app-gateway/interfaces/INetworkManager.h", "pattern": "/^            virtual void onInterfaceStateChange(const InterfaceState \\/*state*\\/, const string \\//", "language": "C++", "typeref": "typename:void", "kind": "function", "signature": "(const InterfaceState,const string)", "scope": "WPEFramework::Exchange::INetworkManager::INotification", "scopeKind": "struct"}, {"_type": "tag", "name": "onInternetStatusChange", "path": "/home/kavia/workspace/code-generation/app-gateway2/app-gateway/interfaces/INetworkManager.h", "pattern": "/^            virtual void onInternetStatusChange(const InternetStatus \\/*prevState*\\/, const Inte/", "language": "C++", "typeref": "typename:void", "kind": "function", "signature": "(const InternetStatus,const InternetStatus,const string)", "scope": "WPEFramework::Exchange::INetworkManager::INotification", "scopeKind": "struct"}, {"_type": "tag", "name": "onWiFiSignalQualityChange", "path": "/home/kavia/workspace/code-generation/app-gateway2/app-gateway/interfaces/INetworkManager.h", "pattern": "/^            virtual void onWiFiSignalQualityChange(const string \\/*ssid*\\/, const string \\/*stre/", "language": "C++", "typeref": "typename:void", "kind": "function", "signature": "(const string,const string,const string,const string,const WiFiSignalQuality)", "scope": "WPEFramework::Exchange::INetworkManager::INotification", "scopeKind": "struct"}, {"_type": "tag", "name": "onWiFiStateChange", "path": "/home/kavia/workspace/code-generation/app-gateway2/app-gateway/interfaces/INetworkManager.h", "pattern": "/^            virtual void onWiFiStateChange(const WiFiState \\/*state*\\/) {}$/", "language": "C++", "typeref": "typename:void", "kind": "function", "signature": "(const WiFiState)", "scope": "WPEFramework::Exchange::INetworkManager::INotification", "scopeKind": "struct"}, {"_type": "tag", "name": "type", "path": "/home/kavia/workspace/code-generation/app-gateway2/app-gateway/interfaces/INetworkManager.h", "pattern": "/^            InterfaceType type { INTERFACE_TYPE_UNKNOWN };$/", "language": "C++", "typeref": "typename:InterfaceType", "kind": "member", "scope": "WPEFramework::Exchange::INetworkManager::InterfaceDetails", "scopeKind": "struct"}], "hash": "8e90f0789da1aca0f3100a7721814d02", "format-version": 4, "code-base-name": "app-gateway2", "filename": "app-gateway/interfaces/INetworkManager.h", "fields": [{"name": "bool connected", "scope": "WPEFramework::Exchange::INetworkManager::InterfaceDetails", "scopeKind": "struct", "description": "unavailable"}, {"name": "Core::JSON::String interfaceName", "scope": "WPEFramework::Exchange::INetworkManager::InterfaceDetails", "scopeKind": "struct", "description": "unavailable"}, {"name": "InterfaceType type", "scope": "WPEFramework::Exchange::INetworkManager::InterfaceDetails", "scopeKind": "struct", "description": "unavailable"}], "revision_history": [{"783": "727800fc84f5393f5ac231785d3764465fe20036"}]}