{"is_source_file": true, "format": "C++ header file", "description": "This header defines a minimal stub implementation for JFbSettings JSON-RPC registration helpers in the WPEFramework project. It contains a class with static methods for registering and unregistering JSON-RPC methods related to IFbSettings, but the methods are no-ops. The file is mainly used to satisfy compilation dependencies when the actual generated Thunder headers are not available.", "external_files": [], "external_methods": ["WPEFramework::PluginHost::JSONRPC"], "published": [], "classes": [{"name": "WPEFramework::Exchange::JFbSettings", "description": "A utility class providing static no-op methods to register and unregister JSON-RPC methods for IFbSettings."}], "methods": [{"name": "void Register(PluginHost::JSONRPC &,IFbSettings *)", "description": "No-op stub for registering JSON-RPC methods related to IFbSettings.", "scope": "WPEFramework::Exchange::JFbSettings", "scopeKind": "struct"}, {"name": "void Unregister(PluginHost::JSONRPC &)", "description": "No-op stub for unregistering JSON-RPC methods related to IFbSettings.", "scope": "WPEFramework::Exchange::JFbSettings", "scopeKind": "struct"}], "calls": [], "search-terms": ["JFbSettings", "JSONRPC", "register", "unregister", "stub", "no-op"], "state": 2, "file_id": 119, "knowledge_revision": 366, "git_revision": "", "ctags": [{"_type": "tag", "name": "Exchange", "path": "/home/kavia/workspace/code-generation/app-gateway2/app-gateway/interfaces/json/JFbSettings.h", "pattern": "/^namespace Exchange {$/", "language": "C++", "kind": "namespace", "scope": "WPEFramework", "scopeKind": "namespace"}, {"_type": "tag", "name": "JFbSettings", "path": "/home/kavia/workspace/code-generation/app-gateway2/app-gateway/interfaces/json/JFbSettings.h", "pattern": "/^    struct JFbSettings {$/", "language": "C++", "kind": "struct", "scope": "WPEFramework::Exchange", "scopeKind": "namespace"}, {"_type": "tag", "name": "PluginHost", "path": "/home/kavia/workspace/code-generation/app-gateway2/app-gateway/interfaces/json/JFbSettings.h", "pattern": "/^namespace PluginHost {$/", "language": "C++", "kind": "namespace", "scope": "WPEFramework", "scopeKind": "namespace"}, {"_type": "tag", "name": "Register", "path": "/home/kavia/workspace/code-generation/app-gateway2/app-gateway/interfaces/json/JFbSettings.h", "pattern": "/^        static void Register(PluginHost::JSONRPC& \\/*parent*\\/, IFbSettings* \\/*api*\\/) {$/", "language": "C++", "typeref": "typename:void", "kind": "function", "signature": "(PluginHost::JSONRPC &,IFbSettings *)", "scope": "WPEFramework::Exchange::JFbSettings", "scopeKind": "struct"}, {"_type": "tag", "name": "Unregister", "path": "/home/kavia/workspace/code-generation/app-gateway2/app-gateway/interfaces/json/JFbSettings.h", "pattern": "/^        static void Unregister(PluginHost::JSONRPC& \\/*parent*\\/) {$/", "language": "C++", "typeref": "typename:void", "kind": "function", "signature": "(PluginHost::JSONRPC &)", "scope": "WPEFramework::Exchange::JFbSettings", "scopeKind": "struct"}, {"_type": "tag", "name": "WPEFramework", "path": "/home/kavia/workspace/code-generation/app-gateway2/app-gateway/interfaces/json/JFbSettings.h", "pattern": "/^namespace WPEFramework {$/", "language": "C++", "kind": "namespace"}], "hash": "48a822d166923ce6f1d1bbc0b19a5357", "format-version": 4, "code-base-name": "app-gateway2", "filename": "app-gateway/interfaces/json/JFbSettings.h", "revision_history": [{"366": ""}]}