{"is_source_file": true, "format": "C++ header (.h)", "description": "This file is a header defining the LaunchDelegate class in a WPEFramework plugin, implementing various interfaces related to launch management, WebSocket communication, and app notifications within the plugin architecture.", "external_files": ["Module.h", "interfaces/ILaunchDelegate.h", "interfaces/IAppNotifications.h", "core/core.h", "LifecycleManagement.h", "UtilsUUID.h", "WsManager.h", "UtilsLogging.h", "UtilsFirebolt.h", "interfaces/IAppGateway.h", "ProviderDelegate.h"], "external_methods": ["UtilsUUID::GenerateUUID", "mWsManager.SendMessageToConnection", "mWsManager.DispatchNotificationToConnection", "mWsManager.SendRequestToConnection", "LOGDBG"], "published": ["Initialize", "Deinitialize", "Information", "Ready", "Close", "Finished", "Authenticate", "CheckPermissionGroup", "GetIntent", "Respond", "Emit", "Request", "GetGatewayConnectionContext", "Register", "Unregister", "State", "Initialization", "GetSessionId", "GetContentPartnerId", "HandleAppGatewayRequest"], "classes": [{"name": "LaunchDelegate", "description": "Main class implementing plugin and app launch delegate functionality, handling WebSocket communication, app notifications, lifecycle events, and JSON-RPC methods."}, {"name": "LaunchDelegate::ResolveJob", "description": "Dispatch class for resolving requests in LaunchDelegate."}, {"name": "LaunchDelegate::DispatchLifecycleJob", "description": "Dispatch class for handling lifecycle change events."}, {"name": "LaunchDelegate::RespondJob", "description": "Dispatch class for sending JSON responses."}, {"name": "LaunchDelegate::EmitJob", "description": "Dispatch class for emitting notifications."}, {"name": "LaunchDelegate::RequestJob", "description": "Dispatch class for sending requests over WebSocket."}, {"name": "LaunchDelegate::ConnectionStatusNotificationJob", "description": "Dispatch class for notifying connection status changes."}, {"name": "LaunchDelegate::AppGatewayConnectionChanged", "description": "Notification handler for app gateway connection status changes."}], "methods": [{"name": "bool GetLifecycleStateFromString(const string & state,LifecycleState & state_value)", "description": "Converts a string to a LifecycleState enum, case-sensitive.", "scope": "WPEFramework::Plugin::LaunchDelegate", "scopeKind": "class"}, {"name": "std::string GeneratedSessionId()", "description": "Generates a new UUID session ID.", "scope": "WPEFramework::Plugin::LaunchDelegate", "scopeKind": "class"}, {"name": "Session", "description": "Handles session creation request."}, {"name": "SetSession", "description": "Handles session setting request."}, {"name": "OnRequestReady", "description": "Handles request indicating readiness."}, {"name": "OnRequestClose", "description": "Handles request to close session."}, {"name": "OnRequestFinished", "description": "Handles request completion."}, {"name": "OnRequestLaunch", "description": "Handles session launch request."}, {"name": "OnSessionTransitionCompleted", "description": "Handles session transition complete."}, {"name": "OnSessionTransitionCanceled", "description": "Handles session transition cancel."}, {"name": "AddContext", "description": "Adds context information to WebSocket connection."}, {"name": "initializeWebsocketServer", "description": "Initializes the WebSocket server."}, {"name": "initializeDelegates", "description": "Initializes delegate handlers."}, {"name": "HandleProviderRegistration", "description": "Handles provider registration events."}, {"name": "DispatchProvider", "description": "Dispatches provider events."}, {"name": "InternalResolve", "description": "Resolves JSON-RPC requests internally."}, {"name": "getAppIdFromSessId", "description": "Retrieves application ID from session ID."}, {"name": "AppGatewayConnectionChanged(LaunchDelegate & parent)", "scope": "WPEFramework::Plugin::LaunchDelegate::AppGatewayConnectionChanged", "scopeKind": "class", "description": "unavailable"}, {"name": "ConnectionStatusNotificationJob(LaunchDelegate * parent,const uint32_t connectionId,const std::string & appId,const bool connected)", "scope": "WPEFramework::Plugin::LaunchDelegate::ConnectionStatusNotificationJob", "scopeKind": "class", "description": "unavailable"}, {"name": "Core::ProxyType<Core::IDispatch> Create(LaunchDelegate * parent,const std::string appId,const LifecycleState newState,const LifecycleState oldState)", "scope": "WPEFramework::Plugin::LaunchDelegate::DispatchLifecycleJob", "scopeKind": "class", "description": "unavailable"}, {"name": "Core::ProxyType<Core::IDispatch> Create(LaunchDelegate * parent,const uint32_t connectionId,const uint32_t requestId,const std::string & method,const std::string & params)", "scope": "WPEFramework::Plugin::LaunchDelegate::ResolveJob", "scopeKind": "class", "description": "unavailable"}, {"name": "Core::ProxyType<Core::IDispatch> Create(LaunchDelegate * parent,const uint32_t connectionId,const std::string & appId,const bool connected)", "scope": "WPEFramework::Plugin::LaunchDelegate::ConnectionStatusNotificationJob", "scopeKind": "class", "description": "unavailable"}, {"name": "Core::ProxyType<Core::IDispatch> Create(LaunchDelegate * parent,const uint32_t connectionId,const std::string & designator,const std::string & payload)", "scope": "WPEFramework::Plugin::LaunchDelegate::EmitJob", "scopeKind": "class", "description": "unavailable"}, {"name": "Core::ProxyType<Core::IDispatch> Create(LaunchDelegate * parent,const uint32_t connectionId,const uint32_t mRequestId,const std::string & designator,const std::string & payload)", "scope": "WPEFramework::Plugin::LaunchDelegate::RequestJob", "scopeKind": "class", "description": "unavailable"}, {"name": "Core::ProxyType<Core::IDispatch> Create(LaunchDelegate * parent,const uint32_t connectionId,const uint32_t requestId,const std::string & payload)", "scope": "WPEFramework::Plugin::LaunchDelegate::RespondJob", "scopeKind": "class", "description": "unavailable"}, {"name": "void Dispatch()", "scope": "WPEFramework::Plugin::LaunchDelegate::RespondJob", "scopeKind": "class", "description": "unavailable"}, {"name": "DispatchLifecycleJob(LaunchDelegate * parent,const std::string & appId,const LifecycleState newState,const LifecycleState oldState)", "scope": "WPEFramework::Plugin::LaunchDelegate::DispatchLifecycleJob", "scopeKind": "class", "description": "unavailable"}, {"name": "EmitJob(LaunchDelegate * parent,const uint32_t connectionId,const std::string & designator,const std::string & payload)", "scope": "WPEFramework::Plugin::LaunchDelegate::EmitJob", "scopeKind": "class", "description": "unavailable"}, {"name": "PluginHost::IShell * GetService() const", "scope": "WPEFramework::Plugin::LaunchDelegate", "scopeKind": "class", "description": "unavailable"}, {"name": "void OnAppConnectionChanged(const string & appId,const uint32_t connectionId,const bool & connected)", "scope": "WPEFramework::Plugin::LaunchDelegate::AppGatewayConnectionChanged", "scopeKind": "class", "description": "unavailable"}, {"name": "RequestJob(LaunchDelegate * parent,const uint32_t connectionId,const uint32_t requestId,const std::string & designator,const std::string & payload)", "scope": "WPEFramework::Plugin::LaunchDelegate::RequestJob", "scopeKind": "class", "description": "unavailable"}, {"name": "ResolveJob(LaunchDelegate * parent,const uint32_t connectionId,const uint32_t requestId,const string & method,const string & params)", "scope": "WPEFramework::Plugin::LaunchDelegate::ResolveJob", "scopeKind": "class", "description": "unavailable"}, {"name": "RespondJob(LaunchDelegate * parent,const uint32_t connectionId,const uint32_t requestId,const std::string & payload)", "scope": "WPEFramework::Plugin::LaunchDelegate::RespondJob", "scopeKind": "class", "description": "unavailable"}], "calls": ["UtilsUUID::GenerateUUID", "mWsManager.SendMessageToConnection", "mWsManager.DispatchNotificationToConnection", "mWsManager.SendRequestToConnection", "LOGDBG"], "search-terms": ["LaunchDelegate", "IAppGatewayResponder", "IAppNotifications", "LifecycleManagement", "websocket", "session", "app notification", "JSONRPC", "AppGateway", "LifecycleState"], "state": 2, "file_id": 237, "knowledge_revision": 838, "git_revision": "727800fc84f5393f5ac231785d3764465fe20036", "ctags": [{"_type": "tag", "name": "AppGatewayConnectionChanged", "path": "/home/kavia/workspace/code-generation/app-gateway2/app-gateway/LaunchDelegate/LaunchDelegate.h", "pattern": "/^        AppGatewayConnectionChanged(LaunchDelegate &parent) : mParent(parent) {}$/", "language": "C++", "kind": "function", "signature": "(LaunchDelegate & parent)", "scope": "WPEFramework::Plugin::LaunchDelegate::AppGatewayConnectionChanged", "scopeKind": "class"}, {"_type": "tag", "name": "AppGatewayConnectionChanged", "path": "/home/kavia/workspace/code-generation/app-gateway2/app-gateway/LaunchDelegate/LaunchDelegate.h", "pattern": "/^    class AppGatewayConnectionChanged : public Exchange::IAppGatewayResponder::INotification$/", "language": "C++", "kind": "class", "scope": "WPEFramework::Plugin::LaunchDelegate", "scopeKind": "class"}, {"_type": "tag", "name": "ConnectionStatusNotificationJob", "path": "/home/kavia/workspace/code-generation/app-gateway2/app-gateway/LaunchDelegate/LaunchDelegate.h", "pattern": "/^            ConnectionStatusNotificationJob(LaunchDelegate *parent,$/", "language": "C++", "kind": "function", "signature": "(LaunchDelegate * parent,const uint32_t connectionId,const std::string & appId,const bool connected)", "scope": "WPEFramework::Plugin::LaunchDelegate::ConnectionStatusNotificationJob", "scopeKind": "class"}, {"_type": "tag", "name": "ConnectionStatusNotificationJob", "path": "/home/kavia/workspace/code-generation/app-gateway2/app-gateway/LaunchDelegate/LaunchDelegate.h", "pattern": "/^        class EXTERNAL ConnectionStatusNotificationJob : public Core::IDispatch$/", "language": "C++", "kind": "class", "scope": "WPEFramework::Plugin::LaunchDelegate", "scopeKind": "class"}, {"_type": "tag", "name": "Context", "path": "/home/kavia/workspace/code-generation/app-gateway2/app-gateway/LaunchDelegate/LaunchDelegate.h", "pattern": "/^    using Context = Exchange::GatewayContext;$/", "language": "C++", "typeref": "typename:Exchange::GatewayContext", "kind": "typedef", "scope": "WPEFramework::Plugin", "scopeKind": "namespace"}, {"_type": "tag", "name": "Create", "path": "/home/kavia/workspace/code-generation/app-gateway2/app-gateway/LaunchDelegate/LaunchDelegate.h", "pattern": "/^                static Core::ProxyType<Core::IDispatch> Create(LaunchDelegate *parent, const std/", "language": "C++", "typeref": "typename:Core::ProxyType<Core::IDispatch>", "kind": "function", "signature": "(LaunchDelegate * parent,const std::string appId,const LifecycleState newState,const LifecycleState oldState)", "scope": "WPEFramework::Plugin::LaunchDelegate::DispatchLifecycleJob", "scopeKind": "class"}, {"_type": "tag", "name": "Create", "path": "/home/kavia/workspace/code-generation/app-gateway2/app-gateway/LaunchDelegate/LaunchDelegate.h", "pattern": "/^                static Core::ProxyType<Core::IDispatch> Create(LaunchDelegate *parent,$/", "language": "C++", "typeref": "typename:Core::ProxyType<Core::IDispatch>", "kind": "function", "signature": "(LaunchDelegate * parent,const uint32_t connectionId,const uint32_t requestId,const std::string & method,const std::string & params)", "scope": "WPEFramework::Plugin::LaunchDelegate::ResolveJob", "scopeKind": "class"}, {"_type": "tag", "name": "Create", "path": "/home/kavia/workspace/code-generation/app-gateway2/app-gateway/LaunchDelegate/LaunchDelegate.h", "pattern": "/^            static Core::ProxyType<Core::IDispatch> Create(LaunchDelegate *parent,$/", "language": "C++", "typeref": "typename:Core::ProxyType<Core::IDispatch>", "kind": "function", "signature": "(LaunchDelegate * parent,const uint32_t connectionId,const std::string & appId,const bool connected)", "scope": "WPEFramework::Plugin::LaunchDelegate::ConnectionStatusNotificationJob", "scopeKind": "class"}, {"_type": "tag", "name": "Create", "path": "/home/kavia/workspace/code-generation/app-gateway2/app-gateway/LaunchDelegate/LaunchDelegate.h", "pattern": "/^            static Core::ProxyType<Core::IDispatch> Create(LaunchDelegate *parent,$/", "language": "C++", "typeref": "typename:Core::ProxyType<Core::IDispatch>", "kind": "function", "signature": "(LaunchDelegate * parent,const uint32_t connectionId,const std::string & designator,const std::string & payload)", "scope": "WPEFramework::Plugin::LaunchDelegate::EmitJob", "scopeKind": "class"}, {"_type": "tag", "name": "Create", "path": "/home/kavia/workspace/code-generation/app-gateway2/app-gateway/LaunchDelegate/LaunchDelegate.h", "pattern": "/^            static Core::ProxyType<Core::IDispatch> Create(LaunchDelegate *parent,$/", "language": "C++", "typeref": "typename:Core::ProxyType<Core::IDispatch>", "kind": "function", "signature": "(LaunchDelegate * parent,const uint32_t connectionId,const uint32_t mRequestId,const std::string & designator,const std::string & payload)", "scope": "WPEFramework::Plugin::LaunchDelegate::RequestJob", "scopeKind": "class"}, {"_type": "tag", "name": "Create", "path": "/home/kavia/workspace/code-generation/app-gateway2/app-gateway/LaunchDelegate/LaunchDelegate.h", "pattern": "/^            static Core::ProxyType<Core::IDispatch> Create(LaunchDelegate *parent,$/", "language": "C++", "typeref": "typename:Core::ProxyType<Core::IDispatch>", "kind": "function", "signature": "(LaunchDelegate * parent,const uint32_t connectionId,const uint32_t requestId,const std::string & payload)", "scope": "WPEFramework::Plugin::LaunchDelegate::RespondJob", "scopeKind": "class"}, {"_type": "tag", "name": "Dispatch", "path": "/home/kavia/workspace/code-generation/app-gateway2/app-gateway/LaunchDelegate/LaunchDelegate.h", "pattern": "/^                virtual void Dispatch()$/", "language": "C++", "typeref": "typename:void", "kind": "function", "signature": "()", "scope": "WPEFramework::Plugin::LaunchDelegate::DispatchLifecycleJob", "scopeKind": "class"}, {"_type": "tag", "name": "Dispatch", "path": "/home/kavia/workspace/code-generation/app-gateway2/app-gateway/LaunchDelegate/LaunchDelegate.h", "pattern": "/^                virtual void Dispatch()$/", "language": "C++", "typeref": "typename:void", "kind": "function", "signature": "()", "scope": "WPEFramework::Plugin::LaunchDelegate::ResolveJob", "scopeKind": "class"}, {"_type": "tag", "name": "Dispatch", "path": "/home/kavia/workspace/code-generation/app-gateway2/app-gateway/LaunchDelegate/LaunchDelegate.h", "pattern": "/^            virtual void Dispatch()$/", "language": "C++", "typeref": "typename:void", "kind": "function", "signature": "()", "scope": "WPEFramework::Plugin::LaunchDelegate::ConnectionStatusNotificationJob", "scopeKind": "class"}, {"_type": "tag", "name": "Dispatch", "path": "/home/kavia/workspace/code-generation/app-gateway2/app-gateway/LaunchDelegate/LaunchDelegate.h", "pattern": "/^            virtual void Dispatch()$/", "language": "C++", "typeref": "typename:void", "kind": "function", "signature": "()", "scope": "WPEFramework::Plugin::LaunchDelegate::EmitJob", "scopeKind": "class"}, {"_type": "tag", "name": "Dispatch", "path": "/home/kavia/workspace/code-generation/app-gateway2/app-gateway/LaunchDelegate/LaunchDelegate.h", "pattern": "/^            virtual void Dispatch()$/", "language": "C++", "typeref": "typename:void", "kind": "function", "signature": "()", "scope": "WPEFramework::Plugin::LaunchDelegate::RequestJob", "scopeKind": "class"}, {"_type": "tag", "name": "Dispatch", "path": "/home/kavia/workspace/code-generation/app-gateway2/app-gateway/LaunchDelegate/LaunchDelegate.h", "pattern": "/^            virtual void Dispatch()$/", "language": "C++", "typeref": "typename:void", "kind": "function", "signature": "()", "scope": "WPEFramework::Plugin::LaunchDelegate::RespondJob", "scopeKind": "class"}, {"_type": "tag", "name": "DispatchLifecycleJob", "path": "/home/kavia/workspace/code-generation/app-gateway2/app-gateway/LaunchDelegate/LaunchDelegate.h", "pattern": "/^                DispatchLifecycleJob(LaunchDelegate *parent, const std::string &appId, const Lif/", "language": "C++", "kind": "function", "signature": "(LaunchDelegate * parent,const std::string & appId,const LifecycleState newState,const LifecycleState oldState)", "scope": "WPEFramework::Plugin::LaunchDelegate::DispatchLifecycleJob", "scopeKind": "class"}, {"_type": "tag", "name": "DispatchLifecycleJob", "path": "/home/kavia/workspace/code-generation/app-gateway2/app-gateway/LaunchDelegate/LaunchDelegate.h", "pattern": "/^        class EXTERNAL DispatchLifecycleJob : public Core::IDispatch $/", "language": "C++", "kind": "class", "scope": "WPEFramework::Plugin::LaunchDelegate", "scopeKind": "class"}, {"_type": "tag", "name": "EmitJob", "path": "/home/kavia/workspace/code-generation/app-gateway2/app-gateway/LaunchDelegate/LaunchDelegate.h", "pattern": "/^            EmitJob(LaunchDelegate *parent, $/", "language": "C++", "kind": "function", "signature": "(LaunchDelegate * parent,const uint32_t connectionId,const std::string & designator,const std::string & payload)", "scope": "WPEFramework::Plugin::LaunchDelegate::EmitJob", "scopeKind": "class"}, {"_type": "tag", "name": "EmitJob", "path": "/home/kavia/workspace/code-generation/app-gateway2/app-gateway/LaunchDelegate/LaunchDelegate.h", "pattern": "/^        class EXTERNAL EmitJob : public Core::IDispatch$/", "language": "C++", "kind": "class", "scope": "WPEFramework::Plugin::LaunchDelegate", "scopeKind": "class"}, {"_type": "tag", "name": "GeneratedSessionId", "path": "/home/kavia/workspace/code-generation/app-gateway2/app-gateway/LaunchDelegate/LaunchDelegate.h", "pattern": "/^\tstd::string GeneratedSessionId()$/", "language": "C++", "typeref": "typename:std::string", "kind": "function", "signature": "()", "scope": "WPEFramework::Plugin::LaunchDelegate", "scopeKind": "class"}, {"_type": "tag", "name": "GetLifecycleStateFromString", "path": "/home/kavia/workspace/code-generation/app-gateway2/app-gateway/LaunchDelegate/LaunchDelegate.h", "pattern": "/^\t    bool GetLifecycleStateFromString(const string& state, LifecycleState& state_value) {$/", "language": "C++", "typeref": "typename:bool", "kind": "function", "signature": "(const string & state,LifecycleState & state_value)", "scope": "WPEFramework::Plugin::LaunchDelegate", "scopeKind": "class"}, {"_type": "tag", "name": "GetService", "path": "/home/kavia/workspace/code-generation/app-gateway2/app-gateway/LaunchDelegate/LaunchDelegate.h", "pattern": "/^        PluginHost::IShell* GetService() const$/", "language": "C++", "typeref": "typename:PluginHost::IShell *", "kind": "function", "signature": "() const", "scope": "WPEFramework::Plugin::LaunchDelegate", "scopeKind": "class"}, {"_type": "tag", "name": "LAUNCHDELEGATE_SOCKET_ADDRESS", "path": "/home/kavia/workspace/code-generation/app-gateway2/app-gateway/LaunchDelegate/LaunchDelegate.h", "pattern": "/^#define LAUNCHDELEGATE_SOCKET_ADDRESS /", "language": "C++", "kind": "macro"}, {"_type": "tag", "name": "LaunchDelegate", "path": "/home/kavia/workspace/code-generation/app-gateway2/app-gateway/LaunchDelegate/LaunchDelegate.h", "pattern": "/^    class LaunchDelegate : public PluginHost::IPlugin, public PluginHost::JSONRPC, public Exchan/", "language": "C++", "kind": "class", "scope": "WPEFramework::Plugin", "scopeKind": "namespace"}, {"_type": "tag", "name": "OnAppConnectionChanged", "path": "/home/kavia/workspace/code-generation/app-gateway2/app-gateway/LaunchDelegate/LaunchDelegate.h", "pattern": "/^        void OnAppConnectionChanged(const string& appId, const uint32_t connectionId, const bool/", "language": "C++", "typeref": "typename:void", "kind": "function", "signature": "(const string & appId,const uint32_t connectionId,const bool & connected)", "scope": "WPEFramework::Plugin::LaunchDelegate::AppGatewayConnectionChanged", "scopeKind": "class"}, {"_type": "tag", "name": "Plugin", "path": "/home/kavia/workspace/code-generation/app-gateway2/app-gateway/LaunchDelegate/LaunchDelegate.h", "pattern": "/^namespace Plugin {$/", "language": "C++", "kind": "namespace", "scope": "WPEFramework", "scopeKind": "namespace"}, {"_type": "tag", "name": "RequestJob", "path": "/home/kavia/workspace/code-generation/app-gateway2/app-gateway/LaunchDelegate/LaunchDelegate.h", "pattern": "/^            RequestJob(LaunchDelegate *parent, $/", "language": "C++", "kind": "function", "signature": "(LaunchDelegate * parent,const uint32_t connectionId,const uint32_t requestId,const std::string & designator,const std::string & payload)", "scope": "WPEFramework::Plugin::LaunchDelegate::RequestJob", "scopeKind": "class"}, {"_type": "tag", "name": "RequestJob", "path": "/home/kavia/workspace/code-generation/app-gateway2/app-gateway/LaunchDelegate/LaunchDelegate.h", "pattern": "/^        class EXTERNAL RequestJob : public Core::IDispatch$/", "language": "C++", "kind": "class", "scope": "WPEFramework::Plugin::LaunchDelegate", "scopeKind": "class"}, {"_type": "tag", "name": "ResolveJob", "path": "/home/kavia/workspace/code-generation/app-gateway2/app-gateway/LaunchDelegate/LaunchDelegate.h", "pattern": "/^                ResolveJob(LaunchDelegate *parent, $/", "language": "C++", "kind": "function", "signature": "(LaunchDelegate * parent,const uint32_t connectionId,const uint32_t requestId,const string & method,const string & params)", "scope": "WPEFramework::Plugin::LaunchDelegate::ResolveJob", "scopeKind": "class"}, {"_type": "tag", "name": "ResolveJob", "path": "/home/kavia/workspace/code-generation/app-gateway2/app-gateway/LaunchDelegate/LaunchDelegate.h", "pattern": "/^        class EXTERNAL ResolveJob : public Core::IDispatch$/", "language": "C++", "kind": "class", "scope": "WPEFramework::Plugin::LaunchDelegate", "scopeKind": "class"}, {"_type": "tag", "name": "RespondJob", "path": "/home/kavia/workspace/code-generation/app-gateway2/app-gateway/LaunchDelegate/LaunchDelegate.h", "pattern": "/^            RespondJob(LaunchDelegate *parent, $/", "language": "C++", "kind": "function", "signature": "(LaunchDelegate * parent,const uint32_t connectionId,const uint32_t requestId,const std::string & payload)", "scope": "WPEFramework::Plugin::LaunchDelegate::RespondJob", "scopeKind": "class"}, {"_type": "tag", "name": "RespondJob", "path": "/home/kavia/workspace/code-generation/app-gateway2/app-gateway/LaunchDelegate/LaunchDelegate.h", "pattern": "/^        class EXTERNAL RespondJob : public Core::IDispatch$/", "language": "C++", "kind": "class", "scope": "WPEFramework::Plugin::LaunchDelegate", "scopeKind": "class"}, {"_type": "tag", "name": "StringToLifecycleState", "path": "/home/kavia/workspace/code-generation/app-gateway2/app-gateway/LaunchDelegate/LaunchDelegate.h", "pattern": "/^    static const std::map<std::string, LifecycleState> StringToLifecycleState = {$/", "language": "C++", "typeref": "typename:const std::map<std::string,LifecycleState>", "kind": "variable", "scope": "WPEFramework::Plugin", "scopeKind": "namespace"}, {"_type": "tag", "name": "WPEFramework", "path": "/home/kavia/workspace/code-generation/app-gateway2/app-gateway/LaunchDelegate/LaunchDelegate.h", "pattern": "/^namespace WPEFramework {$/", "language": "C++", "kind": "namespace"}, {"_type": "tag", "name": "mAppGateway", "path": "/home/kavia/workspace/code-generation/app-gateway2/app-gateway/LaunchDelegate/LaunchDelegate.h", "pattern": "/^    Exchange::IAppGatewayResolver *mAppGateway;$/", "language": "C++", "typeref": "typename:Exchange::IAppGatewayResolver *", "kind": "member", "scope": "WPEFramework::Plugin::LaunchDelegate", "scopeKind": "class"}, {"_type": "tag", "name": "mAppGatewayConnectionChangedSink", "path": "/home/kavia/workspace/code-generation/app-gateway2/app-gateway/LaunchDelegate/LaunchDelegate.h", "pattern": "/^    Core::Sink<AppGatewayConnectionChanged> mAppGatewayConnectionChangedSink;$/", "language": "C++", "typeref": "typename:Core::Sink<AppGatewayConnectionChanged>", "kind": "member", "scope": "WPEFramework::Plugin::LaunchDelegate", "scopeKind": "class"}, {"_type": "tag", "name": "mAppGatewayResponder", "path": "/home/kavia/workspace/code-generation/app-gateway2/app-gateway/LaunchDelegate/LaunchDelegate.h", "pattern": "/^    Exchange::IAppGatewayResponder *mAppGatewayResponder;$/", "language": "C++", "typeref": "typename:Exchange::IAppGatewayResponder *", "kind": "member", "scope": "WPEFramework::Plugin::LaunchDelegate", "scopeKind": "class"}, {"_type": "tag", "name": "mAppId", "path": "/home/kavia/workspace/code-generation/app-gateway2/app-gateway/LaunchDelegate/LaunchDelegate.h", "pattern": "/^                const std::string mAppId;$/", "language": "C++", "typeref": "typename:const std::string", "kind": "member", "scope": "WPEFramework::Plugin::LaunchDelegate::DispatchLifecycleJob", "scopeKind": "class"}, {"_type": "tag", "name": "mAppId", "path": "/home/kavia/workspace/code-generation/app-gateway2/app-gateway/LaunchDelegate/LaunchDelegate.h", "pattern": "/^            const std::string mAppId;$/", "language": "C++", "typeref": "typename:const std::string", "kind": "member", "scope": "WPEFramework::Plugin::LaunchDelegate::ConnectionStatusNotificationJob", "scopeKind": "class"}, {"_type": "tag", "name": "mAppNotifications", "path": "/home/kavia/workspace/code-generation/app-gateway2/app-gateway/LaunchDelegate/LaunchDelegate.h", "pattern": "/^    Exchange::IAppNotifications *mAppNotifications;$/", "language": "C++", "typeref": "typename:Exchange::IAppNotifications *", "kind": "member", "scope": "WPEFramework::Plugin::LaunchDelegate", "scopeKind": "class"}, {"_type": "tag", "name": "mAppRegistry", "path": "/home/kavia/workspace/code-generation/app-gateway2/app-gateway/LaunchDelegate/LaunchDelegate.h", "pattern": "/^        AppRegistry mAppRegistry;$/", "language": "C++", "typeref": "typename:AppRegistry", "kind": "member", "scope": "WPEFramework::Plugin::LaunchDelegate", "scopeKind": "class"}, {"_type": "tag", "name": "mAppSessionIdRegistry", "path": "/home/kavia/workspace/code-generation/app-gateway2/app-gateway/LaunchDelegate/LaunchDelegate.h", "pattern": "/^        AppSessionIdRegistry mAppSessionIdRegistry;$/", "language": "C++", "typeref": "typename:AppSessionIdRegistry", "kind": "member", "scope": "WPEFramework::Plugin::LaunchDelegate", "scopeKind": "class"}, {"_type": "tag", "name": "mConnected", "path": "/home/kavia/workspace/code-generation/app-gateway2/app-gateway/LaunchDelegate/LaunchDelegate.h", "pattern": "/^            const bool mConnected;$/", "language": "C++", "typeref": "typename:const bool", "kind": "member", "scope": "WPEFramework::Plugin::LaunchDelegate::ConnectionStatusNotificationJob", "scopeKind": "class"}, {"_type": "tag", "name": "mConnectionId", "path": "/home/kavia/workspace/code-generation/app-gateway2/app-gateway/LaunchDelegate/LaunchDelegate.h", "pattern": "/^                const uint32_t mConnectionId;$/", "language": "C++", "typeref": "typename:const uint32_t", "kind": "member", "scope": "WPEFramework::Plugin::LaunchDelegate::ResolveJob", "scopeKind": "class"}, {"_type": "tag", "name": "mConnectionId", "path": "/home/kavia/workspace/code-generation/app-gateway2/app-gateway/LaunchDelegate/LaunchDelegate.h", "pattern": "/^            const uint32_t mConnectionId;$/", "language": "C++", "typeref": "typename:const uint32_t", "kind": "member", "scope": "WPEFramework::Plugin::LaunchDelegate::ConnectionStatusNotificationJob", "scopeKind": "class"}, {"_type": "tag", "name": "mConnectionId", "path": "/home/kavia/workspace/code-generation/app-gateway2/app-gateway/LaunchDelegate/LaunchDelegate.h", "pattern": "/^            const uint32_t mConnectionId;$/", "language": "C++", "typeref": "typename:const uint32_t", "kind": "member", "scope": "WPEFramework::Plugin::LaunchDelegate::EmitJob", "scopeKind": "class"}, {"_type": "tag", "name": "mConnectionId", "path": "/home/kavia/workspace/code-generation/app-gateway2/app-gateway/LaunchDelegate/LaunchDelegate.h", "pattern": "/^            const uint32_t mConnectionId;$/", "language": "C++", "typeref": "typename:const uint32_t", "kind": "member", "scope": "WPEFramework::Plugin::LaunchDelegate::RequestJob", "scopeKind": "class"}, {"_type": "tag", "name": "mConnectionId", "path": "/home/kavia/workspace/code-generation/app-gateway2/app-gateway/LaunchDelegate/LaunchDelegate.h", "pattern": "/^            const uint32_t mConnectionId;$/", "language": "C++", "typeref": "typename:const uint32_t", "kind": "member", "scope": "WPEFramework::Plugin::LaunchDelegate::RespondJob", "scopeKind": "class"}, {"_type": "tag", "name": "mConnectionId", "path": "/home/kavia/workspace/code-generation/app-gateway2/app-gateway/LaunchDelegate/LaunchDelegate.h", "pattern": "/^        uint32_t mConnectionId;$/", "language": "C++", "typeref": "typename:uint32_t", "kind": "member", "scope": "WPEFramework::Plugin::LaunchDelegate", "scopeKind": "class"}, {"_type": "tag", "name": "mConnectionStatusImplLock", "path": "/home/kavia/workspace/code-generation/app-gateway2/app-gateway/LaunchDelegate/LaunchDelegate.h", "pattern": "/^    mutable Core::CriticalSection mConnectionStatusImplLock;$/", "language": "C++", "typeref": "typename:Core::CriticalSection", "kind": "member", "scope": "WPEFramework::Plugin::LaunchDelegate", "scopeKind": "class"}, {"_type": "tag", "name": "mConnectionStatusNotification", "path": "/home/kavia/workspace/code-generation/app-gateway2/app-gateway/LaunchDelegate/LaunchDelegate.h", "pattern": "/^    std::list<Exchange::IAppGatewayResponder::INotification*> mConnectionStatusNotification;$/", "language": "C++", "typeref": "typename:std::list<Exchange::IAppGatewayResponder::INotification * >", "kind": "member", "scope": "WPEFramework::Plugin::LaunchDelegate", "scopeKind": "class"}, {"_type": "tag", "name": "mContentPartnerIdRegistry", "path": "/home/kavia/workspace/code-generation/app-gateway2/app-gateway/LaunchDelegate/LaunchDelegate.h", "pattern": "/^        ContentPartnerIdRegistry mContentPartnerIdRegistry;$/", "language": "C++", "typeref": "typename:ContentPartnerIdRegistry", "kind": "member", "scope": "WPEFramework::Plugin::LaunchDelegate", "scopeKind": "class"}, {"_type": "tag", "name": "mDesignator", "path": "/home/kavia/workspace/code-generation/app-gateway2/app-gateway/LaunchDelegate/LaunchDelegate.h", "pattern": "/^            const std::string mDesignator;$/", "language": "C++", "typeref": "typename:const std::string", "kind": "member", "scope": "WPEFramework::Plugin::LaunchDelegate::EmitJob", "scopeKind": "class"}, {"_type": "tag", "name": "mDesignator", "path": "/home/kavia/workspace/code-generation/app-gateway2/app-gateway/LaunchDelegate/LaunchDelegate.h", "pattern": "/^            const std::string mDesignator;$/", "language": "C++", "typeref": "typename:const std::string", "kind": "member", "scope": "WPEFramework::Plugin::LaunchDelegate::RequestJob", "scopeKind": "class"}, {"_type": "tag", "name": "mLifecycleRegistry", "path": "/home/kavia/workspace/code-generation/app-gateway2/app-gateway/LaunchDelegate/LaunchDelegate.h", "pattern": "/^        LifecycleInfoRegistry mLifecycleRegistry;$/", "language": "C++", "typeref": "typename:LifecycleInfoRegistry", "kind": "member", "scope": "WPEFramework::Plugin::LaunchDelegate", "scopeKind": "class"}, {"_type": "tag", "name": "mMethod", "path": "/home/kavia/workspace/code-generation/app-gateway2/app-gateway/LaunchDelegate/LaunchDelegate.h", "pattern": "/^                const std::string mMethod;$/", "language": "C++", "typeref": "typename:const std::string", "kind": "member", "scope": "WPEFramework::Plugin::LaunchDelegate::ResolveJob", "scopeKind": "class"}, {"_type": "tag", "name": "mNewState", "path": "/home/kavia/workspace/code-generation/app-gateway2/app-gateway/LaunchDelegate/LaunchDelegate.h", "pattern": "/^                const LifecycleState mNewState;$/", "language": "C++", "typeref": "typename:const LifecycleState", "kind": "member", "scope": "WPEFramework::Plugin::LaunchDelegate::DispatchLifecycleJob", "scopeKind": "class"}, {"_type": "tag", "name": "mOldState", "path": "/home/kavia/workspace/code-generation/app-gateway2/app-gateway/LaunchDelegate/LaunchDelegate.h", "pattern": "/^                const LifecycleState mOldState;$/", "language": "C++", "typeref": "typename:const LifecycleState", "kind": "member", "scope": "WPEFramework::Plugin::LaunchDelegate::DispatchLifecycleJob", "scopeKind": "class"}, {"_type": "tag", "name": "mParams", "path": "/home/kavia/workspace/code-generation/app-gateway2/app-gateway/LaunchDelegate/LaunchDelegate.h", "pattern": "/^                const std::string mParams;$/", "language": "C++", "typeref": "typename:const std::string", "kind": "member", "scope": "WPEFramework::Plugin::LaunchDelegate::ResolveJob", "scopeKind": "class"}, {"_type": "tag", "name": "mParent", "path": "/home/kavia/workspace/code-generation/app-gateway2/app-gateway/LaunchDelegate/LaunchDelegate.h", "pattern": "/^                LaunchDelegate &mParent;$/", "language": "C++", "typeref": "typename:LaunchDelegate &", "kind": "member", "scope": "WPEFramework::Plugin::LaunchDelegate::DispatchLifecycleJob", "scopeKind": "class"}, {"_type": "tag", "name": "mParent", "path": "/home/kavia/workspace/code-generation/app-gateway2/app-gateway/LaunchDelegate/LaunchDelegate.h", "pattern": "/^                LaunchDelegate &mParent;$/", "language": "C++", "typeref": "typename:LaunchDelegate &", "kind": "member", "scope": "WPEFramework::Plugin::LaunchDelegate::ResolveJob", "scopeKind": "class"}, {"_type": "tag", "name": "mParent", "path": "/home/kavia/workspace/code-generation/app-gateway2/app-gateway/LaunchDelegate/LaunchDelegate.h", "pattern": "/^            LaunchDelegate &mParent;$/", "language": "C++", "typeref": "typename:LaunchDelegate &", "kind": "member", "scope": "WPEFramework::Plugin::LaunchDelegate::ConnectionStatusNotificationJob", "scopeKind": "class"}, {"_type": "tag", "name": "mParent", "path": "/home/kavia/workspace/code-generation/app-gateway2/app-gateway/LaunchDelegate/LaunchDelegate.h", "pattern": "/^            LaunchDelegate &mParent;$/", "language": "C++", "typeref": "typename:LaunchDelegate &", "kind": "member", "scope": "WPEFramework::Plugin::LaunchDelegate::EmitJob", "scopeKind": "class"}, {"_type": "tag", "name": "mParent", "path": "/home/kavia/workspace/code-generation/app-gateway2/app-gateway/LaunchDelegate/LaunchDelegate.h", "pattern": "/^            LaunchDelegate &mParent;$/", "language": "C++", "typeref": "typename:LaunchDelegate &", "kind": "member", "scope": "WPEFramework::Plugin::LaunchDelegate::RequestJob", "scopeKind": "class"}, {"_type": "tag", "name": "mParent", "path": "/home/kavia/workspace/code-generation/app-gateway2/app-gateway/LaunchDelegate/LaunchDelegate.h", "pattern": "/^            LaunchDelegate &mParent;$/", "language": "C++", "typeref": "typename:LaunchDelegate &", "kind": "member", "scope": "WPEFramework::Plugin::LaunchDelegate::RespondJob", "scopeKind": "class"}, {"_type": "tag", "name": "mParent", "path": "/home/kavia/workspace/code-generation/app-gateway2/app-gateway/LaunchDelegate/LaunchDelegate.h", "pattern": "/^        LaunchDelegate &mParent;$/", "language": "C++", "typeref": "typename:LaunchDelegate &", "kind": "member", "scope": "WPEFramework::Plugin::LaunchDelegate::AppGatewayConnectionChanged", "scopeKind": "class"}, {"_type": "tag", "name": "mPayload", "path": "/home/kavia/workspace/code-generation/app-gateway2/app-gateway/LaunchDelegate/LaunchDelegate.h", "pattern": "/^            const std::string mPayload;$/", "language": "C++", "typeref": "typename:const std::string", "kind": "member", "scope": "WPEFramework::Plugin::LaunchDelegate::EmitJob", "scopeKind": "class"}, {"_type": "tag", "name": "mPayload", "path": "/home/kavia/workspace/code-generation/app-gateway2/app-gateway/LaunchDelegate/LaunchDelegate.h", "pattern": "/^            const std::string mPayload;$/", "language": "C++", "typeref": "typename:const std::string", "kind": "member", "scope": "WPEFramework::Plugin::LaunchDelegate::RequestJob", "scopeKind": "class"}, {"_type": "tag", "name": "mPayload", "path": "/home/kavia/workspace/code-generation/app-gateway2/app-gateway/LaunchDelegate/LaunchDelegate.h", "pattern": "/^            const std::string mPayload;$/", "language": "C++", "typeref": "typename:const std::string", "kind": "member", "scope": "WPEFramework::Plugin::LaunchDelegate::RespondJob", "scopeKind": "class"}, {"_type": "tag", "name": "mProviderDelegate", "path": "/home/kavia/workspace/code-generation/app-gateway2/app-gateway/LaunchDelegate/LaunchDelegate.h", "pattern": "/^    ProviderDelegate mProviderDelegate;$/", "language": "C++", "typeref": "typename:ProviderDelegate", "kind": "member", "scope": "WPEFramework::Plugin::LaunchDelegate", "scopeKind": "class"}, {"_type": "tag", "name": "mProviderRegistry", "path": "/home/kavia/workspace/code-generation/app-gateway2/app-gateway/LaunchDelegate/LaunchDelegate.h", "pattern": "/^        ProviderRegistry mProviderRegistry;$/", "language": "C++", "typeref": "typename:ProviderRegistry", "kind": "member", "scope": "WPEFramework::Plugin::LaunchDelegate", "scopeKind": "class"}, {"_type": "tag", "name": "mRequestId", "path": "/home/kavia/workspace/code-generation/app-gateway2/app-gateway/LaunchDelegate/LaunchDelegate.h", "pattern": "/^                const uint32_t mRequestId;$/", "language": "C++", "typeref": "typename:const uint32_t", "kind": "member", "scope": "WPEFramework::Plugin::LaunchDelegate::ResolveJob", "scopeKind": "class"}, {"_type": "tag", "name": "mRequestId", "path": "/home/kavia/workspace/code-generation/app-gateway2/app-gateway/LaunchDelegate/LaunchDelegate.h", "pattern": "/^            const uint32_t mRequestId;$/", "language": "C++", "typeref": "typename:const uint32_t", "kind": "member", "scope": "WPEFramework::Plugin::LaunchDelegate::RequestJob", "scopeKind": "class"}, {"_type": "tag", "name": "mRequestId", "path": "/home/kavia/workspace/code-generation/app-gateway2/app-gateway/LaunchDelegate/LaunchDelegate.h", "pattern": "/^            const uint32_t mRequestId;$/", "language": "C++", "typeref": "typename:const uint32_t", "kind": "member", "scope": "WPEFramework::Plugin::LaunchDelegate::RespondJob", "scopeKind": "class"}], "hash": "881677d9dee8983c89bb024f727154ea", "format-version": 4, "code-base-name": "app-gateway2", "filename": "app-gateway/LaunchDelegate/LaunchDelegate.h", "fields": [{"name": "const std::map<std::string,LifecycleState> StringToLifecycleState", "scope": "WPEFramework::Plugin", "scopeKind": "namespace", "description": "unavailable"}, {"name": "Exchange::IAppGatewayResolver * mAppGateway", "scope": "WPEFramework::Plugin::LaunchDelegate", "scopeKind": "class", "description": "unavailable"}, {"name": "Core::Sink<AppGatewayConnectionChanged> mAppGatewayConnectionChangedSink", "scope": "WPEFramework::Plugin::LaunchDelegate", "scopeKind": "class", "description": "unavailable"}, {"name": "Exchange::IAppGatewayResponder * mAppGatewayResponder", "scope": "WPEFramework::Plugin::LaunchDelegate", "scopeKind": "class", "description": "unavailable"}, {"name": "const std::string mAppId", "scope": "WPEFramework::Plugin::LaunchDelegate::DispatchLifecycleJob", "scopeKind": "class", "description": "unavailable"}, {"name": "Exchange::IAppNotifications * mAppNotifications", "scope": "WPEFramework::Plugin::LaunchDelegate", "scopeKind": "class", "description": "unavailable"}, {"name": "AppRegistry mAppRegistry", "scope": "WPEFramework::Plugin::LaunchDelegate", "scopeKind": "class", "description": "unavailable"}, {"name": "AppSessionIdRegistry mAppSessionIdRegistry", "scope": "WPEFramework::Plugin::LaunchDelegate", "scopeKind": "class", "description": "unavailable"}, {"name": "const bool mConnected", "scope": "WPEFramework::Plugin::LaunchDelegate::ConnectionStatusNotificationJob", "scopeKind": "class", "description": "unavailable"}, {"name": "const uint32_t mConnectionId", "scope": "WPEFramework::Plugin::LaunchDelegate::ResolveJob", "scopeKind": "class", "description": "unavailable"}, {"name": "uint32_t mConnectionId", "scope": "WPEFramework::Plugin::LaunchDelegate", "scopeKind": "class", "description": "unavailable"}, {"name": "Core::CriticalSection mConnectionStatusImplLock", "scope": "WPEFramework::Plugin::LaunchDelegate", "scopeKind": "class", "description": "unavailable"}, {"name": "std::list<Exchange::IAppGatewayResponder::INotification * > mConnectionStatusNotification", "scope": "WPEFramework::Plugin::LaunchDelegate", "scopeKind": "class", "description": "unavailable"}, {"name": "ContentPartnerIdRegistry mContentPartnerIdRegistry", "scope": "WPEFramework::Plugin::LaunchDelegate", "scopeKind": "class", "description": "unavailable"}, {"name": "const std::string mDesignator", "scope": "WPEFramework::Plugin::LaunchDelegate::EmitJob", "scopeKind": "class", "description": "unavailable"}, {"name": "LifecycleInfoRegistry mLifecycleRegistry", "scope": "WPEFramework::Plugin::LaunchDelegate", "scopeKind": "class", "description": "unavailable"}, {"name": "const std::string mMethod", "scope": "WPEFramework::Plugin::LaunchDelegate::ResolveJob", "scopeKind": "class", "description": "unavailable"}, {"name": "const LifecycleState mNewState", "scope": "WPEFramework::Plugin::LaunchDelegate::DispatchLifecycleJob", "scopeKind": "class", "description": "unavailable"}, {"name": "const LifecycleState mOldState", "scope": "WPEFramework::Plugin::LaunchDelegate::DispatchLifecycleJob", "scopeKind": "class", "description": "unavailable"}, {"name": "const std::string mParams", "scope": "WPEFramework::Plugin::LaunchDelegate::ResolveJob", "scopeKind": "class", "description": "unavailable"}, {"name": "LaunchDelegate & mParent", "scope": "WPEFramework::Plugin::LaunchDelegate::DispatchLifecycleJob", "scopeKind": "class", "description": "unavailable"}, {"name": "const std::string mPayload", "scope": "WPEFramework::Plugin::LaunchDelegate::EmitJob", "scopeKind": "class", "description": "unavailable"}, {"name": "ProviderDelegate mProviderDelegate", "scope": "WPEFramework::Plugin::LaunchDelegate", "scopeKind": "class", "description": "unavailable"}, {"name": "ProviderRegistry mProviderRegistry", "scope": "WPEFramework::Plugin::LaunchDelegate", "scopeKind": "class", "description": "unavailable"}, {"name": "const uint32_t mRequestId", "scope": "WPEFramework::Plugin::LaunchDelegate::ResolveJob", "scopeKind": "class", "description": "unavailable"}], "revision_history": [{"838": "727800fc84f5393f5ac231785d3764465fe20036"}]}