{"is_source_file": false, "format": "", "description": "", "external_files": [], "external_methods": [], "published": [], "classes": [], "methods": [], "calls": [], "search-terms": [], "state": 2, "file_id": 120, "knowledge_revision": 367, "git_revision": "", "ctags": [{"_type": "tag", "name": "Exchange", "path": "/home/kavia/workspace/code-generation/app-gateway2/app-gateway/interfaces/json/JsonData_FbSettings.h", "pattern": "/^namespace Exchange {$/", "language": "C++", "kind": "namespace", "scope": "WPEFramework", "scopeKind": "namespace"}, {"_type": "tag", "name": "FbSettings", "path": "/home/kavia/workspace/code-generation/app-gateway2/app-gateway/interfaces/json/JsonData_FbSettings.h", "pattern": "/^namespace FbSettings {$/", "language": "C++", "kind": "namespace", "scope": "WPEFramework::Exchange::JsonData", "scopeKind": "namespace"}, {"_type": "tag", "name": "JsonData", "path": "/home/kavia/workspace/code-generation/app-gateway2/app-gateway/interfaces/json/JsonData_FbSettings.h", "pattern": "/^namespace JsonData {$/", "language": "C++", "kind": "namespace", "scope": "WPEFramework::Exchange", "scopeKind": "namespace"}, {"_type": "tag", "name": "WPEFramework", "path": "/home/kavia/workspace/code-generation/app-gateway2/app-gateway/interfaces/json/JsonData_FbSettings.h", "pattern": "/^namespace WPEFramework {$/", "language": "C++", "kind": "namespace"}], "hash": "ad6402085e87fddcf8f08deb75a3e507", "format-version": 4, "code-base-name": "app-gateway2", "filename": "app-gateway/interfaces/json/JsonData_FbSettings.h", "revision_history": [{"367": ""}]}