{"is_source_file": true, "format": "C++ header file", "description": "This file defines the AppNotifications class within the WPEFramework::Plugin namespace. It implements a plugin interface for notifications handling, inheriting from PluginHost::IPlugin and PluginHost::JSONRPC. The class provides mechanisms for initialization, deinitialization, and notification dispatching, along with interface mappings and private members for managing state.", "external_files": ["Module.h", "<interfaces/IAppNotifications.h>"], "external_methods": ["PluginHost::IPlugin", "PluginHost::JSONRPC", "PluginHost::IShell", "Exchange::IAppNotifications", "RPC::IRemoteConnection"], "published": ["AppNotifications"], "classes": [{"name": "AppNotifications", "description": "A plugin class that handles application notifications through JSONRPC, maintaining connection state and notification interface."}], "methods": [{"name": "Initialize", "description": "Initializes the plugin with the shell interface."}, {"name": "Deinitialize", "description": "Deinitializes the plugin, releasing resources."}, {"name": "string Information() const", "description": "Returns descriptive information about the plugin.", "scope": "WPEFramework::Plugin::AppNotifications", "scopeKind": "class"}], "calls": ["Notify()"], "search-terms": ["AppNotifications", "JSONRPC", "IPlugin", "IAppNotifications", "AppNotifications.h"], "state": 2, "file_id": 254, "knowledge_revision": 830, "git_revision": "f1974340ca5df4b8185ade381a20b29035080832", "ctags": [{"_type": "tag", "name": "AppNotifications", "path": "/home/kavia/workspace/code-generation/app-gateway2/app-gateway/AppNotifications/AppNotifications.h", "pattern": "/^        class AppNotifications : public PluginHost::IPlugin, public PluginHost::JSONRPC {$/", "language": "C++", "kind": "class", "scope": "WPEFramework::Plugin", "scopeKind": "namespace"}, {"_type": "tag", "name": "Information", "path": "/home/kavia/workspace/code-generation/app-gateway2/app-gateway/AppNotifications/AppNotifications.h", "pattern": "/^            virtual string Information() const override { return {}; }$/", "language": "C++", "typeref": "typename:string", "kind": "function", "signature": "() const", "scope": "WPEFramework::Plugin::AppNotifications", "scopeKind": "class"}, {"_type": "tag", "name": "Plugin", "path": "/home/kavia/workspace/code-generation/app-gateway2/app-gateway/AppNotifications/AppNotifications.h", "pattern": "/^    namespace Plugin {$/", "language": "C++", "kind": "namespace", "scope": "WPEFramework", "scopeKind": "namespace"}, {"_type": "tag", "name": "WPEFramework", "path": "/home/kavia/workspace/code-generation/app-gateway2/app-gateway/AppNotifications/AppNotifications.h", "pattern": "/^namespace WPEFramework {$/", "language": "C++", "kind": "namespace"}, {"_type": "tag", "name": "mAppNotifications", "path": "/home/kavia/workspace/code-generation/app-gateway2/app-gateway/AppNotifications/AppNotifications.h", "pattern": "/^            Exchange::IAppNotifications* mAppNotifications;$/", "language": "C++", "typeref": "typename:Exchange::IAppNotifications *", "kind": "member", "scope": "WPEFramework::Plugin::AppNotifications", "scopeKind": "class"}, {"_type": "tag", "name": "mConnectionId", "path": "/home/kavia/workspace/code-generation/app-gateway2/app-gateway/AppNotifications/AppNotifications.h", "pattern": "/^            uint32_t mConnectionId;$/", "language": "C++", "typeref": "typename:uint32_t", "kind": "member", "scope": "WPEFramework::Plugin::AppNotifications", "scopeKind": "class"}, {"_type": "tag", "name": "mService", "path": "/home/kavia/workspace/code-generation/app-gateway2/app-gateway/AppNotifications/AppNotifications.h", "pattern": "/^            PluginHost::IShell* mService;$/", "language": "C++", "typeref": "typename:PluginHost::IShell *", "kind": "member", "scope": "WPEFramework::Plugin::AppNotifications", "scopeKind": "class"}], "hash": "c3516101819350fbf6f174d1f73018bb", "format-version": 4, "code-base-name": "app-gateway2", "filename": "app-gateway/AppNotifications/AppNotifications.h", "fields": [{"name": "Exchange::IAppNotifications * mAppNotifications", "scope": "WPEFramework::Plugin::AppNotifications", "scopeKind": "class", "description": "unavailable"}, {"name": "uint32_t mConnectionId", "scope": "WPEFramework::Plugin::AppNotifications", "scopeKind": "class", "description": "unavailable"}, {"name": "PluginHost::IShell * mService", "scope": "WPEFramework::Plugin::AppNotifications", "scopeKind": "class", "description": "unavailable"}], "revision_history": [{"830": "f1974340ca5df4b8185ade381a20b29035080832"}]}