{"is_source_file": false, "format": "", "description": "", "external_files": [], "external_methods": [], "published": [], "classes": [], "methods": [], "calls": [], "search-terms": ["resolution.eos.json", "LaunchDelegate", "org.rdk"], "state": 2, "file_id": 224, "knowledge_revision": 746, "git_revision": "727800fc84f5393f5ac231785d3764465fe20036", "hash": "47cd6d704f5b44000accc075c3ad912b", "format-version": 4, "code-base-name": "app-gateway2", "filename": "app-gateway/LaunchDelegate/resolutions/resolution.eos.json", "revision_history": [{"746": "727800fc84f5393f5ac231785d3764465fe20036"}]}