{"is_source_file": true, "format": "C++ header", "description": "This header file defines the 'IAppGateway' interface for an application gateway component within the WPEFramework's exchange namespace. It declares methods for responding to requests, configuring paths, and resolving methods, along with an inner interface for iterating over configuration strings.", "external_files": ["<plugins/Module.h>"], "external_methods": [], "published": ["WPEFramework::Exchange::IAppGateway"], "classes": [{"name": "IAppGateway", "description": "An interface for application gateways, providing methods for responding, configuring, and resolving requests."}, {"name": "IStringIterator", "description": "An iterator interface for traversing configuration file paths."}], "methods": [{"name": "Respond", "description": "Sends a payload back to the consumer described by the context."}, {"name": "Configure", "description": "Configures the AppGateway with resolution configuration file paths."}, {"name": "Resolve", "description": "Resolves a specific method with given parameters and routes it accordingly."}], "calls": ["Core::hresult Respond(const WPEFramework::Exchange::IAppGateway::Context&, const std::string&)", "Core::hresult Configure(WPEFramework::Exchange::IAppGateway::IStringIterator* const &)", "Core::hresult Resolve(const WPEFramework::Exchange::IAppGateway::Context&, const std::string&, const std::string&)"], "search-terms": ["IAppGateway", "Configure", "Resolve", "Respond", "WPEFramework", "Exchange", "IStringIterator"], "state": 2, "file_id": 39, "knowledge_revision": 604, "git_revision": "6e3f661b80ec1979b3c44fc4a85d5944642c4704", "revision_history": [{"131": "ca3ffa5ef60b89114ae175e79c3d633a6dd1ee0c"}, {"546": "ca3ffa5ef60b89114ae175e79c3d633a6dd1ee0c"}, {"594": "6e3f661b80ec1979b3c44fc4a85d5944642c4704"}, {"599": "6e3f661b80ec1979b3c44fc4a85d5944642c4704"}, {"604": "6e3f661b80ec1979b3c44fc4a85d5944642c4704"}], "ctags": [{"_type": "tag", "name": "Context", "path": "/home/kavia/workspace/code-generation/app-gateway2/app-gateway/IAppGateway.h", "pattern": "/^        struct Context {$/", "language": "C++", "kind": "struct", "scope": "WPEFramework::Exchange::IAppGateway", "scopeKind": "struct"}, {"_type": "tag", "name": "Exchange", "path": "/home/kavia/workspace/code-generation/app-gateway2/app-gateway/IAppGateway.h", "pattern": "/^namespace Exchange {$/", "language": "C++", "kind": "namespace", "scope": "WPEFramework", "scopeKind": "namespace"}, {"_type": "tag", "name": "IAppGateway", "path": "/home/kavia/workspace/code-generation/app-gateway2/app-gateway/IAppGateway.h", "pattern": "/^    struct EXTERNAL IAppGateway : virtual public Core::IUnknown {$/", "language": "C++", "kind": "struct", "scope": "WPEFramework::Exchange", "scopeKind": "namespace"}, {"_type": "tag", "name": "ID", "path": "/home/kavia/workspace/code-generation/app-gateway2/app-gateway/IAppGateway.h", "pattern": "/^            enum { ID = 0xFA000008 }; \\/\\/ placeholder$/", "language": "C++", "kind": "enumerator", "scope": "WPEFramework::Exchange::IAppGateway::IStringIterator::__anon0e73d8ea0203", "scopeKind": "enum"}, {"_type": "tag", "name": "ID", "path": "/home/kavia/workspace/code-generation/app-gateway2/app-gateway/IAppGateway.h", "pattern": "/^        enum { ID = 0xFA00000A };$/", "language": "C++", "kind": "enumerator", "scope": "WPEFramework::Exchange::IAppGateway::__anon0e73d8ea0103", "scopeKind": "enum"}, {"_type": "tag", "name": "IStringIterator", "path": "/home/kavia/workspace/code-generation/app-gateway2/app-gateway/IAppGateway.h", "pattern": "/^        struct IStringIterator : virtual public Core::IUnknown {$/", "language": "C++", "kind": "struct", "scope": "WPEFramework::Exchange::IAppGateway", "scopeKind": "struct"}, {"_type": "tag", "name": "WPEFramework", "path": "/home/kavia/workspace/code-generation/app-gateway2/app-gateway/IAppGateway.h", "pattern": "/^namespace WPEFramework {$/", "language": "C++", "kind": "namespace"}, {"_type": "tag", "name": "__anon0e73d8ea0103", "path": "/home/kavia/workspace/code-generation/app-gateway2/app-gateway/IAppGateway.h", "pattern": "/^        enum { ID = 0xFA00000A };$/", "language": "C++", "kind": "enum", "scope": "WPEFramework::Exchange::IAppGateway", "scopeKind": "struct"}, {"_type": "tag", "name": "__anon0e73d8ea0203", "path": "/home/kavia/workspace/code-generation/app-gateway2/app-gateway/IAppGateway.h", "pattern": "/^            enum { ID = 0xFA000008 }; \\/\\/ placeholder$/", "language": "C++", "kind": "enum", "scope": "WPEFramework::Exchange::IAppGateway::IStringIterator", "scopeKind": "struct"}, {"_type": "tag", "name": "appId", "path": "/home/kavia/workspace/code-generation/app-gateway2/app-gateway/IAppGateway.h", "pattern": "/^            string appId;               \\/\\/ Consumer app identifier$/", "language": "C++", "typeref": "typename:string", "kind": "member", "scope": "WPEFramework::Exchange::IAppGateway::Context", "scopeKind": "struct"}, {"_type": "tag", "name": "connectionId", "path": "/home/kavia/workspace/code-generation/app-gateway2/app-gateway/IAppGateway.h", "pattern": "/^            uint32_t connectionId {0};  \\/\\/ Numeric connection identifier$/", "language": "C++", "typeref": "typename:uint32_t", "kind": "member", "scope": "WPEFramework::Exchange::IAppGateway::Context", "scopeKind": "struct"}, {"_type": "tag", "name": "requestId", "path": "/home/kavia/workspace/code-generation/app-gateway2/app-gateway/IAppGateway.h", "pattern": "/^            int requestId {0};          \\/\\/ Request identifier originating from consumer$/", "language": "C++", "typeref": "typename:int", "kind": "member", "scope": "WPEFramework::Exchange::IAppGateway::Context", "scopeKind": "struct"}], "hash": "7690f3f39d7e33282535aee18d369f40", "format-version": 4, "code-base-name": "app-gateway2", "filename": "app-gateway/IAppGateway.h", "fields": [{"name": "string appId", "scope": "WPEFramework::Exchange::IAppGateway::Context", "scopeKind": "struct", "description": "unavailable"}, {"name": "uint32_t connectionId", "scope": "WPEFramework::Exchange::IAppGateway::Context", "scopeKind": "struct", "description": "unavailable"}, {"name": "int requestId", "scope": "WPEFramework::Exchange::IAppGateway::Context", "scopeKind": "struct", "description": "unavailable"}]}