{"is_source_file": true, "format": "C++", "description": "This file is a C++ source file implementing the AppGateway plugin class for WPEFramework. It contains class definitions, method implementations, and plugin registration code.", "external_files": ["AppGateway.h", "interfaces/IConfiguration.h", "interfaces/json/JsonData_AppGateway.h", "interfaces/json/JAppGateway.h", "UtilsLogging.h"], "external_methods": ["Plugin::Metadata<Plugin::AppGateway>", "PluginHost::JSONRPC()", "service->AddRef()", "service->Root<Exchange::IAppGateway>()", "Exchange::JAppGateway::Register()", "Exchange::JAppGateway::Unregister()", "service->RemoteConnection()", "connection->Terminate()"], "published": ["AppGateway::Initialize", "AppGateway::Deinitialize", "AppGateway::Deactivated"], "classes": [{"name": "AppGateway", "description": "The AppGateway class implements the plugin functionality for the application gateway interface in WPEFramework, managing initialization, deinitialization, and remote connection handling."}, {"name": "metadata", "description": "Metadata object providing version and control information for the AppGateway plugin."}], "methods": [{"name": "const string Initialize(PluginHost::IShell * service)", "description": "Initializes the AppGateway plugin, setting up the AppGateway interface and registering it with WPEFramework.", "scope": "WPEFramework::Plugin::AppGateway", "scopeKind": "class"}, {"name": "void Deinitialize(PluginHost::IShell * service)", "description": "Cleans up resources associated with the AppGateway plugin, unregisters interfaces, and releases connections.", "scope": "WPEFramework::Plugin::AppGateway", "scopeKind": "class"}, {"name": "void Deactivated(RPC::IRemoteConnection * connection)", "description": "Handles cleanup when a remote connection is deactivated.", "scope": "WPEFramework::Plugin::AppGateway", "scopeKind": "class"}, {"name": "AppGateway()", "scope": "WPEFramework::Plugin::AppGateway", "scopeKind": "class", "description": "unavailable"}, {"name": "~AppGateway()", "scope": "WPEFramework::Plugin::AppGateway", "scopeKind": "class", "description": "unavailable"}], "calls": ["service->AddRef()", "service->Root<Exchange::IAppGateway>()", "Exchange::JAppGateway::Register()", "Exchange::JAppGateway::Unregister()", "service->RemoteConnection()", "connection->Terminate()"], "search-terms": ["AppGateway", "WPEFramework", "JsonRPC", "Initialize", "Deinitialize", "Deactivated"], "state": 2, "file_id": 23, "knowledge_revision": 911, "git_revision": "2e2207c765a5d7b9ed495143eb1e3f3669c17951", "revision_history": [{"48": "2716c672eb9834bc1b267530d5c0eaf9087df9c6"}, {"49": "5e0a03b2a0b5d4cb3fecd3b9719ad4368edde652"}, {"50": "508975ec8d61d40d8e3b1a69f3d6c30ed260522d"}, {"51": "f37bae1ce7dc74cbcdd02e80dfc8d6dcfea00d3b"}, {"52": "e725eec60ce15c5527f249a562e6730b795c6223"}, {"55": "fc750fd2d7d70d90e99c54f4ec274bb5d6c64fe5"}, {"56": "dd67edd5bfe70f0a8202d76c16b8d6190d0fce35"}, {"57": "551c77e6320dcc5fb76bc6f0da5a8d2c8106f7f0"}, {"58": "e21ed34a3b7f89aec4399b733b53c017c74bf7f9"}, {"59": "9eb64ff1b3204340c0fd51e82cfd3c91c23c7c79"}, {"60": "185f2b7081035a9c2a3d9d42209fa01c5588f4cc"}, {"61": "f4a40f265b1f9080ce88935509991f1a4785f1e6"}, {"62": "f4a40f265b1f9080ce88935509991f1a4785f1e6"}, {"64": "f4a40f265b1f9080ce88935509991f1a4785f1e6"}, {"65": "f4a40f265b1f9080ce88935509991f1a4785f1e6"}, {"66": "f4a40f265b1f9080ce88935509991f1a4785f1e6"}, {"72": "f4a40f265b1f9080ce88935509991f1a4785f1e6"}, {"73": "2fa07e0295915b08e78ec25e33140c1b85c33ae8"}, {"135": "3b117270fc86b61f6371e197c708c01e4f59cb83"}, {"138": "d89669d01f023d1cc4ba4e5c6b879bb230d44c72"}, {"643": "29a5080329e5f08afebd86bd055b5f6119b1301a"}, {"740": "727800fc84f5393f5ac231785d3764465fe20036"}, {"911": "2e2207c765a5d7b9ed495143eb1e3f3669c17951"}], "ctags": [{"_type": "tag", "name": "API_VERSION_NUMBER_MAJOR", "path": "/home/kavia/workspace/code-generation/app-gateway2/app-gateway/AppGateway/AppGateway.cpp", "pattern": "/^#define API_VERSION_NUMBER_MAJOR /", "file": true, "language": "C++", "kind": "macro"}, {"_type": "tag", "name": "API_VERSION_NUMBER_MINOR", "path": "/home/kavia/workspace/code-generation/app-gateway2/app-gateway/AppGateway/AppGateway.cpp", "pattern": "/^#define API_VERSION_NUMBER_MINOR /", "file": true, "language": "C++", "kind": "macro"}, {"_type": "tag", "name": "API_VERSION_NUMBER_PATCH", "path": "/home/kavia/workspace/code-generation/app-gateway2/app-gateway/AppGateway/AppGateway.cpp", "pattern": "/^#define API_VERSION_NUMBER_PATCH /", "file": true, "language": "C++", "kind": "macro"}, {"_type": "tag", "name": "AppGateway", "path": "/home/kavia/workspace/code-generation/app-gateway2/app-gateway/AppGateway/AppGateway.cpp", "pattern": "/^    AppGateway::AppGateway()$/", "language": "C++", "kind": "function", "signature": "()", "scope": "WPEFramework::Plugin::AppGateway", "scopeKind": "class"}, {"_type": "tag", "name": "Deactivated", "path": "/home/kavia/workspace/code-generation/app-gateway2/app-gateway/AppGateway/AppGateway.cpp", "pattern": "/^    void AppGateway::Deactivated(RPC::IRemoteConnection* connection)$/", "language": "C++", "typeref": "typename:void", "kind": "function", "signature": "(RPC::IRemoteConnection * connection)", "scope": "WPEFramework::Plugin::AppGateway", "scopeKind": "class"}, {"_type": "tag", "name": "Deinitialize", "path": "/home/kavia/workspace/code-generation/app-gateway2/app-gateway/AppGateway/AppGateway.cpp", "pattern": "/^    \\/* virtual *\\/ void AppGateway::Deinitialize(PluginHost::IShell* service)$/", "language": "C++", "typeref": "typename:void", "kind": "function", "signature": "(PluginHost::IShell * service)", "scope": "WPEFramework::Plugin::AppGateway", "scopeKind": "class"}, {"_type": "tag", "name": "Initialize", "path": "/home/kavia/workspace/code-generation/app-gateway2/app-gateway/AppGateway/AppGateway.cpp", "pattern": "/^    \\/* virtual *\\/ const string AppGateway::Initialize(PluginHost::IShell* service)$/", "language": "C++", "typeref": "typename:const string", "kind": "function", "signature": "(PluginHost::IShell * service)", "scope": "WPEFramework::Plugin::AppGateway", "scopeKind": "class"}, {"_type": "tag", "name": "Plugin", "path": "/home/kavia/workspace/code-generation/app-gateway2/app-gateway/AppGateway/AppGateway.cpp", "pattern": "/^namespace Plugin {$/", "file": true, "language": "C++", "kind": "namespace", "scope": "WPEFramework", "scopeKind": "namespace"}, {"_type": "tag", "name": "WPEFramework", "path": "/home/kavia/workspace/code-generation/app-gateway2/app-gateway/AppGateway/AppGateway.cpp", "pattern": "/^namespace WPEFramework {$/", "file": true, "language": "C++", "kind": "namespace"}, {"_type": "tag", "name": "__anone67987be0111", "path": "/home/kavia/workspace/code-generation/app-gateway2/app-gateway/AppGateway/AppGateway.cpp", "pattern": "/^namespace {$/", "file": true, "language": "C++", "kind": "namespace", "scope": "WPEFramework", "scopeKind": "namespace"}, {"_type": "tag", "name": "metadata", "path": "/home/kavia/workspace/code-generation/app-gateway2/app-gateway/AppGateway/AppGateway.cpp", "pattern": "/^    static Plugin::Metadata<Plugin::AppGateway> metadata($/", "file": true, "language": "C++", "typeref": "typename:Plugin::Metadata<Plugin::AppGateway>", "kind": "variable", "scope": "WPEFramework::__anone67987be0111", "scopeKind": "namespace"}, {"_type": "tag", "name": "~AppGateway", "path": "/home/kavia/workspace/code-generation/app-gateway2/app-gateway/AppGateway/AppGateway.cpp", "pattern": "/^    AppGateway::~AppGateway()$/", "language": "C++", "kind": "function", "signature": "()", "scope": "WPEFramework::Plugin::AppGateway", "scopeKind": "class"}], "hash": "ebe763b5fc9884d4c24fa519ce9c8559", "format-version": 4, "code-base-name": "app-gateway2", "filename": "app-gateway/AppGateway/AppGateway.cpp", "fields": [{"name": "Plugin::Metadata<Plugin::AppGateway> metadata", "scope": "WPEFramework::__anone67987be0111", "scopeKind": "namespace", "description": "unavailable"}]}