{"is_source_file": true, "format": "C++ header file", "description": "A minimal placeholder header defining namespaces related to JSON data structures for OttServices within the WPEFramework project.", "external_files": [], "external_methods": [], "published": [], "classes": [], "methods": [], "calls": [], "search-terms": ["JsonData_OttServices", "WPEFramework", "namespace", "OttServices", "placeholder"], "state": 2, "file_id": 128, "knowledge_revision": 409, "git_revision": "758c7387764e198c832ddc6c3181fe4b0fbf5555", "ctags": [{"_type": "tag", "name": "Exchange", "path": "/home/kavia/workspace/code-generation/app-gateway2/app-gateway/interfaces/json/JsonData_OttServices.h", "pattern": "/^namespace Exchange {$/", "language": "C++", "kind": "namespace", "scope": "WPEFramework", "scopeKind": "namespace"}, {"_type": "tag", "name": "JsonData", "path": "/home/kavia/workspace/code-generation/app-gateway2/app-gateway/interfaces/json/JsonData_OttServices.h", "pattern": "/^namespace JsonData {$/", "language": "C++", "kind": "namespace", "scope": "WPEFramework::Exchange", "scopeKind": "namespace"}, {"_type": "tag", "name": "OttServices", "path": "/home/kavia/workspace/code-generation/app-gateway2/app-gateway/interfaces/json/JsonData_OttServices.h", "pattern": "/^namespace OttServices {$/", "language": "C++", "kind": "namespace", "scope": "WPEFramework::Exchange::JsonData", "scopeKind": "namespace"}, {"_type": "tag", "name": "WPEFramework", "path": "/home/kavia/workspace/code-generation/app-gateway2/app-gateway/interfaces/json/JsonData_OttServices.h", "pattern": "/^namespace WPEFramework {$/", "language": "C++", "kind": "namespace"}], "hash": "fddc7d2dc7dbccc3f429f785f03117a7", "format-version": 4, "code-base-name": "app-gateway2", "filename": "app-gateway/interfaces/json/JsonData_OttServices.h", "revision_history": [{"409": "758c7387764e198c832ddc6c3181fe4b0fbf5555"}]}