{"is_source_file": true, "format": "C++", "description": "This header file defines a minimal ResolutionStore class used for unit testing to verify overlay and retrieval behavior of resolution objects keyed by strings. It provides methods to get and overlay items within an internal store.", "external_files": ["core/JSON.h", "../helpers/JsonCompat.h"], "external_methods": ["Core::JSON::Object::operator=(const Core::JSON::Object&)"], "published": ["WPEFramework::Plugin::ResolutionStore"], "classes": [{"name": "ResolutionStore", "description": "A minimal store for resolution objects keyed by strings, supporting retrieval and overlay operations, used primarily for unit testing."}], "methods": [{"name": "bool Get(const std::string &,const std::string & key,const Core::JSON::Object &,Core::JSON::Object & out) const", "description": "Retrieves a stored resolution object by key, ignoring appId and params as per test requirements.", "scope": "WPEFramework::Plugin::ResolutionStore", "scopeKind": "class"}, {"name": "void Overlay(const std::unordered_map<std::string,Core::JSON::Object> & additions)", "description": "Overlays the store with new entries, applying last-wins semantics.", "scope": "WPEFramework::Plugin::ResolutionStore", "scopeKind": "class"}], "calls": ["ResolutionStore::Get", "ResolutionStore::Overlay", "std::unordered_map::find", "std::unordered_map::operator[]", "Core::JSON::Object::operator="], "search-terms": ["ResolutionStore", "unit tests", "overlay", "retrieval", "JSON object store", "last-wins"], "state": 2, "file_id": 247, "knowledge_revision": 818, "git_revision": "bedbfc563272c9798747e86eec4eea3145029d71", "revision_history": [{"804": "727800fc84f5393f5ac231785d3764465fe20036"}, {"818": "bedbfc563272c9798747e86eec4eea3145029d71"}], "ctags": [{"_type": "tag", "name": "Get", "path": "/home/kavia/workspace/code-generation/app-gateway2/app-gateway/AppGateway/ResolutionStore.h", "pattern": "/^    bool Get(const std::string& \\/*appId*\\/, const std::string& key, const Core::JSON::Object& \\//", "language": "C++", "typeref": "typename:bool", "kind": "function", "signature": "(const std::string &,const std::string & key,const Core::JSON::Object &,Core::JSON::Object & out) const", "scope": "WPEFramework::Plugin::ResolutionStore", "scopeKind": "class"}, {"_type": "tag", "name": "Overlay", "path": "/home/kavia/workspace/code-generation/app-gateway2/app-gateway/AppGateway/ResolutionStore.h", "pattern": "/^    void Overlay(const std::unordered_map<std::string, Core::JSON::Object>& additions)$/", "language": "C++", "typeref": "typename:void", "kind": "function", "signature": "(const std::unordered_map<std::string,Core::JSON::Object> & additions)", "scope": "WPEFramework::Plugin::ResolutionStore", "scopeKind": "class"}, {"_type": "tag", "name": "Plugin", "path": "/home/kavia/workspace/code-generation/app-gateway2/app-gateway/AppGateway/ResolutionStore.h", "pattern": "/^namespace Plugin {$/", "language": "C++", "kind": "namespace", "scope": "WPEFramework", "scopeKind": "namespace"}, {"_type": "tag", "name": "ResolutionStore", "path": "/home/kavia/workspace/code-generation/app-gateway2/app-gateway/AppGateway/ResolutionStore.h", "pattern": "/^class ResolutionStore {$/", "language": "C++", "kind": "class", "scope": "WPEFramework::Plugin", "scopeKind": "namespace"}, {"_type": "tag", "name": "WPEFramework", "path": "/home/kavia/workspace/code-generation/app-gateway2/app-gateway/AppGateway/ResolutionStore.h", "pattern": "/^namespace WPEFramework {$/", "language": "C++", "kind": "namespace"}, {"_type": "tag", "name": "_store", "path": "/home/kavia/workspace/code-generation/app-gateway2/app-gateway/AppGateway/ResolutionStore.h", "pattern": "/^    std::unordered_map<std::string, Core::JSON::Object> _store;$/", "language": "C++", "typeref": "typename:std::unordered_map<std::string,Core::JSON::Object>", "kind": "member", "scope": "WPEFramework::Plugin::ResolutionStore", "scopeKind": "class"}], "hash": "3a28e810af9e65d73e755070ca3145f1", "format-version": 4, "code-base-name": "app-gateway2", "filename": "app-gateway/AppGateway/ResolutionStore.h", "fields": [{"name": "std::unordered_map<std::string,Core::JSON::Object> _store", "scope": "WPEFramework::Plugin::ResolutionStore", "scopeKind": "class", "description": "unavailable"}]}