{"is_source_file": true, "format": "C++ header file", "description": "This header file defines the OttPermissionCache class, a thread-safe singleton used for caching application permissions in-memory for OTT services. It provides methods to retrieve, update, invalidate, and clear cached permissions, as well as to check cache status and size.", "external_files": ["<core/core.h>"], "external_methods": ["std::mutex", "std::map", "std::vector", "std::string"], "published": ["Instance", "GetPermissions", "UpdateCache", "Invalidate", "Clear", "Has", "Size"], "classes": [{"name": "OttPermissionCache", "description": "A singleton class providing thread-safe in-memory caching of permissions keyed by application ID."}], "methods": [{"name": "Instance", "description": "Returns the singleton instance of OttPermissionCache."}, {"name": "GetPermissions", "description": "Retrieves a copy of the permissions vector for a given appId."}, {"name": "UpdateCache", "description": "Updates or inserts the permissions vector for a specific appId, with thread-safe atomic file update."}, {"name": "Invalidate", "description": "Removes cached permissions for a specific appId."}, {"name": "Clear", "description": "Clears the entire in-memory cache."}, {"name": "Has", "description": "Checks if a permission entry exists for the specified appId."}, {"name": "Size", "description": "Returns the number of cached appId entries."}], "calls": ["OttPermissionCache::Instance", "OttPermissionCache::GetPermissions", "OttPermissionCache::UpdateCache", "OttPermissionCache::Invalidate", "OttPermissionCache::Clear", "OttPermissionCache::Has", "OttPermissionCache::Size"], "search-terms": ["OttPermissionCache", "permissions cache", "OTT permission singleton", "thread-safe permission storage", "application permission management"], "state": 2, "file_id": 82, "knowledge_revision": 483, "git_revision": "e41aeadf4099ccbc26426ee585b2f1043889e76d", "revision_history": [{"240": ""}, {"247": "75911442b4631cd877b23b0ff0a3e652a1383974"}, {"248": "137e194ab7586eb1d002a61ff281a3db129d4445"}, {"428": "e12b2f877100b28d5260c4d94b26e99d67278d90"}, {"436": "2bdba5cf8c479e9a9dab6c131daae4d58f0bd734"}, {"444": "11687bdf35796aa59ae3a1afecde9935f4bdd400"}, {"483": "e41aeadf4099ccbc26426ee585b2f1043889e76d"}], "ctags": [{"_type": "tag", "name": "OttPermissionCache", "path": "/home/kavia/workspace/code-generation/app-gateway2/app-gateway/OttServices/OttPermissionCache.h", "pattern": "/^    class OttPermissionCache {$/", "language": "C++", "kind": "class", "scope": "WPEFramework::Plugin", "scopeKind": "namespace"}, {"_type": "tag", "name": "Plugin", "path": "/home/kavia/workspace/code-generation/app-gateway2/app-gateway/OttServices/OttPermissionCache.h", "pattern": "/^namespace Plugin {$/", "language": "C++", "kind": "namespace", "scope": "WPEFramework", "scopeKind": "namespace"}, {"_type": "tag", "name": "WPEFramework", "path": "/home/kavia/workspace/code-generation/app-gateway2/app-gateway/OttServices/OttPermissionCache.h", "pattern": "/^namespace WPEFramework {$/", "language": "C++", "kind": "namespace"}, {"_type": "tag", "name": "_admin", "path": "/home/kavia/workspace/code-generation/app-gateway2/app-gateway/OttServices/OttPermissionCache.h", "pattern": "/^        mutable std::mutex _admin;$/", "language": "C++", "typeref": "typename:std::mutex", "kind": "member", "scope": "WPEFramework::Plugin::OttPermissionCache", "scopeKind": "class"}, {"_type": "tag", "name": "_cache", "path": "/home/kavia/workspace/code-generation/app-gateway2/app-gateway/OttServices/OttPermissionCache.h", "pattern": "/^        std::map<string, std::vector<string>> _cache;$/", "language": "C++", "typeref": "typename:std::map<string,std::vector<string>>", "kind": "member", "scope": "WPEFramework::Plugin::OttPermissionCache", "scopeKind": "class"}], "hash": "4a598abecb364e431264bf623cfe1cb5", "format-version": 4, "code-base-name": "app-gateway2", "filename": "app-gateway/OttServices/OttPermissionCache.h", "fields": [{"name": "std::mutex _admin", "scope": "WPEFramework::Plugin::OttPermissionCache", "scopeKind": "class", "description": "unavailable"}, {"name": "std::map<string,std::vector<string>> _cache", "scope": "WPEFramework::Plugin::OttPermissionCache", "scopeKind": "class", "description": "unavailable"}]}