{"is_source_file": true, "format": "C++ header", "description": "This file defines the Resolver class and related structures used for handling resolution configurations, provider methods, and plugin invocation logic within the WPEFramework Plugin namespace. It includes class declarations, method signatures, enum definitions, and constants.", "external_files": ["Module.h", "UtilsLogging.h", "StringUtils.h", "<unordered_map>", "<mutex>", "<vector>", "<core/Enumerate.h>", "../helpers/JsonCompat.h"], "external_methods": ["WPEFramework::Core::JSON::Container::Add", "WPEFramework::Core::JSON::Object", "WPEFramework::Core::JSON::VariantContainer", "WPEFramework::Core::JSON::Object::operator[]", "WPEFramework::Core::JSON::VariantContainer::asString", "WPEFramework::Core::JSON::VariantContainer::Boolean", "WPEFramework::Core::JSON::VariantContainer::IsString", "WPEFramework::Core::JSON::VariantContainer::IsBoolean"], "published": ["WPEFramework::Plugin::Resolver", "WPEFramework::Plugin::ConfigContainer", "WPEFramework::Plugin::ProviderMethodType", "WPEFramework::Plugin::ProviderMethodTypeMap"], "classes": [{"name": "ConfigContainer", "description": "Container class for storing JSON resolution configurations, inheriting from WPEFramework::Core::JSON::Container. It manages a JSON array of resolutions."}, {"name": "Resolution", "description": "Struct representing resolution details, including alias, event, permission group, provider capability, and flags for context inclusion and RPC use."}, {"name": "Resolver", "description": "Main class responsible for loading, managing, and resolving application configurations and plugin calls in WPEFramework."}], "methods": [{"name": "LoadConfig", "description": "Loads resolution settings from a specified JSON file path."}, {"name": "ClearResolutions", "description": "Clears all currently stored resolution data."}, {"name": "IsConfigured", "description": "Checks if the resolver has been properly configured."}, {"name": "LoadPaths", "description": "Loads multiple configuration paths; used for testing or fallback."}, {"name": "Get", "description": "Retrieves configuration details for a given appId and key, with hints and output parameters."}, {"name": "ResolveAlias", "description": "Resolves an alias string to its corresponding origin or identifier."}, {"name": "CallThunderPlugin", "description": "Invokes a plugin command with provided alias and parameters, returning response."}, {"name": "HasProviderCapability", "description": "Checks whether a specific key has an associated provider capability and method type."}, {"name": "HasComRpcRequestSupport", "description": "Determines if a key supports ComRPC requests."}, {"name": "HasEvent", "description": "Checks if a specific key has an associated event."}, {"name": "HasIncludeContext", "description": "Determines if includeContext is enabled for a particular key."}, {"name": "getType", "description": "Converts a string representation of provider method type to the enum value."}, {"name": "ConfigContainer()", "scope": "WPEFramework::Plugin::ConfigContainer", "scopeKind": "class", "description": "unavailable"}], "calls": ["WPEFramework::Core::JSON::Container::Add", "WPEFramework::Core::JSON::Object::operator[]", "WPEFramework::Core::JSON::Object", "WPEFramework::Core::JSON::VariantContainer::asString", "WPEFramework::Core::JSON::VariantContainer::Boolean"], "search-terms": ["Resolver", "ConfigContainer", "ProviderMethodTypeMap", "resolve alias", "ThunderPlugin", "load config", "resolve resolution", "permissions group", "ComRpc support", "event check"], "state": 2, "file_id": 14, "knowledge_revision": 921, "git_revision": "2e2207c765a5d7b9ed495143eb1e3f3669c17951", "revision_history": [{"41": "2716c672eb9834bc1b267530d5c0eaf9087df9c6"}, {"632": "29a5080329e5f08afebd86bd055b5f6119b1301a"}, {"662": "29a5080329e5f08afebd86bd055b5f6119b1301a"}, {"747": "727800fc84f5393f5ac231785d3764465fe20036"}, {"775": "727800fc84f5393f5ac231785d3764465fe20036"}, {"778": "727800fc84f5393f5ac231785d3764465fe20036"}, {"786": "727800fc84f5393f5ac231785d3764465fe20036"}, {"812": "bedbfc563272c9798747e86eec4eea3145029d71"}, {"817": "bedbfc563272c9798747e86eec4eea3145029d71"}, {"910": "2e2207c765a5d7b9ed495143eb1e3f3669c17951"}, {"919": "2e2207c765a5d7b9ed495143eb1e3f3669c17951"}, {"921": "2e2207c765a5d7b9ed495143eb1e3f3669c17951"}], "ctags": [{"_type": "tag", "name": "ConfigContainer", "path": "/home/kavia/workspace/code-generation/app-gateway2/app-gateway/AppGateway/Resolver.h", "pattern": "/^            ConfigContainer()$/", "language": "C++", "kind": "function", "signature": "()", "scope": "WPEFramework::Plugin::ConfigContainer", "scopeKind": "class"}, {"_type": "tag", "name": "ConfigContainer", "path": "/home/kavia/workspace/code-generation/app-gateway2/app-gateway/AppGateway/Resolver.h", "pattern": "/^        class ConfigContainer : public WPEFramework::Core::JSON::Container$/", "language": "C++", "kind": "class", "scope": "WPEFramework::Plugin", "scopeKind": "namespace"}, {"_type": "tag", "name": "ERROR", "path": "/home/kavia/workspace/code-generation/app-gateway2/app-gateway/AppGateway/Resolver.h", "pattern": "/^            ERROR$/", "language": "C++", "kind": "enumerator", "scope": "WPEFramework::Plugin::ProviderMethodType", "scopeKind": "enum"}, {"_type": "tag", "name": "INVOKE", "path": "/home/kavia/workspace/code-generation/app-gateway2/app-gateway/AppGateway/Resolver.h", "pattern": "/^            INVOKE,$/", "language": "C++", "kind": "enumerator", "scope": "WPEFramework::Plugin::ProviderMethodType", "scopeKind": "enum"}, {"_type": "tag", "name": "NONE", "path": "/home/kavia/workspace/code-generation/app-gateway2/app-gateway/AppGateway/Resolver.h", "pattern": "/^            NONE,$/", "language": "C++", "kind": "enumerator", "scope": "WPEFramework::Plugin::ProviderMethodType", "scopeKind": "enum"}, {"_type": "tag", "name": "Plugin", "path": "/home/kavia/workspace/code-generation/app-gateway2/app-gateway/AppGateway/Resolver.h", "pattern": "/^    namespace Plugin$/", "language": "C++", "kind": "namespace", "scope": "WPEFramework", "scopeKind": "namespace"}, {"_type": "tag", "name": "ProviderMethodType", "path": "/home/kavia/workspace/code-generation/app-gateway2/app-gateway/AppGateway/Resolver.h", "pattern": "/^        enum ProviderMethodType: uint8_t$/", "language": "C++", "typeref": "typename:uint8_t", "kind": "enum", "scope": "WPEFramework::Plugin", "scopeKind": "namespace"}, {"_type": "tag", "name": "ProviderMethodTypeMap", "path": "/home/kavia/workspace/code-generation/app-gateway2/app-gateway/AppGateway/Resolver.h", "pattern": "/^        static const std::unordered_map<std::string, ProviderMethodType> ProviderMethodTypeMap =/", "language": "C++", "typeref": "typename:const std::unordered_map<std::string,ProviderMethodType>", "kind": "variable", "scope": "WPEFramework::Plugin", "scopeKind": "namespace"}, {"_type": "tag", "name": "REGISTER", "path": "/home/kavia/workspace/code-generation/app-gateway2/app-gateway/AppGateway/Resolver.h", "pattern": "/^            REGISTER,$/", "language": "C++", "kind": "enumerator", "scope": "WPEFramework::Plugin::ProviderMethodType", "scopeKind": "enum"}, {"_type": "tag", "name": "RESULT", "path": "/home/kavia/workspace/code-generation/app-gateway2/app-gateway/AppGateway/Resolver.h", "pattern": "/^            RESULT,$/", "language": "C++", "kind": "enumerator", "scope": "WPEFramework::Plugin::ProviderMethodType", "scopeKind": "enum"}, {"_type": "tag", "name": "Resolution", "path": "/home/kavia/workspace/code-generation/app-gateway2/app-gateway/AppGateway/Resolver.h", "pattern": "/^        struct Resolution$/", "language": "C++", "kind": "struct", "scope": "WPEFramework::Plugin", "scopeKind": "namespace"}, {"_type": "tag", "name": "Resolutions", "path": "/home/kavia/workspace/code-generation/app-gateway2/app-gateway/AppGateway/Resolver.h", "pattern": "/^            WPEFramework::Core::JSON::VariantContainer Resolutions;$/", "language": "C++", "typeref": "typename:WPEFramework::Core::JSON::VariantContainer", "kind": "member", "scope": "WPEFramework::Plugin::ConfigContainer", "scopeKind": "class"}, {"_type": "tag", "name": "Resolver", "path": "/home/kavia/workspace/code-generation/app-gateway2/app-gateway/AppGateway/Resolver.h", "pattern": "/^        class Resolver$/", "language": "C++", "kind": "class", "scope": "WPEFramework::Plugin", "scopeKind": "namespace"}, {"_type": "tag", "name": "ResolverPtr", "path": "/home/kavia/workspace/code-generation/app-gateway2/app-gateway/AppGateway/Resolver.h", "pattern": "/^        using ResolverPtr = std::shared_ptr<Resolver>;$/", "language": "C++", "typeref": "typename:std::shared_ptr<Resolver>", "kind": "typedef", "scope": "WPEFramework::Plugin", "scopeKind": "namespace"}, {"_type": "tag", "name": "WPEFramework", "path": "/home/kavia/workspace/code-generation/app-gateway2/app-gateway/AppGateway/Resolver.h", "pattern": "/^namespace WPEFramework$/", "language": "C++", "kind": "namespace"}, {"_type": "tag", "name": "alias", "path": "/home/kavia/workspace/code-generation/app-gateway2/app-gateway/AppGateway/Resolver.h", "pattern": "/^            std::string alias;$/", "language": "C++", "typeref": "typename:std::string", "kind": "member", "scope": "WPEFramework::Plugin::Resolution", "scopeKind": "struct"}, {"_type": "tag", "name": "event", "path": "/home/kavia/workspace/code-generation/app-gateway2/app-gateway/AppGateway/Resolver.h", "pattern": "/^            std::string event;$/", "language": "C++", "typeref": "typename:std::string", "kind": "member", "scope": "WPEFramework::Plugin::Resolution", "scopeKind": "struct"}, {"_type": "tag", "name": "includeContext", "path": "/home/kavia/workspace/code-generation/app-gateway2/app-gateway/AppGateway/Resolver.h", "pattern": "/^            bool includeContext = false;$/", "language": "C++", "typeref": "typename:bool", "kind": "member", "scope": "WPEFramework::Plugin::Resolution", "scopeKind": "struct"}, {"_type": "tag", "name": "mMutex", "path": "/home/kavia/workspace/code-generation/app-gateway2/app-gateway/AppGateway/Resolver.h", "pattern": "/^            std::mutex mMutex;$/", "language": "C++", "typeref": "typename:std::mutex", "kind": "member", "scope": "WPEFramework::Plugin::Resolver", "scopeKind": "class"}, {"_type": "tag", "name": "mResolutions", "path": "/home/kavia/workspace/code-generation/app-gateway2/app-gateway/AppGateway/Resolver.h", "pattern": "/^            std::unordered_map<std::string, Resolution> mResolutions;$/", "language": "C++", "typeref": "typename:std::unordered_map<std::string,Resolution>", "kind": "member", "scope": "WPEFramework::Plugin::Resolver", "scopeKind": "class"}, {"_type": "tag", "name": "mService", "path": "/home/kavia/workspace/code-generation/app-gateway2/app-gateway/AppGateway/Resolver.h", "pattern": "/^            PluginHost::IShell *mService;$/", "language": "C++", "typeref": "typename:PluginHost::IShell *", "kind": "member", "scope": "WPEFramework::Plugin::Resolver", "scopeKind": "class"}, {"_type": "tag", "name": "permissionGroup", "path": "/home/kavia/workspace/code-generation/app-gateway2/app-gateway/AppGateway/Resolver.h", "pattern": "/^            std::string permissionGroup;$/", "language": "C++", "typeref": "typename:std::string", "kind": "member", "scope": "WPEFramework::Plugin::Resolution", "scopeKind": "struct"}, {"_type": "tag", "name": "providerCapability", "path": "/home/kavia/workspace/code-generation/app-gateway2/app-gateway/AppGateway/Resolver.h", "pattern": "/^            std::string providerCapability;$/", "language": "C++", "typeref": "typename:std::string", "kind": "member", "scope": "WPEFramework::Plugin::Resolution", "scopeKind": "struct"}, {"_type": "tag", "name": "useComRpc", "path": "/home/kavia/workspace/code-generation/app-gateway2/app-gateway/AppGateway/Resolver.h", "pattern": "/^            bool useComRpc = false;$/", "language": "C++", "typeref": "typename:bool", "kind": "member", "scope": "WPEFramework::Plugin::Resolution", "scopeKind": "struct"}], "hash": "60475d07224044905a4adcf1fed00116", "format-version": 4, "code-base-name": "app-gateway2", "filename": "app-gateway/AppGateway/Resolver.h", "fields": [{"name": "const std::unordered_map<std::string,ProviderMethodType> ProviderMethodTypeMap", "scope": "WPEFramework::Plugin", "scopeKind": "namespace", "description": "unavailable"}, {"name": "WPEFramework::Core::JSON::VariantContainer Resolutions", "scope": "WPEFramework::Plugin::ConfigContainer", "scopeKind": "class", "description": "unavailable"}, {"name": "std::string alias", "scope": "WPEFramework::Plugin::Resolution", "scopeKind": "struct", "description": "unavailable"}, {"name": "std::string event", "scope": "WPEFramework::Plugin::Resolution", "scopeKind": "struct", "description": "unavailable"}, {"name": "bool includeContext", "scope": "WPEFramework::Plugin::Resolution", "scopeKind": "struct", "description": "unavailable"}, {"name": "std::mutex mMutex", "scope": "WPEFramework::Plugin::Resolver", "scopeKind": "class", "description": "unavailable"}, {"name": "std::unordered_map<std::string,Resolution> mResolutions", "scope": "WPEFramework::Plugin::Resolver", "scopeKind": "class", "description": "unavailable"}, {"name": "PluginHost::IShell * mService", "scope": "WPEFramework::Plugin::Resolver", "scopeKind": "class", "description": "unavailable"}, {"name": "std::string permissionGroup", "scope": "WPEFramework::Plugin::Resolution", "scopeKind": "struct", "description": "unavailable"}, {"name": "std::string providerCapability", "scope": "WPEFramework::Plugin::Resolution", "scopeKind": "struct", "description": "unavailable"}, {"name": "bool useComRpc", "scope": "WPEFramework::Plugin::Resolution", "scopeKind": "struct", "description": "unavailable"}]}