{"is_source_file": true, "format": "C++", "description": "This file implements the Resolver class for configuration management, resolution of app aliases, and interaction with Thunder plugins in a C++ project related to app-gateway functionality.", "external_files": ["Resolver.h", "UtilsLogging.h", "StringUtils.h", "UtilsJsonrpcDirectLink.h", "<core/JSON.h>"], "external_methods": ["Utils::GetThunderControllerClient", "LOGERR", "LOGINFO", "LOGDBG"], "published": ["ResolveAlias", "Get", "CallThunderPlugin", "HasEvent", "HasIncludeContext", "HasProviderCapability", "HasComRpcRequestSupport", "ClearResolutions", "IsConfigured"], "classes": [{"name": "Resolver", "description": "Manages configuration resolutions, resolving app aliases, and invoking Thunder plugins."}], "methods": [{"name": "bool LoadConfig(const std::string & path)", "description": "Loads and parses configuration JSON files to populate resolution entries.", "scope": "WPEFramework::Plugin::Resolver", "scopeKind": "class"}, {"name": "std::string ResolveAlias(const std::string & key)", "description": "Retrieves the alias associated with a given key.", "scope": "WPEFramework::Plugin::Resolver", "scopeKind": "class"}, {"name": "void ParseAlias(const std::string & alias,std::string & callsign,std::string & pluginMethod)", "description": "Parses an alias string into callsign and method components.", "scope": "WPEFramework::Plugin::Resolver", "scopeKind": "class"}, {"name": "bool Get(const std::string &,const std::string & key,const Core::JSON::Object &,Core::JSON::Object & out)", "description": "Provides resolution details for a given key, populating output JSON object.", "scope": "WPEFramework::Plugin::Resolver", "scopeKind": "class"}, {"name": "Core::hresult CallThunderPlugin(const std::string & alias,const std::string & params,std::string & response)", "description": "Invokes a thunder plugin based on the alias and parameters.", "scope": "WPEFramework::Plugin::Resolver", "scopeKind": "class"}, {"name": "void ClearResolutions()", "scope": "WPEFramework::Plugin::Resolver", "scopeKind": "class", "description": "unavailable"}, {"name": "bool ExtractBooleanField(const WPEFramework::Core::JSON::VariantContainer & obj,const char * fieldName,bool defaultValue)", "scope": "WPEFramework::Plugin::Resolver", "scopeKind": "class", "description": "unavailable"}, {"name": "std::string ExtractStringField(const WPEFramework::Core::JSON::VariantContainer & obj,const char * fieldName)", "scope": "WPEFramework::Plugin::Resolver", "scopeKind": "class", "description": "unavailable"}, {"name": "bool HasComRpcRequestSupport(const std::string & key)", "scope": "WPEFramework::Plugin::Resolver", "scopeKind": "class", "description": "unavailable"}, {"name": "bool HasEvent(const std::string & key)", "scope": "WPEFramework::Plugin::Resolver", "scopeKind": "class", "description": "unavailable"}, {"name": "bool HasIncludeContext(const std::string & key)", "scope": "WPEFramework::Plugin::Resolver", "scopeKind": "class", "description": "unavailable"}, {"name": "bool HasProviderCapability(const std::string & key,string & capability,ProviderMethodType & methodType)", "scope": "WPEFramework::Plugin::Resolver", "scopeKind": "class", "description": "unavailable"}, {"name": "bool IsConfigured()", "scope": "WPEFramework::Plugin::Resolver", "scopeKind": "class", "description": "unavailable"}, {"name": "bool LoadPaths(const std::vector<std::string> & paths,std::string & err)", "scope": "WPEFramework::Plugin::Resolver", "scopeKind": "class", "description": "unavailable"}, {"name": "Resolver()", "scope": "WPEFramework::Plugin::Resolver", "scopeKind": "class", "description": "unavailable"}, {"name": "Resolver(PluginHost::IShell * shell,const std::string & configPath)", "scope": "WPEFramework::Plugin::Resolver", "scopeKind": "class", "description": "unavailable"}, {"name": "ProviderMethodType getType(const std::string & typeStr)", "scope": "WPEFramework::Plugin::Resolver", "scopeKind": "class", "description": "unavailable"}, {"name": "~Resolver()", "scope": "WPEFramework::Plugin::Resolver", "scopeKind": "class", "description": "unavailable"}], "calls": ["Utils::GetThunderControllerClient", "LOGERR", "LOGINFO", "LOGDBG", "mService->Release()", "FromString", "VariantContainer::Variants", "VariantContainer::Object", "StringUtils::toLower", "Core::JSON::Variant", "Core::JSON::Object", "Invoke"], "search-terms": ["Resolver.cpp", "Configuration loading", "app alias resolution", "Thunder plugin invocation", "JSON parsing", "app resolution", "resolution overrides"], "state": 2, "file_id": 15, "knowledge_revision": 920, "git_revision": "2e2207c765a5d7b9ed495143eb1e3f3669c17951", "revision_history": [{"42": "2716c672eb9834bc1b267530d5c0eaf9087df9c6"}, {"70": "2716c672eb9834bc1b267530d5c0eaf9087df9c6"}, {"71": "2716c672eb9834bc1b267530d5c0eaf9087df9c6"}, {"631": "29a5080329e5f08afebd86bd055b5f6119b1301a"}, {"663": "29a5080329e5f08afebd86bd055b5f6119b1301a"}, {"744": "727800fc84f5393f5ac231785d3764465fe20036"}, {"808": "727800fc84f5393f5ac231785d3764465fe20036"}, {"813": "bedbfc563272c9798747e86eec4eea3145029d71"}, {"912": "2e2207c765a5d7b9ed495143eb1e3f3669c17951"}, {"920": "2e2207c765a5d7b9ed495143eb1e3f3669c17951"}], "ctags": [{"_type": "tag", "name": "CallThunderPlugin", "path": "/home/kavia/workspace/code-generation/app-gateway2/app-gateway/AppGateway/Resolver.cpp", "pattern": "/^        Core::hresult Resolver::CallThunderPlugin(const std::string &alias, const std::string &p/", "language": "C++", "typeref": "typename:Core::hresult", "kind": "function", "signature": "(const std::string & alias,const std::string & params,std::string & response)", "scope": "WPEFramework::Plugin::Resolver", "scopeKind": "class"}, {"_type": "tag", "name": "ClearResolutions", "path": "/home/kavia/workspace/code-generation/app-gateway2/app-gateway/AppGateway/Resolver.cpp", "pattern": "/^        void Resolver::ClearResolutions()$/", "language": "C++", "typeref": "typename:void", "kind": "function", "signature": "()", "scope": "WPEFramework::Plugin::Resolver", "scopeKind": "class"}, {"_type": "tag", "name": "ExtractBooleanField", "path": "/home/kavia/workspace/code-generation/app-gateway2/app-gateway/AppGateway/Resolver.cpp", "pattern": "/^        bool Resolver::ExtractBooleanField(const WPEFramework::Core::JSON::VariantContainer &obj/", "language": "C++", "typeref": "typename:bool", "kind": "function", "signature": "(const WPEFramework::Core::JSON::VariantContainer & obj,const char * fieldName,bool defaultValue)", "scope": "WPEFramework::Plugin::Resolver", "scopeKind": "class"}, {"_type": "tag", "name": "ExtractStringField", "path": "/home/kavia/workspace/code-generation/app-gateway2/app-gateway/AppGateway/Resolver.cpp", "pattern": "/^        std::string Resolver::ExtractStringField(const WPEFramework::Core::JSON::VariantContaine/", "language": "C++", "typeref": "typename:std::string", "kind": "function", "signature": "(const WPEFramework::Core::JSON::VariantContainer & obj,const char * fieldName)", "scope": "WPEFramework::Plugin::Resolver", "scopeKind": "class"}, {"_type": "tag", "name": "Get", "path": "/home/kavia/workspace/code-generation/app-gateway2/app-gateway/AppGateway/Resolver.cpp", "pattern": "/^        bool Resolver::Get(const std::string& \\/*appId*\\/, const std::string& key,$/", "language": "C++", "typeref": "typename:bool", "kind": "function", "signature": "(const std::string &,const std::string & key,const Core::JSON::Object &,Core::JSON::Object & out)", "scope": "WPEFramework::Plugin::Resolver", "scopeKind": "class"}, {"_type": "tag", "name": "HasComRpcRequestSupport", "path": "/home/kavia/workspace/code-generation/app-gateway2/app-gateway/AppGateway/Resolver.cpp", "pattern": "/^        bool Resolver::HasComRpcRequestSupport(const std::string &key) {$/", "language": "C++", "typeref": "typename:bool", "kind": "function", "signature": "(const std::string & key)", "scope": "WPEFramework::Plugin::Resolver", "scopeKind": "class"}, {"_type": "tag", "name": "HasEvent", "path": "/home/kavia/workspace/code-generation/app-gateway2/app-gateway/AppGateway/Resolver.cpp", "pattern": "/^        bool Resolver::HasEvent(const std::string &key)$/", "language": "C++", "typeref": "typename:bool", "kind": "function", "signature": "(const std::string & key)", "scope": "WPEFramework::Plugin::Resolver", "scopeKind": "class"}, {"_type": "tag", "name": "HasIncludeContext", "path": "/home/kavia/workspace/code-generation/app-gateway2/app-gateway/AppGateway/Resolver.cpp", "pattern": "/^        bool Resolver::HasIncludeContext(const std::string &key)$/", "language": "C++", "typeref": "typename:bool", "kind": "function", "signature": "(const std::string & key)", "scope": "WPEFramework::Plugin::Resolver", "scopeKind": "class"}, {"_type": "tag", "name": "HasProviderCapability", "path": "/home/kavia/workspace/code-generation/app-gateway2/app-gateway/AppGateway/Resolver.cpp", "pattern": "/^        bool Resolver::HasProviderCapability(const std::string &key, string& capability, Provide/", "language": "C++", "typeref": "typename:bool", "kind": "function", "signature": "(const std::string & key,string & capability,ProviderMethodType & methodType)", "scope": "WPEFramework::Plugin::Resolver", "scopeKind": "class"}, {"_type": "tag", "name": "IsConfigured", "path": "/home/kavia/workspace/code-generation/app-gateway2/app-gateway/AppGateway/Resolver.cpp", "pattern": "/^        bool Resolver::IsConfigured()$/", "language": "C++", "typeref": "typename:bool", "kind": "function", "signature": "()", "scope": "WPEFramework::Plugin::Resolver", "scopeKind": "class"}, {"_type": "tag", "name": "LoadConfig", "path": "/home/kavia/workspace/code-generation/app-gateway2/app-gateway/AppGateway/Resolver.cpp", "pattern": "/^        bool Resolver::LoadConfig(const std::string &path)$/", "language": "C++", "typeref": "typename:bool", "kind": "function", "signature": "(const std::string & path)", "scope": "WPEFramework::Plugin::Resolver", "scopeKind": "class"}, {"_type": "tag", "name": "LoadPaths", "path": "/home/kavia/workspace/code-generation/app-gateway2/app-gateway/AppGateway/Resolver.cpp", "pattern": "/^        bool Resolver::LoadPaths(const std::vector<std::string>& paths, std::string& err)$/", "language": "C++", "typeref": "typename:bool", "kind": "function", "signature": "(const std::vector<std::string> & paths,std::string & err)", "scope": "WPEFramework::Plugin::Resolver", "scopeKind": "class"}, {"_type": "tag", "name": "ParseAlias", "path": "/home/kavia/workspace/code-generation/app-gateway2/app-gateway/AppGateway/Resolver.cpp", "pattern": "/^        void Resolver::ParseAlias(const std::string &alias, std::string &callsign, std::string &/", "language": "C++", "typeref": "typename:void", "kind": "function", "signature": "(const std::string & alias,std::string & callsign,std::string & pluginMethod)", "scope": "WPEFramework::Plugin::Resolver", "scopeKind": "class"}, {"_type": "tag", "name": "Plugin", "path": "/home/kavia/workspace/code-generation/app-gateway2/app-gateway/AppGateway/Resolver.cpp", "pattern": "/^    namespace Plugin$/", "file": true, "language": "C++", "kind": "namespace", "scope": "WPEFramework", "scopeKind": "namespace"}, {"_type": "tag", "name": "ResolveAlias", "path": "/home/kavia/workspace/code-generation/app-gateway2/app-gateway/AppGateway/Resolver.cpp", "pattern": "/^        std::string Resolver::ResolveAlias(const std::string &key)$/", "language": "C++", "typeref": "typename:std::string", "kind": "function", "signature": "(const std::string & key)", "scope": "WPEFramework::Plugin::Resolver", "scopeKind": "class"}, {"_type": "tag", "name": "Resolver", "path": "/home/kavia/workspace/code-generation/app-gateway2/app-gateway/AppGateway/Resolver.cpp", "pattern": "/^        Resolver::Resolver()$/", "language": "C++", "kind": "function", "signature": "()", "scope": "WPEFramework::Plugin::Resolver", "scopeKind": "class"}, {"_type": "tag", "name": "Resolver", "path": "/home/kavia/workspace/code-generation/app-gateway2/app-gateway/AppGateway/Resolver.cpp", "pattern": "/^        Resolver::Resolver(PluginHost::IShell *shell, const std::string &configPath)$/", "language": "C++", "kind": "function", "signature": "(PluginHost::IShell * shell,const std::string & configPath)", "scope": "WPEFramework::Plugin::Resolver", "scopeKind": "class"}, {"_type": "tag", "name": "WPEFramework", "path": "/home/kavia/workspace/code-generation/app-gateway2/app-gateway/AppGateway/Resolver.cpp", "pattern": "/^namespace WPEFramework$/", "file": true, "language": "C++", "kind": "namespace"}, {"_type": "tag", "name": "getType", "path": "/home/kavia/workspace/code-generation/app-gateway2/app-gateway/AppGateway/Resolver.cpp", "pattern": "/^        ProviderMethodType Resolver::getType(const std::string& typeStr) {$/", "language": "C++", "typeref": "typename:ProviderMethodType", "kind": "function", "signature": "(const std::string & typeStr)", "scope": "WPEFramework::Plugin::Resolver", "scopeKind": "class"}, {"_type": "tag", "name": "~Resolver", "path": "/home/kavia/workspace/code-generation/app-gateway2/app-gateway/AppGateway/Resolver.cpp", "pattern": "/^        Resolver::~Resolver()$/", "language": "C++", "kind": "function", "signature": "()", "scope": "WPEFramework::Plugin::Resolver", "scopeKind": "class"}], "hash": "4a512662c35c3b5013978875829fcd87", "format-version": 4, "code-base-name": "app-gateway2", "filename": "app-gateway/AppGateway/Resolver.cpp"}