{"is_source_file": false, "format": "", "description": "", "external_files": [], "external_methods": [], "published": [], "classes": [], "methods": [], "calls": [], "search-terms": [], "state": 2, "file_id": 86, "knowledge_revision": 272, "git_revision": "1ce0cddd8bf3577c15ebcbcb06267a0b1965f3d1", "ctags": [{"_type": "tag", "name": "EXTERNAL", "path": "/home/kavia/workspace/code-generation/app-gateway2/app-gateway/FbSettings/Module.h", "pattern": "/^#define EXTERNAL$/", "language": "C++", "kind": "macro"}, {"_type": "tag", "name": "MODULE_NAME", "path": "/home/kavia/workspace/code-generation/app-gateway2/app-gateway/FbSettings/Module.h", "pattern": "/^#define MODULE_NAME /", "language": "C++", "kind": "macro"}], "hash": "8e5c77c4b49cdd80563a182645414568", "format-version": 4, "code-base-name": "app-gateway2", "filename": "app-gateway/FbSettings/Module.h", "revision_history": [{"272": "1ce0cddd8bf3577c15ebcbcb06267a0b1965f3d1"}]}