{"is_source_file": false, "format": "", "description": "", "external_files": [], "external_methods": [], "published": [], "classes": [], "methods": [], "calls": [], "search-terms": ["resolution.badger.json", "BadgerInfo", "DeviceUid", "LocalizationPostalCode", "NetworkConnectivity", "DialGetDeviceId"], "state": 2, "file_id": 225, "knowledge_revision": 750, "git_revision": "727800fc84f5393f5ac231785d3764465fe20036", "hash": "7856805f8243292ec8c179181520922a", "format-version": 4, "code-base-name": "app-gateway2", "filename": "app-gateway/LaunchDelegate/resolutions/resolution.badger.json", "revision_history": [{"750": "727800fc84f5393f5ac231785d3764465fe20036"}]}