{"is_source_file": false, "format": "", "description": "", "external_files": [], "external_methods": [], "published": [], "classes": [], "methods": [], "calls": [], "search-terms": [], "state": 2, "file_id": 84, "knowledge_revision": 841, "git_revision": "ef86df2c8df3fef6f567643b583ee28870c1ba4c", "revision_history": [{"261": ""}, {"841": "ef86df2c8df3fef6f567643b583ee28870c1ba4c"}], "hash": "ab4f8bd51e061fa9d845db403d4449db", "format-version": 4, "code-base-name": "app-gateway2", "filename": "app-gateway/FbSettings/SystemSettingRules/system_settings_rules.json"}