{"is_source_file": true, "format": "C++ header file", "description": "This file is a lightweight stub defining JSON-RPC registration helpers for the IAppGatewayResolver component within the WPEFramework project. It provides no-op static methods for registering and unregistering JSON-RPC methods, serving as a placeholder or bridge in the codebase.", "external_files": ["WPEFramework::PluginHost::JSONRPC"], "external_methods": ["WPEFramework::PluginHost::JSONRPC::Register", "WPEFramework::PluginHost::JSONRPC::Unregister"], "published": ["WPEFramework::Exchange::JAppGatewayResolver"], "classes": [{"name": "WPEFramework::Exchange::JAppGatewayResolver", "description": "A static class providing no-op registration and unregistration methods for JSON-RPC integration related to IAppGatewayResolver."}], "methods": [{"name": "void Register(PluginHost::JSONRPC &,IAppGatewayResolver *)", "description": "Registers JSON-RPC methods for IAppGatewayResolver (no-op stub).", "scope": "WPEFramework::Exchange::JAppGatewayResolver", "scopeKind": "struct"}, {"name": "void Unregister(PluginHost::JSONRPC &)", "description": "Unregisters JSON-RPC methods for IAppGatewayResolver (no-op stub).", "scope": "WPEFramework::Exchange::JAppGatewayResolver", "scopeKind": "struct"}], "calls": [], "search-terms": ["JAppGatewayResolver", "JSONRPC", "register", "unregister", "IAppGatewayResolver", "stub", "no-op"], "state": 2, "file_id": 244, "knowledge_revision": 792, "git_revision": "", "ctags": [{"_type": "tag", "name": "Exchange", "path": "/home/kavia/workspace/code-generation/app-gateway2/app-gateway/interfaces/json/JAppGatewayResolver.h", "pattern": "/^namespace Exchange {$/", "language": "C++", "kind": "namespace", "scope": "WPEFramework", "scopeKind": "namespace"}, {"_type": "tag", "name": "JAppGatewayResolver", "path": "/home/kavia/workspace/code-generation/app-gateway2/app-gateway/interfaces/json/JAppGatewayResolver.h", "pattern": "/^    struct JAppGatewayResolver {$/", "language": "C++", "kind": "struct", "scope": "WPEFramework::Exchange", "scopeKind": "namespace"}, {"_type": "tag", "name": "PluginHost", "path": "/home/kavia/workspace/code-generation/app-gateway2/app-gateway/interfaces/json/JAppGatewayResolver.h", "pattern": "/^namespace PluginHost {$/", "language": "C++", "kind": "namespace", "scope": "WPEFramework", "scopeKind": "namespace"}, {"_type": "tag", "name": "Register", "path": "/home/kavia/workspace/code-generation/app-gateway2/app-gateway/interfaces/json/JAppGatewayResolver.h", "pattern": "/^        static void Register(PluginHost::JSONRPC& \\/*parent*\\/, IAppGatewayResolver* \\/*api*\\/) /", "language": "C++", "typeref": "typename:void", "kind": "function", "signature": "(PluginHost::JSONRPC &,IAppGatewayResolver *)", "scope": "WPEFramework::Exchange::JAppGatewayResolver", "scopeKind": "struct"}, {"_type": "tag", "name": "Unregister", "path": "/home/kavia/workspace/code-generation/app-gateway2/app-gateway/interfaces/json/JAppGatewayResolver.h", "pattern": "/^        static void Unregister(PluginHost::JSONRPC& \\/*parent*\\/) {$/", "language": "C++", "typeref": "typename:void", "kind": "function", "signature": "(PluginHost::JSONRPC &)", "scope": "WPEFramework::Exchange::JAppGatewayResolver", "scopeKind": "struct"}, {"_type": "tag", "name": "WPEFramework", "path": "/home/kavia/workspace/code-generation/app-gateway2/app-gateway/interfaces/json/JAppGatewayResolver.h", "pattern": "/^namespace WPEFramework {$/", "language": "C++", "kind": "namespace"}], "hash": "c1fa50c27d0078d014acd7f235ef5646", "format-version": 4, "code-base-name": "app-gateway2", "filename": "app-gateway/interfaces/json/JAppGatewayResolver.h", "revision_history": [{"792": ""}]}