{"is_source_file": true, "format": "C++", "description": "This file appears to be a source file implementing parts of a module, likely for a C++ project, with a focus on including the Module.h header and declaring a module for build referencing.", "external_files": ["Module.h"], "external_methods": ["MODULE_NAME_DECLARATION"], "published": [], "classes": [], "methods": [{"name": "MODULE_NAME_DECLARATION", "description": "A macro likely used to declare or initialize a module for build reference."}], "calls": ["MODULE_NAME_DECLARATION(BUILD_REFERENCE)"], "search-terms": ["MODULE_NAME_DECLARATION", "BUILD_REFERENCE", "Module.cpp"], "state": 2, "file_id": 58, "knowledge_revision": 188, "git_revision": "", "ctags": [], "hash": "8e61147cc5a8ff78b1a4f837b8474ec5", "format-version": 4, "code-base-name": "app-gateway2", "filename": "app-gateway/OttServices/Module.cpp", "revision_history": [{"188": ""}]}