{"is_source_file": true, "format": "C++ header (.h)", "description": "This file is an auto-generated C++ header from a Protocol Buffer (.proto) definition, specifically for permission_service.proto. It contains class declarations and related definitions for Protocol Buffer messages used in permission services, including AppKey, EnumeratePermissionsRequest, and EnumeratePermissionsResponse.", "external_files": ["google/protobuf/port_def.inc", "google/protobuf/io/coded_stream.h", "google/protobuf/arena.h", "google/protobuf/arenastring.h", "google/protobuf/generated_message_table_driven.h", "google/protobuf/generated_message_util.h", "google/protobuf/metadata_lite.h", "google/protobuf/generated_message_reflection.h", "google/protobuf/message.h", "google/protobuf/repeated_field.h", "google/protobuf/extension_set.h", "google/protobuf/unknown_field_set.h", "google/protobuf/port_def.inc"], "external_methods": [], "published": ["ottx.permission.AppKey", "ottx.permission.EnumeratePermissionsRequest", "ottx.permission.EnumeratePermissionsResponse"], "classes": [{"name": "AppKey", "description": "Represents the AppKey message with fields 'app' and 'syndication_partner_id'."}, {"name": "EnumeratePermissionsRequest", "description": "Request message for enumerating permissions, including filters and an AppKey."}, {"name": "EnumeratePermissionsResponse", "description": "Response message containing a list of permissions."}], "methods": [{"name": "AppKey::clear_app", "description": "Clears the 'app' field."}, {"name": "AppKey::app", "description": "Returns the 'app' field value."}, {"name": "AppKey::set_app", "description": "Sets the 'app' field."}, {"name": "AppKey::mutable_app", "description": "Returns a mutable pointer to the 'app' string."}, {"name": "AppKey::release_app", "description": "Releases ownership of the 'app' string."}, {"name": "AppKey::set_allocated_app", "description": "Sets the 'app' field with an external string pointer."}, {"name": "AppKey::clear_syndication_partner_id", "description": "Clears the 'syndication_partner_id' field."}, {"name": "AppKey::syndication_partner_id", "description": "Returns the 'syndication_partner_id' field value."}, {"name": "AppKey::set_syndication_partner_id", "description": "Sets the 'syndication_partner_id' field."}, {"name": "AppKey::mutable_syndication_partner_id", "description": "Returns a mutable pointer to the 'syndication_partner_id' string."}, {"name": "AppKey::release_syndication_partner_id", "description": "Releases ownership of the 'syndication_partner_id' string."}, {"name": "AppKey::set_allocated_syndication_partner_id", "description": "Sets the 'syndication_partner_id' field with an external string pointer."}, {"name": "EnumeratePermissionsRequest::has_app_key", "description": "Checks if 'app_key' is set."}, {"name": "EnumeratePermissionsRequest::clear_app_key", "description": "Clears the 'app_key' field."}, {"name": "EnumeratePermissionsRequest::app_key", "description": "Returns the 'app_key' message."}, {"name": "EnumeratePermissionsRequest::set_allocated_app_key", "description": "Sets the 'app_key' message with external pointer."}, {"name": "EnumeratePermissionsRequest::release_app_key", "description": "Releases ownership of the 'app_key' message."}, {"name": "EnumeratePermissionsRequest::mutable_app_key", "description": "Returns a mutable pointer to 'app_key', creating if necessary."}, {"name": "EnumeratePermissionsRequest::set_app_key", "description": "Sets the 'app_key' message."}, {"name": "EnumeratePermissionsRequest::permission_filters_size", "description": "Returns the number of permission filter strings."}, {"name": "EnumeratePermissionsRequest::clear_permission_filters", "description": "Clears all permission filters."}, {"name": "EnumeratePermissionsRequest::add_permission_filters", "description": "Adds a permission filter string."}, {"name": "EnumeratePermissionsRequest::permission_filters", "description": "Returns the repeated field of permission filters."}, {"name": "EnumeratePermissionsResponse::permissions_size", "description": "Returns the number of permissions in the response."}, {"name": "EnumeratePermissionsResponse::clear_permissions", "description": "Clears all permissions in the response."}, {"name": "EnumeratePermissionsResponse::add_permissions", "description": "Adds a permission string."}, {"name": "EnumeratePermissionsResponse::permissions", "description": "Returns the repeated field of permissions."}, {"name": "AppKey(AppKey && from)", "scope": "ottx::permission::AppKey", "scopeKind": "class", "description": "unavailable"}, {"name": "AppKey()", "scope": "ottx::permission::AppKey", "scopeKind": "class", "description": "unavailable"}, {"name": "EnumeratePermissionsRequest(EnumeratePermissionsRequest && from)", "scope": "ottx::permission::EnumeratePermissionsRequest", "scopeKind": "class", "description": "unavailable"}, {"name": "EnumeratePermissionsRequest()", "scope": "ottx::permission::EnumeratePermissionsRequest", "scopeKind": "class", "description": "unavailable"}, {"name": "EnumeratePermissionsResponse(EnumeratePermissionsResponse && from)", "scope": "ottx::permission::EnumeratePermissionsResponse", "scopeKind": "class", "description": "unavailable"}, {"name": "EnumeratePermissionsResponse()", "scope": "ottx::permission::EnumeratePermissionsResponse", "scopeKind": "class", "description": "unavailable"}, {"name": "::PROTOBUF_NAMESPACE_ID::StringPiece FullMessageName()", "scope": "ottx::permission::EnumeratePermissionsResponse", "scopeKind": "class", "description": "unavailable"}, {"name": "int GetCachedSize() const", "scope": "ottx::permission::EnumeratePermissionsResponse", "scopeKind": "class", "description": "unavailable"}, {"name": "const::PROTOBUF_NAMESPACE_ID::Descriptor * GetDescriptor()", "scope": "ottx::permission::EnumeratePermissionsResponse", "scopeKind": "class", "description": "unavailable"}, {"name": "const::PROTOBUF_NAMESPACE_ID::Reflection * GetReflection()", "scope": "ottx::permission::EnumeratePermissionsResponse", "scopeKind": "class", "description": "unavailable"}, {"name": "AppKey * New(::PROTOBUF_NAMESPACE_ID::Arena * arena=nullptr) const", "scope": "ottx::permission::AppKey", "scopeKind": "class", "description": "unavailable"}, {"name": "EnumeratePermissionsRequest * New(::PROTOBUF_NAMESPACE_ID::Arena * arena=nullptr) const", "scope": "ottx::permission::EnumeratePermissionsRequest", "scopeKind": "class", "description": "unavailable"}, {"name": "EnumeratePermissionsResponse * New(::PROTOBUF_NAMESPACE_ID::Arena * arena=nullptr) const", "scope": "ottx::permission::EnumeratePermissionsResponse", "scopeKind": "class", "description": "unavailable"}, {"name": "void Swap(AppKey * other)", "scope": "ottx::permission::AppKey", "scopeKind": "class", "description": "unavailable"}, {"name": "void Swap(EnumeratePermissionsRequest * other)", "scope": "ottx::permission::EnumeratePermissionsRequest", "scopeKind": "class", "description": "unavailable"}, {"name": "void Swap(EnumeratePermissionsResponse * other)", "scope": "ottx::permission::EnumeratePermissionsResponse", "scopeKind": "class", "description": "unavailable"}, {"name": "void UnsafeArenaSwap(AppKey * other)", "scope": "ottx::permission::AppKey", "scopeKind": "class", "description": "unavailable"}, {"name": "void UnsafeArenaSwap(EnumeratePermissionsRequest * other)", "scope": "ottx::permission::EnumeratePermissionsRequest", "scopeKind": "class", "description": "unavailable"}, {"name": "void UnsafeArenaSwap(EnumeratePermissionsResponse * other)", "scope": "ottx::permission::EnumeratePermissionsResponse", "scopeKind": "class", "description": "unavailable"}, {"name": "std::string * _internal_add_permission_filters()", "scope": "ottx::permission::EnumeratePermissionsRequest", "scopeKind": "class", "description": "unavailable"}, {"name": "std::string * _internal_add_permissions()", "scope": "ottx::permission::EnumeratePermissionsResponse", "scopeKind": "class", "description": "unavailable"}, {"name": "const std::string & _internal_app() const", "scope": "ottx::permission::AppKey", "scopeKind": "class", "description": "unavailable"}, {"name": "const::ottx::permission::AppKey & _internal_app_key() const", "scope": "ottx::permission::EnumeratePermissionsRequest", "scopeKind": "class", "description": "unavailable"}, {"name": "bool _internal_has_app_key() const", "scope": "ottx::permission::EnumeratePermissionsRequest", "scopeKind": "class", "description": "unavailable"}, {"name": "std::string * _internal_mutable_app()", "scope": "ottx::permission::AppKey", "scopeKind": "class", "description": "unavailable"}, {"name": "::ottx::permission::AppKey * _internal_mutable_app_key()", "scope": "ottx::permission::EnumeratePermissionsRequest", "scopeKind": "class", "description": "unavailable"}, {"name": "std::string * _internal_mutable_syndication_partner_id()", "scope": "ottx::permission::AppKey", "scopeKind": "class", "description": "unavailable"}, {"name": "const std::string & _internal_permission_filters(int index) const", "scope": "ottx::permission::EnumeratePermissionsRequest", "scopeKind": "class", "description": "unavailable"}, {"name": "int _internal_permission_filters_size() const", "scope": "ottx::permission::EnumeratePermissionsRequest", "scopeKind": "class", "description": "unavailable"}, {"name": "const std::string & _internal_permissions(int index) const", "scope": "ottx::permission::EnumeratePermissionsResponse", "scopeKind": "class", "description": "unavailable"}, {"name": "int _internal_permissions_size() const", "scope": "ottx::permission::EnumeratePermissionsResponse", "scopeKind": "class", "description": "unavailable"}, {"name": "void _internal_set_app(const std::string & value)", "scope": "ottx::permission::AppKey", "scopeKind": "class", "description": "unavailable"}, {"name": "void _internal_set_syndication_partner_id(const std::string & value)", "scope": "ottx::permission::AppKey", "scopeKind": "class", "description": "unavailable"}, {"name": "const std::string & _internal_syndication_partner_id() const", "scope": "ottx::permission::AppKey", "scopeKind": "class", "description": "unavailable"}, {"name": "std::string * add_permission_filters()", "scope": "ottx::permission::EnumeratePermissionsRequest", "scopeKind": "class", "description": "unavailable"}, {"name": "void add_permission_filters(const char * value)", "scope": "ottx::permission::EnumeratePermissionsRequest", "scopeKind": "class", "description": "unavailable"}, {"name": "void add_permission_filters(const char * value,size_t size)", "scope": "ottx::permission::EnumeratePermissionsRequest", "scopeKind": "class", "description": "unavailable"}, {"name": "void add_permission_filters(const std::string & value)", "scope": "ottx::permission::EnumeratePermissionsRequest", "scopeKind": "class", "description": "unavailable"}, {"name": "void add_permission_filters(std::string && value)", "scope": "ottx::permission::EnumeratePermissionsRequest", "scopeKind": "class", "description": "unavailable"}, {"name": "std::string * add_permissions()", "scope": "ottx::permission::EnumeratePermissionsResponse", "scopeKind": "class", "description": "unavailable"}, {"name": "void add_permissions(const char * value)", "scope": "ottx::permission::EnumeratePermissionsResponse", "scopeKind": "class", "description": "unavailable"}, {"name": "void add_permissions(const char * value,size_t size)", "scope": "ottx::permission::EnumeratePermissionsResponse", "scopeKind": "class", "description": "unavailable"}, {"name": "void add_permissions(const std::string & value)", "scope": "ottx::permission::EnumeratePermissionsResponse", "scopeKind": "class", "description": "unavailable"}, {"name": "void add_permissions(std::string && value)", "scope": "ottx::permission::EnumeratePermissionsResponse", "scopeKind": "class", "description": "unavailable"}, {"name": "const std::string & app() const", "scope": "ottx::permission::AppKey", "scopeKind": "class", "description": "unavailable"}, {"name": "const::ottx::permission::AppKey & app_key() const", "scope": "ottx::permission::EnumeratePermissionsRequest", "scopeKind": "class", "description": "unavailable"}, {"name": "void clear_app()", "scope": "ottx::permission::AppKey", "scopeKind": "class", "description": "unavailable"}, {"name": "void clear_app_key()", "scope": "ottx::permission::EnumeratePermissionsRequest", "scopeKind": "class", "description": "unavailable"}], "calls": ["internal_default_instance()", "GetDescriptor()", "GetReflection()", "InternalSwap()", "Swap()", "CreateMaybeMessage()"], "search-terms": ["permission_service", "AppKey", "EnumeratePermissionsRequest", "EnumeratePermissionsResponse", "proto", "permission"], "state": 2, "file_id": 132, "knowledge_revision": 474, "git_revision": "11687bdf35796aa59ae3a1afecde9935f4bdd400", "ctags": [{"_type": "tag", "name": "AppKey", "path": "/home/kavia/workspace/code-generation/app-gateway2/app-gateway/OttServices/permission_service.pb.h", "pattern": "/^  AppKey(AppKey&& from) noexcept$/", "language": "C++", "kind": "function", "signature": "(AppKey && from)", "scope": "ottx::permission::AppKey", "scopeKind": "class"}, {"_type": "tag", "name": "AppKey", "path": "/home/kavia/workspace/code-generation/app-gateway2/app-gateway/OttServices/permission_service.pb.h", "pattern": "/^  inline AppKey() : AppKey(nullptr) {}$/", "language": "C++", "kind": "function", "signature": "()", "scope": "ottx::permission::AppKey", "scopeKind": "class"}, {"_type": "tag", "name": "AppKey", "path": "/home/kavia/workspace/code-generation/app-gateway2/app-gateway/OttServices/permission_service.pb.h", "pattern": "/^class AppKey final :$/", "language": "C++", "kind": "class", "scope": "ottx::permission", "scopeKind": "namespace"}, {"_type": "tag", "name": "DestructorSkippable_", "path": "/home/kavia/workspace/code-generation/app-gateway2/app-gateway/OttServices/permission_service.pb.h", "pattern": "/^  typedef void DestructorSkippable_;$/", "language": "C++", "typeref": "typename:void", "kind": "typedef", "scope": "ottx::permission::AppKey", "scopeKind": "class"}, {"_type": "tag", "name": "DestructorSkippable_", "path": "/home/kavia/workspace/code-generation/app-gateway2/app-gateway/OttServices/permission_service.pb.h", "pattern": "/^  typedef void DestructorSkippable_;$/", "language": "C++", "typeref": "typename:void", "kind": "typedef", "scope": "ottx::permission::EnumeratePermissionsRequest", "scopeKind": "class"}, {"_type": "tag", "name": "DestructorSkippable_", "path": "/home/kavia/workspace/code-generation/app-gateway2/app-gateway/OttServices/permission_service.pb.h", "pattern": "/^  typedef void DestructorSkippable_;$/", "language": "C++", "typeref": "typename:void", "kind": "typedef", "scope": "ottx::permission::EnumeratePermissionsResponse", "scopeKind": "class"}, {"_type": "tag", "name": "EnumeratePermissionsRequest", "path": "/home/kavia/workspace/code-generation/app-gateway2/app-gateway/OttServices/permission_service.pb.h", "pattern": "/^  EnumeratePermissionsRequest(EnumeratePermissionsRequest&& from) noexcept$/", "language": "C++", "kind": "function", "signature": "(EnumeratePermissionsRequest && from)", "scope": "ottx::permission::EnumeratePermissionsRequest", "scopeKind": "class"}, {"_type": "tag", "name": "EnumeratePermissionsRequest", "path": "/home/kavia/workspace/code-generation/app-gateway2/app-gateway/OttServices/permission_service.pb.h", "pattern": "/^  inline EnumeratePermissionsRequest() : EnumeratePermissionsRequest(nullptr) {}$/", "language": "C++", "kind": "function", "signature": "()", "scope": "ottx::permission::EnumeratePermissionsRequest", "scopeKind": "class"}, {"_type": "tag", "name": "EnumeratePermissionsRequest", "path": "/home/kavia/workspace/code-generation/app-gateway2/app-gateway/OttServices/permission_service.pb.h", "pattern": "/^class EnumeratePermissionsRequest final :$/", "language": "C++", "kind": "class", "scope": "ottx::permission", "scopeKind": "namespace"}, {"_type": "tag", "name": "EnumeratePermissionsResponse", "path": "/home/kavia/workspace/code-generation/app-gateway2/app-gateway/OttServices/permission_service.pb.h", "pattern": "/^  EnumeratePermissionsResponse(EnumeratePermissionsResponse&& from) noexcept$/", "language": "C++", "kind": "function", "signature": "(EnumeratePermissionsResponse && from)", "scope": "ottx::permission::EnumeratePermissionsResponse", "scopeKind": "class"}, {"_type": "tag", "name": "EnumeratePermissionsResponse", "path": "/home/kavia/workspace/code-generation/app-gateway2/app-gateway/OttServices/permission_service.pb.h", "pattern": "/^  inline EnumeratePermissionsResponse() : EnumeratePermissionsResponse(nullptr) {}$/", "language": "C++", "kind": "function", "signature": "()", "scope": "ottx::permission::EnumeratePermissionsResponse", "scopeKind": "class"}, {"_type": "tag", "name": "EnumeratePermissionsResponse", "path": "/home/kavia/workspace/code-generation/app-gateway2/app-gateway/OttServices/permission_service.pb.h", "pattern": "/^class EnumeratePermissionsResponse final :$/", "language": "C++", "kind": "class", "scope": "ottx::permission", "scopeKind": "namespace"}, {"_type": "tag", "name": "FullMessageName", "path": "/home/kavia/workspace/code-generation/app-gateway2/app-gateway/OttServices/permission_service.pb.h", "pattern": "/^  static ::PROTOBUF_NAMESPACE_ID::StringPiece FullMessageName() {$/", "language": "C++", "typeref": "typename:::PROTOBUF_NAMESPACE_ID::StringPiece", "kind": "function", "signature": "()", "scope": "ottx::permission::AppKey", "scopeKind": "class"}, {"_type": "tag", "name": "FullMessageName", "path": "/home/kavia/workspace/code-generation/app-gateway2/app-gateway/OttServices/permission_service.pb.h", "pattern": "/^  static ::PROTOBUF_NAMESPACE_ID::StringPiece FullMessageName() {$/", "language": "C++", "typeref": "typename:::PROTOBUF_NAMESPACE_ID::StringPiece", "kind": "function", "signature": "()", "scope": "ottx::permission::EnumeratePermissionsRequest", "scopeKind": "class"}, {"_type": "tag", "name": "FullMessageName", "path": "/home/kavia/workspace/code-generation/app-gateway2/app-gateway/OttServices/permission_service.pb.h", "pattern": "/^  static ::PROTOBUF_NAMESPACE_ID::StringPiece FullMessageName() {$/", "language": "C++", "typeref": "typename:::PROTOBUF_NAMESPACE_ID::StringPiece", "kind": "function", "signature": "()", "scope": "ottx::permission::EnumeratePermissionsResponse", "scopeKind": "class"}, {"_type": "tag", "name": "GOOGLE_PROTOBUF_INCLUDED_permission_5fservice_2eproto", "path": "/home/kavia/workspace/code-generation/app-gateway2/app-gateway/OttServices/permission_service.pb.h", "pattern": "/^#define GOOGLE_PROTOBUF_INCLUDED_permission_5fservice_2eproto$/", "language": "C++", "kind": "macro"}, {"_type": "tag", "name": "GetCachedSize", "path": "/home/kavia/workspace/code-generation/app-gateway2/app-gateway/OttServices/permission_service.pb.h", "pattern": "/^  int GetCachedSize() const final { return _cached_size_.Get(); }$/", "language": "C++", "typeref": "typename:int", "kind": "function", "signature": "() const", "scope": "ottx::permission::AppKey", "scopeKind": "class"}, {"_type": "tag", "name": "GetCachedSize", "path": "/home/kavia/workspace/code-generation/app-gateway2/app-gateway/OttServices/permission_service.pb.h", "pattern": "/^  int GetCachedSize() const final { return _cached_size_.Get(); }$/", "language": "C++", "typeref": "typename:int", "kind": "function", "signature": "() const", "scope": "ottx::permission::EnumeratePermissionsRequest", "scopeKind": "class"}, {"_type": "tag", "name": "GetCachedSize", "path": "/home/kavia/workspace/code-generation/app-gateway2/app-gateway/OttServices/permission_service.pb.h", "pattern": "/^  int GetCachedSize() const final { return _cached_size_.Get(); }$/", "language": "C++", "typeref": "typename:int", "kind": "function", "signature": "() const", "scope": "ottx::permission::EnumeratePermissionsResponse", "scopeKind": "class"}, {"_type": "tag", "name": "GetDescriptor", "path": "/home/kavia/workspace/code-generation/app-gateway2/app-gateway/OttServices/permission_service.pb.h", "pattern": "/^  static const ::PROTOBUF_NAMESPACE_ID::Descriptor* GetDescriptor() {$/", "language": "C++", "typeref": "typename:const::PROTOBUF_NAMESPACE_ID::Descriptor *", "kind": "function", "signature": "()", "scope": "ottx::permission::AppKey", "scopeKind": "class"}, {"_type": "tag", "name": "GetDescriptor", "path": "/home/kavia/workspace/code-generation/app-gateway2/app-gateway/OttServices/permission_service.pb.h", "pattern": "/^  static const ::PROTOBUF_NAMESPACE_ID::Descriptor* GetDescriptor() {$/", "language": "C++", "typeref": "typename:const::PROTOBUF_NAMESPACE_ID::Descriptor *", "kind": "function", "signature": "()", "scope": "ottx::permission::EnumeratePermissionsRequest", "scopeKind": "class"}, {"_type": "tag", "name": "GetDescriptor", "path": "/home/kavia/workspace/code-generation/app-gateway2/app-gateway/OttServices/permission_service.pb.h", "pattern": "/^  static const ::PROTOBUF_NAMESPACE_ID::Descriptor* GetDescriptor() {$/", "language": "C++", "typeref": "typename:const::PROTOBUF_NAMESPACE_ID::Descriptor *", "kind": "function", "signature": "()", "scope": "ottx::permission::EnumeratePermissionsResponse", "scopeKind": "class"}, {"_type": "tag", "name": "GetReflection", "path": "/home/kavia/workspace/code-generation/app-gateway2/app-gateway/OttServices/permission_service.pb.h", "pattern": "/^  static const ::PROTOBUF_NAMESPACE_ID::Reflection* GetReflection() {$/", "language": "C++", "typeref": "typename:const::PROTOBUF_NAMESPACE_ID::Reflection *", "kind": "function", "signature": "()", "scope": "ottx::permission::AppKey", "scopeKind": "class"}, {"_type": "tag", "name": "GetReflection", "path": "/home/kavia/workspace/code-generation/app-gateway2/app-gateway/OttServices/permission_service.pb.h", "pattern": "/^  static const ::PROTOBUF_NAMESPACE_ID::Reflection* GetReflection() {$/", "language": "C++", "typeref": "typename:const::PROTOBUF_NAMESPACE_ID::Reflection *", "kind": "function", "signature": "()", "scope": "ottx::permission::EnumeratePermissionsRequest", "scopeKind": "class"}, {"_type": "tag", "name": "GetReflection", "path": "/home/kavia/workspace/code-generation/app-gateway2/app-gateway/OttServices/permission_service.pb.h", "pattern": "/^  static const ::PROTOBUF_NAMESPACE_ID::Reflection* GetReflection() {$/", "language": "C++", "typeref": "typename:const::PROTOBUF_NAMESPACE_ID::Reflection *", "kind": "function", "signature": "()", "scope": "ottx::permission::EnumeratePermissionsResponse", "scopeKind": "class"}, {"_type": "tag", "name": "InternalArenaConstructable_", "path": "/home/kavia/workspace/code-generation/app-gateway2/app-gateway/OttServices/permission_service.pb.h", "pattern": "/^  typedef void InternalArenaConstructable_;$/", "language": "C++", "typeref": "typename:void", "kind": "typedef", "scope": "ottx::permission::AppKey", "scopeKind": "class"}, {"_type": "tag", "name": "InternalArenaConstructable_", "path": "/home/kavia/workspace/code-generation/app-gateway2/app-gateway/OttServices/permission_service.pb.h", "pattern": "/^  typedef void InternalArenaConstructable_;$/", "language": "C++", "typeref": "typename:void", "kind": "typedef", "scope": "ottx::permission::EnumeratePermissionsRequest", "scopeKind": "class"}, {"_type": "tag", "name": "InternalArenaConstructable_", "path": "/home/kavia/workspace/code-generation/app-gateway2/app-gateway/OttServices/permission_service.pb.h", "pattern": "/^  typedef void InternalArenaConstructable_;$/", "language": "C++", "typeref": "typename:void", "kind": "typedef", "scope": "ottx::permission::EnumeratePermissionsResponse", "scopeKind": "class"}, {"_type": "tag", "name": "New", "path": "/home/kavia/workspace/code-generation/app-gateway2/app-gateway/OttServices/permission_service.pb.h", "pattern": "/^  AppKey* New(::PROTOBUF_NAMESPACE_ID::Arena* arena = nullptr) const final {$/", "language": "C++", "typeref": "typename:AppKey *", "kind": "function", "signature": "(::PROTOBUF_NAMESPACE_ID::Arena * arena=nullptr) const", "scope": "ottx::permission::AppKey", "scopeKind": "class"}, {"_type": "tag", "name": "New", "path": "/home/kavia/workspace/code-generation/app-gateway2/app-gateway/OttServices/permission_service.pb.h", "pattern": "/^  EnumeratePermissionsRequest* New(::PROTOBUF_NAMESPACE_ID::Arena* arena = nullptr) const final /", "language": "C++", "typeref": "typename:EnumeratePermissionsRequest *", "kind": "function", "signature": "(::PROTOBUF_NAMESPACE_ID::Arena * arena=nullptr) const", "scope": "ottx::permission::EnumeratePermissionsRequest", "scopeKind": "class"}, {"_type": "tag", "name": "New", "path": "/home/kavia/workspace/code-generation/app-gateway2/app-gateway/OttServices/permission_service.pb.h", "pattern": "/^  EnumeratePermissionsResponse* New(::PROTOBUF_NAMESPACE_ID::Arena* arena = nullptr) const final/", "language": "C++", "typeref": "typename:EnumeratePermissionsResponse *", "kind": "function", "signature": "(::PROTOBUF_NAMESPACE_ID::Arena * arena=nullptr) const", "scope": "ottx::permission::EnumeratePermissionsResponse", "scopeKind": "class"}, {"_type": "tag", "name": "PROTOBUF_INTERNAL_EXPORT_permission_5fservice_2eproto", "path": "/home/kavia/workspace/code-generation/app-gateway2/app-gateway/OttServices/permission_service.pb.h", "pattern": "/^#define PROTOBUF_INTERNAL_EXPORT_permission_5fservice_2eproto$/", "language": "C++", "kind": "macro"}, {"_type": "tag", "name": "Swap", "path": "/home/kavia/workspace/code-generation/app-gateway2/app-gateway/OttServices/permission_service.pb.h", "pattern": "/^  inline void Swap(AppKey* other) {$/", "language": "C++", "typeref": "typename:void", "kind": "function", "signature": "(AppKey * other)", "scope": "ottx::permission::AppKey", "scopeKind": "class"}, {"_type": "tag", "name": "Swap", "path": "/home/kavia/workspace/code-generation/app-gateway2/app-gateway/OttServices/permission_service.pb.h", "pattern": "/^  inline void Swap(EnumeratePermissionsRequest* other) {$/", "language": "C++", "typeref": "typename:void", "kind": "function", "signature": "(EnumeratePermissionsRequest * other)", "scope": "ottx::permission::EnumeratePermissionsRequest", "scopeKind": "class"}, {"_type": "tag", "name": "Swap", "path": "/home/kavia/workspace/code-generation/app-gateway2/app-gateway/OttServices/permission_service.pb.h", "pattern": "/^  inline void Swap(EnumeratePermissionsResponse* other) {$/", "language": "C++", "typeref": "typename:void", "kind": "function", "signature": "(EnumeratePermissionsResponse * other)", "scope": "ottx::permission::EnumeratePermissionsResponse", "scopeKind": "class"}, {"_type": "tag", "name": "TableStruct_permission_5fservice_2eproto", "path": "/home/kavia/workspace/code-generation/app-gateway2/app-gateway/OttServices/permission_service.pb.h", "pattern": "/^struct TableStruct_permission_5fservice_2eproto {$/", "language": "C++", "kind": "struct"}, {"_type": "tag", "name": "UnsafeArenaSwap", "path": "/home/kavia/workspace/code-generation/app-gateway2/app-gateway/OttServices/permission_service.pb.h", "pattern": "/^  void UnsafeArenaSwap(AppKey* other) {$/", "language": "C++", "typeref": "typename:void", "kind": "function", "signature": "(AppKey * other)", "scope": "ottx::permission::AppKey", "scopeKind": "class"}, {"_type": "tag", "name": "UnsafeArenaSwap", "path": "/home/kavia/workspace/code-generation/app-gateway2/app-gateway/OttServices/permission_service.pb.h", "pattern": "/^  void UnsafeArenaSwap(EnumeratePermissionsRequest* other) {$/", "language": "C++", "typeref": "typename:void", "kind": "function", "signature": "(EnumeratePermissionsRequest * other)", "scope": "ottx::permission::EnumeratePermissionsRequest", "scopeKind": "class"}, {"_type": "tag", "name": "UnsafeArenaSwap", "path": "/home/kavia/workspace/code-generation/app-gateway2/app-gateway/OttServices/permission_service.pb.h", "pattern": "/^  void UnsafeArenaSwap(EnumeratePermissionsResponse* other) {$/", "language": "C++", "typeref": "typename:void", "kind": "function", "signature": "(EnumeratePermissionsResponse * other)", "scope": "ottx::permission::EnumeratePermissionsResponse", "scopeKind": "class"}, {"_type": "tag", "name": "__anond90bcd110103", "path": "/home/kavia/workspace/code-generation/app-gateway2/app-gateway/OttServices/permission_service.pb.h", "pattern": "/^  enum : int {$/", "language": "C++", "typeref": "typename:int", "kind": "enum", "scope": "ottx::permission::AppKey", "scopeKind": "class"}, {"_type": "tag", "name": "__anond90bcd110203", "path": "/home/kavia/workspace/code-generation/app-gateway2/app-gateway/OttServices/permission_service.pb.h", "pattern": "/^  enum : int {$/", "language": "C++", "typeref": "typename:int", "kind": "enum", "scope": "ottx::permission::EnumeratePermissionsRequest", "scopeKind": "class"}, {"_type": "tag", "name": "__anond90bcd110303", "path": "/home/kavia/workspace/code-generation/app-gateway2/app-gateway/OttServices/permission_service.pb.h", "pattern": "/^  enum : int {$/", "language": "C++", "typeref": "typename:int", "kind": "enum", "scope": "ottx::permission::EnumeratePermissionsResponse", "scopeKind": "class"}, {"_type": "tag", "name": "_class_data_", "path": "/home/kavia/workspace/code-generation/app-gateway2/app-gateway/OttServices/permission_service.pb.h", "pattern": "/^  static const ClassData _class_data_;$/", "language": "C++", "typeref": "typename:const ClassData", "kind": "member", "scope": "ottx::permission::AppKey", "scopeKind": "class"}, {"_type": "tag", "name": "_class_data_", "path": "/home/kavia/workspace/code-generation/app-gateway2/app-gateway/OttServices/permission_service.pb.h", "pattern": "/^  static const ClassData _class_data_;$/", "language": "C++", "typeref": "typename:const ClassData", "kind": "member", "scope": "ottx::permission::EnumeratePermissionsRequest", "scopeKind": "class"}, {"_type": "tag", "name": "_class_data_", "path": "/home/kavia/workspace/code-generation/app-gateway2/app-gateway/OttServices/permission_service.pb.h", "pattern": "/^  static const ClassData _class_data_;$/", "language": "C++", "typeref": "typename:const ClassData", "kind": "member", "scope": "ottx::permission::EnumeratePermissionsResponse", "scopeKind": "class"}, {"_type": "tag", "name": "_internal_add_permission_filters", "path": "/home/kavia/workspace/code-generation/app-gateway2/app-gateway/OttServices/permission_service.pb.h", "pattern": "/^inline std::string* EnumeratePermissionsRequest::_internal_add_permission_filters() {$/", "language": "C++", "typeref": "typename:std::string *", "kind": "function", "signature": "()", "scope": "ottx::permission::EnumeratePermissionsRequest", "scopeKind": "class"}, {"_type": "tag", "name": "_internal_add_permissions", "path": "/home/kavia/workspace/code-generation/app-gateway2/app-gateway/OttServices/permission_service.pb.h", "pattern": "/^inline std::string* EnumeratePermissionsResponse::_internal_add_permissions() {$/", "language": "C++", "typeref": "typename:std::string *", "kind": "function", "signature": "()", "scope": "ottx::permission::EnumeratePermissionsResponse", "scopeKind": "class"}, {"_type": "tag", "name": "_internal_app", "path": "/home/kavia/workspace/code-generation/app-gateway2/app-gateway/OttServices/permission_service.pb.h", "pattern": "/^inline const std::string& AppKey::_internal_app() const {$/", "language": "C++", "typeref": "typename:const std::string &", "kind": "function", "signature": "() const", "scope": "ottx::permission::AppKey", "scopeKind": "class"}, {"_type": "tag", "name": "_internal_app_key", "path": "/home/kavia/workspace/code-generation/app-gateway2/app-gateway/OttServices/permission_service.pb.h", "pattern": "/^inline const ::ottx::permission::AppKey& EnumeratePermissionsRequest::_internal_app_key() const /", "language": "C++", "typeref": "typename:const::ottx::permission::AppKey &", "kind": "function", "signature": "() const", "scope": "ottx::permission::EnumeratePermissionsRequest", "scopeKind": "class"}, {"_type": "tag", "name": "_internal_has_app_key", "path": "/home/kavia/workspace/code-generation/app-gateway2/app-gateway/OttServices/permission_service.pb.h", "pattern": "/^inline bool EnumeratePermissionsRequest::_internal_has_app_key() const {$/", "language": "C++", "typeref": "typename:bool", "kind": "function", "signature": "() const", "scope": "ottx::permission::EnumeratePermissionsRequest", "scopeKind": "class"}, {"_type": "tag", "name": "_internal_mutable_app", "path": "/home/kavia/workspace/code-generation/app-gateway2/app-gateway/OttServices/permission_service.pb.h", "pattern": "/^inline std::string* AppKey::_internal_mutable_app() {$/", "language": "C++", "typeref": "typename:std::string *", "kind": "function", "signature": "()", "scope": "ottx::permission::AppKey", "scopeKind": "class"}, {"_type": "tag", "name": "_internal_mutable_app_key", "path": "/home/kavia/workspace/code-generation/app-gateway2/app-gateway/OttServices/permission_service.pb.h", "pattern": "/^inline ::ottx::permission::AppKey* EnumeratePermissionsRequest::_internal_mutable_app_key() {$/", "language": "C++", "typeref": "typename:::ottx::permission::AppKey *", "kind": "function", "signature": "()", "scope": "ottx::permission::EnumeratePermissionsRequest", "scopeKind": "class"}, {"_type": "tag", "name": "_internal_mutable_syndication_partner_id", "path": "/home/kavia/workspace/code-generation/app-gateway2/app-gateway/OttServices/permission_service.pb.h", "pattern": "/^inline std::string* AppKey::_internal_mutable_syndication_partner_id() {$/", "language": "C++", "typeref": "typename:std::string *", "kind": "function", "signature": "()", "scope": "ottx::permission::AppKey", "scopeKind": "class"}, {"_type": "tag", "name": "_internal_permission_filters", "path": "/home/kavia/workspace/code-generation/app-gateway2/app-gateway/OttServices/permission_service.pb.h", "pattern": "/^inline const std::string& EnumeratePermissionsRequest::_internal_permission_filters(int index) c/", "language": "C++", "typeref": "typename:const std::string &", "kind": "function", "signature": "(int index) const", "scope": "ottx::permission::EnumeratePermissionsRequest", "scopeKind": "class"}, {"_type": "tag", "name": "_internal_permission_filters_size", "path": "/home/kavia/workspace/code-generation/app-gateway2/app-gateway/OttServices/permission_service.pb.h", "pattern": "/^inline int EnumeratePermissionsRequest::_internal_permission_filters_size() const {$/", "language": "C++", "typeref": "typename:int", "kind": "function", "signature": "() const", "scope": "ottx::permission::EnumeratePermissionsRequest", "scopeKind": "class"}, {"_type": "tag", "name": "_internal_permissions", "path": "/home/kavia/workspace/code-generation/app-gateway2/app-gateway/OttServices/permission_service.pb.h", "pattern": "/^inline const std::string& EnumeratePermissionsResponse::_internal_permissions(int index) const {$/", "language": "C++", "typeref": "typename:const std::string &", "kind": "function", "signature": "(int index) const", "scope": "ottx::permission::EnumeratePermissionsResponse", "scopeKind": "class"}, {"_type": "tag", "name": "_internal_permissions_size", "path": "/home/kavia/workspace/code-generation/app-gateway2/app-gateway/OttServices/permission_service.pb.h", "pattern": "/^inline int EnumeratePermissionsResponse::_internal_permissions_size() const {$/", "language": "C++", "typeref": "typename:int", "kind": "function", "signature": "() const", "scope": "ottx::permission::EnumeratePermissionsResponse", "scopeKind": "class"}, {"_type": "tag", "name": "_internal_set_app", "path": "/home/kavia/workspace/code-generation/app-gateway2/app-gateway/OttServices/permission_service.pb.h", "pattern": "/^inline void AppKey::_internal_set_app(const std::string& value) {$/", "language": "C++", "typeref": "typename:void", "kind": "function", "signature": "(const std::string & value)", "scope": "ottx::permission::AppKey", "scopeKind": "class"}, {"_type": "tag", "name": "_internal_set_syndication_partner_id", "path": "/home/kavia/workspace/code-generation/app-gateway2/app-gateway/OttServices/permission_service.pb.h", "pattern": "/^inline void AppKey::_internal_set_syndication_partner_id(const std::string& value) {$/", "language": "C++", "typeref": "typename:void", "kind": "function", "signature": "(const std::string & value)", "scope": "ottx::permission::AppKey", "scopeKind": "class"}, {"_type": "tag", "name": "_internal_syndication_partner_id", "path": "/home/kavia/workspace/code-generation/app-gateway2/app-gateway/OttServices/permission_service.pb.h", "pattern": "/^inline const std::string& AppKey::_internal_syndication_partner_id() const {$/", "language": "C++", "typeref": "typename:const std::string &", "kind": "function", "signature": "() const", "scope": "ottx::permission::AppKey", "scopeKind": "class"}, {"_type": "tag", "name": "add_permission_filters", "path": "/home/kavia/workspace/code-generation/app-gateway2/app-gateway/OttServices/permission_service.pb.h", "pattern": "/^inline std::string* EnumeratePermissionsRequest::add_permission_filters() {$/", "language": "C++", "typeref": "typename:std::string *", "kind": "function", "signature": "()", "scope": "ottx::permission::EnumeratePermissionsRequest", "scopeKind": "class"}, {"_type": "tag", "name": "add_permission_filters", "path": "/home/kavia/workspace/code-generation/app-gateway2/app-gateway/OttServices/permission_service.pb.h", "pattern": "/^inline void EnumeratePermissionsRequest::add_permission_filters(const char* value) {$/", "language": "C++", "typeref": "typename:void", "kind": "function", "signature": "(const char * value)", "scope": "ottx::permission::EnumeratePermissionsRequest", "scopeKind": "class"}, {"_type": "tag", "name": "add_permission_filters", "path": "/home/kavia/workspace/code-generation/app-gateway2/app-gateway/OttServices/permission_service.pb.h", "pattern": "/^inline void EnumeratePermissionsRequest::add_permission_filters(const char* value, size_t size) /", "language": "C++", "typeref": "typename:void", "kind": "function", "signature": "(const char * value,size_t size)", "scope": "ottx::permission::EnumeratePermissionsRequest", "scopeKind": "class"}, {"_type": "tag", "name": "add_permission_filters", "path": "/home/kavia/workspace/code-generation/app-gateway2/app-gateway/OttServices/permission_service.pb.h", "pattern": "/^inline void EnumeratePermissionsRequest::add_permission_filters(const std::string& value) {$/", "language": "C++", "typeref": "typename:void", "kind": "function", "signature": "(const std::string & value)", "scope": "ottx::permission::EnumeratePermissionsRequest", "scopeKind": "class"}, {"_type": "tag", "name": "add_permission_filters", "path": "/home/kavia/workspace/code-generation/app-gateway2/app-gateway/OttServices/permission_service.pb.h", "pattern": "/^inline void EnumeratePermissionsRequest::add_permission_filters(std::string&& value) {$/", "language": "C++", "typeref": "typename:void", "kind": "function", "signature": "(std::string && value)", "scope": "ottx::permission::EnumeratePermissionsRequest", "scopeKind": "class"}, {"_type": "tag", "name": "add_permissions", "path": "/home/kavia/workspace/code-generation/app-gateway2/app-gateway/OttServices/permission_service.pb.h", "pattern": "/^inline std::string* EnumeratePermissionsResponse::add_permissions() {$/", "language": "C++", "typeref": "typename:std::string *", "kind": "function", "signature": "()", "scope": "ottx::permission::EnumeratePermissionsResponse", "scopeKind": "class"}, {"_type": "tag", "name": "add_permissions", "path": "/home/kavia/workspace/code-generation/app-gateway2/app-gateway/OttServices/permission_service.pb.h", "pattern": "/^inline void EnumeratePermissionsResponse::add_permissions(const char* value) {$/", "language": "C++", "typeref": "typename:void", "kind": "function", "signature": "(const char * value)", "scope": "ottx::permission::EnumeratePermissionsResponse", "scopeKind": "class"}, {"_type": "tag", "name": "add_permissions", "path": "/home/kavia/workspace/code-generation/app-gateway2/app-gateway/OttServices/permission_service.pb.h", "pattern": "/^inline void EnumeratePermissionsResponse::add_permissions(const char* value, size_t size) {$/", "language": "C++", "typeref": "typename:void", "kind": "function", "signature": "(const char * value,size_t size)", "scope": "ottx::permission::EnumeratePermissionsResponse", "scopeKind": "class"}, {"_type": "tag", "name": "add_permissions", "path": "/home/kavia/workspace/code-generation/app-gateway2/app-gateway/OttServices/permission_service.pb.h", "pattern": "/^inline void EnumeratePermissionsResponse::add_permissions(const std::string& value) {$/", "language": "C++", "typeref": "typename:void", "kind": "function", "signature": "(const std::string & value)", "scope": "ottx::permission::EnumeratePermissionsResponse", "scopeKind": "class"}, {"_type": "tag", "name": "add_permissions", "path": "/home/kavia/workspace/code-generation/app-gateway2/app-gateway/OttServices/permission_service.pb.h", "pattern": "/^inline void EnumeratePermissionsResponse::add_permissions(std::string&& value) {$/", "language": "C++", "typeref": "typename:void", "kind": "function", "signature": "(std::string && value)", "scope": "ottx::permission::EnumeratePermissionsResponse", "scopeKind": "class"}, {"_type": "tag", "name": "app", "path": "/home/kavia/workspace/code-generation/app-gateway2/app-gateway/OttServices/permission_service.pb.h", "pattern": "/^inline const std::string& AppKey::app() const {$/", "language": "C++", "typeref": "typename:const std::string &", "kind": "function", "signature": "() const", "scope": "ottx::permission::AppKey", "scopeKind": "class"}, {"_type": "tag", "name": "app_key", "path": "/home/kavia/workspace/code-generation/app-gateway2/app-gateway/OttServices/permission_service.pb.h", "pattern": "/^inline const ::ottx::permission::AppKey& EnumeratePermissionsRequest::app_key() const {$/", "language": "C++", "typeref": "typename:const::ottx::permission::AppKey &", "kind": "function", "signature": "() const", "scope": "ottx::permission::EnumeratePermissionsRequest", "scopeKind": "class"}, {"_type": "tag", "name": "clear_app", "path": "/home/kavia/workspace/code-generation/app-gateway2/app-gateway/OttServices/permission_service.pb.h", "pattern": "/^inline void AppKey::clear_app() {$/", "language": "C++", "typeref": "typename:void", "kind": "function", "signature": "()", "scope": "ottx::permission::AppKey", "scopeKind": "class"}, {"_type": "tag", "name": "clear_app_key", "path": "/home/kavia/workspace/code-generation/app-gateway2/app-gateway/OttServices/permission_service.pb.h", "pattern": "/^inline void EnumeratePermissionsRequest::clear_app_key() {$/", "language": "C++", "typeref": "typename:void", "kind": "function", "signature": "()", "scope": "ottx::permission::EnumeratePermissionsRequest", "scopeKind": "class"}], "hash": "4c55af9c8ac8e229aed117f5d24fdf65", "format-version": 4, "code-base-name": "app-gateway2", "filename": "app-gateway/OttServices/permission_service.pb.h", "fields": [{"name": "const ClassData _class_data_", "scope": "ottx::permission::AppKey", "scopeKind": "class", "description": "unavailable"}], "revision_history": [{"474": "11687bdf35796aa59ae3a1afecde9935f4bdd400"}]}