{"is_source_file": true, "format": "C++", "description": "This source file implements the RequestRouter class's DispatchResolved method, which echoes JSON objects for resolution and parameters and returns a success code.", "external_files": ["RequestRouter.h"], "external_methods": ["Core::JSON::Variant", "Core::ERROR_NONE", "Core::JSON::Object::Clear()"], "published": ["RequestRouter::DispatchResolved"], "classes": [{"name": "RequestRouter", "description": "A class responsible for routing requests within the WPEFramework Plugin namespace."}], "methods": [{"name": "uint32_t DispatchResolved(const Core::JSON::Object & resolution,const Core::JSON::Object & params,Core::JSON::Object & response)", "description": "Echoes back the provided 'resolution' and 'params' JSON objects within the response, indicating successful processing.", "scope": "WPEFramework::Plugin::RequestRouter", "scopeKind": "class"}], "calls": ["response.Clear", "response[_T('resolution')] = Core::JSON::Variant(resolution)", "response[_T('params')] = Core::JSON::Variant(params)", "Core::ERROR_NONE"], "search-terms": ["RequestRouter", "DispatchResolved", "echo JSON", "Response handling", "WPEFramework Plugin"], "state": 2, "file_id": 249, "knowledge_revision": 809, "git_revision": "727800fc84f5393f5ac231785d3764465fe20036", "ctags": [{"_type": "tag", "name": "DispatchResolved", "path": "/home/kavia/workspace/code-generation/app-gateway2/app-gateway/AppGateway/RequestRouter.cpp", "pattern": "/^uint32_t RequestRouter::DispatchResolved(const Core::JSON::Object& resolution,$/", "language": "C++", "typeref": "typename:uint32_t", "kind": "function", "signature": "(const Core::JSON::Object & resolution,const Core::JSON::Object & params,Core::JSON::Object & response)", "scope": "WPEFramework::Plugin::RequestRouter", "scopeKind": "class"}, {"_type": "tag", "name": "Plugin", "path": "/home/kavia/workspace/code-generation/app-gateway2/app-gateway/AppGateway/RequestRouter.cpp", "pattern": "/^namespace Plugin {$/", "file": true, "language": "C++", "kind": "namespace", "scope": "WPEFramework", "scopeKind": "namespace"}, {"_type": "tag", "name": "WPEFramework", "path": "/home/kavia/workspace/code-generation/app-gateway2/app-gateway/AppGateway/RequestRouter.cpp", "pattern": "/^namespace WPEFramework {$/", "file": true, "language": "C++", "kind": "namespace"}], "hash": "057b1b458b0208dfff0f37dd13f17b01", "format-version": 4, "code-base-name": "app-gateway2", "filename": "app-gateway/AppGateway/RequestRouter.cpp", "revision_history": [{"809": "727800fc84f5393f5ac231785d3764465fe20036"}]}