{"is_source_file": true, "format": "C++ header file", "description": "This header defines the AppGatewayImplementation class within the WPEFramework plugin namespace, which implements interfaces for app gateway functionality and configuration. It includes method declarations, nested job classes for asynchronous message handling, and an app ID registry. The file serves as the core interface and component definition for a WebSocket-based app gateway in the project.", "external_files": ["Module.h", "Resolver.h", "WsManager.h", "IAppGateway.h", "<interfaces/IConfiguration.h>", "<interfaces/IAppNotifications.h>", "<interfaces/ILaunchDelegate.h>", "<interfaces/IApp2AppProvider.h>", "ContextUtils.h", "<com/com.h>", "<core/core.h>", "<map>"], "external_methods": ["Exchange::IAppGateway::Configure", "Exchange::IAppGateway::Respond", "Exchange::IAppGateway::Resolve", "Exchange::IConfiguration::Configure", "Core::IDispatch::Dispatch"], "published": ["AppGatewayImplementation", "AppGatewayImplementation::WsMsgJob", "AppGatewayImplementation::RespondJob", "AppGatewayImplementation::Add", "AppGatewayImplementation::Remove", "AppGatewayImplementation::Get"], "classes": [{"name": "AppGatewayImplementation", "description": "Main class implementing app gateway and configuration interfaces, managing WebSocket connections, message routing, and app ID registry."}, {"name": "WsMsgJob", "description": "Nested class for dispatching WebSocket messages asynchronously."}, {"name": "RespondJob", "description": "Nested class for dispatching response messages asynchronously."}, {"name": "AppIdRegistry", "description": "Utility class managing connection ID to app ID mapping with thread safety."}], "methods": [{"name": "Configure", "description": "Configures the app gateway with provided paths or service."}, {"name": "Respond", "description": "Handles responses with context, connection ID, request ID, payload, and destination."}, {"name": "Resolve", "description": "Resolves a method call within a given context."}, {"name": "DispatchWsMsg", "description": "Dispatches a WebSocket message based on method, parameters, request ID, and connection ID."}, {"name": "HandleEvent", "description": "Processes events with specified context, alias, event, origin, and listen flag."}, {"name": "handleProvider", "description": "Handles provider-related processing with context, capability, method type, and origin."}, {"name": "void ReturnMessageInSocket(const uint32_t connectionId,const int requestId,const string payload)", "description": "Sends a message back over WebSocket to a specific connection.", "scope": "WPEFramework::Plugin::AppGatewayImplementation", "scopeKind": "class"}, {"name": "InitializeResolver", "description": "Initializes the resolver component."}, {"name": "InitializeWebsocket", "description": "Initializes WebSocket connections."}, {"name": "ProcessComRpcRequest", "description": "Processes RPC requests received via WebSocket."}, {"name": "PreProcessEvent", "description": "Pre-processes events before handling."}, {"name": "PreProcessProvider", "description": "Pre-processes provider requests."}, {"name": "UpdateContext", "description": "Updates the context based on method and parameters."}, {"name": "InternalResolve", "description": "Performs internal resolution of method calls."}, {"name": "FetchResolvedData", "description": "Fetches resolved data for a given method and parameters."}, {"name": "InternalResolutionConfigure", "description": "Configures internal resolution paths."}, {"name": "SendToLaunchDelegate", "description": "Sends payloads to launch delegate for further processing."}, {"name": "void Add(const uint32_t connectionId,string appId)", "scope": "WPEFramework::Plugin::AppGatewayImplementation::AppIdRegistry", "scopeKind": "class", "description": "unavailable"}, {"name": "Core::ProxyType<Core::IDispatch> Create(AppGatewayImplementation * parent,const std::string & method,const std::string & params,const uint32_t requestId,const uint32_t connectionId)", "scope": "WPEFramework::Plugin::AppGatewayImplementation::WsMsgJob", "scopeKind": "class", "description": "unavailable"}, {"name": "Core::ProxyType<Core::IDispatch> Create(AppGatewayImplementation * parent,const uint32_t connectionId,const int requestId,const std::string & payload,const std::string & origin)", "scope": "WPEFramework::Plugin::AppGatewayImplementation::RespondJob", "scopeKind": "class", "description": "unavailable"}, {"name": "void Dispatch()", "scope": "WPEFramework::Plugin::AppGatewayImplementation::WsMsgJob", "scopeKind": "class", "description": "unavailable"}, {"name": "bool Get(const uint32_t connectionId,string & appId)", "scope": "WPEFramework::Plugin::AppGatewayImplementation::AppIdRegistry", "scopeKind": "class", "description": "unavailable"}, {"name": "void Remove(const uint32_t connectionId)", "scope": "WPEFramework::Plugin::AppGatewayImplementation::AppIdRegistry", "scopeKind": "class", "description": "unavailable"}, {"name": "RespondJob(AppGatewayImplementation * parent,const uint32_t connectionId,const int requestId,const std::string & payload,const std::string & destination)", "scope": "WPEFramework::Plugin::AppGatewayImplementation::RespondJob", "scopeKind": "class", "description": "unavailable"}, {"name": "WsMsgJob(AppGatewayImplementation * parent,const std::string & method,const std::string & params,const uint32_t requestId,const uint32_t connectionId)", "scope": "WPEFramework::Plugin::AppGatewayImplementation::WsMsgJob", "scopeKind": "class", "description": "unavailable"}, {"name": "~RespondJob()", "scope": "WPEFramework::Plugin::AppGatewayImplementation::RespondJob", "scopeKind": "class", "description": "unavailable"}, {"name": "~WsMsgJob()", "scope": "WPEFramework::Plugin::AppGatewayImplementation::WsMsgJob", "scopeKind": "class", "description": "unavailable"}], "calls": ["mWsManager.SendMessageToConnection", "ContextUtils::IsOriginGateway", "mParent.DispatchWsMsg", "mParent.ReturnMessageInSocket", "mParent.SendToLaunchDelegate"], "search-terms": ["AppGateway", "WebSocket", "Resolve", "Respond", "Dispatch", "AppIdRegistry", "WsMsgJob", "RespondJob", "InternalResolution", "ConnectionId", "Context"], "state": 2, "file_id": 191, "knowledge_revision": 917, "git_revision": "2e2207c765a5d7b9ed495143eb1e3f3669c17951", "revision_history": [{"608": "29a5080329e5f08afebd86bd055b5f6119b1301a"}, {"749": "727800fc84f5393f5ac231785d3764465fe20036"}, {"902": "727800fc84f5393f5ac231785d3764465fe20036"}, {"905": "727800fc84f5393f5ac231785d3764465fe20036"}, {"906": "727800fc84f5393f5ac231785d3764465fe20036"}, {"914": "2e2207c765a5d7b9ed495143eb1e3f3669c17951"}, {"916": "2e2207c765a5d7b9ed495143eb1e3f3669c17951"}, {"917": "2e2207c765a5d7b9ed495143eb1e3f3669c17951"}], "ctags": [{"_type": "tag", "name": "Add", "path": "/home/kavia/workspace/code-generation/app-gateway2/app-gateway/AppGateway/AppGatewayImplementation.h", "pattern": "/^            void Add(const uint32_t connectionId, string appId) {$/", "language": "C++", "typeref": "typename:void", "kind": "function", "signature": "(const uint32_t connectionId,string appId)", "scope": "WPEFramework::Plugin::AppGatewayImplementation::AppIdRegistry", "scopeKind": "class"}, {"_type": "tag", "name": "AppGatewayImplementation", "path": "/home/kavia/workspace/code-generation/app-gateway2/app-gateway/AppGateway/AppGatewayImplementation.h", "pattern": "/^    class AppGatewayImplementation : public Exchange::IAppGateway, public Exchange::IConfigurati/", "language": "C++", "kind": "class", "scope": "WPEFramework::Plugin", "scopeKind": "namespace"}, {"_type": "tag", "name": "AppIdRegistry", "path": "/home/kavia/workspace/code-generation/app-gateway2/app-gateway/AppGateway/AppGatewayImplementation.h", "pattern": "/^        class AppIdRegistry{$/", "language": "C++", "kind": "class", "scope": "WPEFramework::Plugin::AppGatewayImplementation", "scopeKind": "class"}, {"_type": "tag", "name": "Context", "path": "/home/kavia/workspace/code-generation/app-gateway2/app-gateway/AppGateway/AppGatewayImplementation.h", "pattern": "/^    using Context = Exchange::IAppGateway::Context;$/", "language": "C++", "typeref": "typename:Exchange::IAppGateway::Context", "kind": "typedef", "scope": "WPEFramework::Plugin", "scopeKind": "namespace"}, {"_type": "tag", "name": "Create", "path": "/home/kavia/workspace/code-generation/app-gateway2/app-gateway/AppGateway/AppGatewayImplementation.h", "pattern": "/^            static Core::ProxyType<Core::IDispatch> Create(AppGatewayImplementation *parent,$/", "language": "C++", "typeref": "typename:Core::ProxyType<Core::IDispatch>", "kind": "function", "signature": "(AppGatewayImplementation * parent,const std::string & method,const std::string & params,const uint32_t requestId,const uint32_t connectionId)", "scope": "WPEFramework::Plugin::AppGatewayImplementation::WsMsgJob", "scopeKind": "class"}, {"_type": "tag", "name": "Create", "path": "/home/kavia/workspace/code-generation/app-gateway2/app-gateway/AppGateway/AppGatewayImplementation.h", "pattern": "/^            static Core::ProxyType<Core::IDispatch> Create(AppGatewayImplementation *parent,$/", "language": "C++", "typeref": "typename:Core::ProxyType<Core::IDispatch>", "kind": "function", "signature": "(AppGatewayImplementation * parent,const uint32_t connectionId,const int requestId,const std::string & payload,const std::string & origin)", "scope": "WPEFramework::Plugin::AppGatewayImplementation::RespondJob", "scopeKind": "class"}, {"_type": "tag", "name": "Dispatch", "path": "/home/kavia/workspace/code-generation/app-gateway2/app-gateway/AppGateway/AppGatewayImplementation.h", "pattern": "/^            virtual void Dispatch()$/", "language": "C++", "typeref": "typename:void", "kind": "function", "signature": "()", "scope": "WPEFramework::Plugin::AppGatewayImplementation::RespondJob", "scopeKind": "class"}, {"_type": "tag", "name": "Dispatch", "path": "/home/kavia/workspace/code-generation/app-gateway2/app-gateway/AppGateway/AppGatewayImplementation.h", "pattern": "/^            virtual void Dispatch()$/", "language": "C++", "typeref": "typename:void", "kind": "function", "signature": "()", "scope": "WPEFramework::Plugin::AppGatewayImplementation::WsMsgJob", "scopeKind": "class"}, {"_type": "tag", "name": "Get", "path": "/home/kavia/workspace/code-generation/app-gateway2/app-gateway/AppGateway/AppGatewayImplementation.h", "pattern": "/^            bool Get(const uint32_t connectionId, string& appId) {$/", "language": "C++", "typeref": "typename:bool", "kind": "function", "signature": "(const uint32_t connectionId,string & appId)", "scope": "WPEFramework::Plugin::AppGatewayImplementation::AppIdRegistry", "scopeKind": "class"}, {"_type": "tag", "name": "Plugin", "path": "/home/kavia/workspace/code-generation/app-gateway2/app-gateway/AppGateway/AppGatewayImplementation.h", "pattern": "/^namespace Plugin {$/", "language": "C++", "kind": "namespace", "scope": "WPEFramework", "scopeKind": "namespace"}, {"_type": "tag", "name": "Remove", "path": "/home/kavia/workspace/code-generation/app-gateway2/app-gateway/AppGateway/AppGatewayImplementation.h", "pattern": "/^            void Remove(const uint32_t connectionId) {$/", "language": "C++", "typeref": "typename:void", "kind": "function", "signature": "(const uint32_t connectionId)", "scope": "WPEFramework::Plugin::AppGatewayImplementation::AppIdRegistry", "scopeKind": "class"}, {"_type": "tag", "name": "RespondJob", "path": "/home/kavia/workspace/code-generation/app-gateway2/app-gateway/AppGateway/AppGatewayImplementation.h", "pattern": "/^            RespondJob(AppGatewayImplementation *parent, $/", "language": "C++", "kind": "function", "signature": "(AppGatewayImplementation * parent,const uint32_t connectionId,const int requestId,const std::string & payload,const std::string & destination)", "scope": "WPEFramework::Plugin::AppGatewayImplementation::RespondJob", "scopeKind": "class"}, {"_type": "tag", "name": "RespondJob", "path": "/home/kavia/workspace/code-generation/app-gateway2/app-gateway/AppGateway/AppGatewayImplementation.h", "pattern": "/^        class EXTERNAL RespondJob : public Core::IDispatch$/", "language": "C++", "kind": "class", "scope": "WPEFramework::Plugin::AppGatewayImplementation", "scopeKind": "class"}, {"_type": "tag", "name": "ReturnMessageInSocket", "path": "/home/kavia/workspace/code-generation/app-gateway2/app-gateway/AppGateway/AppGatewayImplementation.h", "pattern": "/^        void ReturnMessageInSocket(const uint32_t connectionId, const int requestId, const strin/", "language": "C++", "typeref": "typename:void", "kind": "function", "signature": "(const uint32_t connectionId,const int requestId,const string payload)", "scope": "WPEFramework::Plugin::AppGatewayImplementation", "scopeKind": "class"}, {"_type": "tag", "name": "WPEFramework", "path": "/home/kavia/workspace/code-generation/app-gateway2/app-gateway/AppGateway/AppGatewayImplementation.h", "pattern": "/^namespace WPEFramework {$/", "language": "C++", "kind": "namespace"}, {"_type": "tag", "name": "WsMsgJob", "path": "/home/kavia/workspace/code-generation/app-gateway2/app-gateway/AppGateway/AppGatewayImplementation.h", "pattern": "/^            WsMsgJob(AppGatewayImplementation *parent, $/", "language": "C++", "kind": "function", "signature": "(AppGatewayImplementation * parent,const std::string & method,const std::string & params,const uint32_t requestId,const uint32_t connectionId)", "scope": "WPEFramework::Plugin::AppGatewayImplementation::WsMsgJob", "scopeKind": "class"}, {"_type": "tag", "name": "WsMsgJob", "path": "/home/kavia/workspace/code-generation/app-gateway2/app-gateway/AppGateway/AppGatewayImplementation.h", "pattern": "/^        class EXTERNAL WsMsgJob : public Core::IDispatch$/", "language": "C++", "kind": "class", "scope": "WPEFramework::Plugin::AppGatewayImplementation", "scopeKind": "class"}, {"_type": "tag", "name": "mApp2AppProvider", "path": "/home/kavia/workspace/code-generation/app-gateway2/app-gateway/AppGateway/AppGatewayImplementation.h", "pattern": "/^        Exchange::IApp2AppProvider *mApp2AppProvider;$/", "language": "C++", "typeref": "typename:Exchange::IApp2AppProvider *", "kind": "member", "scope": "WPEFramework::Plugin::AppGatewayImplementation", "scopeKind": "class"}, {"_type": "tag", "name": "mAppIdMap", "path": "/home/kavia/workspace/code-generation/app-gateway2/app-gateway/AppGateway/AppGatewayImplementation.h", "pattern": "/^            std::unordered_map<uint32_t,string> mAppIdMap;$/", "language": "C++", "typeref": "typename:std::unordered_map<uint32_t,string>", "kind": "member", "scope": "WPEFramework::Plugin::AppGatewayImplementation::AppIdRegistry", "scopeKind": "class"}, {"_type": "tag", "name": "mAppIdMutex", "path": "/home/kavia/workspace/code-generation/app-gateway2/app-gateway/AppGateway/AppGatewayImplementation.h", "pattern": "/^            std::mutex mAppIdMutex;$/", "language": "C++", "typeref": "typename:std::mutex", "kind": "member", "scope": "WPEFramework::Plugin::AppGatewayImplementation::AppIdRegistry", "scopeKind": "class"}, {"_type": "tag", "name": "mAppIdRegistry", "path": "/home/kavia/workspace/code-generation/app-gateway2/app-gateway/AppGateway/AppGatewayImplementation.h", "pattern": "/^        AppIdRegistry mAppIdRegistry;$/", "language": "C++", "typeref": "typename:AppIdRegistry", "kind": "member", "scope": "WPEFramework::Plugin::AppGatewayImplementation", "scopeKind": "class"}, {"_type": "tag", "name": "mAppNotifications", "path": "/home/kavia/workspace/code-generation/app-gateway2/app-gateway/AppGateway/AppGatewayImplementation.h", "pattern": "/^        Exchange::IAppNotifications *mAppNotifications; \\/\\/ Shared pointer to AppNotifications$/", "language": "C++", "typeref": "typename:Exchange::IAppNotifications *", "kind": "member", "scope": "WPEFramework::Plugin::AppGatewayImplementation", "scopeKind": "class"}, {"_type": "tag", "name": "mAuthenticator", "path": "/home/kavia/workspace/code-generation/app-gateway2/app-gateway/AppGateway/AppGatewayImplementation.h", "pattern": "/^        Exchange::IAppGatewayAuthenticator *mAuthenticator; \\/\\/ Shared pointer to Authenticator$/", "language": "C++", "typeref": "typename:Exchange::IAppGatewayAuthenticator *", "kind": "member", "scope": "WPEFramework::Plugin::AppGatewayImplementation", "scopeKind": "class"}, {"_type": "tag", "name": "mConnectionId", "path": "/home/kavia/workspace/code-generation/app-gateway2/app-gateway/AppGateway/AppGatewayImplementation.h", "pattern": "/^            const uint32_t mConnectionId;$/", "language": "C++", "typeref": "typename:const uint32_t", "kind": "member", "scope": "WPEFramework::Plugin::AppGatewayImplementation::RespondJob", "scopeKind": "class"}, {"_type": "tag", "name": "mConnectionId", "path": "/home/kavia/workspace/code-generation/app-gateway2/app-gateway/AppGateway/AppGatewayImplementation.h", "pattern": "/^            const uint32_t mConnectionId;$/", "language": "C++", "typeref": "typename:const uint32_t", "kind": "member", "scope": "WPEFramework::Plugin::AppGatewayImplementation::WsMsgJob", "scopeKind": "class"}, {"_type": "tag", "name": "mDestination", "path": "/home/kavia/workspace/code-generation/app-gateway2/app-gateway/AppGateway/AppGatewayImplementation.h", "pattern": "/^            const std::string mDestination;$/", "language": "C++", "typeref": "typename:const std::string", "kind": "member", "scope": "WPEFramework::Plugin::AppGatewayImplementation::RespondJob", "scopeKind": "class"}, {"_type": "tag", "name": "mInternalGatewayResponder", "path": "/home/kavia/workspace/code-generation/app-gateway2/app-gateway/AppGateway/AppGatewayImplementation.h", "pattern": "/^        Exchange::IAppGatewayResponder *mInternalGatewayResponder; \\/\\/ Shared pointer to Intern/", "language": "C++", "typeref": "typename:Exchange::IAppGatewayResponder *", "kind": "member", "scope": "WPEFramework::Plugin::AppGatewayImplementation", "scopeKind": "class"}, {"_type": "tag", "name": "mMethod", "path": "/home/kavia/workspace/code-generation/app-gateway2/app-gateway/AppGateway/AppGatewayImplementation.h", "pattern": "/^            const std::string mMethod;$/", "language": "C++", "typeref": "typename:const std::string", "kind": "member", "scope": "WPEFramework::Plugin::AppGatewayImplementation::WsMsgJob", "scopeKind": "class"}, {"_type": "tag", "name": "mParams", "path": "/home/kavia/workspace/code-generation/app-gateway2/app-gateway/AppGateway/AppGatewayImplementation.h", "pattern": "/^            const std::string mParams;$/", "language": "C++", "typeref": "typename:const std::string", "kind": "member", "scope": "WPEFramework::Plugin::AppGatewayImplementation::WsMsgJob", "scopeKind": "class"}, {"_type": "tag", "name": "mParent", "path": "/home/kavia/workspace/code-generation/app-gateway2/app-gateway/AppGateway/AppGatewayImplementation.h", "pattern": "/^            AppGatewayImplementation &mParent;$/", "language": "C++", "typeref": "typename:AppGatewayImplementation &", "kind": "member", "scope": "WPEFramework::Plugin::AppGatewayImplementation::RespondJob", "scopeKind": "class"}, {"_type": "tag", "name": "mParent", "path": "/home/kavia/workspace/code-generation/app-gateway2/app-gateway/AppGateway/AppGatewayImplementation.h", "pattern": "/^            AppGatewayImplementation &mParent;$/", "language": "C++", "typeref": "typename:AppGatewayImplementation &", "kind": "member", "scope": "WPEFramework::Plugin::AppGatewayImplementation::WsMsgJob", "scopeKind": "class"}, {"_type": "tag", "name": "mPayload", "path": "/home/kavia/workspace/code-generation/app-gateway2/app-gateway/AppGateway/AppGatewayImplementation.h", "pattern": "/^            const std::string mPayload;$/", "language": "C++", "typeref": "typename:const std::string", "kind": "member", "scope": "WPEFramework::Plugin::AppGatewayImplementation::RespondJob", "scopeKind": "class"}, {"_type": "tag", "name": "mRequestId", "path": "/home/kavia/workspace/code-generation/app-gateway2/app-gateway/AppGateway/AppGatewayImplementation.h", "pattern": "/^            const int mRequestId;$/", "language": "C++", "typeref": "typename:const int", "kind": "member", "scope": "WPEFramework::Plugin::AppGatewayImplementation::RespondJob", "scopeKind": "class"}, {"_type": "tag", "name": "mRequestId", "path": "/home/kavia/workspace/code-generation/app-gateway2/app-gateway/AppGateway/AppGatewayImplementation.h", "pattern": "/^            const uint32_t mRequestId;$/", "language": "C++", "typeref": "typename:const uint32_t", "kind": "member", "scope": "WPEFramework::Plugin::AppGatewayImplementation::WsMsgJob", "scopeKind": "class"}, {"_type": "tag", "name": "mResolverPtr", "path": "/home/kavia/workspace/code-generation/app-gateway2/app-gateway/AppGateway/AppGatewayImplementation.h", "pattern": "/^        ResolverPtr mResolverPtr;$/", "language": "C++", "typeref": "typename:ResolverPtr", "kind": "member", "scope": "WPEFramework::Plugin::AppGatewayImplementation", "scopeKind": "class"}, {"_type": "tag", "name": "mService", "path": "/home/kavia/workspace/code-generation/app-gateway2/app-gateway/AppGateway/AppGatewayImplementation.h", "pattern": "/^        PluginHost::IShell* mService;$/", "language": "C++", "typeref": "typename:PluginHost::IShell *", "kind": "member", "scope": "WPEFramework::Plugin::AppGatewayImplementation", "scopeKind": "class"}, {"_type": "tag", "name": "mWsManager", "path": "/home/kavia/workspace/code-generation/app-gateway2/app-gateway/AppGateway/AppGatewayImplementation.h", "pattern": "/^        WebSocketConnectionManager mWsManager;$/", "language": "C++", "typeref": "typename:WebSocketConnectionManager", "kind": "member", "scope": "WPEFramework::Plugin::AppGatewayImplementation", "scopeKind": "class"}, {"_type": "tag", "name": "~RespondJob", "path": "/home/kavia/workspace/code-generation/app-gateway2/app-gateway/AppGateway/AppGatewayImplementation.h", "pattern": "/^            ~RespondJob()$/", "language": "C++", "kind": "function", "signature": "()", "scope": "WPEFramework::Plugin::AppGatewayImplementation::RespondJob", "scopeKind": "class"}, {"_type": "tag", "name": "~WsMsgJob", "path": "/home/kavia/workspace/code-generation/app-gateway2/app-gateway/AppGateway/AppGatewayImplementation.h", "pattern": "/^            ~WsMsgJob()$/", "language": "C++", "kind": "function", "signature": "()", "scope": "WPEFramework::Plugin::AppGatewayImplementation::WsMsgJob", "scopeKind": "class"}], "hash": "525d8a2c8889d1d8e2d117c2940d31f3", "format-version": 4, "code-base-name": "app-gateway2", "filename": "app-gateway/AppGateway/AppGatewayImplementation.h", "fields": [{"name": "Exchange::IApp2AppProvider * mApp2AppProvider", "scope": "WPEFramework::Plugin::AppGatewayImplementation", "scopeKind": "class", "description": "unavailable"}, {"name": "std::unordered_map<uint32_t,string> mAppIdMap", "scope": "WPEFramework::Plugin::AppGatewayImplementation::AppIdRegistry", "scopeKind": "class", "description": "unavailable"}, {"name": "std::mutex mAppIdMutex", "scope": "WPEFramework::Plugin::AppGatewayImplementation::AppIdRegistry", "scopeKind": "class", "description": "unavailable"}, {"name": "AppIdRegistry mAppIdRegistry", "scope": "WPEFramework::Plugin::AppGatewayImplementation", "scopeKind": "class", "description": "unavailable"}, {"name": "Exchange::IAppNotifications * mAppNotifications", "scope": "WPEFramework::Plugin::AppGatewayImplementation", "scopeKind": "class", "description": "unavailable"}, {"name": "Exchange::IAppGatewayAuthenticator * mAuthenticator", "scope": "WPEFramework::Plugin::AppGatewayImplementation", "scopeKind": "class", "description": "unavailable"}, {"name": "const uint32_t mConnectionId", "scope": "WPEFramework::Plugin::AppGatewayImplementation::RespondJob", "scopeKind": "class", "description": "unavailable"}, {"name": "const std::string mDestination", "scope": "WPEFramework::Plugin::AppGatewayImplementation::RespondJob", "scopeKind": "class", "description": "unavailable"}, {"name": "Exchange::IAppGatewayResponder * mInternalGatewayResponder", "scope": "WPEFramework::Plugin::AppGatewayImplementation", "scopeKind": "class", "description": "unavailable"}, {"name": "const std::string mMethod", "scope": "WPEFramework::Plugin::AppGatewayImplementation::WsMsgJob", "scopeKind": "class", "description": "unavailable"}, {"name": "const std::string mParams", "scope": "WPEFramework::Plugin::AppGatewayImplementation::WsMsgJob", "scopeKind": "class", "description": "unavailable"}, {"name": "AppGatewayImplementation & mParent", "scope": "WPEFramework::Plugin::AppGatewayImplementation::RespondJob", "scopeKind": "class", "description": "unavailable"}, {"name": "const std::string mPayload", "scope": "WPEFramework::Plugin::AppGatewayImplementation::RespondJob", "scopeKind": "class", "description": "unavailable"}, {"name": "const int mRequestId", "scope": "WPEFramework::Plugin::AppGatewayImplementation::RespondJob", "scopeKind": "class", "description": "unavailable"}, {"name": "const uint32_t mRequestId", "scope": "WPEFramework::Plugin::AppGatewayImplementation::WsMsgJob", "scopeKind": "class", "description": "unavailable"}, {"name": "ResolverPtr mResolverPtr", "scope": "WPEFramework::Plugin::AppGatewayImplementation", "scopeKind": "class", "description": "unavailable"}, {"name": "PluginHost::IShell * mService", "scope": "WPEFramework::Plugin::AppGatewayImplementation", "scopeKind": "class", "description": "unavailable"}, {"name": "WebSocketConnectionManager mWsManager", "scope": "WPEFramework::Plugin::AppGatewayImplementation", "scopeKind": "class", "description": "unavailable"}]}