{"is_source_file": true, "format": "JSON", "description": "Configuration file defining resolutions for IntegratedPlayer capabilities and content protection, including registrations, responses, errors, and events within the app-gateway interface.", "external_files": ["org.rdk.LaunchDelegate", "org.rdk.ContentProtection"], "external_methods": ["org.rdk.LaunchDelegate.*", "org.rdk.ContentProtection.*"], "published": ["IntegratedPlayer.onRequestCreate", "IntegratedPlayer.create", "IntegratedPlayer.createResponse", "IntegratedPlayer.createError", "IntegratedPlayer.onRequestLoad", "IntegratedPlayer.load", "IntegratedPlayer.loadResponse", "IntegratedPlayer.loadError", "IntegratedPlayer.onRequestPlay", "IntegratedPlayer.play", "IntegratedPlayer.playResponse", "IntegratedPlayer.playError", "IntegratedPlayer.onRequestStop", "IntegratedPlayer.stop", "IntegratedPlayer.stopResponse", "IntegratedPlayer.stopError", "IntegratedPlayer.onRequestDestroy", "IntegratedPlayer.destroy", "IntegratedPlayer.destroyResponse", "IntegratedPlayer.destroyError", "IntegratedPlayer.onRequestClearParentalBlock", "IntegratedPlayer.clearParentalBlock", "IntegratedPlayer.clearParentalBlockResponse", "IntegratedPlayer.clearParentalBlockError", "IntegratedPlayer.onRequestUpdateParentalMetadata", "IntegratedPlayer.updateParentalMetadata", "IntegratedPlayer.updateParentalMetadataResponse", "IntegratedPlayer.updateParentalMetadataError", "IntegratedPlayer.onRequestSeekTo", "IntegratedPlayer.seekTo", "IntegratedPlayer.seekToResponse", "IntegratedPlayer.seekToError", "IntegratedPlayer.onRequestSetSpeed", "IntegratedPlayer.setSpeed", "IntegratedPlayer.setSpeedResponse", "IntegratedPlayer.setSpeedError", "IntegratedPlayer.onRequestStatus", "IntegratedPlayer.status", "IntegratedPlayer.statusResponse", "IntegratedPlayer.statusError", "IntegratedPlayer.onRequestAudioTracks", "IntegratedPlayer.getAudioTracks", "IntegratedPlayer.audioTracksResponse", "IntegratedPlayer.audioTracksError", "IntegratedPlayer.onRequestSetAudioTrack", "IntegratedPlayer.setAudioTrack", "IntegratedPlayer.setAudioTrackResponse", "IntegratedPlayer.setAudioTrackError", "IntegratedPlayer.onRequestCaptionsTracks", "IntegratedPlayer.getCaptionsTracks", "IntegratedPlayer.captionsTracksResponse", "IntegratedPlayer.captionsTracksError", "IntegratedPlayer.onRequestSetCaptionsTrack", "IntegratedPlayer.setCaptionsTrack", "IntegratedPlayer.setCaptionsTrackResponse", "IntegratedPlayer.setCaptionsTrackError", "IntegratedPlayer.onStatus", "IntegratedPlayer.giveStatus", "ContentProtection.openDrmSession", "ContentProtection.setDrmSessionState", "ContentProtection.updateDrmSession", "ContentProtection.closeDrmSession", "ContentProtection.setPlaybackPosition", "ContentProtection.showWatermark", "ContentProtection.onWatermarkStatusChanged"], "classes": [], "methods": [], "calls": ["org.rdk.LaunchDelegate.*", "org.rdk.ContentProtection.*"], "search-terms": ["IntegratedPlayer", "resolution", "contentProtection", "DRM", "resolution configuration"], "state": 2, "file_id": 227, "knowledge_revision": 763, "git_revision": "727800fc84f5393f5ac231785d3764465fe20036", "hash": "4e903b21dd140c4328a1bc49643b8e87", "format-version": 4, "code-base-name": "app-gateway2", "filename": "app-gateway/LaunchDelegate/resolutions/resolution.integratedplayer.json", "revision_history": [{"763": "727800fc84f5393f5ac231785d3764465fe20036"}]}