{"is_source_file": false, "format": "", "description": "", "external_files": [], "external_methods": [], "published": [], "classes": [], "methods": [], "calls": [], "search-terms": [], "state": 2, "file_id": 170, "knowledge_revision": 800, "git_revision": "f9c7fb5c639c6b5b7fc145b39535891737972f4e", "revision_history": [{"540": ""}, {"548": ""}, {"605": "6e3f661b80ec1979b3c44fc4a85d5944642c4704"}, {"721": "727800fc84f5393f5ac231785d3764465fe20036"}, {"774": "727800fc84f5393f5ac231785d3764465fe20036"}, {"800": "f9c7fb5c639c6b5b7fc145b39535891737972f4e"}], "ctags": [{"_type": "tag", "name": "Exchange", "path": "/home/kavia/workspace/code-generation/app-gateway2/app-gateway/interfaces/ILaunchDelegate.h", "pattern": "/^namespace Exchange {$/", "language": "C++", "kind": "namespace", "scope": "WPEFramework", "scopeKind": "namespace"}, {"_type": "tag", "name": "ID", "path": "/home/kavia/workspace/code-generation/app-gateway2/app-gateway/interfaces/ILaunchDelegate.h", "pattern": "/^        enum { ID = ID_LAUNCHDELEGATE }; \\/\\/ Launch Delegate ID$/", "language": "C++", "kind": "enumerator", "scope": "WPEFramework::Exchange::ILaunchDelegate::__anon8b72a5e00103", "scopeKind": "enum"}, {"_type": "tag", "name": "ID_LAUNCHDELEGATE", "path": "/home/kavia/workspace/code-generation/app-gateway2/app-gateway/interfaces/ILaunchDelegate.h", "pattern": "/^#define ID_LAUNCHDELEGATE /", "language": "C++", "kind": "macro"}, {"_type": "tag", "name": "ILaunchDelegate", "path": "/home/kavia/workspace/code-generation/app-gateway2/app-gateway/interfaces/ILaunchDelegate.h", "pattern": "/^    struct EXTERNAL ILaunchDelegate : virtual public Core::IUnknown {$/", "language": "C++", "kind": "struct", "scope": "WPEFramework::Exchange", "scopeKind": "namespace"}, {"_type": "tag", "name": "WPEFramework", "path": "/home/kavia/workspace/code-generation/app-gateway2/app-gateway/interfaces/ILaunchDelegate.h", "pattern": "/^namespace WPEFramework {$/", "language": "C++", "kind": "namespace"}, {"_type": "tag", "name": "__anon8b72a5e00103", "path": "/home/kavia/workspace/code-generation/app-gateway2/app-gateway/interfaces/ILaunchDelegate.h", "pattern": "/^        enum { ID = ID_LAUNCHDELEGATE }; \\/\\/ Launch Delegate ID$/", "language": "C++", "kind": "enum", "scope": "WPEFramework::Exchange::ILaunchDelegate", "scopeKind": "struct"}], "hash": "8c27dd5761b7ab0e52e0018ae51d00a8", "format-version": 4, "code-base-name": "app-gateway2", "filename": "app-gateway/interfaces/ILaunchDelegate.h"}