{"is_source_file": true, "format": "C++ header file", "description": "This file declares the TTSDelegate class, which interfaces with the TextToSpeech system, manages event subscriptions, handles notifications, and defines an internal NotificationHandler class for communicating TTS events.", "external_files": ["StringUtils.h", "BaseEventDelegate.h", "interfaces/ITextToSpeech.h", "UtilsLogging.h"], "external_methods": ["mShell->QueryInterfaceByCallsign<Exchange::ITextToSpeech>(TTS_CALLSIGN)", "LOGERR", "LOGINFO", "LOGTRACE", "LOGDBG", "mNotificationHandler.GetRegistered()", "mNotificationHandler.SetRegistered(bool)"], "published": ["TTSDelegate"], "classes": [{"name": "TTSDelegate", "description": "A delegate class for managing TextToSpeech event subscriptions and notifications within the system."}, {"name": "TTSNotificationHandler", "description": "An internal class implementing ITextToSpeech::INotification to handle TTS events and dispatch appropriate responses."}], "methods": [{"name": "bool HandleSubscription(const string & event,const bool listen)", "description": "Manages the subscription to TTS events, querying interfaces and registering notifications as needed.", "scope": "TTSDelegate", "scopeKind": "class"}, {"name": "bool HandleEvent(const string & event,const bool listen,bool & registrationError)", "description": "Handles incoming events, filtering those related to TextToSpeech, and managing their registration status.", "scope": "TTSDelegate", "scopeKind": "class"}, {"name": "void Enabled(const bool state)", "description": "Notification callback indicating TTS enabled/disabled state.", "scope": "TTSDelegate::TTSNotificationHandler", "scopeKind": "class"}, {"name": "void VoiceChanged(const string voice)", "description": "Notification callback indicating change in TTS voice.", "scope": "TTSDelegate::TTSNotificationHandler", "scopeKind": "class"}, {"name": "void WillSpeak(const uint32_t speechid)", "description": "Notification callback indicating speech will start.", "scope": "TTSDelegate::TTSNotificationHandler", "scopeKind": "class"}, {"name": "void SpeechStart(const uint32_t speechid)", "description": "Notification callback indicating speech has started.", "scope": "TTSDelegate::TTSNotificationHandler", "scopeKind": "class"}, {"name": "void SpeechPause(const uint32_t speechid)", "description": "Notification callback indicating speech has been paused.", "scope": "TTSDelegate::TTSNotificationHandler", "scopeKind": "class"}, {"name": "void SpeechResume(const uint32_t speechid)", "description": "Notification callback indicating speech has resumed.", "scope": "TTSDelegate::TTSNotificationHandler", "scopeKind": "class"}, {"name": "void SpeechInterrupted(const uint32_t speechid)", "description": "Notification callback indicating speech was interrupted.", "scope": "TTSDelegate::TTSNotificationHandler", "scopeKind": "class"}, {"name": "void NetworkError(const uint32_t speechid)", "description": "Notification callback for network errors during TTS.", "scope": "TTSDelegate::TTSNotificationHandler", "scopeKind": "class"}, {"name": "void PlaybackError(const uint32_t speechid)", "description": "Notification callback for playback errors.", "scope": "TTSDelegate::TTSNotificationHandler", "scopeKind": "class"}, {"name": "void SpeechComplete(const uint32_t speechid)", "description": "Notification callback indicating speech has completed.", "scope": "TTSDelegate::TTSNotificationHandler", "scopeKind": "class"}, {"name": "void SetRegistered(bool state)", "description": "Sets the registration state for notifications.", "scope": "TTSDelegate::TTSNotificationHandler", "scopeKind": "class"}, {"name": "bool GetRegistered()", "description": "Retrieves the current registration state.", "scope": "TTSDelegate::TTSNotificationHandler", "scopeKind": "class"}, {"name": "TTSDelegate(PluginHost::IShell * shell,Exchange::IAppNotifications * appNotifications)", "scope": "TTSDelegate", "scopeKind": "class", "description": "unavailable"}, {"name": "TTSNotificationHandler(TTSDelegate & parent)", "scope": "TTSDelegate::TTSNotificationHandler", "scopeKind": "class", "description": "unavailable"}, {"name": "~TTSDelegate()", "scope": "TTSDelegate", "scopeKind": "class", "description": "unavailable"}, {"name": "~TTSNotificationHandler()", "scope": "TTSDelegate::TTSNotificationHandler", "scopeKind": "class", "description": "unavailable"}], "calls": ["mShell->QueryInterfaceByCallsign<Exchange::ITextToSpeech>(TTS_CALLSIGN)", "LOGERR", "LOGINFO", "LOGTRACE", "LOGDBG", "mNotificationHandler.GetRegistered()", "mNotificationHandler.SetRegistered(bool)"], "search-terms": ["TTSDelegate", "ITextToSpeech", "TextToSpeech", "NotificationHandler", "handle TTS events", "Speech notifications", "Subscription management"], "state": 2, "file_id": 89, "knowledge_revision": 719, "git_revision": "727800fc84f5393f5ac231785d3764465fe20036", "revision_history": [{"278": "1ce0cddd8bf3577c15ebcbcb06267a0b1965f3d1"}, {"348": "1ce0cddd8bf3577c15ebcbcb06267a0b1965f3d1"}, {"352": "1ce0cddd8bf3577c15ebcbcb06267a0b1965f3d1"}, {"372": "761da3cbf016614cf4ed4b19325827c8ea55414e"}, {"384": "761da3cbf016614cf4ed4b19325827c8ea55414e"}, {"395": "f46df40f859121711a9e2f758ab4d54412a05674"}, {"629": "29a5080329e5f08afebd86bd055b5f6119b1301a"}, {"667": "fec348fab54a737008e897781acc65baab40814b"}, {"719": "727800fc84f5393f5ac231785d3764465fe20036"}], "ctags": [{"_type": "tag", "name": "APP_API_METHOD_PREFIX", "path": "/home/kavia/workspace/code-generation/app-gateway2/app-gateway/FbSettings/delegate/TTSDelegate.h", "pattern": "/^#define APP_API_METHOD_PREFIX /", "language": "C++", "kind": "macro"}, {"_type": "tag", "name": "Enabled", "path": "/home/kavia/workspace/code-generation/app-gateway2/app-gateway/FbSettings/delegate/TTSDelegate.h", "pattern": "/^                void Enabled(const bool state) {$/", "language": "C++", "typeref": "typename:void", "kind": "function", "signature": "(const bool state)", "scope": "TTSDelegate::TTSNotificationHandler", "scopeKind": "class"}, {"_type": "tag", "name": "GetRegistered", "path": "/home/kavia/workspace/code-generation/app-gateway2/app-gateway/FbSettings/delegate/TTSDelegate.h", "pattern": "/^                bool GetRegistered() {$/", "language": "C++", "typeref": "typename:bool", "kind": "function", "signature": "()", "scope": "TTSDelegate::TTSNotificationHandler", "scopeKind": "class"}, {"_type": "tag", "name": "HandleEvent", "path": "/home/kavia/workspace/code-generation/app-gateway2/app-gateway/FbSettings/delegate/TTSDelegate.h", "pattern": "/^        bool HandleEvent(const string &event, const bool listen, bool &registrationError) {$/", "language": "C++", "typeref": "typename:bool", "kind": "function", "signature": "(const string & event,const bool listen,bool & registrationError)", "scope": "TTSDelegate", "scopeKind": "class"}, {"_type": "tag", "name": "HandleSubscription", "path": "/home/kavia/workspace/code-generation/app-gateway2/app-gateway/FbSettings/delegate/TTSDelegate.h", "pattern": "/^        bool HandleSubscription(const string &event, const bool listen) {$/", "language": "C++", "typeref": "typename:bool", "kind": "function", "signature": "(const string & event,const bool listen)", "scope": "TTSDelegate", "scopeKind": "class"}, {"_type": "tag", "name": "NetworkError", "path": "/home/kavia/workspace/code-generation/app-gateway2/app-gateway/FbSettings/delegate/TTSDelegate.h", "pattern": "/^                void NetworkError(const uint32_t speechid) {$/", "language": "C++", "typeref": "typename:void", "kind": "function", "signature": "(const uint32_t speechid)", "scope": "TTSDelegate::TTSNotificationHandler", "scopeKind": "class"}, {"_type": "tag", "name": "PlaybackError", "path": "/home/kavia/workspace/code-generation/app-gateway2/app-gateway/FbSettings/delegate/TTSDelegate.h", "pattern": "/^                void PlaybackError(const uint32_t speechid) {$/", "language": "C++", "typeref": "typename:void", "kind": "function", "signature": "(const uint32_t speechid)", "scope": "TTSDelegate::TTSNotificationHandler", "scopeKind": "class"}, {"_type": "tag", "name": "SetRegistered", "path": "/home/kavia/workspace/code-generation/app-gateway2/app-gateway/FbSettings/delegate/TTSDelegate.h", "pattern": "/^                void SetRegistered(bool state) {$/", "language": "C++", "typeref": "typename:void", "kind": "function", "signature": "(bool state)", "scope": "TTSDelegate::TTSNotificationHandler", "scopeKind": "class"}, {"_type": "tag", "name": "SpeechComplete", "path": "/home/kavia/workspace/code-generation/app-gateway2/app-gateway/FbSettings/delegate/TTSDelegate.h", "pattern": "/^                void SpeechComplete(const uint32_t speechid) {$/", "language": "C++", "typeref": "typename:void", "kind": "function", "signature": "(const uint32_t speechid)", "scope": "TTSDelegate::TTSNotificationHandler", "scopeKind": "class"}, {"_type": "tag", "name": "SpeechInterrupted", "path": "/home/kavia/workspace/code-generation/app-gateway2/app-gateway/FbSettings/delegate/TTSDelegate.h", "pattern": "/^                void SpeechInterrupted(const uint32_t speechid) {$/", "language": "C++", "typeref": "typename:void", "kind": "function", "signature": "(const uint32_t speechid)", "scope": "TTSDelegate::TTSNotificationHandler", "scopeKind": "class"}, {"_type": "tag", "name": "SpeechPause", "path": "/home/kavia/workspace/code-generation/app-gateway2/app-gateway/FbSettings/delegate/TTSDelegate.h", "pattern": "/^                void SpeechPause(const uint32_t speechid) {$/", "language": "C++", "typeref": "typename:void", "kind": "function", "signature": "(const uint32_t speechid)", "scope": "TTSDelegate::TTSNotificationHandler", "scopeKind": "class"}, {"_type": "tag", "name": "SpeechResume", "path": "/home/kavia/workspace/code-generation/app-gateway2/app-gateway/FbSettings/delegate/TTSDelegate.h", "pattern": "/^                void SpeechResume(const uint32_t speechid) {$/", "language": "C++", "typeref": "typename:void", "kind": "function", "signature": "(const uint32_t speechid)", "scope": "TTSDelegate::TTSNotificationHandler", "scopeKind": "class"}, {"_type": "tag", "name": "SpeechStart", "path": "/home/kavia/workspace/code-generation/app-gateway2/app-gateway/FbSettings/delegate/TTSDelegate.h", "pattern": "/^                void SpeechStart(const uint32_t speechid) {$/", "language": "C++", "typeref": "typename:void", "kind": "function", "signature": "(const uint32_t speechid)", "scope": "TTSDelegate::TTSNotificationHandler", "scopeKind": "class"}, {"_type": "tag", "name": "TTSDelegate", "path": "/home/kavia/workspace/code-generation/app-gateway2/app-gateway/FbSettings/delegate/TTSDelegate.h", "pattern": "/^        TTSDelegate(PluginHost::IShell* shell, Exchange::IAppNotifications* appNotifications):$/", "language": "C++", "kind": "function", "signature": "(PluginHost::IShell * shell,Exchange::IAppNotifications * appNotifications)", "scope": "TTSDelegate", "scopeKind": "class"}, {"_type": "tag", "name": "TTSDelegate", "path": "/home/kavia/workspace/code-generation/app-gateway2/app-gateway/FbSettings/delegate/TTSDelegate.h", "pattern": "/^class TTSDelegate : public BaseEventDelegate{$/", "language": "C++", "kind": "class"}, {"_type": "tag", "name": "TTSNotificationHandler", "path": "/home/kavia/workspace/code-generation/app-gateway2/app-gateway/FbSettings/delegate/TTSDelegate.h", "pattern": "/^                 TTSNotificationHandler(TTSDelegate& parent) : mParent(parent),registered(false)/", "language": "C++", "kind": "function", "signature": "(TTSDelegate & parent)", "scope": "TTSDelegate::TTSNotificationHandler", "scopeKind": "class"}, {"_type": "tag", "name": "TTSNotificationHandler", "path": "/home/kavia/workspace/code-generation/app-gateway2/app-gateway/FbSettings/delegate/TTSDelegate.h", "pattern": "/^        class TTSNotificationHandler: public Exchange::ITextToSpeech::INotification {$/", "language": "C++", "kind": "class", "scope": "TTSDelegate", "scopeKind": "class"}, {"_type": "tag", "name": "TTS_CALLSIGN", "path": "/home/kavia/workspace/code-generation/app-gateway2/app-gateway/FbSettings/delegate/TTSDelegate.h", "pattern": "/^#define TTS_CALLSIGN /", "language": "C++", "kind": "macro"}, {"_type": "tag", "name": "VoiceChanged", "path": "/home/kavia/workspace/code-generation/app-gateway2/app-gateway/FbSettings/delegate/TTSDelegate.h", "pattern": "/^                void VoiceChanged(const string voice) {$/", "language": "C++", "typeref": "typename:void", "kind": "function", "signature": "(const string voice)", "scope": "TTSDelegate::TTSNotificationHandler", "scopeKind": "class"}, {"_type": "tag", "name": "WillSpeak", "path": "/home/kavia/workspace/code-generation/app-gateway2/app-gateway/FbSettings/delegate/TTSDelegate.h", "pattern": "/^                void WillSpeak(const uint32_t speechid) {$/", "language": "C++", "typeref": "typename:void", "kind": "function", "signature": "(const uint32_t speechid)", "scope": "TTSDelegate::TTSNotificationHandler", "scopeKind": "class"}, {"_type": "tag", "name": "__TTSDELEGATE_H__", "path": "/home/kavia/workspace/code-generation/app-gateway2/app-gateway/FbSettings/delegate/TTSDelegate.h", "pattern": "/^#define __TTSDELEGATE_H__$/", "language": "C++", "kind": "macro"}, {"_type": "tag", "name": "mNotificationHandler", "path": "/home/kavia/workspace/code-generation/app-gateway2/app-gateway/FbSettings/delegate/TTSDelegate.h", "pattern": "/^        Core::Sink<TTSNotificationHandler> mNotificationHandler;$/", "language": "C++", "typeref": "typename:Core::Sink<TTSNotificationHandler>", "kind": "member", "scope": "TTSDelegate", "scopeKind": "class"}, {"_type": "tag", "name": "mParent", "path": "/home/kavia/workspace/code-generation/app-gateway2/app-gateway/FbSettings/delegate/TTSDelegate.h", "pattern": "/^                    TTSDelegate& mParent;$/", "language": "C++", "typeref": "typename:TTSDelegate &", "kind": "member", "scope": "TTSDelegate::TTSNotificationHandler", "scopeKind": "class"}, {"_type": "tag", "name": "mShell", "path": "/home/kavia/workspace/code-generation/app-gateway2/app-gateway/FbSettings/delegate/TTSDelegate.h", "pattern": "/^        PluginHost::IShell* mShell;$/", "language": "C++", "typeref": "typename:PluginHost::IShell *", "kind": "member", "scope": "TTSDelegate", "scopeKind": "class"}, {"_type": "tag", "name": "mTextToSpeech", "path": "/home/kavia/workspace/code-generation/app-gateway2/app-gateway/FbSettings/delegate/TTSDelegate.h", "pattern": "/^        Exchange::ITextToSpeech *mTextToSpeech;$/", "language": "C++", "typeref": "typename:Exchange::ITextToSpeech *", "kind": "member", "scope": "TTSDelegate", "scopeKind": "class"}, {"_type": "tag", "name": "registerMutex", "path": "/home/kavia/workspace/code-generation/app-gateway2/app-gateway/FbSettings/delegate/TTSDelegate.h", "pattern": "/^                    std::mutex registerMutex;$/", "language": "C++", "typeref": "typename:std::mutex", "kind": "member", "scope": "TTSDelegate::TTSNotificationHandler", "scopeKind": "class"}, {"_type": "tag", "name": "registered", "path": "/home/kavia/workspace/code-generation/app-gateway2/app-gateway/FbSettings/delegate/TTSDelegate.h", "pattern": "/^                    bool registered;$/", "language": "C++", "typeref": "typename:bool", "kind": "member", "scope": "TTSDelegate::TTSNotificationHandler", "scopeKind": "class"}, {"_type": "tag", "name": "~TTSDelegate", "path": "/home/kavia/workspace/code-generation/app-gateway2/app-gateway/FbSettings/delegate/TTSDelegate.h", "pattern": "/^        ~TTSDelegate() {$/", "language": "C++", "kind": "function", "signature": "()", "scope": "TTSDelegate", "scopeKind": "class"}, {"_type": "tag", "name": "~TTSNotificationHandler", "path": "/home/kavia/workspace/code-generation/app-gateway2/app-gateway/FbSettings/delegate/TTSDelegate.h", "pattern": "/^                ~TTSNotificationHandler(){}$/", "language": "C++", "kind": "function", "signature": "()", "scope": "TTSDelegate::TTSNotificationHandler", "scopeKind": "class"}], "hash": "a41912b32464aa19d90e332f6edbea67", "format-version": 4, "code-base-name": "app-gateway2", "filename": "app-gateway/FbSettings/delegate/TTSDelegate.h", "fields": [{"name": "Core::Sink<TTSNotificationHandler> mNotificationHandler", "scope": "TTSDelegate", "scopeKind": "class", "description": "unavailable"}, {"name": "TTSDelegate & mParent", "scope": "TTSDelegate::TTSNotificationHandler", "scopeKind": "class", "description": "unavailable"}, {"name": "PluginHost::IShell * mShell", "scope": "TTSDelegate", "scopeKind": "class", "description": "unavailable"}, {"name": "Exchange::ITextToSpeech * mTextToSpeech", "scope": "TTSDelegate", "scopeKind": "class", "description": "unavailable"}, {"name": "std::mutex registerMutex", "scope": "TTSDelegate::TTSNotificationHandler", "scopeKind": "class", "description": "unavailable"}, {"name": "bool registered", "scope": "TTSDelegate::TTSNotificationHandler", "scopeKind": "class", "description": "unavailable"}]}