{"is_source_file": false, "format": "", "description": "", "external_files": [], "external_methods": [], "published": [], "classes": [], "methods": [], "calls": [], "search-terms": [], "state": 2, "file_id": 252, "knowledge_revision": 828, "git_revision": "f1974340ca5df4b8185ade381a20b29035080832", "ctags": [{"_type": "tag", "name": "EXTERNAL", "path": "/home/kavia/workspace/code-generation/app-gateway2/app-gateway/AppNotifications/Module.h", "pattern": "/^#define EXTERNAL$/", "language": "C++", "kind": "macro"}, {"_type": "tag", "name": "MODULE_NAME", "path": "/home/kavia/workspace/code-generation/app-gateway2/app-gateway/AppNotifications/Module.h", "pattern": "/^#define MODULE_NAME /", "language": "C++", "kind": "macro"}], "hash": "75ede02ee2a61a4fd641cd922e74dde9", "format-version": 4, "code-base-name": "app-gateway2", "filename": "app-gateway/AppNotifications/Module.h", "revision_history": [{"828": "f1974340ca5df4b8185ade381a20b29035080832"}]}