{"is_source_file": true, "format": "C++ header (.h)", "description": "This file defines the class FbSettings, a plugin component for the WPEFramework, implementing interfaces for app gateway requests and notifications. It includes method declarations for handling device info, system settings, network status, user preferences, and event registration.", "external_files": ["Module.h", "<interfaces/IAppGateway.h>", "<interfaces/IAppNotifications.h>", "UtilsLogging.h", "ThunderUtils.h", "delegate/SettingsDelegate.h"], "external_methods": ["PluginHost::IPlugin", "Exchange::IAppGatewayRequestHandler", "Exchange::IAppNotificationHandler", "Core::IDispatch", "Core::ProxyType<Core::IDispatch>", "Core::hresult", "PluginHost::IShell", "RPC::IRemoteConnection"], "published": ["HandleAppEventNotifier", "HandleAppGatewayRequest", "GetDeviceMake", "GetDeviceName", "SetDeviceName", "GetDeviceSku", "GetCountryCode", "SetCountryCode", "GetTimeZone", "SetTimeZone", "GetSecondScreenFriendlyName", "SetName", "AddAdditionalInfo", "GetScreenResolution", "GetVideoResolution", "GetHdcp", "GetHdr", "GetInternetConnectionStatus", "GetVoiceGuidance", "GetAudioDescription", "GetAudioDescriptionsEnabled", "GetHighContrast", "GetCaptions", "SetVoiceGuidance", "SetAudioDescriptionsEnabled", "SetCaptions", "GetPresentationLanguage", "GetLocale", "SetLocale", "GetPreferredAudioLanguages", "GetPreferredCaptionsLanguages", "SetPreferredAudioLanguages", "SetPreferredCaptionsLanguages", "SetSpeed", "GetSpeed", "GetVoiceGuidanceHints", "SetVoiceGuidanceHints", "GetVoiceGuidanceSettings"], "classes": [{"name": "FbSettings", "description": "A plugin class handling app gateway requests and notifications within WPEFramework, managing device and system settings, event registration, and other system information."}, {"name": "EventRegistrationJob", "description": "A nested class representing a dispatched job for registering or deregistering event notifications."}], "methods": [{"name": "FbSettings", "description": "Constructor for the FbSettings plugin class."}, {"name": "~FbSettings", "description": "Destructor for cleanup."}, {"name": "Initialize", "description": "Initializes the plugin with the shell environment."}, {"name": "Deinitialize", "description": "Cleans up the plugin resources."}, {"name": "string Information() const", "description": "Returns plugin information as a string.", "scope": "WPEFramework::Plugin::FbSettings", "scopeKind": "class"}, {"name": "HandleAppEventNotifier", "description": "Handles app event notifications."}, {"name": "HandleAppGatewayRequest", "description": "Processes gateway requests with specified method and payload."}, {"name": "GetDeviceMake", "description": "Retrieves the device manufacturer."}, {"name": "GetDeviceName", "description": "Retrieves the device name."}, {"name": "SetDeviceName", "description": "Sets the device name."}, {"name": "GetDeviceSku", "description": "Retrieves device SKU."}, {"name": "GetCountryCode", "description": "Retrieves country code."}, {"name": "SetCountryCode", "description": "Sets country code."}, {"name": "GetTimeZone", "description": "Gets the current timezone."}, {"name": "SetTimeZone", "description": "Sets the timezone."}, {"name": "GetSecondScreenFriendlyName", "description": "Retrieves the friendly name for secondary screens."}, {"name": "SetName", "description": "Sets the device or system name."}, {"name": "AddAdditionalInfo", "description": "Adds extra info to the system."}, {"name": "GetScreenResolution", "description": "Gets the current screen resolution."}, {"name": "GetVideoResolution", "description": "Gets video resolution setting."}, {"name": "GetHdcp", "description": "Retrieves HDCP status."}, {"name": "GetHdr", "description": "Retrieves HDR status."}, {"name": "GetInternetConnectionStatus", "description": "Checks internet connection status."}, {"name": "GetVoiceGuidance", "description": "Retrieves voice guidance setting."}, {"name": "GetAudioDescription", "description": "Retrieves audio description setting."}, {"name": "GetAudioDescriptionsEnabled", "description": "Checks if audio descriptions are enabled."}, {"name": "GetHighContrast", "description": "Retrieves high contrast mode status."}, {"name": "GetCaptions", "description": "Retrieves captions setting."}, {"name": "SetVoiceGuidance", "description": "Enables or disables voice guidance."}, {"name": "SetAudioDescriptionsEnabled", "description": "Enables or disables audio descriptions."}, {"name": "SetCaptions", "description": "Enables or disables captions."}, {"name": "GetPresentationLanguage", "description": "Gets presentation language."}, {"name": "GetLocale", "description": "Gets current locale."}, {"name": "SetLocale", "description": "Sets the system locale."}, {"name": "GetPreferredAudioLanguages", "description": "Gets preferred audio languages."}, {"name": "GetPreferredCaptionsLanguages", "description": "Gets preferred captions languages."}, {"name": "SetPreferredAudioLanguages", "description": "Sets preferred audio languages."}, {"name": "SetPreferredCaptionsLanguages", "description": "Sets preferred captions languages."}, {"name": "SetSpeed", "description": "Sets playback speed."}, {"name": "GetSpeed", "description": "Gets current playback speed."}, {"name": "GetVoiceGuidanceHints", "description": "Retrieves voice guidance hints."}, {"name": "SetVoiceGuidanceHints", "description": "Sets voice guidance hints."}, {"name": "GetVoiceGuidanceSettings", "description": "Retrieves voice guidance settings."}, {"name": "Core::ProxyType<Core::IDispatch> Create(FbSettings * parent,const string & event,const bool listen)", "scope": "WPEFramework::Plugin::FbSettings::EventRegistrationJob", "scopeKind": "class", "description": "unavailable"}, {"name": "void Dispatch()", "scope": "WPEFramework::Plugin::FbSettings::EventRegistrationJob", "scopeKind": "class", "description": "unavailable"}, {"name": "EventRegistrationJob(FbSettings * parent,const string & event,const bool listen)", "scope": "WPEFramework::Plugin::FbSettings::EventRegistrationJob", "scopeKind": "class", "description": "unavailable"}, {"name": "~EventRegistrationJob()", "scope": "WPEFramework::Plugin::FbSettings::EventRegistrationJob", "scopeKind": "class", "description": "unavailable"}], "calls": ["mDelegate->HandleAppEventNotifier", "mParent.mDelegate->HandleAppEventNotifier"], "search-terms": ["FbSettings", "AppGateway", "IAppNotificationHandler", "IAppGatewayRequestHandler", "System Settings", "Device Info", "EventRegistration", "System Configuration", "Network Status", "User Preferences", "Screen Resolution", "HDR", "HDCP", "Locale", "Voice Guidance"], "state": 2, "file_id": 85, "knowledge_revision": 771, "git_revision": "727800fc84f5393f5ac231785d3764465fe20036", "revision_history": [{"279": "1ce0cddd8bf3577c15ebcbcb06267a0b1965f3d1"}, {"718": "727800fc84f5393f5ac231785d3764465fe20036"}, {"771": "727800fc84f5393f5ac231785d3764465fe20036"}], "ctags": [{"_type": "tag", "name": "Create", "path": "/home/kavia/workspace/code-generation/app-gateway2/app-gateway/FbSettings/FbSettings.h", "pattern": "/^                static Core::ProxyType<Core::IDispatch> Create(FbSettings *parent,$/", "language": "C++", "typeref": "typename:Core::ProxyType<Core::IDispatch>", "kind": "function", "signature": "(FbSettings * parent,const string & event,const bool listen)", "scope": "WPEFramework::Plugin::FbSettings::EventRegistrationJob", "scopeKind": "class"}, {"_type": "tag", "name": "Dispatch", "path": "/home/kavia/workspace/code-generation/app-gateway2/app-gateway/FbSettings/FbSettings.h", "pattern": "/^                virtual void Dispatch()$/", "language": "C++", "typeref": "typename:void", "kind": "function", "signature": "()", "scope": "WPEFramework::Plugin::FbSettings::EventRegistrationJob", "scopeKind": "class"}, {"_type": "tag", "name": "EventRegistrationJob", "path": "/home/kavia/workspace/code-generation/app-gateway2/app-gateway/FbSettings/FbSettings.h", "pattern": "/^                EventRegistrationJob(FbSettings *parent,$/", "language": "C++", "kind": "function", "signature": "(FbSettings * parent,const string & event,const bool listen)", "scope": "WPEFramework::Plugin::FbSettings::EventRegistrationJob", "scopeKind": "class"}, {"_type": "tag", "name": "EventRegistrationJob", "path": "/home/kavia/workspace/code-generation/app-gateway2/app-gateway/FbSettings/FbSettings.h", "pattern": "/^            class EXTERNAL EventRegistrationJob : public Core::IDispatch$/", "language": "C++", "kind": "class", "scope": "WPEFramework::Plugin::FbSettings", "scopeKind": "class"}, {"_type": "tag", "name": "FbSettings", "path": "/home/kavia/workspace/code-generation/app-gateway2/app-gateway/FbSettings/FbSettings.h", "pattern": "/^\t\tclass FbSettings : public PluginHost::IPlugin, Exchange::IAppGatewayRequestHandler, Exchange::/", "language": "C++", "kind": "class", "scope": "WPEFramework::Plugin", "scopeKind": "namespace"}, {"_type": "tag", "name": "Information", "path": "/home/kavia/workspace/code-generation/app-gateway2/app-gateway/FbSettings/FbSettings.h", "pattern": "/^            virtual string Information() const override { return {}; }$/", "language": "C++", "typeref": "typename:string", "kind": "function", "signature": "() const", "scope": "WPEFramework::Plugin::FbSettings", "scopeKind": "class"}, {"_type": "tag", "name": "Plugin", "path": "/home/kavia/workspace/code-generation/app-gateway2/app-gateway/FbSettings/FbSettings.h", "pattern": "/^    namespace Plugin {$/", "language": "C++", "kind": "namespace", "scope": "WPEFramework", "scopeKind": "namespace"}, {"_type": "tag", "name": "WPEFramework", "path": "/home/kavia/workspace/code-generation/app-gateway2/app-gateway/FbSettings/FbSettings.h", "pattern": "/^namespace WPEFramework {$/", "language": "C++", "kind": "namespace"}, {"_type": "tag", "name": "mConnectionId", "path": "/home/kavia/workspace/code-generation/app-gateway2/app-gateway/FbSettings/FbSettings.h", "pattern": "/^            uint32_t mConnectionId;$/", "language": "C++", "typeref": "typename:uint32_t", "kind": "member", "scope": "WPEFramework::Plugin::FbSettings", "scopeKind": "class"}, {"_type": "tag", "name": "mDelegate", "path": "/home/kavia/workspace/code-generation/app-gateway2/app-gateway/FbSettings/FbSettings.h", "pattern": "/^            std::shared_ptr<SettingsDelegate> mDelegate;$/", "language": "C++", "typeref": "typename:std::shared_ptr<SettingsDelegate>", "kind": "member", "scope": "WPEFramework::Plugin::FbSettings", "scopeKind": "class"}, {"_type": "tag", "name": "mEvent", "path": "/home/kavia/workspace/code-generation/app-gateway2/app-gateway/FbSettings/FbSettings.h", "pattern": "/^            const string mEvent;$/", "language": "C++", "typeref": "typename:const string", "kind": "member", "scope": "WPEFramework::Plugin::FbSettings::EventRegistrationJob", "scopeKind": "class"}, {"_type": "tag", "name": "mListen", "path": "/home/kavia/workspace/code-generation/app-gateway2/app-gateway/FbSettings/FbSettings.h", "pattern": "/^            const bool mListen;$/", "language": "C++", "typeref": "typename:const bool", "kind": "member", "scope": "WPEFramework::Plugin::FbSettings::EventRegistrationJob", "scopeKind": "class"}, {"_type": "tag", "name": "mParent", "path": "/home/kavia/workspace/code-generation/app-gateway2/app-gateway/FbSettings/FbSettings.h", "pattern": "/^            FbSettings &mParent;$/", "language": "C++", "typeref": "typename:FbSettings &", "kind": "member", "scope": "WPEFramework::Plugin::FbSettings::EventRegistrationJob", "scopeKind": "class"}, {"_type": "tag", "name": "mShell", "path": "/home/kavia/workspace/code-generation/app-gateway2/app-gateway/FbSettings/FbSettings.h", "pattern": "/^            PluginHost::IShell* mShell;$/", "language": "C++", "typeref": "typename:PluginHost::IShell *", "kind": "member", "scope": "WPEFramework::Plugin::FbSettings", "scopeKind": "class"}, {"_type": "tag", "name": "~EventRegistrationJob", "path": "/home/kavia/workspace/code-generation/app-gateway2/app-gateway/FbSettings/FbSettings.h", "pattern": "/^                ~EventRegistrationJob()$/", "language": "C++", "kind": "function", "signature": "()", "scope": "WPEFramework::Plugin::FbSettings::EventRegistrationJob", "scopeKind": "class"}], "hash": "ab0ac3d7ee00baedb22580042cfbbcc8", "format-version": 4, "code-base-name": "app-gateway2", "filename": "app-gateway/FbSettings/FbSettings.h", "fields": [{"name": "uint32_t mConnectionId", "scope": "WPEFramework::Plugin::FbSettings", "scopeKind": "class", "description": "unavailable"}, {"name": "std::shared_ptr<SettingsDelegate> mDelegate", "scope": "WPEFramework::Plugin::FbSettings", "scopeKind": "class", "description": "unavailable"}, {"name": "const string mEvent", "scope": "WPEFramework::Plugin::FbSettings::EventRegistrationJob", "scopeKind": "class", "description": "unavailable"}, {"name": "const bool mListen", "scope": "WPEFramework::Plugin::FbSettings::EventRegistrationJob", "scopeKind": "class", "description": "unavailable"}, {"name": "FbSettings & mParent", "scope": "WPEFramework::Plugin::FbSettings::EventRegistrationJob", "scopeKind": "class", "description": "unavailable"}, {"name": "PluginHost::IShell * mShell", "scope": "WPEFramework::Plugin::FbSettings", "scopeKind": "class", "description": "unavailable"}]}