{"is_source_file": true, "format": "C++", "description": "This file appears to be a C++ source file implementing or defining parts of a module, including licensing and include directives with a likely module initialization or registration.", "external_files": ["Module.h"], "external_methods": ["MODULE_NAME_DECLARATION"], "published": [], "classes": [], "methods": [], "calls": ["MODULE_NAME_DECLARATION"], "search-terms": ["Module.cpp", "MODULE_NAME_DECLARATION", "C++", "source file", "module"], "state": 2, "file_id": 91, "knowledge_revision": 273, "git_revision": "1ce0cddd8bf3577c15ebcbcb06267a0b1965f3d1", "ctags": [], "hash": "9f75d4577671e73dfad6cadc5893c5ce", "format-version": 4, "code-base-name": "app-gateway2", "filename": "app-gateway/FbSettings/Module.cpp", "revision_history": [{"273": "1ce0cddd8bf3577c15ebcbcb06267a0b1965f3d1"}]}