{"is_source_file": true, "format": "C++ header file", "description": "This file defines the abstract base class `BaseEventDelegate`, which facilitates event registration, deregistration, and dispatching for UI notifications within a software system. It manages a set of events and interacts with an external notification interface.", "external_files": ["<interfaces/IAppNotifications.h>"], "external_methods": ["WPEFramework::Exchange::IAppNotifications::Emit"], "published": ["BaseEventDelegate"], "classes": [{"name": "BaseEventDelegate", "description": "An abstract base class that manages event registration and dispatching, forwarding events to an external notifications service."}], "methods": [{"name": "HandleEvent", "description": "Pure virtual method for handling events, to be implemented by subclasses. It registers or deregisters events and reports registration success or failure."}, {"name": "void AddNotification(const std::string & event)", "description": "Adds an event to the local set of registered events, protected by mutex locking.", "scope": "BaseEventDelegate", "scopeKind": "class"}, {"name": "void RemoveNotification(const std::string & event)", "description": "Removes an event from the local set of registered events, if present, protected by mutex locking.", "scope": "BaseEventDelegate", "scopeKind": "class"}, {"name": "void Dispatch(const std::string & event,const std::string & payload)", "description": "Forwards an event and payload to the `IAppNotifications` service if available.", "scope": "BaseEventDelegate", "scopeKind": "class"}, {"name": "BaseEventDelegate(WPEFramework::Exchange::IAppNotifications * appNotifications)", "scope": "BaseEventDelegate", "scopeKind": "class", "description": "unavailable"}], "calls": ["mAppNotifications->Emit"], "search-terms": ["BaseEventDelegate", "event registration", "notification dispatch", "IAppNotifications", "event handling", "mutex lock", "C++ base class for notifications"], "state": 2, "file_id": 111, "knowledge_revision": 787, "git_revision": "1e038a9a727f86f5c2da981f9907870260263946", "revision_history": [{"332": ""}, {"347": ""}, {"418": "5d3fef0257562d109a1914f20a61be6e30aabde2"}, {"787": "1e038a9a727f86f5c2da981f9907870260263946"}], "ctags": [{"_type": "tag", "name": "AddNotification", "path": "/home/kavia/workspace/code-generation/app-gateway2/app-gateway/helpers/BaseEventDelegate.h", "pattern": "/^    inline void AddNotification(const std::string& event) {$/", "language": "C++", "typeref": "typename:void", "kind": "function", "signature": "(const std::string & event)", "scope": "BaseEventDelegate", "scopeKind": "class"}, {"_type": "tag", "name": "BaseEventDelegate", "path": "/home/kavia/workspace/code-generation/app-gateway2/app-gateway/helpers/BaseEventDelegate.h", "pattern": "/^    explicit BaseEventDelegate(WPEFramework::Exchange::IAppNotifications* appNotifications)$/", "language": "C++", "kind": "function", "signature": "(WPEFramework::Exchange::IAppNotifications * appNotifications)", "scope": "BaseEventDelegate", "scopeKind": "class"}, {"_type": "tag", "name": "BaseEventDelegate", "path": "/home/kavia/workspace/code-generation/app-gateway2/app-gateway/helpers/BaseEventDelegate.h", "pattern": "/^class BaseEventDelegate {$/", "language": "C++", "kind": "class"}, {"_type": "tag", "name": "Dispatch", "path": "/home/kavia/workspace/code-generation/app-gateway2/app-gateway/helpers/BaseEventDelegate.h", "pattern": "/^    inline void Dispatch(const std::string& event, const std::string& payload) {$/", "language": "C++", "typeref": "typename:void", "kind": "function", "signature": "(const std::string & event,const std::string & payload)", "scope": "BaseEventDelegate", "scopeKind": "class"}, {"_type": "tag", "name": "RemoveNotification", "path": "/home/kavia/workspace/code-generation/app-gateway2/app-gateway/helpers/BaseEventDelegate.h", "pattern": "/^    inline void RemoveNotification(const std::string& event) {$/", "language": "C++", "typeref": "typename:void", "kind": "function", "signature": "(const std::string & event)", "scope": "BaseEventDelegate", "scopeKind": "class"}, {"_type": "tag", "name": "_events", "path": "/home/kavia/workspace/code-generation/app-gateway2/app-gateway/helpers/BaseEventDelegate.h", "pattern": "/^    std::set<std::string> _events;$/", "language": "C++", "typeref": "typename:std::set<std::string>", "kind": "member", "scope": "BaseEventDelegate", "scopeKind": "class"}, {"_type": "tag", "name": "_lock", "path": "/home/kavia/workspace/code-generation/app-gateway2/app-gateway/helpers/BaseEventDelegate.h", "pattern": "/^    std::mutex _lock;$/", "language": "C++", "typeref": "typename:std::mutex", "kind": "member", "scope": "BaseEventDelegate", "scopeKind": "class"}, {"_type": "tag", "name": "mAppNotifications", "path": "/home/kavia/workspace/code-generation/app-gateway2/app-gateway/helpers/BaseEventDelegate.h", "pattern": "/^    WPEFramework::Exchange::IAppNotifications* mAppNotifications { nullptr };$/", "language": "C++", "typeref": "typename:WPEFramework::Exchange::IAppNotifications *", "kind": "member", "scope": "BaseEventDelegate", "scopeKind": "class"}], "hash": "cb30bb6bb5e8f1ad33e60e8e4ac846b5", "format-version": 4, "code-base-name": "app-gateway2", "filename": "app-gateway/helpers/BaseEventDelegate.h", "fields": [{"name": "std::set<std::string> _events", "scope": "BaseEventDelegate", "scopeKind": "class", "description": "unavailable"}, {"name": "std::mutex _lock", "scope": "BaseEventDelegate", "scopeKind": "class", "description": "unavailable"}, {"name": "WPEFramework::Exchange::IAppNotifications * mAppNotifications", "scope": "BaseEventDelegate", "scopeKind": "class", "description": "unavailable"}]}