{"is_source_file": true, "format": "C++", "description": "This source file appears to be a C++ implementation file (.cpp) related to a module within a project, likely implementing functionalities declared in 'Module.h'. It includes a macro invocation 'MODULE_NAME_DECLARATION' with 'BUILD_REFERENCE' as argument.", "external_files": ["Module.h"], "external_methods": [], "published": [], "classes": [], "methods": [], "calls": ["MODULE_NAME_DECLARATION(BUILD_REFERENCE)"], "search-terms": ["Module.cpp", "MODULE_NAME_DECLARATION", "BUILD_REFERENCE", "Module.h"], "state": 2, "file_id": 160, "knowledge_revision": 520, "git_revision": "", "ctags": [], "hash": "c2a437da576fb6898334e276961357f7", "format-version": 4, "code-base-name": "app-gateway2", "filename": "app-gateway/FbCommon/Module.cpp", "revision_history": [{"520": ""}]}