{"is_source_file": false, "format": "", "description": "", "external_files": [], "external_methods": [], "published": [], "classes": [], "methods": [], "calls": [], "search-terms": [], "state": 2, "file_id": 195, "knowledge_revision": 908, "git_revision": "2e2207c765a5d7b9ed495143eb1e3f3669c17951", "revision_history": [{"641": "29a5080329e5f08afebd86bd055b5f6119b1301a"}, {"710": "727800fc84f5393f5ac231785d3764465fe20036"}, {"908": "2e2207c765a5d7b9ed495143eb1e3f3669c17951"}], "hash": "e6c8b533848feb4c9da9080acc7d9e9e", "format-version": 4, "code-base-name": "app-gateway2", "filename": "app-gateway/AppGateway/resolutions/resolution.badger.json"}