{"is_source_file": true, "format": "C++", "description": "Source file implementing lifecycle management and session handling in a plugin-based framework, including enum conversions, app info retrieval, session and lifecycle state management, and validation functions.", "external_files": ["LifecycleManagement.h"], "external_methods": ["WPEFramework::Core::EnumerateType<LifecycleState>::Data()"], "published": ["WPEFramework::Plugin::LifecycleState", "WPEFramework::Plugin::JAppBasicInfo", "WPEFramework::Plugin::AppRegistry", "WPEFramework::Plugin::JAppSessionResponse", "WPEFramework::Plugin::SessionInfoRegistry", "WPEFramework::Plugin::LifecycleInfoRegistry", "WPEFramework::Plugin::LifecycleChange", "WPEFramework::Plugin::LifecycleState", "WPEFramework::Plugin::LifecycleSource"], "classes": [{"name": "JAppBasicInfo", "description": "Class representing basic application information with a method to retrieve app info."}, {"name": "AppRegistry", "description": "Singleton class managing app sessions and intents."}, {"name": "JAppSessionResponse", "description": "Class representing a session response, with validation method to ensure required fields are set."}, {"name": "SessionInfoRegistry", "description": "Registry for managing session information with methods to retrieve session data."}, {"name": "LifecycleInfoRegistry", "description": "Registry managing lifecycle information associated with app components."}, {"name": "LifecycleChange", "description": "Represents changes in lifecycle states with validation and conversion to LifecycleInfo."}], "methods": [{"name": "const std::string ToString(LifecycleState state)", "description": "Converts LifecycleState enum to its string representation.", "scope": "WPEFramework::Plugin", "scopeKind": "namespace"}, {"name": "AppBasicInfo GetAppInfo() const", "description": "Retrieves app basic info encapsulated in AppBasicInfo structure.", "scope": "WPEFramework::Plugin::JAppBasicInfo", "scopeKind": "class"}, {"name": "bool GetAppIntent(const std::string & appId,string & intent_str)", "description": "Retrieves intent string for a specified app ID if present.", "scope": "WPEFramework::Plugin::AppRegistry", "scopeKind": "class"}, {"name": "AppSession Get(const std::string & key)", "description": "Retrieves session information based on key.", "scope": "WPEFramework::Plugin::AppRegistry", "scopeKind": "class"}, {"name": "bool Validate(string & error) const", "description": "Validates the JAppSessionResponse ensuring all required fields are set.", "scope": "WPEFramework::Plugin::LifecycleChange", "scopeKind": "class"}, {"name": "bool Get(const std::string & key,LifecycleInfo & session)", "description": "Retrieves session info from SessionInfoRegistry.", "scope": "WPEFramework::Plugin::LifecycleInfoRegistry", "scopeKind": "class"}, {"name": "bool Get(const std::string & key,SessionInfo & session)", "description": "Retrieves lifecycle info from LifecycleInfoRegistry.", "scope": "WPEFramework::Plugin::SessionInfoRegistry", "scopeKind": "class"}, {"name": "void AddInitial(const std::string & key)", "description": "Adds initial lifecycle info for a given key, setting state to INITIALIZING.", "scope": "WPEFramework::Plugin::LifecycleInfoRegistry", "scopeKind": "class"}, {"name": "bool UpdateLifecycle(const std::string & key,const LifecycleState state,LifecycleState & previous)", "description": "Updates the lifecycle state for a given key, returning previous state.", "scope": "WPEFramework::Plugin::LifecycleInfoRegistry", "scopeKind": "class"}, {"name": "Validate", "description": "Validates the LifecycleChange object ensuring both state and previous are set."}, {"name": "LifecycleInfo getLifecycleInfo()", "description": "Generates a LifecycleInfo object from a LifecycleChange.", "scope": "WPEFramework::Plugin::LifecycleChange", "scopeKind": "class"}, {"name": "ENUM_CONVERSION_BEGIN(Plugin::LifecycleState)", "scope": "WPEFramework", "scopeKind": "namespace", "description": "unavailable"}], "calls": ["WPEFramework::Core::EnumerateType<LifecycleState>::Data()"], "search-terms": ["LifecycleManagement.cpp", "LifecycleState", "AppRegistry", "LifecycleInfoRegistry", "LifecycleChange", "GetAppInfo", "Validate", "State", "Session"], "state": 2, "file_id": 230, "knowledge_revision": 762, "git_revision": "727800fc84f5393f5ac231785d3764465fe20036", "ctags": [{"_type": "tag", "name": "AddInitial", "path": "/home/kavia/workspace/code-generation/app-gateway2/app-gateway/LaunchDelegate/LifecycleManagement.cpp", "pattern": "/^    void LifecycleInfoRegistry::AddInitial(const std::string& key) {$/", "language": "C++", "typeref": "typename:void", "kind": "function", "signature": "(const std::string & key)", "scope": "WPEFramework::Plugin::LifecycleInfoRegistry", "scopeKind": "class"}, {"_type": "tag", "name": "ENUM_CONVERSION_BEGIN", "path": "/home/kavia/workspace/code-generation/app-gateway2/app-gateway/LaunchDelegate/LifecycleManagement.cpp", "pattern": "/^    ENUM_CONVERSION_BEGIN(Plugin::LifecycleState)$/", "language": "C++", "kind": "function", "signature": "(Plugin::LifecycleState)", "scope": "WPEFramework", "scopeKind": "namespace"}, {"_type": "tag", "name": "Get", "path": "/home/kavia/workspace/code-generation/app-gateway2/app-gateway/LaunchDelegate/LifecycleManagement.cpp", "pattern": "/^    AppSession AppRegistry::Get(const std::string& key) {$/", "language": "C++", "typeref": "typename:AppSession", "kind": "function", "signature": "(const std::string & key)", "scope": "WPEFramework::Plugin::AppRegistry", "scopeKind": "class"}, {"_type": "tag", "name": "Get", "path": "/home/kavia/workspace/code-generation/app-gateway2/app-gateway/LaunchDelegate/LifecycleManagement.cpp", "pattern": "/^    bool LifecycleInfoRegistry::Get(const std::string& key, LifecycleInfo& session) {$/", "language": "C++", "typeref": "typename:bool", "kind": "function", "signature": "(const std::string & key,LifecycleInfo & session)", "scope": "WPEFramework::Plugin::LifecycleInfoRegistry", "scopeKind": "class"}, {"_type": "tag", "name": "Get", "path": "/home/kavia/workspace/code-generation/app-gateway2/app-gateway/LaunchDelegate/LifecycleManagement.cpp", "pattern": "/^    bool SessionInfoRegistry::Get(const std::string& key, SessionInfo& session) {$/", "language": "C++", "typeref": "typename:bool", "kind": "function", "signature": "(const std::string & key,SessionInfo & session)", "scope": "WPEFramework::Plugin::SessionInfoRegistry", "scopeKind": "class"}, {"_type": "tag", "name": "GetAppInfo", "path": "/home/kavia/workspace/code-generation/app-gateway2/app-gateway/LaunchDelegate/LifecycleManagement.cpp", "pattern": "/^    AppBasicInfo JAppBasicInfo::GetAppInfo() const {$/", "language": "C++", "typeref": "typename:AppBasicInfo", "kind": "function", "signature": "() const", "scope": "WPEFramework::Plugin::JAppBasicInfo", "scopeKind": "class"}, {"_type": "tag", "name": "GetAppIntent", "path": "/home/kavia/workspace/code-generation/app-gateway2/app-gateway/LaunchDelegate/LifecycleManagement.cpp", "pattern": "/^    bool AppRegistry::GetAppIntent(const std::string& appId, string& intent_str) {$/", "language": "C++", "typeref": "typename:bool", "kind": "function", "signature": "(const std::string & appId,string & intent_str)", "scope": "WPEFramework::Plugin::AppRegistry", "scopeKind": "class"}, {"_type": "tag", "name": "Plugin", "path": "/home/kavia/workspace/code-generation/app-gateway2/app-gateway/LaunchDelegate/LifecycleManagement.cpp", "pattern": "/^namespace Plugin {$/", "file": true, "language": "C++", "kind": "namespace", "scope": "WPEFramework", "scopeKind": "namespace"}, {"_type": "tag", "name": "ToString", "path": "/home/kavia/workspace/code-generation/app-gateway2/app-gateway/LaunchDelegate/LifecycleManagement.cpp", "pattern": "/^        const std::string ToString(LifecycleState state)$/", "language": "C++", "typeref": "typename:const std::string", "kind": "function", "signature": "(LifecycleState state)", "scope": "WPEFramework::Plugin", "scopeKind": "namespace"}, {"_type": "tag", "name": "UpdateLifecycle", "path": "/home/kavia/workspace/code-generation/app-gateway2/app-gateway/LaunchDelegate/LifecycleManagement.cpp", "pattern": "/^    bool LifecycleInfoRegistry::UpdateLifecycle(const std::string& key, const LifecycleState sta/", "language": "C++", "typeref": "typename:bool", "kind": "function", "signature": "(const std::string & key,const LifecycleState state,LifecycleState & previous)", "scope": "WPEFramework::Plugin::LifecycleInfoRegistry", "scopeKind": "class"}, {"_type": "tag", "name": "Validate", "path": "/home/kavia/workspace/code-generation/app-gateway2/app-gateway/LaunchDelegate/LifecycleManagement.cpp", "pattern": "/^    bool JAppSessionResponse::Validate(string& error) const {$/", "language": "C++", "typeref": "typename:bool", "kind": "function", "signature": "(string & error) const", "scope": "WPEFramework::Plugin::JAppSessionResponse", "scopeKind": "class"}, {"_type": "tag", "name": "Validate", "path": "/home/kavia/workspace/code-generation/app-gateway2/app-gateway/LaunchDelegate/LifecycleManagement.cpp", "pattern": "/^    bool LifecycleChange::Validate(string& error) const {$/", "language": "C++", "typeref": "typename:bool", "kind": "function", "signature": "(string & error) const", "scope": "WPEFramework::Plugin::LifecycleChange", "scopeKind": "class"}, {"_type": "tag", "name": "WPEFramework", "path": "/home/kavia/workspace/code-generation/app-gateway2/app-gateway/LaunchDelegate/LifecycleManagement.cpp", "pattern": "/^namespace WPEFramework {$/", "file": true, "language": "C++", "kind": "namespace"}, {"_type": "tag", "name": "getLifecycleInfo", "path": "/home/kavia/workspace/code-generation/app-gateway2/app-gateway/LaunchDelegate/LifecycleManagement.cpp", "pattern": "/^    LifecycleInfo LifecycleChange::getLifecycleInfo() {$/", "language": "C++", "typeref": "typename:LifecycleInfo", "kind": "function", "signature": "()", "scope": "WPEFramework::Plugin::LifecycleChange", "scopeKind": "class"}], "hash": "e53d02abd3bd51f28f501f64815a836c", "format-version": 4, "code-base-name": "app-gateway2", "filename": "app-gateway/LaunchDelegate/LifecycleManagement.cpp", "revision_history": [{"762": "727800fc84f5393f5ac231785d3764465fe20036"}]}