{"is_source_file": true, "format": "C++ header file", "description": "This file defines interfaces for application notifications within the WPEFramework, including the IAppNotifications interface for subscribing, emitting, and cleaning up notifications, and the IAppNotificationHandler for handling notifier events.", "external_files": ["plugins/Module.h"], "external_methods": [], "published": ["WPEFramework::Exchange::IAppNotifications", "WPEFramework::Exchange::IAppNotificationHandler"], "classes": [{"name": "IAppNotifications", "description": "Interface for application notifications, enabling subscription, emission, and cleanup of events."}, {"name": "IAppNotificationHandler", "description": "Interface for handling application notification events."}], "methods": [{"name": "Subscribe", "description": "Subscribe or unsubscribe to a specific event for a module and application context."}, {"name": "Emit", "description": "Emit an event with payload, optionally for a specific appId."}, {"name": "Cleanup", "description": "Cleanup contexts associated with a specific connectionId and origin."}, {"name": "HandleAppEventNotifier", "description": "Handle incoming app event notifications with registration status."}, {"name": "bool operator ==(const AppNotificationContext & other) const", "scope": "WPEFramework::Exchange::IAppNotifications::AppNotificationContext", "scopeKind": "struct", "description": "unavailable"}], "calls": [], "search-terms": ["IAppNotifications", "IAppNotificationHandler", "subscribe", "emit", "cleanup", "notifications interface", "application notification"], "state": 2, "file_id": 121, "knowledge_revision": 785, "git_revision": "f9c7fb5c639c6b5b7fc145b39535891737972f4e", "revision_history": [{"369": ""}, {"417": "761da3cbf016614cf4ed4b19325827c8ea55414e"}, {"545": "1e038a9a727f86f5c2da981f9907870260263946"}, {"549": "1e038a9a727f86f5c2da981f9907870260263946"}, {"592": "6e3f661b80ec1979b3c44fc4a85d5944642c4704"}, {"722": "727800fc84f5393f5ac231785d3764465fe20036"}, {"773": "727800fc84f5393f5ac231785d3764465fe20036"}, {"785": "f9c7fb5c639c6b5b7fc145b39535891737972f4e"}], "ctags": [{"_type": "tag", "name": "AppNotificationContext", "path": "/home/kavia/workspace/code-generation/app-gateway2/app-gateway/interfaces/IAppNotifications.h", "pattern": "/^            struct AppNotificationContext$/", "language": "C++", "kind": "struct", "scope": "WPEFramework::Exchange::IAppNotifications", "scopeKind": "struct"}, {"_type": "tag", "name": "Exchange", "path": "/home/kavia/workspace/code-generation/app-gateway2/app-gateway/interfaces/IAppNotifications.h", "pattern": "/^    namespace Exchange$/", "language": "C++", "kind": "namespace", "scope": "WPEFramework", "scopeKind": "namespace"}, {"_type": "tag", "name": "IAppNotificationHandler", "path": "/home/kavia/workspace/code-generation/app-gateway2/app-gateway/interfaces/IAppNotifications.h", "pattern": "/^        struct EXTERNAL IAppNotificationHandler : virtual public Core::IUnknown$/", "language": "C++", "kind": "struct", "scope": "WPEFramework::Exchange", "scopeKind": "namespace"}, {"_type": "tag", "name": "IAppNotifications", "path": "/home/kavia/workspace/code-generation/app-gateway2/app-gateway/interfaces/IAppNotifications.h", "pattern": "/^        struct EXTERNAL IAppNotifications : virtual public Core::IUnknown$/", "language": "C++", "kind": "struct", "scope": "WPEFramework::Exchange", "scopeKind": "namespace"}, {"_type": "tag", "name": "ID", "path": "/home/kavia/workspace/code-generation/app-gateway2/app-gateway/interfaces/IAppNotifications.h", "pattern": "/^                ID = ID_APP_NOTIFICATIONS$/", "language": "C++", "kind": "enumerator", "scope": "WPEFramework::Exchange::IAppNotifications::__anon23abbc050103", "scopeKind": "enum"}, {"_type": "tag", "name": "ID", "path": "/home/kavia/workspace/code-generation/app-gateway2/app-gateway/interfaces/IAppNotifications.h", "pattern": "/^                ID = ID_APP_NOTIFICATIONS_HANDLER_INTERNAL$/", "language": "C++", "kind": "enumerator", "scope": "WPEFramework::Exchange::IAppNotificationHandler::__anon23abbc050203", "scopeKind": "enum"}, {"_type": "tag", "name": "ID_APP_NOTIFICATIONS", "path": "/home/kavia/workspace/code-generation/app-gateway2/app-gateway/interfaces/IAppNotifications.h", "pattern": "/^#define ID_APP_NOTIFICATIONS /", "language": "C++", "kind": "macro"}, {"_type": "tag", "name": "ID_APP_NOTIFICATIONS_HANDLER_INTERNAL", "path": "/home/kavia/workspace/code-generation/app-gateway2/app-gateway/interfaces/IAppNotifications.h", "pattern": "/^#define ID_APP_NOTIFICATIONS_HANDLER_INTERNAL /", "language": "C++", "kind": "macro"}, {"_type": "tag", "name": "WPEFramework", "path": "/home/kavia/workspace/code-generation/app-gateway2/app-gateway/interfaces/IAppNotifications.h", "pattern": "/^namespace WPEFramework$/", "language": "C++", "kind": "namespace"}, {"_type": "tag", "name": "__anon23abbc050103", "path": "/home/kavia/workspace/code-generation/app-gateway2/app-gateway/interfaces/IAppNotifications.h", "pattern": "/^            {$/", "language": "C++", "kind": "enum", "scope": "WPEFramework::Exchange::IAppNotifications", "scopeKind": "struct"}, {"_type": "tag", "name": "__anon23abbc050203", "path": "/home/kavia/workspace/code-generation/app-gateway2/app-gateway/interfaces/IAppNotifications.h", "pattern": "/^            {$/", "language": "C++", "kind": "enum", "scope": "WPEFramework::Exchange::IAppNotificationHandler", "scopeKind": "struct"}, {"_type": "tag", "name": "appId", "path": "/home/kavia/workspace/code-generation/app-gateway2/app-gateway/interfaces/IAppNotifications.h", "pattern": "/^                string appId;        \\/\\/ @brief Application identifier (Firebolt appId).$/", "language": "C++", "typeref": "typename:string", "kind": "member", "scope": "WPEFramework::Exchange::IAppNotifications::AppNotificationContext", "scopeKind": "struct"}, {"_type": "tag", "name": "connectionId", "path": "/home/kavia/workspace/code-generation/app-gateway2/app-gateway/interfaces/IAppNotifications.h", "pattern": "/^                uint32_t connectionId; \\/\\/ @brief Unique identifier for the execution\\/session /", "language": "C++", "typeref": "typename:uint32_t", "kind": "member", "scope": "WPEFramework::Exchange::IAppNotifications::AppNotificationContext", "scopeKind": "struct"}, {"_type": "tag", "name": "operator ==", "path": "/home/kavia/workspace/code-generation/app-gateway2/app-gateway/interfaces/IAppNotifications.h", "pattern": "/^                bool operator==(const AppNotificationContext& other) const {$/", "language": "C++", "typeref": "typename:bool", "kind": "function", "signature": "(const AppNotificationContext & other) const", "scope": "WPEFramework::Exchange::IAppNotifications::AppNotificationContext", "scopeKind": "struct"}, {"_type": "tag", "name": "origin", "path": "/home/kavia/workspace/code-generation/app-gateway2/app-gateway/interfaces/IAppNotifications.h", "pattern": "/^                string origin;      \\/\\/ @brief Origin of the request (e.g., org.rdk.AppGateway)/", "language": "C++", "typeref": "typename:string", "kind": "member", "scope": "WPEFramework::Exchange::IAppNotifications::AppNotificationContext", "scopeKind": "struct"}, {"_type": "tag", "name": "requestId", "path": "/home/kavia/workspace/code-generation/app-gateway2/app-gateway/interfaces/IAppNotifications.h", "pattern": "/^                uint32_t requestId;       \\/\\/ @brief Unique identifier for the request.$/", "language": "C++", "typeref": "typename:uint32_t", "kind": "member", "scope": "WPEFramework::Exchange::IAppNotifications::AppNotificationContext", "scopeKind": "struct"}], "hash": "0e5b11d097b367b781814ecf759047d9", "format-version": 4, "code-base-name": "app-gateway2", "filename": "app-gateway/interfaces/IAppNotifications.h", "fields": [{"name": "string appId", "scope": "WPEFramework::Exchange::IAppNotifications::AppNotificationContext", "scopeKind": "struct", "description": "unavailable"}, {"name": "uint32_t connectionId", "scope": "WPEFramework::Exchange::IAppNotifications::AppNotificationContext", "scopeKind": "struct", "description": "unavailable"}, {"name": "string origin", "scope": "WPEFramework::Exchange::IAppNotifications::AppNotificationContext", "scopeKind": "struct", "description": "unavailable"}, {"name": "uint32_t requestId", "scope": "WPEFramework::Exchange::IAppNotifications::AppNotificationContext", "scopeKind": "struct", "description": "unavailable"}]}