{"is_source_file": true, "format": "JSON", "description": "This file contains a JSON object defining resolution mappings for various application events, capabilities, and device/settings configurations, with aliasing to other modules.", "external_files": ["org.rdk.App2AppProvider", "org.rdk.LaunchDelegate", "org.rdk.FbSettings", "org.rdk.FbAdvertising"], "external_methods": ["registerProvider", "addAdditionalInfo", "ready", "close", "finished", "state", "Initialization", "getDeviceMake", "getDeviceName", "setDeviceName", "getDeviceSku", "getCountryCode", "setCountryCode", "getTimeZone", "setTimeZone", "getSecondScreenFriendlyName"], "published": ["resolutions"], "classes": [], "methods": [], "calls": ["org.rdk.App2AppProvider.registerProvider", "org.rdk.LaunchDelegate.ready", "org.rdk.LaunchDelegate.close", "org.rdk.LaunchDelegate.finished", "org.rdk.LaunchDelegate.state", "org.rdk.LaunchDelegate.Initialization", "org.rdk.FbSettings.getDeviceMake", "org.rdk.FbSettings.getDeviceName", "org.rdk.FbSettings.setDeviceName", "org.rdk.FbSettings.getDeviceSku", "org.rdk.FbSettings.getCountryCode", "org.rdk.FbSettings.setCountryCode", "org.rdk.FbSettings.getTimeZone", "org.rdk.FbSettings.setTimeZone", "org.rdk.FbSettings.getSecondScreenFriendlyName", "org.rdk.FbSettings.getPresentationLanguageChanged", "org.rdk.FbSettings.onLocaleChanged", "org.rdk.FbSettings.onAudioDescriptionChanged", "org.rdk.FbSettings.onAudioDescriptionsChanged", "org.rdk.FbSettings.onHighContrastChanged", "org.rdk.FbSettings.onCaptionsChanged", "org.rdk.FbSettings.onPreferredCaptionsLanguagesChanged", "org.rdk.FbSettings.onVoiceGuidanceHintsChanged", "org.rdk.FbSettings.onVoiceGuidanceRateChanged", "org.rdk.FbSettings.onVoiceGuidanceChanged", "org.rdk.FbSettings.onDisplayConnectionChanged", "org.rdk.FbSettings.onScreenResolutionChanged", "org.rdk.FbSettings.resolutionChanged"], "search-terms": ["resolution mapping", "LaunchDelegate", "FbSettings", "App2AppProvider", "device make", "localization settings", "lifecycle events", "event aliasing"], "state": 2, "file_id": 196, "knowledge_revision": 909, "git_revision": "2e2207c765a5d7b9ed495143eb1e3f3669c17951", "revision_history": [{"648": "29a5080329e5f08afebd86bd055b5f6119b1301a"}, {"649": "29a5080329e5f08afebd86bd055b5f6119b1301a"}, {"711": "727800fc84f5393f5ac231785d3764465fe20036"}, {"784": "727800fc84f5393f5ac231785d3764465fe20036"}, {"909": "2e2207c765a5d7b9ed495143eb1e3f3669c17951"}], "hash": "61f2ff69546eebf0999848daf87890ed", "format-version": 4, "code-base-name": "app-gateway2", "filename": "app-gateway/AppGateway/resolutions/resolution.base.json"}