{"is_source_file": true, "format": "C++ (gRPC generated code)", "description": "This file contains generated C++ code for gRPC services related to permission management, including client stubs and server service implementations for the 'AppPermissionsService'. It handles RPC method definitions, stubs for asynchronous and synchronous calls, and service method registration.", "external_files": ["permission_service.pb.h", "permission_service.grpc.pb.h"], "external_methods": ["grpc::internal::BlockingUnaryCall", "grpc::internal::CallbackUnaryCall", "grpc::internal::ClientCallbackUnaryFactory::Create", "grpc::internal::ClientAsyncResponseReaderHelper::Create"], "published": [" ottx::permission::AppPermissionsService::Stub", " ottx::permission::AppPermissionsService::Service", " ottx::permission::AppPermissionsService_method_names"], "classes": [{"name": "AppPermissionsService::Stub", "description": "Client stub for the AppPermissionsService providing synchronous and asynchronous RPC methods."}, {"name": "AppPermissionsService::Service", "description": "Server-side service interface implementation for handling incoming RPC calls."}], "methods": [{"name": "std::unique_ptr<AppPermissionsService::Stub> NewStub(const std::shared_ptr<::grpc::ChannelInterface> & channel,const::grpc::StubOptions & options)", "description": "Creates a new client stub for communication with the service.", "scope": "ottx::permission::AppPermissionsService", "scopeKind": "class"}, {"name": "::grpc::Status EnumeratePermissions(::grpc::ServerContext * context,const::ottx::permission::EnumeratePermissionsRequest * request,::ottx::permission::EnumeratePermissionsResponse * response)", "description": "Synchronous RPC call to retrieve permissions enumeration.", "scope": "ottx::permission::AppPermissionsService::Service", "scopeKind": "class"}, {"name": "async::EnumeratePermissions", "description": "Asynchronous RPC call with callback for permission enumeration."}, {"name": "async::EnumeratePermissions", "description": "Asynchronous RPC call with reactor for permission enumeration."}, {"name": "::grpc::ClientAsyncResponseReader<::ottx::permission::EnumeratePermissionsResponse> * PrepareAsyncEnumeratePermissionsRaw(::grpc::ClientContext * context,const::ottx::permission::EnumeratePermissionsRequest & request,::grpc::CompletionQueue * cq)", "description": "Prepares an asynchronous raw RPC call for permission enumeration.", "scope": "ottx::permission::AppPermissionsService::Stub", "scopeKind": "class"}, {"name": "::grpc::ClientAsyncResponseReader<::ottx::permission::EnumeratePermissionsResponse> * AsyncEnumeratePermissionsRaw(::grpc::ClientContext * context,const::ottx::permission::EnumeratePermissionsRequest & request,::grpc::CompletionQueue * cq)", "description": "Starts an asynchronous raw RPC call for permission enumeration.", "scope": "ottx::permission::AppPermissionsService::Stub", "scopeKind": "class"}, {"name": "Service()", "description": "Implementation of the server service, registering RPC methods.", "scope": "ottx::permission::AppPermissionsService::Service", "scopeKind": "class"}, {"name": "::grpc::Status EnumeratePermissions(::grpc::ClientContext * context,const::ottx::permission::EnumeratePermissionsRequest & request,::ottx::permission::EnumeratePermissionsResponse * response)", "scope": "ottx::permission::AppPermissionsService::Stub", "scopeKind": "class", "description": "unavailable"}, {"name": "void EnumeratePermissions(::grpc::ClientContext * context,const::ottx::permission::EnumeratePermissionsRequest * request,::ottx::permission::EnumeratePermissionsResponse * response,::grpc::ClientUnaryReactor * reactor)", "scope": "ottx::permission::AppPermissionsService::Stub::async", "scopeKind": "class", "description": "unavailable"}, {"name": "void EnumeratePermissions(::grpc::ClientContext * context,const::ottx::permission::EnumeratePermissionsRequest * request,::ottx::permission::EnumeratePermissionsResponse * response,std::function<void (::grpc::Status)> f)", "scope": "ottx::permission::AppPermissionsService::Stub::async", "scopeKind": "class", "description": "unavailable"}, {"name": "Stub(const std::shared_ptr<::grpc::ChannelInterface> & channel,const::grpc::StubOptions & options)", "scope": "ottx::permission::AppPermissionsService::Stub", "scopeKind": "class", "description": "unavailable"}, {"name": "__anon487018970102(AppPermissionsService::Service* service, ::grpc::ServerContext* ctx, const ::ottx::permission::EnumeratePermissionsRequest* req, ::ottx::permission::EnumeratePermissionsResponse* resp)", "scope": "ottx::permission::AppPermissionsService::Service::Service", "scopeKind": "function", "description": "unavailable"}, {"name": "~Service()", "scope": "ottx::permission::AppPermissionsService::Service", "scopeKind": "class", "description": "unavailable"}], "calls": ["grpc::internal::BlockingUnaryCall", "grpc::internal::CallbackUnaryCall", "grpc::internal::ClientCallbackUnaryFactory::Create", "grpc::internal::ClientAsyncResponseReaderHelper::Create"], "search-terms": ["grpc", "permission", "AppPermissionsService", "permission_service.grpc.pb.cc", "protobuf"], "state": 2, "file_id": 77, "knowledge_revision": 236, "git_revision": "e298f50bdcb1af92a6a3e942be2f66bfc2e9cdb5", "ctags": [{"_type": "tag", "name": "AppPermissionsService_method_names", "path": "/home/kavia/workspace/code-generation/app-gateway2/build-ottservices/permission_service.grpc.pb.cc", "pattern": "/^static const char* AppPermissionsService_method_names[] = {$/", "file": true, "language": "C++", "typeref": "typename:const char * []", "kind": "variable", "scope": "ottx::permission", "scopeKind": "namespace"}, {"_type": "tag", "name": "AsyncEnumeratePermissionsRaw", "path": "/home/kavia/workspace/code-generation/app-gateway2/build-ottservices/permission_service.grpc.pb.cc", "pattern": "/^::grpc::ClientAsyncResponseReader< ::ottx::permission::EnumeratePermissionsResponse>* AppPermiss/", "language": "C++", "typeref": "typename:::grpc::ClientAsyncResponseReader<::ottx::permission::EnumeratePermissionsResponse> *", "kind": "function", "signature": "(::grpc::ClientContext * context,const::ottx::permission::EnumeratePermissionsRequest & request,::grpc::CompletionQueue * cq)", "scope": "ottx::permission::AppPermissionsService::Stub", "scopeKind": "class"}, {"_type": "tag", "name": "EnumeratePermissions", "path": "/home/kavia/workspace/code-generation/app-gateway2/build-ottservices/permission_service.grpc.pb.cc", "pattern": "/^::grpc::Status AppPermissionsService::Service::EnumeratePermissions(::grpc::ServerContext* conte/", "language": "C++", "typeref": "typename:::grpc::Status", "kind": "function", "signature": "(::grpc::ServerContext * context,const::ottx::permission::EnumeratePermissionsRequest * request,::ottx::permission::EnumeratePermissionsResponse * response)", "scope": "ottx::permission::AppPermissionsService::Service", "scopeKind": "class"}, {"_type": "tag", "name": "EnumeratePermissions", "path": "/home/kavia/workspace/code-generation/app-gateway2/build-ottservices/permission_service.grpc.pb.cc", "pattern": "/^::grpc::Status AppPermissionsService::Stub::EnumeratePermissions(::grpc::ClientContext* context,/", "language": "C++", "typeref": "typename:::grpc::Status", "kind": "function", "signature": "(::grpc::ClientContext * context,const::ottx::permission::EnumeratePermissionsRequest & request,::ottx::permission::EnumeratePermissionsResponse * response)", "scope": "ottx::permission::AppPermissionsService::Stub", "scopeKind": "class"}, {"_type": "tag", "name": "EnumeratePermissions", "path": "/home/kavia/workspace/code-generation/app-gateway2/build-ottservices/permission_service.grpc.pb.cc", "pattern": "/^void AppPermissionsService::Stub::async::EnumeratePermissions(::grpc::ClientContext* context, co/", "language": "C++", "typeref": "typename:void", "kind": "function", "signature": "(::grpc::ClientContext * context,const::ottx::permission::EnumeratePermissionsRequest * request,::ottx::permission::EnumeratePermissionsResponse * response,::grpc::ClientUnaryReactor * reactor)", "scope": "ottx::permission::AppPermissionsService::Stub::async", "scopeKind": "class"}, {"_type": "tag", "name": "EnumeratePermissions", "path": "/home/kavia/workspace/code-generation/app-gateway2/build-ottservices/permission_service.grpc.pb.cc", "pattern": "/^void AppPermissionsService::Stub::async::EnumeratePermissions(::grpc::ClientContext* context, co/", "language": "C++", "typeref": "typename:void", "kind": "function", "signature": "(::grpc::ClientContext * context,const::ottx::permission::EnumeratePermissionsRequest * request,::ottx::permission::EnumeratePermissionsResponse * response,std::function<void (::grpc::Status)> f)", "scope": "ottx::permission::AppPermissionsService::Stub::async", "scopeKind": "class"}, {"_type": "tag", "name": "NewStub", "path": "/home/kavia/workspace/code-generation/app-gateway2/build-ottservices/permission_service.grpc.pb.cc", "pattern": "/^std::unique_ptr< AppPermissionsService::Stub> AppPermissionsService::NewStub(const std::shared_p/", "language": "C++", "typeref": "typename:std::unique_ptr<AppPermissionsService::Stub>", "kind": "function", "signature": "(const std::shared_ptr<::grpc::ChannelInterface> & channel,const::grpc::StubOptions & options)", "scope": "ottx::permission::AppPermissionsService", "scopeKind": "class"}, {"_type": "tag", "name": "PrepareAsyncEnumeratePermissionsRaw", "path": "/home/kavia/workspace/code-generation/app-gateway2/build-ottservices/permission_service.grpc.pb.cc", "pattern": "/^::grpc::ClientAsyncResponseReader< ::ottx::permission::EnumeratePermissionsResponse>* AppPermiss/", "language": "C++", "typeref": "typename:::grpc::ClientAsyncResponseReader<::ottx::permission::EnumeratePermissionsResponse> *", "kind": "function", "signature": "(::grpc::ClientContext * context,const::ottx::permission::EnumeratePermissionsRequest & request,::grpc::CompletionQueue * cq)", "scope": "ottx::permission::AppPermissionsService::Stub", "scopeKind": "class"}, {"_type": "tag", "name": "Service", "path": "/home/kavia/workspace/code-generation/app-gateway2/build-ottservices/permission_service.grpc.pb.cc", "pattern": "/^AppPermissionsService::Service::Service() {$/", "language": "C++", "kind": "function", "signature": "()", "scope": "ottx::permission::AppPermissionsService::Service", "scopeKind": "class"}, {"_type": "tag", "name": "Stub", "path": "/home/kavia/workspace/code-generation/app-gateway2/build-ottservices/permission_service.grpc.pb.cc", "pattern": "/^AppPermissionsService::Stub::Stub(const std::shared_ptr< ::grpc::ChannelInterface>& channel, con/", "language": "C++", "kind": "function", "signature": "(const std::shared_ptr<::grpc::ChannelInterface> & channel,const::grpc::StubOptions & options)", "scope": "ottx::permission::AppPermissionsService::Stub", "scopeKind": "class"}, {"_type": "tag", "name": "__anon487018970102", "path": "/home/kavia/workspace/code-generation/app-gateway2/build-ottservices/permission_service.grpc.pb.cc", "pattern": "/^             ::ottx::permission::EnumeratePermissionsResponse* resp) {$/", "file": true, "language": "C++", "kind": "function", "signature": "(AppPermissionsService::Service* service, ::grpc::ServerContext* ctx, const ::ottx::permission::EnumeratePermissionsRequest* req, ::ottx::permission::EnumeratePermissionsResponse* resp) ", "scope": "ottx::permission::AppPermissionsService::Service::Service", "scopeKind": "function"}, {"_type": "tag", "name": "ottx", "path": "/home/kavia/workspace/code-generation/app-gateway2/build-ottservices/permission_service.grpc.pb.cc", "pattern": "/^namespace ottx {$/", "file": true, "language": "C++", "kind": "namespace"}, {"_type": "tag", "name": "permission", "path": "/home/kavia/workspace/code-generation/app-gateway2/build-ottservices/permission_service.grpc.pb.cc", "pattern": "/^namespace permission {$/", "file": true, "language": "C++", "kind": "namespace", "scope": "ottx", "scopeKind": "namespace"}, {"_type": "tag", "name": "~Service", "path": "/home/kavia/workspace/code-generation/app-gateway2/build-ottservices/permission_service.grpc.pb.cc", "pattern": "/^AppPermissionsService::Service::~Service() {$/", "language": "C++", "kind": "function", "signature": "()", "scope": "ottx::permission::AppPermissionsService::Service", "scopeKind": "class"}], "hash": "b3549a2ee96157c95c91201ed361d9b1", "format-version": 4, "code-base-name": "app-gateway2", "filename": "build-ottservices/permission_service.grpc.pb.cc", "fields": [{"name": "const char * [] AppPermissionsService_method_names", "scope": "ottx::permission", "scopeKind": "namespace", "description": "unavailable"}], "revision_history": [{"236": "e298f50bdcb1af92a6a3e942be2f66bfc2e9cdb5"}]}