{"is_source_file": false, "format": "", "description": "", "external_files": [], "external_methods": [], "published": [], "classes": [], "methods": [], "calls": [], "search-terms": [], "state": 2, "file_id": 62, "knowledge_revision": 220, "git_revision": "e298f50bdcb1af92a6a3e942be2f66bfc2e9cdb5", "hash": "47b32e095de093a561f010f78b72fad2", "format-version": 4, "code-base-name": "app-gateway2", "filename": "build-ottservices/CMakeFiles/OttServices.dir/DependInfo.cmake", "revision_history": [{"220": "e298f50bdcb1af92a6a3e942be2f66bfc2e9cdb5"}]}