{"is_source_file": false, "format": "", "description": "", "external_files": [], "external_methods": [], "published": [], "classes": [], "methods": [], "calls": [], "search-terms": [], "state": 2, "file_id": 64, "knowledge_revision": 217, "git_revision": "e298f50bdcb1af92a6a3e942be2f66bfc2e9cdb5", "hash": "cf6fa86485a08fa2d395ce296cb018c7", "format-version": 4, "code-base-name": "app-gateway2", "filename": "build-ottservices/CMakeFiles/OttServices.dir/cmake_clean.cmake", "revision_history": [{"217": "e298f50bdcb1af92a6a3e942be2f66bfc2e9cdb5"}]}