{"is_source_file": false, "format": "", "description": "", "external_files": [], "external_methods": [], "published": [], "classes": [], "methods": [], "calls": [], "search-terms": [], "state": 2, "file_id": 97, "knowledge_revision": 312, "git_revision": "e3dea931296a543a65493075a65aaa817cbdc9a1", "hash": "c8d5f6c296f9cf87fbf8545465eb43bd", "format-version": 4, "code-base-name": "app-gateway2", "filename": "build-ottservices/AppGateway/CMakeFiles/WPEFrameworkAppGateway.dir/DependInfo.cmake", "revision_history": [{"312": "e3dea931296a543a65493075a65aaa817cbdc9a1"}]}