{"is_source_file": false, "format": "", "description": "", "external_files": [], "external_methods": [], "published": [], "classes": [], "methods": [], "calls": [], "search-terms": [], "state": 2, "file_id": 98, "knowledge_revision": 325, "git_revision": "e3dea931296a543a65493075a65aaa817cbdc9a1", "ctags": [], "hash": "393b4eeff73c95094e4a1162ef9de1a5", "format-version": 4, "code-base-name": "app-gateway2", "filename": "build-ottservices/AppGateway/CMakeFiles/WPEFrameworkAppGateway.dir/compiler_depend.ts", "revision_history": [{"325": "e3dea931296a543a65493075a65aaa817cbdc9a1"}]}