{"is_source_file": false, "format": "", "description": "", "external_files": [], "external_methods": [], "published": [], "classes": [], "methods": [], "calls": [], "search-terms": [], "state": 2, "file_id": 101, "knowledge_revision": 315, "git_revision": "e3dea931296a543a65493075a65aaa817cbdc9a1", "hash": "378b595e9102dbb9eb6585a66b8fe86e", "format-version": 4, "code-base-name": "app-gateway2", "filename": "build-ottservices/AppGateway/CTestTestfile.cmake", "revision_history": [{"315": "e3dea931296a543a65493075a65aaa817cbdc9a1"}]}