{"is_source_file": false, "format": "", "description": "", "external_files": [], "external_methods": [], "published": [], "classes": [], "methods": [], "calls": [], "search-terms": [], "state": 2, "file_id": 68, "knowledge_revision": 222, "git_revision": "e298f50bdcb1af92a6a3e942be2f66bfc2e9cdb5", "hash": "ac56d04705af3b59b3d88fccfd5128a9", "format-version": 4, "code-base-name": "app-gateway2", "filename": "build-ottservices/CMakeFiles/CMakeDirectoryInformation.cmake", "revision_history": [{"222": "e298f50bdcb1af92a6a3e942be2f66bfc2e9cdb5"}]}