{"is_source_file": false, "format": "", "description": "", "external_files": [], "external_methods": [], "published": [], "classes": [], "methods": [], "calls": [], "search-terms": [], "state": 2, "file_id": 99, "knowledge_revision": 311, "git_revision": "e3dea931296a543a65493075a65aaa817cbdc9a1", "hash": "fd240dfa03c6c6bf172c71ebd1496606", "format-version": 4, "code-base-name": "app-gateway2", "filename": "build-ottservices/AppGateway/CMakeFiles/WPEFrameworkAppGateway.dir/cmake_clean.cmake", "revision_history": [{"311": "e3dea931296a543a65493075a65aaa817cbdc9a1"}]}