{"is_source_file": false, "format": "", "description": "", "external_files": [], "external_methods": [], "published": [], "classes": [], "methods": [], "calls": [], "search-terms": [], "state": 2, "file_id": 102, "knowledge_revision": 316, "git_revision": "e3dea931296a543a65493075a65aaa817cbdc9a1", "hash": "fdf408130f54bbd24d6bcd30c24f3041", "format-version": 4, "code-base-name": "app-gateway2", "filename": "build-ottservices/AppGateway/cmake_install.cmake", "revision_history": [{"316": "e3dea931296a543a65493075a65aaa817cbdc9a1"}]}