{"is_source_file": false, "format": "", "description": "", "external_files": [], "external_methods": [], "published": [], "classes": [], "methods": [], "calls": [], "search-terms": [], "state": 2, "file_id": 67, "knowledge_revision": 221, "git_revision": "e298f50bdcb1af92a6a3e942be2f66bfc2e9cdb5", "hash": "ce74b085c9071e1337c41b46501256dd", "format-version": 4, "code-base-name": "app-gateway2", "filename": "build-ottservices/CMakeFiles/permission_service_protoc.dir/cmake_clean.cmake", "revision_history": [{"221": "e298f50bdcb1af92a6a3e942be2f66bfc2e9cdb5"}]}