{"is_source_file": false, "format": "", "description": "", "external_files": [], "external_methods": [], "published": [], "classes": [], "methods": [], "calls": [], "search-terms": [], "state": 2, "file_id": 74, "knowledge_revision": 230, "git_revision": "e298f50bdcb1af92a6a3e942be2f66bfc2e9cdb5", "hash": "39005e559676c32043bfca37eef879fc", "format-version": 4, "code-base-name": "app-gateway2", "filename": "build-ottservices/CMakeFiles/3.28.3/CMakeSystem.cmake", "revision_history": [{"230": "e298f50bdcb1af92a6a3e942be2f66bfc2e9cdb5"}]}