{"is_source_file": false, "format": "", "description": "", "external_files": [], "external_methods": [], "published": [], "classes": [], "methods": [], "calls": [], "search-terms": [], "state": 2, "file_id": 69, "knowledge_revision": 227, "git_revision": "e298f50bdcb1af92a6a3e942be2f66bfc2e9cdb5", "hash": "d5b79647dbeb06e94ab8b889af557c42", "format-version": 4, "code-base-name": "app-gateway2", "filename": "build-ottservices/CMakeFiles/permission_service_protoc_grpc.dir/DependInfo.cmake", "revision_history": [{"227": "e298f50bdcb1af92a6a3e942be2f66bfc2e9cdb5"}]}