{"is_source_file": false, "format": "", "description": "", "external_files": [], "external_methods": [], "published": [], "classes": [], "methods": [], "calls": [], "search-terms": [], "state": 2, "file_id": 61, "knowledge_revision": 309, "git_revision": "e3dea931296a543a65493075a65aaa817cbdc9a1", "revision_history": [{"218": "e298f50bdcb1af92a6a3e942be2f66bfc2e9cdb5"}, {"309": "e3dea931296a543a65493075a65aaa817cbdc9a1"}], "hash": "f83fbf3f09067c0eaa88e6ce48716969", "format-version": 4, "code-base-name": "app-gateway2", "filename": "build-ottservices/CMakeFiles/Makefile.cmake"}