{"is_source_file": false, "format": "", "description": "", "external_files": [], "external_methods": [], "published": [], "classes": [], "methods": [], "calls": [], "search-terms": [], "state": 2, "file_id": 70, "knowledge_revision": 231, "git_revision": "e298f50bdcb1af92a6a3e942be2f66bfc2e9cdb5", "ctags": [], "hash": "62ea99c7d2fae2a27c56871e6a1ac881", "format-version": 4, "code-base-name": "app-gateway2", "filename": "build-ottservices/CMakeFiles/permission_service_protoc_grpc.dir/compiler_depend.ts", "revision_history": [{"231": "e298f50bdcb1af92a6a3e942be2f66bfc2e9cdb5"}]}