{"is_source_file": true, "format": "C++ header file with gRPC generated code", "description": "This file contains generated gRPC service definitions, client stub interfaces, server service classes, and various method wrappers for the permission service defined in 'permission_service.proto'. It is a header file produced by the gRPC C++ plugin, providing interfaces for remote procedure calls related to application permission enumeration.", "external_files": ["permission_service.pb.h"], "external_methods": ["grpc::Status::EnumeratePermissions", "grpc::ClientContext", "grpc::CompletionQueue", "grpc::ClientAsyncResponseReaderInterface", "grpc::ServerContext", "grpc::ServerUnaryReactor", "grpc::CallbackServerContext", "grpc::ByteBuffer", "grpc::ServerUnaryStreamer"], "published": ["ottx.permission.AppPermissionsService", "ottx.permission.AppPermissionsService::Stub", "ottx.permission.AppPermissionsService::Service", "ottx.permission.AppPermissionsService::Stub::AsyncEnumeratePermissions", "ottx.permission.AppPermissionsService::Stub::PrepareAsyncEnumeratePermissions", "ottx.permission.AppPermissionsService::Service::EnumeratePermissions"], "classes": [{"name": "AppPermissionsService", "description": "Main service class encapsulating permission enumeration functionality."}, {"name": "AppPermissionsService::StubInterface", "description": "Interface defining the client stub methods for permission service."}, {"name": "AppPermissionsService::Stub", "description": "Concrete implementation of the client stub to interact with the permission service via gRPC."}, {"name": "AppPermissionsService::Service", "description": "Server-side class to be inherited and implemented for handling permission enumeration RPC calls."}], "methods": [{"name": "::grpc::Status EnumeratePermissions(::grpc::ServerContext *,const::ottx::permission::EnumeratePermissionsRequest *,::ottx::permission::EnumeratePermissionsResponse *)", "description": "RPC method for obtaining the list of permissions for a specified application.", "scope": "ottx::permission::AppPermissionsService::WithStreamedUnaryMethod_EnumeratePermissions", "scopeKind": "class"}, {"name": "char const * service_full_name()", "description": "Returns the full name identifier of the gRPC service.", "scope": "ottx::permission::AppPermissionsService", "scopeKind": "class"}, {"name": "std::unique_ptr<::grpc::ClientAsyncResponseReader<::ottx::permission::EnumeratePermissionsResponse>> AsyncEnumeratePermissions(::grpc::ClientContext * context,const::ottx::permission::EnumeratePermissionsRequest & request,::grpc::CompletionQueue * cq)", "scope": "ottx::permission::AppPermissionsService::Stub", "scopeKind": "class", "description": "unavailable"}, {"name": "std::unique_ptr<::grpc::ClientAsyncResponseReaderInterface<::ottx::permission::EnumeratePermissionsResponse>> AsyncEnumeratePermissions(::grpc::ClientContext * context,const::ottx::permission::EnumeratePermissionsRequest & request,::grpc::CompletionQueue * cq)", "scope": "ottx::permission::AppPermissionsService::StubInterface", "scopeKind": "class", "description": "unavailable"}, {"name": "void BaseClassMustBeDerivedFromService(const Service *)", "scope": "ottx::permission::AppPermissionsService::WithStreamedUnaryMethod_EnumeratePermissions", "scopeKind": "class", "description": "unavailable"}, {"name": "::grpc::ServerUnaryReactor * EnumeratePermissions(::grpc::CallbackServerContext *,const::grpc::ByteBuffer *,::grpc::ByteBuffer *)", "scope": "ottx::permission::AppPermissionsService::WithRawCallbackMethod_EnumeratePermissions", "scopeKind": "class", "description": "unavailable"}, {"name": "::grpc::ServerUnaryReactor * EnumeratePermissions(::grpc::CallbackServerContext *,const::ottx::permission::EnumeratePermissionsRequest *,::ottx::permission::EnumeratePermissionsResponse *)", "scope": "ottx::permission::AppPermissionsService::WithCallbackMethod_EnumeratePermissions", "scopeKind": "class", "description": "unavailable"}, {"name": "std::unique_ptr<::grpc::ClientAsyncResponseReader<::ottx::permission::EnumeratePermissionsResponse>> PrepareAsyncEnumeratePermissions(::grpc::ClientContext * context,const::ottx::permission::EnumeratePermissionsRequest & request,::grpc::CompletionQueue * cq)", "scope": "ottx::permission::AppPermissionsService::Stub", "scopeKind": "class", "description": "unavailable"}, {"name": "std::unique_ptr<::grpc::ClientAsyncResponseReaderInterface<::ottx::permission::EnumeratePermissionsResponse>> PrepareAsyncEnumeratePermissions(::grpc::ClientContext * context,const::ottx::permission::EnumeratePermissionsRequest & request,::grpc::CompletionQueue * cq)", "scope": "ottx::permission::AppPermissionsService::StubInterface", "scopeKind": "class", "description": "unavailable"}, {"name": "void RequestEnumeratePermissions(::grpc::ServerContext * context,::grpc::ByteBuffer * request,::grpc::ServerAsyncResponseWriter<::grpc::ByteBuffer> * response,::grpc::CompletionQueue * new_call_cq,::grpc::ServerCompletionQueue * notification_cq,void * tag)", "scope": "ottx::permission::AppPermissionsService::WithRawMethod_EnumeratePermissions", "scopeKind": "class", "description": "unavailable"}, {"name": "void RequestEnumeratePermissions(::grpc::ServerContext * context,::ottx::permission::EnumeratePermissionsRequest * request,::grpc::ServerAsyncResponseWriter<::ottx::permission::EnumeratePermissionsResponse> * response,::grpc::CompletionQueue * new_call_cq,::grpc::ServerCompletionQueue * notification_cq,void * tag)", "scope": "ottx::permission::AppPermissionsService::WithAsyncMethod_EnumeratePermissions", "scopeKind": "class", "description": "unavailable"}, {"name": "void SetMessageAllocatorFor_EnumeratePermissions(::grpc::MessageAllocator<::ottx::permission::EnumeratePermissionsRequest,::ottx::permission::EnumeratePermissionsResponse> * allocator)", "scope": "ottx::permission::AppPermissionsService::WithCallbackMethod_EnumeratePermissions", "scopeKind": "class", "description": "unavailable"}, {"name": "WithAsyncMethod_EnumeratePermissions()", "scope": "ottx::permission::AppPermissionsService::WithAsyncMethod_EnumeratePermissions", "scopeKind": "class", "description": "unavailable"}, {"name": "WithCallbackMethod_EnumeratePermissions()", "scope": "ottx::permission::AppPermissionsService::WithCallbackMethod_EnumeratePermissions", "scopeKind": "class", "description": "unavailable"}, {"name": "WithGenericMethod_EnumeratePermissions()", "scope": "ottx::permission::AppPermissionsService::WithGenericMethod_EnumeratePermissions", "scopeKind": "class", "description": "unavailable"}, {"name": "WithRawCallbackMethod_EnumeratePermissions()", "scope": "ottx::permission::AppPermissionsService::WithRawCallbackMethod_EnumeratePermissions", "scopeKind": "class", "description": "unavailable"}, {"name": "WithRawMethod_EnumeratePermissions()", "scope": "ottx::permission::AppPermissionsService::WithRawMethod_EnumeratePermissions", "scopeKind": "class", "description": "unavailable"}, {"name": "WithStreamedUnaryMethod_EnumeratePermissions()", "scope": "ottx::permission::AppPermissionsService::WithStreamedUnaryMethod_EnumeratePermissions", "scopeKind": "class", "description": "unavailable"}, {"name": "__anon09f3e1b90102( ::grpc::CallbackServerContext* context, const ::ottx::permission::EnumeratePermissionsRequest* request, ::ottx::permission::EnumeratePermissionsResponse* response)", "scope": "ottx::permission::AppPermissionsService::WithCallbackMethod_EnumeratePermissions::WithCallbackMethod_EnumeratePermissions", "scopeKind": "function", "description": "unavailable"}, {"name": "__anon09f3e1b90202( ::grpc::CallbackServerContext* context, const ::grpc::ByteBuffer* request, ::grpc::ByteBuffer* response)", "scope": "ottx::permission::AppPermissionsService::WithRawCallbackMethod_EnumeratePermissions::WithRawCallbackMethod_EnumeratePermissions", "scopeKind": "function", "description": "unavailable"}, {"name": "__anon09f3e1b90302(::grpc::ServerContext* context, ::grpc::ServerUnaryStreamer< ::ottx::permission::EnumeratePermissionsRequest, ::ottx::permission::EnumeratePermissionsResponse>* streamer)", "scope": "ottx::permission::AppPermissionsService::WithStreamedUnaryMethod_EnumeratePermissions::WithStreamedUnaryMethod_EnumeratePermissions", "scopeKind": "function", "description": "unavailable"}, {"name": "async(Stub * stub)", "scope": "ottx::permission::AppPermissionsService::Stub::async", "scopeKind": "class", "description": "unavailable"}, {"name": "class:async * async()", "scope": "ottx::permission::AppPermissionsService::Stub", "scopeKind": "class", "description": "unavailable"}, {"name": "class:async_interface * async()", "scope": "ottx::permission::AppPermissionsService::StubInterface", "scopeKind": "class", "description": "unavailable"}, {"name": "class:async_interface * experimental_async()", "scope": "ottx::permission::AppPermissionsService::StubInterface", "scopeKind": "class", "description": "unavailable"}, {"name": "Stub * stub()", "scope": "ottx::permission::AppPermissionsService::Stub::async", "scopeKind": "class", "description": "unavailable"}, {"name": "~StubInterface()", "scope": "ottx::permission::AppPermissionsService::StubInterface", "scopeKind": "class", "description": "unavailable"}, {"name": "~WithAsyncMethod_EnumeratePermissions()", "scope": "ottx::permission::AppPermissionsService::WithAsyncMethod_EnumeratePermissions", "scopeKind": "class", "description": "unavailable"}, {"name": "~WithCallbackMethod_EnumeratePermissions()", "scope": "ottx::permission::AppPermissionsService::WithCallbackMethod_EnumeratePermissions", "scopeKind": "class", "description": "unavailable"}], "calls": ["grpc::Status::EnumeratePermissions", "stub_->EnumeratePermissions", "async()->EnumeratePermissions", "stub->PrepareAsyncEnumeratePermissions"], "search-terms": ["permission_service.grpc.pb.h", "gRPC permission service", "AppPermissionsService", "EnumeratePermissions", "permission_service.proto", "permission service stub", "permission RPC", "permission server"], "state": 2, "file_id": 78, "knowledge_revision": 237, "git_revision": "e298f50bdcb1af92a6a3e942be2f66bfc2e9cdb5", "ctags": [{"_type": "tag", "name": "AppPermissionsService", "path": "/home/kavia/workspace/code-generation/app-gateway2/build-ottservices/permission_service.grpc.pb.h", "pattern": "/^class AppPermissionsService final {$/", "language": "C++", "kind": "class", "scope": "ottx::permission", "scopeKind": "namespace"}, {"_type": "tag", "name": "AsyncEnumeratePermissions", "path": "/home/kavia/workspace/code-generation/app-gateway2/build-ottservices/permission_service.grpc.pb.h", "pattern": "/^    std::unique_ptr< ::grpc::ClientAsyncResponseReader< ::ottx::permission::EnumeratePermissions/", "language": "C++", "typeref": "typename:std::unique_ptr<::grpc::ClientAsyncResponseReader<::ottx::permission::EnumeratePermissionsResponse>>", "kind": "function", "signature": "(::grpc::ClientContext * context,const::ottx::permission::EnumeratePermissionsRequest & request,::grpc::CompletionQueue * cq)", "scope": "ottx::permission::AppPermissionsService::Stub", "scopeKind": "class"}, {"_type": "tag", "name": "AsyncEnumeratePermissions", "path": "/home/kavia/workspace/code-generation/app-gateway2/build-ottservices/permission_service.grpc.pb.h", "pattern": "/^    std::unique_ptr< ::grpc::ClientAsyncResponseReaderInterface< ::ottx::permission::EnumeratePe/", "language": "C++", "typeref": "typename:std::unique_ptr<::grpc::ClientAsyncResponseReaderInterface<::ottx::permission::EnumeratePermissionsResponse>>", "kind": "function", "signature": "(::grpc::ClientContext * context,const::ottx::permission::EnumeratePermissionsRequest & request,::grpc::CompletionQueue * cq)", "scope": "ottx::permission::AppPermissionsService::StubInterface", "scopeKind": "class"}, {"_type": "tag", "name": "AsyncService", "path": "/home/kavia/workspace/code-generation/app-gateway2/build-ottservices/permission_service.grpc.pb.h", "pattern": "/^  typedef WithAsyncMethod_EnumeratePermissions<Service > AsyncService;$/", "language": "C++", "typeref": "typename:WithAsyncMethod_EnumeratePermissions<Service>", "kind": "typedef", "scope": "ottx::permission::AppPermissionsService", "scopeKind": "class"}, {"_type": "tag", "name": "BaseClassMustBeDerivedFromService", "path": "/home/kavia/workspace/code-generation/app-gateway2/build-ottservices/permission_service.grpc.pb.h", "pattern": "/^    void BaseClassMustBeDerivedFromService(const Service* \\/*service*\\/) {}$/", "language": "C++", "typeref": "typename:void", "kind": "function", "signature": "(const Service *)", "scope": "ottx::permission::AppPermissionsService::WithAsyncMethod_EnumeratePermissions", "scopeKind": "class"}, {"_type": "tag", "name": "BaseClassMustBeDerivedFromService", "path": "/home/kavia/workspace/code-generation/app-gateway2/build-ottservices/permission_service.grpc.pb.h", "pattern": "/^    void BaseClassMustBeDerivedFromService(const Service* \\/*service*\\/) {}$/", "language": "C++", "typeref": "typename:void", "kind": "function", "signature": "(const Service *)", "scope": "ottx::permission::AppPermissionsService::WithCallbackMethod_EnumeratePermissions", "scopeKind": "class"}, {"_type": "tag", "name": "BaseClassMustBeDerivedFromService", "path": "/home/kavia/workspace/code-generation/app-gateway2/build-ottservices/permission_service.grpc.pb.h", "pattern": "/^    void BaseClassMustBeDerivedFromService(const Service* \\/*service*\\/) {}$/", "language": "C++", "typeref": "typename:void", "kind": "function", "signature": "(const Service *)", "scope": "ottx::permission::AppPermissionsService::WithGenericMethod_EnumeratePermissions", "scopeKind": "class"}, {"_type": "tag", "name": "BaseClassMustBeDerivedFromService", "path": "/home/kavia/workspace/code-generation/app-gateway2/build-ottservices/permission_service.grpc.pb.h", "pattern": "/^    void BaseClassMustBeDerivedFromService(const Service* \\/*service*\\/) {}$/", "language": "C++", "typeref": "typename:void", "kind": "function", "signature": "(const Service *)", "scope": "ottx::permission::AppPermissionsService::WithRawCallbackMethod_EnumeratePermissions", "scopeKind": "class"}, {"_type": "tag", "name": "BaseClassMustBeDerivedFromService", "path": "/home/kavia/workspace/code-generation/app-gateway2/build-ottservices/permission_service.grpc.pb.h", "pattern": "/^    void BaseClassMustBeDerivedFromService(const Service* \\/*service*\\/) {}$/", "language": "C++", "typeref": "typename:void", "kind": "function", "signature": "(const Service *)", "scope": "ottx::permission::AppPermissionsService::WithRawMethod_EnumeratePermissions", "scopeKind": "class"}, {"_type": "tag", "name": "BaseClassMustBeDerivedFromService", "path": "/home/kavia/workspace/code-generation/app-gateway2/build-ottservices/permission_service.grpc.pb.h", "pattern": "/^    void BaseClassMustBeDerivedFromService(const Service* \\/*service*\\/) {}$/", "language": "C++", "typeref": "typename:void", "kind": "function", "signature": "(const Service *)", "scope": "ottx::permission::AppPermissionsService::WithStreamedUnaryMethod_EnumeratePermissions", "scopeKind": "class"}, {"_type": "tag", "name": "CallbackService", "path": "/home/kavia/workspace/code-generation/app-gateway2/build-ottservices/permission_service.grpc.pb.h", "pattern": "/^  typedef WithCallbackMethod_EnumeratePermissions<Service > CallbackService;$/", "language": "C++", "typeref": "typename:WithCallbackMethod_EnumeratePermissions<Service>", "kind": "typedef", "scope": "ottx::permission::AppPermissionsService", "scopeKind": "class"}, {"_type": "tag", "name": "EnumeratePermissions", "path": "/home/kavia/workspace/code-generation/app-gateway2/build-ottservices/permission_service.grpc.pb.h", "pattern": "/^    ::grpc::Status EnumeratePermissions(::grpc::ServerContext* \\/*context*\\/, const ::ottx::perm/", "language": "C++", "typeref": "typename:::grpc::Status", "kind": "function", "signature": "(::grpc::ServerContext *,const::ottx::permission::EnumeratePermissionsRequest *,::ottx::permission::EnumeratePermissionsResponse *)", "scope": "ottx::permission::AppPermissionsService::WithAsyncMethod_EnumeratePermissions", "scopeKind": "class"}, {"_type": "tag", "name": "EnumeratePermissions", "path": "/home/kavia/workspace/code-generation/app-gateway2/build-ottservices/permission_service.grpc.pb.h", "pattern": "/^    ::grpc::Status EnumeratePermissions(::grpc::ServerContext* \\/*context*\\/, const ::ottx::perm/", "language": "C++", "typeref": "typename:::grpc::Status", "kind": "function", "signature": "(::grpc::ServerContext *,const::ottx::permission::EnumeratePermissionsRequest *,::ottx::permission::EnumeratePermissionsResponse *)", "scope": "ottx::permission::AppPermissionsService::WithCallbackMethod_EnumeratePermissions", "scopeKind": "class"}, {"_type": "tag", "name": "EnumeratePermissions", "path": "/home/kavia/workspace/code-generation/app-gateway2/build-ottservices/permission_service.grpc.pb.h", "pattern": "/^    ::grpc::Status EnumeratePermissions(::grpc::ServerContext* \\/*context*\\/, const ::ottx::perm/", "language": "C++", "typeref": "typename:::grpc::Status", "kind": "function", "signature": "(::grpc::ServerContext *,const::ottx::permission::EnumeratePermissionsRequest *,::ottx::permission::EnumeratePermissionsResponse *)", "scope": "ottx::permission::AppPermissionsService::WithGenericMethod_EnumeratePermissions", "scopeKind": "class"}, {"_type": "tag", "name": "EnumeratePermissions", "path": "/home/kavia/workspace/code-generation/app-gateway2/build-ottservices/permission_service.grpc.pb.h", "pattern": "/^    ::grpc::Status EnumeratePermissions(::grpc::ServerContext* \\/*context*\\/, const ::ottx::perm/", "language": "C++", "typeref": "typename:::grpc::Status", "kind": "function", "signature": "(::grpc::ServerContext *,const::ottx::permission::EnumeratePermissionsRequest *,::ottx::permission::EnumeratePermissionsResponse *)", "scope": "ottx::permission::AppPermissionsService::WithRawCallbackMethod_EnumeratePermissions", "scopeKind": "class"}, {"_type": "tag", "name": "EnumeratePermissions", "path": "/home/kavia/workspace/code-generation/app-gateway2/build-ottservices/permission_service.grpc.pb.h", "pattern": "/^    ::grpc::Status EnumeratePermissions(::grpc::ServerContext* \\/*context*\\/, const ::ottx::perm/", "language": "C++", "typeref": "typename:::grpc::Status", "kind": "function", "signature": "(::grpc::ServerContext *,const::ottx::permission::EnumeratePermissionsRequest *,::ottx::permission::EnumeratePermissionsResponse *)", "scope": "ottx::permission::AppPermissionsService::WithRawMethod_EnumeratePermissions", "scopeKind": "class"}, {"_type": "tag", "name": "EnumeratePermissions", "path": "/home/kavia/workspace/code-generation/app-gateway2/build-ottservices/permission_service.grpc.pb.h", "pattern": "/^    ::grpc::Status EnumeratePermissions(::grpc::ServerContext* \\/*context*\\/, const ::ottx::perm/", "language": "C++", "typeref": "typename:::grpc::Status", "kind": "function", "signature": "(::grpc::ServerContext *,const::ottx::permission::EnumeratePermissionsRequest *,::ottx::permission::EnumeratePermissionsResponse *)", "scope": "ottx::permission::AppPermissionsService::WithStreamedUnaryMethod_EnumeratePermissions", "scopeKind": "class"}, {"_type": "tag", "name": "EnumeratePermissions", "path": "/home/kavia/workspace/code-generation/app-gateway2/build-ottservices/permission_service.grpc.pb.h", "pattern": "/^    virtual ::grpc::ServerUnaryReactor* EnumeratePermissions($/", "language": "C++", "typeref": "typename:::grpc::ServerUnaryReactor *", "kind": "function", "signature": "(::grpc::CallbackServerContext *,const::grpc::ByteBuffer *,::grpc::ByteBuffer *)", "scope": "ottx::permission::AppPermissionsService::WithRawCallbackMethod_EnumeratePermissions", "scopeKind": "class"}, {"_type": "tag", "name": "EnumeratePermissions", "path": "/home/kavia/workspace/code-generation/app-gateway2/build-ottservices/permission_service.grpc.pb.h", "pattern": "/^    virtual ::grpc::ServerUnaryReactor* EnumeratePermissions($/", "language": "C++", "typeref": "typename:::grpc::ServerUnaryReactor *", "kind": "function", "signature": "(::grpc::CallbackServerContext *,const::ottx::permission::EnumeratePermissionsRequest *,::ottx::permission::EnumeratePermissionsResponse *)", "scope": "ottx::permission::AppPermissionsService::WithCallbackMethod_EnumeratePermissions", "scopeKind": "class"}, {"_type": "tag", "name": "ExperimentalCallbackService", "path": "/home/kavia/workspace/code-generation/app-gateway2/build-ottservices/permission_service.grpc.pb.h", "pattern": "/^  typedef CallbackService ExperimentalCallbackService;$/", "language": "C++", "typeref": "typename:CallbackService", "kind": "typedef", "scope": "ottx::permission::AppPermissionsService", "scopeKind": "class"}, {"_type": "tag", "name": "GRPC_permission_5fservice_2eproto__INCLUDED", "path": "/home/kavia/workspace/code-generation/app-gateway2/build-ottservices/permission_service.grpc.pb.h", "pattern": "/^#define GRPC_permission_5fservice_2eproto__INCLUDED$/", "language": "C++", "kind": "macro"}, {"_type": "tag", "name": "PrepareAsyncEnumeratePermissions", "path": "/home/kavia/workspace/code-generation/app-gateway2/build-ottservices/permission_service.grpc.pb.h", "pattern": "/^    std::unique_ptr< ::grpc::ClientAsyncResponseReader< ::ottx::permission::EnumeratePermissions/", "language": "C++", "typeref": "typename:std::unique_ptr<::grpc::ClientAsyncResponseReader<::ottx::permission::EnumeratePermissionsResponse>>", "kind": "function", "signature": "(::grpc::ClientContext * context,const::ottx::permission::EnumeratePermissionsRequest & request,::grpc::CompletionQueue * cq)", "scope": "ottx::permission::AppPermissionsService::Stub", "scopeKind": "class"}, {"_type": "tag", "name": "PrepareAsyncEnumeratePermissions", "path": "/home/kavia/workspace/code-generation/app-gateway2/build-ottservices/permission_service.grpc.pb.h", "pattern": "/^    std::unique_ptr< ::grpc::ClientAsyncResponseReaderInterface< ::ottx::permission::EnumeratePe/", "language": "C++", "typeref": "typename:std::unique_ptr<::grpc::ClientAsyncResponseReaderInterface<::ottx::permission::EnumeratePermissionsResponse>>", "kind": "function", "signature": "(::grpc::ClientContext * context,const::ottx::permission::EnumeratePermissionsRequest & request,::grpc::CompletionQueue * cq)", "scope": "ottx::permission::AppPermissionsService::StubInterface", "scopeKind": "class"}, {"_type": "tag", "name": "RequestEnumeratePermissions", "path": "/home/kavia/workspace/code-generation/app-gateway2/build-ottservices/permission_service.grpc.pb.h", "pattern": "/^    void RequestEnumeratePermissions(::grpc::ServerContext* context, ::grpc::ByteBuffer* request/", "language": "C++", "typeref": "typename:void", "kind": "function", "signature": "(::grpc::ServerContext * context,::grpc::ByteBuffer * request,::grpc::ServerAsyncResponseWriter<::grpc::ByteBuffer> * response,::grpc::CompletionQueue * new_call_cq,::grpc::ServerCompletionQueue * notification_cq,void * tag)", "scope": "ottx::permission::AppPermissionsService::WithRawMethod_EnumeratePermissions", "scopeKind": "class"}, {"_type": "tag", "name": "RequestEnumeratePermissions", "path": "/home/kavia/workspace/code-generation/app-gateway2/build-ottservices/permission_service.grpc.pb.h", "pattern": "/^    void RequestEnumeratePermissions(::grpc::ServerContext* context, ::ottx::permission::Enumera/", "language": "C++", "typeref": "typename:void", "kind": "function", "signature": "(::grpc::ServerContext * context,::ottx::permission::EnumeratePermissionsRequest * request,::grpc::ServerAsyncResponseWriter<::ottx::permission::EnumeratePermissionsResponse> * response,::grpc::CompletionQueue * new_call_cq,::grpc::ServerCompletionQueue * notification_cq,void * tag)", "scope": "ottx::permission::AppPermissionsService::WithAsyncMethod_EnumeratePermissions", "scopeKind": "class"}, {"_type": "tag", "name": "Service", "path": "/home/kavia/workspace/code-generation/app-gateway2/build-ottservices/permission_service.grpc.pb.h", "pattern": "/^  class Service : public ::grpc::Service {$/", "language": "C++", "kind": "class", "scope": "ottx::permission::AppPermissionsService", "scopeKind": "class"}, {"_type": "tag", "name": "SetMessageAllocatorFor_EnumeratePermissions", "path": "/home/kavia/workspace/code-generation/app-gateway2/build-ottservices/permission_service.grpc.pb.h", "pattern": "/^    void SetMessageAllocatorFor_EnumeratePermissions($/", "language": "C++", "typeref": "typename:void", "kind": "function", "signature": "(::grpc::MessageAllocator<::ottx::permission::EnumeratePermissionsRequest,::ottx::permission::EnumeratePermissionsResponse> * allocator)", "scope": "ottx::permission::AppPermissionsService::WithCallbackMethod_EnumeratePermissions", "scopeKind": "class"}, {"_type": "tag", "name": "SplitStreamedService", "path": "/home/kavia/workspace/code-generation/app-gateway2/build-ottservices/permission_service.grpc.pb.h", "pattern": "/^  typedef Service SplitStreamedService;$/", "language": "C++", "typeref": "typename:Service", "kind": "typedef", "scope": "ottx::permission::AppPermissionsService", "scopeKind": "class"}, {"_type": "tag", "name": "StreamedService", "path": "/home/kavia/workspace/code-generation/app-gateway2/build-ottservices/permission_service.grpc.pb.h", "pattern": "/^  typedef WithStreamedUnaryMethod_EnumeratePermissions<Service > StreamedService;$/", "language": "C++", "typeref": "typename:WithStreamedUnaryMethod_EnumeratePermissions<Service>", "kind": "typedef", "scope": "ottx::permission::AppPermissionsService", "scopeKind": "class"}, {"_type": "tag", "name": "StreamedUnaryService", "path": "/home/kavia/workspace/code-generation/app-gateway2/build-ottservices/permission_service.grpc.pb.h", "pattern": "/^  typedef WithStreamedUnaryMethod_EnumeratePermissions<Service > StreamedUnaryService;$/", "language": "C++", "typeref": "typename:WithStreamedUnaryMethod_EnumeratePermissions<Service>", "kind": "typedef", "scope": "ottx::permission::AppPermissionsService", "scopeKind": "class"}, {"_type": "tag", "name": "Stub", "path": "/home/kavia/workspace/code-generation/app-gateway2/build-ottservices/permission_service.grpc.pb.h", "pattern": "/^  class Stub final : public StubInterface {$/", "language": "C++", "kind": "class", "scope": "ottx::permission::AppPermissionsService", "scopeKind": "class"}, {"_type": "tag", "name": "StubInterface", "path": "/home/kavia/workspace/code-generation/app-gateway2/build-ottservices/permission_service.grpc.pb.h", "pattern": "/^  class StubInterface {$/", "language": "C++", "kind": "class", "scope": "ottx::permission::AppPermissionsService", "scopeKind": "class"}, {"_type": "tag", "name": "WithAsyncMethod_EnumeratePermissions", "path": "/home/kavia/workspace/code-generation/app-gateway2/build-ottservices/permission_service.grpc.pb.h", "pattern": "/^    WithAsyncMethod_EnumeratePermissions() {$/", "language": "C++", "kind": "function", "signature": "()", "scope": "ottx::permission::AppPermissionsService::WithAsyncMethod_EnumeratePermissions", "scopeKind": "class"}, {"_type": "tag", "name": "WithAsyncMethod_EnumeratePermissions", "path": "/home/kavia/workspace/code-generation/app-gateway2/build-ottservices/permission_service.grpc.pb.h", "pattern": "/^  class WithAsyncMethod_EnumeratePermissions : public BaseClass {$/", "language": "C++", "kind": "class", "scope": "ottx::permission::AppPermissionsService", "scopeKind": "class"}, {"_type": "tag", "name": "WithCallbackMethod_EnumeratePermissions", "path": "/home/kavia/workspace/code-generation/app-gateway2/build-ottservices/permission_service.grpc.pb.h", "pattern": "/^    WithCallbackMethod_EnumeratePermissions() {$/", "language": "C++", "kind": "function", "signature": "()", "scope": "ottx::permission::AppPermissionsService::WithCallbackMethod_EnumeratePermissions", "scopeKind": "class"}, {"_type": "tag", "name": "WithCallbackMethod_EnumeratePermissions", "path": "/home/kavia/workspace/code-generation/app-gateway2/build-ottservices/permission_service.grpc.pb.h", "pattern": "/^  class WithCallbackMethod_EnumeratePermissions : public BaseClass {$/", "language": "C++", "kind": "class", "scope": "ottx::permission::AppPermissionsService", "scopeKind": "class"}, {"_type": "tag", "name": "WithGenericMethod_EnumeratePermissions", "path": "/home/kavia/workspace/code-generation/app-gateway2/build-ottservices/permission_service.grpc.pb.h", "pattern": "/^    WithGenericMethod_EnumeratePermissions() {$/", "language": "C++", "kind": "function", "signature": "()", "scope": "ottx::permission::AppPermissionsService::WithGenericMethod_EnumeratePermissions", "scopeKind": "class"}, {"_type": "tag", "name": "WithGenericMethod_EnumeratePermissions", "path": "/home/kavia/workspace/code-generation/app-gateway2/build-ottservices/permission_service.grpc.pb.h", "pattern": "/^  class WithGenericMethod_EnumeratePermissions : public BaseClass {$/", "language": "C++", "kind": "class", "scope": "ottx::permission::AppPermissionsService", "scopeKind": "class"}, {"_type": "tag", "name": "WithRawCallbackMethod_EnumeratePermissions", "path": "/home/kavia/workspace/code-generation/app-gateway2/build-ottservices/permission_service.grpc.pb.h", "pattern": "/^    WithRawCallbackMethod_EnumeratePermissions() {$/", "language": "C++", "kind": "function", "signature": "()", "scope": "ottx::permission::AppPermissionsService::WithRawCallbackMethod_EnumeratePermissions", "scopeKind": "class"}, {"_type": "tag", "name": "WithRawCallbackMethod_EnumeratePermissions", "path": "/home/kavia/workspace/code-generation/app-gateway2/build-ottservices/permission_service.grpc.pb.h", "pattern": "/^  class WithRawCallbackMethod_EnumeratePermissions : public BaseClass {$/", "language": "C++", "kind": "class", "scope": "ottx::permission::AppPermissionsService", "scopeKind": "class"}, {"_type": "tag", "name": "WithRawMethod_EnumeratePermissions", "path": "/home/kavia/workspace/code-generation/app-gateway2/build-ottservices/permission_service.grpc.pb.h", "pattern": "/^    WithRawMethod_EnumeratePermissions() {$/", "language": "C++", "kind": "function", "signature": "()", "scope": "ottx::permission::AppPermissionsService::WithRawMethod_EnumeratePermissions", "scopeKind": "class"}, {"_type": "tag", "name": "WithRawMethod_EnumeratePermissions", "path": "/home/kavia/workspace/code-generation/app-gateway2/build-ottservices/permission_service.grpc.pb.h", "pattern": "/^  class WithRawMethod_EnumeratePermissions : public BaseClass {$/", "language": "C++", "kind": "class", "scope": "ottx::permission::AppPermissionsService", "scopeKind": "class"}, {"_type": "tag", "name": "WithStreamedUnaryMethod_EnumeratePermissions", "path": "/home/kavia/workspace/code-generation/app-gateway2/build-ottservices/permission_service.grpc.pb.h", "pattern": "/^    WithStreamedUnaryMethod_EnumeratePermissions() {$/", "language": "C++", "kind": "function", "signature": "()", "scope": "ottx::permission::AppPermissionsService::WithStreamedUnaryMethod_EnumeratePermissions", "scopeKind": "class"}, {"_type": "tag", "name": "WithStreamedUnaryMethod_EnumeratePermissions", "path": "/home/kavia/workspace/code-generation/app-gateway2/build-ottservices/permission_service.grpc.pb.h", "pattern": "/^  class WithStreamedUnaryMethod_EnumeratePermissions : public BaseClass {$/", "language": "C++", "kind": "class", "scope": "ottx::permission::AppPermissionsService", "scopeKind": "class"}, {"_type": "tag", "name": "__anon09f3e1b90102", "path": "/home/kavia/workspace/code-generation/app-gateway2/build-ottservices/permission_service.grpc.pb.h", "pattern": "/^                   ::grpc::CallbackServerContext* context, const ::ottx::permission::EnumeratePe/", "file": true, "language": "C++", "kind": "function", "signature": "( ::grpc::CallbackServerContext* context, const ::ottx::permission::EnumeratePermissionsRequest* request, ::ottx::permission::EnumeratePermissionsResponse* response) ", "scope": "ottx::permission::AppPermissionsService::WithCallbackMethod_EnumeratePermissions::WithCallbackMethod_EnumeratePermissions", "scopeKind": "function"}, {"_type": "tag", "name": "__anon09f3e1b90202", "path": "/home/kavia/workspace/code-generation/app-gateway2/build-ottservices/permission_service.grpc.pb.h", "pattern": "/^                   ::grpc::CallbackServerContext* context, const ::grpc::ByteBuffer* request, ::/", "file": true, "language": "C++", "kind": "function", "signature": "( ::grpc::CallbackServerContext* context, const ::grpc::ByteBuffer* request, ::grpc::ByteBuffer* response) ", "scope": "ottx::permission::AppPermissionsService::WithRawCallbackMethod_EnumeratePermissions::WithRawCallbackMethod_EnumeratePermissions", "scopeKind": "function"}, {"_type": "tag", "name": "__anon09f3e1b90302", "path": "/home/kavia/workspace/code-generation/app-gateway2/build-ottservices/permission_service.grpc.pb.h", "pattern": "/^                     ::ottx::permission::EnumeratePermissionsRequest, ::ottx::permission::Enumer/", "file": true, "language": "C++", "kind": "function", "signature": "(::grpc::ServerContext* context, ::grpc::ServerUnaryStreamer< ::ottx::permission::EnumeratePermissionsRequest, ::ottx::permission::EnumeratePermissionsResponse>* streamer) ", "scope": "ottx::permission::AppPermissionsService::WithStreamedUnaryMethod_EnumeratePermissions::WithStreamedUnaryMethod_EnumeratePermissions", "scopeKind": "function"}, {"_type": "tag", "name": "async", "path": "/home/kavia/workspace/code-generation/app-gateway2/build-ottservices/permission_service.grpc.pb.h", "pattern": "/^      explicit async(Stub* stub): stub_(stub) { }$/", "language": "C++", "kind": "function", "signature": "(Stub * stub)", "scope": "ottx::permission::AppPermissionsService::Stub::async", "scopeKind": "class"}, {"_type": "tag", "name": "async", "path": "/home/kavia/workspace/code-generation/app-gateway2/build-ottservices/permission_service.grpc.pb.h", "pattern": "/^    class async final :$/", "language": "C++", "kind": "class", "scope": "ottx::permission::AppPermissionsService::Stub", "scopeKind": "class"}, {"_type": "tag", "name": "async", "path": "/home/kavia/workspace/code-generation/app-gateway2/build-ottservices/permission_service.grpc.pb.h", "pattern": "/^    class async* async() override { return &async_stub_; }$/", "language": "C++", "typeref": "class:async *", "kind": "function", "signature": "()", "scope": "ottx::permission::AppPermissionsService::Stub", "scopeKind": "class"}, {"_type": "tag", "name": "async", "path": "/home/kavia/workspace/code-generation/app-gateway2/build-ottservices/permission_service.grpc.pb.h", "pattern": "/^    virtual class async_interface* async() { return nullptr; }$/", "language": "C++", "typeref": "class:async_interface *", "kind": "function", "signature": "()", "scope": "ottx::permission::AppPermissionsService::StubInterface", "scopeKind": "class"}, {"_type": "tag", "name": "async_interface", "path": "/home/kavia/workspace/code-generation/app-gateway2/build-ottservices/permission_service.grpc.pb.h", "pattern": "/^    class async_interface {$/", "language": "C++", "kind": "class", "scope": "ottx::permission::AppPermissionsService::StubInterface", "scopeKind": "class"}, {"_type": "tag", "name": "async_stub_", "path": "/home/kavia/workspace/code-generation/app-gateway2/build-ottservices/permission_service.grpc.pb.h", "pattern": "/^    class async async_stub_{this};$/", "language": "C++", "kind": "class", "scope": "ottx::permission::AppPermissionsService::Stub", "scopeKind": "class"}, {"_type": "tag", "name": "channel_", "path": "/home/kavia/workspace/code-generation/app-gateway2/build-ottservices/permission_service.grpc.pb.h", "pattern": "/^    std::shared_ptr< ::grpc::ChannelInterface> channel_;$/", "language": "C++", "typeref": "typename:std::shared_ptr<::grpc::ChannelInterface>", "kind": "member", "scope": "ottx::permission::AppPermissionsService::Stub", "scopeKind": "class"}, {"_type": "tag", "name": "experimental_async", "path": "/home/kavia/workspace/code-generation/app-gateway2/build-ottservices/permission_service.grpc.pb.h", "pattern": "/^    class async_interface* experimental_async() { return async(); }$/", "language": "C++", "typeref": "class:async_interface *", "kind": "function", "signature": "()", "scope": "ottx::permission::AppPermissionsService::StubInterface", "scopeKind": "class"}, {"_type": "tag", "name": "experimental_async_interface", "path": "/home/kavia/workspace/code-generation/app-gateway2/build-ottservices/permission_service.grpc.pb.h", "pattern": "/^    typedef class async_interface experimental_async_interface;$/", "language": "C++", "typeref": "class:async_interface", "kind": "typedef", "scope": "ottx::permission::AppPermissionsService::StubInterface", "scopeKind": "class"}, {"_type": "tag", "name": "ottx", "path": "/home/kavia/workspace/code-generation/app-gateway2/build-ottservices/permission_service.grpc.pb.h", "pattern": "/^namespace ottx {$/", "language": "C++", "kind": "namespace"}, {"_type": "tag", "name": "permission", "path": "/home/kavia/workspace/code-generation/app-gateway2/build-ottservices/permission_service.grpc.pb.h", "pattern": "/^namespace permission {$/", "language": "C++", "kind": "namespace", "scope": "ottx", "scopeKind": "namespace"}, {"_type": "tag", "name": "rpcmethod_EnumeratePermissions_", "path": "/home/kavia/workspace/code-generation/app-gateway2/build-ottservices/permission_service.grpc.pb.h", "pattern": "/^    const ::grpc::internal::RpcMethod rpcmethod_EnumeratePermissions_;$/", "language": "C++", "typeref": "typename:const::grpc::internal::RpcMethod", "kind": "member", "scope": "ottx::permission::AppPermissionsService::Stub", "scopeKind": "class"}, {"_type": "tag", "name": "service_full_name", "path": "/home/kavia/workspace/code-generation/app-gateway2/build-ottservices/permission_service.grpc.pb.h", "pattern": "/^  static constexpr char const* service_full_name() {$/", "language": "C++", "typeref": "typename:char const *", "kind": "function", "signature": "()", "scope": "ottx::permission::AppPermissionsService", "scopeKind": "class"}, {"_type": "tag", "name": "stub", "path": "/home/kavia/workspace/code-generation/app-gateway2/build-ottservices/permission_service.grpc.pb.h", "pattern": "/^      Stub* stub() { return stub_; }$/", "language": "C++", "typeref": "typename:Stub *", "kind": "function", "signature": "()", "scope": "ottx::permission::AppPermissionsService::Stub::async", "scopeKind": "class"}, {"_type": "tag", "name": "stub_", "path": "/home/kavia/workspace/code-generation/app-gateway2/build-ottservices/permission_service.grpc.pb.h", "pattern": "/^      Stub* stub_;$/", "language": "C++", "typeref": "typename:Stub *", "kind": "member", "scope": "ottx::permission::AppPermissionsService::Stub::async", "scopeKind": "class"}, {"_type": "tag", "name": "~StubInterface", "path": "/home/kavia/workspace/code-generation/app-gateway2/build-ottservices/permission_service.grpc.pb.h", "pattern": "/^    virtual ~StubInterface() {}$/", "language": "C++", "kind": "function", "signature": "()", "scope": "ottx::permission::AppPermissionsService::StubInterface", "scopeKind": "class"}, {"_type": "tag", "name": "~WithAsyncMethod_EnumeratePermissions", "path": "/home/kavia/workspace/code-generation/app-gateway2/build-ottservices/permission_service.grpc.pb.h", "pattern": "/^    ~WithAsyncMethod_EnumeratePermissions() override {$/", "language": "C++", "kind": "function", "signature": "()", "scope": "ottx::permission::AppPermissionsService::WithAsyncMethod_EnumeratePermissions", "scopeKind": "class"}, {"_type": "tag", "name": "~WithCallbackMethod_EnumeratePermissions", "path": "/home/kavia/workspace/code-generation/app-gateway2/build-ottservices/permission_service.grpc.pb.h", "pattern": "/^    ~WithCallbackMethod_EnumeratePermissions() override {$/", "language": "C++", "kind": "function", "signature": "()", "scope": "ottx::permission::AppPermissionsService::WithCallbackMethod_EnumeratePermissions", "scopeKind": "class"}], "hash": "6c12372413e397e3fc053585a2f667af", "format-version": 4, "code-base-name": "app-gateway2", "filename": "build-ottservices/permission_service.grpc.pb.h", "fields": [{"name": "std::shared_ptr<::grpc::ChannelInterface> channel_", "scope": "ottx::permission::AppPermissionsService::Stub", "scopeKind": "class", "description": "unavailable"}, {"name": "const::grpc::internal::RpcMethod rpcmethod_EnumeratePermissions_", "scope": "ottx::permission::AppPermissionsService::Stub", "scopeKind": "class", "description": "unavailable"}, {"name": "Stub * stub_", "scope": "ottx::permission::AppPermissionsService::Stub::async", "scopeKind": "class", "description": "unavailable"}], "revision_history": [{"237": "e298f50bdcb1af92a6a3e942be2f66bfc2e9cdb5"}]}