{"is_source_file": false, "format": "", "description": "", "external_files": [], "external_methods": [], "published": [], "classes": [], "methods": [], "calls": [], "search-terms": [], "state": 2, "file_id": 60, "knowledge_revision": 223, "git_revision": "e298f50bdcb1af92a6a3e942be2f66bfc2e9cdb5", "hash": "e259e5e339d2a00806b4e5fff389763b", "format-version": 4, "code-base-name": "app-gateway2", "filename": "build-ottservices/CMakeFiles/CMakeConfigureLog.yaml", "revision_history": [{"223": "e298f50bdcb1af92a6a3e942be2f66bfc2e9cdb5"}]}