{"is_source_file": false, "format": "", "description": "", "external_files": [], "external_methods": [], "published": [], "classes": [], "methods": [], "calls": [], "search-terms": [], "state": 2, "file_id": 63, "knowledge_revision": 225, "git_revision": "e298f50bdcb1af92a6a3e942be2f66bfc2e9cdb5", "ctags": [], "hash": "acca43225e1c67f27000960f3b0e2da6", "format-version": 4, "code-base-name": "app-gateway2", "filename": "build-ottservices/CMakeFiles/OttServices.dir/compiler_depend.ts", "revision_history": [{"225": "e298f50bdcb1af92a6a3e942be2f66bfc2e9cdb5"}]}