{"is_source_file": true, "format": "C++ protobuf generated code", "description": "This file contains generated C++ source code from the protocol buffer definitions (permission_service.proto) for message types and service stubs related to permission management, including classes AppKey, EnumeratePermissionsRequest, and EnumeratePermissionsResponse, as well as service interfaces for permission enumeration.", "external_files": ["permission_service.pb.h", "google/protobuf/io/coded_stream.h", "google/protobuf/extension_set.h", "google/protobuf/wire_format_lite.h", "google/protobuf/descriptor.h", "google/protobuf/generated_message_reflection.h", "google/protobuf/reflection_ops.h", "google/protobuf/wire_format.h", "google/protobuf/port_def.inc"], "external_methods": ["::_pbi::ReadTag", "::_pbi::VerifyUTF8", "::_pbi::InlineGreedyStringParser", "::_pbi::WireFormatLite::VerifyUtf8String", "::_pbi::WireFormatLite::StringSize", "::_pbi::WireFormatLite::WriteStringMaybeAliased", "::_pbi::WireFormat::InternalSerializeUnknownFieldsToArray", "::_pbi::AssignDescriptors", "::PROTOBUF_NAMESPACE_ID::internal::ExpectTag", "::PROTOBUF_NAMESPACE_ID::internal::FromIntSize", "::PROTOBUF_NAMESPACE_ID::internal::WireFormatLite::MessageSize", "::PROTOBUF_NAMESPACE_ID::internal::WireFormatLite::VerifyUtf8String"], "published": ["ottx::permission::AppKey", "ottx::permission::EnumeratePermissionsRequest", "ottx::permission::EnumeratePermissionsResponse", "ottx::permission::AppPermissionsService"], "classes": [{"name": "AppKey", "description": "Represents an application key with associated app name and syndication partner ID, generated from protobuf."}, {"name": "EnumeratePermissionsRequest", "description": "Request message for enumerating permissions, containing an AppKey and permission filters."}, {"name": "EnumeratePermissionsResponse", "description": "Response message containing a list of permissions as strings."}], "methods": [{"name": "AppKey::SharedCtor", "description": "Shared constructor initializing default values."}, {"name": "EnumeratePermissionsRequest::SharedCtor", "description": "Shared constructor initializing request message with arena and ownership info."}, {"name": "EnumeratePermissionsResponse::SharedCtor", "description": "Shared constructor initializing response message with arena and ownership info."}, {"name": "AppKey::MergeImpl", "description": "Merges another AppKey message into this one."}, {"name": "EnumeratePermissionsRequest::MergeImpl", "description": "Merges another request message into this one."}, {"name": "EnumeratePermissionsResponse::MergeImpl", "description": "Merges another response message into this one."}, {"name": "AppKey(::PROTOBUF_NAMESPACE_ID::Arena * arena,bool is_message_owned)", "scope": "ottx::permission::AppKey", "scopeKind": "class", "description": "unavailable"}, {"name": "AppKey(const AppKey & from)", "scope": "ottx::permission::AppKey", "scopeKind": "class", "description": "unavailable"}, {"name": "PROTOBUF_CONSTEXPR AppKey(::_pbi::ConstantInitialized)", "scope": "ottx::permission::AppKey", "scopeKind": "class", "description": "unavailable"}, {"name": "PROTOBUF_CONSTEXPR AppKeyDefaultTypeInternal()", "scope": "ottx::permission::AppKeyDefaultTypeInternal", "scopeKind": "struct", "description": "unavailable"}, {"name": "size_t ByteSizeLong() const", "scope": "ottx::permission::EnumeratePermissionsResponse", "scopeKind": "class", "description": "unavailable"}, {"name": "void Clear()", "scope": "ottx::permission::EnumeratePermissionsResponse", "scopeKind": "class", "description": "unavailable"}, {"name": "void CopyFrom(const AppKey & from)", "scope": "ottx::permission::AppKey", "scopeKind": "class", "description": "unavailable"}, {"name": "void CopyFrom(const EnumeratePermissionsRequest & from)", "scope": "ottx::permission::EnumeratePermissionsRequest", "scopeKind": "class", "description": "unavailable"}, {"name": "void CopyFrom(const EnumeratePermissionsResponse & from)", "scope": "ottx::permission::EnumeratePermissionsResponse", "scopeKind": "class", "description": "unavailable"}, {"name": "PROTOBUF_NAMESPACE_OPEN PROTOBUF_NOINLINE::ottx::permission::AppKey * CreateMaybeMessage(Arena * arena)", "scope": "Arena", "scopeKind": "class", "description": "unavailable"}, {"name": "PROTOBUF_NOINLINE::ottx::permission::EnumeratePermissionsRequest * CreateMaybeMessage(Arena * arena)", "scope": "Arena", "scopeKind": "class", "description": "unavailable"}, {"name": "PROTOBUF_NOINLINE::ottx::permission::EnumeratePermissionsResponse * CreateMaybeMessage(Arena * arena)", "scope": "Arena", "scopeKind": "class", "description": "unavailable"}, {"name": "EnumeratePermissionsRequest(::PROTOBUF_NAMESPACE_ID::Arena * arena,bool is_message_owned)", "scope": "ottx::permission::EnumeratePermissionsRequest", "scopeKind": "class", "description": "unavailable"}, {"name": "EnumeratePermissionsRequest(const EnumeratePermissionsRequest & from)", "scope": "ottx::permission::EnumeratePermissionsRequest", "scopeKind": "class", "description": "unavailable"}, {"name": "PROTOBUF_CONSTEXPR EnumeratePermissionsRequest(::_pbi::ConstantInitialized)", "scope": "ottx::permission::EnumeratePermissionsRequest", "scopeKind": "class", "description": "unavailable"}, {"name": "PROTOBUF_CONSTEXPR EnumeratePermissionsRequestDefaultTypeInternal()", "scope": "ottx::permission::EnumeratePermissionsRequestDefaultTypeInternal", "scopeKind": "struct", "description": "unavailable"}, {"name": "EnumeratePermissionsResponse(::PROTOBUF_NAMESPACE_ID::Arena * arena,bool is_message_owned)", "scope": "ottx::permission::EnumeratePermissionsResponse", "scopeKind": "class", "description": "unavailable"}, {"name": "EnumeratePermissionsResponse(const EnumeratePermissionsResponse & from)", "scope": "ottx::permission::EnumeratePermissionsResponse", "scopeKind": "class", "description": "unavailable"}, {"name": "PROTOBUF_CONSTEXPR EnumeratePermissionsResponse(::_pbi::ConstantInitialized)", "scope": "ottx::permission::EnumeratePermissionsResponse", "scopeKind": "class", "description": "unavailable"}, {"name": "PROTOBUF_CONSTEXPR EnumeratePermissionsResponseDefaultTypeInternal()", "scope": "ottx::permission::EnumeratePermissionsResponseDefaultTypeInternal", "scopeKind": "struct", "description": "unavailable"}, {"name": "const::PROTOBUF_NAMESPACE_ID::Message::ClassData * GetClassData() const", "scope": "ottx::permission::EnumeratePermissionsResponse", "scopeKind": "class", "description": "unavailable"}, {"name": "::PROTOBUF_NAMESPACE_ID::Metadata GetMetadata() const", "scope": "ottx::permission::EnumeratePermissionsResponse", "scopeKind": "class", "description": "unavailable"}, {"name": "void InternalSwap(AppKey * other)", "scope": "ottx::permission::AppKey", "scopeKind": "class", "description": "unavailable"}, {"name": "void InternalSwap(EnumeratePermissionsRequest * other)", "scope": "ottx::permission::EnumeratePermissionsRequest", "scopeKind": "class", "description": "unavailable"}, {"name": "void InternalSwap(EnumeratePermissionsResponse * other)", "scope": "ottx::permission::EnumeratePermissionsResponse", "scopeKind": "class", "description": "unavailable"}, {"name": "bool IsInitialized() const", "scope": "ottx::permission::EnumeratePermissionsResponse", "scopeKind": "class", "description": "unavailable"}, {"name": "void MergeImpl(::PROTOBUF_NAMESPACE_ID::Message & to_msg,const::PROTOBUF_NAMESPACE_ID::Message & from_msg)", "scope": "ottx::permission::EnumeratePermissionsResponse", "scopeKind": "class", "description": "unavailable"}, {"name": "void SetCachedSize(int size) const", "scope": "ottx::permission::EnumeratePermissionsResponse", "scopeKind": "class", "description": "unavailable"}, {"name": "void SharedCtor(::_pb::Arena * arena,bool is_message_owned)", "scope": "ottx::permission::EnumeratePermissionsResponse", "scopeKind": "class", "description": "unavailable"}, {"name": "void SharedDtor()", "scope": "ottx::permission::EnumeratePermissionsResponse", "scopeKind": "class", "description": "unavailable"}, {"name": "const char * _InternalParse(const char * ptr,::_pbi::ParseContext * ctx)", "scope": "ottx::permission::EnumeratePermissionsResponse", "scopeKind": "class", "description": "unavailable"}, {"name": "uint8_t * _InternalSerialize(uint8_t * target,::PROTOBUF_NAMESPACE_ID::io::EpsCopyOutputStream * stream) const", "scope": "ottx::permission::EnumeratePermissionsResponse", "scopeKind": "class", "description": "unavailable"}], "calls": ["::_pbi::ReadTag", "::_pbi::VerifyUTF8", "::_pbi::InlineGreedyStringParser", "::_pbi::WireFormatLite::VerifyUtf8String", "::_pbi::WireFormatLite::StringSize", "::_pbi::WireFormatLite::WriteStringMaybeAliased", "::_pbi::WireFormat::InternalSerializeUnknownFieldsToArray", "::_pbi::AssignDescriptors", "::PROTOBUF_NAMESPACE_ID::internal::ExpectTag", "::PROTOBUF_NAMESPACE_ID::internal::FromIntSize", "::PROTOBUF_NAMESPACE_ID::internal::WireFormatLite::MessageSize", "::PROTOBUF_NAMESPACE_ID::internal::WireFormatLite::VerifyUtf8String"], "search-terms": ["permission_service.proto", "AppKey", "EnumeratePermissionsRequest", "EnumeratePermissionsResponse", "permission", "permission_service", "permission", "permission enumeration", "permission service", "protobuf generated code"], "state": 2, "file_id": 81, "knowledge_revision": 238, "git_revision": "e298f50bdcb1af92a6a3e942be2f66bfc2e9cdb5", "ctags": [{"_type": "tag", "name": "AppKey", "path": "/home/kavia/workspace/code-generation/app-gateway2/build-ottservices/permission_service.pb.cc", "pattern": "/^AppKey::AppKey(::PROTOBUF_NAMESPACE_ID::Arena* arena,$/", "language": "C++", "kind": "function", "signature": "(::PROTOBUF_NAMESPACE_ID::Arena * arena,bool is_message_owned)", "scope": "ottx::permission::AppKey", "scopeKind": "class"}, {"_type": "tag", "name": "AppKey", "path": "/home/kavia/workspace/code-generation/app-gateway2/build-ottservices/permission_service.pb.cc", "pattern": "/^AppKey::AppKey(const AppKey& from)$/", "language": "C++", "kind": "function", "signature": "(const AppKey & from)", "scope": "ottx::permission::AppKey", "scopeKind": "class"}, {"_type": "tag", "name": "AppKey", "path": "/home/kavia/workspace/code-generation/app-gateway2/build-ottservices/permission_service.pb.cc", "pattern": "/^PROTOBUF_CONSTEXPR AppKey::AppKey($/", "language": "C++", "typeref": "typename:PROTOBUF_CONSTEXPR", "kind": "function", "signature": "(::_pbi::ConstantInitialized)", "scope": "ottx::permission::AppKey", "scopeKind": "class"}, {"_type": "tag", "name": "AppKeyDefaultTypeInternal", "path": "/home/kavia/workspace/code-generation/app-gateway2/build-ottservices/permission_service.pb.cc", "pattern": "/^  PROTOBUF_CONSTEXPR AppKeyDefaultTypeInternal()$/", "file": true, "language": "C++", "typeref": "typename:PROTOBUF_CONSTEXPR", "kind": "function", "signature": "()", "scope": "ottx::permission::AppKeyDefaultTypeInternal", "scopeKind": "struct"}, {"_type": "tag", "name": "AppKeyDefaultTypeInternal", "path": "/home/kavia/workspace/code-generation/app-gateway2/build-ottservices/permission_service.pb.cc", "pattern": "/^struct AppKeyDefaultTypeInternal {$/", "file": true, "language": "C++", "kind": "struct", "scope": "ottx::permission", "scopeKind": "namespace"}, {"_type": "tag", "name": "ByteSizeLong", "path": "/home/kavia/workspace/code-generation/app-gateway2/build-ottservices/permission_service.pb.cc", "pattern": "/^size_t AppKey::ByteSizeLong() const {$/", "language": "C++", "typeref": "typename:size_t", "kind": "function", "signature": "() const", "scope": "ottx::permission::AppKey", "scopeKind": "class"}, {"_type": "tag", "name": "ByteSizeLong", "path": "/home/kavia/workspace/code-generation/app-gateway2/build-ottservices/permission_service.pb.cc", "pattern": "/^size_t EnumeratePermissionsRequest::ByteSizeLong() const {$/", "language": "C++", "typeref": "typename:size_t", "kind": "function", "signature": "() const", "scope": "ottx::permission::EnumeratePermissionsRequest", "scopeKind": "class"}, {"_type": "tag", "name": "ByteSizeLong", "path": "/home/kavia/workspace/code-generation/app-gateway2/build-ottservices/permission_service.pb.cc", "pattern": "/^size_t EnumeratePermissionsResponse::ByteSizeLong() const {$/", "language": "C++", "typeref": "typename:size_t", "kind": "function", "signature": "() const", "scope": "ottx::permission::EnumeratePermissionsResponse", "scopeKind": "class"}, {"_type": "tag", "name": "CHK_", "path": "/home/kavia/workspace/code-generation/app-gateway2/build-ottservices/permission_service.pb.cc", "pattern": "/^#define CHK_(/", "file": true, "language": "C++", "kind": "macro", "signature": "(x)"}, {"_type": "tag", "name": "Clear", "path": "/home/kavia/workspace/code-generation/app-gateway2/build-ottservices/permission_service.pb.cc", "pattern": "/^void AppKey::Clear() {$/", "language": "C++", "typeref": "typename:void", "kind": "function", "signature": "()", "scope": "ottx::permission::AppKey", "scopeKind": "class"}, {"_type": "tag", "name": "Clear", "path": "/home/kavia/workspace/code-generation/app-gateway2/build-ottservices/permission_service.pb.cc", "pattern": "/^void EnumeratePermissionsRequest::Clear() {$/", "language": "C++", "typeref": "typename:void", "kind": "function", "signature": "()", "scope": "ottx::permission::EnumeratePermissionsRequest", "scopeKind": "class"}, {"_type": "tag", "name": "Clear", "path": "/home/kavia/workspace/code-generation/app-gateway2/build-ottservices/permission_service.pb.cc", "pattern": "/^void EnumeratePermissionsResponse::Clear() {$/", "language": "C++", "typeref": "typename:void", "kind": "function", "signature": "()", "scope": "ottx::permission::EnumeratePermissionsResponse", "scopeKind": "class"}, {"_type": "tag", "name": "CopyFrom", "path": "/home/kavia/workspace/code-generation/app-gateway2/build-ottservices/permission_service.pb.cc", "pattern": "/^void AppKey::CopyFrom(const AppKey& from) {$/", "language": "C++", "typeref": "typename:void", "kind": "function", "signature": "(const AppKey & from)", "scope": "ottx::permission::AppKey", "scopeKind": "class"}, {"_type": "tag", "name": "CopyFrom", "path": "/home/kavia/workspace/code-generation/app-gateway2/build-ottservices/permission_service.pb.cc", "pattern": "/^void EnumeratePermissionsRequest::CopyFrom(const EnumeratePermissionsRequest& from) {$/", "language": "C++", "typeref": "typename:void", "kind": "function", "signature": "(const EnumeratePermissionsRequest & from)", "scope": "ottx::permission::EnumeratePermissionsRequest", "scopeKind": "class"}, {"_type": "tag", "name": "CopyFrom", "path": "/home/kavia/workspace/code-generation/app-gateway2/build-ottservices/permission_service.pb.cc", "pattern": "/^void EnumeratePermissionsResponse::CopyFrom(const EnumeratePermissionsResponse& from) {$/", "language": "C++", "typeref": "typename:void", "kind": "function", "signature": "(const EnumeratePermissionsResponse & from)", "scope": "ottx::permission::EnumeratePermissionsResponse", "scopeKind": "class"}, {"_type": "tag", "name": "CreateMaybeMessage", "path": "/home/kavia/workspace/code-generation/app-gateway2/build-ottservices/permission_service.pb.cc", "pattern": "/^Arena::CreateMaybeMessage< ::ottx::permission::AppKey >(Arena* arena) {$/", "language": "C++", "typeref": "typename:PROTOBUF_NAMESPACE_OPEN PROTOBUF_NOINLINE::ottx::permission::AppKey *", "kind": "function", "signature": "(Arena * arena)", "scope": "Arena", "scopeKind": "class"}, {"_type": "tag", "name": "CreateMaybeMessage", "path": "/home/kavia/workspace/code-generation/app-gateway2/build-ottservices/permission_service.pb.cc", "pattern": "/^Arena::CreateMaybeMessage< ::ottx::permission::EnumeratePermissionsRequest >(Arena* arena) {$/", "language": "C++", "typeref": "typename:PROTOBUF_NOINLINE::ottx::permission::EnumeratePermissionsRequest *", "kind": "function", "signature": "(Arena * arena)", "scope": "Arena", "scopeKind": "class"}, {"_type": "tag", "name": "CreateMaybeMessage", "path": "/home/kavia/workspace/code-generation/app-gateway2/build-ottservices/permission_service.pb.cc", "pattern": "/^Arena::CreateMaybeMessage< ::ottx::permission::EnumeratePermissionsResponse >(Arena* arena) {$/", "language": "C++", "typeref": "typename:PROTOBUF_NOINLINE::ottx::permission::EnumeratePermissionsResponse *", "kind": "function", "signature": "(Arena * arena)", "scope": "Arena", "scopeKind": "class"}, {"_type": "tag", "name": "EnumeratePermissionsRequest", "path": "/home/kavia/workspace/code-generation/app-gateway2/build-ottservices/permission_service.pb.cc", "pattern": "/^EnumeratePermissionsRequest::EnumeratePermissionsRequest(::PROTOBUF_NAMESPACE_ID::Arena* arena,$/", "language": "C++", "kind": "function", "signature": "(::PROTOBUF_NAMESPACE_ID::Arena * arena,bool is_message_owned)", "scope": "ottx::permission::EnumeratePermissionsRequest", "scopeKind": "class"}, {"_type": "tag", "name": "EnumeratePermissionsRequest", "path": "/home/kavia/workspace/code-generation/app-gateway2/build-ottservices/permission_service.pb.cc", "pattern": "/^EnumeratePermissionsRequest::EnumeratePermissionsRequest(const EnumeratePermissionsRequest& from/", "language": "C++", "kind": "function", "signature": "(const EnumeratePermissionsRequest & from)", "scope": "ottx::permission::EnumeratePermissionsRequest", "scopeKind": "class"}, {"_type": "tag", "name": "EnumeratePermissionsRequest", "path": "/home/kavia/workspace/code-generation/app-gateway2/build-ottservices/permission_service.pb.cc", "pattern": "/^PROTOBUF_CONSTEXPR EnumeratePermissionsRequest::EnumeratePermissionsRequest($/", "language": "C++", "typeref": "typename:PROTOBUF_CONSTEXPR", "kind": "function", "signature": "(::_pbi::ConstantInitialized)", "scope": "ottx::permission::EnumeratePermissionsRequest", "scopeKind": "class"}, {"_type": "tag", "name": "EnumeratePermissionsRequestDefaultTypeInternal", "path": "/home/kavia/workspace/code-generation/app-gateway2/build-ottservices/permission_service.pb.cc", "pattern": "/^  PROTOBUF_CONSTEXPR EnumeratePermissionsRequestDefaultTypeInternal()$/", "file": true, "language": "C++", "typeref": "typename:PROTOBUF_CONSTEXPR", "kind": "function", "signature": "()", "scope": "ottx::permission::EnumeratePermissionsRequestDefaultTypeInternal", "scopeKind": "struct"}, {"_type": "tag", "name": "EnumeratePermissionsRequestDefaultTypeInternal", "path": "/home/kavia/workspace/code-generation/app-gateway2/build-ottservices/permission_service.pb.cc", "pattern": "/^struct EnumeratePermissionsRequestDefaultTypeInternal {$/", "file": true, "language": "C++", "kind": "struct", "scope": "ottx::permission", "scopeKind": "namespace"}, {"_type": "tag", "name": "EnumeratePermissionsResponse", "path": "/home/kavia/workspace/code-generation/app-gateway2/build-ottservices/permission_service.pb.cc", "pattern": "/^EnumeratePermissionsResponse::EnumeratePermissionsResponse(::PROTOBUF_NAMESPACE_ID::Arena* arena/", "language": "C++", "kind": "function", "signature": "(::PROTOBUF_NAMESPACE_ID::Arena * arena,bool is_message_owned)", "scope": "ottx::permission::EnumeratePermissionsResponse", "scopeKind": "class"}, {"_type": "tag", "name": "EnumeratePermissionsResponse", "path": "/home/kavia/workspace/code-generation/app-gateway2/build-ottservices/permission_service.pb.cc", "pattern": "/^EnumeratePermissionsResponse::EnumeratePermissionsResponse(const EnumeratePermissionsResponse& f/", "language": "C++", "kind": "function", "signature": "(const EnumeratePermissionsResponse & from)", "scope": "ottx::permission::EnumeratePermissionsResponse", "scopeKind": "class"}, {"_type": "tag", "name": "EnumeratePermissionsResponse", "path": "/home/kavia/workspace/code-generation/app-gateway2/build-ottservices/permission_service.pb.cc", "pattern": "/^PROTOBUF_CONSTEXPR EnumeratePermissionsResponse::EnumeratePermissionsResponse($/", "language": "C++", "typeref": "typename:PROTOBUF_CONSTEXPR", "kind": "function", "signature": "(::_pbi::ConstantInitialized)", "scope": "ottx::permission::EnumeratePermissionsResponse", "scopeKind": "class"}, {"_type": "tag", "name": "EnumeratePermissionsResponseDefaultTypeInternal", "path": "/home/kavia/workspace/code-generation/app-gateway2/build-ottservices/permission_service.pb.cc", "pattern": "/^  PROTOBUF_CONSTEXPR EnumeratePermissionsResponseDefaultTypeInternal()$/", "file": true, "language": "C++", "typeref": "typename:PROTOBUF_CONSTEXPR", "kind": "function", "signature": "()", "scope": "ottx::permission::EnumeratePermissionsResponseDefaultTypeInternal", "scopeKind": "struct"}, {"_type": "tag", "name": "EnumeratePermissionsResponseDefaultTypeInternal", "path": "/home/kavia/workspace/code-generation/app-gateway2/build-ottservices/permission_service.pb.cc", "pattern": "/^struct EnumeratePermissionsResponseDefaultTypeInternal {$/", "file": true, "language": "C++", "kind": "struct", "scope": "ottx::permission", "scopeKind": "namespace"}, {"_type": "tag", "name": "GetClassData", "path": "/home/kavia/workspace/code-generation/app-gateway2/build-ottservices/permission_service.pb.cc", "pattern": "/^const ::PROTOBUF_NAMESPACE_ID::Message::ClassData*AppKey::GetClassData() const { return &_class_/", "language": "C++", "typeref": "typename:const::PROTOBUF_NAMESPACE_ID::Message::ClassData *", "kind": "function", "signature": "() const", "scope": "ottx::permission::AppKey", "scopeKind": "class"}, {"_type": "tag", "name": "GetClassData", "path": "/home/kavia/workspace/code-generation/app-gateway2/build-ottservices/permission_service.pb.cc", "pattern": "/^const ::PROTOBUF_NAMESPACE_ID::Message::ClassData*EnumeratePermissionsRequest::GetClassData() co/", "language": "C++", "typeref": "typename:const::PROTOBUF_NAMESPACE_ID::Message::ClassData *", "kind": "function", "signature": "() const", "scope": "ottx::permission::EnumeratePermissionsRequest", "scopeKind": "class"}, {"_type": "tag", "name": "GetClassData", "path": "/home/kavia/workspace/code-generation/app-gateway2/build-ottservices/permission_service.pb.cc", "pattern": "/^const ::PROTOBUF_NAMESPACE_ID::Message::ClassData*EnumeratePermissionsResponse::GetClassData() c/", "language": "C++", "typeref": "typename:const::PROTOBUF_NAMESPACE_ID::Message::ClassData *", "kind": "function", "signature": "() const", "scope": "ottx::permission::EnumeratePermissionsResponse", "scopeKind": "class"}, {"_type": "tag", "name": "GetMetadata", "path": "/home/kavia/workspace/code-generation/app-gateway2/build-ottservices/permission_service.pb.cc", "pattern": "/^::PROTOBUF_NAMESPACE_ID::Metadata AppKey::GetMetadata() const {$/", "language": "C++", "typeref": "typename:::PROTOBUF_NAMESPACE_ID::Metadata", "kind": "function", "signature": "() const", "scope": "ottx::permission::AppKey", "scopeKind": "class"}, {"_type": "tag", "name": "GetMetadata", "path": "/home/kavia/workspace/code-generation/app-gateway2/build-ottservices/permission_service.pb.cc", "pattern": "/^::PROTOBUF_NAMESPACE_ID::Metadata EnumeratePermissionsRequest::GetMetadata() const {$/", "language": "C++", "typeref": "typename:::PROTOBUF_NAMESPACE_ID::Metadata", "kind": "function", "signature": "() const", "scope": "ottx::permission::EnumeratePermissionsRequest", "scopeKind": "class"}, {"_type": "tag", "name": "GetMetadata", "path": "/home/kavia/workspace/code-generation/app-gateway2/build-ottservices/permission_service.pb.cc", "pattern": "/^::PROTOBUF_NAMESPACE_ID::Metadata EnumeratePermissionsResponse::GetMetadata() const {$/", "language": "C++", "typeref": "typename:::PROTOBUF_NAMESPACE_ID::Metadata", "kind": "function", "signature": "() const", "scope": "ottx::permission::EnumeratePermissionsResponse", "scopeKind": "class"}, {"_type": "tag", "name": "InternalSwap", "path": "/home/kavia/workspace/code-generation/app-gateway2/build-ottservices/permission_service.pb.cc", "pattern": "/^void AppKey::InternalSwap(AppKey* other) {$/", "language": "C++", "typeref": "typename:void", "kind": "function", "signature": "(AppKey * other)", "scope": "ottx::permission::AppKey", "scopeKind": "class"}, {"_type": "tag", "name": "InternalSwap", "path": "/home/kavia/workspace/code-generation/app-gateway2/build-ottservices/permission_service.pb.cc", "pattern": "/^void EnumeratePermissionsRequest::InternalSwap(EnumeratePermissionsRequest* other) {$/", "language": "C++", "typeref": "typename:void", "kind": "function", "signature": "(EnumeratePermissionsRequest * other)", "scope": "ottx::permission::EnumeratePermissionsRequest", "scopeKind": "class"}, {"_type": "tag", "name": "InternalSwap", "path": "/home/kavia/workspace/code-generation/app-gateway2/build-ottservices/permission_service.pb.cc", "pattern": "/^void EnumeratePermissionsResponse::InternalSwap(EnumeratePermissionsResponse* other) {$/", "language": "C++", "typeref": "typename:void", "kind": "function", "signature": "(EnumeratePermissionsResponse * other)", "scope": "ottx::permission::EnumeratePermissionsResponse", "scopeKind": "class"}, {"_type": "tag", "name": "IsInitialized", "path": "/home/kavia/workspace/code-generation/app-gateway2/build-ottservices/permission_service.pb.cc", "pattern": "/^bool AppKey::IsInitialized() const {$/", "language": "C++", "typeref": "typename:bool", "kind": "function", "signature": "() const", "scope": "ottx::permission::AppKey", "scopeKind": "class"}, {"_type": "tag", "name": "IsInitialized", "path": "/home/kavia/workspace/code-generation/app-gateway2/build-ottservices/permission_service.pb.cc", "pattern": "/^bool EnumeratePermissionsRequest::IsInitialized() const {$/", "language": "C++", "typeref": "typename:bool", "kind": "function", "signature": "() const", "scope": "ottx::permission::EnumeratePermissionsRequest", "scopeKind": "class"}, {"_type": "tag", "name": "IsInitialized", "path": "/home/kavia/workspace/code-generation/app-gateway2/build-ottservices/permission_service.pb.cc", "pattern": "/^bool EnumeratePermissionsResponse::IsInitialized() const {$/", "language": "C++", "typeref": "typename:bool", "kind": "function", "signature": "() const", "scope": "ottx::permission::EnumeratePermissionsResponse", "scopeKind": "class"}, {"_type": "tag", "name": "MergeImpl", "path": "/home/kavia/workspace/code-generation/app-gateway2/build-ottservices/permission_service.pb.cc", "pattern": "/^void AppKey::MergeImpl(::PROTOBUF_NAMESPACE_ID::Message& to_msg, const ::PROTOBUF_NAMESPACE_ID::/", "language": "C++", "typeref": "typename:void", "kind": "function", "signature": "(::PROTOBUF_NAMESPACE_ID::Message & to_msg,const::PROTOBUF_NAMESPACE_ID::Message & from_msg)", "scope": "ottx::permission::AppKey", "scopeKind": "class"}, {"_type": "tag", "name": "MergeImpl", "path": "/home/kavia/workspace/code-generation/app-gateway2/build-ottservices/permission_service.pb.cc", "pattern": "/^void EnumeratePermissionsRequest::MergeImpl(::PROTOBUF_NAMESPACE_ID::Message& to_msg, const ::PR/", "language": "C++", "typeref": "typename:void", "kind": "function", "signature": "(::PROTOBUF_NAMESPACE_ID::Message & to_msg,const::PROTOBUF_NAMESPACE_ID::Message & from_msg)", "scope": "ottx::permission::EnumeratePermissionsRequest", "scopeKind": "class"}, {"_type": "tag", "name": "MergeImpl", "path": "/home/kavia/workspace/code-generation/app-gateway2/build-ottservices/permission_service.pb.cc", "pattern": "/^void EnumeratePermissionsResponse::MergeImpl(::PROTOBUF_NAMESPACE_ID::Message& to_msg, const ::P/", "language": "C++", "typeref": "typename:void", "kind": "function", "signature": "(::PROTOBUF_NAMESPACE_ID::Message & to_msg,const::PROTOBUF_NAMESPACE_ID::Message & from_msg)", "scope": "ottx::permission::EnumeratePermissionsResponse", "scopeKind": "class"}, {"_type": "tag", "name": "SetCachedSize", "path": "/home/kavia/workspace/code-generation/app-gateway2/build-ottservices/permission_service.pb.cc", "pattern": "/^void AppKey::SetCachedSize(int size) const {$/", "language": "C++", "typeref": "typename:void", "kind": "function", "signature": "(int size) const", "scope": "ottx::permission::AppKey", "scopeKind": "class"}, {"_type": "tag", "name": "SetCachedSize", "path": "/home/kavia/workspace/code-generation/app-gateway2/build-ottservices/permission_service.pb.cc", "pattern": "/^void EnumeratePermissionsRequest::SetCachedSize(int size) const {$/", "language": "C++", "typeref": "typename:void", "kind": "function", "signature": "(int size) const", "scope": "ottx::permission::EnumeratePermissionsRequest", "scopeKind": "class"}, {"_type": "tag", "name": "SetCachedSize", "path": "/home/kavia/workspace/code-generation/app-gateway2/build-ottservices/permission_service.pb.cc", "pattern": "/^void EnumeratePermissionsResponse::SetCachedSize(int size) const {$/", "language": "C++", "typeref": "typename:void", "kind": "function", "signature": "(int size) const", "scope": "ottx::permission::EnumeratePermissionsResponse", "scopeKind": "class"}, {"_type": "tag", "name": "SharedCtor", "path": "/home/kavia/workspace/code-generation/app-gateway2/build-ottservices/permission_service.pb.cc", "pattern": "/^inline void AppKey::SharedCtor($/", "language": "C++", "typeref": "typename:void", "kind": "function", "signature": "(::_pb::Arena * arena,bool is_message_owned)", "scope": "ottx::permission::AppKey", "scopeKind": "class"}, {"_type": "tag", "name": "SharedCtor", "path": "/home/kavia/workspace/code-generation/app-gateway2/build-ottservices/permission_service.pb.cc", "pattern": "/^inline void EnumeratePermissionsRequest::SharedCtor($/", "language": "C++", "typeref": "typename:void", "kind": "function", "signature": "(::_pb::Arena * arena,bool is_message_owned)", "scope": "ottx::permission::EnumeratePermissionsRequest", "scopeKind": "class"}, {"_type": "tag", "name": "SharedCtor", "path": "/home/kavia/workspace/code-generation/app-gateway2/build-ottservices/permission_service.pb.cc", "pattern": "/^inline void EnumeratePermissionsResponse::SharedCtor($/", "language": "C++", "typeref": "typename:void", "kind": "function", "signature": "(::_pb::Arena * arena,bool is_message_owned)", "scope": "ottx::permission::EnumeratePermissionsResponse", "scopeKind": "class"}, {"_type": "tag", "name": "SharedDtor", "path": "/home/kavia/workspace/code-generation/app-gateway2/build-ottservices/permission_service.pb.cc", "pattern": "/^inline void AppKey::SharedDtor() {$/", "language": "C++", "typeref": "typename:void", "kind": "function", "signature": "()", "scope": "ottx::permission::AppKey", "scopeKind": "class"}, {"_type": "tag", "name": "SharedDtor", "path": "/home/kavia/workspace/code-generation/app-gateway2/build-ottservices/permission_service.pb.cc", "pattern": "/^inline void EnumeratePermissionsRequest::SharedDtor() {$/", "language": "C++", "typeref": "typename:void", "kind": "function", "signature": "()", "scope": "ottx::permission::EnumeratePermissionsRequest", "scopeKind": "class"}, {"_type": "tag", "name": "SharedDtor", "path": "/home/kavia/workspace/code-generation/app-gateway2/build-ottservices/permission_service.pb.cc", "pattern": "/^inline void EnumeratePermissionsResponse::SharedDtor() {$/", "language": "C++", "typeref": "typename:void", "kind": "function", "signature": "()", "scope": "ottx::permission::EnumeratePermissionsResponse", "scopeKind": "class"}, {"_type": "tag", "name": "_AppKey_default_instance_", "path": "/home/kavia/workspace/code-generation/app-gateway2/build-ottservices/permission_service.pb.cc", "pattern": "/^PROTOBUF_ATTRIBUTE_NO_DESTROY PROTOBUF_CONSTINIT PROTOBUF_ATTRIBUTE_INIT_PRIORITY1 AppKeyDefault/", "language": "C++", "typeref": "typename:PROTOBUF_ATTRIBUTE_NO_DESTROY PROTOBUF_CONSTINIT PROTOBUF_ATTRIBUTE_INIT_PRIORITY1 AppKeyDefaultTypeInternal", "kind": "variable", "scope": "ottx::permission", "scopeKind": "namespace"}, {"_type": "tag", "name": "_EnumeratePermissionsRequest_default_instance_", "path": "/home/kavia/workspace/code-generation/app-gateway2/build-ottservices/permission_service.pb.cc", "pattern": "/^PROTOBUF_ATTRIBUTE_NO_DESTROY PROTOBUF_CONSTINIT PROTOBUF_ATTRIBUTE_INIT_PRIORITY1 EnumeratePerm/", "language": "C++", "typeref": "typename:PROTOBUF_ATTRIBUTE_NO_DESTROY PROTOBUF_CONSTINIT PROTOBUF_ATTRIBUTE_INIT_PRIORITY1 EnumeratePermissionsRequestDefaultTypeInternal", "kind": "variable", "scope": "ottx::permission", "scopeKind": "namespace"}, {"_type": "tag", "name": "_EnumeratePermissionsResponse_default_instance_", "path": "/home/kavia/workspace/code-generation/app-gateway2/build-ottservices/permission_service.pb.cc", "pattern": "/^PROTOBUF_ATTRIBUTE_NO_DESTROY PROTOBUF_CONSTINIT PROTOBUF_ATTRIBUTE_INIT_PRIORITY1 EnumeratePerm/", "language": "C++", "typeref": "typename:PROTOBUF_ATTRIBUTE_NO_DESTROY PROTOBUF_CONSTINIT PROTOBUF_ATTRIBUTE_INIT_PRIORITY1 EnumeratePermissionsResponseDefaultTypeInternal", "kind": "variable", "scope": "ottx::permission", "scopeKind": "namespace"}, {"_type": "tag", "name": "_Internal", "path": "/home/kavia/workspace/code-generation/app-gateway2/build-ottservices/permission_service.pb.cc", "pattern": "/^class AppKey::_Internal {$/", "file": true, "language": "C++", "kind": "class", "scope": "ottx::permission::AppKey", "scopeKind": "class"}, {"_type": "tag", "name": "_Internal", "path": "/home/kavia/workspace/code-generation/app-gateway2/build-ottservices/permission_service.pb.cc", "pattern": "/^class EnumeratePermissionsRequest::_Internal {$/", "file": true, "language": "C++", "kind": "class", "scope": "ottx::permission::EnumeratePermissionsRequest", "scopeKind": "class"}, {"_type": "tag", "name": "_Internal", "path": "/home/kavia/workspace/code-generation/app-gateway2/build-ottservices/permission_service.pb.cc", "pattern": "/^class EnumeratePermissionsResponse::_Internal {$/", "file": true, "language": "C++", "kind": "class", "scope": "ottx::permission::EnumeratePermissionsResponse", "scopeKind": "class"}, {"_type": "tag", "name": "_InternalParse", "path": "/home/kavia/workspace/code-generation/app-gateway2/build-ottservices/permission_service.pb.cc", "pattern": "/^const char* AppKey::_InternalParse(const char* ptr, ::_pbi::ParseContext* ctx) {$/", "language": "C++", "typeref": "typename:const char *", "kind": "function", "signature": "(const char * ptr,::_pbi::ParseContext * ctx)", "scope": "ottx::permission::AppKey", "scopeKind": "class"}, {"_type": "tag", "name": "_InternalParse", "path": "/home/kavia/workspace/code-generation/app-gateway2/build-ottservices/permission_service.pb.cc", "pattern": "/^const char* EnumeratePermissionsRequest::_InternalParse(const char* ptr, ::_pbi::ParseContext* c/", "language": "C++", "typeref": "typename:const char *", "kind": "function", "signature": "(const char * ptr,::_pbi::ParseContext * ctx)", "scope": "ottx::permission::EnumeratePermissionsRequest", "scopeKind": "class"}, {"_type": "tag", "name": "_InternalParse", "path": "/home/kavia/workspace/code-generation/app-gateway2/build-ottservices/permission_service.pb.cc", "pattern": "/^const char* EnumeratePermissionsResponse::_InternalParse(const char* ptr, ::_pbi::ParseContext* /", "language": "C++", "typeref": "typename:const char *", "kind": "function", "signature": "(const char * ptr,::_pbi::ParseContext * ctx)", "scope": "ottx::permission::EnumeratePermissionsResponse", "scopeKind": "class"}, {"_type": "tag", "name": "_InternalSerialize", "path": "/home/kavia/workspace/code-generation/app-gateway2/build-ottservices/permission_service.pb.cc", "pattern": "/^uint8_t* AppKey::_InternalSerialize($/", "language": "C++", "typeref": "typename:uint8_t *", "kind": "function", "signature": "(uint8_t * target,::PROTOBUF_NAMESPACE_ID::io::EpsCopyOutputStream * stream) const", "scope": "ottx::permission::AppKey", "scopeKind": "class"}, {"_type": "tag", "name": "_InternalSerialize", "path": "/home/kavia/workspace/code-generation/app-gateway2/build-ottservices/permission_service.pb.cc", "pattern": "/^uint8_t* EnumeratePermissionsRequest::_InternalSerialize($/", "language": "C++", "typeref": "typename:uint8_t *", "kind": "function", "signature": "(uint8_t * target,::PROTOBUF_NAMESPACE_ID::io::EpsCopyOutputStream * stream) const", "scope": "ottx::permission::EnumeratePermissionsRequest", "scopeKind": "class"}, {"_type": "tag", "name": "_InternalSerialize", "path": "/home/kavia/workspace/code-generation/app-gateway2/build-ottservices/permission_service.pb.cc", "pattern": "/^uint8_t* EnumeratePermissionsResponse::_InternalSerialize($/", "language": "C++", "typeref": "typename:uint8_t *", "kind": "function", "signature": "(uint8_t * target,::PROTOBUF_NAMESPACE_ID::io::EpsCopyOutputStream * stream) const", "scope": "ottx::permission::EnumeratePermissionsResponse", "scopeKind": "class"}, {"_type": "tag", "name": "__anon04ee6d7d010a", "path": "/home/kavia/workspace/code-generation/app-gateway2/build-ottservices/permission_service.pb.cc", "pattern": "/^  union {$/", "file": true, "language": "C++", "kind": "union", "scope": "ottx::permission::AppKeyDefaultTypeInternal", "scopeKind": "struct"}, {"_type": "tag", "name": "__anon04ee6d7d020a", "path": "/home/kavia/workspace/code-generation/app-gateway2/build-ottservices/permission_service.pb.cc", "pattern": "/^  union {$/", "file": true, "language": "C++", "kind": "union", "scope": "ottx::permission::EnumeratePermissionsRequestDefaultTypeInternal", "scopeKind": "struct"}, {"_type": "tag", "name": "__anon04ee6d7d030a", "path": "/home/kavia/workspace/code-generation/app-gateway2/build-ottservices/permission_service.pb.cc", "pattern": "/^  union {$/", "file": true, "language": "C++", "kind": "union", "scope": "ottx::permission::EnumeratePermissionsResponseDefaultTypeInternal", "scopeKind": "struct"}, {"_type": "tag", "name": "_class_data_", "path": "/home/kavia/workspace/code-generation/app-gateway2/build-ottservices/permission_service.pb.cc", "pattern": "/^const ::PROTOBUF_NAMESPACE_ID::Message::ClassData AppKey::_class_data_ = {$/", "language": "C++", "typeref": "typename:const::PROTOBUF_NAMESPACE_ID::Message::ClassData", "kind": "member", "scope": "ottx::permission::AppKey", "scopeKind": "class"}, {"_type": "tag", "name": "_class_data_", "path": "/home/kavia/workspace/code-generation/app-gateway2/build-ottservices/permission_service.pb.cc", "pattern": "/^const ::PROTOBUF_NAMESPACE_ID::Message::ClassData EnumeratePermissionsRequest::_class_data_ = {$/", "language": "C++", "typeref": "typename:const::PROTOBUF_NAMESPACE_ID::Message::ClassData", "kind": "member", "scope": "ottx::permission::EnumeratePermissionsRequest", "scopeKind": "class"}, {"_type": "tag", "name": "_class_data_", "path": "/home/kavia/workspace/code-generation/app-gateway2/build-ottservices/permission_service.pb.cc", "pattern": "/^const ::PROTOBUF_NAMESPACE_ID::Message::ClassData EnumeratePermissionsResponse::_class_data_ = {$/", "language": "C++", "typeref": "typename:const::PROTOBUF_NAMESPACE_ID::Message::ClassData", "kind": "member", "scope": "ottx::permission::EnumeratePermissionsResponse", "scopeKind": "class"}, {"_type": "tag", "name": "_instance", "path": "/home/kavia/workspace/code-generation/app-gateway2/build-ottservices/permission_service.pb.cc", "pattern": "/^    AppKey _instance;$/", "file": true, "language": "C++", "typeref": "typename:AppKey", "kind": "member", "scope": "ottx::permission::AppKeyDefaultTypeInternal::__anon04ee6d7d010a", "scopeKind": "union"}, {"_type": "tag", "name": "_instance", "path": "/home/kavia/workspace/code-generation/app-gateway2/build-ottservices/permission_service.pb.cc", "pattern": "/^    EnumeratePermissionsRequest _instance;$/", "file": true, "language": "C++", "typeref": "typename:EnumeratePermissionsRequest", "kind": "member", "scope": "ottx::permission::EnumeratePermissionsRequestDefaultTypeInternal::__anon04ee6d7d020a", "scopeKind": "union"}], "hash": "7f159d7099e448aaf07fcd020bd0c75e", "format-version": 4, "code-base-name": "app-gateway2", "filename": "build-ottservices/permission_service.pb.cc", "fields": [{"name": "PROTOBUF_ATTRIBUTE_NO_DESTROY PROTOBUF_CONSTINIT PROTOBUF_ATTRIBUTE_INIT_PRIORITY1 AppKeyDefaultTypeInternal _AppKey_default_instance_", "scope": "ottx::permission", "scopeKind": "namespace", "description": "unavailable"}, {"name": "PROTOBUF_ATTRIBUTE_NO_DESTROY PROTOBUF_CONSTINIT PROTOBUF_ATTRIBUTE_INIT_PRIORITY1 EnumeratePermissionsRequestDefaultTypeInternal _EnumeratePermissionsRequest_default_instance_", "scope": "ottx::permission", "scopeKind": "namespace", "description": "unavailable"}, {"name": "PROTOBUF_ATTRIBUTE_NO_DESTROY PROTOBUF_CONSTINIT PROTOBUF_ATTRIBUTE_INIT_PRIORITY1 EnumeratePermissionsResponseDefaultTypeInternal _EnumeratePermissionsResponse_default_instance_", "scope": "ottx::permission", "scopeKind": "namespace", "description": "unavailable"}, {"name": "const::PROTOBUF_NAMESPACE_ID::Message::ClassData _class_data_", "scope": "ottx::permission::AppKey", "scopeKind": "class", "description": "unavailable"}, {"name": "AppKey _instance", "scope": "ottx::permission::AppKeyDefaultTypeInternal::__anon04ee6d7d010a", "scopeKind": "union", "description": "unavailable"}, {"name": "EnumeratePermissionsRequest _instance", "scope": "ottx::permission::EnumeratePermissionsRequestDefaultTypeInternal::__anon04ee6d7d020a", "scopeKind": "union", "description": "unavailable"}], "revision_history": [{"238": "e298f50bdcb1af92a6a3e942be2f66bfc2e9cdb5"}]}