{"is_source_file": false, "format": "", "description": "", "external_files": [], "external_methods": [], "published": [], "classes": [], "methods": [], "calls": [], "search-terms": [], "state": 2, "file_id": 109, "knowledge_revision": 321, "git_revision": "e3dea931296a543a65493075a65aaa817cbdc9a1", "hash": "282fde761cc3758b33d0390c6fb78752", "format-version": 4, "code-base-name": "app-gateway2", "filename": "build-ottservices/CTestTestfile.cmake", "revision_history": [{"321": "e3dea931296a543a65493075a65aaa817cbdc9a1"}]}