{"is_source_file": false, "format": "", "description": "", "external_files": [], "external_methods": [], "published": [], "classes": [], "methods": [], "calls": [], "search-terms": [], "state": 2, "file_id": 79, "knowledge_revision": 310, "git_revision": "e3dea931296a543a65493075a65aaa817cbdc9a1", "revision_history": [{"232": "e298f50bdcb1af92a6a3e942be2f66bfc2e9cdb5"}, {"310": "e3dea931296a543a65493075a65aaa817cbdc9a1"}], "hash": "b1c98809e6a9624f1238f9a226b13631", "format-version": 4, "code-base-name": "app-gateway2", "filename": "build-ottservices/cmake_install.cmake"}