{"is_source_file": false, "format": "", "description": "", "external_files": [], "external_methods": [], "published": [], "classes": [], "methods": [], "calls": [], "search-terms": [], "state": 2, "file_id": 66, "knowledge_revision": 228, "git_revision": "e298f50bdcb1af92a6a3e942be2f66bfc2e9cdb5", "ctags": [], "hash": "7a3b2dd1b2bf27bc83fd18cbec851201", "format-version": 4, "code-base-name": "app-gateway2", "filename": "build-ottservices/CMakeFiles/permission_service_protoc.dir/compiler_depend.ts", "revision_history": [{"228": "e298f50bdcb1af92a6a3e942be2f66bfc2e9cdb5"}]}