{"is_source_file": false, "format": "", "description": "", "external_files": [], "external_methods": [], "published": [], "classes": [], "methods": [], "calls": [], "search-terms": [], "state": 2, "file_id": 100, "knowledge_revision": 313, "git_revision": "e3dea931296a543a65493075a65aaa817cbdc9a1", "hash": "ac56d04705af3b59b3d88fccfd5128a9", "format-version": 4, "code-base-name": "app-gateway2", "filename": "build-ottservices/AppGateway/CMakeFiles/CMakeDirectoryInformation.cmake", "revision_history": [{"313": "e3dea931296a543a65493075a65aaa817cbdc9a1"}]}