{"is_source_file": false, "format": "", "description": "", "external_files": [], "external_methods": [], "published": [], "classes": [], "methods": [], "calls": [], "search-terms": [], "state": 2, "file_id": 71, "knowledge_revision": 224, "git_revision": "e298f50bdcb1af92a6a3e942be2f66bfc2e9cdb5", "hash": "567aee8b883c1444706b916a8e3d0bd8", "format-version": 4, "code-base-name": "app-gateway2", "filename": "build-ottservices/CMakeFiles/permission_service_protoc_grpc.dir/cmake_clean.cmake", "revision_history": [{"224": "e298f50bdcb1af92a6a3e942be2f66bfc2e9cdb5"}]}