{"is_source_file": false, "format": "", "description": "", "external_files": [], "external_methods": [], "published": [], "classes": [], "methods": [], "calls": [], "search-terms": [], "state": 2, "file_id": 75, "knowledge_revision": 226, "git_revision": "e298f50bdcb1af92a6a3e942be2f66bfc2e9cdb5", "hash": "671c33842dc319d26873d1584fe5181b", "format-version": 4, "code-base-name": "app-gateway2", "filename": "build-ottservices/CMakeFiles/3.28.3/CMakeCCompiler.cmake", "revision_history": [{"226": "e298f50bdcb1af92a6a3e942be2f66bfc2e9cdb5"}]}