{"is_source_file": false, "format": "", "description": "", "external_files": [], "external_methods": [], "published": [], "classes": [], "methods": [{"name": "AppKey(AppKey && from)", "scope": "ottx::permission::AppKey", "scopeKind": "class", "description": "unavailable"}, {"name": "AppKey()", "scope": "ottx::permission::AppKey", "scopeKind": "class", "description": "unavailable"}, {"name": "EnumeratePermissionsRequest(EnumeratePermissionsRequest && from)", "scope": "ottx::permission::EnumeratePermissionsRequest", "scopeKind": "class", "description": "unavailable"}, {"name": "EnumeratePermissionsRequest()", "scope": "ottx::permission::EnumeratePermissionsRequest", "scopeKind": "class", "description": "unavailable"}, {"name": "EnumeratePermissionsResponse(EnumeratePermissionsResponse && from)", "scope": "ottx::permission::EnumeratePermissionsResponse", "scopeKind": "class", "description": "unavailable"}, {"name": "EnumeratePermissionsResponse()", "scope": "ottx::permission::EnumeratePermissionsResponse", "scopeKind": "class", "description": "unavailable"}, {"name": "::PROTOBUF_NAMESPACE_ID::StringPiece FullMessageName()", "scope": "ottx::permission::EnumeratePermissionsResponse", "scopeKind": "class", "description": "unavailable"}, {"name": "int GetCachedSize() const", "scope": "ottx::permission::EnumeratePermissionsResponse", "scopeKind": "class", "description": "unavailable"}, {"name": "const::PROTOBUF_NAMESPACE_ID::Descriptor * GetDescriptor()", "scope": "ottx::permission::EnumeratePermissionsResponse", "scopeKind": "class", "description": "unavailable"}, {"name": "const::PROTOBUF_NAMESPACE_ID::Reflection * GetReflection()", "scope": "ottx::permission::EnumeratePermissionsResponse", "scopeKind": "class", "description": "unavailable"}, {"name": "void MergeFrom(const AppKey & from)", "scope": "ottx::permission::AppKey", "scopeKind": "class", "description": "unavailable"}, {"name": "void MergeFrom(const EnumeratePermissionsRequest & from)", "scope": "ottx::permission::EnumeratePermissionsRequest", "scopeKind": "class", "description": "unavailable"}, {"name": "void MergeFrom(const EnumeratePermissionsResponse & from)", "scope": "ottx::permission::EnumeratePermissionsResponse", "scopeKind": "class", "description": "unavailable"}, {"name": "AppKey * New(::PROTOBUF_NAMESPACE_ID::Arena * arena=nullptr) const", "scope": "ottx::permission::AppKey", "scopeKind": "class", "description": "unavailable"}, {"name": "EnumeratePermissionsRequest * New(::PROTOBUF_NAMESPACE_ID::Arena * arena=nullptr) const", "scope": "ottx::permission::EnumeratePermissionsRequest", "scopeKind": "class", "description": "unavailable"}, {"name": "EnumeratePermissionsResponse * New(::PROTOBUF_NAMESPACE_ID::Arena * arena=nullptr) const", "scope": "ottx::permission::EnumeratePermissionsResponse", "scopeKind": "class", "description": "unavailable"}, {"name": "void Swap(AppKey * other)", "scope": "ottx::permission::AppKey", "scopeKind": "class", "description": "unavailable"}, {"name": "void Swap(EnumeratePermissionsRequest * other)", "scope": "ottx::permission::EnumeratePermissionsRequest", "scopeKind": "class", "description": "unavailable"}, {"name": "void Swap(EnumeratePermissionsResponse * other)", "scope": "ottx::permission::EnumeratePermissionsResponse", "scopeKind": "class", "description": "unavailable"}, {"name": "void UnsafeArenaSwap(AppKey * other)", "scope": "ottx::permission::AppKey", "scopeKind": "class", "description": "unavailable"}, {"name": "void UnsafeArenaSwap(EnumeratePermissionsRequest * other)", "scope": "ottx::permission::EnumeratePermissionsRequest", "scopeKind": "class", "description": "unavailable"}, {"name": "void UnsafeArenaSwap(EnumeratePermissionsResponse * other)", "scope": "ottx::permission::EnumeratePermissionsResponse", "scopeKind": "class", "description": "unavailable"}, {"name": "std::string * _internal_add_permission_filters()", "scope": "ottx::permission::EnumeratePermissionsRequest", "scopeKind": "class", "description": "unavailable"}, {"name": "std::string * _internal_add_permissions()", "scope": "ottx::permission::EnumeratePermissionsResponse", "scopeKind": "class", "description": "unavailable"}, {"name": "const std::string & _internal_app() const", "scope": "ottx::permission::AppKey", "scopeKind": "class", "description": "unavailable"}, {"name": "const::ottx::permission::AppKey & _internal_app_key() const", "scope": "ottx::permission::EnumeratePermissionsRequest", "scopeKind": "class", "description": "unavailable"}, {"name": "bool _internal_has_app_key() const", "scope": "ottx::permission::EnumeratePermissionsRequest", "scopeKind": "class", "description": "unavailable"}, {"name": "std::string * _internal_mutable_app()", "scope": "ottx::permission::AppKey", "scopeKind": "class", "description": "unavailable"}, {"name": "::ottx::permission::AppKey * _internal_mutable_app_key()", "scope": "ottx::permission::EnumeratePermissionsRequest", "scopeKind": "class", "description": "unavailable"}, {"name": "std::string * _internal_mutable_syndication_partner_id()", "scope": "ottx::permission::AppKey", "scopeKind": "class", "description": "unavailable"}, {"name": "const std::string & _internal_permission_filters(int index) const", "scope": "ottx::permission::EnumeratePermissionsRequest", "scopeKind": "class", "description": "unavailable"}, {"name": "int _internal_permission_filters_size() const", "scope": "ottx::permission::EnumeratePermissionsRequest", "scopeKind": "class", "description": "unavailable"}, {"name": "const std::string & _internal_permissions(int index) const", "scope": "ottx::permission::EnumeratePermissionsResponse", "scopeKind": "class", "description": "unavailable"}, {"name": "int _internal_permissions_size() const", "scope": "ottx::permission::EnumeratePermissionsResponse", "scopeKind": "class", "description": "unavailable"}, {"name": "void _internal_set_app(const std::string & value)", "scope": "ottx::permission::AppKey", "scopeKind": "class", "description": "unavailable"}, {"name": "void _internal_set_syndication_partner_id(const std::string & value)", "scope": "ottx::permission::AppKey", "scopeKind": "class", "description": "unavailable"}, {"name": "const std::string & _internal_syndication_partner_id() const", "scope": "ottx::permission::AppKey", "scopeKind": "class", "description": "unavailable"}, {"name": "std::string * add_permission_filters()", "scope": "ottx::permission::EnumeratePermissionsRequest", "scopeKind": "class", "description": "unavailable"}, {"name": "void add_permission_filters(const char * value)", "scope": "ottx::permission::EnumeratePermissionsRequest", "scopeKind": "class", "description": "unavailable"}, {"name": "void add_permission_filters(const char * value,size_t size)", "scope": "ottx::permission::EnumeratePermissionsRequest", "scopeKind": "class", "description": "unavailable"}, {"name": "void add_permission_filters(const std::string & value)", "scope": "ottx::permission::EnumeratePermissionsRequest", "scopeKind": "class", "description": "unavailable"}, {"name": "void add_permission_filters(std::string && value)", "scope": "ottx::permission::EnumeratePermissionsRequest", "scopeKind": "class", "description": "unavailable"}], "calls": [], "search-terms": [], "state": 2, "file_id": 80, "knowledge_revision": 233, "git_revision": "e298f50bdcb1af92a6a3e942be2f66bfc2e9cdb5", "ctags": [{"_type": "tag", "name": "AppKey", "path": "/home/kavia/workspace/code-generation/app-gateway2/build-ottservices/permission_service.pb.h", "pattern": "/^  AppKey(AppKey&& from) noexcept$/", "language": "C++", "kind": "function", "signature": "(AppKey && from)", "scope": "ottx::permission::AppKey", "scopeKind": "class"}, {"_type": "tag", "name": "AppKey", "path": "/home/kavia/workspace/code-generation/app-gateway2/build-ottservices/permission_service.pb.h", "pattern": "/^  inline AppKey() : AppKey(nullptr) {}$/", "language": "C++", "kind": "function", "signature": "()", "scope": "ottx::permission::AppKey", "scopeKind": "class"}, {"_type": "tag", "name": "AppKey", "path": "/home/kavia/workspace/code-generation/app-gateway2/build-ottservices/permission_service.pb.h", "pattern": "/^class AppKey final :$/", "language": "C++", "kind": "class", "scope": "ottx::permission", "scopeKind": "namespace"}, {"_type": "tag", "name": "DestructorSkippable_", "path": "/home/kavia/workspace/code-generation/app-gateway2/build-ottservices/permission_service.pb.h", "pattern": "/^  typedef void DestructorSkippable_;$/", "language": "C++", "typeref": "typename:void", "kind": "typedef", "scope": "ottx::permission::AppKey", "scopeKind": "class"}, {"_type": "tag", "name": "DestructorSkippable_", "path": "/home/kavia/workspace/code-generation/app-gateway2/build-ottservices/permission_service.pb.h", "pattern": "/^  typedef void DestructorSkippable_;$/", "language": "C++", "typeref": "typename:void", "kind": "typedef", "scope": "ottx::permission::EnumeratePermissionsRequest", "scopeKind": "class"}, {"_type": "tag", "name": "DestructorSkippable_", "path": "/home/kavia/workspace/code-generation/app-gateway2/build-ottservices/permission_service.pb.h", "pattern": "/^  typedef void DestructorSkippable_;$/", "language": "C++", "typeref": "typename:void", "kind": "typedef", "scope": "ottx::permission::EnumeratePermissionsResponse", "scopeKind": "class"}, {"_type": "tag", "name": "EnumeratePermissionsRequest", "path": "/home/kavia/workspace/code-generation/app-gateway2/build-ottservices/permission_service.pb.h", "pattern": "/^  EnumeratePermissionsRequest(EnumeratePermissionsRequest&& from) noexcept$/", "language": "C++", "kind": "function", "signature": "(EnumeratePermissionsRequest && from)", "scope": "ottx::permission::EnumeratePermissionsRequest", "scopeKind": "class"}, {"_type": "tag", "name": "EnumeratePermissionsRequest", "path": "/home/kavia/workspace/code-generation/app-gateway2/build-ottservices/permission_service.pb.h", "pattern": "/^  inline EnumeratePermissionsRequest() : EnumeratePermissionsRequest(nullptr) {}$/", "language": "C++", "kind": "function", "signature": "()", "scope": "ottx::permission::EnumeratePermissionsRequest", "scopeKind": "class"}, {"_type": "tag", "name": "EnumeratePermissionsRequest", "path": "/home/kavia/workspace/code-generation/app-gateway2/build-ottservices/permission_service.pb.h", "pattern": "/^class EnumeratePermissionsRequest final :$/", "language": "C++", "kind": "class", "scope": "ottx::permission", "scopeKind": "namespace"}, {"_type": "tag", "name": "EnumeratePermissionsResponse", "path": "/home/kavia/workspace/code-generation/app-gateway2/build-ottservices/permission_service.pb.h", "pattern": "/^  EnumeratePermissionsResponse(EnumeratePermissionsResponse&& from) noexcept$/", "language": "C++", "kind": "function", "signature": "(EnumeratePermissionsResponse && from)", "scope": "ottx::permission::EnumeratePermissionsResponse", "scopeKind": "class"}, {"_type": "tag", "name": "EnumeratePermissionsResponse", "path": "/home/kavia/workspace/code-generation/app-gateway2/build-ottservices/permission_service.pb.h", "pattern": "/^  inline EnumeratePermissionsResponse() : EnumeratePermissionsResponse(nullptr) {}$/", "language": "C++", "kind": "function", "signature": "()", "scope": "ottx::permission::EnumeratePermissionsResponse", "scopeKind": "class"}, {"_type": "tag", "name": "EnumeratePermissionsResponse", "path": "/home/kavia/workspace/code-generation/app-gateway2/build-ottservices/permission_service.pb.h", "pattern": "/^class EnumeratePermissionsResponse final :$/", "language": "C++", "kind": "class", "scope": "ottx::permission", "scopeKind": "namespace"}, {"_type": "tag", "name": "FullMessageName", "path": "/home/kavia/workspace/code-generation/app-gateway2/build-ottservices/permission_service.pb.h", "pattern": "/^  static ::PROTOBUF_NAMESPACE_ID::StringPiece FullMessageName() {$/", "language": "C++", "typeref": "typename:::PROTOBUF_NAMESPACE_ID::StringPiece", "kind": "function", "signature": "()", "scope": "ottx::permission::AppKey", "scopeKind": "class"}, {"_type": "tag", "name": "FullMessageName", "path": "/home/kavia/workspace/code-generation/app-gateway2/build-ottservices/permission_service.pb.h", "pattern": "/^  static ::PROTOBUF_NAMESPACE_ID::StringPiece FullMessageName() {$/", "language": "C++", "typeref": "typename:::PROTOBUF_NAMESPACE_ID::StringPiece", "kind": "function", "signature": "()", "scope": "ottx::permission::EnumeratePermissionsRequest", "scopeKind": "class"}, {"_type": "tag", "name": "FullMessageName", "path": "/home/kavia/workspace/code-generation/app-gateway2/build-ottservices/permission_service.pb.h", "pattern": "/^  static ::PROTOBUF_NAMESPACE_ID::StringPiece FullMessageName() {$/", "language": "C++", "typeref": "typename:::PROTOBUF_NAMESPACE_ID::StringPiece", "kind": "function", "signature": "()", "scope": "ottx::permission::EnumeratePermissionsResponse", "scopeKind": "class"}, {"_type": "tag", "name": "GOOGLE_PROTOBUF_INCLUDED_permission_5fservice_2eproto", "path": "/home/kavia/workspace/code-generation/app-gateway2/build-ottservices/permission_service.pb.h", "pattern": "/^#define GOOGLE_PROTOBUF_INCLUDED_permission_5fservice_2eproto$/", "language": "C++", "kind": "macro"}, {"_type": "tag", "name": "GetCachedSize", "path": "/home/kavia/workspace/code-generation/app-gateway2/build-ottservices/permission_service.pb.h", "pattern": "/^  int GetCachedSize() const final { return _impl_._cached_size_.Get(); }$/", "language": "C++", "typeref": "typename:int", "kind": "function", "signature": "() const", "scope": "ottx::permission::AppKey", "scopeKind": "class"}, {"_type": "tag", "name": "GetCachedSize", "path": "/home/kavia/workspace/code-generation/app-gateway2/build-ottservices/permission_service.pb.h", "pattern": "/^  int GetCachedSize() const final { return _impl_._cached_size_.Get(); }$/", "language": "C++", "typeref": "typename:int", "kind": "function", "signature": "() const", "scope": "ottx::permission::EnumeratePermissionsRequest", "scopeKind": "class"}, {"_type": "tag", "name": "GetCachedSize", "path": "/home/kavia/workspace/code-generation/app-gateway2/build-ottservices/permission_service.pb.h", "pattern": "/^  int GetCachedSize() const final { return _impl_._cached_size_.Get(); }$/", "language": "C++", "typeref": "typename:int", "kind": "function", "signature": "() const", "scope": "ottx::permission::EnumeratePermissionsResponse", "scopeKind": "class"}, {"_type": "tag", "name": "GetDescriptor", "path": "/home/kavia/workspace/code-generation/app-gateway2/build-ottservices/permission_service.pb.h", "pattern": "/^  static const ::PROTOBUF_NAMESPACE_ID::Descriptor* GetDescriptor() {$/", "language": "C++", "typeref": "typename:const::PROTOBUF_NAMESPACE_ID::Descriptor *", "kind": "function", "signature": "()", "scope": "ottx::permission::AppKey", "scopeKind": "class"}, {"_type": "tag", "name": "GetDescriptor", "path": "/home/kavia/workspace/code-generation/app-gateway2/build-ottservices/permission_service.pb.h", "pattern": "/^  static const ::PROTOBUF_NAMESPACE_ID::Descriptor* GetDescriptor() {$/", "language": "C++", "typeref": "typename:const::PROTOBUF_NAMESPACE_ID::Descriptor *", "kind": "function", "signature": "()", "scope": "ottx::permission::EnumeratePermissionsRequest", "scopeKind": "class"}, {"_type": "tag", "name": "GetDescriptor", "path": "/home/kavia/workspace/code-generation/app-gateway2/build-ottservices/permission_service.pb.h", "pattern": "/^  static const ::PROTOBUF_NAMESPACE_ID::Descriptor* GetDescriptor() {$/", "language": "C++", "typeref": "typename:const::PROTOBUF_NAMESPACE_ID::Descriptor *", "kind": "function", "signature": "()", "scope": "ottx::permission::EnumeratePermissionsResponse", "scopeKind": "class"}, {"_type": "tag", "name": "GetReflection", "path": "/home/kavia/workspace/code-generation/app-gateway2/build-ottservices/permission_service.pb.h", "pattern": "/^  static const ::PROTOBUF_NAMESPACE_ID::Reflection* GetReflection() {$/", "language": "C++", "typeref": "typename:const::PROTOBUF_NAMESPACE_ID::Reflection *", "kind": "function", "signature": "()", "scope": "ottx::permission::AppKey", "scopeKind": "class"}, {"_type": "tag", "name": "GetReflection", "path": "/home/kavia/workspace/code-generation/app-gateway2/build-ottservices/permission_service.pb.h", "pattern": "/^  static const ::PROTOBUF_NAMESPACE_ID::Reflection* GetReflection() {$/", "language": "C++", "typeref": "typename:const::PROTOBUF_NAMESPACE_ID::Reflection *", "kind": "function", "signature": "()", "scope": "ottx::permission::EnumeratePermissionsRequest", "scopeKind": "class"}, {"_type": "tag", "name": "GetReflection", "path": "/home/kavia/workspace/code-generation/app-gateway2/build-ottservices/permission_service.pb.h", "pattern": "/^  static const ::PROTOBUF_NAMESPACE_ID::Reflection* GetReflection() {$/", "language": "C++", "typeref": "typename:const::PROTOBUF_NAMESPACE_ID::Reflection *", "kind": "function", "signature": "()", "scope": "ottx::permission::EnumeratePermissionsResponse", "scopeKind": "class"}, {"_type": "tag", "name": "Impl_", "path": "/home/kavia/workspace/code-generation/app-gateway2/build-ottservices/permission_service.pb.h", "pattern": "/^  struct Impl_ {$/", "language": "C++", "kind": "struct", "scope": "ottx::permission::AppKey", "scopeKind": "class"}, {"_type": "tag", "name": "Impl_", "path": "/home/kavia/workspace/code-generation/app-gateway2/build-ottservices/permission_service.pb.h", "pattern": "/^  struct Impl_ {$/", "language": "C++", "kind": "struct", "scope": "ottx::permission::EnumeratePermissionsRequest", "scopeKind": "class"}, {"_type": "tag", "name": "Impl_", "path": "/home/kavia/workspace/code-generation/app-gateway2/build-ottservices/permission_service.pb.h", "pattern": "/^  struct Impl_ {$/", "language": "C++", "kind": "struct", "scope": "ottx::permission::EnumeratePermissionsResponse", "scopeKind": "class"}, {"_type": "tag", "name": "InternalArenaConstructable_", "path": "/home/kavia/workspace/code-generation/app-gateway2/build-ottservices/permission_service.pb.h", "pattern": "/^  typedef void InternalArenaConstructable_;$/", "language": "C++", "typeref": "typename:void", "kind": "typedef", "scope": "ottx::permission::AppKey", "scopeKind": "class"}, {"_type": "tag", "name": "InternalArenaConstructable_", "path": "/home/kavia/workspace/code-generation/app-gateway2/build-ottservices/permission_service.pb.h", "pattern": "/^  typedef void InternalArenaConstructable_;$/", "language": "C++", "typeref": "typename:void", "kind": "typedef", "scope": "ottx::permission::EnumeratePermissionsRequest", "scopeKind": "class"}, {"_type": "tag", "name": "InternalArenaConstructable_", "path": "/home/kavia/workspace/code-generation/app-gateway2/build-ottservices/permission_service.pb.h", "pattern": "/^  typedef void InternalArenaConstructable_;$/", "language": "C++", "typeref": "typename:void", "kind": "typedef", "scope": "ottx::permission::EnumeratePermissionsResponse", "scopeKind": "class"}, {"_type": "tag", "name": "MergeFrom", "path": "/home/kavia/workspace/code-generation/app-gateway2/build-ottservices/permission_service.pb.h", "pattern": "/^  void MergeFrom( const AppKey& from) {$/", "language": "C++", "typeref": "typename:void", "kind": "function", "signature": "(const AppKey & from)", "scope": "ottx::permission::AppKey", "scopeKind": "class"}, {"_type": "tag", "name": "MergeFrom", "path": "/home/kavia/workspace/code-generation/app-gateway2/build-ottservices/permission_service.pb.h", "pattern": "/^  void MergeFrom( const EnumeratePermissionsRequest& from) {$/", "language": "C++", "typeref": "typename:void", "kind": "function", "signature": "(const EnumeratePermissionsRequest & from)", "scope": "ottx::permission::EnumeratePermissionsRequest", "scopeKind": "class"}, {"_type": "tag", "name": "MergeFrom", "path": "/home/kavia/workspace/code-generation/app-gateway2/build-ottservices/permission_service.pb.h", "pattern": "/^  void MergeFrom( const EnumeratePermissionsResponse& from) {$/", "language": "C++", "typeref": "typename:void", "kind": "function", "signature": "(const EnumeratePermissionsResponse & from)", "scope": "ottx::permission::EnumeratePermissionsResponse", "scopeKind": "class"}, {"_type": "tag", "name": "New", "path": "/home/kavia/workspace/code-generation/app-gateway2/build-ottservices/permission_service.pb.h", "pattern": "/^  AppKey* New(::PROTOBUF_NAMESPACE_ID::Arena* arena = nullptr) const final {$/", "language": "C++", "typeref": "typename:AppKey *", "kind": "function", "signature": "(::PROTOBUF_NAMESPACE_ID::Arena * arena=nullptr) const", "scope": "ottx::permission::AppKey", "scopeKind": "class"}, {"_type": "tag", "name": "New", "path": "/home/kavia/workspace/code-generation/app-gateway2/build-ottservices/permission_service.pb.h", "pattern": "/^  EnumeratePermissionsRequest* New(::PROTOBUF_NAMESPACE_ID::Arena* arena = nullptr) const final /", "language": "C++", "typeref": "typename:EnumeratePermissionsRequest *", "kind": "function", "signature": "(::PROTOBUF_NAMESPACE_ID::Arena * arena=nullptr) const", "scope": "ottx::permission::EnumeratePermissionsRequest", "scopeKind": "class"}, {"_type": "tag", "name": "New", "path": "/home/kavia/workspace/code-generation/app-gateway2/build-ottservices/permission_service.pb.h", "pattern": "/^  EnumeratePermissionsResponse* New(::PROTOBUF_NAMESPACE_ID::Arena* arena = nullptr) const final/", "language": "C++", "typeref": "typename:EnumeratePermissionsResponse *", "kind": "function", "signature": "(::PROTOBUF_NAMESPACE_ID::Arena * arena=nullptr) const", "scope": "ottx::permission::EnumeratePermissionsResponse", "scopeKind": "class"}, {"_type": "tag", "name": "PROTOBUF_INTERNAL_EXPORT_permission_5fservice_2eproto", "path": "/home/kavia/workspace/code-generation/app-gateway2/build-ottservices/permission_service.pb.h", "pattern": "/^#define PROTOBUF_INTERNAL_EXPORT_permission_5fservice_2eproto$/", "language": "C++", "kind": "macro"}, {"_type": "tag", "name": "Swap", "path": "/home/kavia/workspace/code-generation/app-gateway2/build-ottservices/permission_service.pb.h", "pattern": "/^  inline void Swap(AppKey* other) {$/", "language": "C++", "typeref": "typename:void", "kind": "function", "signature": "(AppKey * other)", "scope": "ottx::permission::AppKey", "scopeKind": "class"}, {"_type": "tag", "name": "Swap", "path": "/home/kavia/workspace/code-generation/app-gateway2/build-ottservices/permission_service.pb.h", "pattern": "/^  inline void Swap(EnumeratePermissionsRequest* other) {$/", "language": "C++", "typeref": "typename:void", "kind": "function", "signature": "(EnumeratePermissionsRequest * other)", "scope": "ottx::permission::EnumeratePermissionsRequest", "scopeKind": "class"}, {"_type": "tag", "name": "Swap", "path": "/home/kavia/workspace/code-generation/app-gateway2/build-ottservices/permission_service.pb.h", "pattern": "/^  inline void Swap(EnumeratePermissionsResponse* other) {$/", "language": "C++", "typeref": "typename:void", "kind": "function", "signature": "(EnumeratePermissionsResponse * other)", "scope": "ottx::permission::EnumeratePermissionsResponse", "scopeKind": "class"}, {"_type": "tag", "name": "TableStruct_permission_5fservice_2eproto", "path": "/home/kavia/workspace/code-generation/app-gateway2/build-ottservices/permission_service.pb.h", "pattern": "/^struct TableStruct_permission_5fservice_2eproto {$/", "language": "C++", "kind": "struct"}, {"_type": "tag", "name": "UnsafeArenaSwap", "path": "/home/kavia/workspace/code-generation/app-gateway2/build-ottservices/permission_service.pb.h", "pattern": "/^  void UnsafeArenaSwap(AppKey* other) {$/", "language": "C++", "typeref": "typename:void", "kind": "function", "signature": "(AppKey * other)", "scope": "ottx::permission::AppKey", "scopeKind": "class"}, {"_type": "tag", "name": "UnsafeArenaSwap", "path": "/home/kavia/workspace/code-generation/app-gateway2/build-ottservices/permission_service.pb.h", "pattern": "/^  void UnsafeArenaSwap(EnumeratePermissionsRequest* other) {$/", "language": "C++", "typeref": "typename:void", "kind": "function", "signature": "(EnumeratePermissionsRequest * other)", "scope": "ottx::permission::EnumeratePermissionsRequest", "scopeKind": "class"}, {"_type": "tag", "name": "UnsafeArenaSwap", "path": "/home/kavia/workspace/code-generation/app-gateway2/build-ottservices/permission_service.pb.h", "pattern": "/^  void UnsafeArenaSwap(EnumeratePermissionsResponse* other) {$/", "language": "C++", "typeref": "typename:void", "kind": "function", "signature": "(EnumeratePermissionsResponse * other)", "scope": "ottx::permission::EnumeratePermissionsResponse", "scopeKind": "class"}, {"_type": "tag", "name": "__anon07e831df0103", "path": "/home/kavia/workspace/code-generation/app-gateway2/build-ottservices/permission_service.pb.h", "pattern": "/^  enum : int {$/", "language": "C++", "typeref": "typename:int", "kind": "enum", "scope": "ottx::permission::AppKey", "scopeKind": "class"}, {"_type": "tag", "name": "__anon07e831df020a", "path": "/home/kavia/workspace/code-generation/app-gateway2/build-ottservices/permission_service.pb.h", "pattern": "/^  union { Impl_ _impl_; };$/", "language": "C++", "kind": "union", "scope": "ottx::permission::AppKey", "scopeKind": "class"}, {"_type": "tag", "name": "__anon07e831df0303", "path": "/home/kavia/workspace/code-generation/app-gateway2/build-ottservices/permission_service.pb.h", "pattern": "/^  enum : int {$/", "language": "C++", "typeref": "typename:int", "kind": "enum", "scope": "ottx::permission::EnumeratePermissionsRequest", "scopeKind": "class"}, {"_type": "tag", "name": "__anon07e831df040a", "path": "/home/kavia/workspace/code-generation/app-gateway2/build-ottservices/permission_service.pb.h", "pattern": "/^  union { Impl_ _impl_; };$/", "language": "C++", "kind": "union", "scope": "ottx::permission::EnumeratePermissionsRequest", "scopeKind": "class"}, {"_type": "tag", "name": "__anon07e831df0503", "path": "/home/kavia/workspace/code-generation/app-gateway2/build-ottservices/permission_service.pb.h", "pattern": "/^  enum : int {$/", "language": "C++", "typeref": "typename:int", "kind": "enum", "scope": "ottx::permission::EnumeratePermissionsResponse", "scopeKind": "class"}, {"_type": "tag", "name": "__anon07e831df060a", "path": "/home/kavia/workspace/code-generation/app-gateway2/build-ottservices/permission_service.pb.h", "pattern": "/^  union { Impl_ _impl_; };$/", "language": "C++", "kind": "union", "scope": "ottx::permission::EnumeratePermissionsResponse", "scopeKind": "class"}, {"_type": "tag", "name": "_class_data_", "path": "/home/kavia/workspace/code-generation/app-gateway2/build-ottservices/permission_service.pb.h", "pattern": "/^  static const ClassData _class_data_;$/", "language": "C++", "typeref": "typename:const ClassData", "kind": "member", "scope": "ottx::permission::AppKey", "scopeKind": "class"}, {"_type": "tag", "name": "_class_data_", "path": "/home/kavia/workspace/code-generation/app-gateway2/build-ottservices/permission_service.pb.h", "pattern": "/^  static const ClassData _class_data_;$/", "language": "C++", "typeref": "typename:const ClassData", "kind": "member", "scope": "ottx::permission::EnumeratePermissionsRequest", "scopeKind": "class"}, {"_type": "tag", "name": "_class_data_", "path": "/home/kavia/workspace/code-generation/app-gateway2/build-ottservices/permission_service.pb.h", "pattern": "/^  static const ClassData _class_data_;$/", "language": "C++", "typeref": "typename:const ClassData", "kind": "member", "scope": "ottx::permission::EnumeratePermissionsResponse", "scopeKind": "class"}, {"_type": "tag", "name": "_impl_", "path": "/home/kavia/workspace/code-generation/app-gateway2/build-ottservices/permission_service.pb.h", "pattern": "/^  union { Impl_ _impl_; };$/", "language": "C++", "typeref": "typename:Impl_", "kind": "member", "scope": "ottx::permission::AppKey::__anon07e831df020a", "scopeKind": "union"}, {"_type": "tag", "name": "_impl_", "path": "/home/kavia/workspace/code-generation/app-gateway2/build-ottservices/permission_service.pb.h", "pattern": "/^  union { Impl_ _impl_; };$/", "language": "C++", "typeref": "typename:Impl_", "kind": "member", "scope": "ottx::permission::EnumeratePermissionsRequest::__anon07e831df040a", "scopeKind": "union"}, {"_type": "tag", "name": "_impl_", "path": "/home/kavia/workspace/code-generation/app-gateway2/build-ottservices/permission_service.pb.h", "pattern": "/^  union { Impl_ _impl_; };$/", "language": "C++", "typeref": "typename:Impl_", "kind": "member", "scope": "ottx::permission::EnumeratePermissionsResponse::__anon07e831df060a", "scopeKind": "union"}, {"_type": "tag", "name": "_internal_add_permission_filters", "path": "/home/kavia/workspace/code-generation/app-gateway2/build-ottservices/permission_service.pb.h", "pattern": "/^inline std::string* EnumeratePermissionsRequest::_internal_add_permission_filters() {$/", "language": "C++", "typeref": "typename:std::string *", "kind": "function", "signature": "()", "scope": "ottx::permission::EnumeratePermissionsRequest", "scopeKind": "class"}, {"_type": "tag", "name": "_internal_add_permissions", "path": "/home/kavia/workspace/code-generation/app-gateway2/build-ottservices/permission_service.pb.h", "pattern": "/^inline std::string* EnumeratePermissionsResponse::_internal_add_permissions() {$/", "language": "C++", "typeref": "typename:std::string *", "kind": "function", "signature": "()", "scope": "ottx::permission::EnumeratePermissionsResponse", "scopeKind": "class"}, {"_type": "tag", "name": "_internal_app", "path": "/home/kavia/workspace/code-generation/app-gateway2/build-ottservices/permission_service.pb.h", "pattern": "/^inline const std::string& AppKey::_internal_app() const {$/", "language": "C++", "typeref": "typename:const std::string &", "kind": "function", "signature": "() const", "scope": "ottx::permission::AppKey", "scopeKind": "class"}, {"_type": "tag", "name": "_internal_app_key", "path": "/home/kavia/workspace/code-generation/app-gateway2/build-ottservices/permission_service.pb.h", "pattern": "/^inline const ::ottx::permission::AppKey& EnumeratePermissionsRequest::_internal_app_key() const /", "language": "C++", "typeref": "typename:const::ottx::permission::AppKey &", "kind": "function", "signature": "() const", "scope": "ottx::permission::EnumeratePermissionsRequest", "scopeKind": "class"}, {"_type": "tag", "name": "_internal_has_app_key", "path": "/home/kavia/workspace/code-generation/app-gateway2/build-ottservices/permission_service.pb.h", "pattern": "/^inline bool EnumeratePermissionsRequest::_internal_has_app_key() const {$/", "language": "C++", "typeref": "typename:bool", "kind": "function", "signature": "() const", "scope": "ottx::permission::EnumeratePermissionsRequest", "scopeKind": "class"}, {"_type": "tag", "name": "_internal_mutable_app", "path": "/home/kavia/workspace/code-generation/app-gateway2/build-ottservices/permission_service.pb.h", "pattern": "/^inline std::string* AppKey::_internal_mutable_app() {$/", "language": "C++", "typeref": "typename:std::string *", "kind": "function", "signature": "()", "scope": "ottx::permission::AppKey", "scopeKind": "class"}, {"_type": "tag", "name": "_internal_mutable_app_key", "path": "/home/kavia/workspace/code-generation/app-gateway2/build-ottservices/permission_service.pb.h", "pattern": "/^inline ::ottx::permission::AppKey* EnumeratePermissionsRequest::_internal_mutable_app_key() {$/", "language": "C++", "typeref": "typename:::ottx::permission::AppKey *", "kind": "function", "signature": "()", "scope": "ottx::permission::EnumeratePermissionsRequest", "scopeKind": "class"}, {"_type": "tag", "name": "_internal_mutable_syndication_partner_id", "path": "/home/kavia/workspace/code-generation/app-gateway2/build-ottservices/permission_service.pb.h", "pattern": "/^inline std::string* AppKey::_internal_mutable_syndication_partner_id() {$/", "language": "C++", "typeref": "typename:std::string *", "kind": "function", "signature": "()", "scope": "ottx::permission::AppKey", "scopeKind": "class"}, {"_type": "tag", "name": "_internal_permission_filters", "path": "/home/kavia/workspace/code-generation/app-gateway2/build-ottservices/permission_service.pb.h", "pattern": "/^inline const std::string& EnumeratePermissionsRequest::_internal_permission_filters(int index) c/", "language": "C++", "typeref": "typename:const std::string &", "kind": "function", "signature": "(int index) const", "scope": "ottx::permission::EnumeratePermissionsRequest", "scopeKind": "class"}, {"_type": "tag", "name": "_internal_permission_filters_size", "path": "/home/kavia/workspace/code-generation/app-gateway2/build-ottservices/permission_service.pb.h", "pattern": "/^inline int EnumeratePermissionsRequest::_internal_permission_filters_size() const {$/", "language": "C++", "typeref": "typename:int", "kind": "function", "signature": "() const", "scope": "ottx::permission::EnumeratePermissionsRequest", "scopeKind": "class"}, {"_type": "tag", "name": "_internal_permissions", "path": "/home/kavia/workspace/code-generation/app-gateway2/build-ottservices/permission_service.pb.h", "pattern": "/^inline const std::string& EnumeratePermissionsResponse::_internal_permissions(int index) const {$/", "language": "C++", "typeref": "typename:const std::string &", "kind": "function", "signature": "(int index) const", "scope": "ottx::permission::EnumeratePermissionsResponse", "scopeKind": "class"}, {"_type": "tag", "name": "_internal_permissions_size", "path": "/home/kavia/workspace/code-generation/app-gateway2/build-ottservices/permission_service.pb.h", "pattern": "/^inline int EnumeratePermissionsResponse::_internal_permissions_size() const {$/", "language": "C++", "typeref": "typename:int", "kind": "function", "signature": "() const", "scope": "ottx::permission::EnumeratePermissionsResponse", "scopeKind": "class"}, {"_type": "tag", "name": "_internal_set_app", "path": "/home/kavia/workspace/code-generation/app-gateway2/build-ottservices/permission_service.pb.h", "pattern": "/^inline void AppKey::_internal_set_app(const std::string& value) {$/", "language": "C++", "typeref": "typename:void", "kind": "function", "signature": "(const std::string & value)", "scope": "ottx::permission::AppKey", "scopeKind": "class"}, {"_type": "tag", "name": "_internal_set_syndication_partner_id", "path": "/home/kavia/workspace/code-generation/app-gateway2/build-ottservices/permission_service.pb.h", "pattern": "/^inline void AppKey::_internal_set_syndication_partner_id(const std::string& value) {$/", "language": "C++", "typeref": "typename:void", "kind": "function", "signature": "(const std::string & value)", "scope": "ottx::permission::AppKey", "scopeKind": "class"}, {"_type": "tag", "name": "_internal_syndication_partner_id", "path": "/home/kavia/workspace/code-generation/app-gateway2/build-ottservices/permission_service.pb.h", "pattern": "/^inline const std::string& AppKey::_internal_syndication_partner_id() const {$/", "language": "C++", "typeref": "typename:const std::string &", "kind": "function", "signature": "() const", "scope": "ottx::permission::AppKey", "scopeKind": "class"}, {"_type": "tag", "name": "add_permission_filters", "path": "/home/kavia/workspace/code-generation/app-gateway2/build-ottservices/permission_service.pb.h", "pattern": "/^inline std::string* EnumeratePermissionsRequest::add_permission_filters() {$/", "language": "C++", "typeref": "typename:std::string *", "kind": "function", "signature": "()", "scope": "ottx::permission::EnumeratePermissionsRequest", "scopeKind": "class"}, {"_type": "tag", "name": "add_permission_filters", "path": "/home/kavia/workspace/code-generation/app-gateway2/build-ottservices/permission_service.pb.h", "pattern": "/^inline void EnumeratePermissionsRequest::add_permission_filters(const char* value) {$/", "language": "C++", "typeref": "typename:void", "kind": "function", "signature": "(const char * value)", "scope": "ottx::permission::EnumeratePermissionsRequest", "scopeKind": "class"}, {"_type": "tag", "name": "add_permission_filters", "path": "/home/kavia/workspace/code-generation/app-gateway2/build-ottservices/permission_service.pb.h", "pattern": "/^inline void EnumeratePermissionsRequest::add_permission_filters(const char* value, size_t size) /", "language": "C++", "typeref": "typename:void", "kind": "function", "signature": "(const char * value,size_t size)", "scope": "ottx::permission::EnumeratePermissionsRequest", "scopeKind": "class"}, {"_type": "tag", "name": "add_permission_filters", "path": "/home/kavia/workspace/code-generation/app-gateway2/build-ottservices/permission_service.pb.h", "pattern": "/^inline void EnumeratePermissionsRequest::add_permission_filters(const std::string& value) {$/", "language": "C++", "typeref": "typename:void", "kind": "function", "signature": "(const std::string & value)", "scope": "ottx::permission::EnumeratePermissionsRequest", "scopeKind": "class"}, {"_type": "tag", "name": "add_permission_filters", "path": "/home/kavia/workspace/code-generation/app-gateway2/build-ottservices/permission_service.pb.h", "pattern": "/^inline void EnumeratePermissionsRequest::add_permission_filters(std::string&& value) {$/", "language": "C++", "typeref": "typename:void", "kind": "function", "signature": "(std::string && value)", "scope": "ottx::permission::EnumeratePermissionsRequest", "scopeKind": "class"}, {"_type": "tag", "name": "internal", "path": "/home/kavia/workspace/code-generation/app-gateway2/build-ottservices/permission_service.pb.h", "pattern": "/^namespace internal {$/", "language": "C++", "kind": "namespace"}], "hash": "e99ae57143dc2c56f74522fdea201e7d", "format-version": 4, "code-base-name": "app-gateway2", "filename": "build-ottservices/permission_service.pb.h", "fields": [{"name": "const ClassData _class_data_", "scope": "ottx::permission::AppKey", "scopeKind": "class", "description": "unavailable"}, {"name": "Impl_ _impl_", "scope": "ottx::permission::AppKey::__anon07e831df020a", "scopeKind": "union", "description": "unavailable"}], "revision_history": [{"233": "e298f50bdcb1af92a6a3e942be2f66bfc2e9cdb5"}]}