{"is_source_file": false, "format": "", "description": "", "external_files": [], "external_methods": [], "published": [], "classes": [], "methods": [], "calls": [], "search-terms": [], "state": 2, "file_id": 73, "knowledge_revision": 229, "git_revision": "e298f50bdcb1af92a6a3e942be2f66bfc2e9cdb5", "hash": "ff69e78611150c9de77b90bfedb158c2", "format-version": 4, "code-base-name": "app-gateway2", "filename": "build-ottservices/CMakeFiles/3.28.3/CMakeCXXCompiler.cmake", "revision_history": [{"229": "e298f50bdcb1af92a6a3e942be2f66bfc2e9cdb5"}]}