{"is_source_file": false, "format": "", "description": "", "external_files": [], "external_methods": [], "published": [], "classes": [], "methods": [], "calls": [], "search-terms": ["OttServices", "initialization", "troubleshooting", "IoOttServices", "plugin configuration", "degraded mode", "WPEFramework", "proxy/stub", "Root", "Controller.LifeTime.Activate"], "state": 2, "file_id": 130, "knowledge_revision": 417, "git_revision": "", "hash": "c70a13965903606db12b7c7b4d63d4bd", "format-version": 4, "code-base-name": "app-gateway2", "filename": "docs/troubleshooting/ottservices-initialization.md", "revision_history": [{"417": ""}]}