{"is_source_file": false, "format": "", "description": "", "external_files": [], "external_methods": [], "published": [], "classes": [], "methods": [], "calls": [], "search-terms": [], "state": 2, "file_id": 3, "knowledge_revision": 10, "git_revision": "1c77b63138a59115c3609c230712a33b2c209245", "hash": "882eaa82fee6e98fe2136b6682fe6d9f", "format-version": 4, "code-base-name": "app-gateway2", "filename": "docs/thunder-plugins-architecture.md", "revision_history": [{"10": "1c77b63138a59115c3609c230712a33b2c209245"}]}