{"is_source_file": false, "format": "", "description": "", "external_files": [], "external_methods": [], "published": [], "classes": [], "methods": [], "calls": [], "search-terms": [], "state": 2, "file_id": 4, "knowledge_revision": 11, "git_revision": "1c77b63138a59115c3609c230712a33b2c209245", "hash": "95cc0752eb7c21bfcd4f1d2066d750d6", "format-version": 4, "code-base-name": "app-gateway2", "filename": "docs/launchdelegate-design.md", "revision_history": [{"11": "1c77b63138a59115c3609c230712a33b2c209245"}]}