{"is_source_file": false, "format": "", "description": "", "external_files": [], "external_methods": [], "published": [], "classes": [], "methods": [], "calls": [], "search-terms": [], "state": 2, "file_id": 6, "knowledge_revision": 12, "git_revision": "1c77b63138a59115c3609c230712a33b2c209245", "hash": "bb20818666f0ec555e5253be8760c34a", "format-version": 4, "code-base-name": "app-gateway2", "filename": "docs/appgateway-design.md", "revision_history": [{"12": "1c77b63138a59115c3609c230712a33b2c209245"}]}