{"is_source_file": false, "format": "", "description": "", "external_files": [], "external_methods": [], "published": [], "classes": [], "methods": [], "calls": [], "search-terms": ["App2AppProvider", "Thunder Plugin", "JSON-RPC", "registerProvider", "invokeProvider", "handleProviderResponse", "handleProviderError", "correlationId", "AppGateway", "provider registration", "capability", "JSON-RPC interface", "App2AppProvider.conf.in"], "state": 2, "file_id": 2, "knowledge_revision": 9, "git_revision": "1c77b63138a59115c3609c230712a33b2c209245", "hash": "bc5c4458da02aa3734474449a58d7bde", "format-version": 4, "code-base-name": "app-gateway2", "filename": "docs/app2appprovider-design.md", "revision_history": [{"9": "1c77b63138a59115c3609c230712a33b2c209245"}]}