{"is_source_file": false, "format": "", "description": "", "external_files": [], "external_methods": [], "published": [], "classes": [], "methods": [], "calls": [], "search-terms": [], "state": 2, "file_id": 5, "knowledge_revision": 13, "git_revision": "1c77b63138a59115c3609c230712a33b2c209245", "hash": "7b764e76f659a3f74a8a98fc16cb7710", "format-version": 4, "code-base-name": "app-gateway2", "filename": "docs/appnotifications-design.md", "revision_history": [{"13": "1c77b63138a59115c3609c230712a33b2c209245"}]}