{"is_source_file": false, "format": "", "description": "", "external_files": [], "external_methods": [], "published": [], "classes": [], "methods": [], "calls": [], "search-terms": [], "state": 2, "file_id": 1, "knowledge_revision": 377, "git_revision": "e65884bc6f7024bbc04eb8cf9de46bd707f5a34c", "revision_history": [{"8": "e65884bc6f7024bbc04eb8cf9de46bd707f5a34c"}, {"377": "e65884bc6f7024bbc04eb8cf9de46bd707f5a34c"}], "hash": "c910452839fe3c42350517715bfa7229", "format-version": 4, "code-base-name": "app-gateway2", "filename": "README.md"}