{"is_source_file": true, "format": "Python", "description": "This script generates a sample FbSettings JSON file for the app-gateway2 project, including functions for configuration, rules handling, and file output, mainly used for testing or demo purposes.", "external_files": ["json", "os", "sys", "datetime", "pathlib"], "external_methods": ["json.load", "json.dump", "Path.parent", "Path.resolve", "Path.exists", "Path.open", "Path.mkdir", "sys.stderr", "sys.argv", "print"], "published": ["generate_sample_fbsettings_json", "main"], "classes": [], "methods": [{"name": "Path _repo_root_from_script(script_path: Path)", "description": "Resolves the project root directory based on the script location.", "scope": "", "scopeKind": ""}, {"name": "Path _default_output_dir(repo_root: Path)", "description": "Provides the default output directory for generated JSON files within the project.", "scope": "", "scopeKind": ""}, {"name": "Path _default_rules_path(repo_root: Path)", "description": "Provides the default path to the rules JSON file.", "scope": "", "scopeKind": ""}, {"name": "Optional[Dict[str,Any]] _load_rules(rules_path: Path)", "description": "Attempts to load the rules JSON file, returning the dictionary or None if failed.", "scope": "", "scopeKind": ""}, {"name": "None _ensure_dir(path: Path)", "description": "Creates the output directory if it doesn't already exist.", "scope": "", "scopeKind": ""}, {"name": "Path generate_sample_fbsettings_json(output_dir: Path, filename: str = DEFAULT_FILENAME, rules_path: Optional[Path] = None, include_rules: bool = False)", "description": "Main function that generates the sample JSON file with optional embedded rules.", "scope": "", "scopeKind": ""}, {"name": "int main()", "description": "CLI entry point for the script, handling argument parsing and calling the generator function.", "scope": "", "scopeKind": ""}], "calls": ["json.load", "json.dump", "Path.parent", "Path.resolve", "Path.exists", "Path.open", "Path.mkdir", "datetime.now", "print"], "search-terms": ["generate_fbsettings_json", "generate_fbsettings_json.py", "FbSettings", "sample_settings.json", "rules", "system_settings_rules.json"], "state": 2, "file_id": 122, "knowledge_revision": 379, "git_revision": "", "ctags": [{"_type": "tag", "name": "DEFAULT_FILENAME", "path": "/home/kavia/workspace/code-generation/app-gateway2/scripts/generate_fbsettings_json.py", "pattern": "/^DEFAULT_FILENAME = \"sample_settings.json\"$/", "language": "Python", "kind": "variable"}, {"_type": "tag", "name": "_default_output_dir", "path": "/home/kavia/workspace/code-generation/app-gateway2/scripts/generate_fbsettings_json.py", "pattern": "/^def _default_output_dir(repo_root: Path) -> Path:$/", "language": "Python", "typeref": "typename:Path", "kind": "function", "signature": "(repo_root: Path)"}, {"_type": "tag", "name": "_default_rules_path", "path": "/home/kavia/workspace/code-generation/app-gateway2/scripts/generate_fbsettings_json.py", "pattern": "/^def _default_rules_path(repo_root: Path) -> Path:$/", "language": "Python", "typeref": "typename:Path", "kind": "function", "signature": "(repo_root: Path)"}, {"_type": "tag", "name": "_ensure_dir", "path": "/home/kavia/workspace/code-generation/app-gateway2/scripts/generate_fbsettings_json.py", "pattern": "/^def _ensure_dir(path: Path) -> None:$/", "language": "Python", "typeref": "typename:None", "kind": "function", "signature": "(path: Path)"}, {"_type": "tag", "name": "_load_rules", "path": "/home/kavia/workspace/code-generation/app-gateway2/scripts/generate_fbsettings_json.py", "pattern": "/^def _load_rules(rules_path: Path) -> Optional[Dict[str, Any]]:$/", "language": "Python", "typeref": "typename:Optional[Dict[str,Any]]", "kind": "function", "signature": "(rules_path: Path)"}, {"_type": "tag", "name": "_repo_root_from_script", "path": "/home/kavia/workspace/code-generation/app-gateway2/scripts/generate_fbsettings_json.py", "pattern": "/^def _repo_root_from_script(script_path: Path) -> Path:$/", "language": "Python", "typeref": "typename:Path", "kind": "function", "signature": "(script_path: Path)"}, {"_type": "tag", "name": "generate_sample_fbsettings_json", "path": "/home/kavia/workspace/code-generation/app-gateway2/scripts/generate_fbsettings_json.py", "pattern": "/^def generate_sample_fbsettings_json(output_dir: Path, filename: str = DEFAULT_FILENAME, rules_pa/", "language": "Python", "typeref": "typename:Path", "kind": "function", "signature": "(output_dir: Path, filename: str = DEFAULT_FILENAME, rules_path: Optional[Path] = None, include_rules: bool = False)"}, {"_type": "tag", "name": "main", "path": "/home/kavia/workspace/code-generation/app-gateway2/scripts/generate_fbsettings_json.py", "pattern": "/^def main() -> int:$/", "language": "Python", "typeref": "typename:int", "kind": "function", "signature": "()"}], "hash": "c2c1fd66b4ea10cd7e72c7aed9c605c5", "format-version": 4, "code-base-name": "app-gateway2", "filename": "scripts/generate_fbsettings_json.py", "fields": [{"name": "DEFAULT_FILENAME = \"sample_settings.json\"", "scope": "", "scopeKind": "", "description": "unavailable"}], "revision_history": [{"379": ""}]}