{"is_source_file": true, "format": "C++ header file", "description": "This file defines a set of macros for logging at various levels (TRACE, DEBUG, INFO, WARN, ERROR). It includes conditional compilation directives to prevent redefinitions and utilizes platform-specific syscalls to include thread identifiers in logs. The macros format log messages with context such as file name, line number, and function name, facilitating debugging and runtime diagnostics within a larger C++ project.", "external_files": ["<syscall.h>"], "external_methods": ["syscall", "WPEFramework::Core::FileNameOnly"], "published": ["LOGTRACE", "LOGDBG", "LOGINFO", "LOGWARN", "LOGERR", "LOG_DEVICE_EXCEPTION0", "LOG_DEVICE_EXCEPTION1", "LOG_DEVICE_EXCEPTION2"], "classes": [], "methods": [], "calls": ["syscall(SYS_gettid)", "WPEFramework::Core::FileNameOnly(__FILE__)", "fprintf", "fflush"], "search-terms": ["logging macros", "syscall thread ID", "WPEFramework logging", "header guards", "preprocessor logging macros"], "state": 2, "file_id": 142, "knowledge_revision": 900, "git_revision": "11687bdf35796aa59ae3a1afecde9935f4bdd400", "revision_history": [{"470": "11687bdf35796aa59ae3a1afecde9935f4bdd400"}, {"900": "11687bdf35796aa59ae3a1afecde9935f4bdd400"}], "ctags": [{"_type": "tag", "name": "LOGDBG", "path": "/home/kavia/workspace/code-generation/app-gateway2/Supporting_Files/UtilsLogging.h", "pattern": "/^#define LOGDBG(/", "language": "C++", "kind": "macro", "signature": "(fmt,...)"}, {"_type": "tag", "name": "LOGERR", "path": "/home/kavia/workspace/code-generation/app-gateway2/Supporting_Files/UtilsLogging.h", "pattern": "/^#define LOGERR(/", "language": "C++", "kind": "macro", "signature": "(fmt,...)"}, {"_type": "tag", "name": "LOGINFO", "path": "/home/kavia/workspace/code-generation/app-gateway2/Supporting_Files/UtilsLogging.h", "pattern": "/^#define LOGINFO(/", "language": "C++", "kind": "macro", "signature": "(fmt,...)"}, {"_type": "tag", "name": "LOGTRACE", "path": "/home/kavia/workspace/code-generation/app-gateway2/Supporting_Files/UtilsLogging.h", "pattern": "/^#define LOGTRACE(/", "language": "C++", "kind": "macro", "signature": "(fmt,...)"}, {"_type": "tag", "name": "LOGWARN", "path": "/home/kavia/workspace/code-generation/app-gateway2/Supporting_Files/UtilsLogging.h", "pattern": "/^#define LOGWARN(/", "language": "C++", "kind": "macro", "signature": "(fmt,...)"}, {"_type": "tag", "name": "LOG_DEVICE_EXCEPTION0", "path": "/home/kavia/workspace/code-generation/app-gateway2/Supporting_Files/UtilsLogging.h", "pattern": "/^#define LOG_DEVICE_EXCEPTION0(/", "language": "C++", "kind": "macro", "signature": "()"}, {"_type": "tag", "name": "LOG_DEVICE_EXCEPTION1", "path": "/home/kavia/workspace/code-generation/app-gateway2/Supporting_Files/UtilsLogging.h", "pattern": "/^#define LOG_DEVICE_EXCEPTION1(/", "language": "C++", "kind": "macro", "signature": "(param1)"}, {"_type": "tag", "name": "LOG_DEVICE_EXCEPTION2", "path": "/home/kavia/workspace/code-generation/app-gateway2/Supporting_Files/UtilsLogging.h", "pattern": "/^#define LOG_DEVICE_EXCEPTION2(/", "language": "C++", "kind": "macro", "signature": "(param1,param2)"}], "hash": "6ec05925ed15a1acbca983bc0d326217", "format-version": 4, "code-base-name": "app-gateway2", "filename": "Supporting_Files/UtilsLogging.h"}