{"is_source_file": false, "format": "", "description": "", "external_files": [], "external_methods": [], "published": [], "classes": [], "methods": [], "calls": [], "search-terms": [], "state": 2, "file_id": 206, "knowledge_revision": 689, "git_revision": "7541615396d97800a8dedd6a14e20d3bd2197bf0", "hash": "3efd673fa9fb4d18954ad03f8e2db094", "format-version": 4, "code-base-name": "app-gateway2", "filename": "Supporting_Files/Ripple_Badger_Extn/CODEOWNERS.md", "revision_history": [{"689": "7541615396d97800a8dedd6a14e20d3bd2197bf0"}]}