{"is_source_file": false, "format": "", "description": "", "external_files": [], "external_methods": [], "published": [], "classes": [], "methods": [], "calls": [], "state": 2, "file_id": 150, "knowledge_revision": 497, "git_revision": "f7b9a58a82c83776c307367601aabc9c1c399402", "hash": "74ad677508c68171542c38afc110b39d", "format-version": 4, "code-base-name": "app-gateway2", "filename": "Supporting_Files/ripple.common.rules.json", "revision_history": [{"497": "f7b9a58a82c83776c307367601aabc9c1c399402"}]}