{"is_source_file": false, "format": "", "description": "", "external_files": [], "external_methods": [], "published": [], "classes": [], "methods": [], "calls": [], "search-terms": [], "state": 2, "file_id": 212, "knowledge_revision": 694, "git_revision": "7541615396d97800a8dedd6a14e20d3bd2197bf0", "hash": "0415bac4a96fe240f537718179e05d95", "format-version": 4, "code-base-name": "app-gateway2", "filename": "Supporting_Files/Ripple_Badger_Extn/README.md", "revision_history": [{"694": "7541615396d97800a8dedd6a14e20d3bd2197bf0"}]}