{"is_source_file": true, "format": "Rust", "description": "The file is a Rust source file that defines module structure, external dependencies, and the main asynchronous entry point for a service related to 'badger'.", "external_files": ["tokio"], "external_methods": ["tokio::main"], "published": [], "classes": [], "methods": [{"name": "main()", "description": "The asynchronous main function that starts the badger service.", "scope": "", "scopeKind": ""}], "calls": ["badger_ffi::start_service"], "search-terms": ["main.rs", "badger", "tokio", "badger_ffi", "async", "service", "module", "Rust"], "state": 2, "file_id": 216, "knowledge_revision": 700, "git_revision": "7541615396d97800a8dedd6a14e20d3bd2197bf0", "ctags": [{"_type": "tag", "name": "authorizer", "path": "/home/kavia/workspace/code-generation/app-gateway2/Supporting_Files/Ripple_Badger_Extn/src/main.rs", "pattern": "/^pub mod authorizer;$/", "language": "Rust", "kind": "module"}, {"_type": "tag", "name": "badger_device_info", "path": "/home/kavia/workspace/code-generation/app-gateway2/Supporting_Files/Ripple_Badger_Extn/src/main.rs", "pattern": "/^    pub mod badger_device_info;$/", "language": "Rust", "kind": "module", "scope": "handlers", "scopeKind": "module"}, {"_type": "tag", "name": "badger_ffi", "path": "/home/kavia/workspace/code-generation/app-gateway2/Supporting_Files/Ripple_Badger_Extn/src/main.rs", "pattern": "/^pub mod badger_ffi;$/", "language": "Rust", "kind": "module"}, {"_type": "tag", "name": "badger_info_rpc", "path": "/home/kavia/workspace/code-generation/app-gateway2/Supporting_Files/Ripple_Badger_Extn/src/main.rs", "pattern": "/^    pub mod badger_info_rpc;$/", "language": "Rust", "kind": "module", "scope": "handlers", "scopeKind": "module"}, {"_type": "tag", "name": "badger_state", "path": "/home/kavia/workspace/code-generation/app-gateway2/Supporting_Files/Ripple_Badger_Extn/src/main.rs", "pattern": "/^pub mod badger_state;$/", "language": "Rust", "kind": "module"}, {"_type": "tag", "name": "crypto_util", "path": "/home/kavia/workspace/code-generation/app-gateway2/Supporting_Files/Ripple_Badger_Extn/src/main.rs", "pattern": "/^pub mod crypto_util;$/", "language": "Rust", "kind": "module"}, {"_type": "tag", "name": "handlers", "path": "/home/kavia/workspace/code-generation/app-gateway2/Supporting_Files/Ripple_Badger_Extn/src/main.rs", "pattern": "/^pub mod handlers {$/", "language": "Rust", "kind": "module"}, {"_type": "tag", "name": "main", "path": "/home/kavia/workspace/code-generation/app-gateway2/Supporting_Files/Ripple_Badger_Extn/src/main.rs", "pattern": "/^async fn main() {$/", "language": "Rust", "kind": "function", "signature": "()"}, {"_type": "tag", "name": "test_utils", "path": "/home/kavia/workspace/code-generation/app-gateway2/Supporting_Files/Ripple_Badger_Extn/src/main.rs", "pattern": "/^pub mod test_utils;$/", "language": "Rust", "kind": "module"}, {"_type": "tag", "name": "thunder", "path": "/home/kavia/workspace/code-generation/app-gateway2/Supporting_Files/Ripple_Badger_Extn/src/main.rs", "pattern": "/^pub mod thunder {$/", "language": "Rust", "kind": "module"}, {"_type": "tag", "name": "thunder_session", "path": "/home/kavia/workspace/code-generation/app-gateway2/Supporting_Files/Ripple_Badger_Extn/src/main.rs", "pattern": "/^    pub mod thunder_session;$/", "language": "Rust", "kind": "module", "scope": "thunder", "scopeKind": "module"}], "hash": "f233496ada54767181ee1f35ce3553bb", "format-version": 4, "code-base-name": "app-gateway2", "filename": "Supporting_Files/Ripple_Badger_Extn/src/main.rs", "revision_history": [{"700": "7541615396d97800a8dedd6a14e20d3bd2197bf0"}]}