{"is_source_file": true, "format": "C++", "description": "This file implements the DeviceInfo class which manages device identifiers, partner IDs, account IDs, and access tokens, primarily by interacting with an AuthService through JSON-RPC calls. It handles asynchronous initialization and thread safety to retrieve and store device-related information reliably within the WPEFramework plugin.", "external_files": ["DeviceInfo.h", "UtilsLogging.h", "UtilsJsonrpcDirectLink.h"], "external_methods": ["Utils::GetThunderControllerClient", "JsonObject::HasLabel", "JsonObject::operator[]", "JsonObject::String", "Core::ERROR_NONE", "Core::ERROR_UNAVAILABLE"], "published": ["DeviceInfo", "GetPartnerId", "GetAccountId", "GetServiceAccessToken", "GetDeviceId"], "classes": [{"name": "DeviceInfo", "description": "A class responsible for retrieving and managing device identifiers and security tokens via RPC calls to a service."}], "methods": [{"name": "DeviceInfo(PluginHost::IShell * shell)", "description": "Constructor that initializes the DeviceInfo instance and starts asynchronous initialization.", "scope": "WPEFramework::Plugin::DeviceInfo", "scopeKind": "class"}, {"name": "~DeviceInfo()", "description": "Destructor that joins the initialization thread and releases resources.", "scope": "WPEFramework::Plugin::DeviceInfo", "scopeKind": "class"}, {"name": "uint32_t GetPartnerId(std::string & partnerId)", "description": "Retrieves the partner ID, caching it after the first call.", "scope": "WPEFramework::Plugin::DeviceInfo", "scopeKind": "class"}, {"name": "uint32_t GetAccountId(std::string & accountId)", "description": "Retrieves the account ID via RPC.", "scope": "WPEFramework::Plugin::DeviceInfo", "scopeKind": "class"}, {"name": "uint32_t GetServiceAccessToken(std::string & token)", "description": "Obtains a service access token via RPC.", "scope": "WPEFramework::Plugin::DeviceInfo", "scopeKind": "class"}, {"name": "uint32_t GetDeviceId(std::string & deviceId)", "description": "Retrieves the device ID, caching it after the first call.", "scope": "WPEFramework::Plugin::DeviceInfo", "scopeKind": "class"}, {"name": "void Initialize()", "description": "Performed asynchronously during construction; retrieves initial device info from the AuthService.", "scope": "WPEFramework::Plugin::DeviceInfo", "scopeKind": "class"}], "calls": ["Utils::GetThunderControllerClient", "serviceLink->Invoke<JsonObject, JsonObject>(...)"], "search-terms": ["DeviceInfo", "AuthService", "getDeviceId", "getXDeviceId", "partnerId", "xDeviceId", "ThunderControllerClient", "DeviceInfo.cpp", "WPEFramework", "jsonrpc"], "state": 2, "file_id": 140, "knowledge_revision": 475, "git_revision": "11687bdf35796aa59ae3a1afecde9935f4bdd400", "ctags": [{"_type": "tag", "name": "AUTHSERVICE_CALLSIGN", "path": "/home/kavia/workspace/code-generation/app-gateway2/Supporting_Files/DeviceInfo.cpp", "pattern": "/^#define AUTHSERVICE_CALLSIGN /", "file": true, "language": "C++", "kind": "macro"}, {"_type": "tag", "name": "DeviceInfo", "path": "/home/kavia/workspace/code-generation/app-gateway2/Supporting_Files/DeviceInfo.cpp", "pattern": "/^        DeviceInfo::DeviceInfo(PluginHost::IShell *shell) : mShell(shell),$/", "language": "C++", "kind": "function", "signature": "(PluginHost::IShell * shell)", "scope": "WPEFramework::Plugin::DeviceInfo", "scopeKind": "class"}, {"_type": "tag", "name": "GetAccountId", "path": "/home/kavia/workspace/code-generation/app-gateway2/Supporting_Files/DeviceInfo.cpp", "pattern": "/^        uint32_t DeviceInfo::GetAccountId(std::string &accountId)$/", "language": "C++", "typeref": "typename:uint32_t", "kind": "function", "signature": "(std::string & accountId)", "scope": "WPEFramework::Plugin::DeviceInfo", "scopeKind": "class"}, {"_type": "tag", "name": "GetDeviceId", "path": "/home/kavia/workspace/code-generation/app-gateway2/Supporting_Files/DeviceInfo.cpp", "pattern": "/^        uint32_t DeviceInfo::GetDeviceId(std::string &deviceId)$/", "language": "C++", "typeref": "typename:uint32_t", "kind": "function", "signature": "(std::string & deviceId)", "scope": "WPEFramework::Plugin::DeviceInfo", "scopeKind": "class"}, {"_type": "tag", "name": "GetPartnerId", "path": "/home/kavia/workspace/code-generation/app-gateway2/Supporting_Files/DeviceInfo.cpp", "pattern": "/^        uint32_t DeviceInfo::GetPartnerId(std::string &partnerId)$/", "language": "C++", "typeref": "typename:uint32_t", "kind": "function", "signature": "(std::string & partnerId)", "scope": "WPEFramework::Plugin::DeviceInfo", "scopeKind": "class"}, {"_type": "tag", "name": "GetServiceAccessToken", "path": "/home/kavia/workspace/code-generation/app-gateway2/Supporting_Files/DeviceInfo.cpp", "pattern": "/^        uint32_t DeviceInfo::GetServiceAccessToken(std::string &token)$/", "language": "C++", "typeref": "typename:uint32_t", "kind": "function", "signature": "(std::string & token)", "scope": "WPEFramework::Plugin::DeviceInfo", "scopeKind": "class"}, {"_type": "tag", "name": "Initialize", "path": "/home/kavia/workspace/code-generation/app-gateway2/Supporting_Files/DeviceInfo.cpp", "pattern": "/^        void DeviceInfo::Initialize()$/", "language": "C++", "typeref": "typename:void", "kind": "function", "signature": "()", "scope": "WPEFramework::Plugin::DeviceInfo", "scopeKind": "class"}, {"_type": "tag", "name": "Plugin", "path": "/home/kavia/workspace/code-generation/app-gateway2/Supporting_Files/DeviceInfo.cpp", "pattern": "/^    namespace Plugin$/", "file": true, "language": "C++", "kind": "namespace", "scope": "WPEFramework", "scopeKind": "namespace"}, {"_type": "tag", "name": "WPEFramework", "path": "/home/kavia/workspace/code-generation/app-gateway2/Supporting_Files/DeviceInfo.cpp", "pattern": "/^namespace WPEFramework$/", "file": true, "language": "C++", "kind": "namespace"}, {"_type": "tag", "name": "sThunderSecurityToken", "path": "/home/kavia/workspace/code-generation/app-gateway2/Supporting_Files/DeviceInfo.cpp", "pattern": "/^        static std::string sThunderSecurityToken;$/", "file": true, "language": "C++", "typeref": "typename:std::string", "kind": "variable", "scope": "WPEFramework::Plugin", "scopeKind": "namespace"}, {"_type": "tag", "name": "~DeviceInfo", "path": "/home/kavia/workspace/code-generation/app-gateway2/Supporting_Files/DeviceInfo.cpp", "pattern": "/^        DeviceInfo::~DeviceInfo()$/", "language": "C++", "kind": "function", "signature": "()", "scope": "WPEFramework::Plugin::DeviceInfo", "scopeKind": "class"}], "hash": "101c3844d2bc263f40841765b8d12f97", "format-version": 4, "code-base-name": "app-gateway2", "filename": "Supporting_Files/DeviceInfo.cpp", "fields": [{"name": "std::string sThunderSecurityToken", "scope": "WPEFramework::Plugin", "scopeKind": "namespace", "description": "unavailable"}], "revision_history": [{"475": "11687bdf35796aa59ae3a1afecde9935f4bdd400"}]}