{"is_source_file": false, "format": "", "description": "", "external_files": [], "external_methods": [], "published": [], "classes": [], "methods": [], "calls": [], "search-terms": [], "state": 2, "file_id": 276, "knowledge_revision": 883, "git_revision": "ef86df2c8df3fef6f567643b583ee28870c1ba4c", "hash": "a3a283f36917917148ebd3b203375919", "format-version": 4, "code-base-name": "app-gateway2", "filename": "Supporting_Files/DisplaySettings/CHANGELOG.md", "revision_history": [{"883": "ef86df2c8df3fef6f567643b583ee28870c1ba4c"}]}