{"is_source_file": true, "format": "Rust", "description": "Source code implementing the Badger RPC service for device info retrieval, capabilities, notifications, and settings management within a larger application. Includes definitions of data structures, RPC trait, and business logic for device and user info handling.", "external_files": ["crate::badger_ffi::BADGER_SERVICE_ID", "crate::authorizer::Authorizer", "crate::badger_state::BadgerState", "crate::crypto_util::salt_using_app_scope", "crate::handlers::badger_device_info::get_device_capabilities", "crate::thunder::thunder_session::ThunderSessionService", "jsonrpsee::{core::Error::Custom as CustomErr, core::RpcResult, proc_macros::rpc}", "ripple_sdk::api::firebolt::fb_keyboard::KeyboardSessionResponse", "ripple_sdk::api::firebolt::fb_pin::PinChallengeResponse", "ripple_sdk::{api::{apps::{AppEvent, AppEventRequest, CloseReason}, caps::CapsRequest, device::{device_info_request::{DEVICE_INFO_AUTHORIZED, DEVICE_MAKE_MODEL_AUTHORIZED, DEVICE_SKU_AUTHORIZED}, device_request::{HdrProfile, NetworkResponse, NetworkType}, entertainment_data::{NavigationIntent, NavigationIntentStrict, SectionIntent, SectionIntentData}}, firebolt::{fb_discovery::{DiscoveryContext, NavigateCompanyPageRequest}, fb_general::{ListenRequest, ListenerResponse}, fb_keyboard::{KeyboardSessionRequest, KeyboardType}, fb_lifecycle::CloseRequest, fb_parameters::AppInitParameters, fb_pin::{PinChallengeRequestWithContext, PinChallengeResultReason, PinSpace}, fb_secondscreen::{SECOND_SCREEN_EVENT_ON_LAUNCH_REQUEST}, provider::ChallengeRequestor}, gateway::rpc_gateway_api::CallContext, session::AccountSession, settings::{SettingKey, SettingValue, SettingsRequest, SettingsRequestParam}}, extn::client::extn_client::ExtnClient, log::{debug, error}, serde_json, utils::rpc_utils::rpc_error_with_code, JsonRpcErrorType}", "serde::{Deserialize, Serialize}", "std::collections::HashMap"], "external_methods": ["get_device_capabilities", "get_account_session", "salt_using_app_scope", "rpc_error_with_code", "get_legacy_uid", "from_badger_pin_type", "format_time_zone_offset", "get_is_wifi_device", "rpc_error_with_code"], "published": ["badger_info", "legacy_device_uid", "legacy_account_uid", "legacy_localization_postal_code", "device_capabilities", "badger_network_connectivity", "badger_shutdown", "badger_get_device_id", "badger_get_device_name", "show_toaster", "badger_dismiss_loading_screen", "badger_get_payload", "badger_on_launch", "badger_navigate_to_company_page", "prompt_email", "badger_show_pin_overlay", "settings", "subscribe_to_settings"], "classes": [{"name": "BadgerServiceImpl", "description": "Implementation of the Badger RPC server trait, handling device info, capabilities, notifications, and settings."}, {"name": "BadgerDeviceInfo", "description": "Data structure representing detailed device information, including identifiers, capabilities, and user preferences."}, {"name": "BadgerHDR", "description": "HDR profile support information for the device."}, {"name": "BadgerHdrProfile", "description": "Enumeration of HDR profiles supported by the device."}, {"name": "BadgerWebBrowser", "description": "Details of the web browser capabilities present in the device."}, {"name": "BadgerHDCP", "description": "HDCP support details for the device."}, {"name": "BadgerAudioModes", "description": "Supported and current audio modes of the device."}, {"name": "BadgerDeviceCapabilities", "description": "Capabilities and features that the device supports."}, {"name": "BadgerNetworkConnectivity", "description": "Representation of network connectivity status."}, {"name": "BadgerNetworkConnectivityStatus", "description": "Enumeration of network status states."}, {"name": "BadgerDialDeviceId", "description": "Structure representing device ID for dialing or remote identification."}, {"name": "BadgerDialDeviceName", "description": "Structure representing device name."}, {"name": "BadgerDialPayload", "description": "Payload data for second-screen or remote interactions."}, {"name": "BadgerLaunchCallback", "description": "Data indicating if app launch callback occurred."}, {"name": "PromptEmailResult", "description": "Result of prompt email request, including status and email address."}, {"name": "PromptEmailRequest", "description": "Request parameters for prompting user email input."}, {"name": "PrefillType", "description": "Enum for prefill types for email prompt."}, {"name": "EmailUsage", "description": "Enum for email usage context."}, {"name": "PromptEmailStatus", "description": "Status enum for email prompt result."}, {"name": "PromptEmailData", "description": "Data structure containing email string."}, {"name": "ShowPinOverlayRequest", "description": "Request parameters for showing a PIN overlay."}, {"name": "BadgerPinOverlayResponse", "description": "Response indicating success or failure of PIN overlay challenge."}, {"name": "BadgerPinStatus", "description": "Enumeration of possible PIN challenge statuses."}, {"name": "SnoozeOption", "description": "Optional snooze options for PIN overlays."}, {"name": "BadgerDialDeviceId", "description": "Device ID structure for dialing interactions."}, {"name": "BadgerDialDeviceName", "description": "Device name structure for dialing interactions."}, {"name": "BadgerDialPayload", "description": "Payload data for second-screen interactions."}], "methods": [{"name": "badger_info(&self, ctx: CallContext) -> RpcResult<BadgerDeviceInfo>", "description": "Retrieve detailed device information including capabilities and identifiers.", "scope": "BadgerService", "scopeKind": "interface"}, {"name": "legacy_device_uid", "description": "Get device UID in legacy format."}, {"name": "legacy_account_uid", "description": "Get account UID in legacy format."}, {"name": "legacy_localization_postal_code", "description": "Get postal code based on localization."}, {"name": "device_capabilities(&self, ctx: CallContext) -> RpcResult<BadgerDeviceCapabilities>", "description": "Retrieve device capabilities such as HDR support, native resolution, etc.", "scope": "BadgerServiceImpl", "scopeKind": "implementation"}, {"name": "badger_network_connectivity( &self, ctx: CallContext, ) -> RpcResult<BadgerNetworkConnectivity>", "description": "Check network connection type and status.", "scope": "BadgerServiceImpl", "scopeKind": "implementation"}, {"name": "badger_shutdown(&self, ctx: CallContext) -> RpcResult<BadgerEmptyResult>", "description": "Close application with user exit reason.", "scope": "BadgerService", "scopeKind": "interface"}, {"name": "badger_get_device_id(&self, ctx: CallContext) -> RpcResult<BadgerDialDeviceId>", "description": "Get unique device ID.", "scope": "BadgerService", "scopeKind": "interface"}, {"name": "badger_get_device_name(&self, ctx: CallContext) -> RpcResult<BadgerDialDeviceName>", "description": "Get device display name.", "scope": "BadgerService", "scopeKind": "interface"}, {"name": "show_toaster", "description": "Show toasty notification message."}, {"name": "badger_dismiss_loading_screen( &self, ctx: CallContext, ) -> RpcResult<BadgerEmptyResult>", "description": "Dismiss or indicate that loading is complete.", "scope": "BadgerServiceImpl", "scopeKind": "implementation"}, {"name": "badger_get_payload(&self, ctx: CallContext) -> RpcResult<BadgerDialPayload>", "description": "Retrieve payload for second screen or remote interactions.", "scope": "BadgerService", "scopeKind": "interface"}, {"name": "badger_on_launch( &self, ctx: CallContext, request: BadgerLaunchCallback, ) -> RpcResult<ListenerResponse>", "description": "Register callback for app launch event.", "scope": "BadgerServiceImpl", "scopeKind": "implementation"}, {"name": "badger_navigate_to_company_page( &self, _ctx: CallContext, req: NavigateCompanyPageRequest, ) -> RpcResult<BadgerEmptyResult>", "description": "Navigate to a specific company page section.", "scope": "BadgerServiceImpl", "scopeKind": "implementation"}, {"name": "prompt_email", "description": "Prompt user to input or confirm email."}, {"name": "badger_show_pin_overlay( &self, ctx: CallContext, request: ShowPinOverlayRequest, ) -> RpcResult<BadgerPinOverlayResponse>", "description": "Show PIN challenge overlay and handle responses.", "scope": "BadgerServiceImpl", "scopeKind": "implementation"}, {"name": "settings", "description": "Retrieve specific settings values based on keys."}, {"name": "subscribe_to_settings", "description": "Subscribe to updates for certain settings keys."}, {"name": "badger_dismiss_loading_screen(&self, ctx: CallContext) -> RpcResult<BadgerEmptyResult>", "scope": "BadgerService", "scopeKind": "interface", "description": "unavailable"}, {"name": "badger_navigate_to_company_page( &self, ctx: CallContext, req: NavigateCompanyPageRequest, ) -> RpcResult<BadgerEmptyResult>", "scope": "BadgerService", "scopeKind": "interface", "description": "unavailable"}, {"name": "deserialize<'de, D>(deserializer: D) -> Result<Vec<String>, D::Error> where D: Deserializer<'de>,", "scope": "settings_serde", "scopeKind": "module", "description": "unavailable"}], "calls": ["self.state.get_service_client().call_and_parse_ripple_main_rpc", "self.state.get_service_client().request_with_timeout_main", "serde_json::to_value", "get_account_session", "rpc_error_with_code", "get_legacy_uid", "from_badger_pin_type", "format_time_zone_offset"], "search-terms": ["BadgerServiceImpl", "badger_info", "badger_device_capabilities", "badger_network_connectivity", "badger_shutdown", "show_toaster", "prompt_email", "badger_show_pin_overlay", "settings", "subscribeToSettings", "DeviceCapabilities", "NetworkConnectivity", "PINOverlay", "Payload", "UID", "DeviceID"], "state": 2, "file_id": 211, "knowledge_revision": 709, "git_revision": "7541615396d97800a8dedd6a14e20d3bd2197bf0", "ctags": [{"_type": "tag", "name": "Account", "path": "/home/kavia/workspace/code-generation/app-gateway2/Supporting_Files/Ripple_Badger_Extn/handlers/badger_info_rpc.rs", "pattern": "/^    Account,$/", "language": "Rust", "kind": "enumerator", "scope": "UidType", "scopeKind": "enum"}, {"_type": "tag", "name": "BadgerAudioModes", "path": "/home/kavia/workspace/code-generation/app-gateway2/Supporting_Files/Ripple_Badger_Extn/handlers/badger_info_rpc.rs", "pattern": "/^pub struct BadgerAudioModes {$/", "language": "Rust", "kind": "struct"}, {"_type": "tag", "name": "BadgerDeviceCapabilities", "path": "/home/kavia/workspace/code-generation/app-gateway2/Supporting_Files/Ripple_Badger_Extn/handlers/badger_info_rpc.rs", "pattern": "/^pub struct BadgerDeviceCapabilities {$/", "language": "Rust", "kind": "struct"}, {"_type": "tag", "name": "BadgerDeviceInfo", "path": "/home/kavia/workspace/code-generation/app-gateway2/Supporting_Files/Ripple_Badger_Extn/handlers/badger_info_rpc.rs", "pattern": "/^pub struct BadgerDeviceInfo {$/", "language": "Rust", "kind": "struct"}, {"_type": "tag", "name": "BadgerDialDeviceId", "path": "/home/kavia/workspace/code-generation/app-gateway2/Supporting_Files/Ripple_Badger_Extn/handlers/badger_info_rpc.rs", "pattern": "/^pub struct BadgerDialDeviceId {$/", "language": "Rust", "kind": "struct"}, {"_type": "tag", "name": "BadgerDialDeviceName", "path": "/home/kavia/workspace/code-generation/app-gateway2/Supporting_Files/Ripple_Badger_Extn/handlers/badger_info_rpc.rs", "pattern": "/^pub struct BadgerDialDeviceName {$/", "language": "Rust", "kind": "struct"}, {"_type": "tag", "name": "BadgerDialPayload", "path": "/home/kavia/workspace/code-generation/app-gateway2/Supporting_Files/Ripple_Badger_Extn/handlers/badger_info_rpc.rs", "pattern": "/^pub struct BadgerDialPayload {$/", "language": "Rust", "kind": "struct"}, {"_type": "tag", "name": "BadgerEmptyResult", "path": "/home/kavia/workspace/code-generation/app-gateway2/Supporting_Files/Ripple_Badger_Extn/handlers/badger_info_rpc.rs", "pattern": "/^pub struct BadgerEmptyResult {$/", "language": "Rust", "kind": "struct"}, {"_type": "tag", "name": "BadgerHDCP", "path": "/home/kavia/workspace/code-generation/app-gateway2/Supporting_Files/Ripple_Badger_Extn/handlers/badger_info_rpc.rs", "pattern": "/^pub struct BadgerHDCP {$/", "language": "Rust", "kind": "struct"}, {"_type": "tag", "name": "BadgerHDR", "path": "/home/kavia/workspace/code-generation/app-gateway2/Supporting_Files/Ripple_Badger_Extn/handlers/badger_info_rpc.rs", "pattern": "/^pub struct BadgerHDR {$/", "language": "Rust", "kind": "struct"}, {"_type": "tag", "name": "BadgerHdrProfile", "path": "/home/kavia/workspace/code-generation/app-gateway2/Supporting_Files/Ripple_Badger_Extn/handlers/badger_info_rpc.rs", "pattern": "/^impl From<HdrProfile> for BadgerHdrProfile {$/", "language": "Rust", "kind": "implementation"}, {"_type": "tag", "name": "BadgerHdrProfile", "path": "/home/kavia/workspace/code-generation/app-gateway2/Supporting_Files/Ripple_Badger_Extn/handlers/badger_info_rpc.rs", "pattern": "/^pub enum BadgerHdrProfile {$/", "language": "Rust", "kind": "enum"}, {"_type": "tag", "name": "BadgerLaunchCallback", "path": "/home/kavia/workspace/code-generation/app-gateway2/Supporting_Files/Ripple_Badger_Extn/handlers/badger_info_rpc.rs", "pattern": "/^pub struct BadgerLaunchCallback {$/", "language": "Rust", "kind": "struct"}, {"_type": "tag", "name": "BadgerNetworkConnectivity", "path": "/home/kavia/workspace/code-generation/app-gateway2/Supporting_Files/Ripple_Badger_Extn/handlers/badger_info_rpc.rs", "pattern": "/^pub struct BadgerNetworkConnectivity {$/", "language": "Rust", "kind": "struct"}, {"_type": "tag", "name": "BadgerNetworkConnectivityStatus", "path": "/home/kavia/workspace/code-generation/app-gateway2/Supporting_Files/Ripple_Badger_Extn/handlers/badger_info_rpc.rs", "pattern": "/^pub enum BadgerNetworkConnectivityStatus {$/", "language": "Rust", "kind": "enum"}, {"_type": "tag", "name": "BadgerPinOverlayResponse", "path": "/home/kavia/workspace/code-generation/app-gateway2/Supporting_Files/Ripple_Badger_Extn/handlers/badger_info_rpc.rs", "pattern": "/^pub struct BadgerPinOverlayResponse {$/", "language": "Rust", "kind": "struct"}, {"_type": "tag", "name": "BadgerPinStatus", "path": "/home/kavia/workspace/code-generation/app-gateway2/Supporting_Files/Ripple_Badger_Extn/handlers/badger_info_rpc.rs", "pattern": "/^impl BadgerPinStatus {$/", "language": "Rust", "kind": "implementation"}, {"_type": "tag", "name": "BadgerPinStatus", "path": "/home/kavia/workspace/code-generation/app-gateway2/Supporting_Files/Ripple_Badger_Extn/handlers/badger_info_rpc.rs", "pattern": "/^pub enum BadgerPinStatus {$/", "language": "Rust", "kind": "enum"}, {"_type": "tag", "name": "BadgerService", "path": "/home/kavia/workspace/code-generation/app-gateway2/Supporting_Files/Ripple_Badger_Extn/handlers/badger_info_rpc.rs", "pattern": "/^pub trait BadgerService {$/", "language": "Rust", "kind": "interface"}, {"_type": "tag", "name": "BadgerServiceImpl", "path": "/home/kavia/workspace/code-generation/app-gateway2/Supporting_Files/Ripple_Badger_Extn/handlers/badger_info_rpc.rs", "pattern": "/^impl BadgerServiceImpl {$/", "language": "Rust", "kind": "implementation"}, {"_type": "tag", "name": "BadgerServiceImpl", "path": "/home/kavia/workspace/code-generation/app-gateway2/Supporting_Files/Ripple_Badger_Extn/handlers/badger_info_rpc.rs", "pattern": "/^impl BadgerServiceServer for BadgerServiceImpl {$/", "language": "Rust", "kind": "implementation"}, {"_type": "tag", "name": "BadgerServiceImpl", "path": "/home/kavia/workspace/code-generation/app-gateway2/Supporting_Files/Ripple_Badger_Extn/handlers/badger_info_rpc.rs", "pattern": "/^pub struct BadgerServiceImpl {$/", "language": "Rust", "kind": "struct"}, {"_type": "tag", "name": "BadgerSettingsRequest", "path": "/home/kavia/workspace/code-generation/app-gateway2/Supporting_Files/Ripple_Badger_Extn/handlers/badger_info_rpc.rs", "pattern": "/^pub struct BadgerSettingsRequest {$/", "language": "Rust", "kind": "struct"}, {"_type": "tag", "name": "BadgerWebBrowser", "path": "/home/kavia/workspace/code-generation/app-gateway2/Supporting_Files/Ripple_Badger_Extn/handlers/badger_info_rpc.rs", "pattern": "/^pub struct BadgerWebBrowser {$/", "language": "Rust", "kind": "struct"}, {"_type": "tag", "name": "DefaultResponse", "path": "/home/kavia/workspace/code-generation/app-gateway2/Supporting_Files/Ripple_Badger_Extn/handlers/badger_info_rpc.rs", "pattern": "/^pub struct DefaultResponse {}$/", "language": "Rust", "kind": "struct"}, {"_type": "tag", "name": "Device", "path": "/home/kavia/workspace/code-generation/app-gateway2/Supporting_Files/Ripple_Badger_Extn/handlers/badger_info_rpc.rs", "pattern": "/^    Device,$/", "language": "Rust", "kind": "enumerator", "scope": "UidType", "scopeKind": "enum"}, {"_type": "tag", "name": "Dismiss", "path": "/home/kavia/workspace/code-generation/app-gateway2/Supporting_Files/Ripple_Badger_Extn/handlers/badger_info_rpc.rs", "pattern": "/^    Dismiss,$/", "language": "Rust", "kind": "enumerator", "scope": "PromptEmailStatus", "scopeKind": "enum"}, {"_type": "tag", "name": "DistributorTokenResponse", "path": "/home/kavia/workspace/code-generation/app-gateway2/Supporting_Files/Ripple_Badger_Extn/handlers/badger_info_rpc.rs", "pattern": "/^pub struct DistributorTokenResponse {$/", "language": "Rust", "kind": "struct"}, {"_type": "tag", "name": "DolbyVision", "path": "/home/kavia/workspace/code-generation/app-gateway2/Supporting_Files/Ripple_Badger_Extn/handlers/badger_info_rpc.rs", "pattern": "/^    DolbyVision,$/", "language": "Rust", "kind": "enumerator", "scope": "BadgerHdrProfile", "scopeKind": "enum"}, {"_type": "tag", "name": "EmailUsage", "path": "/home/kavia/workspace/code-generation/app-gateway2/Supporting_Files/Ripple_Badger_Extn/handlers/badger_info_rpc.rs", "pattern": "/^pub enum EmailUsage {$/", "language": "Rust", "kind": "enum"}, {"_type": "tag", "name": "False", "path": "/home/kavia/workspace/code-generation/app-gateway2/Supporting_Files/Ripple_Badger_Extn/handlers/badger_info_rpc.rs", "pattern": "/^    False,$/", "language": "Rust", "kind": "enumerator", "scope": "SnoozeOption", "scopeKind": "enum"}, {"_type": "tag", "name": "Hdr10", "path": "/home/kavia/workspace/code-generation/app-gateway2/Supporting_Files/Ripple_Badger_Extn/handlers/badger_info_rpc.rs", "pattern": "/^    Hdr10,$/", "language": "Rust", "kind": "enumerator", "scope": "BadgerHdrProfile", "scopeKind": "enum"}, {"_type": "tag", "name": "Hdr10plus", "path": "/home/kavia/workspace/code-generation/app-gateway2/Supporting_Files/Ripple_Badger_Extn/handlers/badger_info_rpc.rs", "pattern": "/^    Hdr10plus,$/", "language": "Rust", "kind": "enumerator", "scope": "BadgerHdrProfile", "scopeKind": "enum"}, {"_type": "tag", "name": "Hlg", "path": "/home/kavia/workspace/code-generation/app-gateway2/Supporting_Files/Ripple_Badger_Extn/handlers/badger_info_rpc.rs", "pattern": "/^    Hlg,$/", "language": "Rust", "kind": "enumerator", "scope": "BadgerHdrProfile", "scopeKind": "enum"}, {"_type": "tag", "name": "ListenRequest", "path": "/home/kavia/workspace/code-generation/app-gateway2/Supporting_Files/Ripple_Badger_Extn/handlers/badger_info_rpc.rs", "pattern": "/^impl From<BadgerLaunchCallback> for ListenRequest {$/", "language": "Rust", "kind": "implementation"}, {"_type": "tag", "name": "Locked", "path": "/home/kavia/workspace/code-generation/app-gateway2/Supporting_Files/Ripple_Badger_Extn/handlers/badger_info_rpc.rs", "pattern": "/^    Locked,$/", "language": "Rust", "kind": "enumerator", "scope": "BadgerPinStatus", "scopeKind": "enum"}, {"_type": "tag", "name": "NoActiveNetworkInterface", "path": "/home/kavia/workspace/code-generation/app-gateway2/Supporting_Files/Ripple_Badger_Extn/handlers/badger_info_rpc.rs", "pattern": "/^    NoActiveNetworkInterface,$/", "language": "Rust", "kind": "enumerator", "scope": "BadgerNetworkConnectivityStatus", "scopeKind": "enum"}, {"_type": "tag", "name": "PinNotRequired", "path": "/home/kavia/workspace/code-generation/app-gateway2/Supporting_Files/Ripple_Badger_Extn/handlers/badger_info_rpc.rs", "pattern": "/^    PinNotRequired,$/", "language": "Rust", "kind": "enumerator", "scope": "BadgerPinStatus", "scopeKind": "enum"}, {"_type": "tag", "name": "PrefillType", "path": "/home/kavia/workspace/code-generation/app-gateway2/Supporting_Files/Ripple_Badger_Extn/handlers/badger_info_rpc.rs", "pattern": "/^pub enum PrefillType {$/", "language": "Rust", "kind": "enum"}, {"_type": "tag", "name": "PromptEmailData", "path": "/home/kavia/workspace/code-generation/app-gateway2/Supporting_Files/Ripple_Badger_Extn/handlers/badger_info_rpc.rs", "pattern": "/^pub struct PromptEmailData {$/", "language": "Rust", "kind": "struct"}, {"_type": "tag", "name": "PromptEmailRequest", "path": "/home/kavia/workspace/code-generation/app-gateway2/Supporting_Files/Ripple_Badger_Extn/handlers/badger_info_rpc.rs", "pattern": "/^pub struct PromptEmailRequest {$/", "language": "Rust", "kind": "struct"}, {"_type": "tag", "name": "PromptEmailResult", "path": "/home/kavia/workspace/code-generation/app-gateway2/Supporting_Files/Ripple_Badger_Extn/handlers/badger_info_rpc.rs", "pattern": "/^pub struct PromptEmailResult {$/", "language": "Rust", "kind": "struct"}, {"_type": "tag", "name": "PromptEmailStatus", "path": "/home/kavia/workspace/code-generation/app-gateway2/Supporting_Files/Ripple_Badger_Extn/handlers/badger_info_rpc.rs", "pattern": "/^pub enum PromptEmailStatus {$/", "language": "Rust", "kind": "enum"}, {"_type": "tag", "name": "ShowPinOverlayRequest", "path": "/home/kavia/workspace/code-generation/app-gateway2/Supporting_Files/Ripple_Badger_Extn/handlers/badger_info_rpc.rs", "pattern": "/^pub struct ShowPinOverlayRequest {$/", "language": "Rust", "kind": "struct"}, {"_type": "tag", "name": "SignIn", "path": "/home/kavia/workspace/code-generation/app-gateway2/Supporting_Files/Ripple_Badger_Extn/handlers/badger_info_rpc.rs", "pattern": "/^    SignIn,$/", "language": "Rust", "kind": "enumerator", "scope": "EmailUsage", "scopeKind": "enum"}, {"_type": "tag", "name": "SignIn", "path": "/home/kavia/workspace/code-generation/app-gateway2/Supporting_Files/Ripple_Badger_Extn/handlers/badger_info_rpc.rs", "pattern": "/^    SignIn,$/", "language": "Rust", "kind": "enumerator", "scope": "PrefillType", "scopeKind": "enum"}, {"_type": "tag", "name": "SignUp", "path": "/home/kavia/workspace/code-generation/app-gateway2/Supporting_Files/Ripple_Badger_Extn/handlers/badger_info_rpc.rs", "pattern": "/^    SignUp,$/", "language": "Rust", "kind": "enumerator", "scope": "EmailUsage", "scopeKind": "enum"}, {"_type": "tag", "name": "SignUp", "path": "/home/kavia/workspace/code-generation/app-gateway2/Supporting_Files/Ripple_Badger_Extn/handlers/badger_info_rpc.rs", "pattern": "/^    SignUp,$/", "language": "Rust", "kind": "enumerator", "scope": "PrefillType", "scopeKind": "enum"}, {"_type": "tag", "name": "SnoozeOption", "path": "/home/kavia/workspace/code-generation/app-gateway2/Supporting_Files/Ripple_Badger_Extn/handlers/badger_info_rpc.rs", "pattern": "/^pub enum SnoozeOption {$/", "language": "Rust", "kind": "enum"}, {"_type": "tag", "name": "Success", "path": "/home/kavia/workspace/code-generation/app-gateway2/Supporting_Files/Ripple_Badger_Extn/handlers/badger_info_rpc.rs", "pattern": "/^    Success,$/", "language": "Rust", "kind": "enumerator", "scope": "BadgerNetworkConnectivityStatus", "scopeKind": "enum"}, {"_type": "tag", "name": "Success", "path": "/home/kavia/workspace/code-generation/app-gateway2/Supporting_Files/Ripple_Badger_Extn/handlers/badger_info_rpc.rs", "pattern": "/^    Success,$/", "language": "Rust", "kind": "enumerator", "scope": "BadgerPinStatus", "scopeKind": "enum"}, {"_type": "tag", "name": "Success", "path": "/home/kavia/workspace/code-generation/app-gateway2/Supporting_Files/Ripple_Badger_Extn/handlers/badger_info_rpc.rs", "pattern": "/^    Success,$/", "language": "Rust", "kind": "enumerator", "scope": "PromptEmailStatus", "scopeKind": "enum"}, {"_type": "tag", "name": "Technicolor", "path": "/home/kavia/workspace/code-generation/app-gateway2/Supporting_Files/Ripple_Badger_Extn/handlers/badger_info_rpc.rs", "pattern": "/^    Technicolor,$/", "language": "Rust", "kind": "enumerator", "scope": "BadgerHdrProfile", "scopeKind": "enum"}, {"_type": "tag", "name": "True", "path": "/home/kavia/workspace/code-generation/app-gateway2/Supporting_Files/Ripple_Badger_Extn/handlers/badger_info_rpc.rs", "pattern": "/^    True,$/", "language": "Rust", "kind": "enumerator", "scope": "SnoozeOption", "scopeKind": "enum"}, {"_type": "tag", "name": "UidType", "path": "/home/kavia/workspace/code-generation/app-gateway2/Supporting_Files/Ripple_Badger_Extn/handlers/badger_info_rpc.rs", "pattern": "/^enum UidType {$/", "language": "Rust", "kind": "enum"}, {"_type": "tag", "name": "UserDismissedOverlay", "path": "/home/kavia/workspace/code-generation/app-gateway2/Supporting_Files/Ripple_Badger_Extn/handlers/badger_info_rpc.rs", "pattern": "/^    UserDismissedOverlay,$/", "language": "Rust", "kind": "enumerator", "scope": "BadgerPinStatus", "scopeKind": "enum"}, {"_type": "tag", "name": "access_token", "path": "/home/kavia/workspace/code-generation/app-gateway2/Supporting_Files/Ripple_Badger_Extn/handlers/badger_info_rpc.rs", "pattern": "/^    pub access_token: String,$/", "language": "Rust", "kind": "field", "scope": "DistributorTokenResponse", "scopeKind": "struct"}, {"_type": "tag", "name": "account_id", "path": "/home/kavia/workspace/code-generation/app-gateway2/Supporting_Files/Ripple_Badger_Extn/handlers/badger_info_rpc.rs", "pattern": "/^    account_id: Option<String>,$/", "language": "Rust", "kind": "field", "scope": "BadgerDeviceInfo", "scopeKind": "struct"}, {"_type": "tag", "name": "audio_modes", "path": "/home/kavia/workspace/code-generation/app-gateway2/Supporting_Files/Ripple_Badger_Extn/handlers/badger_info_rpc.rs", "pattern": "/^    audio_modes: Option<BadgerAudioModes>,$/", "language": "Rust", "kind": "field", "scope": "BadgerDeviceCapabilities", "scopeKind": "struct"}, {"_type": "tag", "name": "badger_dismiss_loading_screen", "path": "/home/kavia/workspace/code-generation/app-gateway2/Supporting_Files/Ripple_Badger_Extn/handlers/badger_info_rpc.rs", "pattern": "/^    async fn badger_dismiss_loading_screen($/", "language": "Rust", "kind": "method", "signature": "( &self, ctx: CallContext, ) -> RpcResult<BadgerEmptyResult>", "scope": "BadgerServiceImpl", "scopeKind": "implementation"}, {"_type": "tag", "name": "badger_dismiss_loading_screen", "path": "/home/kavia/workspace/code-generation/app-gateway2/Supporting_Files/Ripple_Badger_Extn/handlers/badger_info_rpc.rs", "pattern": "/^    async fn badger_dismiss_loading_screen(&self, ctx: CallContext)$/", "language": "Rust", "kind": "method", "signature": "(&self, ctx: CallContext) -> RpcResult<BadgerEmptyResult>", "scope": "BadgerService", "scopeKind": "interface"}, {"_type": "tag", "name": "badger_get_device_id", "path": "/home/kavia/workspace/code-generation/app-gateway2/Supporting_Files/Ripple_Badger_Extn/handlers/badger_info_rpc.rs", "pattern": "/^    async fn badger_get_device_id(&self, ctx: CallContext) -> RpcResult<BadgerDialDeviceId> {$/", "language": "Rust", "kind": "method", "signature": "(&self, ctx: CallContext) -> RpcResult<BadgerDialDeviceId>", "scope": "BadgerServiceImpl", "scopeKind": "implementation"}, {"_type": "tag", "name": "badger_get_device_id", "path": "/home/kavia/workspace/code-generation/app-gateway2/Supporting_Files/Ripple_Badger_Extn/handlers/badger_info_rpc.rs", "pattern": "/^    async fn badger_get_device_id(&self, ctx: CallContext) -> RpcResult<BadgerDialDeviceId>;$/", "language": "Rust", "kind": "method", "signature": "(&self, ctx: CallContext) -> RpcResult<BadgerDialDeviceId>", "scope": "BadgerService", "scopeKind": "interface"}, {"_type": "tag", "name": "badger_get_device_name", "path": "/home/kavia/workspace/code-generation/app-gateway2/Supporting_Files/Ripple_Badger_Extn/handlers/badger_info_rpc.rs", "pattern": "/^    async fn badger_get_device_name(&self, ctx: CallContext) -> RpcResult<BadgerDialDeviceName> /", "language": "Rust", "kind": "method", "signature": "(&self, ctx: CallContext) -> RpcResult<BadgerDialDeviceName>", "scope": "BadgerServiceImpl", "scopeKind": "implementation"}, {"_type": "tag", "name": "badger_get_device_name", "path": "/home/kavia/workspace/code-generation/app-gateway2/Supporting_Files/Ripple_Badger_Extn/handlers/badger_info_rpc.rs", "pattern": "/^    async fn badger_get_device_name(&self, ctx: CallContext) -> RpcResult<BadgerDialDeviceName>;$/", "language": "Rust", "kind": "method", "signature": "(&self, ctx: CallContext) -> RpcResult<BadgerDialDeviceName>", "scope": "BadgerService", "scopeKind": "interface"}, {"_type": "tag", "name": "badger_get_payload", "path": "/home/kavia/workspace/code-generation/app-gateway2/Supporting_Files/Ripple_Badger_Extn/handlers/badger_info_rpc.rs", "pattern": "/^    async fn badger_get_payload(&self, ctx: CallContext) -> RpcResult<BadgerDialPayload> {$/", "language": "Rust", "kind": "method", "signature": "(&self, ctx: CallContext) -> RpcResult<BadgerDialPayload>", "scope": "BadgerServiceImpl", "scopeKind": "implementation"}, {"_type": "tag", "name": "badger_get_payload", "path": "/home/kavia/workspace/code-generation/app-gateway2/Supporting_Files/Ripple_Badger_Extn/handlers/badger_info_rpc.rs", "pattern": "/^    async fn badger_get_payload(&self, ctx: CallContext) -> RpcResult<BadgerDialPayload>;$/", "language": "Rust", "kind": "method", "signature": "(&self, ctx: CallContext) -> RpcResult<BadgerDialPayload>", "scope": "BadgerService", "scopeKind": "interface"}, {"_type": "tag", "name": "badger_info", "path": "/home/kavia/workspace/code-generation/app-gateway2/Supporting_Files/Ripple_Badger_Extn/handlers/badger_info_rpc.rs", "pattern": "/^    async fn badger_info(&self, ctx: CallContext) -> RpcResult<BadgerDeviceInfo> {$/", "language": "Rust", "kind": "method", "signature": "(&self, ctx: CallContext) -> RpcResult<BadgerDeviceInfo>", "scope": "BadgerServiceImpl", "scopeKind": "implementation"}, {"_type": "tag", "name": "badger_info", "path": "/home/kavia/workspace/code-generation/app-gateway2/Supporting_Files/Ripple_Badger_Extn/handlers/badger_info_rpc.rs", "pattern": "/^    async fn badger_info(&self, ctx: CallContext) -> RpcResult<BadgerDeviceInfo>;$/", "language": "Rust", "kind": "method", "signature": "(&self, ctx: CallContext) -> RpcResult<BadgerDeviceInfo>", "scope": "BadgerService", "scopeKind": "interface"}, {"_type": "tag", "name": "badger_navigate_to_company_page", "path": "/home/kavia/workspace/code-generation/app-gateway2/Supporting_Files/Ripple_Badger_Extn/handlers/badger_info_rpc.rs", "pattern": "/^    async fn badger_navigate_to_company_page($/", "language": "Rust", "kind": "method", "signature": "( &self, _ctx: CallContext, req: NavigateCompanyPageRequest, ) -> RpcResult<BadgerEmptyResult>", "scope": "BadgerServiceImpl", "scopeKind": "implementation"}, {"_type": "tag", "name": "badger_navigate_to_company_page", "path": "/home/kavia/workspace/code-generation/app-gateway2/Supporting_Files/Ripple_Badger_Extn/handlers/badger_info_rpc.rs", "pattern": "/^    async fn badger_navigate_to_company_page($/", "language": "Rust", "kind": "method", "signature": "( &self, ctx: CallContext, req: NavigateCompanyPageRequest, ) -> RpcResult<BadgerEmptyResult>", "scope": "BadgerService", "scopeKind": "interface"}, {"_type": "tag", "name": "badger_network_connectivity", "path": "/home/kavia/workspace/code-generation/app-gateway2/Supporting_Files/Ripple_Badger_Extn/handlers/badger_info_rpc.rs", "pattern": "/^    async fn badger_network_connectivity($/", "language": "Rust", "kind": "method", "signature": "( &self, ctx: CallContext, ) -> RpcResult<BadgerNetworkConnectivity>", "scope": "BadgerService", "scopeKind": "interface"}, {"_type": "tag", "name": "badger_network_connectivity", "path": "/home/kavia/workspace/code-generation/app-gateway2/Supporting_Files/Ripple_Badger_Extn/handlers/badger_info_rpc.rs", "pattern": "/^    async fn badger_network_connectivity($/", "language": "Rust", "kind": "method", "signature": "( &self, ctx: CallContext, ) -> RpcResult<BadgerNetworkConnectivity>", "scope": "BadgerServiceImpl", "scopeKind": "implementation"}, {"_type": "tag", "name": "badger_on_launch", "path": "/home/kavia/workspace/code-generation/app-gateway2/Supporting_Files/Ripple_Badger_Extn/handlers/badger_info_rpc.rs", "pattern": "/^    async fn badger_on_launch($/", "language": "Rust", "kind": "method", "signature": "( &self, ctx: CallContext, request: BadgerLaunchCallback, ) -> RpcResult<ListenerResponse>", "scope": "BadgerService", "scopeKind": "interface"}, {"_type": "tag", "name": "badger_on_launch", "path": "/home/kavia/workspace/code-generation/app-gateway2/Supporting_Files/Ripple_Badger_Extn/handlers/badger_info_rpc.rs", "pattern": "/^    async fn badger_on_launch($/", "language": "Rust", "kind": "method", "signature": "( &self, ctx: CallContext, request: BadgerLaunchCallback, ) -> RpcResult<ListenerResponse>", "scope": "BadgerServiceImpl", "scopeKind": "implementation"}, {"_type": "tag", "name": "badger_show_pin_overlay", "path": "/home/kavia/workspace/code-generation/app-gateway2/Supporting_Files/Ripple_Badger_Extn/handlers/badger_info_rpc.rs", "pattern": "/^    async fn badger_show_pin_overlay($/", "language": "Rust", "kind": "method", "signature": "( &self, ctx: CallContext, request: ShowPinOverlayRequest, ) -> RpcResult<BadgerPinOverlayResponse>", "scope": "BadgerService", "scopeKind": "interface"}, {"_type": "tag", "name": "badger_show_pin_overlay", "path": "/home/kavia/workspace/code-generation/app-gateway2/Supporting_Files/Ripple_Badger_Extn/handlers/badger_info_rpc.rs", "pattern": "/^    async fn badger_show_pin_overlay($/", "language": "Rust", "kind": "method", "signature": "( &self, ctx: CallContext, request: ShowPinOverlayRequest, ) -> RpcResult<BadgerPinOverlayResponse>", "scope": "BadgerServiceImpl", "scopeKind": "implementation"}, {"_type": "tag", "name": "badger_shutdown", "path": "/home/kavia/workspace/code-generation/app-gateway2/Supporting_Files/Ripple_Badger_Extn/handlers/badger_info_rpc.rs", "pattern": "/^    async fn badger_shutdown(&self, ctx: CallContext) -> RpcResult<BadgerEmptyResult> {$/", "language": "Rust", "kind": "method", "signature": "(&self, ctx: CallContext) -> RpcResult<BadgerEmptyResult>", "scope": "BadgerServiceImpl", "scopeKind": "implementation"}, {"_type": "tag", "name": "badger_shutdown", "path": "/home/kavia/workspace/code-generation/app-gateway2/Supporting_Files/Ripple_Badger_Extn/handlers/badger_info_rpc.rs", "pattern": "/^    async fn badger_shutdown(&self, ctx: CallContext) -> RpcResult<BadgerEmptyResult>;$/", "language": "Rust", "kind": "method", "signature": "(&self, ctx: CallContext) -> RpcResult<BadgerEmptyResult>", "scope": "BadgerService", "scopeKind": "interface"}, {"_type": "tag", "name": "browser_type", "path": "/home/kavia/workspace/code-generation/app-gateway2/Supporting_Files/Ripple_Badger_Extn/handlers/badger_info_rpc.rs", "pattern": "/^    pub(crate) browser_type: String,$/", "language": "Rust", "kind": "field", "scope": "BadgerWebBrowser", "scopeKind": "struct"}, {"_type": "tag", "name": "connected", "path": "/home/kavia/workspace/code-generation/app-gateway2/Supporting_Files/Ripple_Badger_Extn/handlers/badger_info_rpc.rs", "pattern": "/^    connected: bool,$/", "language": "Rust", "kind": "field", "scope": "BadgerHDCP", "scopeKind": "struct"}, {"_type": "tag", "name": "current_audio_mode", "path": "/home/kavia/workspace/code-generation/app-gateway2/Supporting_Files/Ripple_Badger_Extn/handlers/badger_info_rpc.rs", "pattern": "/^    current_audio_mode: Vec<String>,$/", "language": "Rust", "kind": "field", "scope": "BadgerAudioModes", "scopeKind": "struct"}, {"_type": "tag", "name": "current_hdcp_version", "path": "/home/kavia/workspace/code-generation/app-gateway2/Supporting_Files/Ripple_Badger_Extn/handlers/badger_info_rpc.rs", "pattern": "/^    current_hdcp_version: String,$/", "language": "Rust", "kind": "field", "scope": "BadgerHDCP", "scopeKind": "struct"}, {"_type": "tag", "name": "data", "path": "/home/kavia/workspace/code-generation/app-gateway2/Supporting_Files/Ripple_Badger_Extn/handlers/badger_info_rpc.rs", "pattern": "/^    data: PromptEmailData,$/", "language": "Rust", "kind": "field", "scope": "PromptEmailResult", "scopeKind": "struct"}, {"_type": "tag", "name": "deserialize", "path": "/home/kavia/workspace/code-generation/app-gateway2/Supporting_Files/Ripple_Badger_Extn/handlers/badger_info_rpc.rs", "pattern": "/^    pub fn deserialize<'de, D>(deserializer: D) -> Result<Vec<String>, D::Error>$/", "language": "Rust", "kind": "function", "signature": "<'de, D>(deserializer: D) -> Result<Vec<String>, D::Error> where D: Deserializer<'de>,", "scope": "settings_serde", "scopeKind": "module"}, {"_type": "tag", "name": "device_capabilities", "path": "/home/kavia/workspace/code-generation/app-gateway2/Supporting_Files/Ripple_Badger_Extn/handlers/badger_info_rpc.rs", "pattern": "/^    async fn device_capabilities(&self, ctx: CallContext) -> RpcResult<BadgerDeviceCapabilities>/", "language": "Rust", "kind": "method", "signature": "(&self, ctx: CallContext) -> RpcResult<BadgerDeviceCapabilities>", "scope": "BadgerService", "scopeKind": "interface"}, {"_type": "tag", "name": "device_capabilities", "path": "/home/kavia/workspace/code-generation/app-gateway2/Supporting_Files/Ripple_Badger_Extn/handlers/badger_info_rpc.rs", "pattern": "/^    async fn device_capabilities(&self, ctx: CallContext) -> RpcResult<BadgerDeviceCapabilities>/", "language": "Rust", "kind": "method", "signature": "(&self, ctx: CallContext) -> RpcResult<BadgerDeviceCapabilities>", "scope": "BadgerServiceImpl", "scopeKind": "implementation"}, {"_type": "tag", "name": "device_capabilities", "path": "/home/kavia/workspace/code-generation/app-gateway2/Supporting_Files/Ripple_Badger_Extn/handlers/badger_info_rpc.rs", "pattern": "/^    device_capabilities: Option<BadgerDeviceCapabilities>,$/", "language": "Rust", "kind": "field", "scope": "BadgerDeviceInfo", "scopeKind": "struct"}, {"_type": "tag", "name": "device_hash", "path": "/home/kavia/workspace/code-generation/app-gateway2/Supporting_Files/Ripple_Badger_Extn/handlers/badger_info_rpc.rs", "pattern": "/^    device_hash: Option<String>,$/", "language": "Rust", "kind": "field", "scope": "BadgerDeviceInfo", "scopeKind": "struct"}, {"_type": "tag", "name": "device_id", "path": "/home/kavia/workspace/code-generation/app-gateway2/Supporting_Files/Ripple_Badger_Extn/handlers/badger_info_rpc.rs", "pattern": "/^    device_id: Option<String>,$/", "language": "Rust", "kind": "field", "scope": "BadgerDeviceInfo", "scopeKind": "struct"}, {"_type": "tag", "name": "device_id", "path": "/home/kavia/workspace/code-generation/app-gateway2/Supporting_Files/Ripple_Badger_Extn/handlers/badger_info_rpc.rs", "pattern": "/^    pub device_id: String,$/", "language": "Rust", "kind": "field", "scope": "BadgerDialDeviceId", "scopeKind": "struct"}, {"_type": "tag", "name": "device_make_model", "path": "/home/kavia/workspace/code-generation/app-gateway2/Supporting_Files/Ripple_Badger_Extn/handlers/badger_info_rpc.rs", "pattern": "/^    device_make_model: Option<String>,$/", "language": "Rust", "kind": "field", "scope": "BadgerDeviceCapabilities", "scopeKind": "struct"}, {"_type": "tag", "name": "device_name", "path": "/home/kavia/workspace/code-generation/app-gateway2/Supporting_Files/Ripple_Badger_Extn/handlers/badger_info_rpc.rs", "pattern": "/^    pub device_name: String,$/", "language": "Rust", "kind": "field", "scope": "BadgerDialDeviceName", "scopeKind": "struct"}, {"_type": "tag", "name": "device_type", "path": "/home/kavia/workspace/code-generation/app-gateway2/Supporting_Files/Ripple_Badger_Extn/handlers/badger_info_rpc.rs", "pattern": "/^    device_type: Option<String>,$/", "language": "Rust", "kind": "field", "scope": "BadgerDeviceCapabilities", "scopeKind": "struct"}], "hash": "8867813c97d1c1b360d6021bd31657dc", "format-version": 4, "code-base-name": "app-gateway2", "filename": "Supporting_Files/Ripple_Badger_Extn/handlers/badger_info_rpc.rs", "fields": [{"name": "pub trait BadgerService {", "scope": "", "scopeKind": "", "description": "unavailable"}, {"name": "pub access_token: String,", "scope": "DistributorTokenResponse", "scopeKind": "struct", "description": "unavailable"}, {"name": "account_id: Option<String>,", "scope": "BadgerDeviceInfo", "scopeKind": "struct", "description": "unavailable"}, {"name": "audio_modes: Option<BadgerAudioModes>,", "scope": "BadgerDeviceCapabilities", "scopeKind": "struct", "description": "unavailable"}, {"name": "pub(crate) browser_type: String,", "scope": "BadgerWebBrowser", "scopeKind": "struct", "description": "unavailable"}, {"name": "connected: bool,", "scope": "BadgerHDCP", "scopeKind": "struct", "description": "unavailable"}, {"name": "current_audio_mode: Vec<String>,", "scope": "BadgerAudioModes", "scopeKind": "struct", "description": "unavailable"}, {"name": "current_hdcp_version: String,", "scope": "BadgerHDCP", "scopeKind": "struct", "description": "unavailable"}, {"name": "data: PromptEmailData,", "scope": "PromptEmailResult", "scopeKind": "struct", "description": "unavailable"}, {"name": "device_capabilities: Option<BadgerDeviceCapabilities>,", "scope": "BadgerDeviceInfo", "scopeKind": "struct", "description": "unavailable"}, {"name": "device_hash: Option<String>,", "scope": "BadgerDeviceInfo", "scopeKind": "struct", "description": "unavailable"}, {"name": "device_id: Option<String>,", "scope": "BadgerDeviceInfo", "scopeKind": "struct", "description": "unavailable"}, {"name": "pub device_id: String,", "scope": "BadgerDialDeviceId", "scopeKind": "struct", "description": "unavailable"}, {"name": "device_make_model: Option<String>,", "scope": "BadgerDeviceCapabilities", "scopeKind": "struct", "description": "unavailable"}, {"name": "pub device_name: String,", "scope": "BadgerDialDeviceName", "scopeKind": "struct", "description": "unavailable"}, {"name": "device_type: Option<String>,", "scope": "BadgerDeviceCapabilities", "scopeKind": "struct", "description": "unavailable"}], "revision_history": [{"709": "7541615396d97800a8dedd6a14e20d3bd2197bf0"}]}