{"is_source_file": true, "format": "Rust", "description": "This file defines module declarations for a Rust project, organizing various components related to badger devices, handlers, thunder sessions, authorizers, state management, cryptographic utilities, and test utilities.", "external_files": ["badger_ffi", "handlers/badger_device_info", "handlers/badger_info_rpc", "thunder/thunder_session", "authorizer", "badger_state", "crypto_util", "test_utils"], "external_methods": [], "published": ["badger_ffi", "handlers", "handlers::badger_device_info", "handlers::badger_info_rpc", "thunder", "thunder::thunder_session", "authorizer", "badger_state", "crypto_util", "test_utils"], "classes": [], "methods": [], "calls": [], "search-terms": ["badger_ffi", "handlers", "badger_device_info", "badger_info_rpc", "thunder_session", "authorizer", "badger_state", "crypto_util", "test_utils"], "state": 2, "file_id": 219, "knowledge_revision": 704, "git_revision": "7541615396d97800a8dedd6a14e20d3bd2197bf0", "ctags": [{"_type": "tag", "name": "authorizer", "path": "/home/kavia/workspace/code-generation/app-gateway2/Supporting_Files/Ripple_Badger_Extn/src/lib.rs", "pattern": "/^pub mod authorizer;$/", "language": "Rust", "kind": "module"}, {"_type": "tag", "name": "badger_device_info", "path": "/home/kavia/workspace/code-generation/app-gateway2/Supporting_Files/Ripple_Badger_Extn/src/lib.rs", "pattern": "/^    pub mod badger_device_info;$/", "language": "Rust", "kind": "module", "scope": "handlers", "scopeKind": "module"}, {"_type": "tag", "name": "badger_ffi", "path": "/home/kavia/workspace/code-generation/app-gateway2/Supporting_Files/Ripple_Badger_Extn/src/lib.rs", "pattern": "/^pub mod badger_ffi;$/", "language": "Rust", "kind": "module"}, {"_type": "tag", "name": "badger_info_rpc", "path": "/home/kavia/workspace/code-generation/app-gateway2/Supporting_Files/Ripple_Badger_Extn/src/lib.rs", "pattern": "/^    pub mod badger_info_rpc;$/", "language": "Rust", "kind": "module", "scope": "handlers", "scopeKind": "module"}, {"_type": "tag", "name": "badger_state", "path": "/home/kavia/workspace/code-generation/app-gateway2/Supporting_Files/Ripple_Badger_Extn/src/lib.rs", "pattern": "/^pub mod badger_state;$/", "language": "Rust", "kind": "module"}, {"_type": "tag", "name": "crypto_util", "path": "/home/kavia/workspace/code-generation/app-gateway2/Supporting_Files/Ripple_Badger_Extn/src/lib.rs", "pattern": "/^pub mod crypto_util;$/", "language": "Rust", "kind": "module"}, {"_type": "tag", "name": "handlers", "path": "/home/kavia/workspace/code-generation/app-gateway2/Supporting_Files/Ripple_Badger_Extn/src/lib.rs", "pattern": "/^pub mod handlers {$/", "language": "Rust", "kind": "module"}, {"_type": "tag", "name": "test_utils", "path": "/home/kavia/workspace/code-generation/app-gateway2/Supporting_Files/Ripple_Badger_Extn/src/lib.rs", "pattern": "/^pub mod test_utils;$/", "language": "Rust", "kind": "module"}, {"_type": "tag", "name": "thunder", "path": "/home/kavia/workspace/code-generation/app-gateway2/Supporting_Files/Ripple_Badger_Extn/src/lib.rs", "pattern": "/^pub mod thunder {$/", "language": "Rust", "kind": "module"}, {"_type": "tag", "name": "thunder_session", "path": "/home/kavia/workspace/code-generation/app-gateway2/Supporting_Files/Ripple_Badger_Extn/src/lib.rs", "pattern": "/^    pub mod thunder_session;$/", "language": "Rust", "kind": "module", "scope": "thunder", "scopeKind": "module"}], "hash": "84250a705c4da03b65490dfca9e757ce", "format-version": 4, "code-base-name": "app-gateway2", "filename": "Supporting_Files/Ripple_Badger_Extn/src/lib.rs", "revision_history": [{"704": "7541615396d97800a8dedd6a14e20d3bd2197bf0"}]}