{"is_source_file": false, "format": "", "description": "", "external_files": [], "external_methods": [], "published": [], "classes": [], "methods": [], "calls": [], "search-terms": [], "state": 2, "file_id": 267, "knowledge_revision": 873, "git_revision": "ef86df2c8df3fef6f567643b583ee28870c1ba4c", "hash": "7b2bff62803a7fd222ff09f18d26b774", "format-version": 4, "code-base-name": "app-gateway2", "filename": "Supporting_Files/RDKShell/CHANGELOG.md", "revision_history": [{"873": "ef86df2c8df3fef6f567643b583ee28870c1ba4c"}]}