{"is_source_file": true, "format": "C++ header file", "description": "This header file defines the ContextUtils class, which provides static methods for converting between different context types used in the application, such as AppNotificationContext, GatewayContext, and provider contexts. It facilitates context translation across various components within the application.", "external_files": ["<interfaces/IAppGateway.h>", "<interfaces/IAppNotifications.h>", "<interfaces/IApp2AppProvider.h>", "<interfaces/ILaunchDelegate.h>", "UtilsCallsign.h"], "external_methods": [], "published": ["ContextUtils"], "classes": [{"name": "ContextUtils", "description": "A utility class providing static methods to convert context objects between different application interfaces, simplifying context management and interoperability."}], "methods": [{"name": "Exchange::GatewayContext ConvertNotificationToAppGatewayContext(const Exchange::IAppNotifications::AppNotificationContext & notificationsContext)", "description": "Converts an AppNotificationContext object into a GatewayContext object.", "scope": "ContextUtils", "scopeKind": "class"}, {"name": "Exchange::GatewayContext ConvertNotificationToLaunchDelegateContext(const Exchange::IAppNotifications::AppNotificationContext & notificationsContext)", "description": "Converts an AppNotificationContext object into a GatewayContext object suitable for launch delegate purposes.", "scope": "ContextUtils", "scopeKind": "class"}, {"name": "Exchange::IAppNotifications::AppNotificationContext ConvertAppGatewayToNotificationContext(const Exchange::GatewayContext & appGatewayContext,const string & origin)", "description": "Converts an AppGateway context into an AppNotificationContext, adding an origin string.", "scope": "ContextUtils", "scopeKind": "class"}, {"name": "Exchange::IApp2AppProvider::Context ConvertAppGatewayToProviderContext(const Exchange::IAppGateway::Context & appGatewayContext,const string & origin)", "description": "Converts an AppGateway context into an App2AppProvider context, with origin.", "scope": "ContextUtils", "scopeKind": "class"}, {"name": "Exchange::GatewayContext ConvertProviderToAppGatewayContext(const Exchange::IApp2AppProvider::Context & context)", "description": "Converts an App2AppProvider context into a GatewayContext.", "scope": "ContextUtils", "scopeKind": "class"}, {"name": "Exchange::GatewayContext ConvertProviderToLaunchDelegateContext(const Exchange::IApp2AppProvider::Context & context)", "description": "Converts an App2AppProvider context into a GatewayContext for launch delegate.", "scope": "ContextUtils", "scopeKind": "class"}, {"name": "Exchange::GatewayContext ConvertGatewayToLaunchDelegateContext(const Exchange::GatewayContext & context)", "description": "Converts a GatewayContext into a context suitable for a launch delegate.", "scope": "ContextUtils", "scopeKind": "class"}, {"name": "bool IsOriginGateway(const string & origin)", "description": "Checks if the provided origin string matches the APP_GATEWAY_CALLSIGN, indicating if it is a gateway origin.", "scope": "ContextUtils", "scopeKind": "class"}, {"name": "Exchange::GatewayContext ToGatewayContext(const Exchange::IAppGateway::Context & appGatewayContext)", "description": "Converts an IAppGateway::Context object into a GatewayContext.", "scope": "ContextUtils", "scopeKind": "class"}, {"name": "Exchange::IAppNotifications::AppNotificationContext ConvertAppGatewayToNotificationContext(const Exchange::IAppGateway::Context & appGatewayContext,const string & origin)", "description": "Overloaded method converting an IAppGateway::Context into an AppNotificationContext, with origin.", "scope": "ContextUtils", "scopeKind": "class"}, {"name": "Exchange::IApp2AppProvider::Context ConvertAppGatewayToProviderContext(const Exchange::GatewayContext & appGatewayContext,const string & origin)", "description": "Overloaded method converting an IAppGateway::Context into an App2AppProvider::Context, with origin.", "scope": "ContextUtils", "scopeKind": "class"}], "search-terms": ["ContextUtils", "context conversion", "IAppGateway", "IAppNotifications", "IApp2AppProvider", "AppNotificationContext", "GatewayContext", "UtilsCallsign"], "state": 2, "file_id": 139, "knowledge_revision": 903, "git_revision": "bedbfc563272c9798747e86eec4eea3145029d71", "revision_history": [{"481": "11687bdf35796aa59ae3a1afecde9935f4bdd400"}, {"801": "11687bdf35796aa59ae3a1afecde9935f4bdd400"}, {"903": "bedbfc563272c9798747e86eec4eea3145029d71"}], "ctags": [{"_type": "tag", "name": "ContextUtils", "path": "/home/kavia/workspace/code-generation/app-gateway2/Supporting_Files/ContextUtils.h", "pattern": "/^class ContextUtils {$/", "language": "C++", "kind": "class"}, {"_type": "tag", "name": "ConvertAppGatewayToNotificationContext", "path": "/home/kavia/workspace/code-generation/app-gateway2/Supporting_Files/ContextUtils.h", "pattern": "/^        static Exchange::IAppNotifications::AppNotificationContext ConvertAppGatewayToNotificati/", "language": "C++", "typeref": "typename:Exchange::IAppNotifications::AppNotificationContext", "kind": "function", "signature": "(const Exchange::GatewayContext & appGatewayContext,const string & origin)", "scope": "ContextUtils", "scopeKind": "class"}, {"_type": "tag", "name": "ConvertAppGatewayToNotificationContext", "path": "/home/kavia/workspace/code-generation/app-gateway2/Supporting_Files/ContextUtils.h", "pattern": "/^        static Exchange::IAppNotifications::AppNotificationContext ConvertAppGatewayToNotificati/", "language": "C++", "typeref": "typename:Exchange::IAppNotifications::AppNotificationContext", "kind": "function", "signature": "(const Exchange::IAppGateway::Context & appGatewayContext,const string & origin)", "scope": "ContextUtils", "scopeKind": "class"}, {"_type": "tag", "name": "ConvertAppGatewayToProviderContext", "path": "/home/kavia/workspace/code-generation/app-gateway2/Supporting_Files/ContextUtils.h", "pattern": "/^        static Exchange::IApp2AppProvider::Context ConvertAppGatewayToProviderContext($/", "language": "C++", "typeref": "typename:Exchange::IApp2AppProvider::Context", "kind": "function", "signature": "(const Exchange::IAppGateway::Context & appGatewayContext,const string & origin)", "scope": "ContextUtils", "scopeKind": "class"}, {"_type": "tag", "name": "ConvertAppGatewayToProviderContext", "path": "/home/kavia/workspace/code-generation/app-gateway2/Supporting_Files/ContextUtils.h", "pattern": "/^        static Exchange::IApp2AppProvider::Context ConvertAppGatewayToProviderContext(const Exch/", "language": "C++", "typeref": "typename:Exchange::IApp2AppProvider::Context", "kind": "function", "signature": "(const Exchange::GatewayContext & appGatewayContext,const string & origin)", "scope": "ContextUtils", "scopeKind": "class"}, {"_type": "tag", "name": "ConvertGatewayToLaunchDelegateContext", "path": "/home/kavia/workspace/code-generation/app-gateway2/Supporting_Files/ContextUtils.h", "pattern": "/^        static Exchange::GatewayContext ConvertGatewayToLaunchDelegateContext(const Exchange::Ga/", "language": "C++", "typeref": "typename:Exchange::GatewayContext", "kind": "function", "signature": "(const Exchange::GatewayContext & context)", "scope": "ContextUtils", "scopeKind": "class"}, {"_type": "tag", "name": "ConvertNotificationToAppGatewayContext", "path": "/home/kavia/workspace/code-generation/app-gateway2/Supporting_Files/ContextUtils.h", "pattern": "/^        static Exchange::GatewayContext ConvertNotificationToAppGatewayContext(const Exchange::I/", "language": "C++", "typeref": "typename:Exchange::GatewayContext", "kind": "function", "signature": "(const Exchange::IAppNotifications::AppNotificationContext & notificationsContext)", "scope": "ContextUtils", "scopeKind": "class"}, {"_type": "tag", "name": "ConvertNotificationToLaunchDelegateContext", "path": "/home/kavia/workspace/code-generation/app-gateway2/Supporting_Files/ContextUtils.h", "pattern": "/^        static Exchange::GatewayContext ConvertNotificationToLaunchDelegateContext(const Exchang/", "language": "C++", "typeref": "typename:Exchange::GatewayContext", "kind": "function", "signature": "(const Exchange::IAppNotifications::AppNotificationContext & notificationsContext)", "scope": "ContextUtils", "scopeKind": "class"}, {"_type": "tag", "name": "ConvertProviderToAppGatewayContext", "path": "/home/kavia/workspace/code-generation/app-gateway2/Supporting_Files/ContextUtils.h", "pattern": "/^        static Exchange::GatewayContext ConvertProviderToAppGatewayContext(const Exchange::IApp2/", "language": "C++", "typeref": "typename:Exchange::GatewayContext", "kind": "function", "signature": "(const Exchange::IApp2AppProvider::Context & context)", "scope": "ContextUtils", "scopeKind": "class"}, {"_type": "tag", "name": "ConvertProviderToLaunchDelegateContext", "path": "/home/kavia/workspace/code-generation/app-gateway2/Supporting_Files/ContextUtils.h", "pattern": "/^        static Exchange::GatewayContext ConvertProviderToLaunchDelegateContext(const Exchange::I/", "language": "C++", "typeref": "typename:Exchange::GatewayContext", "kind": "function", "signature": "(const Exchange::IApp2AppProvider::Context & context)", "scope": "ContextUtils", "scopeKind": "class"}, {"_type": "tag", "name": "IsOriginGateway", "path": "/home/kavia/workspace/code-generation/app-gateway2/Supporting_Files/ContextUtils.h", "pattern": "/^        static bool IsOriginGateway(const string& origin) {$/", "language": "C++", "typeref": "typename:bool", "kind": "function", "signature": "(const string & origin)", "scope": "ContextUtils", "scopeKind": "class"}, {"_type": "tag", "name": "ToGatewayContext", "path": "/home/kavia/workspace/code-generation/app-gateway2/Supporting_Files/ContextUtils.h", "pattern": "/^        static Exchange::GatewayContext ToGatewayContext(const Exchange::IAppGateway::Context& a/", "language": "C++", "typeref": "typename:Exchange::GatewayContext", "kind": "function", "signature": "(const Exchange::IAppGateway::Context & appGatewayContext)", "scope": "ContextUtils", "scopeKind": "class"}, {"_type": "tag", "name": "__CONTEXTUTILS_H__", "path": "/home/kavia/workspace/code-generation/app-gateway2/Supporting_Files/ContextUtils.h", "pattern": "/^#define __CONTEXTUTILS_H__$/", "language": "C++", "kind": "macro"}], "hash": "a11f11d1c0320ce2a12ee68db3271ef1", "format-version": 4, "code-base-name": "app-gateway2", "filename": "Supporting_Files/ContextUtils.h"}