{"is_source_file": false, "format": "", "description": "", "external_files": [], "external_methods": [], "published": [], "classes": [], "methods": [], "calls": [], "search-terms": [], "state": 2, "file_id": 265, "knowledge_revision": 870, "git_revision": "ef86df2c8df3fef6f567643b583ee28870c1ba4c", "hash": "399e4c6d58b9135a3b10b0c62fa3f92d", "format-version": 4, "code-base-name": "app-gateway2", "filename": "Supporting_Files/HdcpProfile/HdcpProfilePlugin.json", "revision_history": [{"870": "ef86df2c8df3fef6f567643b583ee28870c1ba4c"}]}