{"is_source_file": true, "format": "C++ header file", "description": "This file defines the BaseEventDelegate class, which manages event notifications via an external interface, supporting registration, removal, and dispatching of events with thread safety.", "external_files": ["StringUtils.h", "<interfaces/IAppNotifications.h>", "UtilsLogging.h", "UtilsCallsign.h"], "external_methods": ["StringUtils::toLower", "IAppNotifications::AddRef", "IAppNotifications::Release", "IAppNotifications::Emit", "Core::IDispatch::Dispatch", "Core::IDispatch::Create", "Core::ProxyType::Create", "Core::ProxyType::IDispatch", "Core::IWorkerPool::Instance"], "published": ["BaseEventDelegate::HandleEvent", "BaseEventDelegate::Dispatch", "BaseEventDelegate::AddNotification", "BaseEventDelegate::IsNotificationRegistered", "BaseEventDelegate::RemoveNotification"], "classes": [{"name": "BaseEventDelegate", "description": "Abstract class managing event notification registration, dispatching, and thread safety, interfacing with IAppNotifications."}, {"name": "BaseEventDelegate::EventDelegateDispatchJob", "description": "Nested class implementing dispatch jobs for event notifications, created and managed by the base class."}], "methods": [{"name": "HandleEvent", "description": "Pure virtual method to handle incoming events, to be implemented by subclasses."}, {"name": "void Dispatch()", "description": "Dispatches an event with payload if registered, using the thread pool.", "scope": "BaseEventDelegate::EventDelegateDispatchJob", "scopeKind": "class"}, {"name": "bool DispatchToAppNotifications(const string & event,const string & payload)", "description": "Sends the event and payload to the external app notifications interface.", "scope": "BaseEventDelegate", "scopeKind": "class"}, {"name": "void AddNotification(const string & event)", "description": "Registers an event notification, storing it in a thread-safe set.", "scope": "BaseEventDelegate", "scopeKind": "class"}, {"name": "bool IsNotificationRegistered(const string & event)", "description": "Checks if an event is registered for notification.", "scope": "BaseEventDelegate", "scopeKind": "class"}, {"name": "void RemoveNotification(const string & event)", "description": "Removes an event notification from registration set.", "scope": "BaseEventDelegate", "scopeKind": "class"}, {"name": "BaseEventDelegate(Exchange::IAppNotifications * appNotifications)", "scope": "BaseEventDelegate", "scopeKind": "class", "description": "unavailable"}, {"name": "Core::ProxyType<Core::IDispatch> Create(BaseEventDelegate * parent,const string & event,const string & payload)", "scope": "BaseEventDelegate::EventDelegateDispatchJob", "scopeKind": "class", "description": "unavailable"}, {"name": "bool Dispatch(const string event,const string payload)", "scope": "BaseEventDelegate", "scopeKind": "class", "description": "unavailable"}, {"name": "EventDelegateDispatchJob(BaseEventDelegate * delegate,const string & event,const string & payload)", "scope": "BaseEventDelegate::EventDelegateDispatchJob", "scopeKind": "class", "description": "unavailable"}, {"name": "~BaseEventDelegate()", "scope": "BaseEventDelegate", "scopeKind": "class", "description": "unavailable"}, {"name": "~EventDelegateDispatchJob()", "scope": "BaseEventDelegate::EventDelegateDispatchJob", "scopeKind": "class", "description": "unavailable"}], "calls": ["Core::ProxyType<EventDelegateDispatchJob>::Create", "mAppNotifications->Emit", "StringUtils::toLower", "Core::IWorkerPool::Instance().Submit"], "search-terms": ["BaseEventDelegate", "EventDelegateDispatchJob", "IAppNotifications", "Dispatch", "RegisterNotification"], "state": 2, "file_id": 137, "knowledge_revision": 465, "git_revision": "11687bdf35796aa59ae3a1afecde9935f4bdd400", "ctags": [{"_type": "tag", "name": "AddNotification", "path": "/home/kavia/workspace/code-generation/app-gateway2/Supporting_Files/BaseEventDelegate.h", "pattern": "/^        void AddNotification(const string& event) {$/", "language": "C++", "typeref": "typename:void", "kind": "function", "signature": "(const string & event)", "scope": "BaseEventDelegate", "scopeKind": "class"}, {"_type": "tag", "name": "BaseEventDelegate", "path": "/home/kavia/workspace/code-generation/app-gateway2/Supporting_Files/BaseEventDelegate.h", "pattern": "/^        BaseEventDelegate(Exchange::IAppNotifications* appNotifications) : mAppNotifications(app/", "language": "C++", "kind": "function", "signature": "(Exchange::IAppNotifications * appNotifications)", "scope": "BaseEventDelegate", "scopeKind": "class"}, {"_type": "tag", "name": "BaseEventDelegate", "path": "/home/kavia/workspace/code-generation/app-gateway2/Supporting_Files/BaseEventDelegate.h", "pattern": "/^class BaseEventDelegate {$/", "language": "C++", "kind": "class"}, {"_type": "tag", "name": "Create", "path": "/home/kavia/workspace/code-generation/app-gateway2/Supporting_Files/BaseEventDelegate.h", "pattern": "/^                static Core::ProxyType<Core::IDispatch> Create(BaseEventDelegate *parent,$/", "language": "C++", "typeref": "typename:Core::ProxyType<Core::IDispatch>", "kind": "function", "signature": "(BaseEventDelegate * parent,const string & event,const string & payload)", "scope": "BaseEventDelegate::EventDelegateDispatchJob", "scopeKind": "class"}, {"_type": "tag", "name": "Dispatch", "path": "/home/kavia/workspace/code-generation/app-gateway2/Supporting_Files/BaseEventDelegate.h", "pattern": "/^                virtual void Dispatch()$/", "language": "C++", "typeref": "typename:void", "kind": "function", "signature": "()", "scope": "BaseEventDelegate::EventDelegateDispatchJob", "scopeKind": "class"}, {"_type": "tag", "name": "Dispatch", "path": "/home/kavia/workspace/code-generation/app-gateway2/Supporting_Files/BaseEventDelegate.h", "pattern": "/^        bool Dispatch(const string event, const string payload) {$/", "language": "C++", "typeref": "typename:bool", "kind": "function", "signature": "(const string event,const string payload)", "scope": "BaseEventDelegate", "scopeKind": "class"}, {"_type": "tag", "name": "DispatchToAppNotifications", "path": "/home/kavia/workspace/code-generation/app-gateway2/Supporting_Files/BaseEventDelegate.h", "pattern": "/^        bool DispatchToAppNotifications(const string& event, const string& payload) {$/", "language": "C++", "typeref": "typename:bool", "kind": "function", "signature": "(const string & event,const string & payload)", "scope": "BaseEventDelegate", "scopeKind": "class"}, {"_type": "tag", "name": "EventDelegateDispatchJob", "path": "/home/kavia/workspace/code-generation/app-gateway2/Supporting_Files/BaseEventDelegate.h", "pattern": "/^                EventDelegateDispatchJob(BaseEventDelegate* delegate, const string& event, const/", "language": "C++", "kind": "function", "signature": "(BaseEventDelegate * delegate,const string & event,const string & payload)", "scope": "BaseEventDelegate::EventDelegateDispatchJob", "scopeKind": "class"}, {"_type": "tag", "name": "EventDelegateDispatchJob", "path": "/home/kavia/workspace/code-generation/app-gateway2/Supporting_Files/BaseEventDelegate.h", "pattern": "/^        class EXTERNAL EventDelegateDispatchJob : public Core::IDispatch $/", "language": "C++", "kind": "class", "scope": "BaseEventDelegate", "scopeKind": "class"}, {"_type": "tag", "name": "IsNotificationRegistered", "path": "/home/kavia/workspace/code-generation/app-gateway2/Supporting_Files/BaseEventDelegate.h", "pattern": "/^        bool IsNotificationRegistered(const string& event) {$/", "language": "C++", "typeref": "typename:bool", "kind": "function", "signature": "(const string & event)", "scope": "BaseEventDelegate", "scopeKind": "class"}, {"_type": "tag", "name": "RemoveNotification", "path": "/home/kavia/workspace/code-generation/app-gateway2/Supporting_Files/BaseEventDelegate.h", "pattern": "/^        void RemoveNotification(const string& event) {$/", "language": "C++", "typeref": "typename:void", "kind": "function", "signature": "(const string & event)", "scope": "BaseEventDelegate", "scopeKind": "class"}, {"_type": "tag", "name": "__BASEEVENTDELEGATE_H__", "path": "/home/kavia/workspace/code-generation/app-gateway2/Supporting_Files/BaseEventDelegate.h", "pattern": "/^#define __BASEEVENTDELEGATE_H__$/", "language": "C++", "kind": "macro"}, {"_type": "tag", "name": "mAppNotifications", "path": "/home/kavia/workspace/code-generation/app-gateway2/Supporting_Files/BaseEventDelegate.h", "pattern": "/^        Exchange::IAppNotifications* mAppNotifications;$/", "language": "C++", "typeref": "typename:Exchange::IAppNotifications *", "kind": "member", "scope": "BaseEventDelegate", "scopeKind": "class"}, {"_type": "tag", "name": "mDelegate", "path": "/home/kavia/workspace/code-generation/app-gateway2/Supporting_Files/BaseEventDelegate.h", "pattern": "/^                BaseEventDelegate &mDelegate;$/", "language": "C++", "typeref": "typename:BaseEventDelegate &", "kind": "member", "scope": "BaseEventDelegate::EventDelegateDispatchJob", "scopeKind": "class"}, {"_type": "tag", "name": "mEvent", "path": "/home/kavia/workspace/code-generation/app-gateway2/Supporting_Files/BaseEventDelegate.h", "pattern": "/^                string mEvent;$/", "language": "C++", "typeref": "typename:string", "kind": "member", "scope": "BaseEventDelegate::EventDelegateDispatchJob", "scopeKind": "class"}, {"_type": "tag", "name": "mPayload", "path": "/home/kavia/workspace/code-generation/app-gateway2/Supporting_Files/BaseEventDelegate.h", "pattern": "/^                string mPayload;$/", "language": "C++", "typeref": "typename:string", "kind": "member", "scope": "BaseEventDelegate::EventDelegateDispatchJob", "scopeKind": "class"}, {"_type": "tag", "name": "mRegisterMutex", "path": "/home/kavia/workspace/code-generation/app-gateway2/Supporting_Files/BaseEventDelegate.h", "pattern": "/^        std::mutex mRegisterMutex;$/", "language": "C++", "typeref": "typename:std::mutex", "kind": "member", "scope": "BaseEventDelegate", "scopeKind": "class"}, {"_type": "tag", "name": "mRegisteredNotifications", "path": "/home/kavia/workspace/code-generation/app-gateway2/Supporting_Files/BaseEventDelegate.h", "pattern": "/^        std::set<string> mRegisteredNotifications;$/", "language": "C++", "typeref": "typename:std::set<string>", "kind": "member", "scope": "BaseEventDelegate", "scopeKind": "class"}, {"_type": "tag", "name": "~BaseEventDelegate", "path": "/home/kavia/workspace/code-generation/app-gateway2/Supporting_Files/BaseEventDelegate.h", "pattern": "/^        ~BaseEventDelegate() {$/", "language": "C++", "kind": "function", "signature": "()", "scope": "BaseEventDelegate", "scopeKind": "class"}, {"_type": "tag", "name": "~EventDelegateDispatchJob", "path": "/home/kavia/workspace/code-generation/app-gateway2/Supporting_Files/BaseEventDelegate.h", "pattern": "/^                ~EventDelegateDispatchJob()$/", "language": "C++", "kind": "function", "signature": "()", "scope": "BaseEventDelegate::EventDelegateDispatchJob", "scopeKind": "class"}], "hash": "cbcf5bcccdc11c013c6a57ef9212282a", "format-version": 4, "code-base-name": "app-gateway2", "filename": "Supporting_Files/BaseEventDelegate.h", "fields": [{"name": "Exchange::IAppNotifications * mAppNotifications", "scope": "BaseEventDelegate", "scopeKind": "class", "description": "unavailable"}, {"name": "BaseEventDelegate & mDelegate", "scope": "BaseEventDelegate::EventDelegateDispatchJob", "scopeKind": "class", "description": "unavailable"}, {"name": "string mEvent", "scope": "BaseEventDelegate::EventDelegateDispatchJob", "scopeKind": "class", "description": "unavailable"}, {"name": "string mPayload", "scope": "BaseEventDelegate::EventDelegateDispatchJob", "scopeKind": "class", "description": "unavailable"}, {"name": "std::mutex mRegisterMutex", "scope": "BaseEventDelegate", "scopeKind": "class", "description": "unavailable"}, {"name": "std::set<string> mRegisteredNotifications", "scope": "BaseEventDelegate", "scopeKind": "class", "description": "unavailable"}], "revision_history": [{"465": "11687bdf35796aa59ae3a1afecde9935f4bdd400"}]}