{"is_source_file": true, "format": "Rust", "description": "This file defines data structures, traits, and functionality related to behavioral metrics collection, context management, and event representations within a Rust-based application, particularly for telemetry and monitoring purposes. It includes payload definitions, context handling, age policy extraction, and serialization support, complying with OpenRPC specifications for platform interoperability.", "external_files": ["serde::{Deserialize, Serialize}", "async_trait::async_trait", "ripple_sdk::api::firebolt::fb_discovery::AgePolicy", "thunder_ripple_sdk::ripple_sdk::api::firebolt::fb_metrics::{ErrorType, FlatMapValue, Param}", "thunder_ripple_sdk::ripple_sdk::api::{firebolt::fb_metrics::{AppLifecycleState, AppLifecycleStateChange}, gateway::rpc_gateway_api::CallContext}"], "external_methods": ["serde_json::Number", "serde_json::Value", "serde::{Deserialize, Serialize}", "AppLifecycleState::variant", "AppLifecycleStateChange::from", "serde_json::to_value"], "published": ["BehavioralMetricContext", "MetricsContext", "MetricsManager", "AgePolicy", "BehavioralMetricPayload", "IUpdateContext", "AgePolicyAccessor", "BadgerMetrics", "BadgerAppAction", "BadgerError", "BadgerLaunchCompleted", "BadgerDismissLoadingScreen", "BadgerPageView", "BadgerUserAction", "BadgerUserError", "BadgerMetricsService", "LoggingBehavioralMetricsManager", "runtime_age_policy_examples", "SiftAppLifecycleStateChange", "AppDataGovernanceState"], "classes": [{"name": "BehavioralMetricContext", "description": "Contains metadata about the app session and governance state, used in various telemetry payloads."}, {"name": "MetricsContext", "description": "Encompasses platform and device-specific information relevant to metrics collection."}, {"name": "Ready", "description": "Indicates the app or component is ready, with associated behavioral context and timing."}, {"name": "MediaPositionType", "description": "Represents media position indicators, such as percentage progress or absolute position."}, {"name": "SignIn", "description": "Sign-in event payload with associated behavioral context."}, {"name": "SignOut", "description": "Sign-out event payload with associated behavioral context."}, {"name": "StartContent", "description": "Payload for starting media content, including optional entity and age policy."}, {"name": "StopContent", "description": "Payload for stopping media content, optionally including entity and age policy."}, {"name": "Page", "description": "Dashboard or page view payload including context and page id."}, {"name": "Action", "description": "User or app action with category, type, parameters, and optional age policy."}, {"name": "MetricsError", "description": "Represents an error occurring in metrics reporting, with error type, code, description, and optional parameters."}, {"name": "MediaLoadStart", "description": "Payload for media load start event, including entity and age policy."}, {"name": "MediaPlay", "description": "Payload for media play event."}, {"name": "MediaPlaying", "description": "Payload indicating media is in playing state."}, {"name": "MediaPause", "description": "Payload indicating media has been paused."}, {"name": "MediaWaiting", "description": "Payload indicating media is buffering or waiting."}, {"name": "MediaProgress", "description": "Payload indicating progress within media playback, with optional percentage or absolute position."}, {"name": "MediaSeeking", "description": "Payload indicating seeking within media content."}, {"name": "MediaSeeked", "description": "Payload indicating media has completed seeking."}, {"name": "MediaRateChanged", "description": "Payload for media playback rate change."}, {"name": "MediaRenditionChanged", "description": "Payload indicating a change in media rendition parameters such as bitrate, resolution, or profile."}, {"name": "MediaEnded", "description": "Payload indicating media playback has ended."}, {"name": "RawBehaviorMetricRequest", "description": "Raw payload with a generic JSON value, used for custom or experimental metrics."}, {"name": "BehavioralMetricPayload", "description": "Enumeration of all supported payload event types for behavioral metrics, with methods for context management and age policy extraction."}, {"name": "SiftAppLifecycleStateChange", "description": "Represents a change in application lifecycle state."}, {"name": "MetricsContext", "description": "Holds detailed device and platform information for metrics hashing."}, {"name": "AppDataGovernanceState", "description": "Tracks data tags for governance, such as privacy or age restrictions."}, {"name": "BadgerMetrics", "description": "Enumeration for various badger telemetry events, including metrics, actions, errors, page views, etc."}, {"name": "LoggingBehavioralMetricsManager", "description": "Implements metrics reporting via logging function, supporting serialization and runtime context updates."}], "methods": [{"name": "from", "description": "Multiple From trait implementations, e.g., converting CallContext or &str into BehavioralMetricContext."}, {"name": "provide_context", "description": "Asynchronous method to supply metrics context data."}, {"name": "update_context", "description": " Updates the context of a metrics payload."}, {"name": "get_context", "description": "Gets the current context from a metrics payload."}, {"name": "extract_age_policy", "description": "Extracts the age policy from a payload if supported."}, {"name": "set_age_policy", "description": "Sets the age policy on a payload if supported."}, {"name": "supports_age_policy", "description": "Checks if the payload type supports age policy."}, {"name": "has_age_policy", "description": "Checks whether the payload's age policy is set."}, {"name": "get_age_policy", "description": "Returns the current age policy if supported."}, {"name": "update_context", "description": "Updates the context of a metrics payload."}], "calls": ["serde_json::to_value", "serde_json::from_str", "serde_json::to_string", "serde_json::json", "serde_json::Number", "serde_json::Value", "AppLifecycleState::variant", "AppLifecycleStateChange::from"], "search-terms": ["BehavioralMetricPayload", "MediaPositionType", "AgePolicy", "MetricsContext", "firebolt", "SiftAppLifecycleStateChange", "page_view", "error", "media", "start_content", "sign_in", "sign_out", "app-state-change", "badger"], "state": 2, "file_id": 158, "knowledge_revision": 515, "git_revision": "32b0bb639375ee19b69b68f8ce79692a3d49912e", "ctags": [{"_type": "tag", "name": "AbsolutePosition", "path": "/home/kavia/workspace/code-generation/app-gateway2/Supporting_Files/Badger/metrics.rs", "pattern": "/^    AbsolutePosition(i32),$/", "language": "Rust", "kind": "enumerator", "scope": "MediaPositionType", "scopeKind": "enum"}, {"_type": "tag", "name": "Action", "path": "/home/kavia/workspace/code-generation/app-gateway2/Supporting_Files/Badger/metrics.rs", "pattern": "/^    Action(Action),$/", "language": "Rust", "kind": "enumerator", "scope": "BehavioralMetricPayload", "scopeKind": "enum"}, {"_type": "tag", "name": "Action", "path": "/home/kavia/workspace/code-generation/app-gateway2/Supporting_Files/Badger/metrics.rs", "pattern": "/^impl AgePolicyAccessor for Action {$/", "language": "Rust", "kind": "implementation"}, {"_type": "tag", "name": "Action", "path": "/home/kavia/workspace/code-generation/app-gateway2/Supporting_Files/Badger/metrics.rs", "pattern": "/^pub struct Action {$/", "language": "Rust", "kind": "struct"}, {"_type": "tag", "name": "ActionType", "path": "/home/kavia/workspace/code-generation/app-gateway2/Supporting_Files/Badger/metrics.rs", "pattern": "/^pub enum ActionType {$/", "language": "Rust", "kind": "enum"}, {"_type": "tag", "name": "AgePolicyAccessor", "path": "/home/kavia/workspace/code-generation/app-gateway2/Supporting_Files/Badger/metrics.rs", "pattern": "/^pub trait AgePolicyAccessor {$/", "language": "Rust", "kind": "interface"}, {"_type": "tag", "name": "AppAction", "path": "/home/kavia/workspace/code-generation/app-gateway2/Supporting_Files/Badger/metrics.rs", "pattern": "/^    AppAction(BadgerAppAction),$/", "language": "Rust", "kind": "enumerator", "scope": "BadgerMetrics", "scopeKind": "enum"}, {"_type": "tag", "name": "AppDataGovernanceState", "path": "/home/kavia/workspace/code-generation/app-gateway2/Supporting_Files/Badger/metrics.rs", "pattern": "/^impl AppDataGovernanceState {$/", "language": "Rust", "kind": "implementation"}, {"_type": "tag", "name": "AppDataGovernanceState", "path": "/home/kavia/workspace/code-generation/app-gateway2/Supporting_Files/Badger/metrics.rs", "pattern": "/^pub struct AppDataGovernanceState {$/", "language": "Rust", "kind": "struct"}, {"_type": "tag", "name": "AppStateChange", "path": "/home/kavia/workspace/code-generation/app-gateway2/Supporting_Files/Badger/metrics.rs", "pattern": "/^    AppStateChange(SiftAppLifecycleStateChange),$/", "language": "Rust", "kind": "enumerator", "scope": "BehavioralMetricPayload", "scopeKind": "enum"}, {"_type": "tag", "name": "BadgerAppAction", "path": "/home/kavia/workspace/code-generation/app-gateway2/Supporting_Files/Badger/metrics.rs", "pattern": "/^pub struct BadgerAppAction {$/", "language": "Rust", "kind": "struct"}, {"_type": "tag", "name": "BadgerDismissLoadingScreen", "path": "/home/kavia/workspace/code-generation/app-gateway2/Supporting_Files/Badger/metrics.rs", "pattern": "/^pub struct BadgerDismissLoadingScreen {$/", "language": "Rust", "kind": "struct"}, {"_type": "tag", "name": "BadgerError", "path": "/home/kavia/workspace/code-generation/app-gateway2/Supporting_Files/Badger/metrics.rs", "pattern": "/^pub struct BadgerError {$/", "language": "Rust", "kind": "struct"}, {"_type": "tag", "name": "BadgerLaunchCompleted", "path": "/home/kavia/workspace/code-generation/app-gateway2/Supporting_Files/Badger/metrics.rs", "pattern": "/^pub struct BadgerLaunchCompleted {$/", "language": "Rust", "kind": "struct"}, {"_type": "tag", "name": "BadgerMetric", "path": "/home/kavia/workspace/code-generation/app-gateway2/Supporting_Files/Badger/metrics.rs", "pattern": "/^pub struct BadgerMetric {$/", "language": "Rust", "kind": "struct"}, {"_type": "tag", "name": "BadgerMetrics", "path": "/home/kavia/workspace/code-generation/app-gateway2/Supporting_Files/Badger/metrics.rs", "pattern": "/^impl IUpdateContext for BadgerMetrics {$/", "language": "Rust", "kind": "implementation"}, {"_type": "tag", "name": "BadgerMetrics", "path": "/home/kavia/workspace/code-generation/app-gateway2/Supporting_Files/Badger/metrics.rs", "pattern": "/^pub enum BadgerMetrics {$/", "language": "Rust", "kind": "enum"}, {"_type": "tag", "name": "BadgerMetricsService", "path": "/home/kavia/workspace/code-generation/app-gateway2/Supporting_Files/Badger/metrics.rs", "pattern": "/^pub trait BadgerMetricsService {$/", "language": "Rust", "kind": "interface"}, {"_type": "tag", "name": "BadgerPageView", "path": "/home/kavia/workspace/code-generation/app-gateway2/Supporting_Files/Badger/metrics.rs", "pattern": "/^pub struct BadgerPageView {$/", "language": "Rust", "kind": "struct"}, {"_type": "tag", "name": "BadgerUserAction", "path": "/home/kavia/workspace/code-generation/app-gateway2/Supporting_Files/Badger/metrics.rs", "pattern": "/^pub struct BadgerUserAction {$/", "language": "Rust", "kind": "struct"}, {"_type": "tag", "name": "BadgerUserError", "path": "/home/kavia/workspace/code-generation/app-gateway2/Supporting_Files/Badger/metrics.rs", "pattern": "/^pub struct BadgerUserError {$/", "language": "Rust", "kind": "struct"}, {"_type": "tag", "name": "BehavioralMetricContext", "path": "/home/kavia/workspace/code-generation/app-gateway2/Supporting_Files/Badger/metrics.rs", "pattern": "/^impl From<&str> for BehavioralMetricContext {$/", "language": "Rust", "kind": "implementation"}, {"_type": "tag", "name": "BehavioralMetricContext", "path": "/home/kavia/workspace/code-generation/app-gateway2/Supporting_Files/Badger/metrics.rs", "pattern": "/^impl From<CallContext> for BehavioralMetricContext {$/", "language": "Rust", "kind": "implementation"}, {"_type": "tag", "name": "BehavioralMetricContext", "path": "/home/kavia/workspace/code-generation/app-gateway2/Supporting_Files/Badger/metrics.rs", "pattern": "/^pub struct BehavioralMetricContext {$/", "language": "Rust", "kind": "struct"}, {"_type": "tag", "name": "BehavioralMetricPayload", "path": "/home/kavia/workspace/code-generation/app-gateway2/Supporting_Files/Badger/metrics.rs", "pattern": "/^impl BehavioralMetricPayload {$/", "language": "Rust", "kind": "implementation"}, {"_type": "tag", "name": "BehavioralMetricPayload", "path": "/home/kavia/workspace/code-generation/app-gateway2/Supporting_Files/Badger/metrics.rs", "pattern": "/^impl IUpdateContext for BehavioralMetricPayload {$/", "language": "Rust", "kind": "implementation"}, {"_type": "tag", "name": "BehavioralMetricPayload", "path": "/home/kavia/workspace/code-generation/app-gateway2/Supporting_Files/Badger/metrics.rs", "pattern": "/^pub enum BehavioralMetricPayload {$/", "language": "Rust", "kind": "enum"}, {"_type": "tag", "name": "CategoryType", "path": "/home/kavia/workspace/code-generation/app-gateway2/Supporting_Files/Badger/metrics.rs", "pattern": "/^pub enum CategoryType {$/", "language": "Rust", "kind": "enum"}, {"_type": "tag", "name": "DismissLoadingScreen", "path": "/home/kavia/workspace/code-generation/app-gateway2/Supporting_Files/Badger/metrics.rs", "pattern": "/^    DismissLoadingScreen(BadgerDismissLoadingScreen),$/", "language": "Rust", "kind": "enumerator", "scope": "BadgerMetrics", "scopeKind": "enum"}, {"_type": "tag", "name": "Error", "path": "/home/kavia/workspace/code-generation/app-gateway2/Supporting_Files/Badger/metrics.rs", "pattern": "/^    Error(BadgerError),$/", "language": "Rust", "kind": "enumerator", "scope": "BadgerMetrics", "scopeKind": "enum"}, {"_type": "tag", "name": "Error", "path": "/home/kavia/workspace/code-generation/app-gateway2/Supporting_Files/Badger/metrics.rs", "pattern": "/^    Error(MetricsError),$/", "language": "Rust", "kind": "enumerator", "scope": "BehavioralMetricPayload", "scopeKind": "enum"}, {"_type": "tag", "name": "IUpdateContext", "path": "/home/kavia/workspace/code-generation/app-gateway2/Supporting_Files/Badger/metrics.rs", "pattern": "/^pub trait IUpdateContext {$/", "language": "Rust", "kind": "interface"}, {"_type": "tag", "name": "LaunchCompleted", "path": "/home/kavia/workspace/code-generation/app-gateway2/Supporting_Files/Badger/metrics.rs", "pattern": "/^    LaunchCompleted(BadgerLaunchCompleted),$/", "language": "Rust", "kind": "enumerator", "scope": "BadgerMetrics", "scopeKind": "enum"}, {"_type": "tag", "name": "LogFn", "path": "/home/kavia/workspace/code-generation/app-gateway2/Supporting_Files/Badger/metrics.rs", "pattern": "/^type LogFn = fn(&Value) -> ();$/", "language": "Rust", "kind": "typedef"}, {"_type": "tag", "name": "LoggableBadgerMetric", "path": "/home/kavia/workspace/code-generation/app-gateway2/Supporting_Files/Badger/metrics.rs", "pattern": "/^struct LoggableBadgerMetric {$/", "language": "Rust", "kind": "struct"}, {"_type": "tag", "name": "LoggableBehavioralMetric", "path": "/home/kavia/workspace/code-generation/app-gateway2/Supporting_Files/Badger/metrics.rs", "pattern": "/^struct LoggableBehavioralMetric {$/", "language": "Rust", "kind": "struct"}, {"_type": "tag", "name": "LoggingBehavioralMetricsManager", "path": "/home/kavia/workspace/code-generation/app-gateway2/Supporting_Files/Badger/metrics.rs", "pattern": "/^impl LoggingBehavioralMetricsManager {$/", "language": "Rust", "kind": "implementation"}, {"_type": "tag", "name": "LoggingBehavioralMetricsManager", "path": "/home/kavia/workspace/code-generation/app-gateway2/Supporting_Files/Badger/metrics.rs", "pattern": "/^pub struct LoggingBehavioralMetricsManager {$/", "language": "Rust", "kind": "struct"}, {"_type": "tag", "name": "MediaEnded", "path": "/home/kavia/workspace/code-generation/app-gateway2/Supporting_Files/Badger/metrics.rs", "pattern": "/^    MediaEnded(MediaEnded),$/", "language": "Rust", "kind": "enumerator", "scope": "BehavioralMetricPayload", "scopeKind": "enum"}, {"_type": "tag", "name": "MediaEnded", "path": "/home/kavia/workspace/code-generation/app-gateway2/Supporting_Files/Badger/metrics.rs", "pattern": "/^impl AgePolicyAccessor for MediaEnded {$/", "language": "Rust", "kind": "implementation"}, {"_type": "tag", "name": "MediaEnded", "path": "/home/kavia/workspace/code-generation/app-gateway2/Supporting_Files/Badger/metrics.rs", "pattern": "/^pub struct MediaEnded {$/", "language": "Rust", "kind": "struct"}, {"_type": "tag", "name": "MediaLoadStart", "path": "/home/kavia/workspace/code-generation/app-gateway2/Supporting_Files/Badger/metrics.rs", "pattern": "/^    MediaLoadStart(MediaLoadStart),$/", "language": "Rust", "kind": "enumerator", "scope": "BehavioralMetricPayload", "scopeKind": "enum"}, {"_type": "tag", "name": "MediaLoadStart", "path": "/home/kavia/workspace/code-generation/app-gateway2/Supporting_Files/Badger/metrics.rs", "pattern": "/^impl AgePolicyAccessor for MediaLoadStart {$/", "language": "Rust", "kind": "implementation"}, {"_type": "tag", "name": "MediaLoadStart", "path": "/home/kavia/workspace/code-generation/app-gateway2/Supporting_Files/Badger/metrics.rs", "pattern": "/^pub struct MediaLoadStart {$/", "language": "Rust", "kind": "struct"}, {"_type": "tag", "name": "MediaPause", "path": "/home/kavia/workspace/code-generation/app-gateway2/Supporting_Files/Badger/metrics.rs", "pattern": "/^    MediaPause(MediaPause),$/", "language": "Rust", "kind": "enumerator", "scope": "BehavioralMetricPayload", "scopeKind": "enum"}, {"_type": "tag", "name": "MediaPause", "path": "/home/kavia/workspace/code-generation/app-gateway2/Supporting_Files/Badger/metrics.rs", "pattern": "/^impl AgePolicyAccessor for MediaPause {$/", "language": "Rust", "kind": "implementation"}, {"_type": "tag", "name": "MediaPause", "path": "/home/kavia/workspace/code-generation/app-gateway2/Supporting_Files/Badger/metrics.rs", "pattern": "/^pub struct MediaPause {$/", "language": "Rust", "kind": "struct"}, {"_type": "tag", "name": "MediaPlay", "path": "/home/kavia/workspace/code-generation/app-gateway2/Supporting_Files/Badger/metrics.rs", "pattern": "/^    MediaPlay(MediaPlay),$/", "language": "Rust", "kind": "enumerator", "scope": "BehavioralMetricPayload", "scopeKind": "enum"}, {"_type": "tag", "name": "MediaPlay", "path": "/home/kavia/workspace/code-generation/app-gateway2/Supporting_Files/Badger/metrics.rs", "pattern": "/^impl AgePolicyAccessor for MediaPlay {$/", "language": "Rust", "kind": "implementation"}, {"_type": "tag", "name": "MediaPlay", "path": "/home/kavia/workspace/code-generation/app-gateway2/Supporting_Files/Badger/metrics.rs", "pattern": "/^pub struct MediaPlay {$/", "language": "Rust", "kind": "struct"}, {"_type": "tag", "name": "MediaPlaying", "path": "/home/kavia/workspace/code-generation/app-gateway2/Supporting_Files/Badger/metrics.rs", "pattern": "/^    MediaPlaying(MediaPlaying),$/", "language": "Rust", "kind": "enumerator", "scope": "BehavioralMetricPayload", "scopeKind": "enum"}, {"_type": "tag", "name": "MediaPlaying", "path": "/home/kavia/workspace/code-generation/app-gateway2/Supporting_Files/Badger/metrics.rs", "pattern": "/^impl AgePolicyAccessor for MediaPlaying {$/", "language": "Rust", "kind": "implementation"}, {"_type": "tag", "name": "MediaPlaying", "path": "/home/kavia/workspace/code-generation/app-gateway2/Supporting_Files/Badger/metrics.rs", "pattern": "/^pub struct MediaPlaying {$/", "language": "Rust", "kind": "struct"}, {"_type": "tag", "name": "MediaPositionType", "path": "/home/kavia/workspace/code-generation/app-gateway2/Supporting_Files/Badger/metrics.rs", "pattern": "/^impl MediaPositionType {$/", "language": "Rust", "kind": "implementation"}, {"_type": "tag", "name": "MediaPositionType", "path": "/home/kavia/workspace/code-generation/app-gateway2/Supporting_Files/Badger/metrics.rs", "pattern": "/^pub enum MediaPositionType {$/", "language": "Rust", "kind": "enum"}, {"_type": "tag", "name": "MediaProgress", "path": "/home/kavia/workspace/code-generation/app-gateway2/Supporting_Files/Badger/metrics.rs", "pattern": "/^    MediaProgress(MediaProgress),$/", "language": "Rust", "kind": "enumerator", "scope": "BehavioralMetricPayload", "scopeKind": "enum"}, {"_type": "tag", "name": "MediaProgress", "path": "/home/kavia/workspace/code-generation/app-gateway2/Supporting_Files/Badger/metrics.rs", "pattern": "/^impl AgePolicyAccessor for MediaProgress {$/", "language": "Rust", "kind": "implementation"}, {"_type": "tag", "name": "MediaProgress", "path": "/home/kavia/workspace/code-generation/app-gateway2/Supporting_Files/Badger/metrics.rs", "pattern": "/^pub struct MediaProgress {$/", "language": "Rust", "kind": "struct"}, {"_type": "tag", "name": "MediaRateChanged", "path": "/home/kavia/workspace/code-generation/app-gateway2/Supporting_Files/Badger/metrics.rs", "pattern": "/^    MediaRateChanged(MediaRateChanged),$/", "language": "Rust", "kind": "enumerator", "scope": "BehavioralMetricPayload", "scopeKind": "enum"}, {"_type": "tag", "name": "MediaRateChanged", "path": "/home/kavia/workspace/code-generation/app-gateway2/Supporting_Files/Badger/metrics.rs", "pattern": "/^impl AgePolicyAccessor for MediaRateChanged {$/", "language": "Rust", "kind": "implementation"}, {"_type": "tag", "name": "MediaRateChanged", "path": "/home/kavia/workspace/code-generation/app-gateway2/Supporting_Files/Badger/metrics.rs", "pattern": "/^pub struct MediaRateChanged {$/", "language": "Rust", "kind": "struct"}, {"_type": "tag", "name": "MediaRenditionChanged", "path": "/home/kavia/workspace/code-generation/app-gateway2/Supporting_Files/Badger/metrics.rs", "pattern": "/^    MediaRenditionChanged(MediaRenditionChanged),$/", "language": "Rust", "kind": "enumerator", "scope": "BehavioralMetricPayload", "scopeKind": "enum"}, {"_type": "tag", "name": "MediaRenditionChanged", "path": "/home/kavia/workspace/code-generation/app-gateway2/Supporting_Files/Badger/metrics.rs", "pattern": "/^impl AgePolicyAccessor for MediaRenditionChanged {$/", "language": "Rust", "kind": "implementation"}, {"_type": "tag", "name": "MediaRenditionChanged", "path": "/home/kavia/workspace/code-generation/app-gateway2/Supporting_Files/Badger/metrics.rs", "pattern": "/^pub struct MediaRenditionChanged {$/", "language": "Rust", "kind": "struct"}, {"_type": "tag", "name": "MediaSeeked", "path": "/home/kavia/workspace/code-generation/app-gateway2/Supporting_Files/Badger/metrics.rs", "pattern": "/^    MediaSeeked(MediaSeeked),$/", "language": "Rust", "kind": "enumerator", "scope": "BehavioralMetricPayload", "scopeKind": "enum"}, {"_type": "tag", "name": "MediaSeeked", "path": "/home/kavia/workspace/code-generation/app-gateway2/Supporting_Files/Badger/metrics.rs", "pattern": "/^impl AgePolicyAccessor for MediaSeeked {$/", "language": "Rust", "kind": "implementation"}, {"_type": "tag", "name": "MediaSeeked", "path": "/home/kavia/workspace/code-generation/app-gateway2/Supporting_Files/Badger/metrics.rs", "pattern": "/^pub struct MediaSeeked {$/", "language": "Rust", "kind": "struct"}, {"_type": "tag", "name": "MediaSeeking", "path": "/home/kavia/workspace/code-generation/app-gateway2/Supporting_Files/Badger/metrics.rs", "pattern": "/^    MediaSeeking(MediaSeeking),$/", "language": "Rust", "kind": "enumerator", "scope": "BehavioralMetricPayload", "scopeKind": "enum"}, {"_type": "tag", "name": "MediaSeeking", "path": "/home/kavia/workspace/code-generation/app-gateway2/Supporting_Files/Badger/metrics.rs", "pattern": "/^impl AgePolicyAccessor for MediaSeeking {$/", "language": "Rust", "kind": "implementation"}, {"_type": "tag", "name": "MediaSeeking", "path": "/home/kavia/workspace/code-generation/app-gateway2/Supporting_Files/Badger/metrics.rs", "pattern": "/^pub struct MediaSeeking {$/", "language": "Rust", "kind": "struct"}, {"_type": "tag", "name": "MediaWaiting", "path": "/home/kavia/workspace/code-generation/app-gateway2/Supporting_Files/Badger/metrics.rs", "pattern": "/^    MediaWaiting(MediaWaiting),$/", "language": "Rust", "kind": "enumerator", "scope": "BehavioralMetricPayload", "scopeKind": "enum"}, {"_type": "tag", "name": "MediaWaiting", "path": "/home/kavia/workspace/code-generation/app-gateway2/Supporting_Files/Badger/metrics.rs", "pattern": "/^impl AgePolicyAccessor for MediaWaiting {$/", "language": "Rust", "kind": "implementation"}, {"_type": "tag", "name": "MediaWaiting", "path": "/home/kavia/workspace/code-generation/app-gateway2/Supporting_Files/Badger/metrics.rs", "pattern": "/^pub struct MediaWaiting {$/", "language": "Rust", "kind": "struct"}, {"_type": "tag", "name": "Metric", "path": "/home/kavia/workspace/code-generation/app-gateway2/Supporting_Files/Badger/metrics.rs", "pattern": "/^    Metric(BadgerMetric),$/", "language": "Rust", "kind": "enumerator", "scope": "BadgerMetrics", "scopeKind": "enum"}, {"_type": "tag", "name": "MetricsContext", "path": "/home/kavia/workspace/code-generation/app-gateway2/Supporting_Files/Badger/metrics.rs", "pattern": "/^impl MetricsContext {$/", "language": "Rust", "kind": "implementation"}, {"_type": "tag", "name": "MetricsContext", "path": "/home/kavia/workspace/code-generation/app-gateway2/Supporting_Files/Badger/metrics.rs", "pattern": "/^pub struct MetricsContext {$/", "language": "Rust", "kind": "struct"}, {"_type": "tag", "name": "MetricsContextField", "path": "/home/kavia/workspace/code-generation/app-gateway2/Supporting_Files/Badger/metrics.rs", "pattern": "/^pub enum MetricsContextField {$/", "language": "Rust", "kind": "enum"}, {"_type": "tag", "name": "MetricsContextProvider", "path": "/home/kavia/workspace/code-generation/app-gateway2/Supporting_Files/Badger/metrics.rs", "pattern": "/^pub trait MetricsContextProvider: core::fmt::Debug {$/", "language": "Rust", "kind": "interface"}, {"_type": "tag", "name": "MetricsError", "path": "/home/kavia/workspace/code-generation/app-gateway2/Supporting_Files/Badger/metrics.rs", "pattern": "/^pub struct MetricsError {$/", "language": "Rust", "kind": "struct"}, {"_type": "tag", "name": "MetricsManager", "path": "/home/kavia/workspace/code-generation/app-gateway2/Supporting_Files/Badger/metrics.rs", "pattern": "/^pub trait MetricsManager: Send + Sync {$/", "language": "Rust", "kind": "interface"}, {"_type": "tag", "name": "None", "path": "/home/kavia/workspace/code-generation/app-gateway2/Supporting_Files/Badger/metrics.rs", "pattern": "/^    None,$/", "language": "Rust", "kind": "enumerator", "scope": "MediaPositionType", "scopeKind": "enum"}, {"_type": "tag", "name": "Option", "path": "/home/kavia/workspace/code-generation/app-gateway2/Supporting_Files/Badger/metrics.rs", "pattern": "/^impl From<&MediaProgress> for Option<i32> {$/", "language": "Rust", "kind": "implementation"}, {"_type": "tag", "name": "Option", "path": "/home/kavia/workspace/code-generation/app-gateway2/Supporting_Files/Badger/metrics.rs", "pattern": "/^impl From<&MediaSeeked> for Option<f32> {$/", "language": "Rust", "kind": "implementation"}, {"_type": "tag", "name": "Option", "path": "/home/kavia/workspace/code-generation/app-gateway2/Supporting_Files/Badger/metrics.rs", "pattern": "/^impl From<&MediaSeeked> for Option<i32> {$/", "language": "Rust", "kind": "implementation"}, {"_type": "tag", "name": "Option", "path": "/home/kavia/workspace/code-generation/app-gateway2/Supporting_Files/Badger/metrics.rs", "pattern": "/^impl From<&MediaSeeking> for Option<f32> {$/", "language": "Rust", "kind": "implementation"}, {"_type": "tag", "name": "Option", "path": "/home/kavia/workspace/code-generation/app-gateway2/Supporting_Files/Badger/metrics.rs", "pattern": "/^impl From<&MediaSeeking> for Option<i32> {$/", "language": "Rust", "kind": "implementation"}, {"_type": "tag", "name": "Page", "path": "/home/kavia/workspace/code-generation/app-gateway2/Supporting_Files/Badger/metrics.rs", "pattern": "/^    Page(Page),$/", "language": "Rust", "kind": "enumerator", "scope": "BehavioralMetricPayload", "scopeKind": "enum"}, {"_type": "tag", "name": "Page", "path": "/home/kavia/workspace/code-generation/app-gateway2/Supporting_Files/Badger/metrics.rs", "pattern": "/^impl AgePolicyAccessor for Page {$/", "language": "Rust", "kind": "implementation"}, {"_type": "tag", "name": "Page", "path": "/home/kavia/workspace/code-generation/app-gateway2/Supporting_Files/Badger/metrics.rs", "pattern": "/^pub struct Page {$/", "language": "Rust", "kind": "struct"}, {"_type": "tag", "name": "PageView", "path": "/home/kavia/workspace/code-generation/app-gateway2/Supporting_Files/Badger/metrics.rs", "pattern": "/^    PageView(BadgerPageView),$/", "language": "Rust", "kind": "enumerator", "scope": "BadgerMetrics", "scopeKind": "enum"}, {"_type": "tag", "name": "PercentageProgress", "path": "/home/kavia/workspace/code-generation/app-gateway2/Supporting_Files/Badger/metrics.rs", "pattern": "/^    PercentageProgress(f32),$/", "language": "Rust", "kind": "enumerator", "scope": "MediaPositionType", "scopeKind": "enum"}, {"_type": "tag", "name": "Raw", "path": "/home/kavia/workspace/code-generation/app-gateway2/Supporting_Files/Badger/metrics.rs", "pattern": "/^    Raw(RawBehaviorMetricRequest),$/", "language": "Rust", "kind": "enumerator", "scope": "BehavioralMetricPayload", "scopeKind": "enum"}, {"_type": "tag", "name": "RawBehaviorMetricRequest", "path": "/home/kavia/workspace/code-generation/app-gateway2/Supporting_Files/Badger/metrics.rs", "pattern": "/^pub struct RawBehaviorMetricRequest {$/", "language": "Rust", "kind": "struct"}, {"_type": "tag", "name": "Ready", "path": "/home/kavia/workspace/code-generation/app-gateway2/Supporting_Files/Badger/metrics.rs", "pattern": "/^    Ready(Ready),$/", "language": "Rust", "kind": "enumerator", "scope": "BehavioralMetricPayload", "scopeKind": "enum"}, {"_type": "tag", "name": "Ready", "path": "/home/kavia/workspace/code-generation/app-gateway2/Supporting_Files/Badger/metrics.rs", "pattern": "/^pub struct Ready {$/", "language": "Rust", "kind": "struct"}, {"_type": "tag", "name": "SiftAppLifecycleStateChange", "path": "/home/kavia/workspace/code-generation/app-gateway2/Supporting_Files/Badger/metrics.rs", "pattern": "/^impl From<AppLifecycleStateChange> for SiftAppLifecycleStateChange {$/", "language": "Rust", "kind": "implementation"}, {"_type": "tag", "name": "SiftAppLifecycleStateChange", "path": "/home/kavia/workspace/code-generation/app-gateway2/Supporting_Files/Badger/metrics.rs", "pattern": "/^pub struct SiftAppLifecycleStateChange {$/", "language": "Rust", "kind": "struct"}, {"_type": "tag", "name": "SignIn", "path": "/home/kavia/workspace/code-generation/app-gateway2/Supporting_Files/Badger/metrics.rs", "pattern": "/^    SignIn(SignIn),$/", "language": "Rust", "kind": "enumerator", "scope": "BehavioralMetricPayload", "scopeKind": "enum"}, {"_type": "tag", "name": "SignIn", "path": "/home/kavia/workspace/code-generation/app-gateway2/Supporting_Files/Badger/metrics.rs", "pattern": "/^pub struct SignIn {$/", "language": "Rust", "kind": "struct"}, {"_type": "tag", "name": "SignOut", "path": "/home/kavia/workspace/code-generation/app-gateway2/Supporting_Files/Badger/metrics.rs", "pattern": "/^    SignOut(SignOut),$/", "language": "Rust", "kind": "enumerator", "scope": "BehavioralMetricPayload", "scopeKind": "enum"}, {"_type": "tag", "name": "SignOut", "path": "/home/kavia/workspace/code-generation/app-gateway2/Supporting_Files/Badger/metrics.rs", "pattern": "/^pub struct SignOut {$/", "language": "Rust", "kind": "struct"}, {"_type": "tag", "name": "StartContent", "path": "/home/kavia/workspace/code-generation/app-gateway2/Supporting_Files/Badger/metrics.rs", "pattern": "/^    StartContent(StartContent),$/", "language": "Rust", "kind": "enumerator", "scope": "BehavioralMetricPayload", "scopeKind": "enum"}, {"_type": "tag", "name": "StartContent", "path": "/home/kavia/workspace/code-generation/app-gateway2/Supporting_Files/Badger/metrics.rs", "pattern": "/^impl AgePolicyAccessor for StartContent {$/", "language": "Rust", "kind": "implementation"}, {"_type": "tag", "name": "StartContent", "path": "/home/kavia/workspace/code-generation/app-gateway2/Supporting_Files/Badger/metrics.rs", "pattern": "/^pub struct StartContent {$/", "language": "Rust", "kind": "struct"}, {"_type": "tag", "name": "StopContent", "path": "/home/kavia/workspace/code-generation/app-gateway2/Supporting_Files/Badger/metrics.rs", "pattern": "/^    StopContent(StopContent),$/", "language": "Rust", "kind": "enumerator", "scope": "BehavioralMetricPayload", "scopeKind": "enum"}, {"_type": "tag", "name": "StopContent", "path": "/home/kavia/workspace/code-generation/app-gateway2/Supporting_Files/Badger/metrics.rs", "pattern": "/^impl AgePolicyAccessor for StopContent {$/", "language": "Rust", "kind": "implementation"}, {"_type": "tag", "name": "StopContent", "path": "/home/kavia/workspace/code-generation/app-gateway2/Supporting_Files/Badger/metrics.rs", "pattern": "/^pub struct StopContent {$/", "language": "Rust", "kind": "struct"}, {"_type": "tag", "name": "UserAction", "path": "/home/kavia/workspace/code-generation/app-gateway2/Supporting_Files/Badger/metrics.rs", "pattern": "/^    UserAction(BadgerUserAction),$/", "language": "Rust", "kind": "enumerator", "scope": "BadgerMetrics", "scopeKind": "enum"}, {"_type": "tag", "name": "UserError", "path": "/home/kavia/workspace/code-generation/app-gateway2/Supporting_Files/Badger/metrics.rs", "pattern": "/^    UserError(BadgerUserError),$/", "language": "Rust", "kind": "enumerator", "scope": "BadgerMetrics", "scopeKind": "enum"}, {"_type": "tag", "name": "_type", "path": "/home/kavia/workspace/code-generation/app-gateway2/Supporting_Files/Badger/metrics.rs", "pattern": "/^    pub _type: String,$/", "language": "Rust", "kind": "field", "scope": "Action", "scopeKind": "struct"}, {"_type": "tag", "name": "account_detail_type", "path": "/home/kavia/workspace/code-generation/app-gateway2/Supporting_Files/Badger/metrics.rs", "pattern": "/^    account_detail_type,$/", "language": "Rust", "kind": "enumerator", "scope": "MetricsContextField", "scopeKind": "enum"}, {"_type": "tag", "name": "account_detail_type", "path": "/home/kavia/workspace/code-generation/app-gateway2/Supporting_Files/Badger/metrics.rs", "pattern": "/^    pub account_detail_type: Option<String>,$/", "language": "Rust", "kind": "field", "scope": "MetricsContext", "scopeKind": "struct"}, {"_type": "tag", "name": "account_id", "path": "/home/kavia/workspace/code-generation/app-gateway2/Supporting_Files/Badger/metrics.rs", "pattern": "/^    account_id,$/", "language": "Rust", "kind": "enumerator", "scope": "MetricsContextField", "scopeKind": "enum"}, {"_type": "tag", "name": "account_id", "path": "/home/kavia/workspace/code-generation/app-gateway2/Supporting_Files/Badger/metrics.rs", "pattern": "/^    pub account_id: Option<String>,$/", "language": "Rust", "kind": "field", "scope": "MetricsContext", "scopeKind": "struct"}, {"_type": "tag", "name": "account_type", "path": "/home/kavia/workspace/code-generation/app-gateway2/Supporting_Files/Badger/metrics.rs", "pattern": "/^    account_type,$/", "language": "Rust", "kind": "enumerator", "scope": "MetricsContextField", "scopeKind": "enum"}, {"_type": "tag", "name": "account_type", "path": "/home/kavia/workspace/code-generation/app-gateway2/Supporting_Files/Badger/metrics.rs", "pattern": "/^    pub account_type: Option<String>,$/", "language": "Rust", "kind": "field", "scope": "MetricsContext", "scopeKind": "struct"}, {"_type": "tag", "name": "action", "path": "/home/kavia/workspace/code-generation/app-gateway2/Supporting_Files/Badger/metrics.rs", "pattern": "/^    pub action: String,$/", "language": "Rust", "kind": "field", "scope": "BadgerAppAction", "scopeKind": "struct"}, {"_type": "tag", "name": "activated", "path": "/home/kavia/workspace/code-generation/app-gateway2/Supporting_Files/Badger/metrics.rs", "pattern": "/^    activated,$/", "language": "Rust", "kind": "enumerator", "scope": "MetricsContextField", "scopeKind": "enum"}, {"_type": "tag", "name": "activated", "path": "/home/kavia/workspace/code-generation/app-gateway2/Supporting_Files/Badger/metrics.rs", "pattern": "/^    pub activated: Option<bool>,$/", "language": "Rust", "kind": "field", "scope": "MetricsContext", "scopeKind": "struct"}, {"_type": "tag", "name": "age_policy", "path": "/home/kavia/workspace/code-generation/app-gateway2/Supporting_Files/Badger/metrics.rs", "pattern": "/^    age_policy,$/", "language": "Rust", "kind": "enumerator", "scope": "MetricsContextField", "scopeKind": "enum"}], "hash": "e47979d801c867b330aa18ac4fe7bf80", "format-version": 4, "code-base-name": "app-gateway2", "filename": "Supporting_Files/Badger/metrics.rs", "fields": [{"name": "pub trait AgePolicyAccessor {", "scope": "", "scopeKind": "", "description": "unavailable"}, {"name": "pub trait BadgerMetricsService {", "scope": "", "scopeKind": "", "description": "unavailable"}, {"name": "pub trait IUpdateContext {", "scope": "", "scopeKind": "", "description": "unavailable"}, {"name": "pub trait MetricsContextProvider: core::fmt::Debug {", "scope": "", "scopeKind": "", "description": "unavailable"}, {"name": "pub trait MetricsManager: Send + Sync {", "scope": "", "scopeKind": "", "description": "unavailable"}, {"name": "pub _type: String,", "scope": "Action", "scopeKind": "struct", "description": "unavailable"}, {"name": "pub account_detail_type: Option<String>,", "scope": "MetricsContext", "scopeKind": "struct", "description": "unavailable"}, {"name": "pub account_id: Option<String>,", "scope": "MetricsContext", "scopeKind": "struct", "description": "unavailable"}, {"name": "pub account_type: Option<String>,", "scope": "MetricsContext", "scopeKind": "struct", "description": "unavailable"}, {"name": "pub action: String,", "scope": "BadgerAppAction", "scopeKind": "struct", "description": "unavailable"}, {"name": "pub activated: Option<bool>,", "scope": "MetricsContext", "scopeKind": "struct", "description": "unavailable"}], "revision_history": [{"515": "32b0bb639375ee19b69b68f8ce79692a3d49912e"}]}