{"is_source_file": true, "format": "C++ header file", "description": "This file defines the interface and class declarations for the RDKShell component, including constants, method prototypes, event handling, and internal classes such as event listeners and capture mechanisms. It serves as a key header for a complex plugin managing application shell, events, and system interactions within a larger framework.", "external_files": ["Module.h", "<rdkshell/rdkshellevents.h>", "<rdkshell/rdkshell.h>", "<rdkshell/linuxkeys.h>", "<interfaces/ICapture.h>", "tptimer.h", "RialtoConnector.h"], "external_methods": ["JsonObject", "PluginHost::IPlugin", "PluginHost::JSONRPC", "PluginHost::IShell", "Exchange::ICapture", "WPEFramework::Core::JSON::IElement", "WPEFramework::JSONRPC::LinkType"], "published": ["RDKShell", "RDKShellApiRequest", "RDKSHELL_EVENT_ON_USER_INACTIVITY", "RDKSHELL_EVENT_ON_APP_LAUNCHED", "RDKSHELL_EVENT_ON_APP_CONNECTED", "RDKSHELL_EVENT_ON_APP_DISCONNECTED", "RDKSHELL_EVENT_ON_APP_TERMINATED", "RDKSHELL_EVENT_ON_APP_FIRST_FRAME", "RDKSHELL_EVENT_ON_APP_SUSPENDED", "RDKSHELL_EVENT_ON_APP_RESUMED", "RDKSHELL_EVENT_ON_APP_ACTIVATED", "RDKSHELL_EVENT_ON_APP_FOCUSCHANGED", "RDKSHELL_EVENT_ON_LAUNCHED", "RDKSHELL_EVENT_ON_SUSPENDED", "RDKSHELL_EVENT_ON_DESTROYED", "RDKSHELL_EVENT_ON_PLUGIN_SUSPENDED", "RDKSHELL_EVENT_DEVICE_LOW_RAM_WARNING", "RDKSHELL_EVENT_DEVICE_CRITICALLY_LOW_RAM_WARNING", "RDKSHELL_EVENT_DEVICE_LOW_RAM_WARNING_CLEARED", "RDKSHELL_EVENT_DEVICE_CRITICALLY_LOW_RAM_WARNING_CLEARED", "RDKSHELL_EVENT_ON_EASTER_EGG", "RDKSHELL_EVENT_ON_WILL_DESTROY", "RDKSHELL_EVENT_ON_SCREENSHOT_COMPLETE", "RDKSHELL_EVENT_ON_HIBERNATED", "RDKSHELL_EVENT_ON_RESTORED"], "classes": [{"name": "RDKShell", "description": "Main class representing the RDKShell plugin, managing application lifecycle, event handling, system interactions, and communication with other components."}, {"name": "RdkShellListener", "description": "Internal listener class for handling RDKShell events such as application lifecycle events, system warnings, and input events."}, {"name": "MonitorClients", "description": "Internal class monitoring connected client applications, handling state changes and notifications within the plugin lifecycle."}, {"name": "ScreenCapture", "description": "Class implementing the ICapture interface to handle screen capture functionalities."}, {"name": "HibernateExecutor", "description": "Conditional class managing hibernate operations, scheduling, and thread management for system sleep modes."}, {"name": "PluginData", "description": "Simple class encapsulating plugin-related data, such as the class name."}, {"name": "PluginStateChangeData", "description": "Class handling plugin state change events, managing connection state and notifications."}], "methods": [{"name": "notify", "description": "Method to send event notifications with specific event name and parameters."}, {"name": "pluginEventHandler", "description": "Handles plugin-related events, possibly incoming messages or status updates."}, {"name": "launchRequestThread", "description": "Starts a thread to handle launch requests asynchronously."}, {"name": "ScreenCapture INTERFACE_ENTRY(Exchange::ICapture)", "scope": "WPEFramework::Plugin::RDKShell::ScreenCapture", "scopeKind": "class", "description": "unavailable"}, {"name": "MonitorClients(RDKShell * shell)", "scope": "WPEFramework::Plugin::RDKShell::MonitorClients", "scopeKind": "class", "description": "unavailable"}, {"name": "const TCHAR * Name() const", "scope": "WPEFramework::Plugin::RDKShell::ScreenCapture", "scopeKind": "class", "description": "unavailable"}], "calls": ["loadStartupConfig", "invokeStartupThunderApis", "onLaunched", "onSuspended", "onDestroyed", "systemMemory", "pluginMemoryUsage", "showWatermark", "showFullScreenImage", "killAllApps", "checkForBootupFactoryAppLaunch", "enableKeyRepeats", "getKeyRepeatsEnabled", "setTopmost", "getVirtualResolution", "setVirtualResolution", "enableVirtualDisplay", "getVirtualDisplayEnabled", "loadStartupConfig", "invokeStartupThunderApis", "subscribeForSystemEvent", "onTimer", "addFactoryModeEasterEggs", "removeFactoryModeEasterEggs", "enableLogsFlushing", "getLogsFlushingEnabled", "showCursor", "hideCursor", "setCursorSize", "getCursorSize", "setAVBlocked", "getBlockedAVApplications", "enableInputEvents"], "search-terms": ["RDKShell", "Application management", "System event handling", "Screen capture", "Hibernate control", "Event listener", "Client monitoring", "Key intercept", "Virtual resolution", "Watermark", "Splash logo", "Easter eggs", "Logs flushing", "Cursor control", "AV blocking", "Input events"], "state": 2, "file_id": 273, "knowledge_revision": 890, "git_revision": "ef86df2c8df3fef6f567643b583ee28870c1ba4c", "ctags": [{"_type": "tag", "name": "HibernateExecutor", "path": "/home/kavia/workspace/code-generation/app-gateway2/Supporting_Files/RDKShell/RDKShell.h", "pattern": "/^            class HibernateExecutor {$/", "language": "C++", "kind": "class", "scope": "WPEFramework::Plugin::RDKShell", "scopeKind": "class"}, {"_type": "tag", "name": "INTERFACE_ENTRY", "path": "/home/kavia/workspace/code-generation/app-gateway2/Supporting_Files/RDKShell/RDKShell.h", "pattern": "/^                INTERFACE_ENTRY(Exchange::ICapture)$/", "language": "C++", "typeref": "typename:ScreenCapture", "kind": "function", "signature": "(Exchange::ICapture)", "scope": "WPEFramework::Plugin::RDKShell::ScreenCapture", "scopeKind": "class"}, {"_type": "tag", "name": "MonitorClients", "path": "/home/kavia/workspace/code-generation/app-gateway2/Supporting_Files/RDKShell/RDKShell.h", "pattern": "/^                  MonitorClients(RDKShell* shell)$/", "language": "C++", "kind": "function", "signature": "(RDKShell * shell)", "scope": "WPEFramework::Plugin::RDKShell::MonitorClients", "scopeKind": "class"}, {"_type": "tag", "name": "MonitorClients", "path": "/home/kavia/workspace/code-generation/app-gateway2/Supporting_Files/RDKShell/RDKShell.h", "pattern": "/^            class MonitorClients : public PluginHost::IPlugin::INotification$/", "language": "C++", "kind": "class", "scope": "WPEFramework::Plugin::RDKShell", "scopeKind": "class"}, {"_type": "tag", "name": "Name", "path": "/home/kavia/workspace/code-generation/app-gateway2/Supporting_Files/RDKShell/RDKShell.h", "pattern": "/^                virtual const TCHAR* Name() const override { return \"ScreenCapture\"; }$/", "language": "C++", "typeref": "typename:const TCHAR *", "kind": "function", "signature": "() const", "scope": "WPEFramework::Plugin::RDKShell::ScreenCapture", "scopeKind": "class"}, {"_type": "tag", "name": "Params", "path": "/home/kavia/workspace/code-generation/app-gateway2/Supporting_Files/RDKShell/RDKShell.h", "pattern": "/^                struct Params {$/", "language": "C++", "kind": "struct", "scope": "WPEFramework::Plugin::RDKShell::HibernateExecutor", "scopeKind": "class"}, {"_type": "tag", "name": "Plugin", "path": "/home/kavia/workspace/code-generation/app-gateway2/Supporting_Files/RDKShell/RDKShell.h", "pattern": "/^    namespace Plugin {$/", "language": "C++", "kind": "namespace", "scope": "WPEFramework", "scopeKind": "namespace"}, {"_type": "tag", "name": "PluginData", "path": "/home/kavia/workspace/code-generation/app-gateway2/Supporting_Files/RDKShell/RDKShell.h", "pattern": "/^        struct PluginData$/", "language": "C++", "kind": "struct", "scope": "WPEFramework::Plugin", "scopeKind": "namespace"}, {"_type": "tag", "name": "PluginStateChangeData", "path": "/home/kavia/workspace/code-generation/app-gateway2/Supporting_Files/RDKShell/RDKShell.h", "pattern": "/^        class PluginStateChangeData$/", "language": "C++", "kind": "class", "scope": "WPEFramework::Plugin", "scopeKind": "namespace"}, {"_type": "tag", "name": "RDKSHELL_EVENT_DEVICE_CRITICALLY_LOW_RAM_WARNING", "path": "/home/kavia/workspace/code-generation/app-gateway2/Supporting_Files/RDKShell/RDKShell.h", "pattern": "/^            static const string RDKSHELL_EVENT_DEVICE_CRITICALLY_LOW_RAM_WARNING;$/", "language": "C++", "typeref": "typename:const string", "kind": "member", "scope": "WPEFramework::Plugin::RDKShell", "scopeKind": "class"}, {"_type": "tag", "name": "RDKSHELL_EVENT_DEVICE_CRITICALLY_LOW_RAM_WARNING_CLEARED", "path": "/home/kavia/workspace/code-generation/app-gateway2/Supporting_Files/RDKShell/RDKShell.h", "pattern": "/^            static const string RDKSHELL_EVENT_DEVICE_CRITICALLY_LOW_RAM_WARNING_CLEARED;$/", "language": "C++", "typeref": "typename:const string", "kind": "member", "scope": "WPEFramework::Plugin::RDKShell", "scopeKind": "class"}, {"_type": "tag", "name": "RDKSHELL_EVENT_DEVICE_LOW_RAM_WARNING", "path": "/home/kavia/workspace/code-generation/app-gateway2/Supporting_Files/RDKShell/RDKShell.h", "pattern": "/^            static const string RDKSHELL_EVENT_DEVICE_LOW_RAM_WARNING;$/", "language": "C++", "typeref": "typename:const string", "kind": "member", "scope": "WPEFramework::Plugin::RDKShell", "scopeKind": "class"}, {"_type": "tag", "name": "RDKSHELL_EVENT_DEVICE_LOW_RAM_WARNING_CLEARED", "path": "/home/kavia/workspace/code-generation/app-gateway2/Supporting_Files/RDKShell/RDKShell.h", "pattern": "/^            static const string RDKSHELL_EVENT_DEVICE_LOW_RAM_WARNING_CLEARED;$/", "language": "C++", "typeref": "typename:const string", "kind": "member", "scope": "WPEFramework::Plugin::RDKShell", "scopeKind": "class"}, {"_type": "tag", "name": "RDKSHELL_EVENT_ON_APP_ACTIVATED", "path": "/home/kavia/workspace/code-generation/app-gateway2/Supporting_Files/RDKShell/RDKShell.h", "pattern": "/^            static const string RDKSHELL_EVENT_ON_APP_ACTIVATED;$/", "language": "C++", "typeref": "typename:const string", "kind": "member", "scope": "WPEFramework::Plugin::RDKShell", "scopeKind": "class"}, {"_type": "tag", "name": "RDKSHELL_EVENT_ON_APP_CONNECTED", "path": "/home/kavia/workspace/code-generation/app-gateway2/Supporting_Files/RDKShell/RDKShell.h", "pattern": "/^            static const string RDKSHELL_EVENT_ON_APP_CONNECTED;$/", "language": "C++", "typeref": "typename:const string", "kind": "member", "scope": "WPEFramework::Plugin::RDKShell", "scopeKind": "class"}, {"_type": "tag", "name": "RDKSHELL_EVENT_ON_APP_DISCONNECTED", "path": "/home/kavia/workspace/code-generation/app-gateway2/Supporting_Files/RDKShell/RDKShell.h", "pattern": "/^            static const string RDKSHELL_EVENT_ON_APP_DISCONNECTED;$/", "language": "C++", "typeref": "typename:const string", "kind": "member", "scope": "WPEFramework::Plugin::RDKShell", "scopeKind": "class"}, {"_type": "tag", "name": "RDKSHELL_EVENT_ON_APP_FIRST_FRAME", "path": "/home/kavia/workspace/code-generation/app-gateway2/Supporting_Files/RDKShell/RDKShell.h", "pattern": "/^            static const string RDKSHELL_EVENT_ON_APP_FIRST_FRAME;$/", "language": "C++", "typeref": "typename:const string", "kind": "member", "scope": "WPEFramework::Plugin::RDKShell", "scopeKind": "class"}, {"_type": "tag", "name": "RDKSHELL_EVENT_ON_APP_FOCUSCHANGED", "path": "/home/kavia/workspace/code-generation/app-gateway2/Supporting_Files/RDKShell/RDKShell.h", "pattern": "/^\t    static const string RDKSHELL_EVENT_ON_APP_FOCUSCHANGED;$/", "language": "C++", "typeref": "typename:const string", "kind": "member", "scope": "WPEFramework::Plugin::RDKShell", "scopeKind": "class"}, {"_type": "tag", "name": "RDKSHELL_EVENT_ON_APP_LAUNCHED", "path": "/home/kavia/workspace/code-generation/app-gateway2/Supporting_Files/RDKShell/RDKShell.h", "pattern": "/^            static const string RDKSHELL_EVENT_ON_APP_LAUNCHED;$/", "language": "C++", "typeref": "typename:const string", "kind": "member", "scope": "WPEFramework::Plugin::RDKShell", "scopeKind": "class"}, {"_type": "tag", "name": "RDKSHELL_EVENT_ON_APP_RESUMED", "path": "/home/kavia/workspace/code-generation/app-gateway2/Supporting_Files/RDKShell/RDKShell.h", "pattern": "/^            static const string RDKSHELL_EVENT_ON_APP_RESUMED;$/", "language": "C++", "typeref": "typename:const string", "kind": "member", "scope": "WPEFramework::Plugin::RDKShell", "scopeKind": "class"}, {"_type": "tag", "name": "RDKSHELL_EVENT_ON_APP_SUSPENDED", "path": "/home/kavia/workspace/code-generation/app-gateway2/Supporting_Files/RDKShell/RDKShell.h", "pattern": "/^            static const string RDKSHELL_EVENT_ON_APP_SUSPENDED;$/", "language": "C++", "typeref": "typename:const string", "kind": "member", "scope": "WPEFramework::Plugin::RDKShell", "scopeKind": "class"}, {"_type": "tag", "name": "RDKSHELL_EVENT_ON_APP_TERMINATED", "path": "/home/kavia/workspace/code-generation/app-gateway2/Supporting_Files/RDKShell/RDKShell.h", "pattern": "/^            static const string RDKSHELL_EVENT_ON_APP_TERMINATED;$/", "language": "C++", "typeref": "typename:const string", "kind": "member", "scope": "WPEFramework::Plugin::RDKShell", "scopeKind": "class"}, {"_type": "tag", "name": "RDKSHELL_EVENT_ON_DESTROYED", "path": "/home/kavia/workspace/code-generation/app-gateway2/Supporting_Files/RDKShell/RDKShell.h", "pattern": "/^            static const string RDKSHELL_EVENT_ON_DESTROYED;$/", "language": "C++", "typeref": "typename:const string", "kind": "member", "scope": "WPEFramework::Plugin::RDKShell", "scopeKind": "class"}, {"_type": "tag", "name": "RDKSHELL_EVENT_ON_EASTER_EGG", "path": "/home/kavia/workspace/code-generation/app-gateway2/Supporting_Files/RDKShell/RDKShell.h", "pattern": "/^            static const string RDKSHELL_EVENT_ON_EASTER_EGG;$/", "language": "C++", "typeref": "typename:const string", "kind": "member", "scope": "WPEFramework::Plugin::RDKShell", "scopeKind": "class"}, {"_type": "tag", "name": "RDKSHELL_EVENT_ON_HIBERNATED", "path": "/home/kavia/workspace/code-generation/app-gateway2/Supporting_Files/RDKShell/RDKShell.h", "pattern": "/^            static const string RDKSHELL_EVENT_ON_HIBERNATED;$/", "language": "C++", "typeref": "typename:const string", "kind": "member", "scope": "WPEFramework::Plugin::RDKShell", "scopeKind": "class"}, {"_type": "tag", "name": "RDKSHELL_EVENT_ON_LAUNCHED", "path": "/home/kavia/workspace/code-generation/app-gateway2/Supporting_Files/RDKShell/RDKShell.h", "pattern": "/^            static const string RDKSHELL_EVENT_ON_LAUNCHED;$/", "language": "C++", "typeref": "typename:const string", "kind": "member", "scope": "WPEFramework::Plugin::RDKShell", "scopeKind": "class"}, {"_type": "tag", "name": "RDKSHELL_EVENT_ON_PLUGIN_SUSPENDED", "path": "/home/kavia/workspace/code-generation/app-gateway2/Supporting_Files/RDKShell/RDKShell.h", "pattern": "/^            static const string RDKSHELL_EVENT_ON_PLUGIN_SUSPENDED;$/", "language": "C++", "typeref": "typename:const string", "kind": "member", "scope": "WPEFramework::Plugin::RDKShell", "scopeKind": "class"}, {"_type": "tag", "name": "RDKSHELL_EVENT_ON_RESTORED", "path": "/home/kavia/workspace/code-generation/app-gateway2/Supporting_Files/RDKShell/RDKShell.h", "pattern": "/^            static const string RDKSHELL_EVENT_ON_RESTORED;$/", "language": "C++", "typeref": "typename:const string", "kind": "member", "scope": "WPEFramework::Plugin::RDKShell", "scopeKind": "class"}, {"_type": "tag", "name": "RDKSHELL_EVENT_ON_SCREENSHOT_COMPLETE", "path": "/home/kavia/workspace/code-generation/app-gateway2/Supporting_Files/RDKShell/RDKShell.h", "pattern": "/^            static const string RDKSHELL_EVENT_ON_SCREENSHOT_COMPLETE;$/", "language": "C++", "typeref": "typename:const string", "kind": "member", "scope": "WPEFramework::Plugin::RDKShell", "scopeKind": "class"}, {"_type": "tag", "name": "RDKSHELL_EVENT_ON_SUSPENDED", "path": "/home/kavia/workspace/code-generation/app-gateway2/Supporting_Files/RDKShell/RDKShell.h", "pattern": "/^            static const string RDKSHELL_EVENT_ON_SUSPENDED;$/", "language": "C++", "typeref": "typename:const string", "kind": "member", "scope": "WPEFramework::Plugin::RDKShell", "scopeKind": "class"}, {"_type": "tag", "name": "RDKSHELL_EVENT_ON_USER_INACTIVITY", "path": "/home/kavia/workspace/code-generation/app-gateway2/Supporting_Files/RDKShell/RDKShell.h", "pattern": "/^            static const string RDKSHELL_EVENT_ON_USER_INACTIVITY;$/", "language": "C++", "typeref": "typename:const string", "kind": "member", "scope": "WPEFramework::Plugin::RDKShell", "scopeKind": "class"}, {"_type": "tag", "name": "RDKSHELL_EVENT_ON_WILL_DESTROY", "path": "/home/kavia/workspace/code-generation/app-gateway2/Supporting_Files/RDKShell/RDKShell.h", "pattern": "/^            static const string RDKSHELL_EVENT_ON_WILL_DESTROY;$/", "language": "C++", "typeref": "typename:const string", "kind": "member", "scope": "WPEFramework::Plugin::RDKShell", "scopeKind": "class"}, {"_type": "tag", "name": "RDKSHELL_METHOD_ADD_ANIMATION", "path": "/home/kavia/workspace/code-generation/app-gateway2/Supporting_Files/RDKShell/RDKShell.h", "pattern": "/^            static const string RDKSHELL_METHOD_ADD_ANIMATION;$/", "language": "C++", "typeref": "typename:const string", "kind": "member", "scope": "WPEFramework::Plugin::RDKShell", "scopeKind": "class"}, {"_type": "tag", "name": "RDKSHELL_METHOD_ADD_EASTER_EGGS", "path": "/home/kavia/workspace/code-generation/app-gateway2/Supporting_Files/RDKShell/RDKShell.h", "pattern": "/^            static const string RDKSHELL_METHOD_ADD_EASTER_EGGS;$/", "language": "C++", "typeref": "typename:const string", "kind": "member", "scope": "WPEFramework::Plugin::RDKShell", "scopeKind": "class"}, {"_type": "tag", "name": "RDKSHELL_METHOD_ADD_KEY_INTERCEPT", "path": "/home/kavia/workspace/code-generation/app-gateway2/Supporting_Files/RDKShell/RDKShell.h", "pattern": "/^            static const string RDKSHELL_METHOD_ADD_KEY_INTERCEPT;$/", "language": "C++", "typeref": "typename:const string", "kind": "member", "scope": "WPEFramework::Plugin::RDKShell", "scopeKind": "class"}, {"_type": "tag", "name": "RDKSHELL_METHOD_ADD_KEY_INTERCEPTS", "path": "/home/kavia/workspace/code-generation/app-gateway2/Supporting_Files/RDKShell/RDKShell.h", "pattern": "/^            static const string RDKSHELL_METHOD_ADD_KEY_INTERCEPTS;$/", "language": "C++", "typeref": "typename:const string", "kind": "member", "scope": "WPEFramework::Plugin::RDKShell", "scopeKind": "class"}, {"_type": "tag", "name": "RDKSHELL_METHOD_ADD_KEY_LISTENER", "path": "/home/kavia/workspace/code-generation/app-gateway2/Supporting_Files/RDKShell/RDKShell.h", "pattern": "/^            static const string RDKSHELL_METHOD_ADD_KEY_LISTENER;$/", "language": "C++", "typeref": "typename:const string", "kind": "member", "scope": "WPEFramework::Plugin::RDKShell", "scopeKind": "class"}, {"_type": "tag", "name": "RDKSHELL_METHOD_ADD_KEY_METADATA_LISTENER", "path": "/home/kavia/workspace/code-generation/app-gateway2/Supporting_Files/RDKShell/RDKShell.h", "pattern": "/^            static const string RDKSHELL_METHOD_ADD_KEY_METADATA_LISTENER;$/", "language": "C++", "typeref": "typename:const string", "kind": "member", "scope": "WPEFramework::Plugin::RDKShell", "scopeKind": "class"}, {"_type": "tag", "name": "RDKSHELL_METHOD_CREATE_DISPLAY", "path": "/home/kavia/workspace/code-generation/app-gateway2/Supporting_Files/RDKShell/RDKShell.h", "pattern": "/^            static const string RDKSHELL_METHOD_CREATE_DISPLAY;$/", "language": "C++", "typeref": "typename:const string", "kind": "member", "scope": "WPEFramework::Plugin::RDKShell", "scopeKind": "class"}, {"_type": "tag", "name": "RDKSHELL_METHOD_DESTROY", "path": "/home/kavia/workspace/code-generation/app-gateway2/Supporting_Files/RDKShell/RDKShell.h", "pattern": "/^            static const string RDKSHELL_METHOD_DESTROY;$/", "language": "C++", "typeref": "typename:const string", "kind": "member", "scope": "WPEFramework::Plugin::RDKShell", "scopeKind": "class"}, {"_type": "tag", "name": "RDKSHELL_METHOD_ENABLE_EASTER_EGGS", "path": "/home/kavia/workspace/code-generation/app-gateway2/Supporting_Files/RDKShell/RDKShell.h", "pattern": "/^            static const string RDKSHELL_METHOD_ENABLE_EASTER_EGGS;$/", "language": "C++", "typeref": "typename:const string", "kind": "member", "scope": "WPEFramework::Plugin::RDKShell", "scopeKind": "class"}, {"_type": "tag", "name": "RDKSHELL_METHOD_ENABLE_INACTIVITY_REPORTING", "path": "/home/kavia/workspace/code-generation/app-gateway2/Supporting_Files/RDKShell/RDKShell.h", "pattern": "/^            static const string RDKSHELL_METHOD_ENABLE_INACTIVITY_REPORTING;$/", "language": "C++", "typeref": "typename:const string", "kind": "member", "scope": "WPEFramework::Plugin::RDKShell", "scopeKind": "class"}, {"_type": "tag", "name": "RDKSHELL_METHOD_ENABLE_INPUT_EVENTS", "path": "/home/kavia/workspace/code-generation/app-gateway2/Supporting_Files/RDKShell/RDKShell.h", "pattern": "/^            static const string RDKSHELL_METHOD_ENABLE_INPUT_EVENTS;$/", "language": "C++", "typeref": "typename:const string", "kind": "member", "scope": "WPEFramework::Plugin::RDKShell", "scopeKind": "class"}, {"_type": "tag", "name": "RDKSHELL_METHOD_ENABLE_KEYREPEATS", "path": "/home/kavia/workspace/code-generation/app-gateway2/Supporting_Files/RDKShell/RDKShell.h", "pattern": "/^            static const string RDKSHELL_METHOD_ENABLE_KEYREPEATS;$/", "language": "C++", "typeref": "typename:const string", "kind": "member", "scope": "WPEFramework::Plugin::RDKShell", "scopeKind": "class"}, {"_type": "tag", "name": "RDKSHELL_METHOD_ENABLE_LOGS_FLUSHING", "path": "/home/kavia/workspace/code-generation/app-gateway2/Supporting_Files/RDKShell/RDKShell.h", "pattern": "/^            static const string RDKSHELL_METHOD_ENABLE_LOGS_FLUSHING;$/", "language": "C++", "typeref": "typename:const string", "kind": "member", "scope": "WPEFramework::Plugin::RDKShell", "scopeKind": "class"}, {"_type": "tag", "name": "RDKSHELL_METHOD_ENABLE_VIRTUAL_DISPLAY", "path": "/home/kavia/workspace/code-generation/app-gateway2/Supporting_Files/RDKShell/RDKShell.h", "pattern": "/^            static const string RDKSHELL_METHOD_ENABLE_VIRTUAL_DISPLAY;$/", "language": "C++", "typeref": "typename:const string", "kind": "member", "scope": "WPEFramework::Plugin::RDKShell", "scopeKind": "class"}, {"_type": "tag", "name": "RDKSHELL_METHOD_EXIT_AGING_MODE", "path": "/home/kavia/workspace/code-generation/app-gateway2/Supporting_Files/RDKShell/RDKShell.h", "pattern": "/^            static const string RDKSHELL_METHOD_EXIT_AGING_MODE;$/", "language": "C++", "typeref": "typename:const string", "kind": "member", "scope": "WPEFramework::Plugin::RDKShell", "scopeKind": "class"}, {"_type": "tag", "name": "RDKSHELL_METHOD_GENERATE_KEYS", "path": "/home/kavia/workspace/code-generation/app-gateway2/Supporting_Files/RDKShell/RDKShell.h", "pattern": "/^            static const string RDKSHELL_METHOD_GENERATE_KEYS;$/", "language": "C++", "typeref": "typename:const string", "kind": "member", "scope": "WPEFramework::Plugin::RDKShell", "scopeKind": "class"}, {"_type": "tag", "name": "RDKSHELL_METHOD_GET_AVAILABLE_TYPES", "path": "/home/kavia/workspace/code-generation/app-gateway2/Supporting_Files/RDKShell/RDKShell.h", "pattern": "/^            static const string RDKSHELL_METHOD_GET_AVAILABLE_TYPES;$/", "language": "C++", "typeref": "typename:const string", "kind": "member", "scope": "WPEFramework::Plugin::RDKShell", "scopeKind": "class"}, {"_type": "tag", "name": "RDKSHELL_METHOD_GET_AV_BLOCKED_APPS", "path": "/home/kavia/workspace/code-generation/app-gateway2/Supporting_Files/RDKShell/RDKShell.h", "pattern": "/^            static const string RDKSHELL_METHOD_GET_AV_BLOCKED_APPS;$/", "language": "C++", "typeref": "typename:const string", "kind": "member", "scope": "WPEFramework::Plugin::RDKShell", "scopeKind": "class"}, {"_type": "tag", "name": "RDKSHELL_METHOD_GET_BOUNDS", "path": "/home/kavia/workspace/code-generation/app-gateway2/Supporting_Files/RDKShell/RDKShell.h", "pattern": "/^            static const string RDKSHELL_METHOD_GET_BOUNDS;$/", "language": "C++", "typeref": "typename:const string", "kind": "member", "scope": "WPEFramework::Plugin::RDKShell", "scopeKind": "class"}, {"_type": "tag", "name": "RDKSHELL_METHOD_GET_CLIENTS", "path": "/home/kavia/workspace/code-generation/app-gateway2/Supporting_Files/RDKShell/RDKShell.h", "pattern": "/^            static const string RDKSHELL_METHOD_GET_CLIENTS;$/", "language": "C++", "typeref": "typename:const string", "kind": "member", "scope": "WPEFramework::Plugin::RDKShell", "scopeKind": "class"}, {"_type": "tag", "name": "RDKSHELL_METHOD_GET_CURSOR_SIZE", "path": "/home/kavia/workspace/code-generation/app-gateway2/Supporting_Files/RDKShell/RDKShell.h", "pattern": "/^            static const string RDKSHELL_METHOD_GET_CURSOR_SIZE;$/", "language": "C++", "typeref": "typename:const string", "kind": "member", "scope": "WPEFramework::Plugin::RDKShell", "scopeKind": "class"}, {"_type": "tag", "name": "RDKSHELL_METHOD_GET_EASTER_EGGS", "path": "/home/kavia/workspace/code-generation/app-gateway2/Supporting_Files/RDKShell/RDKShell.h", "pattern": "/^            static const string RDKSHELL_METHOD_GET_EASTER_EGGS;$/", "language": "C++", "typeref": "typename:const string", "kind": "member", "scope": "WPEFramework::Plugin::RDKShell", "scopeKind": "class"}, {"_type": "tag", "name": "RDKSHELL_METHOD_GET_FOCUSED", "path": "/home/kavia/workspace/code-generation/app-gateway2/Supporting_Files/RDKShell/RDKShell.h", "pattern": "/^\t    static const string RDKSHELL_METHOD_GET_FOCUSED;$/", "language": "C++", "typeref": "typename:const string", "kind": "member", "scope": "WPEFramework::Plugin::RDKShell", "scopeKind": "class"}, {"_type": "tag", "name": "RDKSHELL_METHOD_GET_GRAPHICS_FRAME_RATE", "path": "/home/kavia/workspace/code-generation/app-gateway2/Supporting_Files/RDKShell/RDKShell.h", "pattern": "/^            static const string RDKSHELL_METHOD_GET_GRAPHICS_FRAME_RATE;$/", "language": "C++", "typeref": "typename:const string", "kind": "member", "scope": "WPEFramework::Plugin::RDKShell", "scopeKind": "class"}, {"_type": "tag", "name": "RDKSHELL_METHOD_GET_HOLE_PUNCH", "path": "/home/kavia/workspace/code-generation/app-gateway2/Supporting_Files/RDKShell/RDKShell.h", "pattern": "/^            static const string RDKSHELL_METHOD_GET_HOLE_PUNCH;$/", "language": "C++", "typeref": "typename:const string", "kind": "member", "scope": "WPEFramework::Plugin::RDKShell", "scopeKind": "class"}, {"_type": "tag", "name": "RDKSHELL_METHOD_GET_KEYREPEATS_ENABLED", "path": "/home/kavia/workspace/code-generation/app-gateway2/Supporting_Files/RDKShell/RDKShell.h", "pattern": "/^            static const string RDKSHELL_METHOD_GET_KEYREPEATS_ENABLED;$/", "language": "C++", "typeref": "typename:const string", "kind": "member", "scope": "WPEFramework::Plugin::RDKShell", "scopeKind": "class"}, {"_type": "tag", "name": "RDKSHELL_METHOD_GET_LAST_WAKEUP_KEY", "path": "/home/kavia/workspace/code-generation/app-gateway2/Supporting_Files/RDKShell/RDKShell.h", "pattern": "/^            static const string RDKSHELL_METHOD_GET_LAST_WAKEUP_KEY;$/", "language": "C++", "typeref": "typename:const string", "kind": "member", "scope": "WPEFramework::Plugin::RDKShell", "scopeKind": "class"}, {"_type": "tag", "name": "RDKSHELL_METHOD_GET_LOGS_FLUSHING_ENABLED", "path": "/home/kavia/workspace/code-generation/app-gateway2/Supporting_Files/RDKShell/RDKShell.h", "pattern": "/^            static const string RDKSHELL_METHOD_GET_LOGS_FLUSHING_ENABLED;$/", "language": "C++", "typeref": "typename:const string", "kind": "member", "scope": "WPEFramework::Plugin::RDKShell", "scopeKind": "class"}, {"_type": "tag", "name": "RDKSHELL_METHOD_GET_LOG_LEVEL", "path": "/home/kavia/workspace/code-generation/app-gateway2/Supporting_Files/RDKShell/RDKShell.h", "pattern": "/^            static const string RDKSHELL_METHOD_GET_LOG_LEVEL;$/", "language": "C++", "typeref": "typename:const string", "kind": "member", "scope": "WPEFramework::Plugin::RDKShell", "scopeKind": "class"}, {"_type": "tag", "name": "RDKSHELL_METHOD_GET_OPACITY", "path": "/home/kavia/workspace/code-generation/app-gateway2/Supporting_Files/RDKShell/RDKShell.h", "pattern": "/^            static const string RDKSHELL_METHOD_GET_OPACITY;$/", "language": "C++", "typeref": "typename:const string", "kind": "member", "scope": "WPEFramework::Plugin::RDKShell", "scopeKind": "class"}, {"_type": "tag", "name": "RDKSHELL_METHOD_GET_SCALE", "path": "/home/kavia/workspace/code-generation/app-gateway2/Supporting_Files/RDKShell/RDKShell.h", "pattern": "/^            static const string RDKSHELL_METHOD_GET_SCALE;$/", "language": "C++", "typeref": "typename:const string", "kind": "member", "scope": "WPEFramework::Plugin::RDKShell", "scopeKind": "class"}, {"_type": "tag", "name": "RDKSHELL_METHOD_GET_SCREENSHOT", "path": "/home/kavia/workspace/code-generation/app-gateway2/Supporting_Files/RDKShell/RDKShell.h", "pattern": "/^            static const string RDKSHELL_METHOD_GET_SCREENSHOT;$/", "language": "C++", "typeref": "typename:const string", "kind": "member", "scope": "WPEFramework::Plugin::RDKShell", "scopeKind": "class"}, {"_type": "tag", "name": "RDKSHELL_METHOD_GET_SCREEN_RESOLUTION", "path": "/home/kavia/workspace/code-generation/app-gateway2/Supporting_Files/RDKShell/RDKShell.h", "pattern": "/^            static const string RDKSHELL_METHOD_GET_SCREEN_RESOLUTION;$/", "language": "C++", "typeref": "typename:const string", "kind": "member", "scope": "WPEFramework::Plugin::RDKShell", "scopeKind": "class"}, {"_type": "tag", "name": "RDKSHELL_METHOD_GET_STATE", "path": "/home/kavia/workspace/code-generation/app-gateway2/Supporting_Files/RDKShell/RDKShell.h", "pattern": "/^            static const string RDKSHELL_METHOD_GET_STATE;$/", "language": "C++", "typeref": "typename:const string", "kind": "member", "scope": "WPEFramework::Plugin::RDKShell", "scopeKind": "class"}, {"_type": "tag", "name": "RDKSHELL_METHOD_GET_SYSTEM_MEMORY", "path": "/home/kavia/workspace/code-generation/app-gateway2/Supporting_Files/RDKShell/RDKShell.h", "pattern": "/^            static const string RDKSHELL_METHOD_GET_SYSTEM_MEMORY;$/", "language": "C++", "typeref": "typename:const string", "kind": "member", "scope": "WPEFramework::Plugin::RDKShell", "scopeKind": "class"}, {"_type": "tag", "name": "RDKSHELL_METHOD_GET_SYSTEM_RESOURCE_INFO", "path": "/home/kavia/workspace/code-generation/app-gateway2/Supporting_Files/RDKShell/RDKShell.h", "pattern": "/^            static const string RDKSHELL_METHOD_GET_SYSTEM_RESOURCE_INFO;$/", "language": "C++", "typeref": "typename:const string", "kind": "member", "scope": "WPEFramework::Plugin::RDKShell", "scopeKind": "class"}, {"_type": "tag", "name": "RDKSHELL_METHOD_GET_VIRTUAL_DISPLAY_ENABLED", "path": "/home/kavia/workspace/code-generation/app-gateway2/Supporting_Files/RDKShell/RDKShell.h", "pattern": "/^            static const string RDKSHELL_METHOD_GET_VIRTUAL_DISPLAY_ENABLED;$/", "language": "C++", "typeref": "typename:const string", "kind": "member", "scope": "WPEFramework::Plugin::RDKShell", "scopeKind": "class"}, {"_type": "tag", "name": "RDKSHELL_METHOD_GET_VIRTUAL_RESOLUTION", "path": "/home/kavia/workspace/code-generation/app-gateway2/Supporting_Files/RDKShell/RDKShell.h", "pattern": "/^            static const string RDKSHELL_METHOD_GET_VIRTUAL_RESOLUTION;$/", "language": "C++", "typeref": "typename:const string", "kind": "member", "scope": "WPEFramework::Plugin::RDKShell", "scopeKind": "class"}, {"_type": "tag", "name": "RDKSHELL_METHOD_GET_VISIBILITY", "path": "/home/kavia/workspace/code-generation/app-gateway2/Supporting_Files/RDKShell/RDKShell.h", "pattern": "/^            static const string RDKSHELL_METHOD_GET_VISIBILITY;$/", "language": "C++", "typeref": "typename:const string", "kind": "member", "scope": "WPEFramework::Plugin::RDKShell", "scopeKind": "class"}, {"_type": "tag", "name": "RDKSHELL_METHOD_GET_Z_ORDER", "path": "/home/kavia/workspace/code-generation/app-gateway2/Supporting_Files/RDKShell/RDKShell.h", "pattern": "/^            static const string RDKSHELL_METHOD_GET_Z_ORDER;$/", "language": "C++", "typeref": "typename:const string", "kind": "member", "scope": "WPEFramework::Plugin::RDKShell", "scopeKind": "class"}, {"_type": "tag", "name": "RDKSHELL_METHOD_HIBERNATE", "path": "/home/kavia/workspace/code-generation/app-gateway2/Supporting_Files/RDKShell/RDKShell.h", "pattern": "/^            static const string RDKSHELL_METHOD_HIBERNATE;$/", "language": "C++", "typeref": "typename:const string", "kind": "member", "scope": "WPEFramework::Plugin::RDKShell", "scopeKind": "class"}, {"_type": "tag", "name": "RDKSHELL_METHOD_HIDE_ALL_CLIENTS", "path": "/home/kavia/workspace/code-generation/app-gateway2/Supporting_Files/RDKShell/RDKShell.h", "pattern": "/^            static const string RDKSHELL_METHOD_HIDE_ALL_CLIENTS;$/", "language": "C++", "typeref": "typename:const string", "kind": "member", "scope": "WPEFramework::Plugin::RDKShell", "scopeKind": "class"}, {"_type": "tag", "name": "RDKSHELL_METHOD_HIDE_CURSOR", "path": "/home/kavia/workspace/code-generation/app-gateway2/Supporting_Files/RDKShell/RDKShell.h", "pattern": "/^            static const string RDKSHELL_METHOD_HIDE_CURSOR;$/", "language": "C++", "typeref": "typename:const string", "kind": "member", "scope": "WPEFramework::Plugin::RDKShell", "scopeKind": "class"}, {"_type": "tag", "name": "RDKSHELL_METHOD_HIDE_FULL_SCREEN_IMAGE", "path": "/home/kavia/workspace/code-generation/app-gateway2/Supporting_Files/RDKShell/RDKShell.h", "pattern": "/^            static const string RDKSHELL_METHOD_HIDE_FULL_SCREEN_IMAGE;$/", "language": "C++", "typeref": "typename:const string", "kind": "member", "scope": "WPEFramework::Plugin::RDKShell", "scopeKind": "class"}, {"_type": "tag", "name": "RDKSHELL_METHOD_HIDE_SPLASH_LOGO", "path": "/home/kavia/workspace/code-generation/app-gateway2/Supporting_Files/RDKShell/RDKShell.h", "pattern": "/^            static const string RDKSHELL_METHOD_HIDE_SPLASH_LOGO;$/", "language": "C++", "typeref": "typename:const string", "kind": "member", "scope": "WPEFramework::Plugin::RDKShell", "scopeKind": "class"}, {"_type": "tag", "name": "RDKSHELL_METHOD_IGNORE_KEY_INPUTS", "path": "/home/kavia/workspace/code-generation/app-gateway2/Supporting_Files/RDKShell/RDKShell.h", "pattern": "/^            static const string RDKSHELL_METHOD_IGNORE_KEY_INPUTS;$/", "language": "C++", "typeref": "typename:const string", "kind": "member", "scope": "WPEFramework::Plugin::RDKShell", "scopeKind": "class"}, {"_type": "tag", "name": "RDKSHELL_METHOD_INJECT_KEY", "path": "/home/kavia/workspace/code-generation/app-gateway2/Supporting_Files/RDKShell/RDKShell.h", "pattern": "/^            static const string RDKSHELL_METHOD_INJECT_KEY;$/", "language": "C++", "typeref": "typename:const string", "kind": "member", "scope": "WPEFramework::Plugin::RDKShell", "scopeKind": "class"}, {"_type": "tag", "name": "RIALTO_TIMEOUT_MILLIS", "path": "/home/kavia/workspace/code-generation/app-gateway2/Supporting_Files/RDKShell/RDKShell.h", "pattern": "/^#define RIALTO_TIMEOUT_MILLIS /", "language": "C++", "kind": "macro"}], "hash": "3a543074396be9bb5ad928a496f4551f", "format-version": 4, "code-base-name": "app-gateway2", "filename": "Supporting_Files/RDKShell/RDKShell.h", "fields": [{"name": "const string RDKSHELL_EVENT_DEVICE_CRITICALLY_LOW_RAM_WARNING", "scope": "WPEFramework::Plugin::RDKShell", "scopeKind": "class", "description": "unavailable"}, {"name": "const string RDKSHELL_EVENT_DEVICE_CRITICALLY_LOW_RAM_WARNING_CLEARED", "scope": "WPEFramework::Plugin::RDKShell", "scopeKind": "class", "description": "unavailable"}, {"name": "const string RDKSHELL_EVENT_DEVICE_LOW_RAM_WARNING", "scope": "WPEFramework::Plugin::RDKShell", "scopeKind": "class", "description": "unavailable"}, {"name": "const string RDKSHELL_EVENT_DEVICE_LOW_RAM_WARNING_CLEARED", "scope": "WPEFramework::Plugin::RDKShell", "scopeKind": "class", "description": "unavailable"}, {"name": "const string RDKSHELL_EVENT_ON_APP_ACTIVATED", "scope": "WPEFramework::Plugin::RDKShell", "scopeKind": "class", "description": "unavailable"}, {"name": "const string RDKSHELL_EVENT_ON_APP_CONNECTED", "scope": "WPEFramework::Plugin::RDKShell", "scopeKind": "class", "description": "unavailable"}, {"name": "const string RDKSHELL_EVENT_ON_APP_DISCONNECTED", "scope": "WPEFramework::Plugin::RDKShell", "scopeKind": "class", "description": "unavailable"}, {"name": "const string RDKSHELL_EVENT_ON_APP_FIRST_FRAME", "scope": "WPEFramework::Plugin::RDKShell", "scopeKind": "class", "description": "unavailable"}, {"name": "const string RDKSHELL_EVENT_ON_APP_FOCUSCHANGED", "scope": "WPEFramework::Plugin::RDKShell", "scopeKind": "class", "description": "unavailable"}, {"name": "const string RDKSHELL_EVENT_ON_APP_LAUNCHED", "scope": "WPEFramework::Plugin::RDKShell", "scopeKind": "class", "description": "unavailable"}, {"name": "const string RDKSHELL_EVENT_ON_APP_RESUMED", "scope": "WPEFramework::Plugin::RDKShell", "scopeKind": "class", "description": "unavailable"}, {"name": "const string RDKSHELL_EVENT_ON_APP_SUSPENDED", "scope": "WPEFramework::Plugin::RDKShell", "scopeKind": "class", "description": "unavailable"}, {"name": "const string RDKSHELL_EVENT_ON_APP_TERMINATED", "scope": "WPEFramework::Plugin::RDKShell", "scopeKind": "class", "description": "unavailable"}, {"name": "const string RDKSHELL_EVENT_ON_DESTROYED", "scope": "WPEFramework::Plugin::RDKShell", "scopeKind": "class", "description": "unavailable"}, {"name": "const string RDKSHELL_EVENT_ON_EASTER_EGG", "scope": "WPEFramework::Plugin::RDKShell", "scopeKind": "class", "description": "unavailable"}, {"name": "const string RDKSHELL_EVENT_ON_HIBERNATED", "scope": "WPEFramework::Plugin::RDKShell", "scopeKind": "class", "description": "unavailable"}, {"name": "const string RDKSHELL_EVENT_ON_LAUNCHED", "scope": "WPEFramework::Plugin::RDKShell", "scopeKind": "class", "description": "unavailable"}, {"name": "const string RDKSHELL_EVENT_ON_PLUGIN_SUSPENDED", "scope": "WPEFramework::Plugin::RDKShell", "scopeKind": "class", "description": "unavailable"}, {"name": "const string RDKSHELL_EVENT_ON_RESTORED", "scope": "WPEFramework::Plugin::RDKShell", "scopeKind": "class", "description": "unavailable"}, {"name": "const string RDKSHELL_EVENT_ON_SCREENSHOT_COMPLETE", "scope": "WPEFramework::Plugin::RDKShell", "scopeKind": "class", "description": "unavailable"}, {"name": "const string RDKSHELL_EVENT_ON_SUSPENDED", "scope": "WPEFramework::Plugin::RDKShell", "scopeKind": "class", "description": "unavailable"}, {"name": "const string RDKSHELL_EVENT_ON_USER_INACTIVITY", "scope": "WPEFramework::Plugin::RDKShell", "scopeKind": "class", "description": "unavailable"}, {"name": "const string RDKSHELL_EVENT_ON_WILL_DESTROY", "scope": "WPEFramework::Plugin::RDKShell", "scopeKind": "class", "description": "unavailable"}, {"name": "const string RDKSHELL_METHOD_ADD_ANIMATION", "scope": "WPEFramework::Plugin::RDKShell", "scopeKind": "class", "description": "unavailable"}, {"name": "const string RDKSHELL_METHOD_ADD_EASTER_EGGS", "scope": "WPEFramework::Plugin::RDKShell", "scopeKind": "class", "description": "unavailable"}, {"name": "const string RDKSHELL_METHOD_ADD_KEY_INTERCEPT", "scope": "WPEFramework::Plugin::RDKShell", "scopeKind": "class", "description": "unavailable"}, {"name": "const string RDKSHELL_METHOD_ADD_KEY_INTERCEPTS", "scope": "WPEFramework::Plugin::RDKShell", "scopeKind": "class", "description": "unavailable"}, {"name": "const string RDKSHELL_METHOD_ADD_KEY_LISTENER", "scope": "WPEFramework::Plugin::RDKShell", "scopeKind": "class", "description": "unavailable"}, {"name": "const string RDKSHELL_METHOD_ADD_KEY_METADATA_LISTENER", "scope": "WPEFramework::Plugin::RDKShell", "scopeKind": "class", "description": "unavailable"}, {"name": "const string RDKSHELL_METHOD_CREATE_DISPLAY", "scope": "WPEFramework::Plugin::RDKShell", "scopeKind": "class", "description": "unavailable"}, {"name": "const string RDKSHELL_METHOD_DESTROY", "scope": "WPEFramework::Plugin::RDKShell", "scopeKind": "class", "description": "unavailable"}, {"name": "const string RDKSHELL_METHOD_ENABLE_EASTER_EGGS", "scope": "WPEFramework::Plugin::RDKShell", "scopeKind": "class", "description": "unavailable"}, {"name": "const string RDKSHELL_METHOD_ENABLE_INACTIVITY_REPORTING", "scope": "WPEFramework::Plugin::RDKShell", "scopeKind": "class", "description": "unavailable"}, {"name": "const string RDKSHELL_METHOD_ENABLE_INPUT_EVENTS", "scope": "WPEFramework::Plugin::RDKShell", "scopeKind": "class", "description": "unavailable"}, {"name": "const string RDKSHELL_METHOD_ENABLE_KEYREPEATS", "scope": "WPEFramework::Plugin::RDKShell", "scopeKind": "class", "description": "unavailable"}, {"name": "const string RDKSHELL_METHOD_ENABLE_LOGS_FLUSHING", "scope": "WPEFramework::Plugin::RDKShell", "scopeKind": "class", "description": "unavailable"}, {"name": "const string RDKSHELL_METHOD_ENABLE_VIRTUAL_DISPLAY", "scope": "WPEFramework::Plugin::RDKShell", "scopeKind": "class", "description": "unavailable"}, {"name": "const string RDKSHELL_METHOD_EXIT_AGING_MODE", "scope": "WPEFramework::Plugin::RDKShell", "scopeKind": "class", "description": "unavailable"}, {"name": "const string RDKSHELL_METHOD_GENERATE_KEYS", "scope": "WPEFramework::Plugin::RDKShell", "scopeKind": "class", "description": "unavailable"}, {"name": "const string RDKSHELL_METHOD_GET_AVAILABLE_TYPES", "scope": "WPEFramework::Plugin::RDKShell", "scopeKind": "class", "description": "unavailable"}, {"name": "const string RDKSHELL_METHOD_GET_AV_BLOCKED_APPS", "scope": "WPEFramework::Plugin::RDKShell", "scopeKind": "class", "description": "unavailable"}, {"name": "const string RDKSHELL_METHOD_GET_BOUNDS", "scope": "WPEFramework::Plugin::RDKShell", "scopeKind": "class", "description": "unavailable"}, {"name": "const string RDKSHELL_METHOD_GET_CLIENTS", "scope": "WPEFramework::Plugin::RDKShell", "scopeKind": "class", "description": "unavailable"}, {"name": "const string RDKSHELL_METHOD_GET_CURSOR_SIZE", "scope": "WPEFramework::Plugin::RDKShell", "scopeKind": "class", "description": "unavailable"}, {"name": "const string RDKSHELL_METHOD_GET_EASTER_EGGS", "scope": "WPEFramework::Plugin::RDKShell", "scopeKind": "class", "description": "unavailable"}, {"name": "const string RDKSHELL_METHOD_GET_FOCUSED", "scope": "WPEFramework::Plugin::RDKShell", "scopeKind": "class", "description": "unavailable"}, {"name": "const string RDKSHELL_METHOD_GET_GRAPHICS_FRAME_RATE", "scope": "WPEFramework::Plugin::RDKShell", "scopeKind": "class", "description": "unavailable"}, {"name": "const string RDKSHELL_METHOD_GET_HOLE_PUNCH", "scope": "WPEFramework::Plugin::RDKShell", "scopeKind": "class", "description": "unavailable"}, {"name": "const string RDKSHELL_METHOD_GET_KEYREPEATS_ENABLED", "scope": "WPEFramework::Plugin::RDKShell", "scopeKind": "class", "description": "unavailable"}, {"name": "const string RDKSHELL_METHOD_GET_LAST_WAKEUP_KEY", "scope": "WPEFramework::Plugin::RDKShell", "scopeKind": "class", "description": "unavailable"}, {"name": "const string RDKSHELL_METHOD_GET_LOGS_FLUSHING_ENABLED", "scope": "WPEFramework::Plugin::RDKShell", "scopeKind": "class", "description": "unavailable"}, {"name": "const string RDKSHELL_METHOD_GET_LOG_LEVEL", "scope": "WPEFramework::Plugin::RDKShell", "scopeKind": "class", "description": "unavailable"}, {"name": "const string RDKSHELL_METHOD_GET_OPACITY", "scope": "WPEFramework::Plugin::RDKShell", "scopeKind": "class", "description": "unavailable"}, {"name": "const string RDKSHELL_METHOD_GET_SCALE", "scope": "WPEFramework::Plugin::RDKShell", "scopeKind": "class", "description": "unavailable"}, {"name": "const string RDKSHELL_METHOD_GET_SCREENSHOT", "scope": "WPEFramework::Plugin::RDKShell", "scopeKind": "class", "description": "unavailable"}, {"name": "const string RDKSHELL_METHOD_GET_SCREEN_RESOLUTION", "scope": "WPEFramework::Plugin::RDKShell", "scopeKind": "class", "description": "unavailable"}, {"name": "const string RDKSHELL_METHOD_GET_STATE", "scope": "WPEFramework::Plugin::RDKShell", "scopeKind": "class", "description": "unavailable"}, {"name": "const string RDKSHELL_METHOD_GET_SYSTEM_MEMORY", "scope": "WPEFramework::Plugin::RDKShell", "scopeKind": "class", "description": "unavailable"}, {"name": "const string RDKSHELL_METHOD_GET_SYSTEM_RESOURCE_INFO", "scope": "WPEFramework::Plugin::RDKShell", "scopeKind": "class", "description": "unavailable"}, {"name": "const string RDKSHELL_METHOD_GET_VIRTUAL_DISPLAY_ENABLED", "scope": "WPEFramework::Plugin::RDKShell", "scopeKind": "class", "description": "unavailable"}, {"name": "const string RDKSHELL_METHOD_GET_VIRTUAL_RESOLUTION", "scope": "WPEFramework::Plugin::RDKShell", "scopeKind": "class", "description": "unavailable"}, {"name": "const string RDKSHELL_METHOD_GET_VISIBILITY", "scope": "WPEFramework::Plugin::RDKShell", "scopeKind": "class", "description": "unavailable"}, {"name": "const string RDKSHELL_METHOD_GET_Z_ORDER", "scope": "WPEFramework::Plugin::RDKShell", "scopeKind": "class", "description": "unavailable"}, {"name": "const string RDKSHELL_METHOD_HIBERNATE", "scope": "WPEFramework::Plugin::RDKShell", "scopeKind": "class", "description": "unavailable"}, {"name": "const string RDKSHELL_METHOD_HIDE_ALL_CLIENTS", "scope": "WPEFramework::Plugin::RDKShell", "scopeKind": "class", "description": "unavailable"}, {"name": "const string RDKSHELL_METHOD_HIDE_CURSOR", "scope": "WPEFramework::Plugin::RDKShell", "scopeKind": "class", "description": "unavailable"}, {"name": "const string RDKSHELL_METHOD_HIDE_FULL_SCREEN_IMAGE", "scope": "WPEFramework::Plugin::RDKShell", "scopeKind": "class", "description": "unavailable"}, {"name": "const string RDKSHELL_METHOD_HIDE_SPLASH_LOGO", "scope": "WPEFramework::Plugin::RDKShell", "scopeKind": "class", "description": "unavailable"}, {"name": "const string RDKSHELL_METHOD_IGNORE_KEY_INPUTS", "scope": "WPEFramework::Plugin::RDKShell", "scopeKind": "class", "description": "unavailable"}, {"name": "const string RDKSHELL_METHOD_INJECT_KEY", "scope": "WPEFramework::Plugin::RDKShell", "scopeKind": "class", "description": "unavailable"}], "revision_history": [{"890": "ef86df2c8df3fef6f567643b583ee28870c1ba4c"}]}