{"is_source_file": true, "format": "C++", "description": "This file is a C++ source file implementing the DisplaySettings plugin for a media platform, managing display configurations, event handling, and interfacing with device managers and power management.", "external_files": ["DisplaySettings.h", "dsMgr.h", "host.hpp", "exception.hpp", "videoOutputPort.hpp", "videoOutputPortType.hpp", "videoOutputPortConfig.hpp", "videoResolution.hpp", "audioOutputPort.hpp", "audioOutputPortType.hpp", "audioOutputPortConfig.hpp", "manager.hpp", "dsUtl.h", "dsError.h", "list.hpp", "dsDisplay.h", "rdk/iarmmgrs-hal/pwrMgr.h", "pwrMgr.h", "tr181api.h", "tracing/Logging.h", "UtilsCStr.h", "UtilsIarm.h", "UtilsJsonRpc.h", "UtilsString.h", "UtilsisValidInt.h", "dsRpc.h", "UtilsSynchroIarm.hpp"], "external_methods": ["getHdmiCecSinkAudioDeviceConnectedStatus", "subscribeForHdmiCecSinkEvent", "sendMsgToQueue", "getSystemPowerState", "getHdmiCecSinkCecEnableStatus", "getConnectedVideoDisplaysHelper", "setEnableAudioPort", "getEnableAudioPort", "getSupportedResolutions", "getVideoOutputPort", "getDefaultVideoPortName"], "published": ["getConnectedVideoDisplays", "getConnectedAudioPorts", "setEnableAudioPort", "getEnableAudioPort", "getSupportedResolutions", "getSupportedVideoDisplays", "getSupportedTvResolutions", "getSupportedSettopResolutions", "getSupportedAudioPorts", "getSupportedAudioModes", "getAudioFormat", "getZoomSetting", "setZoomSetting", "getCurrentResolution", "setCurrentResolution", "getSoundMode", "setSoundMode", "readEDID", "readHostEDID", "getActiveInput", "getTvHDRSupport", "getSettopHDRSupport", "setVideoPortStatusInStandby", "getVideoPortStatusInStandby", "getCurrentOutputSettings"], "classes": [{"name": "Job", "description": "A class for dispatching jobs asynchronously using Core::IDispatch or Core::IDispatchType, depending on build configuration."}], "methods": [{"name": "const string Initialize(PluginHost::IShell * service)", "description": "Initialize the DisplaySettings plugin, setting up event handlers, power state, and device managers.", "scope": "WPEFramework::Plugin::DisplaySettings", "scopeKind": "class"}, {"name": "void Deinitialize(PluginHost::IShell * service)", "description": "Deinitialize the plugin, clean up resources, unsubscribe events, and shut down device managers.", "scope": "WPEFramework::Plugin::DisplaySettings", "scopeKind": "class"}, {"name": "void InitializeIARM()", "description": "Set up IARM bus event handlers for display and audio events.", "scope": "WPEFramework::Plugin::DisplaySettings", "scopeKind": "class"}, {"name": "void DeinitializeIARM()", "description": "Remove IARM bus event handlers and clean up IARM resources.", "scope": "WPEFramework::Plugin::DisplaySettings", "scopeKind": "class"}, {"name": "void AudioPortsReInitialize()", "scope": "WPEFramework::Plugin::DisplaySettings", "scopeKind": "class", "description": "unavailable"}, {"name": "void Dispatch()", "scope": "WPEFramework::Plugin::__anon605f61930311::Job", "scopeKind": "class", "description": "unavailable"}, {"name": "void DisplResolutionHandler(const char * owner,IARM_EventId_t eventId,void * data,size_t len)", "scope": "WPEFramework::Plugin::DisplaySettings", "scopeKind": "class", "description": "unavailable"}, {"name": "DisplaySettings()", "scope": "WPEFramework::Plugin::DisplaySettings", "scopeKind": "class", "description": "unavailable"}, {"name": "void InitAudioPorts()", "scope": "WPEFramework::Plugin::DisplaySettings", "scopeKind": "class", "description": "unavailable"}, {"name": "Job(std::function<void ()> work)", "scope": "WPEFramework::Plugin::__anon605f61930311::Job", "scopeKind": "class", "description": "unavailable"}, {"name": "void Request(const string & newState)", "scope": "WPEFramework::Plugin::DisplaySettings", "scopeKind": "class", "description": "unavailable"}, {"name": "void ResolutionPostChange(const char * owner,IARM_EventId_t eventId,void * data,size_t len)", "scope": "WPEFramework::Plugin::DisplaySettings", "scopeKind": "class", "description": "unavailable"}, {"name": "void ResolutionPreChange(const char * owner,IARM_EventId_t eventId,void * data,size_t len)", "scope": "WPEFramework::Plugin::DisplaySettings", "scopeKind": "class", "description": "unavailable"}, {"name": "__anon605f61930402()", "scope": "WPEFramework::Plugin::__anon605f61930311::activate", "scopeKind": "function", "description": "unavailable"}, {"name": "_instance->m_sendMsgCV.wait(lock, []{return (_instance->m_sendMsgThreadRun == true);}); __anon605f61930502", "scope": "WPEFramework::Plugin::DisplaySettings::sendMsgThread", "scopeKind": "function", "description": "unavailable"}, {"name": "uint32_t activate(PluginHost::IShell * shell,const string & callsign)", "scope": "WPEFramework::Plugin::__anon605f61930311", "scopeKind": "namespace", "description": "unavailable"}, {"name": "void activeInputChanged(bool activeInput)", "scope": "WPEFramework::Plugin::DisplaySettings", "scopeKind": "class", "description": "unavailable"}, {"name": "void audioFormatToString(dsAudioFormat_t audioFormat,JsonObject & response)", "scope": "WPEFramework::Plugin::DisplaySettings", "scopeKind": "class", "description": "unavailable"}, {"name": "void audioPortStateEventHandler(const char * owner,IARM_EventId_t eventId,void * data,size_t len)", "scope": "WPEFramework::Plugin::DisplaySettings", "scopeKind": "class", "description": "unavailable"}, {"name": "void checkArcDeviceConnected()", "scope": "WPEFramework::Plugin::DisplaySettings", "scopeKind": "class", "description": "unavailable"}, {"name": "void checkAtmosCapsEventHandler(const char * owner,IARM_EventId_t eventId,void * data,size_t len)", "scope": "WPEFramework::Plugin::DisplaySettings", "scopeKind": "class", "description": "unavailable"}, {"name": "void checkAudioDeviceDetectionTimer()", "scope": "WPEFramework::Plugin::DisplaySettings", "scopeKind": "class", "description": "unavailable"}, {"name": "void checkAudioDevicePowerStatusTimer()", "scope": "WPEFramework::Plugin::DisplaySettings", "scopeKind": "class", "description": "unavailable"}, {"name": "bool checkPortName(std::string & name) const", "scope": "WPEFramework::Plugin::DisplaySettings", "scopeKind": "class", "description": "unavailable"}, {"name": "void checkSADUpdate()", "scope": "WPEFramework::Plugin::DisplaySettings", "scopeKind": "class", "description": "unavailable"}, {"name": "void connectedAudioPortUpdated(int iAudioPortType,bool isPortConnected)", "scope": "WPEFramework::Plugin::DisplaySettings", "scopeKind": "class", "description": "unavailable"}, {"name": "void connectedVideoDisplaysUpdated(int hdmiHotPlugEvent)", "scope": "WPEFramework::Plugin::DisplaySettings", "scopeKind": "class", "description": "unavailable"}, {"name": "void dsHdmiEventHandler(const char * owner,IARM_EventId_t eventId,void * data,size_t len)", "scope": "WPEFramework::Plugin::DisplaySettings", "scopeKind": "class", "description": "unavailable"}, {"name": "void dsSettingsChangeEventHandler(const char * owner,IARM_EventId_t eventId,void * data,size_t len)", "scope": "WPEFramework::Plugin::DisplaySettings", "scopeKind": "class", "description": "unavailable"}, {"name": "uint32_t enableSurroundDecoder(const JsonObject & parameters,JsonObject & response)", "scope": "WPEFramework::Plugin::DisplaySettings", "scopeKind": "class", "description": "unavailable"}, {"name": "void formatUpdateEventHandler(const char * owner,IARM_EventId_t eventId,void * data,size_t len)", "scope": "WPEFramework::Plugin::DisplaySettings", "scopeKind": "class", "description": "unavailable"}, {"name": "uint32_t getActiveInput(const JsonObject & parameters,JsonObject & response)", "scope": "WPEFramework::Plugin::DisplaySettings", "scopeKind": "class", "description": "unavailable"}, {"name": "uint32_t getAssociatedAudioMixing(const JsonObject & parameters,JsonObject & response)", "scope": "WPEFramework::Plugin::DisplaySettings", "scopeKind": "class", "description": "unavailable"}, {"name": "uint32_t getAudioDelay(const JsonObject & parameters,JsonObject & response)", "scope": "WPEFramework::Plugin::DisplaySettings", "scopeKind": "class", "description": "unavailable"}, {"name": "int getAudioDeviceSADState(void)", "scope": "WPEFramework::Plugin::DisplaySettings", "scopeKind": "class", "description": "unavailable"}, {"name": "uint32_t getAudioFormat(const JsonObject & parameters,JsonObject & response)", "scope": "WPEFramework::Plugin::DisplaySettings", "scopeKind": "class", "description": "unavailable"}, {"name": "uint32_t getBassEnhancer(const JsonObject & parameters,JsonObject & response)", "scope": "WPEFramework::Plugin::DisplaySettings", "scopeKind": "class", "description": "unavailable"}, {"name": "uint32_t getColorDepthCapabilities(const JsonObject & parameters,JsonObject & response)", "scope": "WPEFramework::Plugin::DisplaySettings", "scopeKind": "class", "description": "unavailable"}, {"name": "uint32_t getConnectedAudioPorts(const JsonObject & parameters,JsonObject & response)", "scope": "WPEFramework::Plugin::DisplaySettings", "scopeKind": "class", "description": "unavailable"}, {"name": "uint32_t getConnectedVideoDisplays(const JsonObject & parameters,JsonObject & response)", "scope": "WPEFramework::Plugin::DisplaySettings", "scopeKind": "class", "description": "unavailable"}, {"name": "void getConnectedVideoDisplaysHelper(vector<string> & connectedDisplays)", "scope": "WPEFramework::Plugin::DisplaySettings", "scopeKind": "class", "description": "unavailable"}, {"name": "void getHdmiCecSinkPlugin()", "scope": "WPEFramework::Plugin::DisplaySettings", "scopeKind": "class", "description": "unavailable"}], "calls": ["IARM_Bus_Call", "device::Host::getInstance", "device::VideoOutputPortConfig::getInstance", "device::VideoOutputPort::getType", "device::VideoOutputPort::getSupportedResolutions", "device::VideoOutputPort::isDisplayConnected", "device::AudioOutputPort::getName", "device::AudioOutputPort::getHdmiArcPortId", "device::AudioOutputPort::reInitializeAudioOutputPort", "device::Manager::Initialize", "device::Manager::DeInitialize"], "search-terms": ["DisplaySettings.cpp", "IARM bus", "HDMI hotplug", "Audio port", "Resolution", "Video display", "Audio output", "Event handler", "Power management", "CEC", "ARC", "HDR", "Video format", "Audio format", "Display connection status"], "state": 2, "file_id": 283, "knowledge_revision": 893, "git_revision": "ef86df2c8df3fef6f567643b583ee28870c1ba4c", "ctags": [{"_type": "tag", "name": "API_VERSION_NUMBER_MAJOR", "path": "/home/kavia/workspace/code-generation/app-gateway2/Supporting_Files/DisplaySettings/DisplaySettings.cpp", "pattern": "/^#define API_VERSION_NUMBER_MAJOR /", "file": true, "language": "C++", "kind": "macro"}, {"_type": "tag", "name": "API_VERSION_NUMBER_MINOR", "path": "/home/kavia/workspace/code-generation/app-gateway2/Supporting_Files/DisplaySettings/DisplaySettings.cpp", "pattern": "/^#define API_VERSION_NUMBER_MINOR /", "file": true, "language": "C++", "kind": "macro"}, {"_type": "tag", "name": "API_VERSION_NUMBER_PATCH", "path": "/home/kavia/workspace/code-generation/app-gateway2/Supporting_Files/DisplaySettings/DisplaySettings.cpp", "pattern": "/^#define API_VERSION_NUMBER_PATCH /", "file": true, "language": "C++", "kind": "macro"}, {"_type": "tag", "name": "ARC_DETECTION_CHECK_TIME_IN_MILLISECONDS", "path": "/home/kavia/workspace/code-generation/app-gateway2/Supporting_Files/DisplaySettings/DisplaySettings.cpp", "pattern": "/^#define ARC_DETECTION_CHECK_TIME_IN_MILLISECONDS /", "file": true, "language": "C++", "kind": "macro"}, {"_type": "tag", "name": "AUDIO_DEVICE_CONNECTION_CHECK_TIME_IN_MILLISECONDS", "path": "/home/kavia/workspace/code-generation/app-gateway2/Supporting_Files/DisplaySettings/DisplaySettings.cpp", "pattern": "/^#define AUDIO_DEVICE_CONNECTION_CHECK_TIME_IN_MILLISECONDS /", "file": true, "language": "C++", "kind": "macro"}, {"_type": "tag", "name": "AUDIO_DEVICE_POWER_TRANSITION_TIME_IN_MILLISECONDS", "path": "/home/kavia/workspace/code-generation/app-gateway2/Supporting_Files/DisplaySettings/DisplaySettings.cpp", "pattern": "/^#define AUDIO_DEVICE_POWER_TRANSITION_TIME_IN_MILLISECONDS /", "file": true, "language": "C++", "kind": "macro"}, {"_type": "tag", "name": "AudioPortsReInitialize", "path": "/home/kavia/workspace/code-generation/app-gateway2/Supporting_Files/DisplaySettings/DisplaySettings.cpp", "pattern": "/^        void DisplaySettings::AudioPortsReInitialize()$/", "language": "C++", "typeref": "typename:void", "kind": "function", "signature": "()", "scope": "WPEFramework::Plugin::DisplaySettings", "scopeKind": "class"}, {"_type": "tag", "name": "Deinitialize", "path": "/home/kavia/workspace/code-generation/app-gateway2/Supporting_Files/DisplaySettings/DisplaySettings.cpp", "pattern": "/^        void DisplaySettings::Deinitialize(PluginHost::IShell* service)$/", "language": "C++", "typeref": "typename:void", "kind": "function", "signature": "(PluginHost::IShell * service)", "scope": "WPEFramework::Plugin::DisplaySettings", "scopeKind": "class"}, {"_type": "tag", "name": "DeinitializeIARM", "path": "/home/kavia/workspace/code-generation/app-gateway2/Supporting_Files/DisplaySettings/DisplaySettings.cpp", "pattern": "/^        void DisplaySettings::DeinitializeIARM()$/", "language": "C++", "typeref": "typename:void", "kind": "function", "signature": "()", "scope": "WPEFramework::Plugin::DisplaySettings", "scopeKind": "class"}, {"_type": "tag", "name": "Dispatch", "path": "/home/kavia/workspace/code-generation/app-gateway2/Supporting_Files/DisplaySettings/DisplaySettings.cpp", "pattern": "/^                void Dispatch() override$/", "file": true, "language": "C++", "typeref": "typename:void", "kind": "function", "signature": "()", "scope": "WPEFramework::Plugin::__anon605f61930311::Job", "scopeKind": "class"}, {"_type": "tag", "name": "DisplResolutionHandler", "path": "/home/kavia/workspace/code-generation/app-gateway2/Supporting_Files/DisplaySettings/DisplaySettings.cpp", "pattern": "/^        void DisplaySettings::DisplResolutionHandler(const char *owner, IARM_EventId_t eventId, /", "language": "C++", "typeref": "typename:void", "kind": "function", "signature": "(const char * owner,IARM_EventId_t eventId,void * data,size_t len)", "scope": "WPEFramework::Plugin::DisplaySettings", "scopeKind": "class"}, {"_type": "tag", "name": "DisplaySettings", "path": "/home/kavia/workspace/code-generation/app-gateway2/Supporting_Files/DisplaySettings/DisplaySettings.cpp", "pattern": "/^        DisplaySettings::DisplaySettings()$/", "language": "C++", "kind": "function", "signature": "()", "scope": "WPEFramework::Plugin::DisplaySettings", "scopeKind": "class"}, {"_type": "tag", "name": "HDMICECSINK_ARC_AUDIO_STATUS_EVENT", "path": "/home/kavia/workspace/code-generation/app-gateway2/Supporting_Files/DisplaySettings/DisplaySettings.cpp", "pattern": "/^#define HDMICECSINK_ARC_AUDIO_STATUS_EVENT /", "file": true, "language": "C++", "kind": "macro"}, {"_type": "tag", "name": "HDMICECSINK_ARC_INITIATION_EVENT", "path": "/home/kavia/workspace/code-generation/app-gateway2/Supporting_Files/DisplaySettings/DisplaySettings.cpp", "pattern": "/^#define HDMICECSINK_ARC_INITIATION_EVENT /", "file": true, "language": "C++", "kind": "macro"}, {"_type": "tag", "name": "HDMICECSINK_ARC_TERMINATION_EVENT", "path": "/home/kavia/workspace/code-generation/app-gateway2/Supporting_Files/DisplaySettings/DisplaySettings.cpp", "pattern": "/^#define HDMICECSINK_ARC_TERMINATION_EVENT /", "file": true, "language": "C++", "kind": "macro"}, {"_type": "tag", "name": "HDMICECSINK_AUDIO_DEVICE_CONNECTED_STATUS_EVENT", "path": "/home/kavia/workspace/code-generation/app-gateway2/Supporting_Files/DisplaySettings/DisplaySettings.cpp", "pattern": "/^#define HDMICECSINK_AUDIO_DEVICE_CONNECTED_STATUS_EVENT /", "file": true, "language": "C++", "kind": "macro"}, {"_type": "tag", "name": "HDMICECSINK_AUDIO_DEVICE_POWER_STATUS_EVENT", "path": "/home/kavia/workspace/code-generation/app-gateway2/Supporting_Files/DisplaySettings/DisplaySettings.cpp", "pattern": "/^#define HDMICECSINK_AUDIO_DEVICE_POWER_STATUS_EVENT /", "file": true, "language": "C++", "kind": "macro"}, {"_type": "tag", "name": "HDMICECSINK_CALLSIGN", "path": "/home/kavia/workspace/code-generation/app-gateway2/Supporting_Files/DisplaySettings/DisplaySettings.cpp", "pattern": "/^#define HDMICECSINK_CALLSIGN /", "file": true, "language": "C++", "kind": "macro"}, {"_type": "tag", "name": "HDMICECSINK_CALLSIGN_VER", "path": "/home/kavia/workspace/code-generation/app-gateway2/Supporting_Files/DisplaySettings/DisplaySettings.cpp", "pattern": "/^#define HDMICECSINK_CALLSIGN_VER /", "file": true, "language": "C++", "kind": "macro"}, {"_type": "tag", "name": "HDMICECSINK_CEC_ENABLED_EVENT", "path": "/home/kavia/workspace/code-generation/app-gateway2/Supporting_Files/DisplaySettings/DisplaySettings.cpp", "pattern": "/^#define HDMICECSINK_CEC_ENABLED_EVENT /", "file": true, "language": "C++", "kind": "macro"}, {"_type": "tag", "name": "HDMICECSINK_PLUGIN_ACTIVATION_TIME", "path": "/home/kavia/workspace/code-generation/app-gateway2/Supporting_Files/DisplaySettings/DisplaySettings.cpp", "pattern": "/^#define HDMICECSINK_PLUGIN_ACTIVATION_TIME /", "file": true, "language": "C++", "kind": "macro"}, {"_type": "tag", "name": "HDMICECSINK_SHORT_AUDIO_DESCRIPTOR_EVENT", "path": "/home/kavia/workspace/code-generation/app-gateway2/Supporting_Files/DisplaySettings/DisplaySettings.cpp", "pattern": "/^#define HDMICECSINK_SHORT_AUDIO_DESCRIPTOR_EVENT /", "file": true, "language": "C++", "kind": "macro"}, {"_type": "tag", "name": "HDMICECSINK_SYSTEM_AUDIO_MODE_EVENT", "path": "/home/kavia/workspace/code-generation/app-gateway2/Supporting_Files/DisplaySettings/DisplaySettings.cpp", "pattern": "/^#define HDMICECSINK_SYSTEM_AUDIO_MODE_EVENT /", "file": true, "language": "C++", "kind": "macro"}, {"_type": "tag", "name": "HDMI_HOT_PLUG_EVENT_CONNECTED", "path": "/home/kavia/workspace/code-generation/app-gateway2/Supporting_Files/DisplaySettings/DisplaySettings.cpp", "pattern": "/^#define HDMI_HOT_PLUG_EVENT_CONNECTED /", "file": true, "language": "C++", "kind": "macro"}, {"_type": "tag", "name": "IArmBusName", "path": "/home/kavia/workspace/code-generation/app-gateway2/Supporting_Files/DisplaySettings/DisplaySettings.cpp", "pattern": "/^        const char *IArmBusName;$/", "file": true, "language": "C++", "typeref": "typename:const char *", "kind": "member", "scope": "__anon605f61930111::Mapping", "scopeKind": "struct"}, {"_type": "tag", "name": "InitAudioPorts", "path": "/home/kavia/workspace/code-generation/app-gateway2/Supporting_Files/DisplaySettings/DisplaySettings.cpp", "pattern": "/^        void DisplaySettings::InitAudioPorts() $/", "language": "C++", "typeref": "typename:void", "kind": "function", "signature": "()", "scope": "WPEFramework::Plugin::DisplaySettings", "scopeKind": "class"}, {"_type": "tag", "name": "Initialize", "path": "/home/kavia/workspace/code-generation/app-gateway2/Supporting_Files/DisplaySettings/DisplaySettings.cpp", "pattern": "/^        const string DisplaySettings::Initialize(PluginHost::IShell* service)$/", "language": "C++", "typeref": "typename:const string", "kind": "function", "signature": "(PluginHost::IShell * service)", "scope": "WPEFramework::Plugin::DisplaySettings", "scopeKind": "class"}, {"_type": "tag", "name": "InitializeIARM", "path": "/home/kavia/workspace/code-generation/app-gateway2/Supporting_Files/DisplaySettings/DisplaySettings.cpp", "pattern": "/^        void DisplaySettings::InitializeIARM()$/", "language": "C++", "typeref": "typename:void", "kind": "function", "signature": "()", "scope": "WPEFramework::Plugin::DisplaySettings", "scopeKind": "class"}, {"_type": "tag", "name": "Job", "path": "/home/kavia/workspace/code-generation/app-gateway2/Supporting_Files/DisplaySettings/DisplaySettings.cpp", "pattern": "/^                Job(std::function<void()> work)$/", "file": true, "language": "C++", "kind": "function", "signature": "(std::function<void ()> work)", "scope": "WPEFramework::Plugin::__anon605f61930311::Job", "scopeKind": "class"}, {"_type": "tag", "name": "Job", "path": "/home/kavia/workspace/code-generation/app-gateway2/Supporting_Files/DisplaySettings/DisplaySettings.cpp", "pattern": "/^            class Job : public Core::IDispatchType<void> {$/", "file": true, "language": "C++", "kind": "class", "scope": "WPEFramework::Plugin::__anon605f61930311", "scopeKind": "namespace"}, {"_type": "tag", "name": "Mapping", "path": "/home/kavia/workspace/code-generation/app-gateway2/Supporting_Files/DisplaySettings/DisplaySettings.cpp", "pattern": "/^    struct Mapping$/", "file": true, "language": "C++", "kind": "struct", "scope": "__anon605f61930111", "scopeKind": "namespace"}, {"_type": "tag", "name": "Plugin", "path": "/home/kavia/workspace/code-generation/app-gateway2/Supporting_Files/DisplaySettings/DisplaySettings.cpp", "pattern": "/^    namespace Plugin {$/", "file": true, "language": "C++", "kind": "namespace", "scope": "WPEFramework", "scopeKind": "namespace"}, {"_type": "tag", "name": "RECONNECTION_TIME_IN_MILLISECONDS", "path": "/home/kavia/workspace/code-generation/app-gateway2/Supporting_Files/DisplaySettings/DisplaySettings.cpp", "pattern": "/^#define RECONNECTION_TIME_IN_MILLISECONDS /", "file": true, "language": "C++", "kind": "macro"}, {"_type": "tag", "name": "RFC_PWRMGR2", "path": "/home/kavia/workspace/code-generation/app-gateway2/Supporting_Files/DisplaySettings/DisplaySettings.cpp", "pattern": "/^#define RFC_PWRMGR2 /", "file": true, "language": "C++", "kind": "macro"}, {"_type": "tag", "name": "Request", "path": "/home/kavia/workspace/code-generation/app-gateway2/Supporting_Files/DisplaySettings/DisplaySettings.cpp", "pattern": "/^\tvoid DisplaySettings::Request(const string& newState)$/", "language": "C++", "typeref": "typename:void", "kind": "function", "signature": "(const string & newState)", "scope": "WPEFramework::Plugin::DisplaySettings", "scopeKind": "class"}, {"_type": "tag", "name": "ResolutionPostChange", "path": "/home/kavia/workspace/code-generation/app-gateway2/Supporting_Files/DisplaySettings/DisplaySettings.cpp", "pattern": "/^        void DisplaySettings::ResolutionPostChange(const char *owner, IARM_EventId_t eventId, vo/", "language": "C++", "typeref": "typename:void", "kind": "function", "signature": "(const char * owner,IARM_EventId_t eventId,void * data,size_t len)", "scope": "WPEFramework::Plugin::DisplaySettings", "scopeKind": "class"}, {"_type": "tag", "name": "ResolutionPreChange", "path": "/home/kavia/workspace/code-generation/app-gateway2/Supporting_Files/DisplaySettings/DisplaySettings.cpp", "pattern": "/^        void DisplaySettings::ResolutionPreChange(const char *owner, IARM_EventId_t eventId, voi/", "language": "C++", "typeref": "typename:void", "kind": "function", "signature": "(const char * owner,IARM_EventId_t eventId,void * data,size_t len)", "scope": "WPEFramework::Plugin::DisplaySettings", "scopeKind": "class"}, {"_type": "tag", "name": "SAD_UPDATE_CHECK_TIME_IN_MILLISECONDS", "path": "/home/kavia/workspace/code-generation/app-gateway2/Supporting_Files/DisplaySettings/DisplaySettings.cpp", "pattern": "/^#define SAD_UPDATE_CHECK_TIME_IN_MILLISECONDS /", "file": true, "language": "C++", "kind": "macro"}, {"_type": "tag", "name": "SERVER_DETAILS", "path": "/home/kavia/workspace/code-generation/app-gateway2/Supporting_Files/DisplaySettings/DisplaySettings.cpp", "pattern": "/^#define SERVER_DETAILS /", "file": true, "language": "C++", "kind": "macro"}, {"_type": "tag", "name": "SvcManagerName", "path": "/home/kavia/workspace/code-generation/app-gateway2/Supporting_Files/DisplaySettings/DisplaySettings.cpp", "pattern": "/^        const char *SvcManagerName;$/", "file": true, "language": "C++", "typeref": "typename:const char *", "kind": "member", "scope": "__anon605f61930111::Mapping", "scopeKind": "struct"}, {"_type": "tag", "name": "WARMING_UP_TIME_IN_SECONDS", "path": "/home/kavia/workspace/code-generation/app-gateway2/Supporting_Files/DisplaySettings/DisplaySettings.cpp", "pattern": "/^#define WARMING_UP_TIME_IN_SECONDS /", "file": true, "language": "C++", "kind": "macro"}, {"_type": "tag", "name": "WPEFramework", "path": "/home/kavia/workspace/code-generation/app-gateway2/Supporting_Files/DisplaySettings/DisplaySettings.cpp", "pattern": "/^namespace WPEFramework {$/", "file": true, "language": "C++", "kind": "namespace"}, {"_type": "tag", "name": "ZOOM_SETTINGS_DIRECTORY", "path": "/home/kavia/workspace/code-generation/app-gateway2/Supporting_Files/DisplaySettings/DisplaySettings.cpp", "pattern": "/^#define ZOOM_SETTINGS_DIRECTORY /", "file": true, "language": "C++", "kind": "macro"}, {"_type": "tag", "name": "ZOOM_SETTINGS_FILE", "path": "/home/kavia/workspace/code-generation/app-gateway2/Supporting_Files/DisplaySettings/DisplaySettings.cpp", "pattern": "/^#define ZOOM_SETTINGS_FILE /", "file": true, "language": "C++", "kind": "macro"}, {"_type": "tag", "name": "__anon605f61930111", "path": "/home/kavia/workspace/code-generation/app-gateway2/Supporting_Files/DisplaySettings/DisplaySettings.cpp", "pattern": "/^{$/", "file": true, "language": "C++", "kind": "namespace"}, {"_type": "tag", "name": "__anon605f61930211", "path": "/home/kavia/workspace/code-generation/app-gateway2/Supporting_Files/DisplaySettings/DisplaySettings.cpp", "pattern": "/^    namespace {$/", "file": true, "language": "C++", "kind": "namespace", "scope": "WPEFramework", "scopeKind": "namespace"}, {"_type": "tag", "name": "__anon605f61930311", "path": "/home/kavia/workspace/code-generation/app-gateway2/Supporting_Files/DisplaySettings/DisplaySettings.cpp", "pattern": "/^        namespace {$/", "file": true, "language": "C++", "kind": "namespace", "scope": "WPEFramework::Plugin", "scopeKind": "namespace"}, {"_type": "tag", "name": "__anon605f61930402", "path": "/home/kavia/workspace/code-generation/app-gateway2/Supporting_Files/DisplaySettings/DisplaySettings.cpp", "pattern": "/^                Core::IWorkerPool::Instance().Submit(Core::ProxyType<Core::IDispatchType<void>>(/", "file": true, "language": "C++", "kind": "function", "signature": "() ", "scope": "WPEFramework::Plugin::__anon605f61930311::activate", "scopeKind": "function"}, {"_type": "tag", "name": "__anon605f61930502", "path": "/home/kavia/workspace/code-generation/app-gateway2/Supporting_Files/DisplaySettings/DisplaySettings.cpp", "pattern": "/^\t\t       _instance->m_sendMsgCV.wait(lock, []{return (_instance->m_sendMsgThreadRun == true);});$/", "file": true, "language": "C++", "kind": "function", "scope": "WPEFramework::Plugin::DisplaySettings::sendMsgThread", "scopeKind": "function"}, {"_type": "tag", "name": "_instance", "path": "/home/kavia/workspace/code-generation/app-gateway2/Supporting_Files/DisplaySettings/DisplaySettings.cpp", "pattern": "/^        DisplaySettings* DisplaySettings::_instance = nullptr;$/", "language": "C++", "typeref": "typename:DisplaySettings *", "kind": "member", "scope": "WPEFramework::Plugin::DisplaySettings", "scopeKind": "class"}, {"_type": "tag", "name": "_work", "path": "/home/kavia/workspace/code-generation/app-gateway2/Supporting_Files/DisplaySettings/DisplaySettings.cpp", "pattern": "/^                std::function<void()> _work;$/", "file": true, "language": "C++", "typeref": "typename:std::function<void ()>", "kind": "member", "scope": "WPEFramework::Plugin::__anon605f61930311::Job", "scopeKind": "class"}, {"_type": "tag", "name": "activate", "path": "/home/kavia/workspace/code-generation/app-gateway2/Supporting_Files/DisplaySettings/DisplaySettings.cpp", "pattern": "/^            uint32_t activate(PluginHost::IShell* shell, const string& callsign)$/", "language": "C++", "typeref": "typename:uint32_t", "kind": "function", "signature": "(PluginHost::IShell * shell,const string & callsign)", "scope": "WPEFramework::Plugin::__anon605f61930311", "scopeKind": "namespace"}, {"_type": "tag", "name": "activeInputChanged", "path": "/home/kavia/workspace/code-generation/app-gateway2/Supporting_Files/DisplaySettings/DisplaySettings.cpp", "pattern": "/^        void DisplaySettings::activeInputChanged(bool activeInput)$/", "language": "C++", "typeref": "typename:void", "kind": "function", "signature": "(bool activeInput)", "scope": "WPEFramework::Plugin::DisplaySettings", "scopeKind": "class"}, {"_type": "tag", "name": "audioFormatToString", "path": "/home/kavia/workspace/code-generation/app-gateway2/Supporting_Files/DisplaySettings/DisplaySettings.cpp", "pattern": "/^        void DisplaySettings::audioFormatToString(dsAudioFormat_t audioFormat, JsonObject & resp/", "language": "C++", "typeref": "typename:void", "kind": "function", "signature": "(dsAudioFormat_t audioFormat,JsonObject & response)", "scope": "WPEFramework::Plugin::DisplaySettings", "scopeKind": "class"}, {"_type": "tag", "name": "audioPortInitActive", "path": "/home/kavia/workspace/code-generation/app-gateway2/Supporting_Files/DisplaySettings/DisplaySettings.cpp", "pattern": "/^bool audioPortInitActive = false;$/", "language": "C++", "typeref": "typename:bool", "kind": "variable"}, {"_type": "tag", "name": "audioPortStateEventHandler", "path": "/home/kavia/workspace/code-generation/app-gateway2/Supporting_Files/DisplaySettings/DisplaySettings.cpp", "pattern": "/^        void DisplaySettings::audioPortStateEventHandler(const char *owner, IARM_EventId_t event/", "language": "C++", "typeref": "typename:void", "kind": "function", "signature": "(const char * owner,IARM_EventId_t eventId,void * data,size_t len)", "scope": "WPEFramework::Plugin::DisplaySettings", "scopeKind": "class"}, {"_type": "tag", "name": "checkArcDeviceConnected", "path": "/home/kavia/workspace/code-generation/app-gateway2/Supporting_Files/DisplaySettings/DisplaySettings.cpp", "pattern": "/^        void DisplaySettings::checkArcDeviceConnected() {$/", "language": "C++", "typeref": "typename:void", "kind": "function", "signature": "()", "scope": "WPEFramework::Plugin::DisplaySettings", "scopeKind": "class"}, {"_type": "tag", "name": "checkAtmosCapsEventHandler", "path": "/home/kavia/workspace/code-generation/app-gateway2/Supporting_Files/DisplaySettings/DisplaySettings.cpp", "pattern": "/^\tvoid DisplaySettings::checkAtmosCapsEventHandler(const char *owner, IARM_EventId_t eventId, voi/", "language": "C++", "typeref": "typename:void", "kind": "function", "signature": "(const char * owner,IARM_EventId_t eventId,void * data,size_t len)", "scope": "WPEFramework::Plugin::DisplaySettings", "scopeKind": "class"}, {"_type": "tag", "name": "checkAudioDeviceDetectionTimer", "path": "/home/kavia/workspace/code-generation/app-gateway2/Supporting_Files/DisplaySettings/DisplaySettings.cpp", "pattern": "/^        void DisplaySettings::checkAudioDeviceDetectionTimer()$/", "language": "C++", "typeref": "typename:void", "kind": "function", "signature": "()", "scope": "WPEFramework::Plugin::DisplaySettings", "scopeKind": "class"}, {"_type": "tag", "name": "checkAudioDevicePowerStatusTimer", "path": "/home/kavia/workspace/code-generation/app-gateway2/Supporting_Files/DisplaySettings/DisplaySettings.cpp", "pattern": "/^ void DisplaySettings::checkAudioDevicePowerStatusTimer()$/", "language": "C++", "typeref": "typename:void", "kind": "function", "signature": "()", "scope": "WPEFramework::Plugin::DisplaySettings", "scopeKind": "class"}, {"_type": "tag", "name": "checkPortName", "path": "/home/kavia/workspace/code-generation/app-gateway2/Supporting_Files/DisplaySettings/DisplaySettings.cpp", "pattern": "/^        bool DisplaySettings::checkPortName(std::string& name) const$/", "language": "C++", "typeref": "typename:bool", "kind": "function", "signature": "(std::string & name) const", "scope": "WPEFramework::Plugin::DisplaySettings", "scopeKind": "class"}, {"_type": "tag", "name": "checkSADUpdate", "path": "/home/kavia/workspace/code-generation/app-gateway2/Supporting_Files/DisplaySettings/DisplaySettings.cpp", "pattern": "/^\tvoid  DisplaySettings::checkSADUpdate() {$/", "language": "C++", "typeref": "typename:void", "kind": "function", "signature": "()", "scope": "WPEFramework::Plugin::DisplaySettings", "scopeKind": "class"}, {"_type": "tag", "name": "connectedAudioPortUpdated", "path": "/home/kavia/workspace/code-generation/app-gateway2/Supporting_Files/DisplaySettings/DisplaySettings.cpp", "pattern": "/^        void DisplaySettings::connectedAudioPortUpdated (int iAudioPortType, bool isPortConnecte/", "language": "C++", "typeref": "typename:void", "kind": "function", "signature": "(int iAudioPortType,bool isPortConnected)", "scope": "WPEFramework::Plugin::DisplaySettings", "scopeKind": "class"}, {"_type": "tag", "name": "connectedVideoDisplaysUpdated", "path": "/home/kavia/workspace/code-generation/app-gateway2/Supporting_Files/DisplaySettings/DisplaySettings.cpp", "pattern": "/^        void DisplaySettings::connectedVideoDisplaysUpdated(int hdmiHotPlugEvent)$/", "language": "C++", "typeref": "typename:void", "kind": "function", "signature": "(int hdmiHotPlugEvent)", "scope": "WPEFramework::Plugin::DisplaySettings", "scopeKind": "class"}, {"_type": "tag", "name": "currentResolutionCache", "path": "/home/kavia/workspace/code-generation/app-gateway2/Supporting_Files/DisplaySettings/DisplaySettings.cpp", "pattern": "/^static std::string currentResolutionCache;$/", "file": true, "language": "C++", "typeref": "typename:std::string", "kind": "variable"}, {"_type": "tag", "name": "dsHdmiEventHandler", "path": "/home/kavia/workspace/code-generation/app-gateway2/Supporting_Files/DisplaySettings/DisplaySettings.cpp", "pattern": "/^        void DisplaySettings::dsHdmiEventHandler(const char *owner, IARM_EventId_t eventId, void/", "language": "C++", "typeref": "typename:void", "kind": "function", "signature": "(const char * owner,IARM_EventId_t eventId,void * data,size_t len)", "scope": "WPEFramework::Plugin::DisplaySettings", "scopeKind": "class"}, {"_type": "tag", "name": "dsSettingsChangeEventHandler", "path": "/home/kavia/workspace/code-generation/app-gateway2/Supporting_Files/DisplaySettings/DisplaySettings.cpp", "pattern": "/^        void DisplaySettings::dsSettingsChangeEventHandler(const char *owner, IARM_EventId_t eve/", "language": "C++", "typeref": "typename:void", "kind": "function", "signature": "(const char * owner,IARM_EventId_t eventId,void * data,size_t len)", "scope": "WPEFramework::Plugin::DisplaySettings", "scopeKind": "class"}, {"_type": "tag", "name": "enableSurroundDecoder", "path": "/home/kavia/workspace/code-generation/app-gateway2/Supporting_Files/DisplaySettings/DisplaySettings.cpp", "pattern": "/^        uint32_t DisplaySettings::enableSurroundDecoder(const JsonObject& parameters, JsonObject/", "language": "C++", "typeref": "typename:uint32_t", "kind": "function", "signature": "(const JsonObject & parameters,JsonObject & response)", "scope": "WPEFramework::Plugin::DisplaySettings", "scopeKind": "class"}, {"_type": "tag", "name": "formatUpdateEventHandler", "path": "/home/kavia/workspace/code-generation/app-gateway2/Supporting_Files/DisplaySettings/DisplaySettings.cpp", "pattern": "/^        void DisplaySettings::formatUpdateEventHandler(const char *owner, IARM_EventId_t eventId/", "language": "C++", "typeref": "typename:void", "kind": "function", "signature": "(const char * owner,IARM_EventId_t eventId,void * data,size_t len)", "scope": "WPEFramework::Plugin::DisplaySettings", "scopeKind": "class"}, {"_type": "tag", "name": "getActiveInput", "path": "/home/kavia/workspace/code-generation/app-gateway2/Supporting_Files/DisplaySettings/DisplaySettings.cpp", "pattern": "/^        uint32_t DisplaySettings::getActiveInput(const JsonObject& parameters, JsonObject& respo/", "language": "C++", "typeref": "typename:uint32_t", "kind": "function", "signature": "(const JsonObject & parameters,JsonObject & response)", "scope": "WPEFramework::Plugin::DisplaySettings", "scopeKind": "class"}, {"_type": "tag", "name": "getAssociatedAudioMixing", "path": "/home/kavia/workspace/code-generation/app-gateway2/Supporting_Files/DisplaySettings/DisplaySettings.cpp", "pattern": "/^        uint32_t DisplaySettings::getAssociatedAudioMixing(const JsonObject& parameters, JsonObj/", "language": "C++", "typeref": "typename:uint32_t", "kind": "function", "signature": "(const JsonObject & parameters,JsonObject & response)", "scope": "WPEFramework::Plugin::DisplaySettings", "scopeKind": "class"}, {"_type": "tag", "name": "getAudioDelay", "path": "/home/kavia/workspace/code-generation/app-gateway2/Supporting_Files/DisplaySettings/DisplaySettings.cpp", "pattern": "/^        uint32_t DisplaySettings::getAudioDelay (const JsonObject& parameters, JsonObject& respo/", "language": "C++", "typeref": "typename:uint32_t", "kind": "function", "signature": "(const JsonObject & parameters,JsonObject & response)", "scope": "WPEFramework::Plugin::DisplaySettings", "scopeKind": "class"}, {"_type": "tag", "name": "getAudioDeviceSADState", "path": "/home/kavia/workspace/code-generation/app-gateway2/Supporting_Files/DisplaySettings/DisplaySettings.cpp", "pattern": "/^        int DisplaySettings::getAudioDeviceSADState(void) {$/", "language": "C++", "typeref": "typename:int", "kind": "function", "signature": "(void)", "scope": "WPEFramework::Plugin::DisplaySettings", "scopeKind": "class"}, {"_type": "tag", "name": "getAudioFormat", "path": "/home/kavia/workspace/code-generation/app-gateway2/Supporting_Files/DisplaySettings/DisplaySettings.cpp", "pattern": "/^        uint32_t DisplaySettings::getAudioFormat(const JsonObject& parameters, JsonObject& respo/", "language": "C++", "typeref": "typename:uint32_t", "kind": "function", "signature": "(const JsonObject & parameters,JsonObject & response)", "scope": "WPEFramework::Plugin::DisplaySettings", "scopeKind": "class"}, {"_type": "tag", "name": "getBassEnhancer", "path": "/home/kavia/workspace/code-generation/app-gateway2/Supporting_Files/DisplaySettings/DisplaySettings.cpp", "pattern": "/^        uint32_t DisplaySettings::getBassEnhancer(const JsonObject& parameters, JsonObject& resp/", "language": "C++", "typeref": "typename:uint32_t", "kind": "function", "signature": "(const JsonObject & parameters,JsonObject & response)", "scope": "WPEFramework::Plugin::DisplaySettings", "scopeKind": "class"}, {"_type": "tag", "name": "getColorDepthCapabilities", "path": "/home/kavia/workspace/code-generation/app-gateway2/Supporting_Files/DisplaySettings/DisplaySettings.cpp", "pattern": "/^        uint32_t DisplaySettings::getColorDepthCapabilities(const JsonObject& parameters, JsonOb/", "language": "C++", "typeref": "typename:uint32_t", "kind": "function", "signature": "(const JsonObject & parameters,JsonObject & response)", "scope": "WPEFramework::Plugin::DisplaySettings", "scopeKind": "class"}, {"_type": "tag", "name": "getConnectedAudioPorts", "path": "/home/kavia/workspace/code-generation/app-gateway2/Supporting_Files/DisplaySettings/DisplaySettings.cpp", "pattern": "/^        uint32_t DisplaySettings::getConnectedAudioPorts(const JsonObject& parameters, JsonObjec/", "language": "C++", "typeref": "typename:uint32_t", "kind": "function", "signature": "(const JsonObject & parameters,JsonObject & response)", "scope": "WPEFramework::Plugin::DisplaySettings", "scopeKind": "class"}, {"_type": "tag", "name": "getConnectedVideoDisplays", "path": "/home/kavia/workspace/code-generation/app-gateway2/Supporting_Files/DisplaySettings/DisplaySettings.cpp", "pattern": "/^        uint32_t DisplaySettings::getConnectedVideoDisplays(const JsonObject& parameters, JsonOb/", "language": "C++", "typeref": "typename:uint32_t", "kind": "function", "signature": "(const JsonObject & parameters,JsonObject & response)", "scope": "WPEFramework::Plugin::DisplaySettings", "scopeKind": "class"}, {"_type": "tag", "name": "getConnectedVideoDisplaysHelper", "path": "/home/kavia/workspace/code-generation/app-gateway2/Supporting_Files/DisplaySettings/DisplaySettings.cpp", "pattern": "/^        void DisplaySettings::getConnectedVideoDisplaysHelper(vector<string>& connectedDisplays)$/", "language": "C++", "typeref": "typename:void", "kind": "function", "signature": "(vector<string> & connectedDisplays)", "scope": "WPEFramework::Plugin::DisplaySettings", "scopeKind": "class"}, {"_type": "tag", "name": "getHdmiCecSinkPlugin", "path": "/home/kavia/workspace/code-generation/app-gateway2/Supporting_Files/DisplaySettings/DisplaySettings.cpp", "pattern": "/^        void DisplaySettings::getHdmiCecSinkPlugin()$/", "language": "C++", "typeref": "typename:void", "kind": "function", "signature": "()", "scope": "WPEFramework::Plugin::DisplaySettings", "scopeKind": "class"}], "hash": "989610027062bb92abf2480934a9a602", "format-version": 4, "code-base-name": "app-gateway2", "filename": "Supporting_Files/DisplaySettings/DisplaySettings.cpp", "fields": [{"name": "const char * IArmBusName", "scope": "__anon605f61930111::Mapping", "scopeKind": "struct", "description": "unavailable"}, {"name": "const char * SvcManagerName", "scope": "__anon605f61930111::Mapping", "scopeKind": "struct", "description": "unavailable"}, {"name": "DisplaySettings * _instance", "scope": "WPEFramework::Plugin::DisplaySettings", "scopeKind": "class", "description": "unavailable"}, {"name": "std::function<void ()> _work", "scope": "WPEFramework::Plugin::__anon605f61930311::Job", "scopeKind": "class", "description": "unavailable"}, {"name": "bool audioPortInitActive", "scope": "", "scopeKind": "", "description": "unavailable"}, {"name": "std::string currentResolutionCache", "scope": "", "scopeKind": "", "description": "unavailable"}], "revision_history": [{"893": "ef86df2c8df3fef6f567643b583ee28870c1ba4c"}]}