{"is_source_file": true, "format": "C++ header file", "description": "This file defines a utility class UtilsUUID that provides a static method GenerateUUID() for generating UUID strings using the uuid library.", "external_files": ["<uuid/uuid.h>"], "external_methods": ["uuid_generate", "uuid_unparse_lower", "uuid_clear"], "published": ["UtilsUUID"], "classes": [{"name": "UtilsUUID", "description": "A utility class providing a static method to generate UUIDs."}], "methods": [{"name": "std::string GenerateUUID()", "description": "Generates a Version 4 UUID and returns it as a lowercase string.", "scope": "UtilsUUID", "scopeKind": "class"}], "calls": ["uuid_generate", "uuid_unparse_lower", "uuid_clear"], "search-terms": ["UtilsUUID", "GenerateUUID", "UUID", "uuid_generate", "uuid_unparse_lower"], "state": 2, "file_id": 141, "knowledge_revision": 472, "git_revision": "11687bdf35796aa59ae3a1afecde9935f4bdd400", "ctags": [{"_type": "tag", "name": "GenerateUUID", "path": "/home/kavia/workspace/code-generation/app-gateway2/Supporting_Files/UtilsUUID.h", "pattern": "/^    static std::string GenerateUUID() {$/", "language": "C++", "typeref": "typename:std::string", "kind": "function", "signature": "()", "scope": "UtilsUUID", "scopeKind": "class"}, {"_type": "tag", "name": "UtilsUUID", "path": "/home/kavia/workspace/code-generation/app-gateway2/Supporting_Files/UtilsUUID.h", "pattern": "/^class UtilsUUID {$/", "language": "C++", "kind": "class"}], "hash": "c06a3d4b7257d7f3c1fa041c505dbc0f", "format-version": 4, "code-base-name": "app-gateway2", "filename": "Supporting_Files/UtilsUUID.h", "revision_history": [{"472": "11687bdf35796aa59ae3a1afecde9935f4bdd400"}]}