{"is_source_file": false, "format": "", "description": "", "external_files": [], "external_methods": [], "published": [], "classes": [], "methods": [], "calls": [], "search-terms": [], "state": 2, "file_id": 269, "knowledge_revision": 879, "git_revision": "ef86df2c8df3fef6f567643b583ee28870c1ba4c", "ctags": [], "hash": "8084e87232c1d4807b2716be75c0cba3", "format-version": 4, "code-base-name": "app-gateway2", "filename": "Supporting_Files/RDKShell/Module.cpp", "revision_history": [{"879": "ef86df2c8df3fef6f567643b583ee28870c1ba4c"}]}