{"is_source_file": false, "format": "", "description": "", "external_files": [], "external_methods": [], "published": [], "classes": [], "methods": [], "calls": [], "search-terms": [], "state": 2, "file_id": 241, "knowledge_revision": 768, "git_revision": "35d3784ecdb3de8910f57a6e529a5a0d9a0a42aa", "hash": "8629dd7e98b4ae55a9a31feb0f8ca5b2", "format-version": 4, "code-base-name": "app-gateway2", "filename": "Supporting_Files/money-badger-open-rpc.json", "revision_history": [{"768": "35d3784ecdb3de8910f57a6e529a5a0d9a0a42aa"}]}