{"is_source_file": true, "format": "Rust", "description": "Build script for generating version constants using the vergen crate.", "external_files": ["vergen::{vergen, ConstantsFlags}"], "external_methods": ["vergen"], "published": [], "classes": [], "methods": [{"name": "main()", "description": "Entry point that generates build-time version constants and asserts success.", "scope": "", "scopeKind": ""}], "calls": ["vergen::vergen"], "search-terms": ["vergen", "ConstantsFlags", "build.rs", "version constants", "vergen crate"], "state": 2, "file_id": 207, "knowledge_revision": 695, "git_revision": "7541615396d97800a8dedd6a14e20d3bd2197bf0", "ctags": [{"_type": "tag", "name": "main", "path": "/home/kavia/workspace/code-generation/app-gateway2/Supporting_Files/Ripple_Badger_Extn/build.rs", "pattern": "/^fn main() {$/", "language": "Rust", "kind": "function", "signature": "()"}], "hash": "169e96d66b9be6c783e84ac5d67360e6", "format-version": 4, "code-base-name": "app-gateway2", "filename": "Supporting_Files/Ripple_Badger_Extn/build.rs", "revision_history": [{"695": "7541615396d97800a8dedd6a14e20d3bd2197bf0"}]}