{"is_source_file": true, "format": "Rust", "description": "This file defines enums, structs, and implementations related to API grant types and authorization logic, including grant types, authorization outcomes, API names, and grant request/response structures.", "external_files": ["std::fmt", "std::str::FromStr"], "external_methods": ["fmt::Display::fmt", "str::to_lowercase", "String::as_str"], "published": ["ApiRequestedGrantType", "AuthorizationDisposition", "AuthorizationOutCome", "ApiName", "ApiGrantRequest", "ApiGrantResponse"], "classes": [{"name": "ApiRequestedGrantType", "description": "An enum representing different types of API requested grants (ReadOnly, Write, Update, Denied)."}, {"name": "AuthorizationDisposition", "description": "An enum indicating whether authorization was allowed or denied."}, {"name": "AuthorizationOutCome", "description": "A struct encapsulating the grant type and the disposition outcome of an authorization."}, {"name": "ApiName", "description": "An enum representing different API names (e.g., TimeZone, Zipcode, AccountUid, etc.) with parsing and display implementations."}, {"name": "ApiGrantRequest", "description": "A struct for API grant request details, including app ID, partner ID, API name, requested grant, and optional capability."}, {"name": "ApiGrantResponse", "description": "A struct containing the request and the outcome of an API grant response."}], "methods": [{"name": "value(self) -> String", "description": "Returns the string representation of an ApiRequestedGrantType.", "scope": "ApiRequestedGrantType", "scopeKind": "implementation"}, {"name": "from_str(api_in_str: &str) -> Result<Self, Self::Err>", "description": "Parses a string into an ApiRequestedGrantType.", "scope": "ApiName", "scopeKind": "implementation"}, {"name": "from_str(grant_type: String) -> ApiRequestedGrantType", "description": "Parses a string into an ApiName enum variant.", "scope": "ApiRequestedGrantType", "scopeKind": "implementation"}, {"name": "fmt(&self, f: &mut fmt::Formatter<'_>) -> fmt::Result", "description": "Implements the display trait for ApiName to convert it to a string.", "scope": "ApiName", "scopeKind": "implementation"}], "calls": ["match self { ApiRequestedGrantType::ReadOnly => ... }", "match grant_type.as_str() { ... }", "match api_in_str.to_lowercase().as_str().replace(\"badger.\" , \"\")", "write!(f, \"localization.postalcode\")", "write!(f, \"no.api\")", "write!(f, \"info.timezone\")", "write!(f, \"account.uid\")", "write!(f, \"info.receiverId\")", "write!(f, \"device.model\")"], "search-terms": ["ApiRequestedGrantType", "AuthorizationDisposition", "AuthorizationOutCome", "ApiName", "ApiGrantRequest", "ApiGrantResponse", "API grant types", "authorization enums", "Rust API enums", "API name parsing"], "state": 2, "file_id": 152, "knowledge_revision": 513, "git_revision": "32b0bb639375ee19b69b68f8ce79692a3d49912e", "ctags": [{"_type": "tag", "name": "AccountUid", "path": "/home/kavia/workspace/code-generation/app-gateway2/Supporting_Files/Badger/api_grants.rs", "pattern": "/^    AccountUid,$/", "language": "Rust", "kind": "enumerator", "scope": "ApiName", "scopeKind": "enum"}, {"_type": "tag", "name": "Allowed", "path": "/home/kavia/workspace/code-generation/app-gateway2/Supporting_Files/Badger/api_grants.rs", "pattern": "/^    Allowed,$/", "language": "Rust", "kind": "enumerator", "scope": "AuthorizationDisposition", "scopeKind": "enum"}, {"_type": "tag", "name": "ApiGrantRequest", "path": "/home/kavia/workspace/code-generation/app-gateway2/Supporting_Files/Badger/api_grants.rs", "pattern": "/^pub struct ApiGrantRequest {$/", "language": "Rust", "kind": "struct"}, {"_type": "tag", "name": "ApiGrantResponse", "path": "/home/kavia/workspace/code-generation/app-gateway2/Supporting_Files/Badger/api_grants.rs", "pattern": "/^pub struct ApiGrantResponse {$/", "language": "Rust", "kind": "struct"}, {"_type": "tag", "name": "ApiName", "path": "/home/kavia/workspace/code-generation/app-gateway2/Supporting_Files/Badger/api_grants.rs", "pattern": "/^impl FromStr for ApiName {$/", "language": "Rust", "kind": "implementation"}, {"_type": "tag", "name": "ApiName", "path": "/home/kavia/workspace/code-generation/app-gateway2/Supporting_Files/Badger/api_grants.rs", "pattern": "/^impl fmt::Display for ApiName {$/", "language": "Rust", "kind": "implementation"}, {"_type": "tag", "name": "ApiName", "path": "/home/kavia/workspace/code-generation/app-gateway2/Supporting_Files/Badger/api_grants.rs", "pattern": "/^pub enum ApiName {$/", "language": "Rust", "kind": "enum"}, {"_type": "tag", "name": "ApiRequestedGrantType", "path": "/home/kavia/workspace/code-generation/app-gateway2/Supporting_Files/Badger/api_grants.rs", "pattern": "/^impl ApiRequestedGrantType {$/", "language": "Rust", "kind": "implementation"}, {"_type": "tag", "name": "ApiRequestedGrantType", "path": "/home/kavia/workspace/code-generation/app-gateway2/Supporting_Files/Badger/api_grants.rs", "pattern": "/^pub enum ApiRequestedGrantType {$/", "language": "Rust", "kind": "enum"}, {"_type": "tag", "name": "AuthorizationDisposition", "path": "/home/kavia/workspace/code-generation/app-gateway2/Supporting_Files/Badger/api_grants.rs", "pattern": "/^pub enum AuthorizationDisposition {$/", "language": "Rust", "kind": "enum"}, {"_type": "tag", "name": "AuthorizationOutCome", "path": "/home/kavia/workspace/code-generation/app-gateway2/Supporting_Files/Badger/api_grants.rs", "pattern": "/^pub struct AuthorizationOutCome {$/", "language": "Rust", "kind": "struct"}, {"_type": "tag", "name": "Denied", "path": "/home/kavia/workspace/code-generation/app-gateway2/Supporting_Files/Badger/api_grants.rs", "pattern": "/^    Denied,$/", "language": "Rust", "kind": "enumerator", "scope": "ApiRequestedGrantType", "scopeKind": "enum"}, {"_type": "tag", "name": "Denied", "path": "/home/kavia/workspace/code-generation/app-gateway2/Supporting_Files/Badger/api_grants.rs", "pattern": "/^    Denied,$/", "language": "Rust", "kind": "enumerator", "scope": "AuthorizationDisposition", "scopeKind": "enum"}, {"_type": "tag", "name": "DeviceModel", "path": "/home/kavia/workspace/code-generation/app-gateway2/Supporting_Files/Badger/api_grants.rs", "pattern": "/^    DeviceModel,$/", "language": "Rust", "kind": "enumerator", "scope": "ApiName", "scopeKind": "enum"}, {"_type": "tag", "name": "DeviceUid", "path": "/home/kavia/workspace/code-generation/app-gateway2/Supporting_Files/Badger/api_grants.rs", "pattern": "/^    DeviceUid,$/", "language": "Rust", "kind": "enumerator", "scope": "ApiName", "scopeKind": "enum"}, {"_type": "tag", "name": "Err", "path": "/home/kavia/workspace/code-generation/app-gateway2/Supporting_Files/Badger/api_grants.rs", "pattern": "/^    type Err = ();$/", "language": "Rust", "kind": "typedef", "scope": "ApiName", "scopeKind": "implementation"}, {"_type": "tag", "name": "HashedIds", "path": "/home/kavia/workspace/code-generation/app-gateway2/Supporting_Files/Badger/api_grants.rs", "pattern": "/^    HashedIds,$/", "language": "Rust", "kind": "enumerator", "scope": "ApiName", "scopeKind": "enum"}, {"_type": "tag", "name": "HouseholdId", "path": "/home/kavia/workspace/code-generation/app-gateway2/Supporting_Files/Badger/api_grants.rs", "pattern": "/^    HouseholdId,$/", "language": "Rust", "kind": "enumerator", "scope": "ApiName", "scopeKind": "enum"}, {"_type": "tag", "name": "NoApi", "path": "/home/kavia/workspace/code-generation/app-gateway2/Supporting_Files/Badger/api_grants.rs", "pattern": "/^    NoApi,$/", "language": "Rust", "kind": "enumerator", "scope": "ApiName", "scopeKind": "enum"}, {"_type": "tag", "name": "ReadOnly", "path": "/home/kavia/workspace/code-generation/app-gateway2/Supporting_Files/Badger/api_grants.rs", "pattern": "/^    ReadOnly,$/", "language": "Rust", "kind": "enumerator", "scope": "ApiRequestedGrantType", "scopeKind": "enum"}, {"_type": "tag", "name": "ReceiverId", "path": "/home/kavia/workspace/code-generation/app-gateway2/Supporting_Files/Badger/api_grants.rs", "pattern": "/^    ReceiverId,$/", "language": "Rust", "kind": "enumerator", "scope": "ApiName", "scopeKind": "enum"}, {"_type": "tag", "name": "TimeZone", "path": "/home/kavia/workspace/code-generation/app-gateway2/Supporting_Files/Badger/api_grants.rs", "pattern": "/^    TimeZone,$/", "language": "Rust", "kind": "enumerator", "scope": "ApiName", "scopeKind": "enum"}, {"_type": "tag", "name": "Update", "path": "/home/kavia/workspace/code-generation/app-gateway2/Supporting_Files/Badger/api_grants.rs", "pattern": "/^    Update,$/", "language": "Rust", "kind": "enumerator", "scope": "ApiRequestedGrantType", "scopeKind": "enum"}, {"_type": "tag", "name": "Write", "path": "/home/kavia/workspace/code-generation/app-gateway2/Supporting_Files/Badger/api_grants.rs", "pattern": "/^    Write,$/", "language": "Rust", "kind": "enumerator", "scope": "ApiRequestedGrantType", "scopeKind": "enum"}, {"_type": "tag", "name": "Zipcode", "path": "/home/kavia/workspace/code-generation/app-gateway2/Supporting_Files/Badger/api_grants.rs", "pattern": "/^    Zipcode,$/", "language": "Rust", "kind": "enumerator", "scope": "ApiName", "scopeKind": "enum"}, {"_type": "tag", "name": "api_name", "path": "/home/kavia/workspace/code-generation/app-gateway2/Supporting_Files/Badger/api_grants.rs", "pattern": "/^    pub api_name: ApiName,$/", "language": "Rust", "kind": "field", "scope": "ApiGrantRequest", "scopeKind": "struct"}, {"_type": "tag", "name": "app_id", "path": "/home/kavia/workspace/code-generation/app-gateway2/Supporting_Files/Badger/api_grants.rs", "pattern": "/^    pub app_id: String,$/", "language": "Rust", "kind": "field", "scope": "ApiGrantRequest", "scopeKind": "struct"}, {"_type": "tag", "name": "capability", "path": "/home/kavia/workspace/code-generation/app-gateway2/Supporting_Files/Badger/api_grants.rs", "pattern": "/^    pub capability: Option<String>,$/", "language": "Rust", "kind": "field", "scope": "ApiGrantRequest", "scopeKind": "struct"}, {"_type": "tag", "name": "disposition", "path": "/home/kavia/workspace/code-generation/app-gateway2/Supporting_Files/Badger/api_grants.rs", "pattern": "/^    pub disposition: AuthorizationDisposition,$/", "language": "Rust", "kind": "field", "scope": "AuthorizationOutCome", "scopeKind": "struct"}, {"_type": "tag", "name": "fmt", "path": "/home/kavia/workspace/code-generation/app-gateway2/Supporting_Files/Badger/api_grants.rs", "pattern": "/^    fn fmt(&self, f: &mut fmt::Formatter<'_>) -> fmt::Result {$/", "language": "Rust", "kind": "method", "signature": "(&self, f: &mut fmt::Formatter<'_>) -> fmt::Result", "scope": "ApiName", "scopeKind": "implementation"}, {"_type": "tag", "name": "from_str", "path": "/home/kavia/workspace/code-generation/app-gateway2/Supporting_Files/Badger/api_grants.rs", "pattern": "/^    fn from_str(api_in_str: &str) -> Result<Self, Self::Err> {$/", "language": "Rust", "kind": "method", "signature": "(api_in_str: &str) -> Result<Self, Self::Err>", "scope": "ApiName", "scopeKind": "implementation"}, {"_type": "tag", "name": "from_str", "path": "/home/kavia/workspace/code-generation/app-gateway2/Supporting_Files/Badger/api_grants.rs", "pattern": "/^    pub fn from_str(grant_type: String) -> ApiRequestedGrantType {$/", "language": "Rust", "kind": "method", "signature": "(grant_type: String) -> ApiRequestedGrantType", "scope": "ApiRequestedGrantType", "scopeKind": "implementation"}, {"_type": "tag", "name": "grant_type", "path": "/home/kavia/workspace/code-generation/app-gateway2/Supporting_Files/Badger/api_grants.rs", "pattern": "/^    pub grant_type: ApiRequestedGrantType,$/", "language": "Rust", "kind": "field", "scope": "AuthorizationOutCome", "scopeKind": "struct"}, {"_type": "tag", "name": "outcome", "path": "/home/kavia/workspace/code-generation/app-gateway2/Supporting_Files/Badger/api_grants.rs", "pattern": "/^    pub outcome: AuthorizationOutCome,$/", "language": "Rust", "kind": "field", "scope": "ApiGrantResponse", "scopeKind": "struct"}, {"_type": "tag", "name": "partner_id", "path": "/home/kavia/workspace/code-generation/app-gateway2/Supporting_Files/Badger/api_grants.rs", "pattern": "/^    pub partner_id: String,$/", "language": "Rust", "kind": "field", "scope": "ApiGrantRequest", "scopeKind": "struct"}, {"_type": "tag", "name": "request", "path": "/home/kavia/workspace/code-generation/app-gateway2/Supporting_Files/Badger/api_grants.rs", "pattern": "/^    pub request: ApiGrantRequest,$/", "language": "Rust", "kind": "field", "scope": "ApiGrantResponse", "scopeKind": "struct"}, {"_type": "tag", "name": "requested_grant", "path": "/home/kavia/workspace/code-generation/app-gateway2/Supporting_Files/Badger/api_grants.rs", "pattern": "/^    pub requested_grant: ApiRequestedGrantType,$/", "language": "Rust", "kind": "field", "scope": "ApiGrantRequest", "scopeKind": "struct"}, {"_type": "tag", "name": "value", "path": "/home/kavia/workspace/code-generation/app-gateway2/Supporting_Files/Badger/api_grants.rs", "pattern": "/^    pub fn value(self) -> String {$/", "language": "Rust", "kind": "method", "signature": "(self) -> String", "scope": "ApiRequestedGrantType", "scopeKind": "implementation"}], "hash": "d5b4611512213bc95537b1105283f3eb", "format-version": 4, "code-base-name": "app-gateway2", "filename": "Supporting_Files/Badger/api_grants.rs", "fields": [{"name": "pub api_name: ApiName,", "scope": "ApiGrantRequest", "scopeKind": "struct", "description": "unavailable"}, {"name": "pub app_id: String,", "scope": "ApiGrantRequest", "scopeKind": "struct", "description": "unavailable"}, {"name": "pub capability: Option<String>,", "scope": "ApiGrantRequest", "scopeKind": "struct", "description": "unavailable"}, {"name": "pub disposition: AuthorizationDisposition,", "scope": "AuthorizationOutCome", "scopeKind": "struct", "description": "unavailable"}, {"name": "pub grant_type: ApiRequestedGrantType,", "scope": "AuthorizationOutCome", "scopeKind": "struct", "description": "unavailable"}, {"name": "pub outcome: AuthorizationOutCome,", "scope": "ApiGrantResponse", "scopeKind": "struct", "description": "unavailable"}, {"name": "pub partner_id: String,", "scope": "ApiGrantRequest", "scopeKind": "struct", "description": "unavailable"}, {"name": "pub request: ApiGrantRequest,", "scope": "ApiGrantResponse", "scopeKind": "struct", "description": "unavailable"}, {"name": "pub requested_grant: ApiRequestedGrantType,", "scope": "ApiGrantRequest", "scopeKind": "struct", "description": "unavailable"}], "revision_history": [{"513": "32b0bb639375ee19b69b68f8ce79692a3d49912e"}]}