{"is_source_file": false, "format": "", "description": "", "external_files": [], "external_methods": [], "published": [], "classes": [], "methods": [], "calls": [], "search-terms": [], "state": 2, "file_id": 282, "knowledge_revision": 886, "git_revision": "ef86df2c8df3fef6f567643b583ee28870c1ba4c", "hash": "9ecabbadcf1a189d8a52cd993f007424", "format-version": 4, "code-base-name": "app-gateway2", "filename": "Supporting_Files/DisplaySettings/DisplaySettings.json", "revision_history": [{"886": "ef86df2c8df3fef6f567643b583ee28870c1ba4c"}]}