{"is_source_file": true, "format": "C++ header file", "description": "This file contains a utility function ResolveQuery within the WPEFramework::Utils namespace, designed to extract a value associated with a key from a query string. It includes licensing information, include directives, and a single function implementation.", "external_files": ["UtilsLogging.h", "<plugins/plugins.h>"], "external_methods": ["LOGWARN", "LOGERR", "LOGINFO"], "published": [], "classes": [], "methods": [{"name": "std::string ResolveQuery(const std::string & query,const std::string & key)", "description": "Extracts the value associated with a specified key from a query string.", "scope": "WPEFramework::Utils", "scopeKind": "namespace"}], "calls": ["LOGWARN", "LOGERR", "LOGINFO"], "search-terms": ["ResolveQuery", "UtilsConnections.h", "WPEFramework", "query parsing", "string extraction"], "state": 2, "file_id": 147, "knowledge_revision": 477, "git_revision": "11687bdf35796aa59ae3a1afecde9935f4bdd400", "ctags": [{"_type": "tag", "name": "ResolveQuery", "path": "/home/kavia/workspace/code-generation/app-gateway2/Supporting_Files/UtilsConnections.h", "pattern": "/^        std::string ResolveQuery(const std::string &query, const std::string &key)$/", "language": "C++", "typeref": "typename:std::string", "kind": "function", "signature": "(const std::string & query,const std::string & key)", "scope": "WPEFramework::Utils", "scopeKind": "namespace"}, {"_type": "tag", "name": "Utils", "path": "/home/kavia/workspace/code-generation/app-gateway2/Supporting_Files/UtilsConnections.h", "pattern": "/^    namespace Utils$/", "language": "C++", "kind": "namespace", "scope": "WPEFramework", "scopeKind": "namespace"}, {"_type": "tag", "name": "WPEFramework", "path": "/home/kavia/workspace/code-generation/app-gateway2/Supporting_Files/UtilsConnections.h", "pattern": "/^namespace WPEFramework$/", "language": "C++", "kind": "namespace"}], "hash": "2ca74de1c39a172d21706a9587a7184d", "format-version": 4, "code-base-name": "app-gateway2", "filename": "Supporting_Files/UtilsConnections.h", "revision_history": [{"477": "11687bdf35796aa59ae3a1afecde9935f4bdd400"}]}