{"is_source_file": true, "format": "Rust", "description": "Source file for handling device info and system capabilities in a set-top box or similar device, including functions to retrieve and cache device capabilities, system versions, HDR, HDCP, audio modes, resolution, and event subscriptions.", "external_files": ["crate::badger_state::BadgerState", "ripple_sdk::api::device::device_info_request::{DeviceCapabilities, FirmwareInfo, DEVICE_INFO_AUTHORIZED, DEVICE_MAKE_MODEL_AUTHORIZED, DEVICE_SKU_AUTHORIZED}", "ripple_sdk::api::device::device_request::{AudioProfile, HDCPStatus, HdrProfile, Resolution}", "ripple_sdk::log::{error, info}", "ripple_sdk::serde_json::{self, Value}", "ripple_sdk::tokio::{join, sync::Mutex}", "serde::{Deserialize, Serialize}", "std::collections::HashMap", "thunder_ripple_sdk::processors::thunder_device_info::ThunderDeviceInfoRequestProcessor", "thunder_ripple_sdk::client::{device_operator::{DeviceCallRequest, DeviceOperator, DeviceResponseMessage, DeviceSubscribeRequest}, thunder_plugin::ThunderPlugin}", "thunder_ripple_sdk::utils::check_thunder_response_success", "tokio::sync::mpsc"], "external_methods": ["ThunderDeviceInfoRequestProcessor::get_timezone_and_offset", "check_thunder_response_success", "get_native_dimensions", "update_native_dimensions", "get_scene_dimensions", "update_account_session", "get_thunder_client", "call", "subscribe", "update_is_wifi_device", "get_version", "update_version", "get_make", "update_make", "get_model", "update_model", "get_hdr", "update_hdr_profile", "get_hdcp_status", "update_hdcp_status", "get_audio", "update_audio_profile"], "published": ["get_device_capabilities", "subscribe_to_device_changes", "get_capabilities"], "classes": [{"name": "SystemVersion", "description": "Represents system version information including STB and receiver versions and timestamp, along with success status."}, {"name": "ThunderHDCPStatus", "description": "Wraps the HDCP status and success indicator."}, {"name": "BadgerHDR", "description": "Contains supported HDR profiles for top settop and TV."}, {"name": "BadgerHdrProfile", "description": "Enumerates HDR profiles such as HDR10, HDR10+, HLG, Dolby Vision, and Technicolor."}, {"name": "BadgerWebBrowser", "description": "Details user agent, version, and browser type for the web browser."}, {"name": "BadgerHDCP", "description": "Details about HDCP version support and connection status."}, {"name": "BadgerAudioModes", "description": "Current and supported audio modes."}, {"name": "BadgerNetworkConnectivity", "description": "Network interface and connectivity status."}, {"name": "BadgerNetworkConnectivityStatus", "description": "Enumeration for network connectivity status: NoActiveNetworkInterface or Success."}, {"name": "ThunderTimezoneResponse", "description": "Response for device timezone data."}], "methods": [{"name": "get_device_capabilities( state: &BadgerState, keys: &[&str], ) -> DeviceCapabilities", "description": "Retrieve various device capabilities, optionally cached, including resolution, firmware info, HDR, HDCP, audio, model, and make.", "scope": "", "scopeKind": ""}, {"name": "subscribe_to_device_changes(cached_state: &BadgerState)", "description": "Set up subscriptions to device change events, handling timezone, resolution, connectivity, HDCP, and audio format updates.", "scope": "", "scopeKind": ""}, {"name": "get_capabilities", "description": "Alias or helper for retrieving device capabilities."}, {"name": "from(value: HdrProfile) -> Self", "scope": "BadgerHdrProfile", "scopeKind": "implementation", "description": "unavailable"}, {"name": "get_audio(state: &BadgerState) -> HashMap<AudioProfile, bool>", "scope": "", "scopeKind": "", "description": "unavailable"}, {"name": "get_audio_profile_from_value(value: Value) -> HashMap<AudioProfile, bool>", "scope": "", "scopeKind": "", "description": "unavailable"}, {"name": "get_cached_audio(state: &BadgerState) -> HashMap<AudioProfile, bool>", "scope": "", "scopeKind": "", "description": "unavailable"}, {"name": "get_cached_hdcp(state: &BadgerState) -> HDCPStatus", "scope": "", "scopeKind": "", "description": "unavailable"}, {"name": "get_cached_hdr(state: &BadgerState) -> HashMap<HdrProfile, bool>", "scope": "", "scopeKind": "", "description": "unavailable"}, {"name": "get_cached_make(state: &BadgerState) -> String", "scope": "", "scopeKind": "", "description": "unavailable"}, {"name": "get_cached_model(state: &BadgerState) -> String", "scope": "", "scopeKind": "", "description": "unavailable"}, {"name": "get_cached_screen_resolution(state: &BadgerState) -> Vec<i32>", "scope": "", "scopeKind": "", "description": "unavailable"}, {"name": "get_cached_video_resolution(state: &BadgerState) -> Vec<i32>", "scope": "", "scopeKind": "", "description": "unavailable"}, {"name": "get_current_resolution_once(state: &BadgerState) -> Option<Vec<i32>>", "scope": "", "scopeKind": "", "description": "unavailable"}, {"name": "get_default_resolution(state: &BadgerState) -> Result<Vec<i32>, ()>", "scope": "", "scopeKind": "", "description": "unavailable"}, {"name": "get_dimension_from_resolution(resolution: &str) -> Vec<i32>", "scope": "", "scopeKind": "", "description": "unavailable"}, {"name": "get_hdcp_status(state: &BadgerState) -> HDCPStatus", "scope": "", "scopeKind": "", "description": "unavailable"}, {"name": "get_hdr(state: &BadgerState) -> HashMap<HdrProfile, bool>", "scope": "", "scopeKind": "", "description": "unavailable"}, {"name": "get_make(state: &BadgerState) -> String", "scope": "", "scopeKind": "", "description": "unavailable"}, {"name": "get_model(state: &BadgerState) -> String", "scope": "", "scopeKind": "", "description": "unavailable"}, {"name": "get_os_info(state: &BadgerState) -> FirmwareInfo", "scope": "", "scopeKind": "", "description": "unavailable"}, {"name": "get_screen_resolution(state: &BadgerState) -> Vec<i32>", "scope": "", "scopeKind": "", "description": "unavailable"}, {"name": "get_system_versions_once(state: &BadgerState) -> Option<serde_json::Value>", "scope": "", "scopeKind": "", "description": "unavailable"}, {"name": "get_video_resolution(state: &BadgerState) -> Vec<i32>", "scope": "", "scopeKind": "", "description": "unavailable"}, {"name": "test_get_audio_profile_from_value()", "scope": "tests", "scopeKind": "module", "description": "unavailable"}, {"name": "test_get_audio_profile_from_value_empty()", "scope": "tests", "scopeKind": "module", "description": "unavailable"}, {"name": "test_get_cached_audio()", "scope": "tests", "scopeKind": "module", "description": "unavailable"}, {"name": "test_get_cached_hdcp()", "scope": "tests", "scopeKind": "module", "description": "unavailable"}, {"name": "test_get_cached_hdr()", "scope": "tests", "scopeKind": "module", "description": "unavailable"}, {"name": "test_get_cached_make()", "scope": "tests", "scopeKind": "module", "description": "unavailable"}, {"name": "test_get_cached_model()", "scope": "tests", "scopeKind": "module", "description": "unavailable"}, {"name": "test_get_cached_screen_resolution()", "scope": "tests", "scopeKind": "module", "description": "unavailable"}, {"name": "test_get_cached_video_resolution()", "scope": "tests", "scopeKind": "module", "description": "unavailable"}, {"name": "test_get_dimension_from_resolution()", "scope": "tests", "scopeKind": "module", "description": "unavailable"}, {"name": "test_get_dimension_from_resolution_invalid()", "scope": "tests", "scopeKind": "module", "description": "unavailable"}], "calls": ["get_thunder_client().call", "client.subscribe", "ThunderDeviceInfoRequestProcessor::get_timezone_and_offset", "get_hdcp_status", "get_hdr", "get_audio", "get_cached_video_resolution", "get_cached_screen_resolution", "get_cached_make", "get_cached_model", "get_cached_hdr", "get_cached_hdcp", "get_cached_audio"], "search-terms": ["device capabilities", "resolution cache", "HDR profiles", "HDCP status", "audio modes", "system versions", "subscribe events", "get system info", "device info request", "resolution determination"], "state": 2, "file_id": 210, "knowledge_revision": 703, "git_revision": "7541615396d97800a8dedd6a14e20d3bd2197bf0", "ctags": [{"_type": "tag", "name": "BadgerAudioModes", "path": "/home/kavia/workspace/code-generation/app-gateway2/Supporting_Files/Ripple_Badger_Extn/handlers/badger_device_info.rs", "pattern": "/^pub struct BadgerAudioModes {$/", "language": "Rust", "kind": "struct"}, {"_type": "tag", "name": "BadgerHDCP", "path": "/home/kavia/workspace/code-generation/app-gateway2/Supporting_Files/Ripple_Badger_Extn/handlers/badger_device_info.rs", "pattern": "/^pub struct BadgerHDCP {$/", "language": "Rust", "kind": "struct"}, {"_type": "tag", "name": "BadgerHDR", "path": "/home/kavia/workspace/code-generation/app-gateway2/Supporting_Files/Ripple_Badger_Extn/handlers/badger_device_info.rs", "pattern": "/^pub struct BadgerHDR {$/", "language": "Rust", "kind": "struct"}, {"_type": "tag", "name": "BadgerHdrProfile", "path": "/home/kavia/workspace/code-generation/app-gateway2/Supporting_Files/Ripple_Badger_Extn/handlers/badger_device_info.rs", "pattern": "/^impl From<HdrProfile> for BadgerHdrProfile {$/", "language": "Rust", "kind": "implementation"}, {"_type": "tag", "name": "BadgerHdrProfile", "path": "/home/kavia/workspace/code-generation/app-gateway2/Supporting_Files/Ripple_Badger_Extn/handlers/badger_device_info.rs", "pattern": "/^pub enum BadgerHdrProfile {$/", "language": "Rust", "kind": "enum"}, {"_type": "tag", "name": "BadgerNetworkConnectivity", "path": "/home/kavia/workspace/code-generation/app-gateway2/Supporting_Files/Ripple_Badger_Extn/handlers/badger_device_info.rs", "pattern": "/^pub struct BadgerNetworkConnectivity {$/", "language": "Rust", "kind": "struct"}, {"_type": "tag", "name": "BadgerNetworkConnectivityStatus", "path": "/home/kavia/workspace/code-generation/app-gateway2/Supporting_Files/Ripple_Badger_Extn/handlers/badger_device_info.rs", "pattern": "/^pub enum BadgerNetworkConnectivityStatus {$/", "language": "Rust", "kind": "enum"}, {"_type": "tag", "name": "BadgerWebBrowser", "path": "/home/kavia/workspace/code-generation/app-gateway2/Supporting_Files/Ripple_Badger_Extn/handlers/badger_device_info.rs", "pattern": "/^pub struct BadgerWebBrowser {$/", "language": "Rust", "kind": "struct"}, {"_type": "tag", "name": "DolbyVision", "path": "/home/kavia/workspace/code-generation/app-gateway2/Supporting_Files/Ripple_Badger_Extn/handlers/badger_device_info.rs", "pattern": "/^    DolbyVision,$/", "language": "Rust", "kind": "enumerator", "scope": "BadgerHdrProfile", "scopeKind": "enum"}, {"_type": "tag", "name": "Hdr10", "path": "/home/kavia/workspace/code-generation/app-gateway2/Supporting_Files/Ripple_Badger_Extn/handlers/badger_device_info.rs", "pattern": "/^    Hdr10,$/", "language": "Rust", "kind": "enumerator", "scope": "BadgerHdrProfile", "scopeKind": "enum"}, {"_type": "tag", "name": "Hdr10plus", "path": "/home/kavia/workspace/code-generation/app-gateway2/Supporting_Files/Ripple_Badger_Extn/handlers/badger_device_info.rs", "pattern": "/^    Hdr10plus,$/", "language": "Rust", "kind": "enumerator", "scope": "BadgerHdrProfile", "scopeKind": "enum"}, {"_type": "tag", "name": "Hlg", "path": "/home/kavia/workspace/code-generation/app-gateway2/Supporting_Files/Ripple_Badger_Extn/handlers/badger_device_info.rs", "pattern": "/^    Hlg,$/", "language": "Rust", "kind": "enumerator", "scope": "BadgerHdrProfile", "scopeKind": "enum"}, {"_type": "tag", "name": "NoActiveNetworkInterface", "path": "/home/kavia/workspace/code-generation/app-gateway2/Supporting_Files/Ripple_Badger_Extn/handlers/badger_device_info.rs", "pattern": "/^    NoActiveNetworkInterface,$/", "language": "Rust", "kind": "enumerator", "scope": "BadgerNetworkConnectivityStatus", "scopeKind": "enum"}, {"_type": "tag", "name": "Success", "path": "/home/kavia/workspace/code-generation/app-gateway2/Supporting_Files/Ripple_Badger_Extn/handlers/badger_device_info.rs", "pattern": "/^    Success,$/", "language": "Rust", "kind": "enumerator", "scope": "BadgerNetworkConnectivityStatus", "scopeKind": "enum"}, {"_type": "tag", "name": "SystemVersion", "path": "/home/kavia/workspace/code-generation/app-gateway2/Supporting_Files/Ripple_Badger_Extn/handlers/badger_device_info.rs", "pattern": "/^pub struct SystemVersion {$/", "language": "Rust", "kind": "struct"}, {"_type": "tag", "name": "Technicolor", "path": "/home/kavia/workspace/code-generation/app-gateway2/Supporting_Files/Ripple_Badger_Extn/handlers/badger_device_info.rs", "pattern": "/^    Technicolor,$/", "language": "Rust", "kind": "enumerator", "scope": "BadgerHdrProfile", "scopeKind": "enum"}, {"_type": "tag", "name": "ThunderHDCPStatus", "path": "/home/kavia/workspace/code-generation/app-gateway2/Supporting_Files/Ripple_Badger_Extn/handlers/badger_device_info.rs", "pattern": "/^pub struct ThunderHDCPStatus {$/", "language": "Rust", "kind": "struct"}, {"_type": "tag", "name": "ThunderTimezoneResponse", "path": "/home/kavia/workspace/code-generation/app-gateway2/Supporting_Files/Ripple_Badger_Extn/handlers/badger_device_info.rs", "pattern": "/^pub struct ThunderTimezoneResponse {$/", "language": "Rust", "kind": "struct"}, {"_type": "tag", "name": "browser_type", "path": "/home/kavia/workspace/code-generation/app-gateway2/Supporting_Files/Ripple_Badger_Extn/handlers/badger_device_info.rs", "pattern": "/^    pub(crate) browser_type: String,$/", "language": "Rust", "kind": "field", "scope": "BadgerWebBrowser", "scopeKind": "struct"}, {"_type": "tag", "name": "connected", "path": "/home/kavia/workspace/code-generation/app-gateway2/Supporting_Files/Ripple_Badger_Extn/handlers/badger_device_info.rs", "pattern": "/^    connected: bool,$/", "language": "Rust", "kind": "field", "scope": "BadgerHDCP", "scopeKind": "struct"}, {"_type": "tag", "name": "current_audio_mode", "path": "/home/kavia/workspace/code-generation/app-gateway2/Supporting_Files/Ripple_Badger_Extn/handlers/badger_device_info.rs", "pattern": "/^    current_audio_mode: Vec<String>,$/", "language": "Rust", "kind": "field", "scope": "BadgerAudioModes", "scopeKind": "struct"}, {"_type": "tag", "name": "current_hdcp_version", "path": "/home/kavia/workspace/code-generation/app-gateway2/Supporting_Files/Ripple_Badger_Extn/handlers/badger_device_info.rs", "pattern": "/^    current_hdcp_version: String,$/", "language": "Rust", "kind": "field", "scope": "BadgerHDCP", "scopeKind": "struct"}, {"_type": "tag", "name": "from", "path": "/home/kavia/workspace/code-generation/app-gateway2/Supporting_Files/Ripple_Badger_Extn/handlers/badger_device_info.rs", "pattern": "/^    fn from(value: HdrProfile) -> Self {$/", "language": "Rust", "kind": "method", "signature": "(value: HdrProfile) -> Self", "scope": "BadgerHdrProfile", "scopeKind": "implementation"}, {"_type": "tag", "name": "get_audio", "path": "/home/kavia/workspace/code-generation/app-gateway2/Supporting_Files/Ripple_Badger_Extn/handlers/badger_device_info.rs", "pattern": "/^async fn get_audio(state: &BadgerState) -> HashMap<AudioProfile, bool> {$/", "language": "Rust", "kind": "function", "signature": "(state: &BadgerState) -> HashMap<AudioProfile, bool>"}, {"_type": "tag", "name": "get_audio_profile_from_value", "path": "/home/kavia/workspace/code-generation/app-gateway2/Supporting_Files/Ripple_Badger_Extn/handlers/badger_device_info.rs", "pattern": "/^pub fn get_audio_profile_from_value(value: Value) -> HashMap<AudioProfile, bool> {$/", "language": "Rust", "kind": "function", "signature": "(value: Value) -> HashMap<AudioProfile, bool>"}, {"_type": "tag", "name": "get_cached_audio", "path": "/home/kavia/workspace/code-generation/app-gateway2/Supporting_Files/Ripple_Badger_Extn/handlers/badger_device_info.rs", "pattern": "/^async fn get_cached_audio(state: &BadgerState) -> HashMap<AudioProfile, bool> {$/", "language": "Rust", "kind": "function", "signature": "(state: &BadgerState) -> HashMap<AudioProfile, bool>"}, {"_type": "tag", "name": "get_cached_hdcp", "path": "/home/kavia/workspace/code-generation/app-gateway2/Supporting_Files/Ripple_Badger_Extn/handlers/badger_device_info.rs", "pattern": "/^async fn get_cached_hdcp(state: &BadgerState) -> HDCPStatus {$/", "language": "Rust", "kind": "function", "signature": "(state: &BadgerState) -> HDCPStatus"}, {"_type": "tag", "name": "get_cached_hdr", "path": "/home/kavia/workspace/code-generation/app-gateway2/Supporting_Files/Ripple_Badger_Extn/handlers/badger_device_info.rs", "pattern": "/^async fn get_cached_hdr(state: &BadgerState) -> HashMap<HdrProfile, bool> {$/", "language": "Rust", "kind": "function", "signature": "(state: &BadgerState) -> HashMap<HdrProfile, bool>"}, {"_type": "tag", "name": "get_cached_make", "path": "/home/kavia/workspace/code-generation/app-gateway2/Supporting_Files/Ripple_Badger_Extn/handlers/badger_device_info.rs", "pattern": "/^async fn get_cached_make(state: &BadgerState) -> String {$/", "language": "Rust", "kind": "function", "signature": "(state: &BadgerState) -> String"}, {"_type": "tag", "name": "get_cached_model", "path": "/home/kavia/workspace/code-generation/app-gateway2/Supporting_Files/Ripple_Badger_Extn/handlers/badger_device_info.rs", "pattern": "/^async fn get_cached_model(state: &BadgerState) -> String {$/", "language": "Rust", "kind": "function", "signature": "(state: &BadgerState) -> String"}, {"_type": "tag", "name": "get_cached_screen_resolution", "path": "/home/kavia/workspace/code-generation/app-gateway2/Supporting_Files/Ripple_Badger_Extn/handlers/badger_device_info.rs", "pattern": "/^async fn get_cached_screen_resolution(state: &BadgerState) -> Vec<i32> {$/", "language": "Rust", "kind": "function", "signature": "(state: &BadgerState) -> Vec<i32>"}, {"_type": "tag", "name": "get_cached_video_resolution", "path": "/home/kavia/workspace/code-generation/app-gateway2/Supporting_Files/Ripple_Badger_Extn/handlers/badger_device_info.rs", "pattern": "/^async fn get_cached_video_resolution(state: &BadgerState) -> Vec<i32> {$/", "language": "Rust", "kind": "function", "signature": "(state: &BadgerState) -> Vec<i32>"}, {"_type": "tag", "name": "get_current_resolution_once", "path": "/home/kavia/workspace/code-generation/app-gateway2/Supporting_Files/Ripple_Badger_Extn/handlers/badger_device_info.rs", "pattern": "/^async fn get_current_resolution_once(state: &BadgerState) -> Option<Vec<i32>> {$/", "language": "Rust", "kind": "function", "signature": "(state: &BadgerState) -> Option<Vec<i32>>"}, {"_type": "tag", "name": "get_default_resolution", "path": "/home/kavia/workspace/code-generation/app-gateway2/Supporting_Files/Ripple_Badger_Extn/handlers/badger_device_info.rs", "pattern": "/^async fn get_default_resolution(state: &BadgerState) -> Result<Vec<i32>, ()> {$/", "language": "Rust", "kind": "function", "signature": "(state: &BadgerState) -> Result<Vec<i32>, ()>"}, {"_type": "tag", "name": "get_device_capabilities", "path": "/home/kavia/workspace/code-generation/app-gateway2/Supporting_Files/Ripple_Badger_Extn/handlers/badger_device_info.rs", "pattern": "/^pub(crate) async fn get_device_capabilities($/", "language": "Rust", "kind": "function", "signature": "( state: &BadgerState, keys: &[&str], ) -> DeviceCapabilities"}, {"_type": "tag", "name": "get_dimension_from_resolution", "path": "/home/kavia/workspace/code-generation/app-gateway2/Supporting_Files/Ripple_Badger_Extn/handlers/badger_device_info.rs", "pattern": "/^pub fn get_dimension_from_resolution(resolution: &str) -> Vec<i32> {$/", "language": "Rust", "kind": "function", "signature": "(resolution: &str) -> Vec<i32>"}, {"_type": "tag", "name": "get_hdcp_status", "path": "/home/kavia/workspace/code-generation/app-gateway2/Supporting_Files/Ripple_Badger_Extn/handlers/badger_device_info.rs", "pattern": "/^async fn get_hdcp_status(state: &BadgerState) -> HDCPStatus {$/", "language": "Rust", "kind": "function", "signature": "(state: &BadgerState) -> HDCPStatus"}, {"_type": "tag", "name": "get_hdr", "path": "/home/kavia/workspace/code-generation/app-gateway2/Supporting_Files/Ripple_Badger_Extn/handlers/badger_device_info.rs", "pattern": "/^async fn get_hdr(state: &BadgerState) -> HashMap<HdrProfile, bool> {$/", "language": "Rust", "kind": "function", "signature": "(state: &BadgerState) -> HashMap<HdrProfile, bool>"}, {"_type": "tag", "name": "get_make", "path": "/home/kavia/workspace/code-generation/app-gateway2/Supporting_Files/Ripple_Badger_Extn/handlers/badger_device_info.rs", "pattern": "/^async fn get_make(state: &BadgerState) -> String {$/", "language": "Rust", "kind": "function", "signature": "(state: &BadgerState) -> String"}, {"_type": "tag", "name": "get_model", "path": "/home/kavia/workspace/code-generation/app-gateway2/Supporting_Files/Ripple_Badger_Extn/handlers/badger_device_info.rs", "pattern": "/^async fn get_model(state: &BadgerState) -> String {$/", "language": "Rust", "kind": "function", "signature": "(state: &BadgerState) -> String"}, {"_type": "tag", "name": "get_os_info", "path": "/home/kavia/workspace/code-generation/app-gateway2/Supporting_Files/Ripple_Badger_Extn/handlers/badger_device_info.rs", "pattern": "/^async fn get_os_info(state: &BadgerState) -> FirmwareInfo {$/", "language": "Rust", "kind": "function", "signature": "(state: &BadgerState) -> FirmwareInfo"}, {"_type": "tag", "name": "get_screen_resolution", "path": "/home/kavia/workspace/code-generation/app-gateway2/Supporting_Files/Ripple_Badger_Extn/handlers/badger_device_info.rs", "pattern": "/^async fn get_screen_resolution(state: &BadgerState) -> Vec<i32> {$/", "language": "Rust", "kind": "function", "signature": "(state: &BadgerState) -> Vec<i32>"}, {"_type": "tag", "name": "get_system_versions_once", "path": "/home/kavia/workspace/code-generation/app-gateway2/Supporting_Files/Ripple_Badger_Extn/handlers/badger_device_info.rs", "pattern": "/^async fn get_system_versions_once(state: &BadgerState) -> Option<serde_json::Value> {$/", "language": "Rust", "kind": "function", "signature": "(state: &BadgerState) -> Option<serde_json::Value>"}, {"_type": "tag", "name": "get_video_resolution", "path": "/home/kavia/workspace/code-generation/app-gateway2/Supporting_Files/Ripple_Badger_Extn/handlers/badger_device_info.rs", "pattern": "/^async fn get_video_resolution(state: &BadgerState) -> Vec<i32> {$/", "language": "Rust", "kind": "function", "signature": "(state: &BadgerState) -> Vec<i32>"}, {"_type": "tag", "name": "hdcp_compliant", "path": "/home/kavia/workspace/code-generation/app-gateway2/Supporting_Files/Ripple_Badger_Extn/handlers/badger_device_info.rs", "pattern": "/^    hdcp_compliant: bool,$/", "language": "Rust", "kind": "field", "scope": "BadgerHDCP", "scopeKind": "struct"}, {"_type": "tag", "name": "hdcp_enabled", "path": "/home/kavia/workspace/code-generation/app-gateway2/Supporting_Files/Ripple_Badger_Extn/handlers/badger_device_info.rs", "pattern": "/^    hdcp_enabled: bool,$/", "language": "Rust", "kind": "field", "scope": "BadgerHDCP", "scopeKind": "struct"}, {"_type": "tag", "name": "hdcp_status", "path": "/home/kavia/workspace/code-generation/app-gateway2/Supporting_Files/Ripple_Badger_Extn/handlers/badger_device_info.rs", "pattern": "/^    pub hdcp_status: HDCPStatus,$/", "language": "Rust", "kind": "field", "scope": "ThunderHDCPStatus", "scopeKind": "struct"}, {"_type": "tag", "name": "hdr_flags", "path": "/home/kavia/workspace/code-generation/app-gateway2/Supporting_Files/Ripple_Badger_Extn/handlers/badger_device_info.rs", "pattern": "/^pub mod hdr_flags {$/", "language": "Rust", "kind": "module"}, {"_type": "tag", "name": "network_interface", "path": "/home/kavia/workspace/code-generation/app-gateway2/Supporting_Files/Ripple_Badger_Extn/handlers/badger_device_info.rs", "pattern": "/^    network_interface: Option<String>,$/", "language": "Rust", "kind": "field", "scope": "BadgerNetworkConnectivity", "scopeKind": "struct"}, {"_type": "tag", "name": "receiver_hdcp_version", "path": "/home/kavia/workspace/code-generation/app-gateway2/Supporting_Files/Ripple_Badger_Extn/handlers/badger_device_info.rs", "pattern": "/^    receiver_hdcp_version: String,$/", "language": "Rust", "kind": "field", "scope": "BadgerHDCP", "scopeKind": "struct"}, {"_type": "tag", "name": "receiver_version", "path": "/home/kavia/workspace/code-generation/app-gateway2/Supporting_Files/Ripple_Badger_Extn/handlers/badger_device_info.rs", "pattern": "/^    pub receiver_version: String,$/", "language": "Rust", "kind": "field", "scope": "SystemVersion", "scopeKind": "struct"}, {"_type": "tag", "name": "settop_hdr_support", "path": "/home/kavia/workspace/code-generation/app-gateway2/Supporting_Files/Ripple_Badger_Extn/handlers/badger_device_info.rs", "pattern": "/^    settop_hdr_support: Vec<BadgerHdrProfile>,$/", "language": "Rust", "kind": "field", "scope": "BadgerHDR", "scopeKind": "struct"}, {"_type": "tag", "name": "status", "path": "/home/kavia/workspace/code-generation/app-gateway2/Supporting_Files/Ripple_Badger_Extn/handlers/badger_device_info.rs", "pattern": "/^    status: BadgerNetworkConnectivityStatus,$/", "language": "Rust", "kind": "field", "scope": "BadgerNetworkConnectivity", "scopeKind": "struct"}, {"_type": "tag", "name": "stb_timestamp", "path": "/home/kavia/workspace/code-generation/app-gateway2/Supporting_Files/Ripple_Badger_Extn/handlers/badger_device_info.rs", "pattern": "/^    pub stb_timestamp: String,$/", "language": "Rust", "kind": "field", "scope": "SystemVersion", "scopeKind": "struct"}, {"_type": "tag", "name": "stb_version", "path": "/home/kavia/workspace/code-generation/app-gateway2/Supporting_Files/Ripple_Badger_Extn/handlers/badger_device_info.rs", "pattern": "/^    pub stb_version: String,$/", "language": "Rust", "kind": "field", "scope": "SystemVersion", "scopeKind": "struct"}, {"_type": "tag", "name": "subscribe_to_device_changes", "path": "/home/kavia/workspace/code-generation/app-gateway2/Supporting_Files/Ripple_Badger_Extn/handlers/badger_device_info.rs", "pattern": "/^pub(crate) async fn subscribe_to_device_changes(cached_state: &BadgerState) {$/", "language": "Rust", "kind": "function", "signature": "(cached_state: &BadgerState)"}, {"_type": "tag", "name": "success", "path": "/home/kavia/workspace/code-generation/app-gateway2/Supporting_Files/Ripple_Badger_Extn/handlers/badger_device_info.rs", "pattern": "/^    pub success: bool,$/", "language": "Rust", "kind": "field", "scope": "SystemVersion", "scopeKind": "struct"}, {"_type": "tag", "name": "success", "path": "/home/kavia/workspace/code-generation/app-gateway2/Supporting_Files/Ripple_Badger_Extn/handlers/badger_device_info.rs", "pattern": "/^    pub success: bool,$/", "language": "Rust", "kind": "field", "scope": "ThunderHDCPStatus", "scopeKind": "struct"}, {"_type": "tag", "name": "supported_audio_modes", "path": "/home/kavia/workspace/code-generation/app-gateway2/Supporting_Files/Ripple_Badger_Extn/handlers/badger_device_info.rs", "pattern": "/^    supported_audio_modes: Vec<String>,$/", "language": "Rust", "kind": "field", "scope": "BadgerAudioModes", "scopeKind": "struct"}, {"_type": "tag", "name": "supported_hdcp_version", "path": "/home/kavia/workspace/code-generation/app-gateway2/Supporting_Files/Ripple_Badger_Extn/handlers/badger_device_info.rs", "pattern": "/^    supported_hdcp_version: String,$/", "language": "Rust", "kind": "field", "scope": "BadgerHDCP", "scopeKind": "struct"}, {"_type": "tag", "name": "test_get_audio_profile_from_value", "path": "/home/kavia/workspace/code-generation/app-gateway2/Supporting_Files/Ripple_Badger_Extn/handlers/badger_device_info.rs", "pattern": "/^    async fn test_get_audio_profile_from_value() {$/", "language": "Rust", "kind": "function", "signature": "()", "scope": "tests", "scopeKind": "module"}, {"_type": "tag", "name": "test_get_audio_profile_from_value_empty", "path": "/home/kavia/workspace/code-generation/app-gateway2/Supporting_Files/Ripple_Badger_Extn/handlers/badger_device_info.rs", "pattern": "/^    async fn test_get_audio_profile_from_value_empty() {$/", "language": "Rust", "kind": "function", "signature": "()", "scope": "tests", "scopeKind": "module"}, {"_type": "tag", "name": "test_get_cached_audio", "path": "/home/kavia/workspace/code-generation/app-gateway2/Supporting_Files/Ripple_Badger_Extn/handlers/badger_device_info.rs", "pattern": "/^    async fn test_get_cached_audio() {$/", "language": "Rust", "kind": "function", "signature": "()", "scope": "tests", "scopeKind": "module"}, {"_type": "tag", "name": "test_get_cached_hdcp", "path": "/home/kavia/workspace/code-generation/app-gateway2/Supporting_Files/Ripple_Badger_Extn/handlers/badger_device_info.rs", "pattern": "/^    async fn test_get_cached_hdcp() {$/", "language": "Rust", "kind": "function", "signature": "()", "scope": "tests", "scopeKind": "module"}, {"_type": "tag", "name": "test_get_cached_hdr", "path": "/home/kavia/workspace/code-generation/app-gateway2/Supporting_Files/Ripple_Badger_Extn/handlers/badger_device_info.rs", "pattern": "/^    async fn test_get_cached_hdr() {$/", "language": "Rust", "kind": "function", "signature": "()", "scope": "tests", "scopeKind": "module"}, {"_type": "tag", "name": "test_get_cached_make", "path": "/home/kavia/workspace/code-generation/app-gateway2/Supporting_Files/Ripple_Badger_Extn/handlers/badger_device_info.rs", "pattern": "/^    async fn test_get_cached_make() {$/", "language": "Rust", "kind": "function", "signature": "()", "scope": "tests", "scopeKind": "module"}, {"_type": "tag", "name": "test_get_cached_model", "path": "/home/kavia/workspace/code-generation/app-gateway2/Supporting_Files/Ripple_Badger_Extn/handlers/badger_device_info.rs", "pattern": "/^    async fn test_get_cached_model() {$/", "language": "Rust", "kind": "function", "signature": "()", "scope": "tests", "scopeKind": "module"}, {"_type": "tag", "name": "test_get_cached_screen_resolution", "path": "/home/kavia/workspace/code-generation/app-gateway2/Supporting_Files/Ripple_Badger_Extn/handlers/badger_device_info.rs", "pattern": "/^    async fn test_get_cached_screen_resolution() {$/", "language": "Rust", "kind": "function", "signature": "()", "scope": "tests", "scopeKind": "module"}, {"_type": "tag", "name": "test_get_cached_video_resolution", "path": "/home/kavia/workspace/code-generation/app-gateway2/Supporting_Files/Ripple_Badger_Extn/handlers/badger_device_info.rs", "pattern": "/^    async fn test_get_cached_video_resolution() {$/", "language": "Rust", "kind": "function", "signature": "()", "scope": "tests", "scopeKind": "module"}, {"_type": "tag", "name": "test_get_dimension_from_resolution", "path": "/home/kavia/workspace/code-generation/app-gateway2/Supporting_Files/Ripple_Badger_Extn/handlers/badger_device_info.rs", "pattern": "/^    async fn test_get_dimension_from_resolution() {$/", "language": "Rust", "kind": "function", "signature": "()", "scope": "tests", "scopeKind": "module"}, {"_type": "tag", "name": "test_get_dimension_from_resolution_invalid", "path": "/home/kavia/workspace/code-generation/app-gateway2/Supporting_Files/Ripple_Badger_Extn/handlers/badger_device_info.rs", "pattern": "/^    async fn test_get_dimension_from_resolution_invalid() {$/", "language": "Rust", "kind": "function", "signature": "()", "scope": "tests", "scopeKind": "module"}, {"_type": "tag", "name": "tests", "path": "/home/kavia/workspace/code-generation/app-gateway2/Supporting_Files/Ripple_Badger_Extn/handlers/badger_device_info.rs", "pattern": "/^mod tests {$/", "language": "Rust", "kind": "module"}, {"_type": "tag", "name": "time_zone", "path": "/home/kavia/workspace/code-generation/app-gateway2/Supporting_Files/Ripple_Badger_Extn/handlers/badger_device_info.rs", "pattern": "/^    pub time_zone: String,$/", "language": "Rust", "kind": "field", "scope": "ThunderTimezoneResponse", "scopeKind": "struct"}, {"_type": "tag", "name": "tv_hdr_support", "path": "/home/kavia/workspace/code-generation/app-gateway2/Supporting_Files/Ripple_Badger_Extn/handlers/badger_device_info.rs", "pattern": "/^    tv_hdr_support: Vec<BadgerHdrProfile>,$/", "language": "Rust", "kind": "field", "scope": "BadgerHDR", "scopeKind": "struct"}, {"_type": "tag", "name": "user_agent", "path": "/home/kavia/workspace/code-generation/app-gateway2/Supporting_Files/Ripple_Badger_Extn/handlers/badger_device_info.rs", "pattern": "/^    pub(crate) user_agent: String,$/", "language": "Rust", "kind": "field", "scope": "BadgerWebBrowser", "scopeKind": "struct"}, {"_type": "tag", "name": "version", "path": "/home/kavia/workspace/code-generation/app-gateway2/Supporting_Files/Ripple_Badger_Extn/handlers/badger_device_info.rs", "pattern": "/^    pub(crate) version: String,$/", "language": "Rust", "kind": "field", "scope": "BadgerWebBrowser", "scopeKind": "struct"}], "hash": "608f463ebde4705fc034524958511d6c", "format-version": 4, "code-base-name": "app-gateway2", "filename": "Supporting_Files/Ripple_Badger_Extn/handlers/badger_device_info.rs", "fields": [{"name": "pub(crate) browser_type: String,", "scope": "BadgerWebBrowser", "scopeKind": "struct", "description": "unavailable"}, {"name": "connected: bool,", "scope": "BadgerHDCP", "scopeKind": "struct", "description": "unavailable"}, {"name": "current_audio_mode: Vec<String>,", "scope": "BadgerAudioModes", "scopeKind": "struct", "description": "unavailable"}, {"name": "current_hdcp_version: String,", "scope": "BadgerHDCP", "scopeKind": "struct", "description": "unavailable"}, {"name": "hdcp_compliant: bool,", "scope": "BadgerHDCP", "scopeKind": "struct", "description": "unavailable"}, {"name": "hdcp_enabled: bool,", "scope": "BadgerHDCP", "scopeKind": "struct", "description": "unavailable"}, {"name": "pub hdcp_status: HDCPStatus,", "scope": "ThunderHDCPStatus", "scopeKind": "struct", "description": "unavailable"}, {"name": "network_interface: Option<String>,", "scope": "BadgerNetworkConnectivity", "scopeKind": "struct", "description": "unavailable"}, {"name": "receiver_hdcp_version: String,", "scope": "BadgerHDCP", "scopeKind": "struct", "description": "unavailable"}, {"name": "pub receiver_version: String,", "scope": "SystemVersion", "scopeKind": "struct", "description": "unavailable"}, {"name": "settop_hdr_support: Vec<BadgerHdrProfile>,", "scope": "BadgerHDR", "scopeKind": "struct", "description": "unavailable"}, {"name": "status: BadgerNetworkConnectivityStatus,", "scope": "BadgerNetworkConnectivity", "scopeKind": "struct", "description": "unavailable"}, {"name": "pub stb_timestamp: String,", "scope": "SystemVersion", "scopeKind": "struct", "description": "unavailable"}, {"name": "pub stb_version: String,", "scope": "SystemVersion", "scopeKind": "struct", "description": "unavailable"}, {"name": "pub success: bool,", "scope": "SystemVersion", "scopeKind": "struct", "description": "unavailable"}, {"name": "supported_audio_modes: Vec<String>,", "scope": "BadgerAudioModes", "scopeKind": "struct", "description": "unavailable"}, {"name": "supported_hdcp_version: String,", "scope": "BadgerHDCP", "scopeKind": "struct", "description": "unavailable"}, {"name": "pub time_zone: String,", "scope": "ThunderTimezoneResponse", "scopeKind": "struct", "description": "unavailable"}, {"name": "tv_hdr_support: Vec<BadgerHdrProfile>,", "scope": "BadgerHDR", "scopeKind": "struct", "description": "unavailable"}, {"name": "pub(crate) user_agent: String,", "scope": "BadgerWebBrowser", "scopeKind": "struct", "description": "unavailable"}, {"name": "pub(crate) version: String,", "scope": "BadgerWebBrowser", "scopeKind": "struct", "description": "unavailable"}], "revision_history": [{"703": "7541615396d97800a8dedd6a14e20d3bd2197bf0"}]}