{"is_source_file": false, "format": "", "description": "", "external_files": [], "external_methods": [], "published": [], "classes": [], "methods": [], "calls": [], "search-terms": ["CHANGELOG", "version", "API", "change log", "release notes", "versioning"], "state": 2, "file_id": 259, "knowledge_revision": 872, "git_revision": "ef86df2c8df3fef6f567643b583ee28870c1ba4c", "hash": "e2abc140f28ee418ad144516e07aa782", "format-version": 4, "code-base-name": "app-gateway2", "filename": "Supporting_Files/HdcpProfile/CHANGELOG.md", "revision_history": [{"872": "ef86df2c8df3fef6f567643b583ee28870c1ba4c"}]}