{"is_source_file": true, "format": "C++ header file", "description": "This file provides utility functions for Base64 encoding, including an encoding function that accepts raw data and an overload for std::string. It defines constants for standard and URL-safe Base64 alphabets and performs encoding in a straightforward manner.", "external_files": ["<string>", "<cstdint>"], "external_methods": [], "published": ["WPEFramework::Utils::Base64Encode"], "classes": [], "methods": [{"name": "std::string Base64Encode(const std::string & s,bool urlSafe=false)", "description": "Encodes raw data to a Base64 string, with optional URL-safe encoding.", "scope": "WPEFramework::Utils", "scopeKind": "namespace"}, {"name": "std::string Base64Encode(const void * data,std::size_t len,bool urlSafe=false)", "description": "Overloaded function to Base64 encode a std::string directly.", "scope": "WPEFramework::Utils", "scopeKind": "namespace"}], "calls": ["static_cast", "std::string::resize"], "search-terms": ["UtilsBase64", "Base64Encode", "URL safe Base64", "Base64 encoding in C++"], "state": 2, "file_id": 144, "knowledge_revision": 476, "git_revision": "11687bdf35796aa59ae3a1afecde9935f4bdd400", "ctags": [{"_type": "tag", "name": "Base64Encode", "path": "/home/kavia/workspace/code-generation/app-gateway2/Supporting_Files/UtilsBase64.h", "pattern": "/^        std::string Base64Encode(const std::string &s, bool urlSafe = false)$/", "language": "C++", "typeref": "typename:std::string", "kind": "function", "signature": "(const std::string & s,bool urlSafe=false)", "scope": "WPEFramework::Utils", "scopeKind": "namespace"}, {"_type": "tag", "name": "Base64Encode", "path": "/home/kavia/workspace/code-generation/app-gateway2/Supporting_Files/UtilsBase64.h", "pattern": "/^        std::string Base64Encode(const void *data, std::size_t len, bool urlSafe = false)$/", "language": "C++", "typeref": "typename:std::string", "kind": "function", "signature": "(const void * data,std::size_t len,bool urlSafe=false)", "scope": "WPEFramework::Utils", "scopeKind": "namespace"}, {"_type": "tag", "name": "Utils", "path": "/home/kavia/workspace/code-generation/app-gateway2/Supporting_Files/UtilsBase64.h", "pattern": "/^    namespace Utils$/", "language": "C++", "kind": "namespace", "scope": "WPEFramework", "scopeKind": "namespace"}, {"_type": "tag", "name": "WPEFramework", "path": "/home/kavia/workspace/code-generation/app-gateway2/Supporting_Files/UtilsBase64.h", "pattern": "/^namespace WPEFramework$/", "language": "C++", "kind": "namespace"}], "hash": "416c5b4b163bbbdde3d9b0f48dcef785", "format-version": 4, "code-base-name": "app-gateway2", "filename": "Supporting_Files/UtilsBase64.h", "revision_history": [{"476": "11687bdf35796aa59ae3a1afecde9935f4bdd400"}]}