{"is_source_file": true, "format": "C++ header file", "description": "This file defines the RialtoConnector class, which manages session states and interactions with a server management service in a WPEFramework-based application. It includes method declarations for session lifecycle management, state observation, and internal synchronization mechanisms.", "external_files": ["Module.h", "UtilsLogging.h", "rialto/ServerManagerServiceFactory.h"], "external_methods": ["rialto::servermanager::service::IServerManagerService"], "published": ["RialtoConnector"], "classes": [{"name": "RialtoConnector", "description": "A class responsible for managing Rialto session states, providing methods to initialize, create, suspend, resume, and deactivate sessions, and handling state change notifications."}], "methods": [{"name": "RialtoConnector()", "description": "Constructor initializing the connector state.", "scope": "WPEFramework::RialtoConnector", "scopeKind": "class"}, {"name": "initialize", "description": "Initializes the RialtoConnector, setting up necessary services."}, {"name": "bool initialized()", "description": "Returns whether the connector has been initialized.", "scope": "WPEFramework::RialtoConnector", "scopeKind": "class"}, {"name": "waitForStateChange", "description": "Blocks until the specified app reaches the desired server state or timeout occurs."}, {"name": "createAppSession", "description": "Creates a new application session with the given callsign, displayName, and appId."}, {"name": "resumeSession", "description": "Resumes a suspended session identified by callsign."}, {"name": "suspendSession", "description": "Suspends an active session specified by callsign."}, {"name": "deactivateSession", "description": "Deactivates the session identified by callsign."}, {"name": "stateChanged", "description": "Callback invoked when the state of a session changes."}, {"name": "getCurrentAppState", "description": "Retrieves the current state for the given callsign."}], "calls": ["m_serverManagerService->xxxx", "m_serverManagerService", "appStateMap[callsign]", "getCurrentAppState(callsign)"], "search-terms": ["RialtoConnector", "SessionServerState", "ServerManagerService", "initialize", "stateChanged", "appStateMap", "waitForStateChange"], "state": 2, "file_id": 272, "knowledge_revision": 887, "git_revision": "ef86df2c8df3fef6f567643b583ee28870c1ba4c", "ctags": [{"_type": "tag", "name": "RialtoConnector", "path": "/home/kavia/workspace/code-generation/app-gateway2/Supporting_Files/RDKShell/RialtoConnector.h", "pattern": "/^        RialtoConnector() : isInitialized(false) {}$/", "language": "C++", "kind": "function", "signature": "()", "scope": "WPEFramework::RialtoConnector", "scopeKind": "class"}, {"_type": "tag", "name": "RialtoConnector", "path": "/home/kavia/workspace/code-generation/app-gateway2/Supporting_Files/RDKShell/RialtoConnector.h", "pattern": "/^    class RialtoConnector : public IStateObserver, public std::enable_shared_from_this<RialtoCon/", "language": "C++", "kind": "class", "scope": "WPEFramework", "scopeKind": "namespace"}, {"_type": "tag", "name": "RialtoServerStates", "path": "/home/kavia/workspace/code-generation/app-gateway2/Supporting_Files/RDKShell/RialtoConnector.h", "pattern": "/^    typedef firebolt::rialto::common::SessionServerState RialtoServerStates;$/", "language": "C++", "typeref": "typename:firebolt::rialto::common::SessionServerState", "kind": "typedef", "scope": "WPEFramework", "scopeKind": "namespace"}, {"_type": "tag", "name": "WPEFramework", "path": "/home/kavia/workspace/code-generation/app-gateway2/Supporting_Files/RDKShell/RialtoConnector.h", "pattern": "/^namespace WPEFramework$/", "language": "C++", "kind": "namespace"}, {"_type": "tag", "name": "appStateMap", "path": "/home/kavia/workspace/code-generation/app-gateway2/Supporting_Files/RDKShell/RialtoConnector.h", "pattern": "/^        std::map<std::string, RialtoServerStates> appStateMap;$/", "language": "C++", "typeref": "typename:std::map<std::string,RialtoServerStates>", "kind": "member", "scope": "WPEFramework::RialtoConnector", "scopeKind": "class"}, {"_type": "tag", "name": "initialized", "path": "/home/kavia/workspace/code-generation/app-gateway2/Supporting_Files/RDKShell/RialtoConnector.h", "pattern": "/^        bool initialized() { return isInitialized; }$/", "language": "C++", "typeref": "typename:bool", "kind": "function", "signature": "()", "scope": "WPEFramework::RialtoConnector", "scopeKind": "class"}, {"_type": "tag", "name": "isInitialized", "path": "/home/kavia/workspace/code-generation/app-gateway2/Supporting_Files/RDKShell/RialtoConnector.h", "pattern": "/^        bool isInitialized;$/", "language": "C++", "typeref": "typename:bool", "kind": "member", "scope": "WPEFramework::RialtoConnector", "scopeKind": "class"}, {"_type": "tag", "name": "m_serverManagerService", "path": "/home/kavia/workspace/code-generation/app-gateway2/Supporting_Files/RDKShell/RialtoConnector.h", "pattern": "/^        std::unique_ptr<IServerManagerService> m_serverManagerService;$/", "language": "C++", "typeref": "typename:std::unique_ptr<IServerManagerService>", "kind": "member", "scope": "WPEFramework::RialtoConnector", "scopeKind": "class"}, {"_type": "tag", "name": "m_stateCond", "path": "/home/kavia/workspace/code-generation/app-gateway2/Supporting_Files/RDKShell/RialtoConnector.h", "pattern": "/^        std::condition_variable m_stateCond;$/", "language": "C++", "typeref": "typename:std::condition_variable", "kind": "member", "scope": "WPEFramework::RialtoConnector", "scopeKind": "class"}, {"_type": "tag", "name": "m_stateMutex", "path": "/home/kavia/workspace/code-generation/app-gateway2/Supporting_Files/RDKShell/RialtoConnector.h", "pattern": "/^        std::mutex m_stateMutex;$/", "language": "C++", "typeref": "typename:std::mutex", "kind": "member", "scope": "WPEFramework::RialtoConnector", "scopeKind": "class"}], "hash": "a6528c606f9088e4a12cc9691e56862c", "format-version": 4, "code-base-name": "app-gateway2", "filename": "Supporting_Files/RDKShell/RialtoConnector.h", "fields": [{"name": "std::map<std::string,RialtoServerStates> appStateMap", "scope": "WPEFramework::RialtoConnector", "scopeKind": "class", "description": "unavailable"}, {"name": "bool isInitialized", "scope": "WPEFramework::RialtoConnector", "scopeKind": "class", "description": "unavailable"}, {"name": "std::unique_ptr<IServerManagerService> m_serverManagerService", "scope": "WPEFramework::RialtoConnector", "scopeKind": "class", "description": "unavailable"}, {"name": "std::condition_variable m_stateCond", "scope": "WPEFramework::RialtoConnector", "scopeKind": "class", "description": "unavailable"}, {"name": "std::mutex m_stateMutex", "scope": "WPEFramework::RialtoConnector", "scopeKind": "class", "description": "unavailable"}], "revision_history": [{"887": "ef86df2c8df3fef6f567643b583ee28870c1ba4c"}]}