{"is_source_file": false, "format": "", "description": "", "external_files": [], "external_methods": [], "published": [], "classes": [], "methods": [], "calls": [], "search-terms": [], "state": 2, "file_id": 264, "knowledge_revision": 869, "git_revision": "ef86df2c8df3fef6f567643b583ee28870c1ba4c", "hash": "59555213ad36cd83aa01e89f7520edfb", "format-version": 4, "code-base-name": "app-gateway2", "filename": "Supporting_Files/HdcpProfile/README.md", "revision_history": [{"869": "ef86df2c8df3fef6f567643b583ee28870c1ba4c"}]}