{"is_source_file": true, "format": "Rust", "description": "This file defines structures, traits, and methods related to Firebolt permissions within the application. It includes definitions for various permission-related entities such as FireboltApi, CapabilityRoleList, CapabilityRole, and FireboltPermission, along with a trait FireboltPermissionRegistry for querying permissions within the registry.", "external_files": ["thunder_ripple_sdk::ripple_sdk::api::firebolt::fb_capabilities::CapabilityRole"], "external_methods": ["CapabilityRole::as_ref", "String::to_lowercase", "String::eq", "Vec::contains"], "published": ["FireboltApi", "CapabilityRoleList", "CapabilityRole", "FireboltPermission", "FireboltPermissionRegistry"], "classes": [{"name": "FireboltApi", "description": "Represents an API entity with a name, providing a method to check if it matches another name."}, {"name": "CapabilityRoleList", "description": "Holds lists of capabilities categorized under 'use', 'provide', and 'manage'."}, {"name": "CapabilityRole", "description": "Associates a capability string with a Role enumeration."}, {"name": "FireboltPermission", "description": "Represents a permission with identifiers, description, display name, associated APIs, and capabilities, along with methods to check for specific APIs, permissions, and capabilities."}], "methods": [{"name": "is(&self, other_name: String) -> bool", "description": "Checks if the FireboltApi instance's name matches another name, case-insensitively.", "scope": "FireboltApi", "scopeKind": "implementation"}, {"name": "contains_api(&self, api_name: String) -> bool", "description": "Determines if the permission includes an API with the specified name.", "scope": "FireboltPermission", "scopeKind": "implementation"}, {"name": "contains_permission(&self, permission_id: String) -> bool", "description": "Checks if the permission's ID matches a given ID.", "scope": "FireboltPermission", "scopeKind": "implementation"}, {"name": "contains_capability(&self, capability: &String, role: &Role) -> bool", "description": "Checks if the permission contains a specific capability for a given role.", "scope": "FireboltPermission", "scopeKind": "implementation"}, {"name": "box_clone(&self) -> Box<dyn FireboltPermissionRegistry>", "scope": "FireboltPermissionRegistry", "scopeKind": "interface", "description": "unavailable"}, {"name": "clone(&self) -> Box<dyn FireboltPermissionRegistry>", "scope": "Box", "scopeKind": "implementation", "description": "unavailable"}, {"name": "get_firebolt_caps_from_ref(&self, ids: Vec<String>) -> Vec<String>", "scope": "FireboltPermissionRegistry", "scopeKind": "interface", "description": "unavailable"}, {"name": "get_firebolt_permissions_from_ref(&self, ids: Vec<String>) -> Vec<CapabilityRole>", "scope": "FireboltPermissionRegistry", "scopeKind": "interface", "description": "unavailable"}, {"name": "permissions(&self) -> Vec<FireboltPermission>", "scope": "FireboltPermissionRegistry", "scopeKind": "interface", "description": "unavailable"}], "calls": ["api.is(api_name.clone())", "self.id.eq(&permission_id)", "list.contains(capability)"], "search-terms": ["FireboltPermission", "CapabilityRole", "firebolt.rs", "permissions", "API", "Role"], "state": 2, "file_id": 154, "knowledge_revision": 512, "git_revision": "32b0bb639375ee19b69b68f8ce79692a3d49912e", "ctags": [{"_type": "tag", "name": "Box", "path": "/home/kavia/workspace/code-generation/app-gateway2/Supporting_Files/Badger/firebolt.rs", "pattern": "/^impl Clone for Box<dyn FireboltPermissionRegistry> {$/", "language": "Rust", "kind": "implementation"}, {"_type": "tag", "name": "CapabilityRole", "path": "/home/kavia/workspace/code-generation/app-gateway2/Supporting_Files/Badger/firebolt.rs", "pattern": "/^pub struct CapabilityRole {$/", "language": "Rust", "kind": "struct"}, {"_type": "tag", "name": "CapabilityRoleList", "path": "/home/kavia/workspace/code-generation/app-gateway2/Supporting_Files/Badger/firebolt.rs", "pattern": "/^pub struct CapabilityRoleList {$/", "language": "Rust", "kind": "struct"}, {"_type": "tag", "name": "FireboltApi", "path": "/home/kavia/workspace/code-generation/app-gateway2/Supporting_Files/Badger/firebolt.rs", "pattern": "/^impl FireboltApi {$/", "language": "Rust", "kind": "implementation"}, {"_type": "tag", "name": "FireboltApi", "path": "/home/kavia/workspace/code-generation/app-gateway2/Supporting_Files/Badger/firebolt.rs", "pattern": "/^pub struct FireboltApi {$/", "language": "Rust", "kind": "struct"}, {"_type": "tag", "name": "FireboltPermission", "path": "/home/kavia/workspace/code-generation/app-gateway2/Supporting_Files/Badger/firebolt.rs", "pattern": "/^impl FireboltPermission {$/", "language": "Rust", "kind": "implementation"}, {"_type": "tag", "name": "FireboltPermission", "path": "/home/kavia/workspace/code-generation/app-gateway2/Supporting_Files/Badger/firebolt.rs", "pattern": "/^pub struct FireboltPermission {$/", "language": "Rust", "kind": "struct"}, {"_type": "tag", "name": "FireboltPermissionRegistry", "path": "/home/kavia/workspace/code-generation/app-gateway2/Supporting_Files/Badger/firebolt.rs", "pattern": "/^pub trait FireboltPermissionRegistry: Send {$/", "language": "Rust", "kind": "interface"}, {"_type": "tag", "name": "apis", "path": "/home/kavia/workspace/code-generation/app-gateway2/Supporting_Files/Badger/firebolt.rs", "pattern": "/^    pub apis: Vec<FireboltApi>,$/", "language": "Rust", "kind": "field", "scope": "FireboltPermission", "scopeKind": "struct"}, {"_type": "tag", "name": "box_clone", "path": "/home/kavia/workspace/code-generation/app-gateway2/Supporting_Files/Badger/firebolt.rs", "pattern": "/^    fn box_clone(&self) -> Box<dyn FireboltPermissionRegistry>;$/", "language": "Rust", "kind": "method", "signature": "(&self) -> Box<dyn FireboltPermissionRegistry>", "scope": "FireboltPermissionRegistry", "scopeKind": "interface"}, {"_type": "tag", "name": "cap", "path": "/home/kavia/workspace/code-generation/app-gateway2/Supporting_Files/Badger/firebolt.rs", "pattern": "/^    pub cap: String,$/", "language": "Rust", "kind": "field", "scope": "CapabilityRole", "scopeKind": "struct"}, {"_type": "tag", "name": "capability", "path": "/home/kavia/workspace/code-generation/app-gateway2/Supporting_Files/Badger/firebolt.rs", "pattern": "/^    pub capability: CapabilityRoleList,$/", "language": "Rust", "kind": "field", "scope": "FireboltPermission", "scopeKind": "struct"}, {"_type": "tag", "name": "clone", "path": "/home/kavia/workspace/code-generation/app-gateway2/Supporting_Files/Badger/firebolt.rs", "pattern": "/^    fn clone(&self) -> Box<dyn FireboltPermissionRegistry> {$/", "language": "Rust", "kind": "method", "signature": "(&self) -> Box<dyn FireboltPermissionRegistry>", "scope": "Box", "scopeKind": "implementation"}, {"_type": "tag", "name": "contains_api", "path": "/home/kavia/workspace/code-generation/app-gateway2/Supporting_Files/Badger/firebolt.rs", "pattern": "/^    pub fn contains_api(&self, api_name: String) -> bool {$/", "language": "Rust", "kind": "method", "signature": "(&self, api_name: String) -> bool", "scope": "FireboltPermission", "scopeKind": "implementation"}, {"_type": "tag", "name": "contains_capability", "path": "/home/kavia/workspace/code-generation/app-gateway2/Supporting_Files/Badger/firebolt.rs", "pattern": "/^    pub fn contains_capability(&self, capability: &String, role: &Role) -> bool {$/", "language": "Rust", "kind": "method", "signature": "(&self, capability: &String, role: &Role) -> bool", "scope": "FireboltPermission", "scopeKind": "implementation"}, {"_type": "tag", "name": "contains_permission", "path": "/home/kavia/workspace/code-generation/app-gateway2/Supporting_Files/Badger/firebolt.rs", "pattern": "/^    pub fn contains_permission(&self, permission_id: String) -> bool {$/", "language": "Rust", "kind": "method", "signature": "(&self, permission_id: String) -> bool", "scope": "FireboltPermission", "scopeKind": "implementation"}, {"_type": "tag", "name": "description", "path": "/home/kavia/workspace/code-generation/app-gateway2/Supporting_Files/Badger/firebolt.rs", "pattern": "/^    pub description: String,$/", "language": "Rust", "kind": "field", "scope": "FireboltPermission", "scopeKind": "struct"}, {"_type": "tag", "name": "display_name", "path": "/home/kavia/workspace/code-generation/app-gateway2/Supporting_Files/Badger/firebolt.rs", "pattern": "/^    pub display_name: String,$/", "language": "Rust", "kind": "field", "scope": "FireboltPermission", "scopeKind": "struct"}, {"_type": "tag", "name": "get_firebolt_caps_from_ref", "path": "/home/kavia/workspace/code-generation/app-gateway2/Supporting_Files/Badger/firebolt.rs", "pattern": "/^    fn get_firebolt_caps_from_ref(&self, ids: Vec<String>) -> Vec<String>;$/", "language": "Rust", "kind": "method", "signature": "(&self, ids: Vec<String>) -> Vec<String>", "scope": "FireboltPermissionRegistry", "scopeKind": "interface"}, {"_type": "tag", "name": "get_firebolt_permissions_from_ref", "path": "/home/kavia/workspace/code-generation/app-gateway2/Supporting_Files/Badger/firebolt.rs", "pattern": "/^    fn get_firebolt_permissions_from_ref(&self, ids: Vec<String>) -> Vec<CapabilityRole>;$/", "language": "Rust", "kind": "method", "signature": "(&self, ids: Vec<String>) -> Vec<CapabilityRole>", "scope": "FireboltPermissionRegistry", "scopeKind": "interface"}, {"_type": "tag", "name": "id", "path": "/home/kavia/workspace/code-generation/app-gateway2/Supporting_Files/Badger/firebolt.rs", "pattern": "/^    pub id: String,$/", "language": "Rust", "kind": "field", "scope": "FireboltPermission", "scopeKind": "struct"}, {"_type": "tag", "name": "is", "path": "/home/kavia/workspace/code-generation/app-gateway2/Supporting_Files/Badger/firebolt.rs", "pattern": "/^    fn is(&self, other_name: String) -> bool {$/", "language": "Rust", "kind": "method", "signature": "(&self, other_name: String) -> bool", "scope": "FireboltApi", "scopeKind": "implementation"}, {"_type": "tag", "name": "manage_caps", "path": "/home/kavia/workspace/code-generation/app-gateway2/Supporting_Files/Badger/firebolt.rs", "pattern": "/^    pub manage_caps: Vec<String>,$/", "language": "Rust", "kind": "field", "scope": "CapabilityRoleList", "scopeKind": "struct"}, {"_type": "tag", "name": "name", "path": "/home/kavia/workspace/code-generation/app-gateway2/Supporting_Files/Badger/firebolt.rs", "pattern": "/^    pub name: String,$/", "language": "Rust", "kind": "field", "scope": "FireboltApi", "scopeKind": "struct"}, {"_type": "tag", "name": "permissions", "path": "/home/kavia/workspace/code-generation/app-gateway2/Supporting_Files/Badger/firebolt.rs", "pattern": "/^    fn permissions(&self) -> Vec<FireboltPermission>;$/", "language": "Rust", "kind": "method", "signature": "(&self) -> Vec<FireboltPermission>", "scope": "FireboltPermissionRegistry", "scopeKind": "interface"}, {"_type": "tag", "name": "provide_caps", "path": "/home/kavia/workspace/code-generation/app-gateway2/Supporting_Files/Badger/firebolt.rs", "pattern": "/^    pub provide_caps: Vec<String>,$/", "language": "Rust", "kind": "field", "scope": "CapabilityRoleList", "scopeKind": "struct"}, {"_type": "tag", "name": "provider", "path": "/home/kavia/workspace/code-generation/app-gateway2/Supporting_Files/Badger/firebolt.rs", "pattern": "/^    pub provider: String,$/", "language": "Rust", "kind": "field", "scope": "FireboltPermission", "scopeKind": "struct"}, {"_type": "tag", "name": "role", "path": "/home/kavia/workspace/code-generation/app-gateway2/Supporting_Files/Badger/firebolt.rs", "pattern": "/^    pub role: Role,$/", "language": "Rust", "kind": "field", "scope": "CapabilityRole", "scopeKind": "struct"}, {"_type": "tag", "name": "use_caps", "path": "/home/kavia/workspace/code-generation/app-gateway2/Supporting_Files/Badger/firebolt.rs", "pattern": "/^    pub use_caps: Vec<String>,$/", "language": "Rust", "kind": "field", "scope": "CapabilityRoleList", "scopeKind": "struct"}], "hash": "fba0e809f754b8c2a8560c9549acca43", "format-version": 4, "code-base-name": "app-gateway2", "filename": "Supporting_Files/Badger/firebolt.rs", "fields": [{"name": "pub trait FireboltPermissionRegistry: Send {", "scope": "", "scopeKind": "", "description": "unavailable"}, {"name": "pub apis: Vec<FireboltApi>,", "scope": "FireboltPermission", "scopeKind": "struct", "description": "unavailable"}, {"name": "pub cap: String,", "scope": "CapabilityRole", "scopeKind": "struct", "description": "unavailable"}, {"name": "pub capability: CapabilityRoleList,", "scope": "FireboltPermission", "scopeKind": "struct", "description": "unavailable"}, {"name": "pub description: String,", "scope": "FireboltPermission", "scopeKind": "struct", "description": "unavailable"}, {"name": "pub display_name: String,", "scope": "FireboltPermission", "scopeKind": "struct", "description": "unavailable"}, {"name": "pub id: String,", "scope": "FireboltPermission", "scopeKind": "struct", "description": "unavailable"}, {"name": "pub manage_caps: Vec<String>,", "scope": "CapabilityRoleList", "scopeKind": "struct", "description": "unavailable"}, {"name": "pub name: String,", "scope": "FireboltApi", "scopeKind": "struct", "description": "unavailable"}, {"name": "pub provide_caps: Vec<String>,", "scope": "CapabilityRoleList", "scopeKind": "struct", "description": "unavailable"}, {"name": "pub provider: String,", "scope": "FireboltPermission", "scopeKind": "struct", "description": "unavailable"}, {"name": "pub role: Role,", "scope": "CapabilityRole", "scopeKind": "struct", "description": "unavailable"}, {"name": "pub use_caps: Vec<String>,", "scope": "CapabilityRoleList", "scopeKind": "struct", "description": "unavailable"}], "revision_history": [{"512": "32b0bb639375ee19b69b68f8ce79692a3d49912e"}]}