{"is_source_file": true, "format": "C++ header file", "description": "Defines the StringUtils class with static methods for string manipulation, including case-insensitive search and extraction of method names, along with license information and include guards.", "external_files": ["<algorithm>", "<cctype>", "UtilsLogging.h"], "external_methods": ["LOGERR"], "published": ["StringUtils"], "classes": [{"name": "StringUtils", "description": "Provides static utility functions for string processing such as case conversion, case-insensitive search, and method name extraction."}], "methods": [{"name": "string toLower(const string & input)", "description": "Converts a string to lowercase.", "scope": "StringUtils", "scopeKind": "class"}, {"name": "bool rfindInsensitive(const string & reference,const string & key)", "description": "Performs a case-insensitive search for a substring within a string.", "scope": "StringUtils", "scopeKind": "class"}, {"name": "bool checkStartsWithCaseInsensitive(const string & method,const string & key)", "description": "Checks if a string starts with a given prefix in a case-insensitive manner.", "scope": "StringUtils", "scopeKind": "class"}, {"name": "string extractMethodName(const string & method)", "description": "Extracts the method name after the last dot in a string and converts it to lowercase.", "scope": "StringUtils", "scopeKind": "class"}, {"name": "__anon9d0457230102(unsigned char c)", "scope": "StringUtils::toLower", "scopeKind": "function", "description": "unavailable"}], "calls": ["transform", "tolower", "LOGERR"], "search-terms": ["StringUtils", "toLower", "extractMethodName", "caseInsensitive"], "state": 2, "file_id": 146, "knowledge_revision": 478, "git_revision": "11687bdf35796aa59ae3a1afecde9935f4bdd400", "ctags": [{"_type": "tag", "name": "StringUtils", "path": "/home/kavia/workspace/code-generation/app-gateway2/Supporting_Files/StringUtils.h", "pattern": "/^class StringUtils {$/", "language": "C++", "kind": "class"}, {"_type": "tag", "name": "__STRINGUTILS_H__", "path": "/home/kavia/workspace/code-generation/app-gateway2/Supporting_Files/StringUtils.h", "pattern": "/^#define __STRINGUTILS_H__$/", "language": "C++", "kind": "macro"}, {"_type": "tag", "name": "__anon9d0457230102", "path": "/home/kavia/workspace/code-generation/app-gateway2/Supporting_Files/StringUtils.h", "pattern": "/^                  [](unsigned char c) { return tolower(c); });$/", "file": true, "language": "C++", "kind": "function", "signature": "(unsigned char c) ", "scope": "StringUtils::toLower", "scopeKind": "function"}, {"_type": "tag", "name": "checkStartsWithCaseInsensitive", "path": "/home/kavia/workspace/code-generation/app-gateway2/Supporting_Files/StringUtils.h", "pattern": "/^    static bool checkStartsWithCaseInsensitive(const string& method, const string& key) {$/", "language": "C++", "typeref": "typename:bool", "kind": "function", "signature": "(const string & method,const string & key)", "scope": "StringUtils", "scopeKind": "class"}, {"_type": "tag", "name": "extractMethodName", "path": "/home/kavia/workspace/code-generation/app-gateway2/Supporting_Files/StringUtils.h", "pattern": "/^    static string extractMethodName(const string& method) {$/", "language": "C++", "typeref": "typename:string", "kind": "function", "signature": "(const string & method)", "scope": "StringUtils", "scopeKind": "class"}, {"_type": "tag", "name": "rfindInsensitive", "path": "/home/kavia/workspace/code-generation/app-gateway2/Supporting_Files/StringUtils.h", "pattern": "/^    static bool rfindInsensitive(const string& reference, const string& key) {$/", "language": "C++", "typeref": "typename:bool", "kind": "function", "signature": "(const string & reference,const string & key)", "scope": "StringUtils", "scopeKind": "class"}, {"_type": "tag", "name": "toLower", "path": "/home/kavia/workspace/code-generation/app-gateway2/Supporting_Files/StringUtils.h", "pattern": "/^    static string toLower(const string& input) {$/", "language": "C++", "typeref": "typename:string", "kind": "function", "signature": "(const string & input)", "scope": "StringUtils", "scopeKind": "class"}], "hash": "869296145a14b3d8445948e8c7956229", "format-version": 4, "code-base-name": "app-gateway2", "filename": "Supporting_Files/StringUtils.h", "revision_history": [{"478": "11687bdf35796aa59ae3a1afecde9935f4bdd400"}]}