{"is_source_file": true, "format": "Rust", "description": "This Rust source file defines the `Authorizer` struct and associated methods for permission and capability checks related to device, network, and account information, as well as tests verifying these functions.", "external_files": ["ripple_sdk::api::firebolt::fb_capabilities::{CapabilityRole, FireboltCap, RoleInfo}"], "external_methods": ["FireboltCap::short"], "published": ["Authorizer", "Authorizer::get_device_caps", "Authorizer::get_info_caps", "Authorizer::check_single_cap", "Authorizer::check_device_info_required", "Authorizer::is_device_info_authorized", "Authorizer::is_network_status_authorized", "Authorizer::is_device_sku_authorized", "Authorizer::is_device_model_authorized", "Authorizer::is_device_make_authorized", "Authorizer::is_device_id_authorized", "Authorizer::is_device_uid_authorized", "Authorizer::is_account_id_authorized", "Authorizer::is_account_uid_authorized", "Authorizer::is_device_dist_authorized", "Authorizer::is_postal_authorized", "Authorizer::is_profile_flags_authorized", "Authorizer::is_session_required"], "classes": [], "methods": [{"name": "get_role_info(short_cap: &str) -> RoleInfo", "description": "Creates a RoleInfo object with a capability derived from the short cap string and role set to 'Use'.", "scope": "", "scopeKind": ""}, {"name": "get_device_caps() -> Vec<RoleInfo>", "description": "Returns a vector of RoleInfo objects representing device-related capabilities.", "scope": "Authorizer", "scopeKind": "implementation"}, {"name": "get_info_caps() -> Vec<RoleInfo>", "description": "Returns a vector of RoleInfo objects representing combined device, account, localization, and profile capabilities required for authorization.", "scope": "Authorizer", "scopeKind": "implementation"}, {"name": "check_single_cap(response: &HashMap<String, bool>, cap: &str) -> bool", "description": "Checks if a specific capability is authorized within the response HashMap.", "scope": "Authorizer", "scopeKind": "implementation"}, {"name": "check_device_info_required(response: &HashMap<String, bool>) -> bool", "description": "Determines if any device info capabilities are present and authorized in the response.", "scope": "Authorizer", "scopeKind": "implementation"}, {"name": "is_device_info_authorized(response: &HashMap<String, bool>) -> bool", "description": "Checks if 'device:info' capability is authorized.", "scope": "Authorizer", "scopeKind": "implementation"}, {"name": "is_network_status_authorized(response: &HashMap<String, bool>) -> bool", "description": "Checks if 'network:status' capability is authorized.", "scope": "Authorizer", "scopeKind": "implementation"}, {"name": "is_device_sku_authorized(response: &HashMap<String, bool>) -> bool", "description": "Checks if 'device:sku' capability is authorized.", "scope": "Authorizer", "scopeKind": "implementation"}, {"name": "is_device_model_authorized(response: &HashMap<String, bool>) -> bool", "description": "Checks if 'device:model' capability is authorized.", "scope": "Authorizer", "scopeKind": "implementation"}, {"name": "is_device_make_authorized(response: &HashMap<String, bool>) -> bool", "description": "Checks if 'device:make' capability is authorized.", "scope": "Authorizer", "scopeKind": "implementation"}, {"name": "is_device_id_authorized(response: &HashMap<String, bool>) -> bool", "description": "Checks if 'device:id' capability is authorized.", "scope": "Authorizer", "scopeKind": "implementation"}, {"name": "is_device_uid_authorized(response: &HashMap<String, bool>) -> bool", "description": "Checks if 'device:uid' capability is authorized.", "scope": "Authorizer", "scopeKind": "implementation"}, {"name": "is_account_id_authorized(response: &HashMap<String, bool>) -> bool", "description": "Checks if 'account:id' capability is authorized.", "scope": "Authorizer", "scopeKind": "implementation"}, {"name": "is_account_uid_authorized(response: &HashMap<String, bool>) -> bool", "description": "Checks if 'account:uid' capability is authorized.", "scope": "Authorizer", "scopeKind": "implementation"}, {"name": "is_device_dist_authorized(response: &HashMap<String, bool>) -> bool", "description": "Checks if 'device:distributor' capability is authorized.", "scope": "Authorizer", "scopeKind": "implementation"}, {"name": "is_postal_authorized(response: &HashMap<String, bool>) -> bool", "description": "Checks if 'localization:postal-code' capability is authorized.", "scope": "Authorizer", "scopeKind": "implementation"}, {"name": "is_profile_flags_authorized(response: &HashMap<String, bool>) -> bool", "description": "Checks if 'profile:flags' capability is authorized.", "scope": "Authorizer", "scopeKind": "implementation"}, {"name": "is_session_required(response: &HashMap<String, bool>) -> bool", "description": "Checks if any of the listed capabilities require a session.", "scope": "Authorizer", "scopeKind": "implementation"}, {"name": "test_check_device_info_required()", "scope": "tests", "scopeKind": "module", "description": "unavailable"}, {"name": "test_check_device_info_required_false()", "scope": "tests", "scopeKind": "module", "description": "unavailable"}, {"name": "test_check_single_cap()", "scope": "tests", "scopeKind": "module", "description": "unavailable"}, {"name": "test_check_single_cap_false()", "scope": "tests", "scopeKind": "module", "description": "unavailable"}, {"name": "test_check_single_cap_not_found()", "scope": "tests", "scopeKind": "module", "description": "unavailable"}, {"name": "test_get_device_caps()", "scope": "tests", "scopeKind": "module", "description": "unavailable"}, {"name": "test_get_info_caps()", "scope": "tests", "scopeKind": "module", "description": "unavailable"}, {"name": "test_is_account_id_authorized()", "scope": "tests", "scopeKind": "module", "description": "unavailable"}, {"name": "test_is_account_uid_authorized()", "scope": "tests", "scopeKind": "module", "description": "unavailable"}, {"name": "test_is_device_dist_authorized()", "scope": "tests", "scopeKind": "module", "description": "unavailable"}, {"name": "test_is_device_id_authorized()", "scope": "tests", "scopeKind": "module", "description": "unavailable"}, {"name": "test_is_device_info_authorized()", "scope": "tests", "scopeKind": "module", "description": "unavailable"}, {"name": "test_is_device_make_authorized()", "scope": "tests", "scopeKind": "module", "description": "unavailable"}, {"name": "test_is_device_model_authorized()", "scope": "tests", "scopeKind": "module", "description": "unavailable"}, {"name": "test_is_device_sku_authorized()", "scope": "tests", "scopeKind": "module", "description": "unavailable"}, {"name": "test_is_device_uid_authorized()", "scope": "tests", "scopeKind": "module", "description": "unavailable"}, {"name": "test_is_network_status_authorized()", "scope": "tests", "scopeKind": "module", "description": "unavailable"}, {"name": "test_is_postal_authorized()", "scope": "tests", "scopeKind": "module", "description": "unavailable"}, {"name": "test_is_profile_flags_authorized()", "scope": "tests", "scopeKind": "module", "description": "unavailable"}, {"name": "test_is_session_required()", "scope": "tests", "scopeKind": "module", "description": "unavailable"}, {"name": "test_is_session_required_false()", "scope": "tests", "scopeKind": "module", "description": "unavailable"}], "calls": ["FireboltCap::short"], "search-terms": ["authorizer", "capabilities", "device permissions", "authorization", "Rust", "Ripple_Badger_Extn"], "state": 2, "file_id": 215, "knowledge_revision": 705, "git_revision": "7541615396d97800a8dedd6a14e20d3bd2197bf0", "ctags": [{"_type": "tag", "name": "Authorizer", "path": "/home/kavia/workspace/code-generation/app-gateway2/Supporting_Files/Ripple_Badger_Extn/src/authorizer.rs", "pattern": "/^impl Authorizer {$/", "language": "Rust", "kind": "implementation"}, {"_type": "tag", "name": "Authorizer", "path": "/home/kavia/workspace/code-generation/app-gateway2/Supporting_Files/Ripple_Badger_Extn/src/authorizer.rs", "pattern": "/^pub struct Authorizer;$/", "language": "Rust", "kind": "struct"}, {"_type": "tag", "name": "check_device_info_required", "path": "/home/kavia/workspace/code-generation/app-gateway2/Supporting_Files/Ripple_Badger_Extn/src/authorizer.rs", "pattern": "/^    pub fn check_device_info_required(response: &HashMap<String, bool>) -> bool {$/", "language": "Rust", "kind": "method", "signature": "(response: &HashMap<String, bool>) -> bool", "scope": "Authorizer", "scopeKind": "implementation"}, {"_type": "tag", "name": "check_single_cap", "path": "/home/kavia/workspace/code-generation/app-gateway2/Supporting_Files/Ripple_Badger_Extn/src/authorizer.rs", "pattern": "/^    fn check_single_cap(response: &HashMap<String, bool>, cap: &str) -> bool {$/", "language": "Rust", "kind": "method", "signature": "(response: &HashMap<String, bool>, cap: &str) -> bool", "scope": "Authorizer", "scopeKind": "implementation"}, {"_type": "tag", "name": "get_device_caps", "path": "/home/kavia/workspace/code-generation/app-gateway2/Supporting_Files/Ripple_Badger_Extn/src/authorizer.rs", "pattern": "/^    pub fn get_device_caps() -> Vec<RoleInfo> {$/", "language": "Rust", "kind": "method", "signature": "() -> Vec<RoleInfo>", "scope": "Authorizer", "scopeKind": "implementation"}, {"_type": "tag", "name": "get_info_caps", "path": "/home/kavia/workspace/code-generation/app-gateway2/Supporting_Files/Ripple_Badger_Extn/src/authorizer.rs", "pattern": "/^    pub fn get_info_caps() -> Vec<RoleInfo> {$/", "language": "Rust", "kind": "method", "signature": "() -> Vec<RoleInfo>", "scope": "Authorizer", "scopeKind": "implementation"}, {"_type": "tag", "name": "get_role_info", "path": "/home/kavia/workspace/code-generation/app-gateway2/Supporting_Files/Ripple_Badger_Extn/src/authorizer.rs", "pattern": "/^fn get_role_info(short_cap: &str) -> RoleInfo {$/", "language": "Rust", "kind": "function", "signature": "(short_cap: &str) -> RoleInfo"}, {"_type": "tag", "name": "is_account_id_authorized", "path": "/home/kavia/workspace/code-generation/app-gateway2/Supporting_Files/Ripple_Badger_Extn/src/authorizer.rs", "pattern": "/^    pub fn is_account_id_authorized(response: &HashMap<String, bool>) -> bool {$/", "language": "Rust", "kind": "method", "signature": "(response: &HashMap<String, bool>) -> bool", "scope": "Authorizer", "scopeKind": "implementation"}, {"_type": "tag", "name": "is_account_uid_authorized", "path": "/home/kavia/workspace/code-generation/app-gateway2/Supporting_Files/Ripple_Badger_Extn/src/authorizer.rs", "pattern": "/^    pub fn is_account_uid_authorized(response: &HashMap<String, bool>) -> bool {$/", "language": "Rust", "kind": "method", "signature": "(response: &HashMap<String, bool>) -> bool", "scope": "Authorizer", "scopeKind": "implementation"}, {"_type": "tag", "name": "is_device_dist_authorized", "path": "/home/kavia/workspace/code-generation/app-gateway2/Supporting_Files/Ripple_Badger_Extn/src/authorizer.rs", "pattern": "/^    pub fn is_device_dist_authorized(response: &HashMap<String, bool>) -> bool {$/", "language": "Rust", "kind": "method", "signature": "(response: &HashMap<String, bool>) -> bool", "scope": "Authorizer", "scopeKind": "implementation"}, {"_type": "tag", "name": "is_device_id_authorized", "path": "/home/kavia/workspace/code-generation/app-gateway2/Supporting_Files/Ripple_Badger_Extn/src/authorizer.rs", "pattern": "/^    pub fn is_device_id_authorized(response: &HashMap<String, bool>) -> bool {$/", "language": "Rust", "kind": "method", "signature": "(response: &HashMap<String, bool>) -> bool", "scope": "Authorizer", "scopeKind": "implementation"}, {"_type": "tag", "name": "is_device_info_authorized", "path": "/home/kavia/workspace/code-generation/app-gateway2/Supporting_Files/Ripple_Badger_Extn/src/authorizer.rs", "pattern": "/^    pub fn is_device_info_authorized(response: &HashMap<String, bool>) -> bool {$/", "language": "Rust", "kind": "method", "signature": "(response: &HashMap<String, bool>) -> bool", "scope": "Authorizer", "scopeKind": "implementation"}, {"_type": "tag", "name": "is_device_make_authorized", "path": "/home/kavia/workspace/code-generation/app-gateway2/Supporting_Files/Ripple_Badger_Extn/src/authorizer.rs", "pattern": "/^    pub fn is_device_make_authorized(response: &HashMap<String, bool>) -> bool {$/", "language": "Rust", "kind": "method", "signature": "(response: &HashMap<String, bool>) -> bool", "scope": "Authorizer", "scopeKind": "implementation"}, {"_type": "tag", "name": "is_device_model_authorized", "path": "/home/kavia/workspace/code-generation/app-gateway2/Supporting_Files/Ripple_Badger_Extn/src/authorizer.rs", "pattern": "/^    pub fn is_device_model_authorized(response: &HashMap<String, bool>) -> bool {$/", "language": "Rust", "kind": "method", "signature": "(response: &HashMap<String, bool>) -> bool", "scope": "Authorizer", "scopeKind": "implementation"}, {"_type": "tag", "name": "is_device_sku_authorized", "path": "/home/kavia/workspace/code-generation/app-gateway2/Supporting_Files/Ripple_Badger_Extn/src/authorizer.rs", "pattern": "/^    pub fn is_device_sku_authorized(response: &HashMap<String, bool>) -> bool {$/", "language": "Rust", "kind": "method", "signature": "(response: &HashMap<String, bool>) -> bool", "scope": "Authorizer", "scopeKind": "implementation"}, {"_type": "tag", "name": "is_device_uid_authorized", "path": "/home/kavia/workspace/code-generation/app-gateway2/Supporting_Files/Ripple_Badger_Extn/src/authorizer.rs", "pattern": "/^    pub fn is_device_uid_authorized(response: &HashMap<String, bool>) -> bool {$/", "language": "Rust", "kind": "method", "signature": "(response: &HashMap<String, bool>) -> bool", "scope": "Authorizer", "scopeKind": "implementation"}, {"_type": "tag", "name": "is_network_status_authorized", "path": "/home/kavia/workspace/code-generation/app-gateway2/Supporting_Files/Ripple_Badger_Extn/src/authorizer.rs", "pattern": "/^    pub fn is_network_status_authorized(response: &HashMap<String, bool>) -> bool {$/", "language": "Rust", "kind": "method", "signature": "(response: &HashMap<String, bool>) -> bool", "scope": "Authorizer", "scopeKind": "implementation"}, {"_type": "tag", "name": "is_postal_authorized", "path": "/home/kavia/workspace/code-generation/app-gateway2/Supporting_Files/Ripple_Badger_Extn/src/authorizer.rs", "pattern": "/^    pub fn is_postal_authorized(response: &HashMap<String, bool>) -> bool {$/", "language": "Rust", "kind": "method", "signature": "(response: &HashMap<String, bool>) -> bool", "scope": "Authorizer", "scopeKind": "implementation"}, {"_type": "tag", "name": "is_profile_flags_authorized", "path": "/home/kavia/workspace/code-generation/app-gateway2/Supporting_Files/Ripple_Badger_Extn/src/authorizer.rs", "pattern": "/^    pub fn is_profile_flags_authorized(response: &HashMap<String, bool>) -> bool {$/", "language": "Rust", "kind": "method", "signature": "(response: &HashMap<String, bool>) -> bool", "scope": "Authorizer", "scopeKind": "implementation"}, {"_type": "tag", "name": "is_session_required", "path": "/home/kavia/workspace/code-generation/app-gateway2/Supporting_Files/Ripple_Badger_Extn/src/authorizer.rs", "pattern": "/^    pub fn is_session_required(response: &HashMap<String, bool>) -> bool {$/", "language": "Rust", "kind": "method", "signature": "(response: &HashMap<String, bool>) -> bool", "scope": "Authorizer", "scopeKind": "implementation"}, {"_type": "tag", "name": "test_check_device_info_required", "path": "/home/kavia/workspace/code-generation/app-gateway2/Supporting_Files/Ripple_Badger_Extn/src/authorizer.rs", "pattern": "/^    fn test_check_device_info_required() {$/", "language": "Rust", "kind": "function", "signature": "()", "scope": "tests", "scopeKind": "module"}, {"_type": "tag", "name": "test_check_device_info_required_false", "path": "/home/kavia/workspace/code-generation/app-gateway2/Supporting_Files/Ripple_Badger_Extn/src/authorizer.rs", "pattern": "/^    fn test_check_device_info_required_false() {$/", "language": "Rust", "kind": "function", "signature": "()", "scope": "tests", "scopeKind": "module"}, {"_type": "tag", "name": "test_check_single_cap", "path": "/home/kavia/workspace/code-generation/app-gateway2/Supporting_Files/Ripple_Badger_Extn/src/authorizer.rs", "pattern": "/^    fn test_check_single_cap() {$/", "language": "Rust", "kind": "function", "signature": "()", "scope": "tests", "scopeKind": "module"}, {"_type": "tag", "name": "test_check_single_cap_false", "path": "/home/kavia/workspace/code-generation/app-gateway2/Supporting_Files/Ripple_Badger_Extn/src/authorizer.rs", "pattern": "/^    fn test_check_single_cap_false() {$/", "language": "Rust", "kind": "function", "signature": "()", "scope": "tests", "scopeKind": "module"}, {"_type": "tag", "name": "test_check_single_cap_not_found", "path": "/home/kavia/workspace/code-generation/app-gateway2/Supporting_Files/Ripple_Badger_Extn/src/authorizer.rs", "pattern": "/^    fn test_check_single_cap_not_found() {$/", "language": "Rust", "kind": "function", "signature": "()", "scope": "tests", "scopeKind": "module"}, {"_type": "tag", "name": "test_get_device_caps", "path": "/home/kavia/workspace/code-generation/app-gateway2/Supporting_Files/Ripple_Badger_Extn/src/authorizer.rs", "pattern": "/^    fn test_get_device_caps() {$/", "language": "Rust", "kind": "function", "signature": "()", "scope": "tests", "scopeKind": "module"}, {"_type": "tag", "name": "test_get_info_caps", "path": "/home/kavia/workspace/code-generation/app-gateway2/Supporting_Files/Ripple_Badger_Extn/src/authorizer.rs", "pattern": "/^    fn test_get_info_caps() {$/", "language": "Rust", "kind": "function", "signature": "()", "scope": "tests", "scopeKind": "module"}, {"_type": "tag", "name": "test_is_account_id_authorized", "path": "/home/kavia/workspace/code-generation/app-gateway2/Supporting_Files/Ripple_Badger_Extn/src/authorizer.rs", "pattern": "/^    fn test_is_account_id_authorized() {$/", "language": "Rust", "kind": "function", "signature": "()", "scope": "tests", "scopeKind": "module"}, {"_type": "tag", "name": "test_is_account_uid_authorized", "path": "/home/kavia/workspace/code-generation/app-gateway2/Supporting_Files/Ripple_Badger_Extn/src/authorizer.rs", "pattern": "/^    fn test_is_account_uid_authorized() {$/", "language": "Rust", "kind": "function", "signature": "()", "scope": "tests", "scopeKind": "module"}, {"_type": "tag", "name": "test_is_device_dist_authorized", "path": "/home/kavia/workspace/code-generation/app-gateway2/Supporting_Files/Ripple_Badger_Extn/src/authorizer.rs", "pattern": "/^    fn test_is_device_dist_authorized() {$/", "language": "Rust", "kind": "function", "signature": "()", "scope": "tests", "scopeKind": "module"}, {"_type": "tag", "name": "test_is_device_id_authorized", "path": "/home/kavia/workspace/code-generation/app-gateway2/Supporting_Files/Ripple_Badger_Extn/src/authorizer.rs", "pattern": "/^    fn test_is_device_id_authorized() {$/", "language": "Rust", "kind": "function", "signature": "()", "scope": "tests", "scopeKind": "module"}, {"_type": "tag", "name": "test_is_device_info_authorized", "path": "/home/kavia/workspace/code-generation/app-gateway2/Supporting_Files/Ripple_Badger_Extn/src/authorizer.rs", "pattern": "/^    fn test_is_device_info_authorized() {$/", "language": "Rust", "kind": "function", "signature": "()", "scope": "tests", "scopeKind": "module"}, {"_type": "tag", "name": "test_is_device_make_authorized", "path": "/home/kavia/workspace/code-generation/app-gateway2/Supporting_Files/Ripple_Badger_Extn/src/authorizer.rs", "pattern": "/^    fn test_is_device_make_authorized() {$/", "language": "Rust", "kind": "function", "signature": "()", "scope": "tests", "scopeKind": "module"}, {"_type": "tag", "name": "test_is_device_model_authorized", "path": "/home/kavia/workspace/code-generation/app-gateway2/Supporting_Files/Ripple_Badger_Extn/src/authorizer.rs", "pattern": "/^    fn test_is_device_model_authorized() {$/", "language": "Rust", "kind": "function", "signature": "()", "scope": "tests", "scopeKind": "module"}, {"_type": "tag", "name": "test_is_device_sku_authorized", "path": "/home/kavia/workspace/code-generation/app-gateway2/Supporting_Files/Ripple_Badger_Extn/src/authorizer.rs", "pattern": "/^    fn test_is_device_sku_authorized() {$/", "language": "Rust", "kind": "function", "signature": "()", "scope": "tests", "scopeKind": "module"}, {"_type": "tag", "name": "test_is_device_uid_authorized", "path": "/home/kavia/workspace/code-generation/app-gateway2/Supporting_Files/Ripple_Badger_Extn/src/authorizer.rs", "pattern": "/^    fn test_is_device_uid_authorized() {$/", "language": "Rust", "kind": "function", "signature": "()", "scope": "tests", "scopeKind": "module"}, {"_type": "tag", "name": "test_is_network_status_authorized", "path": "/home/kavia/workspace/code-generation/app-gateway2/Supporting_Files/Ripple_Badger_Extn/src/authorizer.rs", "pattern": "/^    fn test_is_network_status_authorized() {$/", "language": "Rust", "kind": "function", "signature": "()", "scope": "tests", "scopeKind": "module"}, {"_type": "tag", "name": "test_is_postal_authorized", "path": "/home/kavia/workspace/code-generation/app-gateway2/Supporting_Files/Ripple_Badger_Extn/src/authorizer.rs", "pattern": "/^    fn test_is_postal_authorized() {$/", "language": "Rust", "kind": "function", "signature": "()", "scope": "tests", "scopeKind": "module"}, {"_type": "tag", "name": "test_is_profile_flags_authorized", "path": "/home/kavia/workspace/code-generation/app-gateway2/Supporting_Files/Ripple_Badger_Extn/src/authorizer.rs", "pattern": "/^    fn test_is_profile_flags_authorized() {$/", "language": "Rust", "kind": "function", "signature": "()", "scope": "tests", "scopeKind": "module"}, {"_type": "tag", "name": "test_is_session_required", "path": "/home/kavia/workspace/code-generation/app-gateway2/Supporting_Files/Ripple_Badger_Extn/src/authorizer.rs", "pattern": "/^    fn test_is_session_required() {$/", "language": "Rust", "kind": "function", "signature": "()", "scope": "tests", "scopeKind": "module"}, {"_type": "tag", "name": "test_is_session_required_false", "path": "/home/kavia/workspace/code-generation/app-gateway2/Supporting_Files/Ripple_Badger_Extn/src/authorizer.rs", "pattern": "/^    fn test_is_session_required_false() {$/", "language": "Rust", "kind": "function", "signature": "()", "scope": "tests", "scopeKind": "module"}, {"_type": "tag", "name": "tests", "path": "/home/kavia/workspace/code-generation/app-gateway2/Supporting_Files/Ripple_Badger_Extn/src/authorizer.rs", "pattern": "/^mod tests {$/", "language": "Rust", "kind": "module"}], "hash": "76cb362d413523f730524c59f17e4f69", "format-version": 4, "code-base-name": "app-gateway2", "filename": "Supporting_Files/Ripple_Badger_Extn/src/authorizer.rs", "revision_history": [{"705": "7541615396d97800a8dedd6a14e20d3bd2197bf0"}]}