{"is_source_file": false, "format": "", "description": "", "external_files": [], "external_methods": [], "published": [], "classes": [], "methods": [], "calls": [], "search-terms": ["RDKShell", "jsonrpc", "curl commands", "API methods", "client", "getClients", "setBounds"], "state": 2, "file_id": 270, "knowledge_revision": 880, "git_revision": "ef86df2c8df3fef6f567643b583ee28870c1ba4c", "hash": "97c6d22ceb49d5fc5c9270b9e56846e0", "format-version": 4, "code-base-name": "app-gateway2", "filename": "Supporting_Files/RDKShell/README.md", "revision_history": [{"880": "ef86df2c8df3fef6f567643b583ee28870c1ba4c"}]}