{"is_source_file": false, "format": "", "description": "", "external_files": [], "external_methods": [], "published": [], "classes": [], "methods": [], "calls": [], "search-terms": [], "state": 2, "file_id": 268, "knowledge_revision": 874, "git_revision": "ef86df2c8df3fef6f567643b583ee28870c1ba4c", "ctags": [{"_type": "tag", "name": "EXTERNAL", "path": "/home/kavia/workspace/code-generation/app-gateway2/Supporting_Files/RDKShell/Module.h", "pattern": "/^#define EXTERNAL$/", "language": "C++", "kind": "macro"}, {"_type": "tag", "name": "MODULE_NAME", "path": "/home/kavia/workspace/code-generation/app-gateway2/Supporting_Files/RDKShell/Module.h", "pattern": "/^#define MODULE_NAME /", "language": "C++", "kind": "macro"}], "hash": "a38bd9a56057646137e9840f30c1d613", "format-version": 4, "code-base-name": "app-gateway2", "filename": "Supporting_Files/RDKShell/Module.h", "revision_history": [{"874": "ef86df2c8df3fef6f567643b583ee28870c1ba4c"}]}