{"is_source_file": true, "format": "C++", "description": "This header file defines utilities for JSON-RPC communication and security token retrieval within the WPEFramework plugin architecture. It includes a class for making JSON RPC calls directly to a specified controller with security token management.", "external_files": ["UtilsLogging.h", "<plugins/plugins.h>", "Core::ERROR_GENERAL", "Core::ERROR_NONE", "Core::ERROR_BAD_REQUEST", "Core::JSON::IElement", "Core::JSON::Error"], "external_methods": ["PluginHost::IShell::QueryInterfaceByCallsign", "PluginHost::IShell::QueryInterfaceByCallsign<PluginHost::ILocalDispatcher>", "PluginHost::ILocalDispatcher::Release", "PluginHost::ILocalDispatcher::Invoke", "Core::JSON::IElement::ToString", "Core::JSON::IElement::FromString", "Core::JSON::Error::Message", "LOGINFO", "LOGERR"], "published": ["WPEFramework::Utils::GetThunderSecurityToken", "WPEFramework::Utils::JSONRPCDirectLink", "WPEFramework::Utils::GetThunderControllerClient"], "classes": [{"name": "JSONRPCDirectLink", "description": "A class encapsulating a JSON-RPC connection to a controller, including methods to invoke remote procedures and serialize/deserialize JSON elements."}], "methods": [{"name": "uint32_t GetThunderSecurityToken(PluginHost::IShell * service,std::string & token)", "description": "Retrieves a security token from the security agent service provided by the given plugin shell.", "scope": "WPEFramework::Utils", "scopeKind": "namespace"}, {"name": "Core::hresult Invoke(const string & method,const PARAMETERS & parameters,RESPONSE & response)", "description": "Performs a JSON-RPC call using the specified method and parameters, and processes the response.", "scope": "WPEFramework::Utils::JSONRPCDirectLink", "scopeKind": "struct"}, {"name": "bool ToString(std::string & out,const Core::JSON::IElement & in) const", "description": "Serializes a JSON element or string to its string representation.", "scope": "WPEFramework::Utils::JSONRPCDirectLink", "scopeKind": "struct"}, {"name": "bool FromString(Core::JSON::IElement & response,const std::string & in) const", "description": "Deserializes a string into a JSON element or response object.", "scope": "WPEFramework::Utils::JSONRPCDirectLink", "scopeKind": "struct"}, {"name": "bool FromString(std::string & out,const std::string & in) const", "scope": "WPEFramework::Utils::JSONRPCDirectLink", "scopeKind": "struct", "description": "unavailable"}, {"name": "std::shared_ptr<Utils::JSONRPCDirectLink> GetThunderControllerClient(PluginHost::IShell * service,std::string callsign=\"\")", "scope": "WPEFramework::Utils", "scopeKind": "namespace", "description": "unavailable"}, {"name": "JSONRPCDirectLink(PluginHost::IShell * service)", "scope": "WPEFramework::Utils::JSONRPCDirectLink", "scopeKind": "struct", "description": "unavailable"}, {"name": "JSONRPCDirectLink(PluginHost::IShell * service,std::string callsign,std::string token=\"\")", "scope": "WPEFramework::Utils::JSONRPCDirectLink", "scopeKind": "struct", "description": "unavailable"}, {"name": "bool ToString(std::string & out,const std::string & in) const", "scope": "WPEFramework::Utils::JSONRPCDirectLink", "scopeKind": "struct", "description": "unavailable"}, {"name": "~JSONRPCDirectLink()", "scope": "WPEFramework::Utils::JSONRPCDirectLink", "scopeKind": "struct", "description": "unavailable"}], "calls": ["service->QueryInterfaceByCallsign<PluginHost::IAuthenticate>('SecurityAgent')", "security->CreateToken(...)", "mDispatcher->Invoke(...)", "response.FromString(...)"], "search-terms": ["UtilsJsonrpcDirectLink.h", "GetThunderSecurityToken", "JSONRPCDirectLink", "ThunderSecurityToken"], "state": 2, "file_id": 56, "knowledge_revision": 439, "git_revision": "11687bdf35796aa59ae3a1afecde9935f4bdd400", "revision_history": [{"184": ""}, {"296": "e298f50bdcb1af92a6a3e942be2f66bfc2e9cdb5"}, {"355": "a518df17203c7acd128d5f75d0f484e0347f8c9a"}, {"438": "a518df17203c7acd128d5f75d0f484e0347f8c9a"}, {"439": "11687bdf35796aa59ae3a1afecde9935f4bdd400"}], "ctags": [{"_type": "tag", "name": "FromString", "path": "/home/kavia/workspace/code-generation/app-gateway2/Supporting_Files/UtilsJsonrpcDirectLink.h", "pattern": "/^            bool FromString(Core::JSON::IElement& response, const std::string &in) const$/", "language": "C++", "typeref": "typename:bool", "kind": "function", "signature": "(Core::JSON::IElement & response,const std::string & in) const", "scope": "WPEFramework::Utils::JSONRPCDirectLink", "scopeKind": "struct"}, {"_type": "tag", "name": "FromString", "path": "/home/kavia/workspace/code-generation/app-gateway2/Supporting_Files/UtilsJsonrpcDirectLink.h", "pattern": "/^            bool FromString(std::string &out, const std::string &in) const$/", "language": "C++", "typeref": "typename:bool", "kind": "function", "signature": "(std::string & out,const std::string & in) const", "scope": "WPEFramework::Utils::JSONRPCDirectLink", "scopeKind": "struct"}, {"_type": "tag", "name": "GetThunderControllerClient", "path": "/home/kavia/workspace/code-generation/app-gateway2/Supporting_Files/UtilsJsonrpcDirectLink.h", "pattern": "/^        inline std::shared_ptr<Utils::JSONRPCDirectLink> GetThunderControllerClient(PluginHost::/", "language": "C++", "typeref": "typename:std::shared_ptr<Utils::JSONRPCDirectLink>", "kind": "function", "signature": "(PluginHost::IShell * service,std::string callsign=\"\")", "scope": "WPEFramework::Utils", "scopeKind": "namespace"}, {"_type": "tag", "name": "GetThunderSecurityToken", "path": "/home/kavia/workspace/code-generation/app-gateway2/Supporting_Files/UtilsJsonrpcDirectLink.h", "pattern": "/^        inline uint32_t GetThunderSecurityToken(PluginHost::IShell *service, std::string &token)$/", "language": "C++", "typeref": "typename:uint32_t", "kind": "function", "signature": "(PluginHost::IShell * service,std::string & token)", "scope": "WPEFramework::Utils", "scopeKind": "namespace"}, {"_type": "tag", "name": "Invoke", "path": "/home/kavia/workspace/code-generation/app-gateway2/Supporting_Files/UtilsJsonrpcDirectLink.h", "pattern": "/^            Core::hresult Invoke(const string &method, const PARAMETERS &parameters, RESPONSE &r/", "language": "C++", "typeref": "typename:Core::hresult", "kind": "function", "signature": "(const string & method,const PARAMETERS & parameters,RESPONSE & response)", "scope": "WPEFramework::Utils::JSONRPCDirectLink", "scopeKind": "struct"}, {"_type": "tag", "name": "JSONRPCDirectLink", "path": "/home/kavia/workspace/code-generation/app-gateway2/Supporting_Files/UtilsJsonrpcDirectLink.h", "pattern": "/^            JSONRPCDirectLink(PluginHost::IShell *service)$/", "language": "C++", "kind": "function", "signature": "(PluginHost::IShell * service)", "scope": "WPEFramework::Utils::JSONRPCDirectLink", "scopeKind": "struct"}, {"_type": "tag", "name": "JSONRPCDirectLink", "path": "/home/kavia/workspace/code-generation/app-gateway2/Supporting_Files/UtilsJsonrpcDirectLink.h", "pattern": "/^            JSONRPCDirectLink(PluginHost::IShell *service, std::string callsign, std::string tok/", "language": "C++", "kind": "function", "signature": "(PluginHost::IShell * service,std::string callsign,std::string token=\"\")", "scope": "WPEFramework::Utils::JSONRPCDirectLink", "scopeKind": "struct"}, {"_type": "tag", "name": "JSONRPCDirectLink", "path": "/home/kavia/workspace/code-generation/app-gateway2/Supporting_Files/UtilsJsonrpcDirectLink.h", "pattern": "/^        struct JSONRPCDirectLink$/", "language": "C++", "kind": "struct", "scope": "WPEFramework::Utils", "scopeKind": "namespace"}, {"_type": "tag", "name": "ToString", "path": "/home/kavia/workspace/code-generation/app-gateway2/Supporting_Files/UtilsJsonrpcDirectLink.h", "pattern": "/^            bool ToString(std::string &out, const Core::JSON::IElement &in) const$/", "language": "C++", "typeref": "typename:bool", "kind": "function", "signature": "(std::string & out,const Core::JSON::IElement & in) const", "scope": "WPEFramework::Utils::JSONRPCDirectLink", "scopeKind": "struct"}, {"_type": "tag", "name": "ToString", "path": "/home/kavia/workspace/code-generation/app-gateway2/Supporting_Files/UtilsJsonrpcDirectLink.h", "pattern": "/^            bool ToString(std::string &out, const std::string &in) const$/", "language": "C++", "typeref": "typename:bool", "kind": "function", "signature": "(std::string & out,const std::string & in) const", "scope": "WPEFramework::Utils::JSONRPCDirectLink", "scopeKind": "struct"}, {"_type": "tag", "name": "Utils", "path": "/home/kavia/workspace/code-generation/app-gateway2/Supporting_Files/UtilsJsonrpcDirectLink.h", "pattern": "/^    namespace Utils$/", "language": "C++", "kind": "namespace", "scope": "WPEFramework", "scopeKind": "namespace"}, {"_type": "tag", "name": "WPEFramework", "path": "/home/kavia/workspace/code-generation/app-gateway2/Supporting_Files/UtilsJsonrpcDirectLink.h", "pattern": "/^namespace WPEFramework$/", "language": "C++", "kind": "namespace"}, {"_type": "tag", "name": "mCallSign", "path": "/home/kavia/workspace/code-generation/app-gateway2/Supporting_Files/UtilsJsonrpcDirectLink.h", "pattern": "/^            std::string mCallSign{};$/", "language": "C++", "typeref": "typename:std::string", "kind": "member", "scope": "WPEFramework::Utils::JSONRPCDirectLink", "scopeKind": "struct"}, {"_type": "tag", "name": "mDispatcher", "path": "/home/kavia/workspace/code-generation/app-gateway2/Supporting_Files/UtilsJsonrpcDirectLink.h", "pattern": "/^            PluginHost::ILocalDispatcher *mDispatcher{nullptr};$/", "language": "C++", "typeref": "typename:PluginHost::ILocalDispatcher *", "kind": "member", "scope": "WPEFramework::Utils::JSONRPCDirectLink", "scopeKind": "struct"}, {"_type": "tag", "name": "mId", "path": "/home/kavia/workspace/code-generation/app-gateway2/Supporting_Files/UtilsJsonrpcDirectLink.h", "pattern": "/^            uint32_t mId{0};$/", "language": "C++", "typeref": "typename:uint32_t", "kind": "member", "scope": "WPEFramework::Utils::JSONRPCDirectLink", "scopeKind": "struct"}, {"_type": "tag", "name": "mThunderSecurityToken", "path": "/home/kavia/workspace/code-generation/app-gateway2/Supporting_Files/UtilsJsonrpcDirectLink.h", "pattern": "/^            std::string mThunderSecurityToken{};$/", "language": "C++", "typeref": "typename:std::string", "kind": "member", "scope": "WPEFramework::Utils::JSONRPCDirectLink", "scopeKind": "struct"}, {"_type": "tag", "name": "~JSONRPCDirectLink", "path": "/home/kavia/workspace/code-generation/app-gateway2/Supporting_Files/UtilsJsonrpcDirectLink.h", "pattern": "/^            ~JSONRPCDirectLink()$/", "language": "C++", "kind": "function", "signature": "()", "scope": "WPEFramework::Utils::JSONRPCDirectLink", "scopeKind": "struct"}], "hash": "652b8f61c09641ddfe2dd6547e977739", "format-version": 4, "code-base-name": "app-gateway2", "filename": "Supporting_Files/UtilsJsonrpcDirectLink.h", "fields": [{"name": "std::string mCallSign", "scope": "WPEFramework::Utils::JSONRPCDirectLink", "scopeKind": "struct", "description": "unavailable"}, {"name": "PluginHost::ILocalDispatcher * mDispatcher", "scope": "WPEFramework::Utils::JSONRPCDirectLink", "scopeKind": "struct", "description": "unavailable"}, {"name": "uint32_t mId", "scope": "WPEFramework::Utils::JSONRPCDirectLink", "scopeKind": "struct", "description": "unavailable"}, {"name": "std::string mThunderSecurityToken", "scope": "WPEFramework::Utils::JSONRPCDirectLink", "scopeKind": "struct", "description": "unavailable"}]}