{"is_source_file": true, "format": "JSON Schema / OpenAPI-like JSON", "description": "This file defines the JSON schema and API for the RDKShell plugin, including method signatures, parameter details, and system information. It specifies various application management, input handling, display control, and system monitoring functions, serving as an interface specification rather than executable code.", "external_files": ["../common/common.json"], "external_methods": [], "published": ["addAnimation", "addKeyIntercept", "addKeyIntercepts", "setKeyIntercepts", "addKeyListener", "addKeyMetadataListener", "createDisplay", "destroy", "enableInactivityReporting", "enableKeyRepeats", "enableLogsFlushing", "enableVirtualDisplay", "generateKey", "getAvailableTypes", "getBounds", "getClients", "getCursorSize", "getHolePunch", "getKeyRepeatsEnabled", "getLastWakeupKey", "getLogLevel", "getLogsFlushingEnabled", "getOpacity", "getScale", "getScreenResolution", "getScreenshot", "getState", "getSystemMemory", "getSystemResourceInfo", "getVirtualDisplayEnabled", "getVirtualResolution", "getVisibility", "getZOrder", "getGraphicsFrameRate", "getFocus", "hideAllClients", "hideCursor", "hideFullScreenImage", "hideSplashLogo", "ignoreKeyInputs", "injectKey", "kill", "launch", "launchApplication", "launchResidentApp", "moveBehind", "moveToBack", "moveToFront", "removeAllKeyIntercepts", "removeAllKeyListeners", "removeAnimation", "removeKeyIntercept", "removeKeyListener", "removeKeyMetadataListener", "resetInactivityTime", "resumeApplication", "scaleToFit", "setBounds", "setKeyIntercepts", "setOpacity", "setScale", "setVisibility", "showFullScreenImage", "showSplashLogo", "kill", "createDisplay", "destroy", "enableInactivityReporting", "enableKeyRepeats", "enableLogsFlushing", "enableVirtualDisplay", "generateKey", "getAvailableTypes", "getBounds", "getClients", "getCursorSize", "getHolePunch", "getKeyRepeatsEnabled", "getLastWakeupKey", "getLogLevel", "getLogsFlushingEnabled", "getOpacity", "getScale", "getScreenResolution", "getScreenshot", "getState", "getSystemMemory", "getSystemResourceInfo", "getVirtualDisplayEnabled", "getVirtualResolution", "getVisibility", "getZOrder", "getGraphicsFrameRate", "getFocus", "hideAllClients", "hideCursor", "hideFullScreenImage", "hideSplashLogo", "ignoreKeyInputs", "injectKey", "kill", "launch", "launchApplication", "launchResidentApp", "moveBehind", "moveToBack", "moveToFront", "removeAllKeyIntercepts", "removeAllKeyListeners", "removeAnimation", "removeKeyIntercept", "removeKeyListener", "removeKeyMetadataListener", "resetInactivityTime", "resumeApplication", "scaleToFit", "setBounds", "setKeyIntercepts", "setOpacity", "setScale", "setVisibility", "showFullScreenImage", "showSplashLogo"], "search-terms": ["RDKShell", "application management", "key interception", "display control", "system monitoring", "jsonrpc", "interface schema"], "state": 2, "file_id": 271, "knowledge_revision": 891, "git_revision": "ef86df2c8df3fef6f567643b583ee28870c1ba4c", "hash": "ef0fe3411a17cf3d00b584e2ed65b733", "format-version": 4, "code-base-name": "app-gateway2", "filename": "Supporting_Files/RDKShell/RDKShell.json", "revision_history": [{"891": "ef86df2c8df3fef6f567643b583ee28870c1ba4c"}]}