{"is_source_file": true, "format": "C++ header file", "description": "This file defines the HdcpProfile class which implements a plugin for a JSONRPC server managing HDCP (High-bandwidth Digital Content Protection) status and HDMI events. The class inherits from PluginHost::IPlugin and PluginHost::JSONRPC and includes method declarations for initializing, handling events, and exposing plugin functions.", "external_files": ["libIBus.h", "Module.h"], "external_methods": ["PluginHost::IPlugin", "PluginHost::JSONRPC", "PluginHost::IShell", "PluginHost::IDispatcher"], "published": ["HdcpProfile::Initialize", "HdcpProfile::Deinitialize", "HdcpProfile::Information", "HdcpProfile::terminate"], "classes": [{"name": "HdcpProfile", "description": "A class that implements a plugin for managing HDCP profiles and HDMI events within the WPEFramework, offering JSONRPC methods and event handling capabilities."}], "methods": [{"name": "getHDCPStatusWrapper", "description": "Wrapper method to retrieve the current HDCP status, interacting with JSON objects."}, {"name": "getSettopHDCPSupportWrapper", "description": "Wrapper method to determine if the set-top supports HDCP."}, {"name": "getHDCPStatus", "description": "Retrieves the current HDCP status as a JsonObject."}, {"name": "onHdmiOutputHotPlug", "description": "Event handler for HDMI hotplug events."}, {"name": "onHdmiOutputHDCPStatusEvent", "description": "Event handler for HDMI HDCP status change events."}, {"name": "logHdcpStatus", "description": "Logs the HDCP status change or event."}, {"name": "dsHdmiEventHandler", "description": "Static event handler for HDMI-related IARM events."}, {"name": "string Information() const", "scope": "WPEFramework::Plugin::HdcpProfile", "scopeKind": "class", "description": "unavailable"}], "calls": ["getHDCPStatusWrapper", "getSettopHDCPSupportWrapper", "getHDCPStatus", "onHdmiOutputHotPlug", "onHdmiOutputHDCPStatusEvent", "logHdcpStatus", "dsHdmiEventHandler"], "search-terms": ["HdcpProfile", "JSONRPC", "HDCP", "HdmiEvent", "IARM"], "state": 2, "file_id": 261, "knowledge_revision": 877, "git_revision": "ef86df2c8df3fef6f567643b583ee28870c1ba4c", "ctags": [{"_type": "tag", "name": "HdcpProfile", "path": "/home/kavia/workspace/code-generation/app-gateway2/Supporting_Files/HdcpProfile/HdcpProfile.h", "pattern": "/^        class HdcpProfile : public PluginHost::IPlugin, public PluginHost::JSONRPC {$/", "language": "C++", "kind": "class", "scope": "WPEFramework::Plugin", "scopeKind": "namespace"}, {"_type": "tag", "name": "Information", "path": "/home/kavia/workspace/code-generation/app-gateway2/Supporting_Files/HdcpProfile/HdcpProfile.h", "pattern": "/^            virtual string Information() const override { return {}; }$/", "language": "C++", "typeref": "typename:string", "kind": "function", "signature": "() const", "scope": "WPEFramework::Plugin::HdcpProfile", "scopeKind": "class"}, {"_type": "tag", "name": "Plugin", "path": "/home/kavia/workspace/code-generation/app-gateway2/Supporting_Files/HdcpProfile/HdcpProfile.h", "pattern": "/^    namespace Plugin {$/", "language": "C++", "kind": "namespace", "scope": "WPEFramework", "scopeKind": "namespace"}, {"_type": "tag", "name": "WPEFramework", "path": "/home/kavia/workspace/code-generation/app-gateway2/Supporting_Files/HdcpProfile/HdcpProfile.h", "pattern": "/^namespace WPEFramework {$/", "language": "C++", "kind": "namespace"}], "hash": "3dcaa5c1262448e043a8ed664f8c38bc", "format-version": 4, "code-base-name": "app-gateway2", "filename": "Supporting_Files/HdcpProfile/HdcpProfile.h", "revision_history": [{"877": "ef86df2c8df3fef6f567643b583ee28870c1ba4c"}]}