{"is_source_file": true, "format": "Rust", "description": "This Rust source file defines the `BadgerState` struct and associated methods, along with related data structures such as `CachedBadgerInfo`. It manages device state, cached information, and external service clients for a media device software component.", "external_files": ["crate::handlers::badger_info_rpc::BadgerWebBrowser", "ripple_sdk::service::service_client::ServiceClient", "ripple_sdk::api::device::device_request::{AudioProfile, HDCPStatus, HdrProfile}", "ripple_sdk::api::firebolt::fb_openrpc::FireboltSemanticVersion", "ripple_sdk::api::manifest::device_manifest::{DefaultValues, DeviceManifest}", "ripple_sdk::api::session::AccountSession", "ripple_sdk::extn::client::extn_client::ExtnClient", "thunder_ripple_sdk::{client::thunder_client::ThunderClient, thunder_state::ThunderState}"], "external_methods": ["Arc::new", "RwLock::new", "DeviceManifest::default", "Self::new", "self.state.get_client", "self.state.get_thunder_client", "self.device_manifest.read", "self.device_manifest.configuration.default_values", "self.cached.read", "self.cached.write", "self.state.get_client", "self.state.get_thunder_client", "self.device_manifest.read", "self.cached.read", "self.cached.write"], "published": ["BadgerState", "CachedBadgerInfo"], "classes": [{"name": "CachedBadgerInfo", "description": "Stores cached information about the device state, user, and environment, such as postal code, account session, device info, and multimedia settings."}, {"name": "BadgerState", "description": "Manages the overall state, including cached info, device manifest, and service clients. Provides methods to access and update device state."}, {"name": "BadgerWebBrowser", "description": "A struct representing web browser details like user agent, version, and browser type."}], "methods": [{"name": "new( state: ThunderState, device_manifest: DeviceManifest, service_client: ServiceClient, ) -> Self", "description": "Constructs a new `BadgerState` with given ThunderState, device manifest, and service client.", "scope": "BadgerState", "scopeKind": "implementation"}, {"name": "get_client(&self) -> ExtnClient", "description": "Retrieves the external extension client associated with the current state.", "scope": "BadgerState", "scopeKind": "implementation"}, {"name": "get_service_client(&self) -> ServiceClient", "description": "Returns the service client used for external service interactions.", "scope": "BadgerState", "scopeKind": "implementation"}, {"name": "get_thunder_client(&self) -> ThunderClient", "description": "Obtains the ThunderClient associated with the current state.", "scope": "BadgerState", "scopeKind": "implementation"}, {"name": "get_state(&self) -> &ThunderState", "description": "Returns a reference to the ThunderState object.", "scope": "BadgerState", "scopeKind": "implementation"}, {"name": "get_cached(&self) -> Arc<RwLock<CachedBadgerInfo>>", "description": "Returns a clone of the Arc-wrapped cached info (CachedBadgerInfo).", "scope": "BadgerState", "scopeKind": "implementation"}, {"name": "get_default(&self) -> DefaultValues", "description": "Returns default device configuration values.", "scope": "BadgerState", "scopeKind": "implementation"}, {"name": "get_postal_code(&self) -> Option<String>", "description": "Retrieves the cached postal code.", "scope": "BadgerState", "scopeKind": "implementation"}, {"name": "update_postal_code(&self, postal_code: Option<String>)", "description": "Updates the cached postal code.", "scope": "BadgerState", "scopeKind": "implementation"}, {"name": "get_distributor_experience_id(&self) -> String", "description": "Returns the distributor experience identifier from device manifest.", "scope": "BadgerState", "scopeKind": "implementation"}, {"name": "get_account_session(&self) -> Option<AccountSession>", "description": "Retrieves the cached account session info.", "scope": "BadgerState", "scopeKind": "implementation"}, {"name": "update_account_session(&self, account_session: Option<AccountSession>)", "description": "Updates the cached account session info.", "scope": "BadgerState", "scopeKind": "implementation"}, {"name": "get_device_uid(&self) -> Option<HashMap<String, String>>", "description": "Retrieves the cached device UID map.", "scope": "BadgerState", "scopeKind": "implementation"}, {"name": "update_device_uid(&self, device_uid: Option<HashMap<String, String>>)", "description": "Updates the cached device UID map.", "scope": "BadgerState", "scopeKind": "implementation"}, {"name": "get_account_uid(&self) -> Option<HashMap<String, String>>", "description": "Retrieves the cached account UID map.", "scope": "BadgerState", "scopeKind": "implementation"}, {"name": "update_account_uid(&self, account_uid: Option<HashMap<String, String>>)", "description": "Updates the cached account UID map.", "scope": "BadgerState", "scopeKind": "implementation"}, {"name": "get_make(&self) -> Option<String>", "description": "Gets the cached device manufacturer info.", "scope": "BadgerState", "scopeKind": "implementation"}, {"name": "update_make(&self, device_make: Option<String>)", "description": "Updates the device manufacturer info.", "scope": "BadgerState", "scopeKind": "implementation"}, {"name": "get_model(&self) -> Option<String>", "description": "Gets the cached device model info.", "scope": "BadgerState", "scopeKind": "implementation"}, {"name": "update_model(&self, device_model: Option<String>)", "description": "Updates the device model info.", "scope": "BadgerState", "scopeKind": "implementation"}, {"name": "get_make_model(&self) -> Option<String>", "description": "Gets the combined device make and model info.", "scope": "BadgerState", "scopeKind": "implementation"}, {"name": "update_make_model(&self, make_model: Option<String>)", "description": "Updates the combined device make and model info.", "scope": "BadgerState", "scopeKind": "implementation"}, {"name": "get_version(&self) -> Option<FireboltSemanticVersion>", "description": "Gets the cached device version.", "scope": "BadgerState", "scopeKind": "implementation"}, {"name": "update_version(&self, version: Option<FireboltSemanticVersion>)", "description": "Updates the device version.", "scope": "BadgerState", "scopeKind": "implementation"}, {"name": "get_receiver_platform(&self) -> Option<String>", "description": "Gets the receiver platform info.", "scope": "BadgerState", "scopeKind": "implementation"}, {"name": "update_receiver_platform(&self, receiver_platform: Option<String>)", "description": "Updates the receiver platform info.", "scope": "BadgerState", "scopeKind": "implementation"}, {"name": "get_receiver_version(&self) -> Option<String>", "description": "Gets the receiver version info.", "scope": "BadgerState", "scopeKind": "implementation"}, {"name": "update_receiver_version(&self, receiver_version: Option<String>)", "description": "Updates the receiver version info.", "scope": "BadgerState", "scopeKind": "implementation"}, {"name": "get_web_browser(&self) -> Option<BadgerWebBrowser>", "description": "Retrieves or initializes the web browser info, setting default if not yet set.", "scope": "BadgerState", "scopeKind": "implementation"}, {"name": "update_web_browser(&self, web_browser: Option<BadgerWebBrowser>)", "description": "Updates the web browser info.", "scope": "BadgerState", "scopeKind": "implementation"}, {"name": "get_hdcp_status(&self) -> Option<HDCPStatus>", "description": "Gets the current HDCP status.", "scope": "BadgerState", "scopeKind": "implementation"}, {"name": "update_hdcp_status(&self, hdcp_status: Option<HDCPStatus>)", "description": "Updates the HDCP status.", "scope": "BadgerState", "scopeKind": "implementation"}, {"name": "get_hdr_profile(&self) -> Option<HashMap<HdrProfile, bool>>", "description": "Returns the HDR profile info.", "scope": "BadgerState", "scopeKind": "implementation"}, {"name": "update_hdr_profile(&self, hdr_profile: Option<HashMap<HdrProfile, bool>>)", "description": "Updates the HDR profile info.", "scope": "BadgerState", "scopeKind": "implementation"}, {"name": "get_video_dimensions(&self) -> Option<Vec<i32>>", "description": "Returns the video dimensions.", "scope": "BadgerState", "scopeKind": "implementation"}, {"name": "update_video_dimensions(&self, video_dimensions: Option<Vec<i32>>)", "description": "Updates the video dimensions.", "scope": "BadgerState", "scopeKind": "implementation"}, {"name": "get_native_dimensions(&self) -> Option<Vec<i32>>", "description": "Returns the native video dimensions.", "scope": "BadgerState", "scopeKind": "implementation"}, {"name": "update_native_dimensions(&self, native_dimensions: Option<Vec<i32>>)", "description": "Updates the native video dimensions.", "scope": "BadgerState", "scopeKind": "implementation"}, {"name": "get_audio_profile(&self) -> Option<HashMap<AudioProfile, bool>>", "description": "Returns the audio profile settings.", "scope": "BadgerState", "scopeKind": "implementation"}, {"name": "update_audio_profile(&self, audio_profile: Option<HashMap<AudioProfile, bool>>)", "description": "Updates the audio profile settings.", "scope": "BadgerState", "scopeKind": "implementation"}, {"name": "get_is_wifi_device(&self) -> Option<bool>", "description": "Retrieves whether device is Wi-Fi connected.", "scope": "BadgerState", "scopeKind": "implementation"}, {"name": "update_is_wifi_device(&self, is_wifi_device: Option<bool>)", "description": "Sets whether device is Wi-Fi connected.", "scope": "BadgerState", "scopeKind": "implementation"}, {"name": "mock() -> Self", "scope": "tests::BadgerState", "scopeKind": "implementation", "description": "unavailable"}, {"name": "test_get_distributor_experience_id()", "scope": "tests", "scopeKind": "module", "description": "unavailable"}, {"name": "test_update_account_session()", "scope": "tests", "scopeKind": "module", "description": "unavailable"}, {"name": "test_update_audio_profile()", "scope": "tests", "scopeKind": "module", "description": "unavailable"}, {"name": "test_update_device_uid()", "scope": "tests", "scopeKind": "module", "description": "unavailable"}, {"name": "test_update_hdcp_status()", "scope": "tests", "scopeKind": "module", "description": "unavailable"}, {"name": "test_update_hdr_profile()", "scope": "tests", "scopeKind": "module", "description": "unavailable"}, {"name": "test_update_is_wifi_device()", "scope": "tests", "scopeKind": "module", "description": "unavailable"}, {"name": "test_update_make_model()", "scope": "tests", "scopeKind": "module", "description": "unavailable"}, {"name": "test_update_model()", "scope": "tests", "scopeKind": "module", "description": "unavailable"}, {"name": "test_update_native_dimensions()", "scope": "tests", "scopeKind": "module", "description": "unavailable"}, {"name": "test_update_postal_code()", "scope": "tests", "scopeKind": "module", "description": "unavailable"}, {"name": "test_update_receiver_platform()", "scope": "tests", "scopeKind": "module", "description": "unavailable"}, {"name": "test_update_receiver_version()", "scope": "tests", "scopeKind": "module", "description": "unavailable"}, {"name": "test_update_version()", "scope": "tests", "scopeKind": "module", "description": "unavailable"}, {"name": "test_update_video_dimensions()", "scope": "tests", "scopeKind": "module", "description": "unavailable"}], "calls": ["self.state.get_client", "self.state.get_thunder_client", "self.device_manifest.read", "self.cached.read", "self.cached.write", "self.device_manifest.configuration.default_values", "self.cached.read", "self.cached.write"], "search-terms": ["BadgerState", "CachedBadgerInfo", "device_state", "media_device", "device_metadata", "device_manifest", "cached_info", "device_state_management"], "state": 2, "file_id": 218, "knowledge_revision": 708, "git_revision": "7541615396d97800a8dedd6a14e20d3bd2197bf0", "ctags": [{"_type": "tag", "name": "BadgerState", "path": "/home/kavia/workspace/code-generation/app-gateway2/Supporting_Files/Ripple_Badger_Extn/src/badger_state.rs", "pattern": "/^    impl Mockable for BadgerState {$/", "language": "Rust", "kind": "implementation", "scope": "tests", "scopeKind": "module"}, {"_type": "tag", "name": "BadgerState", "path": "/home/kavia/workspace/code-generation/app-gateway2/Supporting_Files/Ripple_Badger_Extn/src/badger_state.rs", "pattern": "/^impl BadgerState {$/", "language": "Rust", "kind": "implementation"}, {"_type": "tag", "name": "BadgerState", "path": "/home/kavia/workspace/code-generation/app-gateway2/Supporting_Files/Ripple_Badger_Extn/src/badger_state.rs", "pattern": "/^pub(crate) struct BadgerState {$/", "language": "Rust", "kind": "struct"}, {"_type": "tag", "name": "CachedBadgerInfo", "path": "/home/kavia/workspace/code-generation/app-gateway2/Supporting_Files/Ripple_Badger_Extn/src/badger_state.rs", "pattern": "/^pub(crate) struct CachedBadgerInfo {$/", "language": "Rust", "kind": "struct"}, {"_type": "tag", "name": "account_session", "path": "/home/kavia/workspace/code-generation/app-gateway2/Supporting_Files/Ripple_Badger_Extn/src/badger_state.rs", "pattern": "/^    pub(crate) account_session: Option<AccountSession>,$/", "language": "Rust", "kind": "field", "scope": "CachedBadgerInfo", "scopeKind": "struct"}, {"_type": "tag", "name": "account_uid", "path": "/home/kavia/workspace/code-generation/app-gateway2/Supporting_Files/Ripple_Badger_Extn/src/badger_state.rs", "pattern": "/^    pub(crate) account_uid: Option<HashMap<String, String>>,$/", "language": "Rust", "kind": "field", "scope": "CachedBadgerInfo", "scopeKind": "struct"}, {"_type": "tag", "name": "audio_profile", "path": "/home/kavia/workspace/code-generation/app-gateway2/Supporting_Files/Ripple_Badger_Extn/src/badger_state.rs", "pattern": "/^    pub(crate) audio_profile: Option<HashMap<AudioProfile, bool>>,$/", "language": "Rust", "kind": "field", "scope": "CachedBadgerInfo", "scopeKind": "struct"}, {"_type": "tag", "name": "cached", "path": "/home/kavia/workspace/code-generation/app-gateway2/Supporting_Files/Ripple_Badger_Extn/src/badger_state.rs", "pattern": "/^    pub(crate) cached: Arc<RwLock<CachedBadgerInfo>>,$/", "language": "Rust", "kind": "field", "scope": "BadgerState", "scopeKind": "struct"}, {"_type": "tag", "name": "device_make", "path": "/home/kavia/workspace/code-generation/app-gateway2/Supporting_Files/Ripple_Badger_Extn/src/badger_state.rs", "pattern": "/^    pub(crate) device_make: Option<String>,$/", "language": "Rust", "kind": "field", "scope": "CachedBadgerInfo", "scopeKind": "struct"}, {"_type": "tag", "name": "device_make_model", "path": "/home/kavia/workspace/code-generation/app-gateway2/Supporting_Files/Ripple_Badger_Extn/src/badger_state.rs", "pattern": "/^    pub(crate) device_make_model: Option<String>,$/", "language": "Rust", "kind": "field", "scope": "CachedBadgerInfo", "scopeKind": "struct"}, {"_type": "tag", "name": "device_manifest", "path": "/home/kavia/workspace/code-generation/app-gateway2/Supporting_Files/Ripple_Badger_Extn/src/badger_state.rs", "pattern": "/^    pub(crate) device_manifest: Arc<RwLock<DeviceManifest>>,$/", "language": "Rust", "kind": "field", "scope": "BadgerState", "scopeKind": "struct"}, {"_type": "tag", "name": "device_model", "path": "/home/kavia/workspace/code-generation/app-gateway2/Supporting_Files/Ripple_Badger_Extn/src/badger_state.rs", "pattern": "/^    pub(crate) device_model: Option<String>,$/", "language": "Rust", "kind": "field", "scope": "CachedBadgerInfo", "scopeKind": "struct"}, {"_type": "tag", "name": "device_uid", "path": "/home/kavia/workspace/code-generation/app-gateway2/Supporting_Files/Ripple_Badger_Extn/src/badger_state.rs", "pattern": "/^    pub(crate) device_uid: Option<HashMap<String, String>>,$/", "language": "Rust", "kind": "field", "scope": "CachedBadgerInfo", "scopeKind": "struct"}, {"_type": "tag", "name": "get_account_session", "path": "/home/kavia/workspace/code-generation/app-gateway2/Supporting_Files/Ripple_Badger_Extn/src/badger_state.rs", "pattern": "/^    pub(crate) fn get_account_session(&self) -> Option<AccountSession> {$/", "language": "Rust", "kind": "method", "signature": "(&self) -> Option<AccountSession>", "scope": "BadgerState", "scopeKind": "implementation"}, {"_type": "tag", "name": "get_account_uid", "path": "/home/kavia/workspace/code-generation/app-gateway2/Supporting_Files/Ripple_Badger_Extn/src/badger_state.rs", "pattern": "/^    pub(crate) fn get_account_uid(&self) -> Option<HashMap<String, String>> {$/", "language": "Rust", "kind": "method", "signature": "(&self) -> Option<HashMap<String, String>>", "scope": "BadgerState", "scopeKind": "implementation"}, {"_type": "tag", "name": "get_audio_profile", "path": "/home/kavia/workspace/code-generation/app-gateway2/Supporting_Files/Ripple_Badger_Extn/src/badger_state.rs", "pattern": "/^    pub(crate) fn get_audio_profile(&self) -> Option<HashMap<AudioProfile, bool>> {$/", "language": "Rust", "kind": "method", "signature": "(&self) -> Option<HashMap<AudioProfile, bool>>", "scope": "BadgerState", "scopeKind": "implementation"}, {"_type": "tag", "name": "get_cached", "path": "/home/kavia/workspace/code-generation/app-gateway2/Supporting_Files/Ripple_Badger_Extn/src/badger_state.rs", "pattern": "/^    pub(crate) fn get_cached(&self) -> Arc<RwLock<CachedBadgerInfo>> {$/", "language": "Rust", "kind": "method", "signature": "(&self) -> Arc<RwLock<CachedBadgerInfo>>", "scope": "BadgerState", "scopeKind": "implementation"}, {"_type": "tag", "name": "get_client", "path": "/home/kavia/workspace/code-generation/app-gateway2/Supporting_Files/Ripple_Badger_Extn/src/badger_state.rs", "pattern": "/^    pub(crate) fn get_client(&self) -> ExtnClient {$/", "language": "Rust", "kind": "method", "signature": "(&self) -> ExtnClient", "scope": "BadgerState", "scopeKind": "implementation"}, {"_type": "tag", "name": "get_default", "path": "/home/kavia/workspace/code-generation/app-gateway2/Supporting_Files/Ripple_Badger_Extn/src/badger_state.rs", "pattern": "/^    pub(crate) fn get_default(&self) -> DefaultValues {$/", "language": "Rust", "kind": "method", "signature": "(&self) -> DefaultValues", "scope": "BadgerState", "scopeKind": "implementation"}, {"_type": "tag", "name": "get_device_uid", "path": "/home/kavia/workspace/code-generation/app-gateway2/Supporting_Files/Ripple_Badger_Extn/src/badger_state.rs", "pattern": "/^    pub(crate) fn get_device_uid(&self) -> Option<HashMap<String, String>> {$/", "language": "Rust", "kind": "method", "signature": "(&self) -> Option<HashMap<String, String>>", "scope": "BadgerState", "scopeKind": "implementation"}, {"_type": "tag", "name": "get_distributor_experience_id", "path": "/home/kavia/workspace/code-generation/app-gateway2/Supporting_Files/Ripple_Badger_Extn/src/badger_state.rs", "pattern": "/^    pub(crate) fn get_distributor_experience_id(&self) -> String {$/", "language": "Rust", "kind": "method", "signature": "(&self) -> String", "scope": "BadgerState", "scopeKind": "implementation"}, {"_type": "tag", "name": "get_hdcp_status", "path": "/home/kavia/workspace/code-generation/app-gateway2/Supporting_Files/Ripple_Badger_Extn/src/badger_state.rs", "pattern": "/^    pub(crate) fn get_hdcp_status(&self) -> Option<HDCPStatus> {$/", "language": "Rust", "kind": "method", "signature": "(&self) -> Option<HDCPStatus>", "scope": "BadgerState", "scopeKind": "implementation"}, {"_type": "tag", "name": "get_hdr_profile", "path": "/home/kavia/workspace/code-generation/app-gateway2/Supporting_Files/Ripple_Badger_Extn/src/badger_state.rs", "pattern": "/^    pub(crate) fn get_hdr_profile(&self) -> Option<HashMap<HdrProfile, bool>> {$/", "language": "Rust", "kind": "method", "signature": "(&self) -> Option<HashMap<HdrProfile, bool>>", "scope": "BadgerState", "scopeKind": "implementation"}, {"_type": "tag", "name": "get_is_wifi_device", "path": "/home/kavia/workspace/code-generation/app-gateway2/Supporting_Files/Ripple_Badger_Extn/src/badger_state.rs", "pattern": "/^    pub(crate) fn get_is_wifi_device(&self) -> Option<bool> {$/", "language": "Rust", "kind": "method", "signature": "(&self) -> Option<bool>", "scope": "BadgerState", "scopeKind": "implementation"}, {"_type": "tag", "name": "get_make", "path": "/home/kavia/workspace/code-generation/app-gateway2/Supporting_Files/Ripple_Badger_Extn/src/badger_state.rs", "pattern": "/^    pub(crate) fn get_make(&self) -> Option<String> {$/", "language": "Rust", "kind": "method", "signature": "(&self) -> Option<String>", "scope": "BadgerState", "scopeKind": "implementation"}, {"_type": "tag", "name": "get_make_model", "path": "/home/kavia/workspace/code-generation/app-gateway2/Supporting_Files/Ripple_Badger_Extn/src/badger_state.rs", "pattern": "/^    pub(crate) fn get_make_model(&self) -> Option<String> {$/", "language": "Rust", "kind": "method", "signature": "(&self) -> Option<String>", "scope": "BadgerState", "scopeKind": "implementation"}, {"_type": "tag", "name": "get_model", "path": "/home/kavia/workspace/code-generation/app-gateway2/Supporting_Files/Ripple_Badger_Extn/src/badger_state.rs", "pattern": "/^    pub(crate) fn get_model(&self) -> Option<String> {$/", "language": "Rust", "kind": "method", "signature": "(&self) -> Option<String>", "scope": "BadgerState", "scopeKind": "implementation"}, {"_type": "tag", "name": "get_native_dimensions", "path": "/home/kavia/workspace/code-generation/app-gateway2/Supporting_Files/Ripple_Badger_Extn/src/badger_state.rs", "pattern": "/^    pub(crate) fn get_native_dimensions(&self) -> Option<Vec<i32>> {$/", "language": "Rust", "kind": "method", "signature": "(&self) -> Option<Vec<i32>>", "scope": "BadgerState", "scopeKind": "implementation"}, {"_type": "tag", "name": "get_postal_code", "path": "/home/kavia/workspace/code-generation/app-gateway2/Supporting_Files/Ripple_Badger_Extn/src/badger_state.rs", "pattern": "/^    pub(crate) fn get_postal_code(&self) -> Option<String> {$/", "language": "Rust", "kind": "method", "signature": "(&self) -> Option<String>", "scope": "BadgerState", "scopeKind": "implementation"}, {"_type": "tag", "name": "get_receiver_platform", "path": "/home/kavia/workspace/code-generation/app-gateway2/Supporting_Files/Ripple_Badger_Extn/src/badger_state.rs", "pattern": "/^    pub(crate) fn get_receiver_platform(&self) -> Option<String> {$/", "language": "Rust", "kind": "method", "signature": "(&self) -> Option<String>", "scope": "BadgerState", "scopeKind": "implementation"}, {"_type": "tag", "name": "get_receiver_version", "path": "/home/kavia/workspace/code-generation/app-gateway2/Supporting_Files/Ripple_Badger_Extn/src/badger_state.rs", "pattern": "/^    pub(crate) fn get_receiver_version(&self) -> Option<String> {$/", "language": "Rust", "kind": "method", "signature": "(&self) -> Option<String>", "scope": "BadgerState", "scopeKind": "implementation"}, {"_type": "tag", "name": "get_service_client", "path": "/home/kavia/workspace/code-generation/app-gateway2/Supporting_Files/Ripple_Badger_Extn/src/badger_state.rs", "pattern": "/^    pub(crate) fn get_service_client(&self) -> ServiceClient {$/", "language": "Rust", "kind": "method", "signature": "(&self) -> ServiceClient", "scope": "BadgerState", "scopeKind": "implementation"}, {"_type": "tag", "name": "get_state", "path": "/home/kavia/workspace/code-generation/app-gateway2/Supporting_Files/Ripple_Badger_Extn/src/badger_state.rs", "pattern": "/^    pub(crate) fn get_state(&self) -> &ThunderState {$/", "language": "Rust", "kind": "method", "signature": "(&self) -> &ThunderState", "scope": "BadgerState", "scopeKind": "implementation"}, {"_type": "tag", "name": "get_thunder_client", "path": "/home/kavia/workspace/code-generation/app-gateway2/Supporting_Files/Ripple_Badger_Extn/src/badger_state.rs", "pattern": "/^    pub(crate) fn get_thunder_client(&self) -> ThunderClient {$/", "language": "Rust", "kind": "method", "signature": "(&self) -> ThunderClient", "scope": "BadgerState", "scopeKind": "implementation"}, {"_type": "tag", "name": "get_version", "path": "/home/kavia/workspace/code-generation/app-gateway2/Supporting_Files/Ripple_Badger_Extn/src/badger_state.rs", "pattern": "/^    pub(crate) fn get_version(&self) -> Option<FireboltSemanticVersion> {$/", "language": "Rust", "kind": "method", "signature": "(&self) -> Option<FireboltSemanticVersion>", "scope": "BadgerState", "scopeKind": "implementation"}, {"_type": "tag", "name": "get_video_dimensions", "path": "/home/kavia/workspace/code-generation/app-gateway2/Supporting_Files/Ripple_Badger_Extn/src/badger_state.rs", "pattern": "/^    pub(crate) fn get_video_dimensions(&self) -> Option<Vec<i32>> {$/", "language": "Rust", "kind": "method", "signature": "(&self) -> Option<Vec<i32>>", "scope": "BadgerState", "scopeKind": "implementation"}, {"_type": "tag", "name": "get_web_browser", "path": "/home/kavia/workspace/code-generation/app-gateway2/Supporting_Files/Ripple_Badger_Extn/src/badger_state.rs", "pattern": "/^    pub(crate) fn get_web_browser(&self) -> Option<BadgerWebBrowser> {$/", "language": "Rust", "kind": "method", "signature": "(&self) -> Option<BadgerWebBrowser>", "scope": "BadgerState", "scopeKind": "implementation"}, {"_type": "tag", "name": "hdcp_status", "path": "/home/kavia/workspace/code-generation/app-gateway2/Supporting_Files/Ripple_Badger_Extn/src/badger_state.rs", "pattern": "/^    pub(crate) hdcp_status: Option<HDCPStatus>,$/", "language": "Rust", "kind": "field", "scope": "CachedBadgerInfo", "scopeKind": "struct"}, {"_type": "tag", "name": "hdr_profile", "path": "/home/kavia/workspace/code-generation/app-gateway2/Supporting_Files/Ripple_Badger_Extn/src/badger_state.rs", "pattern": "/^    pub(crate) hdr_profile: Option<HashMap<HdrProfile, bool>>,$/", "language": "Rust", "kind": "field", "scope": "CachedBadgerInfo", "scopeKind": "struct"}, {"_type": "tag", "name": "is_wifi_device", "path": "/home/kavia/workspace/code-generation/app-gateway2/Supporting_Files/Ripple_Badger_Extn/src/badger_state.rs", "pattern": "/^    pub(crate) is_wifi_device: Option<bool>,$/", "language": "Rust", "kind": "field", "scope": "CachedBadgerInfo", "scopeKind": "struct"}, {"_type": "tag", "name": "mock", "path": "/home/kavia/workspace/code-generation/app-gateway2/Supporting_Files/Ripple_Badger_Extn/src/badger_state.rs", "pattern": "/^        fn mock() -> Self {$/", "language": "Rust", "kind": "method", "signature": "() -> Self", "scope": "tests::BadgerState", "scopeKind": "implementation"}, {"_type": "tag", "name": "native_dimensions", "path": "/home/kavia/workspace/code-generation/app-gateway2/Supporting_Files/Ripple_Badger_Extn/src/badger_state.rs", "pattern": "/^    pub(crate) native_dimensions: Option<Vec<i32>>,$/", "language": "Rust", "kind": "field", "scope": "CachedBadgerInfo", "scopeKind": "struct"}, {"_type": "tag", "name": "new", "path": "/home/kavia/workspace/code-generation/app-gateway2/Supporting_Files/Ripple_Badger_Extn/src/badger_state.rs", "pattern": "/^    pub fn new($/", "language": "Rust", "kind": "method", "signature": "( state: ThunderState, device_manifest: DeviceManifest, service_client: ServiceClient, ) -> Self", "scope": "BadgerState", "scopeKind": "implementation"}, {"_type": "tag", "name": "postal_code", "path": "/home/kavia/workspace/code-generation/app-gateway2/Supporting_Files/Ripple_Badger_Extn/src/badger_state.rs", "pattern": "/^    pub(crate) postal_code: Option<String>,$/", "language": "Rust", "kind": "field", "scope": "CachedBadgerInfo", "scopeKind": "struct"}, {"_type": "tag", "name": "receiver_platform", "path": "/home/kavia/workspace/code-generation/app-gateway2/Supporting_Files/Ripple_Badger_Extn/src/badger_state.rs", "pattern": "/^    pub(crate) receiver_platform: Option<String>,$/", "language": "Rust", "kind": "field", "scope": "CachedBadgerInfo", "scopeKind": "struct"}, {"_type": "tag", "name": "receiver_version", "path": "/home/kavia/workspace/code-generation/app-gateway2/Supporting_Files/Ripple_Badger_Extn/src/badger_state.rs", "pattern": "/^    pub(crate) receiver_version: Option<String>,$/", "language": "Rust", "kind": "field", "scope": "CachedBadgerInfo", "scopeKind": "struct"}, {"_type": "tag", "name": "service_client", "path": "/home/kavia/workspace/code-generation/app-gateway2/Supporting_Files/Ripple_Badger_Extn/src/badger_state.rs", "pattern": "/^    pub(crate) service_client: ServiceClient,$/", "language": "Rust", "kind": "field", "scope": "BadgerState", "scopeKind": "struct"}, {"_type": "tag", "name": "state", "path": "/home/kavia/workspace/code-generation/app-gateway2/Supporting_Files/Ripple_Badger_Extn/src/badger_state.rs", "pattern": "/^    pub(crate) state: Arc<ThunderState>,$/", "language": "Rust", "kind": "field", "scope": "BadgerState", "scopeKind": "struct"}, {"_type": "tag", "name": "test_get_distributor_experience_id", "path": "/home/kavia/workspace/code-generation/app-gateway2/Supporting_Files/Ripple_Badger_Extn/src/badger_state.rs", "pattern": "/^    fn test_get_distributor_experience_id() {$/", "language": "Rust", "kind": "function", "signature": "()", "scope": "tests", "scopeKind": "module"}, {"_type": "tag", "name": "test_update_account_session", "path": "/home/kavia/workspace/code-generation/app-gateway2/Supporting_Files/Ripple_Badger_Extn/src/badger_state.rs", "pattern": "/^    fn test_update_account_session() {$/", "language": "Rust", "kind": "function", "signature": "()", "scope": "tests", "scopeKind": "module"}, {"_type": "tag", "name": "test_update_audio_profile", "path": "/home/kavia/workspace/code-generation/app-gateway2/Supporting_Files/Ripple_Badger_Extn/src/badger_state.rs", "pattern": "/^    fn test_update_audio_profile() {$/", "language": "Rust", "kind": "function", "signature": "()", "scope": "tests", "scopeKind": "module"}, {"_type": "tag", "name": "test_update_device_uid", "path": "/home/kavia/workspace/code-generation/app-gateway2/Supporting_Files/Ripple_Badger_Extn/src/badger_state.rs", "pattern": "/^    fn test_update_device_uid() {$/", "language": "Rust", "kind": "function", "signature": "()", "scope": "tests", "scopeKind": "module"}, {"_type": "tag", "name": "test_update_hdcp_status", "path": "/home/kavia/workspace/code-generation/app-gateway2/Supporting_Files/Ripple_Badger_Extn/src/badger_state.rs", "pattern": "/^    fn test_update_hdcp_status() {$/", "language": "Rust", "kind": "function", "signature": "()", "scope": "tests", "scopeKind": "module"}, {"_type": "tag", "name": "test_update_hdr_profile", "path": "/home/kavia/workspace/code-generation/app-gateway2/Supporting_Files/Ripple_Badger_Extn/src/badger_state.rs", "pattern": "/^    fn test_update_hdr_profile() {$/", "language": "Rust", "kind": "function", "signature": "()", "scope": "tests", "scopeKind": "module"}, {"_type": "tag", "name": "test_update_is_wifi_device", "path": "/home/kavia/workspace/code-generation/app-gateway2/Supporting_Files/Ripple_Badger_Extn/src/badger_state.rs", "pattern": "/^    fn test_update_is_wifi_device() {$/", "language": "Rust", "kind": "function", "signature": "()", "scope": "tests", "scopeKind": "module"}, {"_type": "tag", "name": "test_update_make_model", "path": "/home/kavia/workspace/code-generation/app-gateway2/Supporting_Files/Ripple_Badger_Extn/src/badger_state.rs", "pattern": "/^    fn test_update_make_model() {$/", "language": "Rust", "kind": "function", "signature": "()", "scope": "tests", "scopeKind": "module"}, {"_type": "tag", "name": "test_update_model", "path": "/home/kavia/workspace/code-generation/app-gateway2/Supporting_Files/Ripple_Badger_Extn/src/badger_state.rs", "pattern": "/^    fn test_update_model() {$/", "language": "Rust", "kind": "function", "signature": "()", "scope": "tests", "scopeKind": "module"}, {"_type": "tag", "name": "test_update_native_dimensions", "path": "/home/kavia/workspace/code-generation/app-gateway2/Supporting_Files/Ripple_Badger_Extn/src/badger_state.rs", "pattern": "/^    fn test_update_native_dimensions() {$/", "language": "Rust", "kind": "function", "signature": "()", "scope": "tests", "scopeKind": "module"}, {"_type": "tag", "name": "test_update_postal_code", "path": "/home/kavia/workspace/code-generation/app-gateway2/Supporting_Files/Ripple_Badger_Extn/src/badger_state.rs", "pattern": "/^    fn test_update_postal_code() {$/", "language": "Rust", "kind": "function", "signature": "()", "scope": "tests", "scopeKind": "module"}, {"_type": "tag", "name": "test_update_receiver_platform", "path": "/home/kavia/workspace/code-generation/app-gateway2/Supporting_Files/Ripple_Badger_Extn/src/badger_state.rs", "pattern": "/^    fn test_update_receiver_platform() {$/", "language": "Rust", "kind": "function", "signature": "()", "scope": "tests", "scopeKind": "module"}, {"_type": "tag", "name": "test_update_receiver_version", "path": "/home/kavia/workspace/code-generation/app-gateway2/Supporting_Files/Ripple_Badger_Extn/src/badger_state.rs", "pattern": "/^    fn test_update_receiver_version() {$/", "language": "Rust", "kind": "function", "signature": "()", "scope": "tests", "scopeKind": "module"}, {"_type": "tag", "name": "test_update_version", "path": "/home/kavia/workspace/code-generation/app-gateway2/Supporting_Files/Ripple_Badger_Extn/src/badger_state.rs", "pattern": "/^    fn test_update_version() {$/", "language": "Rust", "kind": "function", "signature": "()", "scope": "tests", "scopeKind": "module"}, {"_type": "tag", "name": "test_update_video_dimensions", "path": "/home/kavia/workspace/code-generation/app-gateway2/Supporting_Files/Ripple_Badger_Extn/src/badger_state.rs", "pattern": "/^    fn test_update_video_dimensions() {$/", "language": "Rust", "kind": "function", "signature": "()", "scope": "tests", "scopeKind": "module"}, {"_type": "tag", "name": "tests", "path": "/home/kavia/workspace/code-generation/app-gateway2/Supporting_Files/Ripple_Badger_Extn/src/badger_state.rs", "pattern": "/^mod tests {$/", "language": "Rust", "kind": "module"}, {"_type": "tag", "name": "update_account_session", "path": "/home/kavia/workspace/code-generation/app-gateway2/Supporting_Files/Ripple_Badger_Extn/src/badger_state.rs", "pattern": "/^    pub(crate) fn update_account_session(&self, account_session: Option<AccountSession>) {$/", "language": "Rust", "kind": "method", "signature": "(&self, account_session: Option<AccountSession>)", "scope": "BadgerState", "scopeKind": "implementation"}, {"_type": "tag", "name": "update_account_uid", "path": "/home/kavia/workspace/code-generation/app-gateway2/Supporting_Files/Ripple_Badger_Extn/src/badger_state.rs", "pattern": "/^    pub(crate) fn update_account_uid(&self, account_uid: Option<HashMap<String, String>>) {$/", "language": "Rust", "kind": "method", "signature": "(&self, account_uid: Option<HashMap<String, String>>)", "scope": "BadgerState", "scopeKind": "implementation"}, {"_type": "tag", "name": "update_audio_profile", "path": "/home/kavia/workspace/code-generation/app-gateway2/Supporting_Files/Ripple_Badger_Extn/src/badger_state.rs", "pattern": "/^    pub(crate) fn update_audio_profile(&self, audio_profile: Option<HashMap<AudioProfile, bool>>/", "language": "Rust", "kind": "method", "signature": "(&self, audio_profile: Option<HashMap<AudioProfile, bool>>)", "scope": "BadgerState", "scopeKind": "implementation"}, {"_type": "tag", "name": "update_device_uid", "path": "/home/kavia/workspace/code-generation/app-gateway2/Supporting_Files/Ripple_Badger_Extn/src/badger_state.rs", "pattern": "/^    pub(crate) fn update_device_uid(&self, device_uid: Option<HashMap<String, String>>) {$/", "language": "Rust", "kind": "method", "signature": "(&self, device_uid: Option<HashMap<String, String>>)", "scope": "BadgerState", "scopeKind": "implementation"}, {"_type": "tag", "name": "update_hdcp_status", "path": "/home/kavia/workspace/code-generation/app-gateway2/Supporting_Files/Ripple_Badger_Extn/src/badger_state.rs", "pattern": "/^    pub(crate) fn update_hdcp_status(&self, hdcp_status: Option<HDCPStatus>) {$/", "language": "Rust", "kind": "method", "signature": "(&self, hdcp_status: Option<HDCPStatus>)", "scope": "BadgerState", "scopeKind": "implementation"}, {"_type": "tag", "name": "update_hdr_profile", "path": "/home/kavia/workspace/code-generation/app-gateway2/Supporting_Files/Ripple_Badger_Extn/src/badger_state.rs", "pattern": "/^    pub(crate) fn update_hdr_profile(&self, hdr_profile: Option<HashMap<HdrProfile, bool>>) {$/", "language": "Rust", "kind": "method", "signature": "(&self, hdr_profile: Option<HashMap<HdrProfile, bool>>)", "scope": "BadgerState", "scopeKind": "implementation"}, {"_type": "tag", "name": "update_is_wifi_device", "path": "/home/kavia/workspace/code-generation/app-gateway2/Supporting_Files/Ripple_Badger_Extn/src/badger_state.rs", "pattern": "/^    pub(crate) fn update_is_wifi_device(&self, is_wifi_device: Option<bool>) {$/", "language": "Rust", "kind": "method", "signature": "(&self, is_wifi_device: Option<bool>)", "scope": "BadgerState", "scopeKind": "implementation"}, {"_type": "tag", "name": "update_make", "path": "/home/kavia/workspace/code-generation/app-gateway2/Supporting_Files/Ripple_Badger_Extn/src/badger_state.rs", "pattern": "/^    pub(crate) fn update_make(&self, device_make: Option<String>) {$/", "language": "Rust", "kind": "method", "signature": "(&self, device_make: Option<String>)", "scope": "BadgerState", "scopeKind": "implementation"}, {"_type": "tag", "name": "update_make_model", "path": "/home/kavia/workspace/code-generation/app-gateway2/Supporting_Files/Ripple_Badger_Extn/src/badger_state.rs", "pattern": "/^    pub(crate) fn update_make_model(&self, make_model: Option<String>) {$/", "language": "Rust", "kind": "method", "signature": "(&self, make_model: Option<String>)", "scope": "BadgerState", "scopeKind": "implementation"}, {"_type": "tag", "name": "update_model", "path": "/home/kavia/workspace/code-generation/app-gateway2/Supporting_Files/Ripple_Badger_Extn/src/badger_state.rs", "pattern": "/^    pub(crate) fn update_model(&self, device_model: Option<String>) {$/", "language": "Rust", "kind": "method", "signature": "(&self, device_model: Option<String>)", "scope": "BadgerState", "scopeKind": "implementation"}, {"_type": "tag", "name": "update_native_dimensions", "path": "/home/kavia/workspace/code-generation/app-gateway2/Supporting_Files/Ripple_Badger_Extn/src/badger_state.rs", "pattern": "/^    pub(crate) fn update_native_dimensions(&self, native_dimensions: Option<Vec<i32>>) {$/", "language": "Rust", "kind": "method", "signature": "(&self, native_dimensions: Option<Vec<i32>>)", "scope": "BadgerState", "scopeKind": "implementation"}, {"_type": "tag", "name": "update_postal_code", "path": "/home/kavia/workspace/code-generation/app-gateway2/Supporting_Files/Ripple_Badger_Extn/src/badger_state.rs", "pattern": "/^    pub(crate) fn update_postal_code(&self, postal_code: Option<String>) {$/", "language": "Rust", "kind": "method", "signature": "(&self, postal_code: Option<String>)", "scope": "BadgerState", "scopeKind": "implementation"}, {"_type": "tag", "name": "update_receiver_platform", "path": "/home/kavia/workspace/code-generation/app-gateway2/Supporting_Files/Ripple_Badger_Extn/src/badger_state.rs", "pattern": "/^    pub(crate) fn update_receiver_platform(&self, receiver_platform: Option<String>) {$/", "language": "Rust", "kind": "method", "signature": "(&self, receiver_platform: Option<String>)", "scope": "BadgerState", "scopeKind": "implementation"}, {"_type": "tag", "name": "update_receiver_version", "path": "/home/kavia/workspace/code-generation/app-gateway2/Supporting_Files/Ripple_Badger_Extn/src/badger_state.rs", "pattern": "/^    pub(crate) fn update_receiver_version(&self, receiver_version: Option<String>) {$/", "language": "Rust", "kind": "method", "signature": "(&self, receiver_version: Option<String>)", "scope": "BadgerState", "scopeKind": "implementation"}, {"_type": "tag", "name": "update_version", "path": "/home/kavia/workspace/code-generation/app-gateway2/Supporting_Files/Ripple_Badger_Extn/src/badger_state.rs", "pattern": "/^    pub(crate) fn update_version(&self, version: Option<FireboltSemanticVersion>) {$/", "language": "Rust", "kind": "method", "signature": "(&self, version: Option<FireboltSemanticVersion>)", "scope": "BadgerState", "scopeKind": "implementation"}, {"_type": "tag", "name": "update_video_dimensions", "path": "/home/kavia/workspace/code-generation/app-gateway2/Supporting_Files/Ripple_Badger_Extn/src/badger_state.rs", "pattern": "/^    pub(crate) fn update_video_dimensions(&self, video_dimensions: Option<Vec<i32>>) {$/", "language": "Rust", "kind": "method", "signature": "(&self, video_dimensions: Option<Vec<i32>>)", "scope": "BadgerState", "scopeKind": "implementation"}, {"_type": "tag", "name": "update_web_browser", "path": "/home/kavia/workspace/code-generation/app-gateway2/Supporting_Files/Ripple_Badger_Extn/src/badger_state.rs", "pattern": "/^    fn update_web_browser(&self, web_browser: Option<BadgerWebBrowser>) {$/", "language": "Rust", "kind": "method", "signature": "(&self, web_browser: Option<BadgerWebBrowser>)", "scope": "BadgerState", "scopeKind": "implementation"}, {"_type": "tag", "name": "version", "path": "/home/kavia/workspace/code-generation/app-gateway2/Supporting_Files/Ripple_Badger_Extn/src/badger_state.rs", "pattern": "/^    pub(crate) version: Option<FireboltSemanticVersion>,$/", "language": "Rust", "kind": "field", "scope": "CachedBadgerInfo", "scopeKind": "struct"}, {"_type": "tag", "name": "video_dimensions", "path": "/home/kavia/workspace/code-generation/app-gateway2/Supporting_Files/Ripple_Badger_Extn/src/badger_state.rs", "pattern": "/^    pub(crate) video_dimensions: Option<Vec<i32>>,$/", "language": "Rust", "kind": "field", "scope": "CachedBadgerInfo", "scopeKind": "struct"}, {"_type": "tag", "name": "web_browser", "path": "/home/kavia/workspace/code-generation/app-gateway2/Supporting_Files/Ripple_Badger_Extn/src/badger_state.rs", "pattern": "/^    pub(crate) web_browser: Option<BadgerWebBrowser>,$/", "language": "Rust", "kind": "field", "scope": "CachedBadgerInfo", "scopeKind": "struct"}], "hash": "c14c86995489451959e2e1ca8556b1f9", "format-version": 4, "code-base-name": "app-gateway2", "filename": "Supporting_Files/Ripple_Badger_Extn/src/badger_state.rs", "fields": [{"name": "pub(crate) account_session: Option<AccountSession>,", "scope": "CachedBadgerInfo", "scopeKind": "struct", "description": "unavailable"}, {"name": "pub(crate) account_uid: Option<HashMap<String, String>>,", "scope": "CachedBadgerInfo", "scopeKind": "struct", "description": "unavailable"}, {"name": "pub(crate) audio_profile: Option<HashMap<AudioProfile, bool>>,", "scope": "CachedBadgerInfo", "scopeKind": "struct", "description": "unavailable"}, {"name": "pub(crate) cached: Arc<RwLock<CachedBadgerInfo>>,", "scope": "BadgerState", "scopeKind": "struct", "description": "unavailable"}, {"name": "pub(crate) device_make: Option<String>,", "scope": "CachedBadgerInfo", "scopeKind": "struct", "description": "unavailable"}, {"name": "pub(crate) device_make_model: Option<String>,", "scope": "CachedBadgerInfo", "scopeKind": "struct", "description": "unavailable"}, {"name": "pub(crate) device_manifest: Arc<RwLock<DeviceManifest>>,", "scope": "BadgerState", "scopeKind": "struct", "description": "unavailable"}, {"name": "pub(crate) device_model: Option<String>,", "scope": "CachedBadgerInfo", "scopeKind": "struct", "description": "unavailable"}, {"name": "pub(crate) device_uid: Option<HashMap<String, String>>,", "scope": "CachedBadgerInfo", "scopeKind": "struct", "description": "unavailable"}, {"name": "pub(crate) hdcp_status: Option<HDCPStatus>,", "scope": "CachedBadgerInfo", "scopeKind": "struct", "description": "unavailable"}, {"name": "pub(crate) hdr_profile: Option<HashMap<HdrProfile, bool>>,", "scope": "CachedBadgerInfo", "scopeKind": "struct", "description": "unavailable"}, {"name": "pub(crate) is_wifi_device: Option<bool>,", "scope": "CachedBadgerInfo", "scopeKind": "struct", "description": "unavailable"}, {"name": "pub(crate) native_dimensions: Option<Vec<i32>>,", "scope": "CachedBadgerInfo", "scopeKind": "struct", "description": "unavailable"}, {"name": "pub(crate) postal_code: Option<String>,", "scope": "CachedBadgerInfo", "scopeKind": "struct", "description": "unavailable"}, {"name": "pub(crate) receiver_platform: Option<String>,", "scope": "CachedBadgerInfo", "scopeKind": "struct", "description": "unavailable"}, {"name": "pub(crate) receiver_version: Option<String>,", "scope": "CachedBadgerInfo", "scopeKind": "struct", "description": "unavailable"}, {"name": "pub(crate) service_client: ServiceClient,", "scope": "BadgerState", "scopeKind": "struct", "description": "unavailable"}, {"name": "pub(crate) state: Arc<ThunderState>,", "scope": "BadgerState", "scopeKind": "struct", "description": "unavailable"}, {"name": "pub(crate) version: Option<FireboltSemanticVersion>,", "scope": "CachedBadgerInfo", "scopeKind": "struct", "description": "unavailable"}, {"name": "pub(crate) video_dimensions: Option<Vec<i32>>,", "scope": "CachedBadgerInfo", "scopeKind": "struct", "description": "unavailable"}, {"name": "pub(crate) web_browser: Option<BadgerWebBrowser>,", "scope": "CachedBadgerInfo", "scopeKind": "struct", "description": "unavailable"}], "revision_history": [{"708": "7541615396d97800a8dedd6a14e20d3bd2197bf0"}]}