{"is_source_file": true, "format": "C++ header file", "description": "This file defines the ThunderUtils class, providing utility functions for interacting with Thunder services, such as retrieving service state and creating Thunder controller clients. It includes license headers, macro definitions, and method implementations.", "external_files": ["UtilsLogging.h"], "external_methods": ["PluginHost::IShell::QueryInterfaceByCallsign", "PluginHost::IShell::State", "Core::ERROR_UNAVAILABLE", "Core::ERROR_NONE", "Core::SystemInfo::SetEnvironment", "make_shared"], "published": ["ThunderUtils"], "classes": [{"name": "ThunderUtils", "description": "A utility class providing static methods for Thunder service interactions."}], "methods": [{"name": "uint32_t getServiceState(PluginHost::IShell * shell,const string & callsign,PluginHost::IShell::state & state)", "description": "Retrieves the current state of a specified service identified by its callsign using the provided shell interface.", "scope": "ThunderUtils", "scopeKind": "class"}, {"name": "std::shared_ptr<WPEFramework::JSONRPC::LinkType<WPEFramework::Core::JSON::IElement>> getThunderControllerClient(std::string callsign=\"\")", "description": "Creates and returns a shared pointer to a Thunder controller client for communicating with Thunder services, optionally specified by callsign.", "scope": "ThunderUtils", "scopeKind": "class"}], "calls": ["shell->QueryInterfaceByCallsign<PluginHost::IShell>(callsign)", "interface->AddRef()", "interface->Release()", "Core::SystemInfo::SetEnvironment", "make_shared<WPEFramework::JSONRPC::LinkType<WPEFramework::Core::JSON::IElement>>"], "search-terms": ["ThunderUtils", "getServiceState", "getThunderControllerClient", "QueryInterfaceByCallsign", "LINKTYPE", "JSONRPC", "Core::SystemInfo", "UtilsLogging"], "state": 2, "file_id": 117, "knowledge_revision": 464, "git_revision": "11687bdf35796aa59ae3a1afecde9935f4bdd400", "revision_history": [{"345": ""}, {"464": "11687bdf35796aa59ae3a1afecde9935f4bdd400"}], "ctags": [{"_type": "tag", "name": "SERVER_DETAILS", "path": "/home/kavia/workspace/code-generation/app-gateway2/Supporting_Files/ThunderUtils.h", "pattern": "/^#define SERVER_DETAILS /", "language": "C++", "kind": "macro"}, {"_type": "tag", "name": "ThunderUtils", "path": "/home/kavia/workspace/code-generation/app-gateway2/Supporting_Files/ThunderUtils.h", "pattern": "/^class ThunderUtils {$/", "language": "C++", "kind": "class"}, {"_type": "tag", "name": "__THUNDERUTILS_H__", "path": "/home/kavia/workspace/code-generation/app-gateway2/Supporting_Files/ThunderUtils.h", "pattern": "/^#define __THUNDERUTILS_H__$/", "language": "C++", "kind": "macro"}, {"_type": "tag", "name": "getServiceState", "path": "/home/kavia/workspace/code-generation/app-gateway2/Supporting_Files/ThunderUtils.h", "pattern": "/^    static uint32_t getServiceState(PluginHost::IShell* shell, const string& callsign, PluginHos/", "language": "C++", "typeref": "typename:uint32_t", "kind": "function", "signature": "(PluginHost::IShell * shell,const string & callsign,PluginHost::IShell::state & state)", "scope": "ThunderUtils", "scopeKind": "class"}, {"_type": "tag", "name": "getThunderControllerClient", "path": "/home/kavia/workspace/code-generation/app-gateway2/Supporting_Files/ThunderUtils.h", "pattern": "/^    static std::shared_ptr<WPEFramework::JSONRPC::LinkType<WPEFramework::Core::JSON::IElement>> /", "language": "C++", "typeref": "typename:std::shared_ptr<WPEFramework::JSONRPC::LinkType<WPEFramework::Core::JSON::IElement>>", "kind": "function", "signature": "(std::string callsign=\"\")", "scope": "ThunderUtils", "scopeKind": "class"}], "hash": "3f00eb69904597846c9c35a95582966b", "format-version": 4, "code-base-name": "app-gateway2", "filename": "Supporting_Files/ThunderUtils.h"}