{"is_source_file": true, "format": "C++", "description": "This is a C++ source file implementing the core logic for the RDKShell plugin, including class definitions, system interactions, event handling, and remote procedure calls within a multimedia or device management framework.", "external_files": ["RDKShell.h", "<string>", "<memory>", "<iostream>", "<mutex>", "<thread>", "<fstream>", "<sstream>", "<unistd.h>", "rdkshell/compositorcontroller.h", "rdkshell/application.h", "rdkshell/logger.h", "interfaces/IFocus.h", "interfaces/IMemory.h", "interfaces/IBrowser.h", "interfaces/IStore.h", "interfaces/IStoreCache.h", "plugins/System.h", "rdkshell/eastereggs.h", "rdkshell/linuxkeys.h", "UtilsJsonRpc.h", "UtilsLOG_MILESTONE.h", "UtilsUnused.h", "UtilsgetRFCConfig.h", "UtilsString.h", "DeviceMode.h", "#ifdef RDKSHELL_READ_MAC_ON_STARTUP"], "external_methods": ["RdkShell::milliseconds()", "RdkShell::getThunderControllerClient()", "RdkShell::CompositorController::getClients()", "RdkShell::CompositorController::addListener()", "RdkShell::CompositorController::removeListener()", "Utils::getRFCConfig()"], "published": ["org.rdk.RDKShell", "moveToFront", "moveToBack", "moveBehind", "setFocus", "getFocused", "kill", "addKeyIntercept", "addKeyIntercepts", "removeKeyIntercept", "addKeyListener", "removeKeyListener", "addKeyMetadataListener", "removeKeyMetadataListener", "injectKey", "generateKey", "getScreenResolution", "setScreenResolution", "createDisplay", "getClients", "getZOrder", "getBounds", "setBounds", "getVisibility", "setVisibility", "getOpacity", "setOpacity", "getScale", "setScale", "getHolePunch", "setHolePunch", "getLogLevel", "setLogLevel", "showSplashLogo", "hideSplashLogo", "removeAnimation", "addAnimation", "enableInactivityReporting", "setInactivityInterval", "resetInactivityTime", "scaleToFit", "launch", "launchApplication", "suspend", "suspendApplication", "resumeApplication", "destroy", "getAvailableTypes", "getState", "getSystemMemory", "getSystemResourceInfo", "setMemoryMonitor", "showWatermark", "showFullScreenImage", "hideFullScreenImage", "launchFactoryApp", "launchFactoryAppShortcut", "launchResidentApp", "toggleFactoryApp", "exitAgingMode", "enableKeyRepeats", "getKeyRepeatsEnabled", "setTopmost", "getVirtualResolution", "setVirtualResolution", "enableVirtualDisplay", "getVirtualDisplayEnabled", "getLastWakeupKey", "hideAllClients", "ignoreKeyInputs", "getScreenshot", "enableEasterEggs", "enableLogsFlushing", "getLogsFlushingEnabled", "addEasterEggs", "removeEasterEggs", "getEasterEggs", "showCursor", "hideCursor", "getCursorSize", "setCursorSize", "enableInputEvents", "setAVBlocked", "getBlockedAVApplications", "keyRepeatConfig", "getGraphicsFrameRate", "setGraphicsFrameRate"], "classes": [{"name": "Job", "description": "A dispatch worker that executes a given callable task asynchronously."}, {"name": "JSONRPCDirectLink", "description": "Handles direct JSONRPC calls to a specific plugin/service, including message serialization, invocation, and response parsing."}, {"name": "StateControlNotification", "description": "Implements notification interface for state changes in applications, managing launch/resume and suspend/terminate events."}], "methods": [{"name": "launchRequestThread", "description": "Starts a thread to process a rdkShell API request based on its name and parameters."}, {"name": "lockRdkShellMutex", "description": "Attempts to acquire the main lock with retries and fallback."}, {"name": "isClientExists", "description": "Checks if a client (application or service) exists either in current active display requests or among connected clients."}, {"name": "updateSurfaceClientIdentifiers", "description": "Updates client identifiers for surface-based plugins/services with the display name."}, {"name": "toLower", "description": "Converts a given string to lowercase."}, {"name": "ignoreResidentAppLaunch", "description": "Determines if ResidentApp should be ignored for launch based on factory mode settings."}, {"name": "void Activated(const string & callsign,PluginHost::IShell * service)", "scope": "WPEFramework::Plugin::RDKShell::MonitorClients", "scopeKind": "class", "description": "unavailable"}, {"name": "void Activation(const string & callsign,PluginHost::IShell * service)", "scope": "WPEFramework::Plugin::RDKShell::MonitorClients", "scopeKind": "class", "description": "unavailable"}, {"name": "bool Capture(ICapture::IStore & storer)", "scope": "WPEFramework::Plugin::RDKShell::ScreenCapture", "scopeKind": "class", "description": "unavailable"}, {"name": "CreateDisplayRequest(std::string client,std::string displayName,uint32_t displayWidth=0,uint32_t displayHeight=0,bool virtualDisplayEnabled=false,uint32_t virtualWidth=0,uint32_t virtualHeight=0,bool topmost=false,bool focus=false)", "scope": "WPEFramework::Plugin::CreateDisplayRequest", "scopeKind": "struct", "description": "unavailable"}, {"name": "void Deactivated(const string & callsign,PluginHost::IShell * service)", "scope": "WPEFramework::Plugin::RDKShell::MonitorClients", "scopeKind": "class", "description": "unavailable"}, {"name": "void Deactivation(const string & callsign,PluginHost::IShell * service)", "scope": "WPEFramework::Plugin::RDKShell::MonitorClients", "scopeKind": "class", "description": "unavailable"}, {"name": "void Deinitialize(PluginHost::IShell * service)", "scope": "WPEFramework::Plugin::RDKShell", "scopeKind": "class", "description": "unavailable"}, {"name": "void Deinitialized(const string & callsign,PluginHost::IShell * service)", "scope": "WPEFramework::Plugin::RDKShell::MonitorClients", "scopeKind": "class", "description": "unavailable"}, {"name": "void Dispatch()", "scope": "WPEFramework::Plugin::__anonb49b2f370211::Job", "scopeKind": "class", "description": "unavailable"}, {"name": "bool FromMessage(Core::JSON::IElement * response,const Core::ProxyType<Core::JSONRPC::Message> & message,bool isResponseString=false) const", "scope": "WPEFramework::Plugin::JSONRPCDirectLink", "scopeKind": "struct", "description": "unavailable"}, {"name": "bool FromMessage(RESPONSE & response,const Core::ProxyType<Core::JSONRPC::Message> & message,bool isResponseString=false) const", "scope": "WPEFramework::Plugin::JSONRPCDirectLink", "scopeKind": "struct", "description": "unavailable"}, {"name": "uint32_t Get(const uint32_t waitTime,const string & method,PARAMETERS & respObject)", "scope": "WPEFramework::Plugin::JSONRPCDirectLink", "scopeKind": "struct", "description": "unavailable"}, {"name": "HibernateExecutor(RDKShell & shell)", "scope": "WPEFramework::Plugin::RDKShell::HibernateExecutor", "scopeKind": "class", "description": "unavailable"}, {"name": "string Information() const", "scope": "WPEFramework::Plugin::RDKShell", "scopeKind": "class", "description": "unavailable"}, {"name": "const string Initialize(PluginHost::IShell * service)", "scope": "WPEFramework::Plugin::RDKShell", "scopeKind": "class", "description": "unavailable"}, {"name": "void Initialize(const string & callsign,PluginHost::IShell * service)", "scope": "WPEFramework::Plugin::RDKShell::MonitorClients", "scopeKind": "class", "description": "unavailable"}, {"name": "uint32_t Invoke(const uint32_t waitTime,const string & method,const PARAMETERS & parameters,RESPONSE & response,bool isResponseString=false)", "scope": "WPEFramework::Plugin::JSONRPCDirectLink", "scopeKind": "struct", "description": "unavailable"}, {"name": "JSONRPCDirectLink(PluginHost::IShell * service)", "scope": "WPEFramework::Plugin::JSONRPCDirectLink", "scopeKind": "struct", "description": "unavailable"}, {"name": "JSONRPCDirectLink(PluginHost::IShell * service,std::string callsign)", "scope": "WPEFramework::Plugin::JSONRPCDirectLink", "scopeKind": "struct", "description": "unavailable"}, {"name": "Job(std::function<void ()> work)", "scope": "WPEFramework::Plugin::__anonb49b2f370211::Job", "scopeKind": "class", "description": "unavailable"}, {"name": "KillClientRequest(std::string client)", "scope": "WPEFramework::Plugin::KillClientRequest", "scopeKind": "struct", "description": "unavailable"}, {"name": "Core::ProxyType<Core::JSONRPC::Message> Message() const", "scope": "WPEFramework::Plugin::JSONRPCDirectLink", "scopeKind": "struct", "description": "unavailable"}, {"name": "PluginStateChangeData(std::string callsign,std::shared_ptr<WPEFramework::JSONRPC::LinkType<WPEFramework::Core::JSON::IElement>> pluginConnection,RDKShell * rdkshell)", "scope": "WPEFramework::Plugin::PluginStateChangeData", "scopeKind": "class", "description": "unavailable"}], "calls": ["gRdkShellMutex.try_lock()", "gRdkShellMutex.lock()", "gRdkShellMutex.unlock()", "RdkShell::CompositorController::getClients()", "RdkShell::CompositorController::addListener()", "RdkShell::CompositorController::removeListener()", "Utils::getRFCConfig()", "Core::ProxyType<Core::JSONRPC::Message> Message()", "Core::JSON::DecUInt32()", "Core::JSON::String()", "Core::JSON::ArrayType<PluginHost::MetaData::Service>", "PluginHost::ILocalDispatcher::Invoke()", "PluginHost::IDispatcher::Invoke()", "PluginHost::IShell::ConfigLine()", "PluginHost::IShell::Callsign()", "PluginHost::IShell::QueryInterface<>()", "PluginHost::IStateControl::state", "PluginHost::IStateControl::INotification::StateChange()", "JsonObject::Set()", "JsonObject::FromString()", "JsonObject::ToString()", "JsonObject::HasLabel()", "JsonObject::operator[]", "Core::ProxyType<Core::JSON::Message> Message()"], "search-terms": ["RDKShell.cpp", "launchFactoryApp", "subscribeForSystemEvent", "HandleActivateResidentApp", "system power state", "Factory Mode Check", "Surface Client Update", "JSONRPC", "Thunder Controller", "Application Lifecycle", "Active Clients", "Power State", "Hibernation"], "state": 2, "file_id": 266, "knowledge_revision": 898, "git_revision": "ef86df2c8df3fef6f567643b583ee28870c1ba4c", "ctags": [{"_type": "tag", "name": "ACTIVATE", "path": "/home/kavia/workspace/code-generation/app-gateway2/Supporting_Files/RDKShell/RDKShell.cpp", "pattern": "/^    ACTIVATE,$/", "file": true, "language": "C++", "kind": "enumerator", "scope": "RDKShellLaunchType", "scopeKind": "enum"}, {"_type": "tag", "name": "ANY_KEY", "path": "/home/kavia/workspace/code-generation/app-gateway2/Supporting_Files/RDKShell/RDKShell.cpp", "pattern": "/^#define ANY_KEY /", "file": true, "language": "C++", "kind": "macro"}, {"_type": "tag", "name": "API_VERSION_NUMBER_MAJOR", "path": "/home/kavia/workspace/code-generation/app-gateway2/Supporting_Files/RDKShell/RDKShell.cpp", "pattern": "/^#define API_VERSION_NUMBER_MAJOR /", "file": true, "language": "C++", "kind": "macro"}, {"_type": "tag", "name": "API_VERSION_NUMBER_MINOR", "path": "/home/kavia/workspace/code-generation/app-gateway2/Supporting_Files/RDKShell/RDKShell.cpp", "pattern": "/^#define API_VERSION_NUMBER_MINOR /", "file": true, "language": "C++", "kind": "macro"}, {"_type": "tag", "name": "API_VERSION_NUMBER_PATCH", "path": "/home/kavia/workspace/code-generation/app-gateway2/Supporting_Files/RDKShell/RDKShell.cpp", "pattern": "/^#define API_VERSION_NUMBER_PATCH /", "file": true, "language": "C++", "kind": "macro"}, {"_type": "tag", "name": "Activated", "path": "/home/kavia/workspace/code-generation/app-gateway2/Supporting_Files/RDKShell/RDKShell.cpp", "pattern": "/^       void RDKShell::MonitorClients::Activated(const string& callsign, PluginHost::IShell* serv/", "language": "C++", "typeref": "typename:void", "kind": "function", "signature": "(const string & callsign,PluginHost::IShell * service)", "scope": "WPEFramework::Plugin::RDKShell::MonitorClients", "scopeKind": "class"}, {"_type": "tag", "name": "Activation", "path": "/home/kavia/workspace/code-generation/app-gateway2/Supporting_Files/RDKShell/RDKShell.cpp", "pattern": "/^       void RDKShell::MonitorClients::Activation(const string& callsign, PluginHost::IShell* ser/", "language": "C++", "typeref": "typename:void", "kind": "function", "signature": "(const string & callsign,PluginHost::IShell * service)", "scope": "WPEFramework::Plugin::RDKShell::MonitorClients", "scopeKind": "class"}, {"_type": "tag", "name": "AppLastExitReason", "path": "/home/kavia/workspace/code-generation/app-gateway2/Supporting_Files/RDKShell/RDKShell.cpp", "pattern": "/^enum AppLastExitReason$/", "file": true, "language": "C++", "kind": "enum"}, {"_type": "tag", "name": "COMPLETED", "path": "/home/kavia/workspace/code-generation/app-gateway2/Supporting_Files/RDKShell/RDKShell.cpp", "pattern": "/^    COMPLETED$/", "file": true, "language": "C++", "kind": "enumerator", "scope": "FactoryAppLaunchStatus", "scopeKind": "enum"}, {"_type": "tag", "name": "CRASH", "path": "/home/kavia/workspace/code-generation/app-gateway2/Supporting_Files/RDKShell/RDKShell.cpp", "pattern": "/^    CRASH,$/", "file": true, "language": "C++", "kind": "enumerator", "scope": "AppLastExitReason", "scopeKind": "enum"}, {"_type": "tag", "name": "CREATE", "path": "/home/kavia/workspace/code-generation/app-gateway2/Supporting_Files/RDKShell/RDKShell.cpp", "pattern": "/^    CREATE,$/", "file": true, "language": "C++", "kind": "enumerator", "scope": "RDKShellLaunchType", "scopeKind": "enum"}, {"_type": "tag", "name": "Capture", "path": "/home/kavia/workspace/code-generation/app-gateway2/Supporting_Files/RDKShell/RDKShell.cpp", "pattern": "/^        bool RDKShell::ScreenCapture::Capture(ICapture::IStore& storer)$/", "language": "C++", "typeref": "typename:bool", "kind": "function", "signature": "(ICapture::IStore & storer)", "scope": "WPEFramework::Plugin::RDKShell::ScreenCapture", "scopeKind": "class"}, {"_type": "tag", "name": "CreateDisplayRequest", "path": "/home/kavia/workspace/code-generation/app-gateway2/Supporting_Files/RDKShell/RDKShell.cpp", "pattern": "/^            CreateDisplayRequest(std::string client, std::string displayName, uint32_t displayWi/", "file": true, "language": "C++", "kind": "function", "signature": "(std::string client,std::string displayName,uint32_t displayWidth=0,uint32_t displayHeight=0,bool virtualDisplayEnabled=false,uint32_t virtualWidth=0,uint32_t virtualHeight=0,bool topmost=false,bool focus=false)", "scope": "WPEFramework::Plugin::CreateDisplayRequest", "scopeKind": "struct"}, {"_type": "tag", "name": "CreateDisplayRequest", "path": "/home/kavia/workspace/code-generation/app-gateway2/Supporting_Files/RDKShell/RDKShell.cpp", "pattern": "/^        struct CreateDisplayRequest$/", "file": true, "language": "C++", "kind": "struct", "scope": "WPEFramework::Plugin", "scopeKind": "namespace"}, {"_type": "tag", "name": "DEACTIVATED", "path": "/home/kavia/workspace/code-generation/app-gateway2/Supporting_Files/RDKShell/RDKShell.cpp", "pattern": "/^    DEACTIVATED$/", "file": true, "language": "C++", "kind": "enumerator", "scope": "AppLastExitReason", "scopeKind": "enum"}, {"_type": "tag", "name": "Deactivated", "path": "/home/kavia/workspace/code-generation/app-gateway2/Supporting_Files/RDKShell/RDKShell.cpp", "pattern": "/^       void RDKShell::MonitorClients::Deactivated(const string& callsign, PluginHost::IShell* se/", "language": "C++", "typeref": "typename:void", "kind": "function", "signature": "(const string & callsign,PluginHost::IShell * service)", "scope": "WPEFramework::Plugin::RDKShell::MonitorClients", "scopeKind": "class"}, {"_type": "tag", "name": "Deactivation", "path": "/home/kavia/workspace/code-generation/app-gateway2/Supporting_Files/RDKShell/RDKShell.cpp", "pattern": "/^       void RDKShell::MonitorClients::Deactivation(const string& callsign, PluginHost::IShell* s/", "language": "C++", "typeref": "typename:void", "kind": "function", "signature": "(const string & callsign,PluginHost::IShell * service)", "scope": "WPEFramework::Plugin::RDKShell::MonitorClients", "scopeKind": "class"}, {"_type": "tag", "name": "Deinitialize", "path": "/home/kavia/workspace/code-generation/app-gateway2/Supporting_Files/RDKShell/RDKShell.cpp", "pattern": "/^        void RDKShell::Deinitialize(PluginHost::IShell* service)$/", "language": "C++", "typeref": "typename:void", "kind": "function", "signature": "(PluginHost::IShell * service)", "scope": "WPEFramework::Plugin::RDKShell", "scopeKind": "class"}, {"_type": "tag", "name": "Deinitialized", "path": "/home/kavia/workspace/code-generation/app-gateway2/Supporting_Files/RDKShell/RDKShell.cpp", "pattern": "/^       void RDKShell::MonitorClients::Deinitialized(const string& callsign, PluginHost::IShell* /", "language": "C++", "typeref": "typename:void", "kind": "function", "signature": "(const string & callsign,PluginHost::IShell * service)", "scope": "WPEFramework::Plugin::RDKShell::MonitorClients", "scopeKind": "class"}, {"_type": "tag", "name": "Dispatch", "path": "/home/kavia/workspace/code-generation/app-gateway2/Supporting_Files/RDKShell/RDKShell.cpp", "pattern": "/^                void Dispatch() override$/", "file": true, "language": "C++", "typeref": "typename:void", "kind": "function", "signature": "()", "scope": "WPEFramework::Plugin::__anonb49b2f370211::Job", "scopeKind": "class"}, {"_type": "tag", "name": "FactoryAppLaunchStatus", "path": "/home/kavia/workspace/code-generation/app-gateway2/Supporting_Files/RDKShell/RDKShell.cpp", "pattern": "/^enum FactoryAppLaunchStatus$/", "file": true, "language": "C++", "kind": "enum"}, {"_type": "tag", "name": "FromMessage", "path": "/home/kavia/workspace/code-generation/app-gateway2/Supporting_Files/RDKShell/RDKShell.cpp", "pattern": "/^          bool FromMessage(Core::JSON::IElement* response, const Core::ProxyType<Core::JSONRPC::/", "file": true, "language": "C++", "typeref": "typename:bool", "kind": "function", "signature": "(Core::JSON::IElement * response,const Core::ProxyType<Core::JSONRPC::Message> & message,bool isResponseString=false) const", "scope": "WPEFramework::Plugin::JSONRPCDirectLink", "scopeKind": "struct"}, {"_type": "tag", "name": "FromMessage", "path": "/home/kavia/workspace/code-generation/app-gateway2/Supporting_Files/RDKShell/RDKShell.cpp", "pattern": "/^          bool FromMessage(RESPONSE& response, const Core::ProxyType<Core::JSONRPC::Message>& me/", "file": true, "language": "C++", "typeref": "typename:bool", "kind": "function", "signature": "(RESPONSE & response,const Core::ProxyType<Core::JSONRPC::Message> & message,bool isResponseString=false) const", "scope": "WPEFramework::Plugin::JSONRPCDirectLink", "scopeKind": "struct"}, {"_type": "tag", "name": "Get", "path": "/home/kavia/workspace/code-generation/app-gateway2/Supporting_Files/RDKShell/RDKShell.cpp", "pattern": "/^          uint32_t Get(const uint32_t waitTime, const string& method, PARAMETERS& respObject)$/", "file": true, "language": "C++", "typeref": "typename:uint32_t", "kind": "function", "signature": "(const uint32_t waitTime,const string & method,PARAMETERS & respObject)", "scope": "WPEFramework::Plugin::JSONRPCDirectLink", "scopeKind": "struct"}, {"_type": "tag", "name": "HIBERNATION_DELAY_FOR_LAUNCHED_TO_SUSPENDED_MS", "path": "/home/kavia/workspace/code-generation/app-gateway2/Supporting_Files/RDKShell/RDKShell.cpp", "pattern": "/^#define HIBERNATION_DELAY_FOR_LAUNCHED_TO_SUSPENDED_MS /", "file": true, "language": "C++", "kind": "macro"}, {"_type": "tag", "name": "HIBERNATION_DELAY_FOR_RESUMED_TO_SUSPENDED_MS", "path": "/home/kavia/workspace/code-generation/app-gateway2/Supporting_Files/RDKShell/RDKShell.cpp", "pattern": "/^#define HIBERNATION_DELAY_FOR_RESUMED_TO_SUSPENDED_MS /", "file": true, "language": "C++", "kind": "macro"}, {"_type": "tag", "name": "HibernateExecutor", "path": "/home/kavia/workspace/code-generation/app-gateway2/Supporting_Files/RDKShell/RDKShell.cpp", "pattern": "/^        RDKShell::HibernateExecutor::HibernateExecutor(RDKShell& shell):$/", "language": "C++", "kind": "function", "signature": "(RDKShell & shell)", "scope": "WPEFramework::Plugin::RDKShell::HibernateExecutor", "scopeKind": "class"}, {"_type": "tag", "name": "Information", "path": "/home/kavia/workspace/code-generation/app-gateway2/Supporting_Files/RDKShell/RDKShell.cpp", "pattern": "/^        string RDKShell::Information() const$/", "language": "C++", "typeref": "typename:string", "kind": "function", "signature": "() const", "scope": "WPEFramework::Plugin::RDKShell", "scopeKind": "class"}, {"_type": "tag", "name": "Initialize", "path": "/home/kavia/workspace/code-generation/app-gateway2/Supporting_Files/RDKShell/RDKShell.cpp", "pattern": "/^        const string RDKShell::Initialize(PluginHost::IShell* service )$/", "language": "C++", "typeref": "typename:const string", "kind": "function", "signature": "(PluginHost::IShell * service)", "scope": "WPEFramework::Plugin::RDKShell", "scopeKind": "class"}, {"_type": "tag", "name": "Initialize", "path": "/home/kavia/workspace/code-generation/app-gateway2/Supporting_Files/RDKShell/RDKShell.cpp", "pattern": "/^       void RDKShell::MonitorClients::Initialize(const string& callsign, PluginHost::IShell* ser/", "language": "C++", "typeref": "typename:void", "kind": "function", "signature": "(const string & callsign,PluginHost::IShell * service)", "scope": "WPEFramework::Plugin::RDKShell::MonitorClients", "scopeKind": "class"}, {"_type": "tag", "name": "Invoke", "path": "/home/kavia/workspace/code-generation/app-gateway2/Supporting_Files/RDKShell/RDKShell.cpp", "pattern": "/^          uint32_t Invoke(const uint32_t waitTime, const string& method, const PARAMETERS& param/", "file": true, "language": "C++", "typeref": "typename:uint32_t", "kind": "function", "signature": "(const uint32_t waitTime,const string & method,const PARAMETERS & parameters,RESPONSE & response,bool isResponseString=false)", "scope": "WPEFramework::Plugin::JSONRPCDirectLink", "scopeKind": "struct"}, {"_type": "tag", "name": "JSONRPCDirectLink", "path": "/home/kavia/workspace/code-generation/app-gateway2/Supporting_Files/RDKShell/RDKShell.cpp", "pattern": "/^          JSONRPCDirectLink(PluginHost::IShell* service)$/", "file": true, "language": "C++", "kind": "function", "signature": "(PluginHost::IShell * service)", "scope": "WPEFramework::Plugin::JSONRPCDirectLink", "scopeKind": "struct"}, {"_type": "tag", "name": "JSONRPCDirectLink", "path": "/home/kavia/workspace/code-generation/app-gateway2/Supporting_Files/RDKShell/RDKShell.cpp", "pattern": "/^          JSONRPCDirectLink(PluginHost::IShell* service, std::string callsign)$/", "file": true, "language": "C++", "kind": "function", "signature": "(PluginHost::IShell * service,std::string callsign)", "scope": "WPEFramework::Plugin::JSONRPCDirectLink", "scopeKind": "struct"}, {"_type": "tag", "name": "JSONRPCDirectLink", "path": "/home/kavia/workspace/code-generation/app-gateway2/Supporting_Files/RDKShell/RDKShell.cpp", "pattern": "/^        struct JSONRPCDirectLink$/", "file": true, "language": "C++", "kind": "struct", "scope": "WPEFramework::Plugin", "scopeKind": "namespace"}, {"_type": "tag", "name": "Job", "path": "/home/kavia/workspace/code-generation/app-gateway2/Supporting_Files/RDKShell/RDKShell.cpp", "pattern": "/^                Job(std::function<void()> work)$/", "file": true, "language": "C++", "kind": "function", "signature": "(std::function<void ()> work)", "scope": "WPEFramework::Plugin::__anonb49b2f370211::Job", "scopeKind": "class"}, {"_type": "tag", "name": "Job", "path": "/home/kavia/workspace/code-generation/app-gateway2/Supporting_Files/RDKShell/RDKShell.cpp", "pattern": "/^            class Job : public Core::IDispatchType<void> {$/", "file": true, "language": "C++", "kind": "class", "scope": "WPEFramework::Plugin::__anonb49b2f370211", "scopeKind": "namespace"}, {"_type": "tag", "name": "KEYCODE_INVALID", "path": "/home/kavia/workspace/code-generation/app-gateway2/Supporting_Files/RDKShell/RDKShell.cpp", "pattern": "/^#define KEYCODE_INVALID /", "file": true, "language": "C++", "kind": "macro"}, {"_type": "tag", "name": "KEYCODE_UNKNOWN", "path": "/home/kavia/workspace/code-generation/app-gateway2/Supporting_Files/RDKShell/RDKShell.cpp", "pattern": "/^#define KEYCODE_UNKNOWN /", "file": true, "language": "C++", "kind": "macro"}, {"_type": "tag", "name": "KillClientRequest", "path": "/home/kavia/workspace/code-generation/app-gateway2/Supporting_Files/RDKShell/RDKShell.cpp", "pattern": "/^            KillClientRequest(std::string client): mClient(client), mResult(false)$/", "file": true, "language": "C++", "kind": "function", "signature": "(std::string client)", "scope": "WPEFramework::Plugin::KillClientRequest", "scopeKind": "struct"}, {"_type": "tag", "name": "KillClientRequest", "path": "/home/kavia/workspace/code-generation/app-gateway2/Supporting_Files/RDKShell/RDKShell.cpp", "pattern": "/^        struct KillClientRequest$/", "file": true, "language": "C++", "kind": "struct", "scope": "WPEFramework::Plugin", "scopeKind": "namespace"}, {"_type": "tag", "name": "LISA_CALLSIGN", "path": "/home/kavia/workspace/code-generation/app-gateway2/Supporting_Files/RDKShell/RDKShell.cpp", "pattern": "/^#define LISA_CALLSIGN /", "file": true, "language": "C++", "kind": "macro"}, {"_type": "tag", "name": "Message", "path": "/home/kavia/workspace/code-generation/app-gateway2/Supporting_Files/RDKShell/RDKShell.cpp", "pattern": "/^          Core::ProxyType<Core::JSONRPC::Message> Message() const$/", "file": true, "language": "C++", "typeref": "typename:Core::ProxyType<Core::JSONRPC::Message>", "kind": "function", "signature": "() const", "scope": "WPEFramework::Plugin::JSONRPCDirectLink", "scopeKind": "struct"}, {"_type": "tag", "name": "NOTLAUNCHED", "path": "/home/kavia/workspace/code-generation/app-gateway2/Supporting_Files/RDKShell/RDKShell.cpp", "pattern": "/^    NOTLAUNCHED = 0,$/", "file": true, "language": "C++", "kind": "enumerator", "scope": "FactoryAppLaunchStatus", "scopeKind": "enum"}, {"_type": "tag", "name": "PERSISTENT_STORE_CALLSIGN", "path": "/home/kavia/workspace/code-generation/app-gateway2/Supporting_Files/RDKShell/RDKShell.cpp", "pattern": "/^#define PERSISTENT_STORE_CALLSIGN /", "file": true, "language": "C++", "kind": "macro"}, {"_type": "tag", "name": "Plugin", "path": "/home/kavia/workspace/code-generation/app-gateway2/Supporting_Files/RDKShell/RDKShell.cpp", "pattern": "/^    namespace Plugin {$/", "file": true, "language": "C++", "kind": "namespace", "scope": "WPEFramework", "scopeKind": "namespace"}, {"_type": "tag", "name": "PluginStateChangeData", "path": "/home/kavia/workspace/code-generation/app-gateway2/Supporting_Files/RDKShell/RDKShell.cpp", "pattern": "/^        PluginStateChangeData::PluginStateChangeData(std::string callsign, std::shared_ptr<WPEFr/", "language": "C++", "kind": "function", "signature": "(std::string callsign,std::shared_ptr<WPEFramework::JSONRPC::LinkType<WPEFramework::Core::JSON::IElement>> pluginConnection,RDKShell * rdkshell)", "scope": "WPEFramework::Plugin::PluginStateChangeData", "scopeKind": "class"}, {"_type": "tag", "name": "RDKSHELL_EVENT_DEVICE_CRITICALLY_LOW_RAM_WARNING", "path": "/home/kavia/workspace/code-generation/app-gateway2/Supporting_Files/RDKShell/RDKShell.cpp", "pattern": "/^const string WPEFramework::Plugin::RDKShell::RDKSHELL_EVENT_DEVICE_CRITICALLY_LOW_RAM_WARNING = /", "language": "C++", "typeref": "typename:const string", "kind": "member", "scope": "WPEFramework::Plugin::RDKShell", "scopeKind": "class"}, {"_type": "tag", "name": "RDKSHELL_EVENT_DEVICE_CRITICALLY_LOW_RAM_WARNING_CLEARED", "path": "/home/kavia/workspace/code-generation/app-gateway2/Supporting_Files/RDKShell/RDKShell.cpp", "pattern": "/^const string WPEFramework::Plugin::RDKShell::RDKSHELL_EVENT_DEVICE_CRITICALLY_LOW_RAM_WARNING_CL/", "language": "C++", "typeref": "typename:const string", "kind": "member", "scope": "WPEFramework::Plugin::RDKShell", "scopeKind": "class"}, {"_type": "tag", "name": "RDKSHELL_EVENT_DEVICE_LOW_RAM_WARNING", "path": "/home/kavia/workspace/code-generation/app-gateway2/Supporting_Files/RDKShell/RDKShell.cpp", "pattern": "/^const string WPEFramework::Plugin::RDKShell::RDKSHELL_EVENT_DEVICE_LOW_RAM_WARNING = \"onDeviceLo/", "language": "C++", "typeref": "typename:const string", "kind": "member", "scope": "WPEFramework::Plugin::RDKShell", "scopeKind": "class"}, {"_type": "tag", "name": "RDKSHELL_EVENT_DEVICE_LOW_RAM_WARNING_CLEARED", "path": "/home/kavia/workspace/code-generation/app-gateway2/Supporting_Files/RDKShell/RDKShell.cpp", "pattern": "/^const string WPEFramework::Plugin::RDKShell::RDKSHELL_EVENT_DEVICE_LOW_RAM_WARNING_CLEARED = \"on/", "language": "C++", "typeref": "typename:const string", "kind": "member", "scope": "WPEFramework::Plugin::RDKShell", "scopeKind": "class"}, {"_type": "tag", "name": "RDKSHELL_EVENT_ON_APP_ACTIVATED", "path": "/home/kavia/workspace/code-generation/app-gateway2/Supporting_Files/RDKShell/RDKShell.cpp", "pattern": "/^const string WPEFramework::Plugin::RDKShell::RDKSHELL_EVENT_ON_APP_ACTIVATED = \"onApplicationAct/", "language": "C++", "typeref": "typename:const string", "kind": "member", "scope": "WPEFramework::Plugin::RDKShell", "scopeKind": "class"}, {"_type": "tag", "name": "RDKSHELL_EVENT_ON_APP_CONNECTED", "path": "/home/kavia/workspace/code-generation/app-gateway2/Supporting_Files/RDKShell/RDKShell.cpp", "pattern": "/^const string WPEFramework::Plugin::RDKShell::RDKSHELL_EVENT_ON_APP_CONNECTED = \"onApplicationCon/", "language": "C++", "typeref": "typename:const string", "kind": "member", "scope": "WPEFramework::Plugin::RDKShell", "scopeKind": "class"}, {"_type": "tag", "name": "RDKSHELL_EVENT_ON_APP_DISCONNECTED", "path": "/home/kavia/workspace/code-generation/app-gateway2/Supporting_Files/RDKShell/RDKShell.cpp", "pattern": "/^const string WPEFramework::Plugin::RDKShell::RDKSHELL_EVENT_ON_APP_DISCONNECTED = \"onApplication/", "language": "C++", "typeref": "typename:const string", "kind": "member", "scope": "WPEFramework::Plugin::RDKShell", "scopeKind": "class"}, {"_type": "tag", "name": "RDKSHELL_EVENT_ON_APP_FIRST_FRAME", "path": "/home/kavia/workspace/code-generation/app-gateway2/Supporting_Files/RDKShell/RDKShell.cpp", "pattern": "/^const string WPEFramework::Plugin::RDKShell::RDKSHELL_EVENT_ON_APP_FIRST_FRAME = \"onApplicationF/", "language": "C++", "typeref": "typename:const string", "kind": "member", "scope": "WPEFramework::Plugin::RDKShell", "scopeKind": "class"}, {"_type": "tag", "name": "RDKSHELL_EVENT_ON_APP_FOCUSCHANGED", "path": "/home/kavia/workspace/code-generation/app-gateway2/Supporting_Files/RDKShell/RDKShell.cpp", "pattern": "/^const string WPEFramework::Plugin::RDKShell::RDKSHELL_EVENT_ON_APP_FOCUSCHANGED = \"onApplication/", "language": "C++", "typeref": "typename:const string", "kind": "member", "scope": "WPEFramework::Plugin::RDKShell", "scopeKind": "class"}, {"_type": "tag", "name": "RDKSHELL_EVENT_ON_APP_LAUNCHED", "path": "/home/kavia/workspace/code-generation/app-gateway2/Supporting_Files/RDKShell/RDKShell.cpp", "pattern": "/^const string WPEFramework::Plugin::RDKShell::RDKSHELL_EVENT_ON_APP_LAUNCHED = \"onApplicationLaun/", "language": "C++", "typeref": "typename:const string", "kind": "member", "scope": "WPEFramework::Plugin::RDKShell", "scopeKind": "class"}, {"_type": "tag", "name": "RDKSHELL_EVENT_ON_APP_RESUMED", "path": "/home/kavia/workspace/code-generation/app-gateway2/Supporting_Files/RDKShell/RDKShell.cpp", "pattern": "/^const string WPEFramework::Plugin::RDKShell::RDKSHELL_EVENT_ON_APP_RESUMED = \"onApplicationResum/", "language": "C++", "typeref": "typename:const string", "kind": "member", "scope": "WPEFramework::Plugin::RDKShell", "scopeKind": "class"}, {"_type": "tag", "name": "RDKSHELL_EVENT_ON_APP_SUSPENDED", "path": "/home/kavia/workspace/code-generation/app-gateway2/Supporting_Files/RDKShell/RDKShell.cpp", "pattern": "/^const string WPEFramework::Plugin::RDKShell::RDKSHELL_EVENT_ON_APP_SUSPENDED = \"onApplicationSus/", "language": "C++", "typeref": "typename:const string", "kind": "member", "scope": "WPEFramework::Plugin::RDKShell", "scopeKind": "class"}, {"_type": "tag", "name": "RDKSHELL_EVENT_ON_APP_TERMINATED", "path": "/home/kavia/workspace/code-generation/app-gateway2/Supporting_Files/RDKShell/RDKShell.cpp", "pattern": "/^const string WPEFramework::Plugin::RDKShell::RDKSHELL_EVENT_ON_APP_TERMINATED = \"onApplicationTe/", "language": "C++", "typeref": "typename:const string", "kind": "member", "scope": "WPEFramework::Plugin::RDKShell", "scopeKind": "class"}, {"_type": "tag", "name": "RDKSHELL_EVENT_ON_DESTROYED", "path": "/home/kavia/workspace/code-generation/app-gateway2/Supporting_Files/RDKShell/RDKShell.cpp", "pattern": "/^const string WPEFramework::Plugin::RDKShell::RDKSHELL_EVENT_ON_DESTROYED = \"onDestroyed\";$/", "language": "C++", "typeref": "typename:const string", "kind": "member", "scope": "WPEFramework::Plugin::RDKShell", "scopeKind": "class"}, {"_type": "tag", "name": "RDKSHELL_EVENT_ON_EASTER_EGG", "path": "/home/kavia/workspace/code-generation/app-gateway2/Supporting_Files/RDKShell/RDKShell.cpp", "pattern": "/^const string WPEFramework::Plugin::RDKShell::RDKSHELL_EVENT_ON_EASTER_EGG = \"onEasterEgg\";$/", "language": "C++", "typeref": "typename:const string", "kind": "member", "scope": "WPEFramework::Plugin::RDKShell", "scopeKind": "class"}, {"_type": "tag", "name": "RDKSHELL_EVENT_ON_HIBERNATED", "path": "/home/kavia/workspace/code-generation/app-gateway2/Supporting_Files/RDKShell/RDKShell.cpp", "pattern": "/^const string WPEFramework::Plugin::RDKShell::RDKSHELL_EVENT_ON_HIBERNATED = \"onHibernated\";$/", "language": "C++", "typeref": "typename:const string", "kind": "member", "scope": "WPEFramework::Plugin::RDKShell", "scopeKind": "class"}, {"_type": "tag", "name": "RDKSHELL_EVENT_ON_LAUNCHED", "path": "/home/kavia/workspace/code-generation/app-gateway2/Supporting_Files/RDKShell/RDKShell.cpp", "pattern": "/^const string WPEFramework::Plugin::RDKShell::RDKSHELL_EVENT_ON_LAUNCHED = \"onLaunched\";$/", "language": "C++", "typeref": "typename:const string", "kind": "member", "scope": "WPEFramework::Plugin::RDKShell", "scopeKind": "class"}, {"_type": "tag", "name": "RDKSHELL_EVENT_ON_PLUGIN_SUSPENDED", "path": "/home/kavia/workspace/code-generation/app-gateway2/Supporting_Files/RDKShell/RDKShell.cpp", "pattern": "/^const string WPEFramework::Plugin::RDKShell::RDKSHELL_EVENT_ON_PLUGIN_SUSPENDED = \"onPluginSuspe/", "language": "C++", "typeref": "typename:const string", "kind": "member", "scope": "WPEFramework::Plugin::RDKShell", "scopeKind": "class"}, {"_type": "tag", "name": "RDKSHELL_EVENT_ON_RESTORED", "path": "/home/kavia/workspace/code-generation/app-gateway2/Supporting_Files/RDKShell/RDKShell.cpp", "pattern": "/^const string WPEFramework::Plugin::RDKShell::RDKSHELL_EVENT_ON_RESTORED = \"onRestored\";$/", "language": "C++", "typeref": "typename:const string", "kind": "member", "scope": "WPEFramework::Plugin::RDKShell", "scopeKind": "class"}, {"_type": "tag", "name": "RDKSHELL_EVENT_ON_SCREENSHOT_COMPLETE", "path": "/home/kavia/workspace/code-generation/app-gateway2/Supporting_Files/RDKShell/RDKShell.cpp", "pattern": "/^const string WPEFramework::Plugin::RDKShell::RDKSHELL_EVENT_ON_SCREENSHOT_COMPLETE = \"onScreensh/", "language": "C++", "typeref": "typename:const string", "kind": "member", "scope": "WPEFramework::Plugin::RDKShell", "scopeKind": "class"}, {"_type": "tag", "name": "RDKSHELL_EVENT_ON_SUSPENDED", "path": "/home/kavia/workspace/code-generation/app-gateway2/Supporting_Files/RDKShell/RDKShell.cpp", "pattern": "/^const string WPEFramework::Plugin::RDKShell::RDKSHELL_EVENT_ON_SUSPENDED = \"onSuspended\";$/", "language": "C++", "typeref": "typename:const string", "kind": "member", "scope": "WPEFramework::Plugin::RDKShell", "scopeKind": "class"}, {"_type": "tag", "name": "RDKSHELL_EVENT_ON_USER_INACTIVITY", "path": "/home/kavia/workspace/code-generation/app-gateway2/Supporting_Files/RDKShell/RDKShell.cpp", "pattern": "/^const string WPEFramework::Plugin::RDKShell::RDKSHELL_EVENT_ON_USER_INACTIVITY = \"onUserInactivi/", "language": "C++", "typeref": "typename:const string", "kind": "member", "scope": "WPEFramework::Plugin::RDKShell", "scopeKind": "class"}, {"_type": "tag", "name": "RDKSHELL_EVENT_ON_WILL_DESTROY", "path": "/home/kavia/workspace/code-generation/app-gateway2/Supporting_Files/RDKShell/RDKShell.cpp", "pattern": "/^const string WPEFramework::Plugin::RDKShell::RDKSHELL_EVENT_ON_WILL_DESTROY = \"onWillDestroy\";$/", "language": "C++", "typeref": "typename:const string", "kind": "member", "scope": "WPEFramework::Plugin::RDKShell", "scopeKind": "class"}, {"_type": "tag", "name": "RDKSHELL_METHOD_ADD_ANIMATION", "path": "/home/kavia/workspace/code-generation/app-gateway2/Supporting_Files/RDKShell/RDKShell.cpp", "pattern": "/^const string WPEFramework::Plugin::RDKShell::RDKSHELL_METHOD_ADD_ANIMATION = \"addAnimation\";$/", "language": "C++", "typeref": "typename:const string", "kind": "member", "scope": "WPEFramework::Plugin::RDKShell", "scopeKind": "class"}, {"_type": "tag", "name": "RDKSHELL_METHOD_ADD_EASTER_EGGS", "path": "/home/kavia/workspace/code-generation/app-gateway2/Supporting_Files/RDKShell/RDKShell.cpp", "pattern": "/^const string WPEFramework::Plugin::RDKShell::RDKSHELL_METHOD_ADD_EASTER_EGGS = \"addEasterEggs\";$/", "language": "C++", "typeref": "typename:const string", "kind": "member", "scope": "WPEFramework::Plugin::RDKShell", "scopeKind": "class"}, {"_type": "tag", "name": "RDKSHELL_METHOD_ADD_KEY_INTERCEPT", "path": "/home/kavia/workspace/code-generation/app-gateway2/Supporting_Files/RDKShell/RDKShell.cpp", "pattern": "/^const string WPEFramework::Plugin::RDKShell::RDKSHELL_METHOD_ADD_KEY_INTERCEPT = \"addKeyIntercep/", "language": "C++", "typeref": "typename:const string", "kind": "member", "scope": "WPEFramework::Plugin::RDKShell", "scopeKind": "class"}, {"_type": "tag", "name": "RDKSHELL_METHOD_ADD_KEY_INTERCEPTS", "path": "/home/kavia/workspace/code-generation/app-gateway2/Supporting_Files/RDKShell/RDKShell.cpp", "pattern": "/^const string WPEFramework::Plugin::RDKShell::RDKSHELL_METHOD_ADD_KEY_INTERCEPTS = \"addKeyInterce/", "language": "C++", "typeref": "typename:const string", "kind": "member", "scope": "WPEFramework::Plugin::RDKShell", "scopeKind": "class"}, {"_type": "tag", "name": "RDKSHELL_METHOD_ADD_KEY_LISTENER", "path": "/home/kavia/workspace/code-generation/app-gateway2/Supporting_Files/RDKShell/RDKShell.cpp", "pattern": "/^const string WPEFramework::Plugin::RDKShell::RDKSHELL_METHOD_ADD_KEY_LISTENER = \"addKeyListener\"/", "language": "C++", "typeref": "typename:const string", "kind": "member", "scope": "WPEFramework::Plugin::RDKShell", "scopeKind": "class"}, {"_type": "tag", "name": "RDKSHELL_METHOD_ADD_KEY_METADATA_LISTENER", "path": "/home/kavia/workspace/code-generation/app-gateway2/Supporting_Files/RDKShell/RDKShell.cpp", "pattern": "/^const string WPEFramework::Plugin::RDKShell::RDKSHELL_METHOD_ADD_KEY_METADATA_LISTENER = \"addKey/", "language": "C++", "typeref": "typename:const string", "kind": "member", "scope": "WPEFramework::Plugin::RDKShell", "scopeKind": "class"}, {"_type": "tag", "name": "RDKSHELL_METHOD_CREATE_DISPLAY", "path": "/home/kavia/workspace/code-generation/app-gateway2/Supporting_Files/RDKShell/RDKShell.cpp", "pattern": "/^const string WPEFramework::Plugin::RDKShell::RDKSHELL_METHOD_CREATE_DISPLAY = \"createDisplay\";$/", "language": "C++", "typeref": "typename:const string", "kind": "member", "scope": "WPEFramework::Plugin::RDKShell", "scopeKind": "class"}, {"_type": "tag", "name": "RDKSHELL_METHOD_DESTROY", "path": "/home/kavia/workspace/code-generation/app-gateway2/Supporting_Files/RDKShell/RDKShell.cpp", "pattern": "/^const string WPEFramework::Plugin::RDKShell::RDKSHELL_METHOD_DESTROY = \"destroy\";$/", "language": "C++", "typeref": "typename:const string", "kind": "member", "scope": "WPEFramework::Plugin::RDKShell", "scopeKind": "class"}, {"_type": "tag", "name": "RDKSHELL_METHOD_KILL", "path": "/home/kavia/workspace/code-generation/app-gateway2/Supporting_Files/RDKShell/RDKShell.cpp", "pattern": "/^const string WPEFramework::Plugin::RDKShell::RDKSHELL_METHOD_KILL = \"kill\";$/", "language": "C++", "typeref": "typename:const string", "kind": "member", "scope": "WPEFramework::Plugin::RDKShell", "scopeKind": "class"}], "hash": "f5cd226af3aff07b6d02aadea3693306", "format-version": 4, "code-base-name": "app-gateway2", "filename": "Supporting_Files/RDKShell/RDKShell.cpp", "fields": [{"name": "const string RDKSHELL_EVENT_DEVICE_CRITICALLY_LOW_RAM_WARNING", "scope": "WPEFramework::Plugin::RDKShell", "scopeKind": "class", "description": "unavailable"}, {"name": "const string RDKSHELL_EVENT_DEVICE_CRITICALLY_LOW_RAM_WARNING_CLEARED", "scope": "WPEFramework::Plugin::RDKShell", "scopeKind": "class", "description": "unavailable"}, {"name": "const string RDKSHELL_EVENT_DEVICE_LOW_RAM_WARNING", "scope": "WPEFramework::Plugin::RDKShell", "scopeKind": "class", "description": "unavailable"}, {"name": "const string RDKSHELL_EVENT_DEVICE_LOW_RAM_WARNING_CLEARED", "scope": "WPEFramework::Plugin::RDKShell", "scopeKind": "class", "description": "unavailable"}, {"name": "const string RDKSHELL_EVENT_ON_APP_ACTIVATED", "scope": "WPEFramework::Plugin::RDKShell", "scopeKind": "class", "description": "unavailable"}, {"name": "const string RDKSHELL_EVENT_ON_APP_CONNECTED", "scope": "WPEFramework::Plugin::RDKShell", "scopeKind": "class", "description": "unavailable"}, {"name": "const string RDKSHELL_EVENT_ON_APP_DISCONNECTED", "scope": "WPEFramework::Plugin::RDKShell", "scopeKind": "class", "description": "unavailable"}, {"name": "const string RDKSHELL_EVENT_ON_APP_FIRST_FRAME", "scope": "WPEFramework::Plugin::RDKShell", "scopeKind": "class", "description": "unavailable"}, {"name": "const string RDKSHELL_EVENT_ON_APP_FOCUSCHANGED", "scope": "WPEFramework::Plugin::RDKShell", "scopeKind": "class", "description": "unavailable"}, {"name": "const string RDKSHELL_EVENT_ON_APP_LAUNCHED", "scope": "WPEFramework::Plugin::RDKShell", "scopeKind": "class", "description": "unavailable"}, {"name": "const string RDKSHELL_EVENT_ON_APP_RESUMED", "scope": "WPEFramework::Plugin::RDKShell", "scopeKind": "class", "description": "unavailable"}, {"name": "const string RDKSHELL_EVENT_ON_APP_SUSPENDED", "scope": "WPEFramework::Plugin::RDKShell", "scopeKind": "class", "description": "unavailable"}, {"name": "const string RDKSHELL_EVENT_ON_APP_TERMINATED", "scope": "WPEFramework::Plugin::RDKShell", "scopeKind": "class", "description": "unavailable"}, {"name": "const string RDKSHELL_EVENT_ON_DESTROYED", "scope": "WPEFramework::Plugin::RDKShell", "scopeKind": "class", "description": "unavailable"}, {"name": "const string RDKSHELL_EVENT_ON_EASTER_EGG", "scope": "WPEFramework::Plugin::RDKShell", "scopeKind": "class", "description": "unavailable"}, {"name": "const string RDKSHELL_EVENT_ON_HIBERNATED", "scope": "WPEFramework::Plugin::RDKShell", "scopeKind": "class", "description": "unavailable"}, {"name": "const string RDKSHELL_EVENT_ON_LAUNCHED", "scope": "WPEFramework::Plugin::RDKShell", "scopeKind": "class", "description": "unavailable"}, {"name": "const string RDKSHELL_EVENT_ON_PLUGIN_SUSPENDED", "scope": "WPEFramework::Plugin::RDKShell", "scopeKind": "class", "description": "unavailable"}, {"name": "const string RDKSHELL_EVENT_ON_RESTORED", "scope": "WPEFramework::Plugin::RDKShell", "scopeKind": "class", "description": "unavailable"}, {"name": "const string RDKSHELL_EVENT_ON_SCREENSHOT_COMPLETE", "scope": "WPEFramework::Plugin::RDKShell", "scopeKind": "class", "description": "unavailable"}, {"name": "const string RDKSHELL_EVENT_ON_SUSPENDED", "scope": "WPEFramework::Plugin::RDKShell", "scopeKind": "class", "description": "unavailable"}, {"name": "const string RDKSHELL_EVENT_ON_USER_INACTIVITY", "scope": "WPEFramework::Plugin::RDKShell", "scopeKind": "class", "description": "unavailable"}, {"name": "const string RDKSHELL_EVENT_ON_WILL_DESTROY", "scope": "WPEFramework::Plugin::RDKShell", "scopeKind": "class", "description": "unavailable"}, {"name": "const string RDKSHELL_METHOD_ADD_ANIMATION", "scope": "WPEFramework::Plugin::RDKShell", "scopeKind": "class", "description": "unavailable"}, {"name": "const string RDKSHELL_METHOD_ADD_EASTER_EGGS", "scope": "WPEFramework::Plugin::RDKShell", "scopeKind": "class", "description": "unavailable"}, {"name": "const string RDKSHELL_METHOD_ADD_KEY_INTERCEPT", "scope": "WPEFramework::Plugin::RDKShell", "scopeKind": "class", "description": "unavailable"}, {"name": "const string RDKSHELL_METHOD_ADD_KEY_INTERCEPTS", "scope": "WPEFramework::Plugin::RDKShell", "scopeKind": "class", "description": "unavailable"}, {"name": "const string RDKSHELL_METHOD_ADD_KEY_LISTENER", "scope": "WPEFramework::Plugin::RDKShell", "scopeKind": "class", "description": "unavailable"}, {"name": "const string RDKSHELL_METHOD_ADD_KEY_METADATA_LISTENER", "scope": "WPEFramework::Plugin::RDKShell", "scopeKind": "class", "description": "unavailable"}, {"name": "const string RDKSHELL_METHOD_CREATE_DISPLAY", "scope": "WPEFramework::Plugin::RDKShell", "scopeKind": "class", "description": "unavailable"}, {"name": "const string RDKSHELL_METHOD_DESTROY", "scope": "WPEFramework::Plugin::RDKShell", "scopeKind": "class", "description": "unavailable"}, {"name": "const string RDKSHELL_METHOD_KILL", "scope": "WPEFramework::Plugin::RDKShell", "scopeKind": "class", "description": "unavailable"}], "revision_history": [{"898": "ef86df2c8df3fef6f567643b583ee28870c1ba4c"}]}