{"is_source_file": true, "format": "Rust", "description": "This file defines the ThunderSessionService responsible for asynchronously retrieving an account session using ThunderClient calls, and processing the responses to build an AccountSession object.", "external_files": ["thunder_ripple_sdk::client::device_operator", "thunder_ripple_sdk::client::thunder_client", "thunder_ripple_sdk::ripple_sdk::api::session", "thunder_ripple_sdk::log", "thunder_ripple_sdk::utils::error", "thunder_state::ThunderState"], "external_methods": ["DeviceCallRequest::call", "debug!", "ThunderState::get_thunder_client"], "published": ["ThunderSessionService"], "classes": [{"name": "ThunderSessionService", "description": "A structure providing session management functionality."}], "methods": [{"name": "thunder_getter( client: ThunderClient, method: String, prop: &'static str, default: &'static str, ) -> String", "description": "Asynchronously calls a ThunderClient with a device operator request and retrieves a specific property from the response.", "parameters": ["client: ThunderClient", "method: String", "prop: &'static str", "default: &'static str"], "return": "String", "scope": "", "scopeKind": ""}, {"name": "get_account_session(state: &ThunderState) -> Result<AccountSession, RippleError>", "description": "Asynchronously retrieves and constructs an AccountSession from the ThunderClient state, or returns an error if required fields are missing.", "parameters": ["state: &ThunderState"], "return": "Result<AccountSession, RippleError>", "scope": "ThunderSessionService", "scopeKind": "implementation"}, {"name": "get_auth_method(method: &str) -> String", "scope": "", "scopeKind": "", "description": "unavailable"}], "calls": ["client.call(request).await", "debug!(\"thunder_getter_response={:?}\", response)", "thunder_getter(state.get_thunder_client(), m_did, \"xDeviceId\", \"\").await", "thunder_getter(state.get_thunder_client(), m_aid, \"serviceAccountId\", \"\").await", "thunder_getter(state.get_thunder_client(), m_pid, \"partnerId\", \"\").await", "thunder_getter(state.get_thunder_client(), m_sat, \"token\", \"\").await"], "search-terms": ["ThunderSessionService", "thunder_getter", "AccountSession", "get_account_session", "ThunderState", "DeviceCallRequest", "RippleError"], "state": 2, "file_id": 209, "knowledge_revision": 699, "git_revision": "7541615396d97800a8dedd6a14e20d3bd2197bf0", "ctags": [{"_type": "tag", "name": "ThunderSessionService", "path": "/home/kavia/workspace/code-generation/app-gateway2/Supporting_Files/Ripple_Badger_Extn/thunder/thunder_session.rs", "pattern": "/^impl ThunderSessionService {$/", "language": "Rust", "kind": "implementation"}, {"_type": "tag", "name": "ThunderSessionService", "path": "/home/kavia/workspace/code-generation/app-gateway2/Supporting_Files/Ripple_Badger_Extn/thunder/thunder_session.rs", "pattern": "/^pub struct ThunderSessionService;$/", "language": "Rust", "kind": "struct"}, {"_type": "tag", "name": "get_account_session", "path": "/home/kavia/workspace/code-generation/app-gateway2/Supporting_Files/Ripple_Badger_Extn/thunder/thunder_session.rs", "pattern": "/^    pub async fn get_account_session(state: &ThunderState) -> Result<AccountSession, RippleError/", "language": "Rust", "kind": "method", "signature": "(state: &ThunderState) -> Result<AccountSession, RippleError>", "scope": "ThunderSessionService", "scopeKind": "implementation"}, {"_type": "tag", "name": "get_auth_method", "path": "/home/kavia/workspace/code-generation/app-gateway2/Supporting_Files/Ripple_Badger_Extn/thunder/thunder_session.rs", "pattern": "/^fn get_auth_method(method: &str) -> String {$/", "language": "Rust", "kind": "function", "signature": "(method: &str) -> String"}, {"_type": "tag", "name": "thunder_getter", "path": "/home/kavia/workspace/code-generation/app-gateway2/Supporting_Files/Ripple_Badger_Extn/thunder/thunder_session.rs", "pattern": "/^async fn thunder_getter($/", "language": "Rust", "kind": "function", "signature": "( client: ThunderClient, method: String, prop: &'static str, default: &'static str, ) -> String"}], "hash": "ef18723cf5ba5217a31797f388fd81fb", "format-version": 4, "code-base-name": "app-gateway2", "filename": "Supporting_Files/Ripple_Badger_Extn/thunder/thunder_session.rs", "revision_history": [{"699": "7541615396d97800a8dedd6a14e20d3bd2197bf0"}]}