{"is_source_file": false, "format": "", "description": "", "external_files": [], "external_methods": [], "published": [], "classes": [], "methods": [], "calls": [], "search-terms": [], "state": 2, "file_id": 281, "knowledge_revision": 884, "git_revision": "ef86df2c8df3fef6f567643b583ee28870c1ba4c", "hash": "12a56284155f65a338014f0cbeffb8e4", "format-version": 4, "code-base-name": "app-gateway2", "filename": "Supporting_Files/DisplaySettings/DisplaySettingsPlugin.json", "revision_history": [{"884": "ef86df2c8df3fef6f567643b583ee28870c1ba4c"}]}