{"is_source_file": true, "format": "C++", "description": "This file appears to be a C++ source file related to the DisplaySettings module, primarily including licensing comments, inclusion of a header, and a macro declaration.", "external_files": ["Module.h"], "external_methods": ["MODULE_NAME_DECLARATION"], "published": [], "classes": [], "methods": [], "calls": ["MODULE_NAME_DECLARATION"], "search-terms": ["DisplaySettings", "Module.cpp", "MODULE_NAME_DECLARATION", "DisplaySettings module"], "state": 2, "file_id": 278, "knowledge_revision": 888, "git_revision": "ef86df2c8df3fef6f567643b583ee28870c1ba4c", "ctags": [], "hash": "83504c079ed6b320c74acb230fbebc3f", "format-version": 4, "code-base-name": "app-gateway2", "filename": "Supporting_Files/DisplaySettings/Module.cpp", "revision_history": [{"888": "ef86df2c8df3fef6f567643b583ee28870c1ba4c"}]}