{"is_source_file": true, "format": "Rust", "description": "This Rust source file defines permission management traits, data structures, and a permissions manager implementation for handling API authorization within a project. It includes traits for permission checking, a default implementation that grants all permissions, and data types for permission responses.", "external_files": ["async_trait::async_trait", "log::info", "thunder_ripple_sdk::ripple_sdk::api::session::AccountSession", "crate::message::DpabError", "crate::model::permissions::firebolt::CapabilityRole", "thunder_ripple_sdk::ripple_sdk::api::distributor::distributor_permissions::PermissionRequest"], "external_methods": ["log::info", "thunder_ripple_sdk::ripple_sdk::api::distributor::distributor_permissions::PermissionRequest::new"], "published": ["PermissionResponse", "PermissionRegistry", "PermissionsManager", "PermissionService", "GrantingPermissionsManager"], "classes": [{"name": "PermissionResponse", "description": "Enumeration representing various permission query responses, including capability roles, string lists, and boolean maps."}, {"name": "PermissionRegistry", "description": "Trait for retrieving permission items, generic over type T."}, {"name": "PermissionsManager", "description": "Asynchronous trait for checking if an API call is authorized based on session, app ID, and method."}, {"name": "GrantingPermissionsManager", "description": "Concrete implementation of PermissionsManager that automatically grants permissions."}, {"name": "PermissionService", "description": "Trait defining a handler for permission requests."}], "methods": [{"name": "permissions(&self) -> Vec<T>", "description": "Method in PermissionRegistry trait to get a list of permissions.", "scope": "PermissionRegistry", "scopeKind": "interface"}, {"name": "new() -> impl PermissionsManager + Send + Sync", "description": "Constructor for GrantingPermissionsManager that returns a new instance.", "scope": "GrantingPermissionsManager", "scopeKind": "implementation"}, {"name": "is_api_authorized( &self, _distributor_session: AccountSession, app_id: String, method: String, ) -> bool", "description": "Method checking if API access is authorized; in GrantingPermissionsManager, it always grants access.", "scope": "GrantingPermissionsManager", "scopeKind": "implementation"}, {"name": "handle_permission( self: Box<Self>, request: PermissionRequest, ) -> Result<PermissionResponse, DpabError>", "description": "Handles permission requests, returning a result with permissions or a DpabError.", "scope": "PermissionService", "scopeKind": "interface"}, {"name": "is_api_authorized( &self, distributor_session: AccountSession, app_id: String, method: String, ) -> bool", "scope": "PermissionsManager", "scopeKind": "interface", "description": "unavailable"}], "calls": ["info", "GrantingPermissionsManager::new", "GrantingPermissionsManager::is_api_authorized"], "search-terms": ["PermissionResponse", "PermissionsManager trait", "GrantingPermissionsManager implementation", "async_trait", "permission handling", "permission request"], "state": 2, "file_id": 151, "knowledge_revision": 510, "git_revision": "32b0bb639375ee19b69b68f8ce79692a3d49912e", "ctags": [{"_type": "tag", "name": "Check", "path": "/home/kavia/workspace/code-generation/app-gateway2/Supporting_Files/Badger/permissions.rs", "pattern": "/^    Check(bool),$/", "language": "Rust", "kind": "enumerator", "scope": "PermissionResponse", "scopeKind": "enum"}, {"_type": "tag", "name": "CheckAllCaps", "path": "/home/kavia/workspace/code-generation/app-gateway2/Supporting_Files/Badger/permissions.rs", "pattern": "/^    CheckAllCaps(HashMap<String, bool>),$/", "language": "Rust", "kind": "enumerator", "scope": "PermissionResponse", "scopeKind": "enum"}, {"_type": "tag", "name": "CheckAllMethods", "path": "/home/kavia/workspace/code-generation/app-gateway2/Supporting_Files/Badger/permissions.rs", "pattern": "/^    CheckAllMethods(HashMap<String, bool>),$/", "language": "Rust", "kind": "enumerator", "scope": "PermissionResponse", "scopeKind": "enum"}, {"_type": "tag", "name": "FireboltPermissions", "path": "/home/kavia/workspace/code-generation/app-gateway2/Supporting_Files/Badger/permissions.rs", "pattern": "/^    FireboltPermissions(Vec<CapabilityRole>),$/", "language": "Rust", "kind": "enumerator", "scope": "PermissionResponse", "scopeKind": "enum"}, {"_type": "tag", "name": "GrantingPermissionsManager", "path": "/home/kavia/workspace/code-generation/app-gateway2/Supporting_Files/Badger/permissions.rs", "pattern": "/^impl GrantingPermissionsManager {$/", "language": "Rust", "kind": "implementation"}, {"_type": "tag", "name": "GrantingPermissionsManager", "path": "/home/kavia/workspace/code-generation/app-gateway2/Supporting_Files/Badger/permissions.rs", "pattern": "/^impl PermissionsManager for GrantingPermissionsManager {$/", "language": "Rust", "kind": "implementation"}, {"_type": "tag", "name": "GrantingPermissionsManager", "path": "/home/kavia/workspace/code-generation/app-gateway2/Supporting_Files/Badger/permissions.rs", "pattern": "/^pub struct GrantingPermissionsManager {}$/", "language": "Rust", "kind": "struct"}, {"_type": "tag", "name": "List", "path": "/home/kavia/workspace/code-generation/app-gateway2/Supporting_Files/Badger/permissions.rs", "pattern": "/^    List(Vec<String>),$/", "language": "Rust", "kind": "enumerator", "scope": "PermissionResponse", "scopeKind": "enum"}, {"_type": "tag", "name": "PermissionRegistry", "path": "/home/kavia/workspace/code-generation/app-gateway2/Supporting_Files/Badger/permissions.rs", "pattern": "/^pub trait PermissionRegistry<T> {$/", "language": "Rust", "kind": "interface"}, {"_type": "tag", "name": "PermissionResponse", "path": "/home/kavia/workspace/code-generation/app-gateway2/Supporting_Files/Badger/permissions.rs", "pattern": "/^pub enum PermissionResponse {$/", "language": "Rust", "kind": "enum"}, {"_type": "tag", "name": "PermissionService", "path": "/home/kavia/workspace/code-generation/app-gateway2/Supporting_Files/Badger/permissions.rs", "pattern": "/^pub trait PermissionService<'a> {$/", "language": "Rust", "kind": "interface"}, {"_type": "tag", "name": "PermissionsManager", "path": "/home/kavia/workspace/code-generation/app-gateway2/Supporting_Files/Badger/permissions.rs", "pattern": "/^pub trait PermissionsManager: Send + Sync {$/", "language": "Rust", "kind": "interface"}, {"_type": "tag", "name": "handle_permission", "path": "/home/kavia/workspace/code-generation/app-gateway2/Supporting_Files/Badger/permissions.rs", "pattern": "/^    async fn handle_permission($/", "language": "Rust", "kind": "method", "signature": "( self: Box<Self>, request: PermissionRequest, ) -> Result<PermissionResponse, DpabError>", "scope": "PermissionService", "scopeKind": "interface"}, {"_type": "tag", "name": "is_api_authorized", "path": "/home/kavia/workspace/code-generation/app-gateway2/Supporting_Files/Badger/permissions.rs", "pattern": "/^    async fn is_api_authorized($/", "language": "Rust", "kind": "method", "signature": "( &self, _distributor_session: AccountSession, app_id: String, method: String, ) -> bool", "scope": "GrantingPermissionsManager", "scopeKind": "implementation"}, {"_type": "tag", "name": "is_api_authorized", "path": "/home/kavia/workspace/code-generation/app-gateway2/Supporting_Files/Badger/permissions.rs", "pattern": "/^    async fn is_api_authorized($/", "language": "Rust", "kind": "method", "signature": "( &self, distributor_session: AccountSession, app_id: String, method: String, ) -> bool", "scope": "PermissionsManager", "scopeKind": "interface"}, {"_type": "tag", "name": "new", "path": "/home/kavia/workspace/code-generation/app-gateway2/Supporting_Files/Badger/permissions.rs", "pattern": "/^    pub fn new() -> impl PermissionsManager + Send + Sync {$/", "language": "Rust", "kind": "method", "signature": "() -> impl PermissionsManager + Send + Sync", "scope": "GrantingPermissionsManager", "scopeKind": "implementation"}, {"_type": "tag", "name": "permissions", "path": "/home/kavia/workspace/code-generation/app-gateway2/Supporting_Files/Badger/permissions.rs", "pattern": "/^    fn permissions(&self) -> Vec<T>;$/", "language": "Rust", "kind": "method", "signature": "(&self) -> Vec<T>", "scope": "PermissionRegistry", "scopeKind": "interface"}], "hash": "bdb84c65a03552d025ae5f3d925208f3", "format-version": 4, "code-base-name": "app-gateway2", "filename": "Supporting_Files/Badger/permissions.rs", "fields": [{"name": "pub trait PermissionRegistry<T> {", "scope": "", "scopeKind": "", "description": "unavailable"}, {"name": "pub trait PermissionService<'a> {", "scope": "", "scopeKind": "", "description": "unavailable"}, {"name": "pub trait PermissionsManager: Send + Sync {", "scope": "", "scopeKind": "", "description": "unavailable"}], "revision_history": [{"510": "32b0bb639375ee19b69b68f8ce79692a3d49912e"}]}