{"is_source_file": false, "format": "", "description": "", "external_files": [], "external_methods": [], "published": [], "classes": [], "methods": [], "calls": [], "search-terms": [], "state": 2, "file_id": 153, "knowledge_revision": 508, "git_revision": "32b0bb639375ee19b69b68f8ce79692a3d49912e", "hash": "5c92e49693ea5493f3776da50b81bf14", "format-version": 4, "code-base-name": "app-gateway2", "filename": "Supporting_Files/Badger/thor_permission_registry.yaml", "revision_history": [{"508": "32b0bb639375ee19b69b68f8ce79692a3d49912e"}]}