{"is_source_file": true, "format": "Rust", "description": "This file defines data structures related to 'Badger', including 'BadgerDataField' and 'BadgerPermission', which model permissions and data fields used within the application.", "external_files": [], "external_methods": [], "published": ["BadgerDataField", "BadgerPermission"], "classes": [], "methods": [], "calls": [], "search-terms": ["Badger", "BadgerDataField", "BadgerPermission", "Rust data structures"], "state": 2, "file_id": 155, "knowledge_revision": 509, "git_revision": "32b0bb639375ee19b69b68f8ce79692a3d49912e", "ctags": [{"_type": "tag", "name": "BadgerDataField", "path": "/home/kavia/workspace/code-generation/app-gateway2/Supporting_Files/Badger/badger.rs", "pattern": "/^pub struct BadgerDataField {$/", "language": "Rust", "kind": "struct"}, {"_type": "tag", "name": "BadgerPermission", "path": "/home/kavia/workspace/code-generation/app-gateway2/Supporting_Files/Badger/badger.rs", "pattern": "/^pub struct BadgerPermission {$/", "language": "Rust", "kind": "struct"}, {"_type": "tag", "name": "data_fields", "path": "/home/kavia/workspace/code-generation/app-gateway2/Supporting_Files/Badger/badger.rs", "pattern": "/^    pub data_fields: Vec<BadgerDataField>,$/", "language": "Rust", "kind": "field", "scope": "BadgerPermission", "scopeKind": "struct"}, {"_type": "tag", "name": "description", "path": "/home/kavia/workspace/code-generation/app-gateway2/Supporting_Files/Badger/badger.rs", "pattern": "/^    pub description: String,$/", "language": "Rust", "kind": "field", "scope": "BadgerPermission", "scopeKind": "struct"}, {"_type": "tag", "name": "id", "path": "/home/kavia/workspace/code-generation/app-gateway2/Supporting_Files/Badger/badger.rs", "pattern": "/^    pub id: String,$/", "language": "Rust", "kind": "field", "scope": "BadgerPermission", "scopeKind": "struct"}, {"_type": "tag", "name": "name", "path": "/home/kavia/workspace/code-generation/app-gateway2/Supporting_Files/Badger/badger.rs", "pattern": "/^    pub name: String,$/", "language": "Rust", "kind": "field", "scope": "BadgerDataField", "scopeKind": "struct"}, {"_type": "tag", "name": "provider", "path": "/home/kavia/workspace/code-generation/app-gateway2/Supporting_Files/Badger/badger.rs", "pattern": "/^    pub provider: String,$/", "language": "Rust", "kind": "field", "scope": "BadgerPermission", "scopeKind": "struct"}], "hash": "dd3323cc0421392f7516d90280dcf964", "format-version": 4, "code-base-name": "app-gateway2", "filename": "Supporting_Files/Badger/badger.rs", "fields": [{"name": "pub data_fields: Vec<BadgerDataField>,", "scope": "BadgerPermission", "scopeKind": "struct", "description": "unavailable"}, {"name": "pub description: String,", "scope": "BadgerPermission", "scopeKind": "struct", "description": "unavailable"}, {"name": "pub id: String,", "scope": "BadgerPermission", "scopeKind": "struct", "description": "unavailable"}, {"name": "pub name: String,", "scope": "BadgerDataField", "scopeKind": "struct", "description": "unavailable"}, {"name": "pub provider: String,", "scope": "BadgerPermission", "scopeKind": "struct", "description": "unavailable"}], "revision_history": [{"509": "32b0bb639375ee19b69b68f8ce79692a3d49912e"}]}