{"is_source_file": false, "format": "", "description": "", "external_files": [], "external_methods": [], "published": [], "classes": [], "methods": [], "calls": [], "search-terms": [], "state": 2, "file_id": 285, "knowledge_revision": 931, "git_revision": "79ff8b80afc0767278cc3db547da42a99021fcb1", "hash": "5368c0bb94351dccc4a6a1d4ca4d0ace", "format-version": 4, "code-base-name": "app-gateway2", "filename": "Supporting_Files/Ripple_Badger_Extn/ARCHITECTURE.md", "revision_history": [{"931": "79ff8b80afc0767278cc3db547da42a99021fcb1"}]}