{"is_source_file": true, "format": "C++ header", "description": "Header file defining the ObjectUtils class with static methods for manipulating JSON objects, including checking for boolean and string entries, creating JSON objects, and serializing boolean values.", "external_files": ["JsonObject", "Core::JSON::Variant", "Core::JSON"], "external_methods": ["JsonObject::HasLabel()", "JsonObject::operator[]", "JsonObject::ToString()", "Core::JSON::Variant::type", "ObjectUtils::AddBooleanEntry()"], "published": ["ObjectUtils"], "classes": [{"name": "ObjectUtils", "description": "Utility class providing static methods for JSON object manipulation tailored to specific key-value checks and creation."}], "methods": [{"name": "bool HasBooleanEntry(const JsonObject & obj,const string & key,bool & resultValue)", "description": "Checks whether a JSON object contains a specific key with a boolean value and outputs the value.", "scope": "ObjectUtils", "scopeKind": "class"}, {"name": "string CreateBooleanJsonString(const string & key,const bool value)", "description": "Creates a JSON string representation of a boolean value associated with a key.", "scope": "ObjectUtils", "scopeKind": "class"}, {"name": "JsonObject CreateBooleanObject(const string & key,const bool value)", "description": "Creates a JSON object with a boolean key-value pair.", "scope": "ObjectUtils", "scopeKind": "class"}, {"name": "void AddBooleanEntry(JsonObject & obj,const string & key,const bool value)", "description": "Adds a boolean key-value pair to an existing JSON object.", "scope": "ObjectUtils", "scopeKind": "class"}, {"name": "bool HasStringEntry(const JsonObject & obj,const string & key,string & resultValue)", "description": "Checks whether a JSON object contains a specific key with a string value and outputs the value.", "scope": "ObjectUtils", "scopeKind": "class"}, {"name": "string BoolToJsonString(const bool value)", "description": "Serializes a boolean value to a JSON string 'true' or 'false'.", "scope": "ObjectUtils", "scopeKind": "class"}], "calls": ["obj.HasLabel()", "obj[key.c_str()]", "obj.ToString()", "ObjectUtils::AddBooleanEntry()"], "search-terms": ["ObjectUtils", "JsonObject manipulation", "Boolean JSON utility", "String JSON handling", "Header file for JSON utilities"], "state": 2, "file_id": 138, "knowledge_revision": 469, "git_revision": "11687bdf35796aa59ae3a1afecde9935f4bdd400", "ctags": [{"_type": "tag", "name": "AddBooleanEntry", "path": "/home/kavia/workspace/code-generation/app-gateway2/Supporting_Files/ObjectUtils.h", "pattern": "/^        static void AddBooleanEntry(JsonObject& obj, const string& key, const bool value) {$/", "language": "C++", "typeref": "typename:void", "kind": "function", "signature": "(JsonObject & obj,const string & key,const bool value)", "scope": "ObjectUtils", "scopeKind": "class"}, {"_type": "tag", "name": "BoolToJsonString", "path": "/home/kavia/workspace/code-generation/app-gateway2/Supporting_Files/ObjectUtils.h", "pattern": "/^        static string BoolToJsonString(const bool value) {  $/", "language": "C++", "typeref": "typename:string", "kind": "function", "signature": "(const bool value)", "scope": "ObjectUtils", "scopeKind": "class"}, {"_type": "tag", "name": "CreateBooleanJsonString", "path": "/home/kavia/workspace/code-generation/app-gateway2/Supporting_Files/ObjectUtils.h", "pattern": "/^        static string CreateBooleanJsonString(const string& key, const bool value) {$/", "language": "C++", "typeref": "typename:string", "kind": "function", "signature": "(const string & key,const bool value)", "scope": "ObjectUtils", "scopeKind": "class"}, {"_type": "tag", "name": "CreateBooleanObject", "path": "/home/kavia/workspace/code-generation/app-gateway2/Supporting_Files/ObjectUtils.h", "pattern": "/^        static JsonObject CreateBooleanObject(const string& key, const bool value) {$/", "language": "C++", "typeref": "typename:JsonObject", "kind": "function", "signature": "(const string & key,const bool value)", "scope": "ObjectUtils", "scopeKind": "class"}, {"_type": "tag", "name": "HasBooleanEntry", "path": "/home/kavia/workspace/code-generation/app-gateway2/Supporting_Files/ObjectUtils.h", "pattern": "/^        static bool HasBooleanEntry(const JsonObject& obj, const string& key, bool& resultValue)/", "language": "C++", "typeref": "typename:bool", "kind": "function", "signature": "(const JsonObject & obj,const string & key,bool & resultValue)", "scope": "ObjectUtils", "scopeKind": "class"}, {"_type": "tag", "name": "HasStringEntry", "path": "/home/kavia/workspace/code-generation/app-gateway2/Supporting_Files/ObjectUtils.h", "pattern": "/^        static bool HasStringEntry(const JsonObject& obj, const string& key, string& resultValue/", "language": "C++", "typeref": "typename:bool", "kind": "function", "signature": "(const JsonObject & obj,const string & key,string & resultValue)", "scope": "ObjectUtils", "scopeKind": "class"}, {"_type": "tag", "name": "ObjectUtils", "path": "/home/kavia/workspace/code-generation/app-gateway2/Supporting_Files/ObjectUtils.h", "pattern": "/^class ObjectUtils {$/", "language": "C++", "kind": "class"}, {"_type": "tag", "name": "__OBJECTUTILS_H__", "path": "/home/kavia/workspace/code-generation/app-gateway2/Supporting_Files/ObjectUtils.h", "pattern": "/^#define __OBJECTUTILS_H__$/", "language": "C++", "kind": "macro"}], "hash": "bb4fd9a69da9d7eb5301e9c634ad7cea", "format-version": 4, "code-base-name": "app-gateway2", "filename": "Supporting_Files/ObjectUtils.h", "revision_history": [{"469": "11687bdf35796aa59ae3a1afecde9935f4bdd400"}]}