{"is_source_file": false, "format": "", "description": "", "external_files": [], "external_methods": [], "published": [], "classes": [], "methods": [], "calls": [], "search-terms": [], "state": 2, "file_id": 213, "knowledge_revision": 698, "git_revision": "7541615396d97800a8dedd6a14e20d3bd2197bf0", "hash": "40fdc4320527680becae5c0b3cc13df2", "format-version": 4, "code-base-name": "app-gateway2", "filename": "Supporting_Files/Ripple_Badger_Extn/Cargo.toml", "revision_history": [{"698": "7541615396d97800a8dedd6a14e20d3bd2197bf0"}]}