{"is_source_file": true, "format": "Rust", "description": "This file defines a utility function `salt_using_app_scope` that generates a SHA1 hash (salt) based on provided application scope, reference, and an optional magic string. It includes tests for different input scenarios.", "external_files": ["cryptoxide::{digest::Digest, sha1::Sha1}"], "external_methods": ["Sha1::new", "hasher.input_str", "hasher.result_str"], "published": ["salt_using_app_scope"], "classes": [], "methods": [{"name": "salt_using_app_scope( app_scope: String, reference: String, magic: Option<String>, ) -> Option<String>", "description": "Generates a salted hash string based on app scope, reference, and optional magic, using SHA1.", "scope": "", "scopeKind": ""}, {"name": "test_salt_using_app_scope_empty_strings()", "scope": "tests", "scopeKind": "module", "description": "unavailable"}, {"name": "test_salt_using_app_scope_long_strings()", "scope": "tests", "scopeKind": "module", "description": "unavailable"}, {"name": "test_salt_using_app_scope_only_magic()", "scope": "tests", "scopeKind": "module", "description": "unavailable"}, {"name": "test_salt_using_app_scope_with_magic()", "scope": "tests", "scopeKind": "module", "description": "unavailable"}, {"name": "test_salt_using_app_scope_without_magic()", "scope": "tests", "scopeKind": "module", "description": "unavailable"}], "calls": ["Sha1::new", "hasher.input_str", "hasher.result_str"], "search-terms": ["crypto_util", "salt_using_app_scope", "SHA1 hash", "app scope hashing", "crypto utility"], "state": 2, "file_id": 214, "knowledge_revision": 702, "git_revision": "7541615396d97800a8dedd6a14e20d3bd2197bf0", "ctags": [{"_type": "tag", "name": "salt_using_app_scope", "path": "/home/kavia/workspace/code-generation/app-gateway2/Supporting_Files/Ripple_Badger_Extn/src/crypto_util.rs", "pattern": "/^pub fn salt_using_app_scope($/", "language": "Rust", "kind": "function", "signature": "( app_scope: String, reference: String, magic: Option<String>, ) -> Option<String>"}, {"_type": "tag", "name": "test_salt_using_app_scope_empty_strings", "path": "/home/kavia/workspace/code-generation/app-gateway2/Supporting_Files/Ripple_Badger_Extn/src/crypto_util.rs", "pattern": "/^    fn test_salt_using_app_scope_empty_strings() {$/", "language": "Rust", "kind": "function", "signature": "()", "scope": "tests", "scopeKind": "module"}, {"_type": "tag", "name": "test_salt_using_app_scope_long_strings", "path": "/home/kavia/workspace/code-generation/app-gateway2/Supporting_Files/Ripple_Badger_Extn/src/crypto_util.rs", "pattern": "/^    fn test_salt_using_app_scope_long_strings() {$/", "language": "Rust", "kind": "function", "signature": "()", "scope": "tests", "scopeKind": "module"}, {"_type": "tag", "name": "test_salt_using_app_scope_only_magic", "path": "/home/kavia/workspace/code-generation/app-gateway2/Supporting_Files/Ripple_Badger_Extn/src/crypto_util.rs", "pattern": "/^    fn test_salt_using_app_scope_only_magic() {$/", "language": "Rust", "kind": "function", "signature": "()", "scope": "tests", "scopeKind": "module"}, {"_type": "tag", "name": "test_salt_using_app_scope_with_magic", "path": "/home/kavia/workspace/code-generation/app-gateway2/Supporting_Files/Ripple_Badger_Extn/src/crypto_util.rs", "pattern": "/^    fn test_salt_using_app_scope_with_magic() {$/", "language": "Rust", "kind": "function", "signature": "()", "scope": "tests", "scopeKind": "module"}, {"_type": "tag", "name": "test_salt_using_app_scope_without_magic", "path": "/home/kavia/workspace/code-generation/app-gateway2/Supporting_Files/Ripple_Badger_Extn/src/crypto_util.rs", "pattern": "/^    fn test_salt_using_app_scope_without_magic() {$/", "language": "Rust", "kind": "function", "signature": "()", "scope": "tests", "scopeKind": "module"}, {"_type": "tag", "name": "tests", "path": "/home/kavia/workspace/code-generation/app-gateway2/Supporting_Files/Ripple_Badger_Extn/src/crypto_util.rs", "pattern": "/^mod tests {$/", "language": "Rust", "kind": "module"}], "hash": "30213a9372c8279a75206696dbacb28e", "format-version": 4, "code-base-name": "app-gateway2", "filename": "Supporting_Files/Ripple_Badger_Extn/src/crypto_util.rs", "revision_history": [{"702": "7541615396d97800a8dedd6a14e20d3bd2197bf0"}]}