{"is_source_file": true, "format": "Rust", "description": "This file defines data structures, enums, and traits related to authentication and permissions in a service, including session handling, token retrieval, and permission grants.", "external_files": ["async_trait::async_trait", "thunder_ripple_sdk::ripple_sdk::api::session::AccountSession"], "external_methods": [], "published": ["AuthRequest", "GetAppPermissionsParams", "GetPlatformTokenParams", "GetOttTokenParams", "GetAppMethodPermissionParams", "AppPermissions", "GetAppMethodPermissionsError", "AppPermissionsProvider", "AuthService", "GetOttTokenResponse"], "classes": [{"name": "AuthRequest", "description": "Enum representing different types of authentication requests, specifically for platform and OTT tokens."}, {"name": "GetAppPermissionsParams", "description": "Structure containing parameters to request app permissions, including app ID and session info."}, {"name": "GetPlatformTokenParams", "description": "Parameters required to obtain a platform token, including app ID, content provider, device and app session IDs, and a session object."}, {"name": "GetOttTokenParams", "description": "Parameters for requesting an OTT token, including app ID, transaction ID, and session info."}, {"name": "GetAppMethodPermissionParams", "description": "Parameters for requesting permissions for a specific method within an app, including app ID, session, and API name."}, {"name": "AppPermissions", "description": "Contains partner ID and a list of permissions granted, represented by FireboltPermission objects."}, {"name": "GetAppMethodPermissionsError", "description": "Enum representing potential errors when retrieving method permissions, including API authentication failure, access grant failure, and service call failure."}, {"name": "GetOttTokenResponse", "description": "Response structure for OTT token requests, containing access token details and expiry info."}], "methods": [{"name": "permissions(&self, app_id: String, partner_id: String) -> AppPermissions", "description": "Asynchronous method to retrieve app permissions given app and partner IDs.", "scope": "AppPermissionsProvider", "scopeKind": "interface"}, {"name": "get_platform_token( self: Box<Self>, get_platform_token_params: GetPlatformTokenParams, ) -> Result<String, DpabError>", "description": "Asynchronous method to acquire a platform token based on provided parameters.", "scope": "AuthService", "scopeKind": "interface"}, {"name": "get_ott_token( self: Box<Self>, ott_token_params: GetOttTokenParams, ) -> Result<GetOttTokenResponse, DpabError>", "description": "Asynchronous method to retrieve an OTT token based on provided parameters.", "scope": "AuthService", "scopeKind": "interface"}], "calls": [], "search-terms": ["AuthRequest", "GetOttTokenParams", "PlatformToken", "permissions", "AppPermissionsProvider", "AuthService", "firebolt", "session"], "state": 2, "file_id": 157, "knowledge_revision": 511, "git_revision": "32b0bb639375ee19b69b68f8ce79692a3d49912e", "ctags": [{"_type": "tag", "name": "ApiAccessGrantFailed", "path": "/home/kavia/workspace/code-generation/app-gateway2/Supporting_Files/Badger/auth.rs", "pattern": "/^    ApiAccessGrantFailed,$/", "language": "Rust", "kind": "enumerator", "scope": "GetAppMethodPermissionsError", "scopeKind": "enum"}, {"_type": "tag", "name": "ApiAuthenticationFailed", "path": "/home/kavia/workspace/code-generation/app-gateway2/Supporting_Files/Badger/auth.rs", "pattern": "/^    ApiAuthenticationFailed,$/", "language": "Rust", "kind": "enumerator", "scope": "GetAppMethodPermissionsError", "scopeKind": "enum"}, {"_type": "tag", "name": "AppPermissions", "path": "/home/kavia/workspace/code-generation/app-gateway2/Supporting_Files/Badger/auth.rs", "pattern": "/^pub struct AppPermissions {$/", "language": "Rust", "kind": "struct"}, {"_type": "tag", "name": "AppPermissionsProvider", "path": "/home/kavia/workspace/code-generation/app-gateway2/Supporting_Files/Badger/auth.rs", "pattern": "/^pub trait AppPermissionsProvider {$/", "language": "Rust", "kind": "interface"}, {"_type": "tag", "name": "AuthRequest", "path": "/home/kavia/workspace/code-generation/app-gateway2/Supporting_Files/Badger/auth.rs", "pattern": "/^pub enum AuthRequest {$/", "language": "Rust", "kind": "enum"}, {"_type": "tag", "name": "AuthService", "path": "/home/kavia/workspace/code-generation/app-gateway2/Supporting_Files/Badger/auth.rs", "pattern": "/^pub trait AuthService<'a> {$/", "language": "Rust", "kind": "interface"}, {"_type": "tag", "name": "GetAppMethodPermissionParams", "path": "/home/kavia/workspace/code-generation/app-gateway2/Supporting_Files/Badger/auth.rs", "pattern": "/^pub struct GetAppMethodPermissionParams {$/", "language": "Rust", "kind": "struct"}, {"_type": "tag", "name": "GetAppMethodPermissionsError", "path": "/home/kavia/workspace/code-generation/app-gateway2/Supporting_Files/Badger/auth.rs", "pattern": "/^pub enum GetAppMethodPermissionsError {$/", "language": "Rust", "kind": "enum"}, {"_type": "tag", "name": "GetAppPermissionsParams", "path": "/home/kavia/workspace/code-generation/app-gateway2/Supporting_Files/Badger/auth.rs", "pattern": "/^pub struct GetAppPermissionsParams {$/", "language": "Rust", "kind": "struct"}, {"_type": "tag", "name": "GetOttToken", "path": "/home/kavia/workspace/code-generation/app-gateway2/Supporting_Files/Badger/auth.rs", "pattern": "/^    GetOttToken(GetOttTokenParams),$/", "language": "Rust", "kind": "enumerator", "scope": "AuthRequest", "scopeKind": "enum"}, {"_type": "tag", "name": "GetOttTokenParams", "path": "/home/kavia/workspace/code-generation/app-gateway2/Supporting_Files/Badger/auth.rs", "pattern": "/^pub struct GetOttTokenParams {$/", "language": "Rust", "kind": "struct"}, {"_type": "tag", "name": "GetOttTokenResponse", "path": "/home/kavia/workspace/code-generation/app-gateway2/Supporting_Files/Badger/auth.rs", "pattern": "/^pub struct GetOttTokenResponse {$/", "language": "Rust", "kind": "struct"}, {"_type": "tag", "name": "GetPlatformToken", "path": "/home/kavia/workspace/code-generation/app-gateway2/Supporting_Files/Badger/auth.rs", "pattern": "/^    GetPlatformToken(GetPlatformTokenParams),$/", "language": "Rust", "kind": "enumerator", "scope": "AuthRequest", "scopeKind": "enum"}, {"_type": "tag", "name": "GetPlatformTokenParams", "path": "/home/kavia/workspace/code-generation/app-gateway2/Supporting_Files/Badger/auth.rs", "pattern": "/^pub struct GetPlatformTokenParams {$/", "language": "Rust", "kind": "struct"}, {"_type": "tag", "name": "ServiceCallFailed", "path": "/home/kavia/workspace/code-generation/app-gateway2/Supporting_Files/Badger/auth.rs", "pattern": "/^    ServiceCallFailed { provider: String, context: String },$/", "language": "Rust", "kind": "enumerator", "scope": "GetAppMethodPermissionsError", "scopeKind": "enum"}, {"_type": "tag", "name": "access_token", "path": "/home/kavia/workspace/code-generation/app-gateway2/Supporting_Files/Badger/auth.rs", "pattern": "/^    pub access_token: String,$/", "language": "Rust", "kind": "field", "scope": "GetOttTokenResponse", "scopeKind": "struct"}, {"_type": "tag", "name": "app_id", "path": "/home/kavia/workspace/code-generation/app-gateway2/Supporting_Files/Badger/auth.rs", "pattern": "/^    pub app_id: String,$/", "language": "Rust", "kind": "field", "scope": "GetAppMethodPermissionParams", "scopeKind": "struct"}, {"_type": "tag", "name": "app_id", "path": "/home/kavia/workspace/code-generation/app-gateway2/Supporting_Files/Badger/auth.rs", "pattern": "/^    pub app_id: String,$/", "language": "Rust", "kind": "field", "scope": "GetAppPermissionsParams", "scopeKind": "struct"}, {"_type": "tag", "name": "app_id", "path": "/home/kavia/workspace/code-generation/app-gateway2/Supporting_Files/Badger/auth.rs", "pattern": "/^    pub app_id: String,$/", "language": "Rust", "kind": "field", "scope": "GetOttTokenParams", "scopeKind": "struct"}, {"_type": "tag", "name": "app_id", "path": "/home/kavia/workspace/code-generation/app-gateway2/Supporting_Files/Badger/auth.rs", "pattern": "/^    pub app_id: String,$/", "language": "Rust", "kind": "field", "scope": "GetPlatformTokenParams", "scopeKind": "struct"}, {"_type": "tag", "name": "app_session_id", "path": "/home/kavia/workspace/code-generation/app-gateway2/Supporting_Files/Badger/auth.rs", "pattern": "/^    pub app_session_id: String,$/", "language": "Rust", "kind": "field", "scope": "GetPlatformTokenParams", "scopeKind": "struct"}, {"_type": "tag", "name": "content_provider", "path": "/home/kavia/workspace/code-generation/app-gateway2/Supporting_Files/Badger/auth.rs", "pattern": "/^    pub content_provider: String,$/", "language": "Rust", "kind": "field", "scope": "GetPlatformTokenParams", "scopeKind": "struct"}, {"_type": "tag", "name": "device_session_id", "path": "/home/kavia/workspace/code-generation/app-gateway2/Supporting_Files/Badger/auth.rs", "pattern": "/^    pub device_session_id: String,$/", "language": "Rust", "kind": "field", "scope": "GetPlatformTokenParams", "scopeKind": "struct"}, {"_type": "tag", "name": "dist_session", "path": "/home/kavia/workspace/code-generation/app-gateway2/Supporting_Files/Badger/auth.rs", "pattern": "/^    pub dist_session: AccountSession,$/", "language": "Rust", "kind": "field", "scope": "GetAppPermissionsParams", "scopeKind": "struct"}, {"_type": "tag", "name": "dist_session", "path": "/home/kavia/workspace/code-generation/app-gateway2/Supporting_Files/Badger/auth.rs", "pattern": "/^    pub dist_session: AccountSession,$/", "language": "Rust", "kind": "field", "scope": "GetOttTokenParams", "scopeKind": "struct"}, {"_type": "tag", "name": "dist_session", "path": "/home/kavia/workspace/code-generation/app-gateway2/Supporting_Files/Badger/auth.rs", "pattern": "/^    pub dist_session: AccountSession,$/", "language": "Rust", "kind": "field", "scope": "GetPlatformTokenParams", "scopeKind": "struct"}, {"_type": "tag", "name": "distributor_session", "path": "/home/kavia/workspace/code-generation/app-gateway2/Supporting_Files/Badger/auth.rs", "pattern": "/^    pub distributor_session: AccountSession,$/", "language": "Rust", "kind": "field", "scope": "GetAppMethodPermissionParams", "scopeKind": "struct"}, {"_type": "tag", "name": "expires_in", "path": "/home/kavia/workspace/code-generation/app-gateway2/Supporting_Files/Badger/auth.rs", "pattern": "/^    pub expires_in: i32,$/", "language": "Rust", "kind": "field", "scope": "GetOttTokenResponse", "scopeKind": "struct"}, {"_type": "tag", "name": "get_ott_token", "path": "/home/kavia/workspace/code-generation/app-gateway2/Supporting_Files/Badger/auth.rs", "pattern": "/^    async fn get_ott_token($/", "language": "Rust", "kind": "method", "signature": "( self: Box<Self>, ott_token_params: GetOttTokenParams, ) -> Result<GetOttTokenResponse, DpabError>", "scope": "AuthService", "scopeKind": "interface"}, {"_type": "tag", "name": "get_platform_token", "path": "/home/kavia/workspace/code-generation/app-gateway2/Supporting_Files/Badger/auth.rs", "pattern": "/^    async fn get_platform_token($/", "language": "Rust", "kind": "method", "signature": "( self: Box<Self>, get_platform_token_params: GetPlatformTokenParams, ) -> Result<String, DpabError>", "scope": "AuthService", "scopeKind": "interface"}, {"_type": "tag", "name": "method", "path": "/home/kavia/workspace/code-generation/app-gateway2/Supporting_Files/Badger/auth.rs", "pattern": "/^    pub method: ApiName,$/", "language": "Rust", "kind": "field", "scope": "GetAppMethodPermissionParams", "scopeKind": "struct"}, {"_type": "tag", "name": "partner_id", "path": "/home/kavia/workspace/code-generation/app-gateway2/Supporting_Files/Badger/auth.rs", "pattern": "/^    pub partner_id: String,$/", "language": "Rust", "kind": "field", "scope": "AppPermissions", "scopeKind": "struct"}, {"_type": "tag", "name": "permissions", "path": "/home/kavia/workspace/code-generation/app-gateway2/Supporting_Files/Badger/auth.rs", "pattern": "/^    async fn permissions(&self, app_id: String, partner_id: String) -> AppPermissions;$/", "language": "Rust", "kind": "method", "signature": "(&self, app_id: String, partner_id: String) -> AppPermissions", "scope": "AppPermissionsProvider", "scopeKind": "interface"}, {"_type": "tag", "name": "permissions", "path": "/home/kavia/workspace/code-generation/app-gateway2/Supporting_Files/Badger/auth.rs", "pattern": "/^    pub permissions: Vec<FireboltPermission>,$/", "language": "Rust", "kind": "field", "scope": "AppPermissions", "scopeKind": "struct"}, {"_type": "tag", "name": "scope", "path": "/home/kavia/workspace/code-generation/app-gateway2/Supporting_Files/Badger/auth.rs", "pattern": "/^    pub scope: String,$/", "language": "Rust", "kind": "field", "scope": "GetOttTokenResponse", "scopeKind": "struct"}, {"_type": "tag", "name": "tid", "path": "/home/kavia/workspace/code-generation/app-gateway2/Supporting_Files/Badger/auth.rs", "pattern": "/^    pub tid: String,$/", "language": "Rust", "kind": "field", "scope": "GetOttTokenResponse", "scopeKind": "struct"}, {"_type": "tag", "name": "token_type", "path": "/home/kavia/workspace/code-generation/app-gateway2/Supporting_Files/Badger/auth.rs", "pattern": "/^    pub token_type: String,$/", "language": "Rust", "kind": "field", "scope": "GetOttTokenResponse", "scopeKind": "struct"}, {"_type": "tag", "name": "xact", "path": "/home/kavia/workspace/code-generation/app-gateway2/Supporting_Files/Badger/auth.rs", "pattern": "/^    pub xact: String,$/", "language": "Rust", "kind": "field", "scope": "GetOttTokenParams", "scopeKind": "struct"}], "hash": "ff5b321ee76ddd15a8859be3a2f7a29e", "format-version": 4, "code-base-name": "app-gateway2", "filename": "Supporting_Files/Badger/auth.rs", "fields": [{"name": "pub trait AppPermissionsProvider {", "scope": "", "scopeKind": "", "description": "unavailable"}, {"name": "pub trait AuthService<'a> {", "scope": "", "scopeKind": "", "description": "unavailable"}, {"name": "pub access_token: String,", "scope": "GetOttTokenResponse", "scopeKind": "struct", "description": "unavailable"}, {"name": "pub app_id: String,", "scope": "GetAppMethodPermissionParams", "scopeKind": "struct", "description": "unavailable"}, {"name": "pub app_session_id: String,", "scope": "GetPlatformTokenParams", "scopeKind": "struct", "description": "unavailable"}, {"name": "pub content_provider: String,", "scope": "GetPlatformTokenParams", "scopeKind": "struct", "description": "unavailable"}, {"name": "pub device_session_id: String,", "scope": "GetPlatformTokenParams", "scopeKind": "struct", "description": "unavailable"}, {"name": "pub dist_session: AccountSession,", "scope": "GetAppPermissionsParams", "scopeKind": "struct", "description": "unavailable"}, {"name": "pub distributor_session: AccountSession,", "scope": "GetAppMethodPermissionParams", "scopeKind": "struct", "description": "unavailable"}, {"name": "pub expires_in: i32,", "scope": "GetOttTokenResponse", "scopeKind": "struct", "description": "unavailable"}, {"name": "pub method: ApiName,", "scope": "GetAppMethodPermissionParams", "scopeKind": "struct", "description": "unavailable"}, {"name": "pub partner_id: String,", "scope": "AppPermissions", "scopeKind": "struct", "description": "unavailable"}, {"name": "pub permissions: Vec<FireboltPermission>,", "scope": "AppPermissions", "scopeKind": "struct", "description": "unavailable"}, {"name": "pub scope: String,", "scope": "GetOttTokenResponse", "scopeKind": "struct", "description": "unavailable"}, {"name": "pub tid: String,", "scope": "GetOttTokenResponse", "scopeKind": "struct", "description": "unavailable"}, {"name": "pub token_type: String,", "scope": "GetOttTokenResponse", "scopeKind": "struct", "description": "unavailable"}, {"name": "pub xact: String,", "scope": "GetOttTokenParams", "scopeKind": "struct", "description": "unavailable"}], "revision_history": [{"511": "32b0bb639375ee19b69b68f8ce79692a3d49912e"}]}