{"is_source_file": true, "format": "C++ Header File", "description": "This header file defines utility classes, data structures, error handling utilities, and JSON serialization components for a Firebolt provider module within a larger software project. It includes JSON container classes, provider registry management, and error message utilities.", "external_files": ["<mutex>", "<map>", "WPEFramework", "Core::JSON::Container", "Core::JSON::Boolean", "Core::JSON::String", "Core::JSONRPC::Message"], "external_methods": ["Core::JSONRPC::Message::Info::SetError", "Core::JSONRPC::Message::Info::ToString"], "published": ["ProviderInfo", "FireboltError", "ErrorUtils"], "classes": [{"name": "JListenRequest", "description": "JSON container class for listen request, encapsulating a boolean 'listen' field."}, {"name": "JListenResponse", "description": "JSON container class for listen response, containing 'event' string and 'listening' boolean fields."}, {"name": "ProviderInfo", "description": "Structure representing provider identification with channelId and requestId, with a static create method."}, {"name": "ProviderRegistry", "description": "Thread-safe registry class for managing provider information mapped by string keys, allowing add, remove, and get operations."}, {"name": "ErrorUtils", "description": "Utility class providing static methods for converting error codes and enum values to string messages, and setting resolution messages accordingly."}], "methods": [{"name": "ProviderInfo::create", "description": "Static factory method to instantiate ProviderInfo with channelId and requestId."}, {"name": "ProviderRegistry::Add", "description": "Adds provider info to the registry with key, channelId, and requestId or a ProviderInfo object."}, {"name": "ProviderRegistry::Remove", "description": "Removes a provider entry from the registry by key."}, {"name": "ProviderRegistry::Get", "description": "Retrieves provider info associated with a key."}, {"name": "ErrorUtils::GetErrorMessageForFrameworkErrors", "description": "Constructs a JSON error message string based on error code and message."}, {"name": "ErrorUtils::GetFireboltError", "description": "Returns string representation of FireboltError enum value, including error code and text."}, {"name": "ErrorUtils::NotSupported", "description": "Sets resolution message to the string for 'NotSupported' error."}, {"name": "ErrorUtils::NotAvailable", "description": "Sets resolution message to the string for 'NotAvailable' error."}, {"name": "ErrorUtils::CustomInitialize", "description": "Creates an error message for a general initialization error."}, {"name": "ErrorUtils::CustomInternal", "description": "Creates an internal error message."}, {"name": "ErrorUtils::CustomBadRequest", "description": "Creates a bad request error message."}, {"name": "ErrorUtils::CustomBadMethod", "description": "Creates a bad method (invalid designator) error message."}, {"name": "void Add(const std::string & key,ProviderInfo provider)", "scope": "ProviderRegistry", "scopeKind": "class", "description": "unavailable"}, {"name": "void Add(const std::string & key,uint32_t chId,uint32_t reqId)", "scope": "ProviderRegistry", "scopeKind": "class", "description": "unavailable"}, {"name": "void CustomBadMethod(const string & message,string & resolution)", "scope": "ErrorUtils", "scopeKind": "class", "description": "unavailable"}, {"name": "void CustomBadRequest(const string & message,string & resolution)", "scope": "ErrorUtils", "scopeKind": "class", "description": "unavailable"}, {"name": "void CustomInitialize(const string & message,string & resolution)", "scope": "ErrorUtils", "scopeKind": "class", "description": "unavailable"}, {"name": "void CustomInternal(const string & message,string & resolution)", "scope": "ErrorUtils", "scopeKind": "class", "description": "unavailable"}, {"name": "ProviderInfo Get(const std::string & key)", "scope": "ProviderRegistry", "scopeKind": "class", "description": "unavailable"}, {"name": "bool Get() const", "scope": "JListenRequest", "scopeKind": "class", "description": "unavailable"}, {"name": "std::string GetErrorMessageForFrameworkErrors(const uint32_t & errorCode,const std::string & message)", "scope": "ErrorUtils", "scopeKind": "class", "description": "unavailable"}, {"name": "std::string GetFireboltError(const FireboltError & error)", "scope": "ErrorUtils", "scopeKind": "class", "description": "unavailable"}, {"name": "JListenRequest()", "scope": "JListenRequest", "scopeKind": "class", "description": "unavailable"}, {"name": "JListenResponse()", "scope": "JListenResponse", "scopeKind": "class", "description": "unavailable"}, {"name": "void NotAvailable(string & resolution)", "scope": "ErrorUtils", "scopeKind": "class", "description": "unavailable"}, {"name": "void NotSupported(string & resolution)", "scope": "ErrorUtils", "scopeKind": "class", "description": "unavailable"}, {"name": "void Remove(const std::string & key)", "scope": "ProviderRegistry", "scopeKind": "class", "description": "unavailable"}, {"name": "ProviderInfo create(uint32_t chId,uint32_t reqId)", "scope": "ProviderInfo", "scopeKind": "struct", "description": "unavailable"}], "calls": ["Core::JSONRPC::Message::Info::SetError", "Core::JSONRPC::Message::Info::ToString"], "search-terms": ["ProviderInfo", "ProviderRegistry", "FireboltError", "ErrorUtils", "JListenRequest", "JListenResponse"], "state": 2, "file_id": 143, "knowledge_revision": 480, "git_revision": "11687bdf35796aa59ae3a1afecde9935f4bdd400", "ctags": [{"_type": "tag", "name": "Add", "path": "/home/kavia/workspace/code-generation/app-gateway2/Supporting_Files/UtilsFirebolt.h", "pattern": "/^    void Add(const std::string& key, ProviderInfo provider) {$/", "language": "C++", "typeref": "typename:void", "kind": "function", "signature": "(const std::string & key,ProviderInfo provider)", "scope": "ProviderRegistry", "scopeKind": "class"}, {"_type": "tag", "name": "Add", "path": "/home/kavia/workspace/code-generation/app-gateway2/Supporting_Files/UtilsFirebolt.h", "pattern": "/^    void Add(const std::string& key, uint32_t chId, uint32_t reqId) {$/", "language": "C++", "typeref": "typename:void", "kind": "function", "signature": "(const std::string & key,uint32_t chId,uint32_t reqId)", "scope": "ProviderRegistry", "scopeKind": "class"}, {"_type": "tag", "name": "CustomBadMethod", "path": "/home/kavia/workspace/code-generation/app-gateway2/Supporting_Files/UtilsFirebolt.h", "pattern": "/^    static void CustomBadMethod(const string& message, string& resolution) {$/", "language": "C++", "typeref": "typename:void", "kind": "function", "signature": "(const string & message,string & resolution)", "scope": "ErrorUtils", "scopeKind": "class"}, {"_type": "tag", "name": "CustomBadRequest", "path": "/home/kavia/workspace/code-generation/app-gateway2/Supporting_Files/UtilsFirebolt.h", "pattern": "/^    static void CustomBadRequest(const string& message, string& resolution) {$/", "language": "C++", "typeref": "typename:void", "kind": "function", "signature": "(const string & message,string & resolution)", "scope": "ErrorUtils", "scopeKind": "class"}, {"_type": "tag", "name": "CustomInitialize", "path": "/home/kavia/workspace/code-generation/app-gateway2/Supporting_Files/UtilsFirebolt.h", "pattern": "/^    static void CustomInitialize(const string& message, string& resolution) {$/", "language": "C++", "typeref": "typename:void", "kind": "function", "signature": "(const string & message,string & resolution)", "scope": "ErrorUtils", "scopeKind": "class"}, {"_type": "tag", "name": "CustomInternal", "path": "/home/kavia/workspace/code-generation/app-gateway2/Supporting_Files/UtilsFirebolt.h", "pattern": "/^    static void CustomInternal(const string& message, string& resolution) {$/", "language": "C++", "typeref": "typename:void", "kind": "function", "signature": "(const string & message,string & resolution)", "scope": "ErrorUtils", "scopeKind": "class"}, {"_type": "tag", "name": "ERROR_NOT_AVAILABLE", "path": "/home/kavia/workspace/code-generation/app-gateway2/Supporting_Files/UtilsFirebolt.h", "pattern": "/^#define ERROR_NOT_AVAILABLE /", "language": "C++", "kind": "macro"}, {"_type": "tag", "name": "ERROR_NOT_PERMITTED", "path": "/home/kavia/workspace/code-generation/app-gateway2/Supporting_Files/UtilsFirebolt.h", "pattern": "/^#define ERROR_NOT_PERMITTED /", "language": "C++", "kind": "macro"}, {"_type": "tag", "name": "ERROR_NOT_SUPPORTED", "path": "/home/kavia/workspace/code-generation/app-gateway2/Supporting_Files/UtilsFirebolt.h", "pattern": "/^#define ERROR_NOT_SUPPORTED /", "language": "C++", "kind": "macro"}, {"_type": "tag", "name": "ErrorUtils", "path": "/home/kavia/workspace/code-generation/app-gateway2/Supporting_Files/UtilsFirebolt.h", "pattern": "/^class ErrorUtils {$/", "language": "C++", "kind": "class"}, {"_type": "tag", "name": "FireboltError", "path": "/home/kavia/workspace/code-generation/app-gateway2/Supporting_Files/UtilsFirebolt.h", "pattern": "/^enum FireboltError {$/", "language": "C++", "kind": "enum"}, {"_type": "tag", "name": "Get", "path": "/home/kavia/workspace/code-generation/app-gateway2/Supporting_Files/UtilsFirebolt.h", "pattern": "/^    ProviderInfo Get(const std::string& key) {$/", "language": "C++", "typeref": "typename:ProviderInfo", "kind": "function", "signature": "(const std::string & key)", "scope": "ProviderRegistry", "scopeKind": "class"}, {"_type": "tag", "name": "Get", "path": "/home/kavia/workspace/code-generation/app-gateway2/Supporting_Files/UtilsFirebolt.h", "pattern": "/^    bool Get() const {$/", "language": "C++", "typeref": "typename:bool", "kind": "function", "signature": "() const", "scope": "JListenRequest", "scopeKind": "class"}, {"_type": "tag", "name": "GetErrorMessageForFrameworkErrors", "path": "/home/kavia/workspace/code-generation/app-gateway2/Supporting_Files/UtilsFirebolt.h", "pattern": "/^    static std::string GetErrorMessageForFrameworkErrors(const uint32_t& errorCode, const std::s/", "language": "C++", "typeref": "typename:std::string", "kind": "function", "signature": "(const uint32_t & errorCode,const std::string & message)", "scope": "ErrorUtils", "scopeKind": "class"}, {"_type": "tag", "name": "GetFireboltError", "path": "/home/kavia/workspace/code-generation/app-gateway2/Supporting_Files/UtilsFirebolt.h", "pattern": "/^    static std::string GetFireboltError(const FireboltError& error) {$/", "language": "C++", "typeref": "typename:std::string", "kind": "function", "signature": "(const FireboltError & error)", "scope": "ErrorUtils", "scopeKind": "class"}, {"_type": "tag", "name": "JListenRequest", "path": "/home/kavia/workspace/code-generation/app-gateway2/Supporting_Files/UtilsFirebolt.h", "pattern": "/^    JListenRequest() : Core::JSON::Container()$/", "language": "C++", "kind": "function", "signature": "()", "scope": "JListenRequest", "scopeKind": "class"}, {"_type": "tag", "name": "JListenRequest", "path": "/home/kavia/workspace/code-generation/app-gateway2/Supporting_Files/UtilsFirebolt.h", "pattern": "/^class JListenRequest: public Core::JSON::Container {$/", "language": "C++", "kind": "class"}, {"_type": "tag", "name": "JListenResponse", "path": "/home/kavia/workspace/code-generation/app-gateway2/Supporting_Files/UtilsFirebolt.h", "pattern": "/^    JListenResponse() : Core::JSON::Container()$/", "language": "C++", "kind": "function", "signature": "()", "scope": "JListenResponse", "scopeKind": "class"}, {"_type": "tag", "name": "JListenResponse", "path": "/home/kavia/workspace/code-generation/app-gateway2/Supporting_Files/UtilsFirebolt.h", "pattern": "/^class JListenResponse: public Core::JSON::Container {$/", "language": "C++", "kind": "class"}, {"_type": "tag", "name": "NOT_AVAILABLE", "path": "/home/kavia/workspace/code-generation/app-gateway2/Supporting_Files/UtilsFirebolt.h", "pattern": "/^    NOT_AVAILABLE,$/", "language": "C++", "kind": "enumerator", "scope": "FireboltError", "scopeKind": "enum"}, {"_type": "tag", "name": "NOT_PERMITTED", "path": "/home/kavia/workspace/code-generation/app-gateway2/Supporting_Files/UtilsFirebolt.h", "pattern": "/^    NOT_PERMITTED$/", "language": "C++", "kind": "enumerator", "scope": "FireboltError", "scopeKind": "enum"}, {"_type": "tag", "name": "NOT_SUPPORTED", "path": "/home/kavia/workspace/code-generation/app-gateway2/Supporting_Files/UtilsFirebolt.h", "pattern": "/^    NOT_SUPPORTED,$/", "language": "C++", "kind": "enumerator", "scope": "FireboltError", "scopeKind": "enum"}, {"_type": "tag", "name": "NotAvailable", "path": "/home/kavia/workspace/code-generation/app-gateway2/Supporting_Files/UtilsFirebolt.h", "pattern": "/^    static void NotAvailable(string& resolution) {$/", "language": "C++", "typeref": "typename:void", "kind": "function", "signature": "(string & resolution)", "scope": "ErrorUtils", "scopeKind": "class"}, {"_type": "tag", "name": "NotSupported", "path": "/home/kavia/workspace/code-generation/app-gateway2/Supporting_Files/UtilsFirebolt.h", "pattern": "/^    static void NotSupported(string& resolution) {$/", "language": "C++", "typeref": "typename:void", "kind": "function", "signature": "(string & resolution)", "scope": "ErrorUtils", "scopeKind": "class"}, {"_type": "tag", "name": "ProviderInfo", "path": "/home/kavia/workspace/code-generation/app-gateway2/Supporting_Files/UtilsFirebolt.h", "pattern": "/^struct ProviderInfo{$/", "language": "C++", "kind": "struct"}, {"_type": "tag", "name": "ProviderRegistry", "path": "/home/kavia/workspace/code-generation/app-gateway2/Supporting_Files/UtilsFirebolt.h", "pattern": "/^class ProviderRegistry{$/", "language": "C++", "kind": "class"}, {"_type": "tag", "name": "Remove", "path": "/home/kavia/workspace/code-generation/app-gateway2/Supporting_Files/UtilsFirebolt.h", "pattern": "/^    void Remove(const std::string& key) {$/", "language": "C++", "typeref": "typename:void", "kind": "function", "signature": "(const std::string & key)", "scope": "ProviderRegistry", "scopeKind": "class"}, {"_type": "tag", "name": "__UTILSFIREBOLT_H__", "path": "/home/kavia/workspace/code-generation/app-gateway2/Supporting_Files/UtilsFirebolt.h", "pattern": "/^#define __UTILSFIREBOLT_H__$/", "language": "C++", "kind": "macro"}, {"_type": "tag", "name": "channelId", "path": "/home/kavia/workspace/code-generation/app-gateway2/Supporting_Files/UtilsFirebolt.h", "pattern": "/^    uint32_t channelId;$/", "language": "C++", "typeref": "typename:uint32_t", "kind": "member", "scope": "ProviderInfo", "scopeKind": "struct"}, {"_type": "tag", "name": "create", "path": "/home/kavia/workspace/code-generation/app-gateway2/Supporting_Files/UtilsFirebolt.h", "pattern": "/^    static ProviderInfo create(uint32_t chId, uint32_t reqId) {$/", "language": "C++", "typeref": "typename:ProviderInfo", "kind": "function", "signature": "(uint32_t chId,uint32_t reqId)", "scope": "ProviderInfo", "scopeKind": "struct"}, {"_type": "tag", "name": "event", "path": "/home/kavia/workspace/code-generation/app-gateway2/Supporting_Files/UtilsFirebolt.h", "pattern": "/^        Core::JSON::String event;$/", "language": "C++", "typeref": "typename:Core::JSON::String", "kind": "member", "scope": "JListenResponse", "scopeKind": "class"}, {"_type": "tag", "name": "listen", "path": "/home/kavia/workspace/code-generation/app-gateway2/Supporting_Files/UtilsFirebolt.h", "pattern": "/^        Core::JSON::Boolean listen;$/", "language": "C++", "typeref": "typename:Core::JSON::Boolean", "kind": "member", "scope": "JListenRequest", "scopeKind": "class"}, {"_type": "tag", "name": "listening", "path": "/home/kavia/workspace/code-generation/app-gateway2/Supporting_Files/UtilsFirebolt.h", "pattern": "/^        Core::JSON::Boolean listening;$/", "language": "C++", "typeref": "typename:Core::JSON::Boolean", "kind": "member", "scope": "JListenResponse", "scopeKind": "class"}, {"_type": "tag", "name": "mProviderMap", "path": "/home/kavia/workspace/code-generation/app-gateway2/Supporting_Files/UtilsFirebolt.h", "pattern": "/^        std::unordered_map<std::string, ProviderInfo> mProviderMap;$/", "language": "C++", "typeref": "typename:std::unordered_map<std::string,ProviderInfo>", "kind": "member", "scope": "ProviderRegistry", "scopeKind": "class"}, {"_type": "tag", "name": "mProviderMutex", "path": "/home/kavia/workspace/code-generation/app-gateway2/Supporting_Files/UtilsFirebolt.h", "pattern": "/^        std::mutex mProviderMutex;$/", "language": "C++", "typeref": "typename:std::mutex", "kind": "member", "scope": "ProviderRegistry", "scopeKind": "class"}, {"_type": "tag", "name": "requestId", "path": "/home/kavia/workspace/code-generation/app-gateway2/Supporting_Files/UtilsFirebolt.h", "pattern": "/^    uint32_t requestId;$/", "language": "C++", "typeref": "typename:uint32_t", "kind": "member", "scope": "ProviderInfo", "scopeKind": "struct"}], "hash": "dbac379770f36699770ccd5187933096", "format-version": 4, "code-base-name": "app-gateway2", "filename": "Supporting_Files/UtilsFirebolt.h", "fields": [{"name": "uint32_t channelId", "scope": "ProviderInfo", "scopeKind": "struct", "description": "unavailable"}, {"name": "Core::JSON::String event", "scope": "JListenResponse", "scopeKind": "class", "description": "unavailable"}, {"name": "Core::JSON::Boolean listen", "scope": "JListenRequest", "scopeKind": "class", "description": "unavailable"}, {"name": "Core::JSON::Boolean listening", "scope": "JListenResponse", "scopeKind": "class", "description": "unavailable"}, {"name": "std::unordered_map<std::string,ProviderInfo> mProviderMap", "scope": "ProviderRegistry", "scopeKind": "class", "description": "unavailable"}, {"name": "std::mutex mProviderMutex", "scope": "ProviderRegistry", "scopeKind": "class", "description": "unavailable"}, {"name": "uint32_t requestId", "scope": "ProviderInfo", "scopeKind": "struct", "description": "unavailable"}], "revision_history": [{"480": "11687bdf35796aa59ae3a1afecde9935f4bdd400"}]}