{"is_source_file": false, "format": "", "description": "", "external_files": [], "external_methods": [], "published": [], "classes": [], "methods": [], "calls": [], "search-terms": [], "state": 2, "file_id": 145, "knowledge_revision": 553, "git_revision": "6e3f661b80ec1979b3c44fc4a85d5944642c4704", "revision_history": [{"473": "11687bdf35796aa59ae3a1afecde9935f4bdd400"}, {"553": "6e3f661b80ec1979b3c44fc4a85d5944642c4704"}], "ctags": [{"_type": "tag", "name": "ANALYTICS_PLUGIN_CALLSIGN", "path": "/home/kavia/workspace/code-generation/app-gateway2/Supporting_Files/UtilsCallsign.h", "pattern": "/^#define ANALYTICS_PLUGIN_CALLSIGN /", "language": "C++", "kind": "macro"}, {"_type": "tag", "name": "APP_GATEWAY_CALLSIGN", "path": "/home/kavia/workspace/code-generation/app-gateway2/Supporting_Files/UtilsCallsign.h", "pattern": "/^#define APP_GATEWAY_CALLSIGN /", "language": "C++", "kind": "macro"}, {"_type": "tag", "name": "APP_NOTIFICATIONS_CALLSIGN", "path": "/home/kavia/workspace/code-generation/app-gateway2/Supporting_Files/UtilsCallsign.h", "pattern": "/^#define APP_NOTIFICATIONS_CALLSIGN /", "language": "C++", "kind": "macro"}, {"_type": "tag", "name": "APP_TO_APP_PROVIDER_CALLSIGN", "path": "/home/kavia/workspace/code-generation/app-gateway2/Supporting_Files/UtilsCallsign.h", "pattern": "/^#define APP_TO_APP_PROVIDER_CALLSIGN /", "language": "C++", "kind": "macro"}, {"_type": "tag", "name": "FB_METRICS_CALLSIGN", "path": "/home/kavia/workspace/code-generation/app-gateway2/Supporting_Files/UtilsCallsign.h", "pattern": "/^#define FB_METRICS_CALLSIGN /", "language": "C++", "kind": "macro"}, {"_type": "tag", "name": "FB_PRIVACY_CALLSIGN", "path": "/home/kavia/workspace/code-generation/app-gateway2/Supporting_Files/UtilsCallsign.h", "pattern": "/^#define FB_PRIVACY_CALLSIGN /", "language": "C++", "kind": "macro"}, {"_type": "tag", "name": "GATEWAY_AUTHENTICATOR_CALLSIGN", "path": "/home/kavia/workspace/code-generation/app-gateway2/Supporting_Files/UtilsCallsign.h", "pattern": "/^#define GATEWAY_AUTHENTICATOR_CALLSIGN /", "language": "C++", "kind": "macro"}, {"_type": "tag", "name": "INTERNAL_GATEWAY_CALLSIGN", "path": "/home/kavia/workspace/code-generation/app-gateway2/Supporting_Files/UtilsCallsign.h", "pattern": "/^#define INTERNAL_GATEWAY_CALLSIGN /", "language": "C++", "kind": "macro"}, {"_type": "tag", "name": "LAUNCH_DELEGATE_CALLSIGN", "path": "/home/kavia/workspace/code-generation/app-gateway2/Supporting_Files/UtilsCallsign.h", "pattern": "/^#define LAUNCH_DELEGATE_CALLSIGN /", "language": "C++", "kind": "macro"}, {"_type": "tag", "name": "__UTILSCALLSIGN_H__", "path": "/home/kavia/workspace/code-generation/app-gateway2/Supporting_Files/UtilsCallsign.h", "pattern": "/^#define __UTILSCALLSIGN_H__$/", "language": "C++", "kind": "macro"}], "hash": "35b32fad781edf9faf70f7b4aa3b7e5a", "format-version": 4, "code-base-name": "app-gateway2", "filename": "Supporting_Files/UtilsCallsign.h"}