{"is_source_file": true, "format": "C++ header (.h)", "description": "This file defines the interface and class declaration for the DisplaySettings plugin in the WPEFramework. It includes method declarations for handling display-related functionalities such as resolution, input source, audio/video capabilities, and HDMI-CEC events. The class manages event notifications, IARM bus interactions, and JSON-RPC communication for display settings management.", "external_files": ["Module.h", "dsTypes.h", "tptimer.h", "libIARM.h", "pwrMgr.h", "rfcapi.h", "<interfaces/ISystemMode.h>", "<interfaces/IDeviceOptimizeStateActivator.h>", "<iostream>", "<fstream>"], "external_methods": ["Core::JSON::String", "Core::JSON::ArrayType", "Core::JSON::Boolean", "PluginHost::IPlugin", "PluginHost::JSONRPC", "Exchange::IDeviceOptimizeStateActivator", "JsonObject", "JsonArray", "IARM_Bus_PWRMgr_PowerState_t", "dsAudioFormat_t", "dsHDRStandard_t", "dsATMOSCapability_t", "dsAudioARCTypes_t"], "published": ["Initialize", "Deinitialize", "Information", "Request"], "classes": [{"name": "DisplaySettings", "description": "A plugin class managing display settings, resolution, audio/video capabilities, HDMI-CEC, and related events, supporting JSON-RPC commands and IARM bus interactions."}], "methods": [{"name": "getConnectedVideoDisplays", "description": "Retrieves a list of connected video display devices."}, {"name": "getConnectedAudioPorts", "description": "Retrieves a list of connected audio ports."}, {"name": "setEnableAudioPort", "description": "Enables or disables a specified audio port."}, {"name": "getSupportedResolutions", "description": "Returns supported display resolutions."}, {"name": "getSupportedVideoDisplays", "description": "Returns supported video display types."}, {"name": "getSupportedTvResolutions", "description": "Returns supported TV resolutions."}, {"name": "getSupportedSettopResolutions", "description": "Returns supported set-top resolutions."}, {"name": "getSupportedAudioPorts", "description": "Returns supported audio ports."}, {"name": "getSupportedAudioModes", "description": "Returns supported audio modes."}, {"name": "getZoomSetting", "description": "Gets current zoom setting."}, {"name": "setZoomSetting", "description": "Sets zoom configuration."}, {"name": "getCurrentResolution", "description": "Gets current display resolution."}, {"name": "setCurrentResolution", "description": "Sets display resolution."}, {"name": "getSoundMode", "description": "Gets current sound mode."}, {"name": "setSoundMode", "description": "Sets sound mode."}, {"name": "readEDID", "description": "Reads EDID data from connected display."}, {"name": "readHostEDID", "description": "Reads host EDID data."}, {"name": "getActiveInput", "description": "Gets active input source."}, {"name": "getTvHDRSupport", "description": "Checks HDR support capability in TV."}, {"name": "getSettopHDRSupport", "description": "Checks HDR support in set-top box."}, {"name": "setVideoPortStatusInStandby", "description": "Configures video port status in standby mode."}, {"name": "getVideoPortStatusInStandby", "description": "Retrieves video port standby status."}, {"name": "getCurrentOutputSettings", "description": "Gets current output settings."}, {"name": "setForceHDRMode", "description": "Forces HDR mode on display."}, {"name": "setMS12AudioCompression", "description": "Sets MS12 audio compression."}, {"name": "getMS12AudioCompression", "description": "Gets MS12 audio compression setting."}, {"name": "setDolbyVolumeMode", "description": "Sets Dolby volume mode."}, {"name": "getDolbyVolumeMode", "description": "Gets Dolby volume mode."}, {"name": "setDialogEnhancement", "description": "Enables/disables dialog enhancement."}, {"name": "getDialogEnhancement", "description": "Retrieves dialog enhancement status."}, {"name": "setIntelligentEqualizerMode", "description": "Sets intelligent equalizer mode."}, {"name": "getIntelligentEqualizerMode", "description": "Gets intelligent equalizer mode."}, {"name": "setGraphicEqualizerMode", "description": "Sets graphic equalizer mode."}, {"name": "getGraphicEqualizerMode", "description": "Gets graphic equalizer mode."}, {"name": "setMS12AudioProfile", "description": "Sets MS12 audio profile."}, {"name": "getMS12AudioProfile", "description": "Gets current MS12 audio profile."}, {"name": "getSupportedMS12AudioProfiles", "description": "Returns supported MS12 profiles."}, {"name": "getAudioDelay", "description": "Retrieves current audio delay."}, {"name": "setAudioDelay", "description": "Sets audio delay."}, {"name": "getSinkAtmosCapability", "description": "Retrieves Atmos capability."}, {"name": "setAudioAtmosOutputMode", "description": "Sets Atmos output mode."}, {"name": "getTVHDRCapabilities", "description": "Retrieves HDR capabilities."}, {"name": "isConnectedDeviceRepeater", "description": "Checks if connected device is a repeater."}, {"name": "getDefaultResolution", "description": "Gets default resolution."}, {"name": "setScartParameter", "description": "Sets SCART parameters."}, {"name": "getVolumeLeveller", "description": "Gets volume leveller setting."}, {"name": "getBassEnhancer", "description": "Gets bass enhancer setting."}, {"name": "isSurroundDecoderEnabled", "description": "Checks surround decoder status."}, {"name": "getDRCMode", "description": "Gets DRC mode."}, {"name": "getSurroundVirtualizer", "description": "Gets surround virtualizer setting."}, {"name": "getMISteering", "description": "Gets MI steering status."}, {"name": "setVolumeLeveller", "description": "Sets volume leveller."}, {"name": "setBassEnhancer", "description": "Enables/disables bass enhancer."}, {"name": "enableSurroundDecoder", "description": "Enables/disables surround decoder."}, {"name": "setSurroundVirtualizer", "description": "Configures surround virtualizer."}, {"name": "setMISteering", "description": "Sets MI steering."}, {"name": "setGain", "description": "Sets audio gain."}, {"name": "getGain", "description": "Retrieves audio gain."}, {"name": "setMuted", "description": "Mutes/unmutes audio."}, {"name": "getMuted", "description": "Gets mute status."}, {"name": "setVolumeLevel", "description": "Sets volume level."}, {"name": "getVolumeLevel", "description": "Gets volume level."}, {"name": "setDRCMode", "description": "Configures DRC mode."}, {"name": "getSettopMS12Capabilities", "description": "Gets set-top MS12 capabilities."}, {"name": "getSettopAudioCapabilities", "description": "Gets set-top audio capabilities."}, {"name": "getEnableAudioPort", "description": "Gets enabled audio port info."}, {"name": "setAssociatedAudioMixing", "description": "Sets associated audio mixing."}, {"name": "getAssociatedAudioMixing", "description": "Gets associated audio mixing."}, {"name": "setFaderControl", "description": "Sets fader control."}, {"name": "getFaderControl", "description": "Gets fader control."}, {"name": "setPrimaryLanguage", "description": "Sets primary language."}, {"name": "getPrimaryLanguage", "description": "Gets primary language."}, {"name": "setSecondaryLanguage", "description": "Sets secondary language."}, {"name": "getSecondaryLanguage", "description": "Gets secondary language."}, {"name": "getAudioFormat", "description": "Retrieves current audio format."}, {"name": "getVolumeLeveller2", "description": "Gets second volume leveller setting."}, {"name": "setVolumeLeveller2", "description": "Sets second volume leveller."}, {"name": "getSurroundVirtualizer2", "description": "Gets second surround virtualizer."}, {"name": "setSurroundVirtualizer2", "description": "Sets second surround virtualizer."}, {"name": "resetDialogEnhancement", "description": "Resets dialog enhancement settings."}, {"name": "resetBassEnhancer", "description": "Resets bass enhancer."}, {"name": "resetSurroundVirtualizer", "description": "Resets surround virtualizer."}, {"name": "resetVolumeLeveller", "description": "Resets volume leveller."}, {"name": "getVideoFormat", "description": "Gets current video format."}, {"name": "setMS12ProfileSettingsOverride", "description": "Overrides MS12 profile settings."}, {"name": "setPreferredColorDepth", "description": "Sets preferred color depth."}, {"name": "getPreferredColorDepth", "description": "Gets preferred color depth."}, {"name": "getColorDepthCapabilities", "description": "Gets color depth capabilities."}, {"name": "getSupportedMS12Config", "description": "Gets supported MS12 configuration."}, {"name": "string Information() const", "scope": "WPEFramework::Plugin::DisplaySettings", "scopeKind": "class", "description": "unavailable"}, {"name": "JsonObject getAudioOutputPortConfig()", "scope": "WPEFramework::Plugin::DisplaySettings", "scopeKind": "class", "description": "unavailable"}], "calls": ["ResolutionPreChange", "ResolutionPostChange", "DisplResolutionHandler", "dsHdmiEventHandler", "formatUpdateEventHandler", "checkAtmosCapsEventHandler", "powerEventHandler", "audioPortStateEventHandler", "dsSettingsChangeEventHandler", "notifyAudioFormatChange", "notifyAtmosCapabilityChange", "notifyAssociatedAudioMixingChange", "notifyFaderControlChange", "notifyPrimaryLanguageChange", "notifySecondaryLanguageChange", "notifyVideoFormatChange", "onARCInitiationEventHandler", "onARCTerminationEventHandler", "onShortAudioDescriptorEventHandler", "onSystemAudioModeEventHandler", "onArcAudioStatusEventHandler", "onAudioDeviceConnectedStatusEventHandler", "onCecEnabledEventHandler", "onAudioDevicePowerStatusEventHandler"], "search-terms": ["DisplaySettings", "IARM bus", "HDMI-CEC", "JSON-RPC display", "resolution", "HDR support", "audio profiles", "audio delay", "Atmos capability", "system power", "audio ports"], "state": 2, "file_id": 279, "knowledge_revision": 892, "git_revision": "ef86df2c8df3fef6f567643b583ee28870c1ba4c", "ctags": [{"_type": "tag", "name": "ARC_STATE_ARC_EXIT", "path": "/home/kavia/workspace/code-generation/app-gateway2/Supporting_Files/DisplaySettings/DisplaySettings.h", "pattern": "/^                ARC_STATE_ARC_EXIT$/", "language": "C++", "kind": "enumerator", "scope": "WPEFramework::Plugin::DisplaySettings::__anoncef509f80103", "scopeKind": "enum"}, {"_type": "tag", "name": "ARC_STATE_ARC_INITIATED", "path": "/home/kavia/workspace/code-generation/app-gateway2/Supporting_Files/DisplaySettings/DisplaySettings.h", "pattern": "/^                ARC_STATE_ARC_INITIATED,$/", "language": "C++", "kind": "enumerator", "scope": "WPEFramework::Plugin::DisplaySettings::__anoncef509f80103", "scopeKind": "enum"}, {"_type": "tag", "name": "ARC_STATE_ARC_TERMINATED", "path": "/home/kavia/workspace/code-generation/app-gateway2/Supporting_Files/DisplaySettings/DisplaySettings.h", "pattern": "/^                ARC_STATE_ARC_TERMINATED,$/", "language": "C++", "kind": "enumerator", "scope": "WPEFramework::Plugin::DisplaySettings::__anoncef509f80103", "scopeKind": "enum"}, {"_type": "tag", "name": "ARC_STATE_REQUEST_ARC_INITIATION", "path": "/home/kavia/workspace/code-generation/app-gateway2/Supporting_Files/DisplaySettings/DisplaySettings.h", "pattern": "/^                ARC_STATE_REQUEST_ARC_INITIATION,$/", "language": "C++", "kind": "enumerator", "scope": "WPEFramework::Plugin::DisplaySettings::__anoncef509f80103", "scopeKind": "enum"}, {"_type": "tag", "name": "ARC_STATE_REQUEST_ARC_TERMINATION", "path": "/home/kavia/workspace/code-generation/app-gateway2/Supporting_Files/DisplaySettings/DisplaySettings.h", "pattern": "/^                ARC_STATE_REQUEST_ARC_TERMINATION,$/", "language": "C++", "kind": "enumerator", "scope": "WPEFramework::Plugin::DisplaySettings::__anoncef509f80103", "scopeKind": "enum"}, {"_type": "tag", "name": "AUDIO_DEVICE_POWER_STATE_ON", "path": "/home/kavia/workspace/code-generation/app-gateway2/Supporting_Files/DisplaySettings/DisplaySettings.h", "pattern": "/^                AUDIO_DEVICE_POWER_STATE_ON,$/", "language": "C++", "kind": "enumerator", "scope": "WPEFramework::Plugin::DisplaySettings::__anoncef509f80203", "scopeKind": "enum"}, {"_type": "tag", "name": "AUDIO_DEVICE_POWER_STATE_REQUEST", "path": "/home/kavia/workspace/code-generation/app-gateway2/Supporting_Files/DisplaySettings/DisplaySettings.h", "pattern": "/^                AUDIO_DEVICE_POWER_STATE_REQUEST,$/", "language": "C++", "kind": "enumerator", "scope": "WPEFramework::Plugin::DisplaySettings::__anoncef509f80203", "scopeKind": "enum"}, {"_type": "tag", "name": "AUDIO_DEVICE_POWER_STATE_STANDBY", "path": "/home/kavia/workspace/code-generation/app-gateway2/Supporting_Files/DisplaySettings/DisplaySettings.h", "pattern": "/^                AUDIO_DEVICE_POWER_STATE_STANDBY,$/", "language": "C++", "kind": "enumerator", "scope": "WPEFramework::Plugin::DisplaySettings::__anoncef509f80203", "scopeKind": "enum"}, {"_type": "tag", "name": "AUDIO_DEVICE_POWER_STATE_UNKNOWN", "path": "/home/kavia/workspace/code-generation/app-gateway2/Supporting_Files/DisplaySettings/DisplaySettings.h", "pattern": "/^                AUDIO_DEVICE_POWER_STATE_UNKNOWN,$/", "language": "C++", "kind": "enumerator", "scope": "WPEFramework::Plugin::DisplaySettings::__anoncef509f80203", "scopeKind": "enum"}, {"_type": "tag", "name": "AUDIO_DEVICE_SAD_CLEARED", "path": "/home/kavia/workspace/code-generation/app-gateway2/Supporting_Files/DisplaySettings/DisplaySettings.h", "pattern": "/^\t\tAUDIO_DEVICE_SAD_CLEARED$/", "language": "C++", "kind": "enumerator", "scope": "WPEFramework::Plugin::DisplaySettings::__anoncef509f80303", "scopeKind": "enum"}, {"_type": "tag", "name": "AUDIO_DEVICE_SAD_RECEIVED", "path": "/home/kavia/workspace/code-generation/app-gateway2/Supporting_Files/DisplaySettings/DisplaySettings.h", "pattern": "/^\t\tAUDIO_DEVICE_SAD_RECEIVED,$/", "language": "C++", "kind": "enumerator", "scope": "WPEFramework::Plugin::DisplaySettings::__anoncef509f80303", "scopeKind": "enum"}, {"_type": "tag", "name": "AUDIO_DEVICE_SAD_REQUESTED", "path": "/home/kavia/workspace/code-generation/app-gateway2/Supporting_Files/DisplaySettings/DisplaySettings.h", "pattern": "/^\t\tAUDIO_DEVICE_SAD_REQUESTED,$/", "language": "C++", "kind": "enumerator", "scope": "WPEFramework::Plugin::DisplaySettings::__anoncef509f80303", "scopeKind": "enum"}, {"_type": "tag", "name": "AUDIO_DEVICE_SAD_UNKNOWN", "path": "/home/kavia/workspace/code-generation/app-gateway2/Supporting_Files/DisplaySettings/DisplaySettings.h", "pattern": "/^\t\tAUDIO_DEVICE_SAD_UNKNOWN,$/", "language": "C++", "kind": "enumerator", "scope": "WPEFramework::Plugin::DisplaySettings::__anoncef509f80303", "scopeKind": "enum"}, {"_type": "tag", "name": "AUDIO_DEVICE_SAD_UPDATED", "path": "/home/kavia/workspace/code-generation/app-gateway2/Supporting_Files/DisplaySettings/DisplaySettings.h", "pattern": "/^\t\tAUDIO_DEVICE_SAD_UPDATED,$/", "language": "C++", "kind": "enumerator", "scope": "WPEFramework::Plugin::DisplaySettings::__anoncef509f80303", "scopeKind": "enum"}, {"_type": "tag", "name": "AVR_POWER_STATE_ON", "path": "/home/kavia/workspace/code-generation/app-gateway2/Supporting_Files/DisplaySettings/DisplaySettings.h", "pattern": "/^\t\tAVR_POWER_STATE_ON,$/", "language": "C++", "kind": "enumerator", "scope": "WPEFramework::Plugin::DisplaySettings::__anoncef509f80403", "scopeKind": "enum"}, {"_type": "tag", "name": "AVR_POWER_STATE_STANDBY", "path": "/home/kavia/workspace/code-generation/app-gateway2/Supporting_Files/DisplaySettings/DisplaySettings.h", "pattern": "/^\t\tAVR_POWER_STATE_STANDBY,$/", "language": "C++", "kind": "enumerator", "scope": "WPEFramework::Plugin::DisplaySettings::__anoncef509f80403", "scopeKind": "enum"}, {"_type": "tag", "name": "AVR_POWER_STATE_STANDBY_TO_ON_TRANSITION", "path": "/home/kavia/workspace/code-generation/app-gateway2/Supporting_Files/DisplaySettings/DisplaySettings.h", "pattern": "/^\t\tAVR_POWER_STATE_STANDBY_TO_ON_TRANSITION$/", "language": "C++", "kind": "enumerator", "scope": "WPEFramework::Plugin::DisplaySettings::__anoncef509f80403", "scopeKind": "enum"}, {"_type": "tag", "name": "DisplaySettings", "path": "/home/kavia/workspace/code-generation/app-gateway2/Supporting_Files/DisplaySettings/DisplaySettings.h", "pattern": "/^        class DisplaySettings : public PluginHost::IPlugin, public PluginHost::JSONRPC ,Exchange/", "language": "C++", "kind": "class", "scope": "WPEFramework::Plugin", "scopeKind": "namespace"}, {"_type": "tag", "name": "Information", "path": "/home/kavia/workspace/code-generation/app-gateway2/Supporting_Files/DisplaySettings/DisplaySettings.h", "pattern": "/^            virtual string Information() const override { return {}; }$/", "language": "C++", "typeref": "typename:string", "kind": "function", "signature": "() const", "scope": "WPEFramework::Plugin::DisplaySettings", "scopeKind": "class"}, {"_type": "tag", "name": "JBool", "path": "/home/kavia/workspace/code-generation/app-gateway2/Supporting_Files/DisplaySettings/DisplaySettings.h", "pattern": "/^            typedef Core::JSON::Boolean JBool;$/", "language": "C++", "typeref": "typename:Core::JSON::Boolean", "kind": "typedef", "scope": "WPEFramework::Plugin::DisplaySettings", "scopeKind": "class"}, {"_type": "tag", "name": "JString", "path": "/home/kavia/workspace/code-generation/app-gateway2/Supporting_Files/DisplaySettings/DisplaySettings.h", "pattern": "/^            typedef Core::JSON::String JString;$/", "language": "C++", "typeref": "typename:Core::JSON::String", "kind": "typedef", "scope": "WPEFramework::Plugin::DisplaySettings", "scopeKind": "class"}, {"_type": "tag", "name": "JStringArray", "path": "/home/kavia/workspace/code-generation/app-gateway2/Supporting_Files/DisplaySettings/DisplaySettings.h", "pattern": "/^            typedef Core::JSON::ArrayType<JString> JStringArray;$/", "language": "C++", "typeref": "typename:Core::JSON::ArrayType<JString>", "kind": "typedef", "scope": "WPEFramework::Plugin::DisplaySettings", "scopeKind": "class"}, {"_type": "tag", "name": "Plugin", "path": "/home/kavia/workspace/code-generation/app-gateway2/Supporting_Files/DisplaySettings/DisplaySettings.h", "pattern": "/^    namespace Plugin {$/", "language": "C++", "kind": "namespace", "scope": "WPEFramework", "scopeKind": "namespace"}, {"_type": "tag", "name": "REQUEST_AUDIO_DEVICE_POWER_STATUS", "path": "/home/kavia/workspace/code-generation/app-gateway2/Supporting_Files/DisplaySettings/DisplaySettings.h", "pattern": "/^\t\tREQUEST_AUDIO_DEVICE_POWER_STATUS,$/", "language": "C++", "kind": "enumerator", "scope": "WPEFramework::Plugin::DisplaySettings::__anoncef509f80503", "scopeKind": "enum"}, {"_type": "tag", "name": "REQUEST_SHORT_AUDIO_DESCRIPTOR", "path": "/home/kavia/workspace/code-generation/app-gateway2/Supporting_Files/DisplaySettings/DisplaySettings.h", "pattern": "/^\t\tREQUEST_SHORT_AUDIO_DESCRIPTOR,$/", "language": "C++", "kind": "enumerator", "scope": "WPEFramework::Plugin::DisplaySettings::__anoncef509f80503", "scopeKind": "enum"}, {"_type": "tag", "name": "SEND_AUDIO_DEVICE_POWERON_MSG", "path": "/home/kavia/workspace/code-generation/app-gateway2/Supporting_Files/DisplaySettings/DisplaySettings.h", "pattern": "/^\t\tSEND_AUDIO_DEVICE_POWERON_MSG = 1,$/", "language": "C++", "kind": "enumerator", "scope": "WPEFramework::Plugin::DisplaySettings::__anoncef509f80503", "scopeKind": "enum"}, {"_type": "tag", "name": "SEND_REQUEST_ARC_INITIATION", "path": "/home/kavia/workspace/code-generation/app-gateway2/Supporting_Files/DisplaySettings/DisplaySettings.h", "pattern": "/^\t\tSEND_REQUEST_ARC_INITIATION,$/", "language": "C++", "kind": "enumerator", "scope": "WPEFramework::Plugin::DisplaySettings::__anoncef509f80503", "scopeKind": "enum"}, {"_type": "tag", "name": "SEND_REQUEST_ARC_TERMINATION", "path": "/home/kavia/workspace/code-generation/app-gateway2/Supporting_Files/DisplaySettings/DisplaySettings.h", "pattern": "/^\t\tSEND_REQUEST_ARC_TERMINATION,$/", "language": "C++", "kind": "enumerator", "scope": "WPEFramework::Plugin::DisplaySettings::__anoncef509f80503", "scopeKind": "enum"}, {"_type": "tag", "name": "SendMsgInfo", "path": "/home/kavia/workspace/code-generation/app-gateway2/Supporting_Files/DisplaySettings/DisplaySettings.h", "pattern": "/^                } SendMsgInfo;$/", "language": "C++", "typeref": "struct:WPEFramework::Plugin::DisplaySettings::sendMsgInfo", "kind": "typedef", "scope": "WPEFramework::Plugin::DisplaySettings", "scopeKind": "class"}, {"_type": "tag", "name": "WPEFramework", "path": "/home/kavia/workspace/code-generation/app-gateway2/Supporting_Files/DisplaySettings/DisplaySettings.h", "pattern": "/^namespace WPEFramework {$/", "language": "C++", "kind": "namespace"}, {"_type": "tag", "name": "__anoncef509f80103", "path": "/home/kavia/workspace/code-generation/app-gateway2/Supporting_Files/DisplaySettings/DisplaySettings.h", "pattern": "/^            enum {$/", "language": "C++", "kind": "enum", "scope": "WPEFramework::Plugin::DisplaySettings", "scopeKind": "class"}, {"_type": "tag", "name": "__anoncef509f80203", "path": "/home/kavia/workspace/code-generation/app-gateway2/Supporting_Files/DisplaySettings/DisplaySettings.h", "pattern": "/^            enum {$/", "language": "C++", "kind": "enum", "scope": "WPEFramework::Plugin::DisplaySettings", "scopeKind": "class"}, {"_type": "tag", "name": "__anoncef509f80303", "path": "/home/kavia/workspace/code-generation/app-gateway2/Supporting_Files/DisplaySettings/DisplaySettings.h", "pattern": "/^\t    enum {$/", "language": "C++", "kind": "enum", "scope": "WPEFramework::Plugin::DisplaySettings", "scopeKind": "class"}, {"_type": "tag", "name": "__anoncef509f80403", "path": "/home/kavia/workspace/code-generation/app-gateway2/Supporting_Files/DisplaySettings/DisplaySettings.h", "pattern": "/^\t    enum {$/", "language": "C++", "kind": "enum", "scope": "WPEFramework::Plugin::DisplaySettings", "scopeKind": "class"}, {"_type": "tag", "name": "__anoncef509f80503", "path": "/home/kavia/workspace/code-generation/app-gateway2/Supporting_Files/DisplaySettings/DisplaySettings.h", "pattern": "/^           typedef enum {$/", "language": "C++", "kind": "enum", "scope": "WPEFramework::Plugin::DisplaySettings", "scopeKind": "class"}, {"_type": "tag", "name": "_adminLock", "path": "/home/kavia/workspace/code-generation/app-gateway2/Supporting_Files/DisplaySettings/DisplaySettings.h", "pattern": "/^\t    mutable Core::CriticalSection _adminLock;$/", "language": "C++", "typeref": "typename:Core::CriticalSection", "kind": "member", "scope": "WPEFramework::Plugin::DisplaySettings", "scopeKind": "class"}, {"_type": "tag", "name": "_instance", "path": "/home/kavia/workspace/code-generation/app-gateway2/Supporting_Files/DisplaySettings/DisplaySettings.h", "pattern": "/^            static DisplaySettings* _instance;$/", "language": "C++", "typeref": "typename:DisplaySettings *", "kind": "member", "scope": "WPEFramework::Plugin::DisplaySettings", "scopeKind": "class"}, {"_type": "tag", "name": "arcRoutingCV", "path": "/home/kavia/workspace/code-generation/app-gateway2/Supporting_Files/DisplaySettings/DisplaySettings.h", "pattern": "/^\t    std::condition_variable arcRoutingCV;$/", "language": "C++", "typeref": "typename:std::condition_variable", "kind": "member", "scope": "WPEFramework::Plugin::DisplaySettings", "scopeKind": "class"}, {"_type": "tag", "name": "getAudioOutputPortConfig", "path": "/home/kavia/workspace/code-generation/app-gateway2/Supporting_Files/DisplaySettings/DisplaySettings.h", "pattern": "/^            JsonObject getAudioOutputPortConfig() { return m_audioOutputPortConfig; }$/", "language": "C++", "typeref": "typename:JsonObject", "kind": "function", "signature": "()", "scope": "WPEFramework::Plugin::DisplaySettings", "scopeKind": "class"}, {"_type": "tag", "name": "m_ArcDetectionTimer", "path": "/home/kavia/workspace/code-generation/app-gateway2/Supporting_Files/DisplaySettings/DisplaySettings.h", "pattern": "/^\t    TpTimer m_ArcDetectionTimer;$/", "language": "C++", "typeref": "typename:TpTimer", "kind": "member", "scope": "WPEFramework::Plugin::DisplaySettings", "scopeKind": "class"}, {"_type": "tag", "name": "m_AudioDeviceDetectTimer", "path": "/home/kavia/workspace/code-generation/app-gateway2/Supporting_Files/DisplaySettings/DisplaySettings.h", "pattern": "/^            TpTimer m_AudioDeviceDetectTimer;$/", "language": "C++", "typeref": "typename:TpTimer", "kind": "member", "scope": "WPEFramework::Plugin::DisplaySettings", "scopeKind": "class"}, {"_type": "tag", "name": "m_AudioDevicePowerOnStatusTimer", "path": "/home/kavia/workspace/code-generation/app-gateway2/Supporting_Files/DisplaySettings/DisplaySettings.h", "pattern": "/^\t    TpTimer m_AudioDevicePowerOnStatusTimer;$/", "language": "C++", "typeref": "typename:TpTimer", "kind": "member", "scope": "WPEFramework::Plugin::DisplaySettings", "scopeKind": "class"}, {"_type": "tag", "name": "m_AudioDeviceSADState", "path": "/home/kavia/workspace/code-generation/app-gateway2/Supporting_Files/DisplaySettings/DisplaySettings.h", "pattern": "/^            int m_AudioDeviceSADState;$/", "language": "C++", "typeref": "typename:int", "kind": "member", "scope": "WPEFramework::Plugin::DisplaySettings", "scopeKind": "class"}, {"_type": "tag", "name": "m_AudioDeviceStatesUpdateMutex", "path": "/home/kavia/workspace/code-generation/app-gateway2/Supporting_Files/DisplaySettings/DisplaySettings.h", "pattern": "/^\t    std::mutex m_AudioDeviceStatesUpdateMutex;$/", "language": "C++", "typeref": "typename:std::mutex", "kind": "member", "scope": "WPEFramework::Plugin::DisplaySettings", "scopeKind": "class"}, {"_type": "tag", "name": "m_SADDetectionTimer", "path": "/home/kavia/workspace/code-generation/app-gateway2/Supporting_Files/DisplaySettings/DisplaySettings.h", "pattern": "/^\t    TpTimer m_SADDetectionTimer;$/", "language": "C++", "typeref": "typename:TpTimer", "kind": "member", "scope": "WPEFramework::Plugin::DisplaySettings", "scopeKind": "class"}, {"_type": "tag", "name": "m_SadMutex", "path": "/home/kavia/workspace/code-generation/app-gateway2/Supporting_Files/DisplaySettings/DisplaySettings.h", "pattern": "/^            std::mutex m_SadMutex;$/", "language": "C++", "typeref": "typename:std::mutex", "kind": "member", "scope": "WPEFramework::Plugin::DisplaySettings", "scopeKind": "class"}, {"_type": "tag", "name": "m_arcEarcAudioEnabled", "path": "/home/kavia/workspace/code-generation/app-gateway2/Supporting_Files/DisplaySettings/DisplaySettings.h", "pattern": "/^            bool m_arcEarcAudioEnabled;$/", "language": "C++", "typeref": "typename:bool", "kind": "member", "scope": "WPEFramework::Plugin::DisplaySettings", "scopeKind": "class"}, {"_type": "tag", "name": "m_arcPendingSADRequest", "path": "/home/kavia/workspace/code-generation/app-gateway2/Supporting_Files/DisplaySettings/DisplaySettings.h", "pattern": "/^            bool m_arcPendingSADRequest;   $/", "language": "C++", "typeref": "typename:bool", "kind": "member", "scope": "WPEFramework::Plugin::DisplaySettings", "scopeKind": "class"}, {"_type": "tag", "name": "m_arcRoutingThread", "path": "/home/kavia/workspace/code-generation/app-gateway2/Supporting_Files/DisplaySettings/DisplaySettings.h", "pattern": "/^\t    std::thread m_arcRoutingThread;$/", "language": "C++", "typeref": "typename:std::thread", "kind": "member", "scope": "WPEFramework::Plugin::DisplaySettings", "scopeKind": "class"}, {"_type": "tag", "name": "m_audioOutputPortConfig", "path": "/home/kavia/workspace/code-generation/app-gateway2/Supporting_Files/DisplaySettings/DisplaySettings.h", "pattern": "/^\t    JsonObject m_audioOutputPortConfig;$/", "language": "C++", "typeref": "typename:JsonObject", "kind": "member", "scope": "WPEFramework::Plugin::DisplaySettings", "scopeKind": "class"}, {"_type": "tag", "name": "m_callMutex", "path": "/home/kavia/workspace/code-generation/app-gateway2/Supporting_Files/DisplaySettings/DisplaySettings.h", "pattern": "/^            std::mutex m_callMutex;$/", "language": "C++", "typeref": "typename:std::mutex", "kind": "member", "scope": "WPEFramework::Plugin::DisplaySettings", "scopeKind": "class"}, {"_type": "tag", "name": "m_cecArcRoutingThreadRun", "path": "/home/kavia/workspace/code-generation/app-gateway2/Supporting_Files/DisplaySettings/DisplaySettings.h", "pattern": "/^\t    bool m_cecArcRoutingThreadRun; $/", "language": "C++", "typeref": "typename:bool", "kind": "member", "scope": "WPEFramework::Plugin::DisplaySettings", "scopeKind": "class"}, {"_type": "tag", "name": "m_client", "path": "/home/kavia/workspace/code-generation/app-gateway2/Supporting_Files/DisplaySettings/DisplaySettings.h", "pattern": "/^\t    WPEFramework::JSONRPC::LinkType<WPEFramework::Core::JSON::IElement>* m_client;$/", "language": "C++", "typeref": "typename:WPEFramework::JSONRPC::LinkType<WPEFramework::Core::JSON::IElement> *", "kind": "member", "scope": "WPEFramework::Plugin::DisplaySettings", "scopeKind": "class"}, {"_type": "tag", "name": "m_clientRegisteredEventNames", "path": "/home/kavia/workspace/code-generation/app-gateway2/Supporting_Files/DisplaySettings/DisplaySettings.h", "pattern": "/^\t    std::vector<std::string> m_clientRegisteredEventNames;$/", "language": "C++", "typeref": "typename:std::vector<std::string>", "kind": "member", "scope": "WPEFramework::Plugin::DisplaySettings", "scopeKind": "class"}, {"_type": "tag", "name": "m_currentArcRoutingState", "path": "/home/kavia/workspace/code-generation/app-gateway2/Supporting_Files/DisplaySettings/DisplaySettings.h", "pattern": "/^            int m_currentArcRoutingState;$/", "language": "C++", "typeref": "typename:int", "kind": "member", "scope": "WPEFramework::Plugin::DisplaySettings", "scopeKind": "class"}, {"_type": "tag", "name": "m_hdmiCecAudioDeviceDetected", "path": "/home/kavia/workspace/code-generation/app-gateway2/Supporting_Files/DisplaySettings/DisplaySettings.h", "pattern": "/^\t    bool m_hdmiCecAudioDeviceDetected;$/", "language": "C++", "typeref": "typename:bool", "kind": "member", "scope": "WPEFramework::Plugin::DisplaySettings", "scopeKind": "class"}, {"_type": "tag", "name": "m_hdmiInAudioDeviceConnected", "path": "/home/kavia/workspace/code-generation/app-gateway2/Supporting_Files/DisplaySettings/DisplaySettings.h", "pattern": "/^\t    bool m_hdmiInAudioDeviceConnected;$/", "language": "C++", "typeref": "typename:bool", "kind": "member", "scope": "WPEFramework::Plugin::DisplaySettings", "scopeKind": "class"}, {"_type": "tag", "name": "m_hdmiInAudioDevicePowerState", "path": "/home/kavia/workspace/code-generation/app-gateway2/Supporting_Files/DisplaySettings/DisplaySettings.h", "pattern": "/^            int m_hdmiInAudioDevicePowerState;$/", "language": "C++", "typeref": "typename:int", "kind": "member", "scope": "WPEFramework::Plugin::DisplaySettings", "scopeKind": "class"}, {"_type": "tag", "name": "m_hdmiInAudioDeviceType", "path": "/home/kavia/workspace/code-generation/app-gateway2/Supporting_Files/DisplaySettings/DisplaySettings.h", "pattern": "/^\t    dsAudioARCTypes_t m_hdmiInAudioDeviceType;$/", "language": "C++", "typeref": "typename:dsAudioARCTypes_t", "kind": "member", "scope": "WPEFramework::Plugin::DisplaySettings", "scopeKind": "class"}, {"_type": "tag", "name": "m_isPwrMgr2RFCEnabled", "path": "/home/kavia/workspace/code-generation/app-gateway2/Supporting_Files/DisplaySettings/DisplaySettings.h", "pattern": "/^            bool m_isPwrMgr2RFCEnabled;$/", "language": "C++", "typeref": "typename:bool", "kind": "member", "scope": "WPEFramework::Plugin::DisplaySettings", "scopeKind": "class"}, {"_type": "tag", "name": "m_powerState", "path": "/home/kavia/workspace/code-generation/app-gateway2/Supporting_Files/DisplaySettings/DisplaySettings.h", "pattern": "/^            static IARM_Bus_PWRMgr_PowerState_t m_powerState;$/", "language": "C++", "typeref": "typename:IARM_Bus_PWRMgr_PowerState_t", "kind": "member", "scope": "WPEFramework::Plugin::DisplaySettings", "scopeKind": "class"}, {"_type": "tag", "name": "m_requestSad", "path": "/home/kavia/workspace/code-generation/app-gateway2/Supporting_Files/DisplaySettings/DisplaySettings.h", "pattern": "/^\t    bool m_requestSad;$/", "language": "C++", "typeref": "typename:bool", "kind": "member", "scope": "WPEFramework::Plugin::DisplaySettings", "scopeKind": "class"}, {"_type": "tag", "name": "m_requestSadRetrigger", "path": "/home/kavia/workspace/code-generation/app-gateway2/Supporting_Files/DisplaySettings/DisplaySettings.h", "pattern": "/^\t    bool m_requestSadRetrigger;$/", "language": "C++", "typeref": "typename:bool", "kind": "member", "scope": "WPEFramework::Plugin::DisplaySettings", "scopeKind": "class"}, {"_type": "tag", "name": "m_sendMsgCV", "path": "/home/kavia/workspace/code-generation/app-gateway2/Supporting_Files/DisplaySettings/DisplaySettings.h", "pattern": "/^            std::condition_variable m_sendMsgCV;$/", "language": "C++", "typeref": "typename:std::condition_variable", "kind": "member", "scope": "WPEFramework::Plugin::DisplaySettings", "scopeKind": "class"}, {"_type": "tag", "name": "m_sendMsgMutex", "path": "/home/kavia/workspace/code-generation/app-gateway2/Supporting_Files/DisplaySettings/DisplaySettings.h", "pattern": "/^            std::mutex m_sendMsgMutex;$/", "language": "C++", "typeref": "typename:std::mutex", "kind": "member", "scope": "WPEFramework::Plugin::DisplaySettings", "scopeKind": "class"}, {"_type": "tag", "name": "m_sendMsgQueue", "path": "/home/kavia/workspace/code-generation/app-gateway2/Supporting_Files/DisplaySettings/DisplaySettings.h", "pattern": "/^\t    std::queue<SendMsgInfo> m_sendMsgQueue;$/", "language": "C++", "typeref": "typename:std::queue<SendMsgInfo>", "kind": "member", "scope": "WPEFramework::Plugin::DisplaySettings", "scopeKind": "class"}, {"_type": "tag", "name": "m_sendMsgThread", "path": "/home/kavia/workspace/code-generation/app-gateway2/Supporting_Files/DisplaySettings/DisplaySettings.h", "pattern": "/^            std::thread m_sendMsgThread;$/", "language": "C++", "typeref": "typename:std::thread", "kind": "member", "scope": "WPEFramework::Plugin::DisplaySettings", "scopeKind": "class"}, {"_type": "tag", "name": "m_sendMsgThreadExit", "path": "/home/kavia/workspace/code-generation/app-gateway2/Supporting_Files/DisplaySettings/DisplaySettings.h", "pattern": "/^            bool m_sendMsgThreadExit;$/", "language": "C++", "typeref": "typename:bool", "kind": "member", "scope": "WPEFramework::Plugin::DisplaySettings", "scopeKind": "class"}, {"_type": "tag", "name": "m_sendMsgThreadRun", "path": "/home/kavia/workspace/code-generation/app-gateway2/Supporting_Files/DisplaySettings/DisplaySettings.h", "pattern": "/^            bool m_sendMsgThreadRun;$/", "language": "C++", "typeref": "typename:bool", "kind": "member", "scope": "WPEFramework::Plugin::DisplaySettings", "scopeKind": "class"}, {"_type": "tag", "name": "m_service", "path": "/home/kavia/workspace/code-generation/app-gateway2/Supporting_Files/DisplaySettings/DisplaySettings.h", "pattern": "/^            PluginHost::IShell* m_service = nullptr;$/", "language": "C++", "typeref": "typename:PluginHost::IShell *", "kind": "member", "scope": "WPEFramework::Plugin::DisplaySettings", "scopeKind": "class"}, {"_type": "tag", "name": "m_subscribed", "path": "/home/kavia/workspace/code-generation/app-gateway2/Supporting_Files/DisplaySettings/DisplaySettings.h", "pattern": "/^            bool m_subscribed;$/", "language": "C++", "typeref": "typename:bool", "kind": "member", "scope": "WPEFramework::Plugin::DisplaySettings", "scopeKind": "class"}, {"_type": "tag", "name": "m_systemAudioMode_Power_RequestedAndReceived", "path": "/home/kavia/workspace/code-generation/app-gateway2/Supporting_Files/DisplaySettings/DisplaySettings.h", "pattern": "/^\t    bool m_systemAudioMode_Power_RequestedAndReceived;$/", "language": "C++", "typeref": "typename:bool", "kind": "member", "scope": "WPEFramework::Plugin::DisplaySettings", "scopeKind": "class"}, {"_type": "tag", "name": "m_timer", "path": "/home/kavia/workspace/code-generation/app-gateway2/Supporting_Files/DisplaySettings/DisplaySettings.h", "pattern": "/^\t    TpTimer m_timer;$/", "language": "C++", "typeref": "typename:TpTimer", "kind": "member", "scope": "WPEFramework::Plugin::DisplaySettings", "scopeKind": "class"}, {"_type": "tag", "name": "msg", "path": "/home/kavia/workspace/code-generation/app-gateway2/Supporting_Files/DisplaySettings/DisplaySettings.h", "pattern": "/^                   int msg;$/", "language": "C++", "typeref": "typename:int", "kind": "member", "scope": "WPEFramework::Plugin::DisplaySettings::sendMsgInfo", "scopeKind": "struct"}, {"_type": "tag", "name": "msg_t", "path": "/home/kavia/workspace/code-generation/app-gateway2/Supporting_Files/DisplaySettings/DisplaySettings.h", "pattern": "/^\t\t} msg_t;$/", "language": "C++", "typeref": "enum:WPEFramework::Plugin::DisplaySettings::__anoncef509f80503", "kind": "typedef", "scope": "WPEFramework::Plugin::DisplaySettings", "scopeKind": "class"}, {"_type": "tag", "name": "param", "path": "/home/kavia/workspace/code-generation/app-gateway2/Supporting_Files/DisplaySettings/DisplaySettings.h", "pattern": "/^                   void *param;$/", "language": "C++", "typeref": "typename:void *", "kind": "member", "scope": "WPEFramework::Plugin::DisplaySettings::sendMsgInfo", "scopeKind": "struct"}, {"_type": "tag", "name": "sendMsgInfo", "path": "/home/kavia/workspace/code-generation/app-gateway2/Supporting_Files/DisplaySettings/DisplaySettings.h", "pattern": "/^\t   typedef struct sendMsgInfo {$/", "language": "C++", "kind": "struct", "scope": "WPEFramework::Plugin::DisplaySettings", "scopeKind": "class"}], "hash": "a0fd2cceafcb6de840eddf367d04d42f", "format-version": 4, "code-base-name": "app-gateway2", "filename": "Supporting_Files/DisplaySettings/DisplaySettings.h", "fields": [{"name": "Core::CriticalSection _adminLock", "scope": "WPEFramework::Plugin::DisplaySettings", "scopeKind": "class", "description": "unavailable"}, {"name": "DisplaySettings * _instance", "scope": "WPEFramework::Plugin::DisplaySettings", "scopeKind": "class", "description": "unavailable"}, {"name": "std::condition_variable arcRoutingCV", "scope": "WPEFramework::Plugin::DisplaySettings", "scopeKind": "class", "description": "unavailable"}, {"name": "TpTimer m_ArcDetectionTimer", "scope": "WPEFramework::Plugin::DisplaySettings", "scopeKind": "class", "description": "unavailable"}, {"name": "TpTimer m_AudioDeviceDetectTimer", "scope": "WPEFramework::Plugin::DisplaySettings", "scopeKind": "class", "description": "unavailable"}, {"name": "TpTimer m_AudioDevicePowerOnStatusTimer", "scope": "WPEFramework::Plugin::DisplaySettings", "scopeKind": "class", "description": "unavailable"}, {"name": "int m_AudioDeviceSADState", "scope": "WPEFramework::Plugin::DisplaySettings", "scopeKind": "class", "description": "unavailable"}, {"name": "std::mutex m_AudioDeviceStatesUpdateMutex", "scope": "WPEFramework::Plugin::DisplaySettings", "scopeKind": "class", "description": "unavailable"}, {"name": "TpTimer m_SADDetectionTimer", "scope": "WPEFramework::Plugin::DisplaySettings", "scopeKind": "class", "description": "unavailable"}, {"name": "std::mutex m_SadMutex", "scope": "WPEFramework::Plugin::DisplaySettings", "scopeKind": "class", "description": "unavailable"}, {"name": "bool m_arcEarcAudioEnabled", "scope": "WPEFramework::Plugin::DisplaySettings", "scopeKind": "class", "description": "unavailable"}, {"name": "bool m_arcPendingSADRequest", "scope": "WPEFramework::Plugin::DisplaySettings", "scopeKind": "class", "description": "unavailable"}, {"name": "std::thread m_arcRoutingThread", "scope": "WPEFramework::Plugin::DisplaySettings", "scopeKind": "class", "description": "unavailable"}, {"name": "JsonObject m_audioOutputPortConfig", "scope": "WPEFramework::Plugin::DisplaySettings", "scopeKind": "class", "description": "unavailable"}, {"name": "std::mutex m_callMutex", "scope": "WPEFramework::Plugin::DisplaySettings", "scopeKind": "class", "description": "unavailable"}, {"name": "bool m_cecArcRoutingThreadRun", "scope": "WPEFramework::Plugin::DisplaySettings", "scopeKind": "class", "description": "unavailable"}, {"name": "WPEFramework::JSONRPC::LinkType<WPEFramework::Core::JSON::IElement> * m_client", "scope": "WPEFramework::Plugin::DisplaySettings", "scopeKind": "class", "description": "unavailable"}, {"name": "std::vector<std::string> m_clientRegisteredEventNames", "scope": "WPEFramework::Plugin::DisplaySettings", "scopeKind": "class", "description": "unavailable"}, {"name": "int m_currentArcRoutingState", "scope": "WPEFramework::Plugin::DisplaySettings", "scopeKind": "class", "description": "unavailable"}, {"name": "bool m_hdmiCecAudioDeviceDetected", "scope": "WPEFramework::Plugin::DisplaySettings", "scopeKind": "class", "description": "unavailable"}, {"name": "bool m_hdmiInAudioDeviceConnected", "scope": "WPEFramework::Plugin::DisplaySettings", "scopeKind": "class", "description": "unavailable"}, {"name": "int m_hdmiInAudioDevicePowerState", "scope": "WPEFramework::Plugin::DisplaySettings", "scopeKind": "class", "description": "unavailable"}, {"name": "dsAudioARCTypes_t m_hdmiInAudioDeviceType", "scope": "WPEFramework::Plugin::DisplaySettings", "scopeKind": "class", "description": "unavailable"}, {"name": "bool m_isPwrMgr2RFCEnabled", "scope": "WPEFramework::Plugin::DisplaySettings", "scopeKind": "class", "description": "unavailable"}, {"name": "IARM_Bus_PWRMgr_PowerState_t m_powerState", "scope": "WPEFramework::Plugin::DisplaySettings", "scopeKind": "class", "description": "unavailable"}, {"name": "bool m_requestSad", "scope": "WPEFramework::Plugin::DisplaySettings", "scopeKind": "class", "description": "unavailable"}, {"name": "bool m_requestSadRetrigger", "scope": "WPEFramework::Plugin::DisplaySettings", "scopeKind": "class", "description": "unavailable"}, {"name": "std::condition_variable m_sendMsgCV", "scope": "WPEFramework::Plugin::DisplaySettings", "scopeKind": "class", "description": "unavailable"}, {"name": "std::mutex m_sendMsgMutex", "scope": "WPEFramework::Plugin::DisplaySettings", "scopeKind": "class", "description": "unavailable"}, {"name": "std::queue<SendMsgInfo> m_sendMsgQueue", "scope": "WPEFramework::Plugin::DisplaySettings", "scopeKind": "class", "description": "unavailable"}, {"name": "std::thread m_sendMsgThread", "scope": "WPEFramework::Plugin::DisplaySettings", "scopeKind": "class", "description": "unavailable"}, {"name": "bool m_sendMsgThreadExit", "scope": "WPEFramework::Plugin::DisplaySettings", "scopeKind": "class", "description": "unavailable"}, {"name": "bool m_sendMsgThreadRun", "scope": "WPEFramework::Plugin::DisplaySettings", "scopeKind": "class", "description": "unavailable"}, {"name": "PluginHost::IShell * m_service", "scope": "WPEFramework::Plugin::DisplaySettings", "scopeKind": "class", "description": "unavailable"}, {"name": "bool m_subscribed", "scope": "WPEFramework::Plugin::DisplaySettings", "scopeKind": "class", "description": "unavailable"}, {"name": "bool m_systemAudioMode_Power_RequestedAndReceived", "scope": "WPEFramework::Plugin::DisplaySettings", "scopeKind": "class", "description": "unavailable"}, {"name": "TpTimer m_timer", "scope": "WPEFramework::Plugin::DisplaySettings", "scopeKind": "class", "description": "unavailable"}, {"name": "int msg", "scope": "WPEFramework::Plugin::DisplaySettings::sendMsgInfo", "scopeKind": "struct", "description": "unavailable"}, {"name": "void * param", "scope": "WPEFramework::Plugin::DisplaySettings::sendMsgInfo", "scopeKind": "struct", "description": "unavailable"}], "revision_history": [{"892": "ef86df2c8df3fef6f567643b583ee28870c1ba4c"}]}