{"is_source_file": true, "format": "C++", "description": "Source file for the Module implementation, includes licensing information, includes the header 'Module.h', and contains module-related macros.", "external_files": ["Module.h"], "external_methods": ["MODULE_NAME_DECLARATION"], "published": [], "classes": [], "methods": [], "calls": ["MODULE_NAME_DECLARATION"], "search-terms": ["Module.cpp", "MODULE_NAME_DECLARATION", "BUILD_REFERENCE", "C++ source"], "state": 2, "file_id": 262, "knowledge_revision": 875, "git_revision": "ef86df2c8df3fef6f567643b583ee28870c1ba4c", "ctags": [], "hash": "83504c079ed6b320c74acb230fbebc3f", "format-version": 4, "code-base-name": "app-gateway2", "filename": "Supporting_Files/HdcpProfile/Module.cpp", "revision_history": [{"875": "ef86df2c8df3fef6f567643b583ee28870c1ba4c"}]}