{"is_source_file": false, "format": "", "description": "", "external_files": [], "external_methods": [], "published": [], "classes": [], "methods": [], "calls": [], "search-terms": [], "state": 2, "file_id": 258, "knowledge_revision": 871, "git_revision": "ef86df2c8df3fef6f567643b583ee28870c1ba4c", "hash": "f705916a63d2aba1b736efd7d64fd550", "format-version": 4, "code-base-name": "app-gateway2", "filename": "Supporting_Files/HdcpProfile/HdcpProfile.json", "revision_history": [{"871": "ef86df2c8df3fef6f567643b583ee28870c1ba4c"}]}