{"is_source_file": false, "format": "", "description": "", "external_files": [], "external_methods": [], "published": [], "classes": [], "methods": [], "calls": [], "search-terms": [], "state": 2, "file_id": 208, "knowledge_revision": 692, "git_revision": "7541615396d97800a8dedd6a14e20d3bd2197bf0", "hash": "e3d4d637ed132d3abf394a37c05c0fea", "format-version": 4, "code-base-name": "app-gateway2", "filename": "Supporting_Files/Ripple_Badger_Extn/rust-toolchain.toml", "revision_history": [{"692": "7541615396d97800a8dedd6a14e20d3bd2197bf0"}]}