{"is_source_file": false, "format": "", "description": "", "external_files": [], "external_methods": [], "published": [], "classes": [], "methods": [], "calls": [], "search-terms": [], "state": 2, "file_id": 280, "knowledge_revision": 882, "git_revision": "ef86df2c8df3fef6f567643b583ee28870c1ba4c", "hash": "a8510c7c9108c36469ba33775561f881", "format-version": 4, "code-base-name": "app-gateway2", "filename": "Supporting_Files/DisplaySettings/README.md", "revision_history": [{"882": "ef86df2c8df3fef6f567643b583ee28870c1ba4c"}]}