{"is_source_file": false, "format": "", "description": "", "external_files": [], "external_methods": [], "published": [], "classes": [], "methods": [], "calls": [], "search-terms": [], "state": 2, "file_id": 275, "knowledge_revision": 878, "git_revision": "ef86df2c8df3fef6f567643b583ee28870c1ba4c", "hash": "c39bb43ace86b570dcb2b9ee9b4e988d", "format-version": 4, "code-base-name": "app-gateway2", "filename": "Supporting_Files/RDKShell/RDKShellPlugin.json", "revision_history": [{"878": "ef86df2c8df3fef6f567643b583ee28870c1ba4c"}]}