{"is_source_file": true, "format": "C++", "description": "The file 'RialtoConnector.cpp' contains implementation of the 'RialtoConnector' class, including methods for managing application sessions such as create, resume, suspend, deactivate, and handling state changes. It references external components like 'ServerManagerConfig' and 'AppConfig', and uses common C++ features such as threading, synchronization, and external variables.", "external_files": ["RialtoConnector.h"], "external_methods": ["create(shared_from_this(), config)", "m_serverManagerService->initiateApplication()", "m_serverManagerService->changeSessionServerState()"], "published": ["initialize", "createAppSession", "resumeSession", "suspendSession", "getCurrentAppState", "deactivateSession", "stateChanged", "waitForStateChange"], "classes": [{"name": "RialtoConnector", "description": "A class responsible for managing application sessions and state transitions in the Rialto framework."}], "methods": [{"name": "void initialize()", "description": "Initializes the RialtoConnector, setting up environment variables and creating the server manager service.", "scope": "WPEFramework::RialtoConnector", "scopeKind": "class"}, {"name": "bool createAppSession(const std::string & callsign,const std::string & displayName,const std::string & appId)", "description": "Creates a new application session with the specified callsign, display name, and app ID.", "scope": "WPEFramework::RialtoConnector", "scopeKind": "class"}, {"name": "bool resumeSession(const std::string & callsign)", "description": "Resumes a session if it is currently inactive.", "scope": "WPEFramework::RialtoConnector", "scopeKind": "class"}, {"name": "bool suspendSession(const std::string & callsign)", "description": "Suspends an active session.", "scope": "WPEFramework::RialtoConnector", "scopeKind": "class"}, {"name": "const RialtoServerStates getCurrentAppState(const std::string & callsign)", "description": "Returns the current state of the application identified by the callsign.", "scope": "WPEFramework::RialtoConnector", "scopeKind": "class"}, {"name": "bool deactivateSession(const std::string & callsign)", "description": "Deactivates a session, changing its state to NOT_RUNNING.", "scope": "WPEFramework::RialtoConnector", "scopeKind": "class"}, {"name": "void stateChanged(const std::string & appId,const RialtoServerStates & state)", "description": "Callback invoked when the state of an app changes, updates internal map and notifies condition variable.", "scope": "WPEFramework::RialtoConnector", "scopeKind": "class"}, {"name": "bool waitForStateChange(const std::string & appId,const RialtoServerStates & state,int timeoutMillis)", "description": "Blocks until an application reaches a specified state or a timeout occurs.", "scope": "WPEFramework::RialtoConnector", "scopeKind": "class"}, {"name": "std::list<std::string> getEnvironmentVariables()", "scope": "WPEFramework::__anon6d79ef540111", "scopeKind": "namespace", "description": "unavailable"}], "calls": ["getEnvironmentVariables", "m_serverManagerService->initiateApplication", "m_serverManagerService->changeSessionServerState", "appStateMap.find", "m_stateCond.notify_one", "m_stateCond.wait_for"], "search-terms": ["RialtoConnector", "application session management", "session state transition", "stateChanged callback", "waitForStateChange"], "state": 2, "file_id": 274, "knowledge_revision": 889, "git_revision": "ef86df2c8df3fef6f567643b583ee28870c1ba4c", "ctags": [{"_type": "tag", "name": "WPEFramework", "path": "/home/kavia/workspace/code-generation/app-gateway2/Supporting_Files/RDKShell/RialtoConnector.cpp", "pattern": "/^namespace WPEFramework$/", "file": true, "language": "C++", "kind": "namespace"}, {"_type": "tag", "name": "__anon6d79ef540111", "path": "/home/kavia/workspace/code-generation/app-gateway2/Supporting_Files/RDKShell/RialtoConnector.cpp", "pattern": "/^    {$/", "file": true, "language": "C++", "kind": "namespace", "scope": "WPEFramework", "scopeKind": "namespace"}, {"_type": "tag", "name": "createAppSession", "path": "/home/kavia/workspace/code-generation/app-gateway2/Supporting_Files/RDKShell/RialtoConnector.cpp", "pattern": "/^    bool RialtoConnector::createAppSession(const std::string &callsign, const std::string &displ/", "language": "C++", "typeref": "typename:bool", "kind": "function", "signature": "(const std::string & callsign,const std::string & displayName,const std::string & appId)", "scope": "WPEFramework::RialtoConnector", "scopeKind": "class"}, {"_type": "tag", "name": "deactivateSession", "path": "/home/kavia/workspace/code-generation/app-gateway2/Supporting_Files/RDKShell/RialtoConnector.cpp", "pattern": "/^    bool RialtoConnector::deactivateSession(const std::string &callsign)$/", "language": "C++", "typeref": "typename:bool", "kind": "function", "signature": "(const std::string & callsign)", "scope": "WPEFramework::RialtoConnector", "scopeKind": "class"}, {"_type": "tag", "name": "getCurrentAppState", "path": "/home/kavia/workspace/code-generation/app-gateway2/Supporting_Files/RDKShell/RialtoConnector.cpp", "pattern": "/^    const RialtoServerStates RialtoConnector::getCurrentAppState(const std::string &callsign)$/", "language": "C++", "typeref": "typename:const RialtoServerStates", "kind": "function", "signature": "(const std::string & callsign)", "scope": "WPEFramework::RialtoConnector", "scopeKind": "class"}, {"_type": "tag", "name": "getEnvironmentVariables", "path": "/home/kavia/workspace/code-generation/app-gateway2/Supporting_Files/RDKShell/RialtoConnector.cpp", "pattern": "/^        std::list<std::string> getEnvironmentVariables()$/", "language": "C++", "typeref": "typename:std::list<std::string>", "kind": "function", "signature": "()", "scope": "WPEFramework::__anon6d79ef540111", "scopeKind": "namespace"}, {"_type": "tag", "name": "initialize", "path": "/home/kavia/workspace/code-generation/app-gateway2/Supporting_Files/RDKShell/RialtoConnector.cpp", "pattern": "/^    void RialtoConnector::initialize()$/", "language": "C++", "typeref": "typename:void", "kind": "function", "signature": "()", "scope": "WPEFramework::RialtoConnector", "scopeKind": "class"}, {"_type": "tag", "name": "resumeSession", "path": "/home/kavia/workspace/code-generation/app-gateway2/Supporting_Files/RDKShell/RialtoConnector.cpp", "pattern": "/^    bool RialtoConnector::resumeSession(const std::string &callsign)$/", "language": "C++", "typeref": "typename:bool", "kind": "function", "signature": "(const std::string & callsign)", "scope": "WPEFramework::RialtoConnector", "scopeKind": "class"}, {"_type": "tag", "name": "stateChanged", "path": "/home/kavia/workspace/code-generation/app-gateway2/Supporting_Files/RDKShell/RialtoConnector.cpp", "pattern": "/^    void RialtoConnector::stateChanged(const std::string &appId,$/", "language": "C++", "typeref": "typename:void", "kind": "function", "signature": "(const std::string & appId,const RialtoServerStates & state)", "scope": "WPEFramework::RialtoConnector", "scopeKind": "class"}, {"_type": "tag", "name": "suspendSession", "path": "/home/kavia/workspace/code-generation/app-gateway2/Supporting_Files/RDKShell/RialtoConnector.cpp", "pattern": "/^    bool RialtoConnector::suspendSession(const std::string &callsign)$/", "language": "C++", "typeref": "typename:bool", "kind": "function", "signature": "(const std::string & callsign)", "scope": "WPEFramework::RialtoConnector", "scopeKind": "class"}, {"_type": "tag", "name": "waitForStateChange", "path": "/home/kavia/workspace/code-generation/app-gateway2/Supporting_Files/RDKShell/RialtoConnector.cpp", "pattern": "/^    bool RialtoConnector::waitForStateChange(const std::string& appId, const RialtoServerStates&/", "language": "C++", "typeref": "typename:bool", "kind": "function", "signature": "(const std::string & appId,const RialtoServerStates & state,int timeoutMillis)", "scope": "WPEFramework::RialtoConnector", "scopeKind": "class"}], "hash": "c51b714c544f09f5892e6460496bf153", "format-version": 4, "code-base-name": "app-gateway2", "filename": "Supporting_Files/RDKShell/RialtoConnector.cpp", "revision_history": [{"889": "ef86df2c8df3fef6f567643b583ee28870c1ba4c"}]}