{"is_source_file": true, "format": "C++ header", "description": "This file defines the TextMessage class, a messaging component within the WPEFramework. It provides serialization and deserialization of text messages using a specific framing protocol.", "external_files": ["Module.h"], "external_methods": [], "published": ["WPEFramework::Messaging::TextMessage"], "classes": [{"name": "TextMessage", "description": "A class representing a text message that can be serialized and deserialized for messaging purposes in the WPEFramework."}], "methods": [{"name": "uint16_t Serialize(uint8_t buffer[],const uint16_t bufferSize) const", "description": "Serializes the text message into a buffer, handling length encoding and null-termination.", "scope": "WPEFramework::Messaging::TextMessage", "scopeKind": "class"}, {"name": "uint16_t Deserialize(const uint8_t buffer[],const uint16_t bufferSize)", "description": "Deserializes data from a buffer into the TextMessage's text field.", "scope": "WPEFramework::Messaging::TextMessage", "scopeKind": "class"}, {"name": "const string & Data() const", "description": "Returns the stored text message.", "scope": "WPEFramework::Messaging::TextMessage", "scopeKind": "class"}, {"name": "TextMessage(const string & text)", "scope": "WPEFramework::Messaging::TextMessage", "scopeKind": "class", "description": "unavailable"}], "calls": ["Core::FrameType<0>::Writer::NullTerminatedText", "Core::FrameType<0>::Reader::NullTerminatedText"], "search-terms": ["TextMessage", "Messaging", "serialize", "deserialize", "TextMessage class"], "state": 2, "file_id": 1690, "knowledge_revision": 4286, "git_revision": "0f87a35b32215bc8547fb583d6c84bd51f603f69", "ctags": [{"_type": "tag", "name": "Data", "path": "/home/kavia/workspace/code-generation/app-gateway2/__import__/extracted/app-gateway2-cga-cmf8e7ba8d/dependencies/install/include/WPEFramework/messaging/TextMessage.h", "pattern": "/^        const string& Data() const override {$/", "language": "C++", "typeref": "typename:const string &", "kind": "function", "signature": "() const", "scope": "WPEFramework::Messaging::TextMessage", "scopeKind": "class"}, {"_type": "tag", "name": "Deserialize", "path": "/home/kavia/workspace/code-generation/app-gateway2/__import__/extracted/app-gateway2-cga-cmf8e7ba8d/dependencies/install/include/WPEFramework/messaging/TextMessage.h", "pattern": "/^        uint16_t Deserialize(const uint8_t buffer[], const uint16_t bufferSize) override$/", "language": "C++", "typeref": "typename:uint16_t", "kind": "function", "signature": "(const uint8_t buffer[],const uint16_t bufferSize)", "scope": "WPEFramework::Messaging::TextMessage", "scopeKind": "class"}, {"_type": "tag", "name": "Messaging", "path": "/home/kavia/workspace/code-generation/app-gateway2/__import__/extracted/app-gateway2-cga-cmf8e7ba8d/dependencies/install/include/WPEFramework/messaging/TextMessage.h", "pattern": "/^namespace Messaging {$/", "language": "C++", "kind": "namespace", "scope": "WPEFramework", "scopeKind": "namespace"}, {"_type": "tag", "name": "Serialize", "path": "/home/kavia/workspace/code-generation/app-gateway2/__import__/extracted/app-gateway2-cga-cmf8e7ba8d/dependencies/install/include/WPEFramework/messaging/TextMessage.h", "pattern": "/^        uint16_t Serialize(uint8_t buffer[], const uint16_t bufferSize) const override$/", "language": "C++", "typeref": "typename:uint16_t", "kind": "function", "signature": "(uint8_t buffer[],const uint16_t bufferSize) const", "scope": "WPEFramework::Messaging::TextMessage", "scopeKind": "class"}, {"_type": "tag", "name": "TextMessage", "path": "/home/kavia/workspace/code-generation/app-gateway2/__import__/extracted/app-gateway2-cga-cmf8e7ba8d/dependencies/install/include/WPEFramework/messaging/TextMessage.h", "pattern": "/^        TextMessage(const string& text)$/", "language": "C++", "kind": "function", "signature": "(const string & text)", "scope": "WPEFramework::Messaging::TextMessage", "scopeKind": "class"}, {"_type": "tag", "name": "TextMessage", "path": "/home/kavia/workspace/code-generation/app-gateway2/__import__/extracted/app-gateway2-cga-cmf8e7ba8d/dependencies/install/include/WPEFramework/messaging/TextMessage.h", "pattern": "/^    class EXTERNAL TextMessage : public Core::Messaging::IEvent {$/", "language": "C++", "kind": "class", "scope": "WPEFramework::Messaging", "scopeKind": "namespace"}, {"_type": "tag", "name": "WPEFramework", "path": "/home/kavia/workspace/code-generation/app-gateway2/__import__/extracted/app-gateway2-cga-cmf8e7ba8d/dependencies/install/include/WPEFramework/messaging/TextMessage.h", "pattern": "/^namespace WPEFramework {$/", "language": "C++", "kind": "namespace"}, {"_type": "tag", "name": "_text", "path": "/home/kavia/workspace/code-generation/app-gateway2/__import__/extracted/app-gateway2-cga-cmf8e7ba8d/dependencies/install/include/WPEFramework/messaging/TextMessage.h", "pattern": "/^        string _text;$/", "language": "C++", "typeref": "typename:string", "kind": "member", "scope": "WPEFramework::Messaging::TextMessage", "scopeKind": "class"}], "hash": "a43ac08ae8bfb5b14b49203ccc6881b4", "format-version": 4, "code-base-name": "app-gateway2", "filename": "__import__/extracted/app-gateway2-cga-cmf8e7ba8d/dependencies/install/include/WPEFramework/messaging/TextMessage.h", "fields": [{"name": "string _text", "scope": "WPEFramework::Messaging::TextMessage", "scopeKind": "class", "description": "unavailable"}], "revision_history": [{"4286": "0f87a35b32215bc8547fb583d6c84bd51f603f69"}]}