{"is_source_file": true, "format": "C++ header file", "description": "This file defines a Request class within the WPEFramework plugin host namespace, including related classes for performance monitoring and JSON-RPC tracking. It appears to serve as a key interface for handling requests, their states, and associated statistics, likely in a plugin or service framework.", "external_files": ["Module.h", "Config.h"], "external_methods": ["Core::Time::Now", "Core::ProxyType", "Core::CriticalSection", "Core::SafeSyncType", "ASSERT"], "published": ["WPEFramework::PluginHost::Request"], "classes": [{"name": "Request", "description": "Represents a request in the plugin host framework, managing request state, associated service, and call specifics."}, {"name": "PerformanceAdministrator", "description": "Optional performance monitoring class for collecting and managing statistics related to request processing."}, {"name": "Statistics", "description": "Inner class within PerformanceAdministrator for storing performance data points; tracks deserialization, thread pool wait, execution, communication, serialization, total times."}, {"name": "Statistics::DataSet", "description": "Structure for holding individual data points for performance metrics."}, {"name": "Statistics::Tuple", "description": "Helper class to manage minimum, maximum, average, and count of a data set."}, {"name": "TrackingJSONRPC", "description": "Class for tracking JSON-RPC message processing times, inheriting from Web::JSONBodyType, used when performance measurement is enabled."}], "methods": [{"name": "Request", "description": "Constructor and destructor for Request class."}, {"name": "bool ServiceCall() const", "description": "Returns true if the request was received over the service prefix path.", "scope": "WPEFramework::PluginHost::Request", "scopeKind": "class"}, {"name": "enumState State() const", "description": "Returns the current state of the request.", "scope": "WPEFramework::PluginHost::Request", "scopeKind": "class"}, {"name": "Core::ProxyType<PluginHost::Service> & Service()", "description": "Returns the proxy to the associated service.", "scope": "WPEFramework::PluginHost::Request", "scopeKind": "class"}, {"name": "void Unauthorized()", "description": "Marks the request as unauthorized.", "scope": "WPEFramework::PluginHost::Request", "scopeKind": "class"}, {"name": "void Clear()", "description": "Resets the request state.", "scope": "WPEFramework::PluginHost::TrackingJSONRPC", "scopeKind": "class"}, {"name": "Service", "description": "Sets service error code, associated service, and service call flag."}, {"name": "void Store(const uint32_t packageSize,const Statistics::DataSet & statistics)", "description": "Stores performance statistics based on package size.", "scope": "WPEFramework::PluginHost::PerformanceAdministrator", "scopeKind": "class"}, {"name": "const Statistics & Retrieve(const uint32_t packageSize) const", "description": "Retrieves performance statistics for a given package size.", "scope": "WPEFramework::PluginHost::PerformanceAdministrator", "scopeKind": "class"}, {"name": "void In(const uint32_t data)", "description": "Records incoming data size and timestamp for JSON-RPC.", "scope": "WPEFramework::PluginHost::TrackingJSONRPC", "scopeKind": "class"}, {"name": "void Out(const uint32_t data)", "description": "Records outgoing data size and timestamp for JSON-RPC.", "scope": "WPEFramework::PluginHost::TrackingJSONRPC", "scopeKind": "class"}, {"name": "void Dispatch()", "description": "Marks the start of thread pool processing.", "scope": "WPEFramework::PluginHost::TrackingJSONRPC", "scopeKind": "class"}, {"name": "Tuple Execution() const", "description": "Marks the execution completion time.", "scope": "WPEFramework::PluginHost::PerformanceAdministrator::Statistics", "scopeKind": "class"}, {"name": "void Acquire()", "description": "Begins timing for request processing.", "scope": "WPEFramework::PluginHost::TrackingJSONRPC", "scopeKind": "class"}, {"name": "void Relinquish()", "description": "Ends timing, calculates total and serialization durations, and stores statistics.", "scope": "WPEFramework::PluginHost::TrackingJSONRPC", "scopeKind": "class"}, {"name": "void Add(const DataSet & data)", "scope": "WPEFramework::PluginHost::PerformanceAdministrator::Statistics", "scopeKind": "class", "description": "unavailable"}, {"name": "uint32_t Average() const", "scope": "WPEFramework::PluginHost::PerformanceAdministrator::Statistics::Tuple", "scopeKind": "class", "description": "unavailable"}, {"name": "Tuple Communication() const", "scope": "WPEFramework::PluginHost::PerformanceAdministrator::Statistics", "scopeKind": "class", "description": "unavailable"}, {"name": "uint32_t Count() const", "scope": "WPEFramework::PluginHost::PerformanceAdministrator::Statistics::Tuple", "scopeKind": "class", "description": "unavailable"}, {"name": "Tuple Deserialization() const", "scope": "WPEFramework::PluginHost::PerformanceAdministrator::Statistics", "scopeKind": "class", "description": "unavailable"}, {"name": "void Execution()", "scope": "WPEFramework::PluginHost::TrackingJSONRPC", "scopeKind": "class", "description": "unavailable"}, {"name": "PerformanceAdministrator & Instance()", "scope": "WPEFramework::PluginHost::PerformanceAdministrator", "scopeKind": "class", "description": "unavailable"}, {"name": "uint32_t Limit() const", "scope": "WPEFramework::PluginHost::PerformanceAdministrator::Statistics", "scopeKind": "class", "description": "unavailable"}, {"name": "uint32_t Maximum() const", "scope": "WPEFramework::PluginHost::PerformanceAdministrator::Statistics::Tuple", "scopeKind": "class", "description": "unavailable"}, {"name": "void Measurement(const uint32_t data)", "scope": "WPEFramework::PluginHost::PerformanceAdministrator::Statistics::Tuple", "scopeKind": "class", "description": "unavailable"}, {"name": "uint32_t Minimum() const", "scope": "WPEFramework::PluginHost::PerformanceAdministrator::Statistics::Tuple", "scopeKind": "class", "description": "unavailable"}, {"name": "PerformanceAdministrator()", "scope": "WPEFramework::PluginHost::PerformanceAdministrator", "scopeKind": "class", "description": "unavailable"}, {"name": "Tuple Serialization() const", "scope": "WPEFramework::PluginHost::PerformanceAdministrator::Statistics", "scopeKind": "class", "description": "unavailable"}, {"name": "Statistics(const uint32_t uptill)", "scope": "WPEFramework::PluginHost::PerformanceAdministrator::Statistics", "scopeKind": "class", "description": "unavailable"}, {"name": "Tuple ThreadPool() const", "scope": "WPEFramework::PluginHost::PerformanceAdministrator::Statistics", "scopeKind": "class", "description": "unavailable"}, {"name": "Tuple Total() const", "scope": "WPEFramework::PluginHost::PerformanceAdministrator::Statistics", "scopeKind": "class", "description": "unavailable"}, {"name": "Tuple()", "scope": "WPEFramework::PluginHost::PerformanceAdministrator::Statistics::Tuple", "scopeKind": "class", "description": "unavailable"}, {"name": "Tuple(const Tuple & copy)", "scope": "WPEFramework::PluginHost::PerformanceAdministrator::Statistics::Tuple", "scopeKind": "class", "description": "unavailable"}], "calls": ["Core::Time::Now", "ASSERT"], "search-terms": ["Request class in plugin framework", "Performance statistics", "JSON-RPC tracking", "WPEFramework plugin request"], "state": 2, "file_id": 1353, "knowledge_revision": 3973, "git_revision": "0f87a35b32215bc8547fb583d6c84bd51f603f69", "ctags": [{"_type": "tag", "name": "Acquire", "path": "/home/kavia/workspace/code-generation/app-gateway2/__import__/extracted/app-gateway2-cga-cmf8e7ba8d/dependencies/install/include/WPEFramework/plugins/Request.h", "pattern": "/^        void Acquire() {$/", "language": "C++", "typeref": "typename:void", "kind": "function", "signature": "()", "scope": "WPEFramework::PluginHost::TrackingJSONRPC", "scopeKind": "class"}, {"_type": "tag", "name": "Add", "path": "/home/kavia/workspace/code-generation/app-gateway2/__import__/extracted/app-gateway2-cga-cmf8e7ba8d/dependencies/install/include/WPEFramework/plugins/Request.h", "pattern": "/^            void Add(const DataSet& data) {$/", "language": "C++", "typeref": "typename:void", "kind": "function", "signature": "(const DataSet & data)", "scope": "WPEFramework::PluginHost::PerformanceAdministrator::Statistics", "scopeKind": "class"}, {"_type": "tag", "name": "Average", "path": "/home/kavia/workspace/code-generation/app-gateway2/__import__/extracted/app-gateway2-cga-cmf8e7ba8d/dependencies/install/include/WPEFramework/plugins/Request.h", "pattern": "/^                uint32_t Average() const {$/", "language": "C++", "typeref": "typename:uint32_t", "kind": "function", "signature": "() const", "scope": "WPEFramework::PluginHost::PerformanceAdministrator::Statistics::Tuple", "scopeKind": "class"}, {"_type": "tag", "name": "COMPLETE", "path": "/home/kavia/workspace/code-generation/app-gateway2/__import__/extracted/app-gateway2-cga-cmf8e7ba8d/dependencies/install/include/WPEFramework/plugins/Request.h", "pattern": "/^            COMPLETE,$/", "language": "C++", "kind": "enumerator", "scope": "WPEFramework::PluginHost::Request::enumState", "scopeKind": "enum"}, {"_type": "tag", "name": "Clear", "path": "/home/kavia/workspace/code-generation/app-gateway2/__import__/extracted/app-gateway2-cga-cmf8e7ba8d/dependencies/install/include/WPEFramework/plugins/Request.h", "pattern": "/^                void Clear() {$/", "language": "C++", "typeref": "typename:void", "kind": "function", "signature": "()", "scope": "WPEFramework::PluginHost::PerformanceAdministrator::Statistics::Tuple", "scopeKind": "class"}, {"_type": "tag", "name": "Clear", "path": "/home/kavia/workspace/code-generation/app-gateway2/__import__/extracted/app-gateway2-cga-cmf8e7ba8d/dependencies/install/include/WPEFramework/plugins/Request.h", "pattern": "/^            void Clear() {$/", "language": "C++", "typeref": "typename:void", "kind": "function", "signature": "()", "scope": "WPEFramework::PluginHost::PerformanceAdministrator::Statistics", "scopeKind": "class"}, {"_type": "tag", "name": "Clear", "path": "/home/kavia/workspace/code-generation/app-gateway2/__import__/extracted/app-gateway2-cga-cmf8e7ba8d/dependencies/install/include/WPEFramework/plugins/Request.h", "pattern": "/^        void Clear() {$/", "language": "C++", "typeref": "typename:void", "kind": "function", "signature": "()", "scope": "WPEFramework::PluginHost::PerformanceAdministrator", "scopeKind": "class"}, {"_type": "tag", "name": "Clear", "path": "/home/kavia/workspace/code-generation/app-gateway2/__import__/extracted/app-gateway2-cga-cmf8e7ba8d/dependencies/install/include/WPEFramework/plugins/Request.h", "pattern": "/^        void Clear() {$/", "language": "C++", "typeref": "typename:void", "kind": "function", "signature": "()", "scope": "WPEFramework::PluginHost::TrackingJSONRPC", "scopeKind": "class"}, {"_type": "tag", "name": "Communication", "path": "/home/kavia/workspace/code-generation/app-gateway2/__import__/extracted/app-gateway2-cga-cmf8e7ba8d/dependencies/install/include/WPEFramework/plugins/Request.h", "pattern": "/^                uint32_t Communication;$/", "language": "C++", "typeref": "typename:uint32_t", "kind": "member", "scope": "WPEFramework::PluginHost::PerformanceAdministrator::Statistics::DataSet", "scopeKind": "struct"}, {"_type": "tag", "name": "Communication", "path": "/home/kavia/workspace/code-generation/app-gateway2/__import__/extracted/app-gateway2-cga-cmf8e7ba8d/dependencies/install/include/WPEFramework/plugins/Request.h", "pattern": "/^            Tuple Communication() const {$/", "language": "C++", "typeref": "typename:Tuple", "kind": "function", "signature": "() const", "scope": "WPEFramework::PluginHost::PerformanceAdministrator::Statistics", "scopeKind": "class"}, {"_type": "tag", "name": "Count", "path": "/home/kavia/workspace/code-generation/app-gateway2/__import__/extracted/app-gateway2-cga-cmf8e7ba8d/dependencies/install/include/WPEFramework/plugins/Request.h", "pattern": "/^                uint32_t Count() const {$/", "language": "C++", "typeref": "typename:uint32_t", "kind": "function", "signature": "() const", "scope": "WPEFramework::PluginHost::PerformanceAdministrator::Statistics::Tuple", "scopeKind": "class"}, {"_type": "tag", "name": "DataSet", "path": "/home/kavia/workspace/code-generation/app-gateway2/__import__/extracted/app-gateway2-cga-cmf8e7ba8d/dependencies/install/include/WPEFramework/plugins/Request.h", "pattern": "/^            struct DataSet {$/", "language": "C++", "kind": "struct", "scope": "WPEFramework::PluginHost::PerformanceAdministrator::Statistics", "scopeKind": "class"}, {"_type": "tag", "name": "Deserialization", "path": "/home/kavia/workspace/code-generation/app-gateway2/__import__/extracted/app-gateway2-cga-cmf8e7ba8d/dependencies/install/include/WPEFramework/plugins/Request.h", "pattern": "/^                uint32_t Deserialization;$/", "language": "C++", "typeref": "typename:uint32_t", "kind": "member", "scope": "WPEFramework::PluginHost::PerformanceAdministrator::Statistics::DataSet", "scopeKind": "struct"}, {"_type": "tag", "name": "Deserialization", "path": "/home/kavia/workspace/code-generation/app-gateway2/__import__/extracted/app-gateway2-cga-cmf8e7ba8d/dependencies/install/include/WPEFramework/plugins/Request.h", "pattern": "/^            Tuple Deserialization() const {$/", "language": "C++", "typeref": "typename:Tuple", "kind": "function", "signature": "() const", "scope": "WPEFramework::PluginHost::PerformanceAdministrator::Statistics", "scopeKind": "class"}, {"_type": "tag", "name": "Dispatch", "path": "/home/kavia/workspace/code-generation/app-gateway2/__import__/extracted/app-gateway2-cga-cmf8e7ba8d/dependencies/install/include/WPEFramework/plugins/Request.h", "pattern": "/^        void Dispatch() {$/", "language": "C++", "typeref": "typename:void", "kind": "function", "signature": "()", "scope": "WPEFramework::PluginHost::TrackingJSONRPC", "scopeKind": "class"}, {"_type": "tag", "name": "Execution", "path": "/home/kavia/workspace/code-generation/app-gateway2/__import__/extracted/app-gateway2-cga-cmf8e7ba8d/dependencies/install/include/WPEFramework/plugins/Request.h", "pattern": "/^                uint32_t Execution;$/", "language": "C++", "typeref": "typename:uint32_t", "kind": "member", "scope": "WPEFramework::PluginHost::PerformanceAdministrator::Statistics::DataSet", "scopeKind": "struct"}, {"_type": "tag", "name": "Execution", "path": "/home/kavia/workspace/code-generation/app-gateway2/__import__/extracted/app-gateway2-cga-cmf8e7ba8d/dependencies/install/include/WPEFramework/plugins/Request.h", "pattern": "/^            Tuple Execution() const {$/", "language": "C++", "typeref": "typename:Tuple", "kind": "function", "signature": "() const", "scope": "WPEFramework::PluginHost::PerformanceAdministrator::Statistics", "scopeKind": "class"}, {"_type": "tag", "name": "Execution", "path": "/home/kavia/workspace/code-generation/app-gateway2/__import__/extracted/app-gateway2-cga-cmf8e7ba8d/dependencies/install/include/WPEFramework/plugins/Request.h", "pattern": "/^\tvoid Execution() {$/", "language": "C++", "typeref": "typename:void", "kind": "function", "signature": "()", "scope": "WPEFramework::PluginHost::TrackingJSONRPC", "scopeKind": "class"}, {"_type": "tag", "name": "INCOMPLETE", "path": "/home/kavia/workspace/code-generation/app-gateway2/__import__/extracted/app-gateway2-cga-cmf8e7ba8d/dependencies/install/include/WPEFramework/plugins/Request.h", "pattern": "/^            INCOMPLETE = 0x01,$/", "language": "C++", "kind": "enumerator", "scope": "WPEFramework::PluginHost::Request::enumState", "scopeKind": "enum"}, {"_type": "tag", "name": "INVALID_VERSION", "path": "/home/kavia/workspace/code-generation/app-gateway2/__import__/extracted/app-gateway2-cga-cmf8e7ba8d/dependencies/install/include/WPEFramework/plugins/Request.h", "pattern": "/^            INVALID_VERSION,$/", "language": "C++", "kind": "enumerator", "scope": "WPEFramework::PluginHost::Request::enumState", "scopeKind": "enum"}, {"_type": "tag", "name": "In", "path": "/home/kavia/workspace/code-generation/app-gateway2/__import__/extracted/app-gateway2-cga-cmf8e7ba8d/dependencies/install/include/WPEFramework/plugins/Request.h", "pattern": "/^\tvoid In(const uint32_t data) {$/", "language": "C++", "typeref": "typename:void", "kind": "function", "signature": "(const uint32_t data)", "scope": "WPEFramework::PluginHost::TrackingJSONRPC", "scopeKind": "class"}, {"_type": "tag", "name": "Instance", "path": "/home/kavia/workspace/code-generation/app-gateway2/__import__/extracted/app-gateway2-cga-cmf8e7ba8d/dependencies/install/include/WPEFramework/plugins/Request.h", "pattern": "/^        static PerformanceAdministrator& Instance() {$/", "language": "C++", "typeref": "typename:PerformanceAdministrator &", "kind": "function", "signature": "()", "scope": "WPEFramework::PluginHost::PerformanceAdministrator", "scopeKind": "class"}, {"_type": "tag", "name": "JSONRPCMessage", "path": "/home/kavia/workspace/code-generation/app-gateway2/__import__/extracted/app-gateway2-cga-cmf8e7ba8d/dependencies/install/include/WPEFramework/plugins/Request.h", "pattern": "/^    using JSONRPCMessage = TrackingJSONRPC;$/", "language": "C++", "typeref": "typename:TrackingJSONRPC", "kind": "typedef", "scope": "WPEFramework::PluginHost", "scopeKind": "namespace"}, {"_type": "tag", "name": "JSONRPCMessage", "path": "/home/kavia/workspace/code-generation/app-gateway2/__import__/extracted/app-gateway2-cga-cmf8e7ba8d/dependencies/install/include/WPEFramework/plugins/Request.h", "pattern": "/^    using JSONRPCMessage = Web::JSONBodyType<Core::JSONRPC::Message>;$/", "language": "C++", "typeref": "typename:Web::JSONBodyType<Core::JSONRPC::Message>", "kind": "typedef", "scope": "WPEFramework::PluginHost", "scopeKind": "namespace"}, {"_type": "tag", "name": "Limit", "path": "/home/kavia/workspace/code-generation/app-gateway2/__import__/extracted/app-gateway2-cga-cmf8e7ba8d/dependencies/install/include/WPEFramework/plugins/Request.h", "pattern": "/^            uint32_t Limit() const {$/", "language": "C++", "typeref": "typename:uint32_t", "kind": "function", "signature": "() const", "scope": "WPEFramework::PluginHost::PerformanceAdministrator::Statistics", "scopeKind": "class"}, {"_type": "tag", "name": "MISSING_CALLSIGN", "path": "/home/kavia/workspace/code-generation/app-gateway2/__import__/extracted/app-gateway2-cga-cmf8e7ba8d/dependencies/install/include/WPEFramework/plugins/Request.h", "pattern": "/^            MISSING_CALLSIGN,$/", "language": "C++", "kind": "enumerator", "scope": "WPEFramework::PluginHost::Request::enumState", "scopeKind": "enum"}, {"_type": "tag", "name": "Maximum", "path": "/home/kavia/workspace/code-generation/app-gateway2/__import__/extracted/app-gateway2-cga-cmf8e7ba8d/dependencies/install/include/WPEFramework/plugins/Request.h", "pattern": "/^                uint32_t Maximum() const {$/", "language": "C++", "typeref": "typename:uint32_t", "kind": "function", "signature": "() const", "scope": "WPEFramework::PluginHost::PerformanceAdministrator::Statistics::Tuple", "scopeKind": "class"}, {"_type": "tag", "name": "Measurement", "path": "/home/kavia/workspace/code-generation/app-gateway2/__import__/extracted/app-gateway2-cga-cmf8e7ba8d/dependencies/install/include/WPEFramework/plugins/Request.h", "pattern": "/^                void Measurement(const uint32_t data) {$/", "language": "C++", "typeref": "typename:void", "kind": "function", "signature": "(const uint32_t data)", "scope": "WPEFramework::PluginHost::PerformanceAdministrator::Statistics::Tuple", "scopeKind": "class"}, {"_type": "tag", "name": "Minimum", "path": "/home/kavia/workspace/code-generation/app-gateway2/__import__/extracted/app-gateway2-cga-cmf8e7ba8d/dependencies/install/include/WPEFramework/plugins/Request.h", "pattern": "/^                uint32_t Minimum() const {$/", "language": "C++", "typeref": "typename:uint32_t", "kind": "function", "signature": "() const", "scope": "WPEFramework::PluginHost::PerformanceAdministrator::Statistics::Tuple", "scopeKind": "class"}, {"_type": "tag", "name": "OBLIVIOUS", "path": "/home/kavia/workspace/code-generation/app-gateway2/__import__/extracted/app-gateway2-cga-cmf8e7ba8d/dependencies/install/include/WPEFramework/plugins/Request.h", "pattern": "/^            OBLIVIOUS,$/", "language": "C++", "kind": "enumerator", "scope": "WPEFramework::PluginHost::Request::enumState", "scopeKind": "enum"}, {"_type": "tag", "name": "Out", "path": "/home/kavia/workspace/code-generation/app-gateway2/__import__/extracted/app-gateway2-cga-cmf8e7ba8d/dependencies/install/include/WPEFramework/plugins/Request.h", "pattern": "/^\tvoid Out(const uint32_t data) {$/", "language": "C++", "typeref": "typename:void", "kind": "function", "signature": "(const uint32_t data)", "scope": "WPEFramework::PluginHost::TrackingJSONRPC", "scopeKind": "class"}, {"_type": "tag", "name": "PerformanceAdministrator", "path": "/home/kavia/workspace/code-generation/app-gateway2/__import__/extracted/app-gateway2-cga-cmf8e7ba8d/dependencies/install/include/WPEFramework/plugins/Request.h", "pattern": "/^        PerformanceAdministrator()$/", "language": "C++", "kind": "function", "signature": "()", "scope": "WPEFramework::PluginHost::PerformanceAdministrator", "scopeKind": "class"}, {"_type": "tag", "name": "PerformanceAdministrator", "path": "/home/kavia/workspace/code-generation/app-gateway2/__import__/extracted/app-gateway2-cga-cmf8e7ba8d/dependencies/install/include/WPEFramework/plugins/Request.h", "pattern": "/^    class PerformanceAdministrator {$/", "language": "C++", "kind": "class", "scope": "WPEFramework::PluginHost", "scopeKind": "namespace"}, {"_type": "tag", "name": "PluginHost", "path": "/home/kavia/workspace/code-generation/app-gateway2/__import__/extracted/app-gateway2-cga-cmf8e7ba8d/dependencies/install/include/WPEFramework/plugins/Request.h", "pattern": "/^namespace PluginHost {$/", "language": "C++", "kind": "namespace", "scope": "WPEFramework", "scopeKind": "namespace"}, {"_type": "tag", "name": "Relinquish", "path": "/home/kavia/workspace/code-generation/app-gateway2/__import__/extracted/app-gateway2-cga-cmf8e7ba8d/dependencies/install/include/WPEFramework/plugins/Request.h", "pattern": "/^        void Relinquish() {$/", "language": "C++", "typeref": "typename:void", "kind": "function", "signature": "()", "scope": "WPEFramework::PluginHost::TrackingJSONRPC", "scopeKind": "class"}, {"_type": "tag", "name": "Request", "path": "/home/kavia/workspace/code-generation/app-gateway2/__import__/extracted/app-gateway2-cga-cmf8e7ba8d/dependencies/install/include/WPEFramework/plugins/Request.h", "pattern": "/^    class EXTERNAL Request : public Web::Request {$/", "language": "C++", "kind": "class", "scope": "WPEFramework::PluginHost", "scopeKind": "namespace"}, {"_type": "tag", "name": "RequestPool", "path": "/home/kavia/workspace/code-generation/app-gateway2/__import__/extracted/app-gateway2-cga-cmf8e7ba8d/dependencies/install/include/WPEFramework/plugins/Request.h", "pattern": "/^    typedef Core::ProxyPoolType<PluginHost::Request> RequestPool;$/", "language": "C++", "typeref": "typename:Core::ProxyPoolType<PluginHost::Request>", "kind": "typedef", "scope": "WPEFramework::PluginHost", "scopeKind": "namespace"}, {"_type": "tag", "name": "Retrieve", "path": "/home/kavia/workspace/code-generation/app-gateway2/__import__/extracted/app-gateway2-cga-cmf8e7ba8d/dependencies/install/include/WPEFramework/plugins/Request.h", "pattern": "/^        const Statistics& Retrieve(const uint32_t packageSize) const {$/", "language": "C++", "typeref": "typename:const Statistics &", "kind": "function", "signature": "(const uint32_t packageSize) const", "scope": "WPEFramework::PluginHost::PerformanceAdministrator", "scopeKind": "class"}, {"_type": "tag", "name": "SERVICE_CALL", "path": "/home/kavia/workspace/code-generation/app-gateway2/__import__/extracted/app-gateway2-cga-cmf8e7ba8d/dependencies/install/include/WPEFramework/plugins/Request.h", "pattern": "/^            SERVICE_CALL = 0x80\t$/", "language": "C++", "kind": "enumerator", "scope": "WPEFramework::PluginHost::Request::enumState", "scopeKind": "enum"}, {"_type": "tag", "name": "Serialization", "path": "/home/kavia/workspace/code-generation/app-gateway2/__import__/extracted/app-gateway2-cga-cmf8e7ba8d/dependencies/install/include/WPEFramework/plugins/Request.h", "pattern": "/^                uint32_t Serialization;$/", "language": "C++", "typeref": "typename:uint32_t", "kind": "member", "scope": "WPEFramework::PluginHost::PerformanceAdministrator::Statistics::DataSet", "scopeKind": "struct"}, {"_type": "tag", "name": "Serialization", "path": "/home/kavia/workspace/code-generation/app-gateway2/__import__/extracted/app-gateway2-cga-cmf8e7ba8d/dependencies/install/include/WPEFramework/plugins/Request.h", "pattern": "/^            Tuple Serialization() const {$/", "language": "C++", "typeref": "typename:Tuple", "kind": "function", "signature": "() const", "scope": "WPEFramework::PluginHost::PerformanceAdministrator::Statistics", "scopeKind": "class"}, {"_type": "tag", "name": "Service", "path": "/home/kavia/workspace/code-generation/app-gateway2/__import__/extracted/app-gateway2-cga-cmf8e7ba8d/dependencies/install/include/WPEFramework/plugins/Request.h", "pattern": "/^        inline Core::ProxyType<PluginHost::Service>& Service()$/", "language": "C++", "typeref": "typename:Core::ProxyType<PluginHost::Service> &", "kind": "function", "signature": "()", "scope": "WPEFramework::PluginHost::Request", "scopeKind": "class"}, {"_type": "tag", "name": "ServiceCall", "path": "/home/kavia/workspace/code-generation/app-gateway2/__import__/extracted/app-gateway2-cga-cmf8e7ba8d/dependencies/install/include/WPEFramework/plugins/Request.h", "pattern": "/^        inline bool ServiceCall() const$/", "language": "C++", "typeref": "typename:bool", "kind": "function", "signature": "() const", "scope": "WPEFramework::PluginHost::Request", "scopeKind": "class"}, {"_type": "tag", "name": "State", "path": "/home/kavia/workspace/code-generation/app-gateway2/__import__/extracted/app-gateway2-cga-cmf8e7ba8d/dependencies/install/include/WPEFramework/plugins/Request.h", "pattern": "/^        inline enumState State() const$/", "language": "C++", "typeref": "typename:enumState", "kind": "function", "signature": "() const", "scope": "WPEFramework::PluginHost::Request", "scopeKind": "class"}, {"_type": "tag", "name": "Statistics", "path": "/home/kavia/workspace/code-generation/app-gateway2/__import__/extracted/app-gateway2-cga-cmf8e7ba8d/dependencies/install/include/WPEFramework/plugins/Request.h", "pattern": "/^            Statistics(const uint32_t uptill)$/", "language": "C++", "kind": "function", "signature": "(const uint32_t uptill)", "scope": "WPEFramework::PluginHost::PerformanceAdministrator::Statistics", "scopeKind": "class"}, {"_type": "tag", "name": "Statistics", "path": "/home/kavia/workspace/code-generation/app-gateway2/__import__/extracted/app-gateway2-cga-cmf8e7ba8d/dependencies/install/include/WPEFramework/plugins/Request.h", "pattern": "/^        class Statistics {$/", "language": "C++", "kind": "class", "scope": "WPEFramework::PluginHost::PerformanceAdministrator", "scopeKind": "class"}, {"_type": "tag", "name": "StatisticsList", "path": "/home/kavia/workspace/code-generation/app-gateway2/__import__/extracted/app-gateway2-cga-cmf8e7ba8d/dependencies/install/include/WPEFramework/plugins/Request.h", "pattern": "/^        using StatisticsList = std::list< Statistics >;$/", "language": "C++", "typeref": "typename:std::list<Statistics>", "kind": "typedef", "scope": "WPEFramework::PluginHost::PerformanceAdministrator", "scopeKind": "class"}, {"_type": "tag", "name": "Store", "path": "/home/kavia/workspace/code-generation/app-gateway2/__import__/extracted/app-gateway2-cga-cmf8e7ba8d/dependencies/install/include/WPEFramework/plugins/Request.h", "pattern": "/^        void Store(const uint32_t packageSize, const Statistics::DataSet& statistics) {$/", "language": "C++", "typeref": "typename:void", "kind": "function", "signature": "(const uint32_t packageSize,const Statistics::DataSet & statistics)", "scope": "WPEFramework::PluginHost::PerformanceAdministrator", "scopeKind": "class"}, {"_type": "tag", "name": "ThreadPool", "path": "/home/kavia/workspace/code-generation/app-gateway2/__import__/extracted/app-gateway2-cga-cmf8e7ba8d/dependencies/install/include/WPEFramework/plugins/Request.h", "pattern": "/^                uint32_t ThreadPool;$/", "language": "C++", "typeref": "typename:uint32_t", "kind": "member", "scope": "WPEFramework::PluginHost::PerformanceAdministrator::Statistics::DataSet", "scopeKind": "struct"}, {"_type": "tag", "name": "ThreadPool", "path": "/home/kavia/workspace/code-generation/app-gateway2/__import__/extracted/app-gateway2-cga-cmf8e7ba8d/dependencies/install/include/WPEFramework/plugins/Request.h", "pattern": "/^            Tuple ThreadPool() const {$/", "language": "C++", "typeref": "typename:Tuple", "kind": "function", "signature": "() const", "scope": "WPEFramework::PluginHost::PerformanceAdministrator::Statistics", "scopeKind": "class"}, {"_type": "tag", "name": "Total", "path": "/home/kavia/workspace/code-generation/app-gateway2/__import__/extracted/app-gateway2-cga-cmf8e7ba8d/dependencies/install/include/WPEFramework/plugins/Request.h", "pattern": "/^                uint32_t Total;$/", "language": "C++", "typeref": "typename:uint32_t", "kind": "member", "scope": "WPEFramework::PluginHost::PerformanceAdministrator::Statistics::DataSet", "scopeKind": "struct"}, {"_type": "tag", "name": "Total", "path": "/home/kavia/workspace/code-generation/app-gateway2/__import__/extracted/app-gateway2-cga-cmf8e7ba8d/dependencies/install/include/WPEFramework/plugins/Request.h", "pattern": "/^            Tuple Total() const {$/", "language": "C++", "typeref": "typename:Tuple", "kind": "function", "signature": "() const", "scope": "WPEFramework::PluginHost::PerformanceAdministrator::Statistics", "scopeKind": "class"}, {"_type": "tag", "name": "TrackingJSONRPC", "path": "/home/kavia/workspace/code-generation/app-gateway2/__import__/extracted/app-gateway2-cga-cmf8e7ba8d/dependencies/install/include/WPEFramework/plugins/Request.h", "pattern": "/^    class TrackingJSONRPC : public Web::JSONBodyType<Core::JSONRPC::Message> {$/", "language": "C++", "kind": "class", "scope": "WPEFramework::PluginHost", "scopeKind": "namespace"}, {"_type": "tag", "name": "Tuple", "path": "/home/kavia/workspace/code-generation/app-gateway2/__import__/extracted/app-gateway2-cga-cmf8e7ba8d/dependencies/install/include/WPEFramework/plugins/Request.h", "pattern": "/^                Tuple() {$/", "language": "C++", "kind": "function", "signature": "()", "scope": "WPEFramework::PluginHost::PerformanceAdministrator::Statistics::Tuple", "scopeKind": "class"}, {"_type": "tag", "name": "Tuple", "path": "/home/kavia/workspace/code-generation/app-gateway2/__import__/extracted/app-gateway2-cga-cmf8e7ba8d/dependencies/install/include/WPEFramework/plugins/Request.h", "pattern": "/^                Tuple(const Tuple& copy) {$/", "language": "C++", "kind": "function", "signature": "(const Tuple & copy)", "scope": "WPEFramework::PluginHost::PerformanceAdministrator::Statistics::Tuple", "scopeKind": "class"}, {"_type": "tag", "name": "Tuple", "path": "/home/kavia/workspace/code-generation/app-gateway2/__import__/extracted/app-gateway2-cga-cmf8e7ba8d/dependencies/install/include/WPEFramework/plugins/Request.h", "pattern": "/^            class Tuple {$/", "language": "C++", "kind": "class", "scope": "WPEFramework::PluginHost::PerformanceAdministrator::Statistics", "scopeKind": "class"}, {"_type": "tag", "name": "UNAUTHORIZED", "path": "/home/kavia/workspace/code-generation/app-gateway2/__import__/extracted/app-gateway2-cga-cmf8e7ba8d/dependencies/install/include/WPEFramework/plugins/Request.h", "pattern": "/^            UNAUTHORIZED,$/", "language": "C++", "kind": "enumerator", "scope": "WPEFramework::PluginHost::Request::enumState", "scopeKind": "enum"}, {"_type": "tag", "name": "Unauthorized", "path": "/home/kavia/workspace/code-generation/app-gateway2/__import__/extracted/app-gateway2-cga-cmf8e7ba8d/dependencies/install/include/WPEFramework/plugins/Request.h", "pattern": "/^\t\tinline void Unauthorized() {$/", "language": "C++", "typeref": "typename:void", "kind": "function", "signature": "()", "scope": "WPEFramework::PluginHost::Request", "scopeKind": "class"}, {"_type": "tag", "name": "WPEFramework", "path": "/home/kavia/workspace/code-generation/app-gateway2/__import__/extracted/app-gateway2-cga-cmf8e7ba8d/dependencies/install/include/WPEFramework/plugins/Request.h", "pattern": "/^namespace WPEFramework {$/", "language": "C++", "kind": "namespace"}, {"_type": "tag", "name": "__PLUGIN_FRAMEWORK_REQUEST_H", "path": "/home/kavia/workspace/code-generation/app-gateway2/__import__/extracted/app-gateway2-cga-cmf8e7ba8d/dependencies/install/include/WPEFramework/plugins/Request.h", "pattern": "/^#define __PLUGIN_FRAMEWORK_REQUEST_H$/", "language": "C++", "kind": "macro"}, {"_type": "tag", "name": "_adminLock", "path": "/home/kavia/workspace/code-generation/app-gateway2/__import__/extracted/app-gateway2-cga-cmf8e7ba8d/dependencies/install/include/WPEFramework/plugins/Request.h", "pattern": "/^            mutable Core::CriticalSection _adminLock;$/", "language": "C++", "typeref": "typename:Core::CriticalSection", "kind": "member", "scope": "WPEFramework::PluginHost::PerformanceAdministrator::Statistics", "scopeKind": "class"}, {"_type": "tag", "name": "_average", "path": "/home/kavia/workspace/code-generation/app-gateway2/__import__/extracted/app-gateway2-cga-cmf8e7ba8d/dependencies/install/include/WPEFramework/plugins/Request.h", "pattern": "/^                uint32_t _average;$/", "language": "C++", "typeref": "typename:uint32_t", "kind": "member", "scope": "WPEFramework::PluginHost::PerformanceAdministrator::Statistics::Tuple", "scopeKind": "class"}, {"_type": "tag", "name": "_begin", "path": "/home/kavia/workspace/code-generation/app-gateway2/__import__/extracted/app-gateway2-cga-cmf8e7ba8d/dependencies/install/include/WPEFramework/plugins/Request.h", "pattern": "/^        uint64_t _begin;$/", "language": "C++", "typeref": "typename:uint64_t", "kind": "member", "scope": "WPEFramework::PluginHost::TrackingJSONRPC", "scopeKind": "class"}, {"_type": "tag", "name": "_communication", "path": "/home/kavia/workspace/code-generation/app-gateway2/__import__/extracted/app-gateway2-cga-cmf8e7ba8d/dependencies/install/include/WPEFramework/plugins/Request.h", "pattern": "/^            Tuple _communication;$/", "language": "C++", "typeref": "typename:Tuple", "kind": "member", "scope": "WPEFramework::PluginHost::PerformanceAdministrator::Statistics", "scopeKind": "class"}, {"_type": "tag", "name": "_count", "path": "/home/kavia/workspace/code-generation/app-gateway2/__import__/extracted/app-gateway2-cga-cmf8e7ba8d/dependencies/install/include/WPEFramework/plugins/Request.h", "pattern": "/^                uint32_t _count;$/", "language": "C++", "typeref": "typename:uint32_t", "kind": "member", "scope": "WPEFramework::PluginHost::PerformanceAdministrator::Statistics::Tuple", "scopeKind": "class"}, {"_type": "tag", "name": "_deserialization", "path": "/home/kavia/workspace/code-generation/app-gateway2/__import__/extracted/app-gateway2-cga-cmf8e7ba8d/dependencies/install/include/WPEFramework/plugins/Request.h", "pattern": "/^            Tuple _deserialization;$/", "language": "C++", "typeref": "typename:Tuple", "kind": "member", "scope": "WPEFramework::PluginHost::PerformanceAdministrator::Statistics", "scopeKind": "class"}, {"_type": "tag", "name": "_execution", "path": "/home/kavia/workspace/code-generation/app-gateway2/__import__/extracted/app-gateway2-cga-cmf8e7ba8d/dependencies/install/include/WPEFramework/plugins/Request.h", "pattern": "/^            Tuple _execution;$/", "language": "C++", "typeref": "typename:Tuple", "kind": "member", "scope": "WPEFramework::PluginHost::PerformanceAdministrator::Statistics", "scopeKind": "class"}, {"_type": "tag", "name": "_in", "path": "/home/kavia/workspace/code-generation/app-gateway2/__import__/extracted/app-gateway2-cga-cmf8e7ba8d/dependencies/install/include/WPEFramework/plugins/Request.h", "pattern": "/^        uint32_t _in;$/", "language": "C++", "typeref": "typename:uint32_t", "kind": "member", "scope": "WPEFramework::PluginHost::TrackingJSONRPC", "scopeKind": "class"}, {"_type": "tag", "name": "_limit", "path": "/home/kavia/workspace/code-generation/app-gateway2/__import__/extracted/app-gateway2-cga-cmf8e7ba8d/dependencies/install/include/WPEFramework/plugins/Request.h", "pattern": "/^            uint32_t _limit;$/", "language": "C++", "typeref": "typename:uint32_t", "kind": "member", "scope": "WPEFramework::PluginHost::PerformanceAdministrator::Statistics", "scopeKind": "class"}, {"_type": "tag", "name": "_maximum", "path": "/home/kavia/workspace/code-generation/app-gateway2/__import__/extracted/app-gateway2-cga-cmf8e7ba8d/dependencies/install/include/WPEFramework/plugins/Request.h", "pattern": "/^                uint32_t _maximum;$/", "language": "C++", "typeref": "typename:uint32_t", "kind": "member", "scope": "WPEFramework::PluginHost::PerformanceAdministrator::Statistics::Tuple", "scopeKind": "class"}], "hash": "31c31b49c277a8d994d2326c271da69c", "format-version": 4, "code-base-name": "app-gateway2", "filename": "__import__/extracted/app-gateway2-cga-cmf8e7ba8d/dependencies/install/include/WPEFramework/plugins/Request.h", "fields": [{"name": "uint32_t Communication", "scope": "WPEFramework::PluginHost::PerformanceAdministrator::Statistics::DataSet", "scopeKind": "struct", "description": "unavailable"}, {"name": "uint32_t Deserialization", "scope": "WPEFramework::PluginHost::PerformanceAdministrator::Statistics::DataSet", "scopeKind": "struct", "description": "unavailable"}, {"name": "uint32_t Execution", "scope": "WPEFramework::PluginHost::PerformanceAdministrator::Statistics::DataSet", "scopeKind": "struct", "description": "unavailable"}, {"name": "uint32_t Serialization", "scope": "WPEFramework::PluginHost::PerformanceAdministrator::Statistics::DataSet", "scopeKind": "struct", "description": "unavailable"}, {"name": "uint32_t ThreadPool", "scope": "WPEFramework::PluginHost::PerformanceAdministrator::Statistics::DataSet", "scopeKind": "struct", "description": "unavailable"}, {"name": "uint32_t Total", "scope": "WPEFramework::PluginHost::PerformanceAdministrator::Statistics::DataSet", "scopeKind": "struct", "description": "unavailable"}, {"name": "Core::CriticalSection _adminLock", "scope": "WPEFramework::PluginHost::PerformanceAdministrator::Statistics", "scopeKind": "class", "description": "unavailable"}, {"name": "uint32_t _average", "scope": "WPEFramework::PluginHost::PerformanceAdministrator::Statistics::Tuple", "scopeKind": "class", "description": "unavailable"}, {"name": "uint64_t _begin", "scope": "WPEFramework::PluginHost::TrackingJSONRPC", "scopeKind": "class", "description": "unavailable"}, {"name": "Tuple _communication", "scope": "WPEFramework::PluginHost::PerformanceAdministrator::Statistics", "scopeKind": "class", "description": "unavailable"}, {"name": "uint32_t _count", "scope": "WPEFramework::PluginHost::PerformanceAdministrator::Statistics::Tuple", "scopeKind": "class", "description": "unavailable"}, {"name": "Tuple _deserialization", "scope": "WPEFramework::PluginHost::PerformanceAdministrator::Statistics", "scopeKind": "class", "description": "unavailable"}, {"name": "Tuple _execution", "scope": "WPEFramework::PluginHost::PerformanceAdministrator::Statistics", "scopeKind": "class", "description": "unavailable"}, {"name": "uint32_t _in", "scope": "WPEFramework::PluginHost::TrackingJSONRPC", "scopeKind": "class", "description": "unavailable"}, {"name": "uint32_t _limit", "scope": "WPEFramework::PluginHost::PerformanceAdministrator::Statistics", "scopeKind": "class", "description": "unavailable"}, {"name": "uint32_t _maximum", "scope": "WPEFramework::PluginHost::PerformanceAdministrator::Statistics::Tuple", "scopeKind": "class", "description": "unavailable"}], "revision_history": [{"3973": "0f87a35b32215bc8547fb583d6c84bd51f603f69"}]}