{"is_source_file": true, "format": "C/C++ header file", "description": "This header file defines fallback macros for versioning information for the OttServices plugin, potentially overridden by build system macros.", "external_files": [], "external_methods": [], "published": [], "classes": [], "methods": [], "calls": [], "search-terms": ["OTTSERVICES_MAJOR_VERSION", "OTTSERVICES_MINOR_VERSION", "OTTSERVICES_PATCH_VERSION", "version macros", "OttServices"], "state": 2, "file_id": 1197, "knowledge_revision": 3814, "git_revision": "0f87a35b32215bc8547fb583d6c84bd51f603f69", "ctags": [{"_type": "tag", "name": "OTTSERVICES_MAJOR_VERSION", "path": "/home/kavia/workspace/code-generation/app-gateway2/__import__/extracted/app-gateway2-cga-cmf8e7ba8d/app-gateway/OttServices/Version.h", "pattern": "/^#define OTTSERVICES_MAJOR_VERSION /", "language": "C++", "kind": "macro"}, {"_type": "tag", "name": "OTTSERVICES_MINOR_VERSION", "path": "/home/kavia/workspace/code-generation/app-gateway2/__import__/extracted/app-gateway2-cga-cmf8e7ba8d/app-gateway/OttServices/Version.h", "pattern": "/^#define OTTSERVICES_MINOR_VERSION /", "language": "C++", "kind": "macro"}, {"_type": "tag", "name": "OTTSERVICES_PATCH_VERSION", "path": "/home/kavia/workspace/code-generation/app-gateway2/__import__/extracted/app-gateway2-cga-cmf8e7ba8d/app-gateway/OttServices/Version.h", "pattern": "/^#define OTTSERVICES_PATCH_VERSION /", "language": "C++", "kind": "macro"}], "hash": "659dfec93c5ed8db73e0d4d5c5c50372", "format-version": 4, "code-base-name": "app-gateway2", "filename": "__import__/extracted/app-gateway2-cga-cmf8e7ba8d/app-gateway/OttServices/Version.h", "revision_history": [{"3814": "0f87a35b32215bc8547fb583d6c84bd51f603f69"}]}