{"is_source_file": true, "format": "C++ header file", "description": "This file defines JSON data classes related to WebBrowser API events, including classes for load failure, load completion, URL change, and visibility change, used for JSON-RPC communication within the WebBrowser module.", "external_files": ["<core/JSON.h>", "<interfaces/IBrowser.h>"], "external_methods": [], "published": ["LoadFailedParamsData", "LoadFinishedParamsData", "URLChangeParamsData", "VisibilityChangeParamsData"], "classes": [{"name": "LoadFailedParamsData", "description": "Represents the JSON data for a failed page load event, containing the URL that failed to load."}, {"name": "LoadFinishedParamsData", "description": "Represents the JSON data for a successfully loaded page, including URL and HTTP status."}, {"name": "URLChangeParamsData", "description": "Contains data about a URL change event, including the URL and whether it is loaded."}, {"name": "VisibilityChangeParamsData", "description": "Represents the JSON data for a visibility change in the WebBrowser, indicating if the browser is hidden."}], "methods": [{"name": "bool IsValid() const", "scope": "WPEFramework::JsonData::WebBrowser::VisibilityChangeParamsData", "scopeKind": "class", "description": "unavailable"}, {"name": "LoadFailedParamsData()", "scope": "WPEFramework::JsonData::WebBrowser::LoadFailedParamsData", "scopeKind": "class", "description": "unavailable"}, {"name": "LoadFinishedParamsData()", "scope": "WPEFramework::JsonData::WebBrowser::LoadFinishedParamsData", "scopeKind": "class", "description": "unavailable"}, {"name": "URLChangeParamsData()", "scope": "WPEFramework::JsonData::WebBrowser::URLChangeParamsData", "scopeKind": "class", "description": "unavailable"}, {"name": "VisibilityChangeParamsData()", "scope": "WPEFramework::JsonData::WebBrowser::VisibilityChangeParamsData", "scopeKind": "class", "description": "unavailable"}], "calls": [], "search-terms": ["JsonData_WebBrowser", "LoadFailedParamsData", "LoadFinishedParamsData", "URLChangeParamsData", "VisibilityChangeParamsData", "JSON::Container", "IBrowser", "WebBrowser", "WebBrowser::VisibilityType", "WebBrowser::HTTPCookieAcceptPolicyType"], "state": 2, "file_id": 1655, "knowledge_revision": 4255, "git_revision": "0f87a35b32215bc8547fb583d6c84bd51f603f69", "ctags": [{"_type": "tag", "name": "Hidden", "path": "/home/kavia/workspace/code-generation/app-gateway2/__import__/extracted/app-gateway2-cga-cmf8e7ba8d/dependencies/install/include/WPEFramework/interfaces/json/JsonData_WebBrowser.h", "pattern": "/^            Core::JSON::Boolean Hidden; \\/\\/ hidden (true) or visible (false)$/", "language": "C++", "typeref": "typename:Core::JSON::Boolean", "kind": "member", "scope": "WPEFramework::JsonData::WebBrowser::VisibilityChangeParamsData", "scopeKind": "class"}, {"_type": "tag", "name": "Httpstatus", "path": "/home/kavia/workspace/code-generation/app-gateway2/__import__/extracted/app-gateway2-cga-cmf8e7ba8d/dependencies/install/include/WPEFramework/interfaces/json/JsonData_WebBrowser.h", "pattern": "/^            Core::JSON::DecSInt32 Httpstatus; \\/\\/ The response code of main resource request$/", "language": "C++", "typeref": "typename:Core::JSON::DecSInt32", "kind": "member", "scope": "WPEFramework::JsonData::WebBrowser::LoadFinishedParamsData", "scopeKind": "class"}, {"_type": "tag", "name": "IsValid", "path": "/home/kavia/workspace/code-generation/app-gateway2/__import__/extracted/app-gateway2-cga-cmf8e7ba8d/dependencies/install/include/WPEFramework/interfaces/json/JsonData_WebBrowser.h", "pattern": "/^            bool IsValid() const$/", "language": "C++", "typeref": "typename:bool", "kind": "function", "signature": "() const", "scope": "WPEFramework::JsonData::WebBrowser::LoadFailedParamsData", "scopeKind": "class"}, {"_type": "tag", "name": "IsValid", "path": "/home/kavia/workspace/code-generation/app-gateway2/__import__/extracted/app-gateway2-cga-cmf8e7ba8d/dependencies/install/include/WPEFramework/interfaces/json/JsonData_WebBrowser.h", "pattern": "/^            bool IsValid() const$/", "language": "C++", "typeref": "typename:bool", "kind": "function", "signature": "() const", "scope": "WPEFramework::JsonData::WebBrowser::LoadFinishedParamsData", "scopeKind": "class"}, {"_type": "tag", "name": "IsValid", "path": "/home/kavia/workspace/code-generation/app-gateway2/__import__/extracted/app-gateway2-cga-cmf8e7ba8d/dependencies/install/include/WPEFramework/interfaces/json/JsonData_WebBrowser.h", "pattern": "/^            bool IsValid() const$/", "language": "C++", "typeref": "typename:bool", "kind": "function", "signature": "() const", "scope": "WPEFramework::JsonData::WebBrowser::URLChangeParamsData", "scopeKind": "class"}, {"_type": "tag", "name": "IsValid", "path": "/home/kavia/workspace/code-generation/app-gateway2/__import__/extracted/app-gateway2-cga-cmf8e7ba8d/dependencies/install/include/WPEFramework/interfaces/json/JsonData_WebBrowser.h", "pattern": "/^            bool IsValid() const$/", "language": "C++", "typeref": "typename:bool", "kind": "function", "signature": "() const", "scope": "WPEFramework::JsonData::WebBrowser::VisibilityChangeParamsData", "scopeKind": "class"}, {"_type": "tag", "name": "JsonData", "path": "/home/kavia/workspace/code-generation/app-gateway2/__import__/extracted/app-gateway2-cga-cmf8e7ba8d/dependencies/install/include/WPEFramework/interfaces/json/JsonData_WebBrowser.h", "pattern": "/^namespace JsonData {$/", "language": "C++", "kind": "namespace", "scope": "WPEFramework", "scopeKind": "namespace"}, {"_type": "tag", "name": "LoadFailedParamsData", "path": "/home/kavia/workspace/code-generation/app-gateway2/__import__/extracted/app-gateway2-cga-cmf8e7ba8d/dependencies/install/include/WPEFramework/interfaces/json/JsonData_WebBrowser.h", "pattern": "/^            LoadFailedParamsData()$/", "language": "C++", "kind": "function", "signature": "()", "scope": "WPEFramework::JsonData::WebBrowser::LoadFailedParamsData", "scopeKind": "class"}, {"_type": "tag", "name": "LoadFailedParamsData", "path": "/home/kavia/workspace/code-generation/app-gateway2/__import__/extracted/app-gateway2-cga-cmf8e7ba8d/dependencies/install/include/WPEFramework/interfaces/json/JsonData_WebBrowser.h", "pattern": "/^        class LoadFailedParamsData : public Core::JSON::Container {$/", "language": "C++", "kind": "class", "scope": "WPEFramework::JsonData::WebBrowser", "scopeKind": "namespace"}, {"_type": "tag", "name": "LoadFinishedParamsData", "path": "/home/kavia/workspace/code-generation/app-gateway2/__import__/extracted/app-gateway2-cga-cmf8e7ba8d/dependencies/install/include/WPEFramework/interfaces/json/JsonData_WebBrowser.h", "pattern": "/^            LoadFinishedParamsData()$/", "language": "C++", "kind": "function", "signature": "()", "scope": "WPEFramework::JsonData::WebBrowser::LoadFinishedParamsData", "scopeKind": "class"}, {"_type": "tag", "name": "LoadFinishedParamsData", "path": "/home/kavia/workspace/code-generation/app-gateway2/__import__/extracted/app-gateway2-cga-cmf8e7ba8d/dependencies/install/include/WPEFramework/interfaces/json/JsonData_WebBrowser.h", "pattern": "/^        class LoadFinishedParamsData : public Core::JSON::Container {$/", "language": "C++", "kind": "class", "scope": "WPEFramework::JsonData::WebBrowser", "scopeKind": "namespace"}, {"_type": "tag", "name": "Loaded", "path": "/home/kavia/workspace/code-generation/app-gateway2/__import__/extracted/app-gateway2-cga-cmf8e7ba8d/dependencies/install/include/WPEFramework/interfaces/json/JsonData_WebBrowser.h", "pattern": "/^            Core::JSON::Boolean Loaded; \\/\\/ loaded (true) or not (false)$/", "language": "C++", "typeref": "typename:Core::JSON::Boolean", "kind": "member", "scope": "WPEFramework::JsonData::WebBrowser::URLChangeParamsData", "scopeKind": "class"}, {"_type": "tag", "name": "URL", "path": "/home/kavia/workspace/code-generation/app-gateway2/__import__/extracted/app-gateway2-cga-cmf8e7ba8d/dependencies/install/include/WPEFramework/interfaces/json/JsonData_WebBrowser.h", "pattern": "/^            Core::JSON::String URL; \\/\\/ The URL that has been failed to load$/", "language": "C++", "typeref": "typename:Core::JSON::String", "kind": "member", "scope": "WPEFramework::JsonData::WebBrowser::LoadFailedParamsData", "scopeKind": "class"}, {"_type": "tag", "name": "URL", "path": "/home/kavia/workspace/code-generation/app-gateway2/__import__/extracted/app-gateway2-cga-cmf8e7ba8d/dependencies/install/include/WPEFramework/interfaces/json/JsonData_WebBrowser.h", "pattern": "/^            Core::JSON::String URL; \\/\\/ The URL that has been loaded or requested$/", "language": "C++", "typeref": "typename:Core::JSON::String", "kind": "member", "scope": "WPEFramework::JsonData::WebBrowser::URLChangeParamsData", "scopeKind": "class"}, {"_type": "tag", "name": "URL", "path": "/home/kavia/workspace/code-generation/app-gateway2/__import__/extracted/app-gateway2-cga-cmf8e7ba8d/dependencies/install/include/WPEFramework/interfaces/json/JsonData_WebBrowser.h", "pattern": "/^            Core::JSON::String URL; \\/\\/ The URL that has been loaded$/", "language": "C++", "typeref": "typename:Core::JSON::String", "kind": "member", "scope": "WPEFramework::JsonData::WebBrowser::LoadFinishedParamsData", "scopeKind": "class"}, {"_type": "tag", "name": "URLChangeParamsData", "path": "/home/kavia/workspace/code-generation/app-gateway2/__import__/extracted/app-gateway2-cga-cmf8e7ba8d/dependencies/install/include/WPEFramework/interfaces/json/JsonData_WebBrowser.h", "pattern": "/^            URLChangeParamsData()$/", "language": "C++", "kind": "function", "signature": "()", "scope": "WPEFramework::JsonData::WebBrowser::URLChangeParamsData", "scopeKind": "class"}, {"_type": "tag", "name": "URLChangeParamsData", "path": "/home/kavia/workspace/code-generation/app-gateway2/__import__/extracted/app-gateway2-cga-cmf8e7ba8d/dependencies/install/include/WPEFramework/interfaces/json/JsonData_WebBrowser.h", "pattern": "/^        class URLChangeParamsData : public Core::JSON::Container {$/", "language": "C++", "kind": "class", "scope": "WPEFramework::JsonData::WebBrowser", "scopeKind": "namespace"}, {"_type": "tag", "name": "VisibilityChangeParamsData", "path": "/home/kavia/workspace/code-generation/app-gateway2/__import__/extracted/app-gateway2-cga-cmf8e7ba8d/dependencies/install/include/WPEFramework/interfaces/json/JsonData_WebBrowser.h", "pattern": "/^            VisibilityChangeParamsData()$/", "language": "C++", "kind": "function", "signature": "()", "scope": "WPEFramework::JsonData::WebBrowser::VisibilityChangeParamsData", "scopeKind": "class"}, {"_type": "tag", "name": "VisibilityChangeParamsData", "path": "/home/kavia/workspace/code-generation/app-gateway2/__import__/extracted/app-gateway2-cga-cmf8e7ba8d/dependencies/install/include/WPEFramework/interfaces/json/JsonData_WebBrowser.h", "pattern": "/^        class VisibilityChangeParamsData : public Core::JSON::Container {$/", "language": "C++", "kind": "class", "scope": "WPEFramework::JsonData::WebBrowser", "scopeKind": "namespace"}, {"_type": "tag", "name": "WPEFramework", "path": "/home/kavia/workspace/code-generation/app-gateway2/__import__/extracted/app-gateway2-cga-cmf8e7ba8d/dependencies/install/include/WPEFramework/interfaces/json/JsonData_WebBrowser.h", "pattern": "/^namespace WPEFramework {$/", "language": "C++", "kind": "namespace"}, {"_type": "tag", "name": "WebBrowser", "path": "/home/kavia/workspace/code-generation/app-gateway2/__import__/extracted/app-gateway2-cga-cmf8e7ba8d/dependencies/install/include/WPEFramework/interfaces/json/JsonData_WebBrowser.h", "pattern": "/^    namespace WebBrowser {$/", "language": "C++", "kind": "namespace", "scope": "WPEFramework::JsonData", "scopeKind": "namespace"}], "hash": "60d81b9625435a6837d8479556aee43b", "format-version": 4, "code-base-name": "app-gateway2", "filename": "__import__/extracted/app-gateway2-cga-cmf8e7ba8d/dependencies/install/include/WPEFramework/interfaces/json/JsonData_WebBrowser.h", "fields": [{"name": "Core::JSON::Boolean Hidden", "scope": "WPEFramework::JsonData::WebBrowser::VisibilityChangeParamsData", "scopeKind": "class", "description": "unavailable"}, {"name": "Core::JSON::DecSInt32 Httpstatus", "scope": "WPEFramework::JsonData::WebBrowser::LoadFinishedParamsData", "scopeKind": "class", "description": "unavailable"}, {"name": "Core::JSON::Boolean Loaded", "scope": "WPEFramework::JsonData::WebBrowser::URLChangeParamsData", "scopeKind": "class", "description": "unavailable"}, {"name": "Core::JSON::String URL", "scope": "WPEFramework::JsonData::WebBrowser::LoadFailedParamsData", "scopeKind": "class", "description": "unavailable"}], "revision_history": [{"4255": "0f87a35b32215bc8547fb583d6c84bd51f603f69"}]}