{"is_source_file": true, "format": "C++ header file", "description": "This file defines the WebResponse class and related enums and nested classes for handling HTTP/WebSocket responses, including serialization and deserialization logic, within the WPEFramework Web namespace.", "external_files": ["Module.h", "URL.h", "WebRequest.h"], "external_methods": [], "published": ["Response", "WebStatus", "WebResponse::keywords", "WebResponse::upgrade", "WebResponse::connection"], "classes": [{"name": "Response", "description": "Represents an HTTP/WebSocket response message, including headers, status, and optional body, with serialization/deserialization capabilities."}, {"name": "Response::Serializer", "description": "Handles serialization of a Response object into a stream."}, {"name": "Response::Deserializer", "description": "Handles deserialization of stream data into a Response object."}], "methods": [{"name": "ToString", "description": "Serializes the Response object into a string."}, {"name": "void FromString(const string & text)", "description": "Deserializes a string into a Response object.", "scope": "WPEFramework::Web::Response", "scopeKind": "class"}, {"name": "void Clear()", "description": "Resets the Response object to default state.", "scope": "WPEFramework::Web::Response", "scopeKind": "class"}, {"name": "Core::ProxyType<BODYTYPE> Body()", "scope": "WPEFramework::Web::Response", "scopeKind": "class", "description": "unavailable"}, {"name": "Core::ProxyType<const BODYTYPE> Body() const", "scope": "WPEFramework::Web::Response", "scopeKind": "class", "description": "unavailable"}, {"name": "void Body(const Core::ProxyType<BODYTYPE> & body)", "scope": "WPEFramework::Web::Response", "scopeKind": "class", "description": "unavailable"}, {"name": "uint16_t Deserialize(const uint8_t stream[],const uint16_t maxLength)", "scope": "WPEFramework::Web::Response::Deserializer", "scopeKind": "class", "description": "unavailable"}, {"name": "void Deserialized(Web::Response & element VARIABLE_IS_NOT_USED)", "scope": "WPEFramework::Web::Response::FromString::DeserializerImpl", "scopeKind": "class", "description": "unavailable"}, {"name": "DISABLE_WARNING_THIS_IN_MEMBER_INITIALIZER_LIST Deserializer()", "scope": "WPEFramework::Web::Response::Deserializer", "scopeKind": "class", "description": "unavailable"}, {"name": "DeserializerImpl(Web::Response & destination)", "scope": "WPEFramework::Web::Response::FromString::DeserializerImpl", "scopeKind": "class", "description": "unavailable"}, {"name": "Web::Response * Element()", "scope": "WPEFramework::Web::Response::FromString::DeserializerImpl", "scopeKind": "class", "description": "unavailable"}, {"name": "void Flush()", "scope": "WPEFramework::Web::Response::Serializer", "scopeKind": "class", "description": "unavailable"}, {"name": "void FromString(Response & realObject,const string & text)", "scope": "WPEFramework::Web::Response", "scopeKind": "class", "description": "unavailable"}, {"name": "bool HasBody() const", "scope": "WPEFramework::Web::Response", "scopeKind": "class", "description": "unavailable"}, {"name": "bool IsValid() const", "scope": "WPEFramework::Web::Response", "scopeKind": "class", "description": "unavailable"}, {"name": "bool LinkBody(Web::Response & request)", "scope": "WPEFramework::Web::Response::FromString::DeserializerImpl", "scopeKind": "class", "description": "unavailable"}, {"name": "MarshalType Mode() const", "scope": "WPEFramework::Web::Response", "scopeKind": "class", "description": "unavailable"}, {"name": "void Mode(const MarshalType mode)", "scope": "WPEFramework::Web::Response", "scopeKind": "class", "description": "unavailable"}], "calls": ["serializer.Serialize", "deserializer.Deserialize"], "search-terms": ["WebResponse", "HTTP response", "Web::Response serialization", "WebStatus enums", "WPEFramework Web namespace"], "state": 2, "file_id": 1319, "knowledge_revision": 3937, "git_revision": "0f87a35b32215bc8547fb583d6c84bd51f603f69", "ctags": [{"_type": "tag", "name": "ACCEPT_RANGE", "path": "/home/kavia/workspace/code-generation/app-gateway2/__import__/extracted/app-gateway2-cga-cmf8e7ba8d/dependencies/install/include/WPEFramework/websocket/WebResponse.h", "pattern": "/^            ACCEPT_RANGE,$/", "language": "C++", "kind": "enumerator", "scope": "WPEFramework::Web::Response::keywords", "scopeKind": "enum"}, {"_type": "tag", "name": "ACCESS_CONTROL_ALLOW_HEADERS", "path": "/home/kavia/workspace/code-generation/app-gateway2/__import__/extracted/app-gateway2-cga-cmf8e7ba8d/dependencies/install/include/WPEFramework/websocket/WebResponse.h", "pattern": "/^            ACCESS_CONTROL_ALLOW_HEADERS,$/", "language": "C++", "kind": "enumerator", "scope": "WPEFramework::Web::Response::keywords", "scopeKind": "enum"}, {"_type": "tag", "name": "ACCESS_CONTROL_ALLOW_METHODS", "path": "/home/kavia/workspace/code-generation/app-gateway2/__import__/extracted/app-gateway2-cga-cmf8e7ba8d/dependencies/install/include/WPEFramework/websocket/WebResponse.h", "pattern": "/^            ACCESS_CONTROL_ALLOW_METHODS,$/", "language": "C++", "kind": "enumerator", "scope": "WPEFramework::Web::Response::keywords", "scopeKind": "enum"}, {"_type": "tag", "name": "ACCESS_CONTROL_ALLOW_ORIGIN", "path": "/home/kavia/workspace/code-generation/app-gateway2/__import__/extracted/app-gateway2-cga-cmf8e7ba8d/dependencies/install/include/WPEFramework/websocket/WebResponse.h", "pattern": "/^            ACCESS_CONTROL_ALLOW_ORIGIN,$/", "language": "C++", "kind": "enumerator", "scope": "WPEFramework::Web::Response::keywords", "scopeKind": "enum"}, {"_type": "tag", "name": "ACCESS_CONTROL_MAX_AGE", "path": "/home/kavia/workspace/code-generation/app-gateway2/__import__/extracted/app-gateway2-cga-cmf8e7ba8d/dependencies/install/include/WPEFramework/websocket/WebResponse.h", "pattern": "/^            ACCESS_CONTROL_MAX_AGE,$/", "language": "C++", "kind": "enumerator", "scope": "WPEFramework::Web::Response::keywords", "scopeKind": "enum"}, {"_type": "tag", "name": "ALLOW", "path": "/home/kavia/workspace/code-generation/app-gateway2/__import__/extracted/app-gateway2-cga-cmf8e7ba8d/dependencies/install/include/WPEFramework/websocket/WebResponse.h", "pattern": "/^            ALLOW,$/", "language": "C++", "kind": "enumerator", "scope": "WPEFramework::Web::Response::keywords", "scopeKind": "enum"}, {"_type": "tag", "name": "APPLICATION_URL", "path": "/home/kavia/workspace/code-generation/app-gateway2/__import__/extracted/app-gateway2-cga-cmf8e7ba8d/dependencies/install/include/WPEFramework/websocket/WebResponse.h", "pattern": "/^            APPLICATION_URL$/", "language": "C++", "kind": "enumerator", "scope": "WPEFramework::Web::Response::keywords", "scopeKind": "enum"}, {"_type": "tag", "name": "AcceptRange", "path": "/home/kavia/workspace/code-generation/app-gateway2/__import__/extracted/app-gateway2-cga-cmf8e7ba8d/dependencies/install/include/WPEFramework/websocket/WebResponse.h", "pattern": "/^        Core::OptionalType<string> AcceptRange;$/", "language": "C++", "typeref": "typename:Core::OptionalType<string>", "kind": "member", "scope": "WPEFramework::Web::Response", "scopeKind": "class"}, {"_type": "tag", "name": "AccessControlHeaders", "path": "/home/kavia/workspace/code-generation/app-gateway2/__import__/extracted/app-gateway2-cga-cmf8e7ba8d/dependencies/install/include/WPEFramework/websocket/WebResponse.h", "pattern": "/^        Core::OptionalType<string> AccessControlHeaders;$/", "language": "C++", "typeref": "typename:Core::OptionalType<string>", "kind": "member", "scope": "WPEFramework::Web::Response", "scopeKind": "class"}, {"_type": "tag", "name": "AccessControlMaxAge", "path": "/home/kavia/workspace/code-generation/app-gateway2/__import__/extracted/app-gateway2-cga-cmf8e7ba8d/dependencies/install/include/WPEFramework/websocket/WebResponse.h", "pattern": "/^        Core::OptionalType<uint32_t> AccessControlMaxAge;$/", "language": "C++", "typeref": "typename:Core::OptionalType<uint32_t>", "kind": "member", "scope": "WPEFramework::Web::Response", "scopeKind": "class"}, {"_type": "tag", "name": "AccessControlMethod", "path": "/home/kavia/workspace/code-generation/app-gateway2/__import__/extracted/app-gateway2-cga-cmf8e7ba8d/dependencies/install/include/WPEFramework/websocket/WebResponse.h", "pattern": "/^        Core::OptionalType<uint16_t> AccessControlMethod;$/", "language": "C++", "typeref": "typename:Core::OptionalType<uint16_t>", "kind": "member", "scope": "WPEFramework::Web::Response", "scopeKind": "class"}, {"_type": "tag", "name": "AccessControlOrigin", "path": "/home/kavia/workspace/code-generation/app-gateway2/__import__/extracted/app-gateway2-cga-cmf8e7ba8d/dependencies/install/include/WPEFramework/websocket/WebResponse.h", "pattern": "/^        Core::OptionalType<string> AccessControlOrigin;$/", "language": "C++", "typeref": "typename:Core::OptionalType<string>", "kind": "member", "scope": "WPEFramework::Web::Response", "scopeKind": "class"}, {"_type": "tag", "name": "Allowed", "path": "/home/kavia/workspace/code-generation/app-gateway2/__import__/extracted/app-gateway2-cga-cmf8e7ba8d/dependencies/install/include/WPEFramework/websocket/WebResponse.h", "pattern": "/^        Core::OptionalType<uint16_t> Allowed;$/", "language": "C++", "typeref": "typename:Core::OptionalType<uint16_t>", "kind": "member", "scope": "WPEFramework::Web::Response", "scopeKind": "class"}, {"_type": "tag", "name": "ApplicationURL", "path": "/home/kavia/workspace/code-generation/app-gateway2/__import__/extracted/app-gateway2-cga-cmf8e7ba8d/dependencies/install/include/WPEFramework/websocket/WebResponse.h", "pattern": "/^        Core::OptionalType<Core::URL> ApplicationURL;$/", "language": "C++", "typeref": "typename:Core::OptionalType<Core::URL>", "kind": "member", "scope": "WPEFramework::Web::Response", "scopeKind": "class"}, {"_type": "tag", "name": "BODY", "path": "/home/kavia/workspace/code-generation/app-gateway2/__import__/extracted/app-gateway2-cga-cmf8e7ba8d/dependencies/install/include/WPEFramework/websocket/WebResponse.h", "pattern": "/^                BODY = 6,$/", "language": "C++", "kind": "enumerator", "scope": "WPEFramework::Web::Response::Serializer::enumState", "scopeKind": "enum"}, {"_type": "tag", "name": "BODY_END", "path": "/home/kavia/workspace/code-generation/app-gateway2/__import__/extracted/app-gateway2-cga-cmf8e7ba8d/dependencies/install/include/WPEFramework/websocket/WebResponse.h", "pattern": "/^                BODY_END$/", "language": "C++", "kind": "enumerator", "scope": "WPEFramework::Web::Response::Deserializer::enumState", "scopeKind": "enum"}, {"_type": "tag", "name": "BaseElement", "path": "/home/kavia/workspace/code-generation/app-gateway2/__import__/extracted/app-gateway2-cga-cmf8e7ba8d/dependencies/install/include/WPEFramework/websocket/WebResponse.h", "pattern": "/^        typedef Response BaseElement;$/", "language": "C++", "typeref": "typename:Response", "kind": "typedef", "scope": "WPEFramework::Web::Response", "scopeKind": "class"}, {"_type": "tag", "name": "Body", "path": "/home/kavia/workspace/code-generation/app-gateway2/__import__/extracted/app-gateway2-cga-cmf8e7ba8d/dependencies/install/include/WPEFramework/websocket/WebResponse.h", "pattern": "/^        inline Core::ProxyType<BODYTYPE> Body()$/", "language": "C++", "typeref": "typename:Core::ProxyType<BODYTYPE>", "kind": "function", "signature": "()", "scope": "WPEFramework::Web::Response", "scopeKind": "class"}, {"_type": "tag", "name": "Body", "path": "/home/kavia/workspace/code-generation/app-gateway2/__import__/extracted/app-gateway2-cga-cmf8e7ba8d/dependencies/install/include/WPEFramework/websocket/WebResponse.h", "pattern": "/^        inline Core::ProxyType<const BODYTYPE> Body() const$/", "language": "C++", "typeref": "typename:Core::ProxyType<const BODYTYPE>", "kind": "function", "signature": "() const", "scope": "WPEFramework::Web::Response", "scopeKind": "class"}, {"_type": "tag", "name": "Body", "path": "/home/kavia/workspace/code-generation/app-gateway2/__import__/extracted/app-gateway2-cga-cmf8e7ba8d/dependencies/install/include/WPEFramework/websocket/WebResponse.h", "pattern": "/^        inline void Body(const Core::ProxyType<BODYTYPE>& body)$/", "language": "C++", "typeref": "typename:void", "kind": "function", "signature": "(const Core::ProxyType<BODYTYPE> & body)", "scope": "WPEFramework::Web::Response", "scopeKind": "class"}, {"_type": "tag", "name": "CACHE_CONTROL", "path": "/home/kavia/workspace/code-generation/app-gateway2/__import__/extracted/app-gateway2-cga-cmf8e7ba8d/dependencies/install/include/WPEFramework/websocket/WebResponse.h", "pattern": "/^            CACHE_CONTROL,$/", "language": "C++", "kind": "enumerator", "scope": "WPEFramework::Web::Response::keywords", "scopeKind": "enum"}, {"_type": "tag", "name": "CHUNK_END", "path": "/home/kavia/workspace/code-generation/app-gateway2/__import__/extracted/app-gateway2-cga-cmf8e7ba8d/dependencies/install/include/WPEFramework/websocket/WebResponse.h", "pattern": "/^                CHUNK_END,$/", "language": "C++", "kind": "enumerator", "scope": "WPEFramework::Web::Response::Deserializer::enumState", "scopeKind": "enum"}, {"_type": "tag", "name": "CHUNK_INIT", "path": "/home/kavia/workspace/code-generation/app-gateway2/__import__/extracted/app-gateway2-cga-cmf8e7ba8d/dependencies/install/include/WPEFramework/websocket/WebResponse.h", "pattern": "/^                CHUNK_INIT,$/", "language": "C++", "kind": "enumerator", "scope": "WPEFramework::Web::Response::Deserializer::enumState", "scopeKind": "enum"}, {"_type": "tag", "name": "CONNECTION", "path": "/home/kavia/workspace/code-generation/app-gateway2/__import__/extracted/app-gateway2-cga-cmf8e7ba8d/dependencies/install/include/WPEFramework/websocket/WebResponse.h", "pattern": "/^            CONNECTION,$/", "language": "C++", "kind": "enumerator", "scope": "WPEFramework::Web::Response::keywords", "scopeKind": "enum"}, {"_type": "tag", "name": "CONNECTION_CLOSE", "path": "/home/kavia/workspace/code-generation/app-gateway2/__import__/extracted/app-gateway2-cga-cmf8e7ba8d/dependencies/install/include/WPEFramework/websocket/WebResponse.h", "pattern": "/^            CONNECTION_CLOSE$/", "language": "C++", "kind": "enumerator", "scope": "WPEFramework::Web::Response::connection", "scopeKind": "enum"}, {"_type": "tag", "name": "CONNECTION_KEEPALIVE", "path": "/home/kavia/workspace/code-generation/app-gateway2/__import__/extracted/app-gateway2-cga-cmf8e7ba8d/dependencies/install/include/WPEFramework/websocket/WebResponse.h", "pattern": "/^            CONNECTION_KEEPALIVE,$/", "language": "C++", "kind": "enumerator", "scope": "WPEFramework::Web::Response::connection", "scopeKind": "enum"}, {"_type": "tag", "name": "CONNECTION_UNKNOWN", "path": "/home/kavia/workspace/code-generation/app-gateway2/__import__/extracted/app-gateway2-cga-cmf8e7ba8d/dependencies/install/include/WPEFramework/websocket/WebResponse.h", "pattern": "/^            CONNECTION_UNKNOWN,$/", "language": "C++", "kind": "enumerator", "scope": "WPEFramework::Web::Response::connection", "scopeKind": "enum"}, {"_type": "tag", "name": "CONNECTION_UPGRADE", "path": "/home/kavia/workspace/code-generation/app-gateway2/__import__/extracted/app-gateway2-cga-cmf8e7ba8d/dependencies/install/include/WPEFramework/websocket/WebResponse.h", "pattern": "/^            CONNECTION_UPGRADE,$/", "language": "C++", "kind": "enumerator", "scope": "WPEFramework::Web::Response::connection", "scopeKind": "enum"}, {"_type": "tag", "name": "CONTENT_ENCODING", "path": "/home/kavia/workspace/code-generation/app-gateway2/__import__/extracted/app-gateway2-cga-cmf8e7ba8d/dependencies/install/include/WPEFramework/websocket/WebResponse.h", "pattern": "/^            CONTENT_ENCODING,$/", "language": "C++", "kind": "enumerator", "scope": "WPEFramework::Web::Response::keywords", "scopeKind": "enum"}, {"_type": "tag", "name": "CONTENT_LENGTH", "path": "/home/kavia/workspace/code-generation/app-gateway2/__import__/extracted/app-gateway2-cga-cmf8e7ba8d/dependencies/install/include/WPEFramework/websocket/WebResponse.h", "pattern": "/^            CONTENT_LENGTH,$/", "language": "C++", "kind": "enumerator", "scope": "WPEFramework::Web::Response::keywords", "scopeKind": "enum"}, {"_type": "tag", "name": "CONTENT_SIGNATURE", "path": "/home/kavia/workspace/code-generation/app-gateway2/__import__/extracted/app-gateway2-cga-cmf8e7ba8d/dependencies/install/include/WPEFramework/websocket/WebResponse.h", "pattern": "/^            CONTENT_SIGNATURE,$/", "language": "C++", "kind": "enumerator", "scope": "WPEFramework::Web::Response::keywords", "scopeKind": "enum"}, {"_type": "tag", "name": "CONTENT_TYPE", "path": "/home/kavia/workspace/code-generation/app-gateway2/__import__/extracted/app-gateway2-cga-cmf8e7ba8d/dependencies/install/include/WPEFramework/websocket/WebResponse.h", "pattern": "/^            CONTENT_TYPE,$/", "language": "C++", "kind": "enumerator", "scope": "WPEFramework::Web::Response::keywords", "scopeKind": "enum"}, {"_type": "tag", "name": "CacheControl", "path": "/home/kavia/workspace/code-generation/app-gateway2/__import__/extracted/app-gateway2-cga-cmf8e7ba8d/dependencies/install/include/WPEFramework/websocket/WebResponse.h", "pattern": "/^        Core::OptionalType<string> CacheControl;$/", "language": "C++", "typeref": "typename:Core::OptionalType<string>", "kind": "member", "scope": "WPEFramework::Web::Response", "scopeKind": "class"}, {"_type": "tag", "name": "Clear", "path": "/home/kavia/workspace/code-generation/app-gateway2/__import__/extracted/app-gateway2-cga-cmf8e7ba8d/dependencies/install/include/WPEFramework/websocket/WebResponse.h", "pattern": "/^        void Clear()$/", "language": "C++", "typeref": "typename:void", "kind": "function", "signature": "()", "scope": "WPEFramework::Web::Response", "scopeKind": "class"}, {"_type": "tag", "name": "Connection", "path": "/home/kavia/workspace/code-generation/app-gateway2/__import__/extracted/app-gateway2-cga-cmf8e7ba8d/dependencies/install/include/WPEFramework/websocket/WebResponse.h", "pattern": "/^        Core::OptionalType<connection> Connection;$/", "language": "C++", "typeref": "typename:Core::OptionalType<connection>", "kind": "member", "scope": "WPEFramework::Web::Response", "scopeKind": "class"}, {"_type": "tag", "name": "ContentCharacterSet", "path": "/home/kavia/workspace/code-generation/app-gateway2/__import__/extracted/app-gateway2-cga-cmf8e7ba8d/dependencies/install/include/WPEFramework/websocket/WebResponse.h", "pattern": "/^        Core::OptionalType<CharacterTypes> ContentCharacterSet;$/", "language": "C++", "typeref": "typename:Core::OptionalType<CharacterTypes>", "kind": "member", "scope": "WPEFramework::Web::Response", "scopeKind": "class"}, {"_type": "tag", "name": "ContentEncoding", "path": "/home/kavia/workspace/code-generation/app-gateway2/__import__/extracted/app-gateway2-cga-cmf8e7ba8d/dependencies/install/include/WPEFramework/websocket/WebResponse.h", "pattern": "/^        Core::OptionalType<EncodingTypes> ContentEncoding;$/", "language": "C++", "typeref": "typename:Core::OptionalType<EncodingTypes>", "kind": "member", "scope": "WPEFramework::Web::Response", "scopeKind": "class"}, {"_type": "tag", "name": "ContentLength", "path": "/home/kavia/workspace/code-generation/app-gateway2/__import__/extracted/app-gateway2-cga-cmf8e7ba8d/dependencies/install/include/WPEFramework/websocket/WebResponse.h", "pattern": "/^        Core::OptionalType<uint32_t> ContentLength;$/", "language": "C++", "typeref": "typename:Core::OptionalType<uint32_t>", "kind": "member", "scope": "WPEFramework::Web::Response", "scopeKind": "class"}, {"_type": "tag", "name": "ContentSignature", "path": "/home/kavia/workspace/code-generation/app-gateway2/__import__/extracted/app-gateway2-cga-cmf8e7ba8d/dependencies/install/include/WPEFramework/websocket/WebResponse.h", "pattern": "/^        Core::OptionalType<Signature> ContentSignature;$/", "language": "C++", "typeref": "typename:Core::OptionalType<Signature>", "kind": "member", "scope": "WPEFramework::Web::Response", "scopeKind": "class"}, {"_type": "tag", "name": "ContentType", "path": "/home/kavia/workspace/code-generation/app-gateway2/__import__/extracted/app-gateway2-cga-cmf8e7ba8d/dependencies/install/include/WPEFramework/websocket/WebResponse.h", "pattern": "/^        Core::OptionalType<MIMETypes> ContentType;$/", "language": "C++", "typeref": "typename:Core::OptionalType<MIMETypes>", "kind": "member", "scope": "WPEFramework::Web::Response", "scopeKind": "class"}, {"_type": "tag", "name": "DATE", "path": "/home/kavia/workspace/code-generation/app-gateway2/__import__/extracted/app-gateway2-cga-cmf8e7ba8d/dependencies/install/include/WPEFramework/websocket/WebResponse.h", "pattern": "/^            DATE,$/", "language": "C++", "kind": "enumerator", "scope": "WPEFramework::Web::Response::keywords", "scopeKind": "enum"}, {"_type": "tag", "name": "Date", "path": "/home/kavia/workspace/code-generation/app-gateway2/__import__/extracted/app-gateway2-cga-cmf8e7ba8d/dependencies/install/include/WPEFramework/websocket/WebResponse.h", "pattern": "/^        Core::OptionalType<Core::Time> Date;$/", "language": "C++", "typeref": "typename:Core::OptionalType<Core::Time>", "kind": "member", "scope": "WPEFramework::Web::Response", "scopeKind": "class"}, {"_type": "tag", "name": "Deserialize", "path": "/home/kavia/workspace/code-generation/app-gateway2/__import__/extracted/app-gateway2-cga-cmf8e7ba8d/dependencies/install/include/WPEFramework/websocket/WebResponse.h", "pattern": "/^            inline uint16_t Deserialize(const uint8_t stream[], const uint16_t maxLength)$/", "language": "C++", "typeref": "typename:uint16_t", "kind": "function", "signature": "(const uint8_t stream[],const uint16_t maxLength)", "scope": "WPEFramework::Web::Response::Deserializer", "scopeKind": "class"}, {"_type": "tag", "name": "Deserialized", "path": "/home/kavia/workspace/code-generation/app-gateway2/__import__/extracted/app-gateway2-cga-cmf8e7ba8d/dependencies/install/include/WPEFramework/websocket/WebResponse.h", "pattern": "/^                virtual void Deserialized(Web::Response& element VARIABLE_IS_NOT_USED)$/", "language": "C++", "typeref": "typename:void", "kind": "function", "signature": "(Web::Response & element VARIABLE_IS_NOT_USED)", "scope": "WPEFramework::Web::Response::FromString::DeserializerImpl", "scopeKind": "class"}, {"_type": "tag", "name": "Deserializer", "path": "/home/kavia/workspace/code-generation/app-gateway2/__import__/extracted/app-gateway2-cga-cmf8e7ba8d/dependencies/install/include/WPEFramework/websocket/WebResponse.h", "pattern": "/^            Deserializer()$/", "language": "C++", "typeref": "typename:DISABLE_WARNING_THIS_IN_MEMBER_INITIALIZER_LIST", "kind": "function", "signature": "()", "scope": "WPEFramework::Web::Response::Deserializer", "scopeKind": "class"}, {"_type": "tag", "name": "Deserializer", "path": "/home/kavia/workspace/code-generation/app-gateway2/__import__/extracted/app-gateway2-cga-cmf8e7ba8d/dependencies/install/include/WPEFramework/websocket/WebResponse.h", "pattern": "/^        class EXTERNAL Deserializer {$/", "language": "C++", "kind": "class", "scope": "WPEFramework::Web::Response", "scopeKind": "class"}, {"_type": "tag", "name": "DeserializerImpl", "path": "/home/kavia/workspace/code-generation/app-gateway2/__import__/extracted/app-gateway2-cga-cmf8e7ba8d/dependencies/install/include/WPEFramework/websocket/WebResponse.h", "pattern": "/^                DeserializerImpl(Web::Response& destination)$/", "language": "C++", "kind": "function", "signature": "(Web::Response & destination)", "scope": "WPEFramework::Web::Response::FromString::DeserializerImpl", "scopeKind": "class"}, {"_type": "tag", "name": "DeserializerImpl", "path": "/home/kavia/workspace/code-generation/app-gateway2/__import__/extracted/app-gateway2-cga-cmf8e7ba8d/dependencies/install/include/WPEFramework/websocket/WebResponse.h", "pattern": "/^            class DeserializerImpl : public Deserializer {$/", "language": "C++", "kind": "class", "scope": "WPEFramework::Web::Response::FromString", "scopeKind": "function"}, {"_type": "tag", "name": "EOL_MARKER", "path": "/home/kavia/workspace/code-generation/app-gateway2/__import__/extracted/app-gateway2-cga-cmf8e7ba8d/dependencies/install/include/WPEFramework/websocket/WebResponse.h", "pattern": "/^            const static uint16_t EOL_MARKER = 0x8000;$/", "language": "C++", "typeref": "typename:const uint16_t", "kind": "member", "scope": "WPEFramework::Web::Response::Serializer", "scopeKind": "class"}, {"_type": "tag", "name": "ERRORCODE", "path": "/home/kavia/workspace/code-generation/app-gateway2/__import__/extracted/app-gateway2-cga-cmf8e7ba8d/dependencies/install/include/WPEFramework/websocket/WebResponse.h", "pattern": "/^                ERRORCODE = 2,$/", "language": "C++", "kind": "enumerator", "scope": "WPEFramework::Web::Response::Serializer::enumState", "scopeKind": "enum"}, {"_type": "tag", "name": "ERRORCODE", "path": "/home/kavia/workspace/code-generation/app-gateway2/__import__/extracted/app-gateway2-cga-cmf8e7ba8d/dependencies/install/include/WPEFramework/websocket/WebResponse.h", "pattern": "/^                ERRORCODE,$/", "language": "C++", "kind": "enumerator", "scope": "WPEFramework::Web::Response::Deserializer::enumState", "scopeKind": "enum"}, {"_type": "tag", "name": "ETAG", "path": "/home/kavia/workspace/code-generation/app-gateway2/__import__/extracted/app-gateway2-cga-cmf8e7ba8d/dependencies/install/include/WPEFramework/websocket/WebResponse.h", "pattern": "/^            ETAG,$/", "language": "C++", "kind": "enumerator", "scope": "WPEFramework::Web::Response::keywords", "scopeKind": "enum"}, {"_type": "tag", "name": "ETag", "path": "/home/kavia/workspace/code-generation/app-gateway2/__import__/extracted/app-gateway2-cga-cmf8e7ba8d/dependencies/install/include/WPEFramework/websocket/WebResponse.h", "pattern": "/^        Core::OptionalType<string> ETag;$/", "language": "C++", "typeref": "typename:Core::OptionalType<string>", "kind": "member", "scope": "WPEFramework::Web::Response", "scopeKind": "class"}, {"_type": "tag", "name": "Element", "path": "/home/kavia/workspace/code-generation/app-gateway2/__import__/extracted/app-gateway2-cga-cmf8e7ba8d/dependencies/install/include/WPEFramework/websocket/WebResponse.h", "pattern": "/^                virtual Web::Response* Element()$/", "language": "C++", "typeref": "typename:Web::Response *", "kind": "function", "signature": "()", "scope": "WPEFramework::Web::Response::FromString::DeserializerImpl", "scopeKind": "class"}, {"_type": "tag", "name": "ErrorCode", "path": "/home/kavia/workspace/code-generation/app-gateway2/__import__/extracted/app-gateway2-cga-cmf8e7ba8d/dependencies/install/include/WPEFramework/websocket/WebResponse.h", "pattern": "/^        uint16_t ErrorCode;$/", "language": "C++", "typeref": "typename:uint16_t", "kind": "member", "scope": "WPEFramework::Web::Response", "scopeKind": "class"}, {"_type": "tag", "name": "Flush", "path": "/home/kavia/workspace/code-generation/app-gateway2/__import__/extracted/app-gateway2-cga-cmf8e7ba8d/dependencies/install/include/WPEFramework/websocket/WebResponse.h", "pattern": "/^            inline void Flush()$/", "language": "C++", "typeref": "typename:void", "kind": "function", "signature": "()", "scope": "WPEFramework::Web::Response::Deserializer", "scopeKind": "class"}, {"_type": "tag", "name": "Flush", "path": "/home/kavia/workspace/code-generation/app-gateway2/__import__/extracted/app-gateway2-cga-cmf8e7ba8d/dependencies/install/include/WPEFramework/websocket/WebResponse.h", "pattern": "/^            void Flush()$/", "language": "C++", "typeref": "typename:void", "kind": "function", "signature": "()", "scope": "WPEFramework::Web::Response::Serializer", "scopeKind": "class"}, {"_type": "tag", "name": "FromString", "path": "/home/kavia/workspace/code-generation/app-gateway2/__import__/extracted/app-gateway2-cga-cmf8e7ba8d/dependencies/install/include/WPEFramework/websocket/WebResponse.h", "pattern": "/^        inline void FromString(const string& text)$/", "language": "C++", "typeref": "typename:void", "kind": "function", "signature": "(const string & text)", "scope": "WPEFramework::Web::Response", "scopeKind": "class"}, {"_type": "tag", "name": "FromString", "path": "/home/kavia/workspace/code-generation/app-gateway2/__import__/extracted/app-gateway2-cga-cmf8e7ba8d/dependencies/install/include/WPEFramework/websocket/WebResponse.h", "pattern": "/^        static void FromString(Response& realObject, const string& text)$/", "language": "C++", "typeref": "typename:void", "kind": "function", "signature": "(Response & realObject,const string & text)", "scope": "WPEFramework::Web::Response", "scopeKind": "class"}, {"_type": "tag", "name": "HasBody", "path": "/home/kavia/workspace/code-generation/app-gateway2/__import__/extracted/app-gateway2-cga-cmf8e7ba8d/dependencies/install/include/WPEFramework/websocket/WebResponse.h", "pattern": "/^        inline bool HasBody() const$/", "language": "C++", "typeref": "typename:bool", "kind": "function", "signature": "() const", "scope": "WPEFramework::Web::Response", "scopeKind": "class"}, {"_type": "tag", "name": "IsValid", "path": "/home/kavia/workspace/code-generation/app-gateway2/__import__/extracted/app-gateway2-cga-cmf8e7ba8d/dependencies/install/include/WPEFramework/websocket/WebResponse.h", "pattern": "/^        inline bool IsValid() const$/", "language": "C++", "typeref": "typename:bool", "kind": "function", "signature": "() const", "scope": "WPEFramework::Web::Response", "scopeKind": "class"}, {"_type": "tag", "name": "LOCATION", "path": "/home/kavia/workspace/code-generation/app-gateway2/__import__/extracted/app-gateway2-cga-cmf8e7ba8d/dependencies/install/include/WPEFramework/websocket/WebResponse.h", "pattern": "/^            LOCATION,$/", "language": "C++", "kind": "enumerator", "scope": "WPEFramework::Web::Response::keywords", "scopeKind": "enum"}, {"_type": "tag", "name": "LinkBody", "path": "/home/kavia/workspace/code-generation/app-gateway2/__import__/extracted/app-gateway2-cga-cmf8e7ba8d/dependencies/install/include/WPEFramework/websocket/WebResponse.h", "pattern": "/^                virtual bool LinkBody(Web::Response& request)$/", "language": "C++", "typeref": "typename:bool", "kind": "function", "signature": "(Web::Response & request)", "scope": "WPEFramework::Web::Response::FromString::DeserializerImpl", "scopeKind": "class"}, {"_type": "tag", "name": "Location", "path": "/home/kavia/workspace/code-generation/app-gateway2/__import__/extracted/app-gateway2-cga-cmf8e7ba8d/dependencies/install/include/WPEFramework/websocket/WebResponse.h", "pattern": "/^        Core::OptionalType<string> Location;$/", "language": "C++", "typeref": "typename:Core::OptionalType<string>", "kind": "member", "scope": "WPEFramework::Web::Response", "scopeKind": "class"}, {"_type": "tag", "name": "MESSAGE", "path": "/home/kavia/workspace/code-generation/app-gateway2/__import__/extracted/app-gateway2-cga-cmf8e7ba8d/dependencies/install/include/WPEFramework/websocket/WebResponse.h", "pattern": "/^                MESSAGE = 3,$/", "language": "C++", "kind": "enumerator", "scope": "WPEFramework::Web::Response::Serializer::enumState", "scopeKind": "enum"}, {"_type": "tag", "name": "MESSAGE", "path": "/home/kavia/workspace/code-generation/app-gateway2/__import__/extracted/app-gateway2-cga-cmf8e7ba8d/dependencies/install/include/WPEFramework/websocket/WebResponse.h", "pattern": "/^                MESSAGE,$/", "language": "C++", "kind": "enumerator", "scope": "WPEFramework::Web::Response::Deserializer::enumState", "scopeKind": "enum"}, {"_type": "tag", "name": "MODIFIED", "path": "/home/kavia/workspace/code-generation/app-gateway2/__import__/extracted/app-gateway2-cga-cmf8e7ba8d/dependencies/install/include/WPEFramework/websocket/WebResponse.h", "pattern": "/^            MODIFIED,$/", "language": "C++", "kind": "enumerator", "scope": "WPEFramework::Web::Response::keywords", "scopeKind": "enum"}, {"_type": "tag", "name": "MajorVersion", "path": "/home/kavia/workspace/code-generation/app-gateway2/__import__/extracted/app-gateway2-cga-cmf8e7ba8d/dependencies/install/include/WPEFramework/websocket/WebResponse.h", "pattern": "/^        uint8_t MajorVersion;$/", "language": "C++", "typeref": "typename:uint8_t", "kind": "member", "scope": "WPEFramework::Web::Response", "scopeKind": "class"}, {"_type": "tag", "name": "Message", "path": "/home/kavia/workspace/code-generation/app-gateway2/__import__/extracted/app-gateway2-cga-cmf8e7ba8d/dependencies/install/include/WPEFramework/websocket/WebResponse.h", "pattern": "/^        string Message;$/", "language": "C++", "typeref": "typename:string", "kind": "member", "scope": "WPEFramework::Web::Response", "scopeKind": "class"}, {"_type": "tag", "name": "MinorVersion", "path": "/home/kavia/workspace/code-generation/app-gateway2/__import__/extracted/app-gateway2-cga-cmf8e7ba8d/dependencies/install/include/WPEFramework/websocket/WebResponse.h", "pattern": "/^        uint8_t MinorVersion;$/", "language": "C++", "typeref": "typename:uint8_t", "kind": "member", "scope": "WPEFramework::Web::Response", "scopeKind": "class"}, {"_type": "tag", "name": "Mode", "path": "/home/kavia/workspace/code-generation/app-gateway2/__import__/extracted/app-gateway2-cga-cmf8e7ba8d/dependencies/install/include/WPEFramework/websocket/WebResponse.h", "pattern": "/^        inline MarshalType Mode() const$/", "language": "C++", "typeref": "typename:MarshalType", "kind": "function", "signature": "() const", "scope": "WPEFramework::Web::Response", "scopeKind": "class"}, {"_type": "tag", "name": "Mode", "path": "/home/kavia/workspace/code-generation/app-gateway2/__import__/extracted/app-gateway2-cga-cmf8e7ba8d/dependencies/install/include/WPEFramework/websocket/WebResponse.h", "pattern": "/^        inline void Mode(const MarshalType mode)$/", "language": "C++", "typeref": "typename:void", "kind": "function", "signature": "(const MarshalType mode)", "scope": "WPEFramework::Web::Response", "scopeKind": "class"}], "hash": "db2414ff6a0242effe8c60590fb7be54", "format-version": 4, "code-base-name": "app-gateway2", "filename": "__import__/extracted/app-gateway2-cga-cmf8e7ba8d/dependencies/install/include/WPEFramework/websocket/WebResponse.h", "fields": [{"name": "Core::OptionalType<string> AcceptRange", "scope": "WPEFramework::Web::Response", "scopeKind": "class", "description": "unavailable"}, {"name": "Core::OptionalType<string> AccessControlHeaders", "scope": "WPEFramework::Web::Response", "scopeKind": "class", "description": "unavailable"}, {"name": "Core::OptionalType<uint32_t> AccessControlMaxAge", "scope": "WPEFramework::Web::Response", "scopeKind": "class", "description": "unavailable"}, {"name": "Core::OptionalType<uint16_t> AccessControlMethod", "scope": "WPEFramework::Web::Response", "scopeKind": "class", "description": "unavailable"}, {"name": "Core::OptionalType<string> AccessControlOrigin", "scope": "WPEFramework::Web::Response", "scopeKind": "class", "description": "unavailable"}, {"name": "Core::OptionalType<uint16_t> Allowed", "scope": "WPEFramework::Web::Response", "scopeKind": "class", "description": "unavailable"}, {"name": "Core::OptionalType<Core::URL> ApplicationURL", "scope": "WPEFramework::Web::Response", "scopeKind": "class", "description": "unavailable"}, {"name": "Core::OptionalType<string> CacheControl", "scope": "WPEFramework::Web::Response", "scopeKind": "class", "description": "unavailable"}, {"name": "Core::OptionalType<connection> Connection", "scope": "WPEFramework::Web::Response", "scopeKind": "class", "description": "unavailable"}, {"name": "Core::OptionalType<CharacterTypes> ContentCharacterSet", "scope": "WPEFramework::Web::Response", "scopeKind": "class", "description": "unavailable"}, {"name": "Core::OptionalType<EncodingTypes> ContentEncoding", "scope": "WPEFramework::Web::Response", "scopeKind": "class", "description": "unavailable"}, {"name": "Core::OptionalType<uint32_t> ContentLength", "scope": "WPEFramework::Web::Response", "scopeKind": "class", "description": "unavailable"}, {"name": "Core::OptionalType<Signature> ContentSignature", "scope": "WPEFramework::Web::Response", "scopeKind": "class", "description": "unavailable"}, {"name": "Core::OptionalType<MIMETypes> ContentType", "scope": "WPEFramework::Web::Response", "scopeKind": "class", "description": "unavailable"}, {"name": "Core::OptionalType<Core::Time> Date", "scope": "WPEFramework::Web::Response", "scopeKind": "class", "description": "unavailable"}, {"name": "const uint16_t EOL_MARKER", "scope": "WPEFramework::Web::Response::Serializer", "scopeKind": "class", "description": "unavailable"}, {"name": "Core::OptionalType<string> ETag", "scope": "WPEFramework::Web::Response", "scopeKind": "class", "description": "unavailable"}, {"name": "uint16_t ErrorCode", "scope": "WPEFramework::Web::Response", "scopeKind": "class", "description": "unavailable"}, {"name": "Core::OptionalType<string> Location", "scope": "WPEFramework::Web::Response", "scopeKind": "class", "description": "unavailable"}, {"name": "uint8_t MajorVersion", "scope": "WPEFramework::Web::Response", "scopeKind": "class", "description": "unavailable"}, {"name": "string Message", "scope": "WPEFramework::Web::Response", "scopeKind": "class", "description": "unavailable"}, {"name": "uint8_t MinorVersion", "scope": "WPEFramework::Web::Response", "scopeKind": "class", "description": "unavailable"}], "revision_history": [{"3937": "0f87a35b32215bc8547fb583d6c84bd51f603f69"}]}