{"is_source_file": true, "format": "C++ header file", "description": "This file defines the JSON data structures related to Time Synchronization API in a C++ project, including a class for representing synchronized time data.", "external_files": ["<core/JSON.h>"], "external_methods": [], "published": ["WPEFramework::JsonData::TimeSync::SynctimeData"], "classes": [{"name": "SynctimeData", "description": "A JSON container class representing time synchronization data, including synchronized time and source."}], "methods": [{"name": "SynctimeData()", "description": "Constructor initializing the JSON container with 'time' and 'source' fields.", "scope": "WPEFramework::JsonData::TimeSync::SynctimeData", "scopeKind": "class"}, {"name": "IsValid()", "description": "Method to check validity of the data; currently always returns true."}, {"name": "bool IsValid() const", "scope": "WPEFramework::JsonData::TimeSync::SynctimeData", "scopeKind": "class", "description": "unavailable"}], "calls": [], "search-terms": ["TimeSync", "SynctimeData", "JSON", "json serialization", "C++ JSON data class"], "state": 2, "file_id": 1598, "knowledge_revision": 4195, "git_revision": "0f87a35b32215bc8547fb583d6c84bd51f603f69", "ctags": [{"_type": "tag", "name": "IsValid", "path": "/home/kavia/workspace/code-generation/app-gateway2/__import__/extracted/app-gateway2-cga-cmf8e7ba8d/dependencies/install/include/WPEFramework/interfaces/json/JsonData_TimeSync.h", "pattern": "/^            bool IsValid() const$/", "language": "C++", "typeref": "typename:bool", "kind": "function", "signature": "() const", "scope": "WPEFramework::JsonData::TimeSync::SynctimeData", "scopeKind": "class"}, {"_type": "tag", "name": "JsonData", "path": "/home/kavia/workspace/code-generation/app-gateway2/__import__/extracted/app-gateway2-cga-cmf8e7ba8d/dependencies/install/include/WPEFramework/interfaces/json/JsonData_TimeSync.h", "pattern": "/^namespace JsonData {$/", "language": "C++", "kind": "namespace", "scope": "WPEFramework", "scopeKind": "namespace"}, {"_type": "tag", "name": "Source", "path": "/home/kavia/workspace/code-generation/app-gateway2/__import__/extracted/app-gateway2-cga-cmf8e7ba8d/dependencies/install/include/WPEFramework/interfaces/json/JsonData_TimeSync.h", "pattern": "/^            Core::JSON::String Source; \\/\\/ The synchronization source e.g. an NTP server$/", "language": "C++", "typeref": "typename:Core::JSON::String", "kind": "member", "scope": "WPEFramework::JsonData::TimeSync::SynctimeData", "scopeKind": "class"}, {"_type": "tag", "name": "SynctimeData", "path": "/home/kavia/workspace/code-generation/app-gateway2/__import__/extracted/app-gateway2-cga-cmf8e7ba8d/dependencies/install/include/WPEFramework/interfaces/json/JsonData_TimeSync.h", "pattern": "/^            SynctimeData()$/", "language": "C++", "kind": "function", "signature": "()", "scope": "WPEFramework::JsonData::TimeSync::SynctimeData", "scopeKind": "class"}, {"_type": "tag", "name": "SynctimeData", "path": "/home/kavia/workspace/code-generation/app-gateway2/__import__/extracted/app-gateway2-cga-cmf8e7ba8d/dependencies/install/include/WPEFramework/interfaces/json/JsonData_TimeSync.h", "pattern": "/^        class SynctimeData : public Core::JSON::Container {$/", "language": "C++", "kind": "class", "scope": "WPEFramework::JsonData::TimeSync", "scopeKind": "namespace"}, {"_type": "tag", "name": "Time", "path": "/home/kavia/workspace/code-generation/app-gateway2/__import__/extracted/app-gateway2-cga-cmf8e7ba8d/dependencies/install/include/WPEFramework/interfaces/json/JsonData_TimeSync.h", "pattern": "/^            Core::JSON::String Time; \\/\\/ Synchronized time (in ISO8601 format); empty string if/", "language": "C++", "typeref": "typename:Core::JSON::String", "kind": "member", "scope": "WPEFramework::JsonData::TimeSync::SynctimeData", "scopeKind": "class"}, {"_type": "tag", "name": "TimeSync", "path": "/home/kavia/workspace/code-generation/app-gateway2/__import__/extracted/app-gateway2-cga-cmf8e7ba8d/dependencies/install/include/WPEFramework/interfaces/json/JsonData_TimeSync.h", "pattern": "/^    namespace TimeSync {$/", "language": "C++", "kind": "namespace", "scope": "WPEFramework::JsonData", "scopeKind": "namespace"}, {"_type": "tag", "name": "WPEFramework", "path": "/home/kavia/workspace/code-generation/app-gateway2/__import__/extracted/app-gateway2-cga-cmf8e7ba8d/dependencies/install/include/WPEFramework/interfaces/json/JsonData_TimeSync.h", "pattern": "/^namespace WPEFramework {$/", "language": "C++", "kind": "namespace"}], "hash": "2c5ef59b772b7311ea09913879417ab6", "format-version": 4, "code-base-name": "app-gateway2", "filename": "__import__/extracted/app-gateway2-cga-cmf8e7ba8d/dependencies/install/include/WPEFramework/interfaces/json/JsonData_TimeSync.h", "fields": [{"name": "Core::JSON::String Source", "scope": "WPEFramework::JsonData::TimeSync::SynctimeData", "scopeKind": "class", "description": "unavailable"}, {"name": "Core::JSON::String Time", "scope": "WPEFramework::JsonData::TimeSync::SynctimeData", "scopeKind": "class", "description": "unavailable"}], "revision_history": [{"4195": "0f87a35b32215bc8547fb583d6c84bd51f603f69"}]}