{"is_source_file": true, "format": "C++ header file (.h)", "description": "Defines the IRustBridge interface and associated callback in the WPEFramework::Exchange namespace, describing the communication protocol between Rust and Thunder components.", "external_files": ["Module.h"], "external_methods": [], "published": ["IRustBridge"], "classes": [{"name": "IRustBridge", "description": "Interface for communication between Rust and Thunder components, including methods for configuration, request handling, and event communication.", "methods": [{"name": "Configure", "description": "Configures the Rust bridge with the given framework and callback."}, {"name": "Request", "description": "Send a request from Thunder to Rust with an id, context, method, and parameters."}, {"name": "Event", "description": "Send an event from Thunder to Rust."}], "callbacks": [{"name": "ICallback", "description": "Callback interface for Rust to invoke events, responses, and invoke requests from JavaScript Object Notation RPC."}]}], "methods": [], "calls": ["Core::IUnknown", "PluginHost::IShell"], "search-terms": ["IRustBridge", "WPEFramework", "ICallback", "Rust", "Thunder", "RPC", "event"], "state": 2, "file_id": 1542, "knowledge_revision": 4140, "git_revision": "0f87a35b32215bc8547fb583d6c84bd51f603f69", "ctags": [{"_type": "tag", "name": "Exchange", "path": "/home/kavia/workspace/code-generation/app-gateway2/__import__/extracted/app-gateway2-cga-cmf8e7ba8d/dependencies/install/include/WPEFramework/interfaces/IRustBridge.h", "pattern": "/^\tnamespace Exchange {$/", "language": "C++", "kind": "namespace", "scope": "WPEFramework", "scopeKind": "namespace"}, {"_type": "tag", "name": "ICallback", "path": "/home/kavia/workspace/code-generation/app-gateway2/__import__/extracted/app-gateway2-cga-cmf8e7ba8d/dependencies/install/include/WPEFramework/interfaces/IRustBridge.h", "pattern": "/^\t\t\tstruct EXTERNAL ICallback : virtual public Core::IUnknown {$/", "language": "C++", "kind": "struct", "scope": "WPEFramework::Exchange::IRustBridge", "scopeKind": "struct"}, {"_type": "tag", "name": "ID", "path": "/home/kavia/workspace/code-generation/app-gateway2/__import__/extracted/app-gateway2-cga-cmf8e7ba8d/dependencies/install/include/WPEFramework/interfaces/IRustBridge.h", "pattern": "/^\t\t\t\tenum { ID = ID_RUST_BRIDGE_NOTIFICATION };$/", "language": "C++", "kind": "enumerator", "scope": "WPEFramework::Exchange::IRustBridge::ICallback::__anon4f15f8b60203", "scopeKind": "enum"}, {"_type": "tag", "name": "ID", "path": "/home/kavia/workspace/code-generation/app-gateway2/__import__/extracted/app-gateway2-cga-cmf8e7ba8d/dependencies/install/include/WPEFramework/interfaces/IRustBridge.h", "pattern": "/^\t\t\tenum { ID = ID_RUST_BRIDGE };$/", "language": "C++", "kind": "enumerator", "scope": "WPEFramework::Exchange::IRustBridge::__anon4f15f8b60103", "scopeKind": "enum"}, {"_type": "tag", "name": "IRustBridge", "path": "/home/kavia/workspace/code-generation/app-gateway2/__import__/extracted/app-gateway2-cga-cmf8e7ba8d/dependencies/install/include/WPEFramework/interfaces/IRustBridge.h", "pattern": "/^\t\tstruct EXTERNAL IRustBridge : virtual public Core::IUnknown {$/", "language": "C++", "kind": "struct", "scope": "WPEFramework::Exchange", "scopeKind": "namespace"}, {"_type": "tag", "name": "WPEFramework", "path": "/home/kavia/workspace/code-generation/app-gateway2/__import__/extracted/app-gateway2-cga-cmf8e7ba8d/dependencies/install/include/WPEFramework/interfaces/IRustBridge.h", "pattern": "/^namespace WPEFramework {$/", "language": "C++", "kind": "namespace"}, {"_type": "tag", "name": "__anon4f15f8b60103", "path": "/home/kavia/workspace/code-generation/app-gateway2/__import__/extracted/app-gateway2-cga-cmf8e7ba8d/dependencies/install/include/WPEFramework/interfaces/IRustBridge.h", "pattern": "/^\t\t\tenum { ID = ID_RUST_BRIDGE };$/", "language": "C++", "kind": "enum", "scope": "WPEFramework::Exchange::IRustBridge", "scopeKind": "struct"}, {"_type": "tag", "name": "__anon4f15f8b60203", "path": "/home/kavia/workspace/code-generation/app-gateway2/__import__/extracted/app-gateway2-cga-cmf8e7ba8d/dependencies/install/include/WPEFramework/interfaces/IRustBridge.h", "pattern": "/^\t\t\t\tenum { ID = ID_RUST_BRIDGE_NOTIFICATION };$/", "language": "C++", "kind": "enum", "scope": "WPEFramework::Exchange::IRustBridge::ICallback", "scopeKind": "struct"}], "hash": "9b5ab2aa172557085f1fa148945c5f1b", "format-version": 4, "code-base-name": "app-gateway2", "filename": "__import__/extracted/app-gateway2-cga-cmf8e7ba8d/dependencies/install/include/WPEFramework/interfaces/IRustBridge.h", "revision_history": [{"4140": "0f87a35b32215bc8547fb583d6c84bd51f603f69"}]}