{"is_source_file": true, "format": "C++", "description": "This file implements the FbCommon class, which is responsible for managing the lifecycle and interface initialization of a plugin in the WPEFramework. It handles setup, teardown, interface querying, and connection deactivation, ensuring proper resource management and communication setup.", "external_files": ["FbCommon.h", "<interfaces/IConfiguration.h>", "<unistd.h>"], "external_methods": ["Plugin::Metadata<Plugin::FbCommon>::Metadata", "SYSLOG", "Plugin::FbCommon::Initialize", "Plugin::FbCommon::Deinitialize", "Plugin::FbCommon::Deactivated", "service->AddRef", "service->Root<Exchange::IAppGatewayRequestHandler>", "Exchange::IConfiguration::Configure", "service->RemoteConnection", "connection->Terminate", "connection->Release", "mRequestHandler->Release()", "Core::IWorkerPool::Instance().Submit"], "published": ["Plugin::FbCommon"], "classes": [{"name": "FbCommon", "description": "A class managing the initialization and deinitialization of FbCommon plugin, handling interface setup, teardown, and connection management."}], "methods": [{"name": "const string Initialize(PluginHost::IShell * service)", "description": "Initializes the plugin with the provided service, acquires interface implementations, and sets up configuration if available.", "scope": "WPEFramework::Plugin::FbCommon", "scopeKind": "class"}, {"name": "void Deinitialize(PluginHost::IShell * service)", "description": "Cleans up resources, releases interfaces, and terminates connections when the plugin is deinitialized.", "scope": "WPEFramework::Plugin::FbCommon", "scopeKind": "class"}, {"name": "void Deactivated(RPC::IRemoteConnection * connection)", "description": "Handles remote connection deactivation by submitting a job to the worker pool to handle plugin deactivation procedures.", "scope": "WPEFramework::Plugin::FbCommon", "scopeKind": "class"}, {"name": "FbCommon()", "scope": "WPEFramework::Plugin::FbCommon", "scopeKind": "class", "description": "unavailable"}, {"name": "~FbCommon()", "scope": "WPEFramework::Plugin::FbCommon", "scopeKind": "class", "description": "unavailable"}], "calls": ["Plugin::Metadata<Plugin::FbCommon>::Metadata", "SYSLOG", "service->AddRef", "service->Root<Exchange::IAppGatewayRequestHandler>", "configConnection->Configure", "mRequestHandler->Release", "connection->Terminate", "connection->Release", "Core::IWorkerPool::Instance().Submit"], "search-terms": ["FbCommon", "Initialize", "Deinitialize", "Deactivated", "IAppGatewayRequestHandler", "RemoteConnection", "IRemoteConnection", "Plugin", "WPEFramework"], "state": 2, "file_id": 1209, "knowledge_revision": 3838, "git_revision": "0f87a35b32215bc8547fb583d6c84bd51f603f69", "ctags": [{"_type": "tag", "name": "API_VERSION_NUMBER_MAJOR", "path": "/home/kavia/workspace/code-generation/app-gateway2/__import__/extracted/app-gateway2-cga-cmf8e7ba8d/app-gateway/FbCommon/FbCommon.cpp", "pattern": "/^#define API_VERSION_NUMBER_MAJOR /", "file": true, "language": "C++", "kind": "macro"}, {"_type": "tag", "name": "API_VERSION_NUMBER_MINOR", "path": "/home/kavia/workspace/code-generation/app-gateway2/__import__/extracted/app-gateway2-cga-cmf8e7ba8d/app-gateway/FbCommon/FbCommon.cpp", "pattern": "/^#define API_VERSION_NUMBER_MINOR /", "file": true, "language": "C++", "kind": "macro"}, {"_type": "tag", "name": "API_VERSION_NUMBER_PATCH", "path": "/home/kavia/workspace/code-generation/app-gateway2/__import__/extracted/app-gateway2-cga-cmf8e7ba8d/app-gateway/FbCommon/FbCommon.cpp", "pattern": "/^#define API_VERSION_NUMBER_PATCH /", "file": true, "language": "C++", "kind": "macro"}, {"_type": "tag", "name": "Deactivated", "path": "/home/kavia/workspace/code-generation/app-gateway2/__import__/extracted/app-gateway2-cga-cmf8e7ba8d/app-gateway/FbCommon/FbCommon.cpp", "pattern": "/^    void FbCommon::Deactivated(RPC::IRemoteConnection* connection)$/", "language": "C++", "typeref": "typename:void", "kind": "function", "signature": "(RPC::IRemoteConnection * connection)", "scope": "WPEFramework::Plugin::FbCommon", "scopeKind": "class"}, {"_type": "tag", "name": "Deinitialize", "path": "/home/kavia/workspace/code-generation/app-gateway2/__import__/extracted/app-gateway2-cga-cmf8e7ba8d/app-gateway/FbCommon/FbCommon.cpp", "pattern": "/^    void FbCommon::Deinitialize(PluginHost::IShell* service)$/", "language": "C++", "typeref": "typename:void", "kind": "function", "signature": "(PluginHost::IShell * service)", "scope": "WPEFramework::Plugin::FbCommon", "scopeKind": "class"}, {"_type": "tag", "name": "FbCommon", "path": "/home/kavia/workspace/code-generation/app-gateway2/__import__/extracted/app-gateway2-cga-cmf8e7ba8d/app-gateway/FbCommon/FbCommon.cpp", "pattern": "/^    FbCommon::FbCommon()$/", "language": "C++", "kind": "function", "signature": "()", "scope": "WPEFramework::Plugin::FbCommon", "scopeKind": "class"}, {"_type": "tag", "name": "Initialize", "path": "/home/kavia/workspace/code-generation/app-gateway2/__import__/extracted/app-gateway2-cga-cmf8e7ba8d/app-gateway/FbCommon/FbCommon.cpp", "pattern": "/^    const string FbCommon::Initialize(PluginHost::IShell* service)$/", "language": "C++", "typeref": "typename:const string", "kind": "function", "signature": "(PluginHost::IShell * service)", "scope": "WPEFramework::Plugin::FbCommon", "scopeKind": "class"}, {"_type": "tag", "name": "Plugin", "path": "/home/kavia/workspace/code-generation/app-gateway2/__import__/extracted/app-gateway2-cga-cmf8e7ba8d/app-gateway/FbCommon/FbCommon.cpp", "pattern": "/^namespace Plugin {$/", "file": true, "language": "C++", "kind": "namespace", "scope": "WPEFramework", "scopeKind": "namespace"}, {"_type": "tag", "name": "WPEFramework", "path": "/home/kavia/workspace/code-generation/app-gateway2/__import__/extracted/app-gateway2-cga-cmf8e7ba8d/app-gateway/FbCommon/FbCommon.cpp", "pattern": "/^namespace WPEFramework {$/", "file": true, "language": "C++", "kind": "namespace"}, {"_type": "tag", "name": "__anon4dd29e820111", "path": "/home/kavia/workspace/code-generation/app-gateway2/__import__/extracted/app-gateway2-cga-cmf8e7ba8d/app-gateway/FbCommon/FbCommon.cpp", "pattern": "/^namespace {$/", "file": true, "language": "C++", "kind": "namespace", "scope": "WPEFramework", "scopeKind": "namespace"}, {"_type": "tag", "name": "metadata", "path": "/home/kavia/workspace/code-generation/app-gateway2/__import__/extracted/app-gateway2-cga-cmf8e7ba8d/app-gateway/FbCommon/FbCommon.cpp", "pattern": "/^    static Plugin::Metadata<Plugin::FbCommon> metadata($/", "file": true, "language": "C++", "typeref": "typename:Plugin::Metadata<Plugin::FbCommon>", "kind": "variable", "scope": "WPEFramework::__anon4dd29e820111", "scopeKind": "namespace"}, {"_type": "tag", "name": "~FbCommon", "path": "/home/kavia/workspace/code-generation/app-gateway2/__import__/extracted/app-gateway2-cga-cmf8e7ba8d/app-gateway/FbCommon/FbCommon.cpp", "pattern": "/^    FbCommon::~FbCommon()$/", "language": "C++", "kind": "function", "signature": "()", "scope": "WPEFramework::Plugin::FbCommon", "scopeKind": "class"}], "hash": "2314f7198a55c178ec63f80cd1ff3280", "format-version": 4, "code-base-name": "app-gateway2", "filename": "__import__/extracted/app-gateway2-cga-cmf8e7ba8d/app-gateway/FbCommon/FbCommon.cpp", "fields": [{"name": "Plugin::Metadata<Plugin::FbCommon> metadata", "scope": "WPEFramework::__anon4dd29e820111", "scopeKind": "namespace", "description": "unavailable"}], "revision_history": [{"3838": "0f87a35b32215bc8547fb583d6c84bd51f603f69"}]}