{"is_source_file": true, "format": "C++ header (H file)", "description": "This file defines interfaces, classes, and components related to Inter-Process Communication (IPC) in the WPEFramework Core namespace. It includes message serialization/deserialization, IPC channel management, and IPC factory components for handling requests/responses and server registration.", "external_files": ["Factory.h", "IAction.h", "Link.h", "Module.h", "Portability.h", "SocketPort.h", "TypeTraits.h"], "external_methods": ["ASSERT()", "ASSERT_VERBOSE()", "TRACE_L1()", "Core::TypeTraits::enable_if", "Core::TypeTraits::hasClear", "Core::TypeTraits::hasLength", "Core::TypeTraits::hasSerialize", "Core::TypeTraits::hasDeserialize", "Core::CriticalSection::Lock", "Core::CriticalSection::Unlock", "Core::ProxyType<...>", "Core::ERROR_NONE", "Core::ERROR_TIMEDOUT", "Core::ERROR_ASYNC_FAILED", "Core::ERROR_INPROGRESS", "Core::ERROR_UNAVAILABLE", "Core::ERROR_CONNECTION_CLOSED", "Core::Event::SetEvent", "Core::Event::Lock"], "published": ["WPEFramework::Core::IMessage", "WPEFramework::Core::IIPC", "WPEFramework::Core::IIPCServer", "WPEFramework::Core::IPCMessageType", "WPEFramework::Core::IPCChannel", "WPEFramework::Core::IPCChannelType"], "classes": [{"name": "IMessage", "description": "Interface for messages that can be serialized/deserialized for IPC, supporting length, label, and serialization methods."}, {"name": "IIPC", "description": "Interface representing an IPC message with label and parameter/response components."}, {"name": "IIPCServer", "description": "Interface for handling incoming IPC procedure calls."}, {"name": "IPCMessageType", "description": "Template class representing a specific IPC message type with parameter and response payloads."}, {"name": "IPCChannel", "description": "Abstract base class for an IPC communication channel, supporting registration, invocation, and response reporting."}, {"name": "IPCChannelType", "description": "Template class extending IPCChannel for concrete implementation, managing links, extensions, and threading events."}], "methods": [{"name": "Serializer()", "description": "Constructor for the Serializer class, initializes internal state."}, {"name": "Submit()", "description": "Submits an IMessage element for serialization, setting internal state accordingly."}, {"name": "Serialize()", "description": "Serializes the IMessage into a byte stream for transmission."}, {"name": "Serialized()", "description": "Pure virtual callback invoked after successful serialization."}, {"name": "Deserializer()", "description": "Constructor for the Deserializer class.", "scope": "WPEFramework::Core::IMessage::Deserializer", "scopeKind": "class"}, {"name": "Deserialized()", "description": "Pure virtual callback called after deserialization of a message."}, {"name": "Element()", "description": "Returns a pointer to an IMessage object matching a specified label."}, {"name": "Label()", "description": "Returns the identifier of the message."}, {"name": "Length()", "description": "Returns the length of the message payload."}, {"name": "Serialize() in IMessage", "description": "Serializes message data into a byte stream."}, {"name": "Deserialize() in IMessage", "description": "Deserializes message data from a byte stream."}, {"name": "Label() in IIPC", "description": "Returns the message label."}, {"name": "IParameters()", "description": "Returns the message parameters."}, {"name": "IResponse()", "description": "Returns the message response."}, {"name": "Label() in IPCMessageType", "description": "Returns the fixed identifier for the message type."}, {"name": "Parameters()", "description": "Provides access to the parameters payload."}, {"name": "Response()", "description": "Provides access to the response payload."}, {"name": "ReportResponse()", "description": "Handles sending response back for an inbound message."}, {"name": "void Abort()", "scope": "WPEFramework::Core::IPCChannel", "scopeKind": "class", "description": "unavailable"}, {"name": "bool AbortOutbound()", "scope": "WPEFramework::Core::IPCChannel::IPCFactory", "scopeKind": "class", "description": "unavailable"}, {"name": "uint32_t AddRef() const", "scope": "WPEFramework::Core::IPCMessageType::RawSerializedType", "scopeKind": "class", "description": "unavailable"}, {"name": "void CallProcedure(ProxyType<IIPCServer> & procedure,ProxyType<IIPC> & message)", "scope": "WPEFramework::Core::IPCChannelType", "scopeKind": "class", "description": "unavailable"}, {"name": "void Clear()", "scope": "WPEFramework::Core::IPCMessageType", "scopeKind": "class", "description": "unavailable"}, {"name": "uint32_t CommandSize() const", "scope": "WPEFramework::Core::IMessage::Serializer", "scopeKind": "class", "description": "unavailable"}, {"name": "const void * CustomData() const", "scope": "WPEFramework::Core::IPCChannel", "scopeKind": "class", "description": "unavailable"}, {"name": "void CustomData(const void * const data)", "scope": "WPEFramework::Core::IPCChannel", "scopeKind": "class", "description": "unavailable"}, {"name": "uint16_t Deserialize(const uint8_t stream[],const uint16_t maxLength)", "scope": "WPEFramework::Core::IMessage::Deserializer", "scopeKind": "class", "description": "unavailable"}, {"name": "uint16_t Deserialize(const uint8_t stream[],const uint16_t maxLength,const uint32_t offset)", "scope": "WPEFramework::Core::IPCMessageType::RawSerializedType", "scopeKind": "class", "description": "unavailable"}, {"name": "void Dispatch(IIPC &)", "scope": "WPEFramework::Core::IPCChannelType::IPCTrigger", "scopeKind": "class", "description": "unavailable"}, {"name": "ProxyType<IMessage> Element(const uint32_t & identifier)", "scope": "WPEFramework::Core::IPCChannel::IPCFactory", "scopeKind": "class", "description": "unavailable"}, {"name": "uint32_t Execute(const ProxyType<IIPC> & command,IDispatchType<IIPC> * completed)", "scope": "WPEFramework::Core::IPCChannelType", "scopeKind": "class", "description": "unavailable"}, {"name": "uint32_t Execute(const ProxyType<IIPC> & command,const uint32_t waitTime)", "scope": "WPEFramework::Core::IPCChannelType", "scopeKind": "class", "description": "unavailable"}, {"name": "EXTENSION & Extension()", "scope": "WPEFramework::Core::IPCChannelType", "scopeKind": "class", "description": "unavailable"}, {"name": "const EXTENSION & Extension() const", "scope": "WPEFramework::Core::IPCChannelType", "scopeKind": "class", "description": "unavailable"}, {"name": "void Factory(Core::ProxyType<FactoryType<IIPC,uint32_t>> & factory)", "scope": "WPEFramework::Core::IPCChannel", "scopeKind": "class", "description": "unavailable"}, {"name": "void Flush()", "scope": "WPEFramework::Core::IPCChannel::IPCFactory", "scopeKind": "class", "description": "unavailable"}, {"name": "IPCChannel()", "scope": "WPEFramework::Core::IPCChannel", "scopeKind": "class", "description": "unavailable"}, {"name": "IPCChannel(Core::ProxyType<FactoryType<IIPC,uint32_t>> & factory)", "scope": "WPEFramework::Core::IPCChannel", "scopeKind": "class", "description": "unavailable"}, {"name": "DISABLE_WARNING_THIS_IN_MEMBER_INITIALIZER_LIST IPCChannelType(Args &&...args)", "scope": "WPEFramework::Core::IPCChannelType", "scopeKind": "class", "description": "unavailable"}, {"name": "IPCChannelType(Core::ProxyType<FactoryType<IIPC,uint32_t>> & factory,Args &&...args)", "scope": "WPEFramework::Core::IPCChannelType", "scopeKind": "class", "description": "unavailable"}, {"name": "IPCFactory()", "scope": "WPEFramework::Core::IPCChannel::IPCFactory", "scopeKind": "class", "description": "unavailable"}, {"name": "IPCFactory(Core::ProxyType<FactoryType<IIPC,uint32_t>> & factory)", "scope": "WPEFramework::Core::IPCChannel::IPCFactory", "scopeKind": "class", "description": "unavailable"}, {"name": "IPCLink(IPCChannelType<ACTUALSOURCE,EXTENSION> * parent,IPCFactory * factory,Args &&...args)", "scope": "WPEFramework::Core::IPCChannelType::IPCLink", "scopeKind": "class", "description": "unavailable"}, {"name": "DISABLE_WARNING_THIS_IN_MEMBER_INITIALIZER_LIST IPCMessageType()", "scope": "WPEFramework::Core::IPCMessageType", "scopeKind": "class", "description": "unavailable"}, {"name": "IPCMessageType(const PARAMETERS & info)", "scope": "WPEFramework::Core::IPCMessageType", "scopeKind": "class", "description": "unavailable"}, {"name": "IPCTrigger(IPCFactory & administration)", "scope": "WPEFramework::Core::IPCChannelType::IPCTrigger", "scopeKind": "class", "description": "unavailable"}, {"name": "ProxyType<IMessage> IParameters()", "scope": "WPEFramework::Core::IPCMessageType", "scopeKind": "class", "description": "unavailable"}, {"name": "ProxyType<IMessage> IResponse()", "scope": "WPEFramework::Core::IPCMessageType", "scopeKind": "class", "description": "unavailable"}, {"name": "uint32_t Id()", "scope": "WPEFramework::Core::IPCMessageType", "scopeKind": "class", "description": "unavailable"}, {"name": "bool InProgress() const", "scope": "WPEFramework::Core::IPCChannelType", "scopeKind": "class", "description": "unavailable"}, {"name": "uint32_t Invoke(const ProxyType<ACTUALELEMENT> & command,IDispatchType<IIPC> * completed)", "scope": "WPEFramework::Core::IPCChannel", "scopeKind": "class", "description": "unavailable"}, {"name": "uint32_t Invoke(const ProxyType<ACTUALELEMENT> & command,const uint32_t waitTime)", "scope": "WPEFramework::Core::IPCChannel", "scopeKind": "class", "description": "unavailable"}, {"name": "uint32_t Invoke(const ProxyType<Core::IIPC> & command,IDispatchType<IIPC> * completed)", "scope": "WPEFramework::Core::IPCChannel", "scopeKind": "class", "description": "unavailable"}, {"name": "uint32_t Invoke(const ProxyType<Core::IIPC> & command,const uint32_t waitTime)", "scope": "WPEFramework::Core::IPCChannel", "scopeKind": "class", "description": "unavailable"}, {"name": "uint32_t Label() const", "scope": "WPEFramework::Core::IPCMessageType", "scopeKind": "class", "description": "unavailable"}, {"name": "uint32_t Length() const", "scope": "WPEFramework::Core::IPCMessageType::RawSerializedType", "scopeKind": "class", "description": "unavailable"}, {"name": "uintptr_t LinkId() const", "scope": "WPEFramework::Core::IPCChannel", "scopeKind": "class", "description": "unavailable"}, {"name": "PACKAGE & Package()", "scope": "WPEFramework::Core::IPCMessageType::RawSerializedType", "scopeKind": "class", "description": "unavailable"}, {"name": "PARAMETERS & Parameters()", "scope": "WPEFramework::Core::IPCMessageType", "scopeKind": "class", "description": "unavailable"}, {"name": "RawSerializedType(CompoundClass & parent)", "scope": "WPEFramework::Core::IPCMessageType::RawSerializedType", "scopeKind": "class", "description": "unavailable"}, {"name": "RawSerializedType(CompoundClass & parent,const PACKAGE & package)", "scope": "WPEFramework::Core::IPCMessageType::RawSerializedType", "scopeKind": "class", "description": "unavailable"}, {"name": "void Received(Core::ProxyType<IMessage> & message)", "scope": "WPEFramework::Core::IPCChannelType::IPCLink", "scopeKind": "class", "description": "unavailable"}, {"name": "void Register(const uint32_t id,const ProxyType<IIPCServer> & handler)", "scope": "WPEFramework::Core::IPCChannel", "scopeKind": "class", "description": "unavailable"}], "calls": ["ASSERT()", "ASSERT_VERBOSE()", "TRACE_L1()", "Memory memcpy functions", "Event::SetEvent()", "Event::Lock()"], "search-terms": ["IPCComm", "Serializer", "Deserializer", "IPCMessageType", "IPCChannel", "IMessage", "IIPC", "IIPCServer", "Message serialization", "Core namespace", "Factory and Link include"], "state": 2, "file_id": 1423, "knowledge_revision": 16261, "git_revision": "0f87a35b32215bc8547fb583d6c84bd51f603f69", "ctags": [{"_type": "tag", "name": "Abort", "path": "/home/kavia/workspace/code-generation/app-gateway2/__import__/extracted/app-gateway2-cga-cmf8e7ba8d/dependencies/install/include/WPEFramework/core/IPCConnector.h", "pattern": "/^        void Abort()$/", "language": "C++", "typeref": "typename:void", "kind": "function", "signature": "()", "scope": "WPEFramework::Core::IPCChannel", "scopeKind": "class"}, {"_type": "tag", "name": "AbortOutbound", "path": "/home/kavia/workspace/code-generation/app-gateway2/__import__/extracted/app-gateway2-cga-cmf8e7ba8d/dependencies/install/include/WPEFramework/core/IPCConnector.h", "pattern": "/^            bool AbortOutbound()$/", "language": "C++", "typeref": "typename:bool", "kind": "function", "signature": "()", "scope": "WPEFramework::Core::IPCChannel::IPCFactory", "scopeKind": "class"}, {"_type": "tag", "name": "AddRef", "path": "/home/kavia/workspace/code-generation/app-gateway2/__import__/extracted/app-gateway2-cga-cmf8e7ba8d/dependencies/install/include/WPEFramework/core/IPCConnector.h", "pattern": "/^            uint32_t AddRef() const override {$/", "language": "C++", "typeref": "typename:uint32_t", "kind": "function", "signature": "() const", "scope": "WPEFramework::Core::IPCMessageType::RawSerializedType", "scopeKind": "class"}, {"_type": "tag", "name": "BaseClass", "path": "/home/kavia/workspace/code-generation/app-gateway2/__import__/extracted/app-gateway2-cga-cmf8e7ba8d/dependencies/install/include/WPEFramework/core/IPCConnector.h", "pattern": "/^            using BaseClass = LinkType<ACTUALSOURCE, IMessage, IMessage, IPCFactory&>;$/", "language": "C++", "typeref": "typename:LinkType<ACTUALSOURCE,IMessage,IMessage,IPCFactory &>", "kind": "typedef", "scope": "WPEFramework::Core::IPCChannelType::IPCLink", "scopeKind": "class"}, {"_type": "tag", "name": "BaseElement", "path": "/home/kavia/workspace/code-generation/app-gateway2/__import__/extracted/app-gateway2-cga-cmf8e7ba8d/dependencies/install/include/WPEFramework/core/IPCConnector.h", "pattern": "/^        typedef IMessage BaseElement;$/", "language": "C++", "typeref": "typename:IMessage", "kind": "typedef", "scope": "WPEFramework::Core::IMessage", "scopeKind": "struct"}, {"_type": "tag", "name": "CallProcedure", "path": "/home/kavia/workspace/code-generation/app-gateway2/__import__/extracted/app-gateway2-cga-cmf8e7ba8d/dependencies/install/include/WPEFramework/core/IPCConnector.h", "pattern": "/^        void CallProcedure(ProxyType<IIPCServer>& procedure, ProxyType<IIPC>& message)$/", "language": "C++", "typeref": "typename:void", "kind": "function", "signature": "(ProxyType<IIPCServer> & procedure,ProxyType<IIPC> & message)", "scope": "WPEFramework::Core::IPCChannelType", "scopeKind": "class"}, {"_type": "tag", "name": "Clear", "path": "/home/kavia/workspace/code-generation/app-gateway2/__import__/extracted/app-gateway2-cga-cmf8e7ba8d/dependencies/install/include/WPEFramework/core/IPCConnector.h", "pattern": "/^            void Clear()$/", "language": "C++", "typeref": "typename:void", "kind": "function", "signature": "()", "scope": "WPEFramework::Core::IPCMessageType::RawSerializedType", "scopeKind": "class"}, {"_type": "tag", "name": "Clear", "path": "/home/kavia/workspace/code-generation/app-gateway2/__import__/extracted/app-gateway2-cga-cmf8e7ba8d/dependencies/install/include/WPEFramework/core/IPCConnector.h", "pattern": "/^        void Clear()$/", "language": "C++", "typeref": "typename:void", "kind": "function", "signature": "()", "scope": "WPEFramework::Core::IPCMessageType", "scopeKind": "class"}, {"_type": "tag", "name": "CommandSize", "path": "/home/kavia/workspace/code-generation/app-gateway2/__import__/extracted/app-gateway2-cga-cmf8e7ba8d/dependencies/install/include/WPEFramework/core/IPCConnector.h", "pattern": "/^            uint32_t CommandSize() const$/", "language": "C++", "typeref": "typename:uint32_t", "kind": "function", "signature": "() const", "scope": "WPEFramework::Core::IMessage::Serializer", "scopeKind": "class"}, {"_type": "tag", "name": "CompoundClass", "path": "/home/kavia/workspace/code-generation/app-gateway2/__import__/extracted/app-gateway2-cga-cmf8e7ba8d/dependencies/install/include/WPEFramework/core/IPCConnector.h", "pattern": "/^        using CompoundClass = IPCMessageType<IDENTIFIER, PARAMETERS, RESPONSE>;$/", "language": "C++", "typeref": "typename:IPCMessageType<IDENTIFIER,PARAMETERS,RESPONSE>", "kind": "typedef", "scope": "WPEFramework::Core::IPCMessageType", "scopeKind": "class"}, {"_type": "tag", "name": "Core", "path": "/home/kavia/workspace/code-generation/app-gateway2/__import__/extracted/app-gateway2-cga-cmf8e7ba8d/dependencies/install/include/WPEFramework/core/IPCConnector.h", "pattern": "/^namespace Core {$/", "language": "C++", "kind": "namespace", "scope": "WPEFramework", "scopeKind": "namespace"}, {"_type": "tag", "name": "CustomData", "path": "/home/kavia/workspace/code-generation/app-gateway2/__import__/extracted/app-gateway2-cga-cmf8e7ba8d/dependencies/install/include/WPEFramework/core/IPCConnector.h", "pattern": "/^        const void* CustomData() const$/", "language": "C++", "typeref": "typename:const void *", "kind": "function", "signature": "() const", "scope": "WPEFramework::Core::IPCChannel", "scopeKind": "class"}, {"_type": "tag", "name": "CustomData", "path": "/home/kavia/workspace/code-generation/app-gateway2/__import__/extracted/app-gateway2-cga-cmf8e7ba8d/dependencies/install/include/WPEFramework/core/IPCConnector.h", "pattern": "/^        void CustomData(const void* const data)$/", "language": "C++", "typeref": "typename:void", "kind": "function", "signature": "(const void * const data)", "scope": "WPEFramework::Core::IPCChannel", "scopeKind": "class"}, {"_type": "tag", "name": "Deserialize", "path": "/home/kavia/workspace/code-generation/app-gateway2/__import__/extracted/app-gateway2-cga-cmf8e7ba8d/dependencies/install/include/WPEFramework/core/IPCConnector.h", "pattern": "/^            uint16_t Deserialize(const uint8_t stream[], const uint16_t maxLength)$/", "language": "C++", "typeref": "typename:uint16_t", "kind": "function", "signature": "(const uint8_t stream[],const uint16_t maxLength)", "scope": "WPEFramework::Core::IMessage::Deserializer", "scopeKind": "class"}, {"_type": "tag", "name": "Deserialize", "path": "/home/kavia/workspace/code-generation/app-gateway2/__import__/extracted/app-gateway2-cga-cmf8e7ba8d/dependencies/install/include/WPEFramework/core/IPCConnector.h", "pattern": "/^            uint16_t Deserialize(const uint8_t stream[], const uint16_t maxLength, const uint32_/", "language": "C++", "typeref": "typename:uint16_t", "kind": "function", "signature": "(const uint8_t stream[],const uint16_t maxLength,const uint32_t offset)", "scope": "WPEFramework::Core::IPCMessageType::RawSerializedType", "scopeKind": "class"}, {"_type": "tag", "name": "Deserializer", "path": "/home/kavia/workspace/code-generation/app-gateway2/__import__/extracted/app-gateway2-cga-cmf8e7ba8d/dependencies/install/include/WPEFramework/core/IPCConnector.h", "pattern": "/^            Deserializer()$/", "language": "C++", "kind": "function", "signature": "()", "scope": "WPEFramework::Core::IMessage::Deserializer", "scopeKind": "class"}, {"_type": "tag", "name": "Deserializer", "path": "/home/kavia/workspace/code-generation/app-gateway2/__import__/extracted/app-gateway2-cga-cmf8e7ba8d/dependencies/install/include/WPEFramework/core/IPCConnector.h", "pattern": "/^        class Deserializer {$/", "language": "C++", "kind": "class", "scope": "WPEFramework::Core::IMessage", "scopeKind": "struct"}, {"_type": "tag", "name": "Dispatch", "path": "/home/kavia/workspace/code-generation/app-gateway2/__import__/extracted/app-gateway2-cga-cmf8e7ba8d/dependencies/install/include/WPEFramework/core/IPCConnector.h", "pattern": "/^            void Dispatch(IIPC& \\/* element *\\/) override$/", "language": "C++", "typeref": "typename:void", "kind": "function", "signature": "(IIPC &)", "scope": "WPEFramework::Core::IPCChannelType::IPCTrigger", "scopeKind": "class"}, {"_type": "tag", "name": "Element", "path": "/home/kavia/workspace/code-generation/app-gateway2/__import__/extracted/app-gateway2-cga-cmf8e7ba8d/dependencies/install/include/WPEFramework/core/IPCConnector.h", "pattern": "/^            ProxyType<IMessage> Element(const uint32_t& identifier)$/", "language": "C++", "typeref": "typename:ProxyType<IMessage>", "kind": "function", "signature": "(const uint32_t & identifier)", "scope": "WPEFramework::Core::IPCChannel::IPCFactory", "scopeKind": "class"}, {"_type": "tag", "name": "Execute", "path": "/home/kavia/workspace/code-generation/app-gateway2/__import__/extracted/app-gateway2-cga-cmf8e7ba8d/dependencies/install/include/WPEFramework/core/IPCConnector.h", "pattern": "/^        uint32_t Execute(const ProxyType<IIPC>& command, IDispatchType<IIPC>* completed) overrid/", "language": "C++", "typeref": "typename:uint32_t", "kind": "function", "signature": "(const ProxyType<IIPC> & command,IDispatchType<IIPC> * completed)", "scope": "WPEFramework::Core::IPCChannelType", "scopeKind": "class"}, {"_type": "tag", "name": "Execute", "path": "/home/kavia/workspace/code-generation/app-gateway2/__import__/extracted/app-gateway2-cga-cmf8e7ba8d/dependencies/install/include/WPEFramework/core/IPCConnector.h", "pattern": "/^        uint32_t Execute(const ProxyType<IIPC>& command, const uint32_t waitTime) override$/", "language": "C++", "typeref": "typename:uint32_t", "kind": "function", "signature": "(const ProxyType<IIPC> & command,const uint32_t waitTime)", "scope": "WPEFramework::Core::IPCChannelType", "scopeKind": "class"}, {"_type": "tag", "name": "Extension", "path": "/home/kavia/workspace/code-generation/app-gateway2/__import__/extracted/app-gateway2-cga-cmf8e7ba8d/dependencies/install/include/WPEFramework/core/IPCConnector.h", "pattern": "/^        EXTENSION& Extension()$/", "language": "C++", "typeref": "typename:EXTENSION &", "kind": "function", "signature": "()", "scope": "WPEFramework::Core::IPCChannelType", "scopeKind": "class"}, {"_type": "tag", "name": "Extension", "path": "/home/kavia/workspace/code-generation/app-gateway2/__import__/extracted/app-gateway2-cga-cmf8e7ba8d/dependencies/install/include/WPEFramework/core/IPCConnector.h", "pattern": "/^        const EXTENSION& Extension() const$/", "language": "C++", "typeref": "typename:const EXTENSION &", "kind": "function", "signature": "() const", "scope": "WPEFramework::Core::IPCChannelType", "scopeKind": "class"}, {"_type": "tag", "name": "Factory", "path": "/home/kavia/workspace/code-generation/app-gateway2/__import__/extracted/app-gateway2-cga-cmf8e7ba8d/dependencies/install/include/WPEFramework/core/IPCConnector.h", "pattern": "/^            void Factory(Core::ProxyType<FactoryType<IIPC, uint32_t>>& factory)$/", "language": "C++", "typeref": "typename:void", "kind": "function", "signature": "(Core::ProxyType<FactoryType<IIPC,uint32_t>> & factory)", "scope": "WPEFramework::Core::IPCChannel::IPCFactory", "scopeKind": "class"}, {"_type": "tag", "name": "Factory", "path": "/home/kavia/workspace/code-generation/app-gateway2/__import__/extracted/app-gateway2-cga-cmf8e7ba8d/dependencies/install/include/WPEFramework/core/IPCConnector.h", "pattern": "/^        void Factory(Core::ProxyType<FactoryType<IIPC, uint32_t>>& factory)$/", "language": "C++", "typeref": "typename:void", "kind": "function", "signature": "(Core::ProxyType<FactoryType<IIPC,uint32_t>> & factory)", "scope": "WPEFramework::Core::IPCChannel", "scopeKind": "class"}, {"_type": "tag", "name": "Flush", "path": "/home/kavia/workspace/code-generation/app-gateway2/__import__/extracted/app-gateway2-cga-cmf8e7ba8d/dependencies/install/include/WPEFramework/core/IPCConnector.h", "pattern": "/^            void Flush()$/", "language": "C++", "typeref": "typename:void", "kind": "function", "signature": "()", "scope": "WPEFramework::Core::IPCChannel::IPCFactory", "scopeKind": "class"}, {"_type": "tag", "name": "IIPC", "path": "/home/kavia/workspace/code-generation/app-gateway2/__import__/extracted/app-gateway2-cga-cmf8e7ba8d/dependencies/install/include/WPEFramework/core/IPCConnector.h", "pattern": "/^    struct EXTERNAL IIPC {$/", "language": "C++", "kind": "struct", "scope": "WPEFramework::Core", "scopeKind": "namespace"}, {"_type": "tag", "name": "IIPCServer", "path": "/home/kavia/workspace/code-generation/app-gateway2/__import__/extracted/app-gateway2-cga-cmf8e7ba8d/dependencies/install/include/WPEFramework/core/IPCConnector.h", "pattern": "/^    struct EXTERNAL IIPCServer {$/", "language": "C++", "kind": "struct", "scope": "WPEFramework::Core", "scopeKind": "namespace"}, {"_type": "tag", "name": "IMessage", "path": "/home/kavia/workspace/code-generation/app-gateway2/__import__/extracted/app-gateway2-cga-cmf8e7ba8d/dependencies/install/include/WPEFramework/core/IPCConnector.h", "pattern": "/^    struct IMessage {$/", "language": "C++", "kind": "struct", "scope": "WPEFramework::Core", "scopeKind": "namespace"}, {"_type": "tag", "name": "IPCChannel", "path": "/home/kavia/workspace/code-generation/app-gateway2/__import__/extracted/app-gateway2-cga-cmf8e7ba8d/dependencies/install/include/WPEFramework/core/IPCConnector.h", "pattern": "/^        IPCChannel()$/", "language": "C++", "kind": "function", "signature": "()", "scope": "WPEFramework::Core::IPCChannel", "scopeKind": "class"}, {"_type": "tag", "name": "IPCChannel", "path": "/home/kavia/workspace/code-generation/app-gateway2/__import__/extracted/app-gateway2-cga-cmf8e7ba8d/dependencies/install/include/WPEFramework/core/IPCConnector.h", "pattern": "/^        IPCChannel(Core::ProxyType<FactoryType<IIPC, uint32_t>>& factory)$/", "language": "C++", "kind": "function", "signature": "(Core::ProxyType<FactoryType<IIPC,uint32_t>> & factory)", "scope": "WPEFramework::Core::IPCChannel", "scopeKind": "class"}, {"_type": "tag", "name": "IPCChannel", "path": "/home/kavia/workspace/code-generation/app-gateway2/__import__/extracted/app-gateway2-cga-cmf8e7ba8d/dependencies/install/include/WPEFramework/core/IPCConnector.h", "pattern": "/^    class EXTERNAL IPCChannel {$/", "language": "C++", "kind": "class", "scope": "WPEFramework::Core", "scopeKind": "namespace"}, {"_type": "tag", "name": "IPCChannelType", "path": "/home/kavia/workspace/code-generation/app-gateway2/__import__/extracted/app-gateway2-cga-cmf8e7ba8d/dependencies/install/include/WPEFramework/core/IPCConnector.h", "pattern": "/^        IPCChannelType(Args&&... args)$/", "language": "C++", "typeref": "typename:DISABLE_WARNING_THIS_IN_MEMBER_INITIALIZER_LIST", "kind": "function", "signature": "(Args &&...args)", "scope": "WPEFramework::Core::IPCChannelType", "scopeKind": "class"}, {"_type": "tag", "name": "IPCChannelType", "path": "/home/kavia/workspace/code-generation/app-gateway2/__import__/extracted/app-gateway2-cga-cmf8e7ba8d/dependencies/install/include/WPEFramework/core/IPCConnector.h", "pattern": "/^        IPCChannelType(Core::ProxyType<FactoryType<IIPC, uint32_t>>& factory, Args&&... args)$/", "language": "C++", "kind": "function", "signature": "(Core::ProxyType<FactoryType<IIPC,uint32_t>> & factory,Args &&...args)", "scope": "WPEFramework::Core::IPCChannelType", "scopeKind": "class"}, {"_type": "tag", "name": "IPCChannelType", "path": "/home/kavia/workspace/code-generation/app-gateway2/__import__/extracted/app-gateway2-cga-cmf8e7ba8d/dependencies/install/include/WPEFramework/core/IPCConnector.h", "pattern": "/^    class IPCChannelType : public IPCChannel {$/", "language": "C++", "kind": "class", "scope": "WPEFramework::Core", "scopeKind": "namespace"}, {"_type": "tag", "name": "IPCFactory", "path": "/home/kavia/workspace/code-generation/app-gateway2/__import__/extracted/app-gateway2-cga-cmf8e7ba8d/dependencies/install/include/WPEFramework/core/IPCConnector.h", "pattern": "/^            IPCFactory()$/", "language": "C++", "kind": "function", "signature": "()", "scope": "WPEFramework::Core::IPCChannel::IPCFactory", "scopeKind": "class"}, {"_type": "tag", "name": "IPCFactory", "path": "/home/kavia/workspace/code-generation/app-gateway2/__import__/extracted/app-gateway2-cga-cmf8e7ba8d/dependencies/install/include/WPEFramework/core/IPCConnector.h", "pattern": "/^            IPCFactory(Core::ProxyType<FactoryType<IIPC, uint32_t>>& factory)$/", "language": "C++", "kind": "function", "signature": "(Core::ProxyType<FactoryType<IIPC,uint32_t>> & factory)", "scope": "WPEFramework::Core::IPCChannel::IPCFactory", "scopeKind": "class"}, {"_type": "tag", "name": "IPCFactory", "path": "/home/kavia/workspace/code-generation/app-gateway2/__import__/extracted/app-gateway2-cga-cmf8e7ba8d/dependencies/install/include/WPEFramework/core/IPCConnector.h", "pattern": "/^        class EXTERNAL IPCFactory {$/", "language": "C++", "kind": "class", "scope": "WPEFramework::Core::IPCChannel", "scopeKind": "class"}, {"_type": "tag", "name": "IPCLink", "path": "/home/kavia/workspace/code-generation/app-gateway2/__import__/extracted/app-gateway2-cga-cmf8e7ba8d/dependencies/install/include/WPEFramework/core/IPCConnector.h", "pattern": "/^            IPCLink(IPCChannelType<ACTUALSOURCE, EXTENSION>* parent, IPCFactory* factory, Args&&/", "language": "C++", "kind": "function", "signature": "(IPCChannelType<ACTUALSOURCE,EXTENSION> * parent,IPCFactory * factory,Args &&...args)", "scope": "WPEFramework::Core::IPCChannelType::IPCLink", "scopeKind": "class"}, {"_type": "tag", "name": "IPCLink", "path": "/home/kavia/workspace/code-generation/app-gateway2/__import__/extracted/app-gateway2-cga-cmf8e7ba8d/dependencies/install/include/WPEFramework/core/IPCConnector.h", "pattern": "/^        class IPCLink : public LinkType<ACTUALSOURCE, IMessage, IMessage, IPCFactory&> {$/", "language": "C++", "kind": "class", "scope": "WPEFramework::Core::IPCChannelType", "scopeKind": "class"}, {"_type": "tag", "name": "IPCMessageType", "path": "/home/kavia/workspace/code-generation/app-gateway2/__import__/extracted/app-gateway2-cga-cmf8e7ba8d/dependencies/install/include/WPEFramework/core/IPCConnector.h", "pattern": "/^        IPCMessageType()$/", "language": "C++", "typeref": "typename:DISABLE_WARNING_THIS_IN_MEMBER_INITIALIZER_LIST", "kind": "function", "signature": "()", "scope": "WPEFramework::Core::IPCMessageType", "scopeKind": "class"}, {"_type": "tag", "name": "IPCMessageType", "path": "/home/kavia/workspace/code-generation/app-gateway2/__import__/extracted/app-gateway2-cga-cmf8e7ba8d/dependencies/install/include/WPEFramework/core/IPCConnector.h", "pattern": "/^        IPCMessageType(const PARAMETERS& info)$/", "language": "C++", "kind": "function", "signature": "(const PARAMETERS & info)", "scope": "WPEFramework::Core::IPCMessageType", "scopeKind": "class"}, {"_type": "tag", "name": "IPCMessageType", "path": "/home/kavia/workspace/code-generation/app-gateway2/__import__/extracted/app-gateway2-cga-cmf8e7ba8d/dependencies/install/include/WPEFramework/core/IPCConnector.h", "pattern": "/^    class IPCMessageType : public IIPC, public IReferenceCounted {$/", "language": "C++", "kind": "class", "scope": "WPEFramework::Core", "scopeKind": "namespace"}, {"_type": "tag", "name": "IPCTrigger", "path": "/home/kavia/workspace/code-generation/app-gateway2/__import__/extracted/app-gateway2-cga-cmf8e7ba8d/dependencies/install/include/WPEFramework/core/IPCConnector.h", "pattern": "/^            IPCTrigger(IPCFactory& administration)$/", "language": "C++", "kind": "function", "signature": "(IPCFactory & administration)", "scope": "WPEFramework::Core::IPCChannelType::IPCTrigger", "scopeKind": "class"}, {"_type": "tag", "name": "IPCTrigger", "path": "/home/kavia/workspace/code-generation/app-gateway2/__import__/extracted/app-gateway2-cga-cmf8e7ba8d/dependencies/install/include/WPEFramework/core/IPCConnector.h", "pattern": "/^        class IPCTrigger : public IDispatchType<IIPC> {$/", "language": "C++", "kind": "class", "scope": "WPEFramework::Core::IPCChannelType", "scopeKind": "class"}, {"_type": "tag", "name": "IParameters", "path": "/home/kavia/workspace/code-generation/app-gateway2/__import__/extracted/app-gateway2-cga-cmf8e7ba8d/dependencies/install/include/WPEFramework/core/IPCConnector.h", "pattern": "/^        virtual ProxyType<IMessage> IParameters()$/", "language": "C++", "typeref": "typename:ProxyType<IMessage>", "kind": "function", "signature": "()", "scope": "WPEFramework::Core::IPCMessageType", "scopeKind": "class"}, {"_type": "tag", "name": "IResponse", "path": "/home/kavia/workspace/code-generation/app-gateway2/__import__/extracted/app-gateway2-cga-cmf8e7ba8d/dependencies/install/include/WPEFramework/core/IPCConnector.h", "pattern": "/^        virtual ProxyType<IMessage> IResponse()$/", "language": "C++", "typeref": "typename:ProxyType<IMessage>", "kind": "function", "signature": "()", "scope": "WPEFramework::Core::IPCMessageType", "scopeKind": "class"}, {"_type": "tag", "name": "Id", "path": "/home/kavia/workspace/code-generation/app-gateway2/__import__/extracted/app-gateway2-cga-cmf8e7ba8d/dependencies/install/include/WPEFramework/core/IPCConnector.h", "pattern": "/^        static uint32_t Id()$/", "language": "C++", "typeref": "typename:uint32_t", "kind": "function", "signature": "()", "scope": "WPEFramework::Core::IPCMessageType", "scopeKind": "class"}, {"_type": "tag", "name": "Identifier", "path": "/home/kavia/workspace/code-generation/app-gateway2/__import__/extracted/app-gateway2-cga-cmf8e7ba8d/dependencies/install/include/WPEFramework/core/IPCConnector.h", "pattern": "/^        typedef uint32_t Identifier;$/", "language": "C++", "typeref": "typename:uint32_t", "kind": "typedef", "scope": "WPEFramework::Core::IMessage", "scopeKind": "struct"}, {"_type": "tag", "name": "InProgress", "path": "/home/kavia/workspace/code-generation/app-gateway2/__import__/extracted/app-gateway2-cga-cmf8e7ba8d/dependencies/install/include/WPEFramework/core/IPCConnector.h", "pattern": "/^            bool InProgress() const$/", "language": "C++", "typeref": "typename:bool", "kind": "function", "signature": "() const", "scope": "WPEFramework::Core::IPCChannel::IPCFactory", "scopeKind": "class"}, {"_type": "tag", "name": "InProgress", "path": "/home/kavia/workspace/code-generation/app-gateway2/__import__/extracted/app-gateway2-cga-cmf8e7ba8d/dependencies/install/include/WPEFramework/core/IPCConnector.h", "pattern": "/^        bool InProgress() const$/", "language": "C++", "typeref": "typename:bool", "kind": "function", "signature": "() const", "scope": "WPEFramework::Core::IPCChannelType", "scopeKind": "class"}, {"_type": "tag", "name": "Invoke", "path": "/home/kavia/workspace/code-generation/app-gateway2/__import__/extracted/app-gateway2-cga-cmf8e7ba8d/dependencies/install/include/WPEFramework/core/IPCConnector.h", "pattern": "/^        uint32_t Invoke(const ProxyType<ACTUALELEMENT>& command, IDispatchType<IIPC>* completed)$/", "language": "C++", "typeref": "typename:uint32_t", "kind": "function", "signature": "(const ProxyType<ACTUALELEMENT> & command,IDispatchType<IIPC> * completed)", "scope": "WPEFramework::Core::IPCChannel", "scopeKind": "class"}, {"_type": "tag", "name": "Invoke", "path": "/home/kavia/workspace/code-generation/app-gateway2/__import__/extracted/app-gateway2-cga-cmf8e7ba8d/dependencies/install/include/WPEFramework/core/IPCConnector.h", "pattern": "/^        uint32_t Invoke(const ProxyType<ACTUALELEMENT>& command, const uint32_t waitTime)$/", "language": "C++", "typeref": "typename:uint32_t", "kind": "function", "signature": "(const ProxyType<ACTUALELEMENT> & command,const uint32_t waitTime)", "scope": "WPEFramework::Core::IPCChannel", "scopeKind": "class"}, {"_type": "tag", "name": "Invoke", "path": "/home/kavia/workspace/code-generation/app-gateway2/__import__/extracted/app-gateway2-cga-cmf8e7ba8d/dependencies/install/include/WPEFramework/core/IPCConnector.h", "pattern": "/^        uint32_t Invoke(const ProxyType<Core::IIPC>& command, IDispatchType<IIPC>* completed)$/", "language": "C++", "typeref": "typename:uint32_t", "kind": "function", "signature": "(const ProxyType<Core::IIPC> & command,IDispatchType<IIPC> * completed)", "scope": "WPEFramework::Core::IPCChannel", "scopeKind": "class"}, {"_type": "tag", "name": "Invoke", "path": "/home/kavia/workspace/code-generation/app-gateway2/__import__/extracted/app-gateway2-cga-cmf8e7ba8d/dependencies/install/include/WPEFramework/core/IPCConnector.h", "pattern": "/^        uint32_t Invoke(const ProxyType<Core::IIPC>& command, const uint32_t waitTime)$/", "language": "C++", "typeref": "typename:uint32_t", "kind": "function", "signature": "(const ProxyType<Core::IIPC> & command,const uint32_t waitTime)", "scope": "WPEFramework::Core::IPCChannel", "scopeKind": "class"}, {"_type": "tag", "name": "Label", "path": "/home/kavia/workspace/code-generation/app-gateway2/__import__/extracted/app-gateway2-cga-cmf8e7ba8d/dependencies/install/include/WPEFramework/core/IPCConnector.h", "pattern": "/^            uint32_t Label() const override$/", "language": "C++", "typeref": "typename:uint32_t", "kind": "function", "signature": "() const", "scope": "WPEFramework::Core::IPCMessageType::RawSerializedType", "scopeKind": "class"}, {"_type": "tag", "name": "Label", "path": "/home/kavia/workspace/code-generation/app-gateway2/__import__/extracted/app-gateway2-cga-cmf8e7ba8d/dependencies/install/include/WPEFramework/core/IPCConnector.h", "pattern": "/^        virtual uint32_t Label() const$/", "language": "C++", "typeref": "typename:uint32_t", "kind": "function", "signature": "() const", "scope": "WPEFramework::Core::IPCMessageType", "scopeKind": "class"}, {"_type": "tag", "name": "Length", "path": "/home/kavia/workspace/code-generation/app-gateway2/__import__/extracted/app-gateway2-cga-cmf8e7ba8d/dependencies/install/include/WPEFramework/core/IPCConnector.h", "pattern": "/^            uint32_t Length() const override$/", "language": "C++", "typeref": "typename:uint32_t", "kind": "function", "signature": "() const", "scope": "WPEFramework::Core::IPCMessageType::RawSerializedType", "scopeKind": "class"}, {"_type": "tag", "name": "LinkId", "path": "/home/kavia/workspace/code-generation/app-gateway2/__import__/extracted/app-gateway2-cga-cmf8e7ba8d/dependencies/install/include/WPEFramework/core/IPCConnector.h", "pattern": "/^        uintptr_t LinkId() const {$/", "language": "C++", "typeref": "typename:uintptr_t", "kind": "function", "signature": "() const", "scope": "WPEFramework::Core::IPCChannel", "scopeKind": "class"}, {"_type": "tag", "name": "Package", "path": "/home/kavia/workspace/code-generation/app-gateway2/__import__/extracted/app-gateway2-cga-cmf8e7ba8d/dependencies/install/include/WPEFramework/core/IPCConnector.h", "pattern": "/^            PACKAGE& Package()$/", "language": "C++", "typeref": "typename:PACKAGE &", "kind": "function", "signature": "()", "scope": "WPEFramework::Core::IPCMessageType::RawSerializedType", "scopeKind": "class"}, {"_type": "tag", "name": "ParameterType", "path": "/home/kavia/workspace/code-generation/app-gateway2/__import__/extracted/app-gateway2-cga-cmf8e7ba8d/dependencies/install/include/WPEFramework/core/IPCConnector.h", "pattern": "/^        using ParameterType = RawSerializedType < PARAMETERS, (IDENTIFIER << 1) >;$/", "language": "C++", "kind": "typedef", "scope": "WPEFramework::Core::IPCMessageType", "scopeKind": "class"}, {"_type": "tag", "name": "Parameters", "path": "/home/kavia/workspace/code-generation/app-gateway2/__import__/extracted/app-gateway2-cga-cmf8e7ba8d/dependencies/install/include/WPEFramework/core/IPCConnector.h", "pattern": "/^        PARAMETERS& Parameters()$/", "language": "C++", "typeref": "typename:PARAMETERS &", "kind": "function", "signature": "()", "scope": "WPEFramework::Core::IPCMessageType", "scopeKind": "class"}, {"_type": "tag", "name": "RawSerializedType", "path": "/home/kavia/workspace/code-generation/app-gateway2/__import__/extracted/app-gateway2-cga-cmf8e7ba8d/dependencies/install/include/WPEFramework/core/IPCConnector.h", "pattern": "/^            RawSerializedType(CompoundClass& parent)$/", "language": "C++", "kind": "function", "signature": "(CompoundClass & parent)", "scope": "WPEFramework::Core::IPCMessageType::RawSerializedType", "scopeKind": "class"}, {"_type": "tag", "name": "RawSerializedType", "path": "/home/kavia/workspace/code-generation/app-gateway2/__import__/extracted/app-gateway2-cga-cmf8e7ba8d/dependencies/install/include/WPEFramework/core/IPCConnector.h", "pattern": "/^            RawSerializedType(CompoundClass& parent, const PACKAGE& package)$/", "language": "C++", "kind": "function", "signature": "(CompoundClass & parent,const PACKAGE & package)", "scope": "WPEFramework::Core::IPCMessageType::RawSerializedType", "scopeKind": "class"}, {"_type": "tag", "name": "RawSerializedType", "path": "/home/kavia/workspace/code-generation/app-gateway2/__import__/extracted/app-gateway2-cga-cmf8e7ba8d/dependencies/install/include/WPEFramework/core/IPCConnector.h", "pattern": "/^        class RawSerializedType : public Core::IMessage, public Core::IReferenceCounted {$/", "language": "C++", "kind": "class", "scope": "WPEFramework::Core::IPCMessageType", "scopeKind": "class"}, {"_type": "tag", "name": "Received", "path": "/home/kavia/workspace/code-generation/app-gateway2/__import__/extracted/app-gateway2-cga-cmf8e7ba8d/dependencies/install/include/WPEFramework/core/IPCConnector.h", "pattern": "/^            void Received(Core::ProxyType<IMessage>& message) override$/", "language": "C++", "typeref": "typename:void", "kind": "function", "signature": "(Core::ProxyType<IMessage> & message)", "scope": "WPEFramework::Core::IPCChannelType::IPCLink", "scopeKind": "class"}, {"_type": "tag", "name": "Register", "path": "/home/kavia/workspace/code-generation/app-gateway2/__import__/extracted/app-gateway2-cga-cmf8e7ba8d/dependencies/install/include/WPEFramework/core/IPCConnector.h", "pattern": "/^        void Register(const uint32_t id, const ProxyType<IIPCServer>& handler)$/", "language": "C++", "typeref": "typename:void", "kind": "function", "signature": "(const uint32_t id,const ProxyType<IIPCServer> & handler)", "scope": "WPEFramework::Core::IPCChannel", "scopeKind": "class"}], "hash": "d50bfa644c4929486a7f8104eca362da", "format-version": 4, "code-base-name": "app-gateway2", "filename": "__import__/extracted/app-gateway2-cga-cmf8e7ba8d/dependencies/install/include/WPEFramework/core/IPCConnector.h", "revision_history": [{"16261": "0f87a35b32215bc8547fb583d6c84bd51f603f69"}]}