{"is_source_file": true, "format": "C++ header file", "description": "This file defines interface registration functions for the JZigWave plugin in the WPEFramework, including method bindings for 'bind', 'unbind', 'permutable', 'accept', and 'device', as well as version information and registration management.", "external_files": ["Module.h", "JsonData_ZigWave.h", "<interfaces/IZigWave.h>"], "external_methods": ["Core::FromString", "Core::ERROR_NONE", "Core::ERROR_UNKNOWN_KEY", "ASSERT"], "published": ["WPEFramework::Exchange::JZigWave::Register", "WPEFramework::Exchange::JZigWave::Unregister"], "classes": [], "methods": [{"name": "Register", "description": "Registers ZigWave methods and properties on the JSONRPC module, binding implementation methods to JSON-RPC calls."}, {"name": "void Unregister(JSONRPC & _module_)", "description": "Unregisters ZigWave methods and properties from the JSONRPC module.", "scope": "WPEFramework::Exchange::JZigWave", "scopeKind": "namespace"}, {"name": "PUSH_WARNING(DISABLE_WARNING_UNUSED_FUNCTIONS)", "scope": "WPEFramework::Exchange::JZigWave", "scopeKind": "namespace", "description": "unavailable"}, {"name": "uint32_t __anon4f20db620102(const JsonData::ZigWave::BindParamsInfo& params)", "scope": "WPEFramework::Exchange::JZigWave::PUSH_WARNING", "scopeKind": "function", "description": "unavailable"}, {"name": "uint32_t __anon4f20db620202(const JsonData::ZigWave::BindParamsInfo& params)", "scope": "WPEFramework::Exchange::JZigWave::PUSH_WARNING", "scopeKind": "function", "description": "unavailable"}, {"name": "uint32_t __anon4f20db620302(const string& _index_, const JsonData::ZigWave::PermutableInfo& params, Core::JSON::Boolean& result)", "scope": "WPEFramework::Exchange::JZigWave::PUSH_WARNING", "scopeKind": "function", "description": "unavailable"}, {"name": "uint32_t __anon4f20db620402(const string& _index_, const JsonData::ZigWave::PermutableInfo& params, Core::JSON::Boolean& result)", "scope": "WPEFramework::Exchange::JZigWave::PUSH_WARNING", "scopeKind": "function", "description": "unavailable"}, {"name": "uint32_t __anon4f20db620502(const string& _index_, Core::JSON::String& result)", "scope": "WPEFramework::Exchange::JZigWave::PUSH_WARNING", "scopeKind": "function", "description": "unavailable"}], "calls": ["JSONRPC::Register", "JSONRPC::Unregister", "IZigWave::Bind", "IZigWave::Unbind", "IZigWave::Permutable", "IZigWave::Device"], "search-terms": ["JZigWave", "RegisterMethods", "bind", "unbind", "permutable", "device", "JSONRPC", "IWPEFramework", "ZigWave"], "state": 2, "file_id": 1659, "knowledge_revision": 4256, "git_revision": "0f87a35b32215bc8547fb583d6c84bd51f603f69", "ctags": [{"_type": "tag", "name": "Exchange", "path": "/home/kavia/workspace/code-generation/app-gateway2/__import__/extracted/app-gateway2-cga-cmf8e7ba8d/dependencies/install/include/WPEFramework/interfaces/json/JZigWave.h", "pattern": "/^namespace Exchange {$/", "language": "C++", "kind": "namespace", "scope": "WPEFramework", "scopeKind": "namespace"}, {"_type": "tag", "name": "JSONRPC", "path": "/home/kavia/workspace/code-generation/app-gateway2/__import__/extracted/app-gateway2-cga-cmf8e7ba8d/dependencies/install/include/WPEFramework/interfaces/json/JZigWave.h", "pattern": "/^        using JSONRPC = PluginHost::JSONRPC;$/", "language": "C++", "typeref": "typename:PluginHost::JSONRPC", "kind": "typedef", "scope": "WPEFramework::Exchange::JZigWave", "scopeKind": "namespace"}, {"_type": "tag", "name": "JZigWave", "path": "/home/kavia/workspace/code-generation/app-gateway2/__import__/extracted/app-gateway2-cga-cmf8e7ba8d/dependencies/install/include/WPEFramework/interfaces/json/JZigWave.h", "pattern": "/^    namespace JZigWave {$/", "language": "C++", "kind": "namespace", "scope": "WPEFramework::Exchange", "scopeKind": "namespace"}, {"_type": "tag", "name": "Major", "path": "/home/kavia/workspace/code-generation/app-gateway2/__import__/extracted/app-gateway2-cga-cmf8e7ba8d/dependencies/install/include/WPEFramework/interfaces/json/JZigWave.h", "pattern": "/^            constexpr uint8_t Major = 1;$/", "language": "C++", "typeref": "typename:uint8_t", "kind": "variable", "scope": "WPEFramework::Exchange::JZigWave::Version", "scopeKind": "namespace"}, {"_type": "tag", "name": "Minor", "path": "/home/kavia/workspace/code-generation/app-gateway2/__import__/extracted/app-gateway2-cga-cmf8e7ba8d/dependencies/install/include/WPEFramework/interfaces/json/JZigWave.h", "pattern": "/^            constexpr uint8_t Minor = 0;$/", "language": "C++", "typeref": "typename:uint8_t", "kind": "variable", "scope": "WPEFramework::Exchange::JZigWave::Version", "scopeKind": "namespace"}, {"_type": "tag", "name": "PUSH_WARNING", "path": "/home/kavia/workspace/code-generation/app-gateway2/__import__/extracted/app-gateway2-cga-cmf8e7ba8d/dependencies/install/include/WPEFramework/interfaces/json/JZigWave.h", "pattern": "/^        PUSH_WARNING(DISABLE_WARNING_UNUSED_FUNCTIONS)$/", "language": "C++", "kind": "function", "signature": "(DISABLE_WARNING_UNUSED_FUNCTIONS)", "scope": "WPEFramework::Exchange::JZigWave", "scopeKind": "namespace"}, {"_type": "tag", "name": "Patch", "path": "/home/kavia/workspace/code-generation/app-gateway2/__import__/extracted/app-gateway2-cga-cmf8e7ba8d/dependencies/install/include/WPEFramework/interfaces/json/JZigWave.h", "pattern": "/^            constexpr uint8_t Patch = 0;$/", "language": "C++", "typeref": "typename:uint8_t", "kind": "variable", "scope": "WPEFramework::Exchange::JZigWave::Version", "scopeKind": "namespace"}, {"_type": "tag", "name": "Unregister", "path": "/home/kavia/workspace/code-generation/app-gateway2/__import__/extracted/app-gateway2-cga-cmf8e7ba8d/dependencies/install/include/WPEFramework/interfaces/json/JZigWave.h", "pattern": "/^        static void Unregister(JSONRPC& _module_)$/", "language": "C++", "typeref": "typename:void", "kind": "function", "signature": "(JSONRPC & _module_)", "scope": "WPEFramework::Exchange::JZigWave", "scopeKind": "namespace"}, {"_type": "tag", "name": "Version", "path": "/home/kavia/workspace/code-generation/app-gateway2/__import__/extracted/app-gateway2-cga-cmf8e7ba8d/dependencies/install/include/WPEFramework/interfaces/json/JZigWave.h", "pattern": "/^        namespace Version {$/", "language": "C++", "kind": "namespace", "scope": "WPEFramework::Exchange::JZigWave", "scopeKind": "namespace"}, {"_type": "tag", "name": "WPEFramework", "path": "/home/kavia/workspace/code-generation/app-gateway2/__import__/extracted/app-gateway2-cga-cmf8e7ba8d/dependencies/install/include/WPEFramework/interfaces/json/JZigWave.h", "pattern": "/^namespace WPEFramework {$/", "language": "C++", "kind": "namespace"}, {"_type": "tag", "name": "__anon4f20db620102", "path": "/home/kavia/workspace/code-generation/app-gateway2/__import__/extracted/app-gateway2-cga-cmf8e7ba8d/dependencies/install/include/WPEFramework/interfaces/json/JZigWave.h", "pattern": "/^                [_impl_](const JsonData::ZigWave::BindParamsInfo& params) -> uint32_t {$/", "file": true, "language": "C++", "typeref": "typename:uint32_t", "kind": "function", "signature": "(const JsonData::ZigWave::BindParamsInfo& params) ", "scope": "WPEFramework::Exchange::JZigWave::PUSH_WARNING", "scopeKind": "function"}, {"_type": "tag", "name": "__anon4f20db620202", "path": "/home/kavia/workspace/code-generation/app-gateway2/__import__/extracted/app-gateway2-cga-cmf8e7ba8d/dependencies/install/include/WPEFramework/interfaces/json/JZigWave.h", "pattern": "/^                [_impl_](const JsonData::ZigWave::BindParamsInfo& params) -> uint32_t {$/", "file": true, "language": "C++", "typeref": "typename:uint32_t", "kind": "function", "signature": "(const JsonData::ZigWave::BindParamsInfo& params) ", "scope": "WPEFramework::Exchange::JZigWave::PUSH_WARNING", "scopeKind": "function"}, {"_type": "tag", "name": "__anon4f20db620302", "path": "/home/kavia/workspace/code-generation/app-gateway2/__import__/extracted/app-gateway2-cga-cmf8e7ba8d/dependencies/install/include/WPEFramework/interfaces/json/JZigWave.h", "pattern": "/^                [_impl_](const string& _index_, const JsonData::ZigWave::PermutableInfo& params,/", "file": true, "language": "C++", "typeref": "typename:uint32_t", "kind": "function", "signature": "(const string& _index_, const JsonData::ZigWave::PermutableInfo& params, Core::JSON::Boolean& result) ", "scope": "WPEFramework::Exchange::JZigWave::PUSH_WARNING", "scopeKind": "function"}, {"_type": "tag", "name": "__anon4f20db620402", "path": "/home/kavia/workspace/code-generation/app-gateway2/__import__/extracted/app-gateway2-cga-cmf8e7ba8d/dependencies/install/include/WPEFramework/interfaces/json/JZigWave.h", "pattern": "/^                [_impl_](const string& _index_, const JsonData::ZigWave::PermutableInfo& params,/", "file": true, "language": "C++", "typeref": "typename:uint32_t", "kind": "function", "signature": "(const string& _index_, const JsonData::ZigWave::PermutableInfo& params, Core::JSON::Boolean& result) ", "scope": "WPEFramework::Exchange::JZigWave::PUSH_WARNING", "scopeKind": "function"}, {"_type": "tag", "name": "__anon4f20db620502", "path": "/home/kavia/workspace/code-generation/app-gateway2/__import__/extracted/app-gateway2-cga-cmf8e7ba8d/dependencies/install/include/WPEFramework/interfaces/json/JZigWave.h", "pattern": "/^                [_impl_](const string& _index_, Core::JSON::String& result) -> uint32_t {$/", "file": true, "language": "C++", "typeref": "typename:uint32_t", "kind": "function", "signature": "(const string& _index_, Core::JSON::String& result) ", "scope": "WPEFramework::Exchange::JZigWave::PUSH_WARNING", "scopeKind": "function"}], "hash": "55d8380dbf0d27ec133255a80163f3bc", "format-version": 4, "code-base-name": "app-gateway2", "filename": "__import__/extracted/app-gateway2-cga-cmf8e7ba8d/dependencies/install/include/WPEFramework/interfaces/json/JZigWave.h", "fields": [{"name": "uint8_t Major", "scope": "WPEFramework::Exchange::JZigWave::Version", "scopeKind": "namespace", "description": "unavailable"}, {"name": "uint8_t Minor", "scope": "WPEFramework::Exchange::JZigWave::Version", "scopeKind": "namespace", "description": "unavailable"}, {"name": "uint8_t Patch", "scope": "WPEFramework::Exchange::JZigWave::Version", "scopeKind": "namespace", "description": "unavailable"}], "revision_history": [{"4256": "0f87a35b32215bc8547fb583d6c84bd51f603f69"}]}