{"is_source_file": true, "format": "C++ header file", "description": "This file defines data structures, enums, and request/response classes for the PersistentStore JSON-RPC API within the WPEFramework project. It includes classes for parameters and results related to keys, namespaces, storage limits, and value changes, primarily using JSON containers.", "external_files": ["<core/JSON.h>", "<core/Enumerate.h>"], "external_methods": [], "published": ["JsonData::PersistentStore::ScopeType", "JsonData::PersistentStore::DeleteKeyParamsInfo", "JsonData::PersistentStore::DeleteKeyResultInfo", "JsonData::PersistentStore::DeleteNamespaceParamsInfo", "JsonData::PersistentStore::GetNamespacesParamsInfo", "JsonData::PersistentStore::GetKeysResultData", "JsonData::PersistentStore::GetNamespaceStorageLimitResultData", "JsonData::PersistentStore::GetNamespacesResultData", "JsonData::PersistentStore::GetStorageSizesResultData", "JsonData::PersistentStore::GetValueResultData", "JsonData::PersistentStore::OnValueChangedParamsData", "JsonData::PersistentStore::SetNamespaceStorageLimitParamsData", "JsonData::PersistentStore::SetValueParamsData"], "classes": [{"name": "DeleteKeyParamsInfo", "description": "Represents parameters for deleting a specific key within a namespace and scope."}, {"name": "DeleteKeyResultInfo", "description": "Represents the result indicating success or failure of a delete key operation."}, {"name": "DeleteNamespaceParamsInfo", "description": "Parameters for deleting an entire namespace within a given scope."}, {"name": "GetNamespacesParamsInfo", "description": "Parameters for retrieving list of namespaces within a specific scope."}, {"name": "GetKeysResultData", "description": "Result data containing keys in a namespace and operation success status."}, {"name": "GetNamespaceStorageLimitResultData", "description": "Contains the storage limit for a given namespace."}, {"name": "GetNamespacesResultData", "description": "Contains a list of namespace strings and a success flag."}, {"name": "GetStorageSizesResultData", "description": "Provides sizes occupied by each namespace."}, {"name": "GetValueResultData", "description": "Contains the value, success flag, and TTL for a key."}, {"name": "OnValueChangedParamsData", "description": "Parameters indicating a change event for a key's value."}, {"name": "SetNamespaceStorageLimitParamsData", "description": "Parameters for setting storage limit on a namespace."}, {"name": "SetValueParamsData", "description": "Parameters for setting a key's value, scope, and TTL."}], "methods": [{"name": "DeleteKeyParamsInfo()", "scope": "WPEFramework::JsonData::PersistentStore::DeleteKeyParamsInfo", "scopeKind": "class", "description": "unavailable"}, {"name": "DeleteKeyResultInfo()", "scope": "WPEFramework::JsonData::PersistentStore::DeleteKeyResultInfo", "scopeKind": "class", "description": "unavailable"}, {"name": "DeleteNamespaceParamsInfo()", "scope": "WPEFramework::JsonData::PersistentStore::DeleteNamespaceParamsInfo", "scopeKind": "class", "description": "unavailable"}, {"name": "GetKeysResultData()", "scope": "WPEFramework::JsonData::PersistentStore::GetKeysResultData", "scopeKind": "class", "description": "unavailable"}, {"name": "GetNamespaceStorageLimitResultData()", "scope": "WPEFramework::JsonData::PersistentStore::GetNamespaceStorageLimitResultData", "scopeKind": "class", "description": "unavailable"}, {"name": "GetNamespacesParamsInfo()", "scope": "WPEFramework::JsonData::PersistentStore::GetNamespacesParamsInfo", "scopeKind": "class", "description": "unavailable"}, {"name": "GetNamespacesResultData()", "scope": "WPEFramework::JsonData::PersistentStore::GetNamespacesResultData", "scopeKind": "class", "description": "unavailable"}, {"name": "GetStorageSizesResultData()", "scope": "WPEFramework::JsonData::PersistentStore::GetStorageSizesResultData", "scopeKind": "class", "description": "unavailable"}, {"name": "GetValueResultData()", "scope": "WPEFramework::JsonData::PersistentStore::GetValueResultData", "scopeKind": "class", "description": "unavailable"}, {"name": "bool IsValid() const", "scope": "WPEFramework::JsonData::PersistentStore::SetValueParamsData", "scopeKind": "class", "description": "unavailable"}, {"name": "OnValueChangedParamsData()", "scope": "WPEFramework::JsonData::PersistentStore::OnValueChangedParamsData", "scopeKind": "class", "description": "unavailable"}, {"name": "SetNamespaceStorageLimitParamsData()", "scope": "WPEFramework::JsonData::PersistentStore::SetNamespaceStorageLimitParamsData", "scopeKind": "class", "description": "unavailable"}, {"name": "SetValueParamsData()", "scope": "WPEFramework::JsonData::PersistentStore::SetValueParamsData", "scopeKind": "class", "description": "unavailable"}], "calls": [], "search-terms": ["PersistentStore", "JsonData", "json", "JSON", "ScopeType", "DeleteKeyParamsInfo", "GetNamespaces", "SetValue", "GetValue", "DeleteNamespace", "StorageLimit", "Key", "Namespace", "Scope"], "state": 2, "file_id": 1651, "knowledge_revision": 4253, "git_revision": "0f87a35b32215bc8547fb583d6c84bd51f603f69", "ctags": [{"_type": "tag", "name": "ACCOUNT", "path": "/home/kavia/workspace/code-generation/app-gateway2/__import__/extracted/app-gateway2-cga-cmf8e7ba8d/dependencies/install/include/WPEFramework/interfaces/json/JsonData_PersistentStore.h", "pattern": "/^            ACCOUNT$/", "language": "C++", "kind": "enumerator", "scope": "WPEFramework::JsonData::PersistentStore::ScopeType", "scopeKind": "enum"}, {"_type": "tag", "name": "DEVICE", "path": "/home/kavia/workspace/code-generation/app-gateway2/__import__/extracted/app-gateway2-cga-cmf8e7ba8d/dependencies/install/include/WPEFramework/interfaces/json/JsonData_PersistentStore.h", "pattern": "/^            DEVICE,$/", "language": "C++", "kind": "enumerator", "scope": "WPEFramework::JsonData::PersistentStore::ScopeType", "scopeKind": "enum"}, {"_type": "tag", "name": "DeleteKeyParamsInfo", "path": "/home/kavia/workspace/code-generation/app-gateway2/__import__/extracted/app-gateway2-cga-cmf8e7ba8d/dependencies/install/include/WPEFramework/interfaces/json/JsonData_PersistentStore.h", "pattern": "/^            DeleteKeyParamsInfo()$/", "language": "C++", "kind": "function", "signature": "()", "scope": "WPEFramework::JsonData::PersistentStore::DeleteKeyParamsInfo", "scopeKind": "class"}, {"_type": "tag", "name": "DeleteKeyParamsInfo", "path": "/home/kavia/workspace/code-generation/app-gateway2/__import__/extracted/app-gateway2-cga-cmf8e7ba8d/dependencies/install/include/WPEFramework/interfaces/json/JsonData_PersistentStore.h", "pattern": "/^        class DeleteKeyParamsInfo : public Core::JSON::Container {$/", "language": "C++", "kind": "class", "scope": "WPEFramework::JsonData::PersistentStore", "scopeKind": "namespace"}, {"_type": "tag", "name": "DeleteKeyResultInfo", "path": "/home/kavia/workspace/code-generation/app-gateway2/__import__/extracted/app-gateway2-cga-cmf8e7ba8d/dependencies/install/include/WPEFramework/interfaces/json/JsonData_PersistentStore.h", "pattern": "/^            DeleteKeyResultInfo()$/", "language": "C++", "kind": "function", "signature": "()", "scope": "WPEFramework::JsonData::PersistentStore::DeleteKeyResultInfo", "scopeKind": "class"}, {"_type": "tag", "name": "DeleteKeyResultInfo", "path": "/home/kavia/workspace/code-generation/app-gateway2/__import__/extracted/app-gateway2-cga-cmf8e7ba8d/dependencies/install/include/WPEFramework/interfaces/json/JsonData_PersistentStore.h", "pattern": "/^        class DeleteKeyResultInfo : public Core::JSON::Container {$/", "language": "C++", "kind": "class", "scope": "WPEFramework::JsonData::PersistentStore", "scopeKind": "namespace"}, {"_type": "tag", "name": "DeleteNamespaceParamsInfo", "path": "/home/kavia/workspace/code-generation/app-gateway2/__import__/extracted/app-gateway2-cga-cmf8e7ba8d/dependencies/install/include/WPEFramework/interfaces/json/JsonData_PersistentStore.h", "pattern": "/^            DeleteNamespaceParamsInfo()$/", "language": "C++", "kind": "function", "signature": "()", "scope": "WPEFramework::JsonData::PersistentStore::DeleteNamespaceParamsInfo", "scopeKind": "class"}, {"_type": "tag", "name": "DeleteNamespaceParamsInfo", "path": "/home/kavia/workspace/code-generation/app-gateway2/__import__/extracted/app-gateway2-cga-cmf8e7ba8d/dependencies/install/include/WPEFramework/interfaces/json/JsonData_PersistentStore.h", "pattern": "/^        class DeleteNamespaceParamsInfo : public Core::JSON::Container {$/", "language": "C++", "kind": "class", "scope": "WPEFramework::JsonData::PersistentStore", "scopeKind": "namespace"}, {"_type": "tag", "name": "GetKeysResultData", "path": "/home/kavia/workspace/code-generation/app-gateway2/__import__/extracted/app-gateway2-cga-cmf8e7ba8d/dependencies/install/include/WPEFramework/interfaces/json/JsonData_PersistentStore.h", "pattern": "/^            GetKeysResultData()$/", "language": "C++", "kind": "function", "signature": "()", "scope": "WPEFramework::JsonData::PersistentStore::GetKeysResultData", "scopeKind": "class"}, {"_type": "tag", "name": "GetKeysResultData", "path": "/home/kavia/workspace/code-generation/app-gateway2/__import__/extracted/app-gateway2-cga-cmf8e7ba8d/dependencies/install/include/WPEFramework/interfaces/json/JsonData_PersistentStore.h", "pattern": "/^        class GetKeysResultData : public Core::JSON::Container {$/", "language": "C++", "kind": "class", "scope": "WPEFramework::JsonData::PersistentStore", "scopeKind": "namespace"}, {"_type": "tag", "name": "GetNamespaceStorageLimitResultData", "path": "/home/kavia/workspace/code-generation/app-gateway2/__import__/extracted/app-gateway2-cga-cmf8e7ba8d/dependencies/install/include/WPEFramework/interfaces/json/JsonData_PersistentStore.h", "pattern": "/^            GetNamespaceStorageLimitResultData()$/", "language": "C++", "kind": "function", "signature": "()", "scope": "WPEFramework::JsonData::PersistentStore::GetNamespaceStorageLimitResultData", "scopeKind": "class"}, {"_type": "tag", "name": "GetNamespaceStorageLimitResultData", "path": "/home/kavia/workspace/code-generation/app-gateway2/__import__/extracted/app-gateway2-cga-cmf8e7ba8d/dependencies/install/include/WPEFramework/interfaces/json/JsonData_PersistentStore.h", "pattern": "/^        class GetNamespaceStorageLimitResultData : public Core::JSON::Container {$/", "language": "C++", "kind": "class", "scope": "WPEFramework::JsonData::PersistentStore", "scopeKind": "namespace"}, {"_type": "tag", "name": "GetNamespacesParamsInfo", "path": "/home/kavia/workspace/code-generation/app-gateway2/__import__/extracted/app-gateway2-cga-cmf8e7ba8d/dependencies/install/include/WPEFramework/interfaces/json/JsonData_PersistentStore.h", "pattern": "/^            GetNamespacesParamsInfo()$/", "language": "C++", "kind": "function", "signature": "()", "scope": "WPEFramework::JsonData::PersistentStore::GetNamespacesParamsInfo", "scopeKind": "class"}, {"_type": "tag", "name": "GetNamespacesParamsInfo", "path": "/home/kavia/workspace/code-generation/app-gateway2/__import__/extracted/app-gateway2-cga-cmf8e7ba8d/dependencies/install/include/WPEFramework/interfaces/json/JsonData_PersistentStore.h", "pattern": "/^        class GetNamespacesParamsInfo : public Core::JSON::Container {$/", "language": "C++", "kind": "class", "scope": "WPEFramework::JsonData::PersistentStore", "scopeKind": "namespace"}, {"_type": "tag", "name": "GetNamespacesResultData", "path": "/home/kavia/workspace/code-generation/app-gateway2/__import__/extracted/app-gateway2-cga-cmf8e7ba8d/dependencies/install/include/WPEFramework/interfaces/json/JsonData_PersistentStore.h", "pattern": "/^            GetNamespacesResultData()$/", "language": "C++", "kind": "function", "signature": "()", "scope": "WPEFramework::JsonData::PersistentStore::GetNamespacesResultData", "scopeKind": "class"}, {"_type": "tag", "name": "GetNamespacesResultData", "path": "/home/kavia/workspace/code-generation/app-gateway2/__import__/extracted/app-gateway2-cga-cmf8e7ba8d/dependencies/install/include/WPEFramework/interfaces/json/JsonData_PersistentStore.h", "pattern": "/^        class GetNamespacesResultData : public Core::JSON::Container {$/", "language": "C++", "kind": "class", "scope": "WPEFramework::JsonData::PersistentStore", "scopeKind": "namespace"}, {"_type": "tag", "name": "GetStorageSizesResultData", "path": "/home/kavia/workspace/code-generation/app-gateway2/__import__/extracted/app-gateway2-cga-cmf8e7ba8d/dependencies/install/include/WPEFramework/interfaces/json/JsonData_PersistentStore.h", "pattern": "/^            GetStorageSizesResultData()$/", "language": "C++", "kind": "function", "signature": "()", "scope": "WPEFramework::JsonData::PersistentStore::GetStorageSizesResultData", "scopeKind": "class"}, {"_type": "tag", "name": "GetStorageSizesResultData", "path": "/home/kavia/workspace/code-generation/app-gateway2/__import__/extracted/app-gateway2-cga-cmf8e7ba8d/dependencies/install/include/WPEFramework/interfaces/json/JsonData_PersistentStore.h", "pattern": "/^        class GetStorageSizesResultData : public Core::JSON::Container {$/", "language": "C++", "kind": "class", "scope": "WPEFramework::JsonData::PersistentStore", "scopeKind": "namespace"}, {"_type": "tag", "name": "GetValueResultData", "path": "/home/kavia/workspace/code-generation/app-gateway2/__import__/extracted/app-gateway2-cga-cmf8e7ba8d/dependencies/install/include/WPEFramework/interfaces/json/JsonData_PersistentStore.h", "pattern": "/^            GetValueResultData()$/", "language": "C++", "kind": "function", "signature": "()", "scope": "WPEFramework::JsonData::PersistentStore::GetValueResultData", "scopeKind": "class"}, {"_type": "tag", "name": "GetValueResultData", "path": "/home/kavia/workspace/code-generation/app-gateway2/__import__/extracted/app-gateway2-cga-cmf8e7ba8d/dependencies/install/include/WPEFramework/interfaces/json/JsonData_PersistentStore.h", "pattern": "/^        class GetValueResultData : public Core::JSON::Container {$/", "language": "C++", "kind": "class", "scope": "WPEFramework::JsonData::PersistentStore", "scopeKind": "namespace"}, {"_type": "tag", "name": "IsValid", "path": "/home/kavia/workspace/code-generation/app-gateway2/__import__/extracted/app-gateway2-cga-cmf8e7ba8d/dependencies/install/include/WPEFramework/interfaces/json/JsonData_PersistentStore.h", "pattern": "/^                bool IsValid() const$/", "language": "C++", "typeref": "typename:bool", "kind": "function", "signature": "() const", "scope": "WPEFramework::JsonData::PersistentStore::GetStorageSizesResultData::StorageListDataElem", "scopeKind": "class"}, {"_type": "tag", "name": "IsValid", "path": "/home/kavia/workspace/code-generation/app-gateway2/__import__/extracted/app-gateway2-cga-cmf8e7ba8d/dependencies/install/include/WPEFramework/interfaces/json/JsonData_PersistentStore.h", "pattern": "/^            bool IsValid() const$/", "language": "C++", "typeref": "typename:bool", "kind": "function", "signature": "() const", "scope": "WPEFramework::JsonData::PersistentStore::DeleteKeyParamsInfo", "scopeKind": "class"}, {"_type": "tag", "name": "IsValid", "path": "/home/kavia/workspace/code-generation/app-gateway2/__import__/extracted/app-gateway2-cga-cmf8e7ba8d/dependencies/install/include/WPEFramework/interfaces/json/JsonData_PersistentStore.h", "pattern": "/^            bool IsValid() const$/", "language": "C++", "typeref": "typename:bool", "kind": "function", "signature": "() const", "scope": "WPEFramework::JsonData::PersistentStore::DeleteKeyResultInfo", "scopeKind": "class"}, {"_type": "tag", "name": "IsValid", "path": "/home/kavia/workspace/code-generation/app-gateway2/__import__/extracted/app-gateway2-cga-cmf8e7ba8d/dependencies/install/include/WPEFramework/interfaces/json/JsonData_PersistentStore.h", "pattern": "/^            bool IsValid() const$/", "language": "C++", "typeref": "typename:bool", "kind": "function", "signature": "() const", "scope": "WPEFramework::JsonData::PersistentStore::DeleteNamespaceParamsInfo", "scopeKind": "class"}, {"_type": "tag", "name": "IsValid", "path": "/home/kavia/workspace/code-generation/app-gateway2/__import__/extracted/app-gateway2-cga-cmf8e7ba8d/dependencies/install/include/WPEFramework/interfaces/json/JsonData_PersistentStore.h", "pattern": "/^            bool IsValid() const$/", "language": "C++", "typeref": "typename:bool", "kind": "function", "signature": "() const", "scope": "WPEFramework::JsonData::PersistentStore::GetKeysResultData", "scopeKind": "class"}, {"_type": "tag", "name": "IsValid", "path": "/home/kavia/workspace/code-generation/app-gateway2/__import__/extracted/app-gateway2-cga-cmf8e7ba8d/dependencies/install/include/WPEFramework/interfaces/json/JsonData_PersistentStore.h", "pattern": "/^            bool IsValid() const$/", "language": "C++", "typeref": "typename:bool", "kind": "function", "signature": "() const", "scope": "WPEFramework::JsonData::PersistentStore::GetNamespaceStorageLimitResultData", "scopeKind": "class"}, {"_type": "tag", "name": "IsValid", "path": "/home/kavia/workspace/code-generation/app-gateway2/__import__/extracted/app-gateway2-cga-cmf8e7ba8d/dependencies/install/include/WPEFramework/interfaces/json/JsonData_PersistentStore.h", "pattern": "/^            bool IsValid() const$/", "language": "C++", "typeref": "typename:bool", "kind": "function", "signature": "() const", "scope": "WPEFramework::JsonData::PersistentStore::GetNamespacesParamsInfo", "scopeKind": "class"}, {"_type": "tag", "name": "IsValid", "path": "/home/kavia/workspace/code-generation/app-gateway2/__import__/extracted/app-gateway2-cga-cmf8e7ba8d/dependencies/install/include/WPEFramework/interfaces/json/JsonData_PersistentStore.h", "pattern": "/^            bool IsValid() const$/", "language": "C++", "typeref": "typename:bool", "kind": "function", "signature": "() const", "scope": "WPEFramework::JsonData::PersistentStore::GetNamespacesResultData", "scopeKind": "class"}, {"_type": "tag", "name": "IsValid", "path": "/home/kavia/workspace/code-generation/app-gateway2/__import__/extracted/app-gateway2-cga-cmf8e7ba8d/dependencies/install/include/WPEFramework/interfaces/json/JsonData_PersistentStore.h", "pattern": "/^            bool IsValid() const$/", "language": "C++", "typeref": "typename:bool", "kind": "function", "signature": "() const", "scope": "WPEFramework::JsonData::PersistentStore::GetStorageSizesResultData", "scopeKind": "class"}, {"_type": "tag", "name": "IsValid", "path": "/home/kavia/workspace/code-generation/app-gateway2/__import__/extracted/app-gateway2-cga-cmf8e7ba8d/dependencies/install/include/WPEFramework/interfaces/json/JsonData_PersistentStore.h", "pattern": "/^            bool IsValid() const$/", "language": "C++", "typeref": "typename:bool", "kind": "function", "signature": "() const", "scope": "WPEFramework::JsonData::PersistentStore::GetValueResultData", "scopeKind": "class"}, {"_type": "tag", "name": "IsValid", "path": "/home/kavia/workspace/code-generation/app-gateway2/__import__/extracted/app-gateway2-cga-cmf8e7ba8d/dependencies/install/include/WPEFramework/interfaces/json/JsonData_PersistentStore.h", "pattern": "/^            bool IsValid() const$/", "language": "C++", "typeref": "typename:bool", "kind": "function", "signature": "() const", "scope": "WPEFramework::JsonData::PersistentStore::OnValueChangedParamsData", "scopeKind": "class"}, {"_type": "tag", "name": "IsValid", "path": "/home/kavia/workspace/code-generation/app-gateway2/__import__/extracted/app-gateway2-cga-cmf8e7ba8d/dependencies/install/include/WPEFramework/interfaces/json/JsonData_PersistentStore.h", "pattern": "/^            bool IsValid() const$/", "language": "C++", "typeref": "typename:bool", "kind": "function", "signature": "() const", "scope": "WPEFramework::JsonData::PersistentStore::SetNamespaceStorageLimitParamsData", "scopeKind": "class"}, {"_type": "tag", "name": "IsValid", "path": "/home/kavia/workspace/code-generation/app-gateway2/__import__/extracted/app-gateway2-cga-cmf8e7ba8d/dependencies/install/include/WPEFramework/interfaces/json/JsonData_PersistentStore.h", "pattern": "/^            bool IsValid() const$/", "language": "C++", "typeref": "typename:bool", "kind": "function", "signature": "() const", "scope": "WPEFramework::JsonData::PersistentStore::SetValueParamsData", "scopeKind": "class"}, {"_type": "tag", "name": "JsonData", "path": "/home/kavia/workspace/code-generation/app-gateway2/__import__/extracted/app-gateway2-cga-cmf8e7ba8d/dependencies/install/include/WPEFramework/interfaces/json/JsonData_PersistentStore.h", "pattern": "/^namespace JsonData {$/", "language": "C++", "kind": "namespace", "scope": "WPEFramework", "scopeKind": "namespace"}, {"_type": "tag", "name": "Key", "path": "/home/kavia/workspace/code-generation/app-gateway2/__import__/extracted/app-gateway2-cga-cmf8e7ba8d/dependencies/install/include/WPEFramework/interfaces/json/JsonData_PersistentStore.h", "pattern": "/^            Core::JSON::String Key; \\/\\/ Deletes a key from the specified namespace$/", "language": "C++", "typeref": "typename:Core::JSON::String", "kind": "member", "scope": "WPEFramework::JsonData::PersistentStore::DeleteKeyParamsInfo", "scopeKind": "class"}, {"_type": "tag", "name": "Key", "path": "/home/kavia/workspace/code-generation/app-gateway2/__import__/extracted/app-gateway2-cga-cmf8e7ba8d/dependencies/install/include/WPEFramework/interfaces/json/JsonData_PersistentStore.h", "pattern": "/^            Core::JSON::String Key; \\/\\/ Sets the value of a key in the the specified namespace$/", "language": "C++", "typeref": "typename:Core::JSON::String", "kind": "member", "scope": "WPEFramework::JsonData::PersistentStore::SetValueParamsData", "scopeKind": "class"}, {"_type": "tag", "name": "Key", "path": "/home/kavia/workspace/code-generation/app-gateway2/__import__/extracted/app-gateway2-cga-cmf8e7ba8d/dependencies/install/include/WPEFramework/interfaces/json/JsonData_PersistentStore.h", "pattern": "/^            Core::JSON::String Key; \\/\\/ Triggered whenever any of the values stored are changed/", "language": "C++", "typeref": "typename:Core::JSON::String", "kind": "member", "scope": "WPEFramework::JsonData::PersistentStore::OnValueChangedParamsData", "scopeKind": "class"}, {"_type": "tag", "name": "Keys", "path": "/home/kavia/workspace/code-generation/app-gateway2/__import__/extracted/app-gateway2-cga-cmf8e7ba8d/dependencies/install/include/WPEFramework/interfaces/json/JsonData_PersistentStore.h", "pattern": "/^            Core::JSON::ArrayType<Core::JSON::String> Keys; \\/\\/ Returns the keys that are store/", "language": "C++", "typeref": "typename:Core::JSON::ArrayType<Core::JSON::String>", "kind": "member", "scope": "WPEFramework::JsonData::PersistentStore::GetKeysResultData", "scopeKind": "class"}, {"_type": "tag", "name": "Namespace", "path": "/home/kavia/workspace/code-generation/app-gateway2/__import__/extracted/app-gateway2-cga-cmf8e7ba8d/dependencies/install/include/WPEFramework/interfaces/json/JsonData_PersistentStore.h", "pattern": "/^                Core::JSON::String Namespace;$/", "language": "C++", "typeref": "typename:Core::JSON::String", "kind": "member", "scope": "WPEFramework::JsonData::PersistentStore::GetStorageSizesResultData::StorageListDataElem", "scopeKind": "class"}, {"_type": "tag", "name": "Namespace", "path": "/home/kavia/workspace/code-generation/app-gateway2/__import__/extracted/app-gateway2-cga-cmf8e7ba8d/dependencies/install/include/WPEFramework/interfaces/json/JsonData_PersistentStore.h", "pattern": "/^            Core::JSON::String Namespace; \\/\\/ Deletes a key from the specified namespace$/", "language": "C++", "typeref": "typename:Core::JSON::String", "kind": "member", "scope": "WPEFramework::JsonData::PersistentStore::DeleteKeyParamsInfo", "scopeKind": "class"}, {"_type": "tag", "name": "Namespace", "path": "/home/kavia/workspace/code-generation/app-gateway2/__import__/extracted/app-gateway2-cga-cmf8e7ba8d/dependencies/install/include/WPEFramework/interfaces/json/JsonData_PersistentStore.h", "pattern": "/^            Core::JSON::String Namespace; \\/\\/ Deletes the specified namespace$/", "language": "C++", "typeref": "typename:Core::JSON::String", "kind": "member", "scope": "WPEFramework::JsonData::PersistentStore::DeleteNamespaceParamsInfo", "scopeKind": "class"}, {"_type": "tag", "name": "Namespace", "path": "/home/kavia/workspace/code-generation/app-gateway2/__import__/extracted/app-gateway2-cga-cmf8e7ba8d/dependencies/install/include/WPEFramework/interfaces/json/JsonData_PersistentStore.h", "pattern": "/^            Core::JSON::String Namespace; \\/\\/ Sets the storage limit for a given namespace$/", "language": "C++", "typeref": "typename:Core::JSON::String", "kind": "member", "scope": "WPEFramework::JsonData::PersistentStore::SetNamespaceStorageLimitParamsData", "scopeKind": "class"}, {"_type": "tag", "name": "Namespace", "path": "/home/kavia/workspace/code-generation/app-gateway2/__import__/extracted/app-gateway2-cga-cmf8e7ba8d/dependencies/install/include/WPEFramework/interfaces/json/JsonData_PersistentStore.h", "pattern": "/^            Core::JSON::String Namespace; \\/\\/ Sets the value of a key in the the specified name/", "language": "C++", "typeref": "typename:Core::JSON::String", "kind": "member", "scope": "WPEFramework::JsonData::PersistentStore::SetValueParamsData", "scopeKind": "class"}, {"_type": "tag", "name": "Namespace", "path": "/home/kavia/workspace/code-generation/app-gateway2/__import__/extracted/app-gateway2-cga-cmf8e7ba8d/dependencies/install/include/WPEFramework/interfaces/json/JsonData_PersistentStore.h", "pattern": "/^            Core::JSON::String Namespace; \\/\\/ Triggered whenever any of the values stored are c/", "language": "C++", "typeref": "typename:Core::JSON::String", "kind": "member", "scope": "WPEFramework::JsonData::PersistentStore::OnValueChangedParamsData", "scopeKind": "class"}, {"_type": "tag", "name": "Namespaces", "path": "/home/kavia/workspace/code-generation/app-gateway2/__import__/extracted/app-gateway2-cga-cmf8e7ba8d/dependencies/install/include/WPEFramework/interfaces/json/JsonData_PersistentStore.h", "pattern": "/^            Core::JSON::ArrayType<Core::JSON::String> Namespaces; \\/\\/ Returns the namespaces$/", "language": "C++", "typeref": "typename:Core::JSON::ArrayType<Core::JSON::String>", "kind": "member", "scope": "WPEFramework::JsonData::PersistentStore::GetNamespacesResultData", "scopeKind": "class"}, {"_type": "tag", "name": "OnValueChangedParamsData", "path": "/home/kavia/workspace/code-generation/app-gateway2/__import__/extracted/app-gateway2-cga-cmf8e7ba8d/dependencies/install/include/WPEFramework/interfaces/json/JsonData_PersistentStore.h", "pattern": "/^            OnValueChangedParamsData()$/", "language": "C++", "kind": "function", "signature": "()", "scope": "WPEFramework::JsonData::PersistentStore::OnValueChangedParamsData", "scopeKind": "class"}, {"_type": "tag", "name": "OnValueChangedParamsData", "path": "/home/kavia/workspace/code-generation/app-gateway2/__import__/extracted/app-gateway2-cga-cmf8e7ba8d/dependencies/install/include/WPEFramework/interfaces/json/JsonData_PersistentStore.h", "pattern": "/^        class OnValueChangedParamsData : public Core::JSON::Container {$/", "language": "C++", "kind": "class", "scope": "WPEFramework::JsonData::PersistentStore", "scopeKind": "namespace"}, {"_type": "tag", "name": "PersistentStore", "path": "/home/kavia/workspace/code-generation/app-gateway2/__import__/extracted/app-gateway2-cga-cmf8e7ba8d/dependencies/install/include/WPEFramework/interfaces/json/JsonData_PersistentStore.h", "pattern": "/^    namespace PersistentStore {$/", "language": "C++", "kind": "namespace", "scope": "WPEFramework::JsonData", "scopeKind": "namespace"}, {"_type": "tag", "name": "Scope", "path": "/home/kavia/workspace/code-generation/app-gateway2/__import__/extracted/app-gateway2-cga-cmf8e7ba8d/dependencies/install/include/WPEFramework/interfaces/json/JsonData_PersistentStore.h", "pattern": "/^            Core::JSON::EnumType<ScopeType> Scope; \\/\\/ Deletes a key from the specified namespa/", "language": "C++", "typeref": "typename:Core::JSON::EnumType<ScopeType>", "kind": "member", "scope": "WPEFramework::JsonData::PersistentStore::DeleteKeyParamsInfo", "scopeKind": "class"}, {"_type": "tag", "name": "Scope", "path": "/home/kavia/workspace/code-generation/app-gateway2/__import__/extracted/app-gateway2-cga-cmf8e7ba8d/dependencies/install/include/WPEFramework/interfaces/json/JsonData_PersistentStore.h", "pattern": "/^            Core::JSON::EnumType<ScopeType> Scope; \\/\\/ Deletes the specified namespace$/", "language": "C++", "typeref": "typename:Core::JSON::EnumType<ScopeType>", "kind": "member", "scope": "WPEFramework::JsonData::PersistentStore::DeleteNamespaceParamsInfo", "scopeKind": "class"}, {"_type": "tag", "name": "Scope", "path": "/home/kavia/workspace/code-generation/app-gateway2/__import__/extracted/app-gateway2-cga-cmf8e7ba8d/dependencies/install/include/WPEFramework/interfaces/json/JsonData_PersistentStore.h", "pattern": "/^            Core::JSON::EnumType<ScopeType> Scope; \\/\\/ Returns the namespaces$/", "language": "C++", "typeref": "typename:Core::JSON::EnumType<ScopeType>", "kind": "member", "scope": "WPEFramework::JsonData::PersistentStore::GetNamespacesParamsInfo", "scopeKind": "class"}, {"_type": "tag", "name": "Scope", "path": "/home/kavia/workspace/code-generation/app-gateway2/__import__/extracted/app-gateway2-cga-cmf8e7ba8d/dependencies/install/include/WPEFramework/interfaces/json/JsonData_PersistentStore.h", "pattern": "/^            Core::JSON::EnumType<ScopeType> Scope; \\/\\/ Sets the storage limit for a given names/", "language": "C++", "typeref": "typename:Core::JSON::EnumType<ScopeType>", "kind": "member", "scope": "WPEFramework::JsonData::PersistentStore::SetNamespaceStorageLimitParamsData", "scopeKind": "class"}, {"_type": "tag", "name": "Scope", "path": "/home/kavia/workspace/code-generation/app-gateway2/__import__/extracted/app-gateway2-cga-cmf8e7ba8d/dependencies/install/include/WPEFramework/interfaces/json/JsonData_PersistentStore.h", "pattern": "/^            Core::JSON::EnumType<ScopeType> Scope; \\/\\/ Sets the value of a key in the the speci/", "language": "C++", "typeref": "typename:Core::JSON::EnumType<ScopeType>", "kind": "member", "scope": "WPEFramework::JsonData::PersistentStore::SetValueParamsData", "scopeKind": "class"}, {"_type": "tag", "name": "Scope", "path": "/home/kavia/workspace/code-generation/app-gateway2/__import__/extracted/app-gateway2-cga-cmf8e7ba8d/dependencies/install/include/WPEFramework/interfaces/json/JsonData_PersistentStore.h", "pattern": "/^            Core::JSON::EnumType<ScopeType> Scope; \\/\\/ Triggered whenever any of the values sto/", "language": "C++", "typeref": "typename:Core::JSON::EnumType<ScopeType>", "kind": "member", "scope": "WPEFramework::JsonData::PersistentStore::OnValueChangedParamsData", "scopeKind": "class"}, {"_type": "tag", "name": "ScopeType", "path": "/home/kavia/workspace/code-generation/app-gateway2/__import__/extracted/app-gateway2-cga-cmf8e7ba8d/dependencies/install/include/WPEFramework/interfaces/json/JsonData_PersistentStore.h", "pattern": "/^        enum class ScopeType : uint8_t {$/", "language": "C++", "typeref": "typename:uint8_t", "kind": "enum", "scope": "WPEFramework::JsonData::PersistentStore", "scopeKind": "namespace"}, {"_type": "tag", "name": "SetNamespaceStorageLimitParamsData", "path": "/home/kavia/workspace/code-generation/app-gateway2/__import__/extracted/app-gateway2-cga-cmf8e7ba8d/dependencies/install/include/WPEFramework/interfaces/json/JsonData_PersistentStore.h", "pattern": "/^            SetNamespaceStorageLimitParamsData()$/", "language": "C++", "kind": "function", "signature": "()", "scope": "WPEFramework::JsonData::PersistentStore::SetNamespaceStorageLimitParamsData", "scopeKind": "class"}, {"_type": "tag", "name": "SetNamespaceStorageLimitParamsData", "path": "/home/kavia/workspace/code-generation/app-gateway2/__import__/extracted/app-gateway2-cga-cmf8e7ba8d/dependencies/install/include/WPEFramework/interfaces/json/JsonData_PersistentStore.h", "pattern": "/^        class SetNamespaceStorageLimitParamsData : public Core::JSON::Container {$/", "language": "C++", "kind": "class", "scope": "WPEFramework::JsonData::PersistentStore", "scopeKind": "namespace"}, {"_type": "tag", "name": "SetValueParamsData", "path": "/home/kavia/workspace/code-generation/app-gateway2/__import__/extracted/app-gateway2-cga-cmf8e7ba8d/dependencies/install/include/WPEFramework/interfaces/json/JsonData_PersistentStore.h", "pattern": "/^            SetValueParamsData()$/", "language": "C++", "kind": "function", "signature": "()", "scope": "WPEFramework::JsonData::PersistentStore::SetValueParamsData", "scopeKind": "class"}, {"_type": "tag", "name": "SetValueParamsData", "path": "/home/kavia/workspace/code-generation/app-gateway2/__import__/extracted/app-gateway2-cga-cmf8e7ba8d/dependencies/install/include/WPEFramework/interfaces/json/JsonData_PersistentStore.h", "pattern": "/^        class SetValueParamsData : public Core::JSON::Container {$/", "language": "C++", "kind": "class", "scope": "WPEFramework::JsonData::PersistentStore", "scopeKind": "namespace"}, {"_type": "tag", "name": "Size", "path": "/home/kavia/workspace/code-generation/app-gateway2/__import__/extracted/app-gateway2-cga-cmf8e7ba8d/dependencies/install/include/WPEFramework/interfaces/json/JsonData_PersistentStore.h", "pattern": "/^                Core::JSON::DecUInt32 Size;$/", "language": "C++", "typeref": "typename:Core::JSON::DecUInt32", "kind": "member", "scope": "WPEFramework::JsonData::PersistentStore::GetStorageSizesResultData::StorageListDataElem", "scopeKind": "class"}, {"_type": "tag", "name": "StorageLimit", "path": "/home/kavia/workspace/code-generation/app-gateway2/__import__/extracted/app-gateway2-cga-cmf8e7ba8d/dependencies/install/include/WPEFramework/interfaces/json/JsonData_PersistentStore.h", "pattern": "/^            Core::JSON::DecUInt32 StorageLimit; \\/\\/ Returns the storage limit for a given names/", "language": "C++", "typeref": "typename:Core::JSON::DecUInt32", "kind": "member", "scope": "WPEFramework::JsonData::PersistentStore::GetNamespaceStorageLimitResultData", "scopeKind": "class"}, {"_type": "tag", "name": "StorageLimit", "path": "/home/kavia/workspace/code-generation/app-gateway2/__import__/extracted/app-gateway2-cga-cmf8e7ba8d/dependencies/install/include/WPEFramework/interfaces/json/JsonData_PersistentStore.h", "pattern": "/^            Core::JSON::DecUInt32 StorageLimit; \\/\\/ Sets the storage limit for a given namespac/", "language": "C++", "typeref": "typename:Core::JSON::DecUInt32", "kind": "member", "scope": "WPEFramework::JsonData::PersistentStore::SetNamespaceStorageLimitParamsData", "scopeKind": "class"}, {"_type": "tag", "name": "WPEFramework", "path": "/home/kavia/workspace/code-generation/app-gateway2/__import__/extracted/app-gateway2-cga-cmf8e7ba8d/dependencies/install/include/WPEFramework/interfaces/json/JsonData_PersistentStore.h", "pattern": "/^namespace WPEFramework {$/", "language": "C++", "kind": "namespace"}], "hash": "42237bcf06f03ee3451370f460a20bcc", "format-version": 4, "code-base-name": "app-gateway2", "filename": "__import__/extracted/app-gateway2-cga-cmf8e7ba8d/dependencies/install/include/WPEFramework/interfaces/json/JsonData_PersistentStore.h", "fields": [{"name": "Core::JSON::String Key", "scope": "WPEFramework::JsonData::PersistentStore::DeleteKeyParamsInfo", "scopeKind": "class", "description": "unavailable"}, {"name": "Core::JSON::ArrayType<Core::JSON::String> Keys", "scope": "WPEFramework::JsonData::PersistentStore::GetKeysResultData", "scopeKind": "class", "description": "unavailable"}, {"name": "Core::JSON::String Namespace", "scope": "WPEFramework::JsonData::PersistentStore::GetStorageSizesResultData::StorageListDataElem", "scopeKind": "class", "description": "unavailable"}, {"name": "Core::JSON::ArrayType<Core::JSON::String> Namespaces", "scope": "WPEFramework::JsonData::PersistentStore::GetNamespacesResultData", "scopeKind": "class", "description": "unavailable"}, {"name": "Core::JSON::EnumType<ScopeType> Scope", "scope": "WPEFramework::JsonData::PersistentStore::DeleteKeyParamsInfo", "scopeKind": "class", "description": "unavailable"}, {"name": "Core::JSON::DecUInt32 Size", "scope": "WPEFramework::JsonData::PersistentStore::GetStorageSizesResultData::StorageListDataElem", "scopeKind": "class", "description": "unavailable"}, {"name": "Core::JSON::DecUInt32 StorageLimit", "scope": "WPEFramework::JsonData::PersistentStore::GetNamespaceStorageLimitResultData", "scopeKind": "class", "description": "unavailable"}], "revision_history": [{"4253": "0f87a35b32215bc8547fb583d6c84bd51f603f69"}]}