{"is_source_file": true, "format": "C++ header", "description": "This file defines interfaces for system management, discovery, configuration, lifetime management, and metadata in the WPEFramework plugin system. It contains several interface structs with methods related to device reboot, plugin control, network discovery, configuration persistence, and lifecycle notifications.", "external_files": ["Module.h", "IShell.h", "IControllerDeprecated.h"], "external_methods": [], "published": ["ISystemManagement", "IDiscovery", "IConfiguration", "ILifeTime", "ILifeTime::INotification", "IMetadata"], "classes": [], "methods": [], "calls": [], "search-terms": ["WPEFramework", "IController", "SystemManagement", "Discovery", "Configuration", "LifeTime", "Metadata", "RPC", "PluginControl", "DeviceReboot", "PluginClone", "PluginActivate", "PluginDeactivate"], "state": 2, "file_id": 1358, "knowledge_revision": 3971, "git_revision": "0f87a35b32215bc8547fb583d6c84bd51f603f69", "ctags": [{"_type": "tag", "name": "Controller", "path": "/home/kavia/workspace/code-generation/app-gateway2/__import__/extracted/app-gateway2-cga-cmf8e7ba8d/dependencies/install/include/WPEFramework/plugins/IController.h", "pattern": "/^namespace Controller {$/", "language": "C++", "kind": "namespace", "scope": "WPEFramework::Exchange", "scopeKind": "namespace"}, {"_type": "tag", "name": "Exchange", "path": "/home/kavia/workspace/code-generation/app-gateway2/__import__/extracted/app-gateway2-cga-cmf8e7ba8d/dependencies/install/include/WPEFramework/plugins/IController.h", "pattern": "/^namespace Exchange {$/", "language": "C++", "kind": "namespace", "scope": "WPEFramework", "scopeKind": "namespace"}, {"_type": "tag", "name": "IConfiguration", "path": "/home/kavia/workspace/code-generation/app-gateway2/__import__/extracted/app-gateway2-cga-cmf8e7ba8d/dependencies/install/include/WPEFramework/plugins/IController.h", "pattern": "/^    struct EXTERNAL IConfiguration : virtual public Core::IUnknown {$/", "language": "C++", "kind": "struct", "scope": "WPEFramework::Exchange::Controller", "scopeKind": "namespace"}, {"_type": "tag", "name": "ID", "path": "/home/kavia/workspace/code-generation/app-gateway2/__import__/extracted/app-gateway2-cga-cmf8e7ba8d/dependencies/install/include/WPEFramework/plugins/IController.h", "pattern": "/^            enum { ID = RPC::ID_CONTROLLER_LIFETIME_NOTIFICATION };$/", "language": "C++", "kind": "enumerator", "scope": "WPEFramework::Exchange::Controller::ILifeTime::INotification::__anon4e707a7d0503", "scopeKind": "enum"}, {"_type": "tag", "name": "ID", "path": "/home/kavia/workspace/code-generation/app-gateway2/__import__/extracted/app-gateway2-cga-cmf8e7ba8d/dependencies/install/include/WPEFramework/plugins/IController.h", "pattern": "/^        enum { ID = RPC::ID_CONTROLLER_CONFIGURATION };$/", "language": "C++", "kind": "enumerator", "scope": "WPEFramework::Exchange::Controller::IConfiguration::__anon4e707a7d0303", "scopeKind": "enum"}, {"_type": "tag", "name": "ID", "path": "/home/kavia/workspace/code-generation/app-gateway2/__import__/extracted/app-gateway2-cga-cmf8e7ba8d/dependencies/install/include/WPEFramework/plugins/IController.h", "pattern": "/^        enum { ID = RPC::ID_CONTROLLER_DISCOVERY };$/", "language": "C++", "kind": "enumerator", "scope": "WPEFramework::Exchange::Controller::IDiscovery::__anon4e707a7d0203", "scopeKind": "enum"}, {"_type": "tag", "name": "ID", "path": "/home/kavia/workspace/code-generation/app-gateway2/__import__/extracted/app-gateway2-cga-cmf8e7ba8d/dependencies/install/include/WPEFramework/plugins/IController.h", "pattern": "/^        enum { ID = RPC::ID_CONTROLLER_LIFETIME };$/", "language": "C++", "kind": "enumerator", "scope": "WPEFramework::Exchange::Controller::ILifeTime::__anon4e707a7d0403", "scopeKind": "enum"}, {"_type": "tag", "name": "ID", "path": "/home/kavia/workspace/code-generation/app-gateway2/__import__/extracted/app-gateway2-cga-cmf8e7ba8d/dependencies/install/include/WPEFramework/plugins/IController.h", "pattern": "/^        enum { ID = RPC::ID_CONTROLLER_METADATA };$/", "language": "C++", "kind": "enumerator", "scope": "WPEFramework::Exchange::Controller::IMetadata::__anon4e707a7d0603", "scopeKind": "enum"}, {"_type": "tag", "name": "ID", "path": "/home/kavia/workspace/code-generation/app-gateway2/__import__/extracted/app-gateway2-cga-cmf8e7ba8d/dependencies/install/include/WPEFramework/plugins/IController.h", "pattern": "/^        enum { ID = RPC::ID_CONTROLLER_SYSTEM_MANAGEMENT };$/", "language": "C++", "kind": "enumerator", "scope": "WPEFramework::Exchange::Controller::ISystemManagement::__anon4e707a7d0103", "scopeKind": "enum"}, {"_type": "tag", "name": "IDiscovery", "path": "/home/kavia/workspace/code-generation/app-gateway2/__import__/extracted/app-gateway2-cga-cmf8e7ba8d/dependencies/install/include/WPEFramework/plugins/IController.h", "pattern": "/^    struct EXTERNAL IDiscovery : virtual public Core::IUnknown {$/", "language": "C++", "kind": "struct", "scope": "WPEFramework::Exchange::Controller", "scopeKind": "namespace"}, {"_type": "tag", "name": "ILifeTime", "path": "/home/kavia/workspace/code-generation/app-gateway2/__import__/extracted/app-gateway2-cga-cmf8e7ba8d/dependencies/install/include/WPEFramework/plugins/IController.h", "pattern": "/^    struct EXTERNAL ILifeTime : virtual public Core::IUnknown {$/", "language": "C++", "kind": "struct", "scope": "WPEFramework::Exchange::Controller", "scopeKind": "namespace"}, {"_type": "tag", "name": "IMetadata", "path": "/home/kavia/workspace/code-generation/app-gateway2/__import__/extracted/app-gateway2-cga-cmf8e7ba8d/dependencies/install/include/WPEFramework/plugins/IController.h", "pattern": "/^    struct EXTERNAL IMetadata : virtual public Core::IUnknown {$/", "language": "C++", "kind": "struct", "scope": "WPEFramework::Exchange::Controller", "scopeKind": "namespace"}, {"_type": "tag", "name": "INotification", "path": "/home/kavia/workspace/code-generation/app-gateway2/__import__/extracted/app-gateway2-cga-cmf8e7ba8d/dependencies/install/include/WPEFramework/plugins/IController.h", "pattern": "/^        struct EXTERNAL INotification : virtual public Core::IUnknown {$/", "language": "C++", "kind": "struct", "scope": "WPEFramework::Exchange::Controller::ILifeTime", "scopeKind": "struct"}, {"_type": "tag", "name": "ISystemManagement", "path": "/home/kavia/workspace/code-generation/app-gateway2/__import__/extracted/app-gateway2-cga-cmf8e7ba8d/dependencies/install/include/WPEFramework/plugins/IController.h", "pattern": "/^    struct EXTERNAL ISystemManagement : virtual public Core::IUnknown {$/", "language": "C++", "kind": "struct", "scope": "WPEFramework::Exchange::Controller", "scopeKind": "namespace"}, {"_type": "tag", "name": "WPEFramework", "path": "/home/kavia/workspace/code-generation/app-gateway2/__import__/extracted/app-gateway2-cga-cmf8e7ba8d/dependencies/install/include/WPEFramework/plugins/IController.h", "pattern": "/^namespace WPEFramework {$/", "language": "C++", "kind": "namespace"}, {"_type": "tag", "name": "__anon4e707a7d0103", "path": "/home/kavia/workspace/code-generation/app-gateway2/__import__/extracted/app-gateway2-cga-cmf8e7ba8d/dependencies/install/include/WPEFramework/plugins/IController.h", "pattern": "/^        enum { ID = RPC::ID_CONTROLLER_SYSTEM_MANAGEMENT };$/", "language": "C++", "kind": "enum", "scope": "WPEFramework::Exchange::Controller::ISystemManagement", "scopeKind": "struct"}, {"_type": "tag", "name": "__anon4e707a7d0203", "path": "/home/kavia/workspace/code-generation/app-gateway2/__import__/extracted/app-gateway2-cga-cmf8e7ba8d/dependencies/install/include/WPEFramework/plugins/IController.h", "pattern": "/^        enum { ID = RPC::ID_CONTROLLER_DISCOVERY };$/", "language": "C++", "kind": "enum", "scope": "WPEFramework::Exchange::Controller::IDiscovery", "scopeKind": "struct"}, {"_type": "tag", "name": "__anon4e707a7d0303", "path": "/home/kavia/workspace/code-generation/app-gateway2/__import__/extracted/app-gateway2-cga-cmf8e7ba8d/dependencies/install/include/WPEFramework/plugins/IController.h", "pattern": "/^        enum { ID = RPC::ID_CONTROLLER_CONFIGURATION };$/", "language": "C++", "kind": "enum", "scope": "WPEFramework::Exchange::Controller::IConfiguration", "scopeKind": "struct"}, {"_type": "tag", "name": "__anon4e707a7d0403", "path": "/home/kavia/workspace/code-generation/app-gateway2/__import__/extracted/app-gateway2-cga-cmf8e7ba8d/dependencies/install/include/WPEFramework/plugins/IController.h", "pattern": "/^        enum { ID = RPC::ID_CONTROLLER_LIFETIME };$/", "language": "C++", "kind": "enum", "scope": "WPEFramework::Exchange::Controller::ILifeTime", "scopeKind": "struct"}, {"_type": "tag", "name": "__anon4e707a7d0503", "path": "/home/kavia/workspace/code-generation/app-gateway2/__import__/extracted/app-gateway2-cga-cmf8e7ba8d/dependencies/install/include/WPEFramework/plugins/IController.h", "pattern": "/^            enum { ID = RPC::ID_CONTROLLER_LIFETIME_NOTIFICATION };$/", "language": "C++", "kind": "enum", "scope": "WPEFramework::Exchange::Controller::ILifeTime::INotification", "scopeKind": "struct"}, {"_type": "tag", "name": "__anon4e707a7d0603", "path": "/home/kavia/workspace/code-generation/app-gateway2/__import__/extracted/app-gateway2-cga-cmf8e7ba8d/dependencies/install/include/WPEFramework/plugins/IController.h", "pattern": "/^        enum { ID = RPC::ID_CONTROLLER_METADATA };$/", "language": "C++", "kind": "enum", "scope": "WPEFramework::Exchange::Controller::IMetadata", "scopeKind": "struct"}], "hash": "d4bc41dcdbf416efbbe2b10b660d4331", "format-version": 4, "code-base-name": "app-gateway2", "filename": "__import__/extracted/app-gateway2-cga-cmf8e7ba8d/dependencies/install/include/WPEFramework/plugins/IController.h", "revision_history": [{"3971": "0f87a35b32215bc8547fb583d6c84bd51f603f69"}]}