{"is_source_file": true, "format": "C++ header file", "description": "This file defines an interface IAVNClient within the WPEFramework::Exchange namespace, specifying methods for configuration and launching related to AVN Client functionality.", "external_files": ["Module.h"], "external_methods": [], "published": ["WPEFramework::Exchange::IAVNClient"], "classes": [{"name": "IAVNClient", "description": "An interface for AVN Client functionalities, including configuration and launch methods."}], "methods": [{"name": "Configure", "description": "Configures the AVN client with a provided plugin shell."}, {"name": "Launch", "description": "Launches the AVN client with the given string parameter."}], "calls": [], "search-terms": ["IAVNClient", "AVNClient", "Exchange namespace", "Configure", "Launch"], "state": 2, "file_id": 1519, "knowledge_revision": 4114, "git_revision": "0f87a35b32215bc8547fb583d6c84bd51f603f69", "ctags": [{"_type": "tag", "name": "Exchange", "path": "/home/kavia/workspace/code-generation/app-gateway2/__import__/extracted/app-gateway2-cga-cmf8e7ba8d/dependencies/install/include/WPEFramework/interfaces/IAVNClient.h", "pattern": "/^namespace Exchange {$/", "language": "C++", "kind": "namespace", "scope": "WPEFramework", "scopeKind": "namespace"}, {"_type": "tag", "name": "IAVNClient", "path": "/home/kavia/workspace/code-generation/app-gateway2/__import__/extracted/app-gateway2-cga-cmf8e7ba8d/dependencies/install/include/WPEFramework/interfaces/IAVNClient.h", "pattern": "/^    struct EXTERNAL IAVNClient : virtual public Core::IUnknown {$/", "language": "C++", "kind": "struct", "scope": "WPEFramework::Exchange", "scopeKind": "namespace"}, {"_type": "tag", "name": "ID", "path": "/home/kavia/workspace/code-generation/app-gateway2/__import__/extracted/app-gateway2-cga-cmf8e7ba8d/dependencies/install/include/WPEFramework/interfaces/IAVNClient.h", "pattern": "/^        enum { ID = ID_AVNCLIENT };$/", "language": "C++", "kind": "enumerator", "scope": "WPEFramework::Exchange::IAVNClient::__anon55b84a3f0103", "scopeKind": "enum"}, {"_type": "tag", "name": "WPEFramework", "path": "/home/kavia/workspace/code-generation/app-gateway2/__import__/extracted/app-gateway2-cga-cmf8e7ba8d/dependencies/install/include/WPEFramework/interfaces/IAVNClient.h", "pattern": "/^namespace WPEFramework {$/", "language": "C++", "kind": "namespace"}, {"_type": "tag", "name": "__anon55b84a3f0103", "path": "/home/kavia/workspace/code-generation/app-gateway2/__import__/extracted/app-gateway2-cga-cmf8e7ba8d/dependencies/install/include/WPEFramework/interfaces/IAVNClient.h", "pattern": "/^        enum { ID = ID_AVNCLIENT };$/", "language": "C++", "kind": "enum", "scope": "WPEFramework::Exchange::IAVNClient", "scopeKind": "struct"}], "hash": "e1390c80388f54d5798718997bf873f5", "format-version": 4, "code-base-name": "app-gateway2", "filename": "__import__/extracted/app-gateway2-cga-cmf8e7ba8d/dependencies/install/include/WPEFramework/interfaces/IAVNClient.h", "revision_history": [{"4114": "0f87a35b32215bc8547fb583d6c84bd51f603f69"}]}