{"is_source_file": true, "format": "C++ header file", "description": "This file defines a class 'NoTransform' within the WPEFramework::Web namespace. The class is a simple, explicitly non-copyable class with default constructor and destructor, likely used as a placeholder or default transform element in web-related processing within the framework.", "external_files": ["Module.h"], "external_methods": [], "published": [], "classes": [{"name": "NoTransform", "description": "A non-copyable, default-constructible class serving as a placeholder or default transform in web processing."}], "methods": [{"name": "NoTransform()", "description": "Default constructor for the NoTransform class.", "scope": "WPEFramework::Web::NoTransform", "scopeKind": "class"}, {"name": "~NoTransform()", "description": "Destructor for the NoTransform class.", "scope": "WPEFramework::Web::NoTransform", "scopeKind": "class"}], "calls": [], "search-terms": ["WebTransform", "NoTransform", "Web", "transform", "jsonrpc", "WPEFramework"], "state": 2, "file_id": 1709, "knowledge_revision": 4313, "git_revision": "", "ctags": [{"_type": "tag", "name": "NoTransform", "path": "/home/kavia/workspace/code-generation/app-gateway2/__import__/extracted/app-gateway2-cga-cmf8e7ba8d/dependencies/install/include/WPEFramework/jsonrpc/WebTransform.h", "pattern": "/^        inline NoTransform()$/", "language": "C++", "kind": "function", "signature": "()", "scope": "WPEFramework::Web::NoTransform", "scopeKind": "class"}, {"_type": "tag", "name": "NoTransform", "path": "/home/kavia/workspace/code-generation/app-gateway2/__import__/extracted/app-gateway2-cga-cmf8e7ba8d/dependencies/install/include/WPEFramework/jsonrpc/WebTransform.h", "pattern": "/^    class NoTransform {$/", "language": "C++", "kind": "class", "scope": "WPEFramework::Web", "scopeKind": "namespace"}, {"_type": "tag", "name": "WPEFramework", "path": "/home/kavia/workspace/code-generation/app-gateway2/__import__/extracted/app-gateway2-cga-cmf8e7ba8d/dependencies/install/include/WPEFramework/jsonrpc/WebTransform.h", "pattern": "/^namespace WPEFramework {$/", "language": "C++", "kind": "namespace"}, {"_type": "tag", "name": "Web", "path": "/home/kavia/workspace/code-generation/app-gateway2/__import__/extracted/app-gateway2-cga-cmf8e7ba8d/dependencies/install/include/WPEFramework/jsonrpc/WebTransform.h", "pattern": "/^namespace Web {$/", "language": "C++", "kind": "namespace", "scope": "WPEFramework", "scopeKind": "namespace"}, {"_type": "tag", "name": "__WEBTRANSFORM_H", "path": "/home/kavia/workspace/code-generation/app-gateway2/__import__/extracted/app-gateway2-cga-cmf8e7ba8d/dependencies/install/include/WPEFramework/jsonrpc/WebTransform.h", "pattern": "/^#define __WEBTRANSFORM_H$/", "language": "C++", "kind": "macro"}, {"_type": "tag", "name": "~NoTransform", "path": "/home/kavia/workspace/code-generation/app-gateway2/__import__/extracted/app-gateway2-cga-cmf8e7ba8d/dependencies/install/include/WPEFramework/jsonrpc/WebTransform.h", "pattern": "/^        inline ~NoTransform()$/", "language": "C++", "kind": "function", "signature": "()", "scope": "WPEFramework::Web::NoTransform", "scopeKind": "class"}], "hash": "1d524dc72b3c9213f7fa59f8b7777bc2", "format-version": 4, "code-base-name": "app-gateway2", "filename": "__import__/extracted/app-gateway2-cga-cmf8e7ba8d/dependencies/install/include/WPEFramework/jsonrpc/WebTransform.h", "revision_history": [{"4313": ""}]}