{"is_source_file": true, "format": "C++ header file", "description": "This file defines the interface and registration functions for the JBluetoothAudioSink JSON-RPC exposed methods and properties in the WPEFramework, including methods for assigning/revoking Bluetooth devices, and properties for latency, state, type, supported codecs, DRM schemes, codec properties, DRM properties, and stream properties. It also manages event notifications for updates related to the Bluetooth audio sink.", "external_files": ["Module.h", "JsonData_BluetoothAudioSink.h", "<interfaces/IBluetoothAudio.h>"], "external_methods": ["Core::ERROR_NONE", "ASSERT", "Register", "Unregister", "Notify"], "published": ["assign", "revoke", "latency", "state", "type", "supportedcodecs", "supporteddrms", "codec", "drm", "stream", "updated"], "classes": [], "methods": [{"name": "Register", "description": "Function to register all methods and properties of the JBluetoothAudioSink namespace with the JSONRPC module."}, {"name": "void Unregister(JSONRPC & _module_)", "description": "Function to unregister all methods and properties from the module.", "scope": "WPEFramework::Exchange::JBluetoothAudioSink", "scopeKind": "namespace"}, {"name": "void Updated(const JSONRPC & _module_)", "description": "Event notification method signaling updates to the Bluetooth audio sink state or stream properties.", "scope": "WPEFramework::Exchange::JBluetoothAudioSink::Event", "scopeKind": "namespace"}, {"name": "PUSH_WARNING(DISABLE_WARNING_UNUSED_FUNCTIONS)", "scope": "WPEFramework::Exchange::JBluetoothAudioSink", "scopeKind": "namespace", "description": "unavailable"}, {"name": "uint32_t __anon416cf4e20102(const JsonData::BluetoothAudioSink::AssignParamsData& params)", "scope": "WPEFramework::Exchange::JBluetoothAudioSink::PUSH_WARNING", "scopeKind": "function", "description": "unavailable"}, {"name": "uint32_t __anon416cf4e20202()", "scope": "WPEFramework::Exchange::JBluetoothAudioSink::PUSH_WARNING", "scopeKind": "function", "description": "unavailable"}, {"name": "uint32_t __anon416cf4e20302(const JsonData::BluetoothAudioSink::LatencyData& params, Core::JSON::DecSInt16& result)", "scope": "WPEFramework::Exchange::JBluetoothAudioSink::PUSH_WARNING", "scopeKind": "function", "description": "unavailable"}, {"name": "uint32_t __anon416cf4e20402(Core::JSON::EnumType<Exchange::IBluetoothAudioSink::state>& result)", "scope": "WPEFramework::Exchange::JBluetoothAudioSink::PUSH_WARNING", "scopeKind": "function", "description": "unavailable"}, {"name": "uint32_t __anon416cf4e20502(Core::JSON::EnumType<Exchange::IBluetoothAudioSink::devicetype>& result)", "scope": "WPEFramework::Exchange::JBluetoothAudioSink::PUSH_WARNING", "scopeKind": "function", "description": "unavailable"}, {"name": "uint32_t __anon416cf4e20602(Core::JSON::ArrayType<Core::JSON::EnumType<Exchange::IBluetoothAudioSink::audiocodec>>& result)", "scope": "WPEFramework::Exchange::JBluetoothAudioSink::PUSH_WARNING", "scopeKind": "function", "description": "unavailable"}, {"name": "uint32_t __anon416cf4e20702(Core::JSON::ArrayType<Core::JSON::EnumType<Exchange::IBluetoothAudioSink::drmscheme>>& result)", "scope": "WPEFramework::Exchange::JBluetoothAudioSink::PUSH_WARNING", "scopeKind": "function", "description": "unavailable"}, {"name": "uint32_t __anon416cf4e20802(JsonData::BluetoothAudioSink::CodecPropertiesData& result)", "scope": "WPEFramework::Exchange::JBluetoothAudioSink::PUSH_WARNING", "scopeKind": "function", "description": "unavailable"}, {"name": "uint32_t __anon416cf4e20902(JsonData::BluetoothAudioSink::DRMPropertiesData& result)", "scope": "WPEFramework::Exchange::JBluetoothAudioSink::PUSH_WARNING", "scopeKind": "function", "description": "unavailable"}, {"name": "uint32_t __anon416cf4e20a02(JsonData::BluetoothAudioSink::StreamPropertiesData& result)", "scope": "WPEFramework::Exchange::JBluetoothAudioSink::PUSH_WARNING", "scopeKind": "function", "description": "unavailable"}], "calls": ["_module_.Register", "_module_.Unregister", "_module_.Notify", "_impl_->Assign", "_impl_->Revoke", "_impl_->Latency", "_impl_->State", "_impl_->Type", "_impl_->SupportedCodecs", "_impl_->SupportedDRMs", "_impl_->Codec", "_impl_->DRM", "_impl_->Stream"], "search-terms": ["IBluetoothAudioSink", "JsonData_BluetoothAudioSink", "RegisterVersion", "assign", "revoke", "latency", "state", "type", "supportedcodecs", "supporteddrms", "codec", "drm", "stream", "updated"], "state": 2, "file_id": 1673, "knowledge_revision": 4268, "git_revision": "0f87a35b32215bc8547fb583d6c84bd51f603f69", "ctags": [{"_type": "tag", "name": "Event", "path": "/home/kavia/workspace/code-generation/app-gateway2/__import__/extracted/app-gateway2-cga-cmf8e7ba8d/dependencies/install/include/WPEFramework/interfaces/json/JBluetoothAudioSink.h", "pattern": "/^        namespace Event {$/", "language": "C++", "kind": "namespace", "scope": "WPEFramework::Exchange::JBluetoothAudioSink", "scopeKind": "namespace"}, {"_type": "tag", "name": "Exchange", "path": "/home/kavia/workspace/code-generation/app-gateway2/__import__/extracted/app-gateway2-cga-cmf8e7ba8d/dependencies/install/include/WPEFramework/interfaces/json/JBluetoothAudioSink.h", "pattern": "/^namespace Exchange {$/", "language": "C++", "kind": "namespace", "scope": "WPEFramework", "scopeKind": "namespace"}, {"_type": "tag", "name": "JBluetoothAudioSink", "path": "/home/kavia/workspace/code-generation/app-gateway2/__import__/extracted/app-gateway2-cga-cmf8e7ba8d/dependencies/install/include/WPEFramework/interfaces/json/JBluetoothAudioSink.h", "pattern": "/^    namespace JBluetoothAudioSink {$/", "language": "C++", "kind": "namespace", "scope": "WPEFramework::Exchange", "scopeKind": "namespace"}, {"_type": "tag", "name": "JSONRPC", "path": "/home/kavia/workspace/code-generation/app-gateway2/__import__/extracted/app-gateway2-cga-cmf8e7ba8d/dependencies/install/include/WPEFramework/interfaces/json/JBluetoothAudioSink.h", "pattern": "/^        using JSONRPC = PluginHost::JSONRPC;$/", "language": "C++", "typeref": "typename:PluginHost::JSONRPC", "kind": "typedef", "scope": "WPEFramework::Exchange::JBluetoothAudioSink", "scopeKind": "namespace"}, {"_type": "tag", "name": "Major", "path": "/home/kavia/workspace/code-generation/app-gateway2/__import__/extracted/app-gateway2-cga-cmf8e7ba8d/dependencies/install/include/WPEFramework/interfaces/json/JBluetoothAudioSink.h", "pattern": "/^            constexpr uint8_t Major = 1;$/", "language": "C++", "typeref": "typename:uint8_t", "kind": "variable", "scope": "WPEFramework::Exchange::JBluetoothAudioSink::Version", "scopeKind": "namespace"}, {"_type": "tag", "name": "Minor", "path": "/home/kavia/workspace/code-generation/app-gateway2/__import__/extracted/app-gateway2-cga-cmf8e7ba8d/dependencies/install/include/WPEFramework/interfaces/json/JBluetoothAudioSink.h", "pattern": "/^            constexpr uint8_t Minor = 0;$/", "language": "C++", "typeref": "typename:uint8_t", "kind": "variable", "scope": "WPEFramework::Exchange::JBluetoothAudioSink::Version", "scopeKind": "namespace"}, {"_type": "tag", "name": "PUSH_WARNING", "path": "/home/kavia/workspace/code-generation/app-gateway2/__import__/extracted/app-gateway2-cga-cmf8e7ba8d/dependencies/install/include/WPEFramework/interfaces/json/JBluetoothAudioSink.h", "pattern": "/^        PUSH_WARNING(DISABLE_WARNING_UNUSED_FUNCTIONS)$/", "language": "C++", "kind": "function", "signature": "(DISABLE_WARNING_UNUSED_FUNCTIONS)", "scope": "WPEFramework::Exchange::JBluetoothAudioSink", "scopeKind": "namespace"}, {"_type": "tag", "name": "Patch", "path": "/home/kavia/workspace/code-generation/app-gateway2/__import__/extracted/app-gateway2-cga-cmf8e7ba8d/dependencies/install/include/WPEFramework/interfaces/json/JBluetoothAudioSink.h", "pattern": "/^            constexpr uint8_t Patch = 0;$/", "language": "C++", "typeref": "typename:uint8_t", "kind": "variable", "scope": "WPEFramework::Exchange::JBluetoothAudioSink::Version", "scopeKind": "namespace"}, {"_type": "tag", "name": "Unregister", "path": "/home/kavia/workspace/code-generation/app-gateway2/__import__/extracted/app-gateway2-cga-cmf8e7ba8d/dependencies/install/include/WPEFramework/interfaces/json/JBluetoothAudioSink.h", "pattern": "/^        static void Unregister(JSONRPC& _module_)$/", "language": "C++", "typeref": "typename:void", "kind": "function", "signature": "(JSONRPC & _module_)", "scope": "WPEFramework::Exchange::JBluetoothAudioSink", "scopeKind": "namespace"}, {"_type": "tag", "name": "Updated", "path": "/home/kavia/workspace/code-generation/app-gateway2/__import__/extracted/app-gateway2-cga-cmf8e7ba8d/dependencies/install/include/WPEFramework/interfaces/json/JBluetoothAudioSink.h", "pattern": "/^            static void Updated(const JSONRPC& _module_)$/", "language": "C++", "typeref": "typename:void", "kind": "function", "signature": "(const JSONRPC & _module_)", "scope": "WPEFramework::Exchange::JBluetoothAudioSink::Event", "scopeKind": "namespace"}, {"_type": "tag", "name": "Version", "path": "/home/kavia/workspace/code-generation/app-gateway2/__import__/extracted/app-gateway2-cga-cmf8e7ba8d/dependencies/install/include/WPEFramework/interfaces/json/JBluetoothAudioSink.h", "pattern": "/^        namespace Version {$/", "language": "C++", "kind": "namespace", "scope": "WPEFramework::Exchange::JBluetoothAudioSink", "scopeKind": "namespace"}, {"_type": "tag", "name": "WPEFramework", "path": "/home/kavia/workspace/code-generation/app-gateway2/__import__/extracted/app-gateway2-cga-cmf8e7ba8d/dependencies/install/include/WPEFramework/interfaces/json/JBluetoothAudioSink.h", "pattern": "/^namespace WPEFramework {$/", "language": "C++", "kind": "namespace"}, {"_type": "tag", "name": "__anon416cf4e20102", "path": "/home/kavia/workspace/code-generation/app-gateway2/__import__/extracted/app-gateway2-cga-cmf8e7ba8d/dependencies/install/include/WPEFramework/interfaces/json/JBluetoothAudioSink.h", "pattern": "/^                [_impl_](const JsonData::BluetoothAudioSink::AssignParamsData& params) -> uint32/", "file": true, "language": "C++", "typeref": "typename:uint32_t", "kind": "function", "signature": "(const JsonData::BluetoothAudioSink::AssignParamsData& params) ", "scope": "WPEFramework::Exchange::JBluetoothAudioSink::PUSH_WARNING", "scopeKind": "function"}, {"_type": "tag", "name": "__anon416cf4e20202", "path": "/home/kavia/workspace/code-generation/app-gateway2/__import__/extracted/app-gateway2-cga-cmf8e7ba8d/dependencies/install/include/WPEFramework/interfaces/json/JBluetoothAudioSink.h", "pattern": "/^                [_impl_]() -> uint32_t {$/", "file": true, "language": "C++", "typeref": "typename:uint32_t", "kind": "function", "signature": "() ", "scope": "WPEFramework::Exchange::JBluetoothAudioSink::PUSH_WARNING", "scopeKind": "function"}, {"_type": "tag", "name": "__anon416cf4e20302", "path": "/home/kavia/workspace/code-generation/app-gateway2/__import__/extracted/app-gateway2-cga-cmf8e7ba8d/dependencies/install/include/WPEFramework/interfaces/json/JBluetoothAudioSink.h", "pattern": "/^                [_impl_](const JsonData::BluetoothAudioSink::LatencyData& params, Core::JSON::De/", "file": true, "language": "C++", "typeref": "typename:uint32_t", "kind": "function", "signature": "(const JsonData::BluetoothAudioSink::LatencyData& params, Core::JSON::DecSInt16& result) ", "scope": "WPEFramework::Exchange::JBluetoothAudioSink::PUSH_WARNING", "scopeKind": "function"}, {"_type": "tag", "name": "__anon416cf4e20402", "path": "/home/kavia/workspace/code-generation/app-gateway2/__import__/extracted/app-gateway2-cga-cmf8e7ba8d/dependencies/install/include/WPEFramework/interfaces/json/JBluetoothAudioSink.h", "pattern": "/^                [_impl_](Core::JSON::EnumType<Exchange::IBluetoothAudioSink::state>& result) -> /", "file": true, "language": "C++", "typeref": "typename:uint32_t", "kind": "function", "signature": "(Core::JSON::EnumType<Exchange::IBluetoothAudioSink::state>& result) ", "scope": "WPEFramework::Exchange::JBluetoothAudioSink::PUSH_WARNING", "scopeKind": "function"}, {"_type": "tag", "name": "__anon416cf4e20502", "path": "/home/kavia/workspace/code-generation/app-gateway2/__import__/extracted/app-gateway2-cga-cmf8e7ba8d/dependencies/install/include/WPEFramework/interfaces/json/JBluetoothAudioSink.h", "pattern": "/^                [_impl_](Core::JSON::EnumType<Exchange::IBluetoothAudioSink::devicetype>& result/", "file": true, "language": "C++", "typeref": "typename:uint32_t", "kind": "function", "signature": "(Core::JSON::EnumType<Exchange::IBluetoothAudioSink::devicetype>& result) ", "scope": "WPEFramework::Exchange::JBluetoothAudioSink::PUSH_WARNING", "scopeKind": "function"}, {"_type": "tag", "name": "__anon416cf4e20602", "path": "/home/kavia/workspace/code-generation/app-gateway2/__import__/extracted/app-gateway2-cga-cmf8e7ba8d/dependencies/install/include/WPEFramework/interfaces/json/JBluetoothAudioSink.h", "pattern": "/^                [_impl_](Core::JSON::ArrayType<Core::JSON::EnumType<Exchange::IBluetoothAudioSin/", "file": true, "language": "C++", "typeref": "typename:uint32_t", "kind": "function", "signature": "(Core::JSON::ArrayType<Core::JSON::EnumType<Exchange::IBluetoothAudioSink::audiocodec>>& result) ", "scope": "WPEFramework::Exchange::JBluetoothAudioSink::PUSH_WARNING", "scopeKind": "function"}, {"_type": "tag", "name": "__anon416cf4e20702", "path": "/home/kavia/workspace/code-generation/app-gateway2/__import__/extracted/app-gateway2-cga-cmf8e7ba8d/dependencies/install/include/WPEFramework/interfaces/json/JBluetoothAudioSink.h", "pattern": "/^                [_impl_](Core::JSON::ArrayType<Core::JSON::EnumType<Exchange::IBluetoothAudioSin/", "file": true, "language": "C++", "typeref": "typename:uint32_t", "kind": "function", "signature": "(Core::JSON::ArrayType<Core::JSON::EnumType<Exchange::IBluetoothAudioSink::drmscheme>>& result) ", "scope": "WPEFramework::Exchange::JBluetoothAudioSink::PUSH_WARNING", "scopeKind": "function"}, {"_type": "tag", "name": "__anon416cf4e20802", "path": "/home/kavia/workspace/code-generation/app-gateway2/__import__/extracted/app-gateway2-cga-cmf8e7ba8d/dependencies/install/include/WPEFramework/interfaces/json/JBluetoothAudioSink.h", "pattern": "/^                [_impl_](JsonData::BluetoothAudioSink::CodecPropertiesData& result) -> uint32_t /", "file": true, "language": "C++", "typeref": "typename:uint32_t", "kind": "function", "signature": "(JsonData::BluetoothAudioSink::CodecPropertiesData& result) ", "scope": "WPEFramework::Exchange::JBluetoothAudioSink::PUSH_WARNING", "scopeKind": "function"}, {"_type": "tag", "name": "__anon416cf4e20902", "path": "/home/kavia/workspace/code-generation/app-gateway2/__import__/extracted/app-gateway2-cga-cmf8e7ba8d/dependencies/install/include/WPEFramework/interfaces/json/JBluetoothAudioSink.h", "pattern": "/^                [_impl_](JsonData::BluetoothAudioSink::DRMPropertiesData& result) -> uint32_t {$/", "file": true, "language": "C++", "typeref": "typename:uint32_t", "kind": "function", "signature": "(JsonData::BluetoothAudioSink::DRMPropertiesData& result) ", "scope": "WPEFramework::Exchange::JBluetoothAudioSink::PUSH_WARNING", "scopeKind": "function"}, {"_type": "tag", "name": "__anon416cf4e20a02", "path": "/home/kavia/workspace/code-generation/app-gateway2/__import__/extracted/app-gateway2-cga-cmf8e7ba8d/dependencies/install/include/WPEFramework/interfaces/json/JBluetoothAudioSink.h", "pattern": "/^                [_impl_](JsonData::BluetoothAudioSink::StreamPropertiesData& result) -> uint32_t/", "file": true, "language": "C++", "typeref": "typename:uint32_t", "kind": "function", "signature": "(JsonData::BluetoothAudioSink::StreamPropertiesData& result) ", "scope": "WPEFramework::Exchange::JBluetoothAudioSink::PUSH_WARNING", "scopeKind": "function"}], "hash": "f52364b953626de3cefd029b82e9de14", "format-version": 4, "code-base-name": "app-gateway2", "filename": "__import__/extracted/app-gateway2-cga-cmf8e7ba8d/dependencies/install/include/WPEFramework/interfaces/json/JBluetoothAudioSink.h", "fields": [{"name": "uint8_t Major", "scope": "WPEFramework::Exchange::JBluetoothAudioSink::Version", "scopeKind": "namespace", "description": "unavailable"}, {"name": "uint8_t Minor", "scope": "WPEFramework::Exchange::JBluetoothAudioSink::Version", "scopeKind": "namespace", "description": "unavailable"}, {"name": "uint8_t Patch", "scope": "WPEFramework::Exchange::JBluetoothAudioSink::Version", "scopeKind": "namespace", "description": "unavailable"}], "revision_history": [{"4268": "0f87a35b32215bc8547fb583d6c84bd51f603f69"}]}