{"is_source_file": true, "format": "C++", "description": "This file contains generated C++ classes representing JSON data structures for the Monitor API in the WPEFramework. It includes class definitions for measurements, restart info, monitoring info, and action parameter classes, tailored to JSON serialization/deserialization.", "external_files": ["<core/JSON.h>"], "external_methods": [], "published": ["MeasurementInfo", "MeasurementsInfo", "RestartInfo", "InfoInfo", "ActionParamsData", "ResetstatsParamsData", "RestartlimitsParamsData"], "classes": [{"name": "MeasurementInfo", "description": "Represents a set of measurement metrics including min, max, average, and last values."}, {"name": "MeasurementsInfo", "description": "Contains various measurement metrics for a service, including resident, allocated, shared memory, process, operational status, and count."}, {"name": "RestartInfo", "description": "Holds restart limit configurations such as maximum restarts and time window."}, {"name": "InfoInfo", "description": "Aggregates measurement info, observable identifier, and restart info for a monitored service."}, {"name": "ActionParamsData", "description": "Parameters for actions performed by the monitor, including service callsign, action type, and reason."}, {"name": "ResetstatsParamsData", "description": "Parameters for resetting service statistics, identified by callsign."}, {"name": "RestartlimitsParamsData", "description": "Parameters for setting restart limits for a service, including callsign and restart info."}], "methods": [{"name": "void _Init()", "description": "Initializes JSON field bindings for each class.", "scope": "WPEFramework::JsonData::Monitor::RestartInfo", "scopeKind": "class"}, {"name": "bool IsValid() const", "description": "Checks if the data in the object is valid (stub always returns true).", "scope": "WPEFramework::JsonData::Monitor::RestartlimitsParamsData", "scopeKind": "class"}, {"name": "ActionParamsData()", "scope": "WPEFramework::JsonData::Monitor::ActionParamsData", "scopeKind": "class", "description": "unavailable"}, {"name": "InfoInfo()", "scope": "WPEFramework::JsonData::Monitor::InfoInfo", "scopeKind": "class", "description": "unavailable"}, {"name": "InfoInfo(const InfoInfo & _other)", "scope": "WPEFramework::JsonData::Monitor::InfoInfo", "scopeKind": "class", "description": "unavailable"}, {"name": "MeasurementInfo()", "scope": "WPEFramework::JsonData::Monitor::MeasurementInfo", "scopeKind": "class", "description": "unavailable"}, {"name": "MeasurementInfo(const MeasurementInfo & _other)", "scope": "WPEFramework::JsonData::Monitor::MeasurementInfo", "scopeKind": "class", "description": "unavailable"}, {"name": "MeasurementsInfo()", "scope": "WPEFramework::JsonData::Monitor::MeasurementsInfo", "scopeKind": "class", "description": "unavailable"}, {"name": "MeasurementsInfo(const MeasurementsInfo & _other)", "scope": "WPEFramework::JsonData::Monitor::MeasurementsInfo", "scopeKind": "class", "description": "unavailable"}, {"name": "ResetstatsParamsData()", "scope": "WPEFramework::JsonData::Monitor::ResetstatsParamsData", "scopeKind": "class", "description": "unavailable"}, {"name": "RestartInfo()", "scope": "WPEFramework::JsonData::Monitor::RestartInfo", "scopeKind": "class", "description": "unavailable"}, {"name": "RestartInfo(const RestartInfo & _other)", "scope": "WPEFramework::JsonData::Monitor::RestartInfo", "scopeKind": "class", "description": "unavailable"}, {"name": "RestartlimitsParamsData()", "scope": "WPEFramework::JsonData::Monitor::RestartlimitsParamsData", "scopeKind": "class", "description": "unavailable"}, {"name": "InfoInfo & operator =(const InfoInfo & _rhs)", "scope": "WPEFramework::JsonData::Monitor::InfoInfo", "scopeKind": "class", "description": "unavailable"}, {"name": "MeasurementInfo & operator =(const MeasurementInfo & _rhs)", "scope": "WPEFramework::JsonData::Monitor::MeasurementInfo", "scopeKind": "class", "description": "unavailable"}, {"name": "MeasurementsInfo & operator =(const MeasurementsInfo & _rhs)", "scope": "WPEFramework::JsonData::Monitor::MeasurementsInfo", "scopeKind": "class", "description": "unavailable"}, {"name": "RestartInfo & operator =(const RestartInfo & _rhs)", "scope": "WPEFramework::JsonData::Monitor::RestartInfo", "scopeKind": "class", "description": "unavailable"}], "calls": [], "search-terms": ["JsonData_Monitor", "MemoryMeasurement", "MonitorAPI", "restart limits", "MeasurementInfo", "JSON serialization classes"], "state": 2, "file_id": 1647, "knowledge_revision": 4250, "git_revision": "0f87a35b32215bc8547fb583d6c84bd51f603f69", "ctags": [{"_type": "tag", "name": "Action", "path": "/home/kavia/workspace/code-generation/app-gateway2/__import__/extracted/app-gateway2-cga-cmf8e7ba8d/dependencies/install/include/WPEFramework/interfaces/json/JsonData_Monitor.h", "pattern": "/^            Core::JSON::String Action; \\/\\/ The action executed by the Monitor on a service. One/", "language": "C++", "typeref": "typename:Core::JSON::String", "kind": "member", "scope": "WPEFramework::JsonData::Monitor::ActionParamsData", "scopeKind": "class"}, {"_type": "tag", "name": "ActionParamsData", "path": "/home/kavia/workspace/code-generation/app-gateway2/__import__/extracted/app-gateway2-cga-cmf8e7ba8d/dependencies/install/include/WPEFramework/interfaces/json/JsonData_Monitor.h", "pattern": "/^            ActionParamsData()$/", "language": "C++", "kind": "function", "signature": "()", "scope": "WPEFramework::JsonData::Monitor::ActionParamsData", "scopeKind": "class"}, {"_type": "tag", "name": "ActionParamsData", "path": "/home/kavia/workspace/code-generation/app-gateway2/__import__/extracted/app-gateway2-cga-cmf8e7ba8d/dependencies/install/include/WPEFramework/interfaces/json/JsonData_Monitor.h", "pattern": "/^        class ActionParamsData : public Core::JSON::Container {$/", "language": "C++", "kind": "class", "scope": "WPEFramework::JsonData::Monitor", "scopeKind": "namespace"}, {"_type": "tag", "name": "Allocated", "path": "/home/kavia/workspace/code-generation/app-gateway2/__import__/extracted/app-gateway2-cga-cmf8e7ba8d/dependencies/install/include/WPEFramework/interfaces/json/JsonData_Monitor.h", "pattern": "/^            MeasurementInfo Allocated; \\/\\/ Allocated memory measurement$/", "language": "C++", "typeref": "typename:MeasurementInfo", "kind": "member", "scope": "WPEFramework::JsonData::Monitor::MeasurementsInfo", "scopeKind": "class"}, {"_type": "tag", "name": "Average", "path": "/home/kavia/workspace/code-generation/app-gateway2/__import__/extracted/app-gateway2-cga-cmf8e7ba8d/dependencies/install/include/WPEFramework/interfaces/json/JsonData_Monitor.h", "pattern": "/^            Core::JSON::DecUInt64 Average; \\/\\/ Average of all measurements$/", "language": "C++", "typeref": "typename:Core::JSON::DecUInt64", "kind": "member", "scope": "WPEFramework::JsonData::Monitor::MeasurementInfo", "scopeKind": "class"}, {"_type": "tag", "name": "Callsign", "path": "/home/kavia/workspace/code-generation/app-gateway2/__import__/extracted/app-gateway2-cga-cmf8e7ba8d/dependencies/install/include/WPEFramework/interfaces/json/JsonData_Monitor.h", "pattern": "/^            Core::JSON::String Callsign; \\/\\/ Callsign of the service the Monitor acted upon$/", "language": "C++", "typeref": "typename:Core::JSON::String", "kind": "member", "scope": "WPEFramework::JsonData::Monitor::ActionParamsData", "scopeKind": "class"}, {"_type": "tag", "name": "Callsign", "path": "/home/kavia/workspace/code-generation/app-gateway2/__import__/extracted/app-gateway2-cga-cmf8e7ba8d/dependencies/install/include/WPEFramework/interfaces/json/JsonData_Monitor.h", "pattern": "/^            Core::JSON::String Callsign; \\/\\/ The callsign of a service to reset measurements sn/", "language": "C++", "typeref": "typename:Core::JSON::String", "kind": "member", "scope": "WPEFramework::JsonData::Monitor::RestartlimitsParamsData", "scopeKind": "class"}, {"_type": "tag", "name": "Callsign", "path": "/home/kavia/workspace/code-generation/app-gateway2/__import__/extracted/app-gateway2-cga-cmf8e7ba8d/dependencies/install/include/WPEFramework/interfaces/json/JsonData_Monitor.h", "pattern": "/^            Core::JSON::String Callsign; \\/\\/ The callsign of a service to reset statistics of$/", "language": "C++", "typeref": "typename:Core::JSON::String", "kind": "member", "scope": "WPEFramework::JsonData::Monitor::ResetstatsParamsData", "scopeKind": "class"}, {"_type": "tag", "name": "Count", "path": "/home/kavia/workspace/code-generation/app-gateway2/__import__/extracted/app-gateway2-cga-cmf8e7ba8d/dependencies/install/include/WPEFramework/interfaces/json/JsonData_Monitor.h", "pattern": "/^            Core::JSON::DecUInt32 Count; \\/\\/ Number of measurements$/", "language": "C++", "typeref": "typename:Core::JSON::DecUInt32", "kind": "member", "scope": "WPEFramework::JsonData::Monitor::MeasurementsInfo", "scopeKind": "class"}, {"_type": "tag", "name": "InfoInfo", "path": "/home/kavia/workspace/code-generation/app-gateway2/__import__/extracted/app-gateway2-cga-cmf8e7ba8d/dependencies/install/include/WPEFramework/interfaces/json/JsonData_Monitor.h", "pattern": "/^            InfoInfo()$/", "language": "C++", "kind": "function", "signature": "()", "scope": "WPEFramework::JsonData::Monitor::InfoInfo", "scopeKind": "class"}, {"_type": "tag", "name": "InfoInfo", "path": "/home/kavia/workspace/code-generation/app-gateway2/__import__/extracted/app-gateway2-cga-cmf8e7ba8d/dependencies/install/include/WPEFramework/interfaces/json/JsonData_Monitor.h", "pattern": "/^            InfoInfo(const InfoInfo& _other)$/", "language": "C++", "kind": "function", "signature": "(const InfoInfo & _other)", "scope": "WPEFramework::JsonData::Monitor::InfoInfo", "scopeKind": "class"}, {"_type": "tag", "name": "InfoInfo", "path": "/home/kavia/workspace/code-generation/app-gateway2/__import__/extracted/app-gateway2-cga-cmf8e7ba8d/dependencies/install/include/WPEFramework/interfaces/json/JsonData_Monitor.h", "pattern": "/^        class InfoInfo : public Core::JSON::Container {$/", "language": "C++", "kind": "class", "scope": "WPEFramework::JsonData::Monitor", "scopeKind": "namespace"}, {"_type": "tag", "name": "IsValid", "path": "/home/kavia/workspace/code-generation/app-gateway2/__import__/extracted/app-gateway2-cga-cmf8e7ba8d/dependencies/install/include/WPEFramework/interfaces/json/JsonData_Monitor.h", "pattern": "/^            bool IsValid() const$/", "language": "C++", "typeref": "typename:bool", "kind": "function", "signature": "() const", "scope": "WPEFramework::JsonData::Monitor::ActionParamsData", "scopeKind": "class"}, {"_type": "tag", "name": "IsValid", "path": "/home/kavia/workspace/code-generation/app-gateway2/__import__/extracted/app-gateway2-cga-cmf8e7ba8d/dependencies/install/include/WPEFramework/interfaces/json/JsonData_Monitor.h", "pattern": "/^            bool IsValid() const$/", "language": "C++", "typeref": "typename:bool", "kind": "function", "signature": "() const", "scope": "WPEFramework::JsonData::Monitor::InfoInfo", "scopeKind": "class"}, {"_type": "tag", "name": "IsValid", "path": "/home/kavia/workspace/code-generation/app-gateway2/__import__/extracted/app-gateway2-cga-cmf8e7ba8d/dependencies/install/include/WPEFramework/interfaces/json/JsonData_Monitor.h", "pattern": "/^            bool IsValid() const$/", "language": "C++", "typeref": "typename:bool", "kind": "function", "signature": "() const", "scope": "WPEFramework::JsonData::Monitor::MeasurementInfo", "scopeKind": "class"}, {"_type": "tag", "name": "IsValid", "path": "/home/kavia/workspace/code-generation/app-gateway2/__import__/extracted/app-gateway2-cga-cmf8e7ba8d/dependencies/install/include/WPEFramework/interfaces/json/JsonData_Monitor.h", "pattern": "/^            bool IsValid() const$/", "language": "C++", "typeref": "typename:bool", "kind": "function", "signature": "() const", "scope": "WPEFramework::JsonData::Monitor::MeasurementsInfo", "scopeKind": "class"}, {"_type": "tag", "name": "IsValid", "path": "/home/kavia/workspace/code-generation/app-gateway2/__import__/extracted/app-gateway2-cga-cmf8e7ba8d/dependencies/install/include/WPEFramework/interfaces/json/JsonData_Monitor.h", "pattern": "/^            bool IsValid() const$/", "language": "C++", "typeref": "typename:bool", "kind": "function", "signature": "() const", "scope": "WPEFramework::JsonData::Monitor::ResetstatsParamsData", "scopeKind": "class"}, {"_type": "tag", "name": "IsValid", "path": "/home/kavia/workspace/code-generation/app-gateway2/__import__/extracted/app-gateway2-cga-cmf8e7ba8d/dependencies/install/include/WPEFramework/interfaces/json/JsonData_Monitor.h", "pattern": "/^            bool IsValid() const$/", "language": "C++", "typeref": "typename:bool", "kind": "function", "signature": "() const", "scope": "WPEFramework::JsonData::Monitor::RestartInfo", "scopeKind": "class"}, {"_type": "tag", "name": "IsValid", "path": "/home/kavia/workspace/code-generation/app-gateway2/__import__/extracted/app-gateway2-cga-cmf8e7ba8d/dependencies/install/include/WPEFramework/interfaces/json/JsonData_Monitor.h", "pattern": "/^            bool IsValid() const$/", "language": "C++", "typeref": "typename:bool", "kind": "function", "signature": "() const", "scope": "WPEFramework::JsonData::Monitor::RestartlimitsParamsData", "scopeKind": "class"}, {"_type": "tag", "name": "JsonData", "path": "/home/kavia/workspace/code-generation/app-gateway2/__import__/extracted/app-gateway2-cga-cmf8e7ba8d/dependencies/install/include/WPEFramework/interfaces/json/JsonData_Monitor.h", "pattern": "/^namespace JsonData {$/", "language": "C++", "kind": "namespace", "scope": "WPEFramework", "scopeKind": "namespace"}, {"_type": "tag", "name": "Last", "path": "/home/kavia/workspace/code-generation/app-gateway2/__import__/extracted/app-gateway2-cga-cmf8e7ba8d/dependencies/install/include/WPEFramework/interfaces/json/JsonData_Monitor.h", "pattern": "/^            Core::JSON::DecUInt64 Last; \\/\\/ Last measured value$/", "language": "C++", "typeref": "typename:Core::JSON::DecUInt64", "kind": "member", "scope": "WPEFramework::JsonData::Monitor::MeasurementInfo", "scopeKind": "class"}, {"_type": "tag", "name": "Limit", "path": "/home/kavia/workspace/code-generation/app-gateway2/__import__/extracted/app-gateway2-cga-cmf8e7ba8d/dependencies/install/include/WPEFramework/interfaces/json/JsonData_Monitor.h", "pattern": "/^            Core::JSON::DecUInt8 Limit; \\/\\/ Maximum number or restarts to be attempted$/", "language": "C++", "typeref": "typename:Core::JSON::DecUInt8", "kind": "member", "scope": "WPEFramework::JsonData::Monitor::RestartInfo", "scopeKind": "class"}, {"_type": "tag", "name": "Max", "path": "/home/kavia/workspace/code-generation/app-gateway2/__import__/extracted/app-gateway2-cga-cmf8e7ba8d/dependencies/install/include/WPEFramework/interfaces/json/JsonData_Monitor.h", "pattern": "/^            Core::JSON::DecUInt64 Max; \\/\\/ Maximal value measured$/", "language": "C++", "typeref": "typename:Core::JSON::DecUInt64", "kind": "member", "scope": "WPEFramework::JsonData::Monitor::MeasurementInfo", "scopeKind": "class"}, {"_type": "tag", "name": "MeasurementInfo", "path": "/home/kavia/workspace/code-generation/app-gateway2/__import__/extracted/app-gateway2-cga-cmf8e7ba8d/dependencies/install/include/WPEFramework/interfaces/json/JsonData_Monitor.h", "pattern": "/^            MeasurementInfo()$/", "language": "C++", "kind": "function", "signature": "()", "scope": "WPEFramework::JsonData::Monitor::MeasurementInfo", "scopeKind": "class"}, {"_type": "tag", "name": "MeasurementInfo", "path": "/home/kavia/workspace/code-generation/app-gateway2/__import__/extracted/app-gateway2-cga-cmf8e7ba8d/dependencies/install/include/WPEFramework/interfaces/json/JsonData_Monitor.h", "pattern": "/^            MeasurementInfo(const MeasurementInfo& _other)$/", "language": "C++", "kind": "function", "signature": "(const MeasurementInfo & _other)", "scope": "WPEFramework::JsonData::Monitor::MeasurementInfo", "scopeKind": "class"}, {"_type": "tag", "name": "MeasurementInfo", "path": "/home/kavia/workspace/code-generation/app-gateway2/__import__/extracted/app-gateway2-cga-cmf8e7ba8d/dependencies/install/include/WPEFramework/interfaces/json/JsonData_Monitor.h", "pattern": "/^        class MeasurementInfo : public Core::JSON::Container {$/", "language": "C++", "kind": "class", "scope": "WPEFramework::JsonData::Monitor", "scopeKind": "namespace"}, {"_type": "tag", "name": "Measurements", "path": "/home/kavia/workspace/code-generation/app-gateway2/__import__/extracted/app-gateway2-cga-cmf8e7ba8d/dependencies/install/include/WPEFramework/interfaces/json/JsonData_Monitor.h", "pattern": "/^            MeasurementsInfo Measurements; \\/\\/ Measurements for the service$/", "language": "C++", "typeref": "typename:MeasurementsInfo", "kind": "member", "scope": "WPEFramework::JsonData::Monitor::InfoInfo", "scopeKind": "class"}, {"_type": "tag", "name": "MeasurementsInfo", "path": "/home/kavia/workspace/code-generation/app-gateway2/__import__/extracted/app-gateway2-cga-cmf8e7ba8d/dependencies/install/include/WPEFramework/interfaces/json/JsonData_Monitor.h", "pattern": "/^            MeasurementsInfo()$/", "language": "C++", "kind": "function", "signature": "()", "scope": "WPEFramework::JsonData::Monitor::MeasurementsInfo", "scopeKind": "class"}, {"_type": "tag", "name": "MeasurementsInfo", "path": "/home/kavia/workspace/code-generation/app-gateway2/__import__/extracted/app-gateway2-cga-cmf8e7ba8d/dependencies/install/include/WPEFramework/interfaces/json/JsonData_Monitor.h", "pattern": "/^            MeasurementsInfo(const MeasurementsInfo& _other)$/", "language": "C++", "kind": "function", "signature": "(const MeasurementsInfo & _other)", "scope": "WPEFramework::JsonData::Monitor::MeasurementsInfo", "scopeKind": "class"}, {"_type": "tag", "name": "MeasurementsInfo", "path": "/home/kavia/workspace/code-generation/app-gateway2/__import__/extracted/app-gateway2-cga-cmf8e7ba8d/dependencies/install/include/WPEFramework/interfaces/json/JsonData_Monitor.h", "pattern": "/^        class MeasurementsInfo : public Core::JSON::Container {$/", "language": "C++", "kind": "class", "scope": "WPEFramework::JsonData::Monitor", "scopeKind": "namespace"}, {"_type": "tag", "name": "Min", "path": "/home/kavia/workspace/code-generation/app-gateway2/__import__/extracted/app-gateway2-cga-cmf8e7ba8d/dependencies/install/include/WPEFramework/interfaces/json/JsonData_Monitor.h", "pattern": "/^            Core::JSON::DecUInt64 Min; \\/\\/ Minimal value measured$/", "language": "C++", "typeref": "typename:Core::JSON::DecUInt64", "kind": "member", "scope": "WPEFramework::JsonData::Monitor::MeasurementInfo", "scopeKind": "class"}, {"_type": "tag", "name": "Monitor", "path": "/home/kavia/workspace/code-generation/app-gateway2/__import__/extracted/app-gateway2-cga-cmf8e7ba8d/dependencies/install/include/WPEFramework/interfaces/json/JsonData_Monitor.h", "pattern": "/^    namespace Monitor {$/", "language": "C++", "kind": "namespace", "scope": "WPEFramework::JsonData", "scopeKind": "namespace"}, {"_type": "tag", "name": "Observable", "path": "/home/kavia/workspace/code-generation/app-gateway2/__import__/extracted/app-gateway2-cga-cmf8e7ba8d/dependencies/install/include/WPEFramework/interfaces/json/JsonData_Monitor.h", "pattern": "/^            Core::JSON::String Observable; \\/\\/ A callsign of the watched service$/", "language": "C++", "typeref": "typename:Core::JSON::String", "kind": "member", "scope": "WPEFramework::JsonData::Monitor::InfoInfo", "scopeKind": "class"}, {"_type": "tag", "name": "Operational", "path": "/home/kavia/workspace/code-generation/app-gateway2/__import__/extracted/app-gateway2-cga-cmf8e7ba8d/dependencies/install/include/WPEFramework/interfaces/json/JsonData_Monitor.h", "pattern": "/^            Core::JSON::Boolean Operational; \\/\\/ Whether the service is up and running$/", "language": "C++", "typeref": "typename:Core::JSON::Boolean", "kind": "member", "scope": "WPEFramework::JsonData::Monitor::MeasurementsInfo", "scopeKind": "class"}, {"_type": "tag", "name": "Process", "path": "/home/kavia/workspace/code-generation/app-gateway2/__import__/extracted/app-gateway2-cga-cmf8e7ba8d/dependencies/install/include/WPEFramework/interfaces/json/JsonData_Monitor.h", "pattern": "/^            MeasurementInfo Process; \\/\\/ Processes measurement$/", "language": "C++", "typeref": "typename:MeasurementInfo", "kind": "member", "scope": "WPEFramework::JsonData::Monitor::MeasurementsInfo", "scopeKind": "class"}, {"_type": "tag", "name": "Reason", "path": "/home/kavia/workspace/code-generation/app-gateway2/__import__/extracted/app-gateway2-cga-cmf8e7ba8d/dependencies/install/include/WPEFramework/interfaces/json/JsonData_Monitor.h", "pattern": "/^            Core::JSON::String Reason; \\/\\/ A message describing the reason the action was taken$/", "language": "C++", "typeref": "typename:Core::JSON::String", "kind": "member", "scope": "WPEFramework::JsonData::Monitor::ActionParamsData", "scopeKind": "class"}, {"_type": "tag", "name": "ResetstatsParamsData", "path": "/home/kavia/workspace/code-generation/app-gateway2/__import__/extracted/app-gateway2-cga-cmf8e7ba8d/dependencies/install/include/WPEFramework/interfaces/json/JsonData_Monitor.h", "pattern": "/^            ResetstatsParamsData()$/", "language": "C++", "kind": "function", "signature": "()", "scope": "WPEFramework::JsonData::Monitor::ResetstatsParamsData", "scopeKind": "class"}, {"_type": "tag", "name": "ResetstatsParamsData", "path": "/home/kavia/workspace/code-generation/app-gateway2/__import__/extracted/app-gateway2-cga-cmf8e7ba8d/dependencies/install/include/WPEFramework/interfaces/json/JsonData_Monitor.h", "pattern": "/^        class ResetstatsParamsData : public Core::JSON::Container {$/", "language": "C++", "kind": "class", "scope": "WPEFramework::JsonData::Monitor", "scopeKind": "namespace"}, {"_type": "tag", "name": "Resident", "path": "/home/kavia/workspace/code-generation/app-gateway2/__import__/extracted/app-gateway2-cga-cmf8e7ba8d/dependencies/install/include/WPEFramework/interfaces/json/JsonData_Monitor.h", "pattern": "/^            MeasurementInfo Resident; \\/\\/ Resident memory measurement$/", "language": "C++", "typeref": "typename:MeasurementInfo", "kind": "member", "scope": "WPEFramework::JsonData::Monitor::MeasurementsInfo", "scopeKind": "class"}, {"_type": "tag", "name": "Restart", "path": "/home/kavia/workspace/code-generation/app-gateway2/__import__/extracted/app-gateway2-cga-cmf8e7ba8d/dependencies/install/include/WPEFramework/interfaces/json/JsonData_Monitor.h", "pattern": "/^            RestartInfo Restart; \\/\\/ Restart limits for failures applying to the service$/", "language": "C++", "typeref": "typename:RestartInfo", "kind": "member", "scope": "WPEFramework::JsonData::Monitor::InfoInfo", "scopeKind": "class"}, {"_type": "tag", "name": "Restart", "path": "/home/kavia/workspace/code-generation/app-gateway2/__import__/extracted/app-gateway2-cga-cmf8e7ba8d/dependencies/install/include/WPEFramework/interfaces/json/JsonData_Monitor.h", "pattern": "/^            RestartInfo Restart; \\/\\/ Sets new restart limits for a service$/", "language": "C++", "typeref": "typename:RestartInfo", "kind": "member", "scope": "WPEFramework::JsonData::Monitor::RestartlimitsParamsData", "scopeKind": "class"}, {"_type": "tag", "name": "RestartInfo", "path": "/home/kavia/workspace/code-generation/app-gateway2/__import__/extracted/app-gateway2-cga-cmf8e7ba8d/dependencies/install/include/WPEFramework/interfaces/json/JsonData_Monitor.h", "pattern": "/^            RestartInfo()$/", "language": "C++", "kind": "function", "signature": "()", "scope": "WPEFramework::JsonData::Monitor::RestartInfo", "scopeKind": "class"}, {"_type": "tag", "name": "RestartInfo", "path": "/home/kavia/workspace/code-generation/app-gateway2/__import__/extracted/app-gateway2-cga-cmf8e7ba8d/dependencies/install/include/WPEFramework/interfaces/json/JsonData_Monitor.h", "pattern": "/^            RestartInfo(const RestartInfo& _other)$/", "language": "C++", "kind": "function", "signature": "(const RestartInfo & _other)", "scope": "WPEFramework::JsonData::Monitor::RestartInfo", "scopeKind": "class"}, {"_type": "tag", "name": "RestartInfo", "path": "/home/kavia/workspace/code-generation/app-gateway2/__import__/extracted/app-gateway2-cga-cmf8e7ba8d/dependencies/install/include/WPEFramework/interfaces/json/JsonData_Monitor.h", "pattern": "/^        class RestartInfo : public Core::JSON::Container {$/", "language": "C++", "kind": "class", "scope": "WPEFramework::JsonData::Monitor", "scopeKind": "namespace"}, {"_type": "tag", "name": "RestartlimitsParamsData", "path": "/home/kavia/workspace/code-generation/app-gateway2/__import__/extracted/app-gateway2-cga-cmf8e7ba8d/dependencies/install/include/WPEFramework/interfaces/json/JsonData_Monitor.h", "pattern": "/^            RestartlimitsParamsData()$/", "language": "C++", "kind": "function", "signature": "()", "scope": "WPEFramework::JsonData::Monitor::RestartlimitsParamsData", "scopeKind": "class"}, {"_type": "tag", "name": "RestartlimitsParamsData", "path": "/home/kavia/workspace/code-generation/app-gateway2/__import__/extracted/app-gateway2-cga-cmf8e7ba8d/dependencies/install/include/WPEFramework/interfaces/json/JsonData_Monitor.h", "pattern": "/^        class RestartlimitsParamsData : public Core::JSON::Container {$/", "language": "C++", "kind": "class", "scope": "WPEFramework::JsonData::Monitor", "scopeKind": "namespace"}, {"_type": "tag", "name": "Shared", "path": "/home/kavia/workspace/code-generation/app-gateway2/__import__/extracted/app-gateway2-cga-cmf8e7ba8d/dependencies/install/include/WPEFramework/interfaces/json/JsonData_Monitor.h", "pattern": "/^            MeasurementInfo Shared; \\/\\/ Shared memory measurement$/", "language": "C++", "typeref": "typename:MeasurementInfo", "kind": "member", "scope": "WPEFramework::JsonData::Monitor::MeasurementsInfo", "scopeKind": "class"}, {"_type": "tag", "name": "WPEFramework", "path": "/home/kavia/workspace/code-generation/app-gateway2/__import__/extracted/app-gateway2-cga-cmf8e7ba8d/dependencies/install/include/WPEFramework/interfaces/json/JsonData_Monitor.h", "pattern": "/^namespace WPEFramework {$/", "language": "C++", "kind": "namespace"}, {"_type": "tag", "name": "Window", "path": "/home/kavia/workspace/code-generation/app-gateway2/__import__/extracted/app-gateway2-cga-cmf8e7ba8d/dependencies/install/include/WPEFramework/interfaces/json/JsonData_Monitor.h", "pattern": "/^            Core::JSON::DecUInt16 Window; \\/\\/ Time period (in seconds) within which failures mu/", "language": "C++", "typeref": "typename:Core::JSON::DecUInt16", "kind": "member", "scope": "WPEFramework::JsonData::Monitor::RestartInfo", "scopeKind": "class"}, {"_type": "tag", "name": "_Init", "path": "/home/kavia/workspace/code-generation/app-gateway2/__import__/extracted/app-gateway2-cga-cmf8e7ba8d/dependencies/install/include/WPEFramework/interfaces/json/JsonData_Monitor.h", "pattern": "/^            void _Init()$/", "language": "C++", "typeref": "typename:void", "kind": "function", "signature": "()", "scope": "WPEFramework::JsonData::Monitor::InfoInfo", "scopeKind": "class"}, {"_type": "tag", "name": "_Init", "path": "/home/kavia/workspace/code-generation/app-gateway2/__import__/extracted/app-gateway2-cga-cmf8e7ba8d/dependencies/install/include/WPEFramework/interfaces/json/JsonData_Monitor.h", "pattern": "/^            void _Init()$/", "language": "C++", "typeref": "typename:void", "kind": "function", "signature": "()", "scope": "WPEFramework::JsonData::Monitor::MeasurementInfo", "scopeKind": "class"}, {"_type": "tag", "name": "_Init", "path": "/home/kavia/workspace/code-generation/app-gateway2/__import__/extracted/app-gateway2-cga-cmf8e7ba8d/dependencies/install/include/WPEFramework/interfaces/json/JsonData_Monitor.h", "pattern": "/^            void _Init()$/", "language": "C++", "typeref": "typename:void", "kind": "function", "signature": "()", "scope": "WPEFramework::JsonData::Monitor::MeasurementsInfo", "scopeKind": "class"}, {"_type": "tag", "name": "_Init", "path": "/home/kavia/workspace/code-generation/app-gateway2/__import__/extracted/app-gateway2-cga-cmf8e7ba8d/dependencies/install/include/WPEFramework/interfaces/json/JsonData_Monitor.h", "pattern": "/^            void _Init()$/", "language": "C++", "typeref": "typename:void", "kind": "function", "signature": "()", "scope": "WPEFramework::JsonData::Monitor::RestartInfo", "scopeKind": "class"}, {"_type": "tag", "name": "operator =", "path": "/home/kavia/workspace/code-generation/app-gateway2/__import__/extracted/app-gateway2-cga-cmf8e7ba8d/dependencies/install/include/WPEFramework/interfaces/json/JsonData_Monitor.h", "pattern": "/^            InfoInfo& operator=(const InfoInfo& _rhs)$/", "language": "C++", "typeref": "typename:InfoInfo &", "kind": "function", "signature": "(const InfoInfo & _rhs)", "scope": "WPEFramework::JsonData::Monitor::InfoInfo", "scopeKind": "class"}, {"_type": "tag", "name": "operator =", "path": "/home/kavia/workspace/code-generation/app-gateway2/__import__/extracted/app-gateway2-cga-cmf8e7ba8d/dependencies/install/include/WPEFramework/interfaces/json/JsonData_Monitor.h", "pattern": "/^            MeasurementInfo& operator=(const MeasurementInfo& _rhs)$/", "language": "C++", "typeref": "typename:MeasurementInfo &", "kind": "function", "signature": "(const MeasurementInfo & _rhs)", "scope": "WPEFramework::JsonData::Monitor::MeasurementInfo", "scopeKind": "class"}, {"_type": "tag", "name": "operator =", "path": "/home/kavia/workspace/code-generation/app-gateway2/__import__/extracted/app-gateway2-cga-cmf8e7ba8d/dependencies/install/include/WPEFramework/interfaces/json/JsonData_Monitor.h", "pattern": "/^            MeasurementsInfo& operator=(const MeasurementsInfo& _rhs)$/", "language": "C++", "typeref": "typename:MeasurementsInfo &", "kind": "function", "signature": "(const MeasurementsInfo & _rhs)", "scope": "WPEFramework::JsonData::Monitor::MeasurementsInfo", "scopeKind": "class"}, {"_type": "tag", "name": "operator =", "path": "/home/kavia/workspace/code-generation/app-gateway2/__import__/extracted/app-gateway2-cga-cmf8e7ba8d/dependencies/install/include/WPEFramework/interfaces/json/JsonData_Monitor.h", "pattern": "/^            RestartInfo& operator=(const RestartInfo& _rhs)$/", "language": "C++", "typeref": "typename:RestartInfo &", "kind": "function", "signature": "(const RestartInfo & _rhs)", "scope": "WPEFramework::JsonData::Monitor::RestartInfo", "scopeKind": "class"}], "hash": "ec7597fd958d5671018077e9c1ffc632", "format-version": 4, "code-base-name": "app-gateway2", "filename": "__import__/extracted/app-gateway2-cga-cmf8e7ba8d/dependencies/install/include/WPEFramework/interfaces/json/JsonData_Monitor.h", "fields": [{"name": "Core::JSON::String Action", "scope": "WPEFramework::JsonData::Monitor::ActionParamsData", "scopeKind": "class", "description": "unavailable"}, {"name": "MeasurementInfo Allocated", "scope": "WPEFramework::JsonData::Monitor::MeasurementsInfo", "scopeKind": "class", "description": "unavailable"}, {"name": "Core::JSON::DecUInt64 Average", "scope": "WPEFramework::JsonData::Monitor::MeasurementInfo", "scopeKind": "class", "description": "unavailable"}, {"name": "Core::JSON::String Callsign", "scope": "WPEFramework::JsonData::Monitor::ActionParamsData", "scopeKind": "class", "description": "unavailable"}, {"name": "Core::JSON::DecUInt32 Count", "scope": "WPEFramework::JsonData::Monitor::MeasurementsInfo", "scopeKind": "class", "description": "unavailable"}, {"name": "Core::JSON::DecUInt64 Last", "scope": "WPEFramework::JsonData::Monitor::MeasurementInfo", "scopeKind": "class", "description": "unavailable"}, {"name": "Core::JSON::DecUInt8 Limit", "scope": "WPEFramework::JsonData::Monitor::RestartInfo", "scopeKind": "class", "description": "unavailable"}, {"name": "Core::JSON::DecUInt64 Max", "scope": "WPEFramework::JsonData::Monitor::MeasurementInfo", "scopeKind": "class", "description": "unavailable"}, {"name": "MeasurementsInfo Measurements", "scope": "WPEFramework::JsonData::Monitor::InfoInfo", "scopeKind": "class", "description": "unavailable"}, {"name": "Core::JSON::DecUInt64 Min", "scope": "WPEFramework::JsonData::Monitor::MeasurementInfo", "scopeKind": "class", "description": "unavailable"}, {"name": "Core::JSON::String Observable", "scope": "WPEFramework::JsonData::Monitor::InfoInfo", "scopeKind": "class", "description": "unavailable"}, {"name": "Core::JSON::Boolean Operational", "scope": "WPEFramework::JsonData::Monitor::MeasurementsInfo", "scopeKind": "class", "description": "unavailable"}, {"name": "MeasurementInfo Process", "scope": "WPEFramework::JsonData::Monitor::MeasurementsInfo", "scopeKind": "class", "description": "unavailable"}, {"name": "Core::JSON::String Reason", "scope": "WPEFramework::JsonData::Monitor::ActionParamsData", "scopeKind": "class", "description": "unavailable"}, {"name": "MeasurementInfo Resident", "scope": "WPEFramework::JsonData::Monitor::MeasurementsInfo", "scopeKind": "class", "description": "unavailable"}, {"name": "RestartInfo Restart", "scope": "WPEFramework::JsonData::Monitor::InfoInfo", "scopeKind": "class", "description": "unavailable"}, {"name": "MeasurementInfo Shared", "scope": "WPEFramework::JsonData::Monitor::MeasurementsInfo", "scopeKind": "class", "description": "unavailable"}, {"name": "Core::JSON::DecUInt16 Window", "scope": "WPEFramework::JsonData::Monitor::RestartInfo", "scopeKind": "class", "description": "unavailable"}], "revision_history": [{"4250": "0f87a35b32215bc8547fb583d6c84bd51f603f69"}]}