{"is_source_file": true, "format": "C++ header", "description": "This file defines the interface ITestController and its related nested interfaces in the WPEFramework namespace. It declares the structure of a test controller with categories, tests, and iteration capabilities.", "external_files": ["Module.h", "Core::IUnknown"], "external_methods": [], "published": ["WPEFramework::Exchange::ITestController"], "classes": [{"name": "WPEFramework::Exchange::ITestController", "description": "An interface for managing and executing tests in categories within the WPEFramework exchange module."}, {"name": "WPEFramework::Exchange::ITestController::ITest", "description": "Represents an individual test with execution and description capabilities."}, {"name": "WPEFramework::Exchange::ITestController::ICategory", "description": "Represents a test category that can contain tests, setup, and teardown procedures."}, {"name": "WPEFramework::Exchange::ITestController::ITest::IIterator", "description": "Iterator for traversing through tests."}, {"name": "WPEFramework::Exchange::ITestController::ICategory::IIterator", "description": "Iterator for traversing through categories."}], "methods": [{"name": "Setup", "description": "Initializes the test controller or category."}, {"name": "TearDown", "description": "Cleans up resources used by the test controller or category."}, {"name": "Categories", "description": "Returns an iterator over all categories."}, {"name": "Category", "description": "Retrieves a specific category by name."}, {"name": "Execute", "description": "Executes the test with the given parameters."}, {"name": "Description", "description": "Provides a description of a test."}, {"name": "Name", "description": "Returns the name of a test or category."}, {"name": "Register", "description": "Registers a test within a category."}, {"name": "Unregister", "description": "Unregisters a test from a category."}, {"name": "Tests", "description": "Returns an iterator over the tests in a category."}, {"name": "Test", "description": "Retrieves a specific test by name."}, {"name": "Reset", "description": "Resets the iterator to the start."}, {"name": "IsValid", "description": "Checks if the iterator is at a valid position."}, {"name": "Next", "description": "Advances the iterator to the next item."}, {"name": "Test", "description": "Returns the current test from the tests iterator."}, {"name": "Category", "description": "Returns the current category from the categories iterator."}], "calls": ["Core::IUnknown", "string::Execute", "string::Description", "string::Name", "ICategory::Tests", "ICategory::Test", "ITests::Next", "ITests::Reset"], "search-terms": ["ITestController", "Test", "Category", "Execution", "Iterator", "Setup", "TearDown"], "state": 2, "file_id": 1539, "knowledge_revision": 16266, "git_revision": "0f87a35b32215bc8547fb583d6c84bd51f603f69", "ctags": [{"_type": "tag", "name": "Exchange", "path": "/home/kavia/workspace/code-generation/app-gateway2/__import__/extracted/app-gateway2-cga-cmf8e7ba8d/dependencies/install/include/WPEFramework/interfaces/ITestController.h", "pattern": "/^    namespace Exchange {$/", "language": "C++", "kind": "namespace", "scope": "WPEFramework", "scopeKind": "namespace"}, {"_type": "tag", "name": "ICategory", "path": "/home/kavia/workspace/code-generation/app-gateway2/__import__/extracted/app-gateway2-cga-cmf8e7ba8d/dependencies/install/include/WPEFramework/interfaces/ITestController.h", "pattern": "/^            struct EXTERNAL ICategory : virtual public Core::IUnknown {$/", "language": "C++", "kind": "struct", "scope": "WPEFramework::Exchange::ITestController", "scopeKind": "struct"}, {"_type": "tag", "name": "ID", "path": "/home/kavia/workspace/code-generation/app-gateway2/__import__/extracted/app-gateway2-cga-cmf8e7ba8d/dependencies/install/include/WPEFramework/interfaces/ITestController.h", "pattern": "/^                    enum { ID = ID_TESTCONTROLLER_CATEGORY_ITERATOR };$/", "language": "C++", "kind": "enumerator", "scope": "WPEFramework::Exchange::ITestController::ICategory::IIterator::__anon00b8027f0503", "scopeKind": "enum"}, {"_type": "tag", "name": "ID", "path": "/home/kavia/workspace/code-generation/app-gateway2/__import__/extracted/app-gateway2-cga-cmf8e7ba8d/dependencies/install/include/WPEFramework/interfaces/ITestController.h", "pattern": "/^                    enum { ID = ID_TESTCONTROLLER_TEST_ITERATOR };$/", "language": "C++", "kind": "enumerator", "scope": "WPEFramework::Exchange::ITestController::ITest::IIterator::__anon00b8027f0303", "scopeKind": "enum"}, {"_type": "tag", "name": "ID", "path": "/home/kavia/workspace/code-generation/app-gateway2/__import__/extracted/app-gateway2-cga-cmf8e7ba8d/dependencies/install/include/WPEFramework/interfaces/ITestController.h", "pattern": "/^                enum { ID = ID_TESTCONTROLLER_CATEGORY };$/", "language": "C++", "kind": "enumerator", "scope": "WPEFramework::Exchange::ITestController::ICategory::__anon00b8027f0403", "scopeKind": "enum"}, {"_type": "tag", "name": "ID", "path": "/home/kavia/workspace/code-generation/app-gateway2/__import__/extracted/app-gateway2-cga-cmf8e7ba8d/dependencies/install/include/WPEFramework/interfaces/ITestController.h", "pattern": "/^                enum { ID = ID_TESTCONTROLLER_TEST };$/", "language": "C++", "kind": "enumerator", "scope": "WPEFramework::Exchange::ITestController::ITest::__anon00b8027f0203", "scopeKind": "enum"}, {"_type": "tag", "name": "ID", "path": "/home/kavia/workspace/code-generation/app-gateway2/__import__/extracted/app-gateway2-cga-cmf8e7ba8d/dependencies/install/include/WPEFramework/interfaces/ITestController.h", "pattern": "/^            enum { ID = ID_TESTCONTROLLER };$/", "language": "C++", "kind": "enumerator", "scope": "WPEFramework::Exchange::ITestController::__anon00b8027f0103", "scopeKind": "enum"}, {"_type": "tag", "name": "IIterator", "path": "/home/kavia/workspace/code-generation/app-gateway2/__import__/extracted/app-gateway2-cga-cmf8e7ba8d/dependencies/install/include/WPEFramework/interfaces/ITestController.h", "pattern": "/^                struct EXTERNAL IIterator : virtual public Core::IUnknown {$/", "language": "C++", "kind": "struct", "scope": "WPEFramework::Exchange::ITestController::ICategory", "scopeKind": "struct"}, {"_type": "tag", "name": "IIterator", "path": "/home/kavia/workspace/code-generation/app-gateway2/__import__/extracted/app-gateway2-cga-cmf8e7ba8d/dependencies/install/include/WPEFramework/interfaces/ITestController.h", "pattern": "/^                struct EXTERNAL IIterator : virtual public Core::IUnknown {$/", "language": "C++", "kind": "struct", "scope": "WPEFramework::Exchange::ITestController::ITest", "scopeKind": "struct"}, {"_type": "tag", "name": "ITest", "path": "/home/kavia/workspace/code-generation/app-gateway2/__import__/extracted/app-gateway2-cga-cmf8e7ba8d/dependencies/install/include/WPEFramework/interfaces/ITestController.h", "pattern": "/^            struct EXTERNAL ITest : virtual public Core::IUnknown {$/", "language": "C++", "kind": "struct", "scope": "WPEFramework::Exchange::ITestController", "scopeKind": "struct"}, {"_type": "tag", "name": "ITestController", "path": "/home/kavia/workspace/code-generation/app-gateway2/__import__/extracted/app-gateway2-cga-cmf8e7ba8d/dependencies/install/include/WPEFramework/interfaces/ITestController.h", "pattern": "/^        struct EXTERNAL ITestController : virtual public Core::IUnknown {$/", "language": "C++", "kind": "struct", "scope": "WPEFramework::Exchange", "scopeKind": "namespace"}, {"_type": "tag", "name": "WPEFramework", "path": "/home/kavia/workspace/code-generation/app-gateway2/__import__/extracted/app-gateway2-cga-cmf8e7ba8d/dependencies/install/include/WPEFramework/interfaces/ITestController.h", "pattern": "/^namespace WPEFramework {$/", "language": "C++", "kind": "namespace"}, {"_type": "tag", "name": "__anon00b8027f0103", "path": "/home/kavia/workspace/code-generation/app-gateway2/__import__/extracted/app-gateway2-cga-cmf8e7ba8d/dependencies/install/include/WPEFramework/interfaces/ITestController.h", "pattern": "/^            enum { ID = ID_TESTCONTROLLER };$/", "language": "C++", "kind": "enum", "scope": "WPEFramework::Exchange::ITestController", "scopeKind": "struct"}, {"_type": "tag", "name": "__anon00b8027f0203", "path": "/home/kavia/workspace/code-generation/app-gateway2/__import__/extracted/app-gateway2-cga-cmf8e7ba8d/dependencies/install/include/WPEFramework/interfaces/ITestController.h", "pattern": "/^                enum { ID = ID_TESTCONTROLLER_TEST };$/", "language": "C++", "kind": "enum", "scope": "WPEFramework::Exchange::ITestController::ITest", "scopeKind": "struct"}, {"_type": "tag", "name": "__anon00b8027f0303", "path": "/home/kavia/workspace/code-generation/app-gateway2/__import__/extracted/app-gateway2-cga-cmf8e7ba8d/dependencies/install/include/WPEFramework/interfaces/ITestController.h", "pattern": "/^                    enum { ID = ID_TESTCONTROLLER_TEST_ITERATOR };$/", "language": "C++", "kind": "enum", "scope": "WPEFramework::Exchange::ITestController::ITest::IIterator", "scopeKind": "struct"}, {"_type": "tag", "name": "__anon00b8027f0403", "path": "/home/kavia/workspace/code-generation/app-gateway2/__import__/extracted/app-gateway2-cga-cmf8e7ba8d/dependencies/install/include/WPEFramework/interfaces/ITestController.h", "pattern": "/^                enum { ID = ID_TESTCONTROLLER_CATEGORY };$/", "language": "C++", "kind": "enum", "scope": "WPEFramework::Exchange::ITestController::ICategory", "scopeKind": "struct"}, {"_type": "tag", "name": "__anon00b8027f0503", "path": "/home/kavia/workspace/code-generation/app-gateway2/__import__/extracted/app-gateway2-cga-cmf8e7ba8d/dependencies/install/include/WPEFramework/interfaces/ITestController.h", "pattern": "/^                    enum { ID = ID_TESTCONTROLLER_CATEGORY_ITERATOR };$/", "language": "C++", "kind": "enum", "scope": "WPEFramework::Exchange::ITestController::ICategory::IIterator", "scopeKind": "struct"}], "hash": "388e506362647185c2f3f6783a7eb364", "format-version": 4, "code-base-name": "app-gateway2", "filename": "__import__/extracted/app-gateway2-cga-cmf8e7ba8d/dependencies/install/include/WPEFramework/interfaces/ITestController.h", "revision_history": [{"16266": "0f87a35b32215bc8547fb583d6c84bd51f603f69"}]}