{"is_source_file": true, "format": "C++ header file", "description": "This file defines a template class WebLinkType which appears to be an integral part of a WebSocket communication framework. It manages serialization, deserialization, data transmission, and connection states for WebSocket links, including handling inbound and outbound message processing, as well as link activity tracking.", "external_files": ["Module.h", "WebRequest.h", "WebResponse.h", "WebSerializer.h", "WebTransform.h"], "external_methods": ["Core::ProxyType<OUTBOUND>::Add", "Core::ProxyType<OUTBOUND>::Count", "Core::ProxyType<OUTBOUND>::Release", "ASSERT", "DEBUG_VARIABLE", "Core::CriticalSection::Lock", "Core::CriticalSection::Unlock", "Core::ProxyList<OUTBOUND>::Add", "Core::ProxyList<OUTBOUND>::Remove", "Core::ProxyList<OUTBOUND>::Count", "Core::ProxyType<INBOUND>::Element", "Core::ProxyType<INBOUND>::Release", "Core::ProxyType<INBOUND>::IsValid", "ASSERT", "Core::ProxyType<INBOUND>::operator*", "Core::ProxyType<INBOUND>::operator->", "Core::ProxyType<INBOUND>::Release", "Core::ProxyType<INBOUND>::IsValid", "ASSERT", "ASSERT", "Core::infinite", "Core::ProxyType<INBOUND>::Release", "Core::ProxyType<INBOUND>::IsValid"], "published": ["Submit", "Open", "Close", "Flush", "IsOpen", "IsClosed", "IsSuspended", "IsClose", "ResetActivity", "HasActivity", "Link"], "classes": [{"name": "WebLinkType", "description": "A template class managing WebSocket link's serialization, deserialization, data transfer, and connection state, supporting customizable inbound/outbound types, allocators, and optional data transforms."}], "methods": [{"name": "void Submit(const Core::ProxyType<OUTBOUND> & element)", "description": "Enqueues an outbound message for transmission if the channel is open.", "scope": "WPEFramework::Web::WebLinkType::SerializerImpl", "scopeKind": "class"}, {"name": "uint32_t Open(const uint32_t waitTime)", "description": "Opens the WebSocket link with a specified wait time.", "scope": "WPEFramework::Web::WebLinkType", "scopeKind": "class"}, {"name": "uint32_t Close(const uint32_t waitTime)", "description": "Closes the WebSocket link with a specified wait time.", "scope": "WPEFramework::Web::WebLinkType", "scopeKind": "class"}, {"name": "void Flush()", "description": "Flushes internal serializer and deserializer buffers.", "scope": "WPEFramework::Web::WebLinkType", "scopeKind": "class"}, {"name": "bool IsOpen() const", "description": "Checks if the link is currently open.", "scope": "WPEFramework::Web::WebLinkType", "scopeKind": "class"}, {"name": "bool IsClosed() const", "description": "Checks if the link is currently closed.", "scope": "WPEFramework::Web::WebLinkType", "scopeKind": "class"}, {"name": "bool IsSuspended() const", "description": "Checks if the link is suspended.", "scope": "WPEFramework::Web::WebLinkType", "scopeKind": "class"}, {"name": "bool IsClose() const", "description": "Checks if the link is in close state.", "scope": "WPEFramework::Web::WebLinkType", "scopeKind": "class"}, {"name": "void ResetActivity()", "description": "Resets activity status of the link.", "scope": "WPEFramework::Web::WebLinkType", "scopeKind": "class"}, {"name": "bool HasActivity() const", "description": "Checks if there has been recent activity on the link.", "scope": "WPEFramework::Web::WebLinkType", "scopeKind": "class"}, {"name": "ACTUALLINK & Link()", "description": "Accesses the underlying link handler object.", "scope": "WPEFramework::Web::WebLinkType::HandlerType", "scopeKind": "class"}, {"name": "AllocatorType & Allocator()", "scope": "WPEFramework::Web::WebLinkType", "scopeKind": "class", "description": "unavailable"}, {"name": "void Deserialized(typename INBOUND::BaseElement & element)", "scope": "WPEFramework::Web::WebLinkType::DeserializerImpl", "scopeKind": "class", "description": "unavailable"}, {"name": "DeserializerImpl(ThisClass & parent,ALLOCATOR allocator)", "scope": "WPEFramework::Web::WebLinkType::DeserializerImpl", "scopeKind": "class", "description": "unavailable"}, {"name": "DeserializerImpl(ThisClass & parent,const uint8_t queueSize)", "scope": "WPEFramework::Web::WebLinkType::DeserializerImpl", "scopeKind": "class", "description": "unavailable"}, {"name": "INBOUND::BaseElement * Element()", "scope": "WPEFramework::Web::WebLinkType::DeserializerImpl", "scopeKind": "class", "description": "unavailable"}, {"name": "HandlerType(PARENTCLASS & parent,Args &&...args)", "scope": "WPEFramework::Web::WebLinkType::HandlerType", "scopeKind": "class", "description": "unavailable"}, {"name": "const ACTUALLINK & Link() const", "scope": "WPEFramework::Web::WebLinkType::HandlerType", "scopeKind": "class", "description": "unavailable"}, {"name": "LINK & Link()", "scope": "WPEFramework::Web::WebLinkType", "scopeKind": "class", "description": "unavailable"}, {"name": "const LINK & Link() const", "scope": "WPEFramework::Web::WebLinkType", "scopeKind": "class", "description": "unavailable"}, {"name": "bool LinkBody(typename INBOUND::BaseElement & element)", "scope": "WPEFramework::Web::WebLinkType::DeserializerImpl", "scopeKind": "class", "description": "unavailable"}, {"name": "uint16_t ReceiveData(uint8_t * dataFrame,const uint16_t receivedSize)", "scope": "WPEFramework::Web::WebLinkType::HandlerType", "scopeKind": "class", "description": "unavailable"}, {"name": "Core::TypeTraits::enable_if<!hasTransform<CLASSNAME,uint16_t,BaseDeserializer &,uint8_t *,const uint16_t>::value,uint16_t>::type ReceiveData(uint8_t * dataFrame,const uint16_t receivedSize)", "scope": "WPEFramework::Web::WebLinkType", "scopeKind": "class", "description": "unavailable"}, {"name": "Core::TypeTraits::enable_if<hasTransform<CLASSNAME,uint16_t,BaseDeserializer &,uint8_t *,const uint16_t>::value,uint16_t>::type ReceiveData(uint8_t * dataFrame,const uint16_t receivedSize)", "scope": "WPEFramework::Web::WebLinkType", "scopeKind": "class", "description": "unavailable"}, {"name": "uint16_t SendData(uint8_t * dataFrame,const uint16_t maxSendSize)", "scope": "WPEFramework::Web::WebLinkType::HandlerType", "scopeKind": "class", "description": "unavailable"}, {"name": "Core::TypeTraits::enable_if<!hasTransform<CLASSNAME,uint16_t,BaseSerializer &,uint8_t *,const uint16_t>::value,uint16_t>::type SendData(uint8_t * dataFrame,const uint16_t receivedSize)", "scope": "WPEFramework::Web::WebLinkType", "scopeKind": "class", "description": "unavailable"}, {"name": "Core::TypeTraits::enable_if<hasTransform<CLASSNAME,uint16_t,BaseSerializer &,uint8_t *,const uint16_t>::value,uint16_t>::type SendData(uint8_t * dataFrame,const uint16_t receivedSize)", "scope": "WPEFramework::Web::WebLinkType", "scopeKind": "class", "description": "unavailable"}, {"name": "void Serialized(const typename OUTBOUND::BaseElement & element)", "scope": "WPEFramework::Web::WebLinkType::SerializerImpl", "scopeKind": "class", "description": "unavailable"}, {"name": "SerializerImpl(ThisClass & parent,const uint8_t queueSize)", "scope": "WPEFramework::Web::WebLinkType::SerializerImpl", "scopeKind": "class", "description": "unavailable"}, {"name": "void StateChange()", "scope": "WPEFramework::Web::WebLinkType::HandlerType", "scopeKind": "class", "description": "unavailable"}, {"name": "bool Submit(const Core::ProxyType<OUTBOUND> & element)", "scope": "WPEFramework::Web::WebLinkType", "scopeKind": "class", "description": "unavailable"}, {"name": "void Trigger()", "scope": "WPEFramework::Web::WebLinkType", "scopeKind": "class", "description": "unavailable"}, {"name": "WebLinkType(const uint8_t queueSize,ALLOCATOR responseAllocator,Args &&...args)", "scope": "WPEFramework::Web::WebLinkType", "scopeKind": "class", "description": "unavailable"}, {"name": "DISABLE_WARNING_THIS_IN_MEMBER_INITIALIZER_LIST WebLinkType(const uint8_t queueSize,Args &&...args)", "scope": "WPEFramework::Web::WebLinkType", "scopeKind": "class", "description": "unavailable"}, {"name": "~HandlerType()", "scope": "WPEFramework::Web::WebLinkType::HandlerType", "scopeKind": "class", "description": "unavailable"}, {"name": "POP_WARNING () ~WebLinkType()", "scope": "WPEFramework::Web::WebLinkType", "scopeKind": "class", "description": "unavailable"}], "search-terms": ["WebLinkType", "serializer", "deserializer", "WebSocket", "Web", "Link", "Channel", "Transform", "WebFrame", "Communication"], "state": 2, "file_id": 1320, "knowledge_revision": 3940, "git_revision": "0f87a35b32215bc8547fb583d6c84bd51f603f69", "ctags": [{"_type": "tag", "name": "Allocator", "path": "/home/kavia/workspace/code-generation/app-gateway2/__import__/extracted/app-gateway2-cga-cmf8e7ba8d/dependencies/install/include/WPEFramework/websocket/WebLink.h", "pattern": "/^            AllocatorType& Allocator()$/", "language": "C++", "typeref": "typename:AllocatorType &", "kind": "function", "signature": "()", "scope": "WPEFramework::Web::WebLinkType::DeserializerImpl", "scopeKind": "class"}, {"_type": "tag", "name": "Allocator", "path": "/home/kavia/workspace/code-generation/app-gateway2/__import__/extracted/app-gateway2-cga-cmf8e7ba8d/dependencies/install/include/WPEFramework/websocket/WebLink.h", "pattern": "/^        AllocatorType& Allocator() {$/", "language": "C++", "typeref": "typename:AllocatorType &", "kind": "function", "signature": "()", "scope": "WPEFramework::Web::WebLinkType", "scopeKind": "class"}, {"_type": "tag", "name": "AllocatorType", "path": "/home/kavia/workspace/code-generation/app-gateway2/__import__/extracted/app-gateway2-cga-cmf8e7ba8d/dependencies/install/include/WPEFramework/websocket/WebLink.h", "pattern": "/^        using AllocatorType = typename std::remove_reference<ALLOCATOR>::type;$/", "language": "C++", "typeref": "typename:std::remove_reference<ALLOCATOR>::type", "kind": "typedef", "scope": "WPEFramework::Web::WebLinkType", "scopeKind": "class"}, {"_type": "tag", "name": "BaseDeserializer", "path": "/home/kavia/workspace/code-generation/app-gateway2/__import__/extracted/app-gateway2-cga-cmf8e7ba8d/dependencies/install/include/WPEFramework/websocket/WebLink.h", "pattern": "/^        using BaseDeserializer = typename INBOUND::Deserializer;$/", "language": "C++", "typeref": "typename:INBOUND::Deserializer", "kind": "typedef", "scope": "WPEFramework::Web::WebLinkType", "scopeKind": "class"}, {"_type": "tag", "name": "BaseSerializer", "path": "/home/kavia/workspace/code-generation/app-gateway2/__import__/extracted/app-gateway2-cga-cmf8e7ba8d/dependencies/install/include/WPEFramework/websocket/WebLink.h", "pattern": "/^        using BaseSerializer = typename OUTBOUND::Serializer;$/", "language": "C++", "typeref": "typename:OUTBOUND::Serializer", "kind": "typedef", "scope": "WPEFramework::Web::WebLinkType", "scopeKind": "class"}, {"_type": "tag", "name": "Close", "path": "/home/kavia/workspace/code-generation/app-gateway2/__import__/extracted/app-gateway2-cga-cmf8e7ba8d/dependencies/install/include/WPEFramework/websocket/WebLink.h", "pattern": "/^        inline uint32_t Close(const uint32_t waitTime)$/", "language": "C++", "typeref": "typename:uint32_t", "kind": "function", "signature": "(const uint32_t waitTime)", "scope": "WPEFramework::Web::WebLinkType", "scopeKind": "class"}, {"_type": "tag", "name": "Deserialized", "path": "/home/kavia/workspace/code-generation/app-gateway2/__import__/extracted/app-gateway2-cga-cmf8e7ba8d/dependencies/install/include/WPEFramework/websocket/WebLink.h", "pattern": "/^            void Deserialized(typename INBOUND::BaseElement& element)$/", "language": "C++", "typeref": "typename:void", "kind": "function", "signature": "(typename INBOUND::BaseElement & element)", "scope": "WPEFramework::Web::WebLinkType::DeserializerImpl", "scopeKind": "class"}, {"_type": "tag", "name": "DeserializerImpl", "path": "/home/kavia/workspace/code-generation/app-gateway2/__import__/extracted/app-gateway2-cga-cmf8e7ba8d/dependencies/install/include/WPEFramework/websocket/WebLink.h", "pattern": "/^            DeserializerImpl(ThisClass& parent, ALLOCATOR allocator)$/", "language": "C++", "kind": "function", "signature": "(ThisClass & parent,ALLOCATOR allocator)", "scope": "WPEFramework::Web::WebLinkType::DeserializerImpl", "scopeKind": "class"}, {"_type": "tag", "name": "DeserializerImpl", "path": "/home/kavia/workspace/code-generation/app-gateway2/__import__/extracted/app-gateway2-cga-cmf8e7ba8d/dependencies/install/include/WPEFramework/websocket/WebLink.h", "pattern": "/^            DeserializerImpl(ThisClass& parent, const uint8_t queueSize)$/", "language": "C++", "kind": "function", "signature": "(ThisClass & parent,const uint8_t queueSize)", "scope": "WPEFramework::Web::WebLinkType::DeserializerImpl", "scopeKind": "class"}, {"_type": "tag", "name": "DeserializerImpl", "path": "/home/kavia/workspace/code-generation/app-gateway2/__import__/extracted/app-gateway2-cga-cmf8e7ba8d/dependencies/install/include/WPEFramework/websocket/WebLink.h", "pattern": "/^        class DeserializerImpl : public BaseDeserializer {$/", "language": "C++", "kind": "class", "scope": "WPEFramework::Web::WebLinkType", "scopeKind": "class"}, {"_type": "tag", "name": "Element", "path": "/home/kavia/workspace/code-generation/app-gateway2/__import__/extracted/app-gateway2-cga-cmf8e7ba8d/dependencies/install/include/WPEFramework/websocket/WebLink.h", "pattern": "/^            typename INBOUND::BaseElement* Element() override$/", "language": "C++", "typeref": "typename:INBOUND::BaseElement *", "kind": "function", "signature": "()", "scope": "WPEFramework::Web::WebLinkType::DeserializerImpl", "scopeKind": "class"}, {"_type": "tag", "name": "Flush", "path": "/home/kavia/workspace/code-generation/app-gateway2/__import__/extracted/app-gateway2-cga-cmf8e7ba8d/dependencies/install/include/WPEFramework/websocket/WebLink.h", "pattern": "/^        inline void Flush()$/", "language": "C++", "typeref": "typename:void", "kind": "function", "signature": "()", "scope": "WPEFramework::Web::WebLinkType", "scopeKind": "class"}, {"_type": "tag", "name": "HandlerType", "path": "/home/kavia/workspace/code-generation/app-gateway2/__import__/extracted/app-gateway2-cga-cmf8e7ba8d/dependencies/install/include/WPEFramework/websocket/WebLink.h", "pattern": "/^            HandlerType(PARENTCLASS& parent, Args&&... args)$/", "language": "C++", "kind": "function", "signature": "(PARENTCLASS & parent,Args &&...args)", "scope": "WPEFramework::Web::WebLinkType::HandlerType", "scopeKind": "class"}, {"_type": "tag", "name": "HandlerType", "path": "/home/kavia/workspace/code-generation/app-gateway2/__import__/extracted/app-gateway2-cga-cmf8e7ba8d/dependencies/install/include/WPEFramework/websocket/WebLink.h", "pattern": "/^        class HandlerType : public ACTUALLINK {$/", "language": "C++", "kind": "class", "scope": "WPEFramework::Web::WebLinkType", "scopeKind": "class"}, {"_type": "tag", "name": "HasActivity", "path": "/home/kavia/workspace/code-generation/app-gateway2/__import__/extracted/app-gateway2-cga-cmf8e7ba8d/dependencies/install/include/WPEFramework/websocket/WebLink.h", "pattern": "/^            inline bool HasActivity() const$/", "language": "C++", "typeref": "typename:bool", "kind": "function", "signature": "() const", "scope": "WPEFramework::Web::WebLinkType::HandlerType", "scopeKind": "class"}, {"_type": "tag", "name": "HasActivity", "path": "/home/kavia/workspace/code-generation/app-gateway2/__import__/extracted/app-gateway2-cga-cmf8e7ba8d/dependencies/install/include/WPEFramework/websocket/WebLink.h", "pattern": "/^        inline bool HasActivity() const$/", "language": "C++", "typeref": "typename:bool", "kind": "function", "signature": "() const", "scope": "WPEFramework::Web::WebLinkType", "scopeKind": "class"}, {"_type": "tag", "name": "IsClose", "path": "/home/kavia/workspace/code-generation/app-gateway2/__import__/extracted/app-gateway2-cga-cmf8e7ba8d/dependencies/install/include/WPEFramework/websocket/WebLink.h", "pattern": "/^        inline bool IsClose() const$/", "language": "C++", "typeref": "typename:bool", "kind": "function", "signature": "() const", "scope": "WPEFramework::Web::WebLinkType", "scopeKind": "class"}, {"_type": "tag", "name": "IsClosed", "path": "/home/kavia/workspace/code-generation/app-gateway2/__import__/extracted/app-gateway2-cga-cmf8e7ba8d/dependencies/install/include/WPEFramework/websocket/WebLink.h", "pattern": "/^        inline bool IsClosed() const$/", "language": "C++", "typeref": "typename:bool", "kind": "function", "signature": "() const", "scope": "WPEFramework::Web::WebLinkType", "scopeKind": "class"}, {"_type": "tag", "name": "IsOpen", "path": "/home/kavia/workspace/code-generation/app-gateway2/__import__/extracted/app-gateway2-cga-cmf8e7ba8d/dependencies/install/include/WPEFramework/websocket/WebLink.h", "pattern": "/^        inline bool IsOpen() const$/", "language": "C++", "typeref": "typename:bool", "kind": "function", "signature": "() const", "scope": "WPEFramework::Web::WebLinkType", "scopeKind": "class"}, {"_type": "tag", "name": "IsSuspended", "path": "/home/kavia/workspace/code-generation/app-gateway2/__import__/extracted/app-gateway2-cga-cmf8e7ba8d/dependencies/install/include/WPEFramework/websocket/WebLink.h", "pattern": "/^        inline bool IsSuspended() const$/", "language": "C++", "typeref": "typename:bool", "kind": "function", "signature": "() const", "scope": "WPEFramework::Web::WebLinkType", "scopeKind": "class"}, {"_type": "tag", "name": "Link", "path": "/home/kavia/workspace/code-generation/app-gateway2/__import__/extracted/app-gateway2-cga-cmf8e7ba8d/dependencies/install/include/WPEFramework/websocket/WebLink.h", "pattern": "/^            inline ACTUALLINK& Link()$/", "language": "C++", "typeref": "typename:ACTUALLINK &", "kind": "function", "signature": "()", "scope": "WPEFramework::Web::WebLinkType::HandlerType", "scopeKind": "class"}, {"_type": "tag", "name": "Link", "path": "/home/kavia/workspace/code-generation/app-gateway2/__import__/extracted/app-gateway2-cga-cmf8e7ba8d/dependencies/install/include/WPEFramework/websocket/WebLink.h", "pattern": "/^            inline const ACTUALLINK& Link() const$/", "language": "C++", "typeref": "typename:const ACTUALLINK &", "kind": "function", "signature": "() const", "scope": "WPEFramework::Web::WebLinkType::HandlerType", "scopeKind": "class"}, {"_type": "tag", "name": "Link", "path": "/home/kavia/workspace/code-generation/app-gateway2/__import__/extracted/app-gateway2-cga-cmf8e7ba8d/dependencies/install/include/WPEFramework/websocket/WebLink.h", "pattern": "/^        inline LINK& Link()$/", "language": "C++", "typeref": "typename:LINK &", "kind": "function", "signature": "()", "scope": "WPEFramework::Web::WebLinkType", "scopeKind": "class"}, {"_type": "tag", "name": "Link", "path": "/home/kavia/workspace/code-generation/app-gateway2/__import__/extracted/app-gateway2-cga-cmf8e7ba8d/dependencies/install/include/WPEFramework/websocket/WebLink.h", "pattern": "/^        inline const LINK& Link() const$/", "language": "C++", "typeref": "typename:const LINK &", "kind": "function", "signature": "() const", "scope": "WPEFramework::Web::WebLinkType", "scopeKind": "class"}, {"_type": "tag", "name": "LinkBody", "path": "/home/kavia/workspace/code-generation/app-gateway2/__import__/extracted/app-gateway2-cga-cmf8e7ba8d/dependencies/install/include/WPEFramework/websocket/WebLink.h", "pattern": "/^            bool LinkBody(typename INBOUND::BaseElement& element) override$/", "language": "C++", "typeref": "typename:bool", "kind": "function", "signature": "(typename INBOUND::BaseElement & element)", "scope": "WPEFramework::Web::WebLinkType::DeserializerImpl", "scopeKind": "class"}, {"_type": "tag", "name": "Open", "path": "/home/kavia/workspace/code-generation/app-gateway2/__import__/extracted/app-gateway2-cga-cmf8e7ba8d/dependencies/install/include/WPEFramework/websocket/WebLink.h", "pattern": "/^        inline uint32_t Open(const uint32_t waitTime)$/", "language": "C++", "typeref": "typename:uint32_t", "kind": "function", "signature": "(const uint32_t waitTime)", "scope": "WPEFramework::Web::WebLinkType", "scopeKind": "class"}, {"_type": "tag", "name": "ReceiveData", "path": "/home/kavia/workspace/code-generation/app-gateway2/__import__/extracted/app-gateway2-cga-cmf8e7ba8d/dependencies/install/include/WPEFramework/websocket/WebLink.h", "pattern": "/^            uint16_t ReceiveData(uint8_t* dataFrame, const uint16_t receivedSize) override$/", "language": "C++", "typeref": "typename:uint16_t", "kind": "function", "signature": "(uint8_t * dataFrame,const uint16_t receivedSize)", "scope": "WPEFramework::Web::WebLinkType::HandlerType", "scopeKind": "class"}, {"_type": "tag", "name": "ReceiveData", "path": "/home/kavia/workspace/code-generation/app-gateway2/__import__/extracted/app-gateway2-cga-cmf8e7ba8d/dependencies/install/include/WPEFramework/websocket/WebLink.h", "pattern": "/^        ReceiveData( uint8_t* dataFrame, const uint16_t receivedSize)$/", "language": "C++", "typeref": "typename:Core::TypeTraits::enable_if<!hasTransform<CLASSNAME,uint16_t,BaseDeserializer &,uint8_t *,const uint16_t>::value,uint16_t>::type", "kind": "function", "signature": "(uint8_t * dataFrame,const uint16_t receivedSize)", "scope": "WPEFramework::Web::WebLinkType", "scopeKind": "class"}, {"_type": "tag", "name": "ReceiveData", "path": "/home/kavia/workspace/code-generation/app-gateway2/__import__/extracted/app-gateway2-cga-cmf8e7ba8d/dependencies/install/include/WPEFramework/websocket/WebLink.h", "pattern": "/^        ReceiveData(uint8_t* dataFrame, const uint16_t receivedSize)$/", "language": "C++", "typeref": "typename:Core::TypeTraits::enable_if<hasTransform<CLASSNAME,uint16_t,BaseDeserializer &,uint8_t *,const uint16_t>::value,uint16_t>::type", "kind": "function", "signature": "(uint8_t * dataFrame,const uint16_t receivedSize)", "scope": "WPEFramework::Web::WebLinkType", "scopeKind": "class"}, {"_type": "tag", "name": "ResetActivity", "path": "/home/kavia/workspace/code-generation/app-gateway2/__import__/extracted/app-gateway2-cga-cmf8e7ba8d/dependencies/install/include/WPEFramework/websocket/WebLink.h", "pattern": "/^            inline void ResetActivity()$/", "language": "C++", "typeref": "typename:void", "kind": "function", "signature": "()", "scope": "WPEFramework::Web::WebLinkType::HandlerType", "scopeKind": "class"}, {"_type": "tag", "name": "ResetActivity", "path": "/home/kavia/workspace/code-generation/app-gateway2/__import__/extracted/app-gateway2-cga-cmf8e7ba8d/dependencies/install/include/WPEFramework/websocket/WebLink.h", "pattern": "/^        inline void ResetActivity()$/", "language": "C++", "typeref": "typename:void", "kind": "function", "signature": "()", "scope": "WPEFramework::Web::WebLinkType", "scopeKind": "class"}, {"_type": "tag", "name": "SendData", "path": "/home/kavia/workspace/code-generation/app-gateway2/__import__/extracted/app-gateway2-cga-cmf8e7ba8d/dependencies/install/include/WPEFramework/websocket/WebLink.h", "pattern": "/^            uint16_t SendData(uint8_t* dataFrame, const uint16_t maxSendSize) override$/", "language": "C++", "typeref": "typename:uint16_t", "kind": "function", "signature": "(uint8_t * dataFrame,const uint16_t maxSendSize)", "scope": "WPEFramework::Web::WebLinkType::HandlerType", "scopeKind": "class"}, {"_type": "tag", "name": "SendData", "path": "/home/kavia/workspace/code-generation/app-gateway2/__import__/extracted/app-gateway2-cga-cmf8e7ba8d/dependencies/install/include/WPEFramework/websocket/WebLink.h", "pattern": "/^        SendData(uint8_t* dataFrame, const uint16_t receivedSize)$/", "language": "C++", "typeref": "typename:Core::TypeTraits::enable_if<!hasTransform<CLASSNAME,uint16_t,BaseSerializer &,uint8_t *,const uint16_t>::value,uint16_t>::type", "kind": "function", "signature": "(uint8_t * dataFrame,const uint16_t receivedSize)", "scope": "WPEFramework::Web::WebLinkType", "scopeKind": "class"}, {"_type": "tag", "name": "SendData", "path": "/home/kavia/workspace/code-generation/app-gateway2/__import__/extracted/app-gateway2-cga-cmf8e7ba8d/dependencies/install/include/WPEFramework/websocket/WebLink.h", "pattern": "/^        SendData(uint8_t* dataFrame, const uint16_t receivedSize)$/", "language": "C++", "typeref": "typename:Core::TypeTraits::enable_if<hasTransform<CLASSNAME,uint16_t,BaseSerializer &,uint8_t *,const uint16_t>::value,uint16_t>::type", "kind": "function", "signature": "(uint8_t * dataFrame,const uint16_t receivedSize)", "scope": "WPEFramework::Web::WebLinkType", "scopeKind": "class"}, {"_type": "tag", "name": "Serialized", "path": "/home/kavia/workspace/code-generation/app-gateway2/__import__/extracted/app-gateway2-cga-cmf8e7ba8d/dependencies/install/include/WPEFramework/websocket/WebLink.h", "pattern": "/^            void Serialized(const typename OUTBOUND::BaseElement& element) override$/", "language": "C++", "typeref": "typename:void", "kind": "function", "signature": "(const typename OUTBOUND::BaseElement & element)", "scope": "WPEFramework::Web::WebLinkType::SerializerImpl", "scopeKind": "class"}, {"_type": "tag", "name": "SerializerImpl", "path": "/home/kavia/workspace/code-generation/app-gateway2/__import__/extracted/app-gateway2-cga-cmf8e7ba8d/dependencies/install/include/WPEFramework/websocket/WebLink.h", "pattern": "/^            SerializerImpl(ThisClass& parent, const uint8_t queueSize)$/", "language": "C++", "kind": "function", "signature": "(ThisClass & parent,const uint8_t queueSize)", "scope": "WPEFramework::Web::WebLinkType::SerializerImpl", "scopeKind": "class"}, {"_type": "tag", "name": "SerializerImpl", "path": "/home/kavia/workspace/code-generation/app-gateway2/__import__/extracted/app-gateway2-cga-cmf8e7ba8d/dependencies/install/include/WPEFramework/websocket/WebLink.h", "pattern": "/^        class SerializerImpl : public BaseSerializer {$/", "language": "C++", "kind": "class", "scope": "WPEFramework::Web::WebLinkType", "scopeKind": "class"}, {"_type": "tag", "name": "StateChange", "path": "/home/kavia/workspace/code-generation/app-gateway2/__import__/extracted/app-gateway2-cga-cmf8e7ba8d/dependencies/install/include/WPEFramework/websocket/WebLink.h", "pattern": "/^            void StateChange() override$/", "language": "C++", "typeref": "typename:void", "kind": "function", "signature": "()", "scope": "WPEFramework::Web::WebLinkType::HandlerType", "scopeKind": "class"}, {"_type": "tag", "name": "Submit", "path": "/home/kavia/workspace/code-generation/app-gateway2/__import__/extracted/app-gateway2-cga-cmf8e7ba8d/dependencies/install/include/WPEFramework/websocket/WebLink.h", "pattern": "/^            void Submit(const Core::ProxyType<OUTBOUND>& element)$/", "language": "C++", "typeref": "typename:void", "kind": "function", "signature": "(const Core::ProxyType<OUTBOUND> & element)", "scope": "WPEFramework::Web::WebLinkType::SerializerImpl", "scopeKind": "class"}, {"_type": "tag", "name": "Submit", "path": "/home/kavia/workspace/code-generation/app-gateway2/__import__/extracted/app-gateway2-cga-cmf8e7ba8d/dependencies/install/include/WPEFramework/websocket/WebLink.h", "pattern": "/^        inline bool Submit(const Core::ProxyType<OUTBOUND>& element)$/", "language": "C++", "typeref": "typename:bool", "kind": "function", "signature": "(const Core::ProxyType<OUTBOUND> & element)", "scope": "WPEFramework::Web::WebLinkType", "scopeKind": "class"}, {"_type": "tag", "name": "ThisClass", "path": "/home/kavia/workspace/code-generation/app-gateway2/__import__/extracted/app-gateway2-cga-cmf8e7ba8d/dependencies/install/include/WPEFramework/websocket/WebLink.h", "pattern": "/^        using ThisClass = WebLinkType<LINK, INBOUND, OUTBOUND, ALLOCATOR, TRANSFORM>;$/", "language": "C++", "typeref": "typename:WebLinkType<LINK,INBOUND,OUTBOUND,ALLOCATOR,TRANSFORM>", "kind": "typedef", "scope": "WPEFramework::Web::WebLinkType", "scopeKind": "class"}, {"_type": "tag", "name": "Trigger", "path": "/home/kavia/workspace/code-generation/app-gateway2/__import__/extracted/app-gateway2-cga-cmf8e7ba8d/dependencies/install/include/WPEFramework/websocket/WebLink.h", "pattern": "/^        inline void Trigger()$/", "language": "C++", "typeref": "typename:void", "kind": "function", "signature": "()", "scope": "WPEFramework::Web::WebLinkType", "scopeKind": "class"}, {"_type": "tag", "name": "WPEFramework", "path": "/home/kavia/workspace/code-generation/app-gateway2/__import__/extracted/app-gateway2-cga-cmf8e7ba8d/dependencies/install/include/WPEFramework/websocket/WebLink.h", "pattern": "/^namespace WPEFramework {$/", "language": "C++", "kind": "namespace"}, {"_type": "tag", "name": "Web", "path": "/home/kavia/workspace/code-generation/app-gateway2/__import__/extracted/app-gateway2-cga-cmf8e7ba8d/dependencies/install/include/WPEFramework/websocket/WebLink.h", "pattern": "/^namespace Web {$/", "language": "C++", "kind": "namespace", "scope": "WPEFramework", "scopeKind": "namespace"}, {"_type": "tag", "name": "WebLinkType", "path": "/home/kavia/workspace/code-generation/app-gateway2/__import__/extracted/app-gateway2-cga-cmf8e7ba8d/dependencies/install/include/WPEFramework/websocket/WebLink.h", "pattern": "/^        WebLinkType(const uint8_t queueSize, ALLOCATOR responseAllocator, Args&&... args)$/", "language": "C++", "kind": "function", "signature": "(const uint8_t queueSize,ALLOCATOR responseAllocator,Args &&...args)", "scope": "WPEFramework::Web::WebLinkType", "scopeKind": "class"}, {"_type": "tag", "name": "WebLinkType", "path": "/home/kavia/workspace/code-generation/app-gateway2/__import__/extracted/app-gateway2-cga-cmf8e7ba8d/dependencies/install/include/WPEFramework/websocket/WebLink.h", "pattern": "/^        WebLinkType(const uint8_t queueSize, Args&&... args)$/", "language": "C++", "typeref": "typename:DISABLE_WARNING_THIS_IN_MEMBER_INITIALIZER_LIST", "kind": "function", "signature": "(const uint8_t queueSize,Args &&...args)", "scope": "WPEFramework::Web::WebLinkType", "scopeKind": "class"}, {"_type": "tag", "name": "WebLinkType", "path": "/home/kavia/workspace/code-generation/app-gateway2/__import__/extracted/app-gateway2-cga-cmf8e7ba8d/dependencies/install/include/WPEFramework/websocket/WebLink.h", "pattern": "/^    class WebLinkType {$/", "language": "C++", "kind": "class", "scope": "WPEFramework::Web", "scopeKind": "namespace"}, {"_type": "tag", "name": "__WEBLINK_H", "path": "/home/kavia/workspace/code-generation/app-gateway2/__import__/extracted/app-gateway2-cga-cmf8e7ba8d/dependencies/install/include/WPEFramework/websocket/WebLink.h", "pattern": "/^#define __WEBLINK_H$/", "language": "C++", "kind": "macro"}, {"_type": "tag", "name": "_activity", "path": "/home/kavia/workspace/code-generation/app-gateway2/__import__/extracted/app-gateway2-cga-cmf8e7ba8d/dependencies/install/include/WPEFramework/websocket/WebLink.h", "pattern": "/^            bool _activity;$/", "language": "C++", "typeref": "typename:bool", "kind": "member", "scope": "WPEFramework::Web::WebLinkType::HandlerType", "scopeKind": "class"}, {"_type": "tag", "name": "_channel", "path": "/home/kavia/workspace/code-generation/app-gateway2/__import__/extracted/app-gateway2-cga-cmf8e7ba8d/dependencies/install/include/WPEFramework/websocket/WebLink.h", "pattern": "/^        HandlerType<ThisClass, LINK> _channel;$/", "language": "C++", "typeref": "typename:HandlerType<ThisClass,LINK>", "kind": "member", "scope": "WPEFramework::Web::WebLinkType", "scopeKind": "class"}, {"_type": "tag", "name": "_current", "path": "/home/kavia/workspace/code-generation/app-gateway2/__import__/extracted/app-gateway2-cga-cmf8e7ba8d/dependencies/install/include/WPEFramework/websocket/WebLink.h", "pattern": "/^            Core::ProxyType<INBOUND> _current;$/", "language": "C++", "typeref": "typename:Core::ProxyType<INBOUND>", "kind": "member", "scope": "WPEFramework::Web::WebLinkType::DeserializerImpl", "scopeKind": "class"}, {"_type": "tag", "name": "_deserialiserImpl", "path": "/home/kavia/workspace/code-generation/app-gateway2/__import__/extracted/app-gateway2-cga-cmf8e7ba8d/dependencies/install/include/WPEFramework/websocket/WebLink.h", "pattern": "/^        DeserializerImpl _deserialiserImpl;$/", "language": "C++", "typeref": "typename:DeserializerImpl", "kind": "member", "scope": "WPEFramework::Web::WebLinkType", "scopeKind": "class"}, {"_type": "tag", "name": "_lock", "path": "/home/kavia/workspace/code-generation/app-gateway2/__import__/extracted/app-gateway2-cga-cmf8e7ba8d/dependencies/install/include/WPEFramework/websocket/WebLink.h", "pattern": "/^            Core::CriticalSection _lock;$/", "language": "C++", "typeref": "typename:Core::CriticalSection", "kind": "member", "scope": "WPEFramework::Web::WebLinkType::SerializerImpl", "scopeKind": "class"}, {"_type": "tag", "name": "_parent", "path": "/home/kavia/workspace/code-generation/app-gateway2/__import__/extracted/app-gateway2-cga-cmf8e7ba8d/dependencies/install/include/WPEFramework/websocket/WebLink.h", "pattern": "/^            PARENTCLASS& _parent;$/", "language": "C++", "typeref": "typename:PARENTCLASS &", "kind": "member", "scope": "WPEFramework::Web::WebLinkType::HandlerType", "scopeKind": "class"}, {"_type": "tag", "name": "_parent", "path": "/home/kavia/workspace/code-generation/app-gateway2/__import__/extracted/app-gateway2-cga-cmf8e7ba8d/dependencies/install/include/WPEFramework/websocket/WebLink.h", "pattern": "/^            ThisClass& _parent;$/", "language": "C++", "typeref": "typename:ThisClass &", "kind": "member", "scope": "WPEFramework::Web::WebLinkType::DeserializerImpl", "scopeKind": "class"}, {"_type": "tag", "name": "_parent", "path": "/home/kavia/workspace/code-generation/app-gateway2/__import__/extracted/app-gateway2-cga-cmf8e7ba8d/dependencies/install/include/WPEFramework/websocket/WebLink.h", "pattern": "/^            ThisClass& _parent;$/", "language": "C++", "typeref": "typename:ThisClass &", "kind": "member", "scope": "WPEFramework::Web::WebLinkType::SerializerImpl", "scopeKind": "class"}, {"_type": "tag", "name": "_pool", "path": "/home/kavia/workspace/code-generation/app-gateway2/__import__/extracted/app-gateway2-cga-cmf8e7ba8d/dependencies/install/include/WPEFramework/websocket/WebLink.h", "pattern": "/^            ALLOCATOR _pool;$/", "language": "C++", "typeref": "typename:ALLOCATOR", "kind": "member", "scope": "WPEFramework::Web::WebLinkType::DeserializerImpl", "scopeKind": "class"}, {"_type": "tag", "name": "_queue", "path": "/home/kavia/workspace/code-generation/app-gateway2/__import__/extracted/app-gateway2-cga-cmf8e7ba8d/dependencies/install/include/WPEFramework/websocket/WebLink.h", "pattern": "/^            Core::ProxyList<OUTBOUND> _queue;$/", "language": "C++", "typeref": "typename:Core::ProxyList<OUTBOUND>", "kind": "member", "scope": "WPEFramework::Web::WebLinkType::SerializerImpl", "scopeKind": "class"}, {"_type": "tag", "name": "_serializerImpl", "path": "/home/kavia/workspace/code-generation/app-gateway2/__import__/extracted/app-gateway2-cga-cmf8e7ba8d/dependencies/install/include/WPEFramework/websocket/WebLink.h", "pattern": "/^        SerializerImpl _serializerImpl;$/", "language": "C++", "typeref": "typename:SerializerImpl", "kind": "member", "scope": "WPEFramework::Web::WebLinkType", "scopeKind": "class"}, {"_type": "tag", "name": "_transformer", "path": "/home/kavia/workspace/code-generation/app-gateway2/__import__/extracted/app-gateway2-cga-cmf8e7ba8d/dependencies/install/include/WPEFramework/websocket/WebLink.h", "pattern": "/^        TRANSFORM _transformer;$/", "language": "C++", "typeref": "typename:TRANSFORM", "kind": "member", "scope": "WPEFramework::Web::WebLinkType", "scopeKind": "class"}, {"_type": "tag", "name": "~HandlerType", "path": "/home/kavia/workspace/code-generation/app-gateway2/__import__/extracted/app-gateway2-cga-cmf8e7ba8d/dependencies/install/include/WPEFramework/websocket/WebLink.h", "pattern": "/^            ~HandlerType() override$/", "language": "C++", "kind": "function", "signature": "()", "scope": "WPEFramework::Web::WebLinkType::HandlerType", "scopeKind": "class"}, {"_type": "tag", "name": "~WebLinkType", "path": "/home/kavia/workspace/code-generation/app-gateway2/__import__/extracted/app-gateway2-cga-cmf8e7ba8d/dependencies/install/include/WPEFramework/websocket/WebLink.h", "pattern": "/^        virtual ~WebLinkType()$/", "language": "C++", "typeref": "typename:POP_WARNING ()", "kind": "function", "signature": "()", "scope": "WPEFramework::Web::WebLinkType", "scopeKind": "class"}], "hash": "64c4520a353ee1fb21391f1edee604b6", "format-version": 4, "code-base-name": "app-gateway2", "filename": "__import__/extracted/app-gateway2-cga-cmf8e7ba8d/dependencies/install/include/WPEFramework/websocket/WebLink.h", "fields": [{"name": "bool _activity", "scope": "WPEFramework::Web::WebLinkType::HandlerType", "scopeKind": "class", "description": "unavailable"}, {"name": "HandlerType<ThisClass,LINK> _channel", "scope": "WPEFramework::Web::WebLinkType", "scopeKind": "class", "description": "unavailable"}, {"name": "Core::ProxyType<INBOUND> _current", "scope": "WPEFramework::Web::WebLinkType::DeserializerImpl", "scopeKind": "class", "description": "unavailable"}, {"name": "DeserializerImpl _deserialiserImpl", "scope": "WPEFramework::Web::WebLinkType", "scopeKind": "class", "description": "unavailable"}, {"name": "Core::CriticalSection _lock", "scope": "WPEFramework::Web::WebLinkType::SerializerImpl", "scopeKind": "class", "description": "unavailable"}, {"name": "PARENTCLASS & _parent", "scope": "WPEFramework::Web::WebLinkType::HandlerType", "scopeKind": "class", "description": "unavailable"}, {"name": "ThisClass & _parent", "scope": "WPEFramework::Web::WebLinkType::DeserializerImpl", "scopeKind": "class", "description": "unavailable"}, {"name": "ALLOCATOR _pool", "scope": "WPEFramework::Web::WebLinkType::DeserializerImpl", "scopeKind": "class", "description": "unavailable"}, {"name": "Core::ProxyList<OUTBOUND> _queue", "scope": "WPEFramework::Web::WebLinkType::SerializerImpl", "scopeKind": "class", "description": "unavailable"}, {"name": "SerializerImpl _serializerImpl", "scope": "WPEFramework::Web::WebLinkType", "scopeKind": "class", "description": "unavailable"}, {"name": "TRANSFORM _transformer", "scope": "WPEFramework::Web::WebLinkType", "scopeKind": "class", "description": "unavailable"}], "revision_history": [{"3940": "0f87a35b32215bc8547fb583d6c84bd51f603f69"}]}