{"is_source_file": true, "format": "C++ header", "description": "This file defines interfaces for Bluetooth functionalities within the WPEFramework, including device management, scanning, pairing, and event notifications.", "external_files": ["Module.h", "<string>"], "external_methods": [], "published": ["IBluetooth"], "classes": [{"name": "IBluetooth", "description": "Interface for Bluetooth management providing device enumeration, scanning, and notification registration."}, {"name": "IBluetooth::IDevice", "description": "Represents a Bluetooth device with methods for pairing, connecting, and retrieving device information."}, {"name": "IBluetooth::IDevice::IClassic", "description": "Interface for classic Bluetooth devices, including security callbacks and PIN code handling."}, {"name": "IBluetooth::IDevice::ILowEnergy", "description": "Interface for Low Energy Bluetooth devices, providing appearance information."}, {"name": "IBluetooth::IDevice::ICallback", "description": "Callback interface for device updates."}, {"name": "IBluetooth::IDevice::ISecurityCallback", "description": "Security callback for PIN code and passkey confirmation during pairing."}, {"name": "IBluetooth::IDevice::IIterator", "description": "Iterator for enumerating Bluetooth devices."}, {"name": "IBluetooth::IClassic", "description": "Interface for managing classic Bluetooth scanning and notifications."}, {"name": "IBluetooth::ILowEnergy", "description": "Interface for managing Low Energy Bluetooth scanning, advertising, and notifications."}, {"name": "IBluetooth::INotification", "description": "Notification interface for device update events."}], "methods": [{"name": "Register", "description": "Registers a notification callback."}, {"name": "Unregister", "description": "Unregisters a notification callback."}, {"name": "DEPRECATED IDevice * Device(const string & address)", "description": "Retrieves a device instance by address and type.", "scope": "WPEFramework::Exchange::IBluetooth", "scopeKind": "struct"}, {"name": "Devices", "description": "Returns an iterator to enumerate available devices."}, {"name": "ForgetDevice", "description": "Removes a known device from storage."}, {"name": "DEPRECATED bool IsBonded() const", "scope": "WPEFramework::Exchange::IBluetooth::IDevice", "scopeKind": "struct", "description": "unavailable"}], "calls": ["Register", "Unregister", "Device", "Devices", "ForgetDevice"], "search-terms": ["IBluetooth interface", "Bluetooth device management", "Low Energy scanning", "Classic Bluetooth pairing", "Device iterator", "Security callback"], "state": 2, "file_id": 1483, "knowledge_revision": 4088, "git_revision": "0f87a35b32215bc8547fb583d6c84bd51f603f69", "ctags": [{"_type": "tag", "name": "ADDRESS_BREDR", "path": "/home/kavia/workspace/code-generation/app-gateway2/__import__/extracted/app-gateway2-cga-cmf8e7ba8d/dependencies/install/include/WPEFramework/interfaces/IBluetooth.h", "pattern": "/^                ADDRESS_BREDR \\/*@text:Classic *\\/,$/", "language": "C++", "kind": "enumerator", "scope": "WPEFramework::Exchange::IBluetooth::IDevice::type", "scopeKind": "enum"}, {"_type": "tag", "name": "ADDRESS_LE_PUBLIC", "path": "/home/kavia/workspace/code-generation/app-gateway2/__import__/extracted/app-gateway2-cga-cmf8e7ba8d/dependencies/install/include/WPEFramework/interfaces/IBluetooth.h", "pattern": "/^                ADDRESS_LE_PUBLIC \\/*@text:LowEnergy *\\/,$/", "language": "C++", "kind": "enumerator", "scope": "WPEFramework::Exchange::IBluetooth::IDevice::type", "scopeKind": "enum"}, {"_type": "tag", "name": "ADDRESS_LE_RANDOM", "path": "/home/kavia/workspace/code-generation/app-gateway2/__import__/extracted/app-gateway2-cga-cmf8e7ba8d/dependencies/install/include/WPEFramework/interfaces/IBluetooth.h", "pattern": "/^                ADDRESS_LE_RANDOM  \\/*@text:LowEnergyRandom *\\/$/", "language": "C++", "kind": "enumerator", "scope": "WPEFramework::Exchange::IBluetooth::IDevice::type", "scopeKind": "enum"}, {"_type": "tag", "name": "DISPLAY_ONLY", "path": "/home/kavia/workspace/code-generation/app-gateway2/__import__/extracted/app-gateway2-cga-cmf8e7ba8d/dependencies/install/include/WPEFramework/interfaces/IBluetooth.h", "pattern": "/^                DISPLAY_ONLY,$/", "language": "C++", "kind": "enumerator", "scope": "WPEFramework::Exchange::IBluetooth::IDevice::pairingcapabilities", "scopeKind": "enum"}, {"_type": "tag", "name": "DISPLAY_YES_NO", "path": "/home/kavia/workspace/code-generation/app-gateway2/__import__/extracted/app-gateway2-cga-cmf8e7ba8d/dependencies/install/include/WPEFramework/interfaces/IBluetooth.h", "pattern": "/^                DISPLAY_YES_NO,$/", "language": "C++", "kind": "enumerator", "scope": "WPEFramework::Exchange::IBluetooth::IDevice::pairingcapabilities", "scopeKind": "enum"}, {"_type": "tag", "name": "Device", "path": "/home/kavia/workspace/code-generation/app-gateway2/__import__/extracted/app-gateway2-cga-cmf8e7ba8d/dependencies/install/include/WPEFramework/interfaces/IBluetooth.h", "pattern": "/^        DEPRECATED IDevice* Device(const string& address) { return (Device(address, IDevice::ADD/", "language": "C++", "typeref": "typename:DEPRECATED IDevice *", "kind": "function", "signature": "(const string & address)", "scope": "WPEFramework::Exchange::IBluetooth", "scopeKind": "struct"}, {"_type": "tag", "name": "Exchange", "path": "/home/kavia/workspace/code-generation/app-gateway2/__import__/extracted/app-gateway2-cga-cmf8e7ba8d/dependencies/install/include/WPEFramework/interfaces/IBluetooth.h", "pattern": "/^namespace Exchange {$/", "language": "C++", "kind": "namespace", "scope": "WPEFramework", "scopeKind": "namespace"}, {"_type": "tag", "name": "IBluetooth", "path": "/home/kavia/workspace/code-generation/app-gateway2/__import__/extracted/app-gateway2-cga-cmf8e7ba8d/dependencies/install/include/WPEFramework/interfaces/IBluetooth.h", "pattern": "/^    struct EXTERNAL IBluetooth : virtual public Core::IUnknown {$/", "language": "C++", "kind": "struct", "scope": "WPEFramework::Exchange", "scopeKind": "namespace"}, {"_type": "tag", "name": "ICallback", "path": "/home/kavia/workspace/code-generation/app-gateway2/__import__/extracted/app-gateway2-cga-cmf8e7ba8d/dependencies/install/include/WPEFramework/interfaces/IBluetooth.h", "pattern": "/^            struct EXTERNAL ICallback : virtual public Core::IUnknown {$/", "language": "C++", "kind": "struct", "scope": "WPEFramework::Exchange::IBluetooth::IDevice", "scopeKind": "struct"}, {"_type": "tag", "name": "IClassic", "path": "/home/kavia/workspace/code-generation/app-gateway2/__import__/extracted/app-gateway2-cga-cmf8e7ba8d/dependencies/install/include/WPEFramework/interfaces/IBluetooth.h", "pattern": "/^            struct EXTERNAL IClassic : virtual public Core::IUnknown {$/", "language": "C++", "kind": "struct", "scope": "WPEFramework::Exchange::IBluetooth::IDevice", "scopeKind": "struct"}, {"_type": "tag", "name": "IClassic", "path": "/home/kavia/workspace/code-generation/app-gateway2/__import__/extracted/app-gateway2-cga-cmf8e7ba8d/dependencies/install/include/WPEFramework/interfaces/IBluetooth.h", "pattern": "/^        struct EXTERNAL IClassic : virtual public Core::IUnknown {$/", "language": "C++", "kind": "struct", "scope": "WPEFramework::Exchange::IBluetooth", "scopeKind": "struct"}, {"_type": "tag", "name": "ID", "path": "/home/kavia/workspace/code-generation/app-gateway2/__import__/extracted/app-gateway2-cga-cmf8e7ba8d/dependencies/install/include/WPEFramework/interfaces/IBluetooth.h", "pattern": "/^                    enum { ID = ID_BLUETOOTH_DEVICE_CLASSIC_SECURITYCALLBACK };$/", "language": "C++", "kind": "enumerator", "scope": "WPEFramework::Exchange::IBluetooth::IDevice::IClassic::ISecurityCallback::__anonca39db710403", "scopeKind": "enum"}, {"_type": "tag", "name": "ID", "path": "/home/kavia/workspace/code-generation/app-gateway2/__import__/extracted/app-gateway2-cga-cmf8e7ba8d/dependencies/install/include/WPEFramework/interfaces/IBluetooth.h", "pattern": "/^                enum { ID = ID_BLUETOOTH_CLASSIC_NOTIFICATION };$/", "language": "C++", "kind": "enumerator", "scope": "WPEFramework::Exchange::IBluetooth::IClassic::INotification::__anonca39db710a03", "scopeKind": "enum"}, {"_type": "tag", "name": "ID", "path": "/home/kavia/workspace/code-generation/app-gateway2/__import__/extracted/app-gateway2-cga-cmf8e7ba8d/dependencies/install/include/WPEFramework/interfaces/IBluetooth.h", "pattern": "/^                enum { ID = ID_BLUETOOTH_DEVICE_CALLBACK };$/", "language": "C++", "kind": "enumerator", "scope": "WPEFramework::Exchange::IBluetooth::IDevice::ICallback::__anonca39db710703", "scopeKind": "enum"}, {"_type": "tag", "name": "ID", "path": "/home/kavia/workspace/code-generation/app-gateway2/__import__/extracted/app-gateway2-cga-cmf8e7ba8d/dependencies/install/include/WPEFramework/interfaces/IBluetooth.h", "pattern": "/^                enum { ID = ID_BLUETOOTH_DEVICE_CLASSIC };$/", "language": "C++", "kind": "enumerator", "scope": "WPEFramework::Exchange::IBluetooth::IDevice::IClassic::__anonca39db710303", "scopeKind": "enum"}, {"_type": "tag", "name": "ID", "path": "/home/kavia/workspace/code-generation/app-gateway2/__import__/extracted/app-gateway2-cga-cmf8e7ba8d/dependencies/install/include/WPEFramework/interfaces/IBluetooth.h", "pattern": "/^                enum { ID = ID_BLUETOOTH_DEVICE_ITERATOR };$/", "language": "C++", "kind": "enumerator", "scope": "WPEFramework::Exchange::IBluetooth::IDevice::IIterator::__anonca39db710603", "scopeKind": "enum"}, {"_type": "tag", "name": "ID", "path": "/home/kavia/workspace/code-generation/app-gateway2/__import__/extracted/app-gateway2-cga-cmf8e7ba8d/dependencies/install/include/WPEFramework/interfaces/IBluetooth.h", "pattern": "/^                enum { ID = ID_BLUETOOTH_DEVICE_LOWENERGY };$/", "language": "C++", "kind": "enumerator", "scope": "WPEFramework::Exchange::IBluetooth::IDevice::ILowEnergy::__anonca39db710503", "scopeKind": "enum"}, {"_type": "tag", "name": "ID", "path": "/home/kavia/workspace/code-generation/app-gateway2/__import__/extracted/app-gateway2-cga-cmf8e7ba8d/dependencies/install/include/WPEFramework/interfaces/IBluetooth.h", "pattern": "/^                enum { ID = ID_BLUETOOTH_DEVICE_SECURITYCALLBACK };$/", "language": "C++", "kind": "enumerator", "scope": "WPEFramework::Exchange::IBluetooth::IDevice::ISecurityCallback::__anonca39db710803", "scopeKind": "enum"}, {"_type": "tag", "name": "ID", "path": "/home/kavia/workspace/code-generation/app-gateway2/__import__/extracted/app-gateway2-cga-cmf8e7ba8d/dependencies/install/include/WPEFramework/interfaces/IBluetooth.h", "pattern": "/^                enum { ID = ID_BLUETOOTH_LOWENERGY_NOTIFICATION };$/", "language": "C++", "kind": "enumerator", "scope": "WPEFramework::Exchange::IBluetooth::ILowEnergy::INotification::__anonca39db710c03", "scopeKind": "enum"}, {"_type": "tag", "name": "ID", "path": "/home/kavia/workspace/code-generation/app-gateway2/__import__/extracted/app-gateway2-cga-cmf8e7ba8d/dependencies/install/include/WPEFramework/interfaces/IBluetooth.h", "pattern": "/^            enum { ID = ID_BLUETOOTH_CLASSIC };$/", "language": "C++", "kind": "enumerator", "scope": "WPEFramework::Exchange::IBluetooth::IClassic::__anonca39db710903", "scopeKind": "enum"}, {"_type": "tag", "name": "ID", "path": "/home/kavia/workspace/code-generation/app-gateway2/__import__/extracted/app-gateway2-cga-cmf8e7ba8d/dependencies/install/include/WPEFramework/interfaces/IBluetooth.h", "pattern": "/^            enum { ID = ID_BLUETOOTH_DEVICE };$/", "language": "C++", "kind": "enumerator", "scope": "WPEFramework::Exchange::IBluetooth::IDevice::__anonca39db710203", "scopeKind": "enum"}, {"_type": "tag", "name": "ID", "path": "/home/kavia/workspace/code-generation/app-gateway2/__import__/extracted/app-gateway2-cga-cmf8e7ba8d/dependencies/install/include/WPEFramework/interfaces/IBluetooth.h", "pattern": "/^            enum { ID = ID_BLUETOOTH_LOWENERGY };$/", "language": "C++", "kind": "enumerator", "scope": "WPEFramework::Exchange::IBluetooth::ILowEnergy::__anonca39db710b03", "scopeKind": "enum"}, {"_type": "tag", "name": "ID", "path": "/home/kavia/workspace/code-generation/app-gateway2/__import__/extracted/app-gateway2-cga-cmf8e7ba8d/dependencies/install/include/WPEFramework/interfaces/IBluetooth.h", "pattern": "/^            enum { ID = ID_BLUETOOTH_NOTIFICATION };$/", "language": "C++", "kind": "enumerator", "scope": "WPEFramework::Exchange::IBluetooth::INotification::__anonca39db710d03", "scopeKind": "enum"}, {"_type": "tag", "name": "ID", "path": "/home/kavia/workspace/code-generation/app-gateway2/__import__/extracted/app-gateway2-cga-cmf8e7ba8d/dependencies/install/include/WPEFramework/interfaces/IBluetooth.h", "pattern": "/^        enum { ID = ID_BLUETOOTH };$/", "language": "C++", "kind": "enumerator", "scope": "WPEFramework::Exchange::IBluetooth::__anonca39db710103", "scopeKind": "enum"}, {"_type": "tag", "name": "IDevice", "path": "/home/kavia/workspace/code-generation/app-gateway2/__import__/extracted/app-gateway2-cga-cmf8e7ba8d/dependencies/install/include/WPEFramework/interfaces/IBluetooth.h", "pattern": "/^        struct EXTERNAL IDevice : virtual public Core::IUnknown {$/", "language": "C++", "kind": "struct", "scope": "WPEFramework::Exchange::IBluetooth", "scopeKind": "struct"}, {"_type": "tag", "name": "IIterator", "path": "/home/kavia/workspace/code-generation/app-gateway2/__import__/extracted/app-gateway2-cga-cmf8e7ba8d/dependencies/install/include/WPEFramework/interfaces/IBluetooth.h", "pattern": "/^            struct EXTERNAL IIterator : virtual public Core::IUnknown {$/", "language": "C++", "kind": "struct", "scope": "WPEFramework::Exchange::IBluetooth::IDevice", "scopeKind": "struct"}, {"_type": "tag", "name": "ILowEnergy", "path": "/home/kavia/workspace/code-generation/app-gateway2/__import__/extracted/app-gateway2-cga-cmf8e7ba8d/dependencies/install/include/WPEFramework/interfaces/IBluetooth.h", "pattern": "/^            struct EXTERNAL ILowEnergy : virtual public Core::IUnknown {$/", "language": "C++", "kind": "struct", "scope": "WPEFramework::Exchange::IBluetooth::IDevice", "scopeKind": "struct"}, {"_type": "tag", "name": "ILowEnergy", "path": "/home/kavia/workspace/code-generation/app-gateway2/__import__/extracted/app-gateway2-cga-cmf8e7ba8d/dependencies/install/include/WPEFramework/interfaces/IBluetooth.h", "pattern": "/^        struct EXTERNAL ILowEnergy : virtual public Core::IUnknown {$/", "language": "C++", "kind": "struct", "scope": "WPEFramework::Exchange::IBluetooth", "scopeKind": "struct"}, {"_type": "tag", "name": "INotification", "path": "/home/kavia/workspace/code-generation/app-gateway2/__import__/extracted/app-gateway2-cga-cmf8e7ba8d/dependencies/install/include/WPEFramework/interfaces/IBluetooth.h", "pattern": "/^            struct EXTERNAL INotification : virtual public Core::IUnknown {$/", "language": "C++", "kind": "struct", "scope": "WPEFramework::Exchange::IBluetooth::IClassic", "scopeKind": "struct"}, {"_type": "tag", "name": "INotification", "path": "/home/kavia/workspace/code-generation/app-gateway2/__import__/extracted/app-gateway2-cga-cmf8e7ba8d/dependencies/install/include/WPEFramework/interfaces/IBluetooth.h", "pattern": "/^            struct EXTERNAL INotification : virtual public Core::IUnknown {$/", "language": "C++", "kind": "struct", "scope": "WPEFramework::Exchange::IBluetooth::ILowEnergy", "scopeKind": "struct"}, {"_type": "tag", "name": "INotification", "path": "/home/kavia/workspace/code-generation/app-gateway2/__import__/extracted/app-gateway2-cga-cmf8e7ba8d/dependencies/install/include/WPEFramework/interfaces/IBluetooth.h", "pattern": "/^        struct EXTERNAL INotification : virtual public Core::IUnknown {$/", "language": "C++", "kind": "struct", "scope": "WPEFramework::Exchange::IBluetooth", "scopeKind": "struct"}, {"_type": "tag", "name": "ISecurityCallback", "path": "/home/kavia/workspace/code-generation/app-gateway2/__import__/extracted/app-gateway2-cga-cmf8e7ba8d/dependencies/install/include/WPEFramework/interfaces/IBluetooth.h", "pattern": "/^                struct EXTERNAL ISecurityCallback : virtual public Core::IUnknown {$/", "language": "C++", "kind": "struct", "scope": "WPEFramework::Exchange::IBluetooth::IDevice::IClassic", "scopeKind": "struct"}, {"_type": "tag", "name": "ISecurityCallback", "path": "/home/kavia/workspace/code-generation/app-gateway2/__import__/extracted/app-gateway2-cga-cmf8e7ba8d/dependencies/install/include/WPEFramework/interfaces/IBluetooth.h", "pattern": "/^            struct EXTERNAL ISecurityCallback : virtual public Core::IUnknown {$/", "language": "C++", "kind": "struct", "scope": "WPEFramework::Exchange::IBluetooth::IDevice", "scopeKind": "struct"}, {"_type": "tag", "name": "IsBonded", "path": "/home/kavia/workspace/code-generation/app-gateway2/__import__/extracted/app-gateway2-cga-cmf8e7ba8d/dependencies/install/include/WPEFramework/interfaces/IBluetooth.h", "pattern": "/^            DEPRECATED bool IsBonded() const { return (IsPaired()); }$/", "language": "C++", "typeref": "typename:DEPRECATED bool", "kind": "function", "signature": "() const", "scope": "WPEFramework::Exchange::IBluetooth::IDevice", "scopeKind": "struct"}, {"_type": "tag", "name": "KEYBOARD_DISPLAY", "path": "/home/kavia/workspace/code-generation/app-gateway2/__import__/extracted/app-gateway2-cga-cmf8e7ba8d/dependencies/install/include/WPEFramework/interfaces/IBluetooth.h", "pattern": "/^                KEYBOARD_DISPLAY$/", "language": "C++", "kind": "enumerator", "scope": "WPEFramework::Exchange::IBluetooth::IDevice::pairingcapabilities", "scopeKind": "enum"}, {"_type": "tag", "name": "KEYBOARD_ONLY", "path": "/home/kavia/workspace/code-generation/app-gateway2/__import__/extracted/app-gateway2-cga-cmf8e7ba8d/dependencies/install/include/WPEFramework/interfaces/IBluetooth.h", "pattern": "/^                KEYBOARD_ONLY,$/", "language": "C++", "kind": "enumerator", "scope": "WPEFramework::Exchange::IBluetooth::IDevice::pairingcapabilities", "scopeKind": "enum"}, {"_type": "tag", "name": "NO_INPUT_NO_OUTPUT", "path": "/home/kavia/workspace/code-generation/app-gateway2/__import__/extracted/app-gateway2-cga-cmf8e7ba8d/dependencies/install/include/WPEFramework/interfaces/IBluetooth.h", "pattern": "/^                NO_INPUT_NO_OUTPUT,$/", "language": "C++", "kind": "enumerator", "scope": "WPEFramework::Exchange::IBluetooth::IDevice::pairingcapabilities", "scopeKind": "enum"}, {"_type": "tag", "name": "WPEFramework", "path": "/home/kavia/workspace/code-generation/app-gateway2/__import__/extracted/app-gateway2-cga-cmf8e7ba8d/dependencies/install/include/WPEFramework/interfaces/IBluetooth.h", "pattern": "/^namespace WPEFramework {$/", "language": "C++", "kind": "namespace"}, {"_type": "tag", "name": "__anonca39db710103", "path": "/home/kavia/workspace/code-generation/app-gateway2/__import__/extracted/app-gateway2-cga-cmf8e7ba8d/dependencies/install/include/WPEFramework/interfaces/IBluetooth.h", "pattern": "/^        enum { ID = ID_BLUETOOTH };$/", "language": "C++", "kind": "enum", "scope": "WPEFramework::Exchange::IBluetooth", "scopeKind": "struct"}, {"_type": "tag", "name": "__anonca39db710203", "path": "/home/kavia/workspace/code-generation/app-gateway2/__import__/extracted/app-gateway2-cga-cmf8e7ba8d/dependencies/install/include/WPEFramework/interfaces/IBluetooth.h", "pattern": "/^            enum { ID = ID_BLUETOOTH_DEVICE };$/", "language": "C++", "kind": "enum", "scope": "WPEFramework::Exchange::IBluetooth::IDevice", "scopeKind": "struct"}, {"_type": "tag", "name": "__anonca39db710303", "path": "/home/kavia/workspace/code-generation/app-gateway2/__import__/extracted/app-gateway2-cga-cmf8e7ba8d/dependencies/install/include/WPEFramework/interfaces/IBluetooth.h", "pattern": "/^                enum { ID = ID_BLUETOOTH_DEVICE_CLASSIC };$/", "language": "C++", "kind": "enum", "scope": "WPEFramework::Exchange::IBluetooth::IDevice::IClassic", "scopeKind": "struct"}, {"_type": "tag", "name": "__anonca39db710403", "path": "/home/kavia/workspace/code-generation/app-gateway2/__import__/extracted/app-gateway2-cga-cmf8e7ba8d/dependencies/install/include/WPEFramework/interfaces/IBluetooth.h", "pattern": "/^                    enum { ID = ID_BLUETOOTH_DEVICE_CLASSIC_SECURITYCALLBACK };$/", "language": "C++", "kind": "enum", "scope": "WPEFramework::Exchange::IBluetooth::IDevice::IClassic::ISecurityCallback", "scopeKind": "struct"}, {"_type": "tag", "name": "__anonca39db710503", "path": "/home/kavia/workspace/code-generation/app-gateway2/__import__/extracted/app-gateway2-cga-cmf8e7ba8d/dependencies/install/include/WPEFramework/interfaces/IBluetooth.h", "pattern": "/^                enum { ID = ID_BLUETOOTH_DEVICE_LOWENERGY };$/", "language": "C++", "kind": "enum", "scope": "WPEFramework::Exchange::IBluetooth::IDevice::ILowEnergy", "scopeKind": "struct"}, {"_type": "tag", "name": "__anonca39db710603", "path": "/home/kavia/workspace/code-generation/app-gateway2/__import__/extracted/app-gateway2-cga-cmf8e7ba8d/dependencies/install/include/WPEFramework/interfaces/IBluetooth.h", "pattern": "/^                enum { ID = ID_BLUETOOTH_DEVICE_ITERATOR };$/", "language": "C++", "kind": "enum", "scope": "WPEFramework::Exchange::IBluetooth::IDevice::IIterator", "scopeKind": "struct"}, {"_type": "tag", "name": "__anonca39db710703", "path": "/home/kavia/workspace/code-generation/app-gateway2/__import__/extracted/app-gateway2-cga-cmf8e7ba8d/dependencies/install/include/WPEFramework/interfaces/IBluetooth.h", "pattern": "/^                enum { ID = ID_BLUETOOTH_DEVICE_CALLBACK };$/", "language": "C++", "kind": "enum", "scope": "WPEFramework::Exchange::IBluetooth::IDevice::ICallback", "scopeKind": "struct"}, {"_type": "tag", "name": "__anonca39db710803", "path": "/home/kavia/workspace/code-generation/app-gateway2/__import__/extracted/app-gateway2-cga-cmf8e7ba8d/dependencies/install/include/WPEFramework/interfaces/IBluetooth.h", "pattern": "/^                enum { ID = ID_BLUETOOTH_DEVICE_SECURITYCALLBACK };$/", "language": "C++", "kind": "enum", "scope": "WPEFramework::Exchange::IBluetooth::IDevice::ISecurityCallback", "scopeKind": "struct"}, {"_type": "tag", "name": "__anonca39db710903", "path": "/home/kavia/workspace/code-generation/app-gateway2/__import__/extracted/app-gateway2-cga-cmf8e7ba8d/dependencies/install/include/WPEFramework/interfaces/IBluetooth.h", "pattern": "/^            enum { ID = ID_BLUETOOTH_CLASSIC };$/", "language": "C++", "kind": "enum", "scope": "WPEFramework::Exchange::IBluetooth::IClassic", "scopeKind": "struct"}, {"_type": "tag", "name": "__anonca39db710a03", "path": "/home/kavia/workspace/code-generation/app-gateway2/__import__/extracted/app-gateway2-cga-cmf8e7ba8d/dependencies/install/include/WPEFramework/interfaces/IBluetooth.h", "pattern": "/^                enum { ID = ID_BLUETOOTH_CLASSIC_NOTIFICATION };$/", "language": "C++", "kind": "enum", "scope": "WPEFramework::Exchange::IBluetooth::IClassic::INotification", "scopeKind": "struct"}, {"_type": "tag", "name": "__anonca39db710b03", "path": "/home/kavia/workspace/code-generation/app-gateway2/__import__/extracted/app-gateway2-cga-cmf8e7ba8d/dependencies/install/include/WPEFramework/interfaces/IBluetooth.h", "pattern": "/^            enum { ID = ID_BLUETOOTH_LOWENERGY };$/", "language": "C++", "kind": "enum", "scope": "WPEFramework::Exchange::IBluetooth::ILowEnergy", "scopeKind": "struct"}, {"_type": "tag", "name": "__anonca39db710c03", "path": "/home/kavia/workspace/code-generation/app-gateway2/__import__/extracted/app-gateway2-cga-cmf8e7ba8d/dependencies/install/include/WPEFramework/interfaces/IBluetooth.h", "pattern": "/^                enum { ID = ID_BLUETOOTH_LOWENERGY_NOTIFICATION };$/", "language": "C++", "kind": "enum", "scope": "WPEFramework::Exchange::IBluetooth::ILowEnergy::INotification", "scopeKind": "struct"}, {"_type": "tag", "name": "__anonca39db710d03", "path": "/home/kavia/workspace/code-generation/app-gateway2/__import__/extracted/app-gateway2-cga-cmf8e7ba8d/dependencies/install/include/WPEFramework/interfaces/IBluetooth.h", "pattern": "/^            enum { ID = ID_BLUETOOTH_NOTIFICATION };$/", "language": "C++", "kind": "enum", "scope": "WPEFramework::Exchange::IBluetooth::INotification", "scopeKind": "struct"}, {"_type": "tag", "name": "pairingcapabilities", "path": "/home/kavia/workspace/code-generation/app-gateway2/__import__/extracted/app-gateway2-cga-cmf8e7ba8d/dependencies/install/include/WPEFramework/interfaces/IBluetooth.h", "pattern": "/^            enum pairingcapabilities : uint8_t {$/", "language": "C++", "typeref": "typename:uint8_t", "kind": "enum", "scope": "WPEFramework::Exchange::IBluetooth::IDevice", "scopeKind": "struct"}, {"_type": "tag", "name": "type", "path": "/home/kavia/workspace/code-generation/app-gateway2/__import__/extracted/app-gateway2-cga-cmf8e7ba8d/dependencies/install/include/WPEFramework/interfaces/IBluetooth.h", "pattern": "/^            enum type : uint8_t {$/", "language": "C++", "typeref": "typename:uint8_t", "kind": "enum", "scope": "WPEFramework::Exchange::IBluetooth::IDevice", "scopeKind": "struct"}], "hash": "fb08f9e8e0c7d8bd496e4ed9f4d556d1", "format-version": 4, "code-base-name": "app-gateway2", "filename": "__import__/extracted/app-gateway2-cga-cmf8e7ba8d/dependencies/install/include/WPEFramework/interfaces/IBluetooth.h", "revision_history": [{"4088": "0f87a35b32215bc8547fb583d6c84bd51f603f69"}]}