{"is_source_file": true, "format": "C++ header file", "description": "This file defines a template class LockableContainerType that extends a generic container with thread-safe read-write locking functionality, using a ReadWriteLock member to synchronize access.", "external_files": ["Module.h", "ReadWriteLock.h"], "external_methods": ["ReadWriteLock::ReadLock", "ReadWriteLock::ReadUnlock", "ReadWriteLock::WriteLock", "ReadWriteLock::WriteUnlock"], "published": ["LockableContainerType"], "classes": [{"name": "LockableContainerType", "description": "A thread-safe container wrapper that adds locking mechanisms to a generic container type."}], "methods": [{"name": "operator=", "description": "Assignment operator that copies from another LockableContainerType, ensuring thread-safe write access during the assignment."}, {"name": "bool ReadLock(const uint32_t waitTime=Core::infinite) const", "description": "Attempts to acquire a read lock on the container, with an optional wait time.", "scope": "WPEFramework::Core::LockableContainerType", "scopeKind": "class"}, {"name": "void ReadUnlock() const", "description": "Releases a previously acquired read lock.", "scope": "WPEFramework::Core::LockableContainerType", "scopeKind": "class"}, {"name": "bool WriteLock(const uint32_t waitTime=Core::infinite) const", "description": "Attempts to acquire a write lock on the container, with an optional wait time.", "scope": "WPEFramework::Core::LockableContainerType", "scopeKind": "class"}, {"name": "void WriteUnlock() const", "description": "Releases a previously acquired write lock.", "scope": "WPEFramework::Core::LockableContainerType", "scopeKind": "class"}, {"name": "LockableContainerType()", "scope": "WPEFramework::Core::LockableContainerType", "scopeKind": "class", "description": "unavailable"}, {"name": "LockableContainerType(const LockableContainerType<CONTAINER> & copy)", "scope": "WPEFramework::Core::LockableContainerType", "scopeKind": "class", "description": "unavailable"}, {"name": "LockableContainerType<CONTAINER> operator =(const LockableContainerType<CONTAINER> & rhs)", "scope": "WPEFramework::Core::LockableContainerType", "scopeKind": "class", "description": "unavailable"}, {"name": "~LockableContainerType()", "scope": "WPEFramework::Core::LockableContainerType", "scopeKind": "class", "description": "unavailable"}], "calls": ["m_RWLock.ReadLock", "m_RWLock.ReadUnlock", "m_RWLock.WriteLock", "m_RWLock.WriteUnlock", "CONTAINER::operator="], "search-terms": ["LockableContainer", "ReadWriteLock", "thread-safe container", "template class"], "state": 2, "file_id": 1416, "knowledge_revision": 4024, "git_revision": "0f87a35b32215bc8547fb583d6c84bd51f603f69", "ctags": [{"_type": "tag", "name": "ContainerState", "path": "/home/kavia/workspace/code-generation/app-gateway2/__import__/extracted/app-gateway2-cga-cmf8e7ba8d/dependencies/install/include/WPEFramework/core/LockableContainer.h", "pattern": "/^        enum ContainerState {$/", "language": "C++", "kind": "enum", "scope": "WPEFramework::Core::LockableContainerType", "scopeKind": "class"}, {"_type": "tag", "name": "Core", "path": "/home/kavia/workspace/code-generation/app-gateway2/__import__/extracted/app-gateway2-cga-cmf8e7ba8d/dependencies/install/include/WPEFramework/core/LockableContainer.h", "pattern": "/^namespace Core {$/", "language": "C++", "kind": "namespace", "scope": "WPEFramework", "scopeKind": "namespace"}, {"_type": "tag", "name": "IDLE", "path": "/home/kavia/workspace/code-generation/app-gateway2/__import__/extracted/app-gateway2-cga-cmf8e7ba8d/dependencies/install/include/WPEFramework/core/LockableContainer.h", "pattern": "/^            IDLE$/", "language": "C++", "kind": "enumerator", "scope": "WPEFramework::Core::LockableContainerType::ContainerState", "scopeKind": "enum"}, {"_type": "tag", "name": "LockableContainerType", "path": "/home/kavia/workspace/code-generation/app-gateway2/__import__/extracted/app-gateway2-cga-cmf8e7ba8d/dependencies/install/include/WPEFramework/core/LockableContainer.h", "pattern": "/^        LockableContainerType()$/", "language": "C++", "kind": "function", "signature": "()", "scope": "WPEFramework::Core::LockableContainerType", "scopeKind": "class"}, {"_type": "tag", "name": "LockableContainerType", "path": "/home/kavia/workspace/code-generation/app-gateway2/__import__/extracted/app-gateway2-cga-cmf8e7ba8d/dependencies/install/include/WPEFramework/core/LockableContainer.h", "pattern": "/^        LockableContainerType(const LockableContainerType<CONTAINER>& copy)$/", "language": "C++", "kind": "function", "signature": "(const LockableContainerType<CONTAINER> & copy)", "scope": "WPEFramework::Core::LockableContainerType", "scopeKind": "class"}, {"_type": "tag", "name": "LockableContainerType", "path": "/home/kavia/workspace/code-generation/app-gateway2/__import__/extracted/app-gateway2-cga-cmf8e7ba8d/dependencies/install/include/WPEFramework/core/LockableContainer.h", "pattern": "/^    class EXTERNAL LockableContainerType : public CONTAINER {$/", "language": "C++", "kind": "class", "scope": "WPEFramework::Core", "scopeKind": "namespace"}, {"_type": "tag", "name": "READERS", "path": "/home/kavia/workspace/code-generation/app-gateway2/__import__/extracted/app-gateway2-cga-cmf8e7ba8d/dependencies/install/include/WPEFramework/core/LockableContainer.h", "pattern": "/^            READERS,$/", "language": "C++", "kind": "enumerator", "scope": "WPEFramework::Core::LockableContainerType::ContainerState", "scopeKind": "enum"}, {"_type": "tag", "name": "ReadLock", "path": "/home/kavia/workspace/code-generation/app-gateway2/__import__/extracted/app-gateway2-cga-cmf8e7ba8d/dependencies/install/include/WPEFramework/core/LockableContainer.h", "pattern": "/^        bool ReadLock(const uint32_t waitTime = Core::infinite) const$/", "language": "C++", "typeref": "typename:bool", "kind": "function", "signature": "(const uint32_t waitTime=Core::infinite) const", "scope": "WPEFramework::Core::LockableContainerType", "scopeKind": "class"}, {"_type": "tag", "name": "ReadUnlock", "path": "/home/kavia/workspace/code-generation/app-gateway2/__import__/extracted/app-gateway2-cga-cmf8e7ba8d/dependencies/install/include/WPEFramework/core/LockableContainer.h", "pattern": "/^        void ReadUnlock() const$/", "language": "C++", "typeref": "typename:void", "kind": "function", "signature": "() const", "scope": "WPEFramework::Core::LockableContainerType", "scopeKind": "class"}, {"_type": "tag", "name": "WPEFramework", "path": "/home/kavia/workspace/code-generation/app-gateway2/__import__/extracted/app-gateway2-cga-cmf8e7ba8d/dependencies/install/include/WPEFramework/core/LockableContainer.h", "pattern": "/^namespace WPEFramework {$/", "language": "C++", "kind": "namespace"}, {"_type": "tag", "name": "WRITER", "path": "/home/kavia/workspace/code-generation/app-gateway2/__import__/extracted/app-gateway2-cga-cmf8e7ba8d/dependencies/install/include/WPEFramework/core/LockableContainer.h", "pattern": "/^            WRITER,$/", "language": "C++", "kind": "enumerator", "scope": "WPEFramework::Core::LockableContainerType::ContainerState", "scopeKind": "enum"}, {"_type": "tag", "name": "WriteLock", "path": "/home/kavia/workspace/code-generation/app-gateway2/__import__/extracted/app-gateway2-cga-cmf8e7ba8d/dependencies/install/include/WPEFramework/core/LockableContainer.h", "pattern": "/^        bool WriteLock(const uint32_t waitTime = Core::infinite) const$/", "language": "C++", "typeref": "typename:bool", "kind": "function", "signature": "(const uint32_t waitTime=Core::infinite) const", "scope": "WPEFramework::Core::LockableContainerType", "scopeKind": "class"}, {"_type": "tag", "name": "WriteUnlock", "path": "/home/kavia/workspace/code-generation/app-gateway2/__import__/extracted/app-gateway2-cga-cmf8e7ba8d/dependencies/install/include/WPEFramework/core/LockableContainer.h", "pattern": "/^        inline void WriteUnlock() const$/", "language": "C++", "typeref": "typename:void", "kind": "function", "signature": "() const", "scope": "WPEFramework::Core::LockableContainerType", "scopeKind": "class"}, {"_type": "tag", "name": "__LOCKABLECONTAINER_H", "path": "/home/kavia/workspace/code-generation/app-gateway2/__import__/extracted/app-gateway2-cga-cmf8e7ba8d/dependencies/install/include/WPEFramework/core/LockableContainer.h", "pattern": "/^#define __LOCKABLECONTAINER_H$/", "language": "C++", "kind": "macro"}, {"_type": "tag", "name": "m_RWLock", "path": "/home/kavia/workspace/code-generation/app-gateway2/__import__/extracted/app-gateway2-cga-cmf8e7ba8d/dependencies/install/include/WPEFramework/core/LockableContainer.h", "pattern": "/^        mutable ReadWriteLock m_RWLock;$/", "language": "C++", "typeref": "typename:ReadWriteLock", "kind": "member", "scope": "WPEFramework::Core::LockableContainerType", "scopeKind": "class"}, {"_type": "tag", "name": "operator =", "path": "/home/kavia/workspace/code-generation/app-gateway2/__import__/extracted/app-gateway2-cga-cmf8e7ba8d/dependencies/install/include/WPEFramework/core/LockableContainer.h", "pattern": "/^        LockableContainerType<CONTAINER> operator=(const LockableContainerType<CONTAINER>& rhs)$/", "language": "C++", "typeref": "typename:LockableContainerType<CONTAINER>", "kind": "function", "signature": "(const LockableContainerType<CONTAINER> & rhs)", "scope": "WPEFramework::Core::LockableContainerType", "scopeKind": "class"}, {"_type": "tag", "name": "~LockableContainerType", "path": "/home/kavia/workspace/code-generation/app-gateway2/__import__/extracted/app-gateway2-cga-cmf8e7ba8d/dependencies/install/include/WPEFramework/core/LockableContainer.h", "pattern": "/^        ~LockableContainerType()$/", "language": "C++", "kind": "function", "signature": "()", "scope": "WPEFramework::Core::LockableContainerType", "scopeKind": "class"}], "hash": "23a02417ef2ad4fe35546e8ecfaf81c3", "format-version": 4, "code-base-name": "app-gateway2", "filename": "__import__/extracted/app-gateway2-cga-cmf8e7ba8d/dependencies/install/include/WPEFramework/core/LockableContainer.h", "fields": [{"name": "ReadWriteLock m_RWLock", "scope": "WPEFramework::Core::LockableContainerType", "scopeKind": "class", "description": "unavailable"}], "revision_history": [{"4024": "0f87a35b32215bc8547fb583d6c84bd51f603f69"}]}