{"is_source_file": true, "format": "C++ header file", "description": "This header file defines the FbSettings class, a plugin component for a WPEFramework-based application, handling app gateway requests and notifications, device/system info management, and settings such as video resolution, HDR, and user preferences.", "external_files": ["Module.h", "interfaces/IAppGateway.h", "interfaces/IAppNotifications.h", "UtilsLogging.h", "ThunderUtils.h", "delegate/SettingsDelegate.h"], "external_methods": ["PluginHost::IPlugin::Initialize", "PluginHost::IPlugin::Deinitialize", "Exchange::IAppGatewayRequestHandler::HandleAppGatewayRequest", "Exchange::IAppNotificationHandler::HandleAppEventNotifier"], "published": ["Initialize", "Deinitialize", "Information", "HandleAppEventNotifier", "HandleAppGatewayRequest"], "classes": [{"name": "FbSettings", "description": "A plugin class that handles app gateway requests and notifications, manages device and system settings, and processes related events."}, {"name": "FbSettings::EventRegistrationJob", "description": "A nested class that facilitates the registration and dispatching of app events."}], "methods": [{"name": "FbSettings", "description": "Constructor for the FbSettings plugin."}, {"name": "virtual ~FbSettings", "description": "Destructor for cleanup."}, {"name": "Initialize", "description": "Initializes the plugin with the provided shell context."}, {"name": "Deinitialize", "description": "Cleans up resources when the plugin is deactivated."}, {"name": "string Information() const", "description": "Returns plugin information string.", "scope": "WPEFramework::Plugin::FbSettings", "scopeKind": "class"}, {"name": "HandleAppEventNotifier", "description": "Handles notifications for specified app events."}, {"name": "HandleAppGatewayRequest", "description": "Processes incoming app gateway requests based on context, method, and payload."}, {"name": "GetDeviceMake", "description": "Retrieves device manufacturer info."}, {"name": "GetDeviceName", "description": "Retrieves device name."}, {"name": "SetDeviceName", "description": "Sets device name."}, {"name": "GetDeviceSku", "description": "Retrieves device SKU."}, {"name": "GetCountryCode", "description": "Retrieves country code."}, {"name": "SetCountryCode", "description": "Sets country code."}, {"name": "GetTimeZone", "description": "Retrieves timezone."}, {"name": "SetTimeZone", "description": "Sets timezone."}, {"name": "GetSecondScreenFriendlyName", "description": "Retrieves second screen friendly name."}, {"name": "SetName", "description": "Sets the device name or similar attribute."}, {"name": "AddAdditionalInfo", "description": "Adds additional device or system info."}, {"name": "GetScreenResolution", "description": "Retrieves screen resolution details."}, {"name": "GetVideoResolution", "description": "Retrieves video resolution details."}, {"name": "GetHdcp", "description": "Retrieves HDCP status."}, {"name": "GetHdr", "description": "Retrieves HDR status."}, {"name": "GetInternetConnectionStatus", "description": "Checks current internet connectivity status."}, {"name": "GetVoiceGuidance", "description": "Retrieves voice guidance setting."}, {"name": "GetAudioDescription", "description": "Retrieves audio description setting."}, {"name": "GetAudioDescriptionsEnabled", "description": "Checks if audio descriptions are enabled."}, {"name": "GetHighContrast", "description": "Retrieves high contrast mode status."}, {"name": "GetCaptions", "description": "Retrieves captions setting."}, {"name": "SetVoiceGuidance", "description": "Enables or disables voice guidance."}, {"name": "SetAudioDescriptionsEnabled", "description": "Enables or disables audio descriptions."}, {"name": "SetCaptions", "description": "Enables or disables captions."}, {"name": "GetPresentationLanguage", "description": "Gets current presentation language."}, {"name": "GetLocale", "description": "Retrieves locale setting."}, {"name": "SetLocale", "description": "Sets locale."}, {"name": "GetPreferredAudioLanguages", "description": "Retrieves preferred audio languages."}, {"name": "GetPreferredCaptionsLanguages", "description": "Retrieves preferred captions languages."}, {"name": "SetPreferredAudioLanguages", "description": "Sets preferred audio languages."}, {"name": "SetPreferredCaptionsLanguages", "description": "Sets preferred captions languages."}, {"name": "SetSpeed", "description": "Adjusts playback speed."}, {"name": "GetSpeed", "description": "Retrieves current playback speed."}, {"name": "GetVoiceGuidanceHints", "description": "Retrieves hints for voice guidance."}, {"name": "SetVoiceGuidanceHints", "description": "Sets hints for voice guidance."}, {"name": "GetVoiceGuidanceSettings", "description": "Retrieves voice guidance configuration."}, {"name": "Core::ProxyType<Core::IDispatch> Create(FbSettings * parent,const string & event,const bool listen)", "scope": "WPEFramework::Plugin::FbSettings::EventRegistrationJob", "scopeKind": "class", "description": "unavailable"}, {"name": "void Dispatch()", "scope": "WPEFramework::Plugin::FbSettings::EventRegistrationJob", "scopeKind": "class", "description": "unavailable"}, {"name": "EventRegistrationJob(FbSettings * parent,const string & event,const bool listen)", "scope": "WPEFramework::Plugin::FbSettings::EventRegistrationJob", "scopeKind": "class", "description": "unavailable"}, {"name": "~EventRegistrationJob()", "scope": "WPEFramework::Plugin::FbSettings::EventRegistrationJob", "scopeKind": "class", "description": "unavailable"}], "calls": ["mDelegate->HandleAppEventNotifier", "mParent.mDelegate->HandleAppEventNotifier", "Core::ProxyType<EventRegistrationJob>::Create"], "search-terms": ["FbSettings", "IAppGatewayRequestHandler", "IAppNotificationHandler", "Device", "Settings", "VideoResolution", "HDR", "HDCP", "Locale", "VoiceGuidance", "Captions", "SystemInfo"], "state": 2, "file_id": 1263, "knowledge_revision": 3908, "git_revision": "0f87a35b32215bc8547fb583d6c84bd51f603f69", "ctags": [{"_type": "tag", "name": "Create", "path": "/home/kavia/workspace/code-generation/app-gateway2/__import__/extracted/app-gateway2-cga-cmf8e7ba8d/app-gateway/FbSettings/FbSettings.h", "pattern": "/^                static Core::ProxyType<Core::IDispatch> Create(FbSettings *parent,$/", "language": "C++", "typeref": "typename:Core::ProxyType<Core::IDispatch>", "kind": "function", "signature": "(FbSettings * parent,const string & event,const bool listen)", "scope": "WPEFramework::Plugin::FbSettings::EventRegistrationJob", "scopeKind": "class"}, {"_type": "tag", "name": "Dispatch", "path": "/home/kavia/workspace/code-generation/app-gateway2/__import__/extracted/app-gateway2-cga-cmf8e7ba8d/app-gateway/FbSettings/FbSettings.h", "pattern": "/^                virtual void Dispatch()$/", "language": "C++", "typeref": "typename:void", "kind": "function", "signature": "()", "scope": "WPEFramework::Plugin::FbSettings::EventRegistrationJob", "scopeKind": "class"}, {"_type": "tag", "name": "EventRegistrationJob", "path": "/home/kavia/workspace/code-generation/app-gateway2/__import__/extracted/app-gateway2-cga-cmf8e7ba8d/app-gateway/FbSettings/FbSettings.h", "pattern": "/^                EventRegistrationJob(FbSettings *parent,$/", "language": "C++", "kind": "function", "signature": "(FbSettings * parent,const string & event,const bool listen)", "scope": "WPEFramework::Plugin::FbSettings::EventRegistrationJob", "scopeKind": "class"}, {"_type": "tag", "name": "EventRegistrationJob", "path": "/home/kavia/workspace/code-generation/app-gateway2/__import__/extracted/app-gateway2-cga-cmf8e7ba8d/app-gateway/FbSettings/FbSettings.h", "pattern": "/^            class EXTERNAL EventRegistrationJob : public Core::IDispatch$/", "language": "C++", "kind": "class", "scope": "WPEFramework::Plugin::FbSettings", "scopeKind": "class"}, {"_type": "tag", "name": "FbSettings", "path": "/home/kavia/workspace/code-generation/app-gateway2/__import__/extracted/app-gateway2-cga-cmf8e7ba8d/app-gateway/FbSettings/FbSettings.h", "pattern": "/^\t\tclass FbSettings : public PluginHost::IPlugin, Exchange::IAppGatewayRequestHandler, Exchange::/", "language": "C++", "kind": "class", "scope": "WPEFramework::Plugin", "scopeKind": "namespace"}, {"_type": "tag", "name": "Information", "path": "/home/kavia/workspace/code-generation/app-gateway2/__import__/extracted/app-gateway2-cga-cmf8e7ba8d/app-gateway/FbSettings/FbSettings.h", "pattern": "/^            virtual string Information() const override { return {}; }$/", "language": "C++", "typeref": "typename:string", "kind": "function", "signature": "() const", "scope": "WPEFramework::Plugin::FbSettings", "scopeKind": "class"}, {"_type": "tag", "name": "Plugin", "path": "/home/kavia/workspace/code-generation/app-gateway2/__import__/extracted/app-gateway2-cga-cmf8e7ba8d/app-gateway/FbSettings/FbSettings.h", "pattern": "/^    namespace Plugin {$/", "language": "C++", "kind": "namespace", "scope": "WPEFramework", "scopeKind": "namespace"}, {"_type": "tag", "name": "WPEFramework", "path": "/home/kavia/workspace/code-generation/app-gateway2/__import__/extracted/app-gateway2-cga-cmf8e7ba8d/app-gateway/FbSettings/FbSettings.h", "pattern": "/^namespace WPEFramework {$/", "language": "C++", "kind": "namespace"}, {"_type": "tag", "name": "mConnectionId", "path": "/home/kavia/workspace/code-generation/app-gateway2/__import__/extracted/app-gateway2-cga-cmf8e7ba8d/app-gateway/FbSettings/FbSettings.h", "pattern": "/^            uint32_t mConnectionId;$/", "language": "C++", "typeref": "typename:uint32_t", "kind": "member", "scope": "WPEFramework::Plugin::FbSettings", "scopeKind": "class"}, {"_type": "tag", "name": "mDelegate", "path": "/home/kavia/workspace/code-generation/app-gateway2/__import__/extracted/app-gateway2-cga-cmf8e7ba8d/app-gateway/FbSettings/FbSettings.h", "pattern": "/^            std::shared_ptr<SettingsDelegate> mDelegate;$/", "language": "C++", "typeref": "typename:std::shared_ptr<SettingsDelegate>", "kind": "member", "scope": "WPEFramework::Plugin::FbSettings", "scopeKind": "class"}, {"_type": "tag", "name": "mEvent", "path": "/home/kavia/workspace/code-generation/app-gateway2/__import__/extracted/app-gateway2-cga-cmf8e7ba8d/app-gateway/FbSettings/FbSettings.h", "pattern": "/^            const string mEvent;$/", "language": "C++", "typeref": "typename:const string", "kind": "member", "scope": "WPEFramework::Plugin::FbSettings::EventRegistrationJob", "scopeKind": "class"}, {"_type": "tag", "name": "mListen", "path": "/home/kavia/workspace/code-generation/app-gateway2/__import__/extracted/app-gateway2-cga-cmf8e7ba8d/app-gateway/FbSettings/FbSettings.h", "pattern": "/^            const bool mListen;$/", "language": "C++", "typeref": "typename:const bool", "kind": "member", "scope": "WPEFramework::Plugin::FbSettings::EventRegistrationJob", "scopeKind": "class"}, {"_type": "tag", "name": "mParent", "path": "/home/kavia/workspace/code-generation/app-gateway2/__import__/extracted/app-gateway2-cga-cmf8e7ba8d/app-gateway/FbSettings/FbSettings.h", "pattern": "/^            FbSettings &mParent;$/", "language": "C++", "typeref": "typename:FbSettings &", "kind": "member", "scope": "WPEFramework::Plugin::FbSettings::EventRegistrationJob", "scopeKind": "class"}, {"_type": "tag", "name": "mShell", "path": "/home/kavia/workspace/code-generation/app-gateway2/__import__/extracted/app-gateway2-cga-cmf8e7ba8d/app-gateway/FbSettings/FbSettings.h", "pattern": "/^            PluginHost::IShell* mShell;$/", "language": "C++", "typeref": "typename:PluginHost::IShell *", "kind": "member", "scope": "WPEFramework::Plugin::FbSettings", "scopeKind": "class"}, {"_type": "tag", "name": "~EventRegistrationJob", "path": "/home/kavia/workspace/code-generation/app-gateway2/__import__/extracted/app-gateway2-cga-cmf8e7ba8d/app-gateway/FbSettings/FbSettings.h", "pattern": "/^                ~EventRegistrationJob()$/", "language": "C++", "kind": "function", "signature": "()", "scope": "WPEFramework::Plugin::FbSettings::EventRegistrationJob", "scopeKind": "class"}], "hash": "ab0ac3d7ee00baedb22580042cfbbcc8", "format-version": 4, "code-base-name": "app-gateway2", "filename": "__import__/extracted/app-gateway2-cga-cmf8e7ba8d/app-gateway/FbSettings/FbSettings.h", "fields": [{"name": "uint32_t mConnectionId", "scope": "WPEFramework::Plugin::FbSettings", "scopeKind": "class", "description": "unavailable"}, {"name": "std::shared_ptr<SettingsDelegate> mDelegate", "scope": "WPEFramework::Plugin::FbSettings", "scopeKind": "class", "description": "unavailable"}, {"name": "const string mEvent", "scope": "WPEFramework::Plugin::FbSettings::EventRegistrationJob", "scopeKind": "class", "description": "unavailable"}, {"name": "const bool mListen", "scope": "WPEFramework::Plugin::FbSettings::EventRegistrationJob", "scopeKind": "class", "description": "unavailable"}, {"name": "FbSettings & mParent", "scope": "WPEFramework::Plugin::FbSettings::EventRegistrationJob", "scopeKind": "class", "description": "unavailable"}, {"name": "PluginHost::IShell * mShell", "scope": "WPEFramework::Plugin::FbSettings", "scopeKind": "class", "description": "unavailable"}], "revision_history": [{"3908": "0f87a35b32215bc8547fb583d6c84bd51f603f69"}]}