{"is_source_file": true, "format": "C++ header file", "description": "This file defines the IRPCLink interface and its nested INotification interface within the WPEFramework::Exchange namespace. It declares methods for registering notifications, starting, stopping, and forcing callbacks related to RPC link communication.", "external_files": ["Module.h"], "external_methods": [], "published": ["IRPCLink", "IRPCLink::INotification"], "classes": [{"name": "IRPCLink", "description": "Interface for RPC link communication with methods to register notifications, control start/stop, and force callbacks."}, {"name": "IRPCLink::INotification", "description": "Notification interface for handling completion events with an identifier and name."}], "methods": [{"name": "Register", "description": "Registers a notification callback."}, {"name": "Unregister", "description": "Unregisters a notification callback."}, {"name": "Start", "description": "Starts the RPC link with given ID and name."}, {"name": "Stop", "description": "Stops the RPC link."}, {"name": "ForceCallback", "description": "Forces a callback for the RPC link."}], "calls": ["Register", "Unregister", "Start", "Stop", "ForceCallback"], "search-terms": ["IRPCLink", "INotification", "WPEFramework", "Exchange", "RPC", "Link", "interface", "callback"], "state": 2, "file_id": 1530, "knowledge_revision": 4124, "git_revision": "0f87a35b32215bc8547fb583d6c84bd51f603f69", "ctags": [{"_type": "tag", "name": "Exchange", "path": "/home/kavia/workspace/code-generation/app-gateway2/__import__/extracted/app-gateway2-cga-cmf8e7ba8d/dependencies/install/include/WPEFramework/interfaces/IRPCLink.h", "pattern": "/^namespace Exchange {$/", "language": "C++", "kind": "namespace", "scope": "WPEFramework", "scopeKind": "namespace"}, {"_type": "tag", "name": "ID", "path": "/home/kavia/workspace/code-generation/app-gateway2/__import__/extracted/app-gateway2-cga-cmf8e7ba8d/dependencies/install/include/WPEFramework/interfaces/IRPCLink.h", "pattern": "/^            enum { ID = ID_RPCLINK_NOTIFICATION };$/", "language": "C++", "kind": "enumerator", "scope": "WPEFramework::Exchange::IRPCLink::INotification::__anon0897106e0203", "scopeKind": "enum"}, {"_type": "tag", "name": "ID", "path": "/home/kavia/workspace/code-generation/app-gateway2/__import__/extracted/app-gateway2-cga-cmf8e7ba8d/dependencies/install/include/WPEFramework/interfaces/IRPCLink.h", "pattern": "/^        enum { ID = ID_RPCLINK };$/", "language": "C++", "kind": "enumerator", "scope": "WPEFramework::Exchange::IRPCLink::__anon0897106e0103", "scopeKind": "enum"}, {"_type": "tag", "name": "INotification", "path": "/home/kavia/workspace/code-generation/app-gateway2/__import__/extracted/app-gateway2-cga-cmf8e7ba8d/dependencies/install/include/WPEFramework/interfaces/IRPCLink.h", "pattern": "/^        struct EXTERNAL INotification : virtual public Core::IUnknown {$/", "language": "C++", "kind": "struct", "scope": "WPEFramework::Exchange::IRPCLink", "scopeKind": "struct"}, {"_type": "tag", "name": "IRPCLink", "path": "/home/kavia/workspace/code-generation/app-gateway2/__import__/extracted/app-gateway2-cga-cmf8e7ba8d/dependencies/install/include/WPEFramework/interfaces/IRPCLink.h", "pattern": "/^    struct EXTERNAL IRPCLink : virtual public Core::IUnknown {$/", "language": "C++", "kind": "struct", "scope": "WPEFramework::Exchange", "scopeKind": "namespace"}, {"_type": "tag", "name": "WPEFramework", "path": "/home/kavia/workspace/code-generation/app-gateway2/__import__/extracted/app-gateway2-cga-cmf8e7ba8d/dependencies/install/include/WPEFramework/interfaces/IRPCLink.h", "pattern": "/^namespace WPEFramework {$/", "language": "C++", "kind": "namespace"}, {"_type": "tag", "name": "__anon0897106e0103", "path": "/home/kavia/workspace/code-generation/app-gateway2/__import__/extracted/app-gateway2-cga-cmf8e7ba8d/dependencies/install/include/WPEFramework/interfaces/IRPCLink.h", "pattern": "/^        enum { ID = ID_RPCLINK };$/", "language": "C++", "kind": "enum", "scope": "WPEFramework::Exchange::IRPCLink", "scopeKind": "struct"}, {"_type": "tag", "name": "__anon0897106e0203", "path": "/home/kavia/workspace/code-generation/app-gateway2/__import__/extracted/app-gateway2-cga-cmf8e7ba8d/dependencies/install/include/WPEFramework/interfaces/IRPCLink.h", "pattern": "/^            enum { ID = ID_RPCLINK_NOTIFICATION };$/", "language": "C++", "kind": "enum", "scope": "WPEFramework::Exchange::IRPCLink::INotification", "scopeKind": "struct"}], "hash": "bab9d044e359d8a5f2c36a147f3f5ecb", "format-version": 4, "code-base-name": "app-gateway2", "filename": "__import__/extracted/app-gateway2-cga-cmf8e7ba8d/dependencies/install/include/WPEFramework/interfaces/IRPCLink.h", "revision_history": [{"4124": "0f87a35b32215bc8547fb583d6c84bd51f603f69"}]}