{"is_source_file": true, "format": "Rust", "description": "This file defines the `SyncSettings` struct and its associated methods for handling synchronization settings related to privacy and user grants, including network communication with cloud services.", "external_files": ["crate::message::DpabError", "crate::service::xvp_sync_and_monitor::SyncAndMonitorModule", "super::cloud_sync_monitor_utils::StateRequest", "crate::service::appsanity_privacy::PrivacyService", "thunder_ripple_sdk::ripple_sdk::api::distributor::distributor_privacy::PrivacyResponse", "thunder_ripple_sdk::ripple_sdk::api::session::AccountSession"], "external_methods": ["PrivacyService::get_properties", "PrivacyService::get_user_grants", "Sender::send", "oneshot::channel"], "published": ["SyncSettings"], "classes": [{"name": "SyncSettings", "description": "A struct that encapsulates settings for syncing privacy-related data with cloud services, along with associated session and callback handlers."}], "methods": [{"name": "get_values_from_cloud( &self, state_tx: Sender<StateRequest>, ) -> Result<PrivacyResponse, DpabError>", "description": "Asynchronously retrieves values from the cloud based on the current SyncSettings, interacting with the privacy service and handling token exchange.", "scope": "SyncSettings", "scopeKind": "implementation"}, {"name": "eq(&self, other: &SyncSettings) -> bool", "scope": "SyncSettings", "scopeKind": "implementation", "description": "unavailable"}, {"name": "hash<H: Hasher>(&self, state: &mut H)", "scope": "SyncSettings", "scopeKind": "implementation", "description": "unavailable"}], "calls": ["state_tx.send", "rx.await", "self.privacy_service.get_properties", "self.privacy_service.get_user_grants"], "search-terms": ["SyncSettings", "PrivacyResponse", "cloud_sync_ttl", "SyncAndMonitorModule", "PrivacyService", "get_values_from_cloud"], "state": 2, "file_id": 1838, "knowledge_revision": 4430, "git_revision": "0f87a35b32215bc8547fb583d6c84bd51f603f69", "ctags": [{"_type": "tag", "name": "SyncSettings", "path": "/home/kavia/workspace/code-generation/app-gateway2/__import__/extracted/app-gateway2-cga-cmf8e7ba8d/Supporting_Files/ripple-eos/util/sync_settings.rs", "pattern": "/^impl Eq for SyncSettings {}$/", "language": "Rust", "kind": "implementation"}, {"_type": "tag", "name": "SyncSettings", "path": "/home/kavia/workspace/code-generation/app-gateway2/__import__/extracted/app-gateway2-cga-cmf8e7ba8d/Supporting_Files/ripple-eos/util/sync_settings.rs", "pattern": "/^impl Hash for SyncSettings {$/", "language": "Rust", "kind": "implementation"}, {"_type": "tag", "name": "SyncSettings", "path": "/home/kavia/workspace/code-generation/app-gateway2/__import__/extracted/app-gateway2-cga-cmf8e7ba8d/Supporting_Files/ripple-eos/util/sync_settings.rs", "pattern": "/^impl PartialEq for SyncSettings {$/", "language": "Rust", "kind": "implementation"}, {"_type": "tag", "name": "SyncSettings", "path": "/home/kavia/workspace/code-generation/app-gateway2/__import__/extracted/app-gateway2-cga-cmf8e7ba8d/Supporting_Files/ripple-eos/util/sync_settings.rs", "pattern": "/^impl SyncSettings {$/", "language": "Rust", "kind": "implementation"}, {"_type": "tag", "name": "SyncSettings", "path": "/home/kavia/workspace/code-generation/app-gateway2/__import__/extracted/app-gateway2-cga-cmf8e7ba8d/Supporting_Files/ripple-eos/util/sync_settings.rs", "pattern": "/^pub struct SyncSettings {$/", "language": "Rust", "kind": "struct"}, {"_type": "tag", "name": "callback", "path": "/home/kavia/workspace/code-generation/app-gateway2/__import__/extracted/app-gateway2-cga-cmf8e7ba8d/Supporting_Files/ripple-eos/util/sync_settings.rs", "pattern": "/^    pub callback: Sender<PrivacyResponse>,$/", "language": "Rust", "kind": "field", "scope": "SyncSettings", "scopeKind": "struct"}, {"_type": "tag", "name": "cloud_monitor_topic", "path": "/home/kavia/workspace/code-generation/app-gateway2/__import__/extracted/app-gateway2-cga-cmf8e7ba8d/Supporting_Files/ripple-eos/util/sync_settings.rs", "pattern": "/^    pub cloud_monitor_topic: String,$/", "language": "Rust", "kind": "field", "scope": "SyncSettings", "scopeKind": "struct"}, {"_type": "tag", "name": "cloud_service_url", "path": "/home/kavia/workspace/code-generation/app-gateway2/__import__/extracted/app-gateway2-cga-cmf8e7ba8d/Supporting_Files/ripple-eos/util/sync_settings.rs", "pattern": "/^    pub cloud_service_url: String,$/", "language": "Rust", "kind": "field", "scope": "SyncSettings", "scopeKind": "struct"}, {"_type": "tag", "name": "cloud_sync_ttl", "path": "/home/kavia/workspace/code-generation/app-gateway2/__import__/extracted/app-gateway2-cga-cmf8e7ba8d/Supporting_Files/ripple-eos/util/sync_settings.rs", "pattern": "/^    pub cloud_sync_ttl: u32,$/", "language": "Rust", "kind": "field", "scope": "SyncSettings", "scopeKind": "struct"}, {"_type": "tag", "name": "eq", "path": "/home/kavia/workspace/code-generation/app-gateway2/__import__/extracted/app-gateway2-cga-cmf8e7ba8d/Supporting_Files/ripple-eos/util/sync_settings.rs", "pattern": "/^    fn eq(&self, other: &SyncSettings) -> bool {$/", "language": "Rust", "kind": "method", "signature": "(&self, other: &SyncSettings) -> bool", "scope": "SyncSettings", "scopeKind": "implementation"}, {"_type": "tag", "name": "get_values_from_cloud", "path": "/home/kavia/workspace/code-generation/app-gateway2/__import__/extracted/app-gateway2-cga-cmf8e7ba8d/Supporting_Files/ripple-eos/util/sync_settings.rs", "pattern": "/^    pub async fn get_values_from_cloud($/", "language": "Rust", "kind": "method", "signature": "( &self, state_tx: Sender<StateRequest>, ) -> Result<PrivacyResponse, DpabError>", "scope": "SyncSettings", "scopeKind": "implementation"}, {"_type": "tag", "name": "hash", "path": "/home/kavia/workspace/code-generation/app-gateway2/__import__/extracted/app-gateway2-cga-cmf8e7ba8d/Supporting_Files/ripple-eos/util/sync_settings.rs", "pattern": "/^    fn hash<H: Hasher>(&self, state: &mut H) {$/", "language": "Rust", "kind": "method", "signature": "<H: Hasher>(&self, state: &mut H)", "scope": "SyncSettings", "scopeKind": "implementation"}, {"_type": "tag", "name": "module", "path": "/home/kavia/workspace/code-generation/app-gateway2/__import__/extracted/app-gateway2-cga-cmf8e7ba8d/Supporting_Files/ripple-eos/util/sync_settings.rs", "pattern": "/^    pub module: SyncAndMonitorModule,$/", "language": "Rust", "kind": "field", "scope": "SyncSettings", "scopeKind": "struct"}, {"_type": "tag", "name": "privacy_service", "path": "/home/kavia/workspace/code-generation/app-gateway2/__import__/extracted/app-gateway2-cga-cmf8e7ba8d/Supporting_Files/ripple-eos/util/sync_settings.rs", "pattern": "/^    pub privacy_service: PrivacyService,$/", "language": "Rust", "kind": "field", "scope": "SyncSettings", "scopeKind": "struct"}, {"_type": "tag", "name": "session", "path": "/home/kavia/workspace/code-generation/app-gateway2/__import__/extracted/app-gateway2-cga-cmf8e7ba8d/Supporting_Files/ripple-eos/util/sync_settings.rs", "pattern": "/^    pub session: AccountSession,$/", "language": "Rust", "kind": "field", "scope": "SyncSettings", "scopeKind": "struct"}, {"_type": "tag", "name": "settings", "path": "/home/kavia/workspace/code-generation/app-gateway2/__import__/extracted/app-gateway2-cga-cmf8e7ba8d/Supporting_Files/ripple-eos/util/sync_settings.rs", "pattern": "/^    pub settings: Vec<String>,$/", "language": "Rust", "kind": "field", "scope": "SyncSettings", "scopeKind": "struct"}], "hash": "5d7a61ddb2f7015e0859e3db93879b63", "format-version": 4, "code-base-name": "app-gateway2", "filename": "__import__/extracted/app-gateway2-cga-cmf8e7ba8d/Supporting_Files/ripple-eos/util/sync_settings.rs", "fields": [{"name": "pub callback: Sender<PrivacyResponse>,", "scope": "SyncSettings", "scopeKind": "struct", "description": "unavailable"}, {"name": "pub cloud_monitor_topic: String,", "scope": "SyncSettings", "scopeKind": "struct", "description": "unavailable"}, {"name": "pub cloud_service_url: String,", "scope": "SyncSettings", "scopeKind": "struct", "description": "unavailable"}, {"name": "pub cloud_sync_ttl: u32,", "scope": "SyncSettings", "scopeKind": "struct", "description": "unavailable"}, {"name": "pub module: SyncAndMonitorModule,", "scope": "SyncSettings", "scopeKind": "struct", "description": "unavailable"}, {"name": "pub privacy_service: PrivacyService,", "scope": "SyncSettings", "scopeKind": "struct", "description": "unavailable"}, {"name": "pub session: AccountSession,", "scope": "SyncSettings", "scopeKind": "struct", "description": "unavailable"}, {"name": "pub settings: Vec<String>,", "scope": "SyncSettings", "scopeKind": "struct", "description": "unavailable"}], "revision_history": [{"4430": "0f87a35b32215bc8547fb583d6c84bd51f603f69"}]}