{"is_source_file": true, "format": "C++", "description": "This file is a C++ source implementation of the AppGateway plugin for the WPEFramework. It defines the AppGateway class methods such as Initialize, Deinitialize, and Deactivated, manages plugin registration, and interfaces with external components like IConfiguration and JSONRPC.", "external_files": ["AppGateway.h", "<interfaces/IConfiguration.h>", "<interfaces/json/JsonData_AppGateway.h>", "<interfaces/json/JAppGateway.h>", "UtilsLogging.h"], "external_methods": ["Plugin::Metadata::Metadata", "Plugin::AppGateway::Register", "Plugin::AppGateway::Unregister", "PluginHost::IShell::AddRef", "PluginHost::IShell::Release", "Exchange::JAppGateway::Register", "Exchange::JAppGateway::Unregister", "RPC::IRemoteConnection::Terminate", "Core::IWorkerPool::Instance", "PluginHost::IShell::Job::Create"], "published": ["WPEFramework::Plugin::AppGateway::Initialize", "WPEFramework::Plugin::AppGateway::Deinitialize", "WPEFramework::Plugin::AppGateway::Deactivated"], "classes": [{"name": "AppGateway", "description": "A class managing the AppGateway plugin, implementing initialization, deinitialization, and connection management within the WPEFramework."}], "methods": [{"name": "const string Initialize(PluginHost::IShell * service)", "description": "Initializes the AppGateway plugin, sets up connections, and registers interfaces.", "scope": "WPEFramework::Plugin::AppGateway", "scopeKind": "class"}, {"name": "void Deinitialize(PluginHost::IShell * service)", "description": "Cleans up resources, unregisters interfaces, and releases references.", "scope": "WPEFramework::Plugin::AppGateway", "scopeKind": "class"}, {"name": "void Deactivated(RPC::IRemoteConnection * connection)", "description": "Handles remote connection termination logic.", "scope": "WPEFramework::Plugin::AppGateway", "scopeKind": "class"}, {"name": "AppGateway()", "scope": "WPEFramework::Plugin::AppGateway", "scopeKind": "class", "description": "unavailable"}, {"name": "~AppGateway()", "scope": "WPEFramework::Plugin::AppGateway", "scopeKind": "class", "description": "unavailable"}], "calls": ["LOGINFO", "LOGERR", "getpid", "ASSERT", "Release", "Configure", "Register", "Unregister", "Terminate", "Submission of deactivation job to worker pool"], "search-terms": ["AppGateway", "WPEFramework", "Plugin", "IShell", "jsonrpc", "Connection", "Initialize", "Deinitialize"], "state": 2, "file_id": 1147, "knowledge_revision": 3770, "git_revision": "0f87a35b32215bc8547fb583d6c84bd51f603f69", "ctags": [{"_type": "tag", "name": "API_VERSION_NUMBER_MAJOR", "path": "/home/kavia/workspace/code-generation/app-gateway2/__import__/extracted/app-gateway2-cga-cmf8e7ba8d/app-gateway/AppGateway/AppGateway.cpp", "pattern": "/^#define API_VERSION_NUMBER_MAJOR /", "file": true, "language": "C++", "kind": "macro"}, {"_type": "tag", "name": "API_VERSION_NUMBER_MINOR", "path": "/home/kavia/workspace/code-generation/app-gateway2/__import__/extracted/app-gateway2-cga-cmf8e7ba8d/app-gateway/AppGateway/AppGateway.cpp", "pattern": "/^#define API_VERSION_NUMBER_MINOR /", "file": true, "language": "C++", "kind": "macro"}, {"_type": "tag", "name": "API_VERSION_NUMBER_PATCH", "path": "/home/kavia/workspace/code-generation/app-gateway2/__import__/extracted/app-gateway2-cga-cmf8e7ba8d/app-gateway/AppGateway/AppGateway.cpp", "pattern": "/^#define API_VERSION_NUMBER_PATCH /", "file": true, "language": "C++", "kind": "macro"}, {"_type": "tag", "name": "AppGateway", "path": "/home/kavia/workspace/code-generation/app-gateway2/__import__/extracted/app-gateway2-cga-cmf8e7ba8d/app-gateway/AppGateway/AppGateway.cpp", "pattern": "/^    AppGateway::AppGateway()$/", "language": "C++", "kind": "function", "signature": "()", "scope": "WPEFramework::Plugin::AppGateway", "scopeKind": "class"}, {"_type": "tag", "name": "Deactivated", "path": "/home/kavia/workspace/code-generation/app-gateway2/__import__/extracted/app-gateway2-cga-cmf8e7ba8d/app-gateway/AppGateway/AppGateway.cpp", "pattern": "/^    void AppGateway::Deactivated(RPC::IRemoteConnection* connection)$/", "language": "C++", "typeref": "typename:void", "kind": "function", "signature": "(RPC::IRemoteConnection * connection)", "scope": "WPEFramework::Plugin::AppGateway", "scopeKind": "class"}, {"_type": "tag", "name": "Deinitialize", "path": "/home/kavia/workspace/code-generation/app-gateway2/__import__/extracted/app-gateway2-cga-cmf8e7ba8d/app-gateway/AppGateway/AppGateway.cpp", "pattern": "/^    \\/* virtual *\\/ void AppGateway::Deinitialize(PluginHost::IShell* service)$/", "language": "C++", "typeref": "typename:void", "kind": "function", "signature": "(PluginHost::IShell * service)", "scope": "WPEFramework::Plugin::AppGateway", "scopeKind": "class"}, {"_type": "tag", "name": "Initialize", "path": "/home/kavia/workspace/code-generation/app-gateway2/__import__/extracted/app-gateway2-cga-cmf8e7ba8d/app-gateway/AppGateway/AppGateway.cpp", "pattern": "/^    \\/* virtual *\\/ const string AppGateway::Initialize(PluginHost::IShell* service)$/", "language": "C++", "typeref": "typename:const string", "kind": "function", "signature": "(PluginHost::IShell * service)", "scope": "WPEFramework::Plugin::AppGateway", "scopeKind": "class"}, {"_type": "tag", "name": "Plugin", "path": "/home/kavia/workspace/code-generation/app-gateway2/__import__/extracted/app-gateway2-cga-cmf8e7ba8d/app-gateway/AppGateway/AppGateway.cpp", "pattern": "/^namespace Plugin {$/", "file": true, "language": "C++", "kind": "namespace", "scope": "WPEFramework", "scopeKind": "namespace"}, {"_type": "tag", "name": "WPEFramework", "path": "/home/kavia/workspace/code-generation/app-gateway2/__import__/extracted/app-gateway2-cga-cmf8e7ba8d/app-gateway/AppGateway/AppGateway.cpp", "pattern": "/^namespace WPEFramework {$/", "file": true, "language": "C++", "kind": "namespace"}, {"_type": "tag", "name": "__anonf04c1e460111", "path": "/home/kavia/workspace/code-generation/app-gateway2/__import__/extracted/app-gateway2-cga-cmf8e7ba8d/app-gateway/AppGateway/AppGateway.cpp", "pattern": "/^namespace {$/", "file": true, "language": "C++", "kind": "namespace", "scope": "WPEFramework", "scopeKind": "namespace"}, {"_type": "tag", "name": "metadata", "path": "/home/kavia/workspace/code-generation/app-gateway2/__import__/extracted/app-gateway2-cga-cmf8e7ba8d/app-gateway/AppGateway/AppGateway.cpp", "pattern": "/^    static Plugin::Metadata<Plugin::AppGateway> metadata($/", "file": true, "language": "C++", "typeref": "typename:Plugin::Metadata<Plugin::AppGateway>", "kind": "variable", "scope": "WPEFramework::__anonf04c1e460111", "scopeKind": "namespace"}, {"_type": "tag", "name": "~AppGateway", "path": "/home/kavia/workspace/code-generation/app-gateway2/__import__/extracted/app-gateway2-cga-cmf8e7ba8d/app-gateway/AppGateway/AppGateway.cpp", "pattern": "/^    AppGateway::~AppGateway()$/", "language": "C++", "kind": "function", "signature": "()", "scope": "WPEFramework::Plugin::AppGateway", "scopeKind": "class"}], "hash": "ebe763b5fc9884d4c24fa519ce9c8559", "format-version": 4, "code-base-name": "app-gateway2", "filename": "__import__/extracted/app-gateway2-cga-cmf8e7ba8d/app-gateway/AppGateway/AppGateway.cpp", "fields": [{"name": "Plugin::Metadata<Plugin::AppGateway> metadata", "scope": "WPEFramework::__anonf04c1e460111", "scopeKind": "namespace", "description": "unavailable"}], "revision_history": [{"3770": "0f87a35b32215bc8547fb583d6c84bd51f603f69"}]}