{"is_source_file": true, "format": "C++", "description": "This header file defines template classes related to control types within the WPEFramework Messaging namespace, including control enable/disable functionality and metadata handling.", "external_files": ["Module.h", "TextMessage.h", "MessageUnit.h"], "external_methods": ["Core::Messaging::IControl::Announce", "Core::Messaging::IControl::Revoke", "Core::ClassNameOnly::Text"], "published": ["WPEFramework::Messaging::ControlType", "WPEFramework::Messaging::LocalLifetimeType"], "classes": [{"name": "ControlType", "description": "A template class managing control enable/disable states and metadata for a specific control category and message type."}, {"name": "LocalLifetimeType", "description": "A template class that manages the lifetime and visibility of a control, providing static methods for interaction."}], "methods": [{"name": "ControlType()", "description": "Constructor that registers the control instance with the messaging system."}, {"name": "Metadata()", "description": "Returns the metadata associated with the control."}, {"name": "IsEnabled()", "description": "Checks if the control is currently enabled."}, {"name": "Enable()", "description": "Returns whether the control is enabled."}, {"name": "Enable(const bool enabled)", "description": "Enables or disables the control."}, {"name": "Destroy()", "description": "Revoke the control registration if it is enabled."}, {"name": "Announce()", "description": "Static method that triggers the announcement of the control."}, {"name": "IsEnabled()", "description": "Checks if the control is currently enabled via static method."}, {"name": "Enable(const bool enable)", "description": "Enables or disables the control via static method."}, {"name": "Metadata()", "description": "Retrieves the control's metadata via static method."}, {"name": "void Announce()", "scope": "WPEFramework::Messaging::LocalLifetimeType", "scopeKind": "class", "description": "unavailable"}, {"name": "ControlType(const bool enabled)", "scope": "WPEFramework::Messaging::ControlType", "scopeKind": "class", "description": "unavailable"}, {"name": "void Destroy()", "scope": "WPEFramework::Messaging::ControlType", "scopeKind": "class", "description": "unavailable"}, {"name": "bool Enable() const", "scope": "WPEFramework::Messaging::ControlType", "scopeKind": "class", "description": "unavailable"}, {"name": "void Enable(const bool enable)", "scope": "WPEFramework::Messaging::LocalLifetimeType", "scopeKind": "class", "description": "unavailable"}, {"name": "void Enable(const bool enabled)", "scope": "WPEFramework::Messaging::ControlType", "scopeKind": "class", "description": "unavailable"}, {"name": "bool IsEnabled() const", "scope": "WPEFramework::Messaging::ControlType", "scopeKind": "class", "description": "unavailable"}, {"name": "bool IsEnabled()", "scope": "WPEFramework::Messaging::LocalLifetimeType", "scopeKind": "class", "description": "unavailable"}, {"name": "const Core::Messaging::Metadata & Metadata() const", "scope": "WPEFramework::Messaging::ControlType", "scopeKind": "class", "description": "unavailable"}, {"name": "const Core::Messaging::Metadata & Metadata()", "scope": "WPEFramework::Messaging::LocalLifetimeType", "scopeKind": "class", "description": "unavailable"}, {"name": "~ControlType()", "scope": "WPEFramework::Messaging::ControlType", "scopeKind": "class", "description": "unavailable"}], "calls": ["Core::Messaging::IControl::Announce", "Core::Messaging::IControl::Revoke", "Core::ClassNameOnly::Text"], "search-terms": ["ControlType", "Messaging", "MetaData", "Template", "Control", "EnableDisable", "StaticControl", "Lifetime"], "state": 2, "file_id": 1310, "knowledge_revision": 3929, "git_revision": "0f87a35b32215bc8547fb583d6c84bd51f603f69", "ctags": [{"_type": "tag", "name": "Announce", "path": "/home/kavia/workspace/code-generation/app-gateway2/__import__/extracted/app-gateway2-cga-cmf8e7ba8d/dependencies/install/include/WPEFramework/tracing/Control.h", "pattern": "/^        inline static void Announce() {$/", "language": "C++", "typeref": "typename:void", "kind": "function", "signature": "()", "scope": "WPEFramework::Messaging::LocalLifetimeType", "scopeKind": "class"}, {"_type": "tag", "name": "ControlType", "path": "/home/kavia/workspace/code-generation/app-gateway2/__import__/extracted/app-gateway2-cga-cmf8e7ba8d/dependencies/install/include/WPEFramework/tracing/Control.h", "pattern": "/^        ControlType(const bool enabled)$/", "language": "C++", "kind": "function", "signature": "(const bool enabled)", "scope": "WPEFramework::Messaging::ControlType", "scopeKind": "class"}, {"_type": "tag", "name": "ControlType", "path": "/home/kavia/workspace/code-generation/app-gateway2/__import__/extracted/app-gateway2-cga-cmf8e7ba8d/dependencies/install/include/WPEFramework/tracing/Control.h", "pattern": "/^    class ControlType : public Core::Messaging::IControl {$/", "language": "C++", "kind": "class", "scope": "WPEFramework::Messaging", "scopeKind": "namespace"}, {"_type": "tag", "name": "Destroy", "path": "/home/kavia/workspace/code-generation/app-gateway2/__import__/extracted/app-gateway2-cga-cmf8e7ba8d/dependencies/install/include/WPEFramework/tracing/Control.h", "pattern": "/^        void Destroy() override$/", "language": "C++", "typeref": "typename:void", "kind": "function", "signature": "()", "scope": "WPEFramework::Messaging::ControlType", "scopeKind": "class"}, {"_type": "tag", "name": "Enable", "path": "/home/kavia/workspace/code-generation/app-gateway2/__import__/extracted/app-gateway2-cga-cmf8e7ba8d/dependencies/install/include/WPEFramework/tracing/Control.h", "pattern": "/^        bool Enable() const override {$/", "language": "C++", "typeref": "typename:bool", "kind": "function", "signature": "() const", "scope": "WPEFramework::Messaging::ControlType", "scopeKind": "class"}, {"_type": "tag", "name": "Enable", "path": "/home/kavia/workspace/code-generation/app-gateway2/__import__/extracted/app-gateway2-cga-cmf8e7ba8d/dependencies/install/include/WPEFramework/tracing/Control.h", "pattern": "/^        inline static void Enable(const bool enable) {$/", "language": "C++", "typeref": "typename:void", "kind": "function", "signature": "(const bool enable)", "scope": "WPEFramework::Messaging::LocalLifetimeType", "scopeKind": "class"}, {"_type": "tag", "name": "Enable", "path": "/home/kavia/workspace/code-generation/app-gateway2/__import__/extracted/app-gateway2-cga-cmf8e7ba8d/dependencies/install/include/WPEFramework/tracing/Control.h", "pattern": "/^        void Enable(const bool enabled) override {$/", "language": "C++", "typeref": "typename:void", "kind": "function", "signature": "(const bool enabled)", "scope": "WPEFramework::Messaging::ControlType", "scopeKind": "class"}, {"_type": "tag", "name": "IsEnabled", "path": "/home/kavia/workspace/code-generation/app-gateway2/__import__/extracted/app-gateway2-cga-cmf8e7ba8d/dependencies/install/include/WPEFramework/tracing/Control.h", "pattern": "/^        bool IsEnabled() const {$/", "language": "C++", "typeref": "typename:bool", "kind": "function", "signature": "() const", "scope": "WPEFramework::Messaging::ControlType", "scopeKind": "class"}, {"_type": "tag", "name": "IsEnabled", "path": "/home/kavia/workspace/code-generation/app-gateway2/__import__/extracted/app-gateway2-cga-cmf8e7ba8d/dependencies/install/include/WPEFramework/tracing/Control.h", "pattern": "/^        inline static bool IsEnabled() {$/", "language": "C++", "typeref": "typename:bool", "kind": "function", "signature": "()", "scope": "WPEFramework::Messaging::LocalLifetimeType", "scopeKind": "class"}, {"_type": "tag", "name": "LocalLifetimeType", "path": "/home/kavia/workspace/code-generation/app-gateway2/__import__/extracted/app-gateway2-cga-cmf8e7ba8d/dependencies/install/include/WPEFramework/tracing/Control.h", "pattern": "/^    class LocalLifetimeType {$/", "language": "C++", "kind": "class", "scope": "WPEFramework::Messaging", "scopeKind": "namespace"}, {"_type": "tag", "name": "MessageType", "path": "/home/kavia/workspace/code-generation/app-gateway2/__import__/extracted/app-gateway2-cga-cmf8e7ba8d/dependencies/install/include/WPEFramework/tracing/Control.h", "pattern": "/^    using MessageType = Core::Messaging::Metadata::type;$/", "language": "C++", "typeref": "typename:Core::Messaging::Metadata::type", "kind": "typedef", "scope": "WPEFramework::Messaging", "scopeKind": "namespace"}, {"_type": "tag", "name": "Messaging", "path": "/home/kavia/workspace/code-generation/app-gateway2/__import__/extracted/app-gateway2-cga-cmf8e7ba8d/dependencies/install/include/WPEFramework/tracing/Control.h", "pattern": "/^namespace Messaging {$/", "language": "C++", "kind": "namespace", "scope": "WPEFramework", "scopeKind": "namespace"}, {"_type": "tag", "name": "Metadata", "path": "/home/kavia/workspace/code-generation/app-gateway2/__import__/extracted/app-gateway2-cga-cmf8e7ba8d/dependencies/install/include/WPEFramework/tracing/Control.h", "pattern": "/^        const Core::Messaging::Metadata& Metadata() const override {$/", "language": "C++", "typeref": "typename:const Core::Messaging::Metadata &", "kind": "function", "signature": "() const", "scope": "WPEFramework::Messaging::ControlType", "scopeKind": "class"}, {"_type": "tag", "name": "Metadata", "path": "/home/kavia/workspace/code-generation/app-gateway2/__import__/extracted/app-gateway2-cga-cmf8e7ba8d/dependencies/install/include/WPEFramework/tracing/Control.h", "pattern": "/^        inline static const Core::Messaging::Metadata& Metadata() {$/", "language": "C++", "typeref": "typename:const Core::Messaging::Metadata &", "kind": "function", "signature": "()", "scope": "WPEFramework::Messaging::LocalLifetimeType", "scopeKind": "class"}, {"_type": "tag", "name": "WPEFramework", "path": "/home/kavia/workspace/code-generation/app-gateway2/__import__/extracted/app-gateway2-cga-cmf8e7ba8d/dependencies/install/include/WPEFramework/tracing/Control.h", "pattern": "/^namespace WPEFramework {$/", "language": "C++", "kind": "namespace"}, {"_type": "tag", "name": "_control", "path": "/home/kavia/workspace/code-generation/app-gateway2/__import__/extracted/app-gateway2-cga-cmf8e7ba8d/dependencies/install/include/WPEFramework/tracing/Control.h", "pattern": "/^        static ControlType<CATEGORY, MODULENAME, TYPE> _control;$/", "language": "C++", "typeref": "typename:ControlType<CATEGORY,MODULENAME,TYPE>", "kind": "member", "scope": "WPEFramework::Messaging::LocalLifetimeType", "scopeKind": "class"}, {"_type": "tag", "name": "_enabled", "path": "/home/kavia/workspace/code-generation/app-gateway2/__import__/extracted/app-gateway2-cga-cmf8e7ba8d/dependencies/install/include/WPEFramework/tracing/Control.h", "pattern": "/^        uint8_t _enabled;$/", "language": "C++", "typeref": "typename:uint8_t", "kind": "member", "scope": "WPEFramework::Messaging::ControlType", "scopeKind": "class"}, {"_type": "tag", "name": "_metaData", "path": "/home/kavia/workspace/code-generation/app-gateway2/__import__/extracted/app-gateway2-cga-cmf8e7ba8d/dependencies/install/include/WPEFramework/tracing/Control.h", "pattern": "/^        Core::Messaging::Metadata _metaData;$/", "language": "C++", "typeref": "typename:Core::Messaging::Metadata", "kind": "member", "scope": "WPEFramework::Messaging::ControlType", "scopeKind": "class"}, {"_type": "tag", "name": "~ControlType", "path": "/home/kavia/workspace/code-generation/app-gateway2/__import__/extracted/app-gateway2-cga-cmf8e7ba8d/dependencies/install/include/WPEFramework/tracing/Control.h", "pattern": "/^        ~ControlType() override {$/", "language": "C++", "kind": "function", "signature": "()", "scope": "WPEFramework::Messaging::ControlType", "scopeKind": "class"}], "hash": "f77b2dc78574b7216421537a08bbb532", "format-version": 4, "code-base-name": "app-gateway2", "filename": "__import__/extracted/app-gateway2-cga-cmf8e7ba8d/dependencies/install/include/WPEFramework/tracing/Control.h", "fields": [{"name": "ControlType<CATEGORY,MODULENAME,TYPE> _control", "scope": "WPEFramework::Messaging::LocalLifetimeType", "scopeKind": "class", "description": "unavailable"}, {"name": "uint8_t _enabled", "scope": "WPEFramework::Messaging::ControlType", "scopeKind": "class", "description": "unavailable"}, {"name": "Core::Messaging::Metadata _metaData", "scope": "WPEFramework::Messaging::ControlType", "scopeKind": "class", "description": "unavailable"}], "revision_history": [{"3929": "0f87a35b32215bc8547fb583d6c84bd51f603f69"}]}