{"is_source_file": true, "format": "C++", "description": "Header file for the WPEFramework Communicator - defines classes and interfaces for remote process management, communication channels, and process lifecycle control within the framework.", "external_files": ["Module.h", "Administrator.h", "ICOM.h", "IUnknown.h", "Ids.h", "../warningreporting/WarningReportingUnit.h", "<processcontainers/ProcessContainer.h>", "Core/NodeId.h", "Core/Process.h", "Core/SystemInfo.h", "Core/Time.h", "Core/CriticalSection.h", "Core/JSON/Container.h", "Core/ProcessInfo.h", "Core/ProxyType.h", "Core/IPCChannel.h", "Core/Process.h", "Core/Library.h", "ProxyStub/UnknownProxy.h", "RPC/Administrator.h"], "external_methods": ["Core::NodeId::NodeId(const char*)", "Core::NodeId::NodeId(const string&)", "Core::Process::Kill", "Core::Process::IsActive", "Core::Process::Pid", "Core::Process::Priority", "Core::SystemInfo::GetEnvironment", "Core::SystemInfo::SetEnvironment", "Core::Time::Now", "Core::Time::Ticks", "Core::Time::TicksPerMillisecond"], "published": ["Object", "Config", "IMonitorableProcess", "InvokeHandler", "Communicator", "CommunicatorClient"], "classes": [{"name": "Object", "description": "Represents a remote object or process within the framework with details like locator, class name, address, version, user permissions, and system paths."}, {"name": "Config", "description": "Configuration parameters for a process, including connector info, paths, and auxiliary paths."}, {"name": "IMonitorableProcess", "description": "Interface for a process that can be monitored, provides methods for callsign and parent PID."}, {"name": "InvokeHandler", "description": "Handles incoming invoke requests over IPC, facilitating procedure calls."}, {"name": "Communicator", "description": "Main class managing IPC channels, remote process connections, and process lifecycle including launching, termination, and process management."}, {"name": "CommunicatorClient", "description": "Client side interface to connect to the communicator via IPC, offering methods for opening channels, acquiring interfaces, offering, revoking, and closing connections."}], "methods": [{"name": "Object::operator=", "description": "Assignment operator for copying Object instances."}, {"name": "Object::Locator", "description": "Returns the locator string identifying the object."}, {"name": "Object::ClassName", "description": "Returns the class name of the object."}, {"name": "Object::Callsign", "description": "Returns the callsign of the remote object."}, {"name": "Object::Interface", "description": "Returns the interface identifier."}, {"name": "Object::Version", "description": "Returns the version number."}, {"name": "Object::User", "description": "Returns the user associated with the object."}, {"name": "Object::Group", "description": "Returns the security group of the object."}, {"name": "Object::Threads", "description": "Returns the number of threads for the object."}, {"name": "Object::Priority", "description": "Returns the priority level."}, {"name": "Object::Type", "description": "Returns the host type (local, distributed, container)."}, {"name": "Object::SystemRootPath", "description": "Returns the system root path."}, {"name": "Object::RemoteAddress", "description": "Returns the remote address as Core::NodeId."}, {"name": "Object::Configuration", "description": "Returns the configuration string."}, {"name": "Config::Connector", "description": "Returns the connector string."}, {"name": "Config::HostApplication", "description": "Returns the host application path."}, {"name": "Config::PersistentPath", "description": "Returns the persistent storage path."}, {"name": "Config::SystemPath", "description": "Returns the system path."}, {"name": "Config::DataPath", "description": "Returns the data storage path."}, {"name": "Config::VolatilePath", "description": "Returns the volatile storage path."}, {"name": "Config::ApplicationPath", "description": "Returns the application path."}, {"name": "Config::ProxyStubPath", "description": "Returns the proxy stub path."}, {"name": "Config::PostMortemPath", "description": "Returns the post-mortem path."}, {"name": "IMonitorableProcess::Callsign", "description": "Returns the callsign of the process."}, {"name": "IMonitorableProcess::ParentPID", "description": "Returns the parent process ID."}, {"name": "InvokeHandler::Procedure", "description": "Implements the procedure call handling over IPC."}, {"name": "Communicator::CreateStarter", "description": "Creates a new RemoteConnection instance based on host type."}, {"name": "Communicator::LoadProxyStubs", "description": "Loads proxy stub DLLs or libraries from specified path."}, {"name": "Communicator::Destroy", "description": "Destroys all connections and cleans up."}, {"name": "CommunicatorClient::Open", "description": "Opens a connection and optionally retrieves an interface."}, {"name": "CommunicatorClient::Acquire", "description": "Acquires an interface from the remote side."}, {"name": "CommunicatorClient::Offer", "description": "Offers an interface to the remote side."}, {"name": "CommunicatorClient::Revoke", "description": "Revokes an offered interface."}, {"name": "CommunicatorClient::Close", "description": "Closes the communication channel."}, {"name": "INTERFACE * Acquire(const uint32_t waitTime,const string & className,const uint32_t versionId)", "scope": "WPEFramework::RPC::CommunicatorClient", "scopeKind": "class", "description": "unavailable"}, {"name": "void * Acquire(const string &,const uint32_t,const uint32_t)", "scope": "WPEFramework::RPC::Communicator", "scopeKind": "class", "description": "unavailable"}, {"name": "void * Acquire(const string & className,const uint32_t interfaceId,const uint32_t versionId)", "scope": "WPEFramework::RPC::CommunicatorClient", "scopeKind": "class", "description": "unavailable"}, {"name": "void Activated(RPC::IRemoteConnection * connection)", "scope": "WPEFramework::RPC::Communicator::RemoteConnectionMap", "scopeKind": "class", "description": "unavailable"}, {"name": "void * Announce(Core::ProxyType<Client> & channel,const Data::Init & info,Data::Setup & response)", "scope": "WPEFramework::RPC::Communicator::RemoteConnectionMap", "scopeKind": "class", "description": "unavailable"}, {"name": "AnnounceHandler(ChannelServer & parent)", "scope": "WPEFramework::RPC::Communicator::ChannelServer::AnnounceHandler", "scopeKind": "class", "description": "unavailable"}, {"name": "AnnounceHandler(CommunicatorClient & parent)", "scope": "WPEFramework::RPC::CommunicatorClient::AnnounceHandler", "scopeKind": "class", "description": "unavailable"}, {"name": "const string & ApplicationPath() const", "scope": "WPEFramework::RPC::Config", "scopeKind": "class", "description": "unavailable"}, {"name": "string Callsign() const", "scope": "WPEFramework::RPC::Communicator::MonitorableProcess", "scopeKind": "class", "description": "unavailable"}, {"name": "const string & Callsign() const", "scope": "WPEFramework::RPC::Object", "scopeKind": "class", "description": "unavailable"}, {"name": "Core::ProxyType<Core::IPCChannel> Channel()", "scope": "WPEFramework::RPC::Communicator::RemoteConnection", "scopeKind": "class", "description": "unavailable"}, {"name": "ChannelLink(Core::IPCChannelType<Core::SocketPort,ChannelLink> * channel)", "scope": "WPEFramework::RPC::Communicator::ChannelLink", "scopeKind": "class", "description": "unavailable"}, {"name": "ChannelServer(const Core::NodeId & remoteNode,RemoteConnectionMap & processes,const string & proxyStubPath,const Core::ProxyType<Core::IIPCServer> & handler)", "scope": "WPEFramework::RPC::Communicator::ChannelServer", "scopeKind": "class", "description": "unavailable"}, {"name": "DISABLE_WARNING_THIS_IN_MEMBER_INITIALIZER_LIST ChannelServer(const Core::NodeId & remoteNode,RemoteConnectionMap & processes,const string & proxyStubPath)", "scope": "WPEFramework::RPC::Communicator::ChannelServer", "scopeKind": "class", "description": "unavailable"}, {"name": "const string & ClassName() const", "scope": "WPEFramework::RPC::Object", "scopeKind": "class", "description": "unavailable"}, {"name": "void Close()", "scope": "WPEFramework::RPC::Communicator::RemoteConnection", "scopeKind": "class", "description": "unavailable"}, {"name": "uint32_t Close(const uint32_t waitTime)", "scope": "WPEFramework::RPC::Communicator", "scopeKind": "class", "description": "unavailable"}, {"name": "void Closed(const uint32_t id)", "scope": "WPEFramework::RPC::Communicator::RemoteConnectionMap", "scopeKind": "class", "description": "unavailable"}, {"name": "void Closed(const Core::ProxyType<Core::IPCChannel> & channel)", "scope": "WPEFramework::RPC::Communicator", "scopeKind": "class", "description": "unavailable"}, {"name": "const string & Command() const", "scope": "WPEFramework::RPC::Communicator::Process", "scopeKind": "class", "description": "unavailable"}, {"name": "Config(const string & connector,const string & hostApplication,const string & persistentPath,const string & systemPath,const string & dataPath,const string & volatilePath,const string & applicationPath,const string & proxyStubPath,const string & postMortem)", "scope": "WPEFramework::RPC::Config", "scopeKind": "class", "description": "unavailable"}, {"name": "Config()", "scope": "WPEFramework::RPC::Config", "scopeKind": "class", "description": "unavailable"}, {"name": "Config(const Config & copy)", "scope": "WPEFramework::RPC::Config", "scopeKind": "class", "description": "unavailable"}, {"name": "const string & Configuration() const", "scope": "WPEFramework::RPC::Object", "scopeKind": "class", "description": "unavailable"}, {"name": "Communicator::RemoteConnection * Connection(const uint32_t id)", "scope": "WPEFramework::RPC::Communicator::RemoteConnectionMap", "scopeKind": "class", "description": "unavailable"}, {"name": "IRemoteConnection * Connection(const uint32_t id)", "scope": "WPEFramework::RPC::Communicator", "scopeKind": "class", "description": "unavailable"}, {"name": "uint32_t ConnectionId() const", "scope": "WPEFramework::RPC::CommunicatorClient", "scopeKind": "class", "description": "unavailable"}, {"name": "const string & Connector() const", "scope": "WPEFramework::RPC::Config", "scopeKind": "class", "description": "unavailable"}, {"name": "ContainerConfig()", "scope": "WPEFramework::RPC::Communicator::ContainerProcess::ContainerConfig", "scopeKind": "class", "description": "unavailable"}, {"name": "ContainerProcess(const Config & baseConfig,const Object & instance,RemoteConnectionMap & parent)", "scope": "WPEFramework::RPC::Communicator::ContainerProcess", "scopeKind": "class", "description": "unavailable"}, {"name": "void * Create(uint32_t & id,const Object & instance,const Config & config,const uint32_t waitTime)", "scope": "WPEFramework::RPC::Communicator::RemoteConnectionMap", "scopeKind": "class", "description": "unavailable"}, {"name": "void * Create(uint32_t & pid,const Object & instance,const Config & config,const uint32_t waitTime)", "scope": "WPEFramework::RPC::Communicator", "scopeKind": "class", "description": "unavailable"}, {"name": "RemoteConnection * CreateStarter(const Config & config,const Object & instance)", "scope": "WPEFramework::RPC::Communicator", "scopeKind": "class", "description": "unavailable"}, {"name": "uint8_t Cycle() const", "scope": "WPEFramework::RPC::Communicator::MonitorableProcess", "scopeKind": "class", "description": "unavailable"}, {"name": "void Dangling(Danglings && proxies)", "scope": "WPEFramework::RPC::Communicator", "scopeKind": "class", "description": "unavailable"}, {"name": "const string & DataPath() const", "scope": "WPEFramework::RPC::Config", "scopeKind": "class", "description": "unavailable"}, {"name": "void Destroy()", "scope": "WPEFramework::RPC::Communicator", "scopeKind": "class", "description": "unavailable"}, {"name": "bool Destruct(uint64_t & timeSlot)", "scope": "WPEFramework::RPC::Communicator::MonitorableProcess", "scopeKind": "class", "description": "unavailable"}, {"name": "void Destruct()", "scope": "WPEFramework::RPC::Communicator::MonitorableProcess", "scopeKind": "class", "description": "unavailable"}, {"name": "uint32_t EndProcess()", "scope": "WPEFramework::RPC::Communicator::LocalProcess", "scopeKind": "class", "description": "unavailable"}, {"name": "void ForcedDestructionTimes(const uint8_t softKillCheckWaitTime,const uint8_t hardKillCheckWaitTime)", "scope": "WPEFramework::RPC::Communicator", "scopeKind": "class", "description": "unavailable"}, {"name": "const string & Group() const", "scope": "WPEFramework::RPC::Object", "scopeKind": "class", "description": "unavailable"}], "calls": ["Core::Process::Kill", "Core::Process::IsActive", "Core::Process::Pid", "Core::Process::Priority", "Core::SystemInfo::GetEnvironment", "Core::SystemInfo::SetEnvironment", "Core::Time::Now", "Core::Time::Ticks", "Core::Time::TicksPerMillisecond", "Core::Library::Instantiate", "Core::Service<RemoteConnection>::Create", "Administrator::Instance().ProxyInstance", "Administrator::Instance().ProxyFind", "Administrator::Instance().RegisterInterface", "Administrator::Instance().AddRef", "Administrator::Instance().Release", "RPC::Administrator::Instance().ProxyInstance", "RPC::Administrator::Instance().ProxyFind"], "search-terms": ["RemoteConnection", "Communicator", "ProcessShutdown", "ChannelLink", "ProcessContainer", "ProxyStub"], "state": 2, "file_id": 1349, "knowledge_revision": 3988, "git_revision": "0f87a35b32215bc8547fb583d6c84bd51f603f69", "ctags": [{"_type": "tag", "name": "Acquire", "path": "/home/kavia/workspace/code-generation/app-gateway2/__import__/extracted/app-gateway2-cga-cmf8e7ba8d/dependencies/install/include/WPEFramework/com/Communicator.h", "pattern": "/^        INTERFACE* Acquire(const uint32_t waitTime, const string& className, const uint32_t vers/", "language": "C++", "typeref": "typename:INTERFACE *", "kind": "function", "signature": "(const uint32_t waitTime,const string & className,const uint32_t versionId)", "scope": "WPEFramework::RPC::CommunicatorClient", "scopeKind": "class"}, {"_type": "tag", "name": "Acquire", "path": "/home/kavia/workspace/code-generation/app-gateway2/__import__/extracted/app-gateway2-cga-cmf8e7ba8d/dependencies/install/include/WPEFramework/com/Communicator.h", "pattern": "/^        virtual void* Acquire(const string& \\/* className *\\/, const uint32_t \\/* interfaceId *\\//", "language": "C++", "typeref": "typename:void *", "kind": "function", "signature": "(const string &,const uint32_t,const uint32_t)", "scope": "WPEFramework::RPC::Communicator", "scopeKind": "class"}, {"_type": "tag", "name": "Acquire", "path": "/home/kavia/workspace/code-generation/app-gateway2/__import__/extracted/app-gateway2-cga-cmf8e7ba8d/dependencies/install/include/WPEFramework/com/Communicator.h", "pattern": "/^        virtual void* Acquire(const string& className, const uint32_t interfaceId, const uint32_/", "language": "C++", "typeref": "typename:void *", "kind": "function", "signature": "(const string & className,const uint32_t interfaceId,const uint32_t versionId)", "scope": "WPEFramework::RPC::CommunicatorClient", "scopeKind": "class"}, {"_type": "tag", "name": "Activated", "path": "/home/kavia/workspace/code-generation/app-gateway2/__import__/extracted/app-gateway2-cga-cmf8e7ba8d/dependencies/install/include/WPEFramework/com/Communicator.h", "pattern": "/^            void Activated(RPC::IRemoteConnection* connection)$/", "language": "C++", "typeref": "typename:void", "kind": "function", "signature": "(RPC::IRemoteConnection * connection)", "scope": "WPEFramework::RPC::Communicator::RemoteConnectionMap", "scopeKind": "class"}, {"_type": "tag", "name": "Announce", "path": "/home/kavia/workspace/code-generation/app-gateway2/__import__/extracted/app-gateway2-cga-cmf8e7ba8d/dependencies/install/include/WPEFramework/com/Communicator.h", "pattern": "/^            inline void* Announce(Core::ProxyType<Client>& channel, const Data::Init& info, Data/", "language": "C++", "typeref": "typename:void *", "kind": "function", "signature": "(Core::ProxyType<Client> & channel,const Data::Init & info,Data::Setup & response)", "scope": "WPEFramework::RPC::Communicator::ChannelServer", "scopeKind": "class"}, {"_type": "tag", "name": "Announce", "path": "/home/kavia/workspace/code-generation/app-gateway2/__import__/extracted/app-gateway2-cga-cmf8e7ba8d/dependencies/install/include/WPEFramework/com/Communicator.h", "pattern": "/^            void* Announce(Core::ProxyType<Client>& channel, const Data::Init& info, Data::Setup/", "language": "C++", "typeref": "typename:void *", "kind": "function", "signature": "(Core::ProxyType<Client> & channel,const Data::Init & info,Data::Setup & response)", "scope": "WPEFramework::RPC::Communicator::RemoteConnectionMap", "scopeKind": "class"}, {"_type": "tag", "name": "AnnounceHandler", "path": "/home/kavia/workspace/code-generation/app-gateway2/__import__/extracted/app-gateway2-cga-cmf8e7ba8d/dependencies/install/include/WPEFramework/com/Communicator.h", "pattern": "/^                AnnounceHandler(ChannelServer& parent)$/", "language": "C++", "kind": "function", "signature": "(ChannelServer & parent)", "scope": "WPEFramework::RPC::Communicator::ChannelServer::AnnounceHandler", "scopeKind": "class"}, {"_type": "tag", "name": "AnnounceHandler", "path": "/home/kavia/workspace/code-generation/app-gateway2/__import__/extracted/app-gateway2-cga-cmf8e7ba8d/dependencies/install/include/WPEFramework/com/Communicator.h", "pattern": "/^            AnnounceHandler(CommunicatorClient& parent)$/", "language": "C++", "kind": "function", "signature": "(CommunicatorClient & parent)", "scope": "WPEFramework::RPC::CommunicatorClient::AnnounceHandler", "scopeKind": "class"}, {"_type": "tag", "name": "AnnounceHandler", "path": "/home/kavia/workspace/code-generation/app-gateway2/__import__/extracted/app-gateway2-cga-cmf8e7ba8d/dependencies/install/include/WPEFramework/com/Communicator.h", "pattern": "/^            class AnnounceHandler : public Core::IIPCServer {$/", "language": "C++", "kind": "class", "scope": "WPEFramework::RPC::Communicator::ChannelServer", "scopeKind": "class"}, {"_type": "tag", "name": "AnnounceHandler", "path": "/home/kavia/workspace/code-generation/app-gateway2/__import__/extracted/app-gateway2-cga-cmf8e7ba8d/dependencies/install/include/WPEFramework/com/Communicator.h", "pattern": "/^        class AnnounceHandler : public Core::IIPCServer {$/", "language": "C++", "kind": "class", "scope": "WPEFramework::RPC::CommunicatorClient", "scopeKind": "class"}, {"_type": "tag", "name": "Announcements", "path": "/home/kavia/workspace/code-generation/app-gateway2/__import__/extracted/app-gateway2-cga-cmf8e7ba8d/dependencies/install/include/WPEFramework/com/Communicator.h", "pattern": "/^            using Announcements = std::unordered_map<uint32_t, Info>;$/", "language": "C++", "typeref": "typename:std::unordered_map<uint32_t,Info>", "kind": "typedef", "scope": "WPEFramework::RPC::Communicator::RemoteConnectionMap", "scopeKind": "class"}, {"_type": "tag", "name": "ApplicationPath", "path": "/home/kavia/workspace/code-generation/app-gateway2/__import__/extracted/app-gateway2-cga-cmf8e7ba8d/dependencies/install/include/WPEFramework/com/Communicator.h", "pattern": "/^        inline const string& ApplicationPath() const$/", "language": "C++", "typeref": "typename:const string &", "kind": "function", "signature": "() const", "scope": "WPEFramework::RPC::Config", "scopeKind": "class"}, {"_type": "tag", "name": "BaseClass", "path": "/home/kavia/workspace/code-generation/app-gateway2/__import__/extracted/app-gateway2-cga-cmf8e7ba8d/dependencies/install/include/WPEFramework/com/Communicator.h", "pattern": "/^            using BaseClass = Core::IPCChannelServerType<ChannelLink, true>;$/", "language": "C++", "typeref": "typename:Core::IPCChannelServerType<ChannelLink,true>", "kind": "typedef", "scope": "WPEFramework::RPC::Communicator::ChannelServer", "scopeKind": "class"}, {"_type": "tag", "name": "BaseClass", "path": "/home/kavia/workspace/code-generation/app-gateway2/__import__/extracted/app-gateway2-cga-cmf8e7ba8d/dependencies/install/include/WPEFramework/com/Communicator.h", "pattern": "/^        typedef Core::IPCChannelClientType<Core::Void, false, true> BaseClass;$/", "language": "C++", "typeref": "typename:Core::IPCChannelClientType<Core::Void,false,true>", "kind": "typedef", "scope": "WPEFramework::RPC::CommunicatorClient", "scopeKind": "class"}, {"_type": "tag", "name": "CONTAINER", "path": "/home/kavia/workspace/code-generation/app-gateway2/__import__/extracted/app-gateway2-cga-cmf8e7ba8d/dependencies/install/include/WPEFramework/com/Communicator.h", "pattern": "/^            CONTAINER$/", "language": "C++", "kind": "enumerator", "scope": "WPEFramework::RPC::Object::HostType", "scopeKind": "enum"}, {"_type": "tag", "name": "Callsign", "path": "/home/kavia/workspace/code-generation/app-gateway2/__import__/extracted/app-gateway2-cga-cmf8e7ba8d/dependencies/install/include/WPEFramework/com/Communicator.h", "pattern": "/^            inline string Callsign() const override {$/", "language": "C++", "typeref": "typename:string", "kind": "function", "signature": "() const", "scope": "WPEFramework::RPC::Communicator::MonitorableProcess", "scopeKind": "class"}, {"_type": "tag", "name": "Callsign", "path": "/home/kavia/workspace/code-generation/app-gateway2/__import__/extracted/app-gateway2-cga-cmf8e7ba8d/dependencies/install/include/WPEFramework/com/Communicator.h", "pattern": "/^        inline const string& Callsign() const$/", "language": "C++", "typeref": "typename:const string &", "kind": "function", "signature": "() const", "scope": "WPEFramework::RPC::Object", "scopeKind": "class"}, {"_type": "tag", "name": "Channel", "path": "/home/kavia/workspace/code-generation/app-gateway2/__import__/extracted/app-gateway2-cga-cmf8e7ba8d/dependencies/install/include/WPEFramework/com/Communicator.h", "pattern": "/^            inline Core::ProxyType<Core::IPCChannel> Channel()$/", "language": "C++", "typeref": "typename:Core::ProxyType<Core::IPCChannel>", "kind": "function", "signature": "()", "scope": "WPEFramework::RPC::Communicator::RemoteConnection", "scopeKind": "class"}, {"_type": "tag", "name": "ChannelLink", "path": "/home/kavia/workspace/code-generation/app-gateway2/__import__/extracted/app-gateway2-cga-cmf8e7ba8d/dependencies/install/include/WPEFramework/com/Communicator.h", "pattern": "/^            ChannelLink(Core::IPCChannelType<Core::SocketPort, ChannelLink>* channel)$/", "language": "C++", "kind": "function", "signature": "(Core::IPCChannelType<Core::SocketPort,ChannelLink> * channel)", "scope": "WPEFramework::RPC::Communicator::ChannelLink", "scopeKind": "class"}, {"_type": "tag", "name": "ChannelLink", "path": "/home/kavia/workspace/code-generation/app-gateway2/__import__/extracted/app-gateway2-cga-cmf8e7ba8d/dependencies/install/include/WPEFramework/com/Communicator.h", "pattern": "/^        class EXTERNAL ChannelLink {$/", "language": "C++", "kind": "class", "scope": "WPEFramework::RPC::Communicator", "scopeKind": "class"}, {"_type": "tag", "name": "ChannelServer", "path": "/home/kavia/workspace/code-generation/app-gateway2/__import__/extracted/app-gateway2-cga-cmf8e7ba8d/dependencies/install/include/WPEFramework/com/Communicator.h", "pattern": "/^            ChannelServer($/", "language": "C++", "kind": "function", "signature": "(const Core::NodeId & remoteNode,RemoteConnectionMap & processes,const string & proxyStubPath,const Core::ProxyType<Core::IIPCServer> & handler)", "scope": "WPEFramework::RPC::Communicator::ChannelServer", "scopeKind": "class"}, {"_type": "tag", "name": "ChannelServer", "path": "/home/kavia/workspace/code-generation/app-gateway2/__import__/extracted/app-gateway2-cga-cmf8e7ba8d/dependencies/install/include/WPEFramework/com/Communicator.h", "pattern": "/^            ChannelServer($/", "language": "C++", "typeref": "typename:DISABLE_WARNING_THIS_IN_MEMBER_INITIALIZER_LIST", "kind": "function", "signature": "(const Core::NodeId & remoteNode,RemoteConnectionMap & processes,const string & proxyStubPath)", "scope": "WPEFramework::RPC::Communicator::ChannelServer", "scopeKind": "class"}, {"_type": "tag", "name": "ChannelServer", "path": "/home/kavia/workspace/code-generation/app-gateway2/__import__/extracted/app-gateway2-cga-cmf8e7ba8d/dependencies/install/include/WPEFramework/com/Communicator.h", "pattern": "/^        class ChannelServer : public Core::IPCChannelServerType<ChannelLink, true> {$/", "language": "C++", "kind": "class", "scope": "WPEFramework::RPC::Communicator", "scopeKind": "class"}, {"_type": "tag", "name": "ClassName", "path": "/home/kavia/workspace/code-generation/app-gateway2/__import__/extracted/app-gateway2-cga-cmf8e7ba8d/dependencies/install/include/WPEFramework/com/Communicator.h", "pattern": "/^        inline const string& ClassName() const$/", "language": "C++", "typeref": "typename:const string &", "kind": "function", "signature": "() const", "scope": "WPEFramework::RPC::Object", "scopeKind": "class"}, {"_type": "tag", "name": "Client", "path": "/home/kavia/workspace/code-generation/app-gateway2/__import__/extracted/app-gateway2-cga-cmf8e7ba8d/dependencies/install/include/WPEFramework/com/Communicator.h", "pattern": "/^        using Client = Core::IPCChannelServerType<ChannelLink, true>::Client;$/", "language": "C++", "typeref": "typename:Core::IPCChannelServerType<ChannelLink,true>::Client", "kind": "typedef", "scope": "WPEFramework::RPC::Communicator", "scopeKind": "class"}, {"_type": "tag", "name": "Close", "path": "/home/kavia/workspace/code-generation/app-gateway2/__import__/extracted/app-gateway2-cga-cmf8e7ba8d/dependencies/install/include/WPEFramework/com/Communicator.h", "pattern": "/^            void Close()$/", "language": "C++", "typeref": "typename:void", "kind": "function", "signature": "()", "scope": "WPEFramework::RPC::Communicator::RemoteConnection", "scopeKind": "class"}, {"_type": "tag", "name": "Close", "path": "/home/kavia/workspace/code-generation/app-gateway2/__import__/extracted/app-gateway2-cga-cmf8e7ba8d/dependencies/install/include/WPEFramework/com/Communicator.h", "pattern": "/^        inline uint32_t Close(const uint32_t waitTime)$/", "language": "C++", "typeref": "typename:uint32_t", "kind": "function", "signature": "(const uint32_t waitTime)", "scope": "WPEFramework::RPC::Communicator", "scopeKind": "class"}, {"_type": "tag", "name": "Closed", "path": "/home/kavia/workspace/code-generation/app-gateway2/__import__/extracted/app-gateway2-cga-cmf8e7ba8d/dependencies/install/include/WPEFramework/com/Communicator.h", "pattern": "/^            inline void Closed(const uint32_t id)$/", "language": "C++", "typeref": "typename:void", "kind": "function", "signature": "(const uint32_t id)", "scope": "WPEFramework::RPC::Communicator::RemoteConnectionMap", "scopeKind": "class"}, {"_type": "tag", "name": "Closed", "path": "/home/kavia/workspace/code-generation/app-gateway2/__import__/extracted/app-gateway2-cga-cmf8e7ba8d/dependencies/install/include/WPEFramework/com/Communicator.h", "pattern": "/^        void Closed(const Core::ProxyType<Core::IPCChannel>& channel)$/", "language": "C++", "typeref": "typename:void", "kind": "function", "signature": "(const Core::ProxyType<Core::IPCChannel> & channel)", "scope": "WPEFramework::RPC::Communicator", "scopeKind": "class"}, {"_type": "tag", "name": "Command", "path": "/home/kavia/workspace/code-generation/app-gateway2/__import__/extracted/app-gateway2-cga-cmf8e7ba8d/dependencies/install/include/WPEFramework/com/Communicator.h", "pattern": "/^            const string& Command() const$/", "language": "C++", "typeref": "typename:const string &", "kind": "function", "signature": "() const", "scope": "WPEFramework::RPC::Communicator::LocalProcess", "scopeKind": "class"}, {"_type": "tag", "name": "Command", "path": "/home/kavia/workspace/code-generation/app-gateway2/__import__/extracted/app-gateway2-cga-cmf8e7ba8d/dependencies/install/include/WPEFramework/com/Communicator.h", "pattern": "/^            const string& Command() const$/", "language": "C++", "typeref": "typename:const string &", "kind": "function", "signature": "() const", "scope": "WPEFramework::RPC::Communicator::Process", "scopeKind": "class"}, {"_type": "tag", "name": "Communicator", "path": "/home/kavia/workspace/code-generation/app-gateway2/__import__/extracted/app-gateway2-cga-cmf8e7ba8d/dependencies/install/include/WPEFramework/com/Communicator.h", "pattern": "/^    class EXTERNAL Communicator {$/", "language": "C++", "kind": "class", "scope": "WPEFramework::RPC", "scopeKind": "namespace"}, {"_type": "tag", "name": "CommunicatorClient", "path": "/home/kavia/workspace/code-generation/app-gateway2/__import__/extracted/app-gateway2-cga-cmf8e7ba8d/dependencies/install/include/WPEFramework/com/Communicator.h", "pattern": "/^    class EXTERNAL CommunicatorClient : public Core::IPCChannelClientType<Core::Void, false, tru/", "language": "C++", "kind": "class", "scope": "WPEFramework::RPC", "scopeKind": "namespace"}, {"_type": "tag", "name": "Config", "path": "/home/kavia/workspace/code-generation/app-gateway2/__import__/extracted/app-gateway2-cga-cmf8e7ba8d/dependencies/install/include/WPEFramework/com/Communicator.h", "pattern": "/^        Config($/", "language": "C++", "kind": "function", "signature": "(const string & connector,const string & hostApplication,const string & persistentPath,const string & systemPath,const string & dataPath,const string & volatilePath,const string & applicationPath,const string & proxyStubPath,const string & postMortem)", "scope": "WPEFramework::RPC::Config", "scopeKind": "class"}, {"_type": "tag", "name": "Config", "path": "/home/kavia/workspace/code-generation/app-gateway2/__import__/extracted/app-gateway2-cga-cmf8e7ba8d/dependencies/install/include/WPEFramework/com/Communicator.h", "pattern": "/^        Config()$/", "language": "C++", "kind": "function", "signature": "()", "scope": "WPEFramework::RPC::Config", "scopeKind": "class"}, {"_type": "tag", "name": "Config", "path": "/home/kavia/workspace/code-generation/app-gateway2/__import__/extracted/app-gateway2-cga-cmf8e7ba8d/dependencies/install/include/WPEFramework/com/Communicator.h", "pattern": "/^        Config(const Config& copy)$/", "language": "C++", "kind": "function", "signature": "(const Config & copy)", "scope": "WPEFramework::RPC::Config", "scopeKind": "class"}, {"_type": "tag", "name": "Config", "path": "/home/kavia/workspace/code-generation/app-gateway2/__import__/extracted/app-gateway2-cga-cmf8e7ba8d/dependencies/install/include/WPEFramework/com/Communicator.h", "pattern": "/^    class EXTERNAL Config {$/", "language": "C++", "kind": "class", "scope": "WPEFramework::RPC", "scopeKind": "namespace"}, {"_type": "tag", "name": "Configuration", "path": "/home/kavia/workspace/code-generation/app-gateway2/__import__/extracted/app-gateway2-cga-cmf8e7ba8d/dependencies/install/include/WPEFramework/com/Communicator.h", "pattern": "/^        inline const string& Configuration() const$/", "language": "C++", "typeref": "typename:const string &", "kind": "function", "signature": "() const", "scope": "WPEFramework::RPC::Object", "scopeKind": "class"}, {"_type": "tag", "name": "Connection", "path": "/home/kavia/workspace/code-generation/app-gateway2/__import__/extracted/app-gateway2-cga-cmf8e7ba8d/dependencies/install/include/WPEFramework/com/Communicator.h", "pattern": "/^            inline Communicator::RemoteConnection* Connection(const uint32_t id)$/", "language": "C++", "typeref": "typename:Communicator::RemoteConnection *", "kind": "function", "signature": "(const uint32_t id)", "scope": "WPEFramework::RPC::Communicator::RemoteConnectionMap", "scopeKind": "class"}, {"_type": "tag", "name": "Connection", "path": "/home/kavia/workspace/code-generation/app-gateway2/__import__/extracted/app-gateway2-cga-cmf8e7ba8d/dependencies/install/include/WPEFramework/com/Communicator.h", "pattern": "/^        inline IRemoteConnection* Connection(const uint32_t id)$/", "language": "C++", "typeref": "typename:IRemoteConnection *", "kind": "function", "signature": "(const uint32_t id)", "scope": "WPEFramework::RPC::Communicator", "scopeKind": "class"}, {"_type": "tag", "name": "ConnectionId", "path": "/home/kavia/workspace/code-generation/app-gateway2/__import__/extracted/app-gateway2-cga-cmf8e7ba8d/dependencies/install/include/WPEFramework/com/Communicator.h", "pattern": "/^        inline uint32_t ConnectionId() const {$/", "language": "C++", "typeref": "typename:uint32_t", "kind": "function", "signature": "() const", "scope": "WPEFramework::RPC::CommunicatorClient", "scopeKind": "class"}, {"_type": "tag", "name": "Connector", "path": "/home/kavia/workspace/code-generation/app-gateway2/__import__/extracted/app-gateway2-cga-cmf8e7ba8d/dependencies/install/include/WPEFramework/com/Communicator.h", "pattern": "/^        inline const string& Connector() const$/", "language": "C++", "typeref": "typename:const string &", "kind": "function", "signature": "() const", "scope": "WPEFramework::RPC::Communicator", "scopeKind": "class"}, {"_type": "tag", "name": "Connector", "path": "/home/kavia/workspace/code-generation/app-gateway2/__import__/extracted/app-gateway2-cga-cmf8e7ba8d/dependencies/install/include/WPEFramework/com/Communicator.h", "pattern": "/^        inline const string& Connector() const$/", "language": "C++", "typeref": "typename:const string &", "kind": "function", "signature": "() const", "scope": "WPEFramework::RPC::Config", "scopeKind": "class"}, {"_type": "tag", "name": "ContainerConfig", "path": "/home/kavia/workspace/code-generation/app-gateway2/__import__/extracted/app-gateway2-cga-cmf8e7ba8d/dependencies/install/include/WPEFramework/com/Communicator.h", "pattern": "/^                ContainerConfig()$/", "language": "C++", "kind": "function", "signature": "()", "scope": "WPEFramework::RPC::Communicator::ContainerProcess::ContainerConfig", "scopeKind": "class"}, {"_type": "tag", "name": "ContainerConfig", "path": "/home/kavia/workspace/code-generation/app-gateway2/__import__/extracted/app-gateway2-cga-cmf8e7ba8d/dependencies/install/include/WPEFramework/com/Communicator.h", "pattern": "/^            class ContainerConfig : public Core::JSON::Container {$/", "language": "C++", "kind": "class", "scope": "WPEFramework::RPC::Communicator::ContainerProcess", "scopeKind": "class"}, {"_type": "tag", "name": "ContainerPath", "path": "/home/kavia/workspace/code-generation/app-gateway2/__import__/extracted/app-gateway2-cga-cmf8e7ba8d/dependencies/install/include/WPEFramework/com/Communicator.h", "pattern": "/^                Core::JSON::String ContainerPath;$/", "language": "C++", "typeref": "typename:Core::JSON::String", "kind": "member", "scope": "WPEFramework::RPC::Communicator::ContainerProcess::ContainerConfig", "scopeKind": "class"}, {"_type": "tag", "name": "ContainerProcess", "path": "/home/kavia/workspace/code-generation/app-gateway2/__import__/extracted/app-gateway2-cga-cmf8e7ba8d/dependencies/install/include/WPEFramework/com/Communicator.h", "pattern": "/^            ContainerProcess(const Config& baseConfig, const Object& instance, RemoteConnectionM/", "language": "C++", "kind": "function", "signature": "(const Config & baseConfig,const Object & instance,RemoteConnectionMap & parent)", "scope": "WPEFramework::RPC::Communicator::ContainerProcess", "scopeKind": "class"}, {"_type": "tag", "name": "ContainerProcess", "path": "/home/kavia/workspace/code-generation/app-gateway2/__import__/extracted/app-gateway2-cga-cmf8e7ba8d/dependencies/install/include/WPEFramework/com/Communicator.h", "pattern": "/^        class EXTERNAL ContainerProcess : public MonitorableProcess {$/", "language": "C++", "kind": "class", "scope": "WPEFramework::RPC::Communicator", "scopeKind": "class"}, {"_type": "tag", "name": "Create", "path": "/home/kavia/workspace/code-generation/app-gateway2/__import__/extracted/app-gateway2-cga-cmf8e7ba8d/dependencies/install/include/WPEFramework/com/Communicator.h", "pattern": "/^            inline void* Create(uint32_t& id, const Object& instance, const Config& config, cons/", "language": "C++", "typeref": "typename:void *", "kind": "function", "signature": "(uint32_t & id,const Object & instance,const Config & config,const uint32_t waitTime)", "scope": "WPEFramework::RPC::Communicator::RemoteConnectionMap", "scopeKind": "class"}, {"_type": "tag", "name": "Create", "path": "/home/kavia/workspace/code-generation/app-gateway2/__import__/extracted/app-gateway2-cga-cmf8e7ba8d/dependencies/install/include/WPEFramework/com/Communicator.h", "pattern": "/^        inline void* Create(uint32_t& pid, const Object& instance, const Config& config, const u/", "language": "C++", "typeref": "typename:void *", "kind": "function", "signature": "(uint32_t & pid,const Object & instance,const Config & config,const uint32_t waitTime)", "scope": "WPEFramework::RPC::Communicator", "scopeKind": "class"}, {"_type": "tag", "name": "CreateStarter", "path": "/home/kavia/workspace/code-generation/app-gateway2/__import__/extracted/app-gateway2-cga-cmf8e7ba8d/dependencies/install/include/WPEFramework/com/Communicator.h", "pattern": "/^        virtual RemoteConnection* CreateStarter(const Config& config, const Object& instance)$/", "language": "C++", "typeref": "typename:RemoteConnection *", "kind": "function", "signature": "(const Config & config,const Object & instance)", "scope": "WPEFramework::RPC::Communicator", "scopeKind": "class"}, {"_type": "tag", "name": "Cycle", "path": "/home/kavia/workspace/code-generation/app-gateway2/__import__/extracted/app-gateway2-cga-cmf8e7ba8d/dependencies/install/include/WPEFramework/com/Communicator.h", "pattern": "/^            inline uint8_t Cycle() const {$/", "language": "C++", "typeref": "typename:uint8_t", "kind": "function", "signature": "() const", "scope": "WPEFramework::RPC::Communicator::MonitorableProcess", "scopeKind": "class"}, {"_type": "tag", "name": "DISTRIBUTED", "path": "/home/kavia/workspace/code-generation/app-gateway2/__import__/extracted/app-gateway2-cga-cmf8e7ba8d/dependencies/install/include/WPEFramework/com/Communicator.h", "pattern": "/^            DISTRIBUTED,$/", "language": "C++", "kind": "enumerator", "scope": "WPEFramework::RPC::Object::HostType", "scopeKind": "enum"}, {"_type": "tag", "name": "Dangling", "path": "/home/kavia/workspace/code-generation/app-gateway2/__import__/extracted/app-gateway2-cga-cmf8e7ba8d/dependencies/install/include/WPEFramework/com/Communicator.h", "pattern": "/^        virtual void Dangling(Danglings&& proxies){$/", "language": "C++", "typeref": "typename:void", "kind": "function", "signature": "(Danglings && proxies)", "scope": "WPEFramework::RPC::Communicator", "scopeKind": "class"}, {"_type": "tag", "name": "Danglings", "path": "/home/kavia/workspace/code-generation/app-gateway2/__import__/extracted/app-gateway2-cga-cmf8e7ba8d/dependencies/install/include/WPEFramework/com/Communicator.h", "pattern": "/^        using Danglings = Administrator::Danglings;$/", "language": "C++", "typeref": "typename:Administrator::Danglings", "kind": "typedef", "scope": "WPEFramework::RPC::Communicator", "scopeKind": "class"}, {"_type": "tag", "name": "DataPath", "path": "/home/kavia/workspace/code-generation/app-gateway2/__import__/extracted/app-gateway2-cga-cmf8e7ba8d/dependencies/install/include/WPEFramework/com/Communicator.h", "pattern": "/^        inline const string& DataPath() const$/", "language": "C++", "typeref": "typename:const string &", "kind": "function", "signature": "() const", "scope": "WPEFramework::RPC::Config", "scopeKind": "class"}, {"_type": "tag", "name": "Destroy", "path": "/home/kavia/workspace/code-generation/app-gateway2/__import__/extracted/app-gateway2-cga-cmf8e7ba8d/dependencies/install/include/WPEFramework/com/Communicator.h", "pattern": "/^            inline void Destroy()$/", "language": "C++", "typeref": "typename:void", "kind": "function", "signature": "()", "scope": "WPEFramework::RPC::Communicator::RemoteConnectionMap", "scopeKind": "class"}, {"_type": "tag", "name": "Destroy", "path": "/home/kavia/workspace/code-generation/app-gateway2/__import__/extracted/app-gateway2-cga-cmf8e7ba8d/dependencies/install/include/WPEFramework/com/Communicator.h", "pattern": "/^        void Destroy()$/", "language": "C++", "typeref": "typename:void", "kind": "function", "signature": "()", "scope": "WPEFramework::RPC::Communicator", "scopeKind": "class"}, {"_type": "tag", "name": "Destruct", "path": "/home/kavia/workspace/code-generation/app-gateway2/__import__/extracted/app-gateway2-cga-cmf8e7ba8d/dependencies/install/include/WPEFramework/com/Communicator.h", "pattern": "/^            inline bool Destruct(uint64_t& timeSlot) {$/", "language": "C++", "typeref": "typename:bool", "kind": "function", "signature": "(uint64_t & timeSlot)", "scope": "WPEFramework::RPC::Communicator::MonitorableProcess", "scopeKind": "class"}, {"_type": "tag", "name": "Destruct", "path": "/home/kavia/workspace/code-generation/app-gateway2/__import__/extracted/app-gateway2-cga-cmf8e7ba8d/dependencies/install/include/WPEFramework/com/Communicator.h", "pattern": "/^            inline void Destruct() {$/", "language": "C++", "typeref": "typename:void", "kind": "function", "signature": "()", "scope": "WPEFramework::RPC::Communicator::MonitorableProcess", "scopeKind": "class"}, {"_type": "tag", "name": "EndProcess", "path": "/home/kavia/workspace/code-generation/app-gateway2/__import__/extracted/app-gateway2-cga-cmf8e7ba8d/dependencies/install/include/WPEFramework/com/Communicator.h", "pattern": "/^            uint32_t EndProcess() override {$/", "language": "C++", "typeref": "typename:uint32_t", "kind": "function", "signature": "()", "scope": "WPEFramework::RPC::Communicator::ContainerProcess", "scopeKind": "class"}, {"_type": "tag", "name": "EndProcess", "path": "/home/kavia/workspace/code-generation/app-gateway2/__import__/extracted/app-gateway2-cga-cmf8e7ba8d/dependencies/install/include/WPEFramework/com/Communicator.h", "pattern": "/^            uint32_t EndProcess() override {$/", "language": "C++", "typeref": "typename:uint32_t", "kind": "function", "signature": "()", "scope": "WPEFramework::RPC::Communicator::LocalProcess", "scopeKind": "class"}, {"_type": "tag", "name": "ForcedDestructionTimes", "path": "/home/kavia/workspace/code-generation/app-gateway2/__import__/extracted/app-gateway2-cga-cmf8e7ba8d/dependencies/install/include/WPEFramework/com/Communicator.h", "pattern": "/^        void ForcedDestructionTimes(const uint8_t softKillCheckWaitTime, const uint8_t hardKillC/", "language": "C++", "typeref": "typename:void", "kind": "function", "signature": "(const uint8_t softKillCheckWaitTime,const uint8_t hardKillCheckWaitTime)", "scope": "WPEFramework::RPC::Communicator", "scopeKind": "class"}, {"_type": "tag", "name": "Group", "path": "/home/kavia/workspace/code-generation/app-gateway2/__import__/extracted/app-gateway2-cga-cmf8e7ba8d/dependencies/install/include/WPEFramework/com/Communicator.h", "pattern": "/^        inline const string& Group() const$/", "language": "C++", "typeref": "typename:const string &", "kind": "function", "signature": "() const", "scope": "WPEFramework::RPC::Object", "scopeKind": "class"}, {"_type": "tag", "name": "Object", "path": "/home/kavia/workspace/code-generation/app-gateway2/__import__/extracted/app-gateway2-cga-cmf8e7ba8d/dependencies/install/include/WPEFramework/com/Communicator.h", "pattern": "/^    class EXTERNAL Object {$/", "language": "C++", "kind": "class", "scope": "WPEFramework::RPC", "scopeKind": "namespace"}], "hash": "668c639bdb9c26d0fe3b1d3a95185bc2", "format-version": 4, "code-base-name": "app-gateway2", "filename": "__import__/extracted/app-gateway2-cga-cmf8e7ba8d/dependencies/install/include/WPEFramework/com/Communicator.h", "fields": [{"name": "Core::JSON::String ContainerPath", "scope": "WPEFramework::RPC::Communicator::ContainerProcess::ContainerConfig", "scopeKind": "class", "description": "unavailable"}], "revision_history": [{"3988": "0f87a35b32215bc8547fb583d6c84bd51f603f69"}]}