{"is_source_file": true, "format": "C++ header file", "description": "This file declares the SharedBuffer class within the WPEFramework::Core namespace. The class is designed to facilitate shared memory communication between processes, incorporating synchronization via semaphores. It includes mechanisms for request-and-acknowledge signaling for data production and consumption, along with management of user, group, and permission attributes.", "external_files": ["DataElementFile.h", "Module.h", "<memory>", "<semaphore.h>"], "external_methods": ["DataElementFile::User", "DataElementFile::Group", "DataElementFile::Permission", "Size()", "User()", "Group()", "Permission()"], "published": ["SharedBuffer", "SharedBuffer::~SharedBuffer", "SharedBuffer(const TCHAR[])", "SharedBuffer(const TCHAR[], const uint32_t, const uint32_t, const uint16_t)", "RequestProduce", "Produced", "RequestConsume", "Consumed", "AdministrationBuffer", "BytesWritten", "User", "Group", "Permission"], "classes": [{"name": "WPEFramework::Core::SharedBuffer", "description": "A class that manages shared memory buffers for inter-process communication, synchronized via semaphores, supporting producer/consumer semantics."}], "methods": [{"name": "SharedBuffer", "description": "Constructor for initializing SharedBuffer objects as consumer or producer."}, {"name": "uint32_t RequestProduce(const uint32_t waitTime)", "description": "Request lock for production, waiting up to specified time.", "scope": "WPEFramework::Core::SharedBuffer", "scopeKind": "class"}, {"name": "uint32_t Produced()", "description": "Signals that data production is complete.", "scope": "WPEFramework::Core::SharedBuffer", "scopeKind": "class"}, {"name": "uint32_t RequestConsume(const uint32_t waitTime)", "description": "Request lock for data consumption, waiting up to specified time.", "scope": "WPEFramework::Core::SharedBuffer", "scopeKind": "class"}, {"name": "uint32_t Consumed()", "description": "Signals that data has been consumed.", "scope": "WPEFramework::Core::SharedBuffer", "scopeKind": "class"}, {"name": "const uint8_t * AdministrationBuffer() const", "description": "Provides access to the administration buffer.", "scope": "WPEFramework::Core::SharedBuffer", "scopeKind": "class"}, {"name": "uint32_t BytesWritten() const", "description": "Returns the number of bytes written to the buffer.", "scope": "WPEFramework::Core::SharedBuffer", "scopeKind": "class"}, {"name": "uint32_t User(const string & userName) const", "description": "Sets or gets user-related permissions.", "scope": "WPEFramework::Core::SharedBuffer", "scopeKind": "class"}, {"name": "uint32_t Group(const string & groupName) const", "description": "Sets or gets group-related permissions.", "scope": "WPEFramework::Core::SharedBuffer", "scopeKind": "class"}, {"name": "uint32_t Permission(uint16_t mode) const", "description": "Sets or gets permission modes.", "scope": "WPEFramework::Core::SharedBuffer", "scopeKind": "class"}, {"name": "uint8_t * AdministrationBuffer()", "scope": "WPEFramework::Core::SharedBuffer", "scopeKind": "class", "description": "unavailable"}], "calls": ["Semaphore::Lock", "Semaphore::Unlock", "Semaphore::IsLocked", "Size()", "User()", "Group()", "Permission()"], "search-terms": ["SharedBuffer", "inter-process shared memory", "semaphore synchronization", "producer consumer buffer", "SharedMemory file", "SharedBuffer C++", "SharedBuffer class"], "state": 2, "file_id": 1414, "knowledge_revision": 4026, "git_revision": "0f87a35b32215bc8547fb583d6c84bd51f603f69", "ctags": [{"_type": "tag", "name": "Administration", "path": "/home/kavia/workspace/code-generation/app-gateway2/__import__/extracted/app-gateway2-cga-cmf8e7ba8d/dependencies/install/include/WPEFramework/core/SharedBuffer.h", "pattern": "/^        struct Administration {$/", "language": "C++", "kind": "struct", "scope": "WPEFramework::Core::SharedBuffer", "scopeKind": "class"}, {"_type": "tag", "name": "AdministrationBuffer", "path": "/home/kavia/workspace/code-generation/app-gateway2/__import__/extracted/app-gateway2-cga-cmf8e7ba8d/dependencies/install/include/WPEFramework/core/SharedBuffer.h", "pattern": "/^        const uint8_t* AdministrationBuffer() const$/", "language": "C++", "typeref": "typename:const uint8_t *", "kind": "function", "signature": "() const", "scope": "WPEFramework::Core::SharedBuffer", "scopeKind": "class"}, {"_type": "tag", "name": "AdministrationBuffer", "path": "/home/kavia/workspace/code-generation/app-gateway2/__import__/extracted/app-gateway2-cga-cmf8e7ba8d/dependencies/install/include/WPEFramework/core/SharedBuffer.h", "pattern": "/^        uint8_t* AdministrationBuffer()$/", "language": "C++", "typeref": "typename:uint8_t *", "kind": "function", "signature": "()", "scope": "WPEFramework::Core::SharedBuffer", "scopeKind": "class"}, {"_type": "tag", "name": "BytesWritten", "path": "/home/kavia/workspace/code-generation/app-gateway2/__import__/extracted/app-gateway2-cga-cmf8e7ba8d/dependencies/install/include/WPEFramework/core/SharedBuffer.h", "pattern": "/^        uint32_t BytesWritten() const$/", "language": "C++", "typeref": "typename:uint32_t", "kind": "function", "signature": "() const", "scope": "WPEFramework::Core::SharedBuffer", "scopeKind": "class"}, {"_type": "tag", "name": "Consumed", "path": "/home/kavia/workspace/code-generation/app-gateway2/__import__/extracted/app-gateway2-cga-cmf8e7ba8d/dependencies/install/include/WPEFramework/core/SharedBuffer.h", "pattern": "/^        uint32_t Consumed()$/", "language": "C++", "typeref": "typename:uint32_t", "kind": "function", "signature": "()", "scope": "WPEFramework::Core::SharedBuffer", "scopeKind": "class"}, {"_type": "tag", "name": "Core", "path": "/home/kavia/workspace/code-generation/app-gateway2/__import__/extracted/app-gateway2-cga-cmf8e7ba8d/dependencies/install/include/WPEFramework/core/SharedBuffer.h", "pattern": "/^namespace Core {$/", "language": "C++", "kind": "namespace", "scope": "WPEFramework", "scopeKind": "namespace"}, {"_type": "tag", "name": "Group", "path": "/home/kavia/workspace/code-generation/app-gateway2/__import__/extracted/app-gateway2-cga-cmf8e7ba8d/dependencies/install/include/WPEFramework/core/SharedBuffer.h", "pattern": "/^        uint32_t Group(const string& groupName) const$/", "language": "C++", "typeref": "typename:uint32_t", "kind": "function", "signature": "(const string & groupName) const", "scope": "WPEFramework::Core::SharedBuffer", "scopeKind": "class"}, {"_type": "tag", "name": "Permission", "path": "/home/kavia/workspace/code-generation/app-gateway2/__import__/extracted/app-gateway2-cga-cmf8e7ba8d/dependencies/install/include/WPEFramework/core/SharedBuffer.h", "pattern": "/^        uint32_t Permission(uint16_t mode) const$/", "language": "C++", "typeref": "typename:uint32_t", "kind": "function", "signature": "(uint16_t mode) const", "scope": "WPEFramework::Core::SharedBuffer", "scopeKind": "class"}, {"_type": "tag", "name": "Produced", "path": "/home/kavia/workspace/code-generation/app-gateway2/__import__/extracted/app-gateway2-cga-cmf8e7ba8d/dependencies/install/include/WPEFramework/core/SharedBuffer.h", "pattern": "/^        inline uint32_t Produced()$/", "language": "C++", "typeref": "typename:uint32_t", "kind": "function", "signature": "()", "scope": "WPEFramework::Core::SharedBuffer", "scopeKind": "class"}, {"_type": "tag", "name": "RequestConsume", "path": "/home/kavia/workspace/code-generation/app-gateway2/__import__/extracted/app-gateway2-cga-cmf8e7ba8d/dependencies/install/include/WPEFramework/core/SharedBuffer.h", "pattern": "/^        uint32_t RequestConsume(const uint32_t waitTime)$/", "language": "C++", "typeref": "typename:uint32_t", "kind": "function", "signature": "(const uint32_t waitTime)", "scope": "WPEFramework::Core::SharedBuffer", "scopeKind": "class"}, {"_type": "tag", "name": "RequestProduce", "path": "/home/kavia/workspace/code-generation/app-gateway2/__import__/extracted/app-gateway2-cga-cmf8e7ba8d/dependencies/install/include/WPEFramework/core/SharedBuffer.h", "pattern": "/^        inline uint32_t RequestProduce(const uint32_t waitTime)$/", "language": "C++", "typeref": "typename:uint32_t", "kind": "function", "signature": "(const uint32_t waitTime)", "scope": "WPEFramework::Core::SharedBuffer", "scopeKind": "class"}, {"_type": "tag", "name": "Semaphore", "path": "/home/kavia/workspace/code-generation/app-gateway2/__import__/extracted/app-gateway2-cga-cmf8e7ba8d/dependencies/install/include/WPEFramework/core/SharedBuffer.h", "pattern": "/^        class Semaphore {$/", "language": "C++", "kind": "class", "scope": "WPEFramework::Core::SharedBuffer", "scopeKind": "class"}, {"_type": "tag", "name": "SharedBuffer", "path": "/home/kavia/workspace/code-generation/app-gateway2/__import__/extracted/app-gateway2-cga-cmf8e7ba8d/dependencies/install/include/WPEFramework/core/SharedBuffer.h", "pattern": "/^    class EXTERNAL SharedBuffer : public DataElementFile {$/", "language": "C++", "kind": "class", "scope": "WPEFramework::Core", "scopeKind": "namespace"}, {"_type": "tag", "name": "User", "path": "/home/kavia/workspace/code-generation/app-gateway2/__import__/extracted/app-gateway2-cga-cmf8e7ba8d/dependencies/install/include/WPEFramework/core/SharedBuffer.h", "pattern": "/^        uint32_t User(const string& userName) const$/", "language": "C++", "typeref": "typename:uint32_t", "kind": "function", "signature": "(const string & userName) const", "scope": "WPEFramework::Core::SharedBuffer", "scopeKind": "class"}, {"_type": "tag", "name": "WPEFramework", "path": "/home/kavia/workspace/code-generation/app-gateway2/__import__/extracted/app-gateway2-cga-cmf8e7ba8d/dependencies/install/include/WPEFramework/core/SharedBuffer.h", "pattern": "/^namespace WPEFramework {$/", "language": "C++", "kind": "namespace"}, {"_type": "tag", "name": "__SHARED_BUFFER_H", "path": "/home/kavia/workspace/code-generation/app-gateway2/__import__/extracted/app-gateway2-cga-cmf8e7ba8d/dependencies/install/include/WPEFramework/core/SharedBuffer.h", "pattern": "/^#define __SHARED_BUFFER_H$/", "language": "C++", "kind": "macro"}, {"_type": "tag", "name": "_administration", "path": "/home/kavia/workspace/code-generation/app-gateway2/__import__/extracted/app-gateway2-cga-cmf8e7ba8d/dependencies/install/include/WPEFramework/core/SharedBuffer.h", "pattern": "/^        Administration* _administration;$/", "language": "C++", "typeref": "typename:Administration *", "kind": "member", "scope": "WPEFramework::Core::SharedBuffer", "scopeKind": "class"}, {"_type": "tag", "name": "_administrationBuffer", "path": "/home/kavia/workspace/code-generation/app-gateway2/__import__/extracted/app-gateway2-cga-cmf8e7ba8d/dependencies/install/include/WPEFramework/core/SharedBuffer.h", "pattern": "/^        DataElementFile _administrationBuffer;$/", "language": "C++", "typeref": "typename:DataElementFile", "kind": "member", "scope": "WPEFramework::Core::SharedBuffer", "scopeKind": "class"}, {"_type": "tag", "name": "_bytesWritten", "path": "/home/kavia/workspace/code-generation/app-gateway2/__import__/extracted/app-gateway2-cga-cmf8e7ba8d/dependencies/install/include/WPEFramework/core/SharedBuffer.h", "pattern": "/^            uint32_t _bytesWritten;$/", "language": "C++", "typeref": "typename:uint32_t", "kind": "member", "scope": "WPEFramework::Core::SharedBuffer::Administration", "scopeKind": "struct"}, {"_type": "tag", "name": "_consumer", "path": "/home/kavia/workspace/code-generation/app-gateway2/__import__/extracted/app-gateway2-cga-cmf8e7ba8d/dependencies/install/include/WPEFramework/core/SharedBuffer.h", "pattern": "/^            sem_t _consumer;$/", "language": "C++", "typeref": "typename:sem_t", "kind": "member", "scope": "WPEFramework::Core::SharedBuffer::Administration", "scopeKind": "struct"}, {"_type": "tag", "name": "_consumer", "path": "/home/kavia/workspace/code-generation/app-gateway2/__import__/extracted/app-gateway2-cga-cmf8e7ba8d/dependencies/install/include/WPEFramework/core/SharedBuffer.h", "pattern": "/^        Semaphore _consumer;$/", "language": "C++", "typeref": "typename:Semaphore", "kind": "member", "scope": "WPEFramework::Core::SharedBuffer", "scopeKind": "class"}, {"_type": "tag", "name": "_customerAdministration", "path": "/home/kavia/workspace/code-generation/app-gateway2/__import__/extracted/app-gateway2-cga-cmf8e7ba8d/dependencies/install/include/WPEFramework/core/SharedBuffer.h", "pattern": "/^        uint8_t* _customerAdministration;$/", "language": "C++", "typeref": "typename:uint8_t *", "kind": "member", "scope": "WPEFramework::Core::SharedBuffer", "scopeKind": "class"}, {"_type": "tag", "name": "_producer", "path": "/home/kavia/workspace/code-generation/app-gateway2/__import__/extracted/app-gateway2-cga-cmf8e7ba8d/dependencies/install/include/WPEFramework/core/SharedBuffer.h", "pattern": "/^            sem_t _producer;$/", "language": "C++", "typeref": "typename:sem_t", "kind": "member", "scope": "WPEFramework::Core::SharedBuffer::Administration", "scopeKind": "struct"}, {"_type": "tag", "name": "_producer", "path": "/home/kavia/workspace/code-generation/app-gateway2/__import__/extracted/app-gateway2-cga-cmf8e7ba8d/dependencies/install/include/WPEFramework/core/SharedBuffer.h", "pattern": "/^        Semaphore _producer;$/", "language": "C++", "typeref": "typename:Semaphore", "kind": "member", "scope": "WPEFramework::Core::SharedBuffer", "scopeKind": "class"}, {"_type": "tag", "name": "_semaphore", "path": "/home/kavia/workspace/code-generation/app-gateway2/__import__/extracted/app-gateway2-cga-cmf8e7ba8d/dependencies/install/include/WPEFramework/core/SharedBuffer.h", "pattern": "/^            HANDLE _semaphore;$/", "language": "C++", "typeref": "typename:HANDLE", "kind": "member", "scope": "WPEFramework::Core::SharedBuffer::Semaphore", "scopeKind": "class"}], "hash": "773186fa93d2bebd41d73318630eaed0", "format-version": 4, "code-base-name": "app-gateway2", "filename": "__import__/extracted/app-gateway2-cga-cmf8e7ba8d/dependencies/install/include/WPEFramework/core/SharedBuffer.h", "fields": [{"name": "Administration * _administration", "scope": "WPEFramework::Core::SharedBuffer", "scopeKind": "class", "description": "unavailable"}, {"name": "DataElementFile _administrationBuffer", "scope": "WPEFramework::Core::SharedBuffer", "scopeKind": "class", "description": "unavailable"}, {"name": "uint32_t _bytesWritten", "scope": "WPEFramework::Core::SharedBuffer::Administration", "scopeKind": "struct", "description": "unavailable"}, {"name": "sem_t _consumer", "scope": "WPEFramework::Core::SharedBuffer::Administration", "scopeKind": "struct", "description": "unavailable"}, {"name": "Semaphore _consumer", "scope": "WPEFramework::Core::SharedBuffer", "scopeKind": "class", "description": "unavailable"}, {"name": "uint8_t * _customerAdministration", "scope": "WPEFramework::Core::SharedBuffer", "scopeKind": "class", "description": "unavailable"}, {"name": "sem_t _producer", "scope": "WPEFramework::Core::SharedBuffer::Administration", "scopeKind": "struct", "description": "unavailable"}, {"name": "Semaphore _producer", "scope": "WPEFramework::Core::SharedBuffer", "scopeKind": "class", "description": "unavailable"}, {"name": "HANDLE _semaphore", "scope": "WPEFramework::Core::SharedBuffer::Semaphore", "scopeKind": "class", "description": "unavailable"}], "revision_history": [{"4026": "0f87a35b32215bc8547fb583d6c84bd51f603f69"}]}