{"is_source_file": true, "format": "C++ header", "description": "This header file defines the Resolver class responsible for managing configuration and resolution of app aliases, including loading configs, querying capabilities, and resolving aliases within a plugin framework.", "external_files": ["Module.h", "UtilsLogging.h", "StringUtils.h", "<unordered_map>", "<mutex>", "<vector>", "<core/Enumerate.h>", "../helpers/JsonCompat.h"], "external_methods": ["WPEFramework::Core::JSON::Container::Add", "WPEFramework::Core::JSON::Container::Resolutions", "WPEFramework::Core::JSON::VariantContainer", "WPEFramework::Core::JSON::Object", "WPEFramework::JSON::Variant", "WPEFramework::Core::hresult", "WPEFramework::Core::JSON::Object &LoadConfig()", "WPEFramework::Core::JSON::Object &Get()", "WPEFramework::Core::JSON::Object::operator[]", "WPEFramework::Core::JSON::Object::IsSet", "WPEFramework::Core::JSON::Object::Get", "std::shared_ptr", "std::unordered_map", "std::mutex", "std::string"], "published": ["Resolver", "ConfigContainer", "ProviderMethodTypeMap"], "classes": [{"name": "ConfigContainer", "description": "Container class for JSON configuration, holding a list of resolution entries."}, {"name": "Resolution", "description": "Struct that encapsulates resolution details such as alias, event, permission group, provider capability, includeContext, and useComRpc flags."}, {"name": "Resolver", "description": "Main class managing resolution logic, including config loading, alias resolution, and capability queries."}], "methods": [{"name": "Resolver", "description": "Default constructor."}, {"name": "Resolver", "description": "Constructor initializing with a shell interface and configuration path."}, {"name": "LoadConfig", "description": "Loads resolutions from a JSON configuration file."}, {"name": "ClearResolutions", "description": "Clears all existing resolution entries."}, {"name": "IsConfigured", "description": "Checks if the resolver has been properly configured."}, {"name": "LoadPaths", "description": "Loads multiple resolution paths for backward compatibility."}, {"name": "Get", "description": "Retrieves resolution details for a given appId and key."}, {"name": "ResolveAlias", "description": "Resolves an alias request to a callsign or plugin."}, {"name": "CallThunderPlugin", "description": "Communicates with a plugin by alias, sending parameters and receiving response."}, {"name": "HasProviderCapability", "description": "Checks if a given key has an associated provider capability and method type."}, {"name": "HasComRpcRequestSupport", "description": "Checks if a given key supports ComRPC requests."}, {"name": "HasEvent", "description": "Checks if an event exists for a given key."}, {"name": "HasIncludeContext", "description": "Checks if includeContext is enabled for a given key."}, {"name": "ParseAlias", "description": "Parses an alias string into callsign and plugin method."}, {"name": "ExtractStringField", "description": "Helper to extract string fields safely from JSON variants."}, {"name": "ExtractBooleanField", "description": "Helper to extract boolean fields safely from JSON variants."}, {"name": "getType", "description": "Converts string to ProviderMethodType enum value."}, {"name": "ConfigContainer()", "scope": "WPEFramework::Plugin::ConfigContainer", "scopeKind": "class", "description": "unavailable"}], "calls": ["WPEFramework::Core::JSON::Container::Add", "WPEFramework::Core::JSON::Container", "WPEFramework::Core::JSON::VariantContainer", "WPEFramework::Core::JSON::Object", "WPEFramework::JSON::Variant", "WPEFramework::Core::hresult", "WPEFramework::Core::JSON::Object::operator[]", "WPEFramework::Core::JSON::Object::IsSet", "WPEFramework::Core::JSON::Object::Get"], "search-terms": ["AppGateway Resolver", "Resolution configuration parser", "alias resolution", "provider capability", "ComRpc support", "load resolutions", "Plugin alias handling"], "state": 2, "file_id": 1150, "knowledge_revision": 3781, "git_revision": "0f87a35b32215bc8547fb583d6c84bd51f603f69", "ctags": [{"_type": "tag", "name": "ConfigContainer", "path": "/home/kavia/workspace/code-generation/app-gateway2/__import__/extracted/app-gateway2-cga-cmf8e7ba8d/app-gateway/AppGateway/Resolver.h", "pattern": "/^            ConfigContainer()$/", "language": "C++", "kind": "function", "signature": "()", "scope": "WPEFramework::Plugin::ConfigContainer", "scopeKind": "class"}, {"_type": "tag", "name": "ConfigContainer", "path": "/home/kavia/workspace/code-generation/app-gateway2/__import__/extracted/app-gateway2-cga-cmf8e7ba8d/app-gateway/AppGateway/Resolver.h", "pattern": "/^        class ConfigContainer : public WPEFramework::Core::JSON::Container$/", "language": "C++", "kind": "class", "scope": "WPEFramework::Plugin", "scopeKind": "namespace"}, {"_type": "tag", "name": "ERROR", "path": "/home/kavia/workspace/code-generation/app-gateway2/__import__/extracted/app-gateway2-cga-cmf8e7ba8d/app-gateway/AppGateway/Resolver.h", "pattern": "/^            ERROR$/", "language": "C++", "kind": "enumerator", "scope": "WPEFramework::Plugin::ProviderMethodType", "scopeKind": "enum"}, {"_type": "tag", "name": "INVOKE", "path": "/home/kavia/workspace/code-generation/app-gateway2/__import__/extracted/app-gateway2-cga-cmf8e7ba8d/app-gateway/AppGateway/Resolver.h", "pattern": "/^            INVOKE,$/", "language": "C++", "kind": "enumerator", "scope": "WPEFramework::Plugin::ProviderMethodType", "scopeKind": "enum"}, {"_type": "tag", "name": "NONE", "path": "/home/kavia/workspace/code-generation/app-gateway2/__import__/extracted/app-gateway2-cga-cmf8e7ba8d/app-gateway/AppGateway/Resolver.h", "pattern": "/^            NONE,$/", "language": "C++", "kind": "enumerator", "scope": "WPEFramework::Plugin::ProviderMethodType", "scopeKind": "enum"}, {"_type": "tag", "name": "Plugin", "path": "/home/kavia/workspace/code-generation/app-gateway2/__import__/extracted/app-gateway2-cga-cmf8e7ba8d/app-gateway/AppGateway/Resolver.h", "pattern": "/^    namespace Plugin$/", "language": "C++", "kind": "namespace", "scope": "WPEFramework", "scopeKind": "namespace"}, {"_type": "tag", "name": "ProviderMethodType", "path": "/home/kavia/workspace/code-generation/app-gateway2/__import__/extracted/app-gateway2-cga-cmf8e7ba8d/app-gateway/AppGateway/Resolver.h", "pattern": "/^        enum ProviderMethodType: uint8_t$/", "language": "C++", "typeref": "typename:uint8_t", "kind": "enum", "scope": "WPEFramework::Plugin", "scopeKind": "namespace"}, {"_type": "tag", "name": "ProviderMethodTypeMap", "path": "/home/kavia/workspace/code-generation/app-gateway2/__import__/extracted/app-gateway2-cga-cmf8e7ba8d/app-gateway/AppGateway/Resolver.h", "pattern": "/^        static const std::unordered_map<std::string, ProviderMethodType> ProviderMethodTypeMap =/", "language": "C++", "typeref": "typename:const std::unordered_map<std::string,ProviderMethodType>", "kind": "variable", "scope": "WPEFramework::Plugin", "scopeKind": "namespace"}, {"_type": "tag", "name": "REGISTER", "path": "/home/kavia/workspace/code-generation/app-gateway2/__import__/extracted/app-gateway2-cga-cmf8e7ba8d/app-gateway/AppGateway/Resolver.h", "pattern": "/^            REGISTER,$/", "language": "C++", "kind": "enumerator", "scope": "WPEFramework::Plugin::ProviderMethodType", "scopeKind": "enum"}, {"_type": "tag", "name": "RESULT", "path": "/home/kavia/workspace/code-generation/app-gateway2/__import__/extracted/app-gateway2-cga-cmf8e7ba8d/app-gateway/AppGateway/Resolver.h", "pattern": "/^            RESULT,$/", "language": "C++", "kind": "enumerator", "scope": "WPEFramework::Plugin::ProviderMethodType", "scopeKind": "enum"}, {"_type": "tag", "name": "Resolution", "path": "/home/kavia/workspace/code-generation/app-gateway2/__import__/extracted/app-gateway2-cga-cmf8e7ba8d/app-gateway/AppGateway/Resolver.h", "pattern": "/^        struct Resolution$/", "language": "C++", "kind": "struct", "scope": "WPEFramework::Plugin", "scopeKind": "namespace"}, {"_type": "tag", "name": "Resolutions", "path": "/home/kavia/workspace/code-generation/app-gateway2/__import__/extracted/app-gateway2-cga-cmf8e7ba8d/app-gateway/AppGateway/Resolver.h", "pattern": "/^            WPEFramework::Core::JSON::VariantContainer Resolutions;$/", "language": "C++", "typeref": "typename:WPEFramework::Core::JSON::VariantContainer", "kind": "member", "scope": "WPEFramework::Plugin::ConfigContainer", "scopeKind": "class"}, {"_type": "tag", "name": "Resolver", "path": "/home/kavia/workspace/code-generation/app-gateway2/__import__/extracted/app-gateway2-cga-cmf8e7ba8d/app-gateway/AppGateway/Resolver.h", "pattern": "/^        class Resolver$/", "language": "C++", "kind": "class", "scope": "WPEFramework::Plugin", "scopeKind": "namespace"}, {"_type": "tag", "name": "ResolverPtr", "path": "/home/kavia/workspace/code-generation/app-gateway2/__import__/extracted/app-gateway2-cga-cmf8e7ba8d/app-gateway/AppGateway/Resolver.h", "pattern": "/^        using ResolverPtr = std::shared_ptr<Resolver>;$/", "language": "C++", "typeref": "typename:std::shared_ptr<Resolver>", "kind": "typedef", "scope": "WPEFramework::Plugin", "scopeKind": "namespace"}, {"_type": "tag", "name": "WPEFramework", "path": "/home/kavia/workspace/code-generation/app-gateway2/__import__/extracted/app-gateway2-cga-cmf8e7ba8d/app-gateway/AppGateway/Resolver.h", "pattern": "/^namespace WPEFramework$/", "language": "C++", "kind": "namespace"}, {"_type": "tag", "name": "alias", "path": "/home/kavia/workspace/code-generation/app-gateway2/__import__/extracted/app-gateway2-cga-cmf8e7ba8d/app-gateway/AppGateway/Resolver.h", "pattern": "/^            std::string alias;$/", "language": "C++", "typeref": "typename:std::string", "kind": "member", "scope": "WPEFramework::Plugin::Resolution", "scopeKind": "struct"}, {"_type": "tag", "name": "event", "path": "/home/kavia/workspace/code-generation/app-gateway2/__import__/extracted/app-gateway2-cga-cmf8e7ba8d/app-gateway/AppGateway/Resolver.h", "pattern": "/^            std::string event;$/", "language": "C++", "typeref": "typename:std::string", "kind": "member", "scope": "WPEFramework::Plugin::Resolution", "scopeKind": "struct"}, {"_type": "tag", "name": "includeContext", "path": "/home/kavia/workspace/code-generation/app-gateway2/__import__/extracted/app-gateway2-cga-cmf8e7ba8d/app-gateway/AppGateway/Resolver.h", "pattern": "/^            bool includeContext = false;$/", "language": "C++", "typeref": "typename:bool", "kind": "member", "scope": "WPEFramework::Plugin::Resolution", "scopeKind": "struct"}, {"_type": "tag", "name": "mMutex", "path": "/home/kavia/workspace/code-generation/app-gateway2/__import__/extracted/app-gateway2-cga-cmf8e7ba8d/app-gateway/AppGateway/Resolver.h", "pattern": "/^            std::mutex mMutex;$/", "language": "C++", "typeref": "typename:std::mutex", "kind": "member", "scope": "WPEFramework::Plugin::Resolver", "scopeKind": "class"}, {"_type": "tag", "name": "mResolutions", "path": "/home/kavia/workspace/code-generation/app-gateway2/__import__/extracted/app-gateway2-cga-cmf8e7ba8d/app-gateway/AppGateway/Resolver.h", "pattern": "/^            std::unordered_map<std::string, Resolution> mResolutions;$/", "language": "C++", "typeref": "typename:std::unordered_map<std::string,Resolution>", "kind": "member", "scope": "WPEFramework::Plugin::Resolver", "scopeKind": "class"}, {"_type": "tag", "name": "mService", "path": "/home/kavia/workspace/code-generation/app-gateway2/__import__/extracted/app-gateway2-cga-cmf8e7ba8d/app-gateway/AppGateway/Resolver.h", "pattern": "/^            PluginHost::IShell *mService;$/", "language": "C++", "typeref": "typename:PluginHost::IShell *", "kind": "member", "scope": "WPEFramework::Plugin::Resolver", "scopeKind": "class"}, {"_type": "tag", "name": "permissionGroup", "path": "/home/kavia/workspace/code-generation/app-gateway2/__import__/extracted/app-gateway2-cga-cmf8e7ba8d/app-gateway/AppGateway/Resolver.h", "pattern": "/^            std::string permissionGroup;$/", "language": "C++", "typeref": "typename:std::string", "kind": "member", "scope": "WPEFramework::Plugin::Resolution", "scopeKind": "struct"}, {"_type": "tag", "name": "providerCapability", "path": "/home/kavia/workspace/code-generation/app-gateway2/__import__/extracted/app-gateway2-cga-cmf8e7ba8d/app-gateway/AppGateway/Resolver.h", "pattern": "/^            std::string providerCapability;$/", "language": "C++", "typeref": "typename:std::string", "kind": "member", "scope": "WPEFramework::Plugin::Resolution", "scopeKind": "struct"}, {"_type": "tag", "name": "useComRpc", "path": "/home/kavia/workspace/code-generation/app-gateway2/__import__/extracted/app-gateway2-cga-cmf8e7ba8d/app-gateway/AppGateway/Resolver.h", "pattern": "/^            bool useComRpc = false;$/", "language": "C++", "typeref": "typename:bool", "kind": "member", "scope": "WPEFramework::Plugin::Resolution", "scopeKind": "struct"}], "hash": "60475d07224044905a4adcf1fed00116", "format-version": 4, "code-base-name": "app-gateway2", "filename": "__import__/extracted/app-gateway2-cga-cmf8e7ba8d/app-gateway/AppGateway/Resolver.h", "fields": [{"name": "const std::unordered_map<std::string,ProviderMethodType> ProviderMethodTypeMap", "scope": "WPEFramework::Plugin", "scopeKind": "namespace", "description": "unavailable"}, {"name": "WPEFramework::Core::JSON::VariantContainer Resolutions", "scope": "WPEFramework::Plugin::ConfigContainer", "scopeKind": "class", "description": "unavailable"}, {"name": "std::string alias", "scope": "WPEFramework::Plugin::Resolution", "scopeKind": "struct", "description": "unavailable"}, {"name": "std::string event", "scope": "WPEFramework::Plugin::Resolution", "scopeKind": "struct", "description": "unavailable"}, {"name": "bool includeContext", "scope": "WPEFramework::Plugin::Resolution", "scopeKind": "struct", "description": "unavailable"}, {"name": "std::mutex mMutex", "scope": "WPEFramework::Plugin::Resolver", "scopeKind": "class", "description": "unavailable"}, {"name": "std::unordered_map<std::string,Resolution> mResolutions", "scope": "WPEFramework::Plugin::Resolver", "scopeKind": "class", "description": "unavailable"}, {"name": "PluginHost::IShell * mService", "scope": "WPEFramework::Plugin::Resolver", "scopeKind": "class", "description": "unavailable"}, {"name": "std::string permissionGroup", "scope": "WPEFramework::Plugin::Resolution", "scopeKind": "struct", "description": "unavailable"}, {"name": "std::string providerCapability", "scope": "WPEFramework::Plugin::Resolution", "scopeKind": "struct", "description": "unavailable"}, {"name": "bool useComRpc", "scope": "WPEFramework::Plugin::Resolution", "scopeKind": "struct", "description": "unavailable"}], "revision_history": [{"3781": "0f87a35b32215bc8547fb583d6c84bd51f603f69"}]}