{"is_source_file": true, "format": "C++ header (.h)", "description": "This file defines interfaces related to Dolby output functionality in the WPEFramework project, including enumerations, notification mechanisms, and methods for configuring Dolby sound modes and metadata.", "external_files": ["Module.h", "Core/IUnknown.h", "Core", "unknown", "Unknown header dependencies"], "external_methods": ["Core::IUnknown::~IUnknown()", "Core::IUnknown::Register()", "Core::IUnknown::Unregister()"], "published": ["WPEFramework::Exchange::Dolby::IOutput"], "classes": [{"name": "IOutput", "description": "Interface for configuring and monitoring Dolby output features, including sound modes, Atmos metadata, and notification registration."}, {"name": "INotification", "description": "Callback interface for receiving Dolby output events such as sound mode changes."}], "methods": [{"name": "Register", "description": "Register a callback object to receive Dolby output notifications."}, {"name": "Unregister", "description": "Unregister a previously registered notification callback."}, {"name": "AtmosMetadata", "description": "Query whether Atmos metadata is supported by the sink device."}, {"name": "SoundMode", "description": "Retrieve the current Dolby sound mode setting."}, {"name": "EnableAtmosOutput", "description": "Enable or disable Atmos audio output."}, {"name": "Mode", "description": "Set or get the Dolby mode type."}], "calls": ["Core::IUnknown::~IUnknown()", "Core::IUnknown::Register()", "Core::IUnknown::Unregister()"], "search-terms": ["IDolby", "IOutput", "Dolby::SoundModes", "AtmosMetadata", "EnableAtmosOutput", "Mode", "Notification"], "state": 2, "file_id": 1473, "knowledge_revision": 4077, "git_revision": "0f87a35b32215bc8547fb583d6c84bd51f603f69", "ctags": [{"_type": "tag", "name": "AUTO", "path": "/home/kavia/workspace/code-generation/app-gateway2/__import__/extracted/app-gateway2-cga-cmf8e7ba8d/dependencies/install/include/WPEFramework/interfaces/IDolby.h", "pattern": "/^                AUTO = 5,$/", "language": "C++", "kind": "enumerator", "scope": "WPEFramework::Exchange::Dolby::IOutput::Type", "scopeKind": "enum"}, {"_type": "tag", "name": "DIGITAL_AC3", "path": "/home/kavia/workspace/code-generation/app-gateway2/__import__/extracted/app-gateway2-cga-cmf8e7ba8d/dependencies/install/include/WPEFramework/interfaces/IDolby.h", "pattern": "/^                DIGITAL_AC3 = 4,$/", "language": "C++", "kind": "enumerator", "scope": "WPEFramework::Exchange::Dolby::IOutput::Type", "scopeKind": "enum"}, {"_type": "tag", "name": "DIGITAL_PASSTHROUGH", "path": "/home/kavia/workspace/code-generation/app-gateway2/__import__/extracted/app-gateway2-cga-cmf8e7ba8d/dependencies/install/include/WPEFramework/interfaces/IDolby.h", "pattern": "/^                DIGITAL_PASSTHROUGH = 6,$/", "language": "C++", "kind": "enumerator", "scope": "WPEFramework::Exchange::Dolby::IOutput::Type", "scopeKind": "enum"}, {"_type": "tag", "name": "DIGITAL_PCM", "path": "/home/kavia/workspace/code-generation/app-gateway2/__import__/extracted/app-gateway2-cga-cmf8e7ba8d/dependencies/install/include/WPEFramework/interfaces/IDolby.h", "pattern": "/^                DIGITAL_PCM = 0,$/", "language": "C++", "kind": "enumerator", "scope": "WPEFramework::Exchange::Dolby::IOutput::Type", "scopeKind": "enum"}, {"_type": "tag", "name": "DIGITAL_PLUS", "path": "/home/kavia/workspace/code-generation/app-gateway2/__import__/extracted/app-gateway2-cga-cmf8e7ba8d/dependencies/install/include/WPEFramework/interfaces/IDolby.h", "pattern": "/^                DIGITAL_PLUS = 3,$/", "language": "C++", "kind": "enumerator", "scope": "WPEFramework::Exchange::Dolby::IOutput::Type", "scopeKind": "enum"}, {"_type": "tag", "name": "DOLBYDIGITAL", "path": "/home/kavia/workspace/code-generation/app-gateway2/__import__/extracted/app-gateway2-cga-cmf8e7ba8d/dependencies/install/include/WPEFramework/interfaces/IDolby.h", "pattern": "/^                DOLBYDIGITAL,$/", "language": "C++", "kind": "enumerator", "scope": "WPEFramework::Exchange::Dolby::IOutput::SoundModes", "scopeKind": "enum"}, {"_type": "tag", "name": "DOLBYDIGITALPLUS", "path": "/home/kavia/workspace/code-generation/app-gateway2/__import__/extracted/app-gateway2-cga-cmf8e7ba8d/dependencies/install/include/WPEFramework/interfaces/IDolby.h", "pattern": "/^                DOLBYDIGITALPLUS,$/", "language": "C++", "kind": "enumerator", "scope": "WPEFramework::Exchange::Dolby::IOutput::SoundModes", "scopeKind": "enum"}, {"_type": "tag", "name": "Dolby", "path": "/home/kavia/workspace/code-generation/app-gateway2/__import__/extracted/app-gateway2-cga-cmf8e7ba8d/dependencies/install/include/WPEFramework/interfaces/IDolby.h", "pattern": "/^    namespace Dolby {$/", "language": "C++", "kind": "namespace", "scope": "WPEFramework::Exchange", "scopeKind": "namespace"}, {"_type": "tag", "name": "Exchange", "path": "/home/kavia/workspace/code-generation/app-gateway2/__import__/extracted/app-gateway2-cga-cmf8e7ba8d/dependencies/install/include/WPEFramework/interfaces/IDolby.h", "pattern": "/^namespace Exchange {$/", "language": "C++", "kind": "namespace", "scope": "WPEFramework", "scopeKind": "namespace"}, {"_type": "tag", "name": "ID", "path": "/home/kavia/workspace/code-generation/app-gateway2/__import__/extracted/app-gateway2-cga-cmf8e7ba8d/dependencies/install/include/WPEFramework/interfaces/IDolby.h", "pattern": "/^                enum { ID = ID_DOLBY_OUTPUT_NOTIFICATION };$/", "language": "C++", "kind": "enumerator", "scope": "WPEFramework::Exchange::Dolby::IOutput::INotification::__anon003075d50203", "scopeKind": "enum"}, {"_type": "tag", "name": "ID", "path": "/home/kavia/workspace/code-generation/app-gateway2/__import__/extracted/app-gateway2-cga-cmf8e7ba8d/dependencies/install/include/WPEFramework/interfaces/IDolby.h", "pattern": "/^            enum { ID = ID_DOLBY_OUTPUT };$/", "language": "C++", "kind": "enumerator", "scope": "WPEFramework::Exchange::Dolby::IOutput::__anon003075d50103", "scopeKind": "enum"}, {"_type": "tag", "name": "INotification", "path": "/home/kavia/workspace/code-generation/app-gateway2/__import__/extracted/app-gateway2-cga-cmf8e7ba8d/dependencies/install/include/WPEFramework/interfaces/IDolby.h", "pattern": "/^            struct EXTERNAL INotification : virtual public Core::IUnknown {$/", "language": "C++", "kind": "struct", "scope": "WPEFramework::Exchange::Dolby::IOutput", "scopeKind": "struct"}, {"_type": "tag", "name": "IOutput", "path": "/home/kavia/workspace/code-generation/app-gateway2/__import__/extracted/app-gateway2-cga-cmf8e7ba8d/dependencies/install/include/WPEFramework/interfaces/IDolby.h", "pattern": "/^        struct EXTERNAL IOutput : virtual public Core::IUnknown {$/", "language": "C++", "kind": "struct", "scope": "WPEFramework::Exchange::Dolby", "scopeKind": "namespace"}, {"_type": "tag", "name": "MONO", "path": "/home/kavia/workspace/code-generation/app-gateway2/__import__/extracted/app-gateway2-cga-cmf8e7ba8d/dependencies/install/include/WPEFramework/interfaces/IDolby.h", "pattern": "/^                MONO,$/", "language": "C++", "kind": "enumerator", "scope": "WPEFramework::Exchange::Dolby::IOutput::SoundModes", "scopeKind": "enum"}, {"_type": "tag", "name": "MS12", "path": "/home/kavia/workspace/code-generation/app-gateway2/__import__/extracted/app-gateway2-cga-cmf8e7ba8d/dependencies/install/include/WPEFramework/interfaces/IDolby.h", "pattern": "/^                MS12 = 7$/", "language": "C++", "kind": "enumerator", "scope": "WPEFramework::Exchange::Dolby::IOutput::Type", "scopeKind": "enum"}, {"_type": "tag", "name": "PASSTHRU", "path": "/home/kavia/workspace/code-generation/app-gateway2/__import__/extracted/app-gateway2-cga-cmf8e7ba8d/dependencies/install/include/WPEFramework/interfaces/IDolby.h", "pattern": "/^                PASSTHRU,$/", "language": "C++", "kind": "enumerator", "scope": "WPEFramework::Exchange::Dolby::IOutput::SoundModes", "scopeKind": "enum"}, {"_type": "tag", "name": "SOUNDMODE_AUTO", "path": "/home/kavia/workspace/code-generation/app-gateway2/__import__/extracted/app-gateway2-cga-cmf8e7ba8d/dependencies/install/include/WPEFramework/interfaces/IDolby.h", "pattern": "/^                SOUNDMODE_AUTO$/", "language": "C++", "kind": "enumerator", "scope": "WPEFramework::Exchange::Dolby::IOutput::SoundModes", "scopeKind": "enum"}, {"_type": "tag", "name": "STEREO", "path": "/home/kavia/workspace/code-generation/app-gateway2/__import__/extracted/app-gateway2-cga-cmf8e7ba8d/dependencies/install/include/WPEFramework/interfaces/IDolby.h", "pattern": "/^                STEREO,$/", "language": "C++", "kind": "enumerator", "scope": "WPEFramework::Exchange::Dolby::IOutput::SoundModes", "scopeKind": "enum"}, {"_type": "tag", "name": "SURROUND", "path": "/home/kavia/workspace/code-generation/app-gateway2/__import__/extracted/app-gateway2-cga-cmf8e7ba8d/dependencies/install/include/WPEFramework/interfaces/IDolby.h", "pattern": "/^                SURROUND,$/", "language": "C++", "kind": "enumerator", "scope": "WPEFramework::Exchange::Dolby::IOutput::SoundModes", "scopeKind": "enum"}, {"_type": "tag", "name": "SoundModes", "path": "/home/kavia/workspace/code-generation/app-gateway2/__import__/extracted/app-gateway2-cga-cmf8e7ba8d/dependencies/install/include/WPEFramework/interfaces/IDolby.h", "pattern": "/^            enum SoundModes : uint8_t {$/", "language": "C++", "typeref": "typename:uint8_t", "kind": "enum", "scope": "WPEFramework::Exchange::Dolby::IOutput", "scopeKind": "struct"}, {"_type": "tag", "name": "Type", "path": "/home/kavia/workspace/code-generation/app-gateway2/__import__/extracted/app-gateway2-cga-cmf8e7ba8d/dependencies/install/include/WPEFramework/interfaces/IDolby.h", "pattern": "/^            enum Type : uint8_t {$/", "language": "C++", "typeref": "typename:uint8_t", "kind": "enum", "scope": "WPEFramework::Exchange::Dolby::IOutput", "scopeKind": "struct"}, {"_type": "tag", "name": "UNKNOWN", "path": "/home/kavia/workspace/code-generation/app-gateway2/__import__/extracted/app-gateway2-cga-cmf8e7ba8d/dependencies/install/include/WPEFramework/interfaces/IDolby.h", "pattern": "/^                UNKNOWN,$/", "language": "C++", "kind": "enumerator", "scope": "WPEFramework::Exchange::Dolby::IOutput::SoundModes", "scopeKind": "enum"}, {"_type": "tag", "name": "WPEFramework", "path": "/home/kavia/workspace/code-generation/app-gateway2/__import__/extracted/app-gateway2-cga-cmf8e7ba8d/dependencies/install/include/WPEFramework/interfaces/IDolby.h", "pattern": "/^namespace WPEFramework {$/", "language": "C++", "kind": "namespace"}, {"_type": "tag", "name": "__anon003075d50103", "path": "/home/kavia/workspace/code-generation/app-gateway2/__import__/extracted/app-gateway2-cga-cmf8e7ba8d/dependencies/install/include/WPEFramework/interfaces/IDolby.h", "pattern": "/^            enum { ID = ID_DOLBY_OUTPUT };$/", "language": "C++", "kind": "enum", "scope": "WPEFramework::Exchange::Dolby::IOutput", "scopeKind": "struct"}, {"_type": "tag", "name": "__anon003075d50203", "path": "/home/kavia/workspace/code-generation/app-gateway2/__import__/extracted/app-gateway2-cga-cmf8e7ba8d/dependencies/install/include/WPEFramework/interfaces/IDolby.h", "pattern": "/^                enum { ID = ID_DOLBY_OUTPUT_NOTIFICATION };$/", "language": "C++", "kind": "enum", "scope": "WPEFramework::Exchange::Dolby::IOutput::INotification", "scopeKind": "struct"}], "hash": "50b4d2c72ab34ae4f50ab35b588ba08c", "format-version": 4, "code-base-name": "app-gateway2", "filename": "__import__/extracted/app-gateway2-cga-cmf8e7ba8d/dependencies/install/include/WPEFramework/interfaces/IDolby.h", "revision_history": [{"4077": "0f87a35b32215bc8547fb583d6c84bd51f603f69"}]}