{"is_source_file": true, "format": "C++ header file", "description": "This file defines the MessageUnit class within the WPEFramework::Messaging namespace, handling message buffer management, message control metadata, configuration settings, and inter-process communication for message dispatching. It includes classes for message control, settings management, client connections, and dispatcher setup, dedicated to facilitating message passing and control within a messaging system.", "external_files": ["Module.h", "MessageDispatcher.h", "TraceFactory.h", "DirectOutput.h"], "external_methods": ["Core::ParsePathInfo", "Core::Directory::Normalize", "Core::SystemInfo::SetEnvironment", "Core::SystemInfo::GetEnvironment", "Core::TextSegmentIterator::Next", "Core::TextSegmentIterator::Current", "Core::NodeId", "Core::infinite", "Core::NumberType", "Core::CriticalSection", "Core::ProxyType", "Core::ProxyObject", "Core::IIPCServer", "Core::IPCChannel", "Core::Void", "Core::Json::Container", "Core::JSON::ArrayType", "Core::JSON::String", "Core::JSON::Boolean", "Core::JSON::DecUInt16"], "published": ["Instance", "Open", "Close", "Default", "Push"], "classes": [{"name": "MessageUnit", "description": "Central class managing message buffers, configuration, and inter-process communication for message dispatching within the WPEFramework messaging system."}, {"name": "MessageUnit::Control", "description": "Represents the control information for message categories, handling serialization/deserialization and enabling/disabling message categories."}, {"name": "MessageUnit::Settings", "description": "Manages configuration settings for message dispatching, including environment variable handling, configuration loading/saving, and per-category message control."}, {"name": "MessageUnit::Client", "description": "Represents a client connection for updating and retrieving message control metadata via IPC channels."}, {"name": "MessageUnit::MessageDispatcher", "description": "Handles dispatching messages, maintains IPC channels, and manages metadata frame handling for message control updates and queries."}, {"name": "MessageUnit::MessageDispatcher::MetaDataBuffer", "description": "Wraps IPC channel communication for metadata frame exchange with handlers for message update and retrieval."}, {"name": "MessageUnit::MessageDispatcher::MetadataFrameHandler", "description": "Processes incoming IPC messages for metadata updates or responses, interacting with the parent MessageUnit to update controls or respond with current state."}], "methods": [{"name": "MessageUnit::Instance", "description": "Returns the singleton instance of the MessageUnit."}, {"name": "MessageUnit::Open", "description": "Initializes and opens the MessageUnit with specified path/configuration or instance ID."}, {"name": "MessageUnit::Close", "description": "Closes and cleans up resources associated with MessageUnit."}, {"name": "MessageUnit::Default", "description": "Checks if a given Metadata control is enabled by default."}, {"name": "MessageUnit::Push", "description": "Pushes a message with associated message info and message data to the dispatch system."}, {"name": "MessageUnit::Serialize", "description": "Serializes control metadata into a buffer."}, {"name": "MessageUnit::Update", "description": "Updates message control metadata based on new control info and enable state."}, {"name": "MessageUnit::Update", "description": "Internal method to propagate control updates."}, {"name": "const string & BasePath() const", "scope": "WPEFramework::Messaging::MessageUnit", "scopeKind": "class", "description": "unavailable"}, {"name": "const string & Category() const", "scope": "WPEFramework::Messaging::MessageUnit::Iterator", "scopeKind": "class", "description": "unavailable"}, {"name": "Client(const string & identifier,const uint32_t instanceId,const string & baseDirectory,const uint16_t socketPort=0)", "scope": "WPEFramework::Messaging::MessageUnit::Client", "scopeKind": "class", "description": "unavailable"}, {"name": "Config()", "scope": "WPEFramework::Messaging::MessageUnit::Settings::Config", "scopeKind": "class", "description": "unavailable"}, {"name": "void Configure(const string & basePath,const string & identifier,const string & config,const bool background,const flush flushMode)", "scope": "WPEFramework::Messaging::MessageUnit::Settings", "scopeKind": "class", "description": "unavailable"}, {"name": "Control()", "scope": "WPEFramework::Messaging::MessageUnit::Control", "scopeKind": "class", "description": "unavailable"}, {"name": "Control(Control && rhs)", "scope": "WPEFramework::Messaging::MessageUnit::Control", "scopeKind": "class", "description": "unavailable"}, {"name": "Control(const Control & copy)", "scope": "WPEFramework::Messaging::MessageUnit::Control", "scopeKind": "class", "description": "unavailable"}, {"name": "Control(const Metadata & info,const bool enabled)", "scope": "WPEFramework::Messaging::MessageUnit::Control", "scopeKind": "class", "description": "unavailable"}, {"name": "uint16_t Deserialize(const uint8_t buffer[],const uint16_t bufferSize)", "scope": "WPEFramework::Messaging::MessageUnit::Control", "scopeKind": "class", "description": "unavailable"}, {"name": "bool Enabled() const", "scope": "WPEFramework::Messaging::MessageUnit::Iterator", "scopeKind": "class", "description": "unavailable"}, {"name": "Entry()", "scope": "WPEFramework::Messaging::MessageUnit::Settings::Config::TracingSection::Entry", "scopeKind": "class", "description": "unavailable"}, {"name": "Entry(const Entry & other)", "scope": "WPEFramework::Messaging::MessageUnit::Settings::Config::TracingSection::Entry", "scopeKind": "class", "description": "unavailable"}, {"name": "Entry(const string & module,const string & category,const bool enabled)", "scope": "WPEFramework::Messaging::MessageUnit::Settings::Config::TracingSection::Entry", "scopeKind": "class", "description": "unavailable"}, {"name": "void FromConfig(const Config & config)", "scope": "WPEFramework::Messaging::MessageUnit::Settings", "scopeKind": "class", "description": "unavailable"}, {"name": "const string & Identifier() const", "scope": "WPEFramework::Messaging::MessageUnit", "scopeKind": "class", "description": "unavailable"}, {"name": "Core::Messaging::MessageInfo::abbreviate IsAbbreviated() const", "scope": "WPEFramework::Messaging::MessageUnit::Settings", "scopeKind": "class", "description": "unavailable"}, {"name": "bool IsBackground() const", "scope": "WPEFramework::Messaging::MessageUnit::Settings", "scopeKind": "class", "description": "unavailable"}, {"name": "bool IsDirect() const", "scope": "WPEFramework::Messaging::MessageUnit::Settings", "scopeKind": "class", "description": "unavailable"}, {"name": "bool IsEnabled(const Core::Messaging::Metadata & metaData) const", "scope": "WPEFramework::Messaging::MessageUnit::Settings", "scopeKind": "class", "description": "unavailable"}, {"name": "bool IsValid() const", "scope": "WPEFramework::Messaging::MessageUnit::MessageDispatcher", "scopeKind": "class", "description": "unavailable"}, {"name": "Iterator()", "scope": "WPEFramework::Messaging::MessageUnit::Iterator", "scopeKind": "class", "description": "unavailable"}, {"name": "Iterator(Iterator && move)", "scope": "WPEFramework::Messaging::MessageUnit::Iterator", "scopeKind": "class", "description": "unavailable"}, {"name": "Iterator(const ControlList & copy)", "scope": "WPEFramework::Messaging::MessageUnit::Iterator", "scopeKind": "class", "description": "unavailable"}, {"name": "void Load()", "scope": "WPEFramework::Messaging::MessageUnit::Settings", "scopeKind": "class", "description": "unavailable"}, {"name": "void Load(ControlList & info) const", "scope": "WPEFramework::Messaging::MessageUnit::Client", "scopeKind": "class", "description": "unavailable"}, {"name": "LoggingSection()", "scope": "WPEFramework::Messaging::MessageUnit::Settings::Config::LoggingSection", "scopeKind": "class", "description": "unavailable"}, {"name": "MessageDispatcher(MessageUnit & parent,const string & identifier,const uint32_t instanceId,const string & basePath,const uint16_t socketPort)", "scope": "WPEFramework::Messaging::MessageUnit::MessageDispatcher", "scopeKind": "class", "description": "unavailable"}, {"name": "MessageUnit()", "scope": "WPEFramework::Messaging::MessageUnit", "scopeKind": "class", "description": "unavailable"}, {"name": "MetaDataBuffer(MessageUnit & parent,const string & binding)", "scope": "WPEFramework::Messaging::MessageUnit::MessageDispatcher::MetaDataBuffer", "scopeKind": "class", "description": "unavailable"}, {"name": "MetadataFrameHandler(MessageUnit & parent)", "scope": "WPEFramework::Messaging::MessageUnit::MessageDispatcher::MetaDataBuffer::MetadataFrameHandler", "scopeKind": "class", "description": "unavailable"}], "calls": ["Core::ParsePathInfo", "Core::Directory::Normalize", "Core::SystemInfo::SetEnvironment", "Core::SystemInfo::GetEnvironment", "Core::TextSegmentIterator::Next", "Core::TextSegmentIterator::Current", "Core::NodeId", "Core::ProxyType::Create", "Core::ProxyType::Set", "Core::IIPCServer::ReportResponse", "Core::IPCChannel::Invoke", "Core::IPCChannel::Open", "Core::IPCChannel::Close"], "search-terms": ["MessageUnit", "MetadataSize", "MetadataFrame", "Control", "Settings", "MessageDispatcher", "IPCChannel", "Metadata", "ControlList", "Messaging", "MessageDispatcherConfig"], "state": 2, "file_id": 1692, "knowledge_revision": 4292, "git_revision": "0f87a35b32215bc8547fb583d6c84bd51f603f69", "ctags": [{"_type": "tag", "name": "ABBREVIATED", "path": "/home/kavia/workspace/code-generation/app-gateway2/__import__/extracted/app-gateway2-cga-cmf8e7ba8d/dependencies/install/include/WPEFramework/messaging/MessageUnit.h", "pattern": "/^                    ABBREVIATED  = 0x04$/", "language": "C++", "kind": "enumerator", "scope": "WPEFramework::Messaging::MessageUnit::Settings::mode", "scopeKind": "enum"}, {"_type": "tag", "name": "Abbreviated", "path": "/home/kavia/workspace/code-generation/app-gateway2/__import__/extracted/app-gateway2-cga-cmf8e7ba8d/dependencies/install/include/WPEFramework/messaging/MessageUnit.h", "pattern": "/^                        Core::JSON::Boolean Abbreviated;$/", "language": "C++", "typeref": "typename:Core::JSON::Boolean", "kind": "member", "scope": "WPEFramework::Messaging::MessageUnit::Settings::Config::LoggingSection", "scopeKind": "class"}, {"_type": "tag", "name": "Abbreviated", "path": "/home/kavia/workspace/code-generation/app-gateway2/__import__/extracted/app-gateway2-cga-cmf8e7ba8d/dependencies/install/include/WPEFramework/messaging/MessageUnit.h", "pattern": "/^                        Core::JSON::Boolean Abbreviated;$/", "language": "C++", "typeref": "typename:Core::JSON::Boolean", "kind": "member", "scope": "WPEFramework::Messaging::MessageUnit::Settings::Config::ReportingSection", "scopeKind": "class"}, {"_type": "tag", "name": "BACKGROUND", "path": "/home/kavia/workspace/code-generation/app-gateway2/__import__/extracted/app-gateway2-cga-cmf8e7ba8d/dependencies/install/include/WPEFramework/messaging/MessageUnit.h", "pattern": "/^                    BACKGROUND   = 0x01,$/", "language": "C++", "kind": "enumerator", "scope": "WPEFramework::Messaging::MessageUnit::Settings::mode", "scopeKind": "enum"}, {"_type": "tag", "name": "BaseClass", "path": "/home/kavia/workspace/code-generation/app-gateway2/__import__/extracted/app-gateway2-cga-cmf8e7ba8d/dependencies/install/include/WPEFramework/messaging/MessageUnit.h", "pattern": "/^                    using BaseClass = Core::IPCChannelClientType<Core::Void, true, true>;$/", "language": "C++", "typeref": "typename:Core::IPCChannelClientType<Core::Void,true,true>", "kind": "typedef", "scope": "WPEFramework::Messaging::MessageUnit::MessageDispatcher::MetaDataBuffer", "scopeKind": "class"}, {"_type": "tag", "name": "BaseClass", "path": "/home/kavia/workspace/code-generation/app-gateway2/__import__/extracted/app-gateway2-cga-cmf8e7ba8d/dependencies/install/include/WPEFramework/messaging/MessageUnit.h", "pattern": "/^                using BaseClass = MessageDataBufferType<DataSize, MetadataSize>;$/", "language": "C++", "typeref": "typename:MessageDataBufferType<DataSize,MetadataSize>", "kind": "typedef", "scope": "WPEFramework::Messaging::MessageUnit::Client", "scopeKind": "class"}, {"_type": "tag", "name": "BaseClass", "path": "/home/kavia/workspace/code-generation/app-gateway2/__import__/extracted/app-gateway2-cga-cmf8e7ba8d/dependencies/install/include/WPEFramework/messaging/MessageUnit.h", "pattern": "/^                using BaseClass = MessageDataBufferType<DataSize, MetadataSize>;$/", "language": "C++", "typeref": "typename:MessageDataBufferType<DataSize,MetadataSize>", "kind": "typedef", "scope": "WPEFramework::Messaging::MessageUnit::MessageDispatcher", "scopeKind": "class"}, {"_type": "tag", "name": "BasePath", "path": "/home/kavia/workspace/code-generation/app-gateway2/__import__/extracted/app-gateway2-cga-cmf8e7ba8d/dependencies/install/include/WPEFramework/messaging/MessageUnit.h", "pattern": "/^                const string& BasePath() const {$/", "language": "C++", "typeref": "typename:const string &", "kind": "function", "signature": "() const", "scope": "WPEFramework::Messaging::MessageUnit::Settings", "scopeKind": "class"}, {"_type": "tag", "name": "BasePath", "path": "/home/kavia/workspace/code-generation/app-gateway2/__import__/extracted/app-gateway2-cga-cmf8e7ba8d/dependencies/install/include/WPEFramework/messaging/MessageUnit.h", "pattern": "/^            const string& BasePath() const {$/", "language": "C++", "typeref": "typename:const string &", "kind": "function", "signature": "() const", "scope": "WPEFramework::Messaging::MessageUnit", "scopeKind": "class"}, {"_type": "tag", "name": "Category", "path": "/home/kavia/workspace/code-generation/app-gateway2/__import__/extracted/app-gateway2-cga-cmf8e7ba8d/dependencies/install/include/WPEFramework/messaging/MessageUnit.h", "pattern": "/^                            Core::JSON::String Category;$/", "language": "C++", "typeref": "typename:Core::JSON::String", "kind": "member", "scope": "WPEFramework::Messaging::MessageUnit::Settings::Config::TracingSection::Entry", "scopeKind": "class"}, {"_type": "tag", "name": "Category", "path": "/home/kavia/workspace/code-generation/app-gateway2/__import__/extracted/app-gateway2-cga-cmf8e7ba8d/dependencies/install/include/WPEFramework/messaging/MessageUnit.h", "pattern": "/^                const string& Category() const$/", "language": "C++", "typeref": "typename:const string &", "kind": "function", "signature": "() const", "scope": "WPEFramework::Messaging::MessageUnit::Iterator", "scopeKind": "class"}, {"_type": "tag", "name": "Client", "path": "/home/kavia/workspace/code-generation/app-gateway2/__import__/extracted/app-gateway2-cga-cmf8e7ba8d/dependencies/install/include/WPEFramework/messaging/MessageUnit.h", "pattern": "/^                Client(const string& identifier, const uint32_t instanceId, const string& baseDi/", "language": "C++", "kind": "function", "signature": "(const string & identifier,const uint32_t instanceId,const string & baseDirectory,const uint16_t socketPort=0)", "scope": "WPEFramework::Messaging::MessageUnit::Client", "scopeKind": "class"}, {"_type": "tag", "name": "Client", "path": "/home/kavia/workspace/code-generation/app-gateway2/__import__/extracted/app-gateway2-cga-cmf8e7ba8d/dependencies/install/include/WPEFramework/messaging/MessageUnit.h", "pattern": "/^            class EXTERNAL Client : public MessageDataBufferType<DataSize, MetadataSize> {$/", "language": "C++", "kind": "class", "scope": "WPEFramework::Messaging::MessageUnit", "scopeKind": "class"}, {"_type": "tag", "name": "Config", "path": "/home/kavia/workspace/code-generation/app-gateway2/__import__/extracted/app-gateway2-cga-cmf8e7ba8d/dependencies/install/include/WPEFramework/messaging/MessageUnit.h", "pattern": "/^                    Config()$/", "language": "C++", "kind": "function", "signature": "()", "scope": "WPEFramework::Messaging::MessageUnit::Settings::Config", "scopeKind": "class"}, {"_type": "tag", "name": "Config", "path": "/home/kavia/workspace/code-generation/app-gateway2/__import__/extracted/app-gateway2-cga-cmf8e7ba8d/dependencies/install/include/WPEFramework/messaging/MessageUnit.h", "pattern": "/^                class Config : public Core::JSON::Container {$/", "language": "C++", "kind": "class", "scope": "WPEFramework::Messaging::MessageUnit::Settings", "scopeKind": "class"}, {"_type": "tag", "name": "Configure", "path": "/home/kavia/workspace/code-generation/app-gateway2/__import__/extracted/app-gateway2-cga-cmf8e7ba8d/dependencies/install/include/WPEFramework/messaging/MessageUnit.h", "pattern": "/^                void Configure (const string& basePath, const string& identifier, const string& /", "language": "C++", "typeref": "typename:void", "kind": "function", "signature": "(const string & basePath,const string & identifier,const string & config,const bool background,const flush flushMode)", "scope": "WPEFramework::Messaging::MessageUnit::Settings", "scopeKind": "class"}, {"_type": "tag", "name": "Control", "path": "/home/kavia/workspace/code-generation/app-gateway2/__import__/extracted/app-gateway2-cga-cmf8e7ba8d/dependencies/install/include/WPEFramework/messaging/MessageUnit.h", "pattern": "/^                Control()$/", "language": "C++", "kind": "function", "signature": "()", "scope": "WPEFramework::Messaging::MessageUnit::Control", "scopeKind": "class"}, {"_type": "tag", "name": "Control", "path": "/home/kavia/workspace/code-generation/app-gateway2/__import__/extracted/app-gateway2-cga-cmf8e7ba8d/dependencies/install/include/WPEFramework/messaging/MessageUnit.h", "pattern": "/^                Control(Control&& rhs)$/", "language": "C++", "kind": "function", "signature": "(Control && rhs)", "scope": "WPEFramework::Messaging::MessageUnit::Control", "scopeKind": "class"}, {"_type": "tag", "name": "Control", "path": "/home/kavia/workspace/code-generation/app-gateway2/__import__/extracted/app-gateway2-cga-cmf8e7ba8d/dependencies/install/include/WPEFramework/messaging/MessageUnit.h", "pattern": "/^                Control(const Control& copy)$/", "language": "C++", "kind": "function", "signature": "(const Control & copy)", "scope": "WPEFramework::Messaging::MessageUnit::Control", "scopeKind": "class"}, {"_type": "tag", "name": "Control", "path": "/home/kavia/workspace/code-generation/app-gateway2/__import__/extracted/app-gateway2-cga-cmf8e7ba8d/dependencies/install/include/WPEFramework/messaging/MessageUnit.h", "pattern": "/^                Control(const Metadata& info, const bool enabled)$/", "language": "C++", "kind": "function", "signature": "(const Metadata & info,const bool enabled)", "scope": "WPEFramework::Messaging::MessageUnit::Control", "scopeKind": "class"}, {"_type": "tag", "name": "Control", "path": "/home/kavia/workspace/code-generation/app-gateway2/__import__/extracted/app-gateway2-cga-cmf8e7ba8d/dependencies/install/include/WPEFramework/messaging/MessageUnit.h", "pattern": "/^            class EXTERNAL Control : public Core::Messaging::Metadata {$/", "language": "C++", "kind": "class", "scope": "WPEFramework::Messaging::MessageUnit", "scopeKind": "class"}, {"_type": "tag", "name": "ControlList", "path": "/home/kavia/workspace/code-generation/app-gateway2/__import__/extracted/app-gateway2-cga-cmf8e7ba8d/dependencies/install/include/WPEFramework/messaging/MessageUnit.h", "pattern": "/^            using ControlList = std::vector<Control>;$/", "language": "C++", "typeref": "typename:std::vector<Control>", "kind": "typedef", "scope": "WPEFramework::Messaging::MessageUnit", "scopeKind": "class"}, {"_type": "tag", "name": "DELIMITER", "path": "/home/kavia/workspace/code-generation/app-gateway2/__import__/extracted/app-gateway2-cga-cmf8e7ba8d/dependencies/install/include/WPEFramework/messaging/MessageUnit.h", "pattern": "/^                static constexpr const TCHAR  DELIMITER = '|';$/", "language": "C++", "typeref": "typename:const TCHAR", "kind": "member", "scope": "WPEFramework::Messaging::MessageUnit::Settings", "scopeKind": "class"}, {"_type": "tag", "name": "DIRECT", "path": "/home/kavia/workspace/code-generation/app-gateway2/__import__/extracted/app-gateway2-cga-cmf8e7ba8d/dependencies/install/include/WPEFramework/messaging/MessageUnit.h", "pattern": "/^                    DIRECT       = 0x02,$/", "language": "C++", "kind": "enumerator", "scope": "WPEFramework::Messaging::MessageUnit::Settings::mode", "scopeKind": "enum"}, {"_type": "tag", "name": "DataSize", "path": "/home/kavia/workspace/code-generation/app-gateway2/__import__/extracted/app-gateway2-cga-cmf8e7ba8d/dependencies/install/include/WPEFramework/messaging/MessageUnit.h", "pattern": "/^            static constexpr uint32_t DataSize = 20 * 1024;$/", "language": "C++", "typeref": "typename:uint32_t", "kind": "member", "scope": "WPEFramework::Messaging::MessageUnit", "scopeKind": "class"}, {"_type": "tag", "name": "Deserialize", "path": "/home/kavia/workspace/code-generation/app-gateway2/__import__/extracted/app-gateway2-cga-cmf8e7ba8d/dependencies/install/include/WPEFramework/messaging/MessageUnit.h", "pattern": "/^                uint16_t Deserialize(const uint8_t buffer[], const uint16_t bufferSize)$/", "language": "C++", "typeref": "typename:uint16_t", "kind": "function", "signature": "(const uint8_t buffer[],const uint16_t bufferSize)", "scope": "WPEFramework::Messaging::MessageUnit::Control", "scopeKind": "class"}, {"_type": "tag", "name": "Enabled", "path": "/home/kavia/workspace/code-generation/app-gateway2/__import__/extracted/app-gateway2-cga-cmf8e7ba8d/dependencies/install/include/WPEFramework/messaging/MessageUnit.h", "pattern": "/^                            Core::JSON::Boolean Enabled;$/", "language": "C++", "typeref": "typename:Core::JSON::Boolean", "kind": "member", "scope": "WPEFramework::Messaging::MessageUnit::Settings::Config::TracingSection::Entry", "scopeKind": "class"}, {"_type": "tag", "name": "Enabled", "path": "/home/kavia/workspace/code-generation/app-gateway2/__import__/extracted/app-gateway2-cga-cmf8e7ba8d/dependencies/install/include/WPEFramework/messaging/MessageUnit.h", "pattern": "/^                bool Enabled() const {$/", "language": "C++", "typeref": "typename:bool", "kind": "function", "signature": "() const", "scope": "WPEFramework::Messaging::MessageUnit::Control", "scopeKind": "class"}, {"_type": "tag", "name": "Enabled", "path": "/home/kavia/workspace/code-generation/app-gateway2/__import__/extracted/app-gateway2-cga-cmf8e7ba8d/dependencies/install/include/WPEFramework/messaging/MessageUnit.h", "pattern": "/^                bool Enabled() const$/", "language": "C++", "typeref": "typename:bool", "kind": "function", "signature": "() const", "scope": "WPEFramework::Messaging::MessageUnit::Iterator", "scopeKind": "class"}, {"_type": "tag", "name": "Entry", "path": "/home/kavia/workspace/code-generation/app-gateway2/__import__/extracted/app-gateway2-cga-cmf8e7ba8d/dependencies/install/include/WPEFramework/messaging/MessageUnit.h", "pattern": "/^                            Entry()$/", "language": "C++", "kind": "function", "signature": "()", "scope": "WPEFramework::Messaging::MessageUnit::Settings::Config::TracingSection::Entry", "scopeKind": "class"}, {"_type": "tag", "name": "Entry", "path": "/home/kavia/workspace/code-generation/app-gateway2/__import__/extracted/app-gateway2-cga-cmf8e7ba8d/dependencies/install/include/WPEFramework/messaging/MessageUnit.h", "pattern": "/^                            Entry(const Entry& other)$/", "language": "C++", "kind": "function", "signature": "(const Entry & other)", "scope": "WPEFramework::Messaging::MessageUnit::Settings::Config::TracingSection::Entry", "scopeKind": "class"}, {"_type": "tag", "name": "Entry", "path": "/home/kavia/workspace/code-generation/app-gateway2/__import__/extracted/app-gateway2-cga-cmf8e7ba8d/dependencies/install/include/WPEFramework/messaging/MessageUnit.h", "pattern": "/^                            Entry(const string& module, const string& category, const bool enabl/", "language": "C++", "kind": "function", "signature": "(const string & module,const string & category,const bool enabled)", "scope": "WPEFramework::Messaging::MessageUnit::Settings::Config::TracingSection::Entry", "scopeKind": "class"}, {"_type": "tag", "name": "Entry", "path": "/home/kavia/workspace/code-generation/app-gateway2/__import__/extracted/app-gateway2-cga-cmf8e7ba8d/dependencies/install/include/WPEFramework/messaging/MessageUnit.h", "pattern": "/^                        class Entry : public Core::JSON::Container {$/", "language": "C++", "kind": "class", "scope": "WPEFramework::Messaging::MessageUnit::Settings::Config::TracingSection", "scopeKind": "class"}, {"_type": "tag", "name": "FLUSH", "path": "/home/kavia/workspace/code-generation/app-gateway2/__import__/extracted/app-gateway2-cga-cmf8e7ba8d/dependencies/install/include/WPEFramework/messaging/MessageUnit.h", "pattern": "/^                FLUSH              = 1,$/", "language": "C++", "kind": "enumerator", "scope": "WPEFramework::Messaging::MessageUnit::flush", "scopeKind": "enum"}, {"_type": "tag", "name": "FLUSH_ABBREVIATED", "path": "/home/kavia/workspace/code-generation/app-gateway2/__import__/extracted/app-gateway2-cga-cmf8e7ba8d/dependencies/install/include/WPEFramework/messaging/MessageUnit.h", "pattern": "/^                FLUSH_ABBREVIATED  = 2$/", "language": "C++", "kind": "enumerator", "scope": "WPEFramework::Messaging::MessageUnit::flush", "scopeKind": "enum"}, {"_type": "tag", "name": "Factories", "path": "/home/kavia/workspace/code-generation/app-gateway2/__import__/extracted/app-gateway2-cga-cmf8e7ba8d/dependencies/install/include/WPEFramework/messaging/MessageUnit.h", "pattern": "/^            using Factories = std::unordered_map<Core::Messaging::Metadata::type, IEventFactory*/", "language": "C++", "typeref": "typename:std::unordered_map<Core::Messaging::Metadata::type,IEventFactory * >", "kind": "typedef", "scope": "WPEFramework::Messaging::MessageUnit", "scopeKind": "class"}, {"_type": "tag", "name": "FromConfig", "path": "/home/kavia/workspace/code-generation/app-gateway2/__import__/extracted/app-gateway2-cga-cmf8e7ba8d/dependencies/install/include/WPEFramework/messaging/MessageUnit.h", "pattern": "/^                void FromConfig(const Config& config)$/", "language": "C++", "typeref": "typename:void", "kind": "function", "signature": "(const Config & config)", "scope": "WPEFramework::Messaging::MessageUnit::Settings", "scopeKind": "class"}, {"_type": "tag", "name": "Identifier", "path": "/home/kavia/workspace/code-generation/app-gateway2/__import__/extracted/app-gateway2-cga-cmf8e7ba8d/dependencies/install/include/WPEFramework/messaging/MessageUnit.h", "pattern": "/^                const string& Identifier() const {$/", "language": "C++", "typeref": "typename:const string &", "kind": "function", "signature": "() const", "scope": "WPEFramework::Messaging::MessageUnit::Settings", "scopeKind": "class"}, {"_type": "tag", "name": "Identifier", "path": "/home/kavia/workspace/code-generation/app-gateway2/__import__/extracted/app-gateway2-cga-cmf8e7ba8d/dependencies/install/include/WPEFramework/messaging/MessageUnit.h", "pattern": "/^            const string& Identifier() const {$/", "language": "C++", "typeref": "typename:const string &", "kind": "function", "signature": "() const", "scope": "WPEFramework::Messaging::MessageUnit", "scopeKind": "class"}, {"_type": "tag", "name": "IsAbbreviated", "path": "/home/kavia/workspace/code-generation/app-gateway2/__import__/extracted/app-gateway2-cga-cmf8e7ba8d/dependencies/install/include/WPEFramework/messaging/MessageUnit.h", "pattern": "/^                Core::Messaging::MessageInfo::abbreviate IsAbbreviated() const {$/", "language": "C++", "typeref": "typename:Core::Messaging::MessageInfo::abbreviate", "kind": "function", "signature": "() const", "scope": "WPEFramework::Messaging::MessageUnit::Settings", "scopeKind": "class"}, {"_type": "tag", "name": "IsBackground", "path": "/home/kavia/workspace/code-generation/app-gateway2/__import__/extracted/app-gateway2-cga-cmf8e7ba8d/dependencies/install/include/WPEFramework/messaging/MessageUnit.h", "pattern": "/^                bool IsBackground() const {$/", "language": "C++", "typeref": "typename:bool", "kind": "function", "signature": "() const", "scope": "WPEFramework::Messaging::MessageUnit::Settings", "scopeKind": "class"}, {"_type": "tag", "name": "IsDirect", "path": "/home/kavia/workspace/code-generation/app-gateway2/__import__/extracted/app-gateway2-cga-cmf8e7ba8d/dependencies/install/include/WPEFramework/messaging/MessageUnit.h", "pattern": "/^                bool IsDirect() const {$/", "language": "C++", "typeref": "typename:bool", "kind": "function", "signature": "() const", "scope": "WPEFramework::Messaging::MessageUnit::Settings", "scopeKind": "class"}, {"_type": "tag", "name": "IsEnabled", "path": "/home/kavia/workspace/code-generation/app-gateway2/__import__/extracted/app-gateway2-cga-cmf8e7ba8d/dependencies/install/include/WPEFramework/messaging/MessageUnit.h", "pattern": "/^                bool IsEnabled(const Core::Messaging::Metadata& metaData) const$/", "language": "C++", "typeref": "typename:bool", "kind": "function", "signature": "(const Core::Messaging::Metadata & metaData) const", "scope": "WPEFramework::Messaging::MessageUnit::Settings", "scopeKind": "class"}, {"_type": "tag", "name": "IsValid", "path": "/home/kavia/workspace/code-generation/app-gateway2/__import__/extracted/app-gateway2-cga-cmf8e7ba8d/dependencies/install/include/WPEFramework/messaging/MessageUnit.h", "pattern": "/^                bool IsValid() const {$/", "language": "C++", "typeref": "typename:bool", "kind": "function", "signature": "() const", "scope": "WPEFramework::Messaging::MessageUnit::Client", "scopeKind": "class"}, {"_type": "tag", "name": "IsValid", "path": "/home/kavia/workspace/code-generation/app-gateway2/__import__/extracted/app-gateway2-cga-cmf8e7ba8d/dependencies/install/include/WPEFramework/messaging/MessageUnit.h", "pattern": "/^                bool IsValid() const {$/", "language": "C++", "typeref": "typename:bool", "kind": "function", "signature": "() const", "scope": "WPEFramework::Messaging::MessageUnit::Iterator", "scopeKind": "class"}, {"_type": "tag", "name": "IsValid", "path": "/home/kavia/workspace/code-generation/app-gateway2/__import__/extracted/app-gateway2-cga-cmf8e7ba8d/dependencies/install/include/WPEFramework/messaging/MessageUnit.h", "pattern": "/^                bool IsValid() const {$/", "language": "C++", "typeref": "typename:bool", "kind": "function", "signature": "() const", "scope": "WPEFramework::Messaging::MessageUnit::MessageDispatcher", "scopeKind": "class"}, {"_type": "tag", "name": "Iterator", "path": "/home/kavia/workspace/code-generation/app-gateway2/__import__/extracted/app-gateway2-cga-cmf8e7ba8d/dependencies/install/include/WPEFramework/messaging/MessageUnit.h", "pattern": "/^                Iterator()$/", "language": "C++", "kind": "function", "signature": "()", "scope": "WPEFramework::Messaging::MessageUnit::Iterator", "scopeKind": "class"}, {"_type": "tag", "name": "Iterator", "path": "/home/kavia/workspace/code-generation/app-gateway2/__import__/extracted/app-gateway2-cga-cmf8e7ba8d/dependencies/install/include/WPEFramework/messaging/MessageUnit.h", "pattern": "/^                Iterator(Iterator&& move)$/", "language": "C++", "kind": "function", "signature": "(Iterator && move)", "scope": "WPEFramework::Messaging::MessageUnit::Iterator", "scopeKind": "class"}, {"_type": "tag", "name": "Iterator", "path": "/home/kavia/workspace/code-generation/app-gateway2/__import__/extracted/app-gateway2-cga-cmf8e7ba8d/dependencies/install/include/WPEFramework/messaging/MessageUnit.h", "pattern": "/^                Iterator(const ControlList& copy)$/", "language": "C++", "kind": "function", "signature": "(const ControlList & copy)", "scope": "WPEFramework::Messaging::MessageUnit::Iterator", "scopeKind": "class"}, {"_type": "tag", "name": "Iterator", "path": "/home/kavia/workspace/code-generation/app-gateway2/__import__/extracted/app-gateway2-cga-cmf8e7ba8d/dependencies/install/include/WPEFramework/messaging/MessageUnit.h", "pattern": "/^            class EXTERNAL Iterator {$/", "language": "C++", "kind": "class", "scope": "WPEFramework::Messaging::MessageUnit", "scopeKind": "class"}, {"_type": "tag", "name": "Load", "path": "/home/kavia/workspace/code-generation/app-gateway2/__import__/extracted/app-gateway2-cga-cmf8e7ba8d/dependencies/install/include/WPEFramework/messaging/MessageUnit.h", "pattern": "/^                void Load()$/", "language": "C++", "typeref": "typename:void", "kind": "function", "signature": "()", "scope": "WPEFramework::Messaging::MessageUnit::Settings", "scopeKind": "class"}, {"_type": "tag", "name": "Load", "path": "/home/kavia/workspace/code-generation/app-gateway2/__import__/extracted/app-gateway2-cga-cmf8e7ba8d/dependencies/install/include/WPEFramework/messaging/MessageUnit.h", "pattern": "/^                void Load(ControlList& info) const$/", "language": "C++", "typeref": "typename:void", "kind": "function", "signature": "(ControlList & info) const", "scope": "WPEFramework::Messaging::MessageUnit::Client", "scopeKind": "class"}, {"_type": "tag", "name": "Logging", "path": "/home/kavia/workspace/code-generation/app-gateway2/__import__/extracted/app-gateway2-cga-cmf8e7ba8d/dependencies/install/include/WPEFramework/messaging/MessageUnit.h", "pattern": "/^                    LoggingSection Logging;$/", "language": "C++", "typeref": "typename:LoggingSection", "kind": "member", "scope": "WPEFramework::Messaging::MessageUnit::Settings::Config", "scopeKind": "class"}, {"_type": "tag", "name": "LoggingSection", "path": "/home/kavia/workspace/code-generation/app-gateway2/__import__/extracted/app-gateway2-cga-cmf8e7ba8d/dependencies/install/include/WPEFramework/messaging/MessageUnit.h", "pattern": "/^                        LoggingSection()$/", "language": "C++", "kind": "function", "signature": "()", "scope": "WPEFramework::Messaging::MessageUnit::Settings::Config::LoggingSection", "scopeKind": "class"}, {"_type": "tag", "name": "LoggingSection", "path": "/home/kavia/workspace/code-generation/app-gateway2/__import__/extracted/app-gateway2-cga-cmf8e7ba8d/dependencies/install/include/WPEFramework/messaging/MessageUnit.h", "pattern": "/^                    class LoggingSection : public TracingSection {$/", "language": "C++", "kind": "class", "scope": "WPEFramework::Messaging::MessageUnit::Settings::Config", "scopeKind": "class"}, {"_type": "tag", "name": "MESSAGE_DISPATCHER_CONFIG_ENV", "path": "/home/kavia/workspace/code-generation/app-gateway2/__import__/extracted/app-gateway2-cga-cmf8e7ba8d/dependencies/install/include/WPEFramework/messaging/MessageUnit.h", "pattern": "/^                static constexpr const TCHAR* MESSAGE_DISPATCHER_CONFIG_ENV = _T(\"MESSAGE_DISPAT/", "language": "C++", "typeref": "typename:const TCHAR *", "kind": "member", "scope": "WPEFramework::Messaging::MessageUnit::Settings", "scopeKind": "class"}, {"_type": "tag", "name": "MessageDispatcher", "path": "/home/kavia/workspace/code-generation/app-gateway2/__import__/extracted/app-gateway2-cga-cmf8e7ba8d/dependencies/install/include/WPEFramework/messaging/MessageUnit.h", "pattern": "/^                MessageDispatcher(MessageUnit& parent, const string& identifier, const uint32_t /", "language": "C++", "kind": "function", "signature": "(MessageUnit & parent,const string & identifier,const uint32_t instanceId,const string & basePath,const uint16_t socketPort)", "scope": "WPEFramework::Messaging::MessageUnit::MessageDispatcher", "scopeKind": "class"}, {"_type": "tag", "name": "MessageDispatcher", "path": "/home/kavia/workspace/code-generation/app-gateway2/__import__/extracted/app-gateway2-cga-cmf8e7ba8d/dependencies/install/include/WPEFramework/messaging/MessageUnit.h", "pattern": "/^            class MessageDispatcher : public MessageDataBufferType<DataSize, MetadataSize> {$/", "language": "C++", "kind": "class", "scope": "WPEFramework::Messaging::MessageUnit", "scopeKind": "class"}, {"_type": "tag", "name": "MessageUnit", "path": "/home/kavia/workspace/code-generation/app-gateway2/__import__/extracted/app-gateway2-cga-cmf8e7ba8d/dependencies/install/include/WPEFramework/messaging/MessageUnit.h", "pattern": "/^            MessageUnit()$/", "language": "C++", "kind": "function", "signature": "()", "scope": "WPEFramework::Messaging::MessageUnit", "scopeKind": "class"}, {"_type": "tag", "name": "MessageUnit", "path": "/home/kavia/workspace/code-generation/app-gateway2/__import__/extracted/app-gateway2-cga-cmf8e7ba8d/dependencies/install/include/WPEFramework/messaging/MessageUnit.h", "pattern": "/^        class EXTERNAL MessageUnit : public Core::Messaging::IStore {$/", "language": "C++", "kind": "class", "scope": "WPEFramework::Messaging", "scopeKind": "namespace"}, {"_type": "tag", "name": "Messaging", "path": "/home/kavia/workspace/code-generation/app-gateway2/__import__/extracted/app-gateway2-cga-cmf8e7ba8d/dependencies/install/include/WPEFramework/messaging/MessageUnit.h", "pattern": "/^    namespace Messaging {$/", "language": "C++", "kind": "namespace", "scope": "WPEFramework", "scopeKind": "namespace"}, {"_type": "tag", "name": "MetaDataBuffer", "path": "/home/kavia/workspace/code-generation/app-gateway2/__import__/extracted/app-gateway2-cga-cmf8e7ba8d/dependencies/install/include/WPEFramework/messaging/MessageUnit.h", "pattern": "/^                    MetaDataBuffer(MessageUnit& parent, const string& binding)$/", "language": "C++", "kind": "function", "signature": "(MessageUnit & parent,const string & binding)", "scope": "WPEFramework::Messaging::MessageUnit::MessageDispatcher::MetaDataBuffer", "scopeKind": "class"}, {"_type": "tag", "name": "MetaDataBuffer", "path": "/home/kavia/workspace/code-generation/app-gateway2/__import__/extracted/app-gateway2-cga-cmf8e7ba8d/dependencies/install/include/WPEFramework/messaging/MessageUnit.h", "pattern": "/^                class MetaDataBuffer : public Core::IPCChannelClientType<Core::Void, true, true>/", "language": "C++", "kind": "class", "scope": "WPEFramework::Messaging::MessageUnit::MessageDispatcher", "scopeKind": "class"}, {"_type": "tag", "name": "MetadataFrameHandler", "path": "/home/kavia/workspace/code-generation/app-gateway2/__import__/extracted/app-gateway2-cga-cmf8e7ba8d/dependencies/install/include/WPEFramework/messaging/MessageUnit.h", "pattern": "/^                        MetadataFrameHandler(MessageUnit& parent)$/", "language": "C++", "kind": "function", "signature": "(MessageUnit & parent)", "scope": "WPEFramework::Messaging::MessageUnit::MessageDispatcher::MetaDataBuffer::MetadataFrameHandler", "scopeKind": "class"}, {"_type": "tag", "name": "MetadataFrameHandler", "path": "/home/kavia/workspace/code-generation/app-gateway2/__import__/extracted/app-gateway2-cga-cmf8e7ba8d/dependencies/install/include/WPEFramework/messaging/MessageUnit.h", "pattern": "/^                    class MetadataFrameHandler : public Core::IIPCServer {$/", "language": "C++", "kind": "class", "scope": "WPEFramework::Messaging::MessageUnit::MessageDispatcher::MetaDataBuffer", "scopeKind": "class"}], "hash": "0918f9e39c3014782caef73914841c39", "format-version": 4, "code-base-name": "app-gateway2", "filename": "__import__/extracted/app-gateway2-cga-cmf8e7ba8d/dependencies/install/include/WPEFramework/messaging/MessageUnit.h", "fields": [{"name": "Core::JSON::Boolean Abbreviated", "scope": "WPEFramework::Messaging::MessageUnit::Settings::Config::LoggingSection", "scopeKind": "class", "description": "unavailable"}, {"name": "Core::JSON::String Category", "scope": "WPEFramework::Messaging::MessageUnit::Settings::Config::TracingSection::Entry", "scopeKind": "class", "description": "unavailable"}, {"name": "const TCHAR DELIMITER", "scope": "WPEFramework::Messaging::MessageUnit::Settings", "scopeKind": "class", "description": "unavailable"}, {"name": "uint32_t DataSize", "scope": "WPEFramework::Messaging::MessageUnit", "scopeKind": "class", "description": "unavailable"}, {"name": "Core::JSON::Boolean Enabled", "scope": "WPEFramework::Messaging::MessageUnit::Settings::Config::TracingSection::Entry", "scopeKind": "class", "description": "unavailable"}, {"name": "LoggingSection Logging", "scope": "WPEFramework::Messaging::MessageUnit::Settings::Config", "scopeKind": "class", "description": "unavailable"}, {"name": "const TCHAR * MESSAGE_DISPATCHER_CONFIG_ENV", "scope": "WPEFramework::Messaging::MessageUnit::Settings", "scopeKind": "class", "description": "unavailable"}], "revision_history": [{"4292": "0f87a35b32215bc8547fb583d6c84bd51f603f69"}]}