{"is_source_file": true, "format": "Rust", "description": "This file contains utility functions and type definitions for handling JSON-RPC errors in a Rust project, specifically using the jsonrpsee crate. It defines error types, constructors for custom errors with codes, and some legacy error handling functions.", "external_files": ["jsonrpsee::types::{error::CallError, ErrorObject}", "jsonrpsee::core::error::Error"], "external_methods": ["CallError::Custom", "ErrorObject::owned"], "published": ["JsonRpcErrorType", "rpc_err", "rpc_error_with_code", "rpc_error_with_code_result", "rpc_custom_error_result", "rpc_custom_error"], "classes": [], "methods": [{"name": "rpc_err(msg: impl Into<String>) -> JsonRpcErrorType", "description": "Creates a custom JSON-RPC error of type JsonRpcErrorType with a custom message.", "scope": "", "scopeKind": ""}, {"name": "rpc_error_with_code<T>(msg: impl Into<String>, code: i32) -> JsonRpcErrorType", "description": "Creates a JSON-RPC error with a specified message and error code, returning a Result with the error type.", "scope": "", "scopeKind": ""}, {"name": "rpc_error_with_code_result<T>( msg: impl Into<String>, code: i32, ) -> Result<T, JsonRpcErrorType>", "description": "Returns an Err with a JSON-RPC error constructed with a message and code, typed with a generic Result.", "scope": "", "scopeKind": ""}, {"name": "rpc_custom_error_result<T>(msg: impl Into<String>) -> Result<T, JsonRpcErrorType>", "description": "Legacy function that returns an Err with a custom JSON-RPC error message.", "scope": "", "scopeKind": ""}, {"name": "rpc_custom_error<T>(msg: impl Into<String>) -> JsonRpcErrorType", "description": "Creates a custom JSON-RPC error of type JsonRpcErrorType with a message.", "scope": "", "scopeKind": ""}], "calls": ["JsonRpcErrorType::Custom", "CallError::Custom", "ErrorObject::owned"], "search-terms": ["jsonrpsee", "RpcError", "ErrorObject", "CustomError", "error codes", "json-rpc utils", "rpc utils", "jsonrpc error handling"], "state": 2, "file_id": 1798, "knowledge_revision": 4386, "git_revision": "0f87a35b32215bc8547fb583d6c84bd51f603f69", "ctags": [{"_type": "tag", "name": "JsonRpcErrorType", "path": "/home/kavia/workspace/code-generation/app-gateway2/__import__/extracted/app-gateway2-cga-cmf8e7ba8d/Supporting_Files/ripple-eos/src/rpc/rpc_utils.rs", "pattern": "/^pub(crate) type JsonRpcErrorType = jsonrpsee::core::error::Error;$/", "language": "Rust", "kind": "typedef"}, {"_type": "tag", "name": "rpc_custom_error", "path": "/home/kavia/workspace/code-generation/app-gateway2/__import__/extracted/app-gateway2-cga-cmf8e7ba8d/Supporting_Files/ripple-eos/src/rpc/rpc_utils.rs", "pattern": "/^pub fn rpc_custom_error<T>(msg: impl Into<String>) -> JsonRpcErrorType {$/", "language": "Rust", "kind": "function", "signature": "<T>(msg: impl Into<String>) -> JsonRpcErrorType"}, {"_type": "tag", "name": "rpc_custom_error_result", "path": "/home/kavia/workspace/code-generation/app-gateway2/__import__/extracted/app-gateway2-cga-cmf8e7ba8d/Supporting_Files/ripple-eos/src/rpc/rpc_utils.rs", "pattern": "/^pub fn rpc_custom_error_result<T>(msg: impl Into<String>) -> Result<T, JsonRpcErrorType> {$/", "language": "Rust", "kind": "function", "signature": "<T>(msg: impl Into<String>) -> Result<T, JsonRpcErrorType>"}, {"_type": "tag", "name": "rpc_err", "path": "/home/kavia/workspace/code-generation/app-gateway2/__import__/extracted/app-gateway2-cga-cmf8e7ba8d/Supporting_Files/ripple-eos/src/rpc/rpc_utils.rs", "pattern": "/^pub fn rpc_err(msg: impl Into<String>) -> JsonRpcErrorType {$/", "language": "Rust", "kind": "function", "signature": "(msg: impl Into<String>) -> JsonRpcErrorType"}, {"_type": "tag", "name": "rpc_error_with_code", "path": "/home/kavia/workspace/code-generation/app-gateway2/__import__/extracted/app-gateway2-cga-cmf8e7ba8d/Supporting_Files/ripple-eos/src/rpc/rpc_utils.rs", "pattern": "/^pub fn rpc_error_with_code<T>(msg: impl Into<String>, code: i32) -> JsonRpcErrorType {$/", "language": "Rust", "kind": "function", "signature": "<T>(msg: impl Into<String>, code: i32) -> JsonRpcErrorType"}, {"_type": "tag", "name": "rpc_error_with_code_result", "path": "/home/kavia/workspace/code-generation/app-gateway2/__import__/extracted/app-gateway2-cga-cmf8e7ba8d/Supporting_Files/ripple-eos/src/rpc/rpc_utils.rs", "pattern": "/^pub fn rpc_error_with_code_result<T>($/", "language": "Rust", "kind": "function", "signature": "<T>( msg: impl Into<String>, code: i32, ) -> Result<T, JsonRpcErrorType>"}], "hash": "2f99b85f940cb22879d2e9903709da94", "format-version": 4, "code-base-name": "app-gateway2", "filename": "__import__/extracted/app-gateway2-cga-cmf8e7ba8d/Supporting_Files/ripple-eos/src/rpc/rpc_utils.rs", "revision_history": [{"4386": "0f87a35b32215bc8547fb583d6c84bd51f603f69"}]}