{"is_source_file": true, "format": "C++ header file", "description": "This file defines an interface for external elements within the WPEFramework, including notification mechanisms, catalog management, and access to element characteristics and states.", "external_files": ["Module.h", "IValuePoint.h"], "external_methods": ["Core::IUnknown", "Core::String"], "published": ["WPEFramework::Exchange::IExternal"], "classes": [{"name": "WPEFramework::Exchange::IExternal", "description": "Interface for external elements exposing properties, notifications, and catalog access within the framework."}, {"name": "WPEFramework::Exchange::IExternal::INotification", "description": "Notification interface for updates related to an external element."}, {"name": "WPEFramework::Exchange::IExternal::ICatalog", "description": "Interface for managing external resource catalogs and their notifications."}, {"name": "WPEFramework::Exchange::IExternal::ICatalog::INotification", "description": "Notification interface for activation and deactivation events of catalog resources."}], "methods": [{"name": "Register", "description": "Registers a sink for external notifications."}, {"name": "Unregister", "description": "Unregisters a sink from external notifications."}, {"name": "Condition", "description": "Returns the current condition/state of the external element."}, {"name": "Identifier", "description": "Returns the identifier of the external element."}, {"name": "Type", "description": "Returns the type of the external element."}, {"name": "Minimum", "description": "Returns the minimum value of the element."}, {"name": "Maximum", "description": "Returns the maximum value of the element."}, {"name": "Get", "description": "Retrieves the current value of the element."}, {"name": "Set", "description": "Sets a new value for the element."}, {"name": "Evaluate", "description": "Evaluates or updates the element state periodically."}, {"name": "Metadata", "description": "Returns a JSON string with detailed characteristics or metadata of the element."}, {"name": "Basic", "description": "Extracts the basic type from an instance type."}, {"name": "Dimension", "description": "Extracts the dimension from an instance type."}, {"name": "Specific", "description": "Extracts the specific type from an instance type."}, {"name": "Decimals", "description": "Gets the number of decimal places for the type."}, {"name": "Type", "description": "Constructs an instance type from base, specific, dimension, and decimals."}], "calls": ["Core::IUnknown", "IValuePoint::basic", "IValuePoint::specific", "IValuePoint::dimension"], "search-terms": ["IExternal", "External notification", "IExternal::INotification", "ICatalog", "IValuePoint", "Metadata", "external element"], "state": 2, "file_id": 1538, "knowledge_revision": 4141, "git_revision": "0f87a35b32215bc8547fb583d6c84bd51f603f69", "ctags": [{"_type": "tag", "name": "Exchange", "path": "/home/kavia/workspace/code-generation/app-gateway2/__import__/extracted/app-gateway2-cga-cmf8e7ba8d/dependencies/install/include/WPEFramework/interfaces/IExternal.h", "pattern": "/^namespace Exchange {$/", "language": "C++", "kind": "namespace", "scope": "WPEFramework", "scopeKind": "namespace"}, {"_type": "tag", "name": "ICatalog", "path": "/home/kavia/workspace/code-generation/app-gateway2/__import__/extracted/app-gateway2-cga-cmf8e7ba8d/dependencies/install/include/WPEFramework/interfaces/IExternal.h", "pattern": "/^        struct EXTERNAL ICatalog : virtual public Core::IUnknown {$/", "language": "C++", "kind": "struct", "scope": "WPEFramework::Exchange::IExternal", "scopeKind": "struct"}, {"_type": "tag", "name": "ID", "path": "/home/kavia/workspace/code-generation/app-gateway2/__import__/extracted/app-gateway2-cga-cmf8e7ba8d/dependencies/install/include/WPEFramework/interfaces/IExternal.h", "pattern": "/^                enum { ID = ID_EXTERNAL_CATALOG_NOTIFICATION };$/", "language": "C++", "kind": "enumerator", "scope": "WPEFramework::Exchange::IExternal::ICatalog::INotification::__anonec65081e0403", "scopeKind": "enum"}, {"_type": "tag", "name": "ID", "path": "/home/kavia/workspace/code-generation/app-gateway2/__import__/extracted/app-gateway2-cga-cmf8e7ba8d/dependencies/install/include/WPEFramework/interfaces/IExternal.h", "pattern": "/^            enum { ID = ID_EXTERNAL_CATALOG };$/", "language": "C++", "kind": "enumerator", "scope": "WPEFramework::Exchange::IExternal::ICatalog::__anonec65081e0303", "scopeKind": "enum"}, {"_type": "tag", "name": "ID", "path": "/home/kavia/workspace/code-generation/app-gateway2/__import__/extracted/app-gateway2-cga-cmf8e7ba8d/dependencies/install/include/WPEFramework/interfaces/IExternal.h", "pattern": "/^            enum { ID = ID_EXTERNAL_NOTIFICATION };$/", "language": "C++", "kind": "enumerator", "scope": "WPEFramework::Exchange::IExternal::INotification::__anonec65081e0203", "scopeKind": "enum"}, {"_type": "tag", "name": "ID", "path": "/home/kavia/workspace/code-generation/app-gateway2/__import__/extracted/app-gateway2-cga-cmf8e7ba8d/dependencies/install/include/WPEFramework/interfaces/IExternal.h", "pattern": "/^        enum { ID = ID_EXTERNAL };$/", "language": "C++", "kind": "enumerator", "scope": "WPEFramework::Exchange::IExternal::__anonec65081e0103", "scopeKind": "enum"}, {"_type": "tag", "name": "IExternal", "path": "/home/kavia/workspace/code-generation/app-gateway2/__import__/extracted/app-gateway2-cga-cmf8e7ba8d/dependencies/install/include/WPEFramework/interfaces/IExternal.h", "pattern": "/^    struct EXTERNAL IExternal : virtual public Core::IUnknown {$/", "language": "C++", "kind": "struct", "scope": "WPEFramework::Exchange", "scopeKind": "namespace"}, {"_type": "tag", "name": "INotification", "path": "/home/kavia/workspace/code-generation/app-gateway2/__import__/extracted/app-gateway2-cga-cmf8e7ba8d/dependencies/install/include/WPEFramework/interfaces/IExternal.h", "pattern": "/^            struct EXTERNAL INotification : virtual public Core::IUnknown {$/", "language": "C++", "kind": "struct", "scope": "WPEFramework::Exchange::IExternal::ICatalog", "scopeKind": "struct"}, {"_type": "tag", "name": "INotification", "path": "/home/kavia/workspace/code-generation/app-gateway2/__import__/extracted/app-gateway2-cga-cmf8e7ba8d/dependencies/install/include/WPEFramework/interfaces/IExternal.h", "pattern": "/^        struct EXTERNAL INotification : virtual public Core::IUnknown {$/", "language": "C++", "kind": "struct", "scope": "WPEFramework::Exchange::IExternal", "scopeKind": "struct"}, {"_type": "tag", "name": "WPEFramework", "path": "/home/kavia/workspace/code-generation/app-gateway2/__import__/extracted/app-gateway2-cga-cmf8e7ba8d/dependencies/install/include/WPEFramework/interfaces/IExternal.h", "pattern": "/^namespace WPEFramework {$/", "language": "C++", "kind": "namespace"}, {"_type": "tag", "name": "__anonec65081e0103", "path": "/home/kavia/workspace/code-generation/app-gateway2/__import__/extracted/app-gateway2-cga-cmf8e7ba8d/dependencies/install/include/WPEFramework/interfaces/IExternal.h", "pattern": "/^        enum { ID = ID_EXTERNAL };$/", "language": "C++", "kind": "enum", "scope": "WPEFramework::Exchange::IExternal", "scopeKind": "struct"}, {"_type": "tag", "name": "__anonec65081e0203", "path": "/home/kavia/workspace/code-generation/app-gateway2/__import__/extracted/app-gateway2-cga-cmf8e7ba8d/dependencies/install/include/WPEFramework/interfaces/IExternal.h", "pattern": "/^            enum { ID = ID_EXTERNAL_NOTIFICATION };$/", "language": "C++", "kind": "enum", "scope": "WPEFramework::Exchange::IExternal::INotification", "scopeKind": "struct"}, {"_type": "tag", "name": "__anonec65081e0303", "path": "/home/kavia/workspace/code-generation/app-gateway2/__import__/extracted/app-gateway2-cga-cmf8e7ba8d/dependencies/install/include/WPEFramework/interfaces/IExternal.h", "pattern": "/^            enum { ID = ID_EXTERNAL_CATALOG };$/", "language": "C++", "kind": "enum", "scope": "WPEFramework::Exchange::IExternal::ICatalog", "scopeKind": "struct"}, {"_type": "tag", "name": "__anonec65081e0403", "path": "/home/kavia/workspace/code-generation/app-gateway2/__import__/extracted/app-gateway2-cga-cmf8e7ba8d/dependencies/install/include/WPEFramework/interfaces/IExternal.h", "pattern": "/^                enum { ID = ID_EXTERNAL_CATALOG_NOTIFICATION };$/", "language": "C++", "kind": "enum", "scope": "WPEFramework::Exchange::IExternal::ICatalog::INotification", "scopeKind": "struct"}, {"_type": "tag", "name": "activated", "path": "/home/kavia/workspace/code-generation/app-gateway2/__import__/extracted/app-gateway2-cga-cmf8e7ba8d/dependencies/install/include/WPEFramework/interfaces/IExternal.h", "pattern": "/^            activated    = 0x01,$/", "language": "C++", "kind": "enumerator", "scope": "WPEFramework::Exchange::IExternal::condition", "scopeKind": "enum"}, {"_type": "tag", "name": "basic", "path": "/home/kavia/workspace/code-generation/app-gateway2/__import__/extracted/app-gateway2-cga-cmf8e7ba8d/dependencies/install/include/WPEFramework/interfaces/IExternal.h", "pattern": "/^        using basic = IValuePoint::basic;$/", "language": "C++", "typeref": "typename:IValuePoint::basic", "kind": "typedef", "scope": "WPEFramework::Exchange::IExternal", "scopeKind": "struct"}, {"_type": "tag", "name": "condition", "path": "/home/kavia/workspace/code-generation/app-gateway2/__import__/extracted/app-gateway2-cga-cmf8e7ba8d/dependencies/install/include/WPEFramework/interfaces/IExternal.h", "pattern": "/^        enum condition : uint8_t {$/", "language": "C++", "typeref": "typename:uint8_t", "kind": "enum", "scope": "WPEFramework::Exchange::IExternal", "scopeKind": "struct"}, {"_type": "tag", "name": "constructing", "path": "/home/kavia/workspace/code-generation/app-gateway2/__import__/extracted/app-gateway2-cga-cmf8e7ba8d/dependencies/install/include/WPEFramework/interfaces/IExternal.h", "pattern": "/^            constructing = 0x00,$/", "language": "C++", "kind": "enumerator", "scope": "WPEFramework::Exchange::IExternal::condition", "scopeKind": "enum"}, {"_type": "tag", "name": "deactivated", "path": "/home/kavia/workspace/code-generation/app-gateway2/__import__/extracted/app-gateway2-cga-cmf8e7ba8d/dependencies/install/include/WPEFramework/interfaces/IExternal.h", "pattern": "/^            deactivated  = 0x02$/", "language": "C++", "kind": "enumerator", "scope": "WPEFramework::Exchange::IExternal::condition", "scopeKind": "enum"}, {"_type": "tag", "name": "dimension", "path": "/home/kavia/workspace/code-generation/app-gateway2/__import__/extracted/app-gateway2-cga-cmf8e7ba8d/dependencies/install/include/WPEFramework/interfaces/IExternal.h", "pattern": "/^        using dimension = IValuePoint::dimension;$/", "language": "C++", "typeref": "typename:IValuePoint::dimension", "kind": "typedef", "scope": "WPEFramework::Exchange::IExternal", "scopeKind": "struct"}, {"_type": "tag", "name": "specific", "path": "/home/kavia/workspace/code-generation/app-gateway2/__import__/extracted/app-gateway2-cga-cmf8e7ba8d/dependencies/install/include/WPEFramework/interfaces/IExternal.h", "pattern": "/^        using specific = IValuePoint::specific;$/", "language": "C++", "typeref": "typename:IValuePoint::specific", "kind": "typedef", "scope": "WPEFramework::Exchange::IExternal", "scopeKind": "struct"}], "hash": "bdf96caa4298ca0255b74a9882a34836", "format-version": 4, "code-base-name": "app-gateway2", "filename": "__import__/extracted/app-gateway2-cga-cmf8e7ba8d/dependencies/install/include/WPEFramework/interfaces/IExternal.h", "revision_history": [{"4141": "0f87a35b32215bc8547fb583d6c84bd51f603f69"}]}