{"is_source_file": true, "file_id": 1804, "git_revision": "0f87a35b32215bc8547fb583d6c84bd51f603f69", "state": 2, "description": "", "external_files": [], "external_methods": [], "published": [], "classes": [], "methods": [], "calls": [], "search-terms": [], "ctags": [], "hash": null, "format-version": 4, "code-base-name": "app-gateway2", "filename": "__import__/extracted/app-gateway2-cga-cmf8e7ba8d/Supporting_Files/ripple-eos/src/runtime_age_policy_examples.rs", "knowledge_revision": 4392, "revision_history": [{"4392": "0f87a35b32215bc8547fb583d6c84bd51f603f69"}]}