{"is_source_file": true, "format": "C++ header", "description": "This file defines interfaces related to memory management and process memory within the WPEFramework, including IMemory, IProcessMemory, and IMemoryExtended.", "external_files": ["Module.h", "com/IIteratorType.h", "RPC::IIteratorType<string, RPC::ID_STRINGITERATOR>"], "external_methods": [], "published": ["IMemory", "IProcessMemory", "IMemoryExtended"], "classes": [], "methods": [{"name": "Resident", "description": "Returns the resident memory usage."}, {"name": "Allocated", "description": "Returns the allocated memory amount."}, {"name": "Shared", "description": "Returns the shared memory usage."}, {"name": "Processes", "description": "Returns the number of processes."}, {"name": "IsOperational", "description": "Checks if the memory system is operational."}, {"name": "Identifier", "description": "Returns the process identifier."}, {"name": "Name", "description": "Returns the process name."}, {"name": "Process", "description": "Retrieves a specific process memory information by process name."}, {"name": "Processes", "description": "Retrieves an iterator over process names."}], "calls": [], "search-terms": ["IMemory", "IProcessMemory", "IMemoryExtended", "memory interface", "process memory", "WPEFramework memory"], "state": 2, "file_id": 1533, "knowledge_revision": 4131, "git_revision": "0f87a35b32215bc8547fb583d6c84bd51f603f69", "ctags": [{"_type": "tag", "name": "Exchange", "path": "/home/kavia/workspace/code-generation/app-gateway2/__import__/extracted/app-gateway2-cga-cmf8e7ba8d/dependencies/install/include/WPEFramework/interfaces/IMemory.h", "pattern": "/^namespace Exchange {$/", "language": "C++", "kind": "namespace", "scope": "WPEFramework", "scopeKind": "namespace"}, {"_type": "tag", "name": "ID", "path": "/home/kavia/workspace/code-generation/app-gateway2/__import__/extracted/app-gateway2-cga-cmf8e7ba8d/dependencies/install/include/WPEFramework/interfaces/IMemory.h", "pattern": "/^        enum { ID = ID_MEMORY };$/", "language": "C++", "kind": "enumerator", "scope": "WPEFramework::Exchange::IMemory::__anon560715540103", "scopeKind": "enum"}, {"_type": "tag", "name": "ID", "path": "/home/kavia/workspace/code-generation/app-gateway2/__import__/extracted/app-gateway2-cga-cmf8e7ba8d/dependencies/install/include/WPEFramework/interfaces/IMemory.h", "pattern": "/^        enum { ID = ID_MEMORYEXTENDED };$/", "language": "C++", "kind": "enumerator", "scope": "WPEFramework::Exchange::IMemoryExtended::__anon560715540303", "scopeKind": "enum"}, {"_type": "tag", "name": "ID", "path": "/home/kavia/workspace/code-generation/app-gateway2/__import__/extracted/app-gateway2-cga-cmf8e7ba8d/dependencies/install/include/WPEFramework/interfaces/IMemory.h", "pattern": "/^        enum { ID = ID_PROCESSMEMORY };$/", "language": "C++", "kind": "enumerator", "scope": "WPEFramework::Exchange::IProcessMemory::__anon560715540203", "scopeKind": "enum"}, {"_type": "tag", "name": "IMemory", "path": "/home/kavia/workspace/code-generation/app-gateway2/__import__/extracted/app-gateway2-cga-cmf8e7ba8d/dependencies/install/include/WPEFramework/interfaces/IMemory.h", "pattern": "/^    struct EXTERNAL IMemory : virtual public Core::IUnknown {$/", "language": "C++", "kind": "struct", "scope": "WPEFramework::Exchange", "scopeKind": "namespace"}, {"_type": "tag", "name": "IMemoryExtended", "path": "/home/kavia/workspace/code-generation/app-gateway2/__import__/extracted/app-gateway2-cga-cmf8e7ba8d/dependencies/install/include/WPEFramework/interfaces/IMemory.h", "pattern": "/^    struct EXTERNAL IMemoryExtended : virtual public Core::IUnknown {$/", "language": "C++", "kind": "struct", "scope": "WPEFramework::Exchange", "scopeKind": "namespace"}, {"_type": "tag", "name": "IProcessMemory", "path": "/home/kavia/workspace/code-generation/app-gateway2/__import__/extracted/app-gateway2-cga-cmf8e7ba8d/dependencies/install/include/WPEFramework/interfaces/IMemory.h", "pattern": "/^    struct EXTERNAL IProcessMemory : public IMemory {$/", "language": "C++", "kind": "struct", "scope": "WPEFramework::Exchange", "scopeKind": "namespace"}, {"_type": "tag", "name": "IStringIterator", "path": "/home/kavia/workspace/code-generation/app-gateway2/__import__/extracted/app-gateway2-cga-cmf8e7ba8d/dependencies/install/include/WPEFramework/interfaces/IMemory.h", "pattern": "/^        using IStringIterator = RPC::IIteratorType<string, RPC::ID_STRINGITERATOR>;$/", "language": "C++", "typeref": "typename:RPC::IIteratorType<string,RPC::ID_STRINGITERATOR>", "kind": "typedef", "scope": "WPEFramework::Exchange::IMemoryExtended", "scopeKind": "struct"}, {"_type": "tag", "name": "WPEFramework", "path": "/home/kavia/workspace/code-generation/app-gateway2/__import__/extracted/app-gateway2-cga-cmf8e7ba8d/dependencies/install/include/WPEFramework/interfaces/IMemory.h", "pattern": "/^namespace WPEFramework {$/", "language": "C++", "kind": "namespace"}, {"_type": "tag", "name": "__anon560715540103", "path": "/home/kavia/workspace/code-generation/app-gateway2/__import__/extracted/app-gateway2-cga-cmf8e7ba8d/dependencies/install/include/WPEFramework/interfaces/IMemory.h", "pattern": "/^        enum { ID = ID_MEMORY };$/", "language": "C++", "kind": "enum", "scope": "WPEFramework::Exchange::IMemory", "scopeKind": "struct"}, {"_type": "tag", "name": "__anon560715540203", "path": "/home/kavia/workspace/code-generation/app-gateway2/__import__/extracted/app-gateway2-cga-cmf8e7ba8d/dependencies/install/include/WPEFramework/interfaces/IMemory.h", "pattern": "/^        enum { ID = ID_PROCESSMEMORY };$/", "language": "C++", "kind": "enum", "scope": "WPEFramework::Exchange::IProcessMemory", "scopeKind": "struct"}, {"_type": "tag", "name": "__anon560715540303", "path": "/home/kavia/workspace/code-generation/app-gateway2/__import__/extracted/app-gateway2-cga-cmf8e7ba8d/dependencies/install/include/WPEFramework/interfaces/IMemory.h", "pattern": "/^        enum { ID = ID_MEMORYEXTENDED };$/", "language": "C++", "kind": "enum", "scope": "WPEFramework::Exchange::IMemoryExtended", "scopeKind": "struct"}], "hash": "d2f6a7524679a5250b66060f82d7e40b", "format-version": 4, "code-base-name": "app-gateway2", "filename": "__import__/extracted/app-gateway2-cga-cmf8e7ba8d/dependencies/install/include/WPEFramework/interfaces/IMemory.h", "revision_history": [{"4131": "0f87a35b32215bc8547fb583d6c84bd51f603f69"}]}