{"is_source_file": true, "format": "C++ header", "description": "This file defines the CallsignTLS class in the WPEFramework::Core namespace, which manages thread-local storage for callsign information used in thread-related operations. It includes mechanisms for setting, getting, and guarding callsign values in multi-threaded contexts.", "external_files": ["Module.h"], "external_methods": ["WPEFramework::Core::ThreadLocalStorageType<CallsignTLS>", "string::_T"], "published": ["WPEFramework::Core::CallsignTLS"], "classes": [{"name": "CallsignTLS", "description": "Manages thread-local callsign data with static methods for accessing and modifying the callsign, including guard objects for safe updates in threaded environments."}, {"name": "CallSignTLSGuard", "description": "A guard class that temporarily sets a thread's callsign during its lifetime and resets it upon destruction, ensuring thread safety."}], "methods": [{"name": "CallsignTLS::Callsign", "description": "Returns the current thread's callsign, or nullptr if not set."}, {"name": "CallsignTLS::Callsign", "description": "Sets the current thread's callsign."}, {"name": "CallSignTLSGuard(const char * callsign)", "scope": "WPEFramework::Core::CallsignTLS::CallSignTLSGuard", "scopeKind": "class", "description": "unavailable"}, {"name": "const char * Callsign()", "scope": "WPEFramework::Core::CallsignTLS::CallsignAccess", "scopeKind": "struct", "description": "unavailable"}, {"name": "CallsignTLS()", "scope": "WPEFramework::Core::CallsignTLS", "scopeKind": "class", "description": "unavailable"}, {"name": "const char * Name() const", "scope": "WPEFramework::Core::CallsignTLS", "scopeKind": "class", "description": "unavailable"}, {"name": "void Name(const char * name)", "scope": "WPEFramework::Core::CallsignTLS", "scopeKind": "class", "description": "unavailable"}, {"name": "~CallSignTLSGuard()", "scope": "WPEFramework::Core::CallsignTLS::CallSignTLSGuard", "scopeKind": "class", "description": "unavailable"}], "calls": ["CallsignTLS::Callsign()", "CallsignTLS::Callsign(const char*)", "Core::ThreadLocalStorageType<CallsignTLS>"], "search-terms": ["CallsignTLS", "thread-local callsign", "Guard for callsign", "WPEFramework Core"], "state": 2, "file_id": 1448, "knowledge_revision": 4053, "git_revision": "0f87a35b32215bc8547fb583d6c84bd51f603f69", "ctags": [{"_type": "tag", "name": "CallSignTLSGuard", "path": "/home/kavia/workspace/code-generation/app-gateway2/__import__/extracted/app-gateway2-cga-cmf8e7ba8d/dependencies/install/include/WPEFramework/core/CallsignTLS.h", "pattern": "/^            explicit CallSignTLSGuard(const char* callsign) {$/", "language": "C++", "kind": "function", "signature": "(const char * callsign)", "scope": "WPEFramework::Core::CallsignTLS::CallSignTLSGuard", "scopeKind": "class"}, {"_type": "tag", "name": "CallSignTLSGuard", "path": "/home/kavia/workspace/code-generation/app-gateway2/__import__/extracted/app-gateway2-cga-cmf8e7ba8d/dependencies/install/include/WPEFramework/core/CallsignTLS.h", "pattern": "/^        class EXTERNAL CallSignTLSGuard {$/", "language": "C++", "kind": "class", "scope": "WPEFramework::Core::CallsignTLS", "scopeKind": "class"}, {"_type": "tag", "name": "Callsign", "path": "/home/kavia/workspace/code-generation/app-gateway2/__import__/extracted/app-gateway2-cga-cmf8e7ba8d/dependencies/install/include/WPEFramework/core/CallsignTLS.h", "pattern": "/^            static const char* Callsign() {$/", "language": "C++", "typeref": "typename:const char *", "kind": "function", "signature": "()", "scope": "WPEFramework::Core::CallsignTLS::CallsignAccess", "scopeKind": "struct"}, {"_type": "tag", "name": "CallsignAccess", "path": "/home/kavia/workspace/code-generation/app-gateway2/__import__/extracted/app-gateway2-cga-cmf8e7ba8d/dependencies/install/include/WPEFramework/core/CallsignTLS.h", "pattern": "/^        struct CallsignAccess {$/", "language": "C++", "kind": "struct", "scope": "WPEFramework::Core::CallsignTLS", "scopeKind": "class"}, {"_type": "tag", "name": "CallsignTLS", "path": "/home/kavia/workspace/code-generation/app-gateway2/__import__/extracted/app-gateway2-cga-cmf8e7ba8d/dependencies/install/include/WPEFramework/core/CallsignTLS.h", "pattern": "/^        CallsignTLS() : _name() {};$/", "language": "C++", "kind": "function", "signature": "()", "scope": "WPEFramework::Core::CallsignTLS", "scopeKind": "class"}, {"_type": "tag", "name": "CallsignTLS", "path": "/home/kavia/workspace/code-generation/app-gateway2/__import__/extracted/app-gateway2-cga-cmf8e7ba8d/dependencies/install/include/WPEFramework/core/CallsignTLS.h", "pattern": "/^    class EXTERNAL CallsignTLS {$/", "language": "C++", "kind": "class", "scope": "WPEFramework::Core", "scopeKind": "namespace"}, {"_type": "tag", "name": "Core", "path": "/home/kavia/workspace/code-generation/app-gateway2/__import__/extracted/app-gateway2-cga-cmf8e7ba8d/dependencies/install/include/WPEFramework/core/CallsignTLS.h", "pattern": "/^namespace Core {$/", "language": "C++", "kind": "namespace", "scope": "WPEFramework", "scopeKind": "namespace"}, {"_type": "tag", "name": "Name", "path": "/home/kavia/workspace/code-generation/app-gateway2/__import__/extracted/app-gateway2-cga-cmf8e7ba8d/dependencies/install/include/WPEFramework/core/CallsignTLS.h", "pattern": "/^        const char* Name() const { $/", "language": "C++", "typeref": "typename:const char *", "kind": "function", "signature": "() const", "scope": "WPEFramework::Core::CallsignTLS", "scopeKind": "class"}, {"_type": "tag", "name": "Name", "path": "/home/kavia/workspace/code-generation/app-gateway2/__import__/extracted/app-gateway2-cga-cmf8e7ba8d/dependencies/install/include/WPEFramework/core/CallsignTLS.h", "pattern": "/^        void Name(const char* name) {  $/", "language": "C++", "typeref": "typename:void", "kind": "function", "signature": "(const char * name)", "scope": "WPEFramework::Core::CallsignTLS", "scopeKind": "class"}, {"_type": "tag", "name": "WARNING_REPORTING_THREAD_SETCALLSIGN", "path": "/home/kavia/workspace/code-generation/app-gateway2/__import__/extracted/app-gateway2-cga-cmf8e7ba8d/dependencies/install/include/WPEFramework/core/CallsignTLS.h", "pattern": "/^#define WARNING_REPORTING_THREAD_SETCALLSIGN(/", "language": "C++", "kind": "macro", "signature": "(CALLSIGN)"}, {"_type": "tag", "name": "WARNING_REPORTING_THREAD_SETCALLSIGN_GUARD", "path": "/home/kavia/workspace/code-generation/app-gateway2/__import__/extracted/app-gateway2-cga-cmf8e7ba8d/dependencies/install/include/WPEFramework/core/CallsignTLS.h", "pattern": "/^#define WARNING_REPORTING_THREAD_SETCALLSIGN_GUARD(/", "language": "C++", "kind": "macro", "signature": "(CALLSIGN)"}, {"_type": "tag", "name": "WPEFramework", "path": "/home/kavia/workspace/code-generation/app-gateway2/__import__/extracted/app-gateway2-cga-cmf8e7ba8d/dependencies/install/include/WPEFramework/core/CallsignTLS.h", "pattern": "/^namespace WPEFramework {$/", "language": "C++", "kind": "namespace"}, {"_type": "tag", "name": "_name", "path": "/home/kavia/workspace/code-generation/app-gateway2/__import__/extracted/app-gateway2-cga-cmf8e7ba8d/dependencies/install/include/WPEFramework/core/CallsignTLS.h", "pattern": "/^        string _name;$/", "language": "C++", "typeref": "typename:string", "kind": "member", "scope": "WPEFramework::Core::CallsignTLS", "scopeKind": "class"}, {"_type": "tag", "name": "~CallSignTLSGuard", "path": "/home/kavia/workspace/code-generation/app-gateway2/__import__/extracted/app-gateway2-cga-cmf8e7ba8d/dependencies/install/include/WPEFramework/core/CallsignTLS.h", "pattern": "/^            ~CallSignTLSGuard() {$/", "language": "C++", "kind": "function", "signature": "()", "scope": "WPEFramework::Core::CallsignTLS::CallSignTLSGuard", "scopeKind": "class"}], "hash": "78073977fc49282b6acc28bd2d48ee13", "format-version": 4, "code-base-name": "app-gateway2", "filename": "__import__/extracted/app-gateway2-cga-cmf8e7ba8d/dependencies/install/include/WPEFramework/core/CallsignTLS.h", "fields": [{"name": "string _name", "scope": "WPEFramework::Core::CallsignTLS", "scopeKind": "class", "description": "unavailable"}], "revision_history": [{"4053": "0f87a35b32215bc8547fb583d6c84bd51f603f69"}]}