{"is_source_file": true, "format": "C++ header file", "description": "This file defines the interface IWebDriver in the WPEFramework project, providing a virtual function for configuration with a framework shell.", "external_files": ["Module.h"], "external_methods": [], "published": ["WPEFramework::Exchange::IWebDriver"], "classes": [{"name": "IWebDriver", "description": "Interface for a WebDriver providing a Configure method to set up with a framework shell"}], "methods": [{"name": "Configure", "description": "Sets up the WebDriver with the provided framework shell"}], "calls": [], "search-terms": ["IWebDriver", "WebDriver", "Configure", "Exchange", "WPEFramework"], "state": 2, "file_id": 1479, "knowledge_revision": 4080, "git_revision": "0f87a35b32215bc8547fb583d6c84bd51f603f69", "ctags": [{"_type": "tag", "name": "Exchange", "path": "/home/kavia/workspace/code-generation/app-gateway2/__import__/extracted/app-gateway2-cga-cmf8e7ba8d/dependencies/install/include/WPEFramework/interfaces/IWebDriver.h", "pattern": "/^namespace Exchange {$/", "language": "C++", "kind": "namespace", "scope": "WPEFramework", "scopeKind": "namespace"}, {"_type": "tag", "name": "ID", "path": "/home/kavia/workspace/code-generation/app-gateway2/__import__/extracted/app-gateway2-cga-cmf8e7ba8d/dependencies/install/include/WPEFramework/interfaces/IWebDriver.h", "pattern": "/^        enum { ID = ID_WEBDRIVER };$/", "language": "C++", "kind": "enumerator", "scope": "WPEFramework::Exchange::IWebDriver::__anondd551ce50103", "scopeKind": "enum"}, {"_type": "tag", "name": "IWebDriver", "path": "/home/kavia/workspace/code-generation/app-gateway2/__import__/extracted/app-gateway2-cga-cmf8e7ba8d/dependencies/install/include/WPEFramework/interfaces/IWebDriver.h", "pattern": "/^    struct EXTERNAL IWebDriver : virtual public Core::IUnknown {$/", "language": "C++", "kind": "struct", "scope": "WPEFramework::Exchange", "scopeKind": "namespace"}, {"_type": "tag", "name": "PluginHost", "path": "/home/kavia/workspace/code-generation/app-gateway2/__import__/extracted/app-gateway2-cga-cmf8e7ba8d/dependencies/install/include/WPEFramework/interfaces/IWebDriver.h", "pattern": "/^namespace PluginHost {$/", "language": "C++", "kind": "namespace", "scope": "WPEFramework", "scopeKind": "namespace"}, {"_type": "tag", "name": "WPEFramework", "path": "/home/kavia/workspace/code-generation/app-gateway2/__import__/extracted/app-gateway2-cga-cmf8e7ba8d/dependencies/install/include/WPEFramework/interfaces/IWebDriver.h", "pattern": "/^namespace WPEFramework {$/", "language": "C++", "kind": "namespace"}, {"_type": "tag", "name": "__anondd551ce50103", "path": "/home/kavia/workspace/code-generation/app-gateway2/__import__/extracted/app-gateway2-cga-cmf8e7ba8d/dependencies/install/include/WPEFramework/interfaces/IWebDriver.h", "pattern": "/^        enum { ID = ID_WEBDRIVER };$/", "language": "C++", "kind": "enum", "scope": "WPEFramework::Exchange::IWebDriver", "scopeKind": "struct"}], "hash": "e9d6be89bbfa10cfb953bbdf341d4dff", "format-version": 4, "code-base-name": "app-gateway2", "filename": "__import__/extracted/app-gateway2-cga-cmf8e7ba8d/dependencies/install/include/WPEFramework/interfaces/IWebDriver.h", "revision_history": [{"4080": "0f87a35b32215bc8547fb583d6c84bd51f603f69"}]}