{"is_source_file": true, "format": "C++", "description": "This source file appears to be a C++ implementation file that includes a header 'Module.h' and contains a macro invocation related to module declaration.", "external_files": ["Module.h"], "external_methods": [], "published": [], "classes": [], "methods": [], "calls": ["MODULE_NAME_DECLARATION"], "search-terms": ["Module.cpp", "MODULE_NAME_DECLARATION", "BUILD_REFERENCE"], "state": 2, "file_id": 1211, "knowledge_revision": 3837, "git_revision": "0f87a35b32215bc8547fb583d6c84bd51f603f69", "ctags": [], "hash": "c2a437da576fb6898334e276961357f7", "format-version": 4, "code-base-name": "app-gateway2", "filename": "__import__/extracted/app-gateway2-cga-cmf8e7ba8d/app-gateway/FbCommon/Module.cpp", "revision_history": [{"3837": "0f87a35b32215bc8547fb583d6c84bd51f603f69"}]}