{"is_source_file": true, "format": "Rust", "description": "This file contains utility functions, data structures, and type definitions for synchronizing and monitoring cloud services within a Ripple SDK-based project. It includes enums for commands and errors, data models for payloads, traits for processing, and functions for URI replacement and configuration setup.", "external_files": ["crate::gateway::appsanity_gateway::AppsanityConfig", "crate::service::xvp_sync_and_monitor::SyncAndMonitorModule", "crate::state::distributor_state::DistributorState", "crate::sync_and_monitor::privacy_sync_monitor::PrivacySyncMonitorService", "crate::sync_and_monitor::user_grants_sync_monitor::UserGrantsSyncMonitorService", "thunder_ripple_sdk::ripple_sdk::api::distributor::distributor_privacy::PrivacyResponse", "thunder_ripple_sdk::ripple_sdk::api::session::AccountSession"], "external_methods": ["get_request_processor", "get_sync_settings", "replace_uri_variables"], "published": ["ConnectParam", "LinchpinProxyCommand", "ConvertError", "StateRequest", "EventPayload", "LinchpinPayload", "SyncAndMonitorProcessor"], "classes": [{"name": "ConnectParam", "description": "Represents parameters for connecting to a Linchpin service, including device ID, satellite identifier, and configuration."}, {"name": "EventPayload", "description": "Models the payload of an event, containing arbitrary settings in JSON format."}, {"name": "LinchpinPayload", "description": "Encapsulates an EventPayload and potentially other metadata related to a Linchpin event."}], "methods": [{"name": "replace_uri_variables(base: &str, session: &AccountSession) -> String", "description": "Replaces placeholder variables in a URI string with values derived from an account session.", "scope": "", "scopeKind": ""}, {"name": "get_request_processor( module: &SyncAndMonitorModule, appsanity_config: &AppsanityConfig, ) -> Box<dyn SyncAndMonitorProcessor>", "description": "Creates and returns a processor instance based on the specified monitoring module and configuration.", "scope": "", "scopeKind": ""}, {"name": "get_sync_settings( module: &SyncAndMonitorModule, state: &DistributorState, callback: Sender<PrivacyResponse>, ) -> SyncSettings", "description": "Constructs sync settings for a given module, account state, and callback, applying URI replacements and configuration values.", "scope": "", "scopeKind": ""}, {"name": "get_properties(&self) -> Vec<String>", "scope": "SyncAndMonitorProcessor", "scopeKind": "interface", "description": "unavailable"}], "calls": ["get_request_processor", "replace_uri_variables", "get_request_processor"], "search-terms": ["LinchpinProxyCommand", "SyncAndMonitorProcessor", "privacy_sync_monitor", "user_grants_sync_monitor", "cloud_sync_monitor_utils", "LinchpinPayload", "replace_uri_variables", "get_sync_settings"], "state": 2, "file_id": 1840, "knowledge_revision": 4426, "git_revision": "0f87a35b32215bc8547fb583d6c84bd51f603f69", "ctags": [{"_type": "tag", "name": "AddListener", "path": "/home/kavia/workspace/code-generation/app-gateway2/__import__/extracted/app-gateway2-cga-cmf8e7ba8d/Supporting_Files/ripple-eos/util/cloud_sync_monitor_utils.rs", "pattern": "/^    AddListener(SyncSettings),$/", "language": "Rust", "kind": "enumerator", "scope": "StateRequest", "scopeKind": "enum"}, {"_type": "tag", "name": "AddPendingTopic", "path": "/home/kavia/workspace/code-generation/app-gateway2/__import__/extracted/app-gateway2-cga-cmf8e7ba8d/Supporting_Files/ripple-eos/util/cloud_sync_monitor_utils.rs", "pattern": "/^    AddPendingTopic(String),$/", "language": "Rust", "kind": "enumerator", "scope": "StateRequest", "scopeKind": "enum"}, {"_type": "tag", "name": "ClearPendingTopics", "path": "/home/kavia/workspace/code-generation/app-gateway2/__import__/extracted/app-gateway2-cga-cmf8e7ba8d/Supporting_Files/ripple-eos/util/cloud_sync_monitor_utils.rs", "pattern": "/^    ClearPendingTopics(String),$/", "language": "Rust", "kind": "enumerator", "scope": "StateRequest", "scopeKind": "enum"}, {"_type": "tag", "name": "Connect", "path": "/home/kavia/workspace/code-generation/app-gateway2/__import__/extracted/app-gateway2-cga-cmf8e7ba8d/Supporting_Files/ripple-eos/util/cloud_sync_monitor_utils.rs", "pattern": "/^    Connect(ConnectParam),$/", "language": "Rust", "kind": "enumerator", "scope": "LinchpinProxyCommand", "scopeKind": "enum"}, {"_type": "tag", "name": "ConnectParam", "path": "/home/kavia/workspace/code-generation/app-gateway2/__import__/extracted/app-gateway2-cga-cmf8e7ba8d/Supporting_Files/ripple-eos/util/cloud_sync_monitor_utils.rs", "pattern": "/^pub struct ConnectParam {$/", "language": "Rust", "kind": "struct"}, {"_type": "tag", "name": "ConvertError", "path": "/home/kavia/workspace/code-generation/app-gateway2/__import__/extracted/app-gateway2-cga-cmf8e7ba8d/Supporting_Files/ripple-eos/util/cloud_sync_monitor_utils.rs", "pattern": "/^pub enum ConvertError {$/", "language": "Rust", "kind": "enum"}, {"_type": "tag", "name": "EventPayload", "path": "/home/kavia/workspace/code-generation/app-gateway2/__import__/extracted/app-gateway2-cga-cmf8e7ba8d/Supporting_Files/ripple-eos/util/cloud_sync_monitor_utils.rs", "pattern": "/^pub struct EventPayload {$/", "language": "Rust", "kind": "struct"}, {"_type": "tag", "name": "GenericError", "path": "/home/kavia/workspace/code-generation/app-gateway2/__import__/extracted/app-gateway2-cga-cmf8e7ba8d/Supporting_Files/ripple-eos/util/cloud_sync_monitor_utils.rs", "pattern": "/^    GenericError,$/", "language": "Rust", "kind": "enumerator", "scope": "ConvertError", "scopeKind": "enum"}, {"_type": "tag", "name": "GetAllPendingTopics", "path": "/home/kavia/workspace/code-generation/app-gateway2/__import__/extracted/app-gateway2-cga-cmf8e7ba8d/Supporting_Files/ripple-eos/util/cloud_sync_monitor_utils.rs", "pattern": "/^    GetAllPendingTopics(oneshot::Sender<Vec<String>>),$/", "language": "Rust", "kind": "enumerator", "scope": "StateRequest", "scopeKind": "enum"}, {"_type": "tag", "name": "GetDistributorToken", "path": "/home/kavia/workspace/code-generation/app-gateway2/__import__/extracted/app-gateway2-cga-cmf8e7ba8d/Supporting_Files/ripple-eos/util/cloud_sync_monitor_utils.rs", "pattern": "/^    GetDistributorToken(oneshot::Sender<String>),$/", "language": "Rust", "kind": "enumerator", "scope": "StateRequest", "scopeKind": "enum"}, {"_type": "tag", "name": "GetLinchpinConnectionStatus", "path": "/home/kavia/workspace/code-generation/app-gateway2/__import__/extracted/app-gateway2-cga-cmf8e7ba8d/Supporting_Files/ripple-eos/util/cloud_sync_monitor_utils.rs", "pattern": "/^    GetLinchpinConnectionStatus(oneshot::Sender<LinchpinConnectionStatus>),$/", "language": "Rust", "kind": "enumerator", "scope": "StateRequest", "scopeKind": "enum"}, {"_type": "tag", "name": "GetListenersForModule", "path": "/home/kavia/workspace/code-generation/app-gateway2/__import__/extracted/app-gateway2-cga-cmf8e7ba8d/Supporting_Files/ripple-eos/util/cloud_sync_monitor_utils.rs", "pattern": "/^    GetListenersForModule($/", "language": "Rust", "kind": "enumerator", "scope": "StateRequest", "scopeKind": "enum"}, {"_type": "tag", "name": "GetListenersForProperties", "path": "/home/kavia/workspace/code-generation/app-gateway2/__import__/extracted/app-gateway2-cga-cmf8e7ba8d/Supporting_Files/ripple-eos/util/cloud_sync_monitor_utils.rs", "pattern": "/^    GetListenersForProperties(String, Vec<String>, oneshot::Sender<Vec<SyncSettings>>), \\/\\/topi/", "language": "Rust", "kind": "enumerator", "scope": "StateRequest", "scopeKind": "enum"}, {"_type": "tag", "name": "GetListeningTopics", "path": "/home/kavia/workspace/code-generation/app-gateway2/__import__/extracted/app-gateway2-cga-cmf8e7ba8d/Supporting_Files/ripple-eos/util/cloud_sync_monitor_utils.rs", "pattern": "/^    GetListeningTopics(oneshot::Sender<Vec<String>>),$/", "language": "Rust", "kind": "enumerator", "scope": "StateRequest", "scopeKind": "enum"}, {"_type": "tag", "name": "KeyHasNoValue", "path": "/home/kavia/workspace/code-generation/app-gateway2/__import__/extracted/app-gateway2-cga-cmf8e7ba8d/Supporting_Files/ripple-eos/util/cloud_sync_monitor_utils.rs", "pattern": "/^    KeyHasNoValue,$/", "language": "Rust", "kind": "enumerator", "scope": "ConvertError", "scopeKind": "enum"}, {"_type": "tag", "name": "LinchpinPayload", "path": "/home/kavia/workspace/code-generation/app-gateway2/__import__/extracted/app-gateway2-cga-cmf8e7ba8d/Supporting_Files/ripple-eos/util/cloud_sync_monitor_utils.rs", "pattern": "/^pub struct LinchpinPayload {$/", "language": "Rust", "kind": "struct"}, {"_type": "tag", "name": "LinchpinProxyCommand", "path": "/home/kavia/workspace/code-generation/app-gateway2/__import__/extracted/app-gateway2-cga-cmf8e7ba8d/Supporting_Files/ripple-eos/util/cloud_sync_monitor_utils.rs", "pattern": "/^pub enum LinchpinProxyCommand {$/", "language": "Rust", "kind": "enum"}, {"_type": "tag", "name": "NoKeyPresent", "path": "/home/kavia/workspace/code-generation/app-gateway2/__import__/extracted/app-gateway2-cga-cmf8e7ba8d/Supporting_Files/ripple-eos/util/cloud_sync_monitor_utils.rs", "pattern": "/^    NoKeyPresent,$/", "language": "Rust", "kind": "enumerator", "scope": "ConvertError", "scopeKind": "enum"}, {"_type": "tag", "name": "RemoveListener", "path": "/home/kavia/workspace/code-generation/app-gateway2/__import__/extracted/app-gateway2-cga-cmf8e7ba8d/Supporting_Files/ripple-eos/util/cloud_sync_monitor_utils.rs", "pattern": "/^    RemoveListener(SyncSettings),$/", "language": "Rust", "kind": "enumerator", "scope": "StateRequest", "scopeKind": "enum"}, {"_type": "tag", "name": "SetLinchpinConnectionStatus", "path": "/home/kavia/workspace/code-generation/app-gateway2/__import__/extracted/app-gateway2-cga-cmf8e7ba8d/Supporting_Files/ripple-eos/util/cloud_sync_monitor_utils.rs", "pattern": "/^    SetLinchpinConnectionStatus(LinchpinConnectionStatus),$/", "language": "Rust", "kind": "enumerator", "scope": "StateRequest", "scopeKind": "enum"}, {"_type": "tag", "name": "StateRequest", "path": "/home/kavia/workspace/code-generation/app-gateway2/__import__/extracted/app-gateway2-cga-cmf8e7ba8d/Supporting_Files/ripple-eos/util/cloud_sync_monitor_utils.rs", "pattern": "/^pub enum StateRequest {$/", "language": "Rust", "kind": "enum"}, {"_type": "tag", "name": "Subscribe", "path": "/home/kavia/workspace/code-generation/app-gateway2/__import__/extracted/app-gateway2-cga-cmf8e7ba8d/Supporting_Files/ripple-eos/util/cloud_sync_monitor_utils.rs", "pattern": "/^    Subscribe(String, oneshot::Sender<Result<(), LinchpinErrors>>), \\/\\/ Topic to Subscribe$/", "language": "Rust", "kind": "enumerator", "scope": "LinchpinProxyCommand", "scopeKind": "enum"}, {"_type": "tag", "name": "SyncAndMonitorProcessor", "path": "/home/kavia/workspace/code-generation/app-gateway2/__import__/extracted/app-gateway2-cga-cmf8e7ba8d/Supporting_Files/ripple-eos/util/cloud_sync_monitor_utils.rs", "pattern": "/^pub trait SyncAndMonitorProcessor {$/", "language": "Rust", "kind": "interface"}, {"_type": "tag", "name": "Unsubscribe", "path": "/home/kavia/workspace/code-generation/app-gateway2/__import__/extracted/app-gateway2-cga-cmf8e7ba8d/Supporting_Files/ripple-eos/util/cloud_sync_monitor_utils.rs", "pattern": "/^    Unsubscribe(String, oneshot::Sender<Result<(), LinchpinErrors>>), \\/\\/Topic to Unsubscribe$/", "language": "Rust", "kind": "enumerator", "scope": "LinchpinProxyCommand", "scopeKind": "enum"}, {"_type": "tag", "name": "config", "path": "/home/kavia/workspace/code-generation/app-gateway2/__import__/extracted/app-gateway2-cga-cmf8e7ba8d/Supporting_Files/ripple-eos/util/cloud_sync_monitor_utils.rs", "pattern": "/^    pub config: LinchpinConfig,$/", "language": "Rust", "kind": "field", "scope": "ConnectParam", "scopeKind": "struct"}, {"_type": "tag", "name": "dev_id", "path": "/home/kavia/workspace/code-generation/app-gateway2/__import__/extracted/app-gateway2-cga-cmf8e7ba8d/Supporting_Files/ripple-eos/util/cloud_sync_monitor_utils.rs", "pattern": "/^    pub dev_id: String,$/", "language": "Rust", "kind": "field", "scope": "ConnectParam", "scopeKind": "struct"}, {"_type": "tag", "name": "event_payload", "path": "/home/kavia/workspace/code-generation/app-gateway2/__import__/extracted/app-gateway2-cga-cmf8e7ba8d/Supporting_Files/ripple-eos/util/cloud_sync_monitor_utils.rs", "pattern": "/^    pub event_payload: EventPayload,$/", "language": "Rust", "kind": "field", "scope": "LinchpinPayload", "scopeKind": "struct"}, {"_type": "tag", "name": "get_properties", "path": "/home/kavia/workspace/code-generation/app-gateway2/__import__/extracted/app-gateway2-cga-cmf8e7ba8d/Supporting_Files/ripple-eos/util/cloud_sync_monitor_utils.rs", "pattern": "/^    fn get_properties(&self) -> Vec<String>;$/", "language": "Rust", "kind": "method", "signature": "(&self) -> Vec<String>", "scope": "SyncAndMonitorProcessor", "scopeKind": "interface"}, {"_type": "tag", "name": "get_request_processor", "path": "/home/kavia/workspace/code-generation/app-gateway2/__import__/extracted/app-gateway2-cga-cmf8e7ba8d/Supporting_Files/ripple-eos/util/cloud_sync_monitor_utils.rs", "pattern": "/^pub fn get_request_processor($/", "language": "Rust", "kind": "function", "signature": "( module: &SyncAndMonitorModule, appsanity_config: &AppsanityConfig, ) -> Box<dyn SyncAndMonitorProcessor>"}, {"_type": "tag", "name": "get_sync_settings", "path": "/home/kavia/workspace/code-generation/app-gateway2/__import__/extracted/app-gateway2-cga-cmf8e7ba8d/Supporting_Files/ripple-eos/util/cloud_sync_monitor_utils.rs", "pattern": "/^pub fn get_sync_settings($/", "language": "Rust", "kind": "function", "signature": "( module: &SyncAndMonitorModule, state: &DistributorState, callback: Sender<PrivacyResponse>, ) -> SyncSettings"}, {"_type": "tag", "name": "replace_uri_variables", "path": "/home/kavia/workspace/code-generation/app-gateway2/__import__/extracted/app-gateway2-cga-cmf8e7ba8d/Supporting_Files/ripple-eos/util/cloud_sync_monitor_utils.rs", "pattern": "/^pub fn replace_uri_variables(base: &str, session: &AccountSession) -> String {$/", "language": "Rust", "kind": "function", "signature": "(base: &str, session: &AccountSession) -> String"}, {"_type": "tag", "name": "sat", "path": "/home/kavia/workspace/code-generation/app-gateway2/__import__/extracted/app-gateway2-cga-cmf8e7ba8d/Supporting_Files/ripple-eos/util/cloud_sync_monitor_utils.rs", "pattern": "/^    pub sat: String,$/", "language": "Rust", "kind": "field", "scope": "ConnectParam", "scopeKind": "struct"}, {"_type": "tag", "name": "settings", "path": "/home/kavia/workspace/code-generation/app-gateway2/__import__/extracted/app-gateway2-cga-cmf8e7ba8d/Supporting_Files/ripple-eos/util/cloud_sync_monitor_utils.rs", "pattern": "/^    pub settings: Value,$/", "language": "Rust", "kind": "field", "scope": "EventPayload", "scopeKind": "struct"}], "hash": "bd60f936f953267a40c42b0f9c7f11eb", "format-version": 4, "code-base-name": "app-gateway2", "filename": "__import__/extracted/app-gateway2-cga-cmf8e7ba8d/Supporting_Files/ripple-eos/util/cloud_sync_monitor_utils.rs", "fields": [{"name": "pub trait SyncAndMonitorProcessor {", "scope": "", "scopeKind": "", "description": "unavailable"}, {"name": "pub config: LinchpinConfig,", "scope": "ConnectParam", "scopeKind": "struct", "description": "unavailable"}, {"name": "pub dev_id: String,", "scope": "ConnectParam", "scopeKind": "struct", "description": "unavailable"}, {"name": "pub event_payload: EventPayload,", "scope": "LinchpinPayload", "scopeKind": "struct", "description": "unavailable"}, {"name": "pub sat: String,", "scope": "ConnectParam", "scopeKind": "struct", "description": "unavailable"}, {"name": "pub settings: Value,", "scope": "EventPayload", "scopeKind": "struct", "description": "unavailable"}], "revision_history": [{"4426": "0f87a35b32215bc8547fb583d6c84bd51f603f69"}]}