{"is_source_file": true, "format": "C++", "description": "Header file defining JSON-RPC data classes for UserSettings API, including JSON containers for various user settings events and commands within the WPEFramework.", "external_files": ["<core/JSON.h>", "<interfaces/IUserSettings.h>"], "external_methods": [], "published": ["JsonData::UserSettings::OnAudioDescriptionChangedParamsInfo", "JsonData::UserSettings::OnPreferredAudioLanguagesChangedParamsInfo", "JsonData::UserSettings::SetAudioDescriptionInfo", "JsonData::UserSettings::SetPreferredAudioLanguagesInfo", "JsonData::UserSettings::OnPreferredClosedCaptionServiceChangedParamsData", "JsonData::UserSettings::OnPresentationLanguageChangedParamsData", "JsonData::UserSettings::OnPrivacyModeChangedParamsData"], "classes": [{"name": "OnAudioDescriptionChangedParamsInfo", "description": "Represents JSON data for audio description change event, including a boolean 'Enabled'."}, {"name": "OnPreferredAudioLanguagesChangedParamsInfo", "description": "Represents JSON data for preferred audio languages change event, including a string 'PreferredLanguages'."}, {"name": "SetAudioDescriptionInfo", "description": "Represents JSON command to set audio description enabled or disabled, with a boolean 'Value'."}, {"name": "SetPreferredAudioLanguagesInfo", "description": "Represents JSON command to set preferred audio languages, with a string 'Value'."}, {"name": "OnPreferredClosedCaptionServiceChangedParamsData", "description": "Represents JSON data for closed caption service change event, including a string 'Service'."}, {"name": "OnPresentationLanguageChangedParamsData", "description": "Represents JSON data for presentation language change, including a string 'PresentationLanguages'."}, {"name": "OnPrivacyModeChangedParamsData", "description": "Represents JSON data for privacy mode change, including a string 'PrivacyMode'."}], "methods": [{"name": "bool IsValid() const", "scope": "WPEFramework::JsonData::UserSettings::SetPreferredAudioLanguagesInfo", "scopeKind": "class", "description": "unavailable"}, {"name": "OnAudioDescriptionChangedParamsInfo()", "scope": "WPEFramework::JsonData::UserSettings::OnAudioDescriptionChangedParamsInfo", "scopeKind": "class", "description": "unavailable"}, {"name": "OnPreferredAudioLanguagesChangedParamsInfo()", "scope": "WPEFramework::JsonData::UserSettings::OnPreferredAudioLanguagesChangedParamsInfo", "scopeKind": "class", "description": "unavailable"}, {"name": "OnPreferredClosedCaptionServiceChangedParamsData()", "scope": "WPEFramework::JsonData::UserSettings::OnPreferredClosedCaptionServiceChangedParamsData", "scopeKind": "class", "description": "unavailable"}, {"name": "OnPresentationLanguageChangedParamsData()", "scope": "WPEFramework::JsonData::UserSettings::OnPresentationLanguageChangedParamsData", "scopeKind": "class", "description": "unavailable"}, {"name": "OnPrivacyModeChangedParamsData()", "scope": "WPEFramework::JsonData::UserSettings::OnPrivacyModeChangedParamsData", "scopeKind": "class", "description": "unavailable"}, {"name": "SetAudioDescriptionInfo()", "scope": "WPEFramework::JsonData::UserSettings::SetAudioDescriptionInfo", "scopeKind": "class", "description": "unavailable"}, {"name": "SetPreferredAudioLanguagesInfo()", "scope": "WPEFramework::JsonData::UserSettings::SetPreferredAudioLanguagesInfo", "scopeKind": "class", "description": "unavailable"}], "calls": [], "search-terms": ["JsonData", "UserSettings", "JSON-RPC", "C++ JSON classes", "audio description", "preferred languages", "closed caption", "presentation languages", "privacy mode"], "state": 2, "file_id": 1581, "knowledge_revision": 4179, "git_revision": "0f87a35b32215bc8547fb583d6c84bd51f603f69", "ctags": [{"_type": "tag", "name": "Enabled", "path": "/home/kavia/workspace/code-generation/app-gateway2/__import__/extracted/app-gateway2-cga-cmf8e7ba8d/dependencies/install/include/WPEFramework/interfaces/json/JsonData_UserSettings.h", "pattern": "/^            Core::JSON::Boolean Enabled; \\/\\/ Enabled\\/Disabled.$/", "language": "C++", "typeref": "typename:Core::JSON::Boolean", "kind": "member", "scope": "WPEFramework::JsonData::UserSettings::OnAudioDescriptionChangedParamsInfo", "scopeKind": "class"}, {"_type": "tag", "name": "IsValid", "path": "/home/kavia/workspace/code-generation/app-gateway2/__import__/extracted/app-gateway2-cga-cmf8e7ba8d/dependencies/install/include/WPEFramework/interfaces/json/JsonData_UserSettings.h", "pattern": "/^            bool IsValid() const$/", "language": "C++", "typeref": "typename:bool", "kind": "function", "signature": "() const", "scope": "WPEFramework::JsonData::UserSettings::OnAudioDescriptionChangedParamsInfo", "scopeKind": "class"}, {"_type": "tag", "name": "IsValid", "path": "/home/kavia/workspace/code-generation/app-gateway2/__import__/extracted/app-gateway2-cga-cmf8e7ba8d/dependencies/install/include/WPEFramework/interfaces/json/JsonData_UserSettings.h", "pattern": "/^            bool IsValid() const$/", "language": "C++", "typeref": "typename:bool", "kind": "function", "signature": "() const", "scope": "WPEFramework::JsonData::UserSettings::OnPreferredAudioLanguagesChangedParamsInfo", "scopeKind": "class"}, {"_type": "tag", "name": "IsValid", "path": "/home/kavia/workspace/code-generation/app-gateway2/__import__/extracted/app-gateway2-cga-cmf8e7ba8d/dependencies/install/include/WPEFramework/interfaces/json/JsonData_UserSettings.h", "pattern": "/^            bool IsValid() const$/", "language": "C++", "typeref": "typename:bool", "kind": "function", "signature": "() const", "scope": "WPEFramework::JsonData::UserSettings::OnPreferredClosedCaptionServiceChangedParamsData", "scopeKind": "class"}, {"_type": "tag", "name": "IsValid", "path": "/home/kavia/workspace/code-generation/app-gateway2/__import__/extracted/app-gateway2-cga-cmf8e7ba8d/dependencies/install/include/WPEFramework/interfaces/json/JsonData_UserSettings.h", "pattern": "/^            bool IsValid() const$/", "language": "C++", "typeref": "typename:bool", "kind": "function", "signature": "() const", "scope": "WPEFramework::JsonData::UserSettings::OnPresentationLanguageChangedParamsData", "scopeKind": "class"}, {"_type": "tag", "name": "IsValid", "path": "/home/kavia/workspace/code-generation/app-gateway2/__import__/extracted/app-gateway2-cga-cmf8e7ba8d/dependencies/install/include/WPEFramework/interfaces/json/JsonData_UserSettings.h", "pattern": "/^            bool IsValid() const$/", "language": "C++", "typeref": "typename:bool", "kind": "function", "signature": "() const", "scope": "WPEFramework::JsonData::UserSettings::OnPrivacyModeChangedParamsData", "scopeKind": "class"}, {"_type": "tag", "name": "IsValid", "path": "/home/kavia/workspace/code-generation/app-gateway2/__import__/extracted/app-gateway2-cga-cmf8e7ba8d/dependencies/install/include/WPEFramework/interfaces/json/JsonData_UserSettings.h", "pattern": "/^            bool IsValid() const$/", "language": "C++", "typeref": "typename:bool", "kind": "function", "signature": "() const", "scope": "WPEFramework::JsonData::UserSettings::SetAudioDescriptionInfo", "scopeKind": "class"}, {"_type": "tag", "name": "IsValid", "path": "/home/kavia/workspace/code-generation/app-gateway2/__import__/extracted/app-gateway2-cga-cmf8e7ba8d/dependencies/install/include/WPEFramework/interfaces/json/JsonData_UserSettings.h", "pattern": "/^            bool IsValid() const$/", "language": "C++", "typeref": "typename:bool", "kind": "function", "signature": "() const", "scope": "WPEFramework::JsonData::UserSettings::SetPreferredAudioLanguagesInfo", "scopeKind": "class"}, {"_type": "tag", "name": "JsonData", "path": "/home/kavia/workspace/code-generation/app-gateway2/__import__/extracted/app-gateway2-cga-cmf8e7ba8d/dependencies/install/include/WPEFramework/interfaces/json/JsonData_UserSettings.h", "pattern": "/^namespace JsonData {$/", "language": "C++", "kind": "namespace", "scope": "WPEFramework", "scopeKind": "namespace"}, {"_type": "tag", "name": "OnAudioDescriptionChangedParamsInfo", "path": "/home/kavia/workspace/code-generation/app-gateway2/__import__/extracted/app-gateway2-cga-cmf8e7ba8d/dependencies/install/include/WPEFramework/interfaces/json/JsonData_UserSettings.h", "pattern": "/^            OnAudioDescriptionChangedParamsInfo()$/", "language": "C++", "kind": "function", "signature": "()", "scope": "WPEFramework::JsonData::UserSettings::OnAudioDescriptionChangedParamsInfo", "scopeKind": "class"}, {"_type": "tag", "name": "OnAudioDescriptionChangedParamsInfo", "path": "/home/kavia/workspace/code-generation/app-gateway2/__import__/extracted/app-gateway2-cga-cmf8e7ba8d/dependencies/install/include/WPEFramework/interfaces/json/JsonData_UserSettings.h", "pattern": "/^        class OnAudioDescriptionChangedParamsInfo : public Core::JSON::Container {$/", "language": "C++", "kind": "class", "scope": "WPEFramework::JsonData::UserSettings", "scopeKind": "namespace"}, {"_type": "tag", "name": "OnPreferredAudioLanguagesChangedParamsInfo", "path": "/home/kavia/workspace/code-generation/app-gateway2/__import__/extracted/app-gateway2-cga-cmf8e7ba8d/dependencies/install/include/WPEFramework/interfaces/json/JsonData_UserSettings.h", "pattern": "/^            OnPreferredAudioLanguagesChangedParamsInfo()$/", "language": "C++", "kind": "function", "signature": "()", "scope": "WPEFramework::JsonData::UserSettings::OnPreferredAudioLanguagesChangedParamsInfo", "scopeKind": "class"}, {"_type": "tag", "name": "OnPreferredAudioLanguagesChangedParamsInfo", "path": "/home/kavia/workspace/code-generation/app-gateway2/__import__/extracted/app-gateway2-cga-cmf8e7ba8d/dependencies/install/include/WPEFramework/interfaces/json/JsonData_UserSettings.h", "pattern": "/^        class OnPreferredAudioLanguagesChangedParamsInfo : public Core::JSON::Container {$/", "language": "C++", "kind": "class", "scope": "WPEFramework::JsonData::UserSettings", "scopeKind": "namespace"}, {"_type": "tag", "name": "OnPreferredClosedCaptionServiceChangedParamsData", "path": "/home/kavia/workspace/code-generation/app-gateway2/__import__/extracted/app-gateway2-cga-cmf8e7ba8d/dependencies/install/include/WPEFramework/interfaces/json/JsonData_UserSettings.h", "pattern": "/^            OnPreferredClosedCaptionServiceChangedParamsData()$/", "language": "C++", "kind": "function", "signature": "()", "scope": "WPEFramework::JsonData::UserSettings::OnPreferredClosedCaptionServiceChangedParamsData", "scopeKind": "class"}, {"_type": "tag", "name": "OnPreferredClosedCaptionServiceChangedParamsData", "path": "/home/kavia/workspace/code-generation/app-gateway2/__import__/extracted/app-gateway2-cga-cmf8e7ba8d/dependencies/install/include/WPEFramework/interfaces/json/JsonData_UserSettings.h", "pattern": "/^        class OnPreferredClosedCaptionServiceChangedParamsData : public Core::JSON::Container {$/", "language": "C++", "kind": "class", "scope": "WPEFramework::JsonData::UserSettings", "scopeKind": "namespace"}, {"_type": "tag", "name": "OnPresentationLanguageChangedParamsData", "path": "/home/kavia/workspace/code-generation/app-gateway2/__import__/extracted/app-gateway2-cga-cmf8e7ba8d/dependencies/install/include/WPEFramework/interfaces/json/JsonData_UserSettings.h", "pattern": "/^            OnPresentationLanguageChangedParamsData()$/", "language": "C++", "kind": "function", "signature": "()", "scope": "WPEFramework::JsonData::UserSettings::OnPresentationLanguageChangedParamsData", "scopeKind": "class"}, {"_type": "tag", "name": "OnPresentationLanguageChangedParamsData", "path": "/home/kavia/workspace/code-generation/app-gateway2/__import__/extracted/app-gateway2-cga-cmf8e7ba8d/dependencies/install/include/WPEFramework/interfaces/json/JsonData_UserSettings.h", "pattern": "/^        class OnPresentationLanguageChangedParamsData : public Core::JSON::Container {$/", "language": "C++", "kind": "class", "scope": "WPEFramework::JsonData::UserSettings", "scopeKind": "namespace"}, {"_type": "tag", "name": "OnPrivacyModeChangedParamsData", "path": "/home/kavia/workspace/code-generation/app-gateway2/__import__/extracted/app-gateway2-cga-cmf8e7ba8d/dependencies/install/include/WPEFramework/interfaces/json/JsonData_UserSettings.h", "pattern": "/^            OnPrivacyModeChangedParamsData()$/", "language": "C++", "kind": "function", "signature": "()", "scope": "WPEFramework::JsonData::UserSettings::OnPrivacyModeChangedParamsData", "scopeKind": "class"}, {"_type": "tag", "name": "OnPrivacyModeChangedParamsData", "path": "/home/kavia/workspace/code-generation/app-gateway2/__import__/extracted/app-gateway2-cga-cmf8e7ba8d/dependencies/install/include/WPEFramework/interfaces/json/JsonData_UserSettings.h", "pattern": "/^        class OnPrivacyModeChangedParamsData : public Core::JSON::Container {$/", "language": "C++", "kind": "class", "scope": "WPEFramework::JsonData::UserSettings", "scopeKind": "namespace"}, {"_type": "tag", "name": "PreferredLanguages", "path": "/home/kavia/workspace/code-generation/app-gateway2/__import__/extracted/app-gateway2-cga-cmf8e7ba8d/dependencies/install/include/WPEFramework/interfaces/json/JsonData_UserSettings.h", "pattern": "/^            Core::JSON::String PreferredLanguages; \\/\\/ PreferredLanguages.$/", "language": "C++", "typeref": "typename:Core::JSON::String", "kind": "member", "scope": "WPEFramework::JsonData::UserSettings::OnPreferredAudioLanguagesChangedParamsInfo", "scopeKind": "class"}, {"_type": "tag", "name": "PresentationLanguages", "path": "/home/kavia/workspace/code-generation/app-gateway2/__import__/extracted/app-gateway2-cga-cmf8e7ba8d/dependencies/install/include/WPEFramework/interfaces/json/JsonData_UserSettings.h", "pattern": "/^            Core::JSON::String PresentationLanguages; \\/\\/ PresentationLanguages.$/", "language": "C++", "typeref": "typename:Core::JSON::String", "kind": "member", "scope": "WPEFramework::JsonData::UserSettings::OnPresentationLanguageChangedParamsData", "scopeKind": "class"}, {"_type": "tag", "name": "PrivacyMode", "path": "/home/kavia/workspace/code-generation/app-gateway2/__import__/extracted/app-gateway2-cga-cmf8e7ba8d/dependencies/install/include/WPEFramework/interfaces/json/JsonData_UserSettings.h", "pattern": "/^            Core::JSON::String PrivacyMode; \\/\\/ \"SHARE\", \"DO_NOT_SHARE\".$/", "language": "C++", "typeref": "typename:Core::JSON::String", "kind": "member", "scope": "WPEFramework::JsonData::UserSettings::OnPrivacyModeChangedParamsData", "scopeKind": "class"}, {"_type": "tag", "name": "Service", "path": "/home/kavia/workspace/code-generation/app-gateway2/__import__/extracted/app-gateway2-cga-cmf8e7ba8d/dependencies/install/include/WPEFramework/interfaces/json/JsonData_UserSettings.h", "pattern": "/^            Core::JSON::String Service; \\/\\/ \"CC[1-4]\", \"TEXT[1-4]\", \"SERVICE[1-64]\".$/", "language": "C++", "typeref": "typename:Core::JSON::String", "kind": "member", "scope": "WPEFramework::JsonData::UserSettings::OnPreferredClosedCaptionServiceChangedParamsData", "scopeKind": "class"}, {"_type": "tag", "name": "SetAudioDescriptionInfo", "path": "/home/kavia/workspace/code-generation/app-gateway2/__import__/extracted/app-gateway2-cga-cmf8e7ba8d/dependencies/install/include/WPEFramework/interfaces/json/JsonData_UserSettings.h", "pattern": "/^            SetAudioDescriptionInfo()$/", "language": "C++", "kind": "function", "signature": "()", "scope": "WPEFramework::JsonData::UserSettings::SetAudioDescriptionInfo", "scopeKind": "class"}, {"_type": "tag", "name": "SetAudioDescriptionInfo", "path": "/home/kavia/workspace/code-generation/app-gateway2/__import__/extracted/app-gateway2-cga-cmf8e7ba8d/dependencies/install/include/WPEFramework/interfaces/json/JsonData_UserSettings.h", "pattern": "/^        class SetAudioDescriptionInfo : public Core::JSON::Container {$/", "language": "C++", "kind": "class", "scope": "WPEFramework::JsonData::UserSettings", "scopeKind": "namespace"}, {"_type": "tag", "name": "SetPreferredAudioLanguagesInfo", "path": "/home/kavia/workspace/code-generation/app-gateway2/__import__/extracted/app-gateway2-cga-cmf8e7ba8d/dependencies/install/include/WPEFramework/interfaces/json/JsonData_UserSettings.h", "pattern": "/^            SetPreferredAudioLanguagesInfo()$/", "language": "C++", "kind": "function", "signature": "()", "scope": "WPEFramework::JsonData::UserSettings::SetPreferredAudioLanguagesInfo", "scopeKind": "class"}, {"_type": "tag", "name": "SetPreferredAudioLanguagesInfo", "path": "/home/kavia/workspace/code-generation/app-gateway2/__import__/extracted/app-gateway2-cga-cmf8e7ba8d/dependencies/install/include/WPEFramework/interfaces/json/JsonData_UserSettings.h", "pattern": "/^        class SetPreferredAudioLanguagesInfo : public Core::JSON::Container {$/", "language": "C++", "kind": "class", "scope": "WPEFramework::JsonData::UserSettings", "scopeKind": "namespace"}, {"_type": "tag", "name": "UserSettings", "path": "/home/kavia/workspace/code-generation/app-gateway2/__import__/extracted/app-gateway2-cga-cmf8e7ba8d/dependencies/install/include/WPEFramework/interfaces/json/JsonData_UserSettings.h", "pattern": "/^    namespace UserSettings {$/", "language": "C++", "kind": "namespace", "scope": "WPEFramework::JsonData", "scopeKind": "namespace"}, {"_type": "tag", "name": "Value", "path": "/home/kavia/workspace/code-generation/app-gateway2/__import__/extracted/app-gateway2-cga-cmf8e7ba8d/dependencies/install/include/WPEFramework/interfaces/json/JsonData_UserSettings.h", "pattern": "/^            Core::JSON::Boolean Value; \\/\\/ Enabled\\/Disabled$/", "language": "C++", "typeref": "typename:Core::JSON::Boolean", "kind": "member", "scope": "WPEFramework::JsonData::UserSettings::SetAudioDescriptionInfo", "scopeKind": "class"}, {"_type": "tag", "name": "Value", "path": "/home/kavia/workspace/code-generation/app-gateway2/__import__/extracted/app-gateway2-cga-cmf8e7ba8d/dependencies/install/include/WPEFramework/interfaces/json/JsonData_UserSettings.h", "pattern": "/^            Core::JSON::String Value; \\/\\/ PreferredLanguages$/", "language": "C++", "typeref": "typename:Core::JSON::String", "kind": "member", "scope": "WPEFramework::JsonData::UserSettings::SetPreferredAudioLanguagesInfo", "scopeKind": "class"}, {"_type": "tag", "name": "WPEFramework", "path": "/home/kavia/workspace/code-generation/app-gateway2/__import__/extracted/app-gateway2-cga-cmf8e7ba8d/dependencies/install/include/WPEFramework/interfaces/json/JsonData_UserSettings.h", "pattern": "/^namespace WPEFramework {$/", "language": "C++", "kind": "namespace"}], "hash": "6821bda788d4dae52b0335dcb550ee12", "format-version": 4, "code-base-name": "app-gateway2", "filename": "__import__/extracted/app-gateway2-cga-cmf8e7ba8d/dependencies/install/include/WPEFramework/interfaces/json/JsonData_UserSettings.h", "fields": [{"name": "Core::JSON::Boolean Enabled", "scope": "WPEFramework::JsonData::UserSettings::OnAudioDescriptionChangedParamsInfo", "scopeKind": "class", "description": "unavailable"}, {"name": "Core::JSON::String PreferredLanguages", "scope": "WPEFramework::JsonData::UserSettings::OnPreferredAudioLanguagesChangedParamsInfo", "scopeKind": "class", "description": "unavailable"}, {"name": "Core::JSON::String PresentationLanguages", "scope": "WPEFramework::JsonData::UserSettings::OnPresentationLanguageChangedParamsData", "scopeKind": "class", "description": "unavailable"}, {"name": "Core::JSON::String PrivacyMode", "scope": "WPEFramework::JsonData::UserSettings::OnPrivacyModeChangedParamsData", "scopeKind": "class", "description": "unavailable"}, {"name": "Core::JSON::String Service", "scope": "WPEFramework::JsonData::UserSettings::OnPreferredClosedCaptionServiceChangedParamsData", "scopeKind": "class", "description": "unavailable"}, {"name": "Core::JSON::Boolean Value", "scope": "WPEFramework::JsonData::UserSettings::SetAudioDescriptionInfo", "scopeKind": "class", "description": "unavailable"}, {"name": "Core::JSON::String Value", "scope": "WPEFramework::JsonData::UserSettings::SetPreferredAudioLanguagesInfo", "scopeKind": "class", "description": "unavailable"}], "revision_history": [{"4179": "0f87a35b32215bc8547fb583d6c84bd51f603f69"}]}