{"is_source_file": true, "format": "C++ header file", "description": "This file defines the interface for the IStream and IPlayer components in the WPEFramework Exchange namespace. It includes enum definitions for stream states, types, DRM types, and nested interfaces for stream elements, control, callbacks, and player functionalities. It specifies the contract for stream management, control, and metadata retrieval, used within the media streaming context.", "external_files": ["Module.h", "Core::IUnknown", "PluginHost::IShell", "Core::IUnknown"], "external_methods": ["Core::IUnknown", "PluginHost::IShell::Configure", "Core::IUnknown::AddRef", "Core::IUnknown::Release"], "published": ["WPEFramework::Exchange::IStream", "WPEFramework::Exchange::IPlayer"], "classes": [{"name": "IStream", "description": "Interface representing a media stream with properties such as state, type, DRM, and control features."}, {"name": "IElement", "description": "Represents an element within a stream, such as audio or video components."}, {"name": "IIterator", "description": "Iterator for traversing IElement objects within a stream."}, {"name": "IControl", "description": "Interface for controlling stream playback including speed, position, and geometry settings."}, {"name": "IGeometry", "description": "Provides geometric layout settings for a stream element."}, {"name": "ICallback", "description": "Callback interface for event notifications related to stream control and DRM state changes."}, {"name": "ICallback (inside IStream)", "description": "Callback interface for stream events including DRM and state changes."}, {"name": "IPlayer", "description": "Interface to create and configure media streams for playback."}], "methods": [{"name": "CreateStream", "description": "Creates a new stream of the specified type."}, {"name": "Configure", "description": "Configures the player with a service shell."}, {"name": "DEPRECATED void Callback(IStream::ICallback *)", "scope": "WPEFramework::Exchange::IStream", "scopeKind": "struct", "description": "unavailable"}], "calls": ["Core::IUnknown AddRef", "Core::IUnknown Release", "PluginHost::IShell::Configure"], "search-terms": ["IStream", "Media Streaming", "DRM types", "Stream control", "Stream elements", "WPEFramework interface"], "state": 2, "file_id": 1508, "knowledge_revision": 4108, "git_revision": "0f87a35b32215bc8547fb583d6c84bd51f603f69", "ctags": [{"_type": "tag", "name": "Audio", "path": "/home/kavia/workspace/code-generation/app-gateway2/__import__/extracted/app-gateway2-cga-cmf8e7ba8d/dependencies/install/include/WPEFramework/interfaces/IStream.h", "pattern": "/^                Audio,$/", "language": "C++", "kind": "enumerator", "scope": "WPEFramework::Exchange::IStream::IElement::type", "scopeKind": "enum"}, {"_type": "tag", "name": "Cable", "path": "/home/kavia/workspace/code-generation/app-gateway2/__import__/extracted/app-gateway2-cga-cmf8e7ba8d/dependencies/install/include/WPEFramework/interfaces/IStream.h", "pattern": "/^            Cable = 1,$/", "language": "C++", "kind": "enumerator", "scope": "WPEFramework::Exchange::IStream::streamtype", "scopeKind": "enum"}, {"_type": "tag", "name": "Callback", "path": "/home/kavia/workspace/code-generation/app-gateway2/__import__/extracted/app-gateway2-cga-cmf8e7ba8d/dependencies/install/include/WPEFramework/interfaces/IStream.h", "pattern": "/^        DEPRECATED virtual void Callback(IStream::ICallback*) {};$/", "language": "C++", "typeref": "typename:DEPRECATED void", "kind": "function", "signature": "(IStream::ICallback *)", "scope": "WPEFramework::Exchange::IStream", "scopeKind": "struct"}, {"_type": "tag", "name": "ClearKey", "path": "/home/kavia/workspace/code-generation/app-gateway2/__import__/extracted/app-gateway2-cga-cmf8e7ba8d/dependencies/install/include/WPEFramework/interfaces/IStream.h", "pattern": "/^            ClearKey,$/", "language": "C++", "kind": "enumerator", "scope": "WPEFramework::Exchange::IStream::drmtype", "scopeKind": "enum"}, {"_type": "tag", "name": "Controlled", "path": "/home/kavia/workspace/code-generation/app-gateway2/__import__/extracted/app-gateway2-cga-cmf8e7ba8d/dependencies/install/include/WPEFramework/interfaces/IStream.h", "pattern": "/^            Controlled,$/", "language": "C++", "kind": "enumerator", "scope": "WPEFramework::Exchange::IStream::state", "scopeKind": "enum"}, {"_type": "tag", "name": "DAB", "path": "/home/kavia/workspace/code-generation/app-gateway2/__import__/extracted/app-gateway2-cga-cmf8e7ba8d/dependencies/install/include/WPEFramework/interfaces/IStream.h", "pattern": "/^            DAB = 16,$/", "language": "C++", "kind": "enumerator", "scope": "WPEFramework::Exchange::IStream::streamtype", "scopeKind": "enum"}, {"_type": "tag", "name": "Data", "path": "/home/kavia/workspace/code-generation/app-gateway2/__import__/extracted/app-gateway2-cga-cmf8e7ba8d/dependencies/install/include/WPEFramework/interfaces/IStream.h", "pattern": "/^                Data$/", "language": "C++", "kind": "enumerator", "scope": "WPEFramework::Exchange::IStream::IElement::type", "scopeKind": "enum"}, {"_type": "tag", "name": "Error", "path": "/home/kavia/workspace/code-generation/app-gateway2/__import__/extracted/app-gateway2-cga-cmf8e7ba8d/dependencies/install/include/WPEFramework/interfaces/IStream.h", "pattern": "/^            Error$/", "language": "C++", "kind": "enumerator", "scope": "WPEFramework::Exchange::IStream::state", "scopeKind": "enum"}, {"_type": "tag", "name": "Exchange", "path": "/home/kavia/workspace/code-generation/app-gateway2/__import__/extracted/app-gateway2-cga-cmf8e7ba8d/dependencies/install/include/WPEFramework/interfaces/IStream.h", "pattern": "/^namespace Exchange {$/", "language": "C++", "kind": "namespace", "scope": "WPEFramework", "scopeKind": "namespace"}, {"_type": "tag", "name": "Handheld", "path": "/home/kavia/workspace/code-generation/app-gateway2/__import__/extracted/app-gateway2-cga-cmf8e7ba8d/dependencies/install/include/WPEFramework/interfaces/IStream.h", "pattern": "/^            Handheld = 2,$/", "language": "C++", "kind": "enumerator", "scope": "WPEFramework::Exchange::IStream::streamtype", "scopeKind": "enum"}, {"_type": "tag", "name": "ICallback", "path": "/home/kavia/workspace/code-generation/app-gateway2/__import__/extracted/app-gateway2-cga-cmf8e7ba8d/dependencies/install/include/WPEFramework/interfaces/IStream.h", "pattern": "/^            struct EXTERNAL ICallback : virtual public Core::IUnknown {$/", "language": "C++", "kind": "struct", "scope": "WPEFramework::Exchange::IStream::IControl", "scopeKind": "struct"}, {"_type": "tag", "name": "ICallback", "path": "/home/kavia/workspace/code-generation/app-gateway2/__import__/extracted/app-gateway2-cga-cmf8e7ba8d/dependencies/install/include/WPEFramework/interfaces/IStream.h", "pattern": "/^        struct EXTERNAL ICallback : virtual public Core::IUnknown {$/", "language": "C++", "kind": "struct", "scope": "WPEFramework::Exchange::IStream", "scopeKind": "struct"}, {"_type": "tag", "name": "IControl", "path": "/home/kavia/workspace/code-generation/app-gateway2/__import__/extracted/app-gateway2-cga-cmf8e7ba8d/dependencies/install/include/WPEFramework/interfaces/IStream.h", "pattern": "/^        struct EXTERNAL IControl : virtual public Core::IUnknown {$/", "language": "C++", "kind": "struct", "scope": "WPEFramework::Exchange::IStream", "scopeKind": "struct"}, {"_type": "tag", "name": "ID", "path": "/home/kavia/workspace/code-generation/app-gateway2/__import__/extracted/app-gateway2-cga-cmf8e7ba8d/dependencies/install/include/WPEFramework/interfaces/IStream.h", "pattern": "/^                enum { ID = ID_STREAM_CONTROL_CALLBACK };$/", "language": "C++", "kind": "enumerator", "scope": "WPEFramework::Exchange::IStream::IControl::ICallback::__anon6d26f2870603", "scopeKind": "enum"}, {"_type": "tag", "name": "ID", "path": "/home/kavia/workspace/code-generation/app-gateway2/__import__/extracted/app-gateway2-cga-cmf8e7ba8d/dependencies/install/include/WPEFramework/interfaces/IStream.h", "pattern": "/^                enum { ID = ID_STREAM_CONTROL_GEOMETRY };$/", "language": "C++", "kind": "enumerator", "scope": "WPEFramework::Exchange::IStream::IControl::IGeometry::__anon6d26f2870503", "scopeKind": "enum"}, {"_type": "tag", "name": "ID", "path": "/home/kavia/workspace/code-generation/app-gateway2/__import__/extracted/app-gateway2-cga-cmf8e7ba8d/dependencies/install/include/WPEFramework/interfaces/IStream.h", "pattern": "/^                enum { ID = ID_STREAM_ELEMENT_ITERATOR };$/", "language": "C++", "kind": "enumerator", "scope": "WPEFramework::Exchange::IStream::IElement::IIterator::__anon6d26f2870303", "scopeKind": "enum"}, {"_type": "tag", "name": "ID", "path": "/home/kavia/workspace/code-generation/app-gateway2/__import__/extracted/app-gateway2-cga-cmf8e7ba8d/dependencies/install/include/WPEFramework/interfaces/IStream.h", "pattern": "/^            enum { ID = ID_STREAM_CALLBACK };$/", "language": "C++", "kind": "enumerator", "scope": "WPEFramework::Exchange::IStream::ICallback::__anon6d26f2870703", "scopeKind": "enum"}, {"_type": "tag", "name": "ID", "path": "/home/kavia/workspace/code-generation/app-gateway2/__import__/extracted/app-gateway2-cga-cmf8e7ba8d/dependencies/install/include/WPEFramework/interfaces/IStream.h", "pattern": "/^            enum { ID = ID_STREAM_CONTROL };$/", "language": "C++", "kind": "enumerator", "scope": "WPEFramework::Exchange::IStream::IControl::__anon6d26f2870403", "scopeKind": "enum"}, {"_type": "tag", "name": "ID", "path": "/home/kavia/workspace/code-generation/app-gateway2/__import__/extracted/app-gateway2-cga-cmf8e7ba8d/dependencies/install/include/WPEFramework/interfaces/IStream.h", "pattern": "/^            enum { ID = ID_STREAM_ELEMENT};$/", "language": "C++", "kind": "enumerator", "scope": "WPEFramework::Exchange::IStream::IElement::__anon6d26f2870203", "scopeKind": "enum"}, {"_type": "tag", "name": "ID", "path": "/home/kavia/workspace/code-generation/app-gateway2/__import__/extracted/app-gateway2-cga-cmf8e7ba8d/dependencies/install/include/WPEFramework/interfaces/IStream.h", "pattern": "/^        enum { ID = ID_PLAYER };$/", "language": "C++", "kind": "enumerator", "scope": "WPEFramework::Exchange::IPlayer::__anon6d26f2870803", "scopeKind": "enum"}, {"_type": "tag", "name": "ID", "path": "/home/kavia/workspace/code-generation/app-gateway2/__import__/extracted/app-gateway2-cga-cmf8e7ba8d/dependencies/install/include/WPEFramework/interfaces/IStream.h", "pattern": "/^        enum { ID = ID_STREAM };$/", "language": "C++", "kind": "enumerator", "scope": "WPEFramework::Exchange::IStream::__anon6d26f2870103", "scopeKind": "enum"}, {"_type": "tag", "name": "IElement", "path": "/home/kavia/workspace/code-generation/app-gateway2/__import__/extracted/app-gateway2-cga-cmf8e7ba8d/dependencies/install/include/WPEFramework/interfaces/IStream.h", "pattern": "/^        struct EXTERNAL IElement : virtual public Core::IUnknown {$/", "language": "C++", "kind": "struct", "scope": "WPEFramework::Exchange::IStream", "scopeKind": "struct"}, {"_type": "tag", "name": "IGeometry", "path": "/home/kavia/workspace/code-generation/app-gateway2/__import__/extracted/app-gateway2-cga-cmf8e7ba8d/dependencies/install/include/WPEFramework/interfaces/IStream.h", "pattern": "/^            struct EXTERNAL IGeometry : virtual public Core::IUnknown {$/", "language": "C++", "kind": "struct", "scope": "WPEFramework::Exchange::IStream::IControl", "scopeKind": "struct"}, {"_type": "tag", "name": "IIterator", "path": "/home/kavia/workspace/code-generation/app-gateway2/__import__/extracted/app-gateway2-cga-cmf8e7ba8d/dependencies/install/include/WPEFramework/interfaces/IStream.h", "pattern": "/^            struct EXTERNAL IIterator : virtual public Core::IUnknown {$/", "language": "C++", "kind": "struct", "scope": "WPEFramework::Exchange::IStream::IElement", "scopeKind": "struct"}, {"_type": "tag", "name": "IP", "path": "/home/kavia/workspace/code-generation/app-gateway2/__import__/extracted/app-gateway2-cga-cmf8e7ba8d/dependencies/install/include/WPEFramework/interfaces/IStream.h", "pattern": "/^            IP = 96$/", "language": "C++", "kind": "enumerator", "scope": "WPEFramework::Exchange::IStream::streamtype", "scopeKind": "enum"}, {"_type": "tag", "name": "IPlayer", "path": "/home/kavia/workspace/code-generation/app-gateway2/__import__/extracted/app-gateway2-cga-cmf8e7ba8d/dependencies/install/include/WPEFramework/interfaces/IStream.h", "pattern": "/^    struct EXTERNAL IPlayer : virtual public Core::IUnknown {$/", "language": "C++", "kind": "struct", "scope": "WPEFramework::Exchange", "scopeKind": "namespace"}, {"_type": "tag", "name": "IStream", "path": "/home/kavia/workspace/code-generation/app-gateway2/__import__/extracted/app-gateway2-cga-cmf8e7ba8d/dependencies/install/include/WPEFramework/interfaces/IStream.h", "pattern": "/^    struct EXTERNAL IStream : virtual public Core::IUnknown {$/", "language": "C++", "kind": "struct", "scope": "WPEFramework::Exchange", "scopeKind": "namespace"}, {"_type": "tag", "name": "Idle", "path": "/home/kavia/workspace/code-generation/app-gateway2/__import__/extracted/app-gateway2-cga-cmf8e7ba8d/dependencies/install/include/WPEFramework/interfaces/IStream.h", "pattern": "/^            Idle = 0,$/", "language": "C++", "kind": "enumerator", "scope": "WPEFramework::Exchange::IStream::state", "scopeKind": "enum"}, {"_type": "tag", "name": "Loading", "path": "/home/kavia/workspace/code-generation/app-gateway2/__import__/extracted/app-gateway2-cga-cmf8e7ba8d/dependencies/install/include/WPEFramework/interfaces/IStream.h", "pattern": "/^            Loading,$/", "language": "C++", "kind": "enumerator", "scope": "WPEFramework::Exchange::IStream::state", "scopeKind": "enum"}, {"_type": "tag", "name": "Multicast", "path": "/home/kavia/workspace/code-generation/app-gateway2/__import__/extracted/app-gateway2-cga-cmf8e7ba8d/dependencies/install/include/WPEFramework/interfaces/IStream.h", "pattern": "/^            Multicast = 64,$/", "language": "C++", "kind": "enumerator", "scope": "WPEFramework::Exchange::IStream::streamtype", "scopeKind": "enum"}, {"_type": "tag", "name": "None", "path": "/home/kavia/workspace/code-generation/app-gateway2/__import__/extracted/app-gateway2-cga-cmf8e7ba8d/dependencies/install/include/WPEFramework/interfaces/IStream.h", "pattern": "/^            None = 0,$/", "language": "C++", "kind": "enumerator", "scope": "WPEFramework::Exchange::IStream::drmtype", "scopeKind": "enum"}, {"_type": "tag", "name": "PlayReady", "path": "/home/kavia/workspace/code-generation/app-gateway2/__import__/extracted/app-gateway2-cga-cmf8e7ba8d/dependencies/install/include/WPEFramework/interfaces/IStream.h", "pattern": "/^            PlayReady,$/", "language": "C++", "kind": "enumerator", "scope": "WPEFramework::Exchange::IStream::drmtype", "scopeKind": "enum"}, {"_type": "tag", "name": "Prepared", "path": "/home/kavia/workspace/code-generation/app-gateway2/__import__/extracted/app-gateway2-cga-cmf8e7ba8d/dependencies/install/include/WPEFramework/interfaces/IStream.h", "pattern": "/^            Prepared,$/", "language": "C++", "kind": "enumerator", "scope": "WPEFramework::Exchange::IStream::state", "scopeKind": "enum"}, {"_type": "tag", "name": "RF", "path": "/home/kavia/workspace/code-generation/app-gateway2/__import__/extracted/app-gateway2-cga-cmf8e7ba8d/dependencies/install/include/WPEFramework/interfaces/IStream.h", "pattern": "/^            RF = 31,$/", "language": "C++", "kind": "enumerator", "scope": "WPEFramework::Exchange::IStream::streamtype", "scopeKind": "enum"}, {"_type": "tag", "name": "Satellite", "path": "/home/kavia/workspace/code-generation/app-gateway2/__import__/extracted/app-gateway2-cga-cmf8e7ba8d/dependencies/install/include/WPEFramework/interfaces/IStream.h", "pattern": "/^            Satellite = 4,$/", "language": "C++", "kind": "enumerator", "scope": "WPEFramework::Exchange::IStream::streamtype", "scopeKind": "enum"}, {"_type": "tag", "name": "Subtitles", "path": "/home/kavia/workspace/code-generation/app-gateway2/__import__/extracted/app-gateway2-cga-cmf8e7ba8d/dependencies/install/include/WPEFramework/interfaces/IStream.h", "pattern": "/^                Subtitles,$/", "language": "C++", "kind": "enumerator", "scope": "WPEFramework::Exchange::IStream::IElement::type", "scopeKind": "enum"}, {"_type": "tag", "name": "Teletext", "path": "/home/kavia/workspace/code-generation/app-gateway2/__import__/extracted/app-gateway2-cga-cmf8e7ba8d/dependencies/install/include/WPEFramework/interfaces/IStream.h", "pattern": "/^                Teletext,$/", "language": "C++", "kind": "enumerator", "scope": "WPEFramework::Exchange::IStream::IElement::type", "scopeKind": "enum"}, {"_type": "tag", "name": "Terrestrial", "path": "/home/kavia/workspace/code-generation/app-gateway2/__import__/extracted/app-gateway2-cga-cmf8e7ba8d/dependencies/install/include/WPEFramework/interfaces/IStream.h", "pattern": "/^            Terrestrial = 8,$/", "language": "C++", "kind": "enumerator", "scope": "WPEFramework::Exchange::IStream::streamtype", "scopeKind": "enum"}, {"_type": "tag", "name": "Undefined", "path": "/home/kavia/workspace/code-generation/app-gateway2/__import__/extracted/app-gateway2-cga-cmf8e7ba8d/dependencies/install/include/WPEFramework/interfaces/IStream.h", "pattern": "/^            Undefined = 0,$/", "language": "C++", "kind": "enumerator", "scope": "WPEFramework::Exchange::IStream::streamtype", "scopeKind": "enum"}, {"_type": "tag", "name": "Unicast", "path": "/home/kavia/workspace/code-generation/app-gateway2/__import__/extracted/app-gateway2-cga-cmf8e7ba8d/dependencies/install/include/WPEFramework/interfaces/IStream.h", "pattern": "/^            Unicast = 32,$/", "language": "C++", "kind": "enumerator", "scope": "WPEFramework::Exchange::IStream::streamtype", "scopeKind": "enum"}, {"_type": "tag", "name": "Unknown", "path": "/home/kavia/workspace/code-generation/app-gateway2/__import__/extracted/app-gateway2-cga-cmf8e7ba8d/dependencies/install/include/WPEFramework/interfaces/IStream.h", "pattern": "/^                Unknown = 0,$/", "language": "C++", "kind": "enumerator", "scope": "WPEFramework::Exchange::IStream::IElement::type", "scopeKind": "enum"}, {"_type": "tag", "name": "Unknown", "path": "/home/kavia/workspace/code-generation/app-gateway2/__import__/extracted/app-gateway2-cga-cmf8e7ba8d/dependencies/install/include/WPEFramework/interfaces/IStream.h", "pattern": "/^            Unknown$/", "language": "C++", "kind": "enumerator", "scope": "WPEFramework::Exchange::IStream::drmtype", "scopeKind": "enum"}, {"_type": "tag", "name": "Video", "path": "/home/kavia/workspace/code-generation/app-gateway2/__import__/extracted/app-gateway2-cga-cmf8e7ba8d/dependencies/install/include/WPEFramework/interfaces/IStream.h", "pattern": "/^                Video,$/", "language": "C++", "kind": "enumerator", "scope": "WPEFramework::Exchange::IStream::IElement::type", "scopeKind": "enum"}, {"_type": "tag", "name": "WPEFramework", "path": "/home/kavia/workspace/code-generation/app-gateway2/__import__/extracted/app-gateway2-cga-cmf8e7ba8d/dependencies/install/include/WPEFramework/interfaces/IStream.h", "pattern": "/^namespace WPEFramework {$/", "language": "C++", "kind": "namespace"}, {"_type": "tag", "name": "WPEPLAYER_PROCESS_NODE_ID", "path": "/home/kavia/workspace/code-generation/app-gateway2/__import__/extracted/app-gateway2-cga-cmf8e7ba8d/dependencies/install/include/WPEFramework/interfaces/IStream.h", "pattern": "/^#define WPEPLAYER_PROCESS_NODE_ID /", "language": "C++", "kind": "macro"}, {"_type": "tag", "name": "Widevine", "path": "/home/kavia/workspace/code-generation/app-gateway2/__import__/extracted/app-gateway2-cga-cmf8e7ba8d/dependencies/install/include/WPEFramework/interfaces/IStream.h", "pattern": "/^            Widevine,$/", "language": "C++", "kind": "enumerator", "scope": "WPEFramework::Exchange::IStream::drmtype", "scopeKind": "enum"}, {"_type": "tag", "name": "__anon6d26f2870103", "path": "/home/kavia/workspace/code-generation/app-gateway2/__import__/extracted/app-gateway2-cga-cmf8e7ba8d/dependencies/install/include/WPEFramework/interfaces/IStream.h", "pattern": "/^        enum { ID = ID_STREAM };$/", "language": "C++", "kind": "enum", "scope": "WPEFramework::Exchange::IStream", "scopeKind": "struct"}, {"_type": "tag", "name": "__anon6d26f2870203", "path": "/home/kavia/workspace/code-generation/app-gateway2/__import__/extracted/app-gateway2-cga-cmf8e7ba8d/dependencies/install/include/WPEFramework/interfaces/IStream.h", "pattern": "/^            enum { ID = ID_STREAM_ELEMENT};$/", "language": "C++", "kind": "enum", "scope": "WPEFramework::Exchange::IStream::IElement", "scopeKind": "struct"}, {"_type": "tag", "name": "__anon6d26f2870303", "path": "/home/kavia/workspace/code-generation/app-gateway2/__import__/extracted/app-gateway2-cga-cmf8e7ba8d/dependencies/install/include/WPEFramework/interfaces/IStream.h", "pattern": "/^                enum { ID = ID_STREAM_ELEMENT_ITERATOR };$/", "language": "C++", "kind": "enum", "scope": "WPEFramework::Exchange::IStream::IElement::IIterator", "scopeKind": "struct"}, {"_type": "tag", "name": "__anon6d26f2870403", "path": "/home/kavia/workspace/code-generation/app-gateway2/__import__/extracted/app-gateway2-cga-cmf8e7ba8d/dependencies/install/include/WPEFramework/interfaces/IStream.h", "pattern": "/^            enum { ID = ID_STREAM_CONTROL };$/", "language": "C++", "kind": "enum", "scope": "WPEFramework::Exchange::IStream::IControl", "scopeKind": "struct"}, {"_type": "tag", "name": "__anon6d26f2870503", "path": "/home/kavia/workspace/code-generation/app-gateway2/__import__/extracted/app-gateway2-cga-cmf8e7ba8d/dependencies/install/include/WPEFramework/interfaces/IStream.h", "pattern": "/^                enum { ID = ID_STREAM_CONTROL_GEOMETRY };$/", "language": "C++", "kind": "enum", "scope": "WPEFramework::Exchange::IStream::IControl::IGeometry", "scopeKind": "struct"}, {"_type": "tag", "name": "__anon6d26f2870603", "path": "/home/kavia/workspace/code-generation/app-gateway2/__import__/extracted/app-gateway2-cga-cmf8e7ba8d/dependencies/install/include/WPEFramework/interfaces/IStream.h", "pattern": "/^                enum { ID = ID_STREAM_CONTROL_CALLBACK };$/", "language": "C++", "kind": "enum", "scope": "WPEFramework::Exchange::IStream::IControl::ICallback", "scopeKind": "struct"}, {"_type": "tag", "name": "__anon6d26f2870703", "path": "/home/kavia/workspace/code-generation/app-gateway2/__import__/extracted/app-gateway2-cga-cmf8e7ba8d/dependencies/install/include/WPEFramework/interfaces/IStream.h", "pattern": "/^            enum { ID = ID_STREAM_CALLBACK };$/", "language": "C++", "kind": "enum", "scope": "WPEFramework::Exchange::IStream::ICallback", "scopeKind": "struct"}, {"_type": "tag", "name": "__anon6d26f2870803", "path": "/home/kavia/workspace/code-generation/app-gateway2/__import__/extracted/app-gateway2-cga-cmf8e7ba8d/dependencies/install/include/WPEFramework/interfaces/IStream.h", "pattern": "/^        enum { ID = ID_PLAYER };$/", "language": "C++", "kind": "enum", "scope": "WPEFramework::Exchange::IPlayer", "scopeKind": "struct"}, {"_type": "tag", "name": "drmtype", "path": "/home/kavia/workspace/code-generation/app-gateway2/__import__/extracted/app-gateway2-cga-cmf8e7ba8d/dependencies/install/include/WPEFramework/interfaces/IStream.h", "pattern": "/^        enum class drmtype : uint8_t {$/", "language": "C++", "typeref": "typename:uint8_t", "kind": "enum", "scope": "WPEFramework::Exchange::IStream", "scopeKind": "struct"}, {"_type": "tag", "name": "state", "path": "/home/kavia/workspace/code-generation/app-gateway2/__import__/extracted/app-gateway2-cga-cmf8e7ba8d/dependencies/install/include/WPEFramework/interfaces/IStream.h", "pattern": "/^        enum class state : uint8_t {$/", "language": "C++", "typeref": "typename:uint8_t", "kind": "enum", "scope": "WPEFramework::Exchange::IStream", "scopeKind": "struct"}, {"_type": "tag", "name": "streamtype", "path": "/home/kavia/workspace/code-generation/app-gateway2/__import__/extracted/app-gateway2-cga-cmf8e7ba8d/dependencies/install/include/WPEFramework/interfaces/IStream.h", "pattern": "/^        enum class streamtype : uint8_t {$/", "language": "C++", "typeref": "typename:uint8_t", "kind": "enum", "scope": "WPEFramework::Exchange::IStream", "scopeKind": "struct"}, {"_type": "tag", "name": "type", "path": "/home/kavia/workspace/code-generation/app-gateway2/__import__/extracted/app-gateway2-cga-cmf8e7ba8d/dependencies/install/include/WPEFramework/interfaces/IStream.h", "pattern": "/^            enum class type : uint8_t {$/", "language": "C++", "typeref": "typename:uint8_t", "kind": "enum", "scope": "WPEFramework::Exchange::IStream::IElement", "scopeKind": "struct"}], "hash": "2354eb1bc3d1b8f75823c127fea33922", "format-version": 4, "code-base-name": "app-gateway2", "filename": "__import__/extracted/app-gateway2-cga-cmf8e7ba8d/dependencies/install/include/WPEFramework/interfaces/IStream.h", "revision_history": [{"4108": "0f87a35b32215bc8547fb583d6c84bd51f603f69"}]}