{"is_source_file": true, "format": "C++", "description": "This header file defines the Service class in the WPEFramework::PluginHost namespace, which manages plugin services including configuration, state management, web server handling, and interface methods for plugin lifecycle and configuration. It also includes a nested Config class for plugin configuration details.", "external_files": ["Module.h", "Channel.h", "Configuration.h", "MetaData.h", "System.h", "IPlugin.h", "IShell.h"], "external_methods": ["Core::Directory::CreatePath", "Core::JSON::ArrayType<Core::JSON::DecUInt8>::FromString", "Core::JSON::ArrayType<Core::JSON::DecUInt8>::Elements", "Core::CriticalSection::Lock", "Core::CriticalSection::Unlock", "Core::SafeSyncType<Core::CriticalSection>", "Core::ErrorDisplayMessage", "SYSLOG", "ASSERT", "Core::ERROR_ILLEGAL_STATE", "Core::ERROR_NONE"], "published": ["Versions", "Locator", "ClassName", "Callsign", "WebPrefix", "ConfigLine", "PersistentPath", "VolatilePath", "DataPath", "SystemRootPath", "State", "Resumed", "ErrorMessage", "GetMetaData", "IsWebServerRequest", "Notification", "Inbound", "EnableWebServer", "DisableWebServer"], "classes": [{"name": "Service", "description": "Manages plugin lifecycle, configuration, web server hosting, and notifications within the WPEFramework plugin infrastructure.", "nested_classes": [{"name": "Config", "description": "Handles plugin-specific configuration data, including paths, version support, and startup options."}]}], "methods": [{"name": "string Versions() const", "description": "Returns the configured supported versions of the plugin.", "scope": "WPEFramework::PluginHost::Service", "scopeKind": "class"}, {"name": "string Locator() const", "description": "Returns the plugin's locator string.", "scope": "WPEFramework::PluginHost::Service", "scopeKind": "class"}, {"name": "string ClassName() const", "description": "Returns the class name of the plugin.", "scope": "WPEFramework::PluginHost::Service", "scopeKind": "class"}, {"name": "string Callsign() const", "description": "Returns the plugin's callsign.", "scope": "WPEFramework::PluginHost::Service", "scopeKind": "class"}, {"name": "const string & WebPrefix() const", "description": "Returns the web URL prefix for the plugin.", "scope": "WPEFramework::PluginHost::Service::Config", "scopeKind": "class"}, {"name": "Core::hresult ConfigLine(const string & newConfiguration)", "description": "Retrieves or sets the plugin's configuration line.", "scope": "WPEFramework::PluginHost::Service", "scopeKind": "class"}, {"name": "const string & PersistentPath() const", "description": "Returns the persistent storage path for the plugin.", "scope": "WPEFramework::PluginHost::Service::Config", "scopeKind": "class"}, {"name": "const string & VolatilePath() const", "description": "Returns the volatile storage path for the plugin.", "scope": "WPEFramework::PluginHost::Service::Config", "scopeKind": "class"}, {"name": "const string & DataPath() const", "description": "Returns the data storage path for the plugin.", "scope": "WPEFramework::PluginHost::Service::Config", "scopeKind": "class"}, {"name": "void SystemRootPath(const string & value)", "description": "Gets or sets the system root path for the plugin.", "scope": "WPEFramework::PluginHost::Service::Config", "scopeKind": "class"}, {"name": "void State(const state value)", "description": "Returns the current state of the plugin.", "scope": "WPEFramework::PluginHost::Service", "scopeKind": "class"}, {"name": "void Resumed(const bool value)", "description": "Returns whether the plugin is resumed.", "scope": "WPEFramework::PluginHost::Service::Config", "scopeKind": "class"}, {"name": "const string & ErrorMessage() const", "description": "Retrieves the current error message if any.", "scope": "WPEFramework::PluginHost::Service", "scopeKind": "class"}, {"name": "void GetMetaData(MetaData::Service & metaData) const", "description": "Populates metadata about the plugin service.", "scope": "WPEFramework::PluginHost::Service", "scopeKind": "class"}, {"name": "IsWebServerRequest", "description": "Checks if a request segment is handled by the web server."}, {"name": "Notification", "description": "Sends a notification message to subscribed channels."}, {"name": "Inbound", "description": "Handles inbound JSON elements, to be implemented by derived classes."}, {"name": "void EnableWebServer(const string & postFixURL,const string & fileRootPath)", "description": "Configures web server hosting for a specific URL segment.", "scope": "WPEFramework::PluginHost::Service", "scopeKind": "class"}, {"name": "void DisableWebServer()", "description": "Disables web server hosting.", "scope": "WPEFramework::PluginHost::Service", "scopeKind": "class"}, {"name": "void AutoStart(const bool value)", "scope": "WPEFramework::PluginHost::Service::Config", "scopeKind": "class", "description": "unavailable"}, {"name": "Config(const Plugin::Config & plugin,const string & webPrefix,const string & persistentPath,const string & dataPath,const string & volatilePath)", "scope": "WPEFramework::PluginHost::Service::Config", "scopeKind": "class", "description": "unavailable"}, {"name": "string ConfigLine() const", "scope": "WPEFramework::PluginHost::Service", "scopeKind": "class", "description": "unavailable"}, {"name": "const Plugin::Config & Configuration() const", "scope": "WPEFramework::PluginHost::Service", "scopeKind": "class", "description": "unavailable"}, {"name": "void Configuration(const string & value)", "scope": "WPEFramework::PluginHost::Service::Config", "scopeKind": "class", "description": "unavailable"}, {"name": "string DataPath() const", "scope": "WPEFramework::PluginHost::Service", "scopeKind": "class", "description": "unavailable"}, {"name": "void ErrorMessage(const string & message)", "scope": "WPEFramework::PluginHost::Service", "scopeKind": "class", "description": "unavailable"}, {"name": "bool HasError() const", "scope": "WPEFramework::PluginHost::Service", "scopeKind": "class", "description": "unavailable"}, {"name": "void IncrementProcessedObjects()", "scope": "WPEFramework::PluginHost::Service", "scopeKind": "class", "description": "unavailable"}, {"name": "void IncrementProcessedRequests()", "scope": "WPEFramework::PluginHost::Service", "scopeKind": "class", "description": "unavailable"}, {"name": "bool IsActive() const", "scope": "WPEFramework::PluginHost::Service", "scopeKind": "class", "description": "unavailable"}, {"name": "bool IsHibernated() const", "scope": "WPEFramework::PluginHost::Service", "scopeKind": "class", "description": "unavailable"}, {"name": "bool IsSupported(const uint8_t number) const", "scope": "WPEFramework::PluginHost::Service", "scopeKind": "class", "description": "unavailable"}, {"name": "void Lock() const", "scope": "WPEFramework::PluginHost::Service", "scopeKind": "class", "description": "unavailable"}, {"name": "string PersistentPath() const", "scope": "WPEFramework::PluginHost::Service", "scopeKind": "class", "description": "unavailable"}, {"name": "Core::hresult Resumed(const bool resumed)", "scope": "WPEFramework::PluginHost::Service", "scopeKind": "class", "description": "unavailable"}, {"name": "bool Resumed() const", "scope": "WPEFramework::PluginHost::Service", "scopeKind": "class", "description": "unavailable"}, {"name": "Service(const Plugin::Config & plugin,const string & webPrefix,const string & persistentPath,const string & dataPath,const string & volatilePath)", "scope": "WPEFramework::PluginHost::Service", "scopeKind": "class", "description": "unavailable"}, {"name": "void Startup(const PluginHost::IShell::startup value)", "scope": "WPEFramework::PluginHost::Service::Config", "scopeKind": "class", "description": "unavailable"}, {"name": "Core::hresult Startup(const PluginHost::IShell::startup value)", "scope": "WPEFramework::PluginHost::Service", "scopeKind": "class", "description": "unavailable"}, {"name": "PluginHost::IShell::startup Startup() const", "scope": "WPEFramework::PluginHost::Service", "scopeKind": "class", "description": "unavailable"}, {"name": "uint32_t StartupOrder() const", "scope": "WPEFramework::PluginHost::Service", "scopeKind": "class", "description": "unavailable"}, {"name": "state State() const", "scope": "WPEFramework::PluginHost::Service", "scopeKind": "class", "description": "unavailable"}, {"name": "bool Subscribe(Channel & channel)", "scope": "WPEFramework::PluginHost::Service", "scopeKind": "class", "description": "unavailable"}, {"name": "Core::hresult SystemRootPath(const string & systemRootPath)", "scope": "WPEFramework::PluginHost::Service", "scopeKind": "class", "description": "unavailable"}, {"name": "string SystemRootPath() const", "scope": "WPEFramework::PluginHost::Service", "scopeKind": "class", "description": "unavailable"}, {"name": "void Unlock() const", "scope": "WPEFramework::PluginHost::Service", "scopeKind": "class", "description": "unavailable"}, {"name": "void Unsubscribe(Channel & channel)", "scope": "WPEFramework::PluginHost::Service", "scopeKind": "class", "description": "unavailable"}, {"name": "void Update(const Plugin::Config & config)", "scope": "WPEFramework::PluginHost::Service::Config", "scopeKind": "class", "description": "unavailable"}, {"name": "string VolatilePath() const", "scope": "WPEFramework::PluginHost::Service", "scopeKind": "class", "description": "unavailable"}, {"name": "string WebPrefix() const", "scope": "WPEFramework::PluginHost::Service", "scopeKind": "class", "description": "unavailable"}], "calls": ["Core::Directory::CreatePath", "Core::JSON::ArrayType<Core::JSON::DecUInt8>::FromString", "Core::ErrorDisplayMessage", "SYSLOG"], "search-terms": ["WPEFramework", "PluginHost", "Service", "Config", "WebServer", "Notification", "Plugin::Config", "MetaData", "IShell", "Channel"], "state": 2, "file_id": 1357, "knowledge_revision": 3977, "git_revision": "0f87a35b32215bc8547fb583d6c84bd51f603f69", "ctags": [{"_type": "tag", "name": "AutoStart", "path": "/home/kavia/workspace/code-generation/app-gateway2/__import__/extracted/app-gateway2-cga-cmf8e7ba8d/dependencies/install/include/WPEFramework/plugins/Service.h", "pattern": "/^            inline void AutoStart(const bool value)$/", "language": "C++", "typeref": "typename:void", "kind": "function", "signature": "(const bool value)", "scope": "WPEFramework::PluginHost::Service::Config", "scopeKind": "class"}, {"_type": "tag", "name": "Callsign", "path": "/home/kavia/workspace/code-generation/app-gateway2/__import__/extracted/app-gateway2-cga-cmf8e7ba8d/dependencies/install/include/WPEFramework/plugins/Service.h", "pattern": "/^        string Callsign() const override$/", "language": "C++", "typeref": "typename:string", "kind": "function", "signature": "() const", "scope": "WPEFramework::PluginHost::Service", "scopeKind": "class"}, {"_type": "tag", "name": "ClassName", "path": "/home/kavia/workspace/code-generation/app-gateway2/__import__/extracted/app-gateway2-cga-cmf8e7ba8d/dependencies/install/include/WPEFramework/plugins/Service.h", "pattern": "/^        string ClassName() const override$/", "language": "C++", "typeref": "typename:string", "kind": "function", "signature": "() const", "scope": "WPEFramework::PluginHost::Service", "scopeKind": "class"}, {"_type": "tag", "name": "Config", "path": "/home/kavia/workspace/code-generation/app-gateway2/__import__/extracted/app-gateway2-cga-cmf8e7ba8d/dependencies/install/include/WPEFramework/plugins/Service.h", "pattern": "/^            Config(const Plugin::Config& plugin, const string& webPrefix, const string& persiste/", "language": "C++", "kind": "function", "signature": "(const Plugin::Config & plugin,const string & webPrefix,const string & persistentPath,const string & dataPath,const string & volatilePath)", "scope": "WPEFramework::PluginHost::Service::Config", "scopeKind": "class"}, {"_type": "tag", "name": "Config", "path": "/home/kavia/workspace/code-generation/app-gateway2/__import__/extracted/app-gateway2-cga-cmf8e7ba8d/dependencies/install/include/WPEFramework/plugins/Service.h", "pattern": "/^        class EXTERNAL Config {$/", "language": "C++", "kind": "class", "scope": "WPEFramework::PluginHost::Service", "scopeKind": "class"}, {"_type": "tag", "name": "ConfigLine", "path": "/home/kavia/workspace/code-generation/app-gateway2/__import__/extracted/app-gateway2-cga-cmf8e7ba8d/dependencies/install/include/WPEFramework/plugins/Service.h", "pattern": "/^        Core::hresult ConfigLine(const string& newConfiguration) override$/", "language": "C++", "typeref": "typename:Core::hresult", "kind": "function", "signature": "(const string & newConfiguration)", "scope": "WPEFramework::PluginHost::Service", "scopeKind": "class"}, {"_type": "tag", "name": "ConfigLine", "path": "/home/kavia/workspace/code-generation/app-gateway2/__import__/extracted/app-gateway2-cga-cmf8e7ba8d/dependencies/install/include/WPEFramework/plugins/Service.h", "pattern": "/^        string ConfigLine() const override$/", "language": "C++", "typeref": "typename:string", "kind": "function", "signature": "() const", "scope": "WPEFramework::PluginHost::Service", "scopeKind": "class"}, {"_type": "tag", "name": "Configuration", "path": "/home/kavia/workspace/code-generation/app-gateway2/__import__/extracted/app-gateway2-cga-cmf8e7ba8d/dependencies/install/include/WPEFramework/plugins/Service.h", "pattern": "/^            inline const Plugin::Config& Configuration() const$/", "language": "C++", "typeref": "typename:const Plugin::Config &", "kind": "function", "signature": "() const", "scope": "WPEFramework::PluginHost::Service::Config", "scopeKind": "class"}, {"_type": "tag", "name": "Configuration", "path": "/home/kavia/workspace/code-generation/app-gateway2/__import__/extracted/app-gateway2-cga-cmf8e7ba8d/dependencies/install/include/WPEFramework/plugins/Service.h", "pattern": "/^            inline void Configuration(const string& value)$/", "language": "C++", "typeref": "typename:void", "kind": "function", "signature": "(const string & value)", "scope": "WPEFramework::PluginHost::Service::Config", "scopeKind": "class"}, {"_type": "tag", "name": "Configuration", "path": "/home/kavia/workspace/code-generation/app-gateway2/__import__/extracted/app-gateway2-cga-cmf8e7ba8d/dependencies/install/include/WPEFramework/plugins/Service.h", "pattern": "/^        inline const Plugin::Config& Configuration() const$/", "language": "C++", "typeref": "typename:const Plugin::Config &", "kind": "function", "signature": "() const", "scope": "WPEFramework::PluginHost::Service", "scopeKind": "class"}, {"_type": "tag", "name": "DataPath", "path": "/home/kavia/workspace/code-generation/app-gateway2/__import__/extracted/app-gateway2-cga-cmf8e7ba8d/dependencies/install/include/WPEFramework/plugins/Service.h", "pattern": "/^            inline const string& DataPath() const$/", "language": "C++", "typeref": "typename:const string &", "kind": "function", "signature": "() const", "scope": "WPEFramework::PluginHost::Service::Config", "scopeKind": "class"}, {"_type": "tag", "name": "DataPath", "path": "/home/kavia/workspace/code-generation/app-gateway2/__import__/extracted/app-gateway2-cga-cmf8e7ba8d/dependencies/install/include/WPEFramework/plugins/Service.h", "pattern": "/^        string DataPath() const override$/", "language": "C++", "typeref": "typename:string", "kind": "function", "signature": "() const", "scope": "WPEFramework::PluginHost::Service", "scopeKind": "class"}, {"_type": "tag", "name": "DisableWebServer", "path": "/home/kavia/workspace/code-generation/app-gateway2/__import__/extracted/app-gateway2-cga-cmf8e7ba8d/dependencies/install/include/WPEFramework/plugins/Service.h", "pattern": "/^        void DisableWebServer() override$/", "language": "C++", "typeref": "typename:void", "kind": "function", "signature": "()", "scope": "WPEFramework::PluginHost::Service", "scopeKind": "class"}, {"_type": "tag", "name": "EnableWebServer", "path": "/home/kavia/workspace/code-generation/app-gateway2/__import__/extracted/app-gateway2-cga-cmf8e7ba8d/dependencies/install/include/WPEFramework/plugins/Service.h", "pattern": "/^        void EnableWebServer(const string& postFixURL, const string& fileRootPath) override$/", "language": "C++", "typeref": "typename:void", "kind": "function", "signature": "(const string & postFixURL,const string & fileRootPath)", "scope": "WPEFramework::PluginHost::Service", "scopeKind": "class"}, {"_type": "tag", "name": "ErrorMessage", "path": "/home/kavia/workspace/code-generation/app-gateway2/__import__/extracted/app-gateway2-cga-cmf8e7ba8d/dependencies/install/include/WPEFramework/plugins/Service.h", "pattern": "/^        inline const string& ErrorMessage() const$/", "language": "C++", "typeref": "typename:const string &", "kind": "function", "signature": "() const", "scope": "WPEFramework::PluginHost::Service", "scopeKind": "class"}, {"_type": "tag", "name": "ErrorMessage", "path": "/home/kavia/workspace/code-generation/app-gateway2/__import__/extracted/app-gateway2-cga-cmf8e7ba8d/dependencies/install/include/WPEFramework/plugins/Service.h", "pattern": "/^        inline void ErrorMessage(const string& message)$/", "language": "C++", "typeref": "typename:void", "kind": "function", "signature": "(const string & message)", "scope": "WPEFramework::PluginHost::Service", "scopeKind": "class"}, {"_type": "tag", "name": "GetMetaData", "path": "/home/kavia/workspace/code-generation/app-gateway2/__import__/extracted/app-gateway2-cga-cmf8e7ba8d/dependencies/install/include/WPEFramework/plugins/Service.h", "pattern": "/^        inline void GetMetaData(MetaData::Service& metaData) const$/", "language": "C++", "typeref": "typename:void", "kind": "function", "signature": "(MetaData::Service & metaData) const", "scope": "WPEFramework::PluginHost::Service", "scopeKind": "class"}, {"_type": "tag", "name": "HasError", "path": "/home/kavia/workspace/code-generation/app-gateway2/__import__/extracted/app-gateway2-cga-cmf8e7ba8d/dependencies/install/include/WPEFramework/plugins/Service.h", "pattern": "/^        inline bool HasError() const$/", "language": "C++", "typeref": "typename:bool", "kind": "function", "signature": "() const", "scope": "WPEFramework::PluginHost::Service", "scopeKind": "class"}, {"_type": "tag", "name": "IncrementProcessedObjects", "path": "/home/kavia/workspace/code-generation/app-gateway2/__import__/extracted/app-gateway2-cga-cmf8e7ba8d/dependencies/install/include/WPEFramework/plugins/Service.h", "pattern": "/^        inline void IncrementProcessedObjects()$/", "language": "C++", "typeref": "typename:void", "kind": "function", "signature": "()", "scope": "WPEFramework::PluginHost::Service", "scopeKind": "class"}, {"_type": "tag", "name": "IncrementProcessedRequests", "path": "/home/kavia/workspace/code-generation/app-gateway2/__import__/extracted/app-gateway2-cga-cmf8e7ba8d/dependencies/install/include/WPEFramework/plugins/Service.h", "pattern": "/^        inline void IncrementProcessedRequests()$/", "language": "C++", "typeref": "typename:void", "kind": "function", "signature": "()", "scope": "WPEFramework::PluginHost::Service", "scopeKind": "class"}, {"_type": "tag", "name": "IsActive", "path": "/home/kavia/workspace/code-generation/app-gateway2/__import__/extracted/app-gateway2-cga-cmf8e7ba8d/dependencies/install/include/WPEFramework/plugins/Service.h", "pattern": "/^        inline bool IsActive() const$/", "language": "C++", "typeref": "typename:bool", "kind": "function", "signature": "() const", "scope": "WPEFramework::PluginHost::Service", "scopeKind": "class"}, {"_type": "tag", "name": "IsHibernated", "path": "/home/kavia/workspace/code-generation/app-gateway2/__import__/extracted/app-gateway2-cga-cmf8e7ba8d/dependencies/install/include/WPEFramework/plugins/Service.h", "pattern": "/^        inline bool IsHibernated() const$/", "language": "C++", "typeref": "typename:bool", "kind": "function", "signature": "() const", "scope": "WPEFramework::PluginHost::Service", "scopeKind": "class"}, {"_type": "tag", "name": "IsSupported", "path": "/home/kavia/workspace/code-generation/app-gateway2/__import__/extracted/app-gateway2-cga-cmf8e7ba8d/dependencies/install/include/WPEFramework/plugins/Service.h", "pattern": "/^            inline bool IsSupported(const uint8_t number) const$/", "language": "C++", "typeref": "typename:bool", "kind": "function", "signature": "(const uint8_t number) const", "scope": "WPEFramework::PluginHost::Service::Config", "scopeKind": "class"}, {"_type": "tag", "name": "IsSupported", "path": "/home/kavia/workspace/code-generation/app-gateway2/__import__/extracted/app-gateway2-cga-cmf8e7ba8d/dependencies/install/include/WPEFramework/plugins/Service.h", "pattern": "/^        bool IsSupported(const uint8_t number) const override$/", "language": "C++", "typeref": "typename:bool", "kind": "function", "signature": "(const uint8_t number) const", "scope": "WPEFramework::PluginHost::Service", "scopeKind": "class"}, {"_type": "tag", "name": "Locator", "path": "/home/kavia/workspace/code-generation/app-gateway2/__import__/extracted/app-gateway2-cga-cmf8e7ba8d/dependencies/install/include/WPEFramework/plugins/Service.h", "pattern": "/^        string Locator() const override$/", "language": "C++", "typeref": "typename:string", "kind": "function", "signature": "() const", "scope": "WPEFramework::PluginHost::Service", "scopeKind": "class"}, {"_type": "tag", "name": "Lock", "path": "/home/kavia/workspace/code-generation/app-gateway2/__import__/extracted/app-gateway2-cga-cmf8e7ba8d/dependencies/install/include/WPEFramework/plugins/Service.h", "pattern": "/^        inline void Lock() const$/", "language": "C++", "typeref": "typename:void", "kind": "function", "signature": "() const", "scope": "WPEFramework::PluginHost::Service", "scopeKind": "class"}, {"_type": "tag", "name": "PersistentPath", "path": "/home/kavia/workspace/code-generation/app-gateway2/__import__/extracted/app-gateway2-cga-cmf8e7ba8d/dependencies/install/include/WPEFramework/plugins/Service.h", "pattern": "/^            inline const string& PersistentPath() const$/", "language": "C++", "typeref": "typename:const string &", "kind": "function", "signature": "() const", "scope": "WPEFramework::PluginHost::Service::Config", "scopeKind": "class"}, {"_type": "tag", "name": "PersistentPath", "path": "/home/kavia/workspace/code-generation/app-gateway2/__import__/extracted/app-gateway2-cga-cmf8e7ba8d/dependencies/install/include/WPEFramework/plugins/Service.h", "pattern": "/^        string PersistentPath() const override$/", "language": "C++", "typeref": "typename:string", "kind": "function", "signature": "() const", "scope": "WPEFramework::PluginHost::Service", "scopeKind": "class"}, {"_type": "tag", "name": "PluginHost", "path": "/home/kavia/workspace/code-generation/app-gateway2/__import__/extracted/app-gateway2-cga-cmf8e7ba8d/dependencies/install/include/WPEFramework/plugins/Service.h", "pattern": "/^namespace PluginHost {$/", "language": "C++", "kind": "namespace", "scope": "WPEFramework", "scopeKind": "namespace"}, {"_type": "tag", "name": "Resumed", "path": "/home/kavia/workspace/code-generation/app-gateway2/__import__/extracted/app-gateway2-cga-cmf8e7ba8d/dependencies/install/include/WPEFramework/plugins/Service.h", "pattern": "/^            inline void Resumed(const bool value)$/", "language": "C++", "typeref": "typename:void", "kind": "function", "signature": "(const bool value)", "scope": "WPEFramework::PluginHost::Service::Config", "scopeKind": "class"}, {"_type": "tag", "name": "Resumed", "path": "/home/kavia/workspace/code-generation/app-gateway2/__import__/extracted/app-gateway2-cga-cmf8e7ba8d/dependencies/install/include/WPEFramework/plugins/Service.h", "pattern": "/^        Core::hresult Resumed(const bool resumed) override$/", "language": "C++", "typeref": "typename:Core::hresult", "kind": "function", "signature": "(const bool resumed)", "scope": "WPEFramework::PluginHost::Service", "scopeKind": "class"}, {"_type": "tag", "name": "Resumed", "path": "/home/kavia/workspace/code-generation/app-gateway2/__import__/extracted/app-gateway2-cga-cmf8e7ba8d/dependencies/install/include/WPEFramework/plugins/Service.h", "pattern": "/^        bool Resumed() const override$/", "language": "C++", "typeref": "typename:bool", "kind": "function", "signature": "() const", "scope": "WPEFramework::PluginHost::Service", "scopeKind": "class"}, {"_type": "tag", "name": "Service", "path": "/home/kavia/workspace/code-generation/app-gateway2/__import__/extracted/app-gateway2-cga-cmf8e7ba8d/dependencies/install/include/WPEFramework/plugins/Service.h", "pattern": "/^        Service(const Plugin::Config& plugin, const string& webPrefix, const string& persistentP/", "language": "C++", "kind": "function", "signature": "(const Plugin::Config & plugin,const string & webPrefix,const string & persistentPath,const string & dataPath,const string & volatilePath)", "scope": "WPEFramework::PluginHost::Service", "scopeKind": "class"}, {"_type": "tag", "name": "Service", "path": "/home/kavia/workspace/code-generation/app-gateway2/__import__/extracted/app-gateway2-cga-cmf8e7ba8d/dependencies/install/include/WPEFramework/plugins/Service.h", "pattern": "/^    class EXTERNAL Service : public IShell {$/", "language": "C++", "kind": "class", "scope": "WPEFramework::PluginHost", "scopeKind": "namespace"}, {"_type": "tag", "name": "Startup", "path": "/home/kavia/workspace/code-generation/app-gateway2/__import__/extracted/app-gateway2-cga-cmf8e7ba8d/dependencies/install/include/WPEFramework/plugins/Service.h", "pattern": "/^            inline void Startup(const PluginHost::IShell::startup value)$/", "language": "C++", "typeref": "typename:void", "kind": "function", "signature": "(const PluginHost::IShell::startup value)", "scope": "WPEFramework::PluginHost::Service::Config", "scopeKind": "class"}, {"_type": "tag", "name": "Startup", "path": "/home/kavia/workspace/code-generation/app-gateway2/__import__/extracted/app-gateway2-cga-cmf8e7ba8d/dependencies/install/include/WPEFramework/plugins/Service.h", "pattern": "/^        Core::hresult Startup(const PluginHost::IShell::startup value) override$/", "language": "C++", "typeref": "typename:Core::hresult", "kind": "function", "signature": "(const PluginHost::IShell::startup value)", "scope": "WPEFramework::PluginHost::Service", "scopeKind": "class"}, {"_type": "tag", "name": "Startup", "path": "/home/kavia/workspace/code-generation/app-gateway2/__import__/extracted/app-gateway2-cga-cmf8e7ba8d/dependencies/install/include/WPEFramework/plugins/Service.h", "pattern": "/^        PluginHost::IShell::startup Startup() const override$/", "language": "C++", "typeref": "typename:PluginHost::IShell::startup", "kind": "function", "signature": "() const", "scope": "WPEFramework::PluginHost::Service", "scopeKind": "class"}, {"_type": "tag", "name": "StartupOrder", "path": "/home/kavia/workspace/code-generation/app-gateway2/__import__/extracted/app-gateway2-cga-cmf8e7ba8d/dependencies/install/include/WPEFramework/plugins/Service.h", "pattern": "/^        uint32_t StartupOrder() const$/", "language": "C++", "typeref": "typename:uint32_t", "kind": "function", "signature": "() const", "scope": "WPEFramework::PluginHost::Service", "scopeKind": "class"}, {"_type": "tag", "name": "State", "path": "/home/kavia/workspace/code-generation/app-gateway2/__import__/extracted/app-gateway2-cga-cmf8e7ba8d/dependencies/install/include/WPEFramework/plugins/Service.h", "pattern": "/^        inline void State(const state value)$/", "language": "C++", "typeref": "typename:void", "kind": "function", "signature": "(const state value)", "scope": "WPEFramework::PluginHost::Service", "scopeKind": "class"}, {"_type": "tag", "name": "State", "path": "/home/kavia/workspace/code-generation/app-gateway2/__import__/extracted/app-gateway2-cga-cmf8e7ba8d/dependencies/install/include/WPEFramework/plugins/Service.h", "pattern": "/^        state State() const override$/", "language": "C++", "typeref": "typename:state", "kind": "function", "signature": "() const", "scope": "WPEFramework::PluginHost::Service", "scopeKind": "class"}, {"_type": "tag", "name": "Subscribe", "path": "/home/kavia/workspace/code-generation/app-gateway2/__import__/extracted/app-gateway2-cga-cmf8e7ba8d/dependencies/install/include/WPEFramework/plugins/Service.h", "pattern": "/^        inline bool Subscribe(Channel& channel)$/", "language": "C++", "typeref": "typename:bool", "kind": "function", "signature": "(Channel & channel)", "scope": "WPEFramework::PluginHost::Service", "scopeKind": "class"}, {"_type": "tag", "name": "SystemRootPath", "path": "/home/kavia/workspace/code-generation/app-gateway2/__import__/extracted/app-gateway2-cga-cmf8e7ba8d/dependencies/install/include/WPEFramework/plugins/Service.h", "pattern": "/^            inline void SystemRootPath(const string& value)$/", "language": "C++", "typeref": "typename:void", "kind": "function", "signature": "(const string & value)", "scope": "WPEFramework::PluginHost::Service::Config", "scopeKind": "class"}, {"_type": "tag", "name": "SystemRootPath", "path": "/home/kavia/workspace/code-generation/app-gateway2/__import__/extracted/app-gateway2-cga-cmf8e7ba8d/dependencies/install/include/WPEFramework/plugins/Service.h", "pattern": "/^        Core::hresult SystemRootPath(const string& systemRootPath) override$/", "language": "C++", "typeref": "typename:Core::hresult", "kind": "function", "signature": "(const string & systemRootPath)", "scope": "WPEFramework::PluginHost::Service", "scopeKind": "class"}, {"_type": "tag", "name": "SystemRootPath", "path": "/home/kavia/workspace/code-generation/app-gateway2/__import__/extracted/app-gateway2-cga-cmf8e7ba8d/dependencies/install/include/WPEFramework/plugins/Service.h", "pattern": "/^        string SystemRootPath() const override$/", "language": "C++", "typeref": "typename:string", "kind": "function", "signature": "() const", "scope": "WPEFramework::PluginHost::Service", "scopeKind": "class"}, {"_type": "tag", "name": "Unlock", "path": "/home/kavia/workspace/code-generation/app-gateway2/__import__/extracted/app-gateway2-cga-cmf8e7ba8d/dependencies/install/include/WPEFramework/plugins/Service.h", "pattern": "/^        inline void Unlock() const$/", "language": "C++", "typeref": "typename:void", "kind": "function", "signature": "() const", "scope": "WPEFramework::PluginHost::Service", "scopeKind": "class"}, {"_type": "tag", "name": "Unsubscribe", "path": "/home/kavia/workspace/code-generation/app-gateway2/__import__/extracted/app-gateway2-cga-cmf8e7ba8d/dependencies/install/include/WPEFramework/plugins/Service.h", "pattern": "/^        inline void Unsubscribe(Channel& channel)$/", "language": "C++", "typeref": "typename:void", "kind": "function", "signature": "(Channel & channel)", "scope": "WPEFramework::PluginHost::Service", "scopeKind": "class"}, {"_type": "tag", "name": "Update", "path": "/home/kavia/workspace/code-generation/app-gateway2/__import__/extracted/app-gateway2-cga-cmf8e7ba8d/dependencies/install/include/WPEFramework/plugins/Service.h", "pattern": "/^            inline void Update(const Plugin::Config& config)$/", "language": "C++", "typeref": "typename:void", "kind": "function", "signature": "(const Plugin::Config & config)", "scope": "WPEFramework::PluginHost::Service::Config", "scopeKind": "class"}, {"_type": "tag", "name": "Versions", "path": "/home/kavia/workspace/code-generation/app-gateway2/__import__/extracted/app-gateway2-cga-cmf8e7ba8d/dependencies/install/include/WPEFramework/plugins/Service.h", "pattern": "/^        string Versions() const override$/", "language": "C++", "typeref": "typename:string", "kind": "function", "signature": "() const", "scope": "WPEFramework::PluginHost::Service", "scopeKind": "class"}, {"_type": "tag", "name": "VolatilePath", "path": "/home/kavia/workspace/code-generation/app-gateway2/__import__/extracted/app-gateway2-cga-cmf8e7ba8d/dependencies/install/include/WPEFramework/plugins/Service.h", "pattern": "/^            inline const string& VolatilePath() const$/", "language": "C++", "typeref": "typename:const string &", "kind": "function", "signature": "() const", "scope": "WPEFramework::PluginHost::Service::Config", "scopeKind": "class"}, {"_type": "tag", "name": "VolatilePath", "path": "/home/kavia/workspace/code-generation/app-gateway2/__import__/extracted/app-gateway2-cga-cmf8e7ba8d/dependencies/install/include/WPEFramework/plugins/Service.h", "pattern": "/^        string VolatilePath() const override$/", "language": "C++", "typeref": "typename:string", "kind": "function", "signature": "() const", "scope": "WPEFramework::PluginHost::Service", "scopeKind": "class"}, {"_type": "tag", "name": "WPEFramework", "path": "/home/kavia/workspace/code-generation/app-gateway2/__import__/extracted/app-gateway2-cga-cmf8e7ba8d/dependencies/install/include/WPEFramework/plugins/Service.h", "pattern": "/^namespace WPEFramework {$/", "language": "C++", "kind": "namespace"}, {"_type": "tag", "name": "WebPrefix", "path": "/home/kavia/workspace/code-generation/app-gateway2/__import__/extracted/app-gateway2-cga-cmf8e7ba8d/dependencies/install/include/WPEFramework/plugins/Service.h", "pattern": "/^            inline const string& WebPrefix() const$/", "language": "C++", "typeref": "typename:const string &", "kind": "function", "signature": "() const", "scope": "WPEFramework::PluginHost::Service::Config", "scopeKind": "class"}, {"_type": "tag", "name": "WebPrefix", "path": "/home/kavia/workspace/code-generation/app-gateway2/__import__/extracted/app-gateway2-cga-cmf8e7ba8d/dependencies/install/include/WPEFramework/plugins/Service.h", "pattern": "/^        string WebPrefix() const override$/", "language": "C++", "typeref": "typename:string", "kind": "function", "signature": "() const", "scope": "WPEFramework::PluginHost::Service", "scopeKind": "class"}, {"_type": "tag", "name": "_accessor", "path": "/home/kavia/workspace/code-generation/app-gateway2/__import__/extracted/app-gateway2-cga-cmf8e7ba8d/dependencies/install/include/WPEFramework/plugins/Service.h", "pattern": "/^            string _accessor;$/", "language": "C++", "typeref": "typename:string", "kind": "member", "scope": "WPEFramework::PluginHost::Service::Config", "scopeKind": "class"}, {"_type": "tag", "name": "_adminLock", "path": "/home/kavia/workspace/code-generation/app-gateway2/__import__/extracted/app-gateway2-cga-cmf8e7ba8d/dependencies/install/include/WPEFramework/plugins/Service.h", "pattern": "/^        mutable Core::CriticalSection _adminLock;$/", "language": "C++", "typeref": "typename:Core::CriticalSection", "kind": "member", "scope": "WPEFramework::PluginHost::Service", "scopeKind": "class"}, {"_type": "tag", "name": "_config", "path": "/home/kavia/workspace/code-generation/app-gateway2/__import__/extracted/app-gateway2-cga-cmf8e7ba8d/dependencies/install/include/WPEFramework/plugins/Service.h", "pattern": "/^            Plugin::Config _config;$/", "language": "C++", "typeref": "typename:Plugin::Config", "kind": "member", "scope": "WPEFramework::PluginHost::Service::Config", "scopeKind": "class"}, {"_type": "tag", "name": "_config", "path": "/home/kavia/workspace/code-generation/app-gateway2/__import__/extracted/app-gateway2-cga-cmf8e7ba8d/dependencies/install/include/WPEFramework/plugins/Service.h", "pattern": "/^        Config _config;$/", "language": "C++", "typeref": "typename:Config", "kind": "member", "scope": "WPEFramework::PluginHost::Service", "scopeKind": "class"}, {"_type": "tag", "name": "_dataPath", "path": "/home/kavia/workspace/code-generation/app-gateway2/__import__/extracted/app-gateway2-cga-cmf8e7ba8d/dependencies/install/include/WPEFramework/plugins/Service.h", "pattern": "/^            string _dataPath;$/", "language": "C++", "typeref": "typename:string", "kind": "member", "scope": "WPEFramework::PluginHost::Service::Config", "scopeKind": "class"}, {"_type": "tag", "name": "_errorMessage", "path": "/home/kavia/workspace/code-generation/app-gateway2/__import__/extracted/app-gateway2-cga-cmf8e7ba8d/dependencies/install/include/WPEFramework/plugins/Service.h", "pattern": "/^        string _errorMessage;$/", "language": "C++", "typeref": "typename:string", "kind": "member", "scope": "WPEFramework::PluginHost::Service", "scopeKind": "class"}, {"_type": "tag", "name": "_notifierLock", "path": "/home/kavia/workspace/code-generation/app-gateway2/__import__/extracted/app-gateway2-cga-cmf8e7ba8d/dependencies/install/include/WPEFramework/plugins/Service.h", "pattern": "/^        Core::CriticalSection _notifierLock;$/", "language": "C++", "typeref": "typename:Core::CriticalSection", "kind": "member", "scope": "WPEFramework::PluginHost::Service", "scopeKind": "class"}, {"_type": "tag", "name": "_notifiers", "path": "/home/kavia/workspace/code-generation/app-gateway2/__import__/extracted/app-gateway2-cga-cmf8e7ba8d/dependencies/install/include/WPEFramework/plugins/Service.h", "pattern": "/^        std::list<Channel*> _notifiers;$/", "language": "C++", "typeref": "typename:std::list<Channel * >", "kind": "member", "scope": "WPEFramework::PluginHost::Service", "scopeKind": "class"}, {"_type": "tag", "name": "_persistentPath", "path": "/home/kavia/workspace/code-generation/app-gateway2/__import__/extracted/app-gateway2-cga-cmf8e7ba8d/dependencies/install/include/WPEFramework/plugins/Service.h", "pattern": "/^            string _persistentPath;$/", "language": "C++", "typeref": "typename:string", "kind": "member", "scope": "WPEFramework::PluginHost::Service::Config", "scopeKind": "class"}, {"_type": "tag", "name": "_processedObjects", "path": "/home/kavia/workspace/code-generation/app-gateway2/__import__/extracted/app-gateway2-cga-cmf8e7ba8d/dependencies/install/include/WPEFramework/plugins/Service.h", "pattern": "/^        uint32_t _processedObjects;$/", "language": "C++", "typeref": "typename:uint32_t", "kind": "member", "scope": "WPEFramework::PluginHost::Service", "scopeKind": "class"}, {"_type": "tag", "name": "_processedRequests", "path": "/home/kavia/workspace/code-generation/app-gateway2/__import__/extracted/app-gateway2-cga-cmf8e7ba8d/dependencies/install/include/WPEFramework/plugins/Service.h", "pattern": "/^        uint32_t _processedRequests;$/", "language": "C++", "typeref": "typename:uint32_t", "kind": "member", "scope": "WPEFramework::PluginHost::Service", "scopeKind": "class"}, {"_type": "tag", "name": "_state", "path": "/home/kavia/workspace/code-generation/app-gateway2/__import__/extracted/app-gateway2-cga-cmf8e7ba8d/dependencies/install/include/WPEFramework/plugins/Service.h", "pattern": "/^        state _state;$/", "language": "C++", "typeref": "typename:state", "kind": "member", "scope": "WPEFramework::PluginHost::Service", "scopeKind": "class"}, {"_type": "tag", "name": "_versions", "path": "/home/kavia/workspace/code-generation/app-gateway2/__import__/extracted/app-gateway2-cga-cmf8e7ba8d/dependencies/install/include/WPEFramework/plugins/Service.h", "pattern": "/^            std::list<uint8_t> _versions;$/", "language": "C++", "typeref": "typename:std::list<uint8_t>", "kind": "member", "scope": "WPEFramework::PluginHost::Service::Config", "scopeKind": "class"}, {"_type": "tag", "name": "_volatilePath", "path": "/home/kavia/workspace/code-generation/app-gateway2/__import__/extracted/app-gateway2-cga-cmf8e7ba8d/dependencies/install/include/WPEFramework/plugins/Service.h", "pattern": "/^            string _volatilePath;$/", "language": "C++", "typeref": "typename:string", "kind": "member", "scope": "WPEFramework::PluginHost::Service::Config", "scopeKind": "class"}, {"_type": "tag", "name": "_webPrefix", "path": "/home/kavia/workspace/code-generation/app-gateway2/__import__/extracted/app-gateway2-cga-cmf8e7ba8d/dependencies/install/include/WPEFramework/plugins/Service.h", "pattern": "/^            string _webPrefix;$/", "language": "C++", "typeref": "typename:string", "kind": "member", "scope": "WPEFramework::PluginHost::Service::Config", "scopeKind": "class"}], "hash": "02f54ab8e32b97b8afd7e09a423342ac", "format-version": 4, "code-base-name": "app-gateway2", "filename": "__import__/extracted/app-gateway2-cga-cmf8e7ba8d/dependencies/install/include/WPEFramework/plugins/Service.h", "fields": [{"name": "string _accessor", "scope": "WPEFramework::PluginHost::Service::Config", "scopeKind": "class", "description": "unavailable"}, {"name": "Core::CriticalSection _adminLock", "scope": "WPEFramework::PluginHost::Service", "scopeKind": "class", "description": "unavailable"}, {"name": "Plugin::Config _config", "scope": "WPEFramework::PluginHost::Service::Config", "scopeKind": "class", "description": "unavailable"}, {"name": "Config _config", "scope": "WPEFramework::PluginHost::Service", "scopeKind": "class", "description": "unavailable"}, {"name": "string _dataPath", "scope": "WPEFramework::PluginHost::Service::Config", "scopeKind": "class", "description": "unavailable"}, {"name": "string _errorMessage", "scope": "WPEFramework::PluginHost::Service", "scopeKind": "class", "description": "unavailable"}, {"name": "Core::CriticalSection _notifierLock", "scope": "WPEFramework::PluginHost::Service", "scopeKind": "class", "description": "unavailable"}, {"name": "std::list<Channel * > _notifiers", "scope": "WPEFramework::PluginHost::Service", "scopeKind": "class", "description": "unavailable"}, {"name": "string _persistentPath", "scope": "WPEFramework::PluginHost::Service::Config", "scopeKind": "class", "description": "unavailable"}, {"name": "uint32_t _processedObjects", "scope": "WPEFramework::PluginHost::Service", "scopeKind": "class", "description": "unavailable"}, {"name": "uint32_t _processedRequests", "scope": "WPEFramework::PluginHost::Service", "scopeKind": "class", "description": "unavailable"}, {"name": "state _state", "scope": "WPEFramework::PluginHost::Service", "scopeKind": "class", "description": "unavailable"}, {"name": "std::list<uint8_t> _versions", "scope": "WPEFramework::PluginHost::Service::Config", "scopeKind": "class", "description": "unavailable"}, {"name": "string _volatilePath", "scope": "WPEFramework::PluginHost::Service::Config", "scopeKind": "class", "description": "unavailable"}, {"name": "string _webPrefix", "scope": "WPEFramework::PluginHost::Service::Config", "scopeKind": "class", "description": "unavailable"}], "revision_history": [{"3977": "0f87a35b32215bc8547fb583d6c84bd51f603f69"}]}