{"is_source_file": true, "format": "C++ header file", "description": "This file defines interfaces and registration functions for the JAVSController, which interacts with the AVS (Alexa Voice Service) via JSON-RPC. It includes methods for controlling mute and record functionalities, and event notifications for dialogue state changes. The file also assigns version info and registers/unregisters JSON-RPC methods.", "external_files": ["Module.h", "JsonData_AVSController.h", "<interfaces/IAVSClient.h>"], "external_methods": ["PluginHost::JSONRPC::Register", "PluginHost::JSONRPC::Unregister", "Core::JSON::Boolean", "Core::JSON::EnumType", "ASSERT"], "published": ["JAVSController"], "classes": [{"name": "Version", "description": "Contains the version information for the JAVSController interface", "members": [{"name": "Major", "description": "Major version number", "type": "constexpr uint8_t"}, {"name": "Minor", "description": "Minor version number", "type": "constexpr uint8_t"}, {"name": "Patch", "description": "Patch version number", "type": "constexpr uint8_t"}]}], "methods": [{"name": "Register", "description": "Registers the JAVSController methods with a JSONRPC module; includes methods for mute and record control."}, {"name": "void Unregister(JSONRPC & _module_)", "description": "Unregisters the JAVSController methods from the JSONRPC module.", "scope": "WPEFramework::Exchange::JAVSController", "scopeKind": "namespace"}, {"name": "void DialogueStateChange(const JSONRPC & _module_,const Core::JSON::EnumType<Exchange::IAVSController::INotification::dialoguestate> & state)", "description": "Triggers a notification event for dialogue state changes, overloaded for different parameter types.", "scope": "WPEFramework::Exchange::JAVSController::Event", "scopeKind": "namespace"}, {"name": "void DialogueStateChange(const JSONRPC & _module_,const Exchange::IAVSController::INotification::dialoguestate & state)", "scope": "WPEFramework::Exchange::JAVSController::Event", "scopeKind": "namespace", "description": "unavailable"}, {"name": "PUSH_WARNING(DISABLE_WARNING_UNUSED_FUNCTIONS)", "scope": "WPEFramework::Exchange::JAVSController", "scopeKind": "namespace", "description": "unavailable"}, {"name": "uint32_t __anon30db50f30102(const Core::JSON::Boolean& muted)", "scope": "WPEFramework::Exchange::JAVSController::PUSH_WARNING", "scopeKind": "function", "description": "unavailable"}, {"name": "uint32_t __anon30db50f30202(const Core::JSON::Boolean& started)", "scope": "WPEFramework::Exchange::JAVSController::PUSH_WARNING", "scopeKind": "function", "description": "unavailable"}], "calls": ["JSONRPC::Register", "JSONRPC::Unregister", "_impl_->Mute", "_impl_->Record", "Notify"], "search-terms": ["JAVSController", "AVS mute", "AVS record", "dialoguestatechange event", "IAVSController"], "state": 2, "file_id": 1558, "knowledge_revision": 4156, "git_revision": "0f87a35b32215bc8547fb583d6c84bd51f603f69", "ctags": [{"_type": "tag", "name": "DialogueStateChange", "path": "/home/kavia/workspace/code-generation/app-gateway2/__import__/extracted/app-gateway2-cga-cmf8e7ba8d/dependencies/install/include/WPEFramework/interfaces/json/JAVSController.h", "pattern": "/^            static void DialogueStateChange(const JSONRPC& _module_, const Core::JSON::EnumType</", "language": "C++", "typeref": "typename:void", "kind": "function", "signature": "(const JSONRPC & _module_,const Core::JSON::EnumType<Exchange::IAVSController::INotification::dialoguestate> & state)", "scope": "WPEFramework::Exchange::JAVSController::Event", "scopeKind": "namespace"}, {"_type": "tag", "name": "DialogueStateChange", "path": "/home/kavia/workspace/code-generation/app-gateway2/__import__/extracted/app-gateway2-cga-cmf8e7ba8d/dependencies/install/include/WPEFramework/interfaces/json/JAVSController.h", "pattern": "/^            static void DialogueStateChange(const JSONRPC& _module_, const Exchange::IAVSControl/", "language": "C++", "typeref": "typename:void", "kind": "function", "signature": "(const JSONRPC & _module_,const Exchange::IAVSController::INotification::dialoguestate & state)", "scope": "WPEFramework::Exchange::JAVSController::Event", "scopeKind": "namespace"}, {"_type": "tag", "name": "Event", "path": "/home/kavia/workspace/code-generation/app-gateway2/__import__/extracted/app-gateway2-cga-cmf8e7ba8d/dependencies/install/include/WPEFramework/interfaces/json/JAVSController.h", "pattern": "/^        namespace Event {$/", "language": "C++", "kind": "namespace", "scope": "WPEFramework::Exchange::JAVSController", "scopeKind": "namespace"}, {"_type": "tag", "name": "Exchange", "path": "/home/kavia/workspace/code-generation/app-gateway2/__import__/extracted/app-gateway2-cga-cmf8e7ba8d/dependencies/install/include/WPEFramework/interfaces/json/JAVSController.h", "pattern": "/^namespace Exchange {$/", "language": "C++", "kind": "namespace", "scope": "WPEFramework", "scopeKind": "namespace"}, {"_type": "tag", "name": "JAVSController", "path": "/home/kavia/workspace/code-generation/app-gateway2/__import__/extracted/app-gateway2-cga-cmf8e7ba8d/dependencies/install/include/WPEFramework/interfaces/json/JAVSController.h", "pattern": "/^    namespace JAVSController {$/", "language": "C++", "kind": "namespace", "scope": "WPEFramework::Exchange", "scopeKind": "namespace"}, {"_type": "tag", "name": "JSONRPC", "path": "/home/kavia/workspace/code-generation/app-gateway2/__import__/extracted/app-gateway2-cga-cmf8e7ba8d/dependencies/install/include/WPEFramework/interfaces/json/JAVSController.h", "pattern": "/^        using JSONRPC = PluginHost::JSONRPC;$/", "language": "C++", "typeref": "typename:PluginHost::JSONRPC", "kind": "typedef", "scope": "WPEFramework::Exchange::JAVSController", "scopeKind": "namespace"}, {"_type": "tag", "name": "Major", "path": "/home/kavia/workspace/code-generation/app-gateway2/__import__/extracted/app-gateway2-cga-cmf8e7ba8d/dependencies/install/include/WPEFramework/interfaces/json/JAVSController.h", "pattern": "/^            constexpr uint8_t Major = 1;$/", "language": "C++", "typeref": "typename:uint8_t", "kind": "variable", "scope": "WPEFramework::Exchange::JAVSController::Version", "scopeKind": "namespace"}, {"_type": "tag", "name": "Minor", "path": "/home/kavia/workspace/code-generation/app-gateway2/__import__/extracted/app-gateway2-cga-cmf8e7ba8d/dependencies/install/include/WPEFramework/interfaces/json/JAVSController.h", "pattern": "/^            constexpr uint8_t Minor = 0;$/", "language": "C++", "typeref": "typename:uint8_t", "kind": "variable", "scope": "WPEFramework::Exchange::JAVSController::Version", "scopeKind": "namespace"}, {"_type": "tag", "name": "PUSH_WARNING", "path": "/home/kavia/workspace/code-generation/app-gateway2/__import__/extracted/app-gateway2-cga-cmf8e7ba8d/dependencies/install/include/WPEFramework/interfaces/json/JAVSController.h", "pattern": "/^        PUSH_WARNING(DISABLE_WARNING_UNUSED_FUNCTIONS)$/", "language": "C++", "kind": "function", "signature": "(DISABLE_WARNING_UNUSED_FUNCTIONS)", "scope": "WPEFramework::Exchange::JAVSController", "scopeKind": "namespace"}, {"_type": "tag", "name": "Patch", "path": "/home/kavia/workspace/code-generation/app-gateway2/__import__/extracted/app-gateway2-cga-cmf8e7ba8d/dependencies/install/include/WPEFramework/interfaces/json/JAVSController.h", "pattern": "/^            constexpr uint8_t Patch = 0;$/", "language": "C++", "typeref": "typename:uint8_t", "kind": "variable", "scope": "WPEFramework::Exchange::JAVSController::Version", "scopeKind": "namespace"}, {"_type": "tag", "name": "Unregister", "path": "/home/kavia/workspace/code-generation/app-gateway2/__import__/extracted/app-gateway2-cga-cmf8e7ba8d/dependencies/install/include/WPEFramework/interfaces/json/JAVSController.h", "pattern": "/^        static void Unregister(JSONRPC& _module_)$/", "language": "C++", "typeref": "typename:void", "kind": "function", "signature": "(JSONRPC & _module_)", "scope": "WPEFramework::Exchange::JAVSController", "scopeKind": "namespace"}, {"_type": "tag", "name": "Version", "path": "/home/kavia/workspace/code-generation/app-gateway2/__import__/extracted/app-gateway2-cga-cmf8e7ba8d/dependencies/install/include/WPEFramework/interfaces/json/JAVSController.h", "pattern": "/^        namespace Version {$/", "language": "C++", "kind": "namespace", "scope": "WPEFramework::Exchange::JAVSController", "scopeKind": "namespace"}, {"_type": "tag", "name": "WPEFramework", "path": "/home/kavia/workspace/code-generation/app-gateway2/__import__/extracted/app-gateway2-cga-cmf8e7ba8d/dependencies/install/include/WPEFramework/interfaces/json/JAVSController.h", "pattern": "/^namespace WPEFramework {$/", "language": "C++", "kind": "namespace"}, {"_type": "tag", "name": "__anon30db50f30102", "path": "/home/kavia/workspace/code-generation/app-gateway2/__import__/extracted/app-gateway2-cga-cmf8e7ba8d/dependencies/install/include/WPEFramework/interfaces/json/JAVSController.h", "pattern": "/^                [_impl_](const Core::JSON::Boolean& muted) -> uint32_t {$/", "file": true, "language": "C++", "typeref": "typename:uint32_t", "kind": "function", "signature": "(const Core::JSON::Boolean& muted) ", "scope": "WPEFramework::Exchange::JAVSController::PUSH_WARNING", "scopeKind": "function"}, {"_type": "tag", "name": "__anon30db50f30202", "path": "/home/kavia/workspace/code-generation/app-gateway2/__import__/extracted/app-gateway2-cga-cmf8e7ba8d/dependencies/install/include/WPEFramework/interfaces/json/JAVSController.h", "pattern": "/^                [_impl_](const Core::JSON::Boolean& started) -> uint32_t {$/", "file": true, "language": "C++", "typeref": "typename:uint32_t", "kind": "function", "signature": "(const Core::JSON::Boolean& started) ", "scope": "WPEFramework::Exchange::JAVSController::PUSH_WARNING", "scopeKind": "function"}], "hash": "de3a608a72d4e36e2bf1434dcda9020f", "format-version": 4, "code-base-name": "app-gateway2", "filename": "__import__/extracted/app-gateway2-cga-cmf8e7ba8d/dependencies/install/include/WPEFramework/interfaces/json/JAVSController.h", "fields": [{"name": "uint8_t Major", "scope": "WPEFramework::Exchange::JAVSController::Version", "scopeKind": "namespace", "description": "unavailable"}, {"name": "uint8_t Minor", "scope": "WPEFramework::Exchange::JAVSController::Version", "scopeKind": "namespace", "description": "unavailable"}, {"name": "uint8_t Patch", "scope": "WPEFramework::Exchange::JAVSController::Version", "scopeKind": "namespace", "description": "unavailable"}], "revision_history": [{"4156": "0f87a35b32215bc8547fb583d6c84bd51f603f69"}]}