{"is_source_file": true, "format": "C++ header file", "description": "This file defines an interface IPlayGiga with a single method Launch for a Giga playback feature, within the WPEFramework's Exchange namespace.", "external_files": ["Module.h"], "external_methods": [], "published": ["WPEFramework::Exchange::IPlayGiga"], "classes": [{"name": "IPlayGiga", "description": "An interface for Giga playback control with a Launch method."}], "methods": [{"name": "Launch", "description": "Initiates playback with specified parameters."}], "calls": [], "search-terms": ["IPlayGiga", "Launch", "Giga", "interface", "WPEFramework", "Exchange", "IUnknown"], "state": 2, "file_id": 1463, "knowledge_revision": 4068, "git_revision": "0f87a35b32215bc8547fb583d6c84bd51f603f69", "ctags": [{"_type": "tag", "name": "Exchange", "path": "/home/kavia/workspace/code-generation/app-gateway2/__import__/extracted/app-gateway2-cga-cmf8e7ba8d/dependencies/install/include/WPEFramework/interfaces/IPlayGiga.h", "pattern": "/^namespace Exchange {$/", "language": "C++", "kind": "namespace", "scope": "WPEFramework", "scopeKind": "namespace"}, {"_type": "tag", "name": "ID", "path": "/home/kavia/workspace/code-generation/app-gateway2/__import__/extracted/app-gateway2-cga-cmf8e7ba8d/dependencies/install/include/WPEFramework/interfaces/IPlayGiga.h", "pattern": "/^        enum { ID = ID_PLAYGIGA };$/", "language": "C++", "kind": "enumerator", "scope": "WPEFramework::Exchange::IPlayGiga::__anonb908b8c90103", "scopeKind": "enum"}, {"_type": "tag", "name": "IPlayGiga", "path": "/home/kavia/workspace/code-generation/app-gateway2/__import__/extracted/app-gateway2-cga-cmf8e7ba8d/dependencies/install/include/WPEFramework/interfaces/IPlayGiga.h", "pattern": "/^    struct EXTERNAL IPlayGiga : virtual public Core::IUnknown {$/", "language": "C++", "kind": "struct", "scope": "WPEFramework::Exchange", "scopeKind": "namespace"}, {"_type": "tag", "name": "WPEFramework", "path": "/home/kavia/workspace/code-generation/app-gateway2/__import__/extracted/app-gateway2-cga-cmf8e7ba8d/dependencies/install/include/WPEFramework/interfaces/IPlayGiga.h", "pattern": "/^namespace WPEFramework {$/", "language": "C++", "kind": "namespace"}, {"_type": "tag", "name": "__anonb908b8c90103", "path": "/home/kavia/workspace/code-generation/app-gateway2/__import__/extracted/app-gateway2-cga-cmf8e7ba8d/dependencies/install/include/WPEFramework/interfaces/IPlayGiga.h", "pattern": "/^        enum { ID = ID_PLAYGIGA };$/", "language": "C++", "kind": "enum", "scope": "WPEFramework::Exchange::IPlayGiga", "scopeKind": "struct"}], "hash": "7bac1d6e7d8d490abd764fc101bf94ad", "format-version": 4, "code-base-name": "app-gateway2", "filename": "__import__/extracted/app-gateway2-cga-cmf8e7ba8d/dependencies/install/include/WPEFramework/interfaces/IPlayGiga.h", "revision_history": [{"4068": "0f87a35b32215bc8547fb583d6c84bd51f603f69"}]}