{"is_source_file": true, "format": "C++ header file", "description": "This file defines an interface IMessageControl within the WPEFramework::Exchange namespace. The interface provides methods to enable/disable message controls and to retrieve current controls. It includes definitions of message types and a control structure, serving as a contract for message control functionalities.", "external_files": ["Module.h", "com/IIteratorType.h"], "external_methods": ["RPC::IIteratorType<Control, ID_MESSAGE_CONTROL_ITERATOR>::IID", "Core::IUnknown::Implementations"], "published": ["WPEFramework::Exchange::IMessageControl"], "classes": [{"name": "IMessageControl", "description": "Interface for message control functionalities, including enabling/disabling message types and retrieving current controls."}], "methods": [{"name": "Enable", "description": "Enables or disables a message control for a specific type, category, and module."}, {"name": "Controls", "description": "Retrieves a list of current message controls."}], "calls": ["IMessageControl::Enable", "IMessageControl::Controls"], "search-terms": ["IMessageControl", "message control interface", "Enable method", "Controls method", "WPEFramework Exchange IMessageControl"], "state": 2, "file_id": 1462, "knowledge_revision": 4067, "git_revision": "0f87a35b32215bc8547fb583d6c84bd51f603f69", "ctags": [{"_type": "tag", "name": "Control", "path": "/home/kavia/workspace/code-generation/app-gateway2/__import__/extracted/app-gateway2-cga-cmf8e7ba8d/dependencies/install/include/WPEFramework/interfaces/IMessageControl.h", "pattern": "/^    struct Control {$/", "language": "C++", "kind": "struct", "scope": "WPEFramework::Exchange::IMessageControl", "scopeKind": "struct"}, {"_type": "tag", "name": "Exchange", "path": "/home/kavia/workspace/code-generation/app-gateway2/__import__/extracted/app-gateway2-cga-cmf8e7ba8d/dependencies/install/include/WPEFramework/interfaces/IMessageControl.h", "pattern": "/^namespace Exchange {$/", "language": "C++", "kind": "namespace", "scope": "WPEFramework", "scopeKind": "namespace"}, {"_type": "tag", "name": "IControlIterator", "path": "/home/kavia/workspace/code-generation/app-gateway2/__import__/extracted/app-gateway2-cga-cmf8e7ba8d/dependencies/install/include/WPEFramework/interfaces/IMessageControl.h", "pattern": "/^    using IControlIterator = RPC::IIteratorType<Control, ID_MESSAGE_CONTROL_ITERATOR>;$/", "language": "C++", "typeref": "typename:RPC::IIteratorType<Control,ID_MESSAGE_CONTROL_ITERATOR>", "kind": "typedef", "scope": "WPEFramework::Exchange::IMessageControl", "scopeKind": "struct"}, {"_type": "tag", "name": "ID", "path": "/home/kavia/workspace/code-generation/app-gateway2/__import__/extracted/app-gateway2-cga-cmf8e7ba8d/dependencies/install/include/WPEFramework/interfaces/IMessageControl.h", "pattern": "/^    enum { ID = ID_MESSAGE_CONTROL };$/", "language": "C++", "kind": "enumerator", "scope": "WPEFramework::Exchange::IMessageControl::__anon7eaefac10103", "scopeKind": "enum"}, {"_type": "tag", "name": "IMessageControl", "path": "/home/kavia/workspace/code-generation/app-gateway2/__import__/extracted/app-gateway2-cga-cmf8e7ba8d/dependencies/install/include/WPEFramework/interfaces/IMessageControl.h", "pattern": "/^struct EXTERNAL IMessageControl : virtual public Core::IUnknown {$/", "language": "C++", "kind": "struct", "scope": "WPEFramework::Exchange", "scopeKind": "namespace"}, {"_type": "tag", "name": "LOGGING", "path": "/home/kavia/workspace/code-generation/app-gateway2/__import__/extracted/app-gateway2-cga-cmf8e7ba8d/dependencies/install/include/WPEFramework/interfaces/IMessageControl.h", "pattern": "/^        LOGGING        = 2,$/", "language": "C++", "kind": "enumerator", "scope": "WPEFramework::Exchange::IMessageControl::messagetype", "scopeKind": "enum"}, {"_type": "tag", "name": "REPORTING", "path": "/home/kavia/workspace/code-generation/app-gateway2/__import__/extracted/app-gateway2-cga-cmf8e7ba8d/dependencies/install/include/WPEFramework/interfaces/IMessageControl.h", "pattern": "/^        REPORTING      = 3,$/", "language": "C++", "kind": "enumerator", "scope": "WPEFramework::Exchange::IMessageControl::messagetype", "scopeKind": "enum"}, {"_type": "tag", "name": "STANDARD_ERROR", "path": "/home/kavia/workspace/code-generation/app-gateway2/__import__/extracted/app-gateway2-cga-cmf8e7ba8d/dependencies/install/include/WPEFramework/interfaces/IMessageControl.h", "pattern": "/^        STANDARD_ERROR = 5$/", "language": "C++", "kind": "enumerator", "scope": "WPEFramework::Exchange::IMessageControl::messagetype", "scopeKind": "enum"}, {"_type": "tag", "name": "STANDARD_OUT", "path": "/home/kavia/workspace/code-generation/app-gateway2/__import__/extracted/app-gateway2-cga-cmf8e7ba8d/dependencies/install/include/WPEFramework/interfaces/IMessageControl.h", "pattern": "/^        STANDARD_OUT   = 4,$/", "language": "C++", "kind": "enumerator", "scope": "WPEFramework::Exchange::IMessageControl::messagetype", "scopeKind": "enum"}, {"_type": "tag", "name": "TRACING", "path": "/home/kavia/workspace/code-generation/app-gateway2/__import__/extracted/app-gateway2-cga-cmf8e7ba8d/dependencies/install/include/WPEFramework/interfaces/IMessageControl.h", "pattern": "/^        TRACING        = 1,$/", "language": "C++", "kind": "enumerator", "scope": "WPEFramework::Exchange::IMessageControl::messagetype", "scopeKind": "enum"}, {"_type": "tag", "name": "WPEFramework", "path": "/home/kavia/workspace/code-generation/app-gateway2/__import__/extracted/app-gateway2-cga-cmf8e7ba8d/dependencies/install/include/WPEFramework/interfaces/IMessageControl.h", "pattern": "/^namespace WPEFramework {$/", "language": "C++", "kind": "namespace"}, {"_type": "tag", "name": "__anon7eaefac10103", "path": "/home/kavia/workspace/code-generation/app-gateway2/__import__/extracted/app-gateway2-cga-cmf8e7ba8d/dependencies/install/include/WPEFramework/interfaces/IMessageControl.h", "pattern": "/^    enum { ID = ID_MESSAGE_CONTROL };$/", "language": "C++", "kind": "enum", "scope": "WPEFramework::Exchange::IMessageControl", "scopeKind": "struct"}, {"_type": "tag", "name": "category", "path": "/home/kavia/workspace/code-generation/app-gateway2/__import__/extracted/app-gateway2-cga-cmf8e7ba8d/dependencies/install/include/WPEFramework/interfaces/IMessageControl.h", "pattern": "/^        string category \\/* @brief Name of the message category (e.g. Information) *\\/;$/", "language": "C++", "typeref": "typename:string", "kind": "member", "scope": "WPEFramework::Exchange::IMessageControl::Control", "scopeKind": "struct"}, {"_type": "tag", "name": "enabled", "path": "/home/kavia/workspace/code-generation/app-gateway2/__import__/extracted/app-gateway2-cga-cmf8e7ba8d/dependencies/install/include/WPEFramework/interfaces/IMessageControl.h", "pattern": "/^        bool enabled \\/* @brief Denotes if the control is enabled (true) or disabled (false) *\\//", "language": "C++", "typeref": "typename:bool", "kind": "member", "scope": "WPEFramework::Exchange::IMessageControl::Control", "scopeKind": "struct"}, {"_type": "tag", "name": "messagetype", "path": "/home/kavia/workspace/code-generation/app-gateway2/__import__/extracted/app-gateway2-cga-cmf8e7ba8d/dependencies/install/include/WPEFramework/interfaces/IMessageControl.h", "pattern": "/^    enum messagetype : uint8_t {$/", "language": "C++", "typeref": "typename:uint8_t", "kind": "enum", "scope": "WPEFramework::Exchange::IMessageControl", "scopeKind": "struct"}, {"_type": "tag", "name": "module", "path": "/home/kavia/workspace/code-generation/app-gateway2/__import__/extracted/app-gateway2-cga-cmf8e7ba8d/dependencies/install/include/WPEFramework/interfaces/IMessageControl.h", "pattern": "/^        string module \\/* @brief Name of the module the message is originating from (e.g. Plugin/", "language": "C++", "typeref": "typename:string", "kind": "member", "scope": "WPEFramework::Exchange::IMessageControl::Control", "scopeKind": "struct"}, {"_type": "tag", "name": "type", "path": "/home/kavia/workspace/code-generation/app-gateway2/__import__/extracted/app-gateway2-cga-cmf8e7ba8d/dependencies/install/include/WPEFramework/interfaces/IMessageControl.h", "pattern": "/^        messagetype type \\/* @brief Type of message *\\/;$/", "language": "C++", "typeref": "typename:messagetype", "kind": "member", "scope": "WPEFramework::Exchange::IMessageControl::Control", "scopeKind": "struct"}], "hash": "37bb305dd8916936017bbfac8ceb0a2f", "format-version": 4, "code-base-name": "app-gateway2", "filename": "__import__/extracted/app-gateway2-cga-cmf8e7ba8d/dependencies/install/include/WPEFramework/interfaces/IMessageControl.h", "fields": [{"name": "string category", "scope": "WPEFramework::Exchange::IMessageControl::Control", "scopeKind": "struct", "description": "unavailable"}, {"name": "bool enabled", "scope": "WPEFramework::Exchange::IMessageControl::Control", "scopeKind": "struct", "description": "unavailable"}, {"name": "string module", "scope": "WPEFramework::Exchange::IMessageControl::Control", "scopeKind": "struct", "description": "unavailable"}, {"name": "messagetype type", "scope": "WPEFramework::Exchange::IMessageControl::Control", "scopeKind": "struct", "description": "unavailable"}], "revision_history": [{"4067": "0f87a35b32215bc8547fb583d6c84bd51f603f69"}]}