{"is_source_file": true, "format": "C++ header file", "description": "This file defines C++ classes for the IO Connector API JSON-RPC interaction, specifically a container class for activity parameters, generated from a JSON schema.", "external_files": ["<core/JSON.h>"], "external_methods": [], "published": [], "classes": [{"name": "ActivityParamsData", "description": "A JSON container class representing parameters for an IO Connector activity, holding a single integer field 'Value'."}], "methods": [{"name": "ActivityParamsData()", "description": "Constructor that initializes the JSON container and adds the 'value' member.", "scope": "WPEFramework::JsonData::IOConnector::ActivityParamsData", "scopeKind": "class"}, {"name": "IsValid()", "description": "Method that always returns true, indicating the validity of the data structure."}, {"name": "bool IsValid() const", "scope": "WPEFramework::JsonData::IOConnector::ActivityParamsData", "scopeKind": "class", "description": "unavailable"}], "calls": [], "search-terms": ["JsonData_IOConnector", "ActivityParamsData", "IOConnector", "json", "JSON", "interface", "json container", "C++ JSON class"], "state": 2, "file_id": 1621, "knowledge_revision": 4216, "git_revision": "0f87a35b32215bc8547fb583d6c84bd51f603f69", "ctags": [{"_type": "tag", "name": "ActivityParamsData", "path": "/home/kavia/workspace/code-generation/app-gateway2/__import__/extracted/app-gateway2-cga-cmf8e7ba8d/dependencies/install/include/WPEFramework/interfaces/json/JsonData_IOConnector.h", "pattern": "/^            ActivityParamsData()$/", "language": "C++", "kind": "function", "signature": "()", "scope": "WPEFramework::JsonData::IOConnector::ActivityParamsData", "scopeKind": "class"}, {"_type": "tag", "name": "ActivityParamsData", "path": "/home/kavia/workspace/code-generation/app-gateway2/__import__/extracted/app-gateway2-cga-cmf8e7ba8d/dependencies/install/include/WPEFramework/interfaces/json/JsonData_IOConnector.h", "pattern": "/^        class ActivityParamsData : public Core::JSON::Container {$/", "language": "C++", "kind": "class", "scope": "WPEFramework::JsonData::IOConnector", "scopeKind": "namespace"}, {"_type": "tag", "name": "IOConnector", "path": "/home/kavia/workspace/code-generation/app-gateway2/__import__/extracted/app-gateway2-cga-cmf8e7ba8d/dependencies/install/include/WPEFramework/interfaces/json/JsonData_IOConnector.h", "pattern": "/^    namespace IOConnector {$/", "language": "C++", "kind": "namespace", "scope": "WPEFramework::JsonData", "scopeKind": "namespace"}, {"_type": "tag", "name": "IsValid", "path": "/home/kavia/workspace/code-generation/app-gateway2/__import__/extracted/app-gateway2-cga-cmf8e7ba8d/dependencies/install/include/WPEFramework/interfaces/json/JsonData_IOConnector.h", "pattern": "/^            bool IsValid() const$/", "language": "C++", "typeref": "typename:bool", "kind": "function", "signature": "() const", "scope": "WPEFramework::JsonData::IOConnector::ActivityParamsData", "scopeKind": "class"}, {"_type": "tag", "name": "JsonData", "path": "/home/kavia/workspace/code-generation/app-gateway2/__import__/extracted/app-gateway2-cga-cmf8e7ba8d/dependencies/install/include/WPEFramework/interfaces/json/JsonData_IOConnector.h", "pattern": "/^namespace JsonData {$/", "language": "C++", "kind": "namespace", "scope": "WPEFramework", "scopeKind": "namespace"}, {"_type": "tag", "name": "Value", "path": "/home/kavia/workspace/code-generation/app-gateway2/__import__/extracted/app-gateway2-cga-cmf8e7ba8d/dependencies/install/include/WPEFramework/interfaces/json/JsonData_IOConnector.h", "pattern": "/^            Core::JSON::DecSInt32 Value;$/", "language": "C++", "typeref": "typename:Core::JSON::DecSInt32", "kind": "member", "scope": "WPEFramework::JsonData::IOConnector::ActivityParamsData", "scopeKind": "class"}, {"_type": "tag", "name": "WPEFramework", "path": "/home/kavia/workspace/code-generation/app-gateway2/__import__/extracted/app-gateway2-cga-cmf8e7ba8d/dependencies/install/include/WPEFramework/interfaces/json/JsonData_IOConnector.h", "pattern": "/^namespace WPEFramework {$/", "language": "C++", "kind": "namespace"}], "hash": "79c8d07e198f0e0da916380afd922b7a", "format-version": 4, "code-base-name": "app-gateway2", "filename": "__import__/extracted/app-gateway2-cga-cmf8e7ba8d/dependencies/install/include/WPEFramework/interfaces/json/JsonData_IOConnector.h", "fields": [{"name": "Core::JSON::DecSInt32 Value", "scope": "WPEFramework::JsonData::IOConnector::ActivityParamsData", "scopeKind": "class", "description": "unavailable"}], "revision_history": [{"4216": "0f87a35b32215bc8547fb583d6c84bd51f603f69"}]}