{"is_source_file": true, "format": "JSON schema", "description": "This file defines the interface schema for the HdcpProfile API, including method signatures, data structures, and events related to HDCP status management.", "external_files": ["../common/common.json"], "external_methods": [], "published": ["getHDCPStatus", "getSettopHDCPSupport"], "classes": [], "methods": [{"name": "getHDCPStatus", "description": "Returns HDCP-related data including connection status, compliance, enabled state, reason, supported version, receiver version, and current version."}, {"name": "getSettopHDCPSupport", "description": "Returns the supported HDCP version of the set-top box and whether HDCP is supported."}], "calls": ["getHDCPStatus", "getSettopHDCPSupport"], "search-terms": ["HdcpProfile", "HDCPStatus", "HDCP", "getHDCPStatus", "getSettopHDCPSupport", "Hdmi output hot plug", "HDCP protocol version"], "state": 2, "file_id": 1892, "knowledge_revision": 4480, "git_revision": "0f87a35b32215bc8547fb583d6c84bd51f603f69", "hash": "f705916a63d2aba1b736efd7d64fd550", "format-version": 4, "code-base-name": "app-gateway2", "filename": "__import__/extracted/app-gateway2-cga-cmf8e7ba8d/Supporting_Files/HdcpProfile/HdcpProfile.json", "revision_history": [{"4480": "0f87a35b32215bc8547fb583d6c84bd51f603f69"}]}