{"is_source_file": true, "format": "C++", "description": "Header file defining the DoorBell class and inner Connector class, providing an interface for a doorbell mechanism including binding, unbinding, ringing, and waiting functionalities within the WPEFramework::Core namespace.", "external_files": ["Module.h", "ResourceMonitor.h", "SocketPort.h", "Sync.h"], "external_methods": ["::sendto", "::recv"], "published": ["DoorBell"], "classes": [{"name": "DoorBell", "description": "Represents a doorbell mechanism allowing signaling, acknowledgment, waiting, and relinguishing actions."}, {"name": "Connector", "description": "Inner class implementing resource handling functionalities for the doorbell, including binding, unbinding, and signaling."}], "methods": [{"name": "DoorBell(const TCHAR sourceName[])", "description": "Constructor initializing DoorBell with a source name."}, {"name": "~DoorBell()", "description": "Destructor cleaning up the DoorBell instance."}, {"name": "bool Ring()", "description": "Triggers the doorbell to ring, signaling the connected resource.", "scope": "WPEFramework::Core::DoorBell::Connector", "scopeKind": "class"}, {"name": "void Acknowledge()", "description": "Resets the doorbell signal, acknowledging receipt.", "scope": "WPEFramework::Core::DoorBell", "scopeKind": "class"}, {"name": "uint32_t Wait(const uint32_t waitTime) const", "description": "Waits for the doorbell signal for a specified time.", "scope": "WPEFramework::Core::DoorBell", "scopeKind": "class"}, {"name": "void Relinquish()", "description": "Unbinds the doorbell resource.", "scope": "WPEFramework::Core::DoorBell", "scopeKind": "class"}, {"name": "void Ringing()", "description": "Sets the event to indicate the doorbell is ringing.", "scope": "WPEFramework::Core::DoorBell", "scopeKind": "class"}, {"name": "void Read()", "scope": "WPEFramework::Core::DoorBell::Connector", "scopeKind": "class", "description": "unavailable"}, {"name": "void Ring()", "scope": "WPEFramework::Core::DoorBell", "scopeKind": "class", "description": "unavailable"}], "calls": ["::sendto", "::recv"], "search-terms": ["DoorBell", "ResourceMonitor", "SignalEvent", "UNIX socket", "Core::Event", "Resource binding"], "state": 2, "file_id": 1396, "knowledge_revision": 4007, "git_revision": "0f87a35b32215bc8547fb583d6c84bd51f603f69", "ctags": [{"_type": "tag", "name": "Acknowledge", "path": "/home/kavia/workspace/code-generation/app-gateway2/__import__/extracted/app-gateway2-cga-cmf8e7ba8d/dependencies/install/include/WPEFramework/core/DoorBell.h", "pattern": "/^        void Acknowledge()$/", "language": "C++", "typeref": "typename:void", "kind": "function", "signature": "()", "scope": "WPEFramework::Core::DoorBell", "scopeKind": "class"}, {"_type": "tag", "name": "Connector", "path": "/home/kavia/workspace/code-generation/app-gateway2/__import__/extracted/app-gateway2-cga-cmf8e7ba8d/dependencies/install/include/WPEFramework/core/DoorBell.h", "pattern": "/^        class EXTERNAL Connector : public IResource {$/", "language": "C++", "kind": "class", "scope": "WPEFramework::Core::DoorBell", "scopeKind": "class"}, {"_type": "tag", "name": "Core", "path": "/home/kavia/workspace/code-generation/app-gateway2/__import__/extracted/app-gateway2-cga-cmf8e7ba8d/dependencies/install/include/WPEFramework/core/DoorBell.h", "pattern": "/^namespace Core {$/", "language": "C++", "kind": "namespace", "scope": "WPEFramework", "scopeKind": "namespace"}, {"_type": "tag", "name": "DoorBell", "path": "/home/kavia/workspace/code-generation/app-gateway2/__import__/extracted/app-gateway2-cga-cmf8e7ba8d/dependencies/install/include/WPEFramework/core/DoorBell.h", "pattern": "/^    class EXTERNAL DoorBell {$/", "language": "C++", "kind": "class", "scope": "WPEFramework::Core", "scopeKind": "namespace"}, {"_type": "tag", "name": "Read", "path": "/home/kavia/workspace/code-generation/app-gateway2/__import__/extracted/app-gateway2-cga-cmf8e7ba8d/dependencies/install/include/WPEFramework/core/DoorBell.h", "pattern": "/^            void Read()$/", "language": "C++", "typeref": "typename:void", "kind": "function", "signature": "()", "scope": "WPEFramework::Core::DoorBell::Connector", "scopeKind": "class"}, {"_type": "tag", "name": "Relinquish", "path": "/home/kavia/workspace/code-generation/app-gateway2/__import__/extracted/app-gateway2-cga-cmf8e7ba8d/dependencies/install/include/WPEFramework/core/DoorBell.h", "pattern": "/^        void Relinquish() {$/", "language": "C++", "typeref": "typename:void", "kind": "function", "signature": "()", "scope": "WPEFramework::Core::DoorBell", "scopeKind": "class"}, {"_type": "tag", "name": "Ring", "path": "/home/kavia/workspace/code-generation/app-gateway2/__import__/extracted/app-gateway2-cga-cmf8e7ba8d/dependencies/install/include/WPEFramework/core/DoorBell.h", "pattern": "/^            bool Ring()$/", "language": "C++", "typeref": "typename:bool", "kind": "function", "signature": "()", "scope": "WPEFramework::Core::DoorBell::Connector", "scopeKind": "class"}, {"_type": "tag", "name": "Ring", "path": "/home/kavia/workspace/code-generation/app-gateway2/__import__/extracted/app-gateway2-cga-cmf8e7ba8d/dependencies/install/include/WPEFramework/core/DoorBell.h", "pattern": "/^        void Ring()$/", "language": "C++", "typeref": "typename:void", "kind": "function", "signature": "()", "scope": "WPEFramework::Core::DoorBell", "scopeKind": "class"}, {"_type": "tag", "name": "Ringing", "path": "/home/kavia/workspace/code-generation/app-gateway2/__import__/extracted/app-gateway2-cga-cmf8e7ba8d/dependencies/install/include/WPEFramework/core/DoorBell.h", "pattern": "/^        void Ringing()$/", "language": "C++", "typeref": "typename:void", "kind": "function", "signature": "()", "scope": "WPEFramework::Core::DoorBell", "scopeKind": "class"}, {"_type": "tag", "name": "SIGNAL_DOORBELL", "path": "/home/kavia/workspace/code-generation/app-gateway2/__import__/extracted/app-gateway2-cga-cmf8e7ba8d/dependencies/install/include/WPEFramework/core/DoorBell.h", "pattern": "/^            static constexpr char SIGNAL_DOORBELL = 0x55;$/", "language": "C++", "typeref": "typename:char", "kind": "member", "scope": "WPEFramework::Core::DoorBell::Connector", "scopeKind": "class"}, {"_type": "tag", "name": "WPEFramework", "path": "/home/kavia/workspace/code-generation/app-gateway2/__import__/extracted/app-gateway2-cga-cmf8e7ba8d/dependencies/install/include/WPEFramework/core/DoorBell.h", "pattern": "/^namespace WPEFramework {$/", "language": "C++", "kind": "namespace"}, {"_type": "tag", "name": "Wait", "path": "/home/kavia/workspace/code-generation/app-gateway2/__import__/extracted/app-gateway2-cga-cmf8e7ba8d/dependencies/install/include/WPEFramework/core/DoorBell.h", "pattern": "/^        uint32_t Wait(const uint32_t waitTime) const$/", "language": "C++", "typeref": "typename:uint32_t", "kind": "function", "signature": "(const uint32_t waitTime) const", "scope": "WPEFramework::Core::DoorBell", "scopeKind": "class"}, {"_type": "tag", "name": "_connectPoint", "path": "/home/kavia/workspace/code-generation/app-gateway2/__import__/extracted/app-gateway2-cga-cmf8e7ba8d/dependencies/install/include/WPEFramework/core/DoorBell.h", "pattern": "/^        Connector _connectPoint;$/", "language": "C++", "typeref": "typename:Connector", "kind": "member", "scope": "WPEFramework::Core::DoorBell", "scopeKind": "class"}, {"_type": "tag", "name": "_doorbell", "path": "/home/kavia/workspace/code-generation/app-gateway2/__import__/extracted/app-gateway2-cga-cmf8e7ba8d/dependencies/install/include/WPEFramework/core/DoorBell.h", "pattern": "/^            Core::NodeId _doorbell;$/", "language": "C++", "typeref": "typename:Core::NodeId", "kind": "member", "scope": "WPEFramework::Core::DoorBell::Connector", "scopeKind": "class"}, {"_type": "tag", "name": "_parent", "path": "/home/kavia/workspace/code-generation/app-gateway2/__import__/extracted/app-gateway2-cga-cmf8e7ba8d/dependencies/install/include/WPEFramework/core/DoorBell.h", "pattern": "/^            DoorBell& _parent;$/", "language": "C++", "typeref": "typename:DoorBell &", "kind": "member", "scope": "WPEFramework::Core::DoorBell::Connector", "scopeKind": "class"}, {"_type": "tag", "name": "_receiveSocket", "path": "/home/kavia/workspace/code-generation/app-gateway2/__import__/extracted/app-gateway2-cga-cmf8e7ba8d/dependencies/install/include/WPEFramework/core/DoorBell.h", "pattern": "/^            mutable SOCKET _receiveSocket;$/", "language": "C++", "typeref": "typename:SOCKET", "kind": "member", "scope": "WPEFramework::Core::DoorBell::Connector", "scopeKind": "class"}, {"_type": "tag", "name": "_registered", "path": "/home/kavia/workspace/code-generation/app-gateway2/__import__/extracted/app-gateway2-cga-cmf8e7ba8d/dependencies/install/include/WPEFramework/core/DoorBell.h", "pattern": "/^            mutable uint16_t _registered;$/", "language": "C++", "typeref": "typename:uint16_t", "kind": "member", "scope": "WPEFramework::Core::DoorBell::Connector", "scopeKind": "class"}, {"_type": "tag", "name": "_sendSocket", "path": "/home/kavia/workspace/code-generation/app-gateway2/__import__/extracted/app-gateway2-cga-cmf8e7ba8d/dependencies/install/include/WPEFramework/core/DoorBell.h", "pattern": "/^            SOCKET _sendSocket;$/", "language": "C++", "typeref": "typename:SOCKET", "kind": "member", "scope": "WPEFramework::Core::DoorBell::Connector", "scopeKind": "class"}, {"_type": "tag", "name": "_signal", "path": "/home/kavia/workspace/code-generation/app-gateway2/__import__/extracted/app-gateway2-cga-cmf8e7ba8d/dependencies/install/include/WPEFramework/core/DoorBell.h", "pattern": "/^        mutable Core::Event _signal;$/", "language": "C++", "typeref": "typename:Core::Event", "kind": "member", "scope": "WPEFramework::Core::DoorBell", "scopeKind": "class"}], "hash": "1b67cec60cbdf19c34a0633f579e83e0", "format-version": 4, "code-base-name": "app-gateway2", "filename": "__import__/extracted/app-gateway2-cga-cmf8e7ba8d/dependencies/install/include/WPEFramework/core/DoorBell.h", "fields": [{"name": "char SIGNAL_DOORBELL", "scope": "WPEFramework::Core::DoorBell::Connector", "scopeKind": "class", "description": "unavailable"}, {"name": "Connector _connectPoint", "scope": "WPEFramework::Core::DoorBell", "scopeKind": "class", "description": "unavailable"}, {"name": "Core::NodeId _doorbell", "scope": "WPEFramework::Core::DoorBell::Connector", "scopeKind": "class", "description": "unavailable"}, {"name": "DoorBell & _parent", "scope": "WPEFramework::Core::DoorBell::Connector", "scopeKind": "class", "description": "unavailable"}, {"name": "SOCKET _receiveSocket", "scope": "WPEFramework::Core::DoorBell::Connector", "scopeKind": "class", "description": "unavailable"}, {"name": "uint16_t _registered", "scope": "WPEFramework::Core::DoorBell::Connector", "scopeKind": "class", "description": "unavailable"}, {"name": "SOCKET _sendSocket", "scope": "WPEFramework::Core::DoorBell::Connector", "scopeKind": "class", "description": "unavailable"}, {"name": "Core::Event _signal", "scope": "WPEFramework::Core::DoorBell", "scopeKind": "class", "description": "unavailable"}], "revision_history": [{"4007": "0f87a35b32215bc8547fb583d6c84bd51f603f69"}]}