{"is_source_file": true, "format": "C++", "description": "This source file appears to be a C++ implementation file for a module, including licensing information and a header include. It references a 'Module.h' header and contains a macro for module declaration.", "external_files": ["Module.h"], "external_methods": ["MODULE_NAME_DECLARATION"], "published": [], "classes": [], "methods": [], "calls": ["MODULE_NAME_DECLARATION"], "search-terms": ["Module.cpp", "MODULE_NAME_DECLARATION", "C++", "source file", "Supporting_Files", "RDKShell"], "state": 2, "file_id": 1774, "knowledge_revision": 4369, "git_revision": "0f87a35b32215bc8547fb583d6c84bd51f603f69", "ctags": [], "hash": "8084e87232c1d4807b2716be75c0cba3", "format-version": 4, "code-base-name": "app-gateway2", "filename": "__import__/extracted/app-gateway2-cga-cmf8e7ba8d/Supporting_Files/RDKShell/Module.cpp", "revision_history": [{"4369": "0f87a35b32215bc8547fb583d6c84bd51f603f69"}]}