{"is_source_file": true, "format": "C++", "description": "Header file defining the External::Metadata interface which provides mechanisms for retrieving metadata about different communication protocols. It includes a JSON container class with properties for manufacturer and protocol type.", "external_files": ["../Module.h"], "external_methods": [], "published": ["WPEFramework::Exchange::External::Metadata"], "classes": [{"name": "Metadata", "description": "A JSON container class that encapsulates metadata regarding hardware or interface components, including manufacturer and protocol type enumeration."}], "methods": [{"name": "Metadata()", "description": "Constructor that initializes the JSON container with 'manufacturer' and 'source' fields.", "scope": "WPEFramework::Exchange::External::Metadata", "scopeKind": "class"}, {"name": "~Metadata()", "description": "Default destructor."}], "calls": ["Add(_T(\"manufacturer\"), &Manufacturer)", "Add(_T(\"source\"), &Protocol)"], "search-terms": ["ExternalMetadata", "JSON::Container", "Metadata class", "protocol enum", "Manufacturer", "JSONRPC", "interface", "protocol types"], "state": 2, "file_id": 1646, "knowledge_revision": 4243, "git_revision": "0f87a35b32215bc8547fb583d6c84bd51f603f69", "ctags": [{"_type": "tag", "name": "Exchange", "path": "/home/kavia/workspace/code-generation/app-gateway2/__import__/extracted/app-gateway2-cga-cmf8e7ba8d/dependencies/install/include/WPEFramework/interfaces/json/ExternalMetadata.h", "pattern": "/^    namespace Exchange {$/", "language": "C++", "kind": "namespace", "scope": "WPEFramework", "scopeKind": "namespace"}, {"_type": "tag", "name": "External", "path": "/home/kavia/workspace/code-generation/app-gateway2/__import__/extracted/app-gateway2-cga-cmf8e7ba8d/dependencies/install/include/WPEFramework/interfaces/json/ExternalMetadata.h", "pattern": "/^        namespace External {$/", "language": "C++", "kind": "namespace", "scope": "WPEFramework::Exchange", "scopeKind": "namespace"}, {"_type": "tag", "name": "GPIO", "path": "/home/kavia/workspace/code-generation/app-gateway2/__import__/extracted/app-gateway2-cga-cmf8e7ba8d/dependencies/install/include/WPEFramework/interfaces/json/ExternalMetadata.h", "pattern": "/^\t\t\t\t\tGPIO,$/", "language": "C++", "kind": "enumerator", "scope": "WPEFramework::Exchange::External::Metadata::protocol", "scopeKind": "enum"}, {"_type": "tag", "name": "I2C", "path": "/home/kavia/workspace/code-generation/app-gateway2/__import__/extracted/app-gateway2-cga-cmf8e7ba8d/dependencies/install/include/WPEFramework/interfaces/json/ExternalMetadata.h", "pattern": "/^\t\t\t\t\tI2C,$/", "language": "C++", "kind": "enumerator", "scope": "WPEFramework::Exchange::External::Metadata::protocol", "scopeKind": "enum"}, {"_type": "tag", "name": "JSONRPC", "path": "/home/kavia/workspace/code-generation/app-gateway2/__import__/extracted/app-gateway2-cga-cmf8e7ba8d/dependencies/install/include/WPEFramework/interfaces/json/ExternalMetadata.h", "pattern": "/^\t\t\t\t\tJSONRPC,$/", "language": "C++", "kind": "enumerator", "scope": "WPEFramework::Exchange::External::Metadata::protocol", "scopeKind": "enum"}, {"_type": "tag", "name": "Manufacturer", "path": "/home/kavia/workspace/code-generation/app-gateway2/__import__/extracted/app-gateway2-cga-cmf8e7ba8d/dependencies/install/include/WPEFramework/interfaces/json/ExternalMetadata.h", "pattern": "/^\t\t\t\tCore::JSON::String Manufacturer;$/", "language": "C++", "typeref": "typename:Core::JSON::String", "kind": "member", "scope": "WPEFramework::Exchange::External::Metadata", "scopeKind": "class"}, {"_type": "tag", "name": "Metadata", "path": "/home/kavia/workspace/code-generation/app-gateway2/__import__/extracted/app-gateway2-cga-cmf8e7ba8d/dependencies/install/include/WPEFramework/interfaces/json/ExternalMetadata.h", "pattern": "/^\t\t\t\tMetadata()$/", "language": "C++", "kind": "function", "signature": "()", "scope": "WPEFramework::Exchange::External::Metadata", "scopeKind": "class"}, {"_type": "tag", "name": "Metadata", "path": "/home/kavia/workspace/code-generation/app-gateway2/__import__/extracted/app-gateway2-cga-cmf8e7ba8d/dependencies/install/include/WPEFramework/interfaces/json/ExternalMetadata.h", "pattern": "/^\t\t\tclass Metadata : public Core::JSON::Container {$/", "language": "C++", "kind": "class", "scope": "WPEFramework::Exchange::External", "scopeKind": "namespace"}, {"_type": "tag", "name": "NRF24L01", "path": "/home/kavia/workspace/code-generation/app-gateway2/__import__/extracted/app-gateway2-cga-cmf8e7ba8d/dependencies/install/include/WPEFramework/interfaces/json/ExternalMetadata.h", "pattern": "/^\t\t\t\t\tNRF24L01,$/", "language": "C++", "kind": "enumerator", "scope": "WPEFramework::Exchange::External::Metadata::protocol", "scopeKind": "enum"}, {"_type": "tag", "name": "ONEWIRE", "path": "/home/kavia/workspace/code-generation/app-gateway2/__import__/extracted/app-gateway2-cga-cmf8e7ba8d/dependencies/install/include/WPEFramework/interfaces/json/ExternalMetadata.h", "pattern": "/^\t\t\t\t\tONEWIRE,$/", "language": "C++", "kind": "enumerator", "scope": "WPEFramework::Exchange::External::Metadata::protocol", "scopeKind": "enum"}, {"_type": "tag", "name": "Protocol", "path": "/home/kavia/workspace/code-generation/app-gateway2/__import__/extracted/app-gateway2-cga-cmf8e7ba8d/dependencies/install/include/WPEFramework/interfaces/json/ExternalMetadata.h", "pattern": "/^\t\t\t\tCore::JSON::EnumType<protocol> Protocol;$/", "language": "C++", "typeref": "typename:Core::JSON::EnumType<protocol>", "kind": "member", "scope": "WPEFramework::Exchange::External::Metadata", "scopeKind": "class"}, {"_type": "tag", "name": "VIRTUAL", "path": "/home/kavia/workspace/code-generation/app-gateway2/__import__/extracted/app-gateway2-cga-cmf8e7ba8d/dependencies/install/include/WPEFramework/interfaces/json/ExternalMetadata.h", "pattern": "/^\t\t\t\t\tVIRTUAL$/", "language": "C++", "kind": "enumerator", "scope": "WPEFramework::Exchange::External::Metadata::protocol", "scopeKind": "enum"}, {"_type": "tag", "name": "WPEFramework", "path": "/home/kavia/workspace/code-generation/app-gateway2/__import__/extracted/app-gateway2-cga-cmf8e7ba8d/dependencies/install/include/WPEFramework/interfaces/json/ExternalMetadata.h", "pattern": "/^namespace WPEFramework {$/", "language": "C++", "kind": "namespace"}, {"_type": "tag", "name": "ZIGBEE", "path": "/home/kavia/workspace/code-generation/app-gateway2/__import__/extracted/app-gateway2-cga-cmf8e7ba8d/dependencies/install/include/WPEFramework/interfaces/json/ExternalMetadata.h", "pattern": "/^\t\t\t\t\tZIGBEE,$/", "language": "C++", "kind": "enumerator", "scope": "WPEFramework::Exchange::External::Metadata::protocol", "scopeKind": "enum"}, {"_type": "tag", "name": "ZWAVE", "path": "/home/kavia/workspace/code-generation/app-gateway2/__import__/extracted/app-gateway2-cga-cmf8e7ba8d/dependencies/install/include/WPEFramework/interfaces/json/ExternalMetadata.h", "pattern": "/^\t\t\t\t\tZWAVE,$/", "language": "C++", "kind": "enumerator", "scope": "WPEFramework::Exchange::External::Metadata::protocol", "scopeKind": "enum"}, {"_type": "tag", "name": "protocol", "path": "/home/kavia/workspace/code-generation/app-gateway2/__import__/extracted/app-gateway2-cga-cmf8e7ba8d/dependencies/install/include/WPEFramework/interfaces/json/ExternalMetadata.h", "pattern": "/^\t\t\t\tenum protocol : uint8_t {$/", "language": "C++", "typeref": "typename:uint8_t", "kind": "enum", "scope": "WPEFramework::Exchange::External::Metadata", "scopeKind": "class"}], "hash": "25473fbc5d61bbe5525af72f9a256d49", "format-version": 4, "code-base-name": "app-gateway2", "filename": "__import__/extracted/app-gateway2-cga-cmf8e7ba8d/dependencies/install/include/WPEFramework/interfaces/json/ExternalMetadata.h", "fields": [{"name": "Core::JSON::String Manufacturer", "scope": "WPEFramework::Exchange::External::Metadata", "scopeKind": "class", "description": "unavailable"}, {"name": "Core::JSON::EnumType<protocol> Protocol", "scope": "WPEFramework::Exchange::External::Metadata", "scopeKind": "class", "description": "unavailable"}], "revision_history": [{"4243": "0f87a35b32215bc8547fb583d6c84bd51f603f69"}]}