{"is_source_file": true, "format": "C++ header", "description": "This file defines template classes for supporting WebSocket links and servers, including upgrade handling, message serialization/deserialization, and WebSocket protocol specifics within the WPEFramework project.", "external_files": ["<core/core.h>", "<plugins/plugins.h>", "<messaging/messaging.h>", "<definitions/definitions.h>", "UtilsLogging.h"], "external_methods": [], "published": ["WPEFramework::Web::WebSocket::HWebSocketLinkType", "WPEFramework::Web::WebSocket::HWebSocketServerType"], "classes": [{"name": "HWebSocketLinkType", "description": "Template class managing WebSocket link states, upgrade process, message handling, and protocol details."}, {"name": "HWebSocketServerType", "description": "Template class representing a WebSocket server supporting multiple client connections and protocol management."}], "methods": [{"name": "LINK & Link()", "description": "Returns a reference to the underlying link object.", "scope": "WPEFramework::Web::WebSocket::HWebSocketServerType", "scopeKind": "class"}, {"name": "bool IsOpen() const", "description": "Checks if the WebSocket link is currently open.", "scope": "WPEFramework::Web::WebSocket::HWebSocketServerType", "scopeKind": "class"}, {"name": "Upgrade", "description": "Initiates a WebSocket upgrade handshake with specified protocol, path, query, and origin."}, {"name": "Ping", "description": "Sends a ping message over the WebSocket."}, {"name": "uint32_t Close(const uint32_t waitTime)", "description": "Closes the WebSocket connection gracefully.", "scope": "WPEFramework::Web::WebSocket::HWebSocketServerType", "scopeKind": "class"}, {"name": "Trigger", "description": "Triggers processing of pending data or state changes."}, {"name": "Submit", "description": "Enqueues a message to be sent via the WebSocket connection."}, {"name": "bool LinkBody(typename INBOUND::BaseElement & element)", "description": "Pure virtual method to handle incoming request bodies, to be implemented by derived classes.", "scope": "WPEFramework::Web::WebSocket::HWebSocketLinkType::HandlerType::DeserializerImpl", "scopeKind": "class"}, {"name": "Received", "description": "Pure virtual method to handle incoming messages, to be implemented by derived classes."}, {"name": "Send", "description": "Pure virtual method to send messages, to be implemented by derived classes."}, {"name": "ReceiveData", "description": "Pure virtual method to process incoming raw data."}, {"name": "SendData", "description": "Pure virtual method to send raw data."}, {"name": "StateChange", "description": "Pure virtual method called on state changes."}, {"name": "bool IsIdle() const", "description": "Pure virtual method to check if the link is idle.", "scope": "WPEFramework::Web::WebSocket::HWebSocketServerType::Handler", "scopeKind": "class"}, {"name": "void AbortUpgrade(const Web::WebStatus status,const string & reason)", "scope": "WPEFramework::Web::WebSocket::HWebSocketLinkType", "scopeKind": "class", "description": "unavailable"}, {"name": "bool Binary() const", "scope": "WPEFramework::Web::WebSocket::HWebSocketServerType", "scopeKind": "class", "description": "unavailable"}, {"name": "void Binary(const bool binary)", "scope": "WPEFramework::Web::WebSocket::HWebSocketServerType", "scopeKind": "class", "description": "unavailable"}, {"name": "uint32_t CheckForClose(uint32_t waitTime)", "scope": "WPEFramework::Web::WebSocket::HWebSocketLinkType::HandlerType", "scopeKind": "class", "description": "unavailable"}, {"name": "void Deserialized(typename INBOUND::BaseElement & element)", "scope": "WPEFramework::Web::WebSocket::HWebSocketLinkType::HandlerType::DeserializerImpl", "scopeKind": "class", "description": "unavailable"}, {"name": "void Deserialized(Core::ProxyType<INBOUND> & element)", "scope": "WPEFramework::Web::WebSocket::HWebSocketLinkType::HandlerType", "scopeKind": "class", "description": "unavailable"}, {"name": "DeserializerImpl(ThisClass & parent,ALLOCATOR allocator)", "scope": "WPEFramework::Web::WebSocket::HWebSocketLinkType::HandlerType::DeserializerImpl", "scopeKind": "class", "description": "unavailable"}, {"name": "DeserializerImpl(ThisClass & parent,const uint8_t queueSize)", "scope": "WPEFramework::Web::WebSocket::HWebSocketLinkType::HandlerType::DeserializerImpl", "scopeKind": "class", "description": "unavailable"}, {"name": "INBOUND::BaseElement * Element()", "scope": "WPEFramework::Web::WebSocket::HWebSocketLinkType::HandlerType::DeserializerImpl", "scopeKind": "class", "description": "unavailable"}, {"name": "void Flush()", "scope": "WPEFramework::Web::WebSocket::HWebSocketLinkType", "scopeKind": "class", "description": "unavailable"}, {"name": "HWebSocketLinkType(const bool binary,const bool masking,const uint8_t queueSize,ALLOCATOR allocator,Args &&...args)", "scope": "WPEFramework::Web::WebSocket::HWebSocketLinkType", "scopeKind": "class", "description": "unavailable"}, {"name": "DISABLE_WARNING_THIS_IN_MEMBER_INITIALIZER_LIST HWebSocketLinkType(const bool binary,const bool masking,const uint8_t queueSize,Args &&...args)", "scope": "WPEFramework::Web::WebSocket::HWebSocketLinkType", "scopeKind": "class", "description": "unavailable"}, {"name": "HWebSocketServerType(const bool binary,const bool masking,Args &&...args)", "scope": "WPEFramework::Web::WebSocket::HWebSocketServerType", "scopeKind": "class", "description": "unavailable"}, {"name": "Handler(ThisClass & parent,const bool binary,const bool masking,Args &&...args)", "scope": "WPEFramework::Web::WebSocket::HWebSocketServerType::Handler", "scopeKind": "class", "description": "unavailable"}, {"name": "HandlerType(ParentClass & parent,const bool binary,const bool masking,const uint8_t queueSize,ALLOCATOR allocator,Args &&...args)", "scope": "WPEFramework::Web::WebSocket::HWebSocketLinkType::HandlerType", "scopeKind": "class", "description": "unavailable"}, {"name": "DISABLE_WARNING_THIS_IN_MEMBER_INITIALIZER_LIST HandlerType(ParentClass & parent,const bool binary,const bool masking,const uint8_t queueSize,Args &&...args)", "scope": "WPEFramework::Web::WebSocket::HWebSocketLinkType::HandlerType", "scopeKind": "class", "description": "unavailable"}, {"name": "bool HasActivity() const", "scope": "WPEFramework::Web::WebSocket::HWebSocketLinkType", "scopeKind": "class", "description": "unavailable"}, {"name": "bool IsClosed() const", "scope": "WPEFramework::Web::WebSocket::HWebSocketServerType", "scopeKind": "class", "description": "unavailable"}, {"name": "bool IsCompleted() const", "scope": "WPEFramework::Web::WebSocket::HWebSocketServerType", "scopeKind": "class", "description": "unavailable"}, {"name": "bool IsSuspended() const", "scope": "WPEFramework::Web::WebSocket::HWebSocketServerType", "scopeKind": "class", "description": "unavailable"}, {"name": "bool IsUpgrading() const", "scope": "WPEFramework::Web::WebSocket::HWebSocketServerType", "scopeKind": "class", "description": "unavailable"}, {"name": "bool IsWebServer() const", "scope": "WPEFramework::Web::WebSocket::HWebSocketServerType", "scopeKind": "class", "description": "unavailable"}, {"name": "bool IsWebSocket() const", "scope": "WPEFramework::Web::WebSocket::HWebSocketServerType", "scopeKind": "class", "description": "unavailable"}, {"name": "const LINK & Link() const", "scope": "WPEFramework::Web::WebSocket::HWebSocketServerType", "scopeKind": "class", "description": "unavailable"}, {"name": "bool LinkBody(Core::ProxyType<INBOUND> & element)", "scope": "WPEFramework::Web::WebSocket::HWebSocketLinkType::HandlerType", "scopeKind": "class", "description": "unavailable"}, {"name": "void LinkBody(Core::ProxyType<Web::Request> & element)", "scope": "WPEFramework::Web::WebSocket::HWebSocketServerType::Handler", "scopeKind": "class", "description": "unavailable"}, {"name": "string LocalId() const", "scope": "WPEFramework::Web::WebSocket::HWebSocketLinkType", "scopeKind": "class", "description": "unavailable"}], "calls": ["Core::ProxyType<OUTBOUND>::Create()", "Core::Time::Now().Ticks()", "Core::CriticalSection::Lock()", "Core::CriticalSection::Unlock()", "Core::ProxyType<INBOUND>", "Core::ProxyType<OUTBOUND>", "\u7761\u7720\u65f6\u95f4\u51fd\u6570 SleepMs()", "LOGINFO", "ASSERT", "TRACE_L1"], "search-terms": ["WebSocket upgrade handshake", "WebSocket message serialization", "WebSocket protocol handling", "WebSocket link states", "WebSocket server connection", "Upgrade to WebSocket", "WebSocket ping/pong", "WebSocket control frames", "WebSocket frame processing", "WebSocket connection management"], "state": 2, "file_id": 1781, "knowledge_revision": 4375, "git_revision": "0f87a35b32215bc8547fb583d6c84bd51f603f69", "ctags": [{"_type": "tag", "name": "ACTIVITY", "path": "/home/kavia/workspace/code-generation/app-gateway2/__import__/extracted/app-gateway2-cga-cmf8e7ba8d/Supporting_Files/WebSocketLink.h", "pattern": "/^            ACTIVITY  = 0x10$/", "language": "C++", "kind": "enumerator", "scope": "WPEFramework::Web::WebSocket::HWebSocketLinkType::EnumlinkState", "scopeKind": "enum"}, {"_type": "tag", "name": "AbortUpgrade", "path": "/home/kavia/workspace/code-generation/app-gateway2/__import__/extracted/app-gateway2-cga-cmf8e7ba8d/Supporting_Files/WebSocketLink.h", "pattern": "/^            void AbortUpgrade(const Web::WebStatus status, const string& reason)$/", "language": "C++", "typeref": "typename:void", "kind": "function", "signature": "(const Web::WebStatus status,const string & reason)", "scope": "WPEFramework::Web::WebSocket::HWebSocketLinkType::HandlerType", "scopeKind": "class"}, {"_type": "tag", "name": "AbortUpgrade", "path": "/home/kavia/workspace/code-generation/app-gateway2/__import__/extracted/app-gateway2-cga-cmf8e7ba8d/Supporting_Files/WebSocketLink.h", "pattern": "/^        void AbortUpgrade(const Web::WebStatus status, const string& reason)$/", "language": "C++", "typeref": "typename:void", "kind": "function", "signature": "(const Web::WebStatus status,const string & reason)", "scope": "WPEFramework::Web::WebSocket::HWebSocketLinkType", "scopeKind": "class"}, {"_type": "tag", "name": "BaseClass", "path": "/home/kavia/workspace/code-generation/app-gateway2/__import__/extracted/app-gateway2-cga-cmf8e7ba8d/Supporting_Files/WebSocketLink.h", "pattern": "/^                typedef typename OUTBOUND::Serializer BaseClass;$/", "language": "C++", "typeref": "typename:OUTBOUND::Serializer", "kind": "typedef", "scope": "WPEFramework::Web::WebSocket::HWebSocketLinkType::HandlerType::SerializerImpl", "scopeKind": "class"}, {"_type": "tag", "name": "BaseClass", "path": "/home/kavia/workspace/code-generation/app-gateway2/__import__/extracted/app-gateway2-cga-cmf8e7ba8d/Supporting_Files/WebSocketLink.h", "pattern": "/^            typedef HWebSocketLinkType<ACTUALLINK, Web::Request, Web::Response, WebSocket::Reque/", "language": "C++", "typeref": "typename:HWebSocketLinkType<ACTUALLINK,Web::Request,Web::Response,WebSocket::RequestAllocator &>", "kind": "typedef", "scope": "WPEFramework::Web::WebSocket::HWebSocketServerType::Handler", "scopeKind": "class"}, {"_type": "tag", "name": "Binary", "path": "/home/kavia/workspace/code-generation/app-gateway2/__import__/extracted/app-gateway2-cga-cmf8e7ba8d/Supporting_Files/WebSocketLink.h", "pattern": "/^            bool Binary() const$/", "language": "C++", "typeref": "typename:bool", "kind": "function", "signature": "() const", "scope": "WPEFramework::Web::WebSocket::HWebSocketLinkType::HandlerType", "scopeKind": "class"}, {"_type": "tag", "name": "Binary", "path": "/home/kavia/workspace/code-generation/app-gateway2/__import__/extracted/app-gateway2-cga-cmf8e7ba8d/Supporting_Files/WebSocketLink.h", "pattern": "/^            void Binary(const bool binary)$/", "language": "C++", "typeref": "typename:void", "kind": "function", "signature": "(const bool binary)", "scope": "WPEFramework::Web::WebSocket::HWebSocketLinkType::HandlerType", "scopeKind": "class"}, {"_type": "tag", "name": "Binary", "path": "/home/kavia/workspace/code-generation/app-gateway2/__import__/extracted/app-gateway2-cga-cmf8e7ba8d/Supporting_Files/WebSocketLink.h", "pattern": "/^        bool Binary() const$/", "language": "C++", "typeref": "typename:bool", "kind": "function", "signature": "() const", "scope": "WPEFramework::Web::WebSocket::HWebSocketLinkType", "scopeKind": "class"}, {"_type": "tag", "name": "Binary", "path": "/home/kavia/workspace/code-generation/app-gateway2/__import__/extracted/app-gateway2-cga-cmf8e7ba8d/Supporting_Files/WebSocketLink.h", "pattern": "/^        bool Binary() const$/", "language": "C++", "typeref": "typename:bool", "kind": "function", "signature": "() const", "scope": "WPEFramework::Web::WebSocket::HWebSocketServerType", "scopeKind": "class"}, {"_type": "tag", "name": "Binary", "path": "/home/kavia/workspace/code-generation/app-gateway2/__import__/extracted/app-gateway2-cga-cmf8e7ba8d/Supporting_Files/WebSocketLink.h", "pattern": "/^        void Binary(const bool binary)$/", "language": "C++", "typeref": "typename:void", "kind": "function", "signature": "(const bool binary)", "scope": "WPEFramework::Web::WebSocket::HWebSocketLinkType", "scopeKind": "class"}, {"_type": "tag", "name": "Binary", "path": "/home/kavia/workspace/code-generation/app-gateway2/__import__/extracted/app-gateway2-cga-cmf8e7ba8d/Supporting_Files/WebSocketLink.h", "pattern": "/^        void Binary(const bool binary)$/", "language": "C++", "typeref": "typename:void", "kind": "function", "signature": "(const bool binary)", "scope": "WPEFramework::Web::WebSocket::HWebSocketServerType", "scopeKind": "class"}, {"_type": "tag", "name": "CheckForClose", "path": "/home/kavia/workspace/code-generation/app-gateway2/__import__/extracted/app-gateway2-cga-cmf8e7ba8d/Supporting_Files/WebSocketLink.h", "pattern": "/^            uint32_t CheckForClose(uint32_t waitTime)$/", "language": "C++", "typeref": "typename:uint32_t", "kind": "function", "signature": "(uint32_t waitTime)", "scope": "WPEFramework::Web::WebSocket::HWebSocketLinkType::HandlerType", "scopeKind": "class"}, {"_type": "tag", "name": "Close", "path": "/home/kavia/workspace/code-generation/app-gateway2/__import__/extracted/app-gateway2-cga-cmf8e7ba8d/Supporting_Files/WebSocketLink.h", "pattern": "/^            uint32_t Close(const uint32_t waitTime)$/", "language": "C++", "typeref": "typename:uint32_t", "kind": "function", "signature": "(const uint32_t waitTime)", "scope": "WPEFramework::Web::WebSocket::HWebSocketLinkType::HandlerType", "scopeKind": "class"}, {"_type": "tag", "name": "Close", "path": "/home/kavia/workspace/code-generation/app-gateway2/__import__/extracted/app-gateway2-cga-cmf8e7ba8d/Supporting_Files/WebSocketLink.h", "pattern": "/^        uint32_t Close(const uint32_t waitTime)$/", "language": "C++", "typeref": "typename:uint32_t", "kind": "function", "signature": "(const uint32_t waitTime)", "scope": "WPEFramework::Web::WebSocket::HWebSocketLinkType", "scopeKind": "class"}, {"_type": "tag", "name": "Close", "path": "/home/kavia/workspace/code-generation/app-gateway2/__import__/extracted/app-gateway2-cga-cmf8e7ba8d/Supporting_Files/WebSocketLink.h", "pattern": "/^        uint32_t Close(const uint32_t waitTime)$/", "language": "C++", "typeref": "typename:uint32_t", "kind": "function", "signature": "(const uint32_t waitTime)", "scope": "WPEFramework::Web::WebSocket::HWebSocketServerType", "scopeKind": "class"}, {"_type": "tag", "name": "Deserialized", "path": "/home/kavia/workspace/code-generation/app-gateway2/__import__/extracted/app-gateway2-cga-cmf8e7ba8d/Supporting_Files/WebSocketLink.h", "pattern": "/^                virtual void Deserialized(typename INBOUND::BaseElement& element)$/", "language": "C++", "typeref": "typename:void", "kind": "function", "signature": "(typename INBOUND::BaseElement & element)", "scope": "WPEFramework::Web::WebSocket::HWebSocketLinkType::HandlerType::DeserializerImpl", "scopeKind": "class"}, {"_type": "tag", "name": "Deserialized", "path": "/home/kavia/workspace/code-generation/app-gateway2/__import__/extracted/app-gateway2-cga-cmf8e7ba8d/Supporting_Files/WebSocketLink.h", "pattern": "/^            void Deserialized(Core::ProxyType<INBOUND>& element)$/", "language": "C++", "typeref": "typename:void", "kind": "function", "signature": "(Core::ProxyType<INBOUND> & element)", "scope": "WPEFramework::Web::WebSocket::HWebSocketLinkType::HandlerType", "scopeKind": "class"}, {"_type": "tag", "name": "DeserializerImpl", "path": "/home/kavia/workspace/code-generation/app-gateway2/__import__/extracted/app-gateway2-cga-cmf8e7ba8d/Supporting_Files/WebSocketLink.h", "pattern": "/^                DeserializerImpl(ThisClass& parent, ALLOCATOR allocator)$/", "language": "C++", "kind": "function", "signature": "(ThisClass & parent,ALLOCATOR allocator)", "scope": "WPEFramework::Web::WebSocket::HWebSocketLinkType::HandlerType::DeserializerImpl", "scopeKind": "class"}, {"_type": "tag", "name": "DeserializerImpl", "path": "/home/kavia/workspace/code-generation/app-gateway2/__import__/extracted/app-gateway2-cga-cmf8e7ba8d/Supporting_Files/WebSocketLink.h", "pattern": "/^                DeserializerImpl(ThisClass& parent, const uint8_t queueSize)$/", "language": "C++", "kind": "function", "signature": "(ThisClass & parent,const uint8_t queueSize)", "scope": "WPEFramework::Web::WebSocket::HWebSocketLinkType::HandlerType::DeserializerImpl", "scopeKind": "class"}, {"_type": "tag", "name": "DeserializerImpl", "path": "/home/kavia/workspace/code-generation/app-gateway2/__import__/extracted/app-gateway2-cga-cmf8e7ba8d/Supporting_Files/WebSocketLink.h", "pattern": "/^            class DeserializerImpl : public INBOUND::Deserializer {$/", "language": "C++", "kind": "class", "scope": "WPEFramework::Web::WebSocket::HWebSocketLinkType::HandlerType", "scopeKind": "class"}, {"_type": "tag", "name": "Element", "path": "/home/kavia/workspace/code-generation/app-gateway2/__import__/extracted/app-gateway2-cga-cmf8e7ba8d/Supporting_Files/WebSocketLink.h", "pattern": "/^                virtual typename INBOUND::BaseElement* Element()$/", "language": "C++", "typeref": "typename:INBOUND::BaseElement *", "kind": "function", "signature": "()", "scope": "WPEFramework::Web::WebSocket::HWebSocketLinkType::HandlerType::DeserializerImpl", "scopeKind": "class"}, {"_type": "tag", "name": "EnumlinkState", "path": "/home/kavia/workspace/code-generation/app-gateway2/__import__/extracted/app-gateway2-cga-cmf8e7ba8d/Supporting_Files/WebSocketLink.h", "pattern": "/^        enum EnumlinkState : uint8_t {$/", "language": "C++", "typeref": "typename:uint8_t", "kind": "enum", "scope": "WPEFramework::Web::WebSocket::HWebSocketLinkType", "scopeKind": "class"}, {"_type": "tag", "name": "Flush", "path": "/home/kavia/workspace/code-generation/app-gateway2/__import__/extracted/app-gateway2-cga-cmf8e7ba8d/Supporting_Files/WebSocketLink.h", "pattern": "/^                void Flush()$/", "language": "C++", "typeref": "typename:void", "kind": "function", "signature": "()", "scope": "WPEFramework::Web::WebSocket::HWebSocketLinkType::HandlerType::SerializerImpl", "scopeKind": "class"}, {"_type": "tag", "name": "Flush", "path": "/home/kavia/workspace/code-generation/app-gateway2/__import__/extracted/app-gateway2-cga-cmf8e7ba8d/Supporting_Files/WebSocketLink.h", "pattern": "/^        void Flush()$/", "language": "C++", "typeref": "typename:void", "kind": "function", "signature": "()", "scope": "WPEFramework::Web::WebSocket::HWebSocketLinkType", "scopeKind": "class"}, {"_type": "tag", "name": "HWebSocketLinkType", "path": "/home/kavia/workspace/code-generation/app-gateway2/__import__/extracted/app-gateway2-cga-cmf8e7ba8d/Supporting_Files/WebSocketLink.h", "pattern": "/^        HWebSocketLinkType(const bool binary, const bool masking, const uint8_t queueSize, ALLOC/", "language": "C++", "kind": "function", "signature": "(const bool binary,const bool masking,const uint8_t queueSize,ALLOCATOR allocator,Args &&...args)", "scope": "WPEFramework::Web::WebSocket::HWebSocketLinkType", "scopeKind": "class"}, {"_type": "tag", "name": "HWebSocketLinkType", "path": "/home/kavia/workspace/code-generation/app-gateway2/__import__/extracted/app-gateway2-cga-cmf8e7ba8d/Supporting_Files/WebSocketLink.h", "pattern": "/^        HWebSocketLinkType(const bool binary, const bool masking, const uint8_t queueSize, Args&/", "language": "C++", "typeref": "typename:DISABLE_WARNING_THIS_IN_MEMBER_INITIALIZER_LIST", "kind": "function", "signature": "(const bool binary,const bool masking,const uint8_t queueSize,Args &&...args)", "scope": "WPEFramework::Web::WebSocket::HWebSocketLinkType", "scopeKind": "class"}, {"_type": "tag", "name": "HWebSocketLinkType", "path": "/home/kavia/workspace/code-generation/app-gateway2/__import__/extracted/app-gateway2-cga-cmf8e7ba8d/Supporting_Files/WebSocketLink.h", "pattern": "/^    class HWebSocketLinkType {$/", "language": "C++", "kind": "class", "scope": "WPEFramework::Web::WebSocket", "scopeKind": "namespace"}, {"_type": "tag", "name": "HWebSocketServerType", "path": "/home/kavia/workspace/code-generation/app-gateway2/__import__/extracted/app-gateway2-cga-cmf8e7ba8d/Supporting_Files/WebSocketLink.h", "pattern": "/^        HWebSocketServerType(const bool binary, const bool masking, Args&&... args)$/", "language": "C++", "kind": "function", "signature": "(const bool binary,const bool masking,Args &&...args)", "scope": "WPEFramework::Web::WebSocket::HWebSocketServerType", "scopeKind": "class"}, {"_type": "tag", "name": "HWebSocketServerType", "path": "/home/kavia/workspace/code-generation/app-gateway2/__import__/extracted/app-gateway2-cga-cmf8e7ba8d/Supporting_Files/WebSocketLink.h", "pattern": "/^    class HWebSocketServerType {$/", "language": "C++", "kind": "class", "scope": "WPEFramework::Web::WebSocket", "scopeKind": "namespace"}, {"_type": "tag", "name": "Handler", "path": "/home/kavia/workspace/code-generation/app-gateway2/__import__/extracted/app-gateway2-cga-cmf8e7ba8d/Supporting_Files/WebSocketLink.h", "pattern": "/^            Handler(ThisClass& parent, const bool binary, const bool masking, Args&&... args)$/", "language": "C++", "kind": "function", "signature": "(ThisClass & parent,const bool binary,const bool masking,Args &&...args)", "scope": "WPEFramework::Web::WebSocket::HWebSocketServerType::Handler", "scopeKind": "class"}, {"_type": "tag", "name": "Handler", "path": "/home/kavia/workspace/code-generation/app-gateway2/__import__/extracted/app-gateway2-cga-cmf8e7ba8d/Supporting_Files/WebSocketLink.h", "pattern": "/^        class Handler : public HWebSocketLinkType<ACTUALLINK, Web::Request, Web::Response, WebSo/", "language": "C++", "kind": "class", "scope": "WPEFramework::Web::WebSocket::HWebSocketServerType", "scopeKind": "class"}, {"_type": "tag", "name": "HandlerType", "path": "/home/kavia/workspace/code-generation/app-gateway2/__import__/extracted/app-gateway2-cga-cmf8e7ba8d/Supporting_Files/WebSocketLink.h", "pattern": "/^            HandlerType(ParentClass& parent, const bool binary, const bool masking, const uint8_/", "language": "C++", "kind": "function", "signature": "(ParentClass & parent,const bool binary,const bool masking,const uint8_t queueSize,ALLOCATOR allocator,Args &&...args)", "scope": "WPEFramework::Web::WebSocket::HWebSocketLinkType::HandlerType", "scopeKind": "class"}, {"_type": "tag", "name": "HandlerType", "path": "/home/kavia/workspace/code-generation/app-gateway2/__import__/extracted/app-gateway2-cga-cmf8e7ba8d/Supporting_Files/WebSocketLink.h", "pattern": "/^            HandlerType(ParentClass& parent, const bool binary, const bool masking, const uint8_/", "language": "C++", "typeref": "typename:DISABLE_WARNING_THIS_IN_MEMBER_INITIALIZER_LIST", "kind": "function", "signature": "(ParentClass & parent,const bool binary,const bool masking,const uint8_t queueSize,Args &&...args)", "scope": "WPEFramework::Web::WebSocket::HWebSocketLinkType::HandlerType", "scopeKind": "class"}, {"_type": "tag", "name": "HandlerType", "path": "/home/kavia/workspace/code-generation/app-gateway2/__import__/extracted/app-gateway2-cga-cmf8e7ba8d/Supporting_Files/WebSocketLink.h", "pattern": "/^        class HandlerType : public ACTUALLINK {$/", "language": "C++", "kind": "class", "scope": "WPEFramework::Web::WebSocket::HWebSocketLinkType", "scopeKind": "class"}, {"_type": "tag", "name": "HasActivity", "path": "/home/kavia/workspace/code-generation/app-gateway2/__import__/extracted/app-gateway2-cga-cmf8e7ba8d/Supporting_Files/WebSocketLink.h", "pattern": "/^            bool HasActivity() const$/", "language": "C++", "typeref": "typename:bool", "kind": "function", "signature": "() const", "scope": "WPEFramework::Web::WebSocket::HWebSocketLinkType::HandlerType", "scopeKind": "class"}, {"_type": "tag", "name": "HasActivity", "path": "/home/kavia/workspace/code-generation/app-gateway2/__import__/extracted/app-gateway2-cga-cmf8e7ba8d/Supporting_Files/WebSocketLink.h", "pattern": "/^        bool HasActivity() const$/", "language": "C++", "typeref": "typename:bool", "kind": "function", "signature": "() const", "scope": "WPEFramework::Web::WebSocket::HWebSocketLinkType", "scopeKind": "class"}, {"_type": "tag", "name": "IsClosed", "path": "/home/kavia/workspace/code-generation/app-gateway2/__import__/extracted/app-gateway2-cga-cmf8e7ba8d/Supporting_Files/WebSocketLink.h", "pattern": "/^            bool IsClosed() const$/", "language": "C++", "typeref": "typename:bool", "kind": "function", "signature": "() const", "scope": "WPEFramework::Web::WebSocket::HWebSocketLinkType::HandlerType", "scopeKind": "class"}, {"_type": "tag", "name": "IsClosed", "path": "/home/kavia/workspace/code-generation/app-gateway2/__import__/extracted/app-gateway2-cga-cmf8e7ba8d/Supporting_Files/WebSocketLink.h", "pattern": "/^        bool IsClosed() const$/", "language": "C++", "typeref": "typename:bool", "kind": "function", "signature": "() const", "scope": "WPEFramework::Web::WebSocket::HWebSocketLinkType", "scopeKind": "class"}, {"_type": "tag", "name": "IsClosed", "path": "/home/kavia/workspace/code-generation/app-gateway2/__import__/extracted/app-gateway2-cga-cmf8e7ba8d/Supporting_Files/WebSocketLink.h", "pattern": "/^        bool IsClosed() const$/", "language": "C++", "typeref": "typename:bool", "kind": "function", "signature": "() const", "scope": "WPEFramework::Web::WebSocket::HWebSocketServerType", "scopeKind": "class"}, {"_type": "tag", "name": "IsCompleted", "path": "/home/kavia/workspace/code-generation/app-gateway2/__import__/extracted/app-gateway2-cga-cmf8e7ba8d/Supporting_Files/WebSocketLink.h", "pattern": "/^            bool IsCompleted() const$/", "language": "C++", "typeref": "typename:bool", "kind": "function", "signature": "() const", "scope": "WPEFramework::Web::WebSocket::HWebSocketLinkType::HandlerType", "scopeKind": "class"}, {"_type": "tag", "name": "IsCompleted", "path": "/home/kavia/workspace/code-generation/app-gateway2/__import__/extracted/app-gateway2-cga-cmf8e7ba8d/Supporting_Files/WebSocketLink.h", "pattern": "/^        bool IsCompleted() const$/", "language": "C++", "typeref": "typename:bool", "kind": "function", "signature": "() const", "scope": "WPEFramework::Web::WebSocket::HWebSocketLinkType", "scopeKind": "class"}, {"_type": "tag", "name": "IsCompleted", "path": "/home/kavia/workspace/code-generation/app-gateway2/__import__/extracted/app-gateway2-cga-cmf8e7ba8d/Supporting_Files/WebSocketLink.h", "pattern": "/^        bool IsCompleted() const$/", "language": "C++", "typeref": "typename:bool", "kind": "function", "signature": "() const", "scope": "WPEFramework::Web::WebSocket::HWebSocketServerType", "scopeKind": "class"}, {"_type": "tag", "name": "IsIdle", "path": "/home/kavia/workspace/code-generation/app-gateway2/__import__/extracted/app-gateway2-cga-cmf8e7ba8d/Supporting_Files/WebSocketLink.h", "pattern": "/^                bool IsIdle() const$/", "language": "C++", "typeref": "typename:bool", "kind": "function", "signature": "() const", "scope": "WPEFramework::Web::WebSocket::HWebSocketLinkType::HandlerType::DeserializerImpl", "scopeKind": "class"}, {"_type": "tag", "name": "IsIdle", "path": "/home/kavia/workspace/code-generation/app-gateway2/__import__/extracted/app-gateway2-cga-cmf8e7ba8d/Supporting_Files/WebSocketLink.h", "pattern": "/^                bool IsIdle() const$/", "language": "C++", "typeref": "typename:bool", "kind": "function", "signature": "() const", "scope": "WPEFramework::Web::WebSocket::HWebSocketLinkType::HandlerType::SerializerImpl", "scopeKind": "class"}, {"_type": "tag", "name": "IsIdle", "path": "/home/kavia/workspace/code-generation/app-gateway2/__import__/extracted/app-gateway2-cga-cmf8e7ba8d/Supporting_Files/WebSocketLink.h", "pattern": "/^            bool IsIdle() const override$/", "language": "C++", "typeref": "typename:bool", "kind": "function", "signature": "() const", "scope": "WPEFramework::Web::WebSocket::HWebSocketServerType::Handler", "scopeKind": "class"}, {"_type": "tag", "name": "IsOpen", "path": "/home/kavia/workspace/code-generation/app-gateway2/__import__/extracted/app-gateway2-cga-cmf8e7ba8d/Supporting_Files/WebSocketLink.h", "pattern": "/^            bool IsOpen() const$/", "language": "C++", "typeref": "typename:bool", "kind": "function", "signature": "() const", "scope": "WPEFramework::Web::WebSocket::HWebSocketLinkType::HandlerType", "scopeKind": "class"}, {"_type": "tag", "name": "IsOpen", "path": "/home/kavia/workspace/code-generation/app-gateway2/__import__/extracted/app-gateway2-cga-cmf8e7ba8d/Supporting_Files/WebSocketLink.h", "pattern": "/^        bool IsOpen() const$/", "language": "C++", "typeref": "typename:bool", "kind": "function", "signature": "() const", "scope": "WPEFramework::Web::WebSocket::HWebSocketLinkType", "scopeKind": "class"}, {"_type": "tag", "name": "IsOpen", "path": "/home/kavia/workspace/code-generation/app-gateway2/__import__/extracted/app-gateway2-cga-cmf8e7ba8d/Supporting_Files/WebSocketLink.h", "pattern": "/^        bool IsOpen() const$/", "language": "C++", "typeref": "typename:bool", "kind": "function", "signature": "() const", "scope": "WPEFramework::Web::WebSocket::HWebSocketServerType", "scopeKind": "class"}, {"_type": "tag", "name": "IsSuspended", "path": "/home/kavia/workspace/code-generation/app-gateway2/__import__/extracted/app-gateway2-cga-cmf8e7ba8d/Supporting_Files/WebSocketLink.h", "pattern": "/^            bool IsSuspended() const$/", "language": "C++", "typeref": "typename:bool", "kind": "function", "signature": "() const", "scope": "WPEFramework::Web::WebSocket::HWebSocketLinkType::HandlerType", "scopeKind": "class"}, {"_type": "tag", "name": "IsSuspended", "path": "/home/kavia/workspace/code-generation/app-gateway2/__import__/extracted/app-gateway2-cga-cmf8e7ba8d/Supporting_Files/WebSocketLink.h", "pattern": "/^        bool IsSuspended() const$/", "language": "C++", "typeref": "typename:bool", "kind": "function", "signature": "() const", "scope": "WPEFramework::Web::WebSocket::HWebSocketLinkType", "scopeKind": "class"}, {"_type": "tag", "name": "IsSuspended", "path": "/home/kavia/workspace/code-generation/app-gateway2/__import__/extracted/app-gateway2-cga-cmf8e7ba8d/Supporting_Files/WebSocketLink.h", "pattern": "/^        bool IsSuspended() const$/", "language": "C++", "typeref": "typename:bool", "kind": "function", "signature": "() const", "scope": "WPEFramework::Web::WebSocket::HWebSocketServerType", "scopeKind": "class"}, {"_type": "tag", "name": "IsUpgrading", "path": "/home/kavia/workspace/code-generation/app-gateway2/__import__/extracted/app-gateway2-cga-cmf8e7ba8d/Supporting_Files/WebSocketLink.h", "pattern": "/^            bool IsUpgrading() const$/", "language": "C++", "typeref": "typename:bool", "kind": "function", "signature": "() const", "scope": "WPEFramework::Web::WebSocket::HWebSocketLinkType::HandlerType", "scopeKind": "class"}, {"_type": "tag", "name": "IsUpgrading", "path": "/home/kavia/workspace/code-generation/app-gateway2/__import__/extracted/app-gateway2-cga-cmf8e7ba8d/Supporting_Files/WebSocketLink.h", "pattern": "/^        bool IsUpgrading() const$/", "language": "C++", "typeref": "typename:bool", "kind": "function", "signature": "() const", "scope": "WPEFramework::Web::WebSocket::HWebSocketLinkType", "scopeKind": "class"}, {"_type": "tag", "name": "IsUpgrading", "path": "/home/kavia/workspace/code-generation/app-gateway2/__import__/extracted/app-gateway2-cga-cmf8e7ba8d/Supporting_Files/WebSocketLink.h", "pattern": "/^        bool IsUpgrading() const$/", "language": "C++", "typeref": "typename:bool", "kind": "function", "signature": "() const", "scope": "WPEFramework::Web::WebSocket::HWebSocketServerType", "scopeKind": "class"}, {"_type": "tag", "name": "IsWebServer", "path": "/home/kavia/workspace/code-generation/app-gateway2/__import__/extracted/app-gateway2-cga-cmf8e7ba8d/Supporting_Files/WebSocketLink.h", "pattern": "/^            bool IsWebServer() const$/", "language": "C++", "typeref": "typename:bool", "kind": "function", "signature": "() const", "scope": "WPEFramework::Web::WebSocket::HWebSocketLinkType::HandlerType", "scopeKind": "class"}, {"_type": "tag", "name": "IsWebServer", "path": "/home/kavia/workspace/code-generation/app-gateway2/__import__/extracted/app-gateway2-cga-cmf8e7ba8d/Supporting_Files/WebSocketLink.h", "pattern": "/^        bool IsWebServer() const$/", "language": "C++", "typeref": "typename:bool", "kind": "function", "signature": "() const", "scope": "WPEFramework::Web::WebSocket::HWebSocketLinkType", "scopeKind": "class"}, {"_type": "tag", "name": "IsWebServer", "path": "/home/kavia/workspace/code-generation/app-gateway2/__import__/extracted/app-gateway2-cga-cmf8e7ba8d/Supporting_Files/WebSocketLink.h", "pattern": "/^        bool IsWebServer() const$/", "language": "C++", "typeref": "typename:bool", "kind": "function", "signature": "() const", "scope": "WPEFramework::Web::WebSocket::HWebSocketServerType", "scopeKind": "class"}, {"_type": "tag", "name": "IsWebSocket", "path": "/home/kavia/workspace/code-generation/app-gateway2/__import__/extracted/app-gateway2-cga-cmf8e7ba8d/Supporting_Files/WebSocketLink.h", "pattern": "/^            bool IsWebSocket() const$/", "language": "C++", "typeref": "typename:bool", "kind": "function", "signature": "() const", "scope": "WPEFramework::Web::WebSocket::HWebSocketLinkType::HandlerType", "scopeKind": "class"}, {"_type": "tag", "name": "IsWebSocket", "path": "/home/kavia/workspace/code-generation/app-gateway2/__import__/extracted/app-gateway2-cga-cmf8e7ba8d/Supporting_Files/WebSocketLink.h", "pattern": "/^        bool IsWebSocket() const$/", "language": "C++", "typeref": "typename:bool", "kind": "function", "signature": "() const", "scope": "WPEFramework::Web::WebSocket::HWebSocketLinkType", "scopeKind": "class"}, {"_type": "tag", "name": "IsWebSocket", "path": "/home/kavia/workspace/code-generation/app-gateway2/__import__/extracted/app-gateway2-cga-cmf8e7ba8d/Supporting_Files/WebSocketLink.h", "pattern": "/^        bool IsWebSocket() const$/", "language": "C++", "typeref": "typename:bool", "kind": "function", "signature": "() const", "scope": "WPEFramework::Web::WebSocket::HWebSocketServerType", "scopeKind": "class"}, {"_type": "tag", "name": "Link", "path": "/home/kavia/workspace/code-generation/app-gateway2/__import__/extracted/app-gateway2-cga-cmf8e7ba8d/Supporting_Files/WebSocketLink.h", "pattern": "/^        LINK& Link()$/", "language": "C++", "typeref": "typename:LINK &", "kind": "function", "signature": "()", "scope": "WPEFramework::Web::WebSocket::HWebSocketLinkType", "scopeKind": "class"}, {"_type": "tag", "name": "Link", "path": "/home/kavia/workspace/code-generation/app-gateway2/__import__/extracted/app-gateway2-cga-cmf8e7ba8d/Supporting_Files/WebSocketLink.h", "pattern": "/^        LINK& Link()$/", "language": "C++", "typeref": "typename:LINK &", "kind": "function", "signature": "()", "scope": "WPEFramework::Web::WebSocket::HWebSocketServerType", "scopeKind": "class"}, {"_type": "tag", "name": "Link", "path": "/home/kavia/workspace/code-generation/app-gateway2/__import__/extracted/app-gateway2-cga-cmf8e7ba8d/Supporting_Files/WebSocketLink.h", "pattern": "/^        const LINK& Link() const$/", "language": "C++", "typeref": "typename:const LINK &", "kind": "function", "signature": "() const", "scope": "WPEFramework::Web::WebSocket::HWebSocketLinkType", "scopeKind": "class"}, {"_type": "tag", "name": "Link", "path": "/home/kavia/workspace/code-generation/app-gateway2/__import__/extracted/app-gateway2-cga-cmf8e7ba8d/Supporting_Files/WebSocketLink.h", "pattern": "/^        const LINK& Link() const$/", "language": "C++", "typeref": "typename:const LINK &", "kind": "function", "signature": "() const", "scope": "WPEFramework::Web::WebSocket::HWebSocketServerType", "scopeKind": "class"}, {"_type": "tag", "name": "LinkBody", "path": "/home/kavia/workspace/code-generation/app-gateway2/__import__/extracted/app-gateway2-cga-cmf8e7ba8d/Supporting_Files/WebSocketLink.h", "pattern": "/^                virtual bool LinkBody(typename INBOUND::BaseElement& element)$/", "language": "C++", "typeref": "typename:bool", "kind": "function", "signature": "(typename INBOUND::BaseElement & element)", "scope": "WPEFramework::Web::WebSocket::HWebSocketLinkType::HandlerType::DeserializerImpl", "scopeKind": "class"}, {"_type": "tag", "name": "LinkBody", "path": "/home/kavia/workspace/code-generation/app-gateway2/__import__/extracted/app-gateway2-cga-cmf8e7ba8d/Supporting_Files/WebSocketLink.h", "pattern": "/^            bool LinkBody(Core::ProxyType<INBOUND>& element)$/", "language": "C++", "typeref": "typename:bool", "kind": "function", "signature": "(Core::ProxyType<INBOUND> & element)", "scope": "WPEFramework::Web::WebSocket::HWebSocketLinkType::HandlerType", "scopeKind": "class"}, {"_type": "tag", "name": "LinkBody", "path": "/home/kavia/workspace/code-generation/app-gateway2/__import__/extracted/app-gateway2-cga-cmf8e7ba8d/Supporting_Files/WebSocketLink.h", "pattern": "/^            void LinkBody(Core::ProxyType<Web::Request>& element) override$/", "language": "C++", "typeref": "typename:void", "kind": "function", "signature": "(Core::ProxyType<Web::Request> & element)", "scope": "WPEFramework::Web::WebSocket::HWebSocketServerType::Handler", "scopeKind": "class"}, {"_type": "tag", "name": "LocalId", "path": "/home/kavia/workspace/code-generation/app-gateway2/__import__/extracted/app-gateway2-cga-cmf8e7ba8d/Supporting_Files/WebSocketLink.h", "pattern": "/^        string LocalId() const$/", "language": "C++", "typeref": "typename:string", "kind": "function", "signature": "() const", "scope": "WPEFramework::Web::WebSocket::HWebSocketLinkType", "scopeKind": "class"}], "hash": "843878943f53bf852988ac342ac385a0", "format-version": 4, "code-base-name": "app-gateway2", "filename": "__import__/extracted/app-gateway2-cga-cmf8e7ba8d/Supporting_Files/WebSocketLink.h", "revision_history": [{"4375": "0f87a35b32215bc8547fb583d6c84bd51f603f69"}]}