{"is_source_file": true, "format": "C++", "description": "Header file defining classes, enums, and data structures for the Trace Control API JSON-RPC interface. The file includes definitions for trace state enums, data containers for trace information, status parameters, and results, primarily for controlling and querying trace settings.", "external_files": ["<core/JSON.h>", "<core/Enumerate.h>"], "external_methods": [], "published": ["JsonData::TraceControl::StateType", "JsonData::TraceControl::TraceInfo", "JsonData::TraceControl::StatusParamsData", "JsonData::TraceControl::StatusResultData"], "classes": [{"name": "TraceInfo", "description": "Container class representing information about a trace module and category, including its current state."}, {"name": "StatusParamsData", "description": "Container class for parameters used to request the status of a trace category within a module."}, {"name": "StatusResultData", "description": "Container class representing the status and configuration of a trace category, including nested RemoteData for connection details."}, {"name": "RemoteData", "description": "Nested class within StatusResultData, holding remote connection details such as port and binding."}], "methods": [{"name": "bool IsValid() const", "description": "Method to validate the container's contents. Currently always returns true.", "scope": "WPEFramework::JsonData::TraceControl::TraceInfo", "scopeKind": "class"}, {"name": "RemoteData()", "scope": "WPEFramework::JsonData::TraceControl::StatusResultData::RemoteData", "scopeKind": "class", "description": "unavailable"}, {"name": "StatusParamsData()", "scope": "WPEFramework::JsonData::TraceControl::StatusParamsData", "scopeKind": "class", "description": "unavailable"}, {"name": "StatusResultData()", "scope": "WPEFramework::JsonData::TraceControl::StatusResultData", "scopeKind": "class", "description": "unavailable"}, {"name": "TraceInfo()", "scope": "WPEFramework::JsonData::TraceControl::TraceInfo", "scopeKind": "class", "description": "unavailable"}, {"name": "TraceInfo(const TraceInfo & _other)", "scope": "WPEFramework::JsonData::TraceControl::TraceInfo", "scopeKind": "class", "description": "unavailable"}, {"name": "void _Init()", "scope": "WPEFramework::JsonData::TraceControl::TraceInfo", "scopeKind": "class", "description": "unavailable"}, {"name": "TraceInfo & operator =(const TraceInfo & _rhs)", "scope": "WPEFramework::JsonData::TraceControl::TraceInfo", "scopeKind": "class", "description": "unavailable"}], "calls": [], "search-terms": ["JsonData", "TraceControl", "JSON Container classes", "TraceInfo", "StatusParamsData", "StatusResultData", "RemoteData", "enum class StateType", "Trace Control API"], "state": 2, "file_id": 1564, "knowledge_revision": 4160, "git_revision": "0f87a35b32215bc8547fb583d6c84bd51f603f69", "ctags": [{"_type": "tag", "name": "Binding", "path": "/home/kavia/workspace/code-generation/app-gateway2/__import__/extracted/app-gateway2-cga-cmf8e7ba8d/dependencies/install/include/WPEFramework/interfaces/json/JsonData_TraceControl.h", "pattern": "/^                Core::JSON::String Binding; \\/\\/ Config attribute (binding)$/", "language": "C++", "typeref": "typename:Core::JSON::String", "kind": "member", "scope": "WPEFramework::JsonData::TraceControl::StatusResultData::RemoteData", "scopeKind": "class"}, {"_type": "tag", "name": "Category", "path": "/home/kavia/workspace/code-generation/app-gateway2/__import__/extracted/app-gateway2-cga-cmf8e7ba8d/dependencies/install/include/WPEFramework/interfaces/json/JsonData_TraceControl.h", "pattern": "/^            Core::JSON::String Category; \\/\\/ Category name$/", "language": "C++", "typeref": "typename:Core::JSON::String", "kind": "member", "scope": "WPEFramework::JsonData::TraceControl::StatusParamsData", "scopeKind": "class"}, {"_type": "tag", "name": "Category", "path": "/home/kavia/workspace/code-generation/app-gateway2/__import__/extracted/app-gateway2-cga-cmf8e7ba8d/dependencies/install/include/WPEFramework/interfaces/json/JsonData_TraceControl.h", "pattern": "/^            Core::JSON::String Category; \\/\\/ Category name$/", "language": "C++", "typeref": "typename:Core::JSON::String", "kind": "member", "scope": "WPEFramework::JsonData::TraceControl::TraceInfo", "scopeKind": "class"}, {"_type": "tag", "name": "Console", "path": "/home/kavia/workspace/code-generation/app-gateway2/__import__/extracted/app-gateway2-cga-cmf8e7ba8d/dependencies/install/include/WPEFramework/interfaces/json/JsonData_TraceControl.h", "pattern": "/^            Core::JSON::Boolean Console; \\/\\/ Config attribute (Console)$/", "language": "C++", "typeref": "typename:Core::JSON::Boolean", "kind": "member", "scope": "WPEFramework::JsonData::TraceControl::StatusResultData", "scopeKind": "class"}, {"_type": "tag", "name": "DISABLED", "path": "/home/kavia/workspace/code-generation/app-gateway2/__import__/extracted/app-gateway2-cga-cmf8e7ba8d/dependencies/install/include/WPEFramework/interfaces/json/JsonData_TraceControl.h", "pattern": "/^            DISABLED,$/", "language": "C++", "kind": "enumerator", "scope": "WPEFramework::JsonData::TraceControl::StateType", "scopeKind": "enum"}, {"_type": "tag", "name": "ENABLED", "path": "/home/kavia/workspace/code-generation/app-gateway2/__import__/extracted/app-gateway2-cga-cmf8e7ba8d/dependencies/install/include/WPEFramework/interfaces/json/JsonData_TraceControl.h", "pattern": "/^            ENABLED,$/", "language": "C++", "kind": "enumerator", "scope": "WPEFramework::JsonData::TraceControl::StateType", "scopeKind": "enum"}, {"_type": "tag", "name": "IsValid", "path": "/home/kavia/workspace/code-generation/app-gateway2/__import__/extracted/app-gateway2-cga-cmf8e7ba8d/dependencies/install/include/WPEFramework/interfaces/json/JsonData_TraceControl.h", "pattern": "/^                bool IsValid() const$/", "language": "C++", "typeref": "typename:bool", "kind": "function", "signature": "() const", "scope": "WPEFramework::JsonData::TraceControl::StatusResultData::RemoteData", "scopeKind": "class"}, {"_type": "tag", "name": "IsValid", "path": "/home/kavia/workspace/code-generation/app-gateway2/__import__/extracted/app-gateway2-cga-cmf8e7ba8d/dependencies/install/include/WPEFramework/interfaces/json/JsonData_TraceControl.h", "pattern": "/^            bool IsValid() const$/", "language": "C++", "typeref": "typename:bool", "kind": "function", "signature": "() const", "scope": "WPEFramework::JsonData::TraceControl::StatusParamsData", "scopeKind": "class"}, {"_type": "tag", "name": "IsValid", "path": "/home/kavia/workspace/code-generation/app-gateway2/__import__/extracted/app-gateway2-cga-cmf8e7ba8d/dependencies/install/include/WPEFramework/interfaces/json/JsonData_TraceControl.h", "pattern": "/^            bool IsValid() const$/", "language": "C++", "typeref": "typename:bool", "kind": "function", "signature": "() const", "scope": "WPEFramework::JsonData::TraceControl::StatusResultData", "scopeKind": "class"}, {"_type": "tag", "name": "IsValid", "path": "/home/kavia/workspace/code-generation/app-gateway2/__import__/extracted/app-gateway2-cga-cmf8e7ba8d/dependencies/install/include/WPEFramework/interfaces/json/JsonData_TraceControl.h", "pattern": "/^            bool IsValid() const$/", "language": "C++", "typeref": "typename:bool", "kind": "function", "signature": "() const", "scope": "WPEFramework::JsonData::TraceControl::TraceInfo", "scopeKind": "class"}, {"_type": "tag", "name": "JsonData", "path": "/home/kavia/workspace/code-generation/app-gateway2/__import__/extracted/app-gateway2-cga-cmf8e7ba8d/dependencies/install/include/WPEFramework/interfaces/json/JsonData_TraceControl.h", "pattern": "/^namespace JsonData {$/", "language": "C++", "kind": "namespace", "scope": "WPEFramework", "scopeKind": "namespace"}, {"_type": "tag", "name": "Module", "path": "/home/kavia/workspace/code-generation/app-gateway2/__import__/extracted/app-gateway2-cga-cmf8e7ba8d/dependencies/install/include/WPEFramework/interfaces/json/JsonData_TraceControl.h", "pattern": "/^            Core::JSON::String Module; \\/\\/ Module name$/", "language": "C++", "typeref": "typename:Core::JSON::String", "kind": "member", "scope": "WPEFramework::JsonData::TraceControl::StatusParamsData", "scopeKind": "class"}, {"_type": "tag", "name": "Module", "path": "/home/kavia/workspace/code-generation/app-gateway2/__import__/extracted/app-gateway2-cga-cmf8e7ba8d/dependencies/install/include/WPEFramework/interfaces/json/JsonData_TraceControl.h", "pattern": "/^            Core::JSON::String Module; \\/\\/ Module name$/", "language": "C++", "typeref": "typename:Core::JSON::String", "kind": "member", "scope": "WPEFramework::JsonData::TraceControl::TraceInfo", "scopeKind": "class"}, {"_type": "tag", "name": "Port", "path": "/home/kavia/workspace/code-generation/app-gateway2/__import__/extracted/app-gateway2-cga-cmf8e7ba8d/dependencies/install/include/WPEFramework/interfaces/json/JsonData_TraceControl.h", "pattern": "/^                Core::JSON::DecUInt16 Port; \\/\\/ Config attribute (port)$/", "language": "C++", "typeref": "typename:Core::JSON::DecUInt16", "kind": "member", "scope": "WPEFramework::JsonData::TraceControl::StatusResultData::RemoteData", "scopeKind": "class"}, {"_type": "tag", "name": "Remote", "path": "/home/kavia/workspace/code-generation/app-gateway2/__import__/extracted/app-gateway2-cga-cmf8e7ba8d/dependencies/install/include/WPEFramework/interfaces/json/JsonData_TraceControl.h", "pattern": "/^            StatusResultData::RemoteData Remote; \\/\\/ Retrieves general information$/", "language": "C++", "typeref": "typename:StatusResultData::RemoteData", "kind": "member", "scope": "WPEFramework::JsonData::TraceControl::StatusResultData", "scopeKind": "class"}, {"_type": "tag", "name": "RemoteData", "path": "/home/kavia/workspace/code-generation/app-gateway2/__import__/extracted/app-gateway2-cga-cmf8e7ba8d/dependencies/install/include/WPEFramework/interfaces/json/JsonData_TraceControl.h", "pattern": "/^                RemoteData()$/", "language": "C++", "kind": "function", "signature": "()", "scope": "WPEFramework::JsonData::TraceControl::StatusResultData::RemoteData", "scopeKind": "class"}, {"_type": "tag", "name": "RemoteData", "path": "/home/kavia/workspace/code-generation/app-gateway2/__import__/extracted/app-gateway2-cga-cmf8e7ba8d/dependencies/install/include/WPEFramework/interfaces/json/JsonData_TraceControl.h", "pattern": "/^            class RemoteData : public Core::JSON::Container {$/", "language": "C++", "kind": "class", "scope": "WPEFramework::JsonData::TraceControl::StatusResultData", "scopeKind": "class"}, {"_type": "tag", "name": "Settings", "path": "/home/kavia/workspace/code-generation/app-gateway2/__import__/extracted/app-gateway2-cga-cmf8e7ba8d/dependencies/install/include/WPEFramework/interfaces/json/JsonData_TraceControl.h", "pattern": "/^            Core::JSON::ArrayType<TraceInfo> Settings; \\/\\/ Retrieves general information$/", "language": "C++", "typeref": "typename:Core::JSON::ArrayType<TraceInfo>", "kind": "member", "scope": "WPEFramework::JsonData::TraceControl::StatusResultData", "scopeKind": "class"}, {"_type": "tag", "name": "State", "path": "/home/kavia/workspace/code-generation/app-gateway2/__import__/extracted/app-gateway2-cga-cmf8e7ba8d/dependencies/install/include/WPEFramework/interfaces/json/JsonData_TraceControl.h", "pattern": "/^            Core::JSON::EnumType<StateType> State; \\/\\/ State value$/", "language": "C++", "typeref": "typename:Core::JSON::EnumType<StateType>", "kind": "member", "scope": "WPEFramework::JsonData::TraceControl::TraceInfo", "scopeKind": "class"}, {"_type": "tag", "name": "StateType", "path": "/home/kavia/workspace/code-generation/app-gateway2/__import__/extracted/app-gateway2-cga-cmf8e7ba8d/dependencies/install/include/WPEFramework/interfaces/json/JsonData_TraceControl.h", "pattern": "/^        enum class StateType : uint8_t {$/", "language": "C++", "typeref": "typename:uint8_t", "kind": "enum", "scope": "WPEFramework::JsonData::TraceControl", "scopeKind": "namespace"}, {"_type": "tag", "name": "StatusParamsData", "path": "/home/kavia/workspace/code-generation/app-gateway2/__import__/extracted/app-gateway2-cga-cmf8e7ba8d/dependencies/install/include/WPEFramework/interfaces/json/JsonData_TraceControl.h", "pattern": "/^            StatusParamsData()$/", "language": "C++", "kind": "function", "signature": "()", "scope": "WPEFramework::JsonData::TraceControl::StatusParamsData", "scopeKind": "class"}, {"_type": "tag", "name": "StatusParamsData", "path": "/home/kavia/workspace/code-generation/app-gateway2/__import__/extracted/app-gateway2-cga-cmf8e7ba8d/dependencies/install/include/WPEFramework/interfaces/json/JsonData_TraceControl.h", "pattern": "/^        class StatusParamsData : public Core::JSON::Container {$/", "language": "C++", "kind": "class", "scope": "WPEFramework::JsonData::TraceControl", "scopeKind": "namespace"}, {"_type": "tag", "name": "StatusResultData", "path": "/home/kavia/workspace/code-generation/app-gateway2/__import__/extracted/app-gateway2-cga-cmf8e7ba8d/dependencies/install/include/WPEFramework/interfaces/json/JsonData_TraceControl.h", "pattern": "/^            StatusResultData()$/", "language": "C++", "kind": "function", "signature": "()", "scope": "WPEFramework::JsonData::TraceControl::StatusResultData", "scopeKind": "class"}, {"_type": "tag", "name": "StatusResultData", "path": "/home/kavia/workspace/code-generation/app-gateway2/__import__/extracted/app-gateway2-cga-cmf8e7ba8d/dependencies/install/include/WPEFramework/interfaces/json/JsonData_TraceControl.h", "pattern": "/^        class StatusResultData : public Core::JSON::Container {$/", "language": "C++", "kind": "class", "scope": "WPEFramework::JsonData::TraceControl", "scopeKind": "namespace"}, {"_type": "tag", "name": "TRISTATED", "path": "/home/kavia/workspace/code-generation/app-gateway2/__import__/extracted/app-gateway2-cga-cmf8e7ba8d/dependencies/install/include/WPEFramework/interfaces/json/JsonData_TraceControl.h", "pattern": "/^            TRISTATED$/", "language": "C++", "kind": "enumerator", "scope": "WPEFramework::JsonData::TraceControl::StateType", "scopeKind": "enum"}, {"_type": "tag", "name": "TraceControl", "path": "/home/kavia/workspace/code-generation/app-gateway2/__import__/extracted/app-gateway2-cga-cmf8e7ba8d/dependencies/install/include/WPEFramework/interfaces/json/JsonData_TraceControl.h", "pattern": "/^    namespace TraceControl {$/", "language": "C++", "kind": "namespace", "scope": "WPEFramework::JsonData", "scopeKind": "namespace"}, {"_type": "tag", "name": "TraceInfo", "path": "/home/kavia/workspace/code-generation/app-gateway2/__import__/extracted/app-gateway2-cga-cmf8e7ba8d/dependencies/install/include/WPEFramework/interfaces/json/JsonData_TraceControl.h", "pattern": "/^            TraceInfo()$/", "language": "C++", "kind": "function", "signature": "()", "scope": "WPEFramework::JsonData::TraceControl::TraceInfo", "scopeKind": "class"}, {"_type": "tag", "name": "TraceInfo", "path": "/home/kavia/workspace/code-generation/app-gateway2/__import__/extracted/app-gateway2-cga-cmf8e7ba8d/dependencies/install/include/WPEFramework/interfaces/json/JsonData_TraceControl.h", "pattern": "/^            TraceInfo(const TraceInfo& _other)$/", "language": "C++", "kind": "function", "signature": "(const TraceInfo & _other)", "scope": "WPEFramework::JsonData::TraceControl::TraceInfo", "scopeKind": "class"}, {"_type": "tag", "name": "TraceInfo", "path": "/home/kavia/workspace/code-generation/app-gateway2/__import__/extracted/app-gateway2-cga-cmf8e7ba8d/dependencies/install/include/WPEFramework/interfaces/json/JsonData_TraceControl.h", "pattern": "/^        class TraceInfo : public Core::JSON::Container {$/", "language": "C++", "kind": "class", "scope": "WPEFramework::JsonData::TraceControl", "scopeKind": "namespace"}, {"_type": "tag", "name": "WPEFramework", "path": "/home/kavia/workspace/code-generation/app-gateway2/__import__/extracted/app-gateway2-cga-cmf8e7ba8d/dependencies/install/include/WPEFramework/interfaces/json/JsonData_TraceControl.h", "pattern": "/^namespace WPEFramework {$/", "language": "C++", "kind": "namespace"}, {"_type": "tag", "name": "_Init", "path": "/home/kavia/workspace/code-generation/app-gateway2/__import__/extracted/app-gateway2-cga-cmf8e7ba8d/dependencies/install/include/WPEFramework/interfaces/json/JsonData_TraceControl.h", "pattern": "/^            void _Init()$/", "language": "C++", "typeref": "typename:void", "kind": "function", "signature": "()", "scope": "WPEFramework::JsonData::TraceControl::TraceInfo", "scopeKind": "class"}, {"_type": "tag", "name": "operator =", "path": "/home/kavia/workspace/code-generation/app-gateway2/__import__/extracted/app-gateway2-cga-cmf8e7ba8d/dependencies/install/include/WPEFramework/interfaces/json/JsonData_TraceControl.h", "pattern": "/^            TraceInfo& operator=(const TraceInfo& _rhs)$/", "language": "C++", "typeref": "typename:TraceInfo &", "kind": "function", "signature": "(const TraceInfo & _rhs)", "scope": "WPEFramework::JsonData::TraceControl::TraceInfo", "scopeKind": "class"}], "hash": "b93fc07276f29e85399875abc9f26c21", "format-version": 4, "code-base-name": "app-gateway2", "filename": "__import__/extracted/app-gateway2-cga-cmf8e7ba8d/dependencies/install/include/WPEFramework/interfaces/json/JsonData_TraceControl.h", "fields": [{"name": "Core::JSON::String Binding", "scope": "WPEFramework::JsonData::TraceControl::StatusResultData::RemoteData", "scopeKind": "class", "description": "unavailable"}, {"name": "Core::JSON::String Category", "scope": "WPEFramework::JsonData::TraceControl::StatusParamsData", "scopeKind": "class", "description": "unavailable"}, {"name": "Core::JSON::Boolean Console", "scope": "WPEFramework::JsonData::TraceControl::StatusResultData", "scopeKind": "class", "description": "unavailable"}, {"name": "Core::JSON::String Module", "scope": "WPEFramework::JsonData::TraceControl::StatusParamsData", "scopeKind": "class", "description": "unavailable"}, {"name": "Core::JSON::DecUInt16 Port", "scope": "WPEFramework::JsonData::TraceControl::StatusResultData::RemoteData", "scopeKind": "class", "description": "unavailable"}, {"name": "StatusResultData::RemoteData Remote", "scope": "WPEFramework::JsonData::TraceControl::StatusResultData", "scopeKind": "class", "description": "unavailable"}, {"name": "Core::JSON::ArrayType<TraceInfo> Settings", "scope": "WPEFramework::JsonData::TraceControl::StatusResultData", "scopeKind": "class", "description": "unavailable"}, {"name": "Core::JSON::EnumType<StateType> State", "scope": "WPEFramework::JsonData::TraceControl::TraceInfo", "scopeKind": "class", "description": "unavailable"}], "revision_history": [{"4160": "0f87a35b32215bc8547fb583d6c84bd51f603f69"}]}