{"is_source_file": true, "format": "C++", "description": "This file defines C++ classes representing JSON-RPC API data structures for Bluetooth Remote Control functionality, including parameter and info data classes, and enumeration for audio codecs.", "external_files": ["<core/JSON.h>", "<core/Enumerate.h>"], "external_methods": [], "published": ["JsonData::BluetoothRemoteControl::AssignParamsData", "JsonData::BluetoothRemoteControl::AudioframeParamsData", "JsonData::BluetoothRemoteControl::AudioprofileData", "JsonData::BluetoothRemoteControl::AudiotransmissionParamsData", "JsonData::BluetoothRemoteControl::BatterylevelchangeParamsData", "JsonData::BluetoothRemoteControl::InfoData"], "classes": [{"name": "AssignParamsData", "description": "Represents parameters for assigning or pairing a Bluetooth device, includes address."}, {"name": "AudioframeParamsData", "description": "Contains data for an audio frame, including sequence number and base64-encoded data."}, {"name": "AudioprofileData", "description": "Represents an audio profile with codec type, channels, rate, and resolution."}, {"name": "AudiotransmissionParamsData", "description": "Parameters indicating start or end of audio transmission with specified profile."}, {"name": "BatterylevelchangeParamsData", "description": "Contains battery level percentage."}, {"name": "InfoData", "description": "Provides device information such as model, serial, firmware, software, manufacturer."}], "methods": [{"name": "AssignParamsData()", "scope": "WPEFramework::JsonData::BluetoothRemoteControl::AssignParamsData", "scopeKind": "class", "description": "unavailable"}, {"name": "AudioframeParamsData()", "scope": "WPEFramework::JsonData::BluetoothRemoteControl::AudioframeParamsData", "scopeKind": "class", "description": "unavailable"}, {"name": "AudioprofileData()", "scope": "WPEFramework::JsonData::BluetoothRemoteControl::AudioprofileData", "scopeKind": "class", "description": "unavailable"}, {"name": "AudiotransmissionParamsData()", "scope": "WPEFramework::JsonData::BluetoothRemoteControl::AudiotransmissionParamsData", "scopeKind": "class", "description": "unavailable"}, {"name": "BatterylevelchangeParamsData()", "scope": "WPEFramework::JsonData::BluetoothRemoteControl::BatterylevelchangeParamsData", "scopeKind": "class", "description": "unavailable"}, {"name": "InfoData()", "scope": "WPEFramework::JsonData::BluetoothRemoteControl::InfoData", "scopeKind": "class", "description": "unavailable"}, {"name": "bool IsValid() const", "scope": "WPEFramework::JsonData::BluetoothRemoteControl::InfoData", "scopeKind": "class", "description": "unavailable"}], "calls": [], "search-terms": ["BluetoothRemoteControl", "JsonData_BluetoothRemoteControl", "AssignParamsData", "AudioframeParamsData", "AudioprofileData", "AudiotransmissionParamsData", "BatterylevelchangeParamsData", "InfoData", "JSON", "json"], "state": 2, "file_id": 1628, "knowledge_revision": 4225, "git_revision": "0f87a35b32215bc8547fb583d6c84bd51f603f69", "ctags": [{"_type": "tag", "name": "ADPCM", "path": "/home/kavia/workspace/code-generation/app-gateway2/__import__/extracted/app-gateway2-cga-cmf8e7ba8d/dependencies/install/include/WPEFramework/interfaces/json/JsonData_BluetoothRemoteControl.h", "pattern": "/^                ADPCM$/", "language": "C++", "kind": "enumerator", "scope": "WPEFramework::JsonData::BluetoothRemoteControl::AudioprofileData::CodecType", "scopeKind": "enum"}, {"_type": "tag", "name": "Address", "path": "/home/kavia/workspace/code-generation/app-gateway2/__import__/extracted/app-gateway2-cga-cmf8e7ba8d/dependencies/install/include/WPEFramework/interfaces/json/JsonData_BluetoothRemoteControl.h", "pattern": "/^            Core::JSON::String Address; \\/\\/ Bluetooth address$/", "language": "C++", "typeref": "typename:Core::JSON::String", "kind": "member", "scope": "WPEFramework::JsonData::BluetoothRemoteControl::AssignParamsData", "scopeKind": "class"}, {"_type": "tag", "name": "AssignParamsData", "path": "/home/kavia/workspace/code-generation/app-gateway2/__import__/extracted/app-gateway2-cga-cmf8e7ba8d/dependencies/install/include/WPEFramework/interfaces/json/JsonData_BluetoothRemoteControl.h", "pattern": "/^            AssignParamsData()$/", "language": "C++", "kind": "function", "signature": "()", "scope": "WPEFramework::JsonData::BluetoothRemoteControl::AssignParamsData", "scopeKind": "class"}, {"_type": "tag", "name": "AssignParamsData", "path": "/home/kavia/workspace/code-generation/app-gateway2/__import__/extracted/app-gateway2-cga-cmf8e7ba8d/dependencies/install/include/WPEFramework/interfaces/json/JsonData_BluetoothRemoteControl.h", "pattern": "/^        class AssignParamsData : public Core::JSON::Container {$/", "language": "C++", "kind": "class", "scope": "WPEFramework::JsonData::BluetoothRemoteControl", "scopeKind": "namespace"}, {"_type": "tag", "name": "AudioframeParamsData", "path": "/home/kavia/workspace/code-generation/app-gateway2/__import__/extracted/app-gateway2-cga-cmf8e7ba8d/dependencies/install/include/WPEFramework/interfaces/json/JsonData_BluetoothRemoteControl.h", "pattern": "/^            AudioframeParamsData()$/", "language": "C++", "kind": "function", "signature": "()", "scope": "WPEFramework::JsonData::BluetoothRemoteControl::AudioframeParamsData", "scopeKind": "class"}, {"_type": "tag", "name": "AudioframeParamsData", "path": "/home/kavia/workspace/code-generation/app-gateway2/__import__/extracted/app-gateway2-cga-cmf8e7ba8d/dependencies/install/include/WPEFramework/interfaces/json/JsonData_BluetoothRemoteControl.h", "pattern": "/^        class AudioframeParamsData : public Core::JSON::Container {$/", "language": "C++", "kind": "class", "scope": "WPEFramework::JsonData::BluetoothRemoteControl", "scopeKind": "namespace"}, {"_type": "tag", "name": "AudioprofileData", "path": "/home/kavia/workspace/code-generation/app-gateway2/__import__/extracted/app-gateway2-cga-cmf8e7ba8d/dependencies/install/include/WPEFramework/interfaces/json/JsonData_BluetoothRemoteControl.h", "pattern": "/^            AudioprofileData()$/", "language": "C++", "kind": "function", "signature": "()", "scope": "WPEFramework::JsonData::BluetoothRemoteControl::AudioprofileData", "scopeKind": "class"}, {"_type": "tag", "name": "AudioprofileData", "path": "/home/kavia/workspace/code-generation/app-gateway2/__import__/extracted/app-gateway2-cga-cmf8e7ba8d/dependencies/install/include/WPEFramework/interfaces/json/JsonData_BluetoothRemoteControl.h", "pattern": "/^        class AudioprofileData : public Core::JSON::Container {$/", "language": "C++", "kind": "class", "scope": "WPEFramework::JsonData::BluetoothRemoteControl", "scopeKind": "namespace"}, {"_type": "tag", "name": "AudiotransmissionParamsData", "path": "/home/kavia/workspace/code-generation/app-gateway2/__import__/extracted/app-gateway2-cga-cmf8e7ba8d/dependencies/install/include/WPEFramework/interfaces/json/JsonData_BluetoothRemoteControl.h", "pattern": "/^            AudiotransmissionParamsData()$/", "language": "C++", "kind": "function", "signature": "()", "scope": "WPEFramework::JsonData::BluetoothRemoteControl::AudiotransmissionParamsData", "scopeKind": "class"}, {"_type": "tag", "name": "AudiotransmissionParamsData", "path": "/home/kavia/workspace/code-generation/app-gateway2/__import__/extracted/app-gateway2-cga-cmf8e7ba8d/dependencies/install/include/WPEFramework/interfaces/json/JsonData_BluetoothRemoteControl.h", "pattern": "/^        class AudiotransmissionParamsData : public Core::JSON::Container {$/", "language": "C++", "kind": "class", "scope": "WPEFramework::JsonData::BluetoothRemoteControl", "scopeKind": "namespace"}, {"_type": "tag", "name": "BatterylevelchangeParamsData", "path": "/home/kavia/workspace/code-generation/app-gateway2/__import__/extracted/app-gateway2-cga-cmf8e7ba8d/dependencies/install/include/WPEFramework/interfaces/json/JsonData_BluetoothRemoteControl.h", "pattern": "/^            BatterylevelchangeParamsData()$/", "language": "C++", "kind": "function", "signature": "()", "scope": "WPEFramework::JsonData::BluetoothRemoteControl::BatterylevelchangeParamsData", "scopeKind": "class"}, {"_type": "tag", "name": "BatterylevelchangeParamsData", "path": "/home/kavia/workspace/code-generation/app-gateway2/__import__/extracted/app-gateway2-cga-cmf8e7ba8d/dependencies/install/include/WPEFramework/interfaces/json/JsonData_BluetoothRemoteControl.h", "pattern": "/^        class BatterylevelchangeParamsData : public Core::JSON::Container {$/", "language": "C++", "kind": "class", "scope": "WPEFramework::JsonData::BluetoothRemoteControl", "scopeKind": "namespace"}, {"_type": "tag", "name": "BluetoothRemoteControl", "path": "/home/kavia/workspace/code-generation/app-gateway2/__import__/extracted/app-gateway2-cga-cmf8e7ba8d/dependencies/install/include/WPEFramework/interfaces/json/JsonData_BluetoothRemoteControl.h", "pattern": "/^    namespace BluetoothRemoteControl {$/", "language": "C++", "kind": "namespace", "scope": "WPEFramework::JsonData", "scopeKind": "namespace"}, {"_type": "tag", "name": "Channels", "path": "/home/kavia/workspace/code-generation/app-gateway2/__import__/extracted/app-gateway2-cga-cmf8e7ba8d/dependencies/install/include/WPEFramework/interfaces/json/JsonData_BluetoothRemoteControl.h", "pattern": "/^            Core::JSON::DecUInt8 Channels; \\/\\/ Number of audio channels (1: mono, 2: stereo, et/", "language": "C++", "typeref": "typename:Core::JSON::DecUInt8", "kind": "member", "scope": "WPEFramework::JsonData::BluetoothRemoteControl::AudioprofileData", "scopeKind": "class"}, {"_type": "tag", "name": "Codec", "path": "/home/kavia/workspace/code-generation/app-gateway2/__import__/extracted/app-gateway2-cga-cmf8e7ba8d/dependencies/install/include/WPEFramework/interfaces/json/JsonData_BluetoothRemoteControl.h", "pattern": "/^            Core::JSON::EnumType<AudioprofileData::CodecType> Codec; \\/\\/ Name of the audio code/", "language": "C++", "typeref": "typename:Core::JSON::EnumType<AudioprofileData::CodecType>", "kind": "member", "scope": "WPEFramework::JsonData::BluetoothRemoteControl::AudioprofileData", "scopeKind": "class"}, {"_type": "tag", "name": "CodecType", "path": "/home/kavia/workspace/code-generation/app-gateway2/__import__/extracted/app-gateway2-cga-cmf8e7ba8d/dependencies/install/include/WPEFramework/interfaces/json/JsonData_BluetoothRemoteControl.h", "pattern": "/^            enum class CodecType : uint8_t {$/", "language": "C++", "typeref": "typename:uint8_t", "kind": "enum", "scope": "WPEFramework::JsonData::BluetoothRemoteControl::AudioprofileData", "scopeKind": "class"}, {"_type": "tag", "name": "Data", "path": "/home/kavia/workspace/code-generation/app-gateway2/__import__/extracted/app-gateway2-cga-cmf8e7ba8d/dependencies/install/include/WPEFramework/interfaces/json/JsonData_BluetoothRemoteControl.h", "pattern": "/^            Core::JSON::String Data; \\/\\/ Base64 representation of the binary data of the audio /", "language": "C++", "typeref": "typename:Core::JSON::String", "kind": "member", "scope": "WPEFramework::JsonData::BluetoothRemoteControl::AudioframeParamsData", "scopeKind": "class"}, {"_type": "tag", "name": "Firmware", "path": "/home/kavia/workspace/code-generation/app-gateway2/__import__/extracted/app-gateway2-cga-cmf8e7ba8d/dependencies/install/include/WPEFramework/interfaces/json/JsonData_BluetoothRemoteControl.h", "pattern": "/^            Core::JSON::String Firmware; \\/\\/ Unit firmware revision$/", "language": "C++", "typeref": "typename:Core::JSON::String", "kind": "member", "scope": "WPEFramework::JsonData::BluetoothRemoteControl::InfoData", "scopeKind": "class"}, {"_type": "tag", "name": "InfoData", "path": "/home/kavia/workspace/code-generation/app-gateway2/__import__/extracted/app-gateway2-cga-cmf8e7ba8d/dependencies/install/include/WPEFramework/interfaces/json/JsonData_BluetoothRemoteControl.h", "pattern": "/^            InfoData()$/", "language": "C++", "kind": "function", "signature": "()", "scope": "WPEFramework::JsonData::BluetoothRemoteControl::InfoData", "scopeKind": "class"}, {"_type": "tag", "name": "InfoData", "path": "/home/kavia/workspace/code-generation/app-gateway2/__import__/extracted/app-gateway2-cga-cmf8e7ba8d/dependencies/install/include/WPEFramework/interfaces/json/JsonData_BluetoothRemoteControl.h", "pattern": "/^        class InfoData : public Core::JSON::Container {$/", "language": "C++", "kind": "class", "scope": "WPEFramework::JsonData::BluetoothRemoteControl", "scopeKind": "namespace"}, {"_type": "tag", "name": "IsValid", "path": "/home/kavia/workspace/code-generation/app-gateway2/__import__/extracted/app-gateway2-cga-cmf8e7ba8d/dependencies/install/include/WPEFramework/interfaces/json/JsonData_BluetoothRemoteControl.h", "pattern": "/^            bool IsValid() const$/", "language": "C++", "typeref": "typename:bool", "kind": "function", "signature": "() const", "scope": "WPEFramework::JsonData::BluetoothRemoteControl::AssignParamsData", "scopeKind": "class"}, {"_type": "tag", "name": "IsValid", "path": "/home/kavia/workspace/code-generation/app-gateway2/__import__/extracted/app-gateway2-cga-cmf8e7ba8d/dependencies/install/include/WPEFramework/interfaces/json/JsonData_BluetoothRemoteControl.h", "pattern": "/^            bool IsValid() const$/", "language": "C++", "typeref": "typename:bool", "kind": "function", "signature": "() const", "scope": "WPEFramework::JsonData::BluetoothRemoteControl::AudioframeParamsData", "scopeKind": "class"}, {"_type": "tag", "name": "IsValid", "path": "/home/kavia/workspace/code-generation/app-gateway2/__import__/extracted/app-gateway2-cga-cmf8e7ba8d/dependencies/install/include/WPEFramework/interfaces/json/JsonData_BluetoothRemoteControl.h", "pattern": "/^            bool IsValid() const$/", "language": "C++", "typeref": "typename:bool", "kind": "function", "signature": "() const", "scope": "WPEFramework::JsonData::BluetoothRemoteControl::AudioprofileData", "scopeKind": "class"}, {"_type": "tag", "name": "IsValid", "path": "/home/kavia/workspace/code-generation/app-gateway2/__import__/extracted/app-gateway2-cga-cmf8e7ba8d/dependencies/install/include/WPEFramework/interfaces/json/JsonData_BluetoothRemoteControl.h", "pattern": "/^            bool IsValid() const$/", "language": "C++", "typeref": "typename:bool", "kind": "function", "signature": "() const", "scope": "WPEFramework::JsonData::BluetoothRemoteControl::AudiotransmissionParamsData", "scopeKind": "class"}, {"_type": "tag", "name": "IsValid", "path": "/home/kavia/workspace/code-generation/app-gateway2/__import__/extracted/app-gateway2-cga-cmf8e7ba8d/dependencies/install/include/WPEFramework/interfaces/json/JsonData_BluetoothRemoteControl.h", "pattern": "/^            bool IsValid() const$/", "language": "C++", "typeref": "typename:bool", "kind": "function", "signature": "() const", "scope": "WPEFramework::JsonData::BluetoothRemoteControl::BatterylevelchangeParamsData", "scopeKind": "class"}, {"_type": "tag", "name": "IsValid", "path": "/home/kavia/workspace/code-generation/app-gateway2/__import__/extracted/app-gateway2-cga-cmf8e7ba8d/dependencies/install/include/WPEFramework/interfaces/json/JsonData_BluetoothRemoteControl.h", "pattern": "/^            bool IsValid() const$/", "language": "C++", "typeref": "typename:bool", "kind": "function", "signature": "() const", "scope": "WPEFramework::JsonData::BluetoothRemoteControl::InfoData", "scopeKind": "class"}, {"_type": "tag", "name": "JsonData", "path": "/home/kavia/workspace/code-generation/app-gateway2/__import__/extracted/app-gateway2-cga-cmf8e7ba8d/dependencies/install/include/WPEFramework/interfaces/json/JsonData_BluetoothRemoteControl.h", "pattern": "/^namespace JsonData {$/", "language": "C++", "kind": "namespace", "scope": "WPEFramework", "scopeKind": "namespace"}, {"_type": "tag", "name": "Level", "path": "/home/kavia/workspace/code-generation/app-gateway2/__import__/extracted/app-gateway2-cga-cmf8e7ba8d/dependencies/install/include/WPEFramework/interfaces/json/JsonData_BluetoothRemoteControl.h", "pattern": "/^            Core::JSON::DecUInt8 Level; \\/\\/ Battery level (in percentage)$/", "language": "C++", "typeref": "typename:Core::JSON::DecUInt8", "kind": "member", "scope": "WPEFramework::JsonData::BluetoothRemoteControl::BatterylevelchangeParamsData", "scopeKind": "class"}, {"_type": "tag", "name": "Manufacturer", "path": "/home/kavia/workspace/code-generation/app-gateway2/__import__/extracted/app-gateway2-cga-cmf8e7ba8d/dependencies/install/include/WPEFramework/interfaces/json/JsonData_BluetoothRemoteControl.h", "pattern": "/^            Core::JSON::String Manufacturer; \\/\\/ Unit manufacturer name$/", "language": "C++", "typeref": "typename:Core::JSON::String", "kind": "member", "scope": "WPEFramework::JsonData::BluetoothRemoteControl::InfoData", "scopeKind": "class"}, {"_type": "tag", "name": "Model", "path": "/home/kavia/workspace/code-generation/app-gateway2/__import__/extracted/app-gateway2-cga-cmf8e7ba8d/dependencies/install/include/WPEFramework/interfaces/json/JsonData_BluetoothRemoteControl.h", "pattern": "/^            Core::JSON::String Model; \\/\\/ Unit model name or number$/", "language": "C++", "typeref": "typename:Core::JSON::String", "kind": "member", "scope": "WPEFramework::JsonData::BluetoothRemoteControl::InfoData", "scopeKind": "class"}, {"_type": "tag", "name": "PCM", "path": "/home/kavia/workspace/code-generation/app-gateway2/__import__/extracted/app-gateway2-cga-cmf8e7ba8d/dependencies/install/include/WPEFramework/interfaces/json/JsonData_BluetoothRemoteControl.h", "pattern": "/^                PCM,$/", "language": "C++", "kind": "enumerator", "scope": "WPEFramework::JsonData::BluetoothRemoteControl::AudioprofileData::CodecType", "scopeKind": "enum"}, {"_type": "tag", "name": "Profile", "path": "/home/kavia/workspace/code-generation/app-gateway2/__import__/extracted/app-gateway2-cga-cmf8e7ba8d/dependencies/install/include/WPEFramework/interfaces/json/JsonData_BluetoothRemoteControl.h", "pattern": "/^            Core::JSON::String Profile; \\/\\/ Type of audio profile, marking start of transmissio/", "language": "C++", "typeref": "typename:Core::JSON::String", "kind": "member", "scope": "WPEFramework::JsonData::BluetoothRemoteControl::AudiotransmissionParamsData", "scopeKind": "class"}, {"_type": "tag", "name": "Rate", "path": "/home/kavia/workspace/code-generation/app-gateway2/__import__/extracted/app-gateway2-cga-cmf8e7ba8d/dependencies/install/include/WPEFramework/interfaces/json/JsonData_BluetoothRemoteControl.h", "pattern": "/^            Core::JSON::DecUInt16 Rate; \\/\\/ Sample rate (in Hz)$/", "language": "C++", "typeref": "typename:Core::JSON::DecUInt16", "kind": "member", "scope": "WPEFramework::JsonData::BluetoothRemoteControl::AudioprofileData", "scopeKind": "class"}, {"_type": "tag", "name": "Resolution", "path": "/home/kavia/workspace/code-generation/app-gateway2/__import__/extracted/app-gateway2-cga-cmf8e7ba8d/dependencies/install/include/WPEFramework/interfaces/json/JsonData_BluetoothRemoteControl.h", "pattern": "/^            Core::JSON::DecUInt8 Resolution; \\/\\/ Sample resolution (in bits per sample)$/", "language": "C++", "typeref": "typename:Core::JSON::DecUInt8", "kind": "member", "scope": "WPEFramework::JsonData::BluetoothRemoteControl::AudioprofileData", "scopeKind": "class"}, {"_type": "tag", "name": "Seq", "path": "/home/kavia/workspace/code-generation/app-gateway2/__import__/extracted/app-gateway2-cga-cmf8e7ba8d/dependencies/install/include/WPEFramework/interfaces/json/JsonData_BluetoothRemoteControl.h", "pattern": "/^            Core::JSON::DecUInt32 Seq; \\/\\/ Sequence number of the audio frame within current au/", "language": "C++", "typeref": "typename:Core::JSON::DecUInt32", "kind": "member", "scope": "WPEFramework::JsonData::BluetoothRemoteControl::AudioframeParamsData", "scopeKind": "class"}, {"_type": "tag", "name": "Serial", "path": "/home/kavia/workspace/code-generation/app-gateway2/__import__/extracted/app-gateway2-cga-cmf8e7ba8d/dependencies/install/include/WPEFramework/interfaces/json/JsonData_BluetoothRemoteControl.h", "pattern": "/^            Core::JSON::String Serial; \\/\\/ Unit serial number$/", "language": "C++", "typeref": "typename:Core::JSON::String", "kind": "member", "scope": "WPEFramework::JsonData::BluetoothRemoteControl::InfoData", "scopeKind": "class"}, {"_type": "tag", "name": "Software", "path": "/home/kavia/workspace/code-generation/app-gateway2/__import__/extracted/app-gateway2-cga-cmf8e7ba8d/dependencies/install/include/WPEFramework/interfaces/json/JsonData_BluetoothRemoteControl.h", "pattern": "/^            Core::JSON::String Software; \\/\\/ Unit software revision$/", "language": "C++", "typeref": "typename:Core::JSON::String", "kind": "member", "scope": "WPEFramework::JsonData::BluetoothRemoteControl::InfoData", "scopeKind": "class"}, {"_type": "tag", "name": "WPEFramework", "path": "/home/kavia/workspace/code-generation/app-gateway2/__import__/extracted/app-gateway2-cga-cmf8e7ba8d/dependencies/install/include/WPEFramework/interfaces/json/JsonData_BluetoothRemoteControl.h", "pattern": "/^namespace WPEFramework {$/", "language": "C++", "kind": "namespace"}], "hash": "be3e106889d447e3416c8cf6d13e95ed", "format-version": 4, "code-base-name": "app-gateway2", "filename": "__import__/extracted/app-gateway2-cga-cmf8e7ba8d/dependencies/install/include/WPEFramework/interfaces/json/JsonData_BluetoothRemoteControl.h", "fields": [{"name": "Core::JSON::String Address", "scope": "WPEFramework::JsonData::BluetoothRemoteControl::AssignParamsData", "scopeKind": "class", "description": "unavailable"}, {"name": "Core::JSON::DecUInt8 Channels", "scope": "WPEFramework::JsonData::BluetoothRemoteControl::AudioprofileData", "scopeKind": "class", "description": "unavailable"}, {"name": "Core::JSON::EnumType<AudioprofileData::CodecType> Codec", "scope": "WPEFramework::JsonData::BluetoothRemoteControl::AudioprofileData", "scopeKind": "class", "description": "unavailable"}, {"name": "Core::JSON::String Data", "scope": "WPEFramework::JsonData::BluetoothRemoteControl::AudioframeParamsData", "scopeKind": "class", "description": "unavailable"}, {"name": "Core::JSON::String Firmware", "scope": "WPEFramework::JsonData::BluetoothRemoteControl::InfoData", "scopeKind": "class", "description": "unavailable"}, {"name": "Core::JSON::DecUInt8 Level", "scope": "WPEFramework::JsonData::BluetoothRemoteControl::BatterylevelchangeParamsData", "scopeKind": "class", "description": "unavailable"}, {"name": "Core::JSON::String Manufacturer", "scope": "WPEFramework::JsonData::BluetoothRemoteControl::InfoData", "scopeKind": "class", "description": "unavailable"}, {"name": "Core::JSON::String Model", "scope": "WPEFramework::JsonData::BluetoothRemoteControl::InfoData", "scopeKind": "class", "description": "unavailable"}, {"name": "Core::JSON::String Profile", "scope": "WPEFramework::JsonData::BluetoothRemoteControl::AudiotransmissionParamsData", "scopeKind": "class", "description": "unavailable"}, {"name": "Core::JSON::DecUInt16 Rate", "scope": "WPEFramework::JsonData::BluetoothRemoteControl::AudioprofileData", "scopeKind": "class", "description": "unavailable"}, {"name": "Core::JSON::DecUInt8 Resolution", "scope": "WPEFramework::JsonData::BluetoothRemoteControl::AudioprofileData", "scopeKind": "class", "description": "unavailable"}, {"name": "Core::JSON::DecUInt32 Seq", "scope": "WPEFramework::JsonData::BluetoothRemoteControl::AudioframeParamsData", "scopeKind": "class", "description": "unavailable"}, {"name": "Core::JSON::String Serial", "scope": "WPEFramework::JsonData::BluetoothRemoteControl::InfoData", "scopeKind": "class", "description": "unavailable"}, {"name": "Core::JSON::String Software", "scope": "WPEFramework::JsonData::BluetoothRemoteControl::InfoData", "scopeKind": "class", "description": "unavailable"}], "revision_history": [{"4225": "0f87a35b32215bc8547fb583d6c84bd51f603f69"}]}