{"is_source_file": true, "format": "C++ header file", "description": "This file defines JSON data structures and enums for interacting with a browser API via JSON-RPC, including classes for delete paths, URL changes, and visibility changes, along with associated enums.", "external_files": ["<core/JSON.h>", "<core/Enumerate.h>"], "external_methods": [], "published": ["JsonData::Browser::DeleteParamsData", "JsonData::Browser::UrlchangeParamsData", "JsonData::Browser::VisibilitychangeParamsData", "JsonData::Browser::VisibilityType"], "classes": [{"name": "DeleteParamsData", "description": "Holds parameters for deleting a directory path within the browser API."}, {"name": "UrlchangeParamsData", "description": "Holds parameters related to URL change events, including the URL and load status."}, {"name": "VisibilitychangeParamsData", "description": "Contains parameters indicating the visibility state (hidden or visible) of the browser."}], "methods": [{"name": "bool IsValid() const", "description": "Always returns true; placeholder for validation logic in each class.", "scope": "WPEFramework::JsonData::Browser::VisibilitychangeParamsData", "scopeKind": "class"}, {"name": "DeleteParamsData()", "scope": "WPEFramework::JsonData::Browser::DeleteParamsData", "scopeKind": "class", "description": "unavailable"}, {"name": "UrlchangeParamsData()", "scope": "WPEFramework::JsonData::Browser::UrlchangeParamsData", "scopeKind": "class", "description": "unavailable"}, {"name": "VisibilitychangeParamsData()", "scope": "WPEFramework::JsonData::Browser::VisibilitychangeParamsData", "scopeKind": "class", "description": "unavailable"}], "calls": [], "search-terms": ["JsonData::Browser::DeleteParamsData", "JsonData::Browser::UrlchangeParamsData", "JsonData::Browser::VisibilitychangeParamsData", "JsonData::Browser::VisibilityType", "Browser JSON-RPC", "Browser API JSON classes"], "state": 2, "file_id": 1547, "knowledge_revision": 4147, "git_revision": "0f87a35b32215bc8547fb583d6c84bd51f603f69", "ctags": [{"_type": "tag", "name": "Browser", "path": "/home/kavia/workspace/code-generation/app-gateway2/__import__/extracted/app-gateway2-cga-cmf8e7ba8d/dependencies/install/include/WPEFramework/interfaces/json/JsonData_Browser.h", "pattern": "/^    namespace Browser {$/", "language": "C++", "kind": "namespace", "scope": "WPEFramework::JsonData", "scopeKind": "namespace"}, {"_type": "tag", "name": "DeleteParamsData", "path": "/home/kavia/workspace/code-generation/app-gateway2/__import__/extracted/app-gateway2-cga-cmf8e7ba8d/dependencies/install/include/WPEFramework/interfaces/json/JsonData_Browser.h", "pattern": "/^            DeleteParamsData()$/", "language": "C++", "kind": "function", "signature": "()", "scope": "WPEFramework::JsonData::Browser::DeleteParamsData", "scopeKind": "class"}, {"_type": "tag", "name": "DeleteParamsData", "path": "/home/kavia/workspace/code-generation/app-gateway2/__import__/extracted/app-gateway2-cga-cmf8e7ba8d/dependencies/install/include/WPEFramework/interfaces/json/JsonData_Browser.h", "pattern": "/^        class DeleteParamsData : public Core::JSON::Container {$/", "language": "C++", "kind": "class", "scope": "WPEFramework::JsonData::Browser", "scopeKind": "namespace"}, {"_type": "tag", "name": "HIDDEN", "path": "/home/kavia/workspace/code-generation/app-gateway2/__import__/extracted/app-gateway2-cga-cmf8e7ba8d/dependencies/install/include/WPEFramework/interfaces/json/JsonData_Browser.h", "pattern": "/^            HIDDEN$/", "language": "C++", "kind": "enumerator", "scope": "WPEFramework::JsonData::Browser::VisibilityType", "scopeKind": "enum"}, {"_type": "tag", "name": "Hidden", "path": "/home/kavia/workspace/code-generation/app-gateway2/__import__/extracted/app-gateway2-cga-cmf8e7ba8d/dependencies/install/include/WPEFramework/interfaces/json/JsonData_Browser.h", "pattern": "/^            Core::JSON::Boolean Hidden; \\/\\/ Determines if the browser has been hidden (true) or/", "language": "C++", "typeref": "typename:Core::JSON::Boolean", "kind": "member", "scope": "WPEFramework::JsonData::Browser::VisibilitychangeParamsData", "scopeKind": "class"}, {"_type": "tag", "name": "IsValid", "path": "/home/kavia/workspace/code-generation/app-gateway2/__import__/extracted/app-gateway2-cga-cmf8e7ba8d/dependencies/install/include/WPEFramework/interfaces/json/JsonData_Browser.h", "pattern": "/^            bool IsValid() const$/", "language": "C++", "typeref": "typename:bool", "kind": "function", "signature": "() const", "scope": "WPEFramework::JsonData::Browser::DeleteParamsData", "scopeKind": "class"}, {"_type": "tag", "name": "IsValid", "path": "/home/kavia/workspace/code-generation/app-gateway2/__import__/extracted/app-gateway2-cga-cmf8e7ba8d/dependencies/install/include/WPEFramework/interfaces/json/JsonData_Browser.h", "pattern": "/^            bool IsValid() const$/", "language": "C++", "typeref": "typename:bool", "kind": "function", "signature": "() const", "scope": "WPEFramework::JsonData::Browser::UrlchangeParamsData", "scopeKind": "class"}, {"_type": "tag", "name": "IsValid", "path": "/home/kavia/workspace/code-generation/app-gateway2/__import__/extracted/app-gateway2-cga-cmf8e7ba8d/dependencies/install/include/WPEFramework/interfaces/json/JsonData_Browser.h", "pattern": "/^            bool IsValid() const$/", "language": "C++", "typeref": "typename:bool", "kind": "function", "signature": "() const", "scope": "WPEFramework::JsonData::Browser::VisibilitychangeParamsData", "scopeKind": "class"}, {"_type": "tag", "name": "JsonData", "path": "/home/kavia/workspace/code-generation/app-gateway2/__import__/extracted/app-gateway2-cga-cmf8e7ba8d/dependencies/install/include/WPEFramework/interfaces/json/JsonData_Browser.h", "pattern": "/^namespace JsonData {$/", "language": "C++", "kind": "namespace", "scope": "WPEFramework", "scopeKind": "namespace"}, {"_type": "tag", "name": "Loaded", "path": "/home/kavia/workspace/code-generation/app-gateway2/__import__/extracted/app-gateway2-cga-cmf8e7ba8d/dependencies/install/include/WPEFramework/interfaces/json/JsonData_Browser.h", "pattern": "/^            Core::JSON::Boolean Loaded; \\/\\/ Determines if the URL has just been loaded (true) o/", "language": "C++", "typeref": "typename:Core::JSON::Boolean", "kind": "member", "scope": "WPEFramework::JsonData::Browser::UrlchangeParamsData", "scopeKind": "class"}, {"_type": "tag", "name": "Path", "path": "/home/kavia/workspace/code-generation/app-gateway2/__import__/extracted/app-gateway2-cga-cmf8e7ba8d/dependencies/install/include/WPEFramework/interfaces/json/JsonData_Browser.h", "pattern": "/^            Core::JSON::String Path; \\/\\/ Path to directory (within the persistent storage) to d/", "language": "C++", "typeref": "typename:Core::JSON::String", "kind": "member", "scope": "WPEFramework::JsonData::Browser::DeleteParamsData", "scopeKind": "class"}, {"_type": "tag", "name": "Url", "path": "/home/kavia/workspace/code-generation/app-gateway2/__import__/extracted/app-gateway2-cga-cmf8e7ba8d/dependencies/install/include/WPEFramework/interfaces/json/JsonData_Browser.h", "pattern": "/^            Core::JSON::String Url; \\/\\/ The URL that has been loaded or requested$/", "language": "C++", "typeref": "typename:Core::JSON::String", "kind": "member", "scope": "WPEFramework::JsonData::Browser::UrlchangeParamsData", "scopeKind": "class"}, {"_type": "tag", "name": "UrlchangeParamsData", "path": "/home/kavia/workspace/code-generation/app-gateway2/__import__/extracted/app-gateway2-cga-cmf8e7ba8d/dependencies/install/include/WPEFramework/interfaces/json/JsonData_Browser.h", "pattern": "/^            UrlchangeParamsData()$/", "language": "C++", "kind": "function", "signature": "()", "scope": "WPEFramework::JsonData::Browser::UrlchangeParamsData", "scopeKind": "class"}, {"_type": "tag", "name": "UrlchangeParamsData", "path": "/home/kavia/workspace/code-generation/app-gateway2/__import__/extracted/app-gateway2-cga-cmf8e7ba8d/dependencies/install/include/WPEFramework/interfaces/json/JsonData_Browser.h", "pattern": "/^        class UrlchangeParamsData : public Core::JSON::Container {$/", "language": "C++", "kind": "class", "scope": "WPEFramework::JsonData::Browser", "scopeKind": "namespace"}, {"_type": "tag", "name": "VISIBLE", "path": "/home/kavia/workspace/code-generation/app-gateway2/__import__/extracted/app-gateway2-cga-cmf8e7ba8d/dependencies/install/include/WPEFramework/interfaces/json/JsonData_Browser.h", "pattern": "/^            VISIBLE,$/", "language": "C++", "kind": "enumerator", "scope": "WPEFramework::JsonData::Browser::VisibilityType", "scopeKind": "enum"}, {"_type": "tag", "name": "VisibilityType", "path": "/home/kavia/workspace/code-generation/app-gateway2/__import__/extracted/app-gateway2-cga-cmf8e7ba8d/dependencies/install/include/WPEFramework/interfaces/json/JsonData_Browser.h", "pattern": "/^        enum class VisibilityType : uint8_t {$/", "language": "C++", "typeref": "typename:uint8_t", "kind": "enum", "scope": "WPEFramework::JsonData::Browser", "scopeKind": "namespace"}, {"_type": "tag", "name": "VisibilitychangeParamsData", "path": "/home/kavia/workspace/code-generation/app-gateway2/__import__/extracted/app-gateway2-cga-cmf8e7ba8d/dependencies/install/include/WPEFramework/interfaces/json/JsonData_Browser.h", "pattern": "/^            VisibilitychangeParamsData()$/", "language": "C++", "kind": "function", "signature": "()", "scope": "WPEFramework::JsonData::Browser::VisibilitychangeParamsData", "scopeKind": "class"}, {"_type": "tag", "name": "VisibilitychangeParamsData", "path": "/home/kavia/workspace/code-generation/app-gateway2/__import__/extracted/app-gateway2-cga-cmf8e7ba8d/dependencies/install/include/WPEFramework/interfaces/json/JsonData_Browser.h", "pattern": "/^        class VisibilitychangeParamsData : public Core::JSON::Container {$/", "language": "C++", "kind": "class", "scope": "WPEFramework::JsonData::Browser", "scopeKind": "namespace"}, {"_type": "tag", "name": "WPEFramework", "path": "/home/kavia/workspace/code-generation/app-gateway2/__import__/extracted/app-gateway2-cga-cmf8e7ba8d/dependencies/install/include/WPEFramework/interfaces/json/JsonData_Browser.h", "pattern": "/^namespace WPEFramework {$/", "language": "C++", "kind": "namespace"}], "hash": "7a576c6208eebadfb3c1e3749c52aee5", "format-version": 4, "code-base-name": "app-gateway2", "filename": "__import__/extracted/app-gateway2-cga-cmf8e7ba8d/dependencies/install/include/WPEFramework/interfaces/json/JsonData_Browser.h", "fields": [{"name": "Core::JSON::Boolean Hidden", "scope": "WPEFramework::JsonData::Browser::VisibilitychangeParamsData", "scopeKind": "class", "description": "unavailable"}, {"name": "Core::JSON::Boolean Loaded", "scope": "WPEFramework::JsonData::Browser::UrlchangeParamsData", "scopeKind": "class", "description": "unavailable"}, {"name": "Core::JSON::String Path", "scope": "WPEFramework::JsonData::Browser::DeleteParamsData", "scopeKind": "class", "description": "unavailable"}, {"name": "Core::JSON::String Url", "scope": "WPEFramework::JsonData::Browser::UrlchangeParamsData", "scopeKind": "class", "description": "unavailable"}], "revision_history": [{"4147": "0f87a35b32215bc8547fb583d6c84bd51f603f69"}]}