{"is_source_file": true, "format": "Rust", "description": "This Rust source file implements the extension logic for the EOS distributor service, including initialization functions, service startup routines, and extension channel setup for the 'eos' extension. It manages manifests, configures logging, and sets up RPC handlers and request processors for the extension.", "external_files": ["crate::extn::thunder::thunder_session::ThunderSessionService", "crate::manager::context_manager::ContextManager", "crate::manager::session_manager::handle_session", "crate::model::permissions::thor_permission_registry::ThorPermissionRegistry", "crate::rpc::setup_distributor_rpc_handlers::{ get_rpc_methods_for_service, setup_distributor_rpc_handlers }", "crate::state::distributor_state::{ AuthService, DistributorState }", "ripple_sdk::api::manifest::device_manifest::DeviceManifest", "ripple_sdk::api::manifest::extn_manifest::ExtnManifest", "ripple_sdk::api::manifest::extn_manifest::ExtnSymbol", "ripple_sdk::api::manifest::ripple_manifest_loader::RippleManifestLoader", "ripple_sdk::service::service_client::ServiceClient", "ripple_sdk::utils::logger::init_and_configure_logger", "ripple_sdk::export_extn_channel", "ripple_sdk::extn::{ extn_id::{ExtnClassId, ExtnId}, ffi::ffi_channel::ExtnChannel }", "ripple_sdk::log::{debug, error, info}", "ripple_sdk::utils::extn_utils::ExtnUtils", "thunder_ripple_sdk::bootstrap::boot_thunder::boot_thunder", "thunder_ripple_sdk::client::plugin_manager::{ThunderPluginBootParam, ThunderPluginParam}", "crate::extn::{ appsanity_permission_processor::DistributorPermissionProcessor, appsanity_privacy_processor::DistributorPrivacyProcessor, appsanity_usergrants_processor::DistributorStoreUserGrantsProcessor, extn_utils::DistributorConfig }", "crate::service::{ott_token::OttTokenService, thor_permission::ThorPermissionService}", "crate::util::service_util::create_grpc_client_session", "concat!(env!(\"OUT_DIR\"), \"/version.rs\")"], "external_methods": ["RippleManifestLoader::initialize", "ServiceClient::builder", "ExtnId::new_channel", "ExtnManifest::get_extn_symbol", "ServiceClient::get_extn_client", "ServiceClient::clone", "ExtnChannel::start", "init_and_configure_logger"], "published": ["start_service", "init", "get_symbol", "init_extn_channel"], "classes": [], "methods": [{"name": "start_service()", "description": "Asynchronously initializes the extension service by loading manifests, setting up the logger, and starting the main init process.", "scope": "", "scopeKind": ""}, {"name": "start()", "description": "Starts the EOS extension synchronously by initializing manifests and setting up the runtime environment.", "scope": "", "scopeKind": ""}, {"name": "get_symbol(extn_manifest: ExtnManifest) -> Option<ExtnSymbol>", "description": "Retrieves the extension symbol from the extn manifest for the 'eos' extension.", "scope": "", "scopeKind": ""}, {"name": "init(client: ServiceClient, device_manifest: DeviceManifest)", "description": "Performs extension initialization, including establishing RPC handlers, bootstrapping Thunder, setting up permissions, privacy, user grants processors, and handling sessions.", "scope": "", "scopeKind": ""}, {"name": "init_extn_channel() -> ExtnChannel", "description": "Creates and returns an ExtnChannel with the start function, configuring logging.", "scope": "", "scopeKind": ""}], "calls": ["RippleManifestLoader::initialize", "ServiceClient::builder", "ExtnId::new_channel", "extn_manifest.get_extn_symbol", "ServiceClient::get_extn_client", "ExtnClient::add_request_processor", "ExtnClient::initialize", "boot_thunder", "create_grpc_client_session", "setup_distributor_rpc_handlers", "handle_session", "error", "info", "debug", "ExtnUtils::get_runtime"], "search-terms": ["EOS extension", "distributor", "ThunderSessionService", "extn channel", "manifest loader", "RPC handlers", "extension startup", "permission processor", "privacy processor", "user grants processor"], "state": 2, "file_id": 1823, "knowledge_revision": 4419, "git_revision": "0f87a35b32215bc8547fb583d6c84bd51f603f69", "ctags": [{"_type": "tag", "name": "get_symbol", "path": "/home/kavia/workspace/code-generation/app-gateway2/__import__/extracted/app-gateway2-cga-cmf8e7ba8d/Supporting_Files/ripple-eos/src/extn/eos_ffi.rs", "pattern": "/^fn get_symbol(extn_manifest: ExtnManifest) -> Option<ExtnSymbol> {$/", "language": "Rust", "kind": "function", "signature": "(extn_manifest: ExtnManifest) -> Option<ExtnSymbol>"}, {"_type": "tag", "name": "init", "path": "/home/kavia/workspace/code-generation/app-gateway2/__import__/extracted/app-gateway2-cga-cmf8e7ba8d/Supporting_Files/ripple-eos/src/extn/eos_ffi.rs", "pattern": "/^pub async fn init(client: ServiceClient, device_manifest: DeviceManifest) {$/", "language": "Rust", "kind": "function", "signature": "(client: ServiceClient, device_manifest: DeviceManifest)"}, {"_type": "tag", "name": "init_extn_channel", "path": "/home/kavia/workspace/code-generation/app-gateway2/__import__/extracted/app-gateway2-cga-cmf8e7ba8d/Supporting_Files/ripple-eos/src/extn/eos_ffi.rs", "pattern": "/^fn init_extn_channel() -> ExtnChannel {$/", "language": "Rust", "kind": "function", "signature": "() -> ExtnChannel"}, {"_type": "tag", "name": "start", "path": "/home/kavia/workspace/code-generation/app-gateway2/__import__/extracted/app-gateway2-cga-cmf8e7ba8d/Supporting_Files/ripple-eos/src/extn/eos_ffi.rs", "pattern": "/^fn start() {$/", "language": "Rust", "kind": "function", "signature": "()"}, {"_type": "tag", "name": "start_service", "path": "/home/kavia/workspace/code-generation/app-gateway2/__import__/extracted/app-gateway2-cga-cmf8e7ba8d/Supporting_Files/ripple-eos/src/extn/eos_ffi.rs", "pattern": "/^pub async fn start_service() {$/", "language": "Rust", "kind": "function", "signature": "()"}, {"_type": "tag", "name": "str", "path": "/home/kavia/workspace/code-generation/app-gateway2/__import__/extracted/app-gateway2-cga-cmf8e7ba8d/Supporting_Files/ripple-eos/src/extn/eos_ffi.rs", "pattern": "/^const EXTN_NAME: &'static str = \"eos\";$/", "language": "Rust", "kind": "variable"}], "hash": "3b70afbaf8fa9394bfefae5ae20696e3", "format-version": 4, "code-base-name": "app-gateway2", "filename": "__import__/extracted/app-gateway2-cga-cmf8e7ba8d/Supporting_Files/ripple-eos/src/extn/eos_ffi.rs", "fields": [{"name": "const EXTN_NAME: &'static str = \"eos\";", "scope": "", "scopeKind": "", "description": "unavailable"}], "revision_history": [{"4419": "0f87a35b32215bc8547fb583d6c84bd51f603f69"}]}