{"is_source_file": true, "format": "C++ header file", "description": "This file defines the SystemDelegate class, a C++ class that manages system-related operations such as device info retrieval, setting device parameters, handling events, and subscribing to Thunder plugin events. It includes methods for fetching device details, managing HDR, HDCP, resolution settings, and event emission for system state changes.", "external_files": ["plugins/plugins.h", "UtilsLogging.h", "UtilsJsonrpcDirectLink.h", "ThunderUtils.h", "BaseEventDelegate.h"], "external_methods": ["WPEFramework::Utils::GetThunderControllerClient", "ThunderUtils::getThunderControllerClient", "Core::ERROR_NONE", "Core::ERROR_UNAVAILABLE", "Core::ERROR_GENERAL", "Core::hresult", "WPEFramework::Core::JSON::VariantContainer", "LOGINFO", "LOGERR", "LOGDBG"], "published": ["SystemDelegate"], "classes": [{"name": "SystemDelegate", "description": "A class that extends BaseEventDelegate to manage system-related events, device info, configuration, and subscription handling via Thunder plugin interfaces."}], "methods": [{"name": "Core::hresult GetDeviceMake(std::string & make)", "description": "Retrieves the device manufacturer string via the 'getDeviceInfo' RPC call and wraps it in quotes.", "scope": "SystemDelegate", "scopeKind": "class"}, {"name": "Core::hresult GetDeviceName(std::string & name)", "description": "Fetches the device friendly name via 'getFriendlyName' RPC call, defaults to 'Living Room' if unavailable.", "scope": "SystemDelegate", "scopeKind": "class"}, {"name": "Core::hresult SetDeviceName(const std::string & name)", "description": "Sets the device friendly name via 'setFriendlyName' RPC call, returns appropriate error codes.", "scope": "SystemDelegate", "scopeKind": "class"}, {"name": "Core::hresult GetDeviceSku(std::string & skuOut)", "description": "Retrieves the device SKU version string using 'getSystemVersions' RPC, extracts the first part before underscore.", "scope": "SystemDelegate", "scopeKind": "class"}, {"name": "Core::hresult GetFirmwareVersion(std::string & version)", "description": "Gets the system firmware version, constructs a JSON object with major, minor, patch, and readable version info.", "scope": "SystemDelegate", "scopeKind": "class"}, {"name": "Core::hresult GetCountryCode(std::string & code)", "description": "Fetches the system's territory code via 'getTerritory' RPC, converts Thunder code to Firebolt code.", "scope": "SystemDelegate", "scopeKind": "class"}, {"name": "Core::hresult SetCountryCode(const std::string & code)", "description": "Sets the territory code on the system via 'setTerritory' RPC, converting Firebolt code to Thunder code.", "scope": "SystemDelegate", "scopeKind": "class"}, {"name": "Core::hresult GetTimeZone(std::string & tz)", "description": "Retrieves the system timezone via 'getTimeZoneDST' RPC.", "scope": "SystemDelegate", "scopeKind": "class"}, {"name": "Core::hresult SetTimeZone(const std::string & tz)", "description": "Sets the system timezone using 'setTimeZoneDST' RPC.", "scope": "SystemDelegate", "scopeKind": "class"}, {"name": "Core::hresult GetSecondScreenFriendlyName(std::string & name)", "description": "Alias to GetDeviceName.", "scope": "SystemDelegate", "scopeKind": "class"}, {"name": "Core::hresult GetScreenResolution(std::string & jsonArray)", "description": "Fetches current display resolution, parses the response, and returns as a JSON array string.", "scope": "SystemDelegate", "scopeKind": "class"}, {"name": "Core::hresult GetVideoResolution(std::string & jsonArray)", "description": "Provides an approximate current video resolution based on screen resolution, defaulting to 1080p or UHD thresholds.", "scope": "SystemDelegate", "scopeKind": "class"}, {"name": "Core::hresult GetHdcp(std::string & jsonObject)", "description": "Retrieves HDCP status, returns flags for HDCP 1.4 and HDCP 2.2.", "scope": "SystemDelegate", "scopeKind": "class"}, {"name": "Core::hresult GetHdr(std::string & jsonObject)", "description": "Retrieves HDR capabilities such as HDR10, Dolby Vision, HLG, HDR10 Plus via 'getTVHDRCapabilities'.", "scope": "SystemDelegate", "scopeKind": "class"}, {"name": "bool EmitOnVideoResolutionChanged()", "description": "Emits the event for video resolution change after fetching the resolution.", "scope": "SystemDelegate", "scopeKind": "class"}, {"name": "bool EmitOnScreenResolutionChanged()", "description": "Emits the event for screen resolution change after fetching the resolution.", "scope": "SystemDelegate", "scopeKind": "class"}, {"name": "bool EmitOnHdcpChanged()", "description": "Emits the event when HDCP status changes.", "scope": "SystemDelegate", "scopeKind": "class"}, {"name": "bool EmitOnHdrChanged()", "description": "Emits the event when HDR status changes.", "scope": "SystemDelegate", "scopeKind": "class"}, {"name": "bool HandleEvent(const std::string & event,const bool listen,bool & registrationError)", "description": "Handles app registration and deregistration for system events, mapping event names to internal subscriptions.", "scope": "SystemDelegate", "scopeKind": "class"}, {"name": "std::shared_ptr<WPEFramework::Utils::JSONRPCDirectLink> AcquireLink() const", "scope": "SystemDelegate", "scopeKind": "class", "description": "unavailable"}, {"name": "bool EqualsIgnoreCase(const std::string & a,const std::string & b)", "scope": "SystemDelegate", "scopeKind": "class", "description": "unavailable"}, {"name": "void OnDisplaySettingsResolutionChanged(const WPEFramework::Core::JSON::VariantContainer & params)", "scope": "SystemDelegate", "scopeKind": "class", "description": "unavailable"}, {"name": "void OnHdcpProfileDisplayConnectionChanged(const WPEFramework::Core::JSON::VariantContainer & params)", "scope": "SystemDelegate", "scopeKind": "class", "description": "unavailable"}, {"name": "void SetupDisplaySettingsSubscription()", "scope": "SystemDelegate", "scopeKind": "class", "description": "unavailable"}, {"name": "void SetupHdcpProfileSubscription()", "scope": "SystemDelegate", "scopeKind": "class", "description": "unavailable"}, {"name": "bool ShouldEmitDebounced(const std::string & event,const std::string & payload) const", "scope": "SystemDelegate", "scopeKind": "class", "description": "unavailable"}, {"name": "SystemDelegate(PluginHost::IShell * shell,WPEFramework::Exchange::IAppNotifications * appNotifications)", "scope": "SystemDelegate", "scopeKind": "class", "description": "unavailable"}, {"name": "std::string TerritoryFireboltToThunder(const std::string & code,const std::string & deflt)", "scope": "SystemDelegate", "scopeKind": "class", "description": "unavailable"}, {"name": "std::string TerritoryThunderToFirebolt(const std::string & terr,const std::string & deflt)", "scope": "SystemDelegate", "scopeKind": "class", "description": "unavailable"}, {"name": "std::string ToLower(const std::string & in)", "scope": "SystemDelegate", "scopeKind": "class", "description": "unavailable"}, {"name": "__anon3d2b61a80102(const WPEFramework::Core::JSON::Variant& vobj)", "scope": "SystemDelegate::GetHdr", "scopeKind": "function", "description": "unavailable"}, {"name": "~SystemDelegate()", "scope": "SystemDelegate", "scopeKind": "class", "description": "unavailable"}], "calls": ["AcquireLink()", "GetThunderControllerClient", "Invoke()", "Subscribe()", "Unsubscribe()"], "search-terms": ["SystemDelegate", "getDeviceInfo", "getFriendlyName", "setFriendlyName", "getSystemVersions", "getTerritory", "setTerritory", "getTimeZoneDST", "setTimeZoneDST", "resolutionChanged", "onDisplayConnectionChanged", "getHDCPStatus", "getTVHDRCapabilities", "resolution", "hdmi", "Hdr", "Hdcp", "HDR", "System", "DisplaySettings", "HdcpProfile", "JSONRPC", "subscribe", "dispatch"], "state": 2, "file_id": 1255, "knowledge_revision": 3893, "git_revision": "0f87a35b32215bc8547fb583d6c84bd51f603f69", "ctags": [{"_type": "tag", "name": "AcquireLink", "path": "/home/kavia/workspace/code-generation/app-gateway2/__import__/extracted/app-gateway2-cga-cmf8e7ba8d/app-gateway/FbSettings/delegate/SystemDelegate.h", "pattern": "/^     inline std::shared_ptr<WPEFramework::Utils::JSONRPCDirectLink> AcquireLink() const$/", "language": "C++", "typeref": "typename:std::shared_ptr<WPEFramework::Utils::JSONRPCDirectLink>", "kind": "function", "signature": "() const", "scope": "SystemDelegate", "scopeKind": "class"}, {"_type": "tag", "name": "Clock", "path": "/home/kavia/workspace/code-generation/app-gateway2/__import__/extracted/app-gateway2-cga-cmf8e7ba8d/app-gateway/FbSettings/delegate/SystemDelegate.h", "pattern": "/^         using Clock = std::chrono::steady_clock;$/", "language": "C++", "typeref": "typename:std::chrono::steady_clock", "kind": "typedef", "scope": "SystemDelegate::ShouldEmitDebounced", "scopeKind": "function"}, {"_type": "tag", "name": "DISPLAYSETTINGS_CALLSIGN", "path": "/home/kavia/workspace/code-generation/app-gateway2/__import__/extracted/app-gateway2-cga-cmf8e7ba8d/app-gateway/FbSettings/delegate/SystemDelegate.h", "pattern": "/^ #define DISPLAYSETTINGS_CALLSIGN /", "language": "C++", "kind": "macro"}, {"_type": "tag", "name": "EVENT_ON_HDCP_CHANGED", "path": "/home/kavia/workspace/code-generation/app-gateway2/__import__/extracted/app-gateway2-cga-cmf8e7ba8d/app-gateway/FbSettings/delegate/SystemDelegate.h", "pattern": "/^     static constexpr const char* EVENT_ON_HDCP_CHANGED        = \"device.onHdcpChanged\";$/", "language": "C++", "typeref": "typename:const char *", "kind": "member", "scope": "SystemDelegate", "scopeKind": "class"}, {"_type": "tag", "name": "EVENT_ON_HDR_CHANGED", "path": "/home/kavia/workspace/code-generation/app-gateway2/__import__/extracted/app-gateway2-cga-cmf8e7ba8d/app-gateway/FbSettings/delegate/SystemDelegate.h", "pattern": "/^     static constexpr const char* EVENT_ON_HDR_CHANGED         = \"device.onHdrChanged\";$/", "language": "C++", "typeref": "typename:const char *", "kind": "member", "scope": "SystemDelegate", "scopeKind": "class"}, {"_type": "tag", "name": "EVENT_ON_SCREEN_RES_CHANGED", "path": "/home/kavia/workspace/code-generation/app-gateway2/__import__/extracted/app-gateway2-cga-cmf8e7ba8d/app-gateway/FbSettings/delegate/SystemDelegate.h", "pattern": "/^     static constexpr const char* EVENT_ON_SCREEN_RES_CHANGED  = \"device.onScreenResolutionChang/", "language": "C++", "typeref": "typename:const char *", "kind": "member", "scope": "SystemDelegate", "scopeKind": "class"}, {"_type": "tag", "name": "EVENT_ON_VIDEO_RES_CHANGED", "path": "/home/kavia/workspace/code-generation/app-gateway2/__import__/extracted/app-gateway2-cga-cmf8e7ba8d/app-gateway/FbSettings/delegate/SystemDelegate.h", "pattern": "/^     static constexpr const char* EVENT_ON_VIDEO_RES_CHANGED   = \"device.onVideoResolutionChange/", "language": "C++", "typeref": "typename:const char *", "kind": "member", "scope": "SystemDelegate", "scopeKind": "class"}, {"_type": "tag", "name": "EmitOnHdcpChanged", "path": "/home/kavia/workspace/code-generation/app-gateway2/__import__/extracted/app-gateway2-cga-cmf8e7ba8d/app-gateway/FbSettings/delegate/SystemDelegate.h", "pattern": "/^     bool EmitOnHdcpChanged()$/", "language": "C++", "typeref": "typename:bool", "kind": "function", "signature": "()", "scope": "SystemDelegate", "scopeKind": "class"}, {"_type": "tag", "name": "EmitOnHdrChanged", "path": "/home/kavia/workspace/code-generation/app-gateway2/__import__/extracted/app-gateway2-cga-cmf8e7ba8d/app-gateway/FbSettings/delegate/SystemDelegate.h", "pattern": "/^     bool EmitOnHdrChanged()$/", "language": "C++", "typeref": "typename:bool", "kind": "function", "signature": "()", "scope": "SystemDelegate", "scopeKind": "class"}, {"_type": "tag", "name": "EmitOnScreenResolutionChanged", "path": "/home/kavia/workspace/code-generation/app-gateway2/__import__/extracted/app-gateway2-cga-cmf8e7ba8d/app-gateway/FbSettings/delegate/SystemDelegate.h", "pattern": "/^     bool EmitOnScreenResolutionChanged()$/", "language": "C++", "typeref": "typename:bool", "kind": "function", "signature": "()", "scope": "SystemDelegate", "scopeKind": "class"}, {"_type": "tag", "name": "EmitOnVideoResolutionChanged", "path": "/home/kavia/workspace/code-generation/app-gateway2/__import__/extracted/app-gateway2-cga-cmf8e7ba8d/app-gateway/FbSettings/delegate/SystemDelegate.h", "pattern": "/^     bool EmitOnVideoResolutionChanged()$/", "language": "C++", "typeref": "typename:bool", "kind": "function", "signature": "()", "scope": "SystemDelegate", "scopeKind": "class"}, {"_type": "tag", "name": "EqualsIgnoreCase", "path": "/home/kavia/workspace/code-generation/app-gateway2/__import__/extracted/app-gateway2-cga-cmf8e7ba8d/app-gateway/FbSettings/delegate/SystemDelegate.h", "pattern": "/^     static bool EqualsIgnoreCase(const std::string &a, const std::string &b)$/", "language": "C++", "typeref": "typename:bool", "kind": "function", "signature": "(const std::string & a,const std::string & b)", "scope": "SystemDelegate", "scopeKind": "class"}, {"_type": "tag", "name": "GetCountryCode", "path": "/home/kavia/workspace/code-generation/app-gateway2/__import__/extracted/app-gateway2-cga-cmf8e7ba8d/app-gateway/FbSettings/delegate/SystemDelegate.h", "pattern": "/^     Core::hresult GetCountryCode(std::string &code)$/", "language": "C++", "typeref": "typename:Core::hresult", "kind": "function", "signature": "(std::string & code)", "scope": "SystemDelegate", "scopeKind": "class"}, {"_type": "tag", "name": "GetDeviceMake", "path": "/home/kavia/workspace/code-generation/app-gateway2/__import__/extracted/app-gateway2-cga-cmf8e7ba8d/app-gateway/FbSettings/delegate/SystemDelegate.h", "pattern": "/^     Core::hresult GetDeviceMake(std::string &make)$/", "language": "C++", "typeref": "typename:Core::hresult", "kind": "function", "signature": "(std::string & make)", "scope": "SystemDelegate", "scopeKind": "class"}, {"_type": "tag", "name": "GetDeviceName", "path": "/home/kavia/workspace/code-generation/app-gateway2/__import__/extracted/app-gateway2-cga-cmf8e7ba8d/app-gateway/FbSettings/delegate/SystemDelegate.h", "pattern": "/^     Core::hresult GetDeviceName(std::string &name)$/", "language": "C++", "typeref": "typename:Core::hresult", "kind": "function", "signature": "(std::string & name)", "scope": "SystemDelegate", "scopeKind": "class"}, {"_type": "tag", "name": "GetDeviceSku", "path": "/home/kavia/workspace/code-generation/app-gateway2/__import__/extracted/app-gateway2-cga-cmf8e7ba8d/app-gateway/FbSettings/delegate/SystemDelegate.h", "pattern": "/^     Core::hresult GetDeviceSku(std::string &skuOut)$/", "language": "C++", "typeref": "typename:Core::hresult", "kind": "function", "signature": "(std::string & skuOut)", "scope": "SystemDelegate", "scopeKind": "class"}, {"_type": "tag", "name": "GetFirmwareVersion", "path": "/home/kavia/workspace/code-generation/app-gateway2/__import__/extracted/app-gateway2-cga-cmf8e7ba8d/app-gateway/FbSettings/delegate/SystemDelegate.h", "pattern": "/^     Core::hresult GetFirmwareVersion(std::string &version)$/", "language": "C++", "typeref": "typename:Core::hresult", "kind": "function", "signature": "(std::string & version)", "scope": "SystemDelegate", "scopeKind": "class"}, {"_type": "tag", "name": "GetHdcp", "path": "/home/kavia/workspace/code-generation/app-gateway2/__import__/extracted/app-gateway2-cga-cmf8e7ba8d/app-gateway/FbSettings/delegate/SystemDelegate.h", "pattern": "/^     Core::hresult GetHdcp(std::string &jsonObject)$/", "language": "C++", "typeref": "typename:Core::hresult", "kind": "function", "signature": "(std::string & jsonObject)", "scope": "SystemDelegate", "scopeKind": "class"}, {"_type": "tag", "name": "GetHdr", "path": "/home/kavia/workspace/code-generation/app-gateway2/__import__/extracted/app-gateway2-cga-cmf8e7ba8d/app-gateway/FbSettings/delegate/SystemDelegate.h", "pattern": "/^     Core::hresult GetHdr(std::string &jsonObject)$/", "language": "C++", "typeref": "typename:Core::hresult", "kind": "function", "signature": "(std::string & jsonObject)", "scope": "SystemDelegate", "scopeKind": "class"}, {"_type": "tag", "name": "GetScreenResolution", "path": "/home/kavia/workspace/code-generation/app-gateway2/__import__/extracted/app-gateway2-cga-cmf8e7ba8d/app-gateway/FbSettings/delegate/SystemDelegate.h", "pattern": "/^     Core::hresult GetScreenResolution(std::string &jsonArray)$/", "language": "C++", "typeref": "typename:Core::hresult", "kind": "function", "signature": "(std::string & jsonArray)", "scope": "SystemDelegate", "scopeKind": "class"}, {"_type": "tag", "name": "GetSecondScreenFriendlyName", "path": "/home/kavia/workspace/code-generation/app-gateway2/__import__/extracted/app-gateway2-cga-cmf8e7ba8d/app-gateway/FbSettings/delegate/SystemDelegate.h", "pattern": "/^     Core::hresult GetSecondScreenFriendlyName(std::string &name)$/", "language": "C++", "typeref": "typename:Core::hresult", "kind": "function", "signature": "(std::string & name)", "scope": "SystemDelegate", "scopeKind": "class"}, {"_type": "tag", "name": "GetTimeZone", "path": "/home/kavia/workspace/code-generation/app-gateway2/__import__/extracted/app-gateway2-cga-cmf8e7ba8d/app-gateway/FbSettings/delegate/SystemDelegate.h", "pattern": "/^     Core::hresult GetTimeZone(std::string &tz)$/", "language": "C++", "typeref": "typename:Core::hresult", "kind": "function", "signature": "(std::string & tz)", "scope": "SystemDelegate", "scopeKind": "class"}, {"_type": "tag", "name": "GetVideoResolution", "path": "/home/kavia/workspace/code-generation/app-gateway2/__import__/extracted/app-gateway2-cga-cmf8e7ba8d/app-gateway/FbSettings/delegate/SystemDelegate.h", "pattern": "/^     Core::hresult GetVideoResolution(std::string &jsonArray)$/", "language": "C++", "typeref": "typename:Core::hresult", "kind": "function", "signature": "(std::string & jsonArray)", "scope": "SystemDelegate", "scopeKind": "class"}, {"_type": "tag", "name": "HDCPPROFILE_CALLSIGN", "path": "/home/kavia/workspace/code-generation/app-gateway2/__import__/extracted/app-gateway2-cga-cmf8e7ba8d/app-gateway/FbSettings/delegate/SystemDelegate.h", "pattern": "/^ #define HDCPPROFILE_CALLSIGN /", "language": "C++", "kind": "macro"}, {"_type": "tag", "name": "HandleEvent", "path": "/home/kavia/workspace/code-generation/app-gateway2/__import__/extracted/app-gateway2-cga-cmf8e7ba8d/app-gateway/FbSettings/delegate/SystemDelegate.h", "pattern": "/^     bool HandleEvent(const std::string &event, const bool listen, bool &registrationError) over/", "language": "C++", "typeref": "typename:bool", "kind": "function", "signature": "(const std::string & event,const bool listen,bool & registrationError)", "scope": "SystemDelegate", "scopeKind": "class"}, {"_type": "tag", "name": "OnDisplaySettingsResolutionChanged", "path": "/home/kavia/workspace/code-generation/app-gateway2/__import__/extracted/app-gateway2-cga-cmf8e7ba8d/app-gateway/FbSettings/delegate/SystemDelegate.h", "pattern": "/^     void OnDisplaySettingsResolutionChanged(const WPEFramework::Core::JSON::VariantContainer& p/", "language": "C++", "typeref": "typename:void", "kind": "function", "signature": "(const WPEFramework::Core::JSON::VariantContainer & params)", "scope": "SystemDelegate", "scopeKind": "class"}, {"_type": "tag", "name": "OnHdcpProfileDisplayConnectionChanged", "path": "/home/kavia/workspace/code-generation/app-gateway2/__import__/extracted/app-gateway2-cga-cmf8e7ba8d/app-gateway/FbSettings/delegate/SystemDelegate.h", "pattern": "/^     void OnHdcpProfileDisplayConnectionChanged(const WPEFramework::Core::JSON::VariantContainer/", "language": "C++", "typeref": "typename:void", "kind": "function", "signature": "(const WPEFramework::Core::JSON::VariantContainer & params)", "scope": "SystemDelegate", "scopeKind": "class"}, {"_type": "tag", "name": "SYSTEM_CALLSIGN", "path": "/home/kavia/workspace/code-generation/app-gateway2/__import__/extracted/app-gateway2-cga-cmf8e7ba8d/app-gateway/FbSettings/delegate/SystemDelegate.h", "pattern": "/^ #define SYSTEM_CALLSIGN /", "language": "C++", "kind": "macro"}, {"_type": "tag", "name": "SetCountryCode", "path": "/home/kavia/workspace/code-generation/app-gateway2/__import__/extracted/app-gateway2-cga-cmf8e7ba8d/app-gateway/FbSettings/delegate/SystemDelegate.h", "pattern": "/^     Core::hresult SetCountryCode(const std::string &code)$/", "language": "C++", "typeref": "typename:Core::hresult", "kind": "function", "signature": "(const std::string & code)", "scope": "SystemDelegate", "scopeKind": "class"}, {"_type": "tag", "name": "SetDeviceName", "path": "/home/kavia/workspace/code-generation/app-gateway2/__import__/extracted/app-gateway2-cga-cmf8e7ba8d/app-gateway/FbSettings/delegate/SystemDelegate.h", "pattern": "/^     Core::hresult SetDeviceName(const std::string &name)$/", "language": "C++", "typeref": "typename:Core::hresult", "kind": "function", "signature": "(const std::string & name)", "scope": "SystemDelegate", "scopeKind": "class"}, {"_type": "tag", "name": "SetTimeZone", "path": "/home/kavia/workspace/code-generation/app-gateway2/__import__/extracted/app-gateway2-cga-cmf8e7ba8d/app-gateway/FbSettings/delegate/SystemDelegate.h", "pattern": "/^     Core::hresult SetTimeZone(const std::string &tz)$/", "language": "C++", "typeref": "typename:Core::hresult", "kind": "function", "signature": "(const std::string & tz)", "scope": "SystemDelegate", "scopeKind": "class"}, {"_type": "tag", "name": "SetupDisplaySettingsSubscription", "path": "/home/kavia/workspace/code-generation/app-gateway2/__import__/extracted/app-gateway2-cga-cmf8e7ba8d/app-gateway/FbSettings/delegate/SystemDelegate.h", "pattern": "/^     void SetupDisplaySettingsSubscription()$/", "language": "C++", "typeref": "typename:void", "kind": "function", "signature": "()", "scope": "SystemDelegate", "scopeKind": "class"}, {"_type": "tag", "name": "SetupHdcpProfileSubscription", "path": "/home/kavia/workspace/code-generation/app-gateway2/__import__/extracted/app-gateway2-cga-cmf8e7ba8d/app-gateway/FbSettings/delegate/SystemDelegate.h", "pattern": "/^     void SetupHdcpProfileSubscription()$/", "language": "C++", "typeref": "typename:void", "kind": "function", "signature": "()", "scope": "SystemDelegate", "scopeKind": "class"}, {"_type": "tag", "name": "ShouldEmitDebounced", "path": "/home/kavia/workspace/code-generation/app-gateway2/__import__/extracted/app-gateway2-cga-cmf8e7ba8d/app-gateway/FbSettings/delegate/SystemDelegate.h", "pattern": "/^     inline bool ShouldEmitDebounced(const std::string& event, const std::string& payload) const$/", "language": "C++", "typeref": "typename:bool", "kind": "function", "signature": "(const std::string & event,const std::string & payload) const", "scope": "SystemDelegate", "scopeKind": "class"}, {"_type": "tag", "name": "SystemDelegate", "path": "/home/kavia/workspace/code-generation/app-gateway2/__import__/extracted/app-gateway2-cga-cmf8e7ba8d/app-gateway/FbSettings/delegate/SystemDelegate.h", "pattern": "/^     SystemDelegate(PluginHost::IShell *shell, WPEFramework::Exchange::IAppNotifications* appNot/", "language": "C++", "kind": "function", "signature": "(PluginHost::IShell * shell,WPEFramework::Exchange::IAppNotifications * appNotifications)", "scope": "SystemDelegate", "scopeKind": "class"}, {"_type": "tag", "name": "SystemDelegate", "path": "/home/kavia/workspace/code-generation/app-gateway2/__import__/extracted/app-gateway2-cga-cmf8e7ba8d/app-gateway/FbSettings/delegate/SystemDelegate.h", "pattern": "/^ class SystemDelegate : public BaseEventDelegate$/", "language": "C++", "kind": "class"}, {"_type": "tag", "name": "TerritoryFireboltToThunder", "path": "/home/kavia/workspace/code-generation/app-gateway2/__import__/extracted/app-gateway2-cga-cmf8e7ba8d/app-gateway/FbSettings/delegate/SystemDelegate.h", "pattern": "/^     static std::string TerritoryFireboltToThunder(const std::string &code, const std::string &d/", "language": "C++", "typeref": "typename:std::string", "kind": "function", "signature": "(const std::string & code,const std::string & deflt)", "scope": "SystemDelegate", "scopeKind": "class"}, {"_type": "tag", "name": "TerritoryThunderToFirebolt", "path": "/home/kavia/workspace/code-generation/app-gateway2/__import__/extracted/app-gateway2-cga-cmf8e7ba8d/app-gateway/FbSettings/delegate/SystemDelegate.h", "pattern": "/^     static std::string TerritoryThunderToFirebolt(const std::string &terr, const std::string &d/", "language": "C++", "typeref": "typename:std::string", "kind": "function", "signature": "(const std::string & terr,const std::string & deflt)", "scope": "SystemDelegate", "scopeKind": "class"}, {"_type": "tag", "name": "ToLower", "path": "/home/kavia/workspace/code-generation/app-gateway2/__import__/extracted/app-gateway2-cga-cmf8e7ba8d/app-gateway/FbSettings/delegate/SystemDelegate.h", "pattern": "/^     static std::string ToLower(const std::string &in)$/", "language": "C++", "typeref": "typename:std::string", "kind": "function", "signature": "(const std::string & in)", "scope": "SystemDelegate", "scopeKind": "class"}, {"_type": "tag", "name": "__anon3d2b61a80102", "path": "/home/kavia/workspace/code-generation/app-gateway2/__import__/extracted/app-gateway2-cga-cmf8e7ba8d/app-gateway/FbSettings/delegate/SystemDelegate.h", "pattern": "/^         auto parseCaps = [&](const WPEFramework::Core::JSON::Variant& vobj) {$/", "file": true, "language": "C++", "kind": "function", "signature": "(const WPEFramework::Core::JSON::Variant& vobj) ", "scope": "SystemDelegate::GetHdr", "scopeKind": "function"}, {"_type": "tag", "name": "_displayRpc", "path": "/home/kavia/workspace/code-generation/app-gateway2/__import__/extracted/app-gateway2-cga-cmf8e7ba8d/app-gateway/FbSettings/delegate/SystemDelegate.h", "pattern": "/^     std::shared_ptr<WPEFramework::JSONRPC::LinkType<WPEFramework::Core::JSON::IElement>> _displ/", "language": "C++", "typeref": "typename:std::shared_ptr<WPEFramework::JSONRPC::LinkType<WPEFramework::Core::JSON::IElement>>", "kind": "member", "scope": "SystemDelegate", "scopeKind": "class"}, {"_type": "tag", "name": "_displaySubscribed", "path": "/home/kavia/workspace/code-generation/app-gateway2/__import__/extracted/app-gateway2-cga-cmf8e7ba8d/app-gateway/FbSettings/delegate/SystemDelegate.h", "pattern": "/^     bool _displaySubscribed;$/", "language": "C++", "typeref": "typename:bool", "kind": "member", "scope": "SystemDelegate", "scopeKind": "class"}, {"_type": "tag", "name": "_hdcpRpc", "path": "/home/kavia/workspace/code-generation/app-gateway2/__import__/extracted/app-gateway2-cga-cmf8e7ba8d/app-gateway/FbSettings/delegate/SystemDelegate.h", "pattern": "/^     std::shared_ptr<WPEFramework::JSONRPC::LinkType<WPEFramework::Core::JSON::IElement>> _hdcpR/", "language": "C++", "typeref": "typename:std::shared_ptr<WPEFramework::JSONRPC::LinkType<WPEFramework::Core::JSON::IElement>>", "kind": "member", "scope": "SystemDelegate", "scopeKind": "class"}, {"_type": "tag", "name": "_hdcpSubscribed", "path": "/home/kavia/workspace/code-generation/app-gateway2/__import__/extracted/app-gateway2-cga-cmf8e7ba8d/app-gateway/FbSettings/delegate/SystemDelegate.h", "pattern": "/^     bool _hdcpSubscribed;$/", "language": "C++", "typeref": "typename:bool", "kind": "member", "scope": "SystemDelegate", "scopeKind": "class"}, {"_type": "tag", "name": "_shell", "path": "/home/kavia/workspace/code-generation/app-gateway2/__import__/extracted/app-gateway2-cga-cmf8e7ba8d/app-gateway/FbSettings/delegate/SystemDelegate.h", "pattern": "/^     PluginHost::IShell *_shell;$/", "language": "C++", "typeref": "typename:PluginHost::IShell *", "kind": "member", "scope": "SystemDelegate", "scopeKind": "class"}, {"_type": "tag", "name": "_subscriptions", "path": "/home/kavia/workspace/code-generation/app-gateway2/__import__/extracted/app-gateway2-cga-cmf8e7ba8d/app-gateway/FbSettings/delegate/SystemDelegate.h", "pattern": "/^     std::unordered_set<std::string> _subscriptions;$/", "language": "C++", "typeref": "typename:std::unordered_set<std::string>", "kind": "member", "scope": "SystemDelegate", "scopeKind": "class"}, {"_type": "tag", "name": "mAdminLock", "path": "/home/kavia/workspace/code-generation/app-gateway2/__import__/extracted/app-gateway2-cga-cmf8e7ba8d/app-gateway/FbSettings/delegate/SystemDelegate.h", "pattern": "/^     mutable Core::CriticalSection mAdminLock;$/", "language": "C++", "typeref": "typename:Core::CriticalSection", "kind": "member", "scope": "SystemDelegate", "scopeKind": "class"}, {"_type": "tag", "name": "mVersionResponse", "path": "/home/kavia/workspace/code-generation/app-gateway2/__import__/extracted/app-gateway2-cga-cmf8e7ba8d/app-gateway/FbSettings/delegate/SystemDelegate.h", "pattern": "/^     std::string mVersionResponse;$/", "language": "C++", "typeref": "typename:std::string", "kind": "member", "scope": "SystemDelegate", "scopeKind": "class"}, {"_type": "tag", "name": "~SystemDelegate", "path": "/home/kavia/workspace/code-generation/app-gateway2/__import__/extracted/app-gateway2-cga-cmf8e7ba8d/app-gateway/FbSettings/delegate/SystemDelegate.h", "pattern": "/^     ~SystemDelegate()$/", "language": "C++", "kind": "function", "signature": "()", "scope": "SystemDelegate", "scopeKind": "class"}], "hash": "5616adf3bb7f655f734204b4e6daf722", "format-version": 4, "code-base-name": "app-gateway2", "filename": "__import__/extracted/app-gateway2-cga-cmf8e7ba8d/app-gateway/FbSettings/delegate/SystemDelegate.h", "fields": [{"name": "const char * EVENT_ON_HDCP_CHANGED", "scope": "SystemDelegate", "scopeKind": "class", "description": "unavailable"}, {"name": "const char * EVENT_ON_HDR_CHANGED", "scope": "SystemDelegate", "scopeKind": "class", "description": "unavailable"}, {"name": "const char * EVENT_ON_SCREEN_RES_CHANGED", "scope": "SystemDelegate", "scopeKind": "class", "description": "unavailable"}, {"name": "const char * EVENT_ON_VIDEO_RES_CHANGED", "scope": "SystemDelegate", "scopeKind": "class", "description": "unavailable"}, {"name": "std::shared_ptr<WPEFramework::JSONRPC::LinkType<WPEFramework::Core::JSON::IElement>> _displayRpc", "scope": "SystemDelegate", "scopeKind": "class", "description": "unavailable"}, {"name": "bool _displaySubscribed", "scope": "SystemDelegate", "scopeKind": "class", "description": "unavailable"}, {"name": "std::shared_ptr<WPEFramework::JSONRPC::LinkType<WPEFramework::Core::JSON::IElement>> _hdcpRpc", "scope": "SystemDelegate", "scopeKind": "class", "description": "unavailable"}, {"name": "bool _hdcpSubscribed", "scope": "SystemDelegate", "scopeKind": "class", "description": "unavailable"}, {"name": "PluginHost::IShell * _shell", "scope": "SystemDelegate", "scopeKind": "class", "description": "unavailable"}, {"name": "std::unordered_set<std::string> _subscriptions", "scope": "SystemDelegate", "scopeKind": "class", "description": "unavailable"}, {"name": "Core::CriticalSection mAdminLock", "scope": "SystemDelegate", "scopeKind": "class", "description": "unavailable"}, {"name": "std::string mVersionResponse", "scope": "SystemDelegate", "scopeKind": "class", "description": "unavailable"}], "revision_history": [{"3893": "0f87a35b32215bc8547fb583d6c84bd51f603f69"}]}