{"is_source_file": true, "format": "C++ header", "description": "This file declares a URL handling class with functionalities for parsing, validating, and encoding URLs, including managing URL components such as scheme, host, path, query, and user info.", "external_files": ["Module.h"], "external_methods": [], "published": ["WPEFramework::Core::URL"], "classes": [{"name": "WPEFramework::Core::URL", "description": "A class representing URL structures with parsing, validation, and encoding functionalities."}, {"name": "WPEFramework::Core::URL::KeyValue", "description": "A nested class for handling key-value pairs within URLs."}], "methods": [{"name": "Parse", "description": "Private method to parse a URL from a text fragment."}, {"name": "ParseDomain", "description": "Private method to parse the domain component of the URL."}, {"name": "Text", "description": "Returns the URL as a string."}, {"name": "bool IsDomain(const TCHAR domain[],const unsigned int length) const", "description": "Validates if the host matches a given domain pattern.", "scope": "WPEFramework::Core::URL", "scopeKind": "class"}, {"name": "Encode", "description": "Encodes a URL string into a percent-encoded format."}, {"name": "Decode", "description": "Decodes a percent-encoded URL string."}, {"name": "Base64Encode", "description": "Encodes binary data into a base64 URL-safe string."}, {"name": "Base64Decode", "description": "Decodes a base64 URL-safe string into binary data."}, {"name": "bool Boolean(const TCHAR key[],const bool defaultValue,const bool caseSensitive=true) const", "scope": "WPEFramework::Core::URL::KeyValue", "scopeKind": "class", "description": "unavailable"}, {"name": "void Clear()", "scope": "WPEFramework::Core::URL", "scopeKind": "class", "description": "unavailable"}, {"name": "ENUMERATE Enumerate(const TCHAR key[],ENUMERATE defaultValue,const bool caseSensitive=true) const", "scope": "WPEFramework::Core::URL::KeyValue", "scopeKind": "class", "description": "unavailable"}, {"name": "DEPRECATED bool Exists(const TCHAR key[],const bool caseSensitive=true) const", "scope": "WPEFramework::Core::URL::KeyValue", "scopeKind": "class", "description": "unavailable"}, {"name": "status HasKey(const TCHAR key[],const bool caseSensitive=true) const", "scope": "WPEFramework::Core::URL::KeyValue", "scopeKind": "class", "description": "unavailable"}, {"name": "const Core::OptionalType<string> & Host() const", "scope": "WPEFramework::Core::URL", "scopeKind": "class", "description": "unavailable"}, {"name": "void Host(const Core::OptionalType<string> & value)", "scope": "WPEFramework::Core::URL", "scopeKind": "class", "description": "unavailable"}, {"name": "bool IsValid() const", "scope": "WPEFramework::Core::URL", "scopeKind": "class", "description": "unavailable"}, {"name": "KeyValue(KeyValue && move)", "scope": "WPEFramework::Core::URL::KeyValue", "scopeKind": "class", "description": "unavailable"}, {"name": "KeyValue(const Core::TextFragment & data)", "scope": "WPEFramework::Core::URL::KeyValue", "scopeKind": "class", "description": "unavailable"}, {"name": "KeyValue(const KeyValue & copy)", "scope": "WPEFramework::Core::URL::KeyValue", "scopeKind": "class", "description": "unavailable"}, {"name": "KeyValue(const string & data)", "scope": "WPEFramework::Core::URL::KeyValue", "scopeKind": "class", "description": "unavailable"}, {"name": "status LoadKey(const TCHAR key[],Core::TextFragment & data,const bool caseSensitive) const", "scope": "WPEFramework::Core::URL::KeyValue", "scopeKind": "class", "description": "unavailable"}, {"name": "NUMBERTYPE Number(const TCHAR key[],NUMBERTYPE defaultValue=Core::NumberType<NUMBERTYPE>::Max (),const bool caseSensitive=true) const", "scope": "WPEFramework::Core::URL::KeyValue", "scopeKind": "class", "description": "unavailable"}, {"name": "const Core::OptionalType<string> & Password() const", "scope": "WPEFramework::Core::URL", "scopeKind": "class", "description": "unavailable"}, {"name": "void Password(const Core::OptionalType<string> & value)", "scope": "WPEFramework::Core::URL", "scopeKind": "class", "description": "unavailable"}, {"name": "const Core::OptionalType<string> & Path() const", "scope": "WPEFramework::Core::URL", "scopeKind": "class", "description": "unavailable"}, {"name": "void Path(const Core::OptionalType<string> & value)", "scope": "WPEFramework::Core::URL", "scopeKind": "class", "description": "unavailable"}, {"name": "const Core::OptionalType<unsigned short> & Port() const", "scope": "WPEFramework::Core::URL", "scopeKind": "class", "description": "unavailable"}, {"name": "void Port(const Core::OptionalType<unsigned short> port)", "scope": "WPEFramework::Core::URL", "scopeKind": "class", "description": "unavailable"}, {"name": "uint16_t Port(const SchemeType type)", "scope": "WPEFramework::Core::URL", "scopeKind": "class", "description": "unavailable"}, {"name": "const Core::OptionalType<string> & Query() const", "scope": "WPEFramework::Core::URL", "scopeKind": "class", "description": "unavailable"}, {"name": "void Query(const Core::OptionalType<string> & value)", "scope": "WPEFramework::Core::URL", "scopeKind": "class", "description": "unavailable"}, {"name": "const Core::OptionalType<string> & Ref() const", "scope": "WPEFramework::Core::URL", "scopeKind": "class", "description": "unavailable"}, {"name": "void Ref(const Core::OptionalType<string> & value)", "scope": "WPEFramework::Core::URL", "scopeKind": "class", "description": "unavailable"}, {"name": "SchemeType Type() const", "scope": "WPEFramework::Core::URL", "scopeKind": "class", "description": "unavailable"}, {"name": "URL()", "scope": "WPEFramework::Core::URL", "scopeKind": "class", "description": "unavailable"}, {"name": "URL(const URL & copy)", "scope": "WPEFramework::Core::URL", "scopeKind": "class", "description": "unavailable"}, {"name": "URL(const Core::TextFragment & text)", "scope": "WPEFramework::Core::URL", "scopeKind": "class", "description": "unavailable"}, {"name": "URL(const SchemeType type)", "scope": "WPEFramework::Core::URL", "scopeKind": "class", "description": "unavailable"}, {"name": "URL(const TCHAR urlStr[])", "scope": "WPEFramework::Core::URL", "scopeKind": "class", "description": "unavailable"}, {"name": "URL(const string & urlStr)", "scope": "WPEFramework::Core::URL", "scopeKind": "class", "description": "unavailable"}, {"name": "const Core::OptionalType<string> & UserName() const", "scope": "WPEFramework::Core::URL", "scopeKind": "class", "description": "unavailable"}, {"name": "void UserName(const Core::OptionalType<string> & value)", "scope": "WPEFramework::Core::URL", "scopeKind": "class", "description": "unavailable"}, {"name": "const Core::TextFragment Value(const TCHAR key[],const bool caseSensitive=true) const", "scope": "WPEFramework::Core::URL::KeyValue", "scopeKind": "class", "description": "unavailable"}, {"name": "KeyValue & operator =(const KeyValue & RHS)", "scope": "WPEFramework::Core::URL::KeyValue", "scopeKind": "class", "description": "unavailable"}, {"name": "URL & operator =(const URL & copy)", "scope": "WPEFramework::Core::URL", "scopeKind": "class", "description": "unavailable"}, {"name": "const Core::TextFragment operator [](const TCHAR key[]) const", "scope": "WPEFramework::Core::URL::KeyValue", "scopeKind": "class", "description": "unavailable"}, {"name": "~URL()", "scope": "WPEFramework::Core::URL", "scopeKind": "class", "description": "unavailable"}], "calls": [], "search-terms": ["URL", "Core::TextFragment", "scheme", "host", "path", "query", "percent-encoding"], "state": 2, "file_id": 1325, "knowledge_revision": 3943, "git_revision": "0f87a35b32215bc8547fb583d6c84bd51f603f69", "ctags": [{"_type": "tag", "name": "Boolean", "path": "/home/kavia/workspace/code-generation/app-gateway2/__import__/extracted/app-gateway2-cga-cmf8e7ba8d/dependencies/install/include/WPEFramework/websocket/URL.h", "pattern": "/^            inline bool Boolean(const TCHAR key[], const bool defaultValue, const bool caseSensi/", "language": "C++", "typeref": "typename:bool", "kind": "function", "signature": "(const TCHAR key[],const bool defaultValue,const bool caseSensitive=true) const", "scope": "WPEFramework::Core::URL::KeyValue", "scopeKind": "class"}, {"_type": "tag", "name": "Clear", "path": "/home/kavia/workspace/code-generation/app-gateway2/__import__/extracted/app-gateway2-cga-cmf8e7ba8d/dependencies/install/include/WPEFramework/websocket/URL.h", "pattern": "/^        inline void Clear() {$/", "language": "C++", "typeref": "typename:void", "kind": "function", "signature": "()", "scope": "WPEFramework::Core::URL", "scopeKind": "class"}, {"_type": "tag", "name": "Core", "path": "/home/kavia/workspace/code-generation/app-gateway2/__import__/extracted/app-gateway2-cga-cmf8e7ba8d/dependencies/install/include/WPEFramework/websocket/URL.h", "pattern": "/^namespace Core {$/", "language": "C++", "kind": "namespace", "scope": "WPEFramework", "scopeKind": "namespace"}, {"_type": "tag", "name": "Enumerate", "path": "/home/kavia/workspace/code-generation/app-gateway2/__import__/extracted/app-gateway2-cga-cmf8e7ba8d/dependencies/install/include/WPEFramework/websocket/URL.h", "pattern": "/^            ENUMERATE Enumerate(const TCHAR key[], ENUMERATE defaultValue, const bool caseSensit/", "language": "C++", "typeref": "typename:ENUMERATE", "kind": "function", "signature": "(const TCHAR key[],ENUMERATE defaultValue,const bool caseSensitive=true) const", "scope": "WPEFramework::Core::URL::KeyValue", "scopeKind": "class"}, {"_type": "tag", "name": "Exists", "path": "/home/kavia/workspace/code-generation/app-gateway2/__import__/extracted/app-gateway2-cga-cmf8e7ba8d/dependencies/install/include/WPEFramework/websocket/URL.h", "pattern": "/^            DEPRECATED inline bool Exists(const TCHAR key[], const bool caseSensitive = true) co/", "language": "C++", "typeref": "typename:DEPRECATED bool", "kind": "function", "signature": "(const TCHAR key[],const bool caseSensitive=true) const", "scope": "WPEFramework::Core::URL::KeyValue", "scopeKind": "class"}, {"_type": "tag", "name": "HasKey", "path": "/home/kavia/workspace/code-generation/app-gateway2/__import__/extracted/app-gateway2-cga-cmf8e7ba8d/dependencies/install/include/WPEFramework/websocket/URL.h", "pattern": "/^            inline status HasKey(const TCHAR key[], const bool caseSensitive = true) const$/", "language": "C++", "typeref": "typename:status", "kind": "function", "signature": "(const TCHAR key[],const bool caseSensitive=true) const", "scope": "WPEFramework::Core::URL::KeyValue", "scopeKind": "class"}, {"_type": "tag", "name": "Host", "path": "/home/kavia/workspace/code-generation/app-gateway2/__import__/extracted/app-gateway2-cga-cmf8e7ba8d/dependencies/install/include/WPEFramework/websocket/URL.h", "pattern": "/^        inline const Core::OptionalType<string>& Host() const$/", "language": "C++", "typeref": "typename:const Core::OptionalType<string> &", "kind": "function", "signature": "() const", "scope": "WPEFramework::Core::URL", "scopeKind": "class"}, {"_type": "tag", "name": "Host", "path": "/home/kavia/workspace/code-generation/app-gateway2/__import__/extracted/app-gateway2-cga-cmf8e7ba8d/dependencies/install/include/WPEFramework/websocket/URL.h", "pattern": "/^        inline void Host(const Core::OptionalType<string>& value)$/", "language": "C++", "typeref": "typename:void", "kind": "function", "signature": "(const Core::OptionalType<string> & value)", "scope": "WPEFramework::Core::URL", "scopeKind": "class"}, {"_type": "tag", "name": "IsDomain", "path": "/home/kavia/workspace/code-generation/app-gateway2/__import__/extracted/app-gateway2-cga-cmf8e7ba8d/dependencies/install/include/WPEFramework/websocket/URL.h", "pattern": "/^        bool IsDomain(const TCHAR domain[], const unsigned int length) const$/", "language": "C++", "typeref": "typename:bool", "kind": "function", "signature": "(const TCHAR domain[],const unsigned int length) const", "scope": "WPEFramework::Core::URL", "scopeKind": "class"}, {"_type": "tag", "name": "IsValid", "path": "/home/kavia/workspace/code-generation/app-gateway2/__import__/extracted/app-gateway2-cga-cmf8e7ba8d/dependencies/install/include/WPEFramework/websocket/URL.h", "pattern": "/^        inline bool IsValid() const$/", "language": "C++", "typeref": "typename:bool", "kind": "function", "signature": "() const", "scope": "WPEFramework::Core::URL", "scopeKind": "class"}, {"_type": "tag", "name": "KEY_ONLY", "path": "/home/kavia/workspace/code-generation/app-gateway2/__import__/extracted/app-gateway2-cga-cmf8e7ba8d/dependencies/install/include/WPEFramework/websocket/URL.h", "pattern": "/^                KEY_ONLY    = 1,$/", "language": "C++", "kind": "enumerator", "scope": "WPEFramework::Core::URL::KeyValue::status", "scopeKind": "enum"}, {"_type": "tag", "name": "KEY_VALUE", "path": "/home/kavia/workspace/code-generation/app-gateway2/__import__/extracted/app-gateway2-cga-cmf8e7ba8d/dependencies/install/include/WPEFramework/websocket/URL.h", "pattern": "/^                KEY_VALUE   = 3$/", "language": "C++", "kind": "enumerator", "scope": "WPEFramework::Core::URL::KeyValue::status", "scopeKind": "enum"}, {"_type": "tag", "name": "KeyValue", "path": "/home/kavia/workspace/code-generation/app-gateway2/__import__/extracted/app-gateway2-cga-cmf8e7ba8d/dependencies/install/include/WPEFramework/websocket/URL.h", "pattern": "/^            KeyValue(KeyValue&& move)$/", "language": "C++", "kind": "function", "signature": "(KeyValue && move)", "scope": "WPEFramework::Core::URL::KeyValue", "scopeKind": "class"}, {"_type": "tag", "name": "KeyValue", "path": "/home/kavia/workspace/code-generation/app-gateway2/__import__/extracted/app-gateway2-cga-cmf8e7ba8d/dependencies/install/include/WPEFramework/websocket/URL.h", "pattern": "/^            KeyValue(const Core::TextFragment& data)$/", "language": "C++", "kind": "function", "signature": "(const Core::TextFragment & data)", "scope": "WPEFramework::Core::URL::KeyValue", "scopeKind": "class"}, {"_type": "tag", "name": "KeyValue", "path": "/home/kavia/workspace/code-generation/app-gateway2/__import__/extracted/app-gateway2-cga-cmf8e7ba8d/dependencies/install/include/WPEFramework/websocket/URL.h", "pattern": "/^            KeyValue(const KeyValue& copy)$/", "language": "C++", "kind": "function", "signature": "(const KeyValue & copy)", "scope": "WPEFramework::Core::URL::KeyValue", "scopeKind": "class"}, {"_type": "tag", "name": "KeyValue", "path": "/home/kavia/workspace/code-generation/app-gateway2/__import__/extracted/app-gateway2-cga-cmf8e7ba8d/dependencies/install/include/WPEFramework/websocket/URL.h", "pattern": "/^            KeyValue(const string& data)$/", "language": "C++", "kind": "function", "signature": "(const string & data)", "scope": "WPEFramework::Core::URL::KeyValue", "scopeKind": "class"}, {"_type": "tag", "name": "KeyValue", "path": "/home/kavia/workspace/code-generation/app-gateway2/__import__/extracted/app-gateway2-cga-cmf8e7ba8d/dependencies/install/include/WPEFramework/websocket/URL.h", "pattern": "/^        class KeyValue {$/", "language": "C++", "kind": "class", "scope": "WPEFramework::Core::URL", "scopeKind": "class"}, {"_type": "tag", "name": "LoadKey", "path": "/home/kavia/workspace/code-generation/app-gateway2/__import__/extracted/app-gateway2-cga-cmf8e7ba8d/dependencies/install/include/WPEFramework/websocket/URL.h", "pattern": "/^            status LoadKey(const TCHAR key[], Core::TextFragment& data, const bool caseSensitive/", "language": "C++", "typeref": "typename:status", "kind": "function", "signature": "(const TCHAR key[],Core::TextFragment & data,const bool caseSensitive) const", "scope": "WPEFramework::Core::URL::KeyValue", "scopeKind": "class"}, {"_type": "tag", "name": "MaximumURLLength", "path": "/home/kavia/workspace/code-generation/app-gateway2/__import__/extracted/app-gateway2-cga-cmf8e7ba8d/dependencies/install/include/WPEFramework/websocket/URL.h", "pattern": "/^        static constexpr uint32_t MaximumURLLength = 2048;$/", "language": "C++", "typeref": "typename:uint32_t", "kind": "member", "scope": "WPEFramework::Core::URL", "scopeKind": "class"}, {"_type": "tag", "name": "Number", "path": "/home/kavia/workspace/code-generation/app-gateway2/__import__/extracted/app-gateway2-cga-cmf8e7ba8d/dependencies/install/include/WPEFramework/websocket/URL.h", "pattern": "/^            NUMBERTYPE Number(const TCHAR key[], NUMBERTYPE defaultValue = Core::NumberType<NUMB/", "language": "C++", "typeref": "typename:NUMBERTYPE", "kind": "function", "signature": "(const TCHAR key[],NUMBERTYPE defaultValue=Core::NumberType<NUMBERTYPE>::Max (),const bool caseSensitive=true) const", "scope": "WPEFramework::Core::URL::KeyValue", "scopeKind": "class"}, {"_type": "tag", "name": "Password", "path": "/home/kavia/workspace/code-generation/app-gateway2/__import__/extracted/app-gateway2-cga-cmf8e7ba8d/dependencies/install/include/WPEFramework/websocket/URL.h", "pattern": "/^        inline const Core::OptionalType<string>& Password() const$/", "language": "C++", "typeref": "typename:const Core::OptionalType<string> &", "kind": "function", "signature": "() const", "scope": "WPEFramework::Core::URL", "scopeKind": "class"}, {"_type": "tag", "name": "Password", "path": "/home/kavia/workspace/code-generation/app-gateway2/__import__/extracted/app-gateway2-cga-cmf8e7ba8d/dependencies/install/include/WPEFramework/websocket/URL.h", "pattern": "/^        inline void Password(const Core::OptionalType<string>& value)$/", "language": "C++", "typeref": "typename:void", "kind": "function", "signature": "(const Core::OptionalType<string> & value)", "scope": "WPEFramework::Core::URL", "scopeKind": "class"}, {"_type": "tag", "name": "Path", "path": "/home/kavia/workspace/code-generation/app-gateway2/__import__/extracted/app-gateway2-cga-cmf8e7ba8d/dependencies/install/include/WPEFramework/websocket/URL.h", "pattern": "/^        inline const Core::OptionalType<string>& Path() const$/", "language": "C++", "typeref": "typename:const Core::OptionalType<string> &", "kind": "function", "signature": "() const", "scope": "WPEFramework::Core::URL", "scopeKind": "class"}, {"_type": "tag", "name": "Path", "path": "/home/kavia/workspace/code-generation/app-gateway2/__import__/extracted/app-gateway2-cga-cmf8e7ba8d/dependencies/install/include/WPEFramework/websocket/URL.h", "pattern": "/^        inline void Path(const Core::OptionalType<string>& value)$/", "language": "C++", "typeref": "typename:void", "kind": "function", "signature": "(const Core::OptionalType<string> & value)", "scope": "WPEFramework::Core::URL", "scopeKind": "class"}, {"_type": "tag", "name": "Port", "path": "/home/kavia/workspace/code-generation/app-gateway2/__import__/extracted/app-gateway2-cga-cmf8e7ba8d/dependencies/install/include/WPEFramework/websocket/URL.h", "pattern": "/^        inline const Core::OptionalType<unsigned short>& Port() const$/", "language": "C++", "typeref": "typename:const Core::OptionalType<unsigned short> &", "kind": "function", "signature": "() const", "scope": "WPEFramework::Core::URL", "scopeKind": "class"}, {"_type": "tag", "name": "Port", "path": "/home/kavia/workspace/code-generation/app-gateway2/__import__/extracted/app-gateway2-cga-cmf8e7ba8d/dependencies/install/include/WPEFramework/websocket/URL.h", "pattern": "/^        inline void Port(const Core::OptionalType<unsigned short> port)$/", "language": "C++", "typeref": "typename:void", "kind": "function", "signature": "(const Core::OptionalType<unsigned short> port)", "scope": "WPEFramework::Core::URL", "scopeKind": "class"}, {"_type": "tag", "name": "Port", "path": "/home/kavia/workspace/code-generation/app-gateway2/__import__/extracted/app-gateway2-cga-cmf8e7ba8d/dependencies/install/include/WPEFramework/websocket/URL.h", "pattern": "/^        static uint16_t Port(const SchemeType type) {$/", "language": "C++", "typeref": "typename:uint16_t", "kind": "function", "signature": "(const SchemeType type)", "scope": "WPEFramework::Core::URL", "scopeKind": "class"}, {"_type": "tag", "name": "Query", "path": "/home/kavia/workspace/code-generation/app-gateway2/__import__/extracted/app-gateway2-cga-cmf8e7ba8d/dependencies/install/include/WPEFramework/websocket/URL.h", "pattern": "/^        inline const Core::OptionalType<string>& Query() const$/", "language": "C++", "typeref": "typename:const Core::OptionalType<string> &", "kind": "function", "signature": "() const", "scope": "WPEFramework::Core::URL", "scopeKind": "class"}, {"_type": "tag", "name": "Query", "path": "/home/kavia/workspace/code-generation/app-gateway2/__import__/extracted/app-gateway2-cga-cmf8e7ba8d/dependencies/install/include/WPEFramework/websocket/URL.h", "pattern": "/^        inline void Query(const Core::OptionalType<string>& value)$/", "language": "C++", "typeref": "typename:void", "kind": "function", "signature": "(const Core::OptionalType<string> & value)", "scope": "WPEFramework::Core::URL", "scopeKind": "class"}, {"_type": "tag", "name": "Ref", "path": "/home/kavia/workspace/code-generation/app-gateway2/__import__/extracted/app-gateway2-cga-cmf8e7ba8d/dependencies/install/include/WPEFramework/websocket/URL.h", "pattern": "/^        inline const Core::OptionalType<string>& Ref() const$/", "language": "C++", "typeref": "typename:const Core::OptionalType<string> &", "kind": "function", "signature": "() const", "scope": "WPEFramework::Core::URL", "scopeKind": "class"}, {"_type": "tag", "name": "Ref", "path": "/home/kavia/workspace/code-generation/app-gateway2/__import__/extracted/app-gateway2-cga-cmf8e7ba8d/dependencies/install/include/WPEFramework/websocket/URL.h", "pattern": "/^        inline void Ref(const Core::OptionalType<string>& value)$/", "language": "C++", "typeref": "typename:void", "kind": "function", "signature": "(const Core::OptionalType<string> & value)", "scope": "WPEFramework::Core::URL", "scopeKind": "class"}, {"_type": "tag", "name": "SCHEME_FILE", "path": "/home/kavia/workspace/code-generation/app-gateway2/__import__/extracted/app-gateway2-cga-cmf8e7ba8d/dependencies/install/include/WPEFramework/websocket/URL.h", "pattern": "/^            SCHEME_FILE,$/", "language": "C++", "kind": "enumerator", "scope": "WPEFramework::Core::URL::__anon1a9a99280103", "scopeKind": "enum"}, {"_type": "tag", "name": "SCHEME_FTP", "path": "/home/kavia/workspace/code-generation/app-gateway2/__import__/extracted/app-gateway2-cga-cmf8e7ba8d/dependencies/install/include/WPEFramework/websocket/URL.h", "pattern": "/^            SCHEME_FTP,$/", "language": "C++", "kind": "enumerator", "scope": "WPEFramework::Core::URL::__anon1a9a99280103", "scopeKind": "enum"}, {"_type": "tag", "name": "SCHEME_HTTP", "path": "/home/kavia/workspace/code-generation/app-gateway2/__import__/extracted/app-gateway2-cga-cmf8e7ba8d/dependencies/install/include/WPEFramework/websocket/URL.h", "pattern": "/^            SCHEME_HTTP,$/", "language": "C++", "kind": "enumerator", "scope": "WPEFramework::Core::URL::__anon1a9a99280103", "scopeKind": "enum"}, {"_type": "tag", "name": "SCHEME_HTTPS", "path": "/home/kavia/workspace/code-generation/app-gateway2/__import__/extracted/app-gateway2-cga-cmf8e7ba8d/dependencies/install/include/WPEFramework/websocket/URL.h", "pattern": "/^            SCHEME_HTTPS,$/", "language": "C++", "kind": "enumerator", "scope": "WPEFramework::Core::URL::__anon1a9a99280103", "scopeKind": "enum"}, {"_type": "tag", "name": "SCHEME_NTP", "path": "/home/kavia/workspace/code-generation/app-gateway2/__import__/extracted/app-gateway2-cga-cmf8e7ba8d/dependencies/install/include/WPEFramework/websocket/URL.h", "pattern": "/^            SCHEME_NTP,$/", "language": "C++", "kind": "enumerator", "scope": "WPEFramework::Core::URL::__anon1a9a99280103", "scopeKind": "enum"}, {"_type": "tag", "name": "SCHEME_UNKNOWN", "path": "/home/kavia/workspace/code-generation/app-gateway2/__import__/extracted/app-gateway2-cga-cmf8e7ba8d/dependencies/install/include/WPEFramework/websocket/URL.h", "pattern": "/^            SCHEME_UNKNOWN$/", "language": "C++", "kind": "enumerator", "scope": "WPEFramework::Core::URL::__anon1a9a99280103", "scopeKind": "enum"}, {"_type": "tag", "name": "SCHEME_WS", "path": "/home/kavia/workspace/code-generation/app-gateway2/__import__/extracted/app-gateway2-cga-cmf8e7ba8d/dependencies/install/include/WPEFramework/websocket/URL.h", "pattern": "/^            SCHEME_WS,$/", "language": "C++", "kind": "enumerator", "scope": "WPEFramework::Core::URL::__anon1a9a99280103", "scopeKind": "enum"}, {"_type": "tag", "name": "SCHEME_WSS", "path": "/home/kavia/workspace/code-generation/app-gateway2/__import__/extracted/app-gateway2-cga-cmf8e7ba8d/dependencies/install/include/WPEFramework/websocket/URL.h", "pattern": "/^            SCHEME_WSS,$/", "language": "C++", "kind": "enumerator", "scope": "WPEFramework::Core::URL::__anon1a9a99280103", "scopeKind": "enum"}, {"_type": "tag", "name": "SchemeType", "path": "/home/kavia/workspace/code-generation/app-gateway2/__import__/extracted/app-gateway2-cga-cmf8e7ba8d/dependencies/install/include/WPEFramework/websocket/URL.h", "pattern": "/^        } SchemeType;$/", "language": "C++", "typeref": "enum:WPEFramework::Core::URL::__anon1a9a99280103", "kind": "typedef", "scope": "WPEFramework::Core::URL", "scopeKind": "class"}, {"_type": "tag", "name": "Type", "path": "/home/kavia/workspace/code-generation/app-gateway2/__import__/extracted/app-gateway2-cga-cmf8e7ba8d/dependencies/install/include/WPEFramework/websocket/URL.h", "pattern": "/^        SchemeType Type() const $/", "language": "C++", "typeref": "typename:SchemeType", "kind": "function", "signature": "() const", "scope": "WPEFramework::Core::URL", "scopeKind": "class"}, {"_type": "tag", "name": "UNAVAILABLE", "path": "/home/kavia/workspace/code-generation/app-gateway2/__import__/extracted/app-gateway2-cga-cmf8e7ba8d/dependencies/install/include/WPEFramework/websocket/URL.h", "pattern": "/^                UNAVAILABLE = 0,$/", "language": "C++", "kind": "enumerator", "scope": "WPEFramework::Core::URL::KeyValue::status", "scopeKind": "enum"}, {"_type": "tag", "name": "URL", "path": "/home/kavia/workspace/code-generation/app-gateway2/__import__/extracted/app-gateway2-cga-cmf8e7ba8d/dependencies/install/include/WPEFramework/websocket/URL.h", "pattern": "/^        URL()$/", "language": "C++", "kind": "function", "signature": "()", "scope": "WPEFramework::Core::URL", "scopeKind": "class"}, {"_type": "tag", "name": "URL", "path": "/home/kavia/workspace/code-generation/app-gateway2/__import__/extracted/app-gateway2-cga-cmf8e7ba8d/dependencies/install/include/WPEFramework/websocket/URL.h", "pattern": "/^        URL(const URL& copy)$/", "language": "C++", "kind": "function", "signature": "(const URL & copy)", "scope": "WPEFramework::Core::URL", "scopeKind": "class"}, {"_type": "tag", "name": "URL", "path": "/home/kavia/workspace/code-generation/app-gateway2/__import__/extracted/app-gateway2-cga-cmf8e7ba8d/dependencies/install/include/WPEFramework/websocket/URL.h", "pattern": "/^        explicit URL(const Core::TextFragment& text)$/", "language": "C++", "kind": "function", "signature": "(const Core::TextFragment & text)", "scope": "WPEFramework::Core::URL", "scopeKind": "class"}, {"_type": "tag", "name": "URL", "path": "/home/kavia/workspace/code-generation/app-gateway2/__import__/extracted/app-gateway2-cga-cmf8e7ba8d/dependencies/install/include/WPEFramework/websocket/URL.h", "pattern": "/^        explicit URL(const SchemeType type)$/", "language": "C++", "kind": "function", "signature": "(const SchemeType type)", "scope": "WPEFramework::Core::URL", "scopeKind": "class"}, {"_type": "tag", "name": "URL", "path": "/home/kavia/workspace/code-generation/app-gateway2/__import__/extracted/app-gateway2-cga-cmf8e7ba8d/dependencies/install/include/WPEFramework/websocket/URL.h", "pattern": "/^        explicit URL(const TCHAR urlStr[])$/", "language": "C++", "kind": "function", "signature": "(const TCHAR urlStr[])", "scope": "WPEFramework::Core::URL", "scopeKind": "class"}, {"_type": "tag", "name": "URL", "path": "/home/kavia/workspace/code-generation/app-gateway2/__import__/extracted/app-gateway2-cga-cmf8e7ba8d/dependencies/install/include/WPEFramework/websocket/URL.h", "pattern": "/^        explicit URL(const string& urlStr)$/", "language": "C++", "kind": "function", "signature": "(const string & urlStr)", "scope": "WPEFramework::Core::URL", "scopeKind": "class"}, {"_type": "tag", "name": "URL", "path": "/home/kavia/workspace/code-generation/app-gateway2/__import__/extracted/app-gateway2-cga-cmf8e7ba8d/dependencies/install/include/WPEFramework/websocket/URL.h", "pattern": "/^    class EXTERNAL URL {$/", "language": "C++", "kind": "class", "scope": "WPEFramework::Core", "scopeKind": "namespace"}, {"_type": "tag", "name": "UserName", "path": "/home/kavia/workspace/code-generation/app-gateway2/__import__/extracted/app-gateway2-cga-cmf8e7ba8d/dependencies/install/include/WPEFramework/websocket/URL.h", "pattern": "/^        inline const Core::OptionalType<string>& UserName() const$/", "language": "C++", "typeref": "typename:const Core::OptionalType<string> &", "kind": "function", "signature": "() const", "scope": "WPEFramework::Core::URL", "scopeKind": "class"}, {"_type": "tag", "name": "UserName", "path": "/home/kavia/workspace/code-generation/app-gateway2/__import__/extracted/app-gateway2-cga-cmf8e7ba8d/dependencies/install/include/WPEFramework/websocket/URL.h", "pattern": "/^        inline void UserName(const Core::OptionalType<string>& value)$/", "language": "C++", "typeref": "typename:void", "kind": "function", "signature": "(const Core::OptionalType<string> & value)", "scope": "WPEFramework::Core::URL", "scopeKind": "class"}, {"_type": "tag", "name": "Value", "path": "/home/kavia/workspace/code-generation/app-gateway2/__import__/extracted/app-gateway2-cga-cmf8e7ba8d/dependencies/install/include/WPEFramework/websocket/URL.h", "pattern": "/^            inline const Core::TextFragment Value(const TCHAR key[], const bool caseSensitive = /", "language": "C++", "typeref": "typename:const Core::TextFragment", "kind": "function", "signature": "(const TCHAR key[],const bool caseSensitive=true) const", "scope": "WPEFramework::Core::URL::KeyValue", "scopeKind": "class"}, {"_type": "tag", "name": "WPEFramework", "path": "/home/kavia/workspace/code-generation/app-gateway2/__import__/extracted/app-gateway2-cga-cmf8e7ba8d/dependencies/install/include/WPEFramework/websocket/URL.h", "pattern": "/^namespace WPEFramework {$/", "language": "C++", "kind": "namespace"}, {"_type": "tag", "name": "__anon1a9a99280103", "path": "/home/kavia/workspace/code-generation/app-gateway2/__import__/extracted/app-gateway2-cga-cmf8e7ba8d/dependencies/install/include/WPEFramework/websocket/URL.h", "pattern": "/^        typedef enum {$/", "language": "C++", "kind": "enum", "scope": "WPEFramework::Core::URL", "scopeKind": "class"}, {"_type": "tag", "name": "_data", "path": "/home/kavia/workspace/code-generation/app-gateway2/__import__/extracted/app-gateway2-cga-cmf8e7ba8d/dependencies/install/include/WPEFramework/websocket/URL.h", "pattern": "/^            Core::TextFragment _data;$/", "language": "C++", "typeref": "typename:Core::TextFragment", "kind": "member", "scope": "WPEFramework::Core::URL::KeyValue", "scopeKind": "class"}, {"_type": "tag", "name": "_host", "path": "/home/kavia/workspace/code-generation/app-gateway2/__import__/extracted/app-gateway2-cga-cmf8e7ba8d/dependencies/install/include/WPEFramework/websocket/URL.h", "pattern": "/^        Core::OptionalType<string> _host;$/", "language": "C++", "typeref": "typename:Core::OptionalType<string>", "kind": "member", "scope": "WPEFramework::Core::URL", "scopeKind": "class"}, {"_type": "tag", "name": "_password", "path": "/home/kavia/workspace/code-generation/app-gateway2/__import__/extracted/app-gateway2-cga-cmf8e7ba8d/dependencies/install/include/WPEFramework/websocket/URL.h", "pattern": "/^        Core::OptionalType<string> _password;$/", "language": "C++", "typeref": "typename:Core::OptionalType<string>", "kind": "member", "scope": "WPEFramework::Core::URL", "scopeKind": "class"}, {"_type": "tag", "name": "_path", "path": "/home/kavia/workspace/code-generation/app-gateway2/__import__/extracted/app-gateway2-cga-cmf8e7ba8d/dependencies/install/include/WPEFramework/websocket/URL.h", "pattern": "/^        Core::OptionalType<string> _path;$/", "language": "C++", "typeref": "typename:Core::OptionalType<string>", "kind": "member", "scope": "WPEFramework::Core::URL", "scopeKind": "class"}, {"_type": "tag", "name": "_port", "path": "/home/kavia/workspace/code-generation/app-gateway2/__import__/extracted/app-gateway2-cga-cmf8e7ba8d/dependencies/install/include/WPEFramework/websocket/URL.h", "pattern": "/^        Core::OptionalType<unsigned short> _port;$/", "language": "C++", "typeref": "typename:Core::OptionalType<unsigned short>", "kind": "member", "scope": "WPEFramework::Core::URL", "scopeKind": "class"}, {"_type": "tag", "name": "_query", "path": "/home/kavia/workspace/code-generation/app-gateway2/__import__/extracted/app-gateway2-cga-cmf8e7ba8d/dependencies/install/include/WPEFramework/websocket/URL.h", "pattern": "/^        Core::OptionalType<string> _query;$/", "language": "C++", "typeref": "typename:Core::OptionalType<string>", "kind": "member", "scope": "WPEFramework::Core::URL", "scopeKind": "class"}, {"_type": "tag", "name": "_ref", "path": "/home/kavia/workspace/code-generation/app-gateway2/__import__/extracted/app-gateway2-cga-cmf8e7ba8d/dependencies/install/include/WPEFramework/websocket/URL.h", "pattern": "/^        Core::OptionalType<string> _ref;$/", "language": "C++", "typeref": "typename:Core::OptionalType<string>", "kind": "member", "scope": "WPEFramework::Core::URL", "scopeKind": "class"}, {"_type": "tag", "name": "_scheme", "path": "/home/kavia/workspace/code-generation/app-gateway2/__import__/extracted/app-gateway2-cga-cmf8e7ba8d/dependencies/install/include/WPEFramework/websocket/URL.h", "pattern": "/^        SchemeType _scheme;$/", "language": "C++", "typeref": "typename:SchemeType", "kind": "member", "scope": "WPEFramework::Core::URL", "scopeKind": "class"}, {"_type": "tag", "name": "_username", "path": "/home/kavia/workspace/code-generation/app-gateway2/__import__/extracted/app-gateway2-cga-cmf8e7ba8d/dependencies/install/include/WPEFramework/websocket/URL.h", "pattern": "/^        Core::OptionalType<string> _username;$/", "language": "C++", "typeref": "typename:Core::OptionalType<string>", "kind": "member", "scope": "WPEFramework::Core::URL", "scopeKind": "class"}, {"_type": "tag", "name": "operator =", "path": "/home/kavia/workspace/code-generation/app-gateway2/__import__/extracted/app-gateway2-cga-cmf8e7ba8d/dependencies/install/include/WPEFramework/websocket/URL.h", "pattern": "/^            KeyValue& operator= (const KeyValue& RHS) {$/", "language": "C++", "typeref": "typename:KeyValue &", "kind": "function", "signature": "(const KeyValue & RHS)", "scope": "WPEFramework::Core::URL::KeyValue", "scopeKind": "class"}, {"_type": "tag", "name": "operator =", "path": "/home/kavia/workspace/code-generation/app-gateway2/__import__/extracted/app-gateway2-cga-cmf8e7ba8d/dependencies/install/include/WPEFramework/websocket/URL.h", "pattern": "/^        inline URL& operator=(const URL& copy)$/", "language": "C++", "typeref": "typename:URL &", "kind": "function", "signature": "(const URL & copy)", "scope": "WPEFramework::Core::URL", "scopeKind": "class"}, {"_type": "tag", "name": "operator []", "path": "/home/kavia/workspace/code-generation/app-gateway2/__import__/extracted/app-gateway2-cga-cmf8e7ba8d/dependencies/install/include/WPEFramework/websocket/URL.h", "pattern": "/^            inline const Core::TextFragment operator[](const TCHAR key[]) const$/", "language": "C++", "typeref": "typename:const Core::TextFragment", "kind": "function", "signature": "(const TCHAR key[]) const", "scope": "WPEFramework::Core::URL::KeyValue", "scopeKind": "class"}, {"_type": "tag", "name": "status", "path": "/home/kavia/workspace/code-generation/app-gateway2/__import__/extracted/app-gateway2-cga-cmf8e7ba8d/dependencies/install/include/WPEFramework/websocket/URL.h", "pattern": "/^            enum class status : uint8_t {$/", "language": "C++", "typeref": "typename:uint8_t", "kind": "enum", "scope": "WPEFramework::Core::URL::KeyValue", "scopeKind": "class"}, {"_type": "tag", "name": "~URL", "path": "/home/kavia/workspace/code-generation/app-gateway2/__import__/extracted/app-gateway2-cga-cmf8e7ba8d/dependencies/install/include/WPEFramework/websocket/URL.h", "pattern": "/^        ~URL()$/", "language": "C++", "kind": "function", "signature": "()", "scope": "WPEFramework::Core::URL", "scopeKind": "class"}], "hash": "a5098d7dfe29494e5fd0d844e312aed8", "format-version": 4, "code-base-name": "app-gateway2", "filename": "__import__/extracted/app-gateway2-cga-cmf8e7ba8d/dependencies/install/include/WPEFramework/websocket/URL.h", "fields": [{"name": "uint32_t MaximumURLLength", "scope": "WPEFramework::Core::URL", "scopeKind": "class", "description": "unavailable"}, {"name": "Core::TextFragment _data", "scope": "WPEFramework::Core::URL::KeyValue", "scopeKind": "class", "description": "unavailable"}, {"name": "Core::OptionalType<string> _host", "scope": "WPEFramework::Core::URL", "scopeKind": "class", "description": "unavailable"}, {"name": "Core::OptionalType<string> _password", "scope": "WPEFramework::Core::URL", "scopeKind": "class", "description": "unavailable"}, {"name": "Core::OptionalType<string> _path", "scope": "WPEFramework::Core::URL", "scopeKind": "class", "description": "unavailable"}, {"name": "Core::OptionalType<unsigned short> _port", "scope": "WPEFramework::Core::URL", "scopeKind": "class", "description": "unavailable"}, {"name": "Core::OptionalType<string> _query", "scope": "WPEFramework::Core::URL", "scopeKind": "class", "description": "unavailable"}, {"name": "Core::OptionalType<string> _ref", "scope": "WPEFramework::Core::URL", "scopeKind": "class", "description": "unavailable"}, {"name": "SchemeType _scheme", "scope": "WPEFramework::Core::URL", "scopeKind": "class", "description": "unavailable"}, {"name": "Core::OptionalType<string> _username", "scope": "WPEFramework::Core::URL", "scopeKind": "class", "description": "unavailable"}], "revision_history": [{"3943": "0f87a35b32215bc8547fb583d6c84bd51f603f69"}]}