{"is_source_file": true, "format": "C++", "description": "This file defines the implementation of the OttServices plugin in a C++ project, including initialization, deinitialization, and remote connection handling.", "external_files": ["OttServices.h", "OttServicesImplementation.h", "<core/Enumerate.h>", "<plugins/plugins.h>", "UtilsLogging.h", "<interfaces/IConfiguration.h>", "<interfaces/json/JsonData_OttServices.h>", "<interfaces/json/JOttServices.h>"], "external_methods": ["Plugin::Metadata<Plugin::OttServices>", "SYSLOG", "getpid", "Exchange::IOttServices", "Exchange::IConfiguration", "Exchange::JOttServices::Register", "Exchange::JOttServices::Unregister", "RPC::IRemoteConnection", "Core::ERROR_DESTRUCTION_SUCCEEDED", "Core::IWorkerPool::Instance", "PluginHost::IShell::Job::Create", "PluginHost::IShell::DEACTIVATED", "PluginHost::IShell::FAILURE"], "published": ["OttServices::Initialize", "OttServices::Deinitialize", "OttServices::Deactivated"], "classes": [{"name": "OttServices", "description": "Implementation class for the OttServices plugin managing connection and RPC interface setup."}], "methods": [{"name": "OttServices()", "description": "Constructor initializing the OttServices instance.", "scope": "WPEFramework::Plugin::OttServices", "scopeKind": "class"}, {"name": " ~OttServices", "description": "Destructor cleaning up the OttServices instance."}, {"name": "const string Initialize(PluginHost::IShell * service)", "description": "Initializes the plugin, connecting to remote services and setting up JSON-RPC methods.", "scope": "WPEFramework::Plugin::OttServices", "scopeKind": "class"}, {"name": "void Deinitialize(PluginHost::IShell * service)", "description": "Cleans up resources and disconnects from remote services.", "scope": "WPEFramework::Plugin::OttServices", "scopeKind": "class"}, {"name": "void Deactivated(RPC::IRemoteConnection * connection)", "description": "Handles remote connection deactivation events.", "scope": "WPEFramework::Plugin::OttServices", "scopeKind": "class"}, {"name": "~OttServices()", "scope": "WPEFramework::Plugin::OttServices", "scopeKind": "class", "description": "unavailable"}], "calls": ["Exchange::IOttServices", "Exchange::IConfiguration::Configure", "Exchange::JOttServices::Register", "Exchange::JOttServices::Unregister", "PluginHost::IShell::RemoteConnection", "connection->Terminate()", "connection->Release()", "Core::IWorkerPool::Instance().Submit()", "PluginHost::IShell::Job::Create()"], "search-terms": ["OttServices", "IOttServices", "Initialize", "Deinitialize", "RemoteConnection", "RPC", "Plugin", "WPEFramework"], "state": 2, "file_id": 1192, "knowledge_revision": 3807, "git_revision": "0f87a35b32215bc8547fb583d6c84bd51f603f69", "ctags": [{"_type": "tag", "name": "API_VERSION_NUMBER_MAJOR", "path": "/home/kavia/workspace/code-generation/app-gateway2/__import__/extracted/app-gateway2-cga-cmf8e7ba8d/app-gateway/OttServices/OttServices.cpp", "pattern": "/^#define API_VERSION_NUMBER_MAJOR /", "file": true, "language": "C++", "kind": "macro"}, {"_type": "tag", "name": "API_VERSION_NUMBER_MINOR", "path": "/home/kavia/workspace/code-generation/app-gateway2/__import__/extracted/app-gateway2-cga-cmf8e7ba8d/app-gateway/OttServices/OttServices.cpp", "pattern": "/^#define API_VERSION_NUMBER_MINOR /", "file": true, "language": "C++", "kind": "macro"}, {"_type": "tag", "name": "API_VERSION_NUMBER_PATCH", "path": "/home/kavia/workspace/code-generation/app-gateway2/__import__/extracted/app-gateway2-cga-cmf8e7ba8d/app-gateway/OttServices/OttServices.cpp", "pattern": "/^#define API_VERSION_NUMBER_PATCH /", "file": true, "language": "C++", "kind": "macro"}, {"_type": "tag", "name": "Deactivated", "path": "/home/kavia/workspace/code-generation/app-gateway2/__import__/extracted/app-gateway2-cga-cmf8e7ba8d/app-gateway/OttServices/OttServices.cpp", "pattern": "/^    void OttServices::Deactivated(RPC::IRemoteConnection* connection)$/", "language": "C++", "typeref": "typename:void", "kind": "function", "signature": "(RPC::IRemoteConnection * connection)", "scope": "WPEFramework::Plugin::OttServices", "scopeKind": "class"}, {"_type": "tag", "name": "Deinitialize", "path": "/home/kavia/workspace/code-generation/app-gateway2/__import__/extracted/app-gateway2-cga-cmf8e7ba8d/app-gateway/OttServices/OttServices.cpp", "pattern": "/^    \\/* virtual *\\/ void OttServices::Deinitialize(PluginHost::IShell* service)$/", "language": "C++", "typeref": "typename:void", "kind": "function", "signature": "(PluginHost::IShell * service)", "scope": "WPEFramework::Plugin::OttServices", "scopeKind": "class"}, {"_type": "tag", "name": "Initialize", "path": "/home/kavia/workspace/code-generation/app-gateway2/__import__/extracted/app-gateway2-cga-cmf8e7ba8d/app-gateway/OttServices/OttServices.cpp", "pattern": "/^    \\/* virtual *\\/ const string OttServices::Initialize(PluginHost::IShell* service)$/", "language": "C++", "typeref": "typename:const string", "kind": "function", "signature": "(PluginHost::IShell * service)", "scope": "WPEFramework::Plugin::OttServices", "scopeKind": "class"}, {"_type": "tag", "name": "OttServices", "path": "/home/kavia/workspace/code-generation/app-gateway2/__import__/extracted/app-gateway2-cga-cmf8e7ba8d/app-gateway/OttServices/OttServices.cpp", "pattern": "/^    OttServices::OttServices()$/", "language": "C++", "kind": "function", "signature": "()", "scope": "WPEFramework::Plugin::OttServices", "scopeKind": "class"}, {"_type": "tag", "name": "Plugin", "path": "/home/kavia/workspace/code-generation/app-gateway2/__import__/extracted/app-gateway2-cga-cmf8e7ba8d/app-gateway/OttServices/OttServices.cpp", "pattern": "/^namespace Plugin {$/", "file": true, "language": "C++", "kind": "namespace", "scope": "WPEFramework", "scopeKind": "namespace"}, {"_type": "tag", "name": "WPEFramework", "path": "/home/kavia/workspace/code-generation/app-gateway2/__import__/extracted/app-gateway2-cga-cmf8e7ba8d/app-gateway/OttServices/OttServices.cpp", "pattern": "/^namespace WPEFramework {$/", "file": true, "language": "C++", "kind": "namespace"}, {"_type": "tag", "name": "__anon22432f560111", "path": "/home/kavia/workspace/code-generation/app-gateway2/__import__/extracted/app-gateway2-cga-cmf8e7ba8d/app-gateway/OttServices/OttServices.cpp", "pattern": "/^namespace {$/", "file": true, "language": "C++", "kind": "namespace", "scope": "WPEFramework", "scopeKind": "namespace"}, {"_type": "tag", "name": "metadata", "path": "/home/kavia/workspace/code-generation/app-gateway2/__import__/extracted/app-gateway2-cga-cmf8e7ba8d/app-gateway/OttServices/OttServices.cpp", "pattern": "/^    static Plugin::Metadata<Plugin::OttServices> metadata($/", "file": true, "language": "C++", "typeref": "typename:Plugin::Metadata<Plugin::OttServices>", "kind": "variable", "scope": "WPEFramework::__anon22432f560111", "scopeKind": "namespace"}, {"_type": "tag", "name": "~OttServices", "path": "/home/kavia/workspace/code-generation/app-gateway2/__import__/extracted/app-gateway2-cga-cmf8e7ba8d/app-gateway/OttServices/OttServices.cpp", "pattern": "/^    OttServices::~OttServices()$/", "language": "C++", "kind": "function", "signature": "()", "scope": "WPEFramework::Plugin::OttServices", "scopeKind": "class"}], "hash": "68337523a406838aa11bf196b0910ea9", "format-version": 4, "code-base-name": "app-gateway2", "filename": "__import__/extracted/app-gateway2-cga-cmf8e7ba8d/app-gateway/OttServices/OttServices.cpp", "fields": [{"name": "Plugin::Metadata<Plugin::OttServices> metadata", "scope": "WPEFramework::__anon22432f560111", "scopeKind": "namespace", "description": "unavailable"}], "revision_history": [{"3807": "0f87a35b32215bc8547fb583d6c84bd51f603f69"}]}