{"is_source_file": true, "format": "C++ header file", "description": "This file defines classes and constants for handling ASN.1 data structures, including buffers, OID representations, and ASN.1 sequence parsing, primarily used for encoding and decoding ASN.1 DER data in cryptographic or network protocols.", "external_files": ["Module.h", "Portability.h"], "external_methods": [], "published": ["WPEFramework::Core::ASN1::Buffer", "WPEFramework::Core::ASN1::OID", "WPEFramework::Core::ASN1::Sequence", "WPEFramework::Core::ASN1::enumType", "WPEFramework::Core::ASN1::enumError"], "classes": [{"name": "Buffer", "description": "A utility class for managing a mutable buffer with reference counting and size management."}, {"name": "OID", "description": "Represents an Object Identifier (OID) with methods for parsing and encoding."}, {"name": "Sequence", "description": "Handles ASN.1 sequence parsing, iterating over ASN.1 encoded data."}], "methods": [{"name": "Buffer::Size", "description": "Sets the size of the buffer data."}, {"name": "Buffer::Size()", "description": "Returns the size of the buffer data."}, {"name": "Buffer::operator[]", "description": "Accesses a byte at a specific index in the buffer."}, {"name": "Buffer::operator[] const", "description": "Accesses a byte at a specific index in the buffer (const version)."}, {"name": "OID::Elements", "description": "Returns an iterator over the OID components."}, {"name": "OID::Length", "description": "Returns the length of the OID buffer."}, {"name": "OID::Buffer", "description": "Returns a pointer to the OID buffer."}, {"name": "OID::Text", "description": "Returns the human-readable dotted string representation of the OID."}, {"name": "Sequence::Reset", "description": "Resets the sequence iterator."}, {"name": "Sequence::IsValid", "description": "Checks if the current sequence position is valid."}, {"name": "Sequence::Next", "description": "Moves to the next ASN.1 element in the sequence."}, {"name": "Sequence::Tag", "description": "Returns the ASN.1 tag of the current element."}, {"name": "Sequence::Length", "description": "Returns the length of the current ASN.1 element."}, {"name": "Sequence::Data", "description": "Returns a pointer to the data of the current ASN.1 element."}, {"name": "Sequence::Value", "description": "Various overloads to retrieve the value of the current ASN.1 element as different data types."}, {"name": "void AddRef()", "scope": "WPEFramework::Core::ASN1::Buffer", "scopeKind": "class", "description": "unavailable"}, {"name": "Buffer()", "scope": "WPEFramework::Core::ASN1::Buffer", "scopeKind": "class", "description": "unavailable"}, {"name": "Buffer(const Buffer & copy)", "scope": "WPEFramework::Core::ASN1::Buffer", "scopeKind": "class", "description": "unavailable"}, {"name": "Buffer(const uint16_t length)", "scope": "WPEFramework::Core::ASN1::Buffer", "scopeKind": "class", "description": "unavailable"}, {"name": "const uint8_t * Buffer() const", "scope": "WPEFramework::Core::ASN1::OID", "scopeKind": "class", "description": "unavailable"}, {"name": "uint16_t Count() const", "scope": "WPEFramework::Core::ASN1::OID::Iterator", "scopeKind": "class", "description": "unavailable"}, {"name": "const uint8_t * Data() const", "scope": "WPEFramework::Core::ASN1::Sequence", "scopeKind": "class", "description": "unavailable"}, {"name": "Iterator Elements() const", "scope": "WPEFramework::Core::ASN1::OID", "scopeKind": "class", "description": "unavailable"}, {"name": "bool IsValid() const", "scope": "WPEFramework::Core::ASN1::Sequence", "scopeKind": "class", "description": "unavailable"}, {"name": "Iterator()", "scope": "WPEFramework::Core::ASN1::OID::Iterator", "scopeKind": "class", "description": "unavailable"}, {"name": "Iterator(const Iterator & copy)", "scope": "WPEFramework::Core::ASN1::OID::Iterator", "scopeKind": "class", "description": "unavailable"}, {"name": "Iterator(const uint8_t * buffer,const uint16_t length)", "scope": "WPEFramework::Core::ASN1::OID::Iterator", "scopeKind": "class", "description": "unavailable"}, {"name": "uint16_t Length() const", "scope": "WPEFramework::Core::ASN1::OID", "scopeKind": "class", "description": "unavailable"}, {"name": "uint8_t Length() const", "scope": "WPEFramework::Core::ASN1::Sequence", "scopeKind": "class", "description": "unavailable"}, {"name": "bool Next()", "scope": "WPEFramework::Core::ASN1::Sequence", "scopeKind": "class", "description": "unavailable"}, {"name": "uint16_t Number() const", "scope": "WPEFramework::Core::ASN1::OID::Iterator", "scopeKind": "class", "description": "unavailable"}, {"name": "OID(const OID & copy)", "scope": "WPEFramework::Core::ASN1::OID", "scopeKind": "class", "description": "unavailable"}, {"name": "OID(const string & OID)", "scope": "WPEFramework::Core::ASN1::OID", "scopeKind": "class", "description": "unavailable"}, {"name": "OID(const uint8_t identifier[],const uint16_t length)", "scope": "WPEFramework::Core::ASN1::OID", "scopeKind": "class", "description": "unavailable"}, {"name": "void Release()", "scope": "WPEFramework::Core::ASN1::Buffer", "scopeKind": "class", "description": "unavailable"}, {"name": "void Reset()", "scope": "WPEFramework::Core::ASN1::Sequence", "scopeKind": "class", "description": "unavailable"}, {"name": "Sequence()", "scope": "WPEFramework::Core::ASN1::Sequence", "scopeKind": "class", "description": "unavailable"}, {"name": "Sequence(const Buffer & buffer,const uint16_t index=0,const uint16_t length=~0)", "scope": "WPEFramework::Core::ASN1::Sequence", "scopeKind": "class", "description": "unavailable"}, {"name": "Sequence(const Sequence & copy)", "scope": "WPEFramework::Core::ASN1::Sequence", "scopeKind": "class", "description": "unavailable"}, {"name": "uint16_t Size() const", "scope": "WPEFramework::Core::ASN1::Buffer", "scopeKind": "class", "description": "unavailable"}, {"name": "void Size(const uint16_t length)", "scope": "WPEFramework::Core::ASN1::Buffer", "scopeKind": "class", "description": "unavailable"}, {"name": "enumType Tag() const", "scope": "WPEFramework::Core::ASN1::Sequence", "scopeKind": "class", "description": "unavailable"}, {"name": "string Text() const", "scope": "WPEFramework::Core::ASN1::OID", "scopeKind": "class", "description": "unavailable"}, {"name": "enumError Value(OID & value) const", "scope": "WPEFramework::Core::ASN1::Sequence", "scopeKind": "class", "description": "unavailable"}, {"name": "enumError Value(Sequence & value) const", "scope": "WPEFramework::Core::ASN1::Sequence", "scopeKind": "class", "description": "unavailable"}, {"name": "enumError Value(bool & value) const", "scope": "WPEFramework::Core::ASN1::Sequence", "scopeKind": "class", "description": "unavailable"}, {"name": "enumError Value(int16_t & value) const", "scope": "WPEFramework::Core::ASN1::Sequence", "scopeKind": "class", "description": "unavailable"}, {"name": "enumError Value(int32_t & value) const", "scope": "WPEFramework::Core::ASN1::Sequence", "scopeKind": "class", "description": "unavailable"}, {"name": "enumError Value(int64_t & value) const", "scope": "WPEFramework::Core::ASN1::Sequence", "scopeKind": "class", "description": "unavailable"}, {"name": "enumError Value(signed char & value) const", "scope": "WPEFramework::Core::ASN1::Sequence", "scopeKind": "class", "description": "unavailable"}, {"name": "enumError Value(string & value) const", "scope": "WPEFramework::Core::ASN1::Sequence", "scopeKind": "class", "description": "unavailable"}, {"name": "enumError Value(uint16_t & value) const", "scope": "WPEFramework::Core::ASN1::Sequence", "scopeKind": "class", "description": "unavailable"}], "calls": ["ASSERT", "memcpy", "memcmp", "::memcpy", "::memcmp"], "search-terms": ["ASN1", "Object Identifier", "DER encoding", "Sequence parsing", "Buffer management", "OID iterator", "ASN.1 tags", "ASN1 errors", "DER constants"], "state": 2, "file_id": 1408, "knowledge_revision": 16275, "git_revision": "0f87a35b32215bc8547fb583d6c84bd51f603f69", "ctags": [{"_type": "tag", "name": "ASN1", "path": "/home/kavia/workspace/code-generation/app-gateway2/__import__/extracted/app-gateway2-cga-cmf8e7ba8d/dependencies/install/include/WPEFramework/core/ASN1.h", "pattern": "/^    namespace ASN1 {$/", "language": "C++", "kind": "namespace", "scope": "WPEFramework::Core", "scopeKind": "namespace"}, {"_type": "tag", "name": "ASN1_BUF_TOO_SMALL", "path": "/home/kavia/workspace/code-generation/app-gateway2/__import__/extracted/app-gateway2-cga-cmf8e7ba8d/dependencies/install/include/WPEFramework/core/ASN1.h", "pattern": "/^            ASN1_BUF_TOO_SMALL = 0x6C \\/**< Buffer too small when writing ASN.1 data structure. /", "language": "C++", "kind": "enumerator", "scope": "WPEFramework::Core::ASN1::enumError", "scopeKind": "enum"}, {"_type": "tag", "name": "ASN1_INVALID_DATA", "path": "/home/kavia/workspace/code-generation/app-gateway2/__import__/extracted/app-gateway2-cga-cmf8e7ba8d/dependencies/install/include/WPEFramework/core/ASN1.h", "pattern": "/^            ASN1_INVALID_DATA = 0x68, \\/**< Data is invalid. (not used) *\\/$/", "language": "C++", "kind": "enumerator", "scope": "WPEFramework::Core::ASN1::enumError", "scopeKind": "enum"}, {"_type": "tag", "name": "ASN1_INVALID_LENGTH", "path": "/home/kavia/workspace/code-generation/app-gateway2/__import__/extracted/app-gateway2-cga-cmf8e7ba8d/dependencies/install/include/WPEFramework/core/ASN1.h", "pattern": "/^            ASN1_INVALID_LENGTH = 0x64, \\/**< Error when trying to determine the length or inval/", "language": "C++", "kind": "enumerator", "scope": "WPEFramework::Core::ASN1::enumError", "scopeKind": "enum"}, {"_type": "tag", "name": "ASN1_LENGTH_MISMATCH", "path": "/home/kavia/workspace/code-generation/app-gateway2/__import__/extracted/app-gateway2-cga-cmf8e7ba8d/dependencies/install/include/WPEFramework/core/ASN1.h", "pattern": "/^            ASN1_LENGTH_MISMATCH = 0x66, \\/**< Actual length differs from expected length. *\\/$/", "language": "C++", "kind": "enumerator", "scope": "WPEFramework::Core::ASN1::enumError", "scopeKind": "enum"}, {"_type": "tag", "name": "ASN1_MALLOC_FAILED", "path": "/home/kavia/workspace/code-generation/app-gateway2/__import__/extracted/app-gateway2-cga-cmf8e7ba8d/dependencies/install/include/WPEFramework/core/ASN1.h", "pattern": "/^            ASN1_MALLOC_FAILED = 0x6A, \\/**< Memory allocation failed *\\/$/", "language": "C++", "kind": "enumerator", "scope": "WPEFramework::Core::ASN1::enumError", "scopeKind": "enum"}, {"_type": "tag", "name": "ASN1_OK", "path": "/home/kavia/workspace/code-generation/app-gateway2/__import__/extracted/app-gateway2-cga-cmf8e7ba8d/dependencies/install/include/WPEFramework/core/ASN1.h", "pattern": "/^            ASN1_OK = 0x00,$/", "language": "C++", "kind": "enumerator", "scope": "WPEFramework::Core::ASN1::enumError", "scopeKind": "enum"}, {"_type": "tag", "name": "ASN1_OUT_OF_DATA", "path": "/home/kavia/workspace/code-generation/app-gateway2/__import__/extracted/app-gateway2-cga-cmf8e7ba8d/dependencies/install/include/WPEFramework/core/ASN1.h", "pattern": "/^            ASN1_OUT_OF_DATA = 0x60, \\/**< Out of data when parsing an ASN1 data structure. *\\/$/", "language": "C++", "kind": "enumerator", "scope": "WPEFramework::Core::ASN1::enumError", "scopeKind": "enum"}, {"_type": "tag", "name": "ASN1_UNEXPECTED_TAG", "path": "/home/kavia/workspace/code-generation/app-gateway2/__import__/extracted/app-gateway2-cga-cmf8e7ba8d/dependencies/install/include/WPEFramework/core/ASN1.h", "pattern": "/^            ASN1_UNEXPECTED_TAG = 0x62, \\/**< ASN1 tag was of an unexpected value. *\\/$/", "language": "C++", "kind": "enumerator", "scope": "WPEFramework::Core::ASN1::enumError", "scopeKind": "enum"}, {"_type": "tag", "name": "AddRef", "path": "/home/kavia/workspace/code-generation/app-gateway2/__import__/extracted/app-gateway2-cga-cmf8e7ba8d/dependencies/install/include/WPEFramework/core/ASN1.h", "pattern": "/^            void AddRef()$/", "language": "C++", "typeref": "typename:void", "kind": "function", "signature": "()", "scope": "WPEFramework::Core::ASN1::Buffer", "scopeKind": "class"}, {"_type": "tag", "name": "AdminSize", "path": "/home/kavia/workspace/code-generation/app-gateway2/__import__/extracted/app-gateway2-cga-cmf8e7ba8d/dependencies/install/include/WPEFramework/core/ASN1.h", "pattern": "/^            static constexpr uint8_t AdminSize = 5;$/", "language": "C++", "typeref": "typename:uint8_t", "kind": "member", "scope": "WPEFramework::Core::ASN1::Buffer", "scopeKind": "class"}, {"_type": "tag", "name": "Buffer", "path": "/home/kavia/workspace/code-generation/app-gateway2/__import__/extracted/app-gateway2-cga-cmf8e7ba8d/dependencies/install/include/WPEFramework/core/ASN1.h", "pattern": "/^            Buffer()$/", "language": "C++", "kind": "function", "signature": "()", "scope": "WPEFramework::Core::ASN1::Buffer", "scopeKind": "class"}, {"_type": "tag", "name": "Buffer", "path": "/home/kavia/workspace/code-generation/app-gateway2/__import__/extracted/app-gateway2-cga-cmf8e7ba8d/dependencies/install/include/WPEFramework/core/ASN1.h", "pattern": "/^            Buffer(const Buffer& copy)$/", "language": "C++", "kind": "function", "signature": "(const Buffer & copy)", "scope": "WPEFramework::Core::ASN1::Buffer", "scopeKind": "class"}, {"_type": "tag", "name": "Buffer", "path": "/home/kavia/workspace/code-generation/app-gateway2/__import__/extracted/app-gateway2-cga-cmf8e7ba8d/dependencies/install/include/WPEFramework/core/ASN1.h", "pattern": "/^            Buffer(const uint16_t length)$/", "language": "C++", "kind": "function", "signature": "(const uint16_t length)", "scope": "WPEFramework::Core::ASN1::Buffer", "scopeKind": "class"}, {"_type": "tag", "name": "Buffer", "path": "/home/kavia/workspace/code-generation/app-gateway2/__import__/extracted/app-gateway2-cga-cmf8e7ba8d/dependencies/install/include/WPEFramework/core/ASN1.h", "pattern": "/^            inline const uint8_t* Buffer() const$/", "language": "C++", "typeref": "typename:const uint8_t *", "kind": "function", "signature": "() const", "scope": "WPEFramework::Core::ASN1::OID", "scopeKind": "class"}, {"_type": "tag", "name": "Buffer", "path": "/home/kavia/workspace/code-generation/app-gateway2/__import__/extracted/app-gateway2-cga-cmf8e7ba8d/dependencies/install/include/WPEFramework/core/ASN1.h", "pattern": "/^        class Buffer {$/", "language": "C++", "kind": "class", "scope": "WPEFramework::Core::ASN1", "scopeKind": "namespace"}, {"_type": "tag", "name": "Core", "path": "/home/kavia/workspace/code-generation/app-gateway2/__import__/extracted/app-gateway2-cga-cmf8e7ba8d/dependencies/install/include/WPEFramework/core/ASN1.h", "pattern": "/^namespace Core {$/", "language": "C++", "kind": "namespace", "scope": "WPEFramework", "scopeKind": "namespace"}, {"_type": "tag", "name": "Count", "path": "/home/kavia/workspace/code-generation/app-gateway2/__import__/extracted/app-gateway2-cga-cmf8e7ba8d/dependencies/install/include/WPEFramework/core/ASN1.h", "pattern": "/^                inline uint16_t Count() const$/", "language": "C++", "typeref": "typename:uint16_t", "kind": "function", "signature": "() const", "scope": "WPEFramework::Core::ASN1::OID::Iterator", "scopeKind": "class"}, {"_type": "tag", "name": "Data", "path": "/home/kavia/workspace/code-generation/app-gateway2/__import__/extracted/app-gateway2-cga-cmf8e7ba8d/dependencies/install/include/WPEFramework/core/ASN1.h", "pattern": "/^            inline const uint8_t* Data() const$/", "language": "C++", "typeref": "typename:const uint8_t *", "kind": "function", "signature": "() const", "scope": "WPEFramework::Core::ASN1::Sequence", "scopeKind": "class"}, {"_type": "tag", "name": "Elements", "path": "/home/kavia/workspace/code-generation/app-gateway2/__import__/extracted/app-gateway2-cga-cmf8e7ba8d/dependencies/install/include/WPEFramework/core/ASN1.h", "pattern": "/^            inline Iterator Elements() const$/", "language": "C++", "typeref": "typename:Iterator", "kind": "function", "signature": "() const", "scope": "WPEFramework::Core::ASN1::OID", "scopeKind": "class"}, {"_type": "tag", "name": "IsValid", "path": "/home/kavia/workspace/code-generation/app-gateway2/__import__/extracted/app-gateway2-cga-cmf8e7ba8d/dependencies/install/include/WPEFramework/core/ASN1.h", "pattern": "/^                inline bool IsValid() const$/", "language": "C++", "typeref": "typename:bool", "kind": "function", "signature": "() const", "scope": "WPEFramework::Core::ASN1::OID::Iterator", "scopeKind": "class"}, {"_type": "tag", "name": "IsValid", "path": "/home/kavia/workspace/code-generation/app-gateway2/__import__/extracted/app-gateway2-cga-cmf8e7ba8d/dependencies/install/include/WPEFramework/core/ASN1.h", "pattern": "/^            inline bool IsValid() const$/", "language": "C++", "typeref": "typename:bool", "kind": "function", "signature": "() const", "scope": "WPEFramework::Core::ASN1::Sequence", "scopeKind": "class"}, {"_type": "tag", "name": "Iterator", "path": "/home/kavia/workspace/code-generation/app-gateway2/__import__/extracted/app-gateway2-cga-cmf8e7ba8d/dependencies/install/include/WPEFramework/core/ASN1.h", "pattern": "/^                Iterator()$/", "language": "C++", "kind": "function", "signature": "()", "scope": "WPEFramework::Core::ASN1::OID::Iterator", "scopeKind": "class"}, {"_type": "tag", "name": "Iterator", "path": "/home/kavia/workspace/code-generation/app-gateway2/__import__/extracted/app-gateway2-cga-cmf8e7ba8d/dependencies/install/include/WPEFramework/core/ASN1.h", "pattern": "/^                Iterator(const Iterator& copy)$/", "language": "C++", "kind": "function", "signature": "(const Iterator & copy)", "scope": "WPEFramework::Core::ASN1::OID::Iterator", "scopeKind": "class"}, {"_type": "tag", "name": "Iterator", "path": "/home/kavia/workspace/code-generation/app-gateway2/__import__/extracted/app-gateway2-cga-cmf8e7ba8d/dependencies/install/include/WPEFramework/core/ASN1.h", "pattern": "/^                Iterator(const uint8_t* buffer, const uint16_t length)$/", "language": "C++", "kind": "function", "signature": "(const uint8_t * buffer,const uint16_t length)", "scope": "WPEFramework::Core::ASN1::OID::Iterator", "scopeKind": "class"}, {"_type": "tag", "name": "Iterator", "path": "/home/kavia/workspace/code-generation/app-gateway2/__import__/extracted/app-gateway2-cga-cmf8e7ba8d/dependencies/install/include/WPEFramework/core/ASN1.h", "pattern": "/^            class Iterator {$/", "language": "C++", "kind": "class", "scope": "WPEFramework::Core::ASN1::OID", "scopeKind": "class"}, {"_type": "tag", "name": "Length", "path": "/home/kavia/workspace/code-generation/app-gateway2/__import__/extracted/app-gateway2-cga-cmf8e7ba8d/dependencies/install/include/WPEFramework/core/ASN1.h", "pattern": "/^            inline uint16_t Length() const$/", "language": "C++", "typeref": "typename:uint16_t", "kind": "function", "signature": "() const", "scope": "WPEFramework::Core::ASN1::OID", "scopeKind": "class"}, {"_type": "tag", "name": "Length", "path": "/home/kavia/workspace/code-generation/app-gateway2/__import__/extracted/app-gateway2-cga-cmf8e7ba8d/dependencies/install/include/WPEFramework/core/ASN1.h", "pattern": "/^            inline uint8_t Length() const$/", "language": "C++", "typeref": "typename:uint8_t", "kind": "function", "signature": "() const", "scope": "WPEFramework::Core::ASN1::Sequence", "scopeKind": "class"}, {"_type": "tag", "name": "Next", "path": "/home/kavia/workspace/code-generation/app-gateway2/__import__/extracted/app-gateway2-cga-cmf8e7ba8d/dependencies/install/include/WPEFramework/core/ASN1.h", "pattern": "/^                inline bool Next()$/", "language": "C++", "typeref": "typename:bool", "kind": "function", "signature": "()", "scope": "WPEFramework::Core::ASN1::OID::Iterator", "scopeKind": "class"}, {"_type": "tag", "name": "Next", "path": "/home/kavia/workspace/code-generation/app-gateway2/__import__/extracted/app-gateway2-cga-cmf8e7ba8d/dependencies/install/include/WPEFramework/core/ASN1.h", "pattern": "/^            inline bool Next()$/", "language": "C++", "typeref": "typename:bool", "kind": "function", "signature": "()", "scope": "WPEFramework::Core::ASN1::Sequence", "scopeKind": "class"}, {"_type": "tag", "name": "Number", "path": "/home/kavia/workspace/code-generation/app-gateway2/__import__/extracted/app-gateway2-cga-cmf8e7ba8d/dependencies/install/include/WPEFramework/core/ASN1.h", "pattern": "/^                inline uint16_t Number() const$/", "language": "C++", "typeref": "typename:uint16_t", "kind": "function", "signature": "() const", "scope": "WPEFramework::Core::ASN1::OID::Iterator", "scopeKind": "class"}, {"_type": "tag", "name": "OID", "path": "/home/kavia/workspace/code-generation/app-gateway2/__import__/extracted/app-gateway2-cga-cmf8e7ba8d/dependencies/install/include/WPEFramework/core/ASN1.h", "pattern": "/^            OID(const OID& copy)$/", "language": "C++", "kind": "function", "signature": "(const OID & copy)", "scope": "WPEFramework::Core::ASN1::OID", "scopeKind": "class"}, {"_type": "tag", "name": "OID", "path": "/home/kavia/workspace/code-generation/app-gateway2/__import__/extracted/app-gateway2-cga-cmf8e7ba8d/dependencies/install/include/WPEFramework/core/ASN1.h", "pattern": "/^            OID(const string& OID)$/", "language": "C++", "kind": "function", "signature": "(const string & OID)", "scope": "WPEFramework::Core::ASN1::OID", "scopeKind": "class"}, {"_type": "tag", "name": "OID", "path": "/home/kavia/workspace/code-generation/app-gateway2/__import__/extracted/app-gateway2-cga-cmf8e7ba8d/dependencies/install/include/WPEFramework/core/ASN1.h", "pattern": "/^            OID(const uint8_t identifier[], const uint16_t length)$/", "language": "C++", "kind": "function", "signature": "(const uint8_t identifier[],const uint16_t length)", "scope": "WPEFramework::Core::ASN1::OID", "scopeKind": "class"}, {"_type": "tag", "name": "OID", "path": "/home/kavia/workspace/code-generation/app-gateway2/__import__/extracted/app-gateway2-cga-cmf8e7ba8d/dependencies/install/include/WPEFramework/core/ASN1.h", "pattern": "/^        class OID {$/", "language": "C++", "kind": "class", "scope": "WPEFramework::Core::ASN1", "scopeKind": "namespace"}, {"_type": "tag", "name": "Release", "path": "/home/kavia/workspace/code-generation/app-gateway2/__import__/extracted/app-gateway2-cga-cmf8e7ba8d/dependencies/install/include/WPEFramework/core/ASN1.h", "pattern": "/^            void Release()$/", "language": "C++", "typeref": "typename:void", "kind": "function", "signature": "()", "scope": "WPEFramework::Core::ASN1::Buffer", "scopeKind": "class"}, {"_type": "tag", "name": "Reset", "path": "/home/kavia/workspace/code-generation/app-gateway2/__import__/extracted/app-gateway2-cga-cmf8e7ba8d/dependencies/install/include/WPEFramework/core/ASN1.h", "pattern": "/^                inline void Reset()$/", "language": "C++", "typeref": "typename:void", "kind": "function", "signature": "()", "scope": "WPEFramework::Core::ASN1::OID::Iterator", "scopeKind": "class"}, {"_type": "tag", "name": "Reset", "path": "/home/kavia/workspace/code-generation/app-gateway2/__import__/extracted/app-gateway2-cga-cmf8e7ba8d/dependencies/install/include/WPEFramework/core/ASN1.h", "pattern": "/^            inline void Reset()$/", "language": "C++", "typeref": "typename:void", "kind": "function", "signature": "()", "scope": "WPEFramework::Core::ASN1::Sequence", "scopeKind": "class"}, {"_type": "tag", "name": "Sequence", "path": "/home/kavia/workspace/code-generation/app-gateway2/__import__/extracted/app-gateway2-cga-cmf8e7ba8d/dependencies/install/include/WPEFramework/core/ASN1.h", "pattern": "/^            Sequence()$/", "language": "C++", "kind": "function", "signature": "()", "scope": "WPEFramework::Core::ASN1::Sequence", "scopeKind": "class"}, {"_type": "tag", "name": "Sequence", "path": "/home/kavia/workspace/code-generation/app-gateway2/__import__/extracted/app-gateway2-cga-cmf8e7ba8d/dependencies/install/include/WPEFramework/core/ASN1.h", "pattern": "/^            Sequence(const Buffer& buffer, const uint16_t index = 0, const uint16_t length = ~0)$/", "language": "C++", "kind": "function", "signature": "(const Buffer & buffer,const uint16_t index=0,const uint16_t length=~0)", "scope": "WPEFramework::Core::ASN1::Sequence", "scopeKind": "class"}, {"_type": "tag", "name": "Sequence", "path": "/home/kavia/workspace/code-generation/app-gateway2/__import__/extracted/app-gateway2-cga-cmf8e7ba8d/dependencies/install/include/WPEFramework/core/ASN1.h", "pattern": "/^            Sequence(const Sequence& copy)$/", "language": "C++", "kind": "function", "signature": "(const Sequence & copy)", "scope": "WPEFramework::Core::ASN1::Sequence", "scopeKind": "class"}, {"_type": "tag", "name": "Sequence", "path": "/home/kavia/workspace/code-generation/app-gateway2/__import__/extracted/app-gateway2-cga-cmf8e7ba8d/dependencies/install/include/WPEFramework/core/ASN1.h", "pattern": "/^        class Sequence {$/", "language": "C++", "kind": "class", "scope": "WPEFramework::Core::ASN1", "scopeKind": "namespace"}, {"_type": "tag", "name": "Size", "path": "/home/kavia/workspace/code-generation/app-gateway2/__import__/extracted/app-gateway2-cga-cmf8e7ba8d/dependencies/install/include/WPEFramework/core/ASN1.h", "pattern": "/^            inline uint16_t Size() const$/", "language": "C++", "typeref": "typename:uint16_t", "kind": "function", "signature": "() const", "scope": "WPEFramework::Core::ASN1::Buffer", "scopeKind": "class"}, {"_type": "tag", "name": "Size", "path": "/home/kavia/workspace/code-generation/app-gateway2/__import__/extracted/app-gateway2-cga-cmf8e7ba8d/dependencies/install/include/WPEFramework/core/ASN1.h", "pattern": "/^            inline void Size(const uint16_t length)$/", "language": "C++", "typeref": "typename:void", "kind": "function", "signature": "(const uint16_t length)", "scope": "WPEFramework::Core::ASN1::Buffer", "scopeKind": "class"}, {"_type": "tag", "name": "TYPE_BIT_STRING", "path": "/home/kavia/workspace/code-generation/app-gateway2/__import__/extracted/app-gateway2-cga-cmf8e7ba8d/dependencies/install/include/WPEFramework/core/ASN1.h", "pattern": "/^            TYPE_BIT_STRING = 0x03,$/", "language": "C++", "kind": "enumerator", "scope": "WPEFramework::Core::ASN1::enumType", "scopeKind": "enum"}, {"_type": "tag", "name": "TYPE_BMP_STRING", "path": "/home/kavia/workspace/code-generation/app-gateway2/__import__/extracted/app-gateway2-cga-cmf8e7ba8d/dependencies/install/include/WPEFramework/core/ASN1.h", "pattern": "/^            TYPE_BMP_STRING = 0x1E,$/", "language": "C++", "kind": "enumerator", "scope": "WPEFramework::Core::ASN1::enumType", "scopeKind": "enum"}, {"_type": "tag", "name": "TYPE_BOOLEAN", "path": "/home/kavia/workspace/code-generation/app-gateway2/__import__/extracted/app-gateway2-cga-cmf8e7ba8d/dependencies/install/include/WPEFramework/core/ASN1.h", "pattern": "/^            TYPE_BOOLEAN = 0x01,$/", "language": "C++", "kind": "enumerator", "scope": "WPEFramework::Core::ASN1::enumType", "scopeKind": "enum"}, {"_type": "tag", "name": "TYPE_CONSTRUCTED", "path": "/home/kavia/workspace/code-generation/app-gateway2/__import__/extracted/app-gateway2-cga-cmf8e7ba8d/dependencies/install/include/WPEFramework/core/ASN1.h", "pattern": "/^            TYPE_CONSTRUCTED = 0x20,$/", "language": "C++", "kind": "enumerator", "scope": "WPEFramework::Core::ASN1::enumType", "scopeKind": "enum"}, {"_type": "tag", "name": "TYPE_CONTEXT_SPECIFIC", "path": "/home/kavia/workspace/code-generation/app-gateway2/__import__/extracted/app-gateway2-cga-cmf8e7ba8d/dependencies/install/include/WPEFramework/core/ASN1.h", "pattern": "/^            TYPE_CONTEXT_SPECIFIC = 0x80$/", "language": "C++", "kind": "enumerator", "scope": "WPEFramework::Core::ASN1::enumType", "scopeKind": "enum"}, {"_type": "tag", "name": "TYPE_GENERALIZED_TIME", "path": "/home/kavia/workspace/code-generation/app-gateway2/__import__/extracted/app-gateway2-cga-cmf8e7ba8d/dependencies/install/include/WPEFramework/core/ASN1.h", "pattern": "/^            TYPE_GENERALIZED_TIME = 0x18,$/", "language": "C++", "kind": "enumerator", "scope": "WPEFramework::Core::ASN1::enumType", "scopeKind": "enum"}, {"_type": "tag", "name": "TYPE_IA5_STRING", "path": "/home/kavia/workspace/code-generation/app-gateway2/__import__/extracted/app-gateway2-cga-cmf8e7ba8d/dependencies/install/include/WPEFramework/core/ASN1.h", "pattern": "/^            TYPE_IA5_STRING = 0x16,$/", "language": "C++", "kind": "enumerator", "scope": "WPEFramework::Core::ASN1::enumType", "scopeKind": "enum"}, {"_type": "tag", "name": "TYPE_INTEGER", "path": "/home/kavia/workspace/code-generation/app-gateway2/__import__/extracted/app-gateway2-cga-cmf8e7ba8d/dependencies/install/include/WPEFramework/core/ASN1.h", "pattern": "/^            TYPE_INTEGER = 0x02,$/", "language": "C++", "kind": "enumerator", "scope": "WPEFramework::Core::ASN1::enumType", "scopeKind": "enum"}, {"_type": "tag", "name": "TYPE_NULL", "path": "/home/kavia/workspace/code-generation/app-gateway2/__import__/extracted/app-gateway2-cga-cmf8e7ba8d/dependencies/install/include/WPEFramework/core/ASN1.h", "pattern": "/^            TYPE_NULL = 0x05,$/", "language": "C++", "kind": "enumerator", "scope": "WPEFramework::Core::ASN1::enumType", "scopeKind": "enum"}, {"_type": "tag", "name": "TYPE_OCTET_STRING", "path": "/home/kavia/workspace/code-generation/app-gateway2/__import__/extracted/app-gateway2-cga-cmf8e7ba8d/dependencies/install/include/WPEFramework/core/ASN1.h", "pattern": "/^            TYPE_OCTET_STRING = 0x04,$/", "language": "C++", "kind": "enumerator", "scope": "WPEFramework::Core::ASN1::enumType", "scopeKind": "enum"}, {"_type": "tag", "name": "TYPE_OID", "path": "/home/kavia/workspace/code-generation/app-gateway2/__import__/extracted/app-gateway2-cga-cmf8e7ba8d/dependencies/install/include/WPEFramework/core/ASN1.h", "pattern": "/^            TYPE_OID = 0x06,$/", "language": "C++", "kind": "enumerator", "scope": "WPEFramework::Core::ASN1::enumType", "scopeKind": "enum"}, {"_type": "tag", "name": "TYPE_PRIMITIVE", "path": "/home/kavia/workspace/code-generation/app-gateway2/__import__/extracted/app-gateway2-cga-cmf8e7ba8d/dependencies/install/include/WPEFramework/core/ASN1.h", "pattern": "/^            TYPE_PRIMITIVE = 0x00,$/", "language": "C++", "kind": "enumerator", "scope": "WPEFramework::Core::ASN1::enumType", "scopeKind": "enum"}, {"_type": "tag", "name": "TYPE_PRINTABLE_STRING", "path": "/home/kavia/workspace/code-generation/app-gateway2/__import__/extracted/app-gateway2-cga-cmf8e7ba8d/dependencies/install/include/WPEFramework/core/ASN1.h", "pattern": "/^            TYPE_PRINTABLE_STRING = 0x13,$/", "language": "C++", "kind": "enumerator", "scope": "WPEFramework::Core::ASN1::enumType", "scopeKind": "enum"}, {"_type": "tag", "name": "TYPE_SEQUENCE", "path": "/home/kavia/workspace/code-generation/app-gateway2/__import__/extracted/app-gateway2-cga-cmf8e7ba8d/dependencies/install/include/WPEFramework/core/ASN1.h", "pattern": "/^            TYPE_SEQUENCE = 0x10,$/", "language": "C++", "kind": "enumerator", "scope": "WPEFramework::Core::ASN1::enumType", "scopeKind": "enum"}, {"_type": "tag", "name": "TYPE_SET", "path": "/home/kavia/workspace/code-generation/app-gateway2/__import__/extracted/app-gateway2-cga-cmf8e7ba8d/dependencies/install/include/WPEFramework/core/ASN1.h", "pattern": "/^            TYPE_SET = 0x11,$/", "language": "C++", "kind": "enumerator", "scope": "WPEFramework::Core::ASN1::enumType", "scopeKind": "enum"}, {"_type": "tag", "name": "TYPE_T61_STRING", "path": "/home/kavia/workspace/code-generation/app-gateway2/__import__/extracted/app-gateway2-cga-cmf8e7ba8d/dependencies/install/include/WPEFramework/core/ASN1.h", "pattern": "/^            TYPE_T61_STRING = 0x14,$/", "language": "C++", "kind": "enumerator", "scope": "WPEFramework::Core::ASN1::enumType", "scopeKind": "enum"}, {"_type": "tag", "name": "TYPE_UNIVERSAL_STRING", "path": "/home/kavia/workspace/code-generation/app-gateway2/__import__/extracted/app-gateway2-cga-cmf8e7ba8d/dependencies/install/include/WPEFramework/core/ASN1.h", "pattern": "/^            TYPE_UNIVERSAL_STRING = 0x1C,$/", "language": "C++", "kind": "enumerator", "scope": "WPEFramework::Core::ASN1::enumType", "scopeKind": "enum"}, {"_type": "tag", "name": "TYPE_UTC_TIME", "path": "/home/kavia/workspace/code-generation/app-gateway2/__import__/extracted/app-gateway2-cga-cmf8e7ba8d/dependencies/install/include/WPEFramework/core/ASN1.h", "pattern": "/^            TYPE_UTC_TIME = 0x17,$/", "language": "C++", "kind": "enumerator", "scope": "WPEFramework::Core::ASN1::enumType", "scopeKind": "enum"}, {"_type": "tag", "name": "TYPE_UTF8_STRING", "path": "/home/kavia/workspace/code-generation/app-gateway2/__import__/extracted/app-gateway2-cga-cmf8e7ba8d/dependencies/install/include/WPEFramework/core/ASN1.h", "pattern": "/^            TYPE_UTF8_STRING = 0x0C,$/", "language": "C++", "kind": "enumerator", "scope": "WPEFramework::Core::ASN1::enumType", "scopeKind": "enum"}, {"_type": "tag", "name": "Tag", "path": "/home/kavia/workspace/code-generation/app-gateway2/__import__/extracted/app-gateway2-cga-cmf8e7ba8d/dependencies/install/include/WPEFramework/core/ASN1.h", "pattern": "/^            inline enumType Tag() const$/", "language": "C++", "typeref": "typename:enumType", "kind": "function", "signature": "() const", "scope": "WPEFramework::Core::ASN1::Sequence", "scopeKind": "class"}, {"_type": "tag", "name": "Text", "path": "/home/kavia/workspace/code-generation/app-gateway2/__import__/extracted/app-gateway2-cga-cmf8e7ba8d/dependencies/install/include/WPEFramework/core/ASN1.h", "pattern": "/^            inline string Text() const$/", "language": "C++", "typeref": "typename:string", "kind": "function", "signature": "() const", "scope": "WPEFramework::Core::ASN1::OID", "scopeKind": "class"}, {"_type": "tag", "name": "Value", "path": "/home/kavia/workspace/code-generation/app-gateway2/__import__/extracted/app-gateway2-cga-cmf8e7ba8d/dependencies/install/include/WPEFramework/core/ASN1.h", "pattern": "/^            inline enumError Value(OID& value) const$/", "language": "C++", "typeref": "typename:enumError", "kind": "function", "signature": "(OID & value) const", "scope": "WPEFramework::Core::ASN1::Sequence", "scopeKind": "class"}, {"_type": "tag", "name": "Value", "path": "/home/kavia/workspace/code-generation/app-gateway2/__import__/extracted/app-gateway2-cga-cmf8e7ba8d/dependencies/install/include/WPEFramework/core/ASN1.h", "pattern": "/^            inline enumError Value(Sequence& value) const$/", "language": "C++", "typeref": "typename:enumError", "kind": "function", "signature": "(Sequence & value) const", "scope": "WPEFramework::Core::ASN1::Sequence", "scopeKind": "class"}, {"_type": "tag", "name": "Value", "path": "/home/kavia/workspace/code-generation/app-gateway2/__import__/extracted/app-gateway2-cga-cmf8e7ba8d/dependencies/install/include/WPEFramework/core/ASN1.h", "pattern": "/^            inline enumError Value(bool& value) const$/", "language": "C++", "typeref": "typename:enumError", "kind": "function", "signature": "(bool & value) const", "scope": "WPEFramework::Core::ASN1::Sequence", "scopeKind": "class"}, {"_type": "tag", "name": "Value", "path": "/home/kavia/workspace/code-generation/app-gateway2/__import__/extracted/app-gateway2-cga-cmf8e7ba8d/dependencies/install/include/WPEFramework/core/ASN1.h", "pattern": "/^            inline enumError Value(int16_t& value) const$/", "language": "C++", "typeref": "typename:enumError", "kind": "function", "signature": "(int16_t & value) const", "scope": "WPEFramework::Core::ASN1::Sequence", "scopeKind": "class"}, {"_type": "tag", "name": "Value", "path": "/home/kavia/workspace/code-generation/app-gateway2/__import__/extracted/app-gateway2-cga-cmf8e7ba8d/dependencies/install/include/WPEFramework/core/ASN1.h", "pattern": "/^            inline enumError Value(int32_t& value) const$/", "language": "C++", "typeref": "typename:enumError", "kind": "function", "signature": "(int32_t & value) const", "scope": "WPEFramework::Core::ASN1::Sequence", "scopeKind": "class"}, {"_type": "tag", "name": "Value", "path": "/home/kavia/workspace/code-generation/app-gateway2/__import__/extracted/app-gateway2-cga-cmf8e7ba8d/dependencies/install/include/WPEFramework/core/ASN1.h", "pattern": "/^            inline enumError Value(int64_t& value) const$/", "language": "C++", "typeref": "typename:enumError", "kind": "function", "signature": "(int64_t & value) const", "scope": "WPEFramework::Core::ASN1::Sequence", "scopeKind": "class"}, {"_type": "tag", "name": "Value", "path": "/home/kavia/workspace/code-generation/app-gateway2/__import__/extracted/app-gateway2-cga-cmf8e7ba8d/dependencies/install/include/WPEFramework/core/ASN1.h", "pattern": "/^            inline enumError Value(signed char& value) const$/", "language": "C++", "typeref": "typename:enumError", "kind": "function", "signature": "(signed char & value) const", "scope": "WPEFramework::Core::ASN1::Sequence", "scopeKind": "class"}, {"_type": "tag", "name": "Value", "path": "/home/kavia/workspace/code-generation/app-gateway2/__import__/extracted/app-gateway2-cga-cmf8e7ba8d/dependencies/install/include/WPEFramework/core/ASN1.h", "pattern": "/^            inline enumError Value(string& value) const$/", "language": "C++", "typeref": "typename:enumError", "kind": "function", "signature": "(string & value) const", "scope": "WPEFramework::Core::ASN1::Sequence", "scopeKind": "class"}, {"_type": "tag", "name": "Value", "path": "/home/kavia/workspace/code-generation/app-gateway2/__import__/extracted/app-gateway2-cga-cmf8e7ba8d/dependencies/install/include/WPEFramework/core/ASN1.h", "pattern": "/^            inline enumError Value(uint16_t& value) const$/", "language": "C++", "typeref": "typename:enumError", "kind": "function", "signature": "(uint16_t & value) const", "scope": "WPEFramework::Core::ASN1::Sequence", "scopeKind": "class"}], "hash": "0ccf7b38d10d3cf2bf8a475b99e885b6", "format-version": 4, "code-base-name": "app-gateway2", "filename": "__import__/extracted/app-gateway2-cga-cmf8e7ba8d/dependencies/install/include/WPEFramework/core/ASN1.h", "fields": [{"name": "uint8_t AdminSize", "scope": "WPEFramework::Core::ASN1::Buffer", "scopeKind": "class", "description": "unavailable"}], "revision_history": [{"16275": "0f87a35b32215bc8547fb583d6c84bd51f603f69"}]}