{"is_source_file": true, "format": "C++ header file", "description": "This file defines an interface for user settings in the WPEFramework system, including notifications for changes and methods to get/set various user preferences such as audio descriptions, language settings, captions, and privacy modes.", "external_files": ["Module.h"], "external_methods": [], "published": ["WPEFramework::Exchange::IUserSettings"], "classes": [{"name": "IUserSettings", "description": "Interface for managing user settings and notifications related to audio, language, captions, and privacy preferences within the WPEFramework system.", "methods": [{"name": "Register", "description": "Registers a notification callback for user setting changes."}, {"name": "Unregister", "description": "Unregisters a previously registered notification callback."}, {"name": "SetAudioDescription", "description": "Enables or disables audio description."}, {"name": "GetAudioDescription", "description": "Retrieves the current state of audio description setting."}, {"name": "SetPreferredAudioLanguages", "description": "Sets the preferred audio languages, prioritized."}, {"name": "GetPreferredAudioLanguages", "description": "Gets the current preferred audio languages."}, {"name": "SetPresentationLanguage", "description": "Sets the presentation language in BCP 47 format."}, {"name": "GetPresentationLanguage", "description": "Retrieves the current presentation language."}, {"name": "SetCaptions", "description": "Enables or disables captions."}, {"name": "GetCaptions", "description": "Retrieves the current captions setting."}, {"name": "SetPreferredCaptionsLanguages", "description": "Sets preferred captions languages."}, {"name": "GetPreferredCaptionsLanguages", "description": "Gets the preferred captions languages."}, {"name": "SetPreferredClosedCaptionService", "description": "Sets preferred closed caption service."}, {"name": "GetPreferredClosedCaptionService", "description": "Gets current preferred closed caption service."}, {"name": "SetPrivacyMode", "description": "Sets privacy mode."}, {"name": "GetPrivacyMode", "description": "Gets current privacy mode."}]}], "methods": [{"name": "Virtual notification methods", "description": "Callbacks invoked when user settings change, e.g., OnAudioDescriptionChanged, OnPreferredAudioLanguagesChanged, etc."}], "calls": ["SetAudioDescription", "GetAudioDescription", "SetPreferredAudioLanguages", "GetPreferredAudioLanguages", "SetPresentationLanguage", "GetPresentationLanguage", "SetCaptions", "GetCaptions", "SetPreferredCaptionsLanguages", "GetPreferredCaptionsLanguages", "SetPreferredClosedCaptionService", "GetPreferredClosedCaptionService", "SetPrivacyMode", "GetPrivacyMode"], "search-terms": ["IUserSettings", "AudioDescription", "PreferredAudioLanguages", "PresentationLanguage", "Captions", "PreferredCaptionsLanguages", "ClosedCaptionService", "PrivacyMode"], "state": 2, "file_id": 1491, "knowledge_revision": 16277, "git_revision": "0f87a35b32215bc8547fb583d6c84bd51f603f69", "ctags": [{"_type": "tag", "name": "Exchange", "path": "/home/kavia/workspace/code-generation/app-gateway2/__import__/extracted/app-gateway2-cga-cmf8e7ba8d/dependencies/install/include/WPEFramework/interfaces/IUserSettings.h", "pattern": "/^namespace Exchange {$/", "language": "C++", "kind": "namespace", "scope": "WPEFramework", "scopeKind": "namespace"}, {"_type": "tag", "name": "ID", "path": "/home/kavia/workspace/code-generation/app-gateway2/__import__/extracted/app-gateway2-cga-cmf8e7ba8d/dependencies/install/include/WPEFramework/interfaces/IUserSettings.h", "pattern": "/^    enum { ID = ID_USER_SETTINGS_NOTIFICATION };$/", "language": "C++", "kind": "enumerator", "scope": "WPEFramework::Exchange::IUserSettings::INotification::__anon1db78eab0203", "scopeKind": "enum"}, {"_type": "tag", "name": "ID", "path": "/home/kavia/workspace/code-generation/app-gateway2/__import__/extracted/app-gateway2-cga-cmf8e7ba8d/dependencies/install/include/WPEFramework/interfaces/IUserSettings.h", "pattern": "/^  enum { ID = ID_USER_SETTINGS };$/", "language": "C++", "kind": "enumerator", "scope": "WPEFramework::Exchange::IUserSettings::__anon1db78eab0103", "scopeKind": "enum"}, {"_type": "tag", "name": "INotification", "path": "/home/kavia/workspace/code-generation/app-gateway2/__import__/extracted/app-gateway2-cga-cmf8e7ba8d/dependencies/install/include/WPEFramework/interfaces/IUserSettings.h", "pattern": "/^  struct EXTERNAL INotification : virtual public Core::IUnknown {$/", "language": "C++", "kind": "struct", "scope": "WPEFramework::Exchange::IUserSettings", "scopeKind": "struct"}, {"_type": "tag", "name": "IUserSettings", "path": "/home/kavia/workspace/code-generation/app-gateway2/__import__/extracted/app-gateway2-cga-cmf8e7ba8d/dependencies/install/include/WPEFramework/interfaces/IUserSettings.h", "pattern": "/^struct EXTERNAL IUserSettings : virtual public Core::IUnknown {$/", "language": "C++", "kind": "struct", "scope": "WPEFramework::Exchange", "scopeKind": "namespace"}, {"_type": "tag", "name": "WPEFramework", "path": "/home/kavia/workspace/code-generation/app-gateway2/__import__/extracted/app-gateway2-cga-cmf8e7ba8d/dependencies/install/include/WPEFramework/interfaces/IUserSettings.h", "pattern": "/^namespace WPEFramework {$/", "language": "C++", "kind": "namespace"}, {"_type": "tag", "name": "__anon1db78eab0103", "path": "/home/kavia/workspace/code-generation/app-gateway2/__import__/extracted/app-gateway2-cga-cmf8e7ba8d/dependencies/install/include/WPEFramework/interfaces/IUserSettings.h", "pattern": "/^  enum { ID = ID_USER_SETTINGS };$/", "language": "C++", "kind": "enum", "scope": "WPEFramework::Exchange::IUserSettings", "scopeKind": "struct"}, {"_type": "tag", "name": "__anon1db78eab0203", "path": "/home/kavia/workspace/code-generation/app-gateway2/__import__/extracted/app-gateway2-cga-cmf8e7ba8d/dependencies/install/include/WPEFramework/interfaces/IUserSettings.h", "pattern": "/^    enum { ID = ID_USER_SETTINGS_NOTIFICATION };$/", "language": "C++", "kind": "enum", "scope": "WPEFramework::Exchange::IUserSettings::INotification", "scopeKind": "struct"}], "hash": "ab470adb8b0db6eccb42e3cee5299ca1", "format-version": 4, "code-base-name": "app-gateway2", "filename": "__import__/extracted/app-gateway2-cga-cmf8e7ba8d/dependencies/install/include/WPEFramework/interfaces/IUserSettings.h", "revision_history": [{"16277": "0f87a35b32215bc8547fb583d6c84bd51f603f69"}]}