{"is_source_file": true, "format": "C++", "description": "This file appears to be a C++ source file that includes a header and a module declaration for build reference, indicating it's part of a larger software module or plugin system.", "external_files": ["Module.h"], "external_methods": ["MODULE_NAME_DECLARATION"], "published": [], "classes": [], "methods": [], "calls": ["MODULE_NAME_DECLARATION"], "search-terms": ["Module.cpp", "MODULE_NAME_DECLARATION", "BUILD_REFERENCE", "C++", "include"], "state": 2, "file_id": 1195, "knowledge_revision": 3810, "git_revision": "0f87a35b32215bc8547fb583d6c84bd51f603f69", "ctags": [], "hash": "8e61147cc5a8ff78b1a4f837b8474ec5", "format-version": 4, "code-base-name": "app-gateway2", "filename": "__import__/extracted/app-gateway2-cga-cmf8e7ba8d/app-gateway/OttServices/Module.cpp", "revision_history": [{"3810": "0f87a35b32215bc8547fb583d6c84bd51f603f69"}]}