{"is_source_file": true, "format": "C++ Header (.h)", "description": "This file defines the interface and partial implementation of the RDKShell plugin, including class declarations, method prototypes, constants, events, and internal classes related to managing shells, application lifecycle, input handling, and system events within a RDK-based environment.", "external_files": ["<mutex>", "<condition_variable>", "<set>", "Module.h", "<rdkshell/rdkshellevents.h>", "<rdkshell/rdkshell.h>", "<rdkshell/linuxkeys.h>", "<interfaces/ICapture.h>", "tptimer.h", "<string>", "<vector>", "<unordered_map>", "<thread>", "<mutex>", "<condition_variable>", "<set>"], "external_methods": ["JsonObject::JsonObject()", "JsonObject::operator=", "JsonObject::IsValid()", "JsonObject::Empty()", "JsonObject::Stringify()", "JsonObject::Objects()", "JsonObject::Get()", "JsonArray::JsonArray()", "JsonArray::operator=", "JsonArray::Objects()", "JsonArray::Get()", "PluginHost::IShell", "PluginHost::IPlugin", "PluginHost::IDispatcher", "PluginHost::JSONRPC", "PluginHost::INotification", "PluginHost::ILifeTime", "Core::JSON::IElement", "Core::JSON::IString", "Core::JSON::Container", "Core::JSON::Array"], "published": ["RDKShell", "RdkShellListener", "MonitorClients", "ScreenCapture", "HibernateExecutor", "RDKShellApiRequest", "PluginData", "PluginStateChangeData"], "classes": [{"name": "RdkShellListener", "description": "Listener class for handling RDKShell application and system events, relaying them back to the core RDKShell instance."}, {"name": "MonitorClients", "description": "Notification class monitoring plugin life cycle events such as activation, deactivation, and state changes, to manage client instances."}, {"name": "ScreenCapture", "description": "Implements ICapture interface to handle screen capture functionalities within the RDKShell plugin."}, {"name": "HibernateExecutor", "description": "Manages scheduled hibernation and restoration of modules or applications with thread safety measures."}, {"name": "PluginData", "description": "Holds metadata such as class name, used within plugin management context."}, {"name": "PluginStateChangeData", "description": "Handles plugin state change events, enabling launch control and connection reset functionalities."}], "methods": [{"name": "notify", "description": "Sends a custom event notification with given parameters."}, {"name": "pluginEventHandler", "description": "Handles plugin-specific JSON events."}, {"name": "launchRequestThread", "description": "Initiates a thread to process RDKShell API requests asynchronously."}, {"name": "moveToFrontWrapper", "description": "Wrapper method for bringing a window to front."}, {"name": "moveToBackWrapper", "description": "Wrapper to move a window behind others."}, {"name": "moveBehindWrapper", "description": "Wrapper to move a window behind a specified target."}, {"name": "setFocusWrapper", "description": "Wrapper to set focus to a specific window."}, {"name": "getFocusedWrapper", "description": "Wrapper to get the currently focused window."}, {"name": "killWrapper", "description": "Wrapper to kill (terminate) a window or process."}, {"name": "addKeyInterceptWrapper", "description": "Wrapper to add a key intercept for input handling."}, {"name": "addKeyInterceptsWrapper", "description": "Wrapper to add multiple key intercepts."}, {"name": "removeKeyInterceptWrapper", "description": "Wrapper to remove a key intercept."}, {"name": "addKeyListenersWrapper", "description": "Wrapper to add key event listeners."}, {"name": "removeKeyListenersWrapper", "description": "Wrapper to remove key event listeners."}, {"name": "addKeyMetadataListenerWrapper", "description": "Wrapper to add key metadata listeners."}, {"name": "removeKeyMetadataListenerWrapper", "description": "Wrapper to remove key metadata listeners."}, {"name": "injectKeyWrapper", "description": "Wrapper to simulate key press events."}, {"name": "generateKeyWrapper", "description": "Wrapper for generating key sequences."}, {"name": "getScreenResolutionWrapper", "description": "Wrapper to retrieve current screen resolution."}, {"name": "setScreenResolutionWrapper", "description": "Wrapper to set the screen resolution."}, {"name": "createDisplayWrapper", "description": "Wrapper to create a display surface."}, {"name": "getClientsWrapper", "description": "Wrapper to get list of active clients."}, {"name": "getZOrderWrapper", "description": "Wrapper to get Z-order of windows."}, {"name": "getBoundsWrapper", "description": "Wrapper to get window bounds."}, {"name": "setBoundsWrapper", "description": "Wrapper to set window bounds."}, {"name": "getVisibilityWrapper", "description": "Wrapper to get window visibility state."}, {"name": "setVisibilityWrapper", "description": "Wrapper to set window visibility."}, {"name": "getOpacityWrapper", "description": "Wrapper to get window opacity."}, {"name": "setOpacityWrapper", "description": "Wrapper to set window opacity."}, {"name": "getScaleWrapper", "description": "Wrapper to get window scale."}, {"name": "setScaleWrapper", "description": "Wrapper to set window scale."}, {"name": "getHolePunchWrapper", "description": "Wrapper to get hole punch configuration."}, {"name": "setHolePunchWrapper", "description": "Wrapper to set hole punch configuration."}, {"name": "getLogLevelWrapper", "description": "Wrapper to get system log level."}, {"name": "setLogLevelWrapper", "description": "Wrapper to set system log level."}, {"name": "showSplashLogoWrapper", "description": "Wrapper to show splash logo."}, {"name": "hideSplashLogoWrapper", "description": "Wrapper to hide splash logo."}, {"name": "addAnimationWrapper", "description": "Wrapper to add animations."}, {"name": "removeAnimationWrapper", "description": "Wrapper to remove animations."}, {"name": "enableInactivityReportingWrapper", "description": "Wrapper to enable inactivity reporting."}, {"name": "setInactivityIntervalWrapper", "description": "Wrapper to set inactivity interval."}, {"name": "resetInactivityTimeWrapper", "description": "Wrapper to reset inactivity timer."}, {"name": "scaleToFitWrapper", "description": "Wrapper to scale window to fit."}, {"name": "launchWrapper", "description": "Wrapper to launch the shell."}, {"name": "suspendWrapper", "description": "Wrapper to suspend sessions."}, {"name": "destroyWrapper", "description": "Wrapper to destroy a client."}, {"name": "launchApplicationWrapper", "description": "Wrapper to launch an application."}, {"name": "suspendApplicationWrapper", "description": "Wrapper to suspend an application."}, {"name": "resumeApplicationWrapper", "description": "Wrapper to resume an application."}, {"name": "destroyApplicationWrapper", "description": "Wrapper to destroy an application."}, {"name": "getAvailableTypesWrapper", "description": "Wrapper to get supported types."}, {"name": "getState", "description": "Wrapper to get the state of the shell or application."}, {"name": "getSystemMemoryWrapper", "description": "Wrapper to get system memory info."}, {"name": "getSystemResourceInfoWrapper", "description": "Wrapper to get system resource info."}, {"name": "setMemoryMonitorWrapper", "description": "Wrapper to set memory monitoring."}, {"name": "showWatermarkWrapper", "description": "Wrapper to show watermark overlay."}, {"name": "showFullScreenImageWrapper", "description": "Wrapper to display full screen image."}, {"name": "hideFullScreenImageWrapper", "description": "Wrapper to hide full screen image."}, {"name": "launchFactoryAppWrapper", "description": "Wrapper to launch factory app."}, {"name": "launchFactoryAppShortcutWrapper", "description": "Wrapper to launch factory app shortcut."}, {"name": "launchResidentAppWrapper", "description": "Wrapper to launch resident app."}, {"name": "toggleFactoryAppWrapper", "description": "Wrapper to toggle factory app."}, {"name": "exitAgingModeWrapper", "description": "Wrapper to exit aging mode."}, {"name": "getKeyRepeatsEnabledWrapper", "description": "Wrapper to get key repeats enabled status."}, {"name": "enableKeyRepeatsWrapper", "description": "Wrapper to enable or disable key repeats."}, {"name": "setTopmostWrapper", "description": "Wrapper to set topmost window."}, {"name": "getVirtualResolutionWrapper", "description": "Wrapper to get virtual resolution."}, {"name": "setVirtualResolutionWrapper", "description": "Wrapper to set virtual resolution."}, {"name": "enableVirtualDisplayWrapper", "description": "Wrapper to enable virtual display."}, {"name": "getVirtualDisplayEnabledWrapper", "description": "Wrapper to get virtual display status."}, {"name": "getLastWakeupKeyWrapper", "description": "Wrapper to get last wakeup key info."}, {"name": "hideAllClientsWrapper", "description": "Wrapper to hide all clients/screens."}, {"name": "getScreenshotWrapper", "description": "Wrapper to retrieve a screenshot."}, {"name": "enableEasterEggsWrapper", "description": "Wrapper to enable Easter eggs features."}, {"name": "enableLogsFlushingWrapper", "description": "Wrapper to enable logs flushing."}, {"name": "getLogsFlushingEnabledWrapper", "description": "Wrapper to check if logs flushing is enabled."}, {"name": "showCursorWrapper", "description": "Wrapper to show cursor."}, {"name": "hideCursorWrapper", "description": "Wrapper to hide cursor."}, {"name": "setCursorSizeWrapper", "description": "Wrapper to set cursor size."}, {"name": "getCursorSizeWrapper", "description": "Wrapper to get cursor size."}, {"name": "ignoreKeyInputsWrapper", "description": "Wrapper to ignore key inputs."}, {"name": "addEasterEggsWrapper", "description": "Wrapper to add Easter eggs."}, {"name": "removeEasterEggsWrapper", "description": "Wrapper to remove Easter eggs."}, {"name": "getEasterEggsWrapper", "description": "Wrapper to list Easter eggs."}, {"name": "setAVBlockedWrapper", "description": "Wrapper to block or unblock AV streams."}, {"name": "getBlockedAVApplicationsWrapper", "description": "Wrapper to list blocked AV applications."}, {"name": "enableInputEventsWrapper", "description": "Wrapper to enable or disable input events for clients."}, {"name": "keyRepeatConfigWrapper", "description": "Wrapper to configure key repeats."}, {"name": "getGraphicsFrameRateWrapper", "description": "Wrapper to get graphics frame rate."}, {"name": "setGraphicsFrameRateWrapper", "description": "Wrapper to set graphics frame rate."}, {"name": "setKeyInterceptsWrapper", "description": "Wrapper to set multiple key intercepts at once."}, {"name": "hibernateWrapper", "description": "Wrapper to hibernate the system (if enabled)."}, {"name": "restoreWrapper", "description": "Wrapper to restore system from hibernation (if enabled)."}, {"name": "ScreenCapture INTERFACE_ENTRY(Exchange::ICapture)", "scope": "WPEFramework::Plugin::RDKShell::ScreenCapture", "scopeKind": "class", "description": "unavailable"}, {"name": "MonitorClients(RDKShell * shell)", "scope": "WPEFramework::Plugin::RDKShell::MonitorClients", "scopeKind": "class", "description": "unavailable"}, {"name": "const TCHAR * Name() const", "scope": "WPEFramework::Plugin::RDKShell::ScreenCapture", "scopeKind": "class", "description": "unavailable"}], "search-terms": ["RDKShell", "PluginHost", "Application Lifecycle", "Key Intercepts", "Display Management", "System Events", "Screenshots", "Inactivity", "Virtual Resolution", "Easter Eggs", "Hibernation", "System Memory", "Watermark", "Opacity", "Z-Order", "Fullscreen", "Cursor", "AV Blocking"], "state": 2, "file_id": 1773, "knowledge_revision": 16271, "git_revision": "0f87a35b32215bc8547fb583d6c84bd51f603f69", "ctags": [{"_type": "tag", "name": "HibernateExecutor", "path": "/home/kavia/workspace/code-generation/app-gateway2/__import__/extracted/app-gateway2-cga-cmf8e7ba8d/Supporting_Files/RDKShell/RDKShell.h", "pattern": "/^            class HibernateExecutor {$/", "language": "C++", "kind": "class", "scope": "WPEFramework::Plugin::RDKShell", "scopeKind": "class"}, {"_type": "tag", "name": "INTERFACE_ENTRY", "path": "/home/kavia/workspace/code-generation/app-gateway2/__import__/extracted/app-gateway2-cga-cmf8e7ba8d/Supporting_Files/RDKShell/RDKShell.h", "pattern": "/^                INTERFACE_ENTRY(Exchange::ICapture)$/", "language": "C++", "typeref": "typename:ScreenCapture", "kind": "function", "signature": "(Exchange::ICapture)", "scope": "WPEFramework::Plugin::RDKShell::ScreenCapture", "scopeKind": "class"}, {"_type": "tag", "name": "MonitorClients", "path": "/home/kavia/workspace/code-generation/app-gateway2/__import__/extracted/app-gateway2-cga-cmf8e7ba8d/Supporting_Files/RDKShell/RDKShell.h", "pattern": "/^                  MonitorClients(RDKShell* shell)$/", "language": "C++", "kind": "function", "signature": "(RDKShell * shell)", "scope": "WPEFramework::Plugin::RDKShell::MonitorClients", "scopeKind": "class"}, {"_type": "tag", "name": "MonitorClients", "path": "/home/kavia/workspace/code-generation/app-gateway2/__import__/extracted/app-gateway2-cga-cmf8e7ba8d/Supporting_Files/RDKShell/RDKShell.h", "pattern": "/^            class MonitorClients : public PluginHost::IPlugin::INotification$/", "language": "C++", "kind": "class", "scope": "WPEFramework::Plugin::RDKShell", "scopeKind": "class"}, {"_type": "tag", "name": "Name", "path": "/home/kavia/workspace/code-generation/app-gateway2/__import__/extracted/app-gateway2-cga-cmf8e7ba8d/Supporting_Files/RDKShell/RDKShell.h", "pattern": "/^                virtual const TCHAR* Name() const override { return \"ScreenCapture\"; }$/", "language": "C++", "typeref": "typename:const TCHAR *", "kind": "function", "signature": "() const", "scope": "WPEFramework::Plugin::RDKShell::ScreenCapture", "scopeKind": "class"}, {"_type": "tag", "name": "Params", "path": "/home/kavia/workspace/code-generation/app-gateway2/__import__/extracted/app-gateway2-cga-cmf8e7ba8d/Supporting_Files/RDKShell/RDKShell.h", "pattern": "/^                struct Params {$/", "language": "C++", "kind": "struct", "scope": "WPEFramework::Plugin::RDKShell::HibernateExecutor", "scopeKind": "class"}, {"_type": "tag", "name": "Plugin", "path": "/home/kavia/workspace/code-generation/app-gateway2/__import__/extracted/app-gateway2-cga-cmf8e7ba8d/Supporting_Files/RDKShell/RDKShell.h", "pattern": "/^    namespace Plugin {$/", "language": "C++", "kind": "namespace", "scope": "WPEFramework", "scopeKind": "namespace"}, {"_type": "tag", "name": "PluginData", "path": "/home/kavia/workspace/code-generation/app-gateway2/__import__/extracted/app-gateway2-cga-cmf8e7ba8d/Supporting_Files/RDKShell/RDKShell.h", "pattern": "/^        struct PluginData$/", "language": "C++", "kind": "struct", "scope": "WPEFramework::Plugin", "scopeKind": "namespace"}, {"_type": "tag", "name": "PluginStateChangeData", "path": "/home/kavia/workspace/code-generation/app-gateway2/__import__/extracted/app-gateway2-cga-cmf8e7ba8d/Supporting_Files/RDKShell/RDKShell.h", "pattern": "/^        class PluginStateChangeData$/", "language": "C++", "kind": "class", "scope": "WPEFramework::Plugin", "scopeKind": "namespace"}, {"_type": "tag", "name": "RDKSHELL_EVENT_DEVICE_CRITICALLY_LOW_RAM_WARNING", "path": "/home/kavia/workspace/code-generation/app-gateway2/__import__/extracted/app-gateway2-cga-cmf8e7ba8d/Supporting_Files/RDKShell/RDKShell.h", "pattern": "/^            static const string RDKSHELL_EVENT_DEVICE_CRITICALLY_LOW_RAM_WARNING;$/", "language": "C++", "typeref": "typename:const string", "kind": "member", "scope": "WPEFramework::Plugin::RDKShell", "scopeKind": "class"}, {"_type": "tag", "name": "RDKSHELL_EVENT_DEVICE_CRITICALLY_LOW_RAM_WARNING_CLEARED", "path": "/home/kavia/workspace/code-generation/app-gateway2/__import__/extracted/app-gateway2-cga-cmf8e7ba8d/Supporting_Files/RDKShell/RDKShell.h", "pattern": "/^            static const string RDKSHELL_EVENT_DEVICE_CRITICALLY_LOW_RAM_WARNING_CLEARED;$/", "language": "C++", "typeref": "typename:const string", "kind": "member", "scope": "WPEFramework::Plugin::RDKShell", "scopeKind": "class"}, {"_type": "tag", "name": "RDKSHELL_EVENT_DEVICE_LOW_RAM_WARNING", "path": "/home/kavia/workspace/code-generation/app-gateway2/__import__/extracted/app-gateway2-cga-cmf8e7ba8d/Supporting_Files/RDKShell/RDKShell.h", "pattern": "/^            static const string RDKSHELL_EVENT_DEVICE_LOW_RAM_WARNING;$/", "language": "C++", "typeref": "typename:const string", "kind": "member", "scope": "WPEFramework::Plugin::RDKShell", "scopeKind": "class"}, {"_type": "tag", "name": "RDKSHELL_EVENT_DEVICE_LOW_RAM_WARNING_CLEARED", "path": "/home/kavia/workspace/code-generation/app-gateway2/__import__/extracted/app-gateway2-cga-cmf8e7ba8d/Supporting_Files/RDKShell/RDKShell.h", "pattern": "/^            static const string RDKSHELL_EVENT_DEVICE_LOW_RAM_WARNING_CLEARED;$/", "language": "C++", "typeref": "typename:const string", "kind": "member", "scope": "WPEFramework::Plugin::RDKShell", "scopeKind": "class"}, {"_type": "tag", "name": "RDKSHELL_EVENT_ON_APP_ACTIVATED", "path": "/home/kavia/workspace/code-generation/app-gateway2/__import__/extracted/app-gateway2-cga-cmf8e7ba8d/Supporting_Files/RDKShell/RDKShell.h", "pattern": "/^            static const string RDKSHELL_EVENT_ON_APP_ACTIVATED;$/", "language": "C++", "typeref": "typename:const string", "kind": "member", "scope": "WPEFramework::Plugin::RDKShell", "scopeKind": "class"}, {"_type": "tag", "name": "RDKSHELL_EVENT_ON_APP_CONNECTED", "path": "/home/kavia/workspace/code-generation/app-gateway2/__import__/extracted/app-gateway2-cga-cmf8e7ba8d/Supporting_Files/RDKShell/RDKShell.h", "pattern": "/^            static const string RDKSHELL_EVENT_ON_APP_CONNECTED;$/", "language": "C++", "typeref": "typename:const string", "kind": "member", "scope": "WPEFramework::Plugin::RDKShell", "scopeKind": "class"}, {"_type": "tag", "name": "RDKSHELL_EVENT_ON_APP_DISCONNECTED", "path": "/home/kavia/workspace/code-generation/app-gateway2/__import__/extracted/app-gateway2-cga-cmf8e7ba8d/Supporting_Files/RDKShell/RDKShell.h", "pattern": "/^            static const string RDKSHELL_EVENT_ON_APP_DISCONNECTED;$/", "language": "C++", "typeref": "typename:const string", "kind": "member", "scope": "WPEFramework::Plugin::RDKShell", "scopeKind": "class"}, {"_type": "tag", "name": "RDKSHELL_EVENT_ON_APP_FIRST_FRAME", "path": "/home/kavia/workspace/code-generation/app-gateway2/__import__/extracted/app-gateway2-cga-cmf8e7ba8d/Supporting_Files/RDKShell/RDKShell.h", "pattern": "/^            static const string RDKSHELL_EVENT_ON_APP_FIRST_FRAME;$/", "language": "C++", "typeref": "typename:const string", "kind": "member", "scope": "WPEFramework::Plugin::RDKShell", "scopeKind": "class"}, {"_type": "tag", "name": "RDKSHELL_EVENT_ON_APP_FOCUSCHANGED", "path": "/home/kavia/workspace/code-generation/app-gateway2/__import__/extracted/app-gateway2-cga-cmf8e7ba8d/Supporting_Files/RDKShell/RDKShell.h", "pattern": "/^\t    static const string RDKSHELL_EVENT_ON_APP_FOCUSCHANGED;$/", "language": "C++", "typeref": "typename:const string", "kind": "member", "scope": "WPEFramework::Plugin::RDKShell", "scopeKind": "class"}, {"_type": "tag", "name": "RDKSHELL_EVENT_ON_APP_LAUNCHED", "path": "/home/kavia/workspace/code-generation/app-gateway2/__import__/extracted/app-gateway2-cga-cmf8e7ba8d/Supporting_Files/RDKShell/RDKShell.h", "pattern": "/^            static const string RDKSHELL_EVENT_ON_APP_LAUNCHED;$/", "language": "C++", "typeref": "typename:const string", "kind": "member", "scope": "WPEFramework::Plugin::RDKShell", "scopeKind": "class"}, {"_type": "tag", "name": "RDKSHELL_EVENT_ON_APP_RESUMED", "path": "/home/kavia/workspace/code-generation/app-gateway2/__import__/extracted/app-gateway2-cga-cmf8e7ba8d/Supporting_Files/RDKShell/RDKShell.h", "pattern": "/^            static const string RDKSHELL_EVENT_ON_APP_RESUMED;$/", "language": "C++", "typeref": "typename:const string", "kind": "member", "scope": "WPEFramework::Plugin::RDKShell", "scopeKind": "class"}, {"_type": "tag", "name": "RDKSHELL_EVENT_ON_APP_SUSPENDED", "path": "/home/kavia/workspace/code-generation/app-gateway2/__import__/extracted/app-gateway2-cga-cmf8e7ba8d/Supporting_Files/RDKShell/RDKShell.h", "pattern": "/^            static const string RDKSHELL_EVENT_ON_APP_SUSPENDED;$/", "language": "C++", "typeref": "typename:const string", "kind": "member", "scope": "WPEFramework::Plugin::RDKShell", "scopeKind": "class"}, {"_type": "tag", "name": "RDKSHELL_EVENT_ON_APP_TERMINATED", "path": "/home/kavia/workspace/code-generation/app-gateway2/__import__/extracted/app-gateway2-cga-cmf8e7ba8d/Supporting_Files/RDKShell/RDKShell.h", "pattern": "/^            static const string RDKSHELL_EVENT_ON_APP_TERMINATED;$/", "language": "C++", "typeref": "typename:const string", "kind": "member", "scope": "WPEFramework::Plugin::RDKShell", "scopeKind": "class"}, {"_type": "tag", "name": "RDKSHELL_EVENT_ON_DESTROYED", "path": "/home/kavia/workspace/code-generation/app-gateway2/__import__/extracted/app-gateway2-cga-cmf8e7ba8d/Supporting_Files/RDKShell/RDKShell.h", "pattern": "/^            static const string RDKSHELL_EVENT_ON_DESTROYED;$/", "language": "C++", "typeref": "typename:const string", "kind": "member", "scope": "WPEFramework::Plugin::RDKShell", "scopeKind": "class"}, {"_type": "tag", "name": "RDKSHELL_EVENT_ON_EASTER_EGG", "path": "/home/kavia/workspace/code-generation/app-gateway2/__import__/extracted/app-gateway2-cga-cmf8e7ba8d/Supporting_Files/RDKShell/RDKShell.h", "pattern": "/^            static const string RDKSHELL_EVENT_ON_EASTER_EGG;$/", "language": "C++", "typeref": "typename:const string", "kind": "member", "scope": "WPEFramework::Plugin::RDKShell", "scopeKind": "class"}, {"_type": "tag", "name": "RDKSHELL_EVENT_ON_HIBERNATED", "path": "/home/kavia/workspace/code-generation/app-gateway2/__import__/extracted/app-gateway2-cga-cmf8e7ba8d/Supporting_Files/RDKShell/RDKShell.h", "pattern": "/^            static const string RDKSHELL_EVENT_ON_HIBERNATED;$/", "language": "C++", "typeref": "typename:const string", "kind": "member", "scope": "WPEFramework::Plugin::RDKShell", "scopeKind": "class"}, {"_type": "tag", "name": "RDKSHELL_EVENT_ON_LAUNCHED", "path": "/home/kavia/workspace/code-generation/app-gateway2/__import__/extracted/app-gateway2-cga-cmf8e7ba8d/Supporting_Files/RDKShell/RDKShell.h", "pattern": "/^            static const string RDKSHELL_EVENT_ON_LAUNCHED;$/", "language": "C++", "typeref": "typename:const string", "kind": "member", "scope": "WPEFramework::Plugin::RDKShell", "scopeKind": "class"}, {"_type": "tag", "name": "RDKSHELL_EVENT_ON_PLUGIN_SUSPENDED", "path": "/home/kavia/workspace/code-generation/app-gateway2/__import__/extracted/app-gateway2-cga-cmf8e7ba8d/Supporting_Files/RDKShell/RDKShell.h", "pattern": "/^            static const string RDKSHELL_EVENT_ON_PLUGIN_SUSPENDED;$/", "language": "C++", "typeref": "typename:const string", "kind": "member", "scope": "WPEFramework::Plugin::RDKShell", "scopeKind": "class"}, {"_type": "tag", "name": "RDKSHELL_EVENT_ON_RESTORED", "path": "/home/kavia/workspace/code-generation/app-gateway2/__import__/extracted/app-gateway2-cga-cmf8e7ba8d/Supporting_Files/RDKShell/RDKShell.h", "pattern": "/^            static const string RDKSHELL_EVENT_ON_RESTORED;$/", "language": "C++", "typeref": "typename:const string", "kind": "member", "scope": "WPEFramework::Plugin::RDKShell", "scopeKind": "class"}, {"_type": "tag", "name": "RDKSHELL_EVENT_ON_SCREENSHOT_COMPLETE", "path": "/home/kavia/workspace/code-generation/app-gateway2/__import__/extracted/app-gateway2-cga-cmf8e7ba8d/Supporting_Files/RDKShell/RDKShell.h", "pattern": "/^            static const string RDKSHELL_EVENT_ON_SCREENSHOT_COMPLETE;$/", "language": "C++", "typeref": "typename:const string", "kind": "member", "scope": "WPEFramework::Plugin::RDKShell", "scopeKind": "class"}, {"_type": "tag", "name": "RDKSHELL_EVENT_ON_SUSPENDED", "path": "/home/kavia/workspace/code-generation/app-gateway2/__import__/extracted/app-gateway2-cga-cmf8e7ba8d/Supporting_Files/RDKShell/RDKShell.h", "pattern": "/^            static const string RDKSHELL_EVENT_ON_SUSPENDED;$/", "language": "C++", "typeref": "typename:const string", "kind": "member", "scope": "WPEFramework::Plugin::RDKShell", "scopeKind": "class"}, {"_type": "tag", "name": "RDKSHELL_EVENT_ON_USER_INACTIVITY", "path": "/home/kavia/workspace/code-generation/app-gateway2/__import__/extracted/app-gateway2-cga-cmf8e7ba8d/Supporting_Files/RDKShell/RDKShell.h", "pattern": "/^            static const string RDKSHELL_EVENT_ON_USER_INACTIVITY;$/", "language": "C++", "typeref": "typename:const string", "kind": "member", "scope": "WPEFramework::Plugin::RDKShell", "scopeKind": "class"}, {"_type": "tag", "name": "RDKSHELL_EVENT_ON_WILL_DESTROY", "path": "/home/kavia/workspace/code-generation/app-gateway2/__import__/extracted/app-gateway2-cga-cmf8e7ba8d/Supporting_Files/RDKShell/RDKShell.h", "pattern": "/^            static const string RDKSHELL_EVENT_ON_WILL_DESTROY;$/", "language": "C++", "typeref": "typename:const string", "kind": "member", "scope": "WPEFramework::Plugin::RDKShell", "scopeKind": "class"}, {"_type": "tag", "name": "RDKSHELL_METHOD_ADD_ANIMATION", "path": "/home/kavia/workspace/code-generation/app-gateway2/__import__/extracted/app-gateway2-cga-cmf8e7ba8d/Supporting_Files/RDKShell/RDKShell.h", "pattern": "/^            static const string RDKSHELL_METHOD_ADD_ANIMATION;$/", "language": "C++", "typeref": "typename:const string", "kind": "member", "scope": "WPEFramework::Plugin::RDKShell", "scopeKind": "class"}, {"_type": "tag", "name": "RDKSHELL_METHOD_ADD_EASTER_EGGS", "path": "/home/kavia/workspace/code-generation/app-gateway2/__import__/extracted/app-gateway2-cga-cmf8e7ba8d/Supporting_Files/RDKShell/RDKShell.h", "pattern": "/^            static const string RDKSHELL_METHOD_ADD_EASTER_EGGS;$/", "language": "C++", "typeref": "typename:const string", "kind": "member", "scope": "WPEFramework::Plugin::RDKShell", "scopeKind": "class"}, {"_type": "tag", "name": "RDKSHELL_METHOD_ADD_KEY_INTERCEPT", "path": "/home/kavia/workspace/code-generation/app-gateway2/__import__/extracted/app-gateway2-cga-cmf8e7ba8d/Supporting_Files/RDKShell/RDKShell.h", "pattern": "/^            static const string RDKSHELL_METHOD_ADD_KEY_INTERCEPT;$/", "language": "C++", "typeref": "typename:const string", "kind": "member", "scope": "WPEFramework::Plugin::RDKShell", "scopeKind": "class"}, {"_type": "tag", "name": "RDKSHELL_METHOD_ADD_KEY_INTERCEPTS", "path": "/home/kavia/workspace/code-generation/app-gateway2/__import__/extracted/app-gateway2-cga-cmf8e7ba8d/Supporting_Files/RDKShell/RDKShell.h", "pattern": "/^            static const string RDKSHELL_METHOD_ADD_KEY_INTERCEPTS;$/", "language": "C++", "typeref": "typename:const string", "kind": "member", "scope": "WPEFramework::Plugin::RDKShell", "scopeKind": "class"}, {"_type": "tag", "name": "RDKSHELL_METHOD_ADD_KEY_LISTENER", "path": "/home/kavia/workspace/code-generation/app-gateway2/__import__/extracted/app-gateway2-cga-cmf8e7ba8d/Supporting_Files/RDKShell/RDKShell.h", "pattern": "/^            static const string RDKSHELL_METHOD_ADD_KEY_LISTENER;$/", "language": "C++", "typeref": "typename:const string", "kind": "member", "scope": "WPEFramework::Plugin::RDKShell", "scopeKind": "class"}, {"_type": "tag", "name": "RDKSHELL_METHOD_ADD_KEY_METADATA_LISTENER", "path": "/home/kavia/workspace/code-generation/app-gateway2/__import__/extracted/app-gateway2-cga-cmf8e7ba8d/Supporting_Files/RDKShell/RDKShell.h", "pattern": "/^            static const string RDKSHELL_METHOD_ADD_KEY_METADATA_LISTENER;$/", "language": "C++", "typeref": "typename:const string", "kind": "member", "scope": "WPEFramework::Plugin::RDKShell", "scopeKind": "class"}, {"_type": "tag", "name": "RDKSHELL_METHOD_CREATE_DISPLAY", "path": "/home/kavia/workspace/code-generation/app-gateway2/__import__/extracted/app-gateway2-cga-cmf8e7ba8d/Supporting_Files/RDKShell/RDKShell.h", "pattern": "/^            static const string RDKSHELL_METHOD_CREATE_DISPLAY;$/", "language": "C++", "typeref": "typename:const string", "kind": "member", "scope": "WPEFramework::Plugin::RDKShell", "scopeKind": "class"}, {"_type": "tag", "name": "RDKSHELL_METHOD_DESTROY", "path": "/home/kavia/workspace/code-generation/app-gateway2/__import__/extracted/app-gateway2-cga-cmf8e7ba8d/Supporting_Files/RDKShell/RDKShell.h", "pattern": "/^            static const string RDKSHELL_METHOD_DESTROY;$/", "language": "C++", "typeref": "typename:const string", "kind": "member", "scope": "WPEFramework::Plugin::RDKShell", "scopeKind": "class"}, {"_type": "tag", "name": "RDKSHELL_METHOD_ENABLE_EASTER_EGGS", "path": "/home/kavia/workspace/code-generation/app-gateway2/__import__/extracted/app-gateway2-cga-cmf8e7ba8d/Supporting_Files/RDKShell/RDKShell.h", "pattern": "/^            static const string RDKSHELL_METHOD_ENABLE_EASTER_EGGS;$/", "language": "C++", "typeref": "typename:const string", "kind": "member", "scope": "WPEFramework::Plugin::RDKShell", "scopeKind": "class"}, {"_type": "tag", "name": "RDKSHELL_METHOD_ENABLE_INACTIVITY_REPORTING", "path": "/home/kavia/workspace/code-generation/app-gateway2/__import__/extracted/app-gateway2-cga-cmf8e7ba8d/Supporting_Files/RDKShell/RDKShell.h", "pattern": "/^            static const string RDKSHELL_METHOD_ENABLE_INACTIVITY_REPORTING;$/", "language": "C++", "typeref": "typename:const string", "kind": "member", "scope": "WPEFramework::Plugin::RDKShell", "scopeKind": "class"}, {"_type": "tag", "name": "RDKSHELL_METHOD_ENABLE_INPUT_EVENTS", "path": "/home/kavia/workspace/code-generation/app-gateway2/__import__/extracted/app-gateway2-cga-cmf8e7ba8d/Supporting_Files/RDKShell/RDKShell.h", "pattern": "/^            static const string RDKSHELL_METHOD_ENABLE_INPUT_EVENTS;$/", "language": "C++", "typeref": "typename:const string", "kind": "member", "scope": "WPEFramework::Plugin::RDKShell", "scopeKind": "class"}, {"_type": "tag", "name": "RDKSHELL_METHOD_ENABLE_KEYREPEATS", "path": "/home/kavia/workspace/code-generation/app-gateway2/__import__/extracted/app-gateway2-cga-cmf8e7ba8d/Supporting_Files/RDKShell/RDKShell.h", "pattern": "/^            static const string RDKSHELL_METHOD_ENABLE_KEYREPEATS;$/", "language": "C++", "typeref": "typename:const string", "kind": "member", "scope": "WPEFramework::Plugin::RDKShell", "scopeKind": "class"}, {"_type": "tag", "name": "RDKSHELL_METHOD_ENABLE_LOGS_FLUSHING", "path": "/home/kavia/workspace/code-generation/app-gateway2/__import__/extracted/app-gateway2-cga-cmf8e7ba8d/Supporting_Files/RDKShell/RDKShell.h", "pattern": "/^            static const string RDKSHELL_METHOD_ENABLE_LOGS_FLUSHING;$/", "language": "C++", "typeref": "typename:const string", "kind": "member", "scope": "WPEFramework::Plugin::RDKShell", "scopeKind": "class"}, {"_type": "tag", "name": "RDKSHELL_METHOD_ENABLE_VIRTUAL_DISPLAY", "path": "/home/kavia/workspace/code-generation/app-gateway2/__import__/extracted/app-gateway2-cga-cmf8e7ba8d/Supporting_Files/RDKShell/RDKShell.h", "pattern": "/^            static const string RDKSHELL_METHOD_ENABLE_VIRTUAL_DISPLAY;$/", "language": "C++", "typeref": "typename:const string", "kind": "member", "scope": "WPEFramework::Plugin::RDKShell", "scopeKind": "class"}, {"_type": "tag", "name": "RDKSHELL_METHOD_EXIT_AGING_MODE", "path": "/home/kavia/workspace/code-generation/app-gateway2/__import__/extracted/app-gateway2-cga-cmf8e7ba8d/Supporting_Files/RDKShell/RDKShell.h", "pattern": "/^            static const string RDKSHELL_METHOD_EXIT_AGING_MODE;$/", "language": "C++", "typeref": "typename:const string", "kind": "member", "scope": "WPEFramework::Plugin::RDKShell", "scopeKind": "class"}, {"_type": "tag", "name": "RDKSHELL_METHOD_GENERATE_KEYS", "path": "/home/kavia/workspace/code-generation/app-gateway2/__import__/extracted/app-gateway2-cga-cmf8e7ba8d/Supporting_Files/RDKShell/RDKShell.h", "pattern": "/^            static const string RDKSHELL_METHOD_GENERATE_KEYS;$/", "language": "C++", "typeref": "typename:const string", "kind": "member", "scope": "WPEFramework::Plugin::RDKShell", "scopeKind": "class"}, {"_type": "tag", "name": "RDKSHELL_METHOD_GET_AVAILABLE_TYPES", "path": "/home/kavia/workspace/code-generation/app-gateway2/__import__/extracted/app-gateway2-cga-cmf8e7ba8d/Supporting_Files/RDKShell/RDKShell.h", "pattern": "/^            static const string RDKSHELL_METHOD_GET_AVAILABLE_TYPES;$/", "language": "C++", "typeref": "typename:const string", "kind": "member", "scope": "WPEFramework::Plugin::RDKShell", "scopeKind": "class"}, {"_type": "tag", "name": "RDKSHELL_METHOD_GET_AV_BLOCKED_APPS", "path": "/home/kavia/workspace/code-generation/app-gateway2/__import__/extracted/app-gateway2-cga-cmf8e7ba8d/Supporting_Files/RDKShell/RDKShell.h", "pattern": "/^            static const string RDKSHELL_METHOD_GET_AV_BLOCKED_APPS;$/", "language": "C++", "typeref": "typename:const string", "kind": "member", "scope": "WPEFramework::Plugin::RDKShell", "scopeKind": "class"}, {"_type": "tag", "name": "RDKSHELL_METHOD_GET_BOUNDS", "path": "/home/kavia/workspace/code-generation/app-gateway2/__import__/extracted/app-gateway2-cga-cmf8e7ba8d/Supporting_Files/RDKShell/RDKShell.h", "pattern": "/^            static const string RDKSHELL_METHOD_GET_BOUNDS;$/", "language": "C++", "typeref": "typename:const string", "kind": "member", "scope": "WPEFramework::Plugin::RDKShell", "scopeKind": "class"}, {"_type": "tag", "name": "RDKSHELL_METHOD_GET_CLIENTS", "path": "/home/kavia/workspace/code-generation/app-gateway2/__import__/extracted/app-gateway2-cga-cmf8e7ba8d/Supporting_Files/RDKShell/RDKShell.h", "pattern": "/^            static const string RDKSHELL_METHOD_GET_CLIENTS;$/", "language": "C++", "typeref": "typename:const string", "kind": "member", "scope": "WPEFramework::Plugin::RDKShell", "scopeKind": "class"}, {"_type": "tag", "name": "RDKSHELL_METHOD_GET_CURSOR_SIZE", "path": "/home/kavia/workspace/code-generation/app-gateway2/__import__/extracted/app-gateway2-cga-cmf8e7ba8d/Supporting_Files/RDKShell/RDKShell.h", "pattern": "/^            static const string RDKSHELL_METHOD_GET_CURSOR_SIZE;$/", "language": "C++", "typeref": "typename:const string", "kind": "member", "scope": "WPEFramework::Plugin::RDKShell", "scopeKind": "class"}, {"_type": "tag", "name": "RDKSHELL_METHOD_GET_EASTER_EGGS", "path": "/home/kavia/workspace/code-generation/app-gateway2/__import__/extracted/app-gateway2-cga-cmf8e7ba8d/Supporting_Files/RDKShell/RDKShell.h", "pattern": "/^            static const string RDKSHELL_METHOD_GET_EASTER_EGGS;$/", "language": "C++", "typeref": "typename:const string", "kind": "member", "scope": "WPEFramework::Plugin::RDKShell", "scopeKind": "class"}, {"_type": "tag", "name": "RDKSHELL_METHOD_GET_FOCUSED", "path": "/home/kavia/workspace/code-generation/app-gateway2/__import__/extracted/app-gateway2-cga-cmf8e7ba8d/Supporting_Files/RDKShell/RDKShell.h", "pattern": "/^\t    static const string RDKSHELL_METHOD_GET_FOCUSED;$/", "language": "C++", "typeref": "typename:const string", "kind": "member", "scope": "WPEFramework::Plugin::RDKShell", "scopeKind": "class"}, {"_type": "tag", "name": "RDKSHELL_METHOD_GET_GRAPHICS_FRAME_RATE", "path": "/home/kavia/workspace/code-generation/app-gateway2/__import__/extracted/app-gateway2-cga-cmf8e7ba8d/Supporting_Files/RDKShell/RDKShell.h", "pattern": "/^            static const string RDKSHELL_METHOD_GET_GRAPHICS_FRAME_RATE;$/", "language": "C++", "typeref": "typename:const string", "kind": "member", "scope": "WPEFramework::Plugin::RDKShell", "scopeKind": "class"}, {"_type": "tag", "name": "RDKSHELL_METHOD_GET_HOLE_PUNCH", "path": "/home/kavia/workspace/code-generation/app-gateway2/__import__/extracted/app-gateway2-cga-cmf8e7ba8d/Supporting_Files/RDKShell/RDKShell.h", "pattern": "/^            static const string RDKSHELL_METHOD_GET_HOLE_PUNCH;$/", "language": "C++", "typeref": "typename:const string", "kind": "member", "scope": "WPEFramework::Plugin::RDKShell", "scopeKind": "class"}, {"_type": "tag", "name": "RDKSHELL_METHOD_GET_KEYREPEATS_ENABLED", "path": "/home/kavia/workspace/code-generation/app-gateway2/__import__/extracted/app-gateway2-cga-cmf8e7ba8d/Supporting_Files/RDKShell/RDKShell.h", "pattern": "/^            static const string RDKSHELL_METHOD_GET_KEYREPEATS_ENABLED;$/", "language": "C++", "typeref": "typename:const string", "kind": "member", "scope": "WPEFramework::Plugin::RDKShell", "scopeKind": "class"}, {"_type": "tag", "name": "RDKSHELL_METHOD_GET_LAST_WAKEUP_KEY", "path": "/home/kavia/workspace/code-generation/app-gateway2/__import__/extracted/app-gateway2-cga-cmf8e7ba8d/Supporting_Files/RDKShell/RDKShell.h", "pattern": "/^            static const string RDKSHELL_METHOD_GET_LAST_WAKEUP_KEY;$/", "language": "C++", "typeref": "typename:const string", "kind": "member", "scope": "WPEFramework::Plugin::RDKShell", "scopeKind": "class"}, {"_type": "tag", "name": "RDKSHELL_METHOD_GET_LOGS_FLUSHING_ENABLED", "path": "/home/kavia/workspace/code-generation/app-gateway2/__import__/extracted/app-gateway2-cga-cmf8e7ba8d/Supporting_Files/RDKShell/RDKShell.h", "pattern": "/^            static const string RDKSHELL_METHOD_GET_LOGS_FLUSHING_ENABLED;$/", "language": "C++", "typeref": "typename:const string", "kind": "member", "scope": "WPEFramework::Plugin::RDKShell", "scopeKind": "class"}, {"_type": "tag", "name": "RDKSHELL_METHOD_GET_LOG_LEVEL", "path": "/home/kavia/workspace/code-generation/app-gateway2/__import__/extracted/app-gateway2-cga-cmf8e7ba8d/Supporting_Files/RDKShell/RDKShell.h", "pattern": "/^            static const string RDKSHELL_METHOD_GET_LOG_LEVEL;$/", "language": "C++", "typeref": "typename:const string", "kind": "member", "scope": "WPEFramework::Plugin::RDKShell", "scopeKind": "class"}, {"_type": "tag", "name": "RDKSHELL_METHOD_GET_OPACITY", "path": "/home/kavia/workspace/code-generation/app-gateway2/__import__/extracted/app-gateway2-cga-cmf8e7ba8d/Supporting_Files/RDKShell/RDKShell.h", "pattern": "/^            static const string RDKSHELL_METHOD_GET_OPACITY;$/", "language": "C++", "typeref": "typename:const string", "kind": "member", "scope": "WPEFramework::Plugin::RDKShell", "scopeKind": "class"}, {"_type": "tag", "name": "RDKSHELL_METHOD_GET_SCALE", "path": "/home/kavia/workspace/code-generation/app-gateway2/__import__/extracted/app-gateway2-cga-cmf8e7ba8d/Supporting_Files/RDKShell/RDKShell.h", "pattern": "/^            static const string RDKSHELL_METHOD_GET_SCALE;$/", "language": "C++", "typeref": "typename:const string", "kind": "member", "scope": "WPEFramework::Plugin::RDKShell", "scopeKind": "class"}, {"_type": "tag", "name": "RDKSHELL_METHOD_GET_SCREENSHOT", "path": "/home/kavia/workspace/code-generation/app-gateway2/__import__/extracted/app-gateway2-cga-cmf8e7ba8d/Supporting_Files/RDKShell/RDKShell.h", "pattern": "/^            static const string RDKSHELL_METHOD_GET_SCREENSHOT;$/", "language": "C++", "typeref": "typename:const string", "kind": "member", "scope": "WPEFramework::Plugin::RDKShell", "scopeKind": "class"}, {"_type": "tag", "name": "RDKSHELL_METHOD_GET_SCREEN_RESOLUTION", "path": "/home/kavia/workspace/code-generation/app-gateway2/__import__/extracted/app-gateway2-cga-cmf8e7ba8d/Supporting_Files/RDKShell/RDKShell.h", "pattern": "/^            static const string RDKSHELL_METHOD_GET_SCREEN_RESOLUTION;$/", "language": "C++", "typeref": "typename:const string", "kind": "member", "scope": "WPEFramework::Plugin::RDKShell", "scopeKind": "class"}, {"_type": "tag", "name": "RDKSHELL_METHOD_GET_STATE", "path": "/home/kavia/workspace/code-generation/app-gateway2/__import__/extracted/app-gateway2-cga-cmf8e7ba8d/Supporting_Files/RDKShell/RDKShell.h", "pattern": "/^            static const string RDKSHELL_METHOD_GET_STATE;$/", "language": "C++", "typeref": "typename:const string", "kind": "member", "scope": "WPEFramework::Plugin::RDKShell", "scopeKind": "class"}, {"_type": "tag", "name": "RDKSHELL_METHOD_GET_SYSTEM_MEMORY", "path": "/home/kavia/workspace/code-generation/app-gateway2/__import__/extracted/app-gateway2-cga-cmf8e7ba8d/Supporting_Files/RDKShell/RDKShell.h", "pattern": "/^            static const string RDKSHELL_METHOD_GET_SYSTEM_MEMORY;$/", "language": "C++", "typeref": "typename:const string", "kind": "member", "scope": "WPEFramework::Plugin::RDKShell", "scopeKind": "class"}, {"_type": "tag", "name": "RDKSHELL_METHOD_GET_SYSTEM_RESOURCE_INFO", "path": "/home/kavia/workspace/code-generation/app-gateway2/__import__/extracted/app-gateway2-cga-cmf8e7ba8d/Supporting_Files/RDKShell/RDKShell.h", "pattern": "/^            static const string RDKSHELL_METHOD_GET_SYSTEM_RESOURCE_INFO;$/", "language": "C++", "typeref": "typename:const string", "kind": "member", "scope": "WPEFramework::Plugin::RDKShell", "scopeKind": "class"}, {"_type": "tag", "name": "RDKSHELL_METHOD_GET_VIRTUAL_DISPLAY_ENABLED", "path": "/home/kavia/workspace/code-generation/app-gateway2/__import__/extracted/app-gateway2-cga-cmf8e7ba8d/Supporting_Files/RDKShell/RDKShell.h", "pattern": "/^            static const string RDKSHELL_METHOD_GET_VIRTUAL_DISPLAY_ENABLED;$/", "language": "C++", "typeref": "typename:const string", "kind": "member", "scope": "WPEFramework::Plugin::RDKShell", "scopeKind": "class"}, {"_type": "tag", "name": "RDKSHELL_METHOD_GET_VIRTUAL_RESOLUTION", "path": "/home/kavia/workspace/code-generation/app-gateway2/__import__/extracted/app-gateway2-cga-cmf8e7ba8d/Supporting_Files/RDKShell/RDKShell.h", "pattern": "/^            static const string RDKSHELL_METHOD_GET_VIRTUAL_RESOLUTION;$/", "language": "C++", "typeref": "typename:const string", "kind": "member", "scope": "WPEFramework::Plugin::RDKShell", "scopeKind": "class"}], "hash": "3a543074396be9bb5ad928a496f4551f", "format-version": 4, "code-base-name": "app-gateway2", "filename": "__import__/extracted/app-gateway2-cga-cmf8e7ba8d/Supporting_Files/RDKShell/RDKShell.h", "fields": [{"name": "const string RDKSHELL_EVENT_DEVICE_CRITICALLY_LOW_RAM_WARNING", "scope": "WPEFramework::Plugin::RDKShell", "scopeKind": "class", "description": "unavailable"}, {"name": "const string RDKSHELL_EVENT_DEVICE_CRITICALLY_LOW_RAM_WARNING_CLEARED", "scope": "WPEFramework::Plugin::RDKShell", "scopeKind": "class", "description": "unavailable"}, {"name": "const string RDKSHELL_EVENT_DEVICE_LOW_RAM_WARNING", "scope": "WPEFramework::Plugin::RDKShell", "scopeKind": "class", "description": "unavailable"}, {"name": "const string RDKSHELL_EVENT_DEVICE_LOW_RAM_WARNING_CLEARED", "scope": "WPEFramework::Plugin::RDKShell", "scopeKind": "class", "description": "unavailable"}, {"name": "const string RDKSHELL_EVENT_ON_APP_ACTIVATED", "scope": "WPEFramework::Plugin::RDKShell", "scopeKind": "class", "description": "unavailable"}, {"name": "const string RDKSHELL_EVENT_ON_APP_CONNECTED", "scope": "WPEFramework::Plugin::RDKShell", "scopeKind": "class", "description": "unavailable"}, {"name": "const string RDKSHELL_EVENT_ON_APP_DISCONNECTED", "scope": "WPEFramework::Plugin::RDKShell", "scopeKind": "class", "description": "unavailable"}, {"name": "const string RDKSHELL_EVENT_ON_APP_FIRST_FRAME", "scope": "WPEFramework::Plugin::RDKShell", "scopeKind": "class", "description": "unavailable"}, {"name": "const string RDKSHELL_EVENT_ON_APP_FOCUSCHANGED", "scope": "WPEFramework::Plugin::RDKShell", "scopeKind": "class", "description": "unavailable"}, {"name": "const string RDKSHELL_EVENT_ON_APP_LAUNCHED", "scope": "WPEFramework::Plugin::RDKShell", "scopeKind": "class", "description": "unavailable"}, {"name": "const string RDKSHELL_EVENT_ON_APP_RESUMED", "scope": "WPEFramework::Plugin::RDKShell", "scopeKind": "class", "description": "unavailable"}, {"name": "const string RDKSHELL_EVENT_ON_APP_SUSPENDED", "scope": "WPEFramework::Plugin::RDKShell", "scopeKind": "class", "description": "unavailable"}, {"name": "const string RDKSHELL_EVENT_ON_APP_TERMINATED", "scope": "WPEFramework::Plugin::RDKShell", "scopeKind": "class", "description": "unavailable"}, {"name": "const string RDKSHELL_EVENT_ON_DESTROYED", "scope": "WPEFramework::Plugin::RDKShell", "scopeKind": "class", "description": "unavailable"}, {"name": "const string RDKSHELL_EVENT_ON_EASTER_EGG", "scope": "WPEFramework::Plugin::RDKShell", "scopeKind": "class", "description": "unavailable"}, {"name": "const string RDKSHELL_EVENT_ON_HIBERNATED", "scope": "WPEFramework::Plugin::RDKShell", "scopeKind": "class", "description": "unavailable"}, {"name": "const string RDKSHELL_EVENT_ON_LAUNCHED", "scope": "WPEFramework::Plugin::RDKShell", "scopeKind": "class", "description": "unavailable"}, {"name": "const string RDKSHELL_EVENT_ON_PLUGIN_SUSPENDED", "scope": "WPEFramework::Plugin::RDKShell", "scopeKind": "class", "description": "unavailable"}, {"name": "const string RDKSHELL_EVENT_ON_RESTORED", "scope": "WPEFramework::Plugin::RDKShell", "scopeKind": "class", "description": "unavailable"}, {"name": "const string RDKSHELL_EVENT_ON_SCREENSHOT_COMPLETE", "scope": "WPEFramework::Plugin::RDKShell", "scopeKind": "class", "description": "unavailable"}, {"name": "const string RDKSHELL_EVENT_ON_SUSPENDED", "scope": "WPEFramework::Plugin::RDKShell", "scopeKind": "class", "description": "unavailable"}, {"name": "const string RDKSHELL_EVENT_ON_USER_INACTIVITY", "scope": "WPEFramework::Plugin::RDKShell", "scopeKind": "class", "description": "unavailable"}, {"name": "const string RDKSHELL_EVENT_ON_WILL_DESTROY", "scope": "WPEFramework::Plugin::RDKShell", "scopeKind": "class", "description": "unavailable"}, {"name": "const string RDKSHELL_METHOD_ADD_ANIMATION", "scope": "WPEFramework::Plugin::RDKShell", "scopeKind": "class", "description": "unavailable"}, {"name": "const string RDKSHELL_METHOD_ADD_EASTER_EGGS", "scope": "WPEFramework::Plugin::RDKShell", "scopeKind": "class", "description": "unavailable"}, {"name": "const string RDKSHELL_METHOD_ADD_KEY_INTERCEPT", "scope": "WPEFramework::Plugin::RDKShell", "scopeKind": "class", "description": "unavailable"}, {"name": "const string RDKSHELL_METHOD_ADD_KEY_INTERCEPTS", "scope": "WPEFramework::Plugin::RDKShell", "scopeKind": "class", "description": "unavailable"}, {"name": "const string RDKSHELL_METHOD_ADD_KEY_LISTENER", "scope": "WPEFramework::Plugin::RDKShell", "scopeKind": "class", "description": "unavailable"}, {"name": "const string RDKSHELL_METHOD_ADD_KEY_METADATA_LISTENER", "scope": "WPEFramework::Plugin::RDKShell", "scopeKind": "class", "description": "unavailable"}, {"name": "const string RDKSHELL_METHOD_CREATE_DISPLAY", "scope": "WPEFramework::Plugin::RDKShell", "scopeKind": "class", "description": "unavailable"}, {"name": "const string RDKSHELL_METHOD_DESTROY", "scope": "WPEFramework::Plugin::RDKShell", "scopeKind": "class", "description": "unavailable"}, {"name": "const string RDKSHELL_METHOD_ENABLE_EASTER_EGGS", "scope": "WPEFramework::Plugin::RDKShell", "scopeKind": "class", "description": "unavailable"}, {"name": "const string RDKSHELL_METHOD_ENABLE_INACTIVITY_REPORTING", "scope": "WPEFramework::Plugin::RDKShell", "scopeKind": "class", "description": "unavailable"}, {"name": "const string RDKSHELL_METHOD_ENABLE_INPUT_EVENTS", "scope": "WPEFramework::Plugin::RDKShell", "scopeKind": "class", "description": "unavailable"}, {"name": "const string RDKSHELL_METHOD_ENABLE_KEYREPEATS", "scope": "WPEFramework::Plugin::RDKShell", "scopeKind": "class", "description": "unavailable"}, {"name": "const string RDKSHELL_METHOD_ENABLE_LOGS_FLUSHING", "scope": "WPEFramework::Plugin::RDKShell", "scopeKind": "class", "description": "unavailable"}, {"name": "const string RDKSHELL_METHOD_ENABLE_VIRTUAL_DISPLAY", "scope": "WPEFramework::Plugin::RDKShell", "scopeKind": "class", "description": "unavailable"}, {"name": "const string RDKSHELL_METHOD_EXIT_AGING_MODE", "scope": "WPEFramework::Plugin::RDKShell", "scopeKind": "class", "description": "unavailable"}, {"name": "const string RDKSHELL_METHOD_GENERATE_KEYS", "scope": "WPEFramework::Plugin::RDKShell", "scopeKind": "class", "description": "unavailable"}, {"name": "const string RDKSHELL_METHOD_GET_AVAILABLE_TYPES", "scope": "WPEFramework::Plugin::RDKShell", "scopeKind": "class", "description": "unavailable"}, {"name": "const string RDKSHELL_METHOD_GET_AV_BLOCKED_APPS", "scope": "WPEFramework::Plugin::RDKShell", "scopeKind": "class", "description": "unavailable"}, {"name": "const string RDKSHELL_METHOD_GET_BOUNDS", "scope": "WPEFramework::Plugin::RDKShell", "scopeKind": "class", "description": "unavailable"}, {"name": "const string RDKSHELL_METHOD_GET_CLIENTS", "scope": "WPEFramework::Plugin::RDKShell", "scopeKind": "class", "description": "unavailable"}, {"name": "const string RDKSHELL_METHOD_GET_CURSOR_SIZE", "scope": "WPEFramework::Plugin::RDKShell", "scopeKind": "class", "description": "unavailable"}, {"name": "const string RDKSHELL_METHOD_GET_EASTER_EGGS", "scope": "WPEFramework::Plugin::RDKShell", "scopeKind": "class", "description": "unavailable"}, {"name": "const string RDKSHELL_METHOD_GET_FOCUSED", "scope": "WPEFramework::Plugin::RDKShell", "scopeKind": "class", "description": "unavailable"}, {"name": "const string RDKSHELL_METHOD_GET_GRAPHICS_FRAME_RATE", "scope": "WPEFramework::Plugin::RDKShell", "scopeKind": "class", "description": "unavailable"}, {"name": "const string RDKSHELL_METHOD_GET_HOLE_PUNCH", "scope": "WPEFramework::Plugin::RDKShell", "scopeKind": "class", "description": "unavailable"}, {"name": "const string RDKSHELL_METHOD_GET_KEYREPEATS_ENABLED", "scope": "WPEFramework::Plugin::RDKShell", "scopeKind": "class", "description": "unavailable"}, {"name": "const string RDKSHELL_METHOD_GET_LAST_WAKEUP_KEY", "scope": "WPEFramework::Plugin::RDKShell", "scopeKind": "class", "description": "unavailable"}, {"name": "const string RDKSHELL_METHOD_GET_LOGS_FLUSHING_ENABLED", "scope": "WPEFramework::Plugin::RDKShell", "scopeKind": "class", "description": "unavailable"}, {"name": "const string RDKSHELL_METHOD_GET_LOG_LEVEL", "scope": "WPEFramework::Plugin::RDKShell", "scopeKind": "class", "description": "unavailable"}, {"name": "const string RDKSHELL_METHOD_GET_OPACITY", "scope": "WPEFramework::Plugin::RDKShell", "scopeKind": "class", "description": "unavailable"}, {"name": "const string RDKSHELL_METHOD_GET_SCALE", "scope": "WPEFramework::Plugin::RDKShell", "scopeKind": "class", "description": "unavailable"}, {"name": "const string RDKSHELL_METHOD_GET_SCREENSHOT", "scope": "WPEFramework::Plugin::RDKShell", "scopeKind": "class", "description": "unavailable"}, {"name": "const string RDKSHELL_METHOD_GET_SCREEN_RESOLUTION", "scope": "WPEFramework::Plugin::RDKShell", "scopeKind": "class", "description": "unavailable"}, {"name": "const string RDKSHELL_METHOD_GET_STATE", "scope": "WPEFramework::Plugin::RDKShell", "scopeKind": "class", "description": "unavailable"}, {"name": "const string RDKSHELL_METHOD_GET_SYSTEM_MEMORY", "scope": "WPEFramework::Plugin::RDKShell", "scopeKind": "class", "description": "unavailable"}, {"name": "const string RDKSHELL_METHOD_GET_SYSTEM_RESOURCE_INFO", "scope": "WPEFramework::Plugin::RDKShell", "scopeKind": "class", "description": "unavailable"}, {"name": "const string RDKSHELL_METHOD_GET_VIRTUAL_DISPLAY_ENABLED", "scope": "WPEFramework::Plugin::RDKShell", "scopeKind": "class", "description": "unavailable"}, {"name": "const string RDKSHELL_METHOD_GET_VIRTUAL_RESOLUTION", "scope": "WPEFramework::Plugin::RDKShell", "scopeKind": "class", "description": "unavailable"}], "revision_history": [{"16271": "0f87a35b32215bc8547fb583d6c84bd51f603f69"}]}