{"is_source_file": true, "format": "C++ header file", "description": "This file defines classes related to text stream termination and text stream handling, including different terminator types and a templated stream text class for sending and receiving text data over a communication channel, with support for customizable terminators.", "external_files": ["Module.h", "Portability.h"], "external_methods": [], "published": ["WPEFramework::Core::StreamTextType"], "classes": [{"name": "TerminatorNull", "description": "Class representing a null terminator for a text stream, checking for '\\0' character."}, {"name": "TerminatorCarriageReturn", "description": "Class representing a carriage return terminator, checking for '\\n' character."}, {"name": "TerminatorCarriageReturnLineFeed", "description": "Class representing a combined line feed and carriage return terminator, checking for '\\n' followed by '\\r'."}, {"name": "StreamTextType", "description": "Templated class implementing a stream text handler with send and receive methods, utilizing a specified source and terminator class."}], "methods": [{"name": "Received", "description": "Pure virtual method to process received text data."}, {"name": "Send", "description": "Pure virtual method to send text data."}, {"name": "void StateChange()", "description": "Pure virtual method to handle state changes.", "scope": "WPEFramework::Core::StreamTextType::HandlerType", "scopeKind": "class"}, {"name": "void Submit(const string & element)", "description": "Method to queue a string element for sending over the channel.", "scope": "WPEFramework::Core::StreamTextType", "scopeKind": "class"}, {"name": "uint32_t Open(const uint32_t waitTime)", "description": "Opens the communication channel with a specified wait time.", "scope": "WPEFramework::Core::StreamTextType", "scopeKind": "class"}, {"name": "uint32_t Close(const uint32_t waitTime)", "description": "Closes the communication channel with a specified wait time.", "scope": "WPEFramework::Core::StreamTextType", "scopeKind": "class"}, {"name": "bool IsOpen() const", "description": "Checks if the channel is open.", "scope": "WPEFramework::Core::StreamTextType", "scopeKind": "class"}, {"name": "bool IsClosed() const", "description": "Checks if the channel is closed.", "scope": "WPEFramework::Core::StreamTextType", "scopeKind": "class"}, {"name": "bool IsSuspended() const", "description": "Checks if the channel is suspended.", "scope": "WPEFramework::Core::StreamTextType", "scopeKind": "class"}, {"name": "string LocalId() const", "description": "Returns the identifier of the local channel.", "scope": "WPEFramework::Core::StreamTextType", "scopeKind": "class"}, {"name": "void Ping()", "description": "Pings the channel to check connectivity.", "scope": "WPEFramework::Core::StreamTextType", "scopeKind": "class"}, {"name": "void Convert(const uint8_t * dataFrame,char & entry) const", "scope": "WPEFramework::Core::StreamTextType", "scopeKind": "class", "description": "unavailable"}, {"name": "void Convert(const uint8_t * dataFrame,wchar_t & entry) const", "scope": "WPEFramework::Core::StreamTextType", "scopeKind": "class", "description": "unavailable"}, {"name": "HandlerType(PARENTCLASS & parent)", "scope": "WPEFramework::Core::StreamTextType::HandlerType", "scopeKind": "class", "description": "unavailable"}, {"name": "HandlerType(PARENTCLASS & parent,Arg1 arg1)", "scope": "WPEFramework::Core::StreamTextType::HandlerType", "scopeKind": "class", "description": "unavailable"}, {"name": "HandlerType(PARENTCLASS & parent,Arg1 arg1,Arg2 arg2)", "scope": "WPEFramework::Core::StreamTextType::HandlerType", "scopeKind": "class", "description": "unavailable"}, {"name": "HandlerType(PARENTCLASS & parent,Arg1 arg1,Arg2 arg2,Arg3 arg3)", "scope": "WPEFramework::Core::StreamTextType::HandlerType", "scopeKind": "class", "description": "unavailable"}, {"name": "HandlerType(PARENTCLASS & parent,Arg1 arg1,Arg2 arg2,Arg3 arg3,Arg4 arg4)", "scope": "WPEFramework::Core::StreamTextType::HandlerType", "scopeKind": "class", "description": "unavailable"}, {"name": "HandlerType(PARENTCLASS & parent,Arg1 arg1,Arg2 arg2,Arg3 arg3,Arg4 arg4,Arg5 arg5)", "scope": "WPEFramework::Core::StreamTextType::HandlerType", "scopeKind": "class", "description": "unavailable"}, {"name": "HandlerType(PARENTCLASS & parent,Arg1 arg1,Arg2 arg2,Arg3 arg3,Arg4 arg4,Arg5 arg5,Arg6 arg6)", "scope": "WPEFramework::Core::StreamTextType::HandlerType", "scopeKind": "class", "description": "unavailable"}, {"name": "HandlerType(PARENTCLASS & parent,Arg1 arg1,Arg2 arg2,Arg3 arg3,Arg4 arg4,Arg5 arg5,Arg6 arg6,Arg7 arg7)", "scope": "WPEFramework::Core::StreamTextType::HandlerType", "scopeKind": "class", "description": "unavailable"}, {"name": "HandlerType(PARENTCLASS & parent,Arg1 arg1,Arg2 arg2,Arg3 arg3,Arg4 arg4,Arg5 arg5,Arg6 arg6,Arg7 arg7,Arg8 arg8)", "scope": "WPEFramework::Core::StreamTextType::HandlerType", "scopeKind": "class", "description": "unavailable"}, {"name": "HandlerType(PARENTCLASS & parent,Arg1 arg1,Arg2 arg2,Arg3 arg3,Arg4 arg4,Arg5 arg5,Arg6 arg6,Arg7 arg7,Arg8 arg8,Arg9 arg9)", "scope": "WPEFramework::Core::StreamTextType::HandlerType", "scopeKind": "class", "description": "unavailable"}, {"name": "HandlerType(PARENTCLASS & parent,Arg1 arg1,Arg2 arg2,Arg3 arg3,Arg4 arg4,Arg5 arg5,Arg6 arg6,Arg7 arg7,Arg8 arg8,Arg9 arg9,Arg10 arg10)", "scope": "WPEFramework::Core::StreamTextType::HandlerType", "scopeKind": "class", "description": "unavailable"}, {"name": "HandlerType(PARENTCLASS & parent,Arg1 arg1,Arg2 arg2,Arg3 arg3,Arg4 arg4,Arg5 arg5,Arg6 arg6,Arg7 arg7,Arg8 arg8,Arg9 arg9,Arg10 arg10,Arg11 arg11)", "scope": "WPEFramework::Core::StreamTextType::HandlerType", "scopeKind": "class", "description": "unavailable"}, {"name": "bool IsIdle() const", "scope": "WPEFramework::Core::StreamTextType", "scopeKind": "class", "description": "unavailable"}, {"name": "uint8_t IsTerminated(const TCHAR character) const", "scope": "WPEFramework::Core::TerminatorNull", "scopeKind": "class", "description": "unavailable"}, {"name": "const TCHAR * Marker() const", "scope": "WPEFramework::Core::TerminatorNull", "scopeKind": "class", "description": "unavailable"}, {"name": "uint16_t ReceiveData(uint8_t * dataFrame,const uint16_t receivedSize)", "scope": "WPEFramework::Core::StreamTextType", "scopeKind": "class", "description": "unavailable"}, {"name": "uint16_t SendCharacters(uint8_t * dataFrame,const TCHAR stream[],const uint8_t delta,const uint16_t total)", "scope": "WPEFramework::Core::StreamTextType", "scopeKind": "class", "description": "unavailable"}, {"name": "uint16_t SendData(uint8_t * dataFrame,const uint16_t maxSendSize)", "scope": "WPEFramework::Core::StreamTextType", "scopeKind": "class", "description": "unavailable"}, {"name": "uint8_t SizeOf() const", "scope": "WPEFramework::Core::TerminatorNull", "scopeKind": "class", "description": "unavailable"}, {"name": "DISABLE_WARNING_THIS_IN_MEMBER_INITIALIZER_LIST StreamTextType()", "scope": "WPEFramework::Core::StreamTextType", "scopeKind": "class", "description": "unavailable"}, {"name": "StreamTextType(Arg1 arg1)", "scope": "WPEFramework::Core::StreamTextType", "scopeKind": "class", "description": "unavailable"}, {"name": "StreamTextType(Arg1 arg1,Arg2 arg2)", "scope": "WPEFramework::Core::StreamTextType", "scopeKind": "class", "description": "unavailable"}, {"name": "StreamTextType(Arg1 arg1,Arg2 arg2,Arg3 arg3)", "scope": "WPEFramework::Core::StreamTextType", "scopeKind": "class", "description": "unavailable"}, {"name": "StreamTextType(Arg1 arg1,Arg2 arg2,Arg3 arg3,Arg4 arg4)", "scope": "WPEFramework::Core::StreamTextType", "scopeKind": "class", "description": "unavailable"}, {"name": "StreamTextType(Arg1 arg1,Arg2 arg2,Arg3 arg3,Arg4 arg4,Arg5 arg5)", "scope": "WPEFramework::Core::StreamTextType", "scopeKind": "class", "description": "unavailable"}, {"name": "StreamTextType(Arg1 arg1,Arg2 arg2,Arg3 arg3,Arg4 arg4,Arg5 arg5,Arg6 arg6)", "scope": "WPEFramework::Core::StreamTextType", "scopeKind": "class", "description": "unavailable"}, {"name": "StreamTextType(Arg1 arg1,Arg2 arg2,Arg3 arg3,Arg4 arg4,Arg5 arg5,Arg6 arg6,Arg7 arg7)", "scope": "WPEFramework::Core::StreamTextType", "scopeKind": "class", "description": "unavailable"}, {"name": "StreamTextType(Arg1 arg1,Arg2 arg2,Arg3 arg3,Arg4 arg4,Arg5 arg5,Arg6 arg6,Arg7 arg7,Arg8 arg8)", "scope": "WPEFramework::Core::StreamTextType", "scopeKind": "class", "description": "unavailable"}, {"name": "StreamTextType(Arg1 arg1,Arg2 arg2,Arg3 arg3,Arg4 arg4,Arg5 arg5,Arg6 arg6,Arg7 arg7,Arg8 arg8,Arg9 arg9)", "scope": "WPEFramework::Core::StreamTextType", "scopeKind": "class", "description": "unavailable"}, {"name": "StreamTextType(Arg1 arg1,Arg2 arg2,Arg3 arg3,Arg4 arg4,Arg5 arg5,Arg6 arg6,Arg7 arg7,Arg8 arg8,Arg9 arg9,Arg10 arg10)", "scope": "WPEFramework::Core::StreamTextType", "scopeKind": "class", "description": "unavailable"}, {"name": "StreamTextType(Arg1 arg1,Arg2 arg2,Arg3 arg3,Arg4 arg4,Arg5 arg5,Arg6 arg6,Arg7 arg7,Arg8 arg8,Arg9 arg9,Arg10 arg10,Arg11 arg11)", "scope": "WPEFramework::Core::StreamTextType", "scopeKind": "class", "description": "unavailable"}, {"name": "TerminatorCarriageReturn()", "scope": "WPEFramework::Core::TerminatorCarriageReturn", "scopeKind": "class", "description": "unavailable"}, {"name": "TerminatorCarriageReturnLineFeed()", "scope": "WPEFramework::Core::TerminatorCarriageReturnLineFeed", "scopeKind": "class", "description": "unavailable"}, {"name": "TerminatorNull()", "scope": "WPEFramework::Core::TerminatorNull", "scopeKind": "class", "description": "unavailable"}], "calls": ["SendData", "ReceiveData", "Trigger", "Close", "LocalId", "Ping"], "search-terms": ["StreamText", "Terminator", "TextStream", "Channel", "TextHandler"], "state": 2, "file_id": 1450, "knowledge_revision": 4058, "git_revision": "0f87a35b32215bc8547fb583d6c84bd51f603f69", "ctags": [{"_type": "tag", "name": "BaseClass", "path": "/home/kavia/workspace/code-generation/app-gateway2/__import__/extracted/app-gateway2-cga-cmf8e7ba8d/dependencies/install/include/WPEFramework/core/StreamText.h", "pattern": "/^        typedef StreamTextType<SOURCE, TEXTTERMINATOR> BaseClass;$/", "language": "C++", "typeref": "typename:StreamTextType<SOURCE,TEXTTERMINATOR>", "kind": "typedef", "scope": "WPEFramework::Core::StreamTextType", "scopeKind": "class"}, {"_type": "tag", "name": "Close", "path": "/home/kavia/workspace/code-generation/app-gateway2/__import__/extracted/app-gateway2-cga-cmf8e7ba8d/dependencies/install/include/WPEFramework/core/StreamText.h", "pattern": "/^        inline uint32_t Close(const uint32_t waitTime)$/", "language": "C++", "typeref": "typename:uint32_t", "kind": "function", "signature": "(const uint32_t waitTime)", "scope": "WPEFramework::Core::StreamTextType", "scopeKind": "class"}, {"_type": "tag", "name": "Convert", "path": "/home/kavia/workspace/code-generation/app-gateway2/__import__/extracted/app-gateway2-cga-cmf8e7ba8d/dependencies/install/include/WPEFramework/core/StreamText.h", "pattern": "/^        inline void Convert(const uint8_t* dataFrame, char& entry) const$/", "language": "C++", "typeref": "typename:void", "kind": "function", "signature": "(const uint8_t * dataFrame,char & entry) const", "scope": "WPEFramework::Core::StreamTextType", "scopeKind": "class"}, {"_type": "tag", "name": "Convert", "path": "/home/kavia/workspace/code-generation/app-gateway2/__import__/extracted/app-gateway2-cga-cmf8e7ba8d/dependencies/install/include/WPEFramework/core/StreamText.h", "pattern": "/^        inline void Convert(const uint8_t* dataFrame, wchar_t& entry) const$/", "language": "C++", "typeref": "typename:void", "kind": "function", "signature": "(const uint8_t * dataFrame,wchar_t & entry) const", "scope": "WPEFramework::Core::StreamTextType", "scopeKind": "class"}, {"_type": "tag", "name": "Core", "path": "/home/kavia/workspace/code-generation/app-gateway2/__import__/extracted/app-gateway2-cga-cmf8e7ba8d/dependencies/install/include/WPEFramework/core/StreamText.h", "pattern": "/^namespace Core {$/", "language": "C++", "kind": "namespace", "scope": "WPEFramework", "scopeKind": "namespace"}, {"_type": "tag", "name": "HandlerType", "path": "/home/kavia/workspace/code-generation/app-gateway2/__import__/extracted/app-gateway2-cga-cmf8e7ba8d/dependencies/install/include/WPEFramework/core/StreamText.h", "pattern": "/^            HandlerType(PARENTCLASS& parent)$/", "language": "C++", "kind": "function", "signature": "(PARENTCLASS & parent)", "scope": "WPEFramework::Core::StreamTextType::HandlerType", "scopeKind": "class"}, {"_type": "tag", "name": "HandlerType", "path": "/home/kavia/workspace/code-generation/app-gateway2/__import__/extracted/app-gateway2-cga-cmf8e7ba8d/dependencies/install/include/WPEFramework/core/StreamText.h", "pattern": "/^            HandlerType(PARENTCLASS& parent, Arg1 arg1)$/", "language": "C++", "kind": "function", "signature": "(PARENTCLASS & parent,Arg1 arg1)", "scope": "WPEFramework::Core::StreamTextType::HandlerType", "scopeKind": "class"}, {"_type": "tag", "name": "HandlerType", "path": "/home/kavia/workspace/code-generation/app-gateway2/__import__/extracted/app-gateway2-cga-cmf8e7ba8d/dependencies/install/include/WPEFramework/core/StreamText.h", "pattern": "/^            HandlerType(PARENTCLASS& parent, Arg1 arg1, Arg2 arg2)$/", "language": "C++", "kind": "function", "signature": "(PARENTCLASS & parent,Arg1 arg1,Arg2 arg2)", "scope": "WPEFramework::Core::StreamTextType::HandlerType", "scopeKind": "class"}, {"_type": "tag", "name": "HandlerType", "path": "/home/kavia/workspace/code-generation/app-gateway2/__import__/extracted/app-gateway2-cga-cmf8e7ba8d/dependencies/install/include/WPEFramework/core/StreamText.h", "pattern": "/^            HandlerType(PARENTCLASS& parent, Arg1 arg1, Arg2 arg2, Arg3 arg3)$/", "language": "C++", "kind": "function", "signature": "(PARENTCLASS & parent,Arg1 arg1,Arg2 arg2,Arg3 arg3)", "scope": "WPEFramework::Core::StreamTextType::HandlerType", "scopeKind": "class"}, {"_type": "tag", "name": "HandlerType", "path": "/home/kavia/workspace/code-generation/app-gateway2/__import__/extracted/app-gateway2-cga-cmf8e7ba8d/dependencies/install/include/WPEFramework/core/StreamText.h", "pattern": "/^            HandlerType(PARENTCLASS& parent, Arg1 arg1, Arg2 arg2, Arg3 arg3, Arg4 arg4)$/", "language": "C++", "kind": "function", "signature": "(PARENTCLASS & parent,Arg1 arg1,Arg2 arg2,Arg3 arg3,Arg4 arg4)", "scope": "WPEFramework::Core::StreamTextType::HandlerType", "scopeKind": "class"}, {"_type": "tag", "name": "HandlerType", "path": "/home/kavia/workspace/code-generation/app-gateway2/__import__/extracted/app-gateway2-cga-cmf8e7ba8d/dependencies/install/include/WPEFramework/core/StreamText.h", "pattern": "/^            HandlerType(PARENTCLASS& parent, Arg1 arg1, Arg2 arg2, Arg3 arg3, Arg4 arg4, Arg5 ar/", "language": "C++", "kind": "function", "signature": "(PARENTCLASS & parent,Arg1 arg1,Arg2 arg2,Arg3 arg3,Arg4 arg4,Arg5 arg5)", "scope": "WPEFramework::Core::StreamTextType::HandlerType", "scopeKind": "class"}, {"_type": "tag", "name": "HandlerType", "path": "/home/kavia/workspace/code-generation/app-gateway2/__import__/extracted/app-gateway2-cga-cmf8e7ba8d/dependencies/install/include/WPEFramework/core/StreamText.h", "pattern": "/^            HandlerType(PARENTCLASS& parent, Arg1 arg1, Arg2 arg2, Arg3 arg3, Arg4 arg4, Arg5 ar/", "language": "C++", "kind": "function", "signature": "(PARENTCLASS & parent,Arg1 arg1,Arg2 arg2,Arg3 arg3,Arg4 arg4,Arg5 arg5,Arg6 arg6)", "scope": "WPEFramework::Core::StreamTextType::HandlerType", "scopeKind": "class"}, {"_type": "tag", "name": "HandlerType", "path": "/home/kavia/workspace/code-generation/app-gateway2/__import__/extracted/app-gateway2-cga-cmf8e7ba8d/dependencies/install/include/WPEFramework/core/StreamText.h", "pattern": "/^            HandlerType(PARENTCLASS& parent, Arg1 arg1, Arg2 arg2, Arg3 arg3, Arg4 arg4, Arg5 ar/", "language": "C++", "kind": "function", "signature": "(PARENTCLASS & parent,Arg1 arg1,Arg2 arg2,Arg3 arg3,Arg4 arg4,Arg5 arg5,Arg6 arg6,Arg7 arg7)", "scope": "WPEFramework::Core::StreamTextType::HandlerType", "scopeKind": "class"}, {"_type": "tag", "name": "HandlerType", "path": "/home/kavia/workspace/code-generation/app-gateway2/__import__/extracted/app-gateway2-cga-cmf8e7ba8d/dependencies/install/include/WPEFramework/core/StreamText.h", "pattern": "/^            HandlerType(PARENTCLASS& parent, Arg1 arg1, Arg2 arg2, Arg3 arg3, Arg4 arg4, Arg5 ar/", "language": "C++", "kind": "function", "signature": "(PARENTCLASS & parent,Arg1 arg1,Arg2 arg2,Arg3 arg3,Arg4 arg4,Arg5 arg5,Arg6 arg6,Arg7 arg7,Arg8 arg8)", "scope": "WPEFramework::Core::StreamTextType::HandlerType", "scopeKind": "class"}, {"_type": "tag", "name": "HandlerType", "path": "/home/kavia/workspace/code-generation/app-gateway2/__import__/extracted/app-gateway2-cga-cmf8e7ba8d/dependencies/install/include/WPEFramework/core/StreamText.h", "pattern": "/^            HandlerType(PARENTCLASS& parent, Arg1 arg1, Arg2 arg2, Arg3 arg3, Arg4 arg4, Arg5 ar/", "language": "C++", "kind": "function", "signature": "(PARENTCLASS & parent,Arg1 arg1,Arg2 arg2,Arg3 arg3,Arg4 arg4,Arg5 arg5,Arg6 arg6,Arg7 arg7,Arg8 arg8,Arg9 arg9)", "scope": "WPEFramework::Core::StreamTextType::HandlerType", "scopeKind": "class"}, {"_type": "tag", "name": "HandlerType", "path": "/home/kavia/workspace/code-generation/app-gateway2/__import__/extracted/app-gateway2-cga-cmf8e7ba8d/dependencies/install/include/WPEFramework/core/StreamText.h", "pattern": "/^            HandlerType(PARENTCLASS& parent, Arg1 arg1, Arg2 arg2, Arg3 arg3, Arg4 arg4, Arg5 ar/", "language": "C++", "kind": "function", "signature": "(PARENTCLASS & parent,Arg1 arg1,Arg2 arg2,Arg3 arg3,Arg4 arg4,Arg5 arg5,Arg6 arg6,Arg7 arg7,Arg8 arg8,Arg9 arg9,Arg10 arg10)", "scope": "WPEFramework::Core::StreamTextType::HandlerType", "scopeKind": "class"}, {"_type": "tag", "name": "HandlerType", "path": "/home/kavia/workspace/code-generation/app-gateway2/__import__/extracted/app-gateway2-cga-cmf8e7ba8d/dependencies/install/include/WPEFramework/core/StreamText.h", "pattern": "/^            HandlerType(PARENTCLASS& parent, Arg1 arg1, Arg2 arg2, Arg3 arg3, Arg4 arg4, Arg5 ar/", "language": "C++", "kind": "function", "signature": "(PARENTCLASS & parent,Arg1 arg1,Arg2 arg2,Arg3 arg3,Arg4 arg4,Arg5 arg5,Arg6 arg6,Arg7 arg7,Arg8 arg8,Arg9 arg9,Arg10 arg10,Arg11 arg11)", "scope": "WPEFramework::Core::StreamTextType::HandlerType", "scopeKind": "class"}, {"_type": "tag", "name": "HandlerType", "path": "/home/kavia/workspace/code-generation/app-gateway2/__import__/extracted/app-gateway2-cga-cmf8e7ba8d/dependencies/install/include/WPEFramework/core/StreamText.h", "pattern": "/^        class HandlerType : public ACTUALSOURCE {$/", "language": "C++", "kind": "class", "scope": "WPEFramework::Core::StreamTextType", "scopeKind": "class"}, {"_type": "tag", "name": "IsClosed", "path": "/home/kavia/workspace/code-generation/app-gateway2/__import__/extracted/app-gateway2-cga-cmf8e7ba8d/dependencies/install/include/WPEFramework/core/StreamText.h", "pattern": "/^        inline bool IsClosed() const$/", "language": "C++", "typeref": "typename:bool", "kind": "function", "signature": "() const", "scope": "WPEFramework::Core::StreamTextType", "scopeKind": "class"}, {"_type": "tag", "name": "IsIdle", "path": "/home/kavia/workspace/code-generation/app-gateway2/__import__/extracted/app-gateway2-cga-cmf8e7ba8d/dependencies/install/include/WPEFramework/core/StreamText.h", "pattern": "/^            virtual bool IsIdle() const$/", "language": "C++", "typeref": "typename:bool", "kind": "function", "signature": "() const", "scope": "WPEFramework::Core::StreamTextType::HandlerType", "scopeKind": "class"}, {"_type": "tag", "name": "IsIdle", "path": "/home/kavia/workspace/code-generation/app-gateway2/__import__/extracted/app-gateway2-cga-cmf8e7ba8d/dependencies/install/include/WPEFramework/core/StreamText.h", "pattern": "/^        virtual bool IsIdle() const$/", "language": "C++", "typeref": "typename:bool", "kind": "function", "signature": "() const", "scope": "WPEFramework::Core::StreamTextType", "scopeKind": "class"}, {"_type": "tag", "name": "IsOpen", "path": "/home/kavia/workspace/code-generation/app-gateway2/__import__/extracted/app-gateway2-cga-cmf8e7ba8d/dependencies/install/include/WPEFramework/core/StreamText.h", "pattern": "/^        inline bool IsOpen() const$/", "language": "C++", "typeref": "typename:bool", "kind": "function", "signature": "() const", "scope": "WPEFramework::Core::StreamTextType", "scopeKind": "class"}, {"_type": "tag", "name": "IsSuspended", "path": "/home/kavia/workspace/code-generation/app-gateway2/__import__/extracted/app-gateway2-cga-cmf8e7ba8d/dependencies/install/include/WPEFramework/core/StreamText.h", "pattern": "/^        inline bool IsSuspended() const$/", "language": "C++", "typeref": "typename:bool", "kind": "function", "signature": "() const", "scope": "WPEFramework::Core::StreamTextType", "scopeKind": "class"}, {"_type": "tag", "name": "IsTerminated", "path": "/home/kavia/workspace/code-generation/app-gateway2/__import__/extracted/app-gateway2-cga-cmf8e7ba8d/dependencies/install/include/WPEFramework/core/StreamText.h", "pattern": "/^        inline uint8_t IsTerminated(const TCHAR character) const$/", "language": "C++", "typeref": "typename:uint8_t", "kind": "function", "signature": "(const TCHAR character) const", "scope": "WPEFramework::Core::TerminatorCarriageReturn", "scopeKind": "class"}, {"_type": "tag", "name": "IsTerminated", "path": "/home/kavia/workspace/code-generation/app-gateway2/__import__/extracted/app-gateway2-cga-cmf8e7ba8d/dependencies/install/include/WPEFramework/core/StreamText.h", "pattern": "/^        inline uint8_t IsTerminated(const TCHAR character) const$/", "language": "C++", "typeref": "typename:uint8_t", "kind": "function", "signature": "(const TCHAR character) const", "scope": "WPEFramework::Core::TerminatorCarriageReturnLineFeed", "scopeKind": "class"}, {"_type": "tag", "name": "IsTerminated", "path": "/home/kavia/workspace/code-generation/app-gateway2/__import__/extracted/app-gateway2-cga-cmf8e7ba8d/dependencies/install/include/WPEFramework/core/StreamText.h", "pattern": "/^        inline uint8_t IsTerminated(const TCHAR character) const$/", "language": "C++", "typeref": "typename:uint8_t", "kind": "function", "signature": "(const TCHAR character) const", "scope": "WPEFramework::Core::TerminatorNull", "scopeKind": "class"}, {"_type": "tag", "name": "LocalId", "path": "/home/kavia/workspace/code-generation/app-gateway2/__import__/extracted/app-gateway2-cga-cmf8e7ba8d/dependencies/install/include/WPEFramework/core/StreamText.h", "pattern": "/^        inline string LocalId() const$/", "language": "C++", "typeref": "typename:string", "kind": "function", "signature": "() const", "scope": "WPEFramework::Core::StreamTextType", "scopeKind": "class"}, {"_type": "tag", "name": "Marker", "path": "/home/kavia/workspace/code-generation/app-gateway2/__import__/extracted/app-gateway2-cga-cmf8e7ba8d/dependencies/install/include/WPEFramework/core/StreamText.h", "pattern": "/^        inline const TCHAR* Marker() const$/", "language": "C++", "typeref": "typename:const TCHAR *", "kind": "function", "signature": "() const", "scope": "WPEFramework::Core::TerminatorCarriageReturn", "scopeKind": "class"}, {"_type": "tag", "name": "Marker", "path": "/home/kavia/workspace/code-generation/app-gateway2/__import__/extracted/app-gateway2-cga-cmf8e7ba8d/dependencies/install/include/WPEFramework/core/StreamText.h", "pattern": "/^        inline const TCHAR* Marker() const$/", "language": "C++", "typeref": "typename:const TCHAR *", "kind": "function", "signature": "() const", "scope": "WPEFramework::Core::TerminatorCarriageReturnLineFeed", "scopeKind": "class"}, {"_type": "tag", "name": "Marker", "path": "/home/kavia/workspace/code-generation/app-gateway2/__import__/extracted/app-gateway2-cga-cmf8e7ba8d/dependencies/install/include/WPEFramework/core/StreamText.h", "pattern": "/^        inline const TCHAR* Marker() const$/", "language": "C++", "typeref": "typename:const TCHAR *", "kind": "function", "signature": "() const", "scope": "WPEFramework::Core::TerminatorNull", "scopeKind": "class"}, {"_type": "tag", "name": "Open", "path": "/home/kavia/workspace/code-generation/app-gateway2/__import__/extracted/app-gateway2-cga-cmf8e7ba8d/dependencies/install/include/WPEFramework/core/StreamText.h", "pattern": "/^        inline uint32_t Open(const uint32_t waitTime)$/", "language": "C++", "typeref": "typename:uint32_t", "kind": "function", "signature": "(const uint32_t waitTime)", "scope": "WPEFramework::Core::StreamTextType", "scopeKind": "class"}, {"_type": "tag", "name": "Ping", "path": "/home/kavia/workspace/code-generation/app-gateway2/__import__/extracted/app-gateway2-cga-cmf8e7ba8d/dependencies/install/include/WPEFramework/core/StreamText.h", "pattern": "/^        inline void Ping()$/", "language": "C++", "typeref": "typename:void", "kind": "function", "signature": "()", "scope": "WPEFramework::Core::StreamTextType", "scopeKind": "class"}, {"_type": "tag", "name": "ReceiveData", "path": "/home/kavia/workspace/code-generation/app-gateway2/__import__/extracted/app-gateway2-cga-cmf8e7ba8d/dependencies/install/include/WPEFramework/core/StreamText.h", "pattern": "/^            virtual uint16_t ReceiveData(uint8_t* dataFrame, const uint16_t receivedSize)$/", "language": "C++", "typeref": "typename:uint16_t", "kind": "function", "signature": "(uint8_t * dataFrame,const uint16_t receivedSize)", "scope": "WPEFramework::Core::StreamTextType::HandlerType", "scopeKind": "class"}, {"_type": "tag", "name": "ReceiveData", "path": "/home/kavia/workspace/code-generation/app-gateway2/__import__/extracted/app-gateway2-cga-cmf8e7ba8d/dependencies/install/include/WPEFramework/core/StreamText.h", "pattern": "/^        uint16_t ReceiveData(uint8_t* dataFrame, const uint16_t receivedSize)$/", "language": "C++", "typeref": "typename:uint16_t", "kind": "function", "signature": "(uint8_t * dataFrame,const uint16_t receivedSize)", "scope": "WPEFramework::Core::StreamTextType", "scopeKind": "class"}, {"_type": "tag", "name": "SendCharacters", "path": "/home/kavia/workspace/code-generation/app-gateway2/__import__/extracted/app-gateway2-cga-cmf8e7ba8d/dependencies/install/include/WPEFramework/core/StreamText.h", "pattern": "/^        inline uint16_t SendCharacters(uint8_t* dataFrame, const TCHAR stream[], const uint8_t d/", "language": "C++", "typeref": "typename:uint16_t", "kind": "function", "signature": "(uint8_t * dataFrame,const TCHAR stream[],const uint8_t delta,const uint16_t total)", "scope": "WPEFramework::Core::StreamTextType", "scopeKind": "class"}, {"_type": "tag", "name": "SendData", "path": "/home/kavia/workspace/code-generation/app-gateway2/__import__/extracted/app-gateway2-cga-cmf8e7ba8d/dependencies/install/include/WPEFramework/core/StreamText.h", "pattern": "/^            virtual uint16_t SendData(uint8_t* dataFrame, const uint16_t maxSendSize)$/", "language": "C++", "typeref": "typename:uint16_t", "kind": "function", "signature": "(uint8_t * dataFrame,const uint16_t maxSendSize)", "scope": "WPEFramework::Core::StreamTextType::HandlerType", "scopeKind": "class"}, {"_type": "tag", "name": "SendData", "path": "/home/kavia/workspace/code-generation/app-gateway2/__import__/extracted/app-gateway2-cga-cmf8e7ba8d/dependencies/install/include/WPEFramework/core/StreamText.h", "pattern": "/^        uint16_t SendData(uint8_t* dataFrame, const uint16_t maxSendSize)$/", "language": "C++", "typeref": "typename:uint16_t", "kind": "function", "signature": "(uint8_t * dataFrame,const uint16_t maxSendSize)", "scope": "WPEFramework::Core::StreamTextType", "scopeKind": "class"}, {"_type": "tag", "name": "SizeOf", "path": "/home/kavia/workspace/code-generation/app-gateway2/__import__/extracted/app-gateway2-cga-cmf8e7ba8d/dependencies/install/include/WPEFramework/core/StreamText.h", "pattern": "/^        inline uint8_t SizeOf() const$/", "language": "C++", "typeref": "typename:uint8_t", "kind": "function", "signature": "() const", "scope": "WPEFramework::Core::TerminatorCarriageReturn", "scopeKind": "class"}, {"_type": "tag", "name": "SizeOf", "path": "/home/kavia/workspace/code-generation/app-gateway2/__import__/extracted/app-gateway2-cga-cmf8e7ba8d/dependencies/install/include/WPEFramework/core/StreamText.h", "pattern": "/^        inline uint8_t SizeOf() const$/", "language": "C++", "typeref": "typename:uint8_t", "kind": "function", "signature": "() const", "scope": "WPEFramework::Core::TerminatorCarriageReturnLineFeed", "scopeKind": "class"}, {"_type": "tag", "name": "SizeOf", "path": "/home/kavia/workspace/code-generation/app-gateway2/__import__/extracted/app-gateway2-cga-cmf8e7ba8d/dependencies/install/include/WPEFramework/core/StreamText.h", "pattern": "/^        inline uint8_t SizeOf() const$/", "language": "C++", "typeref": "typename:uint8_t", "kind": "function", "signature": "() const", "scope": "WPEFramework::Core::TerminatorNull", "scopeKind": "class"}, {"_type": "tag", "name": "StateChange", "path": "/home/kavia/workspace/code-generation/app-gateway2/__import__/extracted/app-gateway2-cga-cmf8e7ba8d/dependencies/install/include/WPEFramework/core/StreamText.h", "pattern": "/^            virtual void StateChange()$/", "language": "C++", "typeref": "typename:void", "kind": "function", "signature": "()", "scope": "WPEFramework::Core::StreamTextType::HandlerType", "scopeKind": "class"}, {"_type": "tag", "name": "StreamTextType", "path": "/home/kavia/workspace/code-generation/app-gateway2/__import__/extracted/app-gateway2-cga-cmf8e7ba8d/dependencies/install/include/WPEFramework/core/StreamText.h", "pattern": "/^        StreamTextType()$/", "language": "C++", "typeref": "typename:DISABLE_WARNING_THIS_IN_MEMBER_INITIALIZER_LIST", "kind": "function", "signature": "()", "scope": "WPEFramework::Core::StreamTextType", "scopeKind": "class"}, {"_type": "tag", "name": "StreamTextType", "path": "/home/kavia/workspace/code-generation/app-gateway2/__import__/extracted/app-gateway2-cga-cmf8e7ba8d/dependencies/install/include/WPEFramework/core/StreamText.h", "pattern": "/^        StreamTextType(Arg1 arg1)$/", "language": "C++", "kind": "function", "signature": "(Arg1 arg1)", "scope": "WPEFramework::Core::StreamTextType", "scopeKind": "class"}, {"_type": "tag", "name": "StreamTextType", "path": "/home/kavia/workspace/code-generation/app-gateway2/__import__/extracted/app-gateway2-cga-cmf8e7ba8d/dependencies/install/include/WPEFramework/core/StreamText.h", "pattern": "/^        StreamTextType(Arg1 arg1, Arg2 arg2)$/", "language": "C++", "kind": "function", "signature": "(Arg1 arg1,Arg2 arg2)", "scope": "WPEFramework::Core::StreamTextType", "scopeKind": "class"}, {"_type": "tag", "name": "StreamTextType", "path": "/home/kavia/workspace/code-generation/app-gateway2/__import__/extracted/app-gateway2-cga-cmf8e7ba8d/dependencies/install/include/WPEFramework/core/StreamText.h", "pattern": "/^        StreamTextType(Arg1 arg1, Arg2 arg2, Arg3 arg3)$/", "language": "C++", "kind": "function", "signature": "(Arg1 arg1,Arg2 arg2,Arg3 arg3)", "scope": "WPEFramework::Core::StreamTextType", "scopeKind": "class"}, {"_type": "tag", "name": "StreamTextType", "path": "/home/kavia/workspace/code-generation/app-gateway2/__import__/extracted/app-gateway2-cga-cmf8e7ba8d/dependencies/install/include/WPEFramework/core/StreamText.h", "pattern": "/^        StreamTextType(Arg1 arg1, Arg2 arg2, Arg3 arg3, Arg4 arg4)$/", "language": "C++", "kind": "function", "signature": "(Arg1 arg1,Arg2 arg2,Arg3 arg3,Arg4 arg4)", "scope": "WPEFramework::Core::StreamTextType", "scopeKind": "class"}, {"_type": "tag", "name": "StreamTextType", "path": "/home/kavia/workspace/code-generation/app-gateway2/__import__/extracted/app-gateway2-cga-cmf8e7ba8d/dependencies/install/include/WPEFramework/core/StreamText.h", "pattern": "/^        StreamTextType(Arg1 arg1, Arg2 arg2, Arg3 arg3, Arg4 arg4, Arg5 arg5)$/", "language": "C++", "kind": "function", "signature": "(Arg1 arg1,Arg2 arg2,Arg3 arg3,Arg4 arg4,Arg5 arg5)", "scope": "WPEFramework::Core::StreamTextType", "scopeKind": "class"}, {"_type": "tag", "name": "StreamTextType", "path": "/home/kavia/workspace/code-generation/app-gateway2/__import__/extracted/app-gateway2-cga-cmf8e7ba8d/dependencies/install/include/WPEFramework/core/StreamText.h", "pattern": "/^        StreamTextType(Arg1 arg1, Arg2 arg2, Arg3 arg3, Arg4 arg4, Arg5 arg5, Arg6 arg6)$/", "language": "C++", "kind": "function", "signature": "(Arg1 arg1,Arg2 arg2,Arg3 arg3,Arg4 arg4,Arg5 arg5,Arg6 arg6)", "scope": "WPEFramework::Core::StreamTextType", "scopeKind": "class"}, {"_type": "tag", "name": "StreamTextType", "path": "/home/kavia/workspace/code-generation/app-gateway2/__import__/extracted/app-gateway2-cga-cmf8e7ba8d/dependencies/install/include/WPEFramework/core/StreamText.h", "pattern": "/^        StreamTextType(Arg1 arg1, Arg2 arg2, Arg3 arg3, Arg4 arg4, Arg5 arg5, Arg6 arg6, Arg7 ar/", "language": "C++", "kind": "function", "signature": "(Arg1 arg1,Arg2 arg2,Arg3 arg3,Arg4 arg4,Arg5 arg5,Arg6 arg6,Arg7 arg7)", "scope": "WPEFramework::Core::StreamTextType", "scopeKind": "class"}, {"_type": "tag", "name": "StreamTextType", "path": "/home/kavia/workspace/code-generation/app-gateway2/__import__/extracted/app-gateway2-cga-cmf8e7ba8d/dependencies/install/include/WPEFramework/core/StreamText.h", "pattern": "/^        StreamTextType(Arg1 arg1, Arg2 arg2, Arg3 arg3, Arg4 arg4, Arg5 arg5, Arg6 arg6, Arg7 ar/", "language": "C++", "kind": "function", "signature": "(Arg1 arg1,Arg2 arg2,Arg3 arg3,Arg4 arg4,Arg5 arg5,Arg6 arg6,Arg7 arg7,Arg8 arg8)", "scope": "WPEFramework::Core::StreamTextType", "scopeKind": "class"}, {"_type": "tag", "name": "StreamTextType", "path": "/home/kavia/workspace/code-generation/app-gateway2/__import__/extracted/app-gateway2-cga-cmf8e7ba8d/dependencies/install/include/WPEFramework/core/StreamText.h", "pattern": "/^        StreamTextType(Arg1 arg1, Arg2 arg2, Arg3 arg3, Arg4 arg4, Arg5 arg5, Arg6 arg6, Arg7 ar/", "language": "C++", "kind": "function", "signature": "(Arg1 arg1,Arg2 arg2,Arg3 arg3,Arg4 arg4,Arg5 arg5,Arg6 arg6,Arg7 arg7,Arg8 arg8,Arg9 arg9)", "scope": "WPEFramework::Core::StreamTextType", "scopeKind": "class"}, {"_type": "tag", "name": "StreamTextType", "path": "/home/kavia/workspace/code-generation/app-gateway2/__import__/extracted/app-gateway2-cga-cmf8e7ba8d/dependencies/install/include/WPEFramework/core/StreamText.h", "pattern": "/^        StreamTextType(Arg1 arg1, Arg2 arg2, Arg3 arg3, Arg4 arg4, Arg5 arg5, Arg6 arg6, Arg7 ar/", "language": "C++", "kind": "function", "signature": "(Arg1 arg1,Arg2 arg2,Arg3 arg3,Arg4 arg4,Arg5 arg5,Arg6 arg6,Arg7 arg7,Arg8 arg8,Arg9 arg9,Arg10 arg10)", "scope": "WPEFramework::Core::StreamTextType", "scopeKind": "class"}, {"_type": "tag", "name": "StreamTextType", "path": "/home/kavia/workspace/code-generation/app-gateway2/__import__/extracted/app-gateway2-cga-cmf8e7ba8d/dependencies/install/include/WPEFramework/core/StreamText.h", "pattern": "/^        StreamTextType(Arg1 arg1, Arg2 arg2, Arg3 arg3, Arg4 arg4, Arg5 arg5, Arg6 arg6, Arg7 ar/", "language": "C++", "kind": "function", "signature": "(Arg1 arg1,Arg2 arg2,Arg3 arg3,Arg4 arg4,Arg5 arg5,Arg6 arg6,Arg7 arg7,Arg8 arg8,Arg9 arg9,Arg10 arg10,Arg11 arg11)", "scope": "WPEFramework::Core::StreamTextType", "scopeKind": "class"}, {"_type": "tag", "name": "StreamTextType", "path": "/home/kavia/workspace/code-generation/app-gateway2/__import__/extracted/app-gateway2-cga-cmf8e7ba8d/dependencies/install/include/WPEFramework/core/StreamText.h", "pattern": "/^    class StreamTextType {$/", "language": "C++", "kind": "class", "scope": "WPEFramework::Core", "scopeKind": "namespace"}, {"_type": "tag", "name": "Submit", "path": "/home/kavia/workspace/code-generation/app-gateway2/__import__/extracted/app-gateway2-cga-cmf8e7ba8d/dependencies/install/include/WPEFramework/core/StreamText.h", "pattern": "/^        void Submit(const string& element)$/", "language": "C++", "typeref": "typename:void", "kind": "function", "signature": "(const string & element)", "scope": "WPEFramework::Core::StreamTextType", "scopeKind": "class"}, {"_type": "tag", "name": "TerminatorCarriageReturn", "path": "/home/kavia/workspace/code-generation/app-gateway2/__import__/extracted/app-gateway2-cga-cmf8e7ba8d/dependencies/install/include/WPEFramework/core/StreamText.h", "pattern": "/^        inline TerminatorCarriageReturn()$/", "language": "C++", "kind": "function", "signature": "()", "scope": "WPEFramework::Core::TerminatorCarriageReturn", "scopeKind": "class"}, {"_type": "tag", "name": "TerminatorCarriageReturn", "path": "/home/kavia/workspace/code-generation/app-gateway2/__import__/extracted/app-gateway2-cga-cmf8e7ba8d/dependencies/install/include/WPEFramework/core/StreamText.h", "pattern": "/^    class TerminatorCarriageReturn {$/", "language": "C++", "kind": "class", "scope": "WPEFramework::Core", "scopeKind": "namespace"}, {"_type": "tag", "name": "TerminatorCarriageReturnLineFeed", "path": "/home/kavia/workspace/code-generation/app-gateway2/__import__/extracted/app-gateway2-cga-cmf8e7ba8d/dependencies/install/include/WPEFramework/core/StreamText.h", "pattern": "/^        inline TerminatorCarriageReturnLineFeed()$/", "language": "C++", "kind": "function", "signature": "()", "scope": "WPEFramework::Core::TerminatorCarriageReturnLineFeed", "scopeKind": "class"}, {"_type": "tag", "name": "TerminatorCarriageReturnLineFeed", "path": "/home/kavia/workspace/code-generation/app-gateway2/__import__/extracted/app-gateway2-cga-cmf8e7ba8d/dependencies/install/include/WPEFramework/core/StreamText.h", "pattern": "/^    class TerminatorCarriageReturnLineFeed {$/", "language": "C++", "kind": "class", "scope": "WPEFramework::Core", "scopeKind": "namespace"}, {"_type": "tag", "name": "TerminatorNull", "path": "/home/kavia/workspace/code-generation/app-gateway2/__import__/extracted/app-gateway2-cga-cmf8e7ba8d/dependencies/install/include/WPEFramework/core/StreamText.h", "pattern": "/^        inline TerminatorNull()$/", "language": "C++", "kind": "function", "signature": "()", "scope": "WPEFramework::Core::TerminatorNull", "scopeKind": "class"}, {"_type": "tag", "name": "TerminatorNull", "path": "/home/kavia/workspace/code-generation/app-gateway2/__import__/extracted/app-gateway2-cga-cmf8e7ba8d/dependencies/install/include/WPEFramework/core/StreamText.h", "pattern": "/^    class TerminatorNull {$/", "language": "C++", "kind": "class", "scope": "WPEFramework::Core", "scopeKind": "namespace"}, {"_type": "tag", "name": "WPEFramework", "path": "/home/kavia/workspace/code-generation/app-gateway2/__import__/extracted/app-gateway2-cga-cmf8e7ba8d/dependencies/install/include/WPEFramework/core/StreamText.h", "pattern": "/^namespace WPEFramework {$/", "language": "C++", "kind": "namespace"}, {"_type": "tag", "name": "__STREAMTEXT_", "path": "/home/kavia/workspace/code-generation/app-gateway2/__import__/extracted/app-gateway2-cga-cmf8e7ba8d/dependencies/install/include/WPEFramework/core/StreamText.h", "pattern": "/^#define __STREAMTEXT_$/", "language": "C++", "kind": "macro"}, {"_type": "tag", "name": "_adminLock", "path": "/home/kavia/workspace/code-generation/app-gateway2/__import__/extracted/app-gateway2-cga-cmf8e7ba8d/dependencies/install/include/WPEFramework/core/StreamText.h", "pattern": "/^        Core::CriticalSection _adminLock;$/", "language": "C++", "typeref": "typename:Core::CriticalSection", "kind": "member", "scope": "WPEFramework::Core::StreamTextType", "scopeKind": "class"}], "hash": "29ecb1a9670bf041ba17abcbda71a5b2", "format-version": 4, "code-base-name": "app-gateway2", "filename": "__import__/extracted/app-gateway2-cga-cmf8e7ba8d/dependencies/install/include/WPEFramework/core/StreamText.h", "fields": [{"name": "Core::CriticalSection _adminLock", "scope": "WPEFramework::Core::StreamTextType", "scopeKind": "class", "description": "unavailable"}], "revision_history": [{"4058": "0f87a35b32215bc8547fb583d6c84bd51f603f69"}]}