{"is_source_file": true, "format": "C++", "description": "This source file implements the OttServicesImplementation class for an OTT services plugin, including configuration, initialization, permission management, authentication metadata collection, and service registration.", "external_files": ["OttServicesImplementation.h", "<core/Enumerate.h>", "UtilsLogging.h", "OttPermissionCache.h", "UtilsJsonrpcDirectLink.h"], "external_methods": ["PermissionsClient::PermissionsClient", "PermissionsClient::EnumeratePermissions", "PermissionsClient::Endpoint", "Utils::GetThunderControllerClient"], "published": ["OttServicesImplementation"], "classes": [{"name": "OttServicesImplementation", "description": "Implementation of OTT service functionalities, including permission management, auth metadata collection, and service registration within the plugin framework."}], "methods": [{"name": "uint32_t Configure(PluginHost::IShell * shell)", "description": "Configures the OTT services implementation with the provided shell, setting up internal state.", "scope": "WPEFramework::Plugin::OttServicesImplementation", "scopeKind": "class"}, {"name": "string Initialize(PluginHost::IShell * service)", "description": "Initializes the service, loads configuration, and prepares the permission client and cache.", "scope": "WPEFramework::Plugin::OttServicesImplementation", "scopeKind": "class"}, {"name": "void Deinitialize(PluginHost::IShell *)", "description": "Cleans up resources and resets the service state.", "scope": "WPEFramework::Plugin::OttServicesImplementation", "scopeKind": "class"}, {"name": "Core::hresult Ping(const string & message,string & reply)", "description": "Simple test method returning 'pong' or echoing the message.", "scope": "WPEFramework::Plugin::OttServicesImplementation", "scopeKind": "class"}, {"name": "Core::hresult GetPermissions(const string & appId,std::vector<string> & permissionsOut)", "description": "Retrieves the list of permissions for a specified appId, returning as vector.", "scope": "WPEFramework::Plugin::OttServicesImplementation", "scopeKind": "class"}, {"name": "GetPermissions (json)", "description": "Retrieves permissions as a JSON array string for the specified appId."}, {"name": "Core::hresult InvalidatePermissions(const string & appId)", "description": "Invalidates the cached permissions for the given appId.", "scope": "WPEFramework::Plugin::OttServicesImplementation", "scopeKind": "class"}, {"name": "bool CollectAuthMetadata(std::string & bearerToken,std::string & deviceId,std::string & accountId,std::string & partnerId) const", "description": "Collects authentication metadata (token, deviceId, accountId, partnerId) via direct service calls.", "scope": "WPEFramework::Plugin::OttServicesImplementation", "scopeKind": "class"}, {"name": "Core::hresult UpdatePermissionsCache(const string & appId,uint32_t & updatedCount)", "description": "Fetches permissions from remote and updates the cache for a specified appId.", "scope": "WPEFramework::Plugin::OttServicesImplementation", "scopeKind": "class"}, {"name": "Core::hresult GetPermissions(const string & appId,string & permissionsJson)", "scope": "WPEFramework::Plugin::OttServicesImplementation", "scopeKind": "class", "description": "unavailable"}, {"name": "OttServicesImplementation()", "scope": "WPEFramework::Plugin::OttServicesImplementation", "scopeKind": "class", "description": "unavailable"}], "calls": ["PluginHost::IShell::AddRef", "Config::FromString", "OttPermissionCache::Instance", "PermissionsClient::EnumeratePermissions", "Utils::GetThunderControllerClient", "JsonObject::Invoke", "JsonObject::HasLabel", "JsonObject::operator[]", "JsonObject::Clear", "Core::JSON::ArrayType<Core::JSON::String>::Add", "Core::JSON::ArrayType<Core::JSON::String>::ToString"], "search-terms": ["OttServicesImplementation", "PermissionsClient", "CollectAuthMetadata", "UpdatePermissionsCache", "OttPermissionCache", "jsonrpc", "OAuth", "AuthService", "DeviceId", "GetServiceAccessToken"], "state": 2, "file_id": 1201, "knowledge_revision": 3819, "git_revision": "0f87a35b32215bc8547fb583d6c84bd51f603f69", "ctags": [{"_type": "tag", "name": "CollectAuthMetadata", "path": "/home/kavia/workspace/code-generation/app-gateway2/__import__/extracted/app-gateway2-cga-cmf8e7ba8d/app-gateway/OttServices/OttServicesImplementation.cpp", "pattern": "/^    bool OttServicesImplementation::CollectAuthMetadata(std::string& bearerToken,$/", "language": "C++", "typeref": "typename:bool", "kind": "function", "signature": "(std::string & bearerToken,std::string & deviceId,std::string & accountId,std::string & partnerId) const", "scope": "WPEFramework::Plugin::OttServicesImplementation", "scopeKind": "class"}, {"_type": "tag", "name": "Configure", "path": "/home/kavia/workspace/code-generation/app-gateway2/__import__/extracted/app-gateway2-cga-cmf8e7ba8d/app-gateway/OttServices/OttServicesImplementation.cpp", "pattern": "/^    uint32_t OttServicesImplementation::Configure(PluginHost::IShell* shell) {$/", "language": "C++", "typeref": "typename:uint32_t", "kind": "function", "signature": "(PluginHost::IShell * shell)", "scope": "WPEFramework::Plugin::OttServicesImplementation", "scopeKind": "class"}, {"_type": "tag", "name": "Deinitialize", "path": "/home/kavia/workspace/code-generation/app-gateway2/__import__/extracted/app-gateway2-cga-cmf8e7ba8d/app-gateway/OttServices/OttServicesImplementation.cpp", "pattern": "/^    void OttServicesImplementation::Deinitialize(PluginHost::IShell* \\/*service*\\/) {$/", "language": "C++", "typeref": "typename:void", "kind": "function", "signature": "(PluginHost::IShell *)", "scope": "WPEFramework::Plugin::OttServicesImplementation", "scopeKind": "class"}, {"_type": "tag", "name": "GetPermissions", "path": "/home/kavia/workspace/code-generation/app-gateway2/__import__/extracted/app-gateway2-cga-cmf8e7ba8d/app-gateway/OttServices/OttServicesImplementation.cpp", "pattern": "/^    Core::hresult OttServicesImplementation::GetPermissions(const string& appId, std::vector<str/", "language": "C++", "typeref": "typename:Core::hresult", "kind": "function", "signature": "(const string & appId,std::vector<string> & permissionsOut)", "scope": "WPEFramework::Plugin::OttServicesImplementation", "scopeKind": "class"}, {"_type": "tag", "name": "GetPermissions", "path": "/home/kavia/workspace/code-generation/app-gateway2/__import__/extracted/app-gateway2-cga-cmf8e7ba8d/app-gateway/OttServices/OttServicesImplementation.cpp", "pattern": "/^    Core::hresult OttServicesImplementation::GetPermissions(const string& appId, string& permiss/", "language": "C++", "typeref": "typename:Core::hresult", "kind": "function", "signature": "(const string & appId,string & permissionsJson)", "scope": "WPEFramework::Plugin::OttServicesImplementation", "scopeKind": "class"}, {"_type": "tag", "name": "Initialize", "path": "/home/kavia/workspace/code-generation/app-gateway2/__import__/extracted/app-gateway2-cga-cmf8e7ba8d/app-gateway/OttServices/OttServicesImplementation.cpp", "pattern": "/^    string OttServicesImplementation::Initialize(PluginHost::IShell* service) {$/", "language": "C++", "typeref": "typename:string", "kind": "function", "signature": "(PluginHost::IShell * service)", "scope": "WPEFramework::Plugin::OttServicesImplementation", "scopeKind": "class"}, {"_type": "tag", "name": "InvalidatePermissions", "path": "/home/kavia/workspace/code-generation/app-gateway2/__import__/extracted/app-gateway2-cga-cmf8e7ba8d/app-gateway/OttServices/OttServicesImplementation.cpp", "pattern": "/^    Core::hresult OttServicesImplementation::InvalidatePermissions(const string& appId) {$/", "language": "C++", "typeref": "typename:Core::hresult", "kind": "function", "signature": "(const string & appId)", "scope": "WPEFramework::Plugin::OttServicesImplementation", "scopeKind": "class"}, {"_type": "tag", "name": "OttServicesImplementation", "path": "/home/kavia/workspace/code-generation/app-gateway2/__import__/extracted/app-gateway2-cga-cmf8e7ba8d/app-gateway/OttServices/OttServicesImplementation.cpp", "pattern": "/^    OttServicesImplementation::OttServicesImplementation()$/", "language": "C++", "kind": "function", "signature": "()", "scope": "WPEFramework::Plugin::OttServicesImplementation", "scopeKind": "class"}, {"_type": "tag", "name": "Ping", "path": "/home/kavia/workspace/code-generation/app-gateway2/__import__/extracted/app-gateway2-cga-cmf8e7ba8d/app-gateway/OttServices/OttServicesImplementation.cpp", "pattern": "/^    Core::hresult OttServicesImplementation::Ping(const string& message, string& reply) {$/", "language": "C++", "typeref": "typename:Core::hresult", "kind": "function", "signature": "(const string & message,string & reply)", "scope": "WPEFramework::Plugin::OttServicesImplementation", "scopeKind": "class"}, {"_type": "tag", "name": "Plugin", "path": "/home/kavia/workspace/code-generation/app-gateway2/__import__/extracted/app-gateway2-cga-cmf8e7ba8d/app-gateway/OttServices/OttServicesImplementation.cpp", "pattern": "/^namespace Plugin {$/", "file": true, "language": "C++", "kind": "namespace", "scope": "WPEFramework", "scopeKind": "namespace"}, {"_type": "tag", "name": "UpdatePermissionsCache", "path": "/home/kavia/workspace/code-generation/app-gateway2/__import__/extracted/app-gateway2-cga-cmf8e7ba8d/app-gateway/OttServices/OttServicesImplementation.cpp", "pattern": "/^    Core::hresult OttServicesImplementation::UpdatePermissionsCache(const string& appId, uint32_/", "language": "C++", "typeref": "typename:Core::hresult", "kind": "function", "signature": "(const string & appId,uint32_t & updatedCount)", "scope": "WPEFramework::Plugin::OttServicesImplementation", "scopeKind": "class"}, {"_type": "tag", "name": "WPEFramework", "path": "/home/kavia/workspace/code-generation/app-gateway2/__import__/extracted/app-gateway2-cga-cmf8e7ba8d/app-gateway/OttServices/OttServicesImplementation.cpp", "pattern": "/^namespace WPEFramework {$/", "file": true, "language": "C++", "kind": "namespace"}, {"_type": "tag", "name": "__anon0b408e1c0111", "path": "/home/kavia/workspace/code-generation/app-gateway2/__import__/extracted/app-gateway2-cga-cmf8e7ba8d/app-gateway/OttServices/OttServicesImplementation.cpp", "pattern": "/^    namespace {$/", "file": true, "language": "C++", "kind": "namespace", "scope": "WPEFramework::Plugin", "scopeKind": "namespace"}, {"_type": "tag", "name": "kAuthServiceCallsign", "path": "/home/kavia/workspace/code-generation/app-gateway2/__import__/extracted/app-gateway2-cga-cmf8e7ba8d/app-gateway/OttServices/OttServicesImplementation.cpp", "pattern": "/^        static constexpr const char* kAuthServiceCallsign = \"org.rdk.AuthService\";$/", "file": true, "language": "C++", "typeref": "typename:const char *", "kind": "variable", "scope": "WPEFramework::Plugin::__anon0b408e1c0111", "scopeKind": "namespace"}, {"_type": "tag", "name": "kDefaultPermsEndpoint", "path": "/home/kavia/workspace/code-generation/app-gateway2/__import__/extracted/app-gateway2-cga-cmf8e7ba8d/app-gateway/OttServices/OttServicesImplementation.cpp", "pattern": "/^        static constexpr const char* kDefaultPermsEndpoint = \"thor-permission.svc.thor.comcast.c/", "file": true, "language": "C++", "typeref": "typename:const char *", "kind": "variable", "scope": "WPEFramework::Plugin::__anon0b408e1c0111", "scopeKind": "namespace"}], "hash": "db47f1032fad08c274d71b93336526ec", "format-version": 4, "code-base-name": "app-gateway2", "filename": "__import__/extracted/app-gateway2-cga-cmf8e7ba8d/app-gateway/OttServices/OttServicesImplementation.cpp", "fields": [{"name": "const char * kAuthServiceCallsign", "scope": "WPEFramework::Plugin::__anon0b408e1c0111", "scopeKind": "namespace", "description": "unavailable"}, {"name": "const char * kDefaultPermsEndpoint", "scope": "WPEFramework::Plugin::__anon0b408e1c0111", "scopeKind": "namespace", "description": "unavailable"}], "revision_history": [{"3819": "0f87a35b32215bc8547fb583d6c84bd51f603f69"}]}