{"is_source_file": true, "format": "C", "description": "Automatically generated C source file for compiler identification, version info, and platform details. Contains macros for detecting compiler, platform, and architecture, and defines a main function that collects and processes this info at runtime.", "external_files": [], "external_methods": [], "published": [], "classes": [], "methods": [{"name": "main(argc,argv)", "description": "Main function that aggregates compiler and platform info for reporting.", "scope": "", "scopeKind": ""}, {"name": "void main()", "scope": "", "scopeKind": "", "description": "unavailable"}], "calls": ["info_compiler", "info_platform", "info_arch", "info_version", "info_version_internal", "info_simulate", "info_simulate_version", "info_cray", "info_language_standard_default", "info_language_extensions_default"], "search-terms": ["CMakeCompilerId", "compiler detection macros", "platform detection", "architecture macros", "build info aggregation", "C source file", "compiler version info", "build identification"], "state": 2, "file_id": 1926, "knowledge_revision": 4523, "git_revision": "0f87a35b32215bc8547fb583d6c84bd51f603f69", "ctags": [{"_type": "tag", "name": "ARCHITECTURE_ID", "path": "/home/kavia/workspace/code-generation/app-gateway2/__import__/extracted/app-gateway2-cga-cmf8e7ba8d/build-ottservices/CMakeFiles/3.28.3/CompilerIdC/CMakeCCompilerId.c", "pattern": "/^#   define ARCHITECTURE_ID /", "file": true, "language": "C", "kind": "macro"}, {"_type": "tag", "name": "ARCHITECTURE_ID", "path": "/home/kavia/workspace/code-generation/app-gateway2/__import__/extracted/app-gateway2-cga-cmf8e7ba8d/build-ottservices/CMakeFiles/3.28.3/CompilerIdC/CMakeCCompilerId.c", "pattern": "/^#  define ARCHITECTURE_ID /", "file": true, "language": "C", "kind": "macro"}, {"_type": "tag", "name": "ARCHITECTURE_ID", "path": "/home/kavia/workspace/code-generation/app-gateway2/__import__/extracted/app-gateway2-cga-cmf8e7ba8d/build-ottservices/CMakeFiles/3.28.3/CompilerIdC/CMakeCCompilerId.c", "pattern": "/^#  define ARCHITECTURE_ID$/", "file": true, "language": "C", "kind": "macro"}, {"_type": "tag", "name": "COMPILER_ID", "path": "/home/kavia/workspace/code-generation/app-gateway2/__import__/extracted/app-gateway2-cga-cmf8e7ba8d/build-ottservices/CMakeFiles/3.28.3/CompilerIdC/CMakeCCompilerId.c", "pattern": "/^# define COMPILER_ID /", "file": true, "language": "C", "kind": "macro"}, {"_type": "tag", "name": "COMPILER_VERSION", "path": "/home/kavia/workspace/code-generation/app-gateway2/__import__/extracted/app-gateway2-cga-cmf8e7ba8d/build-ottservices/CMakeFiles/3.28.3/CompilerIdC/CMakeCCompilerId.c", "pattern": "/^#   define COMPILER_VERSION /", "file": true, "language": "C", "kind": "macro"}, {"_type": "tag", "name": "COMPILER_VERSION_INTERNAL", "path": "/home/kavia/workspace/code-generation/app-gateway2/__import__/extracted/app-gateway2-cga-cmf8e7ba8d/build-ottservices/CMakeFiles/3.28.3/CompilerIdC/CMakeCCompilerId.c", "pattern": "/^#   define COMPILER_VERSION_INTERNAL /", "file": true, "language": "C", "kind": "macro"}, {"_type": "tag", "name": "COMPILER_VERSION_INTERNAL", "path": "/home/kavia/workspace/code-generation/app-gateway2/__import__/extracted/app-gateway2-cga-cmf8e7ba8d/build-ottservices/CMakeFiles/3.28.3/CompilerIdC/CMakeCCompilerId.c", "pattern": "/^#  define COMPILER_VERSION_INTERNAL /", "file": true, "language": "C", "kind": "macro"}, {"_type": "tag", "name": "COMPILER_VERSION_INTERNAL", "path": "/home/kavia/workspace/code-generation/app-gateway2/__import__/extracted/app-gateway2-cga-cmf8e7ba8d/build-ottservices/CMakeFiles/3.28.3/CompilerIdC/CMakeCCompilerId.c", "pattern": "/^# define COMPILER_VERSION_INTERNAL /", "file": true, "language": "C", "kind": "macro"}, {"_type": "tag", "name": "COMPILER_VERSION_INTERNAL_STR", "path": "/home/kavia/workspace/code-generation/app-gateway2/__import__/extracted/app-gateway2-cga-cmf8e7ba8d/build-ottservices/CMakeFiles/3.28.3/CompilerIdC/CMakeCCompilerId.c", "pattern": "/^# define COMPILER_VERSION_INTERNAL_STR /", "file": true, "language": "C", "kind": "macro"}, {"_type": "tag", "name": "COMPILER_VERSION_MAJOR", "path": "/home/kavia/workspace/code-generation/app-gateway2/__import__/extracted/app-gateway2-cga-cmf8e7ba8d/build-ottservices/CMakeFiles/3.28.3/CompilerIdC/CMakeCCompilerId.c", "pattern": "/^  # define COMPILER_VERSION_MAJOR /", "file": true, "language": "C", "kind": "macro"}, {"_type": "tag", "name": "COMPILER_VERSION_MAJOR", "path": "/home/kavia/workspace/code-generation/app-gateway2/__import__/extracted/app-gateway2-cga-cmf8e7ba8d/build-ottservices/CMakeFiles/3.28.3/CompilerIdC/CMakeCCompilerId.c", "pattern": "/^#   define COMPILER_VERSION_MAJOR /", "file": true, "language": "C", "kind": "macro"}, {"_type": "tag", "name": "COMPILER_VERSION_MAJOR", "path": "/home/kavia/workspace/code-generation/app-gateway2/__import__/extracted/app-gateway2-cga-cmf8e7ba8d/build-ottservices/CMakeFiles/3.28.3/CompilerIdC/CMakeCCompilerId.c", "pattern": "/^#  define COMPILER_VERSION_MAJOR /", "file": true, "language": "C", "kind": "macro"}, {"_type": "tag", "name": "COMPILER_VERSION_MAJOR", "path": "/home/kavia/workspace/code-generation/app-gateway2/__import__/extracted/app-gateway2-cga-cmf8e7ba8d/build-ottservices/CMakeFiles/3.28.3/CompilerIdC/CMakeCCompilerId.c", "pattern": "/^# define COMPILER_VERSION_MAJOR /", "file": true, "language": "C", "kind": "macro"}, {"_type": "tag", "name": "COMPILER_VERSION_MINOR", "path": "/home/kavia/workspace/code-generation/app-gateway2/__import__/extracted/app-gateway2-cga-cmf8e7ba8d/build-ottservices/CMakeFiles/3.28.3/CompilerIdC/CMakeCCompilerId.c", "pattern": "/^  # define COMPILER_VERSION_MINOR /", "file": true, "language": "C", "kind": "macro"}, {"_type": "tag", "name": "COMPILER_VERSION_MINOR", "path": "/home/kavia/workspace/code-generation/app-gateway2/__import__/extracted/app-gateway2-cga-cmf8e7ba8d/build-ottservices/CMakeFiles/3.28.3/CompilerIdC/CMakeCCompilerId.c", "pattern": "/^#   define COMPILER_VERSION_MINOR /", "file": true, "language": "C", "kind": "macro"}, {"_type": "tag", "name": "COMPILER_VERSION_MINOR", "path": "/home/kavia/workspace/code-generation/app-gateway2/__import__/extracted/app-gateway2-cga-cmf8e7ba8d/build-ottservices/CMakeFiles/3.28.3/CompilerIdC/CMakeCCompilerId.c", "pattern": "/^#  define COMPILER_VERSION_MINOR /", "file": true, "language": "C", "kind": "macro"}, {"_type": "tag", "name": "COMPILER_VERSION_MINOR", "path": "/home/kavia/workspace/code-generation/app-gateway2/__import__/extracted/app-gateway2-cga-cmf8e7ba8d/build-ottservices/CMakeFiles/3.28.3/CompilerIdC/CMakeCCompilerId.c", "pattern": "/^# define COMPILER_VERSION_MINOR /", "file": true, "language": "C", "kind": "macro"}, {"_type": "tag", "name": "COMPILER_VERSION_PATCH", "path": "/home/kavia/workspace/code-generation/app-gateway2/__import__/extracted/app-gateway2-cga-cmf8e7ba8d/build-ottservices/CMakeFiles/3.28.3/CompilerIdC/CMakeCCompilerId.c", "pattern": "/^  # define COMPILER_VERSION_PATCH /", "file": true, "language": "C", "kind": "macro"}, {"_type": "tag", "name": "COMPILER_VERSION_PATCH", "path": "/home/kavia/workspace/code-generation/app-gateway2/__import__/extracted/app-gateway2-cga-cmf8e7ba8d/build-ottservices/CMakeFiles/3.28.3/CompilerIdC/CMakeCCompilerId.c", "pattern": "/^#   define COMPILER_VERSION_PATCH /", "file": true, "language": "C", "kind": "macro"}, {"_type": "tag", "name": "COMPILER_VERSION_PATCH", "path": "/home/kavia/workspace/code-generation/app-gateway2/__import__/extracted/app-gateway2-cga-cmf8e7ba8d/build-ottservices/CMakeFiles/3.28.3/CompilerIdC/CMakeCCompilerId.c", "pattern": "/^#  define COMPILER_VERSION_PATCH /", "file": true, "language": "C", "kind": "macro"}, {"_type": "tag", "name": "COMPILER_VERSION_PATCH", "path": "/home/kavia/workspace/code-generation/app-gateway2/__import__/extracted/app-gateway2-cga-cmf8e7ba8d/build-ottservices/CMakeFiles/3.28.3/CompilerIdC/CMakeCCompilerId.c", "pattern": "/^# define COMPILER_VERSION_PATCH /", "file": true, "language": "C", "kind": "macro"}, {"_type": "tag", "name": "COMPILER_VERSION_TWEAK", "path": "/home/kavia/workspace/code-generation/app-gateway2/__import__/extracted/app-gateway2-cga-cmf8e7ba8d/build-ottservices/CMakeFiles/3.28.3/CompilerIdC/CMakeCCompilerId.c", "pattern": "/^#  define COMPILER_VERSION_TWEAK /", "file": true, "language": "C", "kind": "macro"}, {"_type": "tag", "name": "COMPILER_VERSION_TWEAK", "path": "/home/kavia/workspace/code-generation/app-gateway2/__import__/extracted/app-gateway2-cga-cmf8e7ba8d/build-ottservices/CMakeFiles/3.28.3/CompilerIdC/CMakeCCompilerId.c", "pattern": "/^# define COMPILER_VERSION_TWEAK /", "file": true, "language": "C", "kind": "macro"}, {"_type": "tag", "name": "C_VERSION", "path": "/home/kavia/workspace/code-generation/app-gateway2/__import__/extracted/app-gateway2-cga-cmf8e7ba8d/build-ottservices/CMakeFiles/3.28.3/CompilerIdC/CMakeCCompilerId.c", "pattern": "/^#  define C_VERSION /", "file": true, "language": "C", "kind": "macro"}, {"_type": "tag", "name": "C_VERSION", "path": "/home/kavia/workspace/code-generation/app-gateway2/__import__/extracted/app-gateway2-cga-cmf8e7ba8d/build-ottservices/CMakeFiles/3.28.3/CompilerIdC/CMakeCCompilerId.c", "pattern": "/^#  define C_VERSION$/", "file": true, "language": "C", "kind": "macro"}, {"_type": "tag", "name": "C_VERSION", "path": "/home/kavia/workspace/code-generation/app-gateway2/__import__/extracted/app-gateway2-cga-cmf8e7ba8d/build-ottservices/CMakeFiles/3.28.3/CompilerIdC/CMakeCCompilerId.c", "pattern": "/^# define C_VERSION /", "file": true, "language": "C", "kind": "macro"}, {"_type": "tag", "name": "DEC", "path": "/home/kavia/workspace/code-generation/app-gateway2/__import__/extracted/app-gateway2-cga-cmf8e7ba8d/build-ottservices/CMakeFiles/3.28.3/CompilerIdC/CMakeCCompilerId.c", "pattern": "/^#define DEC(/", "file": true, "language": "C", "kind": "macro", "signature": "(n)"}, {"_type": "tag", "name": "HEX", "path": "/home/kavia/workspace/code-generation/app-gateway2/__import__/extracted/app-gateway2-cga-cmf8e7ba8d/build-ottservices/CMakeFiles/3.28.3/CompilerIdC/CMakeCCompilerId.c", "pattern": "/^#define HEX(/", "file": true, "language": "C", "kind": "macro", "signature": "(n)"}, {"_type": "tag", "name": "ID_VOID_MAIN", "path": "/home/kavia/workspace/code-generation/app-gateway2/__import__/extracted/app-gateway2-cga-cmf8e7ba8d/build-ottservices/CMakeFiles/3.28.3/CompilerIdC/CMakeCCompilerId.c", "pattern": "/^# define ID_VOID_MAIN$/", "file": true, "language": "C", "kind": "macro"}, {"_type": "tag", "name": "PLATFORM_ID", "path": "/home/kavia/workspace/code-generation/app-gateway2/__import__/extracted/app-gateway2-cga-cmf8e7ba8d/build-ottservices/CMakeFiles/3.28.3/CompilerIdC/CMakeCCompilerId.c", "pattern": "/^#  define PLATFORM_ID /", "file": true, "language": "C", "kind": "macro"}, {"_type": "tag", "name": "PLATFORM_ID", "path": "/home/kavia/workspace/code-generation/app-gateway2/__import__/extracted/app-gateway2-cga-cmf8e7ba8d/build-ottservices/CMakeFiles/3.28.3/CompilerIdC/CMakeCCompilerId.c", "pattern": "/^#  define PLATFORM_ID$/", "file": true, "language": "C", "kind": "macro"}, {"_type": "tag", "name": "PLATFORM_ID", "path": "/home/kavia/workspace/code-generation/app-gateway2/__import__/extracted/app-gateway2-cga-cmf8e7ba8d/build-ottservices/CMakeFiles/3.28.3/CompilerIdC/CMakeCCompilerId.c", "pattern": "/^# define PLATFORM_ID /", "file": true, "language": "C", "kind": "macro"}, {"_type": "tag", "name": "PLATFORM_ID", "path": "/home/kavia/workspace/code-generation/app-gateway2/__import__/extracted/app-gateway2-cga-cmf8e7ba8d/build-ottservices/CMakeFiles/3.28.3/CompilerIdC/CMakeCCompilerId.c", "pattern": "/^# define PLATFORM_ID$/", "file": true, "language": "C", "kind": "macro"}, {"_type": "tag", "name": "SIMULATE_ID", "path": "/home/kavia/workspace/code-generation/app-gateway2/__import__/extracted/app-gateway2-cga-cmf8e7ba8d/build-ottservices/CMakeFiles/3.28.3/CompilerIdC/CMakeCCompilerId.c", "pattern": "/^#  define SIMULATE_ID /", "file": true, "language": "C", "kind": "macro"}, {"_type": "tag", "name": "SIMULATE_ID", "path": "/home/kavia/workspace/code-generation/app-gateway2/__import__/extracted/app-gateway2-cga-cmf8e7ba8d/build-ottservices/CMakeFiles/3.28.3/CompilerIdC/CMakeCCompilerId.c", "pattern": "/^# define SIMULATE_ID /", "file": true, "language": "C", "kind": "macro"}, {"_type": "tag", "name": "SIMULATE_VERSION_MAJOR", "path": "/home/kavia/workspace/code-generation/app-gateway2/__import__/extracted/app-gateway2-cga-cmf8e7ba8d/build-ottservices/CMakeFiles/3.28.3/CompilerIdC/CMakeCCompilerId.c", "pattern": "/^#  define SIMULATE_VERSION_MAJOR /", "file": true, "language": "C", "kind": "macro"}, {"_type": "tag", "name": "SIMULATE_VERSION_MAJOR", "path": "/home/kavia/workspace/code-generation/app-gateway2/__import__/extracted/app-gateway2-cga-cmf8e7ba8d/build-ottservices/CMakeFiles/3.28.3/CompilerIdC/CMakeCCompilerId.c", "pattern": "/^# define SIMULATE_VERSION_MAJOR /", "file": true, "language": "C", "kind": "macro"}, {"_type": "tag", "name": "SIMULATE_VERSION_MINOR", "path": "/home/kavia/workspace/code-generation/app-gateway2/__import__/extracted/app-gateway2-cga-cmf8e7ba8d/build-ottservices/CMakeFiles/3.28.3/CompilerIdC/CMakeCCompilerId.c", "pattern": "/^#  define SIMULATE_VERSION_MINOR /", "file": true, "language": "C", "kind": "macro"}, {"_type": "tag", "name": "SIMULATE_VERSION_MINOR", "path": "/home/kavia/workspace/code-generation/app-gateway2/__import__/extracted/app-gateway2-cga-cmf8e7ba8d/build-ottservices/CMakeFiles/3.28.3/CompilerIdC/CMakeCCompilerId.c", "pattern": "/^# define SIMULATE_VERSION_MINOR /", "file": true, "language": "C", "kind": "macro"}, {"_type": "tag", "name": "SIMULATE_VERSION_PATCH", "path": "/home/kavia/workspace/code-generation/app-gateway2/__import__/extracted/app-gateway2-cga-cmf8e7ba8d/build-ottservices/CMakeFiles/3.28.3/CompilerIdC/CMakeCCompilerId.c", "pattern": "/^#   define SIMULATE_VERSION_PATCH /", "file": true, "language": "C", "kind": "macro"}, {"_type": "tag", "name": "SIMULATE_VERSION_PATCH", "path": "/home/kavia/workspace/code-generation/app-gateway2/__import__/extracted/app-gateway2-cga-cmf8e7ba8d/build-ottservices/CMakeFiles/3.28.3/CompilerIdC/CMakeCCompilerId.c", "pattern": "/^#  define SIMULATE_VERSION_PATCH /", "file": true, "language": "C", "kind": "macro"}, {"_type": "tag", "name": "SIMULATE_VERSION_PATCH", "path": "/home/kavia/workspace/code-generation/app-gateway2/__import__/extracted/app-gateway2-cga-cmf8e7ba8d/build-ottservices/CMakeFiles/3.28.3/CompilerIdC/CMakeCCompilerId.c", "pattern": "/^# define SIMULATE_VERSION_PATCH /", "file": true, "language": "C", "kind": "macro"}, {"_type": "tag", "name": "STRINGIFY", "path": "/home/kavia/workspace/code-generation/app-gateway2/__import__/extracted/app-gateway2-cga-cmf8e7ba8d/build-ottservices/CMakeFiles/3.28.3/CompilerIdC/CMakeCCompilerId.c", "pattern": "/^#define STRINGIFY(/", "file": true, "language": "C", "kind": "macro", "signature": "(X)"}, {"_type": "tag", "name": "STRINGIFY_HELPER", "path": "/home/kavia/workspace/code-generation/app-gateway2/__import__/extracted/app-gateway2-cga-cmf8e7ba8d/build-ottservices/CMakeFiles/3.28.3/CompilerIdC/CMakeCCompilerId.c", "pattern": "/^#define STRINGIFY_HELPER(/", "file": true, "language": "C", "kind": "macro", "signature": "(X)"}, {"_type": "tag", "name": "__has_include", "path": "/home/kavia/workspace/code-generation/app-gateway2/__import__/extracted/app-gateway2-cga-cmf8e7ba8d/build-ottservices/CMakeFiles/3.28.3/CompilerIdC/CMakeCCompilerId.c", "pattern": "/^#  define __has_include(/", "file": true, "language": "C", "kind": "macro", "signature": "(x)"}, {"_type": "tag", "name": "const", "path": "/home/kavia/workspace/code-generation/app-gateway2/__import__/extracted/app-gateway2-cga-cmf8e7ba8d/build-ottservices/CMakeFiles/3.28.3/CompilerIdC/CMakeCCompilerId.c", "pattern": "/^# define const$/", "file": true, "language": "C", "kind": "macro"}, {"_type": "tag", "name": "info_arch", "path": "/home/kavia/workspace/code-generation/app-gateway2/__import__/extracted/app-gateway2-cga-cmf8e7ba8d/build-ottservices/CMakeFiles/3.28.3/CompilerIdC/CMakeCCompilerId.c", "pattern": "/^char const* info_arch = \"INFO\" \":\" \"arch[\" ARCHITECTURE_ID \"]\";$/", "language": "C", "typeref": "typename:char const *", "kind": "variable"}, {"_type": "tag", "name": "info_compiler", "path": "/home/kavia/workspace/code-generation/app-gateway2/__import__/extracted/app-gateway2-cga-cmf8e7ba8d/build-ottservices/CMakeFiles/3.28.3/CompilerIdC/CMakeCCompilerId.c", "pattern": "/^char const* info_compiler = \"INFO\" \":\" \"compiler[\" COMPILER_ID \"]\";$/", "language": "C", "typeref": "typename:char const *", "kind": "variable"}, {"_type": "tag", "name": "info_cray", "path": "/home/kavia/workspace/code-generation/app-gateway2/__import__/extracted/app-gateway2-cga-cmf8e7ba8d/build-ottservices/CMakeFiles/3.28.3/CompilerIdC/CMakeCCompilerId.c", "pattern": "/^char const *info_cray = \"INFO\" \":\" \"compiler_wrapper[CrayPrgEnv]\";$/", "language": "C", "typeref": "typename:char const *", "kind": "variable"}, {"_type": "tag", "name": "info_language_extensions_default", "path": "/home/kavia/workspace/code-generation/app-gateway2/__import__/extracted/app-gateway2-cga-cmf8e7ba8d/build-ottservices/CMakeFiles/3.28.3/CompilerIdC/CMakeCCompilerId.c", "pattern": "/^const char* info_language_extensions_default = \"INFO\" \":\" \"extensions_default[\"$/", "language": "C", "typeref": "typename:const char *", "kind": "variable"}, {"_type": "tag", "name": "info_language_standard_default", "path": "/home/kavia/workspace/code-generation/app-gateway2/__import__/extracted/app-gateway2-cga-cmf8e7ba8d/build-ottservices/CMakeFiles/3.28.3/CompilerIdC/CMakeCCompilerId.c", "pattern": "/^const char* info_language_standard_default =$/", "language": "C", "typeref": "typename:const char *", "kind": "variable"}, {"_type": "tag", "name": "info_platform", "path": "/home/kavia/workspace/code-generation/app-gateway2/__import__/extracted/app-gateway2-cga-cmf8e7ba8d/build-ottservices/CMakeFiles/3.28.3/CompilerIdC/CMakeCCompilerId.c", "pattern": "/^char const* info_platform = \"INFO\" \":\" \"platform[\" PLATFORM_ID \"]\";$/", "language": "C", "typeref": "typename:char const *", "kind": "variable"}, {"_type": "tag", "name": "info_simulate", "path": "/home/kavia/workspace/code-generation/app-gateway2/__import__/extracted/app-gateway2-cga-cmf8e7ba8d/build-ottservices/CMakeFiles/3.28.3/CompilerIdC/CMakeCCompilerId.c", "pattern": "/^char const* info_simulate = \"INFO\" \":\" \"simulate[\" SIMULATE_ID \"]\";$/", "language": "C", "typeref": "typename:char const *", "kind": "variable"}, {"_type": "tag", "name": "info_simulate_version", "path": "/home/kavia/workspace/code-generation/app-gateway2/__import__/extracted/app-gateway2-cga-cmf8e7ba8d/build-ottservices/CMakeFiles/3.28.3/CompilerIdC/CMakeCCompilerId.c", "pattern": "/^char const info_simulate_version[] = {$/", "language": "C", "typeref": "typename:char const[]", "kind": "variable"}, {"_type": "tag", "name": "info_version", "path": "/home/kavia/workspace/code-generation/app-gateway2/__import__/extracted/app-gateway2-cga-cmf8e7ba8d/build-ottservices/CMakeFiles/3.28.3/CompilerIdC/CMakeCCompilerId.c", "pattern": "/^char const info_version[] = {$/", "language": "C", "typeref": "typename:char const[]", "kind": "variable"}, {"_type": "tag", "name": "info_version", "path": "/home/kavia/workspace/code-generation/app-gateway2/__import__/extracted/app-gateway2-cga-cmf8e7ba8d/build-ottservices/CMakeFiles/3.28.3/CompilerIdC/CMakeCCompilerId.c", "pattern": "/^char const* info_version = \"INFO\" \":\" \"compiler_version[\" COMPILER_VERSION \"]\";$/", "language": "C", "typeref": "typename:char const *", "kind": "variable"}, {"_type": "tag", "name": "info_version_internal", "path": "/home/kavia/workspace/code-generation/app-gateway2/__import__/extracted/app-gateway2-cga-cmf8e7ba8d/build-ottservices/CMakeFiles/3.28.3/CompilerIdC/CMakeCCompilerId.c", "pattern": "/^char const info_version_internal[] = {$/", "language": "C", "typeref": "typename:char const[]", "kind": "variable"}, {"_type": "tag", "name": "info_version_internal", "path": "/home/kavia/workspace/code-generation/app-gateway2/__import__/extracted/app-gateway2-cga-cmf8e7ba8d/build-ottservices/CMakeFiles/3.28.3/CompilerIdC/CMakeCCompilerId.c", "pattern": "/^char const* info_version_internal = \"INFO\" \":\" \"compiler_version_internal[\" COMPILER_VERSION_INT/", "language": "C", "typeref": "typename:char const *", "kind": "variable"}, {"_type": "tag", "name": "main", "path": "/home/kavia/workspace/code-generation/app-gateway2/__import__/extracted/app-gateway2-cga-cmf8e7ba8d/build-ottservices/CMakeFiles/3.28.3/CompilerIdC/CMakeCCompilerId.c", "pattern": "/^int main(argc, argv) int argc; char *argv[];$/", "language": "C", "kind": "function", "signature": "(argc,argv)"}, {"_type": "tag", "name": "main", "path": "/home/kavia/workspace/code-generation/app-gateway2/__import__/extracted/app-gateway2-cga-cmf8e7ba8d/build-ottservices/CMakeFiles/3.28.3/CompilerIdC/CMakeCCompilerId.c", "pattern": "/^void main() {}$/", "language": "C", "typeref": "typename:void", "kind": "function", "signature": "()"}, {"_type": "tag", "name": "qnxnto", "path": "/home/kavia/workspace/code-generation/app-gateway2/__import__/extracted/app-gateway2-cga-cmf8e7ba8d/build-ottservices/CMakeFiles/3.28.3/CompilerIdC/CMakeCCompilerId.c", "pattern": "/^char const* qnxnto = \"INFO\" \":\" \"qnxnto[]\";$/", "language": "C", "typeref": "typename:char const *", "kind": "variable"}, {"_type": "tag", "name": "volatile", "path": "/home/kavia/workspace/code-generation/app-gateway2/__import__/extracted/app-gateway2-cga-cmf8e7ba8d/build-ottservices/CMakeFiles/3.28.3/CompilerIdC/CMakeCCompilerId.c", "pattern": "/^# define volatile$/", "file": true, "language": "C", "kind": "macro"}], "hash": "1cbb78ba054c464b110c5ea797d237e2", "format-version": 4, "code-base-name": "app-gateway2", "filename": "__import__/extracted/app-gateway2-cga-cmf8e7ba8d/build-ottservices/CMakeFiles/3.28.3/CompilerIdC/CMakeCCompilerId.c", "fields": [{"name": "char const * info_arch", "scope": "", "scopeKind": "", "description": "unavailable"}, {"name": "char const * info_compiler", "scope": "", "scopeKind": "", "description": "unavailable"}, {"name": "char const * info_cray", "scope": "", "scopeKind": "", "description": "unavailable"}, {"name": "const char * info_language_extensions_default", "scope": "", "scopeKind": "", "description": "unavailable"}, {"name": "const char * info_language_standard_default", "scope": "", "scopeKind": "", "description": "unavailable"}, {"name": "char const * info_platform", "scope": "", "scopeKind": "", "description": "unavailable"}, {"name": "char const * info_simulate", "scope": "", "scopeKind": "", "description": "unavailable"}, {"name": "char const[] info_simulate_version", "scope": "", "scopeKind": "", "description": "unavailable"}, {"name": "char const[] info_version", "scope": "", "scopeKind": "", "description": "unavailable"}, {"name": "char const * info_version", "scope": "", "scopeKind": "", "description": "unavailable"}, {"name": "char const[] info_version_internal", "scope": "", "scopeKind": "", "description": "unavailable"}, {"name": "char const * info_version_internal", "scope": "", "scopeKind": "", "description": "unavailable"}, {"name": "char const * qnxnto", "scope": "", "scopeKind": "", "description": "unavailable"}], "revision_history": [{"4523": "0f87a35b32215bc8547fb583d6c84bd51f603f69"}]}