{"is_source_file": true, "format": "C++ header file", "description": "This file defines utility functions for Base64 encoding, providing both a core encoding function and a convenience overload for std::string. It belongs to the WPEFramework::Utils namespace and is intended for use across the project to encode binary data into Base64 strings, with optional URL-safe encoding.", "external_files": ["<string>", "<cstdint>"], "external_methods": [], "published": ["WPEFramework::Utils::Base64Encode(const void *data, std::size_t len, bool urlSafe)", "WPEFramework::Utils::Base64Encode(const std::string &s, bool urlSafe)"], "classes": [], "methods": [{"name": "std::string Base64Encode(const std::string & s,bool urlSafe=false)", "description": "Encodes binary data into a Base64 string, with optional URL-safe variant.", "scope": "WPEFramework::Utils", "scopeKind": "namespace"}, {"name": "std::string Base64Encode(const void * data,std::size_t len,bool urlSafe=false)", "description": "Encodes a std::string into a Base64 string, with optional URL-safe variant.", "scope": "WPEFramework::Utils", "scopeKind": "namespace"}], "calls": ["Base64Encode(s.data(), s.size(), urlSafe)"], "search-terms": ["UtilsBase64", "Base64Encode", "Base64", "encoding"], "state": 2, "file_id": 1901, "knowledge_revision": 4493, "git_revision": "0f87a35b32215bc8547fb583d6c84bd51f603f69", "ctags": [{"_type": "tag", "name": "Base64Encode", "path": "/home/kavia/workspace/code-generation/app-gateway2/__import__/extracted/app-gateway2-cga-cmf8e7ba8d/Supporting_Files/UtilsBase64.h", "pattern": "/^        std::string Base64Encode(const std::string &s, bool urlSafe = false)$/", "language": "C++", "typeref": "typename:std::string", "kind": "function", "signature": "(const std::string & s,bool urlSafe=false)", "scope": "WPEFramework::Utils", "scopeKind": "namespace"}, {"_type": "tag", "name": "Base64Encode", "path": "/home/kavia/workspace/code-generation/app-gateway2/__import__/extracted/app-gateway2-cga-cmf8e7ba8d/Supporting_Files/UtilsBase64.h", "pattern": "/^        std::string Base64Encode(const void *data, std::size_t len, bool urlSafe = false)$/", "language": "C++", "typeref": "typename:std::string", "kind": "function", "signature": "(const void * data,std::size_t len,bool urlSafe=false)", "scope": "WPEFramework::Utils", "scopeKind": "namespace"}, {"_type": "tag", "name": "Utils", "path": "/home/kavia/workspace/code-generation/app-gateway2/__import__/extracted/app-gateway2-cga-cmf8e7ba8d/Supporting_Files/UtilsBase64.h", "pattern": "/^    namespace Utils$/", "language": "C++", "kind": "namespace", "scope": "WPEFramework", "scopeKind": "namespace"}, {"_type": "tag", "name": "WPEFramework", "path": "/home/kavia/workspace/code-generation/app-gateway2/__import__/extracted/app-gateway2-cga-cmf8e7ba8d/Supporting_Files/UtilsBase64.h", "pattern": "/^namespace WPEFramework$/", "language": "C++", "kind": "namespace"}], "hash": "416c5b4b163bbbdde3d9b0f48dcef785", "format-version": 4, "code-base-name": "app-gateway2", "filename": "__import__/extracted/app-gateway2-cga-cmf8e7ba8d/Supporting_Files/UtilsBase64.h", "revision_history": [{"4493": "0f87a35b32215bc8547fb583d6c84bd51f603f69"}]}