{"is_source_file": true, "format": "C++ header file", "description": "This file defines classes related to the Provisioning API JSON-RPC interface within the WPEFramework, specifically classes for handling JSON data such as IndexParamsData, ProvisioningchangeParamsData, and StateData. It is auto-generated based on a JSON schema and intended for serialization and deserialization of provisioning-related data.", "external_files": ["<core/JSON.h>"], "external_methods": [], "published": ["WPEFramework::JsonData::Provisioning::IndexParamsData", "WPEFramework::JsonData::Provisioning::ProvisioningchangeParamsData", "WPEFramework::JsonData::Provisioning::StateData"], "classes": [{"name": "IndexParamsData", "description": "Class representing parameters for indexing, containing a label and index value."}, {"name": "ProvisioningchangeParamsData", "description": "Class representing the parameters for provisioning status change, containing a status value."}, {"name": "StateData", "description": "Class representing the state of provisioning, including id, status, and tokens."}], "methods": [{"name": "bool IsValid() const", "description": "Method to check if the data object is valid (placeholder implementation returning true).", "scope": "WPEFramework::JsonData::Provisioning::StateData", "scopeKind": "class"}, {"name": "IndexParamsData()", "scope": "WPEFramework::JsonData::Provisioning::IndexParamsData", "scopeKind": "class", "description": "unavailable"}, {"name": "ProvisioningchangeParamsData()", "scope": "WPEFramework::JsonData::Provisioning::ProvisioningchangeParamsData", "scopeKind": "class", "description": "unavailable"}, {"name": "StateData()", "scope": "WPEFramework::JsonData::Provisioning::StateData", "scopeKind": "class", "description": "unavailable"}], "calls": [], "search-terms": ["Provisioning", "JsonData", "Provisioning.change", "StateData", "IndexParamsData"], "state": 2, "file_id": 1679, "knowledge_revision": 4277, "git_revision": "0f87a35b32215bc8547fb583d6c84bd51f603f69", "ctags": [{"_type": "tag", "name": "Id", "path": "/home/kavia/workspace/code-generation/app-gateway2/__import__/extracted/app-gateway2-cga-cmf8e7ba8d/dependencies/install/include/WPEFramework/interfaces/json/JsonData_Provisioning.h", "pattern": "/^            Core::JSON::String Id; \\/\\/ Provision ID value$/", "language": "C++", "typeref": "typename:Core::JSON::String", "kind": "member", "scope": "WPEFramework::JsonData::Provisioning::StateData", "scopeKind": "class"}, {"_type": "tag", "name": "Index", "path": "/home/kavia/workspace/code-generation/app-gateway2/__import__/extracted/app-gateway2-cga-cmf8e7ba8d/dependencies/install/include/WPEFramework/interfaces/json/JsonData_Provisioning.h", "pattern": "/^            Core::JSON::DecUInt32 Index; \\/\\/ Index to be used for the key$/", "language": "C++", "typeref": "typename:Core::JSON::DecUInt32", "kind": "member", "scope": "WPEFramework::JsonData::Provisioning::IndexParamsData", "scopeKind": "class"}, {"_type": "tag", "name": "IndexParamsData", "path": "/home/kavia/workspace/code-generation/app-gateway2/__import__/extracted/app-gateway2-cga-cmf8e7ba8d/dependencies/install/include/WPEFramework/interfaces/json/JsonData_Provisioning.h", "pattern": "/^            IndexParamsData()$/", "language": "C++", "kind": "function", "signature": "()", "scope": "WPEFramework::JsonData::Provisioning::IndexParamsData", "scopeKind": "class"}, {"_type": "tag", "name": "IndexParamsData", "path": "/home/kavia/workspace/code-generation/app-gateway2/__import__/extracted/app-gateway2-cga-cmf8e7ba8d/dependencies/install/include/WPEFramework/interfaces/json/JsonData_Provisioning.h", "pattern": "/^        class IndexParamsData : public Core::JSON::Container {$/", "language": "C++", "kind": "class", "scope": "WPEFramework::JsonData::Provisioning", "scopeKind": "namespace"}, {"_type": "tag", "name": "IsValid", "path": "/home/kavia/workspace/code-generation/app-gateway2/__import__/extracted/app-gateway2-cga-cmf8e7ba8d/dependencies/install/include/WPEFramework/interfaces/json/JsonData_Provisioning.h", "pattern": "/^            bool IsValid() const$/", "language": "C++", "typeref": "typename:bool", "kind": "function", "signature": "() const", "scope": "WPEFramework::JsonData::Provisioning::IndexParamsData", "scopeKind": "class"}, {"_type": "tag", "name": "IsValid", "path": "/home/kavia/workspace/code-generation/app-gateway2/__import__/extracted/app-gateway2-cga-cmf8e7ba8d/dependencies/install/include/WPEFramework/interfaces/json/JsonData_Provisioning.h", "pattern": "/^            bool IsValid() const$/", "language": "C++", "typeref": "typename:bool", "kind": "function", "signature": "() const", "scope": "WPEFramework::JsonData::Provisioning::ProvisioningchangeParamsData", "scopeKind": "class"}, {"_type": "tag", "name": "IsValid", "path": "/home/kavia/workspace/code-generation/app-gateway2/__import__/extracted/app-gateway2-cga-cmf8e7ba8d/dependencies/install/include/WPEFramework/interfaces/json/JsonData_Provisioning.h", "pattern": "/^            bool IsValid() const$/", "language": "C++", "typeref": "typename:bool", "kind": "function", "signature": "() const", "scope": "WPEFramework::JsonData::Provisioning::StateData", "scopeKind": "class"}, {"_type": "tag", "name": "JsonData", "path": "/home/kavia/workspace/code-generation/app-gateway2/__import__/extracted/app-gateway2-cga-cmf8e7ba8d/dependencies/install/include/WPEFramework/interfaces/json/JsonData_Provisioning.h", "pattern": "/^namespace JsonData {$/", "language": "C++", "kind": "namespace", "scope": "WPEFramework", "scopeKind": "namespace"}, {"_type": "tag", "name": "Label", "path": "/home/kavia/workspace/code-generation/app-gateway2/__import__/extracted/app-gateway2-cga-cmf8e7ba8d/dependencies/install/include/WPEFramework/interfaces/json/JsonData_Provisioning.h", "pattern": "/^            Core::JSON::String Label; \\/\\/ The label name for which the index should be changed$/", "language": "C++", "typeref": "typename:Core::JSON::String", "kind": "member", "scope": "WPEFramework::JsonData::Provisioning::IndexParamsData", "scopeKind": "class"}, {"_type": "tag", "name": "Provisioning", "path": "/home/kavia/workspace/code-generation/app-gateway2/__import__/extracted/app-gateway2-cga-cmf8e7ba8d/dependencies/install/include/WPEFramework/interfaces/json/JsonData_Provisioning.h", "pattern": "/^    namespace Provisioning {$/", "language": "C++", "kind": "namespace", "scope": "WPEFramework::JsonData", "scopeKind": "namespace"}, {"_type": "tag", "name": "ProvisioningchangeParamsData", "path": "/home/kavia/workspace/code-generation/app-gateway2/__import__/extracted/app-gateway2-cga-cmf8e7ba8d/dependencies/install/include/WPEFramework/interfaces/json/JsonData_Provisioning.h", "pattern": "/^            ProvisioningchangeParamsData()$/", "language": "C++", "kind": "function", "signature": "()", "scope": "WPEFramework::JsonData::Provisioning::ProvisioningchangeParamsData", "scopeKind": "class"}, {"_type": "tag", "name": "ProvisioningchangeParamsData", "path": "/home/kavia/workspace/code-generation/app-gateway2/__import__/extracted/app-gateway2-cga-cmf8e7ba8d/dependencies/install/include/WPEFramework/interfaces/json/JsonData_Provisioning.h", "pattern": "/^        class ProvisioningchangeParamsData : public Core::JSON::Container {$/", "language": "C++", "kind": "class", "scope": "WPEFramework::JsonData::Provisioning", "scopeKind": "namespace"}, {"_type": "tag", "name": "StateData", "path": "/home/kavia/workspace/code-generation/app-gateway2/__import__/extracted/app-gateway2-cga-cmf8e7ba8d/dependencies/install/include/WPEFramework/interfaces/json/JsonData_Provisioning.h", "pattern": "/^            StateData()$/", "language": "C++", "kind": "function", "signature": "()", "scope": "WPEFramework::JsonData::Provisioning::StateData", "scopeKind": "class"}, {"_type": "tag", "name": "StateData", "path": "/home/kavia/workspace/code-generation/app-gateway2/__import__/extracted/app-gateway2-cga-cmf8e7ba8d/dependencies/install/include/WPEFramework/interfaces/json/JsonData_Provisioning.h", "pattern": "/^        class StateData : public Core::JSON::Container {$/", "language": "C++", "kind": "class", "scope": "WPEFramework::JsonData::Provisioning", "scopeKind": "namespace"}, {"_type": "tag", "name": "Status", "path": "/home/kavia/workspace/code-generation/app-gateway2/__import__/extracted/app-gateway2-cga-cmf8e7ba8d/dependencies/install/include/WPEFramework/interfaces/json/JsonData_Provisioning.h", "pattern": "/^            Core::JSON::DecUInt32 Status; \\/\\/ Provision status$/", "language": "C++", "typeref": "typename:Core::JSON::DecUInt32", "kind": "member", "scope": "WPEFramework::JsonData::Provisioning::ProvisioningchangeParamsData", "scopeKind": "class"}, {"_type": "tag", "name": "Status", "path": "/home/kavia/workspace/code-generation/app-gateway2/__import__/extracted/app-gateway2-cga-cmf8e7ba8d/dependencies/install/include/WPEFramework/interfaces/json/JsonData_Provisioning.h", "pattern": "/^            Core::JSON::DecUInt32 Status; \\/\\/ Provision status$/", "language": "C++", "typeref": "typename:Core::JSON::DecUInt32", "kind": "member", "scope": "WPEFramework::JsonData::Provisioning::StateData", "scopeKind": "class"}, {"_type": "tag", "name": "Tokens", "path": "/home/kavia/workspace/code-generation/app-gateway2/__import__/extracted/app-gateway2-cga-cmf8e7ba8d/dependencies/install/include/WPEFramework/interfaces/json/JsonData_Provisioning.h", "pattern": "/^            Core::JSON::ArrayType<Core::JSON::String> Tokens; \\/\\/ List of provisioned systems$/", "language": "C++", "typeref": "typename:Core::JSON::ArrayType<Core::JSON::String>", "kind": "member", "scope": "WPEFramework::JsonData::Provisioning::StateData", "scopeKind": "class"}, {"_type": "tag", "name": "WPEFramework", "path": "/home/kavia/workspace/code-generation/app-gateway2/__import__/extracted/app-gateway2-cga-cmf8e7ba8d/dependencies/install/include/WPEFramework/interfaces/json/JsonData_Provisioning.h", "pattern": "/^namespace WPEFramework {$/", "language": "C++", "kind": "namespace"}], "hash": "cfff0834226732245191884c4d649f67", "format-version": 4, "code-base-name": "app-gateway2", "filename": "__import__/extracted/app-gateway2-cga-cmf8e7ba8d/dependencies/install/include/WPEFramework/interfaces/json/JsonData_Provisioning.h", "fields": [{"name": "Core::JSON::String Id", "scope": "WPEFramework::JsonData::Provisioning::StateData", "scopeKind": "class", "description": "unavailable"}, {"name": "Core::JSON::DecUInt32 Index", "scope": "WPEFramework::JsonData::Provisioning::IndexParamsData", "scopeKind": "class", "description": "unavailable"}, {"name": "Core::JSON::String Label", "scope": "WPEFramework::JsonData::Provisioning::IndexParamsData", "scopeKind": "class", "description": "unavailable"}, {"name": "Core::JSON::DecUInt32 Status", "scope": "WPEFramework::JsonData::Provisioning::ProvisioningchangeParamsData", "scopeKind": "class", "description": "unavailable"}, {"name": "Core::JSON::ArrayType<Core::JSON::String> Tokens", "scope": "WPEFramework::JsonData::Provisioning::StateData", "scopeKind": "class", "description": "unavailable"}], "revision_history": [{"4277": "0f87a35b32215bc8547fb583d6c84bd51f603f69"}]}