{"is_source_file": true, "format": "C++ header", "description": "This is a C++ header file that provides interface definitions for the BrowserResources JSON-RPC API within the WPEFramework project. It declares namespace structures, includes necessary headers, and references external interfaces and enum handlers related to browser resources.", "external_files": ["<core/JSON.h>", "<interfaces/IBrowser.h>"], "external_methods": [], "published": [], "classes": [{"name": "JSONData::BrowserResources", "description": "Namespace for BrowserResources-related method parameter and result classes, currently empty."}], "methods": [], "calls": [], "search-terms": ["JsonData_BrowserResources", "BrowserResources", "IBrowser.h", "JsonData", "JSON.h", "WPEFramework"], "state": 2, "file_id": 1641, "knowledge_revision": 4237, "git_revision": "0f87a35b32215bc8547fb583d6c84bd51f603f69", "ctags": [{"_type": "tag", "name": "BrowserResources", "path": "/home/kavia/workspace/code-generation/app-gateway2/__import__/extracted/app-gateway2-cga-cmf8e7ba8d/dependencies/install/include/WPEFramework/interfaces/json/JsonData_BrowserResources.h", "pattern": "/^    namespace BrowserResources {$/", "language": "C++", "kind": "namespace", "scope": "WPEFramework::JsonData", "scopeKind": "namespace"}, {"_type": "tag", "name": "JsonData", "path": "/home/kavia/workspace/code-generation/app-gateway2/__import__/extracted/app-gateway2-cga-cmf8e7ba8d/dependencies/install/include/WPEFramework/interfaces/json/JsonData_BrowserResources.h", "pattern": "/^namespace JsonData {$/", "language": "C++", "kind": "namespace", "scope": "WPEFramework", "scopeKind": "namespace"}, {"_type": "tag", "name": "WPEFramework", "path": "/home/kavia/workspace/code-generation/app-gateway2/__import__/extracted/app-gateway2-cga-cmf8e7ba8d/dependencies/install/include/WPEFramework/interfaces/json/JsonData_BrowserResources.h", "pattern": "/^namespace WPEFramework {$/", "language": "C++", "kind": "namespace"}], "hash": "b6a4e07e027f816cab2407854006b546", "format-version": 4, "code-base-name": "app-gateway2", "filename": "__import__/extracted/app-gateway2-cga-cmf8e7ba8d/dependencies/install/include/WPEFramework/interfaces/json/JsonData_BrowserResources.h", "revision_history": [{"4237": "0f87a35b32215bc8547fb583d6c84bd51f603f69"}]}