{"is_source_file": true, "format": "C++ header file", "description": "This file defines C++ classes for the Location Sync API JSON-RPC interface, specifically the LocationData class which serializes destination location information such as city, country, region, timezone, and public IP. It is auto-generated from a JSON schema and includes JSON serialization/deserialization logic.", "external_files": ["<core/JSON.h>"], "external_methods": [], "published": ["WPEFramework::JsonData::LocationSync::LocationData"], "classes": [{"name": "LocationData", "description": "A class representing location information (city, country, region, timezone, public IP) serialized/deserialized to/from JSON."}], "methods": [{"name": "LocationData()", "description": "Constructor initializing JSON fields for location data.", "scope": "WPEFramework::JsonData::LocationSync::LocationData", "scopeKind": "class"}, {"name": "IsValid()", "description": "Checks if the location data object is valid (always returns true in this implementation)."}, {"name": "bool IsValid() const", "scope": "WPEFramework::JsonData::LocationSync::LocationData", "scopeKind": "class", "description": "unavailable"}], "calls": [], "search-terms": ["LocationSync", "LocationData", "JsonData", "JSON", "json serialization", "json deserialization", "Auto-generated by JSON schema"], "state": 2, "file_id": 1681, "knowledge_revision": 4276, "git_revision": "0f87a35b32215bc8547fb583d6c84bd51f603f69", "ctags": [{"_type": "tag", "name": "City", "path": "/home/kavia/workspace/code-generation/app-gateway2/__import__/extracted/app-gateway2-cga-cmf8e7ba8d/dependencies/install/include/WPEFramework/interfaces/json/JsonData_LocationSync.h", "pattern": "/^            Core::JSON::String City; \\/\\/ City name$/", "language": "C++", "typeref": "typename:Core::JSON::String", "kind": "member", "scope": "WPEFramework::JsonData::LocationSync::LocationData", "scopeKind": "class"}, {"_type": "tag", "name": "Country", "path": "/home/kavia/workspace/code-generation/app-gateway2/__import__/extracted/app-gateway2-cga-cmf8e7ba8d/dependencies/install/include/WPEFramework/interfaces/json/JsonData_LocationSync.h", "pattern": "/^            Core::JSON::String Country; \\/\\/ Country name$/", "language": "C++", "typeref": "typename:Core::JSON::String", "kind": "member", "scope": "WPEFramework::JsonData::LocationSync::LocationData", "scopeKind": "class"}, {"_type": "tag", "name": "IsValid", "path": "/home/kavia/workspace/code-generation/app-gateway2/__import__/extracted/app-gateway2-cga-cmf8e7ba8d/dependencies/install/include/WPEFramework/interfaces/json/JsonData_LocationSync.h", "pattern": "/^            bool IsValid() const$/", "language": "C++", "typeref": "typename:bool", "kind": "function", "signature": "() const", "scope": "WPEFramework::JsonData::LocationSync::LocationData", "scopeKind": "class"}, {"_type": "tag", "name": "JsonData", "path": "/home/kavia/workspace/code-generation/app-gateway2/__import__/extracted/app-gateway2-cga-cmf8e7ba8d/dependencies/install/include/WPEFramework/interfaces/json/JsonData_LocationSync.h", "pattern": "/^namespace JsonData {$/", "language": "C++", "kind": "namespace", "scope": "WPEFramework", "scopeKind": "namespace"}, {"_type": "tag", "name": "LocationData", "path": "/home/kavia/workspace/code-generation/app-gateway2/__import__/extracted/app-gateway2-cga-cmf8e7ba8d/dependencies/install/include/WPEFramework/interfaces/json/JsonData_LocationSync.h", "pattern": "/^            LocationData()$/", "language": "C++", "kind": "function", "signature": "()", "scope": "WPEFramework::JsonData::LocationSync::LocationData", "scopeKind": "class"}, {"_type": "tag", "name": "LocationData", "path": "/home/kavia/workspace/code-generation/app-gateway2/__import__/extracted/app-gateway2-cga-cmf8e7ba8d/dependencies/install/include/WPEFramework/interfaces/json/JsonData_LocationSync.h", "pattern": "/^        class LocationData : public Core::JSON::Container {$/", "language": "C++", "kind": "class", "scope": "WPEFramework::JsonData::LocationSync", "scopeKind": "namespace"}, {"_type": "tag", "name": "LocationSync", "path": "/home/kavia/workspace/code-generation/app-gateway2/__import__/extracted/app-gateway2-cga-cmf8e7ba8d/dependencies/install/include/WPEFramework/interfaces/json/JsonData_LocationSync.h", "pattern": "/^    namespace LocationSync {$/", "language": "C++", "kind": "namespace", "scope": "WPEFramework::JsonData", "scopeKind": "namespace"}, {"_type": "tag", "name": "Publicip", "path": "/home/kavia/workspace/code-generation/app-gateway2/__import__/extracted/app-gateway2-cga-cmf8e7ba8d/dependencies/install/include/WPEFramework/interfaces/json/JsonData_LocationSync.h", "pattern": "/^            Core::JSON::String Publicip; \\/\\/ Public IP$/", "language": "C++", "typeref": "typename:Core::JSON::String", "kind": "member", "scope": "WPEFramework::JsonData::LocationSync::LocationData", "scopeKind": "class"}, {"_type": "tag", "name": "Region", "path": "/home/kavia/workspace/code-generation/app-gateway2/__import__/extracted/app-gateway2-cga-cmf8e7ba8d/dependencies/install/include/WPEFramework/interfaces/json/JsonData_LocationSync.h", "pattern": "/^            Core::JSON::String Region; \\/\\/ Region name$/", "language": "C++", "typeref": "typename:Core::JSON::String", "kind": "member", "scope": "WPEFramework::JsonData::LocationSync::LocationData", "scopeKind": "class"}, {"_type": "tag", "name": "Timezone", "path": "/home/kavia/workspace/code-generation/app-gateway2/__import__/extracted/app-gateway2-cga-cmf8e7ba8d/dependencies/install/include/WPEFramework/interfaces/json/JsonData_LocationSync.h", "pattern": "/^            Core::JSON::String Timezone; \\/\\/ Time zone information$/", "language": "C++", "typeref": "typename:Core::JSON::String", "kind": "member", "scope": "WPEFramework::JsonData::LocationSync::LocationData", "scopeKind": "class"}, {"_type": "tag", "name": "WPEFramework", "path": "/home/kavia/workspace/code-generation/app-gateway2/__import__/extracted/app-gateway2-cga-cmf8e7ba8d/dependencies/install/include/WPEFramework/interfaces/json/JsonData_LocationSync.h", "pattern": "/^namespace WPEFramework {$/", "language": "C++", "kind": "namespace"}], "hash": "83a43f70db091e337b9174de8f5edeba", "format-version": 4, "code-base-name": "app-gateway2", "filename": "__import__/extracted/app-gateway2-cga-cmf8e7ba8d/dependencies/install/include/WPEFramework/interfaces/json/JsonData_LocationSync.h", "fields": [{"name": "Core::JSON::String City", "scope": "WPEFramework::JsonData::LocationSync::LocationData", "scopeKind": "class", "description": "unavailable"}, {"name": "Core::JSON::String Country", "scope": "WPEFramework::JsonData::LocationSync::LocationData", "scopeKind": "class", "description": "unavailable"}, {"name": "Core::JSON::String Publicip", "scope": "WPEFramework::JsonData::LocationSync::LocationData", "scopeKind": "class", "description": "unavailable"}, {"name": "Core::JSON::String Region", "scope": "WPEFramework::JsonData::LocationSync::LocationData", "scopeKind": "class", "description": "unavailable"}, {"name": "Core::JSON::String Timezone", "scope": "WPEFramework::JsonData::LocationSync::LocationData", "scopeKind": "class", "description": "unavailable"}], "revision_history": [{"4276": "0f87a35b32215bc8547fb583d6c84bd51f603f69"}]}