{"is_source_file": true, "format": "C++ header", "description": "This is a lightweight stub header for registering and unregistering JOttServices with a JSON-RPC framework within the WPEFramework's PluginHost namespace. It provides no-op static methods for managing JSON-RPC method registration for the IOttServices interface.", "external_files": ["PluginHost::JSONRPC"], "external_methods": ["PluginHost::JSONRPC& Register(PluginHost::JSONRPC& parent, IOttServices* api)", "PluginHost::JSONRPC& Unregister(PluginHost::JSONRPC& parent)"], "published": [], "classes": [{"name": "JOttServices", "description": "A static helper struct for registering and unregistering the IOttServices interface with JSON-RPC dispatcher."}], "methods": [{"name": "void Register(PluginHost::JSONRPC &,IOttServices *)", "description": "Registers JSON-RPC methods for IOttServices on the given dispatcher. This is a no-op stub in this implementation.", "scope": "WPEFramework::Exchange::JOttServices", "scopeKind": "struct"}, {"name": "void Unregister(PluginHost::JSONRPC &)", "description": "Unregisters JSON-RPC methods for IOttServices from the dispatcher. This is a no-op stub.", "scope": "WPEFramework::Exchange::JOttServices", "scopeKind": "struct"}], "calls": ["PluginHost::JSONRPC& Register(PluginHost::JSONRPC&, IOttServices*)", "PluginHost::JSONRPC& Unregister(PluginHost::JSONRPC&)"], "search-terms": ["JOttServices", "JSONRPC", "IOttServices", "register", "unregister", "stub", "no-op", "PluginHost"], "state": 2, "file_id": 1240, "knowledge_revision": 3863, "git_revision": "0f87a35b32215bc8547fb583d6c84bd51f603f69", "ctags": [{"_type": "tag", "name": "Exchange", "path": "/home/kavia/workspace/code-generation/app-gateway2/__import__/extracted/app-gateway2-cga-cmf8e7ba8d/app-gateway/interfaces/json/JOttServices.h", "pattern": "/^namespace Exchange {$/", "language": "C++", "kind": "namespace", "scope": "WPEFramework", "scopeKind": "namespace"}, {"_type": "tag", "name": "JOttServices", "path": "/home/kavia/workspace/code-generation/app-gateway2/__import__/extracted/app-gateway2-cga-cmf8e7ba8d/app-gateway/interfaces/json/JOttServices.h", "pattern": "/^    struct JOttServices {$/", "language": "C++", "kind": "struct", "scope": "WPEFramework::Exchange", "scopeKind": "namespace"}, {"_type": "tag", "name": "PluginHost", "path": "/home/kavia/workspace/code-generation/app-gateway2/__import__/extracted/app-gateway2-cga-cmf8e7ba8d/app-gateway/interfaces/json/JOttServices.h", "pattern": "/^namespace PluginHost {$/", "language": "C++", "kind": "namespace", "scope": "WPEFramework", "scopeKind": "namespace"}, {"_type": "tag", "name": "Register", "path": "/home/kavia/workspace/code-generation/app-gateway2/__import__/extracted/app-gateway2-cga-cmf8e7ba8d/app-gateway/interfaces/json/JOttServices.h", "pattern": "/^        static void Register(PluginHost::JSONRPC& \\/*parent*\\/, IOttServices* \\/*api*\\/) {$/", "language": "C++", "typeref": "typename:void", "kind": "function", "signature": "(PluginHost::JSONRPC &,IOttServices *)", "scope": "WPEFramework::Exchange::JOttServices", "scopeKind": "struct"}, {"_type": "tag", "name": "Unregister", "path": "/home/kavia/workspace/code-generation/app-gateway2/__import__/extracted/app-gateway2-cga-cmf8e7ba8d/app-gateway/interfaces/json/JOttServices.h", "pattern": "/^        static void Unregister(PluginHost::JSONRPC& \\/*parent*\\/) {$/", "language": "C++", "typeref": "typename:void", "kind": "function", "signature": "(PluginHost::JSONRPC &)", "scope": "WPEFramework::Exchange::JOttServices", "scopeKind": "struct"}, {"_type": "tag", "name": "WPEFramework", "path": "/home/kavia/workspace/code-generation/app-gateway2/__import__/extracted/app-gateway2-cga-cmf8e7ba8d/app-gateway/interfaces/json/JOttServices.h", "pattern": "/^namespace WPEFramework {$/", "language": "C++", "kind": "namespace"}], "hash": "54e38b3cff50b687abbaf1e64336e109", "format-version": 4, "code-base-name": "app-gateway2", "filename": "__import__/extracted/app-gateway2-cga-cmf8e7ba8d/app-gateway/interfaces/json/JOttServices.h", "revision_history": [{"3863": "0f87a35b32215bc8547fb583d6c84bd51f603f69"}]}