{"is_source_file": true, "format": "C++ header", "description": "This file defines interfaces related to Bluetooth audio sink functionality within the WPEFramework. It includes enumerations, structs, and callback interfaces for managing Bluetooth audio connections, formats, and properties.", "external_files": ["Module.h", "com/IIteratorType.h"], "external_methods": [], "published": ["IBluetoothAudioSink", "IBluetoothAudioSink::IControl", "IBluetoothAudioSink::ICallback"], "classes": [{"name": "IBluetoothAudioSink", "description": "Interface for managing Bluetooth audio sink functionalities such as connection, configuration, and streaming."}, {"name": "IBluetoothAudioSink::IControl", "description": "Interface for controlling audio stream properties like acquire, release, speed, and timing."}, {"name": "IBluetoothAudioSink::ICallback", "description": "Callback interface for receiving notifications about sink state changes or property updates."}], "methods": [{"name": "Acquire", "description": "Acquires the device and configures the streaming session."}, {"name": "Relinquish", "description": "Releases the device and closes the streaming session."}, {"name": "Speed", "description": "Sets the stream playback speed."}, {"name": "Time", "description": "Gets current playback time."}, {"name": "Delay", "description": "Gets current audio delay."}, {"name": "Callback", "description": "Registers the state update callback."}, {"name": "Assign", "description": "Assigns a Bluetooth device for audio playback."}, {"name": "Revoke", "description": "Revokes a Bluetooth device from audio playback."}, {"name": "Latency", "description": "Gets or sets the sink audio latency."}, {"name": "State", "description": "Retrieves the current state of the sink."}, {"name": "Type", "description": "Gets the sink type."}, {"name": "SupportedCodecs", "description": "Retrieves supported audio codecs."}, {"name": "SupportedDRMs", "description": "Retrieves supported DRM schemes."}, {"name": "Codec", "description": "Gets properties of the currently used codec."}, {"name": "DRM", "description": "Gets properties of the current DRM scheme."}, {"name": "Stream", "description": "Gets properties of the current output stream."}], "calls": ["Acquire", "Relinquish", "Speed", "Time", "Delay", "Callback", "Assign", "Revoke", "Latency", "State", "Type", "SupportedCodecs", "SupportedDRMs", "Codec", "DRM", "Stream"], "search-terms": ["IBluetoothAudioSink", "Bluetooth sink", "Audio formats", "Stream properties", "Device connection", "Content protection"], "state": 2, "file_id": 1529, "knowledge_revision": 4128, "git_revision": "0f87a35b32215bc8547fb583d6c84bd51f603f69", "ctags": [{"_type": "tag", "name": "AMPLIFIER", "path": "/home/kavia/workspace/code-generation/app-gateway2/__import__/extracted/app-gateway2-cga-cmf8e7ba8d/dependencies/install/include/WPEFramework/interfaces/IBluetoothAudio.h", "pattern": "/^            AMPLIFIER$/", "language": "C++", "kind": "enumerator", "scope": "WPEFramework::Exchange::IBluetoothAudioSink::devicetype", "scopeKind": "enum"}, {"_type": "tag", "name": "BitRate", "path": "/home/kavia/workspace/code-generation/app-gateway2/__import__/extracted/app-gateway2-cga-cmf8e7ba8d/dependencies/install/include/WPEFramework/interfaces/IBluetoothAudio.h", "pattern": "/^            uint32_t BitRate        \\/* @brief Target bitrate in bits per second (eg. 320000) *\\//", "language": "C++", "typeref": "typename:uint32_t", "kind": "member", "scope": "WPEFramework::Exchange::IBluetoothAudioSink::StreamProperties", "scopeKind": "struct"}, {"_type": "tag", "name": "CONNECTED", "path": "/home/kavia/workspace/code-generation/app-gateway2/__import__/extracted/app-gateway2-cga-cmf8e7ba8d/dependencies/install/include/WPEFramework/interfaces/IBluetoothAudio.h", "pattern": "/^            CONNECTED,              \\/\\/ Audio sink connected, but not yet configured$/", "language": "C++", "kind": "enumerator", "scope": "WPEFramework::Exchange::IBluetoothAudioSink::state", "scopeKind": "enum"}, {"_type": "tag", "name": "CONNECTED_BAD_DEVICE", "path": "/home/kavia/workspace/code-generation/app-gateway2/__import__/extracted/app-gateway2-cga-cmf8e7ba8d/dependencies/install/include/WPEFramework/interfaces/IBluetoothAudio.h", "pattern": "/^            CONNECTED_BAD_DEVICE,   \\/\\/ The assigned Bluetooth device connected, but is not an /", "language": "C++", "kind": "enumerator", "scope": "WPEFramework::Exchange::IBluetoothAudioSink::state", "scopeKind": "enum"}, {"_type": "tag", "name": "CONNECTED_RESTRICTED", "path": "/home/kavia/workspace/code-generation/app-gateway2/__import__/extracted/app-gateway2-cga-cmf8e7ba8d/dependencies/install/include/WPEFramework/interfaces/IBluetoothAudio.h", "pattern": "/^            CONNECTED_RESTRICTED,   \\/\\/ Audio sink connected, but content protection criteria a/", "language": "C++", "kind": "enumerator", "scope": "WPEFramework::Exchange::IBluetoothAudioSink::state", "scopeKind": "enum"}, {"_type": "tag", "name": "Channels", "path": "/home/kavia/workspace/code-generation/app-gateway2/__import__/extracted/app-gateway2-cga-cmf8e7ba8d/dependencies/install/include/WPEFramework/interfaces/IBluetoothAudio.h", "pattern": "/^                uint8_t Channels        \\/* @brief Number of audio channels in the source stream/", "language": "C++", "typeref": "typename:uint8_t", "kind": "member", "scope": "WPEFramework::Exchange::IBluetoothAudioSink::IControl::Format", "scopeKind": "struct"}, {"_type": "tag", "name": "Channels", "path": "/home/kavia/workspace/code-generation/app-gateway2/__import__/extracted/app-gateway2-cga-cmf8e7ba8d/dependencies/install/include/WPEFramework/interfaces/IBluetoothAudio.h", "pattern": "/^            uint8_t Channels        \\/* @brief Number of audio channels (e.g. 2) *\\/ ;$/", "language": "C++", "typeref": "typename:uint8_t", "kind": "member", "scope": "WPEFramework::Exchange::IBluetoothAudioSink::StreamProperties", "scopeKind": "struct"}, {"_type": "tag", "name": "Codec", "path": "/home/kavia/workspace/code-generation/app-gateway2/__import__/extracted/app-gateway2-cga-cmf8e7ba8d/dependencies/install/include/WPEFramework/interfaces/IBluetoothAudio.h", "pattern": "/^            audiocodec Codec        \\/* @brief Audio codec used *\\/ ;$/", "language": "C++", "typeref": "typename:audiocodec", "kind": "member", "scope": "WPEFramework::Exchange::IBluetoothAudioSink::CodecProperties", "scopeKind": "struct"}, {"_type": "tag", "name": "CodecProperties", "path": "/home/kavia/workspace/code-generation/app-gateway2/__import__/extracted/app-gateway2-cga-cmf8e7ba8d/dependencies/install/include/WPEFramework/interfaces/IBluetoothAudio.h", "pattern": "/^        struct CodecProperties {$/", "language": "C++", "kind": "struct", "scope": "WPEFramework::Exchange::IBluetoothAudioSink", "scopeKind": "struct"}, {"_type": "tag", "name": "DISCONNECTED", "path": "/home/kavia/workspace/code-generation/app-gateway2/__import__/extracted/app-gateway2-cga-cmf8e7ba8d/dependencies/install/include/WPEFramework/interfaces/IBluetoothAudio.h", "pattern": "/^            DISCONNECTED,           \\/\\/ Sink device assigned but not connected$/", "language": "C++", "kind": "enumerator", "scope": "WPEFramework::Exchange::IBluetoothAudioSink::state", "scopeKind": "enum"}, {"_type": "tag", "name": "DRM", "path": "/home/kavia/workspace/code-generation/app-gateway2/__import__/extracted/app-gateway2-cga-cmf8e7ba8d/dependencies/install/include/WPEFramework/interfaces/IBluetoothAudio.h", "pattern": "/^            drmscheme DRM           \\/* @brief Content protection scheme used *\\/ ;$/", "language": "C++", "typeref": "typename:drmscheme", "kind": "member", "scope": "WPEFramework::Exchange::IBluetoothAudioSink::DRMProperties", "scopeKind": "struct"}, {"_type": "tag", "name": "DRMProperties", "path": "/home/kavia/workspace/code-generation/app-gateway2/__import__/extracted/app-gateway2-cga-cmf8e7ba8d/dependencies/install/include/WPEFramework/interfaces/IBluetoothAudio.h", "pattern": "/^        struct DRMProperties {$/", "language": "C++", "kind": "struct", "scope": "WPEFramework::Exchange::IBluetoothAudioSink", "scopeKind": "struct"}, {"_type": "tag", "name": "DTCP", "path": "/home/kavia/workspace/code-generation/app-gateway2/__import__/extracted/app-gateway2-cga-cmf8e7ba8d/dependencies/install/include/WPEFramework/interfaces/IBluetoothAudio.h", "pattern": "/^            DTCP   \\/* @text DTCP *\\/,$/", "language": "C++", "kind": "enumerator", "scope": "WPEFramework::Exchange::IBluetoothAudioSink::drmscheme", "scopeKind": "enum"}, {"_type": "tag", "name": "Exchange", "path": "/home/kavia/workspace/code-generation/app-gateway2/__import__/extracted/app-gateway2-cga-cmf8e7ba8d/dependencies/install/include/WPEFramework/interfaces/IBluetoothAudio.h", "pattern": "/^namespace Exchange {$/", "language": "C++", "kind": "namespace", "scope": "WPEFramework", "scopeKind": "namespace"}, {"_type": "tag", "name": "Format", "path": "/home/kavia/workspace/code-generation/app-gateway2/__import__/extracted/app-gateway2-cga-cmf8e7ba8d/dependencies/install/include/WPEFramework/interfaces/IBluetoothAudio.h", "pattern": "/^            struct Format {$/", "language": "C++", "kind": "struct", "scope": "WPEFramework::Exchange::IBluetoothAudioSink::IControl", "scopeKind": "struct"}, {"_type": "tag", "name": "FrameRate", "path": "/home/kavia/workspace/code-generation/app-gateway2/__import__/extracted/app-gateway2-cga-cmf8e7ba8d/dependencies/install/include/WPEFramework/interfaces/IBluetoothAudio.h", "pattern": "/^                uint16_t FrameRate      \\/* @brief Source frame rate in cHz (e.g. 2400) *\\/ ;$/", "language": "C++", "typeref": "typename:uint16_t", "kind": "member", "scope": "WPEFramework::Exchange::IBluetoothAudioSink::IControl::Format", "scopeKind": "struct"}, {"_type": "tag", "name": "HEADPHONE", "path": "/home/kavia/workspace/code-generation/app-gateway2/__import__/extracted/app-gateway2-cga-cmf8e7ba8d/dependencies/install/include/WPEFramework/interfaces/IBluetoothAudio.h", "pattern": "/^            HEADPHONE,$/", "language": "C++", "kind": "enumerator", "scope": "WPEFramework::Exchange::IBluetoothAudioSink::devicetype", "scopeKind": "enum"}, {"_type": "tag", "name": "IAudioCodecIterator", "path": "/home/kavia/workspace/code-generation/app-gateway2/__import__/extracted/app-gateway2-cga-cmf8e7ba8d/dependencies/install/include/WPEFramework/interfaces/IBluetoothAudio.h", "pattern": "/^        using IAudioCodecIterator = RPC::IIteratorType<audiocodec, ID_BLUETOOTHAUDIOSINK_AUDIOCO/", "language": "C++", "typeref": "typename:RPC::IIteratorType<audiocodec,ID_BLUETOOTHAUDIOSINK_AUDIOCODECITERATOR>", "kind": "typedef", "scope": "WPEFramework::Exchange::IBluetoothAudioSink", "scopeKind": "struct"}, {"_type": "tag", "name": "IBluetoothAudioSink", "path": "/home/kavia/workspace/code-generation/app-gateway2/__import__/extracted/app-gateway2-cga-cmf8e7ba8d/dependencies/install/include/WPEFramework/interfaces/IBluetoothAudio.h", "pattern": "/^    struct EXTERNAL IBluetoothAudioSink : virtual public Core::IUnknown {$/", "language": "C++", "kind": "struct", "scope": "WPEFramework::Exchange", "scopeKind": "namespace"}, {"_type": "tag", "name": "ICallback", "path": "/home/kavia/workspace/code-generation/app-gateway2/__import__/extracted/app-gateway2-cga-cmf8e7ba8d/dependencies/install/include/WPEFramework/interfaces/IBluetoothAudio.h", "pattern": "/^        struct ICallback : virtual public Core::IUnknown {$/", "language": "C++", "kind": "struct", "scope": "WPEFramework::Exchange::IBluetoothAudioSink", "scopeKind": "struct"}, {"_type": "tag", "name": "IControl", "path": "/home/kavia/workspace/code-generation/app-gateway2/__import__/extracted/app-gateway2-cga-cmf8e7ba8d/dependencies/install/include/WPEFramework/interfaces/IBluetoothAudio.h", "pattern": "/^        struct EXTERNAL IControl : virtual public Core::IUnknown {$/", "language": "C++", "kind": "struct", "scope": "WPEFramework::Exchange::IBluetoothAudioSink", "scopeKind": "struct"}, {"_type": "tag", "name": "ID", "path": "/home/kavia/workspace/code-generation/app-gateway2/__import__/extracted/app-gateway2-cga-cmf8e7ba8d/dependencies/install/include/WPEFramework/interfaces/IBluetoothAudio.h", "pattern": "/^            enum { ID = ID_BLUETOOTHAUDIOSINK_CALLBACK };$/", "language": "C++", "kind": "enumerator", "scope": "WPEFramework::Exchange::IBluetoothAudioSink::ICallback::__anond36441430303", "scopeKind": "enum"}, {"_type": "tag", "name": "ID", "path": "/home/kavia/workspace/code-generation/app-gateway2/__import__/extracted/app-gateway2-cga-cmf8e7ba8d/dependencies/install/include/WPEFramework/interfaces/IBluetoothAudio.h", "pattern": "/^            enum { ID = ID_BLUETOOTHAUDIOSINK_CONTROL };$/", "language": "C++", "kind": "enumerator", "scope": "WPEFramework::Exchange::IBluetoothAudioSink::IControl::__anond36441430203", "scopeKind": "enum"}, {"_type": "tag", "name": "ID", "path": "/home/kavia/workspace/code-generation/app-gateway2/__import__/extracted/app-gateway2-cga-cmf8e7ba8d/dependencies/install/include/WPEFramework/interfaces/IBluetoothAudio.h", "pattern": "/^        enum { ID = ID_BLUETOOTHAUDIOSINK };$/", "language": "C++", "kind": "enumerator", "scope": "WPEFramework::Exchange::IBluetoothAudioSink::__anond36441430103", "scopeKind": "enum"}, {"_type": "tag", "name": "IDRMSchemeIterator", "path": "/home/kavia/workspace/code-generation/app-gateway2/__import__/extracted/app-gateway2-cga-cmf8e7ba8d/dependencies/install/include/WPEFramework/interfaces/IBluetoothAudio.h", "pattern": "/^        using IDRMSchemeIterator = RPC::IIteratorType<drmscheme, ID_BLUETOOTHAUDIOSINK_DRMSCHEME/", "language": "C++", "typeref": "typename:RPC::IIteratorType<drmscheme,ID_BLUETOOTHAUDIOSINK_DRMSCHEMEITERATOR>", "kind": "typedef", "scope": "WPEFramework::Exchange::IBluetoothAudioSink", "scopeKind": "struct"}, {"_type": "tag", "name": "IsResampling", "path": "/home/kavia/workspace/code-generation/app-gateway2/__import__/extracted/app-gateway2-cga-cmf8e7ba8d/dependencies/install/include/WPEFramework/interfaces/IBluetoothAudio.h", "pattern": "/^            bool IsResampling       \\/* @brief Indicates if the sink is resampling the input str/", "language": "C++", "typeref": "typename:bool", "kind": "member", "scope": "WPEFramework::Exchange::IBluetoothAudioSink::StreamProperties", "scopeKind": "struct"}, {"_type": "tag", "name": "LC_SBC", "path": "/home/kavia/workspace/code-generation/app-gateway2/__import__/extracted/app-gateway2-cga-cmf8e7ba8d/dependencies/install/include/WPEFramework/interfaces/IBluetoothAudio.h", "pattern": "/^            LC_SBC \\/* @text LC-SBC *\\/$/", "language": "C++", "kind": "enumerator", "scope": "WPEFramework::Exchange::IBluetoothAudioSink::audiocodec", "scopeKind": "enum"}, {"_type": "tag", "name": "NONE", "path": "/home/kavia/workspace/code-generation/app-gateway2/__import__/extracted/app-gateway2-cga-cmf8e7ba8d/dependencies/install/include/WPEFramework/interfaces/IBluetoothAudio.h", "pattern": "/^            NONE,$/", "language": "C++", "kind": "enumerator", "scope": "WPEFramework::Exchange::IBluetoothAudioSink::drmscheme", "scopeKind": "enum"}, {"_type": "tag", "name": "READY", "path": "/home/kavia/workspace/code-generation/app-gateway2/__import__/extracted/app-gateway2-cga-cmf8e7ba8d/dependencies/install/include/WPEFramework/interfaces/IBluetoothAudio.h", "pattern": "/^            READY,                  \\/\\/ Sink ready for streaming$/", "language": "C++", "kind": "enumerator", "scope": "WPEFramework::Exchange::IBluetoothAudioSink::state", "scopeKind": "enum"}, {"_type": "tag", "name": "RECORDER", "path": "/home/kavia/workspace/code-generation/app-gateway2/__import__/extracted/app-gateway2-cga-cmf8e7ba8d/dependencies/install/include/WPEFramework/interfaces/IBluetoothAudio.h", "pattern": "/^            RECORDER,$/", "language": "C++", "kind": "enumerator", "scope": "WPEFramework::Exchange::IBluetoothAudioSink::devicetype", "scopeKind": "enum"}, {"_type": "tag", "name": "Resolution", "path": "/home/kavia/workspace/code-generation/app-gateway2/__import__/extracted/app-gateway2-cga-cmf8e7ba8d/dependencies/install/include/WPEFramework/interfaces/IBluetoothAudio.h", "pattern": "/^                uint8_t Resolution      \\/* @brief Sampling resolution in bits per sample (e.g. /", "language": "C++", "typeref": "typename:uint8_t", "kind": "member", "scope": "WPEFramework::Exchange::IBluetoothAudioSink::IControl::Format", "scopeKind": "struct"}, {"_type": "tag", "name": "Resolution", "path": "/home/kavia/workspace/code-generation/app-gateway2/__import__/extracted/app-gateway2-cga-cmf8e7ba8d/dependencies/install/include/WPEFramework/interfaces/IBluetoothAudio.h", "pattern": "/^            uint8_t Resolution      \\/* @brief Sampling resolution in bits per sample (e.g. 16) /", "language": "C++", "typeref": "typename:uint8_t", "kind": "member", "scope": "WPEFramework::Exchange::IBluetoothAudioSink::StreamProperties", "scopeKind": "struct"}, {"_type": "tag", "name": "SCMS_T", "path": "/home/kavia/workspace/code-generation/app-gateway2/__import__/extracted/app-gateway2-cga-cmf8e7ba8d/dependencies/install/include/WPEFramework/interfaces/IBluetoothAudio.h", "pattern": "/^            SCMS_T \\/* @text SCMS-T *\\/$/", "language": "C++", "kind": "enumerator", "scope": "WPEFramework::Exchange::IBluetoothAudioSink::drmscheme", "scopeKind": "enum"}, {"_type": "tag", "name": "SPEAKER", "path": "/home/kavia/workspace/code-generation/app-gateway2/__import__/extracted/app-gateway2-cga-cmf8e7ba8d/dependencies/install/include/WPEFramework/interfaces/IBluetoothAudio.h", "pattern": "/^            SPEAKER,$/", "language": "C++", "kind": "enumerator", "scope": "WPEFramework::Exchange::IBluetoothAudioSink::devicetype", "scopeKind": "enum"}, {"_type": "tag", "name": "STREAMING", "path": "/home/kavia/workspace/code-generation/app-gateway2/__import__/extracted/app-gateway2-cga-cmf8e7ba8d/dependencies/install/include/WPEFramework/interfaces/IBluetoothAudio.h", "pattern": "/^            STREAMING               \\/\\/ Audio is streaming$/", "language": "C++", "kind": "enumerator", "scope": "WPEFramework::Exchange::IBluetoothAudioSink::state", "scopeKind": "enum"}, {"_type": "tag", "name": "SampleRate", "path": "/home/kavia/workspace/code-generation/app-gateway2/__import__/extracted/app-gateway2-cga-cmf8e7ba8d/dependencies/install/include/WPEFramework/interfaces/IBluetoothAudio.h", "pattern": "/^                uint32_t SampleRate     \\/* @brief Source sample rate in Hz (e.g. 44100)*\\/ ;$/", "language": "C++", "typeref": "typename:uint32_t", "kind": "member", "scope": "WPEFramework::Exchange::IBluetoothAudioSink::IControl::Format", "scopeKind": "struct"}, {"_type": "tag", "name": "SampleRate", "path": "/home/kavia/workspace/code-generation/app-gateway2/__import__/extracted/app-gateway2-cga-cmf8e7ba8d/dependencies/install/include/WPEFramework/interfaces/IBluetoothAudio.h", "pattern": "/^            uint32_t SampleRate     \\/* @brief Sample rate in Hz (e.g. 44100) *\\/ ;$/", "language": "C++", "typeref": "typename:uint32_t", "kind": "member", "scope": "WPEFramework::Exchange::IBluetoothAudioSink::StreamProperties", "scopeKind": "struct"}, {"_type": "tag", "name": "Settings", "path": "/home/kavia/workspace/code-generation/app-gateway2/__import__/extracted/app-gateway2-cga-cmf8e7ba8d/dependencies/install/include/WPEFramework/interfaces/IBluetoothAudio.h", "pattern": "/^            string Settings         \\/* @brief Codec-specific audio quality preset, compression /", "language": "C++", "typeref": "typename:string", "kind": "member", "scope": "WPEFramework::Exchange::IBluetoothAudioSink::CodecProperties", "scopeKind": "struct"}, {"_type": "tag", "name": "Settings", "path": "/home/kavia/workspace/code-generation/app-gateway2/__import__/extracted/app-gateway2-cga-cmf8e7ba8d/dependencies/install/include/WPEFramework/interfaces/IBluetoothAudio.h", "pattern": "/^            string Settings         \\/* @brief DRM-specific content protection level, encoding r/", "language": "C++", "typeref": "typename:string", "kind": "member", "scope": "WPEFramework::Exchange::IBluetoothAudioSink::DRMProperties", "scopeKind": "struct"}, {"_type": "tag", "name": "StreamProperties", "path": "/home/kavia/workspace/code-generation/app-gateway2/__import__/extracted/app-gateway2-cga-cmf8e7ba8d/dependencies/install/include/WPEFramework/interfaces/IBluetoothAudio.h", "pattern": "/^        struct StreamProperties {$/", "language": "C++", "kind": "struct", "scope": "WPEFramework::Exchange::IBluetoothAudioSink", "scopeKind": "struct"}, {"_type": "tag", "name": "UNASSIGNED", "path": "/home/kavia/workspace/code-generation/app-gateway2/__import__/extracted/app-gateway2-cga-cmf8e7ba8d/dependencies/install/include/WPEFramework/interfaces/IBluetoothAudio.h", "pattern": "/^            UNASSIGNED,             \\/\\/ No Bluetooth device assigned for audio playback$/", "language": "C++", "kind": "enumerator", "scope": "WPEFramework::Exchange::IBluetoothAudioSink::state", "scopeKind": "enum"}, {"_type": "tag", "name": "UNKNOWN", "path": "/home/kavia/workspace/code-generation/app-gateway2/__import__/extracted/app-gateway2-cga-cmf8e7ba8d/dependencies/install/include/WPEFramework/interfaces/IBluetoothAudio.h", "pattern": "/^            UNKNOWN,$/", "language": "C++", "kind": "enumerator", "scope": "WPEFramework::Exchange::IBluetoothAudioSink::devicetype", "scopeKind": "enum"}, {"_type": "tag", "name": "WPEFramework", "path": "/home/kavia/workspace/code-generation/app-gateway2/__import__/extracted/app-gateway2-cga-cmf8e7ba8d/dependencies/install/include/WPEFramework/interfaces/IBluetoothAudio.h", "pattern": "/^namespace WPEFramework {$/", "language": "C++", "kind": "namespace"}, {"_type": "tag", "name": "__anond36441430103", "path": "/home/kavia/workspace/code-generation/app-gateway2/__import__/extracted/app-gateway2-cga-cmf8e7ba8d/dependencies/install/include/WPEFramework/interfaces/IBluetoothAudio.h", "pattern": "/^        enum { ID = ID_BLUETOOTHAUDIOSINK };$/", "language": "C++", "kind": "enum", "scope": "WPEFramework::Exchange::IBluetoothAudioSink", "scopeKind": "struct"}, {"_type": "tag", "name": "__anond36441430203", "path": "/home/kavia/workspace/code-generation/app-gateway2/__import__/extracted/app-gateway2-cga-cmf8e7ba8d/dependencies/install/include/WPEFramework/interfaces/IBluetoothAudio.h", "pattern": "/^            enum { ID = ID_BLUETOOTHAUDIOSINK_CONTROL };$/", "language": "C++", "kind": "enum", "scope": "WPEFramework::Exchange::IBluetoothAudioSink::IControl", "scopeKind": "struct"}, {"_type": "tag", "name": "__anond36441430303", "path": "/home/kavia/workspace/code-generation/app-gateway2/__import__/extracted/app-gateway2-cga-cmf8e7ba8d/dependencies/install/include/WPEFramework/interfaces/IBluetoothAudio.h", "pattern": "/^            enum { ID = ID_BLUETOOTHAUDIOSINK_CALLBACK };$/", "language": "C++", "kind": "enum", "scope": "WPEFramework::Exchange::IBluetoothAudioSink::ICallback", "scopeKind": "struct"}, {"_type": "tag", "name": "audiocodec", "path": "/home/kavia/workspace/code-generation/app-gateway2/__import__/extracted/app-gateway2-cga-cmf8e7ba8d/dependencies/install/include/WPEFramework/interfaces/IBluetoothAudio.h", "pattern": "/^        enum audiocodec : uint8_t {$/", "language": "C++", "typeref": "typename:uint8_t", "kind": "enum", "scope": "WPEFramework::Exchange::IBluetoothAudioSink", "scopeKind": "struct"}, {"_type": "tag", "name": "devicetype", "path": "/home/kavia/workspace/code-generation/app-gateway2/__import__/extracted/app-gateway2-cga-cmf8e7ba8d/dependencies/install/include/WPEFramework/interfaces/IBluetoothAudio.h", "pattern": "/^        enum devicetype : uint8_t {$/", "language": "C++", "typeref": "typename:uint8_t", "kind": "enum", "scope": "WPEFramework::Exchange::IBluetoothAudioSink", "scopeKind": "struct"}, {"_type": "tag", "name": "drmscheme", "path": "/home/kavia/workspace/code-generation/app-gateway2/__import__/extracted/app-gateway2-cga-cmf8e7ba8d/dependencies/install/include/WPEFramework/interfaces/IBluetoothAudio.h", "pattern": "/^        enum drmscheme : uint8_t {$/", "language": "C++", "typeref": "typename:uint8_t", "kind": "enum", "scope": "WPEFramework::Exchange::IBluetoothAudioSink", "scopeKind": "struct"}, {"_type": "tag", "name": "state", "path": "/home/kavia/workspace/code-generation/app-gateway2/__import__/extracted/app-gateway2-cga-cmf8e7ba8d/dependencies/install/include/WPEFramework/interfaces/IBluetoothAudio.h", "pattern": "/^        enum state : uint8_t {$/", "language": "C++", "typeref": "typename:uint8_t", "kind": "enum", "scope": "WPEFramework::Exchange::IBluetoothAudioSink", "scopeKind": "struct"}], "hash": "c79f9779b177b0ac58314f67c50ba293", "format-version": 4, "code-base-name": "app-gateway2", "filename": "__import__/extracted/app-gateway2-cga-cmf8e7ba8d/dependencies/install/include/WPEFramework/interfaces/IBluetoothAudio.h", "fields": [{"name": "uint32_t BitRate", "scope": "WPEFramework::Exchange::IBluetoothAudioSink::StreamProperties", "scopeKind": "struct", "description": "unavailable"}, {"name": "uint8_t Channels", "scope": "WPEFramework::Exchange::IBluetoothAudioSink::IControl::Format", "scopeKind": "struct", "description": "unavailable"}, {"name": "audiocodec Codec", "scope": "WPEFramework::Exchange::IBluetoothAudioSink::CodecProperties", "scopeKind": "struct", "description": "unavailable"}, {"name": "drmscheme DRM", "scope": "WPEFramework::Exchange::IBluetoothAudioSink::DRMProperties", "scopeKind": "struct", "description": "unavailable"}, {"name": "uint16_t FrameRate", "scope": "WPEFramework::Exchange::IBluetoothAudioSink::IControl::Format", "scopeKind": "struct", "description": "unavailable"}, {"name": "bool IsResampling", "scope": "WPEFramework::Exchange::IBluetoothAudioSink::StreamProperties", "scopeKind": "struct", "description": "unavailable"}, {"name": "uint8_t Resolution", "scope": "WPEFramework::Exchange::IBluetoothAudioSink::IControl::Format", "scopeKind": "struct", "description": "unavailable"}, {"name": "uint32_t SampleRate", "scope": "WPEFramework::Exchange::IBluetoothAudioSink::IControl::Format", "scopeKind": "struct", "description": "unavailable"}, {"name": "string Settings", "scope": "WPEFramework::Exchange::IBluetoothAudioSink::CodecProperties", "scopeKind": "struct", "description": "unavailable"}], "revision_history": [{"4128": "0f87a35b32215bc8547fb583d6c84bd51f603f69"}]}