{"is_source_file": true, "format": "C++ header file", "description": "This source file defines the interface and implementation of a resource monitoring system within the WPEFramework core namespace. It includes classes and templates for monitoring resources using Linux, Windows, and Apple-specific mechanisms, managing resource registration, event handling, and threading for resource monitoring.", "external_files": ["Module.h", "Portability.h", "Singleton.h", "Thread.h", "Trace.h", "Timer.h"], "external_methods": ["Core::Thread::Init", "Core::Thread::Run", "Core::Thread::Stop", "Core::Thread::Wait", "Core::Thread::Block", "Core::Thread::Initialize", "sigemptyset", "sigaddset", "pthread_sigmask", "signalfd", "readlink", "WSACreateEvent", "WSACloseEvent", "WSASetEvent", "WSAResetEvent", "WSAEnumNetworkEvents", "WaitForSingleObject", "poll", "read"], "published": ["IResource", "ResourceMonitor"], "classes": [{"name": "IResource", "description": "An interface for resources, providing methods to get descriptor handles, event interest, and handle events."}, {"name": "ResourceMonitorType", "description": "A template class that monitors resources, manages resource registration, event dispatching, and threading, supporting Linux, Windows, and Apple platforms."}, {"name": "ResourceMonitor", "description": "A singleton wrapper around ResourceMonitorType for global access."}], "methods": [{"name": "const TCHAR * Name() const", "description": "Returns the name of the resource monitor.", "scope": "WPEFramework::Core::ResourceMonitorType", "scopeKind": "class"}, {"name": "uint32_t Runs() const", "description": "Returns the number of times the monitor loop has run.", "scope": "WPEFramework::Core::ResourceMonitorType", "scopeKind": "class"}, {"name": "::ThreadId Id() const", "description": "Returns the thread ID of the monitor thread.", "scope": "WPEFramework::Core::ResourceMonitorType", "scopeKind": "class"}, {"name": "uint32_t Count() const", "description": "Returns the number of registered resources.", "scope": "WPEFramework::Core::ResourceMonitorType", "scopeKind": "class"}, {"name": "bool Info(const uint32_t position,Metadata & info) const", "description": "Retrieves metadata about a resource at a specified position.", "scope": "WPEFramework::Core::ResourceMonitorType", "scopeKind": "class"}, {"name": "void Register(RESOURCE & resource)", "description": "Registers a resource for monitoring.", "scope": "WPEFramework::Core::ResourceMonitorType", "scopeKind": "class"}, {"name": "void Unregister(RESOURCE & resource)", "description": "Unregisters a resource from monitoring.", "scope": "WPEFramework::Core::ResourceMonitorType", "scopeKind": "class"}, {"name": "void Break()", "description": "Signals the monitor thread to wake up or process the resources.", "scope": "WPEFramework::Core::ResourceMonitorType", "scopeKind": "class"}, {"name": "uint32_t Initialize()", "description": "Initializes the platform-specific monitoring mechanisms (Linux-specific).", "scope": "WPEFramework::Core::ResourceMonitorType", "scopeKind": "class"}, {"name": "uint32_t Worker()", "description": "Main loop of the monitor thread, platform-specific for Linux, Windows, and Apple.", "scope": "WPEFramework::Core::ResourceMonitorType", "scopeKind": "class"}, {"name": "Core::TypeTraits::enable_if<!hasArm<TYPE,void>::value,void>::type Arm()", "scope": "WPEFramework::Core::ResourceMonitorType", "scopeKind": "class", "description": "unavailable"}, {"name": "Core::TypeTraits::enable_if<hasArm<TYPE,void>::value,void>::type Arm()", "scope": "WPEFramework::Core::ResourceMonitorType", "scopeKind": "class", "description": "unavailable"}, {"name": "uint32_t Expired()", "scope": "WPEFramework::Core::ResourceMonitorHandler", "scopeKind": "class", "description": "unavailable"}, {"name": "MonitorWorker(Parent & parent)", "scope": "WPEFramework::Core::ResourceMonitorType::MonitorWorker", "scopeKind": "class", "description": "unavailable"}, {"name": "Core::TypeTraits::enable_if<!hasReset<TYPE,void>::value,void>::type Reset()", "scope": "WPEFramework::Core::ResourceMonitorType", "scopeKind": "class", "description": "unavailable"}, {"name": "Core::TypeTraits::enable_if<hasReset<TYPE,void>::value,void>::type Reset()", "scope": "WPEFramework::Core::ResourceMonitorType", "scopeKind": "class", "description": "unavailable"}, {"name": "ResourceMonitor()", "scope": "WPEFramework::Core::ResourceMonitor", "scopeKind": "class", "description": "unavailable"}, {"name": "ResourceMonitorHandler()", "scope": "WPEFramework::Core::ResourceMonitorHandler", "scopeKind": "class", "description": "unavailable"}, {"name": "ResourceMonitorType()", "scope": "WPEFramework::Core::ResourceMonitorType", "scopeKind": "class", "description": "unavailable"}, {"name": "~MonitorWorker()", "scope": "WPEFramework::Core::ResourceMonitorType::MonitorWorker", "scopeKind": "class", "description": "unavailable"}, {"name": "~ResourceMonitor()", "scope": "WPEFramework::Core::ResourceMonitor", "scopeKind": "class", "description": "unavailable"}, {"name": "~ResourceMonitorHandler()", "scope": "WPEFramework::Core::ResourceMonitorHandler", "scopeKind": "class", "description": "unavailable"}, {"name": "~ResourceMonitorType()", "scope": "WPEFramework::Core::ResourceMonitorType", "scopeKind": "class", "description": "unavailable"}], "calls": ["Core::Thread::Init", "Core::Thread::Run", "Core::Thread::Stop", "Core::Thread::Wait", "Core::Thread::Block", "WSACreateEvent", "WSACloseEvent", "WSASetEvent", "WSAResetEvent", "WSAEnumNetworkEvents", "wait", "poll", "read", "sigemptyset", "sigaddset", "pthread_sigmask", "signalfd", "readlink"], "search-terms": ["ResourceMonitor", "IResource", "Thread", "pollfd", "signal", "WindowsEvent", "PlatformSpecificResource"], "state": 2, "file_id": 1442, "knowledge_revision": 4049, "git_revision": "0f87a35b32215bc8547fb583d6c84bd51f603f69", "ctags": [{"_type": "tag", "name": "Arm", "path": "/home/kavia/workspace/code-generation/app-gateway2/__import__/extracted/app-gateway2-cga-cmf8e7ba8d/dependencies/install/include/WPEFramework/core/ResourceMonitor.h", "pattern": "/^        Arm()$/", "language": "C++", "typeref": "typename:Core::TypeTraits::enable_if<!hasArm<TYPE,void>::value,void>::type", "kind": "function", "signature": "()", "scope": "WPEFramework::Core::ResourceMonitorType", "scopeKind": "class"}, {"_type": "tag", "name": "Arm", "path": "/home/kavia/workspace/code-generation/app-gateway2/__import__/extracted/app-gateway2-cga-cmf8e7ba8d/dependencies/install/include/WPEFramework/core/ResourceMonitor.h", "pattern": "/^        Arm()$/", "language": "C++", "typeref": "typename:Core::TypeTraits::enable_if<hasArm<TYPE,void>::value,void>::type", "kind": "function", "signature": "()", "scope": "WPEFramework::Core::ResourceMonitorType", "scopeKind": "class"}, {"_type": "tag", "name": "Break", "path": "/home/kavia/workspace/code-generation/app-gateway2/__import__/extracted/app-gateway2-cga-cmf8e7ba8d/dependencies/install/include/WPEFramework/core/ResourceMonitor.h", "pattern": "/^        inline void Break()$/", "language": "C++", "typeref": "typename:void", "kind": "function", "signature": "()", "scope": "WPEFramework::Core::ResourceMonitorType", "scopeKind": "class"}, {"_type": "tag", "name": "Core", "path": "/home/kavia/workspace/code-generation/app-gateway2/__import__/extracted/app-gateway2-cga-cmf8e7ba8d/dependencies/install/include/WPEFramework/core/ResourceMonitor.h", "pattern": "/^namespace Core {$/", "language": "C++", "kind": "namespace", "scope": "WPEFramework", "scopeKind": "namespace"}, {"_type": "tag", "name": "Count", "path": "/home/kavia/workspace/code-generation/app-gateway2/__import__/extracted/app-gateway2-cga-cmf8e7ba8d/dependencies/install/include/WPEFramework/core/ResourceMonitor.h", "pattern": "/^        uint32_t Count() const $/", "language": "C++", "typeref": "typename:uint32_t", "kind": "function", "signature": "() const", "scope": "WPEFramework::Core::ResourceMonitorType", "scopeKind": "class"}, {"_type": "tag", "name": "Expired", "path": "/home/kavia/workspace/code-generation/app-gateway2/__import__/extracted/app-gateway2-cga-cmf8e7ba8d/dependencies/install/include/WPEFramework/core/ResourceMonitor.h", "pattern": "/^        uint32_t Expired()$/", "language": "C++", "typeref": "typename:uint32_t", "kind": "function", "signature": "()", "scope": "WPEFramework::Core::ResourceMonitorHandler", "scopeKind": "class"}, {"_type": "tag", "name": "FileDescriptorAllocation", "path": "/home/kavia/workspace/code-generation/app-gateway2/__import__/extracted/app-gateway2-cga-cmf8e7ba8d/dependencies/install/include/WPEFramework/core/ResourceMonitor.h", "pattern": "/^        static constexpr uint8_t FileDescriptorAllocation = 32;$/", "language": "C++", "typeref": "typename:uint8_t", "kind": "member", "scope": "WPEFramework::Core::ResourceMonitorType", "scopeKind": "class"}, {"_type": "tag", "name": "IResource", "path": "/home/kavia/workspace/code-generation/app-gateway2/__import__/extracted/app-gateway2-cga-cmf8e7ba8d/dependencies/install/include/WPEFramework/core/ResourceMonitor.h", "pattern": "/^    struct EXTERNAL IResource {$/", "language": "C++", "kind": "struct", "scope": "WPEFramework::Core", "scopeKind": "namespace"}, {"_type": "tag", "name": "Id", "path": "/home/kavia/workspace/code-generation/app-gateway2/__import__/extracted/app-gateway2-cga-cmf8e7ba8d/dependencies/install/include/WPEFramework/core/ResourceMonitor.h", "pattern": "/^        ::ThreadId Id() const$/", "language": "C++", "typeref": "typename:::ThreadId", "kind": "function", "signature": "() const", "scope": "WPEFramework::Core::ResourceMonitorType", "scopeKind": "class"}, {"_type": "tag", "name": "Info", "path": "/home/kavia/workspace/code-generation/app-gateway2/__import__/extracted/app-gateway2-cga-cmf8e7ba8d/dependencies/install/include/WPEFramework/core/ResourceMonitor.h", "pattern": "/^        bool Info (const uint32_t position, Metadata& info) const$/", "language": "C++", "typeref": "typename:bool", "kind": "function", "signature": "(const uint32_t position,Metadata & info) const", "scope": "WPEFramework::Core::ResourceMonitorType", "scopeKind": "class"}, {"_type": "tag", "name": "Initialize", "path": "/home/kavia/workspace/code-generation/app-gateway2/__import__/extracted/app-gateway2-cga-cmf8e7ba8d/dependencies/install/include/WPEFramework/core/ResourceMonitor.h", "pattern": "/^            virtual uint32_t Initialize()$/", "language": "C++", "typeref": "typename:uint32_t", "kind": "function", "signature": "()", "scope": "WPEFramework::Core::ResourceMonitorType::MonitorWorker", "scopeKind": "class"}, {"_type": "tag", "name": "Initialize", "path": "/home/kavia/workspace/code-generation/app-gateway2/__import__/extracted/app-gateway2-cga-cmf8e7ba8d/dependencies/install/include/WPEFramework/core/ResourceMonitor.h", "pattern": "/^        uint32_t Initialize()$/", "language": "C++", "typeref": "typename:uint32_t", "kind": "function", "signature": "()", "scope": "WPEFramework::Core::ResourceMonitorType", "scopeKind": "class"}, {"_type": "tag", "name": "Metadata", "path": "/home/kavia/workspace/code-generation/app-gateway2/__import__/extracted/app-gateway2-cga-cmf8e7ba8d/dependencies/install/include/WPEFramework/core/ResourceMonitor.h", "pattern": "/^        struct Metadata {$/", "language": "C++", "kind": "struct", "scope": "WPEFramework::Core::ResourceMonitorType", "scopeKind": "class"}, {"_type": "tag", "name": "MonitorWorker", "path": "/home/kavia/workspace/code-generation/app-gateway2/__import__/extracted/app-gateway2-cga-cmf8e7ba8d/dependencies/install/include/WPEFramework/core/ResourceMonitor.h", "pattern": "/^            MonitorWorker(Parent& parent)$/", "language": "C++", "kind": "function", "signature": "(Parent & parent)", "scope": "WPEFramework::Core::ResourceMonitorType::MonitorWorker", "scopeKind": "class"}, {"_type": "tag", "name": "MonitorWorker", "path": "/home/kavia/workspace/code-generation/app-gateway2/__import__/extracted/app-gateway2-cga-cmf8e7ba8d/dependencies/install/include/WPEFramework/core/ResourceMonitor.h", "pattern": "/^        class MonitorWorker : public Core::Thread {$/", "language": "C++", "kind": "class", "scope": "WPEFramework::Core::ResourceMonitorType", "scopeKind": "class"}, {"_type": "tag", "name": "Name", "path": "/home/kavia/workspace/code-generation/app-gateway2/__import__/extracted/app-gateway2-cga-cmf8e7ba8d/dependencies/install/include/WPEFramework/core/ResourceMonitor.h", "pattern": "/^        const TCHAR* Name() const$/", "language": "C++", "typeref": "typename:const TCHAR *", "kind": "function", "signature": "() const", "scope": "WPEFramework::Core::ResourceMonitorType", "scopeKind": "class"}, {"_type": "tag", "name": "Parent", "path": "/home/kavia/workspace/code-generation/app-gateway2/__import__/extracted/app-gateway2-cga-cmf8e7ba8d/dependencies/install/include/WPEFramework/core/ResourceMonitor.h", "pattern": "/^        typedef ResourceMonitorType<RESOURCE, WATCHDOG> Parent;$/", "language": "C++", "typeref": "typename:ResourceMonitorType<RESOURCE,WATCHDOG>", "kind": "typedef", "scope": "WPEFramework::Core::ResourceMonitorType", "scopeKind": "class"}, {"_type": "tag", "name": "RESOURCE_MONITOR_TYPE_H", "path": "/home/kavia/workspace/code-generation/app-gateway2/__import__/extracted/app-gateway2-cga-cmf8e7ba8d/dependencies/install/include/WPEFramework/core/ResourceMonitor.h", "pattern": "/^#define RESOURCE_MONITOR_TYPE_H$/", "language": "C++", "kind": "macro"}, {"_type": "tag", "name": "Register", "path": "/home/kavia/workspace/code-generation/app-gateway2/__import__/extracted/app-gateway2-cga-cmf8e7ba8d/dependencies/install/include/WPEFramework/core/ResourceMonitor.h", "pattern": "/^        void Register(RESOURCE& resource)$/", "language": "C++", "typeref": "typename:void", "kind": "function", "signature": "(RESOURCE & resource)", "scope": "WPEFramework::Core::ResourceMonitorType", "scopeKind": "class"}, {"_type": "tag", "name": "Reset", "path": "/home/kavia/workspace/code-generation/app-gateway2/__import__/extracted/app-gateway2-cga-cmf8e7ba8d/dependencies/install/include/WPEFramework/core/ResourceMonitor.h", "pattern": "/^        Reset()$/", "language": "C++", "typeref": "typename:Core::TypeTraits::enable_if<!hasReset<TYPE,void>::value,void>::type", "kind": "function", "signature": "()", "scope": "WPEFramework::Core::ResourceMonitorType", "scopeKind": "class"}, {"_type": "tag", "name": "Reset", "path": "/home/kavia/workspace/code-generation/app-gateway2/__import__/extracted/app-gateway2-cga-cmf8e7ba8d/dependencies/install/include/WPEFramework/core/ResourceMonitor.h", "pattern": "/^        Reset()$/", "language": "C++", "typeref": "typename:Core::TypeTraits::enable_if<hasReset<TYPE,void>::value,void>::type", "kind": "function", "signature": "()", "scope": "WPEFramework::Core::ResourceMonitorType", "scopeKind": "class"}, {"_type": "tag", "name": "ResourceMonitor", "path": "/home/kavia/workspace/code-generation/app-gateway2/__import__/extracted/app-gateway2-cga-cmf8e7ba8d/dependencies/install/include/WPEFramework/core/ResourceMonitor.h", "pattern": "/^        ResourceMonitor()$/", "language": "C++", "kind": "function", "signature": "()", "scope": "WPEFramework::Core::ResourceMonitor", "scopeKind": "class"}, {"_type": "tag", "name": "ResourceMonitor", "path": "/home/kavia/workspace/code-generation/app-gateway2/__import__/extracted/app-gateway2-cga-cmf8e7ba8d/dependencies/install/include/WPEFramework/core/ResourceMonitor.h", "pattern": "/^    class EXTERNAL ResourceMonitor : public ResourceMonitorBase {$/", "language": "C++", "kind": "class", "scope": "WPEFramework::Core", "scopeKind": "namespace"}, {"_type": "tag", "name": "ResourceMonitorBase", "path": "/home/kavia/workspace/code-generation/app-gateway2/__import__/extracted/app-gateway2-cga-cmf8e7ba8d/dependencies/install/include/WPEFramework/core/ResourceMonitor.h", "pattern": "/^    typedef ResourceMonitorType<IResource, Void> ResourceMonitorBase;$/", "language": "C++", "typeref": "typename:ResourceMonitorType<IResource,Void>", "kind": "typedef", "scope": "WPEFramework::Core", "scopeKind": "namespace"}, {"_type": "tag", "name": "ResourceMonitorBase", "path": "/home/kavia/workspace/code-generation/app-gateway2/__import__/extracted/app-gateway2-cga-cmf8e7ba8d/dependencies/install/include/WPEFramework/core/ResourceMonitor.h", "pattern": "/^    typedef ResourceMonitorType<IResource, WatchDogType<ResourceMonitorHandler>> ResourceMonitor/", "language": "C++", "typeref": "typename:ResourceMonitorType<IResource,WatchDogType<ResourceMonitorHandler>>", "kind": "typedef", "scope": "WPEFramework::Core", "scopeKind": "namespace"}, {"_type": "tag", "name": "ResourceMonitorHandler", "path": "/home/kavia/workspace/code-generation/app-gateway2/__import__/extracted/app-gateway2-cga-cmf8e7ba8d/dependencies/install/include/WPEFramework/core/ResourceMonitor.h", "pattern": "/^        ResourceMonitorHandler()$/", "language": "C++", "kind": "function", "signature": "()", "scope": "WPEFramework::Core::ResourceMonitorHandler", "scopeKind": "class"}, {"_type": "tag", "name": "ResourceMonitorHandler", "path": "/home/kavia/workspace/code-generation/app-gateway2/__import__/extracted/app-gateway2-cga-cmf8e7ba8d/dependencies/install/include/WPEFramework/core/ResourceMonitor.h", "pattern": "/^    class ResourceMonitorHandler {$/", "language": "C++", "kind": "class", "scope": "WPEFramework::Core", "scopeKind": "namespace"}, {"_type": "tag", "name": "ResourceMonitorType", "path": "/home/kavia/workspace/code-generation/app-gateway2/__import__/extracted/app-gateway2-cga-cmf8e7ba8d/dependencies/install/include/WPEFramework/core/ResourceMonitor.h", "pattern": "/^        ResourceMonitorType()$/", "language": "C++", "kind": "function", "signature": "()", "scope": "WPEFramework::Core::ResourceMonitorType", "scopeKind": "class"}, {"_type": "tag", "name": "ResourceMonitorType", "path": "/home/kavia/workspace/code-generation/app-gateway2/__import__/extracted/app-gateway2-cga-cmf8e7ba8d/dependencies/install/include/WPEFramework/core/ResourceMonitor.h", "pattern": "/^    class ResourceMonitorType {$/", "language": "C++", "kind": "class", "scope": "WPEFramework::Core", "scopeKind": "namespace"}, {"_type": "tag", "name": "Runs", "path": "/home/kavia/workspace/code-generation/app-gateway2/__import__/extracted/app-gateway2-cga-cmf8e7ba8d/dependencies/install/include/WPEFramework/core/ResourceMonitor.h", "pattern": "/^        uint32_t Runs() const$/", "language": "C++", "typeref": "typename:uint32_t", "kind": "function", "signature": "() const", "scope": "WPEFramework::Core::ResourceMonitorType", "scopeKind": "class"}, {"_type": "tag", "name": "Unregister", "path": "/home/kavia/workspace/code-generation/app-gateway2/__import__/extracted/app-gateway2-cga-cmf8e7ba8d/dependencies/install/include/WPEFramework/core/ResourceMonitor.h", "pattern": "/^        void Unregister(RESOURCE& resource)$/", "language": "C++", "typeref": "typename:void", "kind": "function", "signature": "(RESOURCE & resource)", "scope": "WPEFramework::Core::ResourceMonitorType", "scopeKind": "class"}, {"_type": "tag", "name": "WPEFramework", "path": "/home/kavia/workspace/code-generation/app-gateway2/__import__/extracted/app-gateway2-cga-cmf8e7ba8d/dependencies/install/include/WPEFramework/core/ResourceMonitor.h", "pattern": "/^namespace WPEFramework {$/", "language": "C++", "kind": "namespace"}, {"_type": "tag", "name": "Worker", "path": "/home/kavia/workspace/code-generation/app-gateway2/__import__/extracted/app-gateway2-cga-cmf8e7ba8d/dependencies/install/include/WPEFramework/core/ResourceMonitor.h", "pattern": "/^            virtual uint32_t Worker()$/", "language": "C++", "typeref": "typename:uint32_t", "kind": "function", "signature": "()", "scope": "WPEFramework::Core::ResourceMonitorType::MonitorWorker", "scopeKind": "class"}, {"_type": "tag", "name": "Worker", "path": "/home/kavia/workspace/code-generation/app-gateway2/__import__/extracted/app-gateway2-cga-cmf8e7ba8d/dependencies/install/include/WPEFramework/core/ResourceMonitor.h", "pattern": "/^        uint32_t Worker()$/", "language": "C++", "typeref": "typename:uint32_t", "kind": "function", "signature": "()", "scope": "WPEFramework::Core::ResourceMonitorType", "scopeKind": "class"}, {"_type": "tag", "name": "_action", "path": "/home/kavia/workspace/code-generation/app-gateway2/__import__/extracted/app-gateway2-cga-cmf8e7ba8d/dependencies/install/include/WPEFramework/core/ResourceMonitor.h", "pattern": "/^        HANDLE _action;$/", "language": "C++", "typeref": "typename:HANDLE", "kind": "member", "scope": "WPEFramework::Core::ResourceMonitorType", "scopeKind": "class"}, {"_type": "tag", "name": "_adminLock", "path": "/home/kavia/workspace/code-generation/app-gateway2/__import__/extracted/app-gateway2-cga-cmf8e7ba8d/dependencies/install/include/WPEFramework/core/ResourceMonitor.h", "pattern": "/^        mutable Core::CriticalSection _adminLock;$/", "language": "C++", "typeref": "typename:Core::CriticalSection", "kind": "member", "scope": "WPEFramework::Core::ResourceMonitorType", "scopeKind": "class"}, {"_type": "tag", "name": "_descriptorArray", "path": "/home/kavia/workspace/code-generation/app-gateway2/__import__/extracted/app-gateway2-cga-cmf8e7ba8d/dependencies/install/include/WPEFramework/core/ResourceMonitor.h", "pattern": "/^        struct ::pollfd* _descriptorArray;$/", "language": "C++", "typeref": "struct:::pollfd *", "kind": "member", "scope": "WPEFramework::Core::ResourceMonitorType", "scopeKind": "class"}, {"_type": "tag", "name": "_descriptorArrayLength", "path": "/home/kavia/workspace/code-generation/app-gateway2/__import__/extracted/app-gateway2-cga-cmf8e7ba8d/dependencies/install/include/WPEFramework/core/ResourceMonitor.h", "pattern": "/^        uint32_t _descriptorArrayLength;$/", "language": "C++", "typeref": "typename:uint32_t", "kind": "member", "scope": "WPEFramework::Core::ResourceMonitorType", "scopeKind": "class"}, {"_type": "tag", "name": "_monitor", "path": "/home/kavia/workspace/code-generation/app-gateway2/__import__/extracted/app-gateway2-cga-cmf8e7ba8d/dependencies/install/include/WPEFramework/core/ResourceMonitor.h", "pattern": "/^        MonitorWorker* _monitor;$/", "language": "C++", "typeref": "typename:MonitorWorker *", "kind": "member", "scope": "WPEFramework::Core::ResourceMonitorType", "scopeKind": "class"}, {"_type": "tag", "name": "_monitorRuns", "path": "/home/kavia/workspace/code-generation/app-gateway2/__import__/extracted/app-gateway2-cga-cmf8e7ba8d/dependencies/install/include/WPEFramework/core/ResourceMonitor.h", "pattern": "/^        uint32_t _monitorRuns;$/", "language": "C++", "typeref": "typename:uint32_t", "kind": "member", "scope": "WPEFramework::Core::ResourceMonitorType", "scopeKind": "class"}, {"_type": "tag", "name": "_name", "path": "/home/kavia/workspace/code-generation/app-gateway2/__import__/extracted/app-gateway2-cga-cmf8e7ba8d/dependencies/install/include/WPEFramework/core/ResourceMonitor.h", "pattern": "/^        string _name;$/", "language": "C++", "typeref": "typename:string", "kind": "member", "scope": "WPEFramework::Core::ResourceMonitorType", "scopeKind": "class"}, {"_type": "tag", "name": "_parent", "path": "/home/kavia/workspace/code-generation/app-gateway2/__import__/extracted/app-gateway2-cga-cmf8e7ba8d/dependencies/install/include/WPEFramework/core/ResourceMonitor.h", "pattern": "/^            Parent& _parent;$/", "language": "C++", "typeref": "typename:Parent &", "kind": "member", "scope": "WPEFramework::Core::ResourceMonitorType::MonitorWorker", "scopeKind": "class"}, {"_type": "tag", "name": "_resourceList", "path": "/home/kavia/workspace/code-generation/app-gateway2/__import__/extracted/app-gateway2-cga-cmf8e7ba8d/dependencies/install/include/WPEFramework/core/ResourceMonitor.h", "pattern": "/^        std::list<RESOURCE*> _resourceList;$/", "language": "C++", "typeref": "typename:std::list<RESOURCE * >", "kind": "member", "scope": "WPEFramework::Core::ResourceMonitorType", "scopeKind": "class"}, {"_type": "tag", "name": "_signalDescriptor", "path": "/home/kavia/workspace/code-generation/app-gateway2/__import__/extracted/app-gateway2-cga-cmf8e7ba8d/dependencies/install/include/WPEFramework/core/ResourceMonitor.h", "pattern": "/^        int _signalDescriptor;$/", "language": "C++", "typeref": "typename:int", "kind": "member", "scope": "WPEFramework::Core::ResourceMonitorType", "scopeKind": "class"}, {"_type": "tag", "name": "_signalNode", "path": "/home/kavia/workspace/code-generation/app-gateway2/__import__/extracted/app-gateway2-cga-cmf8e7ba8d/dependencies/install/include/WPEFramework/core/ResourceMonitor.h", "pattern": "/^        Core::NodeId _signalNode;$/", "language": "C++", "typeref": "typename:Core::NodeId", "kind": "member", "scope": "WPEFramework::Core::ResourceMonitorType", "scopeKind": "class"}, {"_type": "tag", "name": "_watchDog", "path": "/home/kavia/workspace/code-generation/app-gateway2/__import__/extracted/app-gateway2-cga-cmf8e7ba8d/dependencies/install/include/WPEFramework/core/ResourceMonitor.h", "pattern": "/^        WATCHDOG _watchDog;$/", "language": "C++", "typeref": "typename:WATCHDOG", "kind": "member", "scope": "WPEFramework::Core::ResourceMonitorType", "scopeKind": "class"}, {"_type": "tag", "name": "classname", "path": "/home/kavia/workspace/code-generation/app-gateway2/__import__/extracted/app-gateway2-cga-cmf8e7ba8d/dependencies/install/include/WPEFramework/core/ResourceMonitor.h", "pattern": "/^            const char* classname;$/", "language": "C++", "typeref": "typename:const char *", "kind": "member", "scope": "WPEFramework::Core::ResourceMonitorType::Metadata", "scopeKind": "struct"}, {"_type": "tag", "name": "descriptor", "path": "/home/kavia/workspace/code-generation/app-gateway2/__import__/extracted/app-gateway2-cga-cmf8e7ba8d/dependencies/install/include/WPEFramework/core/ResourceMonitor.h", "pattern": "/^            signed int descriptor;$/", "language": "C++", "typeref": "typename:signed int", "kind": "member", "scope": "WPEFramework::Core::ResourceMonitorType::Metadata", "scopeKind": "struct"}, {"_type": "tag", "name": "events", "path": "/home/kavia/workspace/code-generation/app-gateway2/__import__/extracted/app-gateway2-cga-cmf8e7ba8d/dependencies/install/include/WPEFramework/core/ResourceMonitor.h", "pattern": "/^            uint16_t events;$/", "language": "C++", "typeref": "typename:uint16_t", "kind": "member", "scope": "WPEFramework::Core::ResourceMonitorType::Metadata", "scopeKind": "struct"}, {"_type": "tag", "name": "filename", "path": "/home/kavia/workspace/code-generation/app-gateway2/__import__/extracted/app-gateway2-cga-cmf8e7ba8d/dependencies/install/include/WPEFramework/core/ResourceMonitor.h", "pattern": "/^            char filename[128];$/", "language": "C++", "typeref": "typename:char[128]", "kind": "member", "scope": "WPEFramework::Core::ResourceMonitorType::Metadata", "scopeKind": "struct"}, {"_type": "tag", "name": "handle", "path": "/home/kavia/workspace/code-generation/app-gateway2/__import__/extracted/app-gateway2-cga-cmf8e7ba8d/dependencies/install/include/WPEFramework/core/ResourceMonitor.h", "pattern": "/^        typedef signed int handle;$/", "language": "C++", "typeref": "typename:signed int", "kind": "typedef", "scope": "WPEFramework::Core::IResource", "scopeKind": "struct"}, {"_type": "tag", "name": "monitor", "path": "/home/kavia/workspace/code-generation/app-gateway2/__import__/extracted/app-gateway2-cga-cmf8e7ba8d/dependencies/install/include/WPEFramework/core/ResourceMonitor.h", "pattern": "/^            uint16_t monitor;$/", "language": "C++", "typeref": "typename:uint16_t", "kind": "member", "scope": "WPEFramework::Core::ResourceMonitorType::Metadata", "scopeKind": "struct"}, {"_type": "tag", "name": "~MonitorWorker", "path": "/home/kavia/workspace/code-generation/app-gateway2/__import__/extracted/app-gateway2-cga-cmf8e7ba8d/dependencies/install/include/WPEFramework/core/ResourceMonitor.h", "pattern": "/^            ~MonitorWorker() override$/", "language": "C++", "kind": "function", "signature": "()", "scope": "WPEFramework::Core::ResourceMonitorType::MonitorWorker", "scopeKind": "class"}, {"_type": "tag", "name": "~ResourceMonitor", "path": "/home/kavia/workspace/code-generation/app-gateway2/__import__/extracted/app-gateway2-cga-cmf8e7ba8d/dependencies/install/include/WPEFramework/core/ResourceMonitor.h", "pattern": "/^        ~ResourceMonitor() {}$/", "language": "C++", "kind": "function", "signature": "()", "scope": "WPEFramework::Core::ResourceMonitor", "scopeKind": "class"}, {"_type": "tag", "name": "~ResourceMonitorHandler", "path": "/home/kavia/workspace/code-generation/app-gateway2/__import__/extracted/app-gateway2-cga-cmf8e7ba8d/dependencies/install/include/WPEFramework/core/ResourceMonitor.h", "pattern": "/^        ~ResourceMonitorHandler()$/", "language": "C++", "kind": "function", "signature": "()", "scope": "WPEFramework::Core::ResourceMonitorHandler", "scopeKind": "class"}, {"_type": "tag", "name": "~ResourceMonitorType", "path": "/home/kavia/workspace/code-generation/app-gateway2/__import__/extracted/app-gateway2-cga-cmf8e7ba8d/dependencies/install/include/WPEFramework/core/ResourceMonitor.h", "pattern": "/^        ~ResourceMonitorType()$/", "language": "C++", "kind": "function", "signature": "()", "scope": "WPEFramework::Core::ResourceMonitorType", "scopeKind": "class"}], "hash": "15c6c132f6155ad992fc03915cc57b8a", "format-version": 4, "code-base-name": "app-gateway2", "filename": "__import__/extracted/app-gateway2-cga-cmf8e7ba8d/dependencies/install/include/WPEFramework/core/ResourceMonitor.h", "fields": [{"name": "uint8_t FileDescriptorAllocation", "scope": "WPEFramework::Core::ResourceMonitorType", "scopeKind": "class", "description": "unavailable"}, {"name": "HANDLE _action", "scope": "WPEFramework::Core::ResourceMonitorType", "scopeKind": "class", "description": "unavailable"}, {"name": "Core::CriticalSection _adminLock", "scope": "WPEFramework::Core::ResourceMonitorType", "scopeKind": "class", "description": "unavailable"}, {"name": "struct:::pollfd * _descriptorArray", "scope": "WPEFramework::Core::ResourceMonitorType", "scopeKind": "class", "description": "unavailable"}, {"name": "uint32_t _descriptorArrayLength", "scope": "WPEFramework::Core::ResourceMonitorType", "scopeKind": "class", "description": "unavailable"}, {"name": "MonitorWorker * _monitor", "scope": "WPEFramework::Core::ResourceMonitorType", "scopeKind": "class", "description": "unavailable"}, {"name": "uint32_t _monitorRuns", "scope": "WPEFramework::Core::ResourceMonitorType", "scopeKind": "class", "description": "unavailable"}, {"name": "string _name", "scope": "WPEFramework::Core::ResourceMonitorType", "scopeKind": "class", "description": "unavailable"}, {"name": "Parent & _parent", "scope": "WPEFramework::Core::ResourceMonitorType::MonitorWorker", "scopeKind": "class", "description": "unavailable"}, {"name": "std::list<RESOURCE * > _resourceList", "scope": "WPEFramework::Core::ResourceMonitorType", "scopeKind": "class", "description": "unavailable"}, {"name": "int _signalDescriptor", "scope": "WPEFramework::Core::ResourceMonitorType", "scopeKind": "class", "description": "unavailable"}, {"name": "Core::NodeId _signalNode", "scope": "WPEFramework::Core::ResourceMonitorType", "scopeKind": "class", "description": "unavailable"}, {"name": "WATCHDOG _watchDog", "scope": "WPEFramework::Core::ResourceMonitorType", "scopeKind": "class", "description": "unavailable"}, {"name": "const char * classname", "scope": "WPEFramework::Core::ResourceMonitorType::Metadata", "scopeKind": "struct", "description": "unavailable"}, {"name": "signed int descriptor", "scope": "WPEFramework::Core::ResourceMonitorType::Metadata", "scopeKind": "struct", "description": "unavailable"}, {"name": "uint16_t events", "scope": "WPEFramework::Core::ResourceMonitorType::Metadata", "scopeKind": "struct", "description": "unavailable"}, {"name": "char[128] filename", "scope": "WPEFramework::Core::ResourceMonitorType::Metadata", "scopeKind": "struct", "description": "unavailable"}, {"name": "uint16_t monitor", "scope": "WPEFramework::Core::ResourceMonitorType::Metadata", "scopeKind": "struct", "description": "unavailable"}], "revision_history": [{"4049": "0f87a35b32215bc8547fb583d6c84bd51f603f69"}]}