{"is_source_file": true, "format": "C++ header", "description": "This file declares the FileSystemMonitor class and related interfaces for monitoring file system changes, with platform-specific implementations for Linux and Windows. It is part of the WPEFramework Core namespace and provides mechanisms for registering callbacks to be notified on file or directory modifications.", "external_files": ["Module.h", "Trace.h", "Sync.h", "Thread.h", "FileSystem.h", "<sys/inotify.h>", "#ifdef __LINUX__"], "external_methods": ["inotify_init1", "inotify_add_watch", "inotify_rm_watch", "close", "read", "CreateFile", "ReadDirectoryChangesW", "CloseHandle", "CreateEvent", "GetOverlappedResult", "WaitForMultipleObjects", "SetEvent", "CreateThread"], "published": [], "classes": [{"name": "FileSystemMonitor", "description": "Monitors file system changes either on Linux using inotify or on Windows using ReadDirectoryChangesW. Supports registration and unregistration of callbacks for specific files or directories and manages platform-specific monitoring contexts."}, {"name": "ICallback", "description": "Interface for callback objects to be notified when a file system change occurs."}], "methods": [{"name": "FileSystemMonitor & Instance()", "description": "Returns a singleton instance of the FileSystemMonitor.", "scope": "WPEFramework::Core::FileSystemMonitor", "scopeKind": "class"}, {"name": "void Register(ICallback * callback)", "description": "Registers a callback for changes on a specified filename or directory.", "scope": "WPEFramework::Core::FileSystemMonitor::Observer", "scopeKind": "class"}, {"name": "void Unregister(ICallback * callback)", "description": "Unregisters a callback from a specified filename or directory.", "scope": "WPEFramework::Core::FileSystemMonitor::Observer", "scopeKind": "class"}, {"name": "bool IsValid() const", "description": "Checks whether the monitor is valid and active.", "scope": "WPEFramework::Core::FileSystemMonitor", "scopeKind": "class"}, {"name": "void Trigger()", "description": "Triggers the internal event to wake the monitoring thread.", "scope": "WPEFramework::Core::FileSystemMonitor", "scopeKind": "class"}, {"name": "void Process()", "description": "Processes file system events and notifies registered callbacks.", "scope": "WPEFramework::Core::FileSystemMonitor", "scopeKind": "class"}, {"name": "Context(const string & pathName)", "scope": "WPEFramework::Core::FileSystemMonitor::Context", "scopeKind": "class", "description": "unavailable"}, {"name": "Core::IResource::handle Descriptor() const", "scope": "WPEFramework::Core::FileSystemMonitor", "scopeKind": "class", "description": "unavailable"}, {"name": "Dispatcher(FileSystemMonitor & parent)", "scope": "WPEFramework::Core::FileSystemMonitor::Dispatcher", "scopeKind": "class", "description": "unavailable"}, {"name": "uint16_t Events()", "scope": "WPEFramework::Core::FileSystemMonitor", "scopeKind": "class", "description": "unavailable"}, {"name": "FileSystemMonitor()", "scope": "WPEFramework::Core::FileSystemMonitor", "scopeKind": "class", "description": "unavailable"}, {"name": "HANDLE Handle()", "scope": "WPEFramework::Core::FileSystemMonitor::Context", "scopeKind": "class", "description": "unavailable"}, {"name": "void Handle(const uint16_t events)", "scope": "WPEFramework::Core::FileSystemMonitor", "scopeKind": "class", "description": "unavailable"}, {"name": "bool HasCallbacks() const", "scope": "WPEFramework::Core::FileSystemMonitor::Observer", "scopeKind": "class", "description": "unavailable"}, {"name": "bool IsEmpty() const", "scope": "WPEFramework::Core::FileSystemMonitor::Context", "scopeKind": "class", "description": "unavailable"}, {"name": "void Notify()", "scope": "WPEFramework::Core::FileSystemMonitor::Observer", "scopeKind": "class", "description": "unavailable"}, {"name": "Observer(ICallback * callback)", "scope": "WPEFramework::Core::FileSystemMonitor::Observer", "scopeKind": "class", "description": "unavailable"}, {"name": "void Register(ICallback * client)", "scope": "WPEFramework::Core::FileSystemMonitor::Context", "scopeKind": "class", "description": "unavailable"}, {"name": "bool Register(ICallback * callback,const string & filename)", "scope": "WPEFramework::Core::FileSystemMonitor", "scopeKind": "class", "description": "unavailable"}, {"name": "void Unregister(ICallback * client)", "scope": "WPEFramework::Core::FileSystemMonitor::Context", "scopeKind": "class", "description": "unavailable"}, {"name": "void Unregister(ICallback * callback,const string & filename)", "scope": "WPEFramework::Core::FileSystemMonitor", "scopeKind": "class", "description": "unavailable"}, {"name": "uint32_t Worker()", "scope": "WPEFramework::Core::FileSystemMonitor::Dispatcher", "scopeKind": "class", "description": "unavailable"}, {"name": "bool __anon0d54e7df0102(const struct inotify_event* event)", "scope": "WPEFramework::Core::FileSystemMonitor::Handle", "scopeKind": "function", "description": "unavailable"}, {"name": "__anon0d54e7df0202(const std::pair<string, int>& elem)", "scope": "WPEFramework::Core::FileSystemMonitor::Handle::__anon0d54e7df0102", "scopeKind": "function", "description": "unavailable"}, {"name": "~Context()", "scope": "WPEFramework::Core::FileSystemMonitor::Context", "scopeKind": "class", "description": "unavailable"}, {"name": "~Dispatcher()", "scope": "WPEFramework::Core::FileSystemMonitor::Dispatcher", "scopeKind": "class", "description": "unavailable"}, {"name": "~FileSystemMonitor()", "scope": "WPEFramework::Core::FileSystemMonitor", "scopeKind": "class", "description": "unavailable"}, {"name": "~Observer()", "scope": "WPEFramework::Core::FileSystemMonitor::Observer", "scopeKind": "class", "description": "unavailable"}], "calls": ["inotify_init1", "inotify_add_watch", "inotify_rm_watch", "close", "read", "CreateFile", "ReadDirectoryChangesW", "CloseHandle", "CreateEvent", "GetOverlappedResult", "WaitForMultipleObjects", "SetEvent"], "search-terms": ["FileSystemMonitor", "inotify", "ReadDirectoryChangesW", "Callbacks", "ChangeNotification", "PlatformSpecificFileMonitoring"], "state": 2, "file_id": 1432, "knowledge_revision": 4041, "git_revision": "0f87a35b32215bc8547fb583d6c84bd51f603f69", "ctags": [{"_type": "tag", "name": "ClientList", "path": "/home/kavia/workspace/code-generation/app-gateway2/__import__/extracted/app-gateway2-cga-cmf8e7ba8d/dependencies/install/include/WPEFramework/core/FileObserver.h", "pattern": "/^        using ClientList = std::list<ICallback*>;$/", "language": "C++", "typeref": "typename:std::list<ICallback * >", "kind": "typedef", "scope": "WPEFramework::Core::FileSystemMonitor::Context", "scopeKind": "class"}, {"_type": "tag", "name": "Context", "path": "/home/kavia/workspace/code-generation/app-gateway2/__import__/extracted/app-gateway2-cga-cmf8e7ba8d/dependencies/install/include/WPEFramework/core/FileObserver.h", "pattern": "/^        Context(const string& pathName)$/", "language": "C++", "kind": "function", "signature": "(const string & pathName)", "scope": "WPEFramework::Core::FileSystemMonitor::Context", "scopeKind": "class"}, {"_type": "tag", "name": "Context", "path": "/home/kavia/workspace/code-generation/app-gateway2/__import__/extracted/app-gateway2-cga-cmf8e7ba8d/dependencies/install/include/WPEFramework/core/FileObserver.h", "pattern": "/^    class Context {$/", "language": "C++", "kind": "class", "scope": "WPEFramework::Core::FileSystemMonitor", "scopeKind": "class"}, {"_type": "tag", "name": "Core", "path": "/home/kavia/workspace/code-generation/app-gateway2/__import__/extracted/app-gateway2-cga-cmf8e7ba8d/dependencies/install/include/WPEFramework/core/FileObserver.h", "pattern": "/^namespace Core {$/", "language": "C++", "kind": "namespace", "scope": "WPEFramework", "scopeKind": "namespace"}, {"_type": "tag", "name": "Descriptor", "path": "/home/kavia/workspace/code-generation/app-gateway2/__import__/extracted/app-gateway2-cga-cmf8e7ba8d/dependencies/install/include/WPEFramework/core/FileObserver.h", "pattern": "/^    Core::IResource::handle Descriptor() const override$/", "language": "C++", "typeref": "typename:Core::IResource::handle", "kind": "function", "signature": "() const", "scope": "WPEFramework::Core::FileSystemMonitor", "scopeKind": "class"}, {"_type": "tag", "name": "Dispatcher", "path": "/home/kavia/workspace/code-generation/app-gateway2/__import__/extracted/app-gateway2-cga-cmf8e7ba8d/dependencies/install/include/WPEFramework/core/FileObserver.h", "pattern": "/^        Dispatcher(FileSystemMonitor& parent)$/", "language": "C++", "kind": "function", "signature": "(FileSystemMonitor & parent)", "scope": "WPEFramework::Core::FileSystemMonitor::Dispatcher", "scopeKind": "class"}, {"_type": "tag", "name": "Dispatcher", "path": "/home/kavia/workspace/code-generation/app-gateway2/__import__/extracted/app-gateway2-cga-cmf8e7ba8d/dependencies/install/include/WPEFramework/core/FileObserver.h", "pattern": "/^    class Dispatcher : public Core::Thread {$/", "language": "C++", "kind": "class", "scope": "WPEFramework::Core::FileSystemMonitor", "scopeKind": "class"}, {"_type": "tag", "name": "Events", "path": "/home/kavia/workspace/code-generation/app-gateway2/__import__/extracted/app-gateway2-cga-cmf8e7ba8d/dependencies/install/include/WPEFramework/core/FileObserver.h", "pattern": "/^    uint16_t Events() override$/", "language": "C++", "typeref": "typename:uint16_t", "kind": "function", "signature": "()", "scope": "WPEFramework::Core::FileSystemMonitor", "scopeKind": "class"}, {"_type": "tag", "name": "FileSystemMonitor", "path": "/home/kavia/workspace/code-generation/app-gateway2/__import__/extracted/app-gateway2-cga-cmf8e7ba8d/dependencies/install/include/WPEFramework/core/FileObserver.h", "pattern": "/^    FileSystemMonitor()$/", "language": "C++", "kind": "function", "signature": "()", "scope": "WPEFramework::Core::FileSystemMonitor", "scopeKind": "class"}, {"_type": "tag", "name": "FileSystemMonitor", "path": "/home/kavia/workspace/code-generation/app-gateway2/__import__/extracted/app-gateway2-cga-cmf8e7ba8d/dependencies/install/include/WPEFramework/core/FileObserver.h", "pattern": "/^class FileSystemMonitor : public Core::IResource {$/", "language": "C++", "kind": "class", "scope": "WPEFramework::Core", "scopeKind": "namespace"}, {"_type": "tag", "name": "FileSystemMonitor", "path": "/home/kavia/workspace/code-generation/app-gateway2/__import__/extracted/app-gateway2-cga-cmf8e7ba8d/dependencies/install/include/WPEFramework/core/FileObserver.h", "pattern": "/^class FileSystemMonitor {$/", "language": "C++", "kind": "class", "scope": "WPEFramework::Core", "scopeKind": "namespace"}, {"_type": "tag", "name": "Files", "path": "/home/kavia/workspace/code-generation/app-gateway2/__import__/extracted/app-gateway2-cga-cmf8e7ba8d/dependencies/install/include/WPEFramework/core/FileObserver.h", "pattern": "/^    typedef std::unordered_map<string, int> Files;$/", "language": "C++", "typeref": "typename:std::unordered_map<string,int>", "kind": "typedef", "scope": "WPEFramework::Core::FileSystemMonitor", "scopeKind": "class"}, {"_type": "tag", "name": "Handle", "path": "/home/kavia/workspace/code-generation/app-gateway2/__import__/extracted/app-gateway2-cga-cmf8e7ba8d/dependencies/install/include/WPEFramework/core/FileObserver.h", "pattern": "/^        HANDLE Handle() {$/", "language": "C++", "typeref": "typename:HANDLE", "kind": "function", "signature": "()", "scope": "WPEFramework::Core::FileSystemMonitor::Context", "scopeKind": "class"}, {"_type": "tag", "name": "Handle", "path": "/home/kavia/workspace/code-generation/app-gateway2/__import__/extracted/app-gateway2-cga-cmf8e7ba8d/dependencies/install/include/WPEFramework/core/FileObserver.h", "pattern": "/^    void Handle(const uint16_t events) override$/", "language": "C++", "typeref": "typename:void", "kind": "function", "signature": "(const uint16_t events)", "scope": "WPEFramework::Core::FileSystemMonitor", "scopeKind": "class"}, {"_type": "tag", "name": "HasCallbacks", "path": "/home/kavia/workspace/code-generation/app-gateway2/__import__/extracted/app-gateway2-cga-cmf8e7ba8d/dependencies/install/include/WPEFramework/core/FileObserver.h", "pattern": "/^        bool HasCallbacks() const$/", "language": "C++", "typeref": "typename:bool", "kind": "function", "signature": "() const", "scope": "WPEFramework::Core::FileSystemMonitor::Observer", "scopeKind": "class"}, {"_type": "tag", "name": "ICallback", "path": "/home/kavia/workspace/code-generation/app-gateway2/__import__/extracted/app-gateway2-cga-cmf8e7ba8d/dependencies/install/include/WPEFramework/core/FileObserver.h", "pattern": "/^    struct ICallback$/", "language": "C++", "kind": "struct", "scope": "WPEFramework::Core::FileSystemMonitor", "scopeKind": "class"}, {"_type": "tag", "name": "Instance", "path": "/home/kavia/workspace/code-generation/app-gateway2/__import__/extracted/app-gateway2-cga-cmf8e7ba8d/dependencies/install/include/WPEFramework/core/FileObserver.h", "pattern": "/^    static FileSystemMonitor &Instance()$/", "language": "C++", "typeref": "typename:FileSystemMonitor &", "kind": "function", "signature": "()", "scope": "WPEFramework::Core::FileSystemMonitor", "scopeKind": "class"}, {"_type": "tag", "name": "Instance", "path": "/home/kavia/workspace/code-generation/app-gateway2/__import__/extracted/app-gateway2-cga-cmf8e7ba8d/dependencies/install/include/WPEFramework/core/FileObserver.h", "pattern": "/^    static FileSystemMonitor& Instance()$/", "language": "C++", "typeref": "typename:FileSystemMonitor &", "kind": "function", "signature": "()", "scope": "WPEFramework::Core::FileSystemMonitor", "scopeKind": "class"}, {"_type": "tag", "name": "IsEmpty", "path": "/home/kavia/workspace/code-generation/app-gateway2/__import__/extracted/app-gateway2-cga-cmf8e7ba8d/dependencies/install/include/WPEFramework/core/FileObserver.h", "pattern": "/^        bool IsEmpty() const {$/", "language": "C++", "typeref": "typename:bool", "kind": "function", "signature": "() const", "scope": "WPEFramework::Core::FileSystemMonitor::Context", "scopeKind": "class"}, {"_type": "tag", "name": "IsValid", "path": "/home/kavia/workspace/code-generation/app-gateway2/__import__/extracted/app-gateway2-cga-cmf8e7ba8d/dependencies/install/include/WPEFramework/core/FileObserver.h", "pattern": "/^    bool IsValid() const$/", "language": "C++", "typeref": "typename:bool", "kind": "function", "signature": "() const", "scope": "WPEFramework::Core::FileSystemMonitor", "scopeKind": "class"}, {"_type": "tag", "name": "Notify", "path": "/home/kavia/workspace/code-generation/app-gateway2/__import__/extracted/app-gateway2-cga-cmf8e7ba8d/dependencies/install/include/WPEFramework/core/FileObserver.h", "pattern": "/^        void Notify() {$/", "language": "C++", "typeref": "typename:void", "kind": "function", "signature": "()", "scope": "WPEFramework::Core::FileSystemMonitor::Context", "scopeKind": "class"}, {"_type": "tag", "name": "Notify", "path": "/home/kavia/workspace/code-generation/app-gateway2/__import__/extracted/app-gateway2-cga-cmf8e7ba8d/dependencies/install/include/WPEFramework/core/FileObserver.h", "pattern": "/^        void Notify()$/", "language": "C++", "typeref": "typename:void", "kind": "function", "signature": "()", "scope": "WPEFramework::Core::FileSystemMonitor::Observer", "scopeKind": "class"}, {"_type": "tag", "name": "ObserveMap", "path": "/home/kavia/workspace/code-generation/app-gateway2/__import__/extracted/app-gateway2-cga-cmf8e7ba8d/dependencies/install/include/WPEFramework/core/FileObserver.h", "pattern": "/^    using ObserveMap = std::unordered_map<string, Context>;$/", "language": "C++", "typeref": "typename:std::unordered_map<string,Context>", "kind": "typedef", "scope": "WPEFramework::Core::FileSystemMonitor", "scopeKind": "class"}, {"_type": "tag", "name": "Observer", "path": "/home/kavia/workspace/code-generation/app-gateway2/__import__/extracted/app-gateway2-cga-cmf8e7ba8d/dependencies/install/include/WPEFramework/core/FileObserver.h", "pattern": "/^        Observer(ICallback *callback)$/", "language": "C++", "kind": "function", "signature": "(ICallback * callback)", "scope": "WPEFramework::Core::FileSystemMonitor::Observer", "scopeKind": "class"}, {"_type": "tag", "name": "Observer", "path": "/home/kavia/workspace/code-generation/app-gateway2/__import__/extracted/app-gateway2-cga-cmf8e7ba8d/dependencies/install/include/WPEFramework/core/FileObserver.h", "pattern": "/^    class Observer {$/", "language": "C++", "kind": "class", "scope": "WPEFramework::Core::FileSystemMonitor", "scopeKind": "class"}, {"_type": "tag", "name": "Observers", "path": "/home/kavia/workspace/code-generation/app-gateway2/__import__/extracted/app-gateway2-cga-cmf8e7ba8d/dependencies/install/include/WPEFramework/core/FileObserver.h", "pattern": "/^    typedef std::unordered_map<int, Observer> Observers;$/", "language": "C++", "typeref": "typename:std::unordered_map<int,Observer>", "kind": "typedef", "scope": "WPEFramework::Core::FileSystemMonitor", "scopeKind": "class"}, {"_type": "tag", "name": "Process", "path": "/home/kavia/workspace/code-generation/app-gateway2/__import__/extracted/app-gateway2-cga-cmf8e7ba8d/dependencies/install/include/WPEFramework/core/FileObserver.h", "pattern": "/^    void Process() {$/", "language": "C++", "typeref": "typename:void", "kind": "function", "signature": "()", "scope": "WPEFramework::Core::FileSystemMonitor", "scopeKind": "class"}, {"_type": "tag", "name": "Register", "path": "/home/kavia/workspace/code-generation/app-gateway2/__import__/extracted/app-gateway2-cga-cmf8e7ba8d/dependencies/install/include/WPEFramework/core/FileObserver.h", "pattern": "/^        void Register(ICallback *callback)$/", "language": "C++", "typeref": "typename:void", "kind": "function", "signature": "(ICallback * callback)", "scope": "WPEFramework::Core::FileSystemMonitor::Observer", "scopeKind": "class"}, {"_type": "tag", "name": "Register", "path": "/home/kavia/workspace/code-generation/app-gateway2/__import__/extracted/app-gateway2-cga-cmf8e7ba8d/dependencies/install/include/WPEFramework/core/FileObserver.h", "pattern": "/^        void Register(ICallback* client) {$/", "language": "C++", "typeref": "typename:void", "kind": "function", "signature": "(ICallback * client)", "scope": "WPEFramework::Core::FileSystemMonitor::Context", "scopeKind": "class"}, {"_type": "tag", "name": "Register", "path": "/home/kavia/workspace/code-generation/app-gateway2/__import__/extracted/app-gateway2-cga-cmf8e7ba8d/dependencies/install/include/WPEFramework/core/FileObserver.h", "pattern": "/^    bool Register(ICallback *callback, const string &filename)$/", "language": "C++", "typeref": "typename:bool", "kind": "function", "signature": "(ICallback * callback,const string & filename)", "scope": "WPEFramework::Core::FileSystemMonitor", "scopeKind": "class"}, {"_type": "tag", "name": "Trigger", "path": "/home/kavia/workspace/code-generation/app-gateway2/__import__/extracted/app-gateway2-cga-cmf8e7ba8d/dependencies/install/include/WPEFramework/core/FileObserver.h", "pattern": "/^    void Trigger() {$/", "language": "C++", "typeref": "typename:void", "kind": "function", "signature": "()", "scope": "WPEFramework::Core::FileSystemMonitor", "scopeKind": "class"}, {"_type": "tag", "name": "Unregister", "path": "/home/kavia/workspace/code-generation/app-gateway2/__import__/extracted/app-gateway2-cga-cmf8e7ba8d/dependencies/install/include/WPEFramework/core/FileObserver.h", "pattern": "/^        void Unregister(ICallback *callback)$/", "language": "C++", "typeref": "typename:void", "kind": "function", "signature": "(ICallback * callback)", "scope": "WPEFramework::Core::FileSystemMonitor::Observer", "scopeKind": "class"}, {"_type": "tag", "name": "Unregister", "path": "/home/kavia/workspace/code-generation/app-gateway2/__import__/extracted/app-gateway2-cga-cmf8e7ba8d/dependencies/install/include/WPEFramework/core/FileObserver.h", "pattern": "/^        void Unregister(ICallback* client) {$/", "language": "C++", "typeref": "typename:void", "kind": "function", "signature": "(ICallback * client)", "scope": "WPEFramework::Core::FileSystemMonitor::Context", "scopeKind": "class"}, {"_type": "tag", "name": "Unregister", "path": "/home/kavia/workspace/code-generation/app-gateway2/__import__/extracted/app-gateway2-cga-cmf8e7ba8d/dependencies/install/include/WPEFramework/core/FileObserver.h", "pattern": "/^    void Unregister(ICallback *callback, const string &filename)$/", "language": "C++", "typeref": "typename:void", "kind": "function", "signature": "(ICallback * callback,const string & filename)", "scope": "WPEFramework::Core::FileSystemMonitor", "scopeKind": "class"}, {"_type": "tag", "name": "WPEFramework", "path": "/home/kavia/workspace/code-generation/app-gateway2/__import__/extracted/app-gateway2-cga-cmf8e7ba8d/dependencies/install/include/WPEFramework/core/FileObserver.h", "pattern": "/^namespace WPEFramework {$/", "language": "C++", "kind": "namespace"}, {"_type": "tag", "name": "Worker", "path": "/home/kavia/workspace/code-generation/app-gateway2/__import__/extracted/app-gateway2-cga-cmf8e7ba8d/dependencies/install/include/WPEFramework/core/FileObserver.h", "pattern": "/^        uint32_t Worker() override {$/", "language": "C++", "typeref": "typename:uint32_t", "kind": "function", "signature": "()", "scope": "WPEFramework::Core::FileSystemMonitor::Dispatcher", "scopeKind": "class"}, {"_type": "tag", "name": "__anon0d54e7df0102", "path": "/home/kavia/workspace/code-generation/app-gateway2/__import__/extracted/app-gateway2-cga-cmf8e7ba8d/dependencies/install/include/WPEFramework/core/FileObserver.h", "pattern": "/^                    auto Evaluate = [this](const struct inotify_event* event) -> bool {$/", "file": true, "language": "C++", "typeref": "typename:bool", "kind": "function", "signature": "(const struct inotify_event* event) ", "scope": "WPEFramework::Core::FileSystemMonitor::Handle", "scopeKind": "function"}, {"_type": "tag", "name": "__anon0d54e7df0202", "path": "/home/kavia/workspace/code-generation/app-gateway2/__import__/extracted/app-gateway2-cga-cmf8e7ba8d/dependencies/install/include/WPEFramework/core/FileObserver.h", "pattern": "/^                            auto const it = std::find_if(_files.cbegin(), _files.cend(), [wd](co/", "file": true, "language": "C++", "kind": "function", "signature": "(const std::pair<string, int>& elem) ", "scope": "WPEFramework::Core::FileSystemMonitor::Handle::__anon0d54e7df0102", "scopeKind": "function"}, {"_type": "tag", "name": "_adminLock", "path": "/home/kavia/workspace/code-generation/app-gateway2/__import__/extracted/app-gateway2-cga-cmf8e7ba8d/dependencies/install/include/WPEFramework/core/FileObserver.h", "pattern": "/^        Core::CriticalSection _adminLock;$/", "language": "C++", "typeref": "typename:Core::CriticalSection", "kind": "member", "scope": "WPEFramework::Core::FileSystemMonitor::Context", "scopeKind": "class"}, {"_type": "tag", "name": "_adminLock", "path": "/home/kavia/workspace/code-generation/app-gateway2/__import__/extracted/app-gateway2-cga-cmf8e7ba8d/dependencies/install/include/WPEFramework/core/FileObserver.h", "pattern": "/^    Core::CriticalSection _adminLock;$/", "language": "C++", "typeref": "typename:Core::CriticalSection", "kind": "member", "scope": "WPEFramework::Core::FileSystemMonitor", "scopeKind": "class"}, {"_type": "tag", "name": "_buffer", "path": "/home/kavia/workspace/code-generation/app-gateway2/__import__/extracted/app-gateway2-cga-cmf8e7ba8d/dependencies/install/include/WPEFramework/core/FileObserver.h", "pattern": "/^        uint8_t _buffer[64];$/", "language": "C++", "typeref": "typename:uint8_t[64]", "kind": "member", "scope": "WPEFramework::Core::FileSystemMonitor::Context", "scopeKind": "class"}, {"_type": "tag", "name": "_callbacks", "path": "/home/kavia/workspace/code-generation/app-gateway2/__import__/extracted/app-gateway2-cga-cmf8e7ba8d/dependencies/install/include/WPEFramework/core/FileObserver.h", "pattern": "/^        std::list<ICallback *> _callbacks;$/", "language": "C++", "typeref": "typename:std::list<ICallback * >", "kind": "member", "scope": "WPEFramework::Core::FileSystemMonitor::Observer", "scopeKind": "class"}, {"_type": "tag", "name": "_clients", "path": "/home/kavia/workspace/code-generation/app-gateway2/__import__/extracted/app-gateway2-cga-cmf8e7ba8d/dependencies/install/include/WPEFramework/core/FileObserver.h", "pattern": "/^        std::list<ICallback*> _clients;$/", "language": "C++", "typeref": "typename:std::list<ICallback * >", "kind": "member", "scope": "WPEFramework::Core::FileSystemMonitor::Context", "scopeKind": "class"}, {"_type": "tag", "name": "_dispatcher", "path": "/home/kavia/workspace/code-generation/app-gateway2/__import__/extracted/app-gateway2-cga-cmf8e7ba8d/dependencies/install/include/WPEFramework/core/FileObserver.h", "pattern": "/^    Dispatcher _dispatcher;$/", "language": "C++", "typeref": "typename:Dispatcher", "kind": "member", "scope": "WPEFramework::Core::FileSystemMonitor", "scopeKind": "class"}, {"_type": "tag", "name": "_file", "path": "/home/kavia/workspace/code-generation/app-gateway2/__import__/extracted/app-gateway2-cga-cmf8e7ba8d/dependencies/install/include/WPEFramework/core/FileObserver.h", "pattern": "/^        HANDLE _file;$/", "language": "C++", "typeref": "typename:HANDLE", "kind": "member", "scope": "WPEFramework::Core::FileSystemMonitor::Context", "scopeKind": "class"}, {"_type": "tag", "name": "_filename", "path": "/home/kavia/workspace/code-generation/app-gateway2/__import__/extracted/app-gateway2-cga-cmf8e7ba8d/dependencies/install/include/WPEFramework/core/FileObserver.h", "pattern": "/^        string _filename;$/", "language": "C++", "typeref": "typename:string", "kind": "member", "scope": "WPEFramework::Core::FileSystemMonitor::Context", "scopeKind": "class"}, {"_type": "tag", "name": "_files", "path": "/home/kavia/workspace/code-generation/app-gateway2/__import__/extracted/app-gateway2-cga-cmf8e7ba8d/dependencies/install/include/WPEFramework/core/FileObserver.h", "pattern": "/^    Files _files;$/", "language": "C++", "typeref": "typename:Files", "kind": "member", "scope": "WPEFramework::Core::FileSystemMonitor", "scopeKind": "class"}, {"_type": "tag", "name": "_notifyFd", "path": "/home/kavia/workspace/code-generation/app-gateway2/__import__/extracted/app-gateway2-cga-cmf8e7ba8d/dependencies/install/include/WPEFramework/core/FileObserver.h", "pattern": "/^    int _notifyFd;$/", "language": "C++", "typeref": "typename:int", "kind": "member", "scope": "WPEFramework::Core::FileSystemMonitor", "scopeKind": "class"}, {"_type": "tag", "name": "_observers", "path": "/home/kavia/workspace/code-generation/app-gateway2/__import__/extracted/app-gateway2-cga-cmf8e7ba8d/dependencies/install/include/WPEFramework/core/FileObserver.h", "pattern": "/^    ObserveMap _observers;$/", "language": "C++", "typeref": "typename:ObserveMap", "kind": "member", "scope": "WPEFramework::Core::FileSystemMonitor", "scopeKind": "class"}, {"_type": "tag", "name": "_observers", "path": "/home/kavia/workspace/code-generation/app-gateway2/__import__/extracted/app-gateway2-cga-cmf8e7ba8d/dependencies/install/include/WPEFramework/core/FileObserver.h", "pattern": "/^    Observers _observers;$/", "language": "C++", "typeref": "typename:Observers", "kind": "member", "scope": "WPEFramework::Core::FileSystemMonitor", "scopeKind": "class"}, {"_type": "tag", "name": "_overlapped", "path": "/home/kavia/workspace/code-generation/app-gateway2/__import__/extracted/app-gateway2-cga-cmf8e7ba8d/dependencies/install/include/WPEFramework/core/FileObserver.h", "pattern": "/^        OVERLAPPED _overlapped;$/", "language": "C++", "typeref": "typename:OVERLAPPED", "kind": "member", "scope": "WPEFramework::Core::FileSystemMonitor::Context", "scopeKind": "class"}, {"_type": "tag", "name": "_parent", "path": "/home/kavia/workspace/code-generation/app-gateway2/__import__/extracted/app-gateway2-cga-cmf8e7ba8d/dependencies/install/include/WPEFramework/core/FileObserver.h", "pattern": "/^        FileSystemMonitor& _parent;$/", "language": "C++", "typeref": "typename:FileSystemMonitor &", "kind": "member", "scope": "WPEFramework::Core::FileSystemMonitor::Dispatcher", "scopeKind": "class"}, {"_type": "tag", "name": "_trigger", "path": "/home/kavia/workspace/code-generation/app-gateway2/__import__/extracted/app-gateway2-cga-cmf8e7ba8d/dependencies/install/include/WPEFramework/core/FileObserver.h", "pattern": "/^    HANDLE _trigger;$/", "language": "C++", "typeref": "typename:HANDLE", "kind": "member", "scope": "WPEFramework::Core::FileSystemMonitor", "scopeKind": "class"}, {"_type": "tag", "name": "~Context", "path": "/home/kavia/workspace/code-generation/app-gateway2/__import__/extracted/app-gateway2-cga-cmf8e7ba8d/dependencies/install/include/WPEFramework/core/FileObserver.h", "pattern": "/^        ~Context() {$/", "language": "C++", "kind": "function", "signature": "()", "scope": "WPEFramework::Core::FileSystemMonitor::Context", "scopeKind": "class"}, {"_type": "tag", "name": "~Dispatcher", "path": "/home/kavia/workspace/code-generation/app-gateway2/__import__/extracted/app-gateway2-cga-cmf8e7ba8d/dependencies/install/include/WPEFramework/core/FileObserver.h", "pattern": "/^        ~Dispatcher() override {$/", "language": "C++", "kind": "function", "signature": "()", "scope": "WPEFramework::Core::FileSystemMonitor::Dispatcher", "scopeKind": "class"}, {"_type": "tag", "name": "~FileSystemMonitor", "path": "/home/kavia/workspace/code-generation/app-gateway2/__import__/extracted/app-gateway2-cga-cmf8e7ba8d/dependencies/install/include/WPEFramework/core/FileObserver.h", "pattern": "/^    ~FileSystemMonitor() {$/", "language": "C++", "kind": "function", "signature": "()", "scope": "WPEFramework::Core::FileSystemMonitor", "scopeKind": "class"}, {"_type": "tag", "name": "~FileSystemMonitor", "path": "/home/kavia/workspace/code-generation/app-gateway2/__import__/extracted/app-gateway2-cga-cmf8e7ba8d/dependencies/install/include/WPEFramework/core/FileObserver.h", "pattern": "/^    ~FileSystemMonitor()$/", "language": "C++", "kind": "function", "signature": "()", "scope": "WPEFramework::Core::FileSystemMonitor", "scopeKind": "class"}, {"_type": "tag", "name": "~Observer", "path": "/home/kavia/workspace/code-generation/app-gateway2/__import__/extracted/app-gateway2-cga-cmf8e7ba8d/dependencies/install/include/WPEFramework/core/FileObserver.h", "pattern": "/^        ~Observer()$/", "language": "C++", "kind": "function", "signature": "()", "scope": "WPEFramework::Core::FileSystemMonitor::Observer", "scopeKind": "class"}], "hash": "f5c23a17302a0cf980d5b452fd4f7c9f", "format-version": 4, "code-base-name": "app-gateway2", "filename": "__import__/extracted/app-gateway2-cga-cmf8e7ba8d/dependencies/install/include/WPEFramework/core/FileObserver.h", "fields": [{"name": "Core::CriticalSection _adminLock", "scope": "WPEFramework::Core::FileSystemMonitor::Context", "scopeKind": "class", "description": "unavailable"}, {"name": "uint8_t[64] _buffer", "scope": "WPEFramework::Core::FileSystemMonitor::Context", "scopeKind": "class", "description": "unavailable"}, {"name": "std::list<ICallback * > _callbacks", "scope": "WPEFramework::Core::FileSystemMonitor::Observer", "scopeKind": "class", "description": "unavailable"}, {"name": "std::list<ICallback * > _clients", "scope": "WPEFramework::Core::FileSystemMonitor::Context", "scopeKind": "class", "description": "unavailable"}, {"name": "Dispatcher _dispatcher", "scope": "WPEFramework::Core::FileSystemMonitor", "scopeKind": "class", "description": "unavailable"}, {"name": "HANDLE _file", "scope": "WPEFramework::Core::FileSystemMonitor::Context", "scopeKind": "class", "description": "unavailable"}, {"name": "string _filename", "scope": "WPEFramework::Core::FileSystemMonitor::Context", "scopeKind": "class", "description": "unavailable"}, {"name": "Files _files", "scope": "WPEFramework::Core::FileSystemMonitor", "scopeKind": "class", "description": "unavailable"}, {"name": "int _notifyFd", "scope": "WPEFramework::Core::FileSystemMonitor", "scopeKind": "class", "description": "unavailable"}, {"name": "ObserveMap _observers", "scope": "WPEFramework::Core::FileSystemMonitor", "scopeKind": "class", "description": "unavailable"}, {"name": "Observers _observers", "scope": "WPEFramework::Core::FileSystemMonitor", "scopeKind": "class", "description": "unavailable"}, {"name": "OVERLAPPED _overlapped", "scope": "WPEFramework::Core::FileSystemMonitor::Context", "scopeKind": "class", "description": "unavailable"}, {"name": "FileSystemMonitor & _parent", "scope": "WPEFramework::Core::FileSystemMonitor::Dispatcher", "scopeKind": "class", "description": "unavailable"}, {"name": "HANDLE _trigger", "scope": "WPEFramework::Core::FileSystemMonitor", "scopeKind": "class", "description": "unavailable"}], "revision_history": [{"4041": "0f87a35b32215bc8547fb583d6c84bd51f603f69"}]}