{"is_source_file": true, "format": "C++ header", "description": "This header file declares functions and inline helpers for generating cryptographic random numbers within the WPEFramework Crypto namespace. It provides external function declarations for various integer types and inline overloads for signed integers, as well as a template function for generating random values within a range.", "external_files": ["Module.h"], "external_methods": ["WPEFramework::Crypto::Reseed", "WPEFramework::Crypto::Random(uint8_t&)", "WPEFramework::Crypto::Random(uint16_t&)", "WPEFramework::Crypto::Random(uint32_t&)", "WPEFramework::Crypto::Random(uint64_t&)"], "published": [], "classes": [], "methods": [{"name": "Reseed", "description": "Resets or reseeds the random number generator."}, {"name": "Random(uint8_t&)", "description": "Fills a uint8_t variable with a cryptographically secure random value."}, {"name": "Random(uint16_t&)", "description": "Fills a uint16_t variable with a cryptographically secure random value."}, {"name": "Random(uint32_t&)", "description": "Fills a uint32_t variable with a cryptographically secure random value."}, {"name": "Random(uint64_t&)", "description": "Fills a uint64_t variable with a cryptographically secure random value."}, {"name": "Random(int8_t&)", "description": "Inline helper to generate a random int8_t value by casting to uint8_t."}, {"name": "Random(int16_t&)", "description": "Inline helper to generate a random int16_t value by casting to uint16_t."}, {"name": "Random(int32_t&)", "description": "Inline helper to generate a random int32_t value by casting to uint32_t."}, {"name": "Random(int64_t&)", "description": "Inline helper to generate a random int64_t value by casting to uint64_t."}, {"name": "Random(DESTTYPE& value, const DESTTYPE minimum, const DESTTYPE maximum)", "description": "Template function that modifies 'value' to be a random number within the specified inclusive range."}, {"name": "void Random(int16_t & value)", "scope": "WPEFramework::Crypto", "scopeKind": "namespace", "description": "unavailable"}, {"name": "void Random(int32_t & value)", "scope": "WPEFramework::Crypto", "scopeKind": "namespace", "description": "unavailable"}, {"name": "void Random(int64_t & value)", "scope": "WPEFramework::Crypto", "scopeKind": "namespace", "description": "unavailable"}, {"name": "void Random(int8_t & value)", "scope": "WPEFramework::Crypto", "scopeKind": "namespace", "description": "unavailable"}, {"name": "void Random(DESTTYPE & value,const DESTTYPE minimum,const DESTTYPE maximum)", "scope": "WPEFramework::Crypto", "scopeKind": "namespace", "description": "unavailable"}], "calls": ["WPEFramework::Crypto::Random(uint8_t&)", "WPEFramework::Crypto::Random(uint16_t&)", "WPEFramework::Crypto::Random(uint32_t&)", "WPEFramework::Crypto::Random(uint64_t&)"], "search-terms": ["cryptography", "random number generator", "Crypto", "Random.h", "inline functions", "Range-based random", "WPEFramework"], "state": 2, "file_id": 1335, "knowledge_revision": 3956, "git_revision": "0f87a35b32215bc8547fb583d6c84bd51f603f69", "ctags": [{"_type": "tag", "name": "Crypto", "path": "/home/kavia/workspace/code-generation/app-gateway2/__import__/extracted/app-gateway2-cga-cmf8e7ba8d/dependencies/install/include/WPEFramework/cryptalgo/Random.h", "pattern": "/^namespace Crypto {$/", "language": "C++", "kind": "namespace", "scope": "WPEFramework", "scopeKind": "namespace"}, {"_type": "tag", "name": "Random", "path": "/home/kavia/workspace/code-generation/app-gateway2/__import__/extracted/app-gateway2-cga-cmf8e7ba8d/dependencies/install/include/WPEFramework/cryptalgo/Random.h", "pattern": "/^    inline void Random(int16_t& value)$/", "language": "C++", "typeref": "typename:void", "kind": "function", "signature": "(int16_t & value)", "scope": "WPEFramework::Crypto", "scopeKind": "namespace"}, {"_type": "tag", "name": "Random", "path": "/home/kavia/workspace/code-generation/app-gateway2/__import__/extracted/app-gateway2-cga-cmf8e7ba8d/dependencies/install/include/WPEFramework/cryptalgo/Random.h", "pattern": "/^    inline void Random(int32_t& value)$/", "language": "C++", "typeref": "typename:void", "kind": "function", "signature": "(int32_t & value)", "scope": "WPEFramework::Crypto", "scopeKind": "namespace"}, {"_type": "tag", "name": "Random", "path": "/home/kavia/workspace/code-generation/app-gateway2/__import__/extracted/app-gateway2-cga-cmf8e7ba8d/dependencies/install/include/WPEFramework/cryptalgo/Random.h", "pattern": "/^    inline void Random(int64_t& value)$/", "language": "C++", "typeref": "typename:void", "kind": "function", "signature": "(int64_t & value)", "scope": "WPEFramework::Crypto", "scopeKind": "namespace"}, {"_type": "tag", "name": "Random", "path": "/home/kavia/workspace/code-generation/app-gateway2/__import__/extracted/app-gateway2-cga-cmf8e7ba8d/dependencies/install/include/WPEFramework/cryptalgo/Random.h", "pattern": "/^    inline void Random(int8_t& value)$/", "language": "C++", "typeref": "typename:void", "kind": "function", "signature": "(int8_t & value)", "scope": "WPEFramework::Crypto", "scopeKind": "namespace"}, {"_type": "tag", "name": "Random", "path": "/home/kavia/workspace/code-generation/app-gateway2/__import__/extracted/app-gateway2-cga-cmf8e7ba8d/dependencies/install/include/WPEFramework/cryptalgo/Random.h", "pattern": "/^    void Random(DESTTYPE& value, const DESTTYPE minimum, const DESTTYPE maximum)$/", "language": "C++", "typeref": "typename:void", "kind": "function", "signature": "(DESTTYPE & value,const DESTTYPE minimum,const DESTTYPE maximum)", "scope": "WPEFramework::Crypto", "scopeKind": "namespace"}, {"_type": "tag", "name": "WPEFramework", "path": "/home/kavia/workspace/code-generation/app-gateway2/__import__/extracted/app-gateway2-cga-cmf8e7ba8d/dependencies/install/include/WPEFramework/cryptalgo/Random.h", "pattern": "/^namespace WPEFramework {$/", "language": "C++", "kind": "namespace"}, {"_type": "tag", "name": "__RANDOM_H", "path": "/home/kavia/workspace/code-generation/app-gateway2/__import__/extracted/app-gateway2-cga-cmf8e7ba8d/dependencies/install/include/WPEFramework/cryptalgo/Random.h", "pattern": "/^#define __RANDOM_H$/", "language": "C++", "kind": "macro"}], "hash": "e2b3826e358d1e0ebee53a1497a7b689", "format-version": 4, "code-base-name": "app-gateway2", "filename": "__import__/extracted/app-gateway2-cga-cmf8e7ba8d/dependencies/install/include/WPEFramework/cryptalgo/Random.h", "revision_history": [{"3956": "0f87a35b32215bc8547fb583d6c84bd51f603f69"}]}