{"is_source_file": true, "format": "C++ header file", "description": "This file defines serialization utility functions and classes within the WPEFramework project's 'Core' namespace. It includes functions for converting various data types to and from strings, handling Unicode and different platform specifics, and provides serialization mechanisms such as hexadecimal and Base64 encoding. It also declares a nested template class 'ParserType' for parsing serialized data streams.", "external_files": ["Module.h", "Number.h", "Portability.h", "TextFragment.h"], "external_methods": ["::mbstowcs", "::mbtowc", "::wcsrtombs", "::wctomb", "NumberType<uint8_t>::Convert", "NumberType<int8_t>::Convert", "NumberType<uint16_t>::Convert", "NumberType<int16_t>::Convert", "NumberType<uint32_t>::Convert", "NumberType<int32_t>::Convert", "NumberType<uint64_t>::Convert", "NumberType<int64_t>::Convert", "_tcsnicmp", "ASSERT", "TextFragment"], "published": ["ToCharacter", "ToString", "FromString", "ToHexString", "FromHexString", "ToString (Base64)", "FromString (Base64)", "CodePointToUTF16", "UTF16ToCodePoint", "ToCodePoint", "FromCodePoint", "ToQuotedString", "Serialize::ParserType"], "classes": [{"name": "Serialize::ParserType", "description": "A template class for parsing serialized text streams, handling states such as loading, quoting, and line termination. It manages internal buffer and state, and communicates with a parent handler."}], "methods": [{"name": "int ToCharacter(const char * character,TCHAR converted[],unsigned int count)", "description": "Converts a character string to a platform-specific TCHAR character, handling Unicode and platform differences.", "scope": "WPEFramework::Core", "scopeKind": "namespace"}, {"name": "std::string ToString(const string & realstring)", "description": "Converts various data types to their string representations, considering Unicode and ASCII modes.", "scope": "WPEFramework::Core", "scopeKind": "namespace"}, {"name": "bool FromString(const string & newValue,bool & object)", "description": "Parses string representations back into data types.", "scope": "WPEFramework::Core", "scopeKind": "namespace"}, {"name": "ToHexString", "description": "Serializes binary buffers into hexadecimal string format."}, {"name": "FromHexString", "description": "Deserializes hexadecimal strings into binary buffers."}, {"name": "ToString (Base64)", "description": "Serializes binary buffers into Base64 string format."}, {"name": "FromString (Base64)", "description": "Deserializes Base64 strings into binary buffers."}, {"name": "bool FromString(const string & newValue,int16_t & object)", "scope": "WPEFramework::Core", "scopeKind": "namespace", "description": "unavailable"}, {"name": "bool FromString(const string & newValue,int32_t & object)", "scope": "WPEFramework::Core", "scopeKind": "namespace", "description": "unavailable"}, {"name": "bool FromString(const string & newValue,int64_t & object)", "scope": "WPEFramework::Core", "scopeKind": "namespace", "description": "unavailable"}, {"name": "bool FromString(const string & newValue,int8_t & object)", "scope": "WPEFramework::Core", "scopeKind": "namespace", "description": "unavailable"}, {"name": "bool FromString(const string & newValue,uint16_t & object)", "scope": "WPEFramework::Core", "scopeKind": "namespace", "description": "unavailable"}, {"name": "bool FromString(const string & newValue,uint32_t & object)", "scope": "WPEFramework::Core", "scopeKind": "namespace", "description": "unavailable"}, {"name": "bool FromString(const string & newValue,uint64_t & object)", "scope": "WPEFramework::Core", "scopeKind": "namespace", "description": "unavailable"}, {"name": "bool FromString(const string & newValue,uint8_t & object)", "scope": "WPEFramework::Core", "scopeKind": "namespace", "description": "unavailable"}, {"name": "ParserType(HANDLER & parent)", "scope": "WPEFramework::Core::Serialize::ParserType", "scopeKind": "class", "description": "unavailable"}, {"name": "void Quote()", "scope": "WPEFramework::Core::Serialize::ParserType", "scopeKind": "class", "description": "unavailable"}, {"name": "uint16_t Serialize(const uint8_t[],const uint16_t maxLength)", "scope": "WPEFramework::Core::Serialize::ParserType", "scopeKind": "class", "description": "unavailable"}, {"name": "void SubmitLine(const TextFragment & dataSet)", "scope": "WPEFramework::Core::Serialize::ParserType", "scopeKind": "class", "description": "unavailable"}, {"name": "void SubmitPart(const TextFragment & dataSet)", "scope": "WPEFramework::Core::Serialize::ParserType", "scopeKind": "class", "description": "unavailable"}, {"name": "void SubmitWord(const TextFragment & dataSet)", "scope": "WPEFramework::Core::Serialize::ParserType", "scopeKind": "class", "description": "unavailable"}, {"name": "int ToCharacter(const wchar_t * character,TCHAR converted[],unsigned int)", "scope": "WPEFramework::Core", "scopeKind": "namespace", "description": "unavailable"}, {"name": "string ToString(const bool object,const bool uppercase=false)", "scope": "WPEFramework::Core", "scopeKind": "namespace", "description": "unavailable"}, {"name": "string ToString(const char realstring[])", "scope": "WPEFramework::Core", "scopeKind": "namespace", "description": "unavailable"}, {"name": "string ToString(const int16_t & object)", "scope": "WPEFramework::Core", "scopeKind": "namespace", "description": "unavailable"}, {"name": "string ToString(const int32_t & object)", "scope": "WPEFramework::Core", "scopeKind": "namespace", "description": "unavailable"}, {"name": "string ToString(const int64_t & object)", "scope": "WPEFramework::Core", "scopeKind": "namespace", "description": "unavailable"}, {"name": "string ToString(const int8_t & object)", "scope": "WPEFramework::Core", "scopeKind": "namespace", "description": "unavailable"}, {"name": "string ToString(const uint16_t & object)", "scope": "WPEFramework::Core", "scopeKind": "namespace", "description": "unavailable"}, {"name": "string ToString(const uint32_t & object)", "scope": "WPEFramework::Core", "scopeKind": "namespace", "description": "unavailable"}, {"name": "string ToString(const uint64_t & object)", "scope": "WPEFramework::Core", "scopeKind": "namespace", "description": "unavailable"}, {"name": "string ToString(const uint8_t & object)", "scope": "WPEFramework::Core", "scopeKind": "namespace", "description": "unavailable"}, {"name": "string ToString(const wchar_t realstring[])", "scope": "WPEFramework::Core", "scopeKind": "namespace", "description": "unavailable"}, {"name": "void ToString(const char realstring[],std::string & result)", "scope": "WPEFramework::Core", "scopeKind": "namespace", "description": "unavailable"}, {"name": "void ToString(const wchar_t realstring[],std::wstring & result)", "scope": "WPEFramework::Core", "scopeKind": "namespace", "description": "unavailable"}, {"name": "~ParserType()", "scope": "WPEFramework::Core::Serialize::ParserType", "scopeKind": "class", "description": "unavailable"}], "calls": ["::mbstowcs", "::mbtowc", "::wcsrtombs", "::wctomb", "NumberType<uint8_t>::Convert", "NumberType<int8_t>::Convert", "NumberType<uint16_t>::Convert", "NumberType<int16_t>::Convert", "NumberType<uint32_t>::Convert", "NumberType<int32_t>::Convert", "NumberType<uint64_t>::Convert", "NumberType<int64_t>::Convert", "_tcsnicmp", "ASSERT", "TextFragment"], "search-terms": ["Serialization", "Core::Serialize", "ToString", "FromString", "Hex", "Base64", "ParserType", "TextFragment"], "state": 2, "file_id": 1436, "knowledge_revision": 4044, "git_revision": "0f87a35b32215bc8547fb583d6c84bd51f603f69", "ctags": [{"_type": "tag", "name": "CLOSE_LINE", "path": "/home/kavia/workspace/code-generation/app-gateway2/__import__/extracted/app-gateway2-cga-cmf8e7ba8d/dependencies/install/include/WPEFramework/core/Serialization.h", "pattern": "/^                CLOSE_LINE = 0x08,$/", "language": "C++", "kind": "enumerator", "scope": "WPEFramework::Core::Serialize::ParserType::ParseState", "scopeKind": "enum"}, {"_type": "tag", "name": "CLOSE_WHITESPACE", "path": "/home/kavia/workspace/code-generation/app-gateway2/__import__/extracted/app-gateway2-cga-cmf8e7ba8d/dependencies/install/include/WPEFramework/core/Serialization.h", "pattern": "/^                CLOSE_WHITESPACE = 0x04,$/", "language": "C++", "kind": "enumerator", "scope": "WPEFramework::Core::Serialize::ParserType::ParseState", "scopeKind": "enum"}, {"_type": "tag", "name": "Core", "path": "/home/kavia/workspace/code-generation/app-gateway2/__import__/extracted/app-gateway2-cga-cmf8e7ba8d/dependencies/install/include/WPEFramework/core/Serialization.h", "pattern": "/^namespace Core {$/", "language": "C++", "kind": "namespace", "scope": "WPEFramework", "scopeKind": "namespace"}, {"_type": "tag", "name": "FromString", "path": "/home/kavia/workspace/code-generation/app-gateway2/__import__/extracted/app-gateway2-cga-cmf8e7ba8d/dependencies/install/include/WPEFramework/core/Serialization.h", "pattern": "/^    inline bool FromString(const string& newValue, bool& object)$/", "language": "C++", "typeref": "typename:bool", "kind": "function", "signature": "(const string & newValue,bool & object)", "scope": "WPEFramework::Core", "scopeKind": "namespace"}, {"_type": "tag", "name": "FromString", "path": "/home/kavia/workspace/code-generation/app-gateway2/__import__/extracted/app-gateway2-cga-cmf8e7ba8d/dependencies/install/include/WPEFramework/core/Serialization.h", "pattern": "/^    inline bool FromString(const string& newValue, int16_t& object)$/", "language": "C++", "typeref": "typename:bool", "kind": "function", "signature": "(const string & newValue,int16_t & object)", "scope": "WPEFramework::Core", "scopeKind": "namespace"}, {"_type": "tag", "name": "FromString", "path": "/home/kavia/workspace/code-generation/app-gateway2/__import__/extracted/app-gateway2-cga-cmf8e7ba8d/dependencies/install/include/WPEFramework/core/Serialization.h", "pattern": "/^    inline bool FromString(const string& newValue, int32_t& object)$/", "language": "C++", "typeref": "typename:bool", "kind": "function", "signature": "(const string & newValue,int32_t & object)", "scope": "WPEFramework::Core", "scopeKind": "namespace"}, {"_type": "tag", "name": "FromString", "path": "/home/kavia/workspace/code-generation/app-gateway2/__import__/extracted/app-gateway2-cga-cmf8e7ba8d/dependencies/install/include/WPEFramework/core/Serialization.h", "pattern": "/^    inline bool FromString(const string& newValue, int64_t& object)$/", "language": "C++", "typeref": "typename:bool", "kind": "function", "signature": "(const string & newValue,int64_t & object)", "scope": "WPEFramework::Core", "scopeKind": "namespace"}, {"_type": "tag", "name": "FromString", "path": "/home/kavia/workspace/code-generation/app-gateway2/__import__/extracted/app-gateway2-cga-cmf8e7ba8d/dependencies/install/include/WPEFramework/core/Serialization.h", "pattern": "/^    inline bool FromString(const string& newValue, int8_t& object)$/", "language": "C++", "typeref": "typename:bool", "kind": "function", "signature": "(const string & newValue,int8_t & object)", "scope": "WPEFramework::Core", "scopeKind": "namespace"}, {"_type": "tag", "name": "FromString", "path": "/home/kavia/workspace/code-generation/app-gateway2/__import__/extracted/app-gateway2-cga-cmf8e7ba8d/dependencies/install/include/WPEFramework/core/Serialization.h", "pattern": "/^    inline bool FromString(const string& newValue, uint16_t& object)$/", "language": "C++", "typeref": "typename:bool", "kind": "function", "signature": "(const string & newValue,uint16_t & object)", "scope": "WPEFramework::Core", "scopeKind": "namespace"}, {"_type": "tag", "name": "FromString", "path": "/home/kavia/workspace/code-generation/app-gateway2/__import__/extracted/app-gateway2-cga-cmf8e7ba8d/dependencies/install/include/WPEFramework/core/Serialization.h", "pattern": "/^    inline bool FromString(const string& newValue, uint32_t& object)$/", "language": "C++", "typeref": "typename:bool", "kind": "function", "signature": "(const string & newValue,uint32_t & object)", "scope": "WPEFramework::Core", "scopeKind": "namespace"}, {"_type": "tag", "name": "FromString", "path": "/home/kavia/workspace/code-generation/app-gateway2/__import__/extracted/app-gateway2-cga-cmf8e7ba8d/dependencies/install/include/WPEFramework/core/Serialization.h", "pattern": "/^    inline bool FromString(const string& newValue, uint64_t& object)$/", "language": "C++", "typeref": "typename:bool", "kind": "function", "signature": "(const string & newValue,uint64_t & object)", "scope": "WPEFramework::Core", "scopeKind": "namespace"}, {"_type": "tag", "name": "FromString", "path": "/home/kavia/workspace/code-generation/app-gateway2/__import__/extracted/app-gateway2-cga-cmf8e7ba8d/dependencies/install/include/WPEFramework/core/Serialization.h", "pattern": "/^    inline bool FromString(const string& newValue, uint8_t& object)$/", "language": "C++", "typeref": "typename:bool", "kind": "function", "signature": "(const string & newValue,uint8_t & object)", "scope": "WPEFramework::Core", "scopeKind": "namespace"}, {"_type": "tag", "name": "LOADED", "path": "/home/kavia/workspace/code-generation/app-gateway2/__import__/extracted/app-gateway2-cga-cmf8e7ba8d/dependencies/install/include/WPEFramework/core/Serialization.h", "pattern": "/^                LOADED = 0x01,$/", "language": "C++", "kind": "enumerator", "scope": "WPEFramework::Core::Serialize::ParserType::ParseState", "scopeKind": "enum"}, {"_type": "tag", "name": "ParseState", "path": "/home/kavia/workspace/code-generation/app-gateway2/__import__/extracted/app-gateway2-cga-cmf8e7ba8d/dependencies/install/include/WPEFramework/core/Serialization.h", "pattern": "/^            enum ParseState {$/", "language": "C++", "kind": "enum", "scope": "WPEFramework::Core::Serialize::ParserType", "scopeKind": "class"}, {"_type": "tag", "name": "ParserType", "path": "/home/kavia/workspace/code-generation/app-gateway2/__import__/extracted/app-gateway2-cga-cmf8e7ba8d/dependencies/install/include/WPEFramework/core/Serialization.h", "pattern": "/^            ParserType(HANDLER& parent)$/", "language": "C++", "kind": "function", "signature": "(HANDLER & parent)", "scope": "WPEFramework::Core::Serialize::ParserType", "scopeKind": "class"}, {"_type": "tag", "name": "ParserType", "path": "/home/kavia/workspace/code-generation/app-gateway2/__import__/extracted/app-gateway2-cga-cmf8e7ba8d/dependencies/install/include/WPEFramework/core/Serialization.h", "pattern": "/^        class ParserType {$/", "language": "C++", "kind": "class", "scope": "WPEFramework::Core::Serialize", "scopeKind": "namespace"}, {"_type": "tag", "name": "QUOTED", "path": "/home/kavia/workspace/code-generation/app-gateway2/__import__/extracted/app-gateway2-cga-cmf8e7ba8d/dependencies/install/include/WPEFramework/core/Serialization.h", "pattern": "/^                QUOTED = 0x02,$/", "language": "C++", "kind": "enumerator", "scope": "WPEFramework::Core::Serialize::ParserType::ParseState", "scopeKind": "enum"}, {"_type": "tag", "name": "QUOTE_ACTIVE", "path": "/home/kavia/workspace/code-generation/app-gateway2/__import__/extracted/app-gateway2-cga-cmf8e7ba8d/dependencies/install/include/WPEFramework/core/Serialization.h", "pattern": "/^                QUOTE_ACTIVE = 0x10$/", "language": "C++", "kind": "enumerator", "scope": "WPEFramework::Core::Serialize::ParserType::ParseState", "scopeKind": "enum"}, {"_type": "tag", "name": "Quote", "path": "/home/kavia/workspace/code-generation/app-gateway2/__import__/extracted/app-gateway2-cga-cmf8e7ba8d/dependencies/install/include/WPEFramework/core/Serialization.h", "pattern": "/^            inline void Quote()$/", "language": "C++", "typeref": "typename:void", "kind": "function", "signature": "()", "scope": "WPEFramework::Core::Serialize::ParserType", "scopeKind": "class"}, {"_type": "tag", "name": "Serialize", "path": "/home/kavia/workspace/code-generation/app-gateway2/__import__/extracted/app-gateway2-cga-cmf8e7ba8d/dependencies/install/include/WPEFramework/core/Serialization.h", "pattern": "/^            uint16_t Serialize(const uint8_t[] \\/*stream*\\/, const uint16_t maxLength)$/", "language": "C++", "typeref": "typename:uint16_t", "kind": "function", "signature": "(const uint8_t[],const uint16_t maxLength)", "scope": "WPEFramework::Core::Serialize::ParserType", "scopeKind": "class"}, {"_type": "tag", "name": "Serialize", "path": "/home/kavia/workspace/code-generation/app-gateway2/__import__/extracted/app-gateway2-cga-cmf8e7ba8d/dependencies/install/include/WPEFramework/core/Serialization.h", "pattern": "/^    namespace Serialize {$/", "language": "C++", "kind": "namespace", "scope": "WPEFramework::Core", "scopeKind": "namespace"}, {"_type": "tag", "name": "SubmitLine", "path": "/home/kavia/workspace/code-generation/app-gateway2/__import__/extracted/app-gateway2-cga-cmf8e7ba8d/dependencies/install/include/WPEFramework/core/Serialization.h", "pattern": "/^            void SubmitLine(const TextFragment& dataSet)$/", "language": "C++", "typeref": "typename:void", "kind": "function", "signature": "(const TextFragment & dataSet)", "scope": "WPEFramework::Core::Serialize::ParserType", "scopeKind": "class"}, {"_type": "tag", "name": "SubmitPart", "path": "/home/kavia/workspace/code-generation/app-gateway2/__import__/extracted/app-gateway2-cga-cmf8e7ba8d/dependencies/install/include/WPEFramework/core/Serialization.h", "pattern": "/^            void SubmitPart(const TextFragment& dataSet)$/", "language": "C++", "typeref": "typename:void", "kind": "function", "signature": "(const TextFragment & dataSet)", "scope": "WPEFramework::Core::Serialize::ParserType", "scopeKind": "class"}, {"_type": "tag", "name": "SubmitWord", "path": "/home/kavia/workspace/code-generation/app-gateway2/__import__/extracted/app-gateway2-cga-cmf8e7ba8d/dependencies/install/include/WPEFramework/core/Serialization.h", "pattern": "/^            void SubmitWord(const TextFragment& dataSet)$/", "language": "C++", "typeref": "typename:void", "kind": "function", "signature": "(const TextFragment & dataSet)", "scope": "WPEFramework::Core::Serialize::ParserType", "scopeKind": "class"}, {"_type": "tag", "name": "ToCharacter", "path": "/home/kavia/workspace/code-generation/app-gateway2/__import__/extracted/app-gateway2-cga-cmf8e7ba8d/dependencies/install/include/WPEFramework/core/Serialization.h", "pattern": "/^    inline int ToCharacter(const char* character, TCHAR converted[], unsigned int count)$/", "language": "C++", "typeref": "typename:int", "kind": "function", "signature": "(const char * character,TCHAR converted[],unsigned int count)", "scope": "WPEFramework::Core", "scopeKind": "namespace"}, {"_type": "tag", "name": "ToCharacter", "path": "/home/kavia/workspace/code-generation/app-gateway2/__import__/extracted/app-gateway2-cga-cmf8e7ba8d/dependencies/install/include/WPEFramework/core/Serialization.h", "pattern": "/^    inline int ToCharacter(const wchar_t* character, TCHAR converted[], unsigned int \\/* DUMMY J/", "language": "C++", "typeref": "typename:int", "kind": "function", "signature": "(const wchar_t * character,TCHAR converted[],unsigned int)", "scope": "WPEFramework::Core", "scopeKind": "namespace"}, {"_type": "tag", "name": "ToString", "path": "/home/kavia/workspace/code-generation/app-gateway2/__import__/extracted/app-gateway2-cga-cmf8e7ba8d/dependencies/install/include/WPEFramework/core/Serialization.h", "pattern": "/^    inline std::string ToString(const string& realstring)$/", "language": "C++", "typeref": "typename:std::string", "kind": "function", "signature": "(const string & realstring)", "scope": "WPEFramework::Core", "scopeKind": "namespace"}, {"_type": "tag", "name": "ToString", "path": "/home/kavia/workspace/code-generation/app-gateway2/__import__/extracted/app-gateway2-cga-cmf8e7ba8d/dependencies/install/include/WPEFramework/core/Serialization.h", "pattern": "/^    inline string ToString(const bool object, const bool uppercase = false)$/", "language": "C++", "typeref": "typename:string", "kind": "function", "signature": "(const bool object,const bool uppercase=false)", "scope": "WPEFramework::Core", "scopeKind": "namespace"}, {"_type": "tag", "name": "ToString", "path": "/home/kavia/workspace/code-generation/app-gateway2/__import__/extracted/app-gateway2-cga-cmf8e7ba8d/dependencies/install/include/WPEFramework/core/Serialization.h", "pattern": "/^    inline string ToString(const char realstring[])$/", "language": "C++", "typeref": "typename:string", "kind": "function", "signature": "(const char realstring[])", "scope": "WPEFramework::Core", "scopeKind": "namespace"}, {"_type": "tag", "name": "ToString", "path": "/home/kavia/workspace/code-generation/app-gateway2/__import__/extracted/app-gateway2-cga-cmf8e7ba8d/dependencies/install/include/WPEFramework/core/Serialization.h", "pattern": "/^    inline string ToString(const int16_t& object)$/", "language": "C++", "typeref": "typename:string", "kind": "function", "signature": "(const int16_t & object)", "scope": "WPEFramework::Core", "scopeKind": "namespace"}, {"_type": "tag", "name": "ToString", "path": "/home/kavia/workspace/code-generation/app-gateway2/__import__/extracted/app-gateway2-cga-cmf8e7ba8d/dependencies/install/include/WPEFramework/core/Serialization.h", "pattern": "/^    inline string ToString(const int32_t& object)$/", "language": "C++", "typeref": "typename:string", "kind": "function", "signature": "(const int32_t & object)", "scope": "WPEFramework::Core", "scopeKind": "namespace"}, {"_type": "tag", "name": "ToString", "path": "/home/kavia/workspace/code-generation/app-gateway2/__import__/extracted/app-gateway2-cga-cmf8e7ba8d/dependencies/install/include/WPEFramework/core/Serialization.h", "pattern": "/^    inline string ToString(const int64_t& object)$/", "language": "C++", "typeref": "typename:string", "kind": "function", "signature": "(const int64_t & object)", "scope": "WPEFramework::Core", "scopeKind": "namespace"}, {"_type": "tag", "name": "ToString", "path": "/home/kavia/workspace/code-generation/app-gateway2/__import__/extracted/app-gateway2-cga-cmf8e7ba8d/dependencies/install/include/WPEFramework/core/Serialization.h", "pattern": "/^    inline string ToString(const int8_t& object)$/", "language": "C++", "typeref": "typename:string", "kind": "function", "signature": "(const int8_t & object)", "scope": "WPEFramework::Core", "scopeKind": "namespace"}, {"_type": "tag", "name": "ToString", "path": "/home/kavia/workspace/code-generation/app-gateway2/__import__/extracted/app-gateway2-cga-cmf8e7ba8d/dependencies/install/include/WPEFramework/core/Serialization.h", "pattern": "/^    inline string ToString(const uint16_t& object)$/", "language": "C++", "typeref": "typename:string", "kind": "function", "signature": "(const uint16_t & object)", "scope": "WPEFramework::Core", "scopeKind": "namespace"}, {"_type": "tag", "name": "ToString", "path": "/home/kavia/workspace/code-generation/app-gateway2/__import__/extracted/app-gateway2-cga-cmf8e7ba8d/dependencies/install/include/WPEFramework/core/Serialization.h", "pattern": "/^    inline string ToString(const uint32_t& object)$/", "language": "C++", "typeref": "typename:string", "kind": "function", "signature": "(const uint32_t & object)", "scope": "WPEFramework::Core", "scopeKind": "namespace"}, {"_type": "tag", "name": "ToString", "path": "/home/kavia/workspace/code-generation/app-gateway2/__import__/extracted/app-gateway2-cga-cmf8e7ba8d/dependencies/install/include/WPEFramework/core/Serialization.h", "pattern": "/^    inline string ToString(const uint64_t& object)$/", "language": "C++", "typeref": "typename:string", "kind": "function", "signature": "(const uint64_t & object)", "scope": "WPEFramework::Core", "scopeKind": "namespace"}, {"_type": "tag", "name": "ToString", "path": "/home/kavia/workspace/code-generation/app-gateway2/__import__/extracted/app-gateway2-cga-cmf8e7ba8d/dependencies/install/include/WPEFramework/core/Serialization.h", "pattern": "/^    inline string ToString(const uint8_t& object)$/", "language": "C++", "typeref": "typename:string", "kind": "function", "signature": "(const uint8_t & object)", "scope": "WPEFramework::Core", "scopeKind": "namespace"}, {"_type": "tag", "name": "ToString", "path": "/home/kavia/workspace/code-generation/app-gateway2/__import__/extracted/app-gateway2-cga-cmf8e7ba8d/dependencies/install/include/WPEFramework/core/Serialization.h", "pattern": "/^    inline string ToString(const wchar_t realstring[])$/", "language": "C++", "typeref": "typename:string", "kind": "function", "signature": "(const wchar_t realstring[])", "scope": "WPEFramework::Core", "scopeKind": "namespace"}, {"_type": "tag", "name": "ToString", "path": "/home/kavia/workspace/code-generation/app-gateway2/__import__/extracted/app-gateway2-cga-cmf8e7ba8d/dependencies/install/include/WPEFramework/core/Serialization.h", "pattern": "/^    inline void ToString(const char realstring[], std::string& result)$/", "language": "C++", "typeref": "typename:void", "kind": "function", "signature": "(const char realstring[],std::string & result)", "scope": "WPEFramework::Core", "scopeKind": "namespace"}, {"_type": "tag", "name": "ToString", "path": "/home/kavia/workspace/code-generation/app-gateway2/__import__/extracted/app-gateway2-cga-cmf8e7ba8d/dependencies/install/include/WPEFramework/core/Serialization.h", "pattern": "/^    inline void ToString(const wchar_t realstring[], std::wstring& result)$/", "language": "C++", "typeref": "typename:void", "kind": "function", "signature": "(const wchar_t realstring[],std::wstring & result)", "scope": "WPEFramework::Core", "scopeKind": "namespace"}, {"_type": "tag", "name": "WPEFramework", "path": "/home/kavia/workspace/code-generation/app-gateway2/__import__/extracted/app-gateway2-cga-cmf8e7ba8d/dependencies/install/include/WPEFramework/core/Serialization.h", "pattern": "/^namespace WPEFramework {$/", "language": "C++", "kind": "namespace"}, {"_type": "tag", "name": "__SERIALIZATION_H", "path": "/home/kavia/workspace/code-generation/app-gateway2/__import__/extracted/app-gateway2-cga-cmf8e7ba8d/dependencies/install/include/WPEFramework/core/Serialization.h", "pattern": "/^#define __SERIALIZATION_H$/", "language": "C++", "kind": "macro"}, {"_type": "tag", "name": "_buffer", "path": "/home/kavia/workspace/code-generation/app-gateway2/__import__/extracted/app-gateway2-cga-cmf8e7ba8d/dependencies/install/include/WPEFramework/core/Serialization.h", "pattern": "/^            TextFragment _buffer;$/", "language": "C++", "typeref": "typename:TextFragment", "kind": "member", "scope": "WPEFramework::Core::Serialize::ParserType", "scopeKind": "class"}, {"_type": "tag", "name": "_locator", "path": "/home/kavia/workspace/code-generation/app-gateway2/__import__/extracted/app-gateway2-cga-cmf8e7ba8d/dependencies/install/include/WPEFramework/core/Serialization.h", "pattern": "/^            uint32_t _locator;$/", "language": "C++", "typeref": "typename:uint32_t", "kind": "member", "scope": "WPEFramework::Core::Serialize::ParserType", "scopeKind": "class"}, {"_type": "tag", "name": "_parent", "path": "/home/kavia/workspace/code-generation/app-gateway2/__import__/extracted/app-gateway2-cga-cmf8e7ba8d/dependencies/install/include/WPEFramework/core/Serialization.h", "pattern": "/^            HANDLER& _parent;$/", "language": "C++", "typeref": "typename:HANDLER &", "kind": "member", "scope": "WPEFramework::Core::Serialize::ParserType", "scopeKind": "class"}, {"_type": "tag", "name": "_state", "path": "/home/kavia/workspace/code-generation/app-gateway2/__import__/extracted/app-gateway2-cga-cmf8e7ba8d/dependencies/install/include/WPEFramework/core/Serialization.h", "pattern": "/^            uint8_t _state;$/", "language": "C++", "typeref": "typename:uint8_t", "kind": "member", "scope": "WPEFramework::Core::Serialize::ParserType", "scopeKind": "class"}, {"_type": "tag", "name": "_terminator", "path": "/home/kavia/workspace/code-generation/app-gateway2/__import__/extracted/app-gateway2-cga-cmf8e7ba8d/dependencies/install/include/WPEFramework/core/Serialization.h", "pattern": "/^            TEXTTERMINATOR _terminator;$/", "language": "C++", "typeref": "typename:TEXTTERMINATOR", "kind": "member", "scope": "WPEFramework::Core::Serialize::ParserType", "scopeKind": "class"}, {"_type": "tag", "name": "~ParserType", "path": "/home/kavia/workspace/code-generation/app-gateway2/__import__/extracted/app-gateway2-cga-cmf8e7ba8d/dependencies/install/include/WPEFramework/core/Serialization.h", "pattern": "/^            ~ParserType()$/", "language": "C++", "kind": "function", "signature": "()", "scope": "WPEFramework::Core::Serialize::ParserType", "scopeKind": "class"}], "hash": "0ee257bb2bfb64c80c10f174607fc3ba", "format-version": 4, "code-base-name": "app-gateway2", "filename": "__import__/extracted/app-gateway2-cga-cmf8e7ba8d/dependencies/install/include/WPEFramework/core/Serialization.h", "fields": [{"name": "TextFragment _buffer", "scope": "WPEFramework::Core::Serialize::ParserType", "scopeKind": "class", "description": "unavailable"}, {"name": "uint32_t _locator", "scope": "WPEFramework::Core::Serialize::ParserType", "scopeKind": "class", "description": "unavailable"}, {"name": "HANDLER & _parent", "scope": "WPEFramework::Core::Serialize::ParserType", "scopeKind": "class", "description": "unavailable"}, {"name": "uint8_t _state", "scope": "WPEFramework::Core::Serialize::ParserType", "scopeKind": "class", "description": "unavailable"}, {"name": "TEXTTERMINATOR _terminator", "scope": "WPEFramework::Core::Serialize::ParserType", "scopeKind": "class", "description": "unavailable"}], "revision_history": [{"4044": "0f87a35b32215bc8547fb583d6c84bd51f603f69"}]}