{"is_source_file": true, "format": "C++", "description": "This file contains the definition of the WebSocketConnectionManager class, which manages WebSocket connections, JSON-RPC messaging, connection contexts, and WebSocket server/channel classes. It includes configuration, factory pattern implementations, server lifecycle management, message processing, authentication, and disconnection handling.", "external_files": ["plugins/plugins.h", "UtilsLogging.h", "WebSocketLink.h"], "external_methods": ["Core::ProxyType<Core::JSON::IElement> Core::FactoryType<Core::JSON::IElement, char *>::Element", "Core::ProxyType<Web::JSONBodyType<Core::JSONRPC::Message>> JSONObjectFactory::_jsonRPCFactory.Element", "Link().Query()", "Link().Close()", "Link().NotifyDisconnect()", "Link().StoreContext()", "Link().GetContext()", "Link().ClearContext()", "mChannel->Submit()"], "published": ["WebSocketConnectionManager::SetMessageHandler", "WebSocketConnectionManager::SetAuthHandler", "WebSocketConnectionManager::SetDisconnectHandler", "WebSocketConnectionManager::SendMessageToConnection", "WebSocketConnectionManager::Start", "WebSocketConnectionManager::Close", "WebSocketConnectionManager::NotifyDisconnect"], "classes": [{"name": "WebSocketConnectionManager", "description": "Manages WebSocket connections, JSON-RPC messaging, contexts, and server/channel lifecycle."}, {"name": "Config", "description": "Configuration container for WebSocket connection, including socket address."}, {"name": "JSONObjectFactory", "description": "Factory for creating JSON elements for WebSocket messages."}, {"name": "WebSocketServer", "description": "Implements a WebSocket server for handling WebSocket communication."}, {"name": "WebSocketChannel", "description": "Manages individual WebSocket client channels and connections."}], "methods": [{"name": "void SetMessageHandler(MessageHandler handler)", "description": "Sets a callback to handle incoming messages.", "scope": "WebSocketConnectionManager", "scopeKind": "class"}, {"name": "void SetAuthHandler(AuthHandler handler)", "description": "Sets a callback to handle authentication.", "scope": "WebSocketConnectionManager", "scopeKind": "class"}, {"name": "void SetDisconnectHandler(DisconnectHandler handler)", "description": "Sets a callback to handle disconnection events.", "scope": "WebSocketConnectionManager", "scopeKind": "class"}, {"name": "bool SendMessageToConnection(const uint32_t connectionId,const std::string & result,const int requestId)", "description": "Sends a JSON-RPC message to a specific connection identified by connectionId.", "scope": "WebSocketConnectionManager", "scopeKind": "class"}, {"name": "bool Start(const Core::NodeId & remoteNode)", "description": "Starts the WebSocket server/channel with a specified remote NodeId.", "scope": "WebSocketConnectionManager", "scopeKind": "class"}, {"name": "void Close(const uint32_t connectionId)", "description": "Closes a WebSocket connection for the given connectionId.", "scope": "WebSocketConnectionManager", "scopeKind": "class"}, {"name": "void NotifyDisconnect(const uint32_t connectionId)", "description": "Handles disconnection notification: calls registered handler and clears context.", "scope": "WebSocketConnectionManager", "scopeKind": "class"}, {"name": "void AddToPending(Core::ProxyType<Core::JSONRPC::Message> & element)", "scope": "WebSocketConnectionManager::WebSocketServer", "scopeKind": "class", "description": "unavailable"}, {"name": "void ClearContext(uint32_t connectionId)", "scope": "WebSocketConnectionManager", "scopeKind": "class", "description": "unavailable"}, {"name": "Config(const std::string socketAddress=DEFAULT_SOCKET_ADDRESS)", "scope": "WebSocketConnectionManager::Config", "scopeKind": "class", "description": "unavailable"}, {"name": "Core::ProxyType<Core::JSON::IElement> Element(const string & identifier VARIABLE_IS_NOT_USED)", "scope": "WebSocketConnectionManager::JSONObjectFactory", "scopeKind": "class", "description": "unavailable"}, {"name": "void FromMessage(Core::JSON::IElement * jsonObject,const Core::ProxyType<Core::JSONRPC::Message> & message)", "scope": "WebSocketConnectionManager::WebSocketServer", "scopeKind": "class", "description": "unavailable"}, {"name": "bool GetContext(uint32_t connectionId,Context & ctx)", "scope": "WebSocketConnectionManager", "scopeKind": "class", "description": "unavailable"}, {"name": "uint32_t Id()", "scope": "WebSocketConnectionManager::WebSocketServer", "scopeKind": "class", "description": "unavailable"}, {"name": "void Id(const uint32_t id)", "scope": "WebSocketConnectionManager::WebSocketServer", "scopeKind": "class", "description": "unavailable"}, {"name": "JSONObjectFactory & Instance()", "scope": "WebSocketConnectionManager::JSONObjectFactory", "scopeKind": "class", "description": "unavailable"}, {"name": "WebSocketConnectionManager & Interface()", "scope": "WebSocketConnectionManager::WebSocketChannel", "scopeKind": "class", "description": "unavailable"}, {"name": "bool IsIdle()", "scope": "WebSocketConnectionManager::WebSocketServer", "scopeKind": "class", "description": "unavailable"}, {"name": "JSONObjectFactory()", "scope": "WebSocketConnectionManager::JSONObjectFactory", "scopeKind": "class", "description": "unavailable"}, {"name": "void ProcessMessage(Core::ProxyType<Core::JSONRPC::Message> & message,uint32_t connectionId)", "scope": "WebSocketConnectionManager::WebSocketServer", "scopeKind": "class", "description": "unavailable"}, {"name": "void Received(Core::ProxyType<Core::JSON::IElement> & jsonObject)", "scope": "WebSocketConnectionManager::WebSocketServer", "scopeKind": "class", "description": "unavailable"}, {"name": "void Send(Core::ProxyType<Core::JSON::IElement> & jsonObject)", "scope": "WebSocketConnectionManager::WebSocketServer", "scopeKind": "class", "description": "unavailable"}, {"name": "void SendJSONRPCResponse(const std::string & result,int requestId,uint32_t connectionId)", "scope": "WebSocketConnectionManager::WebSocketServer", "scopeKind": "class", "description": "unavailable"}, {"name": "void StateChange()", "scope": "WebSocketConnectionManager::WebSocketServer", "scopeKind": "class", "description": "unavailable"}, {"name": "void StoreContext(const Context & ctx)", "scope": "WebSocketConnectionManager", "scopeKind": "class", "description": "unavailable"}, {"name": "void ToMessage(const Core::ProxyType<Core::JSON::IElement> & jsonObject)", "scope": "WebSocketConnectionManager::WebSocketServer", "scopeKind": "class", "description": "unavailable"}, {"name": "WebSocketChannel(const WPEFramework::Core::NodeId & remoteNode,WebSocketConnectionManager & parent)", "scope": "WebSocketConnectionManager::WebSocketChannel", "scopeKind": "class", "description": "unavailable"}, {"name": "WebSocketServer(const SOCKET & connector,const Core::NodeId & remoteNode,Core::SocketServerType<WebSocketServer> * parent)", "scope": "WebSocketConnectionManager::WebSocketServer", "scopeKind": "class", "description": "unavailable"}, {"name": "~WebSocketChannel()", "scope": "WebSocketConnectionManager::WebSocketChannel", "scopeKind": "class", "description": "unavailable"}, {"name": "~WebSocketConnectionManager()", "scope": "WebSocketConnectionManager", "scopeKind": "class", "description": "unavailable"}, {"name": "~WebSocketServer()", "scope": "WebSocketConnectionManager::WebSocketServer", "scopeKind": "class", "description": "unavailable"}], "calls": ["Core::ProxyType<Core::JSON::IElement> Core::FactoryType<Core::JSON::IElement, char *>::Element", "Core::ProxyType<Web::JSONBodyType<Core::JSONRPC::Message>> JSONObjectFactory::_jsonRPCFactory.Element", "LOGINFO", "LOGERR", "LOGDBG", "LOGWARN"], "search-terms": ["WebSocketConnectionManager", "WebSocketServer", "WebSocketChannel", "JSONRPC", "Context Management", "Message Handler", "AuthHandler", "Disconnection Handler", "Start WebSocket", "Connection ID"], "state": 2, "file_id": 1767, "knowledge_revision": 4366, "git_revision": "0f87a35b32215bc8547fb583d6c84bd51f603f69", "ctags": [{"_type": "tag", "name": "AddToPending", "path": "/home/kavia/workspace/code-generation/app-gateway2/__import__/extracted/app-gateway2-cga-cmf8e7ba8d/Supporting_Files/WsManager.h", "pattern": "/^        void AddToPending(Core::ProxyType<Core::JSONRPC::Message>& element)$/", "language": "C++", "typeref": "typename:void", "kind": "function", "signature": "(Core::ProxyType<Core::JSONRPC::Message> & element)", "scope": "WebSocketConnectionManager::WebSocketServer", "scopeKind": "class"}, {"_type": "tag", "name": "AuthHandler", "path": "/home/kavia/workspace/code-generation/app-gateway2/__import__/extracted/app-gateway2-cga-cmf8e7ba8d/Supporting_Files/WsManager.h", "pattern": "/^    using AuthHandler = std::function<bool(const uint32_t connectionId, const std::string& token/", "language": "C++", "kind": "typedef", "scope": "WebSocketConnectionManager", "scopeKind": "class"}, {"_type": "tag", "name": "BaseClass", "path": "/home/kavia/workspace/code-generation/app-gateway2/__import__/extracted/app-gateway2-cga-cmf8e7ba8d/Supporting_Files/WsManager.h", "pattern": "/^        typedef Core::StreamJSONType<Web::WebSocket::HWebSocketServerType<Core::SocketStream>, J/", "language": "C++", "typeref": "typename:Core::StreamJSONType<Web::WebSocket::HWebSocketServerType<Core::SocketStream>,JSONObjectFactory &,Core::JSON::IElement>", "kind": "typedef", "scope": "WebSocketConnectionManager::WebSocketServer", "scopeKind": "class"}, {"_type": "tag", "name": "ClearContext", "path": "/home/kavia/workspace/code-generation/app-gateway2/__import__/extracted/app-gateway2-cga-cmf8e7ba8d/Supporting_Files/WsManager.h", "pattern": "/^    void ClearContext(uint32_t connectionId)$/", "language": "C++", "typeref": "typename:void", "kind": "function", "signature": "(uint32_t connectionId)", "scope": "WebSocketConnectionManager", "scopeKind": "class"}, {"_type": "tag", "name": "Close", "path": "/home/kavia/workspace/code-generation/app-gateway2/__import__/extracted/app-gateway2-cga-cmf8e7ba8d/Supporting_Files/WsManager.h", "pattern": "/^    void Close(const uint32_t connectionId) {$/", "language": "C++", "typeref": "typename:void", "kind": "function", "signature": "(const uint32_t connectionId)", "scope": "WebSocketConnectionManager", "scopeKind": "class"}, {"_type": "tag", "name": "Config", "path": "/home/kavia/workspace/code-generation/app-gateway2/__import__/extracted/app-gateway2-cga-cmf8e7ba8d/Supporting_Files/WsManager.h", "pattern": "/^        Config(const std::string socketAddress = DEFAULT_SOCKET_ADDRESS)$/", "language": "C++", "kind": "function", "signature": "(const std::string socketAddress=DEFAULT_SOCKET_ADDRESS)", "scope": "WebSocketConnectionManager::Config", "scopeKind": "class"}, {"_type": "tag", "name": "Config", "path": "/home/kavia/workspace/code-generation/app-gateway2/__import__/extracted/app-gateway2-cga-cmf8e7ba8d/Supporting_Files/WsManager.h", "pattern": "/^    class Config : public Core::JSON::Container$/", "language": "C++", "kind": "class", "scope": "WebSocketConnectionManager", "scopeKind": "class"}, {"_type": "tag", "name": "Connector", "path": "/home/kavia/workspace/code-generation/app-gateway2/__import__/extracted/app-gateway2-cga-cmf8e7ba8d/Supporting_Files/WsManager.h", "pattern": "/^        Core::JSON::String Connector;$/", "language": "C++", "typeref": "typename:Core::JSON::String", "kind": "member", "scope": "WebSocketConnectionManager::Config", "scopeKind": "class"}, {"_type": "tag", "name": "Context", "path": "/home/kavia/workspace/code-generation/app-gateway2/__import__/extracted/app-gateway2-cga-cmf8e7ba8d/Supporting_Files/WsManager.h", "pattern": "/^    struct Context$/", "language": "C++", "kind": "struct", "scope": "WebSocketConnectionManager", "scopeKind": "class"}, {"_type": "tag", "name": "DEFAULT_SOCKET_ADDRESS", "path": "/home/kavia/workspace/code-generation/app-gateway2/__import__/extracted/app-gateway2-cga-cmf8e7ba8d/Supporting_Files/WsManager.h", "pattern": "/^#define DEFAULT_SOCKET_ADDRESS /", "language": "C++", "kind": "macro"}, {"_type": "tag", "name": "DisconnectHandler", "path": "/home/kavia/workspace/code-generation/app-gateway2/__import__/extracted/app-gateway2-cga-cmf8e7ba8d/Supporting_Files/WsManager.h", "pattern": "/^    using DisconnectHandler = std::function<void(const uint32_t connectionId)>;$/", "language": "C++", "kind": "typedef", "scope": "WebSocketConnectionManager", "scopeKind": "class"}, {"_type": "tag", "name": "Element", "path": "/home/kavia/workspace/code-generation/app-gateway2/__import__/extracted/app-gateway2-cga-cmf8e7ba8d/Supporting_Files/WsManager.h", "pattern": "/^        Core::ProxyType<Core::JSON::IElement> Element(const string &identifier VARIABLE_IS_NOT_U/", "language": "C++", "typeref": "typename:Core::ProxyType<Core::JSON::IElement>", "kind": "function", "signature": "(const string & identifier VARIABLE_IS_NOT_USED)", "scope": "WebSocketConnectionManager::JSONObjectFactory", "scopeKind": "class"}, {"_type": "tag", "name": "FromMessage", "path": "/home/kavia/workspace/code-generation/app-gateway2/__import__/extracted/app-gateway2-cga-cmf8e7ba8d/Supporting_Files/WsManager.h", "pattern": "/^        void FromMessage(Core::JSON::IElement *jsonObject, const Core::ProxyType<Core::JSONRPC::/", "language": "C++", "typeref": "typename:void", "kind": "function", "signature": "(Core::JSON::IElement * jsonObject,const Core::ProxyType<Core::JSONRPC::Message> & message)", "scope": "WebSocketConnectionManager::WebSocketServer", "scopeKind": "class"}, {"_type": "tag", "name": "GetContext", "path": "/home/kavia/workspace/code-generation/app-gateway2/__import__/extracted/app-gateway2-cga-cmf8e7ba8d/Supporting_Files/WsManager.h", "pattern": "/^    bool GetContext(uint32_t connectionId, Context &ctx)$/", "language": "C++", "typeref": "typename:bool", "kind": "function", "signature": "(uint32_t connectionId,Context & ctx)", "scope": "WebSocketConnectionManager", "scopeKind": "class"}, {"_type": "tag", "name": "Id", "path": "/home/kavia/workspace/code-generation/app-gateway2/__import__/extracted/app-gateway2-cga-cmf8e7ba8d/Supporting_Files/WsManager.h", "pattern": "/^        uint32_t Id() {$/", "language": "C++", "typeref": "typename:uint32_t", "kind": "function", "signature": "()", "scope": "WebSocketConnectionManager::WebSocketServer", "scopeKind": "class"}, {"_type": "tag", "name": "Id", "path": "/home/kavia/workspace/code-generation/app-gateway2/__import__/extracted/app-gateway2-cga-cmf8e7ba8d/Supporting_Files/WsManager.h", "pattern": "/^        void Id(const uint32_t id){$/", "language": "C++", "typeref": "typename:void", "kind": "function", "signature": "(const uint32_t id)", "scope": "WebSocketConnectionManager::WebSocketServer", "scopeKind": "class"}, {"_type": "tag", "name": "Instance", "path": "/home/kavia/workspace/code-generation/app-gateway2/__import__/extracted/app-gateway2-cga-cmf8e7ba8d/Supporting_Files/WsManager.h", "pattern": "/^        static JSONObjectFactory &Instance(){$/", "language": "C++", "typeref": "typename:JSONObjectFactory &", "kind": "function", "signature": "()", "scope": "WebSocketConnectionManager::JSONObjectFactory", "scopeKind": "class"}, {"_type": "tag", "name": "Interface", "path": "/home/kavia/workspace/code-generation/app-gateway2/__import__/extracted/app-gateway2-cga-cmf8e7ba8d/Supporting_Files/WsManager.h", "pattern": "/^        WebSocketConnectionManager &Interface() {$/", "language": "C++", "typeref": "typename:WebSocketConnectionManager &", "kind": "function", "signature": "()", "scope": "WebSocketConnectionManager::WebSocketChannel", "scopeKind": "class"}, {"_type": "tag", "name": "IsIdle", "path": "/home/kavia/workspace/code-generation/app-gateway2/__import__/extracted/app-gateway2-cga-cmf8e7ba8d/Supporting_Files/WsManager.h", "pattern": "/^        bool IsIdle(){$/", "language": "C++", "typeref": "typename:bool", "kind": "function", "signature": "()", "scope": "WebSocketConnectionManager::WebSocketServer", "scopeKind": "class"}, {"_type": "tag", "name": "JSONObjectFactory", "path": "/home/kavia/workspace/code-generation/app-gateway2/__import__/extracted/app-gateway2-cga-cmf8e7ba8d/Supporting_Files/WsManager.h", "pattern": "/^        JSONObjectFactory():Core::FactoryType<Core::JSON::IElement, char *>(), _jsonRPCFactory(5/", "language": "C++", "kind": "function", "signature": "()", "scope": "WebSocketConnectionManager::JSONObjectFactory", "scopeKind": "class"}, {"_type": "tag", "name": "JSONObjectFactory", "path": "/home/kavia/workspace/code-generation/app-gateway2/__import__/extracted/app-gateway2-cga-cmf8e7ba8d/Supporting_Files/WsManager.h", "pattern": "/^    class JSONObjectFactory : public Core::FactoryType<Core::JSON::IElement, char *>$/", "language": "C++", "kind": "class", "scope": "WebSocketConnectionManager", "scopeKind": "class"}, {"_type": "tag", "name": "MessageHandler", "path": "/home/kavia/workspace/code-generation/app-gateway2/__import__/extracted/app-gateway2-cga-cmf8e7ba8d/Supporting_Files/WsManager.h", "pattern": "/^    using MessageHandler = std::function<void(const std::string& method, const std::string& para/", "language": "C++", "kind": "typedef", "scope": "WebSocketConnectionManager", "scopeKind": "class"}, {"_type": "tag", "name": "NotifyDisconnect", "path": "/home/kavia/workspace/code-generation/app-gateway2/__import__/extracted/app-gateway2-cga-cmf8e7ba8d/Supporting_Files/WsManager.h", "pattern": "/^    void NotifyDisconnect(const uint32_t connectionId)$/", "language": "C++", "typeref": "typename:void", "kind": "function", "signature": "(const uint32_t connectionId)", "scope": "WebSocketConnectionManager", "scopeKind": "class"}, {"_type": "tag", "name": "ProcessMessage", "path": "/home/kavia/workspace/code-generation/app-gateway2/__import__/extracted/app-gateway2-cga-cmf8e7ba8d/Supporting_Files/WsManager.h", "pattern": "/^        void ProcessMessage(Core::ProxyType<Core::JSONRPC::Message> &message, uint32_t connectio/", "language": "C++", "typeref": "typename:void", "kind": "function", "signature": "(Core::ProxyType<Core::JSONRPC::Message> & message,uint32_t connectionId)", "scope": "WebSocketConnectionManager::WebSocketServer", "scopeKind": "class"}, {"_type": "tag", "name": "Received", "path": "/home/kavia/workspace/code-generation/app-gateway2/__import__/extracted/app-gateway2-cga-cmf8e7ba8d/Supporting_Files/WsManager.h", "pattern": "/^        void Received(Core::ProxyType<Core::JSON::IElement> &jsonObject){$/", "language": "C++", "typeref": "typename:void", "kind": "function", "signature": "(Core::ProxyType<Core::JSON::IElement> & jsonObject)", "scope": "WebSocketConnectionManager::WebSocketServer", "scopeKind": "class"}, {"_type": "tag", "name": "Send", "path": "/home/kavia/workspace/code-generation/app-gateway2/__import__/extracted/app-gateway2-cga-cmf8e7ba8d/Supporting_Files/WsManager.h", "pattern": "/^        void Send(Core::ProxyType<Core::JSON::IElement> &jsonObject) {$/", "language": "C++", "typeref": "typename:void", "kind": "function", "signature": "(Core::ProxyType<Core::JSON::IElement> & jsonObject)", "scope": "WebSocketConnectionManager::WebSocketServer", "scopeKind": "class"}, {"_type": "tag", "name": "SendJSONRPCResponse", "path": "/home/kavia/workspace/code-generation/app-gateway2/__import__/extracted/app-gateway2-cga-cmf8e7ba8d/Supporting_Files/WsManager.h", "pattern": "/^        void SendJSONRPCResponse(const std::string &result, int requestId, uint32_t connectionId/", "language": "C++", "typeref": "typename:void", "kind": "function", "signature": "(const std::string & result,int requestId,uint32_t connectionId)", "scope": "WebSocketConnectionManager::WebSocketServer", "scopeKind": "class"}, {"_type": "tag", "name": "SendMessageToConnection", "path": "/home/kavia/workspace/code-generation/app-gateway2/__import__/extracted/app-gateway2-cga-cmf8e7ba8d/Supporting_Files/WsManager.h", "pattern": "/^    bool SendMessageToConnection(const uint32_t connectionId, const std::string &result, const i/", "language": "C++", "typeref": "typename:bool", "kind": "function", "signature": "(const uint32_t connectionId,const std::string & result,const int requestId)", "scope": "WebSocketConnectionManager", "scopeKind": "class"}, {"_type": "tag", "name": "SetAuthHandler", "path": "/home/kavia/workspace/code-generation/app-gateway2/__import__/extracted/app-gateway2-cga-cmf8e7ba8d/Supporting_Files/WsManager.h", "pattern": "/^    void SetAuthHandler(AuthHandler handler) { _authHandler = handler; }$/", "language": "C++", "typeref": "typename:void", "kind": "function", "signature": "(AuthHandler handler)", "scope": "WebSocketConnectionManager", "scopeKind": "class"}, {"_type": "tag", "name": "SetDisconnectHandler", "path": "/home/kavia/workspace/code-generation/app-gateway2/__import__/extracted/app-gateway2-cga-cmf8e7ba8d/Supporting_Files/WsManager.h", "pattern": "/^    void SetDisconnectHandler(DisconnectHandler handler) { _disconnectHandler = handler; }$/", "language": "C++", "typeref": "typename:void", "kind": "function", "signature": "(DisconnectHandler handler)", "scope": "WebSocketConnectionManager", "scopeKind": "class"}, {"_type": "tag", "name": "SetMessageHandler", "path": "/home/kavia/workspace/code-generation/app-gateway2/__import__/extracted/app-gateway2-cga-cmf8e7ba8d/Supporting_Files/WsManager.h", "pattern": "/^    void SetMessageHandler(MessageHandler handler) { _messageHandler = handler; }$/", "language": "C++", "typeref": "typename:void", "kind": "function", "signature": "(MessageHandler handler)", "scope": "WebSocketConnectionManager", "scopeKind": "class"}, {"_type": "tag", "name": "Start", "path": "/home/kavia/workspace/code-generation/app-gateway2/__import__/extracted/app-gateway2-cga-cmf8e7ba8d/Supporting_Files/WsManager.h", "pattern": "/^    bool Start(const Core::NodeId &remoteNode)$/", "language": "C++", "typeref": "typename:bool", "kind": "function", "signature": "(const Core::NodeId & remoteNode)", "scope": "WebSocketConnectionManager", "scopeKind": "class"}, {"_type": "tag", "name": "StateChange", "path": "/home/kavia/workspace/code-generation/app-gateway2/__import__/extracted/app-gateway2-cga-cmf8e7ba8d/Supporting_Files/WsManager.h", "pattern": "/^        void StateChange(){$/", "language": "C++", "typeref": "typename:void", "kind": "function", "signature": "()", "scope": "WebSocketConnectionManager::WebSocketServer", "scopeKind": "class"}, {"_type": "tag", "name": "StoreContext", "path": "/home/kavia/workspace/code-generation/app-gateway2/__import__/extracted/app-gateway2-cga-cmf8e7ba8d/Supporting_Files/WsManager.h", "pattern": "/^    void StoreContext(const Context &ctx)$/", "language": "C++", "typeref": "typename:void", "kind": "function", "signature": "(const Context & ctx)", "scope": "WebSocketConnectionManager", "scopeKind": "class"}, {"_type": "tag", "name": "ToMessage", "path": "/home/kavia/workspace/code-generation/app-gateway2/__import__/extracted/app-gateway2-cga-cmf8e7ba8d/Supporting_Files/WsManager.h", "pattern": "/^        void ToMessage(const Core::ProxyType<Core::JSON::IElement> &jsonObject) {$/", "language": "C++", "typeref": "typename:void", "kind": "function", "signature": "(const Core::ProxyType<Core::JSON::IElement> & jsonObject)", "scope": "WebSocketConnectionManager::WebSocketServer", "scopeKind": "class"}, {"_type": "tag", "name": "WebSocketChannel", "path": "/home/kavia/workspace/code-generation/app-gateway2/__import__/extracted/app-gateway2-cga-cmf8e7ba8d/Supporting_Files/WsManager.h", "pattern": "/^        WebSocketChannel(const WPEFramework::Core::NodeId &remoteNode, WebSocketConnectionManage/", "language": "C++", "kind": "function", "signature": "(const WPEFramework::Core::NodeId & remoteNode,WebSocketConnectionManager & parent)", "scope": "WebSocketConnectionManager::WebSocketChannel", "scopeKind": "class"}, {"_type": "tag", "name": "WebSocketChannel", "path": "/home/kavia/workspace/code-generation/app-gateway2/__import__/extracted/app-gateway2-cga-cmf8e7ba8d/Supporting_Files/WsManager.h", "pattern": "/^    class WebSocketChannel : public Core::SocketServerType<WebSocketServer>$/", "language": "C++", "kind": "class", "scope": "WebSocketConnectionManager", "scopeKind": "class"}, {"_type": "tag", "name": "WebSocketConnectionManager", "path": "/home/kavia/workspace/code-generation/app-gateway2/__import__/extracted/app-gateway2-cga-cmf8e7ba8d/Supporting_Files/WsManager.h", "pattern": "/^class WebSocketConnectionManager$/", "language": "C++", "kind": "class"}, {"_type": "tag", "name": "WebSocketServer", "path": "/home/kavia/workspace/code-generation/app-gateway2/__import__/extracted/app-gateway2-cga-cmf8e7ba8d/Supporting_Files/WsManager.h", "pattern": "/^        WebSocketServer(const SOCKET &connector, const Core::NodeId &remoteNode, Core::SocketSer/", "language": "C++", "kind": "function", "signature": "(const SOCKET & connector,const Core::NodeId & remoteNode,Core::SocketServerType<WebSocketServer> * parent)", "scope": "WebSocketConnectionManager::WebSocketServer", "scopeKind": "class"}, {"_type": "tag", "name": "WebSocketServer", "path": "/home/kavia/workspace/code-generation/app-gateway2/__import__/extracted/app-gateway2-cga-cmf8e7ba8d/Supporting_Files/WsManager.h", "pattern": "/^    class WebSocketServer$/", "language": "C++", "kind": "class", "scope": "WebSocketConnectionManager", "scopeKind": "class"}, {"_type": "tag", "name": "_authHandler", "path": "/home/kavia/workspace/code-generation/app-gateway2/__import__/extracted/app-gateway2-cga-cmf8e7ba8d/Supporting_Files/WsManager.h", "pattern": "/^    AuthHandler _authHandler;$/", "language": "C++", "typeref": "typename:AuthHandler", "kind": "member", "scope": "WebSocketConnectionManager", "scopeKind": "class"}, {"_type": "tag", "name": "_contextMutex", "path": "/home/kavia/workspace/code-generation/app-gateway2/__import__/extracted/app-gateway2-cga-cmf8e7ba8d/Supporting_Files/WsManager.h", "pattern": "/^    std::mutex _contextMutex;$/", "language": "C++", "typeref": "typename:std::mutex", "kind": "member", "scope": "WebSocketConnectionManager", "scopeKind": "class"}, {"_type": "tag", "name": "_contexts", "path": "/home/kavia/workspace/code-generation/app-gateway2/__import__/extracted/app-gateway2-cga-cmf8e7ba8d/Supporting_Files/WsManager.h", "pattern": "/^    std::unordered_map<uint32_t, Context> _contexts;$/", "language": "C++", "typeref": "typename:std::unordered_map<uint32_t,Context>", "kind": "member", "scope": "WebSocketConnectionManager", "scopeKind": "class"}, {"_type": "tag", "name": "_disconnectHandler", "path": "/home/kavia/workspace/code-generation/app-gateway2/__import__/extracted/app-gateway2-cga-cmf8e7ba8d/Supporting_Files/WsManager.h", "pattern": "/^    DisconnectHandler _disconnectHandler;$/", "language": "C++", "typeref": "typename:DisconnectHandler", "kind": "member", "scope": "WebSocketConnectionManager", "scopeKind": "class"}, {"_type": "tag", "name": "_id", "path": "/home/kavia/workspace/code-generation/app-gateway2/__import__/extracted/app-gateway2-cga-cmf8e7ba8d/Supporting_Files/WsManager.h", "pattern": "/^        uint32_t _id;$/", "language": "C++", "typeref": "typename:uint32_t", "kind": "member", "scope": "WebSocketConnectionManager::WebSocketServer", "scopeKind": "class"}, {"_type": "tag", "name": "_jsonRPCFactory", "path": "/home/kavia/workspace/code-generation/app-gateway2/__import__/extracted/app-gateway2-cga-cmf8e7ba8d/Supporting_Files/WsManager.h", "pattern": "/^        Core::ProxyPoolType<Web::JSONBodyType<Core::JSONRPC::Message>> _jsonRPCFactory;$/", "language": "C++", "typeref": "typename:Core::ProxyPoolType<Web::JSONBodyType<Core::JSONRPC::Message>>", "kind": "member", "scope": "WebSocketConnectionManager::JSONObjectFactory", "scopeKind": "class"}, {"_type": "tag", "name": "_messageHandler", "path": "/home/kavia/workspace/code-generation/app-gateway2/__import__/extracted/app-gateway2-cga-cmf8e7ba8d/Supporting_Files/WsManager.h", "pattern": "/^    MessageHandler _messageHandler;$/", "language": "C++", "typeref": "typename:MessageHandler", "kind": "member", "scope": "WebSocketConnectionManager", "scopeKind": "class"}, {"_type": "tag", "name": "_parent", "path": "/home/kavia/workspace/code-generation/app-gateway2/__import__/extracted/app-gateway2-cga-cmf8e7ba8d/Supporting_Files/WsManager.h", "pattern": "/^        WebSocketChannel &_parent;$/", "language": "C++", "typeref": "typename:WebSocketChannel &", "kind": "member", "scope": "WebSocketConnectionManager::WebSocketServer", "scopeKind": "class"}, {"_type": "tag", "name": "_parent", "path": "/home/kavia/workspace/code-generation/app-gateway2/__import__/extracted/app-gateway2-cga-cmf8e7ba8d/Supporting_Files/WsManager.h", "pattern": "/^        WebSocketConnectionManager &_parent;$/", "language": "C++", "typeref": "typename:WebSocketConnectionManager &", "kind": "member", "scope": "WebSocketConnectionManager::WebSocketChannel", "scopeKind": "class"}, {"_type": "tag", "name": "_qLock", "path": "/home/kavia/workspace/code-generation/app-gateway2/__import__/extracted/app-gateway2-cga-cmf8e7ba8d/Supporting_Files/WsManager.h", "pattern": "/^        Core::CriticalSection _qLock;$/", "language": "C++", "typeref": "typename:Core::CriticalSection", "kind": "member", "scope": "WebSocketConnectionManager::WebSocketServer", "scopeKind": "class"}, {"_type": "tag", "name": "_queue", "path": "/home/kavia/workspace/code-generation/app-gateway2/__import__/extracted/app-gateway2-cga-cmf8e7ba8d/Supporting_Files/WsManager.h", "pattern": "/^        Core::ProxyList<Core::JSONRPC::Message> _queue;$/", "language": "C++", "typeref": "typename:Core::ProxyList<Core::JSONRPC::Message>", "kind": "member", "scope": "WebSocketConnectionManager::WebSocketServer", "scopeKind": "class"}, {"_type": "tag", "name": "connectionId", "path": "/home/kavia/workspace/code-generation/app-gateway2/__import__/extracted/app-gateway2-cga-cmf8e7ba8d/Supporting_Files/WsManager.h", "pattern": "/^        uint32_t connectionId;  \\/\\/ Integer for the execution\\/session context.$/", "language": "C++", "typeref": "typename:uint32_t", "kind": "member", "scope": "WebSocketConnectionManager::Context", "scopeKind": "struct"}, {"_type": "tag", "name": "mChannel", "path": "/home/kavia/workspace/code-generation/app-gateway2/__import__/extracted/app-gateway2-cga-cmf8e7ba8d/Supporting_Files/WsManager.h", "pattern": "/^    WebSocketChannel *mChannel = nullptr;$/", "language": "C++", "typeref": "typename:WebSocketChannel *", "kind": "member", "scope": "WebSocketConnectionManager", "scopeKind": "class"}, {"_type": "tag", "name": "~WebSocketChannel", "path": "/home/kavia/workspace/code-generation/app-gateway2/__import__/extracted/app-gateway2-cga-cmf8e7ba8d/Supporting_Files/WsManager.h", "pattern": "/^        ~WebSocketChannel() {$/", "language": "C++", "kind": "function", "signature": "()", "scope": "WebSocketConnectionManager::WebSocketChannel", "scopeKind": "class"}, {"_type": "tag", "name": "~WebSocketConnectionManager", "path": "/home/kavia/workspace/code-generation/app-gateway2/__import__/extracted/app-gateway2-cga-cmf8e7ba8d/Supporting_Files/WsManager.h", "pattern": "/^    ~WebSocketConnectionManager() {$/", "language": "C++", "kind": "function", "signature": "()", "scope": "WebSocketConnectionManager", "scopeKind": "class"}, {"_type": "tag", "name": "~WebSocketServer", "path": "/home/kavia/workspace/code-generation/app-gateway2/__import__/extracted/app-gateway2-cga-cmf8e7ba8d/Supporting_Files/WsManager.h", "pattern": "/^        ~WebSocketServer() {$/", "language": "C++", "kind": "function", "signature": "()", "scope": "WebSocketConnectionManager::WebSocketServer", "scopeKind": "class"}], "hash": "cf0ebddceec721e84d8d34177cbeb984", "format-version": 4, "code-base-name": "app-gateway2", "filename": "__import__/extracted/app-gateway2-cga-cmf8e7ba8d/Supporting_Files/WsManager.h", "fields": [{"name": "Core::JSON::String Connector", "scope": "WebSocketConnectionManager::Config", "scopeKind": "class", "description": "unavailable"}, {"name": "AuthHandler _authHandler", "scope": "WebSocketConnectionManager", "scopeKind": "class", "description": "unavailable"}, {"name": "std::mutex _contextMutex", "scope": "WebSocketConnectionManager", "scopeKind": "class", "description": "unavailable"}, {"name": "std::unordered_map<uint32_t,Context> _contexts", "scope": "WebSocketConnectionManager", "scopeKind": "class", "description": "unavailable"}, {"name": "DisconnectHandler _disconnectHandler", "scope": "WebSocketConnectionManager", "scopeKind": "class", "description": "unavailable"}, {"name": "uint32_t _id", "scope": "WebSocketConnectionManager::WebSocketServer", "scopeKind": "class", "description": "unavailable"}, {"name": "Core::ProxyPoolType<Web::JSONBodyType<Core::JSONRPC::Message>> _jsonRPCFactory", "scope": "WebSocketConnectionManager::JSONObjectFactory", "scopeKind": "class", "description": "unavailable"}, {"name": "MessageHandler _messageHandler", "scope": "WebSocketConnectionManager", "scopeKind": "class", "description": "unavailable"}, {"name": "WebSocketChannel & _parent", "scope": "WebSocketConnectionManager::WebSocketServer", "scopeKind": "class", "description": "unavailable"}, {"name": "WebSocketConnectionManager & _parent", "scope": "WebSocketConnectionManager::WebSocketChannel", "scopeKind": "class", "description": "unavailable"}, {"name": "Core::CriticalSection _qLock", "scope": "WebSocketConnectionManager::WebSocketServer", "scopeKind": "class", "description": "unavailable"}, {"name": "Core::ProxyList<Core::JSONRPC::Message> _queue", "scope": "WebSocketConnectionManager::WebSocketServer", "scopeKind": "class", "description": "unavailable"}, {"name": "uint32_t connectionId", "scope": "WebSocketConnectionManager::Context", "scopeKind": "struct", "description": "unavailable"}, {"name": "WebSocketChannel * mChannel", "scope": "WebSocketConnectionManager", "scopeKind": "class", "description": "unavailable"}], "revision_history": [{"4366": "0f87a35b32215bc8547fb583d6c84bd51f603f69"}]}