{"is_source_file": true, "format": "C++", "description": "This file defines C++ classes and enums related to the StateControl API's JSON-RPC interface, including states and parameters data structures.", "external_files": ["<core/JSON.h>", "<core/Enumerate.h>"], "external_methods": [], "published": ["JsonData::StateControl::StateType", "JsonData::StateControl::StatechangeParamsData"], "classes": [{"name": "StatechangeParamsData", "description": "Data structure representing parameters for a state change request, specifically whether the service is suspended or resumed."}], "methods": [{"name": "bool IsValid() const", "description": "Returns whether the data contained in the object is valid. Currently always returns true.", "scope": "WPEFramework::JsonData::StateControl::StatechangeParamsData", "scopeKind": "class"}, {"name": "StatechangeParamsData()", "scope": "WPEFramework::JsonData::StateControl::StatechangeParamsData", "scopeKind": "class", "description": "unavailable"}], "calls": [], "search-terms": ["StateControl", "StateType", "StatechangeParamsData", "json", "RPC", "suspended"], "state": 2, "file_id": 1561, "knowledge_revision": 4154, "git_revision": "0f87a35b32215bc8547fb583d6c84bd51f603f69", "ctags": [{"_type": "tag", "name": "IsValid", "path": "/home/kavia/workspace/code-generation/app-gateway2/__import__/extracted/app-gateway2-cga-cmf8e7ba8d/dependencies/install/include/WPEFramework/interfaces/json/JsonData_StateControl.h", "pattern": "/^            bool IsValid() const$/", "language": "C++", "typeref": "typename:bool", "kind": "function", "signature": "() const", "scope": "WPEFramework::JsonData::StateControl::StatechangeParamsData", "scopeKind": "class"}, {"_type": "tag", "name": "JsonData", "path": "/home/kavia/workspace/code-generation/app-gateway2/__import__/extracted/app-gateway2-cga-cmf8e7ba8d/dependencies/install/include/WPEFramework/interfaces/json/JsonData_StateControl.h", "pattern": "/^namespace JsonData {$/", "language": "C++", "kind": "namespace", "scope": "WPEFramework", "scopeKind": "namespace"}, {"_type": "tag", "name": "RESUMED", "path": "/home/kavia/workspace/code-generation/app-gateway2/__import__/extracted/app-gateway2-cga-cmf8e7ba8d/dependencies/install/include/WPEFramework/interfaces/json/JsonData_StateControl.h", "pattern": "/^            RESUMED,$/", "language": "C++", "kind": "enumerator", "scope": "WPEFramework::JsonData::StateControl::StateType", "scopeKind": "enum"}, {"_type": "tag", "name": "SUSPENDED", "path": "/home/kavia/workspace/code-generation/app-gateway2/__import__/extracted/app-gateway2-cga-cmf8e7ba8d/dependencies/install/include/WPEFramework/interfaces/json/JsonData_StateControl.h", "pattern": "/^            SUSPENDED$/", "language": "C++", "kind": "enumerator", "scope": "WPEFramework::JsonData::StateControl::StateType", "scopeKind": "enum"}, {"_type": "tag", "name": "StateControl", "path": "/home/kavia/workspace/code-generation/app-gateway2/__import__/extracted/app-gateway2-cga-cmf8e7ba8d/dependencies/install/include/WPEFramework/interfaces/json/JsonData_StateControl.h", "pattern": "/^    namespace StateControl {$/", "language": "C++", "kind": "namespace", "scope": "WPEFramework::JsonData", "scopeKind": "namespace"}, {"_type": "tag", "name": "StateType", "path": "/home/kavia/workspace/code-generation/app-gateway2/__import__/extracted/app-gateway2-cga-cmf8e7ba8d/dependencies/install/include/WPEFramework/interfaces/json/JsonData_StateControl.h", "pattern": "/^        enum class StateType : uint8_t {$/", "language": "C++", "typeref": "typename:uint8_t", "kind": "enum", "scope": "WPEFramework::JsonData::StateControl", "scopeKind": "namespace"}, {"_type": "tag", "name": "StatechangeParamsData", "path": "/home/kavia/workspace/code-generation/app-gateway2/__import__/extracted/app-gateway2-cga-cmf8e7ba8d/dependencies/install/include/WPEFramework/interfaces/json/JsonData_StateControl.h", "pattern": "/^            StatechangeParamsData()$/", "language": "C++", "kind": "function", "signature": "()", "scope": "WPEFramework::JsonData::StateControl::StatechangeParamsData", "scopeKind": "class"}, {"_type": "tag", "name": "StatechangeParamsData", "path": "/home/kavia/workspace/code-generation/app-gateway2/__import__/extracted/app-gateway2-cga-cmf8e7ba8d/dependencies/install/include/WPEFramework/interfaces/json/JsonData_StateControl.h", "pattern": "/^        class StatechangeParamsData : public Core::JSON::Container {$/", "language": "C++", "kind": "class", "scope": "WPEFramework::JsonData::StateControl", "scopeKind": "namespace"}, {"_type": "tag", "name": "Suspended", "path": "/home/kavia/workspace/code-generation/app-gateway2/__import__/extracted/app-gateway2-cga-cmf8e7ba8d/dependencies/install/include/WPEFramework/interfaces/json/JsonData_StateControl.h", "pattern": "/^            Core::JSON::Boolean Suspended; \\/\\/ Determines if the service has entered suspended /", "language": "C++", "typeref": "typename:Core::JSON::Boolean", "kind": "member", "scope": "WPEFramework::JsonData::StateControl::StatechangeParamsData", "scopeKind": "class"}, {"_type": "tag", "name": "WPEFramework", "path": "/home/kavia/workspace/code-generation/app-gateway2/__import__/extracted/app-gateway2-cga-cmf8e7ba8d/dependencies/install/include/WPEFramework/interfaces/json/JsonData_StateControl.h", "pattern": "/^namespace WPEFramework {$/", "language": "C++", "kind": "namespace"}], "hash": "3fb99303013145ca6760b1ae663d9f35", "format-version": 4, "code-base-name": "app-gateway2", "filename": "__import__/extracted/app-gateway2-cga-cmf8e7ba8d/dependencies/install/include/WPEFramework/interfaces/json/JsonData_StateControl.h", "fields": [{"name": "Core::JSON::Boolean Suspended", "scope": "WPEFramework::JsonData::StateControl::StatechangeParamsData", "scopeKind": "class", "description": "unavailable"}], "revision_history": [{"4154": "0f87a35b32215bc8547fb583d6c84bd51f603f69"}]}