{"is_source_file": true, "format": "C/C++ header", "description": "This file is a C/C++ header defining portability macros, platform-specific configurations, constants, and licensing information for the WPEFramework core portability layer.", "external_files": ["Config.h"], "external_methods": ["SleepUs", "SleepMs", "Sleep"], "published": ["ErrorCodes", "_Err2Str", "ErrorToString", "Format"], "classes": [], "methods": [{"name": "SleepS", "description": "Sleeps for the specified number of seconds."}, {"name": "SleepMs", "description": "Sleeps for the specified number of milliseconds."}, {"name": "SleepUs", "description": "Sleeps for the specified number of microseconds."}, {"name": "Format", "description": "Formats a string with variable arguments."}, {"name": "void * Alignment(size_t alignment,void * incoming)", "scope": "WPEFramework::Core", "scopeKind": "namespace", "description": "unavailable"}], "calls": ["SleepMs", "SleepUs", "Sleep"], "search-terms": ["Portability.h", "platform-specific macros", "error codes", "Windows/Linux compatibility", "configuration macros", "error string conversion"], "state": 2, "file_id": 1405, "knowledge_revision": 4015, "git_revision": "0f87a35b32215bc8547fb583d6c84bd51f603f69", "ctags": [{"_type": "tag", "name": "AF_NETLINK", "path": "/home/kavia/workspace/code-generation/app-gateway2/__import__/extracted/app-gateway2-cga-cmf8e7ba8d/dependencies/install/include/WPEFramework/core/Portability.h", "pattern": "/^#define AF_NETLINK /", "language": "C++", "kind": "macro"}, {"_type": "tag", "name": "AF_PACKET", "path": "/home/kavia/workspace/code-generation/app-gateway2/__import__/extracted/app-gateway2-cga-cmf8e7ba8d/dependencies/install/include/WPEFramework/core/Portability.h", "pattern": "/^#define AF_PACKET /", "language": "C++", "kind": "macro"}, {"_type": "tag", "name": "ALLOCA", "path": "/home/kavia/workspace/code-generation/app-gateway2/__import__/extracted/app-gateway2-cga-cmf8e7ba8d/dependencies/install/include/WPEFramework/core/Portability.h", "pattern": "/^#define ALLOCA /", "language": "C++", "kind": "macro"}, {"_type": "tag", "name": "Alignment", "path": "/home/kavia/workspace/code-generation/app-gateway2/__import__/extracted/app-gateway2-cga-cmf8e7ba8d/dependencies/install/include/WPEFramework/core/Portability.h", "pattern": "/^    inline void* Alignment(size_t alignment, void* incoming)$/", "language": "C++", "typeref": "typename:void *", "kind": "function", "signature": "(size_t alignment,void * incoming)", "scope": "WPEFramework::Core", "scopeKind": "namespace"}, {"_type": "tag", "name": "B0", "path": "/home/kavia/workspace/code-generation/app-gateway2/__import__/extracted/app-gateway2-cga-cmf8e7ba8d/dependencies/install/include/WPEFramework/core/Portability.h", "pattern": "/^#define B0 /", "language": "C++", "kind": "macro"}, {"_type": "tag", "name": "B1000000", "path": "/home/kavia/workspace/code-generation/app-gateway2/__import__/extracted/app-gateway2-cga-cmf8e7ba8d/dependencies/install/include/WPEFramework/core/Portability.h", "pattern": "/^#define B1000000 /", "language": "C++", "kind": "macro"}, {"_type": "tag", "name": "B110", "path": "/home/kavia/workspace/code-generation/app-gateway2/__import__/extracted/app-gateway2-cga-cmf8e7ba8d/dependencies/install/include/WPEFramework/core/Portability.h", "pattern": "/^#define B110 /", "language": "C++", "kind": "macro"}, {"_type": "tag", "name": "B115200", "path": "/home/kavia/workspace/code-generation/app-gateway2/__import__/extracted/app-gateway2-cga-cmf8e7ba8d/dependencies/install/include/WPEFramework/core/Portability.h", "pattern": "/^#define B115200 /", "language": "C++", "kind": "macro"}, {"_type": "tag", "name": "B1152000", "path": "/home/kavia/workspace/code-generation/app-gateway2/__import__/extracted/app-gateway2-cga-cmf8e7ba8d/dependencies/install/include/WPEFramework/core/Portability.h", "pattern": "/^#define B1152000 /", "language": "C++", "kind": "macro"}, {"_type": "tag", "name": "B1200", "path": "/home/kavia/workspace/code-generation/app-gateway2/__import__/extracted/app-gateway2-cga-cmf8e7ba8d/dependencies/install/include/WPEFramework/core/Portability.h", "pattern": "/^#define B1200 /", "language": "C++", "kind": "macro"}, {"_type": "tag", "name": "B1500000", "path": "/home/kavia/workspace/code-generation/app-gateway2/__import__/extracted/app-gateway2-cga-cmf8e7ba8d/dependencies/install/include/WPEFramework/core/Portability.h", "pattern": "/^#define B1500000 /", "language": "C++", "kind": "macro"}, {"_type": "tag", "name": "B19200", "path": "/home/kavia/workspace/code-generation/app-gateway2/__import__/extracted/app-gateway2-cga-cmf8e7ba8d/dependencies/install/include/WPEFramework/core/Portability.h", "pattern": "/^#define B19200 /", "language": "C++", "kind": "macro"}, {"_type": "tag", "name": "B2000000", "path": "/home/kavia/workspace/code-generation/app-gateway2/__import__/extracted/app-gateway2-cga-cmf8e7ba8d/dependencies/install/include/WPEFramework/core/Portability.h", "pattern": "/^#define B2000000 /", "language": "C++", "kind": "macro"}, {"_type": "tag", "name": "B2400", "path": "/home/kavia/workspace/code-generation/app-gateway2/__import__/extracted/app-gateway2-cga-cmf8e7ba8d/dependencies/install/include/WPEFramework/core/Portability.h", "pattern": "/^#define B2400 /", "language": "C++", "kind": "macro"}, {"_type": "tag", "name": "B2500000", "path": "/home/kavia/workspace/code-generation/app-gateway2/__import__/extracted/app-gateway2-cga-cmf8e7ba8d/dependencies/install/include/WPEFramework/core/Portability.h", "pattern": "/^#define B2500000 /", "language": "C++", "kind": "macro"}, {"_type": "tag", "name": "B300", "path": "/home/kavia/workspace/code-generation/app-gateway2/__import__/extracted/app-gateway2-cga-cmf8e7ba8d/dependencies/install/include/WPEFramework/core/Portability.h", "pattern": "/^#define B300 /", "language": "C++", "kind": "macro"}, {"_type": "tag", "name": "B3000000", "path": "/home/kavia/workspace/code-generation/app-gateway2/__import__/extracted/app-gateway2-cga-cmf8e7ba8d/dependencies/install/include/WPEFramework/core/Portability.h", "pattern": "/^#define B3000000 /", "language": "C++", "kind": "macro"}, {"_type": "tag", "name": "B3500000", "path": "/home/kavia/workspace/code-generation/app-gateway2/__import__/extracted/app-gateway2-cga-cmf8e7ba8d/dependencies/install/include/WPEFramework/core/Portability.h", "pattern": "/^#define B3500000 /", "language": "C++", "kind": "macro"}, {"_type": "tag", "name": "B38400", "path": "/home/kavia/workspace/code-generation/app-gateway2/__import__/extracted/app-gateway2-cga-cmf8e7ba8d/dependencies/install/include/WPEFramework/core/Portability.h", "pattern": "/^#define B38400 /", "language": "C++", "kind": "macro"}, {"_type": "tag", "name": "B4000000", "path": "/home/kavia/workspace/code-generation/app-gateway2/__import__/extracted/app-gateway2-cga-cmf8e7ba8d/dependencies/install/include/WPEFramework/core/Portability.h", "pattern": "/^#define B4000000 /", "language": "C++", "kind": "macro"}, {"_type": "tag", "name": "B4800", "path": "/home/kavia/workspace/code-generation/app-gateway2/__import__/extracted/app-gateway2-cga-cmf8e7ba8d/dependencies/install/include/WPEFramework/core/Portability.h", "pattern": "/^#define B4800 /", "language": "C++", "kind": "macro"}, {"_type": "tag", "name": "B500000", "path": "/home/kavia/workspace/code-generation/app-gateway2/__import__/extracted/app-gateway2-cga-cmf8e7ba8d/dependencies/install/include/WPEFramework/core/Portability.h", "pattern": "/^#define B500000 /", "language": "C++", "kind": "macro"}, {"_type": "tag", "name": "B57600", "path": "/home/kavia/workspace/code-generation/app-gateway2/__import__/extracted/app-gateway2-cga-cmf8e7ba8d/dependencies/install/include/WPEFramework/core/Portability.h", "pattern": "/^#define B57600 /", "language": "C++", "kind": "macro"}, {"_type": "tag", "name": "B600", "path": "/home/kavia/workspace/code-generation/app-gateway2/__import__/extracted/app-gateway2-cga-cmf8e7ba8d/dependencies/install/include/WPEFramework/core/Portability.h", "pattern": "/^#define B600 /", "language": "C++", "kind": "macro"}, {"_type": "tag", "name": "B9600", "path": "/home/kavia/workspace/code-generation/app-gateway2/__import__/extracted/app-gateway2-cga-cmf8e7ba8d/dependencies/install/include/WPEFramework/core/Portability.h", "pattern": "/^#define B9600 /", "language": "C++", "kind": "macro"}, {"_type": "tag", "name": "BASE_DECIMAL", "path": "/home/kavia/workspace/code-generation/app-gateway2/__import__/extracted/app-gateway2-cga-cmf8e7ba8d/dependencies/install/include/WPEFramework/core/Portability.h", "pattern": "/^    BASE_DECIMAL = 10,$/", "language": "C++", "kind": "enumerator", "scope": "__anon66e9aa8a0203", "scopeKind": "enum"}, {"_type": "tag", "name": "BASE_HEXADECIMAL", "path": "/home/kavia/workspace/code-generation/app-gateway2/__import__/extracted/app-gateway2-cga-cmf8e7ba8d/dependencies/install/include/WPEFramework/core/Portability.h", "pattern": "/^    BASE_HEXADECIMAL = 16$/", "language": "C++", "kind": "enumerator", "scope": "__anon66e9aa8a0203", "scopeKind": "enum"}, {"_type": "tag", "name": "BASE_OCTAL", "path": "/home/kavia/workspace/code-generation/app-gateway2/__import__/extracted/app-gateway2-cga-cmf8e7ba8d/dependencies/install/include/WPEFramework/core/Portability.h", "pattern": "/^    BASE_OCTAL = 8,$/", "language": "C++", "kind": "enumerator", "scope": "__anon66e9aa8a0203", "scopeKind": "enum"}, {"_type": "tag", "name": "BASE_UNKNOWN", "path": "/home/kavia/workspace/code-generation/app-gateway2/__import__/extracted/app-gateway2-cga-cmf8e7ba8d/dependencies/install/include/WPEFramework/core/Portability.h", "pattern": "/^    BASE_UNKNOWN = 0,$/", "language": "C++", "kind": "enumerator", "scope": "__anon66e9aa8a0203", "scopeKind": "enum"}, {"_type": "tag", "name": "BIG_ENDIAN_PLATFORM", "path": "/home/kavia/workspace/code-generation/app-gateway2/__import__/extracted/app-gateway2-cga-cmf8e7ba8d/dependencies/install/include/WPEFramework/core/Portability.h", "pattern": "/^#define BIG_ENDIAN_PLATFORM /", "language": "C++", "kind": "macro"}, {"_type": "tag", "name": "BUILD_REFERENCE", "path": "/home/kavia/workspace/code-generation/app-gateway2/__import__/extracted/app-gateway2-cga-cmf8e7ba8d/dependencies/install/include/WPEFramework/core/Portability.h", "pattern": "/^#define BUILD_REFERENCE /", "language": "C++", "kind": "macro"}, {"_type": "tag", "name": "BYTE", "path": "/home/kavia/workspace/code-generation/app-gateway2/__import__/extracted/app-gateway2-cga-cmf8e7ba8d/dependencies/install/include/WPEFramework/core/Portability.h", "pattern": "/^#define BYTE /", "language": "C++", "kind": "macro"}, {"_type": "tag", "name": "CBR_110", "path": "/home/kavia/workspace/code-generation/app-gateway2/__import__/extracted/app-gateway2-cga-cmf8e7ba8d/dependencies/install/include/WPEFramework/core/Portability.h", "pattern": "/^#define CBR_110 /", "language": "C++", "kind": "macro"}, {"_type": "tag", "name": "CBR_115200", "path": "/home/kavia/workspace/code-generation/app-gateway2/__import__/extracted/app-gateway2-cga-cmf8e7ba8d/dependencies/install/include/WPEFramework/core/Portability.h", "pattern": "/^#define CBR_115200 /", "language": "C++", "kind": "macro"}, {"_type": "tag", "name": "CBR_1200", "path": "/home/kavia/workspace/code-generation/app-gateway2/__import__/extracted/app-gateway2-cga-cmf8e7ba8d/dependencies/install/include/WPEFramework/core/Portability.h", "pattern": "/^#define CBR_1200 /", "language": "C++", "kind": "macro"}, {"_type": "tag", "name": "CBR_128000", "path": "/home/kavia/workspace/code-generation/app-gateway2/__import__/extracted/app-gateway2-cga-cmf8e7ba8d/dependencies/install/include/WPEFramework/core/Portability.h", "pattern": "/^#define CBR_128000 /", "language": "C++", "kind": "macro"}, {"_type": "tag", "name": "CBR_14400", "path": "/home/kavia/workspace/code-generation/app-gateway2/__import__/extracted/app-gateway2-cga-cmf8e7ba8d/dependencies/install/include/WPEFramework/core/Portability.h", "pattern": "/^#define CBR_14400 /", "language": "C++", "kind": "macro"}, {"_type": "tag", "name": "CBR_19200", "path": "/home/kavia/workspace/code-generation/app-gateway2/__import__/extracted/app-gateway2-cga-cmf8e7ba8d/dependencies/install/include/WPEFramework/core/Portability.h", "pattern": "/^#define CBR_19200 /", "language": "C++", "kind": "macro"}, {"_type": "tag", "name": "CBR_2400", "path": "/home/kavia/workspace/code-generation/app-gateway2/__import__/extracted/app-gateway2-cga-cmf8e7ba8d/dependencies/install/include/WPEFramework/core/Portability.h", "pattern": "/^#define CBR_2400 /", "language": "C++", "kind": "macro"}, {"_type": "tag", "name": "CBR_256000", "path": "/home/kavia/workspace/code-generation/app-gateway2/__import__/extracted/app-gateway2-cga-cmf8e7ba8d/dependencies/install/include/WPEFramework/core/Portability.h", "pattern": "/^#define CBR_256000 /", "language": "C++", "kind": "macro"}, {"_type": "tag", "name": "CBR_300", "path": "/home/kavia/workspace/code-generation/app-gateway2/__import__/extracted/app-gateway2-cga-cmf8e7ba8d/dependencies/install/include/WPEFramework/core/Portability.h", "pattern": "/^#define CBR_300 /", "language": "C++", "kind": "macro"}, {"_type": "tag", "name": "CBR_38400", "path": "/home/kavia/workspace/code-generation/app-gateway2/__import__/extracted/app-gateway2-cga-cmf8e7ba8d/dependencies/install/include/WPEFramework/core/Portability.h", "pattern": "/^#define CBR_38400 /", "language": "C++", "kind": "macro"}, {"_type": "tag", "name": "CBR_4800", "path": "/home/kavia/workspace/code-generation/app-gateway2/__import__/extracted/app-gateway2-cga-cmf8e7ba8d/dependencies/install/include/WPEFramework/core/Portability.h", "pattern": "/^#define CBR_4800 /", "language": "C++", "kind": "macro"}, {"_type": "tag", "name": "CBR_56000", "path": "/home/kavia/workspace/code-generation/app-gateway2/__import__/extracted/app-gateway2-cga-cmf8e7ba8d/dependencies/install/include/WPEFramework/core/Portability.h", "pattern": "/^#define CBR_56000 /", "language": "C++", "kind": "macro"}, {"_type": "tag", "name": "CBR_57600", "path": "/home/kavia/workspace/code-generation/app-gateway2/__import__/extracted/app-gateway2-cga-cmf8e7ba8d/dependencies/install/include/WPEFramework/core/Portability.h", "pattern": "/^#define CBR_57600 /", "language": "C++", "kind": "macro"}, {"_type": "tag", "name": "CBR_600", "path": "/home/kavia/workspace/code-generation/app-gateway2/__import__/extracted/app-gateway2-cga-cmf8e7ba8d/dependencies/install/include/WPEFramework/core/Portability.h", "pattern": "/^#define CBR_600 /", "language": "C++", "kind": "macro"}, {"_type": "tag", "name": "CBR_9600", "path": "/home/kavia/workspace/code-generation/app-gateway2/__import__/extracted/app-gateway2-cga-cmf8e7ba8d/dependencies/install/include/WPEFramework/core/Portability.h", "pattern": "/^#define CBR_9600 /", "language": "C++", "kind": "macro"}, {"_type": "tag", "name": "COM_ERROR", "path": "/home/kavia/workspace/code-generation/app-gateway2/__import__/extracted/app-gateway2-cga-cmf8e7ba8d/dependencies/install/include/WPEFramework/core/Portability.h", "pattern": "/^    #define COM_ERROR /", "language": "C++", "kind": "macro"}, {"_type": "tag", "name": "CONCAT_STRINGS", "path": "/home/kavia/workspace/code-generation/app-gateway2/__import__/extracted/app-gateway2-cga-cmf8e7ba8d/dependencies/install/include/WPEFramework/core/Portability.h", "pattern": "/^#define CONCAT_STRINGS(/", "language": "C++", "kind": "macro", "signature": "(ARG1,ARG2)"}, {"_type": "tag", "name": "CONCAT_STRINGS_1", "path": "/home/kavia/workspace/code-generation/app-gateway2/__import__/extracted/app-gateway2-cga-cmf8e7ba8d/dependencies/install/include/WPEFramework/core/Portability.h", "pattern": "/^#define CONCAT_STRINGS_1(/", "language": "C++", "kind": "macro", "signature": "(ARG1,ARG2)"}, {"_type": "tag", "name": "CS5", "path": "/home/kavia/workspace/code-generation/app-gateway2/__import__/extracted/app-gateway2-cga-cmf8e7ba8d/dependencies/install/include/WPEFramework/core/Portability.h", "pattern": "/^#define CS5 /", "language": "C++", "kind": "macro"}, {"_type": "tag", "name": "CS6", "path": "/home/kavia/workspace/code-generation/app-gateway2/__import__/extracted/app-gateway2-cga-cmf8e7ba8d/dependencies/install/include/WPEFramework/core/Portability.h", "pattern": "/^#define CS6 /", "language": "C++", "kind": "macro"}, {"_type": "tag", "name": "CS7", "path": "/home/kavia/workspace/code-generation/app-gateway2/__import__/extracted/app-gateway2-cga-cmf8e7ba8d/dependencies/install/include/WPEFramework/core/Portability.h", "pattern": "/^#define CS7 /", "language": "C++", "kind": "macro"}, {"_type": "tag", "name": "CS8", "path": "/home/kavia/workspace/code-generation/app-gateway2/__import__/extracted/app-gateway2-cga-cmf8e7ba8d/dependencies/install/include/WPEFramework/core/Portability.h", "pattern": "/^#define CS8 /", "language": "C++", "kind": "macro"}, {"_type": "tag", "name": "Core", "path": "/home/kavia/workspace/code-generation/app-gateway2/__import__/extracted/app-gateway2-cga-cmf8e7ba8d/dependencies/install/include/WPEFramework/core/Portability.h", "pattern": "/^namespace Core {$/", "language": "C++", "kind": "namespace", "scope": "WPEFramework", "scopeKind": "namespace"}, {"_type": "tag", "name": "DEBUG_VARIABLE", "path": "/home/kavia/workspace/code-generation/app-gateway2/__import__/extracted/app-gateway2-cga-cmf8e7ba8d/dependencies/install/include/WPEFramework/core/Portability.h", "pattern": "/^#define DEBUG_VARIABLE(/", "language": "C++", "kind": "macro", "signature": "(X)"}, {"_type": "tag", "name": "DEBUG_VARIABLE", "path": "/home/kavia/workspace/code-generation/app-gateway2/__import__/extracted/app-gateway2-cga-cmf8e7ba8d/dependencies/install/include/WPEFramework/core/Portability.h", "pattern": "/^#define DEBUG_VARIABLE(/", "language": "C++", "kind": "macro", "signature": "(x)"}, {"_type": "tag", "name": "DEFINE_STRING", "path": "/home/kavia/workspace/code-generation/app-gateway2/__import__/extracted/app-gateway2-cga-cmf8e7ba8d/dependencies/install/include/WPEFramework/core/Portability.h", "pattern": "/^#define DEFINE_STRING(/", "language": "C++", "kind": "macro", "signature": "(parameter)"}, {"_type": "tag", "name": "DEFINE_STRING_1", "path": "/home/kavia/workspace/code-generation/app-gateway2/__import__/extracted/app-gateway2-cga-cmf8e7ba8d/dependencies/install/include/WPEFramework/core/Portability.h", "pattern": "/^#define DEFINE_STRING_1(/", "language": "C++", "kind": "macro", "signature": "(parameter)"}, {"_type": "tag", "name": "DEPRECATED", "path": "/home/kavia/workspace/code-generation/app-gateway2/__import__/extracted/app-gateway2-cga-cmf8e7ba8d/dependencies/install/include/WPEFramework/core/Portability.h", "pattern": "/^#define DEPRECATED /", "language": "C++", "kind": "macro"}, {"_type": "tag", "name": "DEPRECATED", "path": "/home/kavia/workspace/code-generation/app-gateway2/__import__/extracted/app-gateway2-cga-cmf8e7ba8d/dependencies/install/include/WPEFramework/core/Portability.h", "pattern": "/^#define DEPRECATED$/", "language": "C++", "kind": "macro"}, {"_type": "tag", "name": "DISABLE_WARNING_CONDITIONAL_EXPRESSION_IS_CONSTANT", "path": "/home/kavia/workspace/code-generation/app-gateway2/__import__/extracted/app-gateway2-cga-cmf8e7ba8d/dependencies/install/include/WPEFramework/core/Portability.h", "pattern": "/^#define DISABLE_WARNING_CONDITIONAL_EXPRESSION_IS_CONSTANT /", "language": "C++", "kind": "macro"}, {"_type": "tag", "name": "DISABLE_WARNING_CONDITIONAL_EXPRESSION_IS_CONSTANT", "path": "/home/kavia/workspace/code-generation/app-gateway2/__import__/extracted/app-gateway2-cga-cmf8e7ba8d/dependencies/install/include/WPEFramework/core/Portability.h", "pattern": "/^#define DISABLE_WARNING_CONDITIONAL_EXPRESSION_IS_CONSTANT$/", "language": "C++", "kind": "macro"}, {"_type": "tag", "name": "DISABLE_WARNING_CONVERSION_TO_GREATERSIZE", "path": "/home/kavia/workspace/code-generation/app-gateway2/__import__/extracted/app-gateway2-cga-cmf8e7ba8d/dependencies/install/include/WPEFramework/core/Portability.h", "pattern": "/^#define DISABLE_WARNING_CONVERSION_TO_GREATERSIZE /", "language": "C++", "kind": "macro"}, {"_type": "tag", "name": "DISABLE_WARNING_CONVERSION_TO_GREATERSIZE", "path": "/home/kavia/workspace/code-generation/app-gateway2/__import__/extracted/app-gateway2-cga-cmf8e7ba8d/dependencies/install/include/WPEFramework/core/Portability.h", "pattern": "/^#define DISABLE_WARNING_CONVERSION_TO_GREATERSIZE$/", "language": "C++", "kind": "macro"}, {"_type": "tag", "name": "DISABLE_WARNING_CONVERSION_TRUNCATION", "path": "/home/kavia/workspace/code-generation/app-gateway2/__import__/extracted/app-gateway2-cga-cmf8e7ba8d/dependencies/install/include/WPEFramework/core/Portability.h", "pattern": "/^#define DISABLE_WARNING_CONVERSION_TRUNCATION /", "language": "C++", "kind": "macro"}, {"_type": "tag", "name": "DISABLE_WARNING_CONVERSION_TRUNCATION", "path": "/home/kavia/workspace/code-generation/app-gateway2/__import__/extracted/app-gateway2-cga-cmf8e7ba8d/dependencies/install/include/WPEFramework/core/Portability.h", "pattern": "/^#define DISABLE_WARNING_CONVERSION_TRUNCATION$/", "language": "C++", "kind": "macro"}, {"_type": "tag", "name": "DISABLE_WARNING_DEPRECATED_COPY", "path": "/home/kavia/workspace/code-generation/app-gateway2/__import__/extracted/app-gateway2-cga-cmf8e7ba8d/dependencies/install/include/WPEFramework/core/Portability.h", "pattern": "/^#define DISABLE_WARNING_DEPRECATED_COPY /", "language": "C++", "kind": "macro"}, {"_type": "tag", "name": "DISABLE_WARNING_DEPRECATED_COPY", "path": "/home/kavia/workspace/code-generation/app-gateway2/__import__/extracted/app-gateway2-cga-cmf8e7ba8d/dependencies/install/include/WPEFramework/core/Portability.h", "pattern": "/^#define DISABLE_WARNING_DEPRECATED_COPY$/", "language": "C++", "kind": "macro"}, {"_type": "tag", "name": "DISABLE_WARNING_DEPRECATED_USE", "path": "/home/kavia/workspace/code-generation/app-gateway2/__import__/extracted/app-gateway2-cga-cmf8e7ba8d/dependencies/install/include/WPEFramework/core/Portability.h", "pattern": "/^#define DISABLE_WARNING_DEPRECATED_USE /", "language": "C++", "kind": "macro"}, {"_type": "tag", "name": "DISABLE_WARNING_DISCARD_RETURN_VALUE_FOR_NONDISCARD_FUNCTION", "path": "/home/kavia/workspace/code-generation/app-gateway2/__import__/extracted/app-gateway2-cga-cmf8e7ba8d/dependencies/install/include/WPEFramework/core/Portability.h", "pattern": "/^#define DISABLE_WARNING_DISCARD_RETURN_VALUE_FOR_NONDISCARD_FUNCTION /", "language": "C++", "kind": "macro"}, {"_type": "tag", "name": "DISABLE_WARNING_DISCARD_RETURN_VALUE_FOR_NONDISCARD_FUNCTION", "path": "/home/kavia/workspace/code-generation/app-gateway2/__import__/extracted/app-gateway2-cga-cmf8e7ba8d/dependencies/install/include/WPEFramework/core/Portability.h", "pattern": "/^#define DISABLE_WARNING_DISCARD_RETURN_VALUE_FOR_NONDISCARD_FUNCTION$/", "language": "C++", "kind": "macro"}, {"_type": "tag", "name": "DISABLE_WARNING_DLL_INTERFACE_UNAVAILABLE", "path": "/home/kavia/workspace/code-generation/app-gateway2/__import__/extracted/app-gateway2-cga-cmf8e7ba8d/dependencies/install/include/WPEFramework/core/Portability.h", "pattern": "/^#define DISABLE_WARNING_DLL_INTERFACE_UNAVAILABLE /", "language": "C++", "kind": "macro"}, {"_type": "tag", "name": "DISABLE_WARNING_DLL_INTERFACE_UNAVAILABLE", "path": "/home/kavia/workspace/code-generation/app-gateway2/__import__/extracted/app-gateway2-cga-cmf8e7ba8d/dependencies/install/include/WPEFramework/core/Portability.h", "pattern": "/^#define DISABLE_WARNING_DLL_INTERFACE_UNAVAILABLE$/", "language": "C++", "kind": "macro"}, {"_type": "tag", "name": "DISABLE_WARNING_EXCEPTION_SPECIFICATION", "path": "/home/kavia/workspace/code-generation/app-gateway2/__import__/extracted/app-gateway2-cga-cmf8e7ba8d/dependencies/install/include/WPEFramework/core/Portability.h", "pattern": "/^#define DISABLE_WARNING_EXCEPTION_SPECIFICATION /", "language": "C++", "kind": "macro"}, {"_type": "tag", "name": "DISABLE_WARNING_EXCEPTION_SPECIFICATION", "path": "/home/kavia/workspace/code-generation/app-gateway2/__import__/extracted/app-gateway2-cga-cmf8e7ba8d/dependencies/install/include/WPEFramework/core/Portability.h", "pattern": "/^#define DISABLE_WARNING_EXCEPTION_SPECIFICATION$/", "language": "C++", "kind": "macro"}, {"_type": "tag", "name": "DISABLE_WARNING_MISSING_FIELD_INITIALIZERS", "path": "/home/kavia/workspace/code-generation/app-gateway2/__import__/extracted/app-gateway2-cga-cmf8e7ba8d/dependencies/install/include/WPEFramework/core/Portability.h", "pattern": "/^#define DISABLE_WARNING_MISSING_FIELD_INITIALIZERS /", "language": "C++", "kind": "macro"}, {"_type": "tag", "name": "DISABLE_WARNING_MISSING_FIELD_INITIALIZERS", "path": "/home/kavia/workspace/code-generation/app-gateway2/__import__/extracted/app-gateway2-cga-cmf8e7ba8d/dependencies/install/include/WPEFramework/core/Portability.h", "pattern": "/^#define DISABLE_WARNING_MISSING_FIELD_INITIALIZERS$/", "language": "C++", "kind": "macro"}, {"_type": "tag", "name": "DISABLE_WARNING_MULTPILE_INHERITENCE_OF_BASE_CLASS", "path": "/home/kavia/workspace/code-generation/app-gateway2/__import__/extracted/app-gateway2-cga-cmf8e7ba8d/dependencies/install/include/WPEFramework/core/Portability.h", "pattern": "/^#define DISABLE_WARNING_MULTPILE_INHERITENCE_OF_BASE_CLASS /", "language": "C++", "kind": "macro"}, {"_type": "tag", "name": "DISABLE_WARNING_MULTPILE_INHERITENCE_OF_BASE_CLASS", "path": "/home/kavia/workspace/code-generation/app-gateway2/__import__/extracted/app-gateway2-cga-cmf8e7ba8d/dependencies/install/include/WPEFramework/core/Portability.h", "pattern": "/^#define DISABLE_WARNING_MULTPILE_INHERITENCE_OF_BASE_CLASS$/", "language": "C++", "kind": "macro"}, {"_type": "tag", "name": "DISABLE_WARNING_NON_STANDARD_EXTENSION_USED", "path": "/home/kavia/workspace/code-generation/app-gateway2/__import__/extracted/app-gateway2-cga-cmf8e7ba8d/dependencies/install/include/WPEFramework/core/Portability.h", "pattern": "/^#define DISABLE_WARNING_NON_STANDARD_EXTENSION_USED /", "language": "C++", "kind": "macro"}, {"_type": "tag", "name": "DISABLE_WARNING_NON_STANDARD_EXTENSION_USED", "path": "/home/kavia/workspace/code-generation/app-gateway2/__import__/extracted/app-gateway2-cga-cmf8e7ba8d/dependencies/install/include/WPEFramework/core/Portability.h", "pattern": "/^#define DISABLE_WARNING_NON_STANDARD_EXTENSION_USED$/", "language": "C++", "kind": "macro"}, {"_type": "tag", "name": "DISABLE_WARNING_NON_VIRTUAL_DESTRUCTOR", "path": "/home/kavia/workspace/code-generation/app-gateway2/__import__/extracted/app-gateway2-cga-cmf8e7ba8d/dependencies/install/include/WPEFramework/core/Portability.h", "pattern": "/^#define DISABLE_WARNING_NON_VIRTUAL_DESTRUCTOR /", "language": "C++", "kind": "macro"}, {"_type": "tag", "name": "DISABLE_WARNING_NON_VIRTUAL_DESTRUCTOR", "path": "/home/kavia/workspace/code-generation/app-gateway2/__import__/extracted/app-gateway2-cga-cmf8e7ba8d/dependencies/install/include/WPEFramework/core/Portability.h", "pattern": "/^#define DISABLE_WARNING_NON_VIRTUAL_DESTRUCTOR$/", "language": "C++", "kind": "macro"}, {"_type": "tag", "name": "DISABLE_WARNING_NO_MATCHING_OPERATOR_DELETE", "path": "/home/kavia/workspace/code-generation/app-gateway2/__import__/extracted/app-gateway2-cga-cmf8e7ba8d/dependencies/install/include/WPEFramework/core/Portability.h", "pattern": "/^#define DISABLE_WARNING_NO_MATCHING_OPERATOR_DELETE /", "language": "C++", "kind": "macro"}, {"_type": "tag", "name": "DISABLE_WARNING_NO_MATCHING_OPERATOR_DELETE", "path": "/home/kavia/workspace/code-generation/app-gateway2/__import__/extracted/app-gateway2-cga-cmf8e7ba8d/dependencies/install/include/WPEFramework/core/Portability.h", "pattern": "/^#define DISABLE_WARNING_NO_MATCHING_OPERATOR_DELETE$/", "language": "C++", "kind": "macro"}, {"_type": "tag", "name": "DISABLE_WARNING_POINTER_TRUNCATION", "path": "/home/kavia/workspace/code-generation/app-gateway2/__import__/extracted/app-gateway2-cga-cmf8e7ba8d/dependencies/install/include/WPEFramework/core/Portability.h", "pattern": "/^#define DISABLE_WARNING_POINTER_TRUNCATION /", "language": "C++", "kind": "macro"}, {"_type": "tag", "name": "DISABLE_WARNING_POINTER_TRUNCATION", "path": "/home/kavia/workspace/code-generation/app-gateway2/__import__/extracted/app-gateway2-cga-cmf8e7ba8d/dependencies/install/include/WPEFramework/core/Portability.h", "pattern": "/^#define DISABLE_WARNING_POINTER_TRUNCATION$/", "language": "C++", "kind": "macro"}, {"_type": "tag", "name": "DISABLE_WARNING_STRING_OPERATION_OVERREAD", "path": "/home/kavia/workspace/code-generation/app-gateway2/__import__/extracted/app-gateway2-cga-cmf8e7ba8d/dependencies/install/include/WPEFramework/core/Portability.h", "pattern": "/^#define DISABLE_WARNING_STRING_OPERATION_OVERREAD /", "language": "C++", "kind": "macro"}, {"_type": "tag", "name": "DISABLE_WARNING_STRING_OPERATION_OVERREAD", "path": "/home/kavia/workspace/code-generation/app-gateway2/__import__/extracted/app-gateway2-cga-cmf8e7ba8d/dependencies/install/include/WPEFramework/core/Portability.h", "pattern": "/^#define DISABLE_WARNING_STRING_OPERATION_OVERREAD$/", "language": "C++", "kind": "macro"}, {"_type": "tag", "name": "DISABLE_WARNING_THIS_IN_MEMBER_INITIALIZER_LIST", "path": "/home/kavia/workspace/code-generation/app-gateway2/__import__/extracted/app-gateway2-cga-cmf8e7ba8d/dependencies/install/include/WPEFramework/core/Portability.h", "pattern": "/^#define DISABLE_WARNING_THIS_IN_MEMBER_INITIALIZER_LIST /", "language": "C++", "kind": "macro"}, {"_type": "tag", "name": "DISABLE_WARNING_THIS_IN_MEMBER_INITIALIZER_LIST", "path": "/home/kavia/workspace/code-generation/app-gateway2/__import__/extracted/app-gateway2-cga-cmf8e7ba8d/dependencies/install/include/WPEFramework/core/Portability.h", "pattern": "/^#define DISABLE_WARNING_THIS_IN_MEMBER_INITIALIZER_LIST$/", "language": "C++", "kind": "macro"}, {"_type": "tag", "name": "DISABLE_WARNING_TYPE_LIMITS", "path": "/home/kavia/workspace/code-generation/app-gateway2/__import__/extracted/app-gateway2-cga-cmf8e7ba8d/dependencies/install/include/WPEFramework/core/Portability.h", "pattern": "/^#define DISABLE_WARNING_TYPE_LIMITS /", "language": "C++", "kind": "macro"}, {"_type": "tag", "name": "DISABLE_WARNING_TYPE_LIMITS", "path": "/home/kavia/workspace/code-generation/app-gateway2/__import__/extracted/app-gateway2-cga-cmf8e7ba8d/dependencies/install/include/WPEFramework/core/Portability.h", "pattern": "/^#define DISABLE_WARNING_TYPE_LIMITS$/", "language": "C++", "kind": "macro"}, {"_type": "tag", "name": "DISABLE_WARNING_UNUSED_FUNCTIONS", "path": "/home/kavia/workspace/code-generation/app-gateway2/__import__/extracted/app-gateway2-cga-cmf8e7ba8d/dependencies/install/include/WPEFramework/core/Portability.h", "pattern": "/^#define DISABLE_WARNING_UNUSED_FUNCTIONS /", "language": "C++", "kind": "macro"}, {"_type": "tag", "name": "DISABLE_WARNING_UNUSED_PARAMETERS", "path": "/home/kavia/workspace/code-generation/app-gateway2/__import__/extracted/app-gateway2-cga-cmf8e7ba8d/dependencies/install/include/WPEFramework/core/Portability.h", "pattern": "/^#define DISABLE_WARNING_UNUSED_PARAMETERS /", "language": "C++", "kind": "macro"}], "hash": "73e854804c5ea8407e12faef844610bf", "format-version": 4, "code-base-name": "app-gateway2", "filename": "__import__/extracted/app-gateway2-cga-cmf8e7ba8d/dependencies/install/include/WPEFramework/core/Portability.h", "revision_history": [{"4015": "0f87a35b32215bc8547fb583d6c84bd51f603f69"}]}