{"is_source_file": true, "format": "C++ header", "description": "This file defines the interface IApp2AppProvider for the App2AppProvider component in the WPEFramework Exchange namespace. It declares methods for registering, invoking, handling responses, errors, and cleanup related to app-to-app communication.", "external_files": ["<plugins/Module.h>"], "external_methods": [], "published": ["WPEFramework::Exchange::IApp2AppProvider"], "classes": [{"name": "IApp2AppProvider", "description": "Interface for App2AppProvider implementing methods for registering, invoking, and managing app-to-app communication."}], "methods": [{"name": "RegisterProvider", "description": "Registers or unregisters a provider with a specific capability for the given context."}, {"name": "InvokeProvider", "description": "Invokes a provider by capability for the specified consumer context."}, {"name": "HandleProviderResponse", "description": "Handles a successful response payload from a provider."}, {"name": "HandleProviderError", "description": "Handles an error payload from a provider."}, {"name": "Cleanup", "description": "Cleans up resources associated with a specific connection and callsign."}], "calls": ["Core::hresult RegisterProvider", "Core::hresult InvokeProvider", "Core::hresult HandleProviderResponse", "Core::hresult HandleProviderError", "Core::hresult Cleanup"], "search-terms": ["IApp2AppProvider", "Exchange", "App2AppProvider", "Core::IUnknown", "AppGateway", "internal interface", "capability management", "connection handling"], "state": 2, "file_id": 1145, "knowledge_revision": 3765, "git_revision": "0f87a35b32215bc8547fb583d6c84bd51f603f69", "ctags": [{"_type": "tag", "name": "Context", "path": "/home/kavia/workspace/code-generation/app-gateway2/__import__/extracted/app-gateway2-cga-cmf8e7ba8d/app-gateway/IApp2AppProvider.h", "pattern": "/^        struct Context {$/", "language": "C++", "kind": "struct", "scope": "WPEFramework::Exchange::IApp2AppProvider", "scopeKind": "struct"}, {"_type": "tag", "name": "Exchange", "path": "/home/kavia/workspace/code-generation/app-gateway2/__import__/extracted/app-gateway2-cga-cmf8e7ba8d/app-gateway/IApp2AppProvider.h", "pattern": "/^namespace Exchange {$/", "language": "C++", "kind": "namespace", "scope": "WPEFramework", "scopeKind": "namespace"}, {"_type": "tag", "name": "IApp2AppProvider", "path": "/home/kavia/workspace/code-generation/app-gateway2/__import__/extracted/app-gateway2-cga-cmf8e7ba8d/app-gateway/IApp2AppProvider.h", "pattern": "/^    struct EXTERNAL IApp2AppProvider : virtual public Core::IUnknown {$/", "language": "C++", "kind": "struct", "scope": "WPEFramework::Exchange", "scopeKind": "namespace"}, {"_type": "tag", "name": "ID", "path": "/home/kavia/workspace/code-generation/app-gateway2/__import__/extracted/app-gateway2-cga-cmf8e7ba8d/app-gateway/IApp2AppProvider.h", "pattern": "/^        enum { ID = 0xFA00000B };$/", "language": "C++", "kind": "enumerator", "scope": "WPEFramework::Exchange::IApp2AppProvider::__anon87aaf7be0103", "scopeKind": "enum"}, {"_type": "tag", "name": "WPEFramework", "path": "/home/kavia/workspace/code-generation/app-gateway2/__import__/extracted/app-gateway2-cga-cmf8e7ba8d/app-gateway/IApp2AppProvider.h", "pattern": "/^namespace WPEFramework {$/", "language": "C++", "kind": "namespace"}, {"_type": "tag", "name": "__anon87aaf7be0103", "path": "/home/kavia/workspace/code-generation/app-gateway2/__import__/extracted/app-gateway2-cga-cmf8e7ba8d/app-gateway/IApp2AppProvider.h", "pattern": "/^        enum { ID = 0xFA00000B };$/", "language": "C++", "kind": "enum", "scope": "WPEFramework::Exchange::IApp2AppProvider", "scopeKind": "struct"}, {"_type": "tag", "name": "appId", "path": "/home/kavia/workspace/code-generation/app-gateway2/__import__/extracted/app-gateway2-cga-cmf8e7ba8d/app-gateway/IApp2AppProvider.h", "pattern": "/^            string appId;               \\/\\/ Consumer app identifier$/", "language": "C++", "typeref": "typename:string", "kind": "member", "scope": "WPEFramework::Exchange::IApp2AppProvider::Context", "scopeKind": "struct"}, {"_type": "tag", "name": "connectionId", "path": "/home/kavia/workspace/code-generation/app-gateway2/__import__/extracted/app-gateway2-cga-cmf8e7ba8d/app-gateway/IApp2AppProvider.h", "pattern": "/^            uint32_t connectionId {0};  \\/\\/ Numeric connection identifier (aligns with AppGatew/", "language": "C++", "typeref": "typename:uint32_t", "kind": "member", "scope": "WPEFramework::Exchange::IApp2AppProvider::Context", "scopeKind": "struct"}, {"_type": "tag", "name": "origin", "path": "/home/kavia/workspace/code-generation/app-gateway2/__import__/extracted/app-gateway2-cga-cmf8e7ba8d/app-gateway/IApp2AppProvider.h", "pattern": "/^            string origin;              \\/\\/ Origin callsign (e.g., AppGateway or InternalGatewa/", "language": "C++", "typeref": "typename:string", "kind": "member", "scope": "WPEFramework::Exchange::IApp2AppProvider::Context", "scopeKind": "struct"}, {"_type": "tag", "name": "requestId", "path": "/home/kavia/workspace/code-generation/app-gateway2/__import__/extracted/app-gateway2-cga-cmf8e7ba8d/app-gateway/IApp2AppProvider.h", "pattern": "/^            int requestId {0};          \\/\\/ Request identifier from the consumer$/", "language": "C++", "typeref": "typename:int", "kind": "member", "scope": "WPEFramework::Exchange::IApp2AppProvider::Context", "scopeKind": "struct"}], "hash": "fe3c90221f1bbc2c361abd74667f3e73", "format-version": 4, "code-base-name": "app-gateway2", "filename": "__import__/extracted/app-gateway2-cga-cmf8e7ba8d/app-gateway/IApp2AppProvider.h", "fields": [{"name": "string appId", "scope": "WPEFramework::Exchange::IApp2AppProvider::Context", "scopeKind": "struct", "description": "unavailable"}, {"name": "uint32_t connectionId", "scope": "WPEFramework::Exchange::IApp2AppProvider::Context", "scopeKind": "struct", "description": "unavailable"}, {"name": "string origin", "scope": "WPEFramework::Exchange::IApp2AppProvider::Context", "scopeKind": "struct", "description": "unavailable"}, {"name": "int requestId", "scope": "WPEFramework::Exchange::IApp2AppProvider::Context", "scopeKind": "struct", "description": "unavailable"}], "revision_history": [{"3765": "0f87a35b32215bc8547fb583d6c84bd51f603f69"}]}