{"is_source_file": true, "format": "C++ header file", "description": "This file defines the interface for a Packager component in the WPEFramework project, including enums for states, nested interface structures for installation and package information, and methods for registration, configuration, installation, and synchronization.", "external_files": ["Module.h", "Core::IUnknown", "PluginHost::IShell"], "external_methods": [], "published": ["WPEFramework::Exchange::IPackager"], "classes": [{"name": "IPackager", "description": "Interface for package management including states, registration, configuration, and update operations."}, {"name": "IPackager::IInstallationInfo", "description": "Interface providing installation status, progress, application name, error code, and abort method."}, {"name": "IPackager::IPackageInfo", "description": "Interface providing package details such as name, version, and architecture."}, {"name": "IPackager::INotification", "description": "Notification interface for package state changes and repository synchronization events."}], "methods": [{"name": "Register", "description": "Register an observer for packager notifications."}, {"name": "Unregister", "description": "Unregister an observer for packager notifications."}, {"name": "Configure", "description": "Configure the packager with a given service."}, {"name": "Install", "description": "Initiate installation of a package with specific name, version, and architecture."}, {"name": "SynchronizeRepository", "description": "Synchronize the available repository."}], "calls": ["observer->StateChange", "observer->RepositorySynchronize", "Configure", "Install", "SynchronizeRepository"], "search-terms": ["IPackager", "Packager interface", "package management", "install method", "repository synchronization", "package states"], "state": 2, "file_id": 1468, "knowledge_revision": 16268, "git_revision": "0f87a35b32215bc8547fb583d6c84bd51f603f69", "ctags": [{"_type": "tag", "name": "DECRYPTED", "path": "/home/kavia/workspace/code-generation/app-gateway2/__import__/extracted/app-gateway2-cga-cmf8e7ba8d/dependencies/install/include/WPEFramework/interfaces/IPackager.h", "pattern": "/^            DECRYPTED,$/", "language": "C++", "kind": "enumerator", "scope": "WPEFramework::Exchange::IPackager::state", "scopeKind": "enum"}, {"_type": "tag", "name": "DECRYPTING", "path": "/home/kavia/workspace/code-generation/app-gateway2/__import__/extracted/app-gateway2-cga-cmf8e7ba8d/dependencies/install/include/WPEFramework/interfaces/IPackager.h", "pattern": "/^            DECRYPTING,$/", "language": "C++", "kind": "enumerator", "scope": "WPEFramework::Exchange::IPackager::state", "scopeKind": "enum"}, {"_type": "tag", "name": "DECRYPTION_FAILED", "path": "/home/kavia/workspace/code-generation/app-gateway2/__import__/extracted/app-gateway2-cga-cmf8e7ba8d/dependencies/install/include/WPEFramework/interfaces/IPackager.h", "pattern": "/^            DECRYPTION_FAILED,$/", "language": "C++", "kind": "enumerator", "scope": "WPEFramework::Exchange::IPackager::state", "scopeKind": "enum"}, {"_type": "tag", "name": "DOWNLOADED", "path": "/home/kavia/workspace/code-generation/app-gateway2/__import__/extracted/app-gateway2-cga-cmf8e7ba8d/dependencies/install/include/WPEFramework/interfaces/IPackager.h", "pattern": "/^            DOWNLOADED,$/", "language": "C++", "kind": "enumerator", "scope": "WPEFramework::Exchange::IPackager::state", "scopeKind": "enum"}, {"_type": "tag", "name": "DOWNLOADING", "path": "/home/kavia/workspace/code-generation/app-gateway2/__import__/extracted/app-gateway2-cga-cmf8e7ba8d/dependencies/install/include/WPEFramework/interfaces/IPackager.h", "pattern": "/^            DOWNLOADING,$/", "language": "C++", "kind": "enumerator", "scope": "WPEFramework::Exchange::IPackager::state", "scopeKind": "enum"}, {"_type": "tag", "name": "DOWNLOAD_FAILED", "path": "/home/kavia/workspace/code-generation/app-gateway2/__import__/extracted/app-gateway2-cga-cmf8e7ba8d/dependencies/install/include/WPEFramework/interfaces/IPackager.h", "pattern": "/^            DOWNLOAD_FAILED,$/", "language": "C++", "kind": "enumerator", "scope": "WPEFramework::Exchange::IPackager::state", "scopeKind": "enum"}, {"_type": "tag", "name": "EXTRACTION_FAILED", "path": "/home/kavia/workspace/code-generation/app-gateway2/__import__/extracted/app-gateway2-cga-cmf8e7ba8d/dependencies/install/include/WPEFramework/interfaces/IPackager.h", "pattern": "/^            EXTRACTION_FAILED,$/", "language": "C++", "kind": "enumerator", "scope": "WPEFramework::Exchange::IPackager::state", "scopeKind": "enum"}, {"_type": "tag", "name": "Exchange", "path": "/home/kavia/workspace/code-generation/app-gateway2/__import__/extracted/app-gateway2-cga-cmf8e7ba8d/dependencies/install/include/WPEFramework/interfaces/IPackager.h", "pattern": "/^namespace Exchange {$/", "language": "C++", "kind": "namespace", "scope": "WPEFramework", "scopeKind": "namespace"}, {"_type": "tag", "name": "ID", "path": "/home/kavia/workspace/code-generation/app-gateway2/__import__/extracted/app-gateway2-cga-cmf8e7ba8d/dependencies/install/include/WPEFramework/interfaces/IPackager.h", "pattern": "/^            enum { ID = ID_PACKAGER_INSTALLATIONINFO };$/", "language": "C++", "kind": "enumerator", "scope": "WPEFramework::Exchange::IPackager::IInstallationInfo::__anon970553d90203", "scopeKind": "enum"}, {"_type": "tag", "name": "ID", "path": "/home/kavia/workspace/code-generation/app-gateway2/__import__/extracted/app-gateway2-cga-cmf8e7ba8d/dependencies/install/include/WPEFramework/interfaces/IPackager.h", "pattern": "/^            enum { ID = ID_PACKAGER_NOTIFICATION };$/", "language": "C++", "kind": "enumerator", "scope": "WPEFramework::Exchange::IPackager::INotification::__anon970553d90403", "scopeKind": "enum"}, {"_type": "tag", "name": "ID", "path": "/home/kavia/workspace/code-generation/app-gateway2/__import__/extracted/app-gateway2-cga-cmf8e7ba8d/dependencies/install/include/WPEFramework/interfaces/IPackager.h", "pattern": "/^            enum { ID = ID_PACKAGER_PACKAGEINFO };$/", "language": "C++", "kind": "enumerator", "scope": "WPEFramework::Exchange::IPackager::IPackageInfo::__anon970553d90303", "scopeKind": "enum"}, {"_type": "tag", "name": "ID", "path": "/home/kavia/workspace/code-generation/app-gateway2/__import__/extracted/app-gateway2-cga-cmf8e7ba8d/dependencies/install/include/WPEFramework/interfaces/IPackager.h", "pattern": "/^        enum { ID = ID_PACKAGER };$/", "language": "C++", "kind": "enumerator", "scope": "WPEFramework::Exchange::IPackager::__anon970553d90103", "scopeKind": "enum"}, {"_type": "tag", "name": "IDLE", "path": "/home/kavia/workspace/code-generation/app-gateway2/__import__/extracted/app-gateway2-cga-cmf8e7ba8d/dependencies/install/include/WPEFramework/interfaces/IPackager.h", "pattern": "/^            IDLE,$/", "language": "C++", "kind": "enumerator", "scope": "WPEFramework::Exchange::IPackager::state", "scopeKind": "enum"}, {"_type": "tag", "name": "IInstallationInfo", "path": "/home/kavia/workspace/code-generation/app-gateway2/__import__/extracted/app-gateway2-cga-cmf8e7ba8d/dependencies/install/include/WPEFramework/interfaces/IPackager.h", "pattern": "/^        struct EXTERNAL IInstallationInfo : virtual public Core::IUnknown {$/", "language": "C++", "kind": "struct", "scope": "WPEFramework::Exchange::IPackager", "scopeKind": "struct"}, {"_type": "tag", "name": "INSTALLED", "path": "/home/kavia/workspace/code-generation/app-gateway2/__import__/extracted/app-gateway2-cga-cmf8e7ba8d/dependencies/install/include/WPEFramework/interfaces/IPackager.h", "pattern": "/^            INSTALLED,$/", "language": "C++", "kind": "enumerator", "scope": "WPEFramework::Exchange::IPackager::state", "scopeKind": "enum"}, {"_type": "tag", "name": "INSTALLING", "path": "/home/kavia/workspace/code-generation/app-gateway2/__import__/extracted/app-gateway2-cga-cmf8e7ba8d/dependencies/install/include/WPEFramework/interfaces/IPackager.h", "pattern": "/^            INSTALLING,$/", "language": "C++", "kind": "enumerator", "scope": "WPEFramework::Exchange::IPackager::state", "scopeKind": "enum"}, {"_type": "tag", "name": "INSTALL_FAILED", "path": "/home/kavia/workspace/code-generation/app-gateway2/__import__/extracted/app-gateway2-cga-cmf8e7ba8d/dependencies/install/include/WPEFramework/interfaces/IPackager.h", "pattern": "/^            INSTALL_FAILED,$/", "language": "C++", "kind": "enumerator", "scope": "WPEFramework::Exchange::IPackager::state", "scopeKind": "enum"}, {"_type": "tag", "name": "INotification", "path": "/home/kavia/workspace/code-generation/app-gateway2/__import__/extracted/app-gateway2-cga-cmf8e7ba8d/dependencies/install/include/WPEFramework/interfaces/IPackager.h", "pattern": "/^        struct EXTERNAL INotification : virtual public Core::IUnknown {$/", "language": "C++", "kind": "struct", "scope": "WPEFramework::Exchange::IPackager", "scopeKind": "struct"}, {"_type": "tag", "name": "IPackageInfo", "path": "/home/kavia/workspace/code-generation/app-gateway2/__import__/extracted/app-gateway2-cga-cmf8e7ba8d/dependencies/install/include/WPEFramework/interfaces/IPackager.h", "pattern": "/^        struct EXTERNAL IPackageInfo : virtual public Core::IUnknown {$/", "language": "C++", "kind": "struct", "scope": "WPEFramework::Exchange::IPackager", "scopeKind": "struct"}, {"_type": "tag", "name": "IPackager", "path": "/home/kavia/workspace/code-generation/app-gateway2/__import__/extracted/app-gateway2-cga-cmf8e7ba8d/dependencies/install/include/WPEFramework/interfaces/IPackager.h", "pattern": "/^    struct EXTERNAL IPackager : virtual public Core::IUnknown {$/", "language": "C++", "kind": "struct", "scope": "WPEFramework::Exchange", "scopeKind": "namespace"}, {"_type": "tag", "name": "REMOVE_FAILED", "path": "/home/kavia/workspace/code-generation/app-gateway2/__import__/extracted/app-gateway2-cga-cmf8e7ba8d/dependencies/install/include/WPEFramework/interfaces/IPackager.h", "pattern": "/^            REMOVE_FAILED$/", "language": "C++", "kind": "enumerator", "scope": "WPEFramework::Exchange::IPackager::state", "scopeKind": "enum"}, {"_type": "tag", "name": "VERIFICATION_FAILED", "path": "/home/kavia/workspace/code-generation/app-gateway2/__import__/extracted/app-gateway2-cga-cmf8e7ba8d/dependencies/install/include/WPEFramework/interfaces/IPackager.h", "pattern": "/^            VERIFICATION_FAILED,$/", "language": "C++", "kind": "enumerator", "scope": "WPEFramework::Exchange::IPackager::state", "scopeKind": "enum"}, {"_type": "tag", "name": "VERIFIED", "path": "/home/kavia/workspace/code-generation/app-gateway2/__import__/extracted/app-gateway2-cga-cmf8e7ba8d/dependencies/install/include/WPEFramework/interfaces/IPackager.h", "pattern": "/^            VERIFIED,$/", "language": "C++", "kind": "enumerator", "scope": "WPEFramework::Exchange::IPackager::state", "scopeKind": "enum"}, {"_type": "tag", "name": "VERIFYING", "path": "/home/kavia/workspace/code-generation/app-gateway2/__import__/extracted/app-gateway2-cga-cmf8e7ba8d/dependencies/install/include/WPEFramework/interfaces/IPackager.h", "pattern": "/^            VERIFYING,$/", "language": "C++", "kind": "enumerator", "scope": "WPEFramework::Exchange::IPackager::state", "scopeKind": "enum"}, {"_type": "tag", "name": "WPEFramework", "path": "/home/kavia/workspace/code-generation/app-gateway2/__import__/extracted/app-gateway2-cga-cmf8e7ba8d/dependencies/install/include/WPEFramework/interfaces/IPackager.h", "pattern": "/^namespace WPEFramework {$/", "language": "C++", "kind": "namespace"}, {"_type": "tag", "name": "__anon970553d90103", "path": "/home/kavia/workspace/code-generation/app-gateway2/__import__/extracted/app-gateway2-cga-cmf8e7ba8d/dependencies/install/include/WPEFramework/interfaces/IPackager.h", "pattern": "/^        enum { ID = ID_PACKAGER };$/", "language": "C++", "kind": "enum", "scope": "WPEFramework::Exchange::IPackager", "scopeKind": "struct"}, {"_type": "tag", "name": "__anon970553d90203", "path": "/home/kavia/workspace/code-generation/app-gateway2/__import__/extracted/app-gateway2-cga-cmf8e7ba8d/dependencies/install/include/WPEFramework/interfaces/IPackager.h", "pattern": "/^            enum { ID = ID_PACKAGER_INSTALLATIONINFO };$/", "language": "C++", "kind": "enum", "scope": "WPEFramework::Exchange::IPackager::IInstallationInfo", "scopeKind": "struct"}, {"_type": "tag", "name": "__anon970553d90303", "path": "/home/kavia/workspace/code-generation/app-gateway2/__import__/extracted/app-gateway2-cga-cmf8e7ba8d/dependencies/install/include/WPEFramework/interfaces/IPackager.h", "pattern": "/^            enum { ID = ID_PACKAGER_PACKAGEINFO };$/", "language": "C++", "kind": "enum", "scope": "WPEFramework::Exchange::IPackager::IPackageInfo", "scopeKind": "struct"}, {"_type": "tag", "name": "__anon970553d90403", "path": "/home/kavia/workspace/code-generation/app-gateway2/__import__/extracted/app-gateway2-cga-cmf8e7ba8d/dependencies/install/include/WPEFramework/interfaces/IPackager.h", "pattern": "/^            enum { ID = ID_PACKAGER_NOTIFICATION };$/", "language": "C++", "kind": "enum", "scope": "WPEFramework::Exchange::IPackager::INotification", "scopeKind": "struct"}, {"_type": "tag", "name": "state", "path": "/home/kavia/workspace/code-generation/app-gateway2/__import__/extracted/app-gateway2-cga-cmf8e7ba8d/dependencies/install/include/WPEFramework/interfaces/IPackager.h", "pattern": "/^        enum state : uint8_t {$/", "language": "C++", "typeref": "typename:uint8_t", "kind": "enum", "scope": "WPEFramework::Exchange::IPackager", "scopeKind": "struct"}], "hash": "ba5beaaad0f437508a92fcea471e9ee0", "format-version": 4, "code-base-name": "app-gateway2", "filename": "__import__/extracted/app-gateway2-cga-cmf8e7ba8d/dependencies/install/include/WPEFramework/interfaces/IPackager.h", "revision_history": [{"16268": "0f87a35b32215bc8547fb583d6c84bd51f603f69"}]}