{"is_source_file": true, "format": "C++ header", "description": "This file contains C++ class and enum definitions for the Firmware Control JSON-RPC API, including data structures and enums related to firmware upgrade status, parameters, and progress updates.", "external_files": ["<core/JSON.h>", "<core/Enumerate.h>"], "external_methods": [], "published": ["JsonData::FirmwareControl::StatusType", "JsonData::FirmwareControl::ResumeParamsData", "JsonData::FirmwareControl::UpgradeParamsData", "JsonData::FirmwareControl::UpgradeprogressParamsData"], "classes": [{"name": "ResumeParamsData", "description": "Represents parameters to resume firmware upgrade, including firmware name and location."}, {"name": "UpgradeParamsData", "description": "Represents parameters to initiate a firmware upgrade, including name, location, type, progress interval, and HMAC."}, {"name": "UpgradeprogressParamsData", "description": "Represents progress update information during firmware upgrade, including status, error reason, and progress percentage or bytes transferred."}], "methods": [{"name": "bool IsValid() const", "description": "Always returns true; placeholder for validation logic in parameter classes.", "scope": "WPEFramework::JsonData::FirmwareControl::UpgradeprogressParamsData", "scopeKind": "class"}, {"name": "ResumeParamsData()", "scope": "WPEFramework::JsonData::FirmwareControl::ResumeParamsData", "scopeKind": "class", "description": "unavailable"}, {"name": "UpgradeParamsData()", "scope": "WPEFramework::JsonData::FirmwareControl::UpgradeParamsData", "scopeKind": "class", "description": "unavailable"}, {"name": "UpgradeprogressParamsData()", "scope": "WPEFramework::JsonData::FirmwareControl::UpgradeprogressParamsData", "scopeKind": "class", "description": "unavailable"}], "calls": [], "search-terms": ["FirmwareControl", "JsonData", "Upgrade", "Progress", "JSON::Container", "StatusType", "ResumeParamsData", "UpgradeParamsData", "UpgradeprogressParamsData"], "state": 2, "file_id": 1610, "knowledge_revision": 4208, "git_revision": "0f87a35b32215bc8547fb583d6c84bd51f603f69", "ctags": [{"_type": "tag", "name": "CDL", "path": "/home/kavia/workspace/code-generation/app-gateway2/__import__/extracted/app-gateway2-cga-cmf8e7ba8d/dependencies/install/include/WPEFramework/interfaces/json/JsonData_FirmwareControl.h", "pattern": "/^                CDL,$/", "language": "C++", "kind": "enumerator", "scope": "WPEFramework::JsonData::FirmwareControl::UpgradeParamsData::TypeType", "scopeKind": "enum"}, {"_type": "tag", "name": "DOWNLOADABORTED", "path": "/home/kavia/workspace/code-generation/app-gateway2/__import__/extracted/app-gateway2-cga-cmf8e7ba8d/dependencies/install/include/WPEFramework/interfaces/json/JsonData_FirmwareControl.h", "pattern": "/^            DOWNLOADABORTED,$/", "language": "C++", "kind": "enumerator", "scope": "WPEFramework::JsonData::FirmwareControl::StatusType", "scopeKind": "enum"}, {"_type": "tag", "name": "DOWNLOADCOMPLETED", "path": "/home/kavia/workspace/code-generation/app-gateway2/__import__/extracted/app-gateway2-cga-cmf8e7ba8d/dependencies/install/include/WPEFramework/interfaces/json/JsonData_FirmwareControl.h", "pattern": "/^            DOWNLOADCOMPLETED,$/", "language": "C++", "kind": "enumerator", "scope": "WPEFramework::JsonData::FirmwareControl::StatusType", "scopeKind": "enum"}, {"_type": "tag", "name": "DOWNLOADDIRECTORYNOTEXIST", "path": "/home/kavia/workspace/code-generation/app-gateway2/__import__/extracted/app-gateway2-cga-cmf8e7ba8d/dependencies/install/include/WPEFramework/interfaces/json/JsonData_FirmwareControl.h", "pattern": "/^                DOWNLOADDIRECTORYNOTEXIST,$/", "language": "C++", "kind": "enumerator", "scope": "WPEFramework::JsonData::FirmwareControl::UpgradeprogressParamsData::ErrorType", "scopeKind": "enum"}, {"_type": "tag", "name": "DOWNLOADSTARTED", "path": "/home/kavia/workspace/code-generation/app-gateway2/__import__/extracted/app-gateway2-cga-cmf8e7ba8d/dependencies/install/include/WPEFramework/interfaces/json/JsonData_FirmwareControl.h", "pattern": "/^            DOWNLOADSTARTED,$/", "language": "C++", "kind": "enumerator", "scope": "WPEFramework::JsonData::FirmwareControl::StatusType", "scopeKind": "enum"}, {"_type": "tag", "name": "Error", "path": "/home/kavia/workspace/code-generation/app-gateway2/__import__/extracted/app-gateway2-cga-cmf8e7ba8d/dependencies/install/include/WPEFramework/interfaces/json/JsonData_FirmwareControl.h", "pattern": "/^            Core::JSON::EnumType<UpgradeprogressParamsData::ErrorType> Error; \\/\\/ Reason of err/", "language": "C++", "typeref": "typename:Core::JSON::EnumType<UpgradeprogressParamsData::ErrorType>", "kind": "member", "scope": "WPEFramework::JsonData::FirmwareControl::UpgradeprogressParamsData", "scopeKind": "class"}, {"_type": "tag", "name": "ErrorType", "path": "/home/kavia/workspace/code-generation/app-gateway2/__import__/extracted/app-gateway2-cga-cmf8e7ba8d/dependencies/install/include/WPEFramework/interfaces/json/JsonData_FirmwareControl.h", "pattern": "/^            enum class ErrorType : uint8_t {$/", "language": "C++", "typeref": "typename:uint8_t", "kind": "enum", "scope": "WPEFramework::JsonData::FirmwareControl::UpgradeprogressParamsData", "scopeKind": "class"}, {"_type": "tag", "name": "FirmwareControl", "path": "/home/kavia/workspace/code-generation/app-gateway2/__import__/extracted/app-gateway2-cga-cmf8e7ba8d/dependencies/install/include/WPEFramework/interfaces/json/JsonData_FirmwareControl.h", "pattern": "/^    namespace FirmwareControl {$/", "language": "C++", "kind": "namespace", "scope": "WPEFramework::JsonData", "scopeKind": "namespace"}, {"_type": "tag", "name": "GENERIC", "path": "/home/kavia/workspace/code-generation/app-gateway2/__import__/extracted/app-gateway2-cga-cmf8e7ba8d/dependencies/install/include/WPEFramework/interfaces/json/JsonData_FirmwareControl.h", "pattern": "/^                GENERIC,$/", "language": "C++", "kind": "enumerator", "scope": "WPEFramework::JsonData::FirmwareControl::UpgradeprogressParamsData::ErrorType", "scopeKind": "enum"}, {"_type": "tag", "name": "Hmac", "path": "/home/kavia/workspace/code-generation/app-gateway2/__import__/extracted/app-gateway2-cga-cmf8e7ba8d/dependencies/install/include/WPEFramework/interfaces/json/JsonData_FirmwareControl.h", "pattern": "/^            Core::JSON::String Hmac; \\/\\/ HMAC value of firmare$/", "language": "C++", "typeref": "typename:Core::JSON::String", "kind": "member", "scope": "WPEFramework::JsonData::FirmwareControl::UpgradeParamsData", "scopeKind": "class"}, {"_type": "tag", "name": "INCORRECTHASH", "path": "/home/kavia/workspace/code-generation/app-gateway2/__import__/extracted/app-gateway2-cga-cmf8e7ba8d/dependencies/install/include/WPEFramework/interfaces/json/JsonData_FirmwareControl.h", "pattern": "/^                INCORRECTHASH,$/", "language": "C++", "kind": "enumerator", "scope": "WPEFramework::JsonData::FirmwareControl::UpgradeprogressParamsData::ErrorType", "scopeKind": "enum"}, {"_type": "tag", "name": "INSTALLABORTED", "path": "/home/kavia/workspace/code-generation/app-gateway2/__import__/extracted/app-gateway2-cga-cmf8e7ba8d/dependencies/install/include/WPEFramework/interfaces/json/JsonData_FirmwareControl.h", "pattern": "/^            INSTALLABORTED,$/", "language": "C++", "kind": "enumerator", "scope": "WPEFramework::JsonData::FirmwareControl::StatusType", "scopeKind": "enum"}, {"_type": "tag", "name": "INSTALLINITIATED", "path": "/home/kavia/workspace/code-generation/app-gateway2/__import__/extracted/app-gateway2-cga-cmf8e7ba8d/dependencies/install/include/WPEFramework/interfaces/json/JsonData_FirmwareControl.h", "pattern": "/^            INSTALLINITIATED,$/", "language": "C++", "kind": "enumerator", "scope": "WPEFramework::JsonData::FirmwareControl::StatusType", "scopeKind": "enum"}, {"_type": "tag", "name": "INSTALLNOTSTARTED", "path": "/home/kavia/workspace/code-generation/app-gateway2/__import__/extracted/app-gateway2-cga-cmf8e7ba8d/dependencies/install/include/WPEFramework/interfaces/json/JsonData_FirmwareControl.h", "pattern": "/^            INSTALLNOTSTARTED,$/", "language": "C++", "kind": "enumerator", "scope": "WPEFramework::JsonData::FirmwareControl::StatusType", "scopeKind": "enum"}, {"_type": "tag", "name": "INSTALLSTARTED", "path": "/home/kavia/workspace/code-generation/app-gateway2/__import__/extracted/app-gateway2-cga-cmf8e7ba8d/dependencies/install/include/WPEFramework/interfaces/json/JsonData_FirmwareControl.h", "pattern": "/^            INSTALLSTARTED,$/", "language": "C++", "kind": "enumerator", "scope": "WPEFramework::JsonData::FirmwareControl::StatusType", "scopeKind": "enum"}, {"_type": "tag", "name": "INVALIDPARAMETERS", "path": "/home/kavia/workspace/code-generation/app-gateway2/__import__/extracted/app-gateway2-cga-cmf8e7ba8d/dependencies/install/include/WPEFramework/interfaces/json/JsonData_FirmwareControl.h", "pattern": "/^                INVALIDPARAMETERS,$/", "language": "C++", "kind": "enumerator", "scope": "WPEFramework::JsonData::FirmwareControl::UpgradeprogressParamsData::ErrorType", "scopeKind": "enum"}, {"_type": "tag", "name": "INVALIDRANGE", "path": "/home/kavia/workspace/code-generation/app-gateway2/__import__/extracted/app-gateway2-cga-cmf8e7ba8d/dependencies/install/include/WPEFramework/interfaces/json/JsonData_FirmwareControl.h", "pattern": "/^                INVALIDRANGE,$/", "language": "C++", "kind": "enumerator", "scope": "WPEFramework::JsonData::FirmwareControl::UpgradeprogressParamsData::ErrorType", "scopeKind": "enum"}, {"_type": "tag", "name": "INVALIDSTATE", "path": "/home/kavia/workspace/code-generation/app-gateway2/__import__/extracted/app-gateway2-cga-cmf8e7ba8d/dependencies/install/include/WPEFramework/interfaces/json/JsonData_FirmwareControl.h", "pattern": "/^                INVALIDSTATE,$/", "language": "C++", "kind": "enumerator", "scope": "WPEFramework::JsonData::FirmwareControl::UpgradeprogressParamsData::ErrorType", "scopeKind": "enum"}, {"_type": "tag", "name": "IsValid", "path": "/home/kavia/workspace/code-generation/app-gateway2/__import__/extracted/app-gateway2-cga-cmf8e7ba8d/dependencies/install/include/WPEFramework/interfaces/json/JsonData_FirmwareControl.h", "pattern": "/^            bool IsValid() const$/", "language": "C++", "typeref": "typename:bool", "kind": "function", "signature": "() const", "scope": "WPEFramework::JsonData::FirmwareControl::ResumeParamsData", "scopeKind": "class"}, {"_type": "tag", "name": "IsValid", "path": "/home/kavia/workspace/code-generation/app-gateway2/__import__/extracted/app-gateway2-cga-cmf8e7ba8d/dependencies/install/include/WPEFramework/interfaces/json/JsonData_FirmwareControl.h", "pattern": "/^            bool IsValid() const$/", "language": "C++", "typeref": "typename:bool", "kind": "function", "signature": "() const", "scope": "WPEFramework::JsonData::FirmwareControl::UpgradeParamsData", "scopeKind": "class"}, {"_type": "tag", "name": "IsValid", "path": "/home/kavia/workspace/code-generation/app-gateway2/__import__/extracted/app-gateway2-cga-cmf8e7ba8d/dependencies/install/include/WPEFramework/interfaces/json/JsonData_FirmwareControl.h", "pattern": "/^            bool IsValid() const$/", "language": "C++", "typeref": "typename:bool", "kind": "function", "signature": "() const", "scope": "WPEFramework::JsonData::FirmwareControl::UpgradeprogressParamsData", "scopeKind": "class"}, {"_type": "tag", "name": "JsonData", "path": "/home/kavia/workspace/code-generation/app-gateway2/__import__/extracted/app-gateway2-cga-cmf8e7ba8d/dependencies/install/include/WPEFramework/interfaces/json/JsonData_FirmwareControl.h", "pattern": "/^namespace JsonData {$/", "language": "C++", "kind": "namespace", "scope": "WPEFramework", "scopeKind": "namespace"}, {"_type": "tag", "name": "Location", "path": "/home/kavia/workspace/code-generation/app-gateway2/__import__/extracted/app-gateway2-cga-cmf8e7ba8d/dependencies/install/include/WPEFramework/interfaces/json/JsonData_FirmwareControl.h", "pattern": "/^            Core::JSON::String Location; \\/\\/ Location or URL of the firmware to be upgraded$/", "language": "C++", "typeref": "typename:Core::JSON::String", "kind": "member", "scope": "WPEFramework::JsonData::FirmwareControl::ResumeParamsData", "scopeKind": "class"}, {"_type": "tag", "name": "Location", "path": "/home/kavia/workspace/code-generation/app-gateway2/__import__/extracted/app-gateway2-cga-cmf8e7ba8d/dependencies/install/include/WPEFramework/interfaces/json/JsonData_FirmwareControl.h", "pattern": "/^            Core::JSON::String Location; \\/\\/ Location or URL of the firmware to be upgraded$/", "language": "C++", "typeref": "typename:Core::JSON::String", "kind": "member", "scope": "WPEFramework::JsonData::FirmwareControl::UpgradeParamsData", "scopeKind": "class"}, {"_type": "tag", "name": "NOENOUGHSPACE", "path": "/home/kavia/workspace/code-generation/app-gateway2/__import__/extracted/app-gateway2-cga-cmf8e7ba8d/dependencies/install/include/WPEFramework/interfaces/json/JsonData_FirmwareControl.h", "pattern": "/^                NOENOUGHSPACE,$/", "language": "C++", "kind": "enumerator", "scope": "WPEFramework::JsonData::FirmwareControl::UpgradeprogressParamsData::ErrorType", "scopeKind": "enum"}, {"_type": "tag", "name": "NONE", "path": "/home/kavia/workspace/code-generation/app-gateway2/__import__/extracted/app-gateway2-cga-cmf8e7ba8d/dependencies/install/include/WPEFramework/interfaces/json/JsonData_FirmwareControl.h", "pattern": "/^                NONE,$/", "language": "C++", "kind": "enumerator", "scope": "WPEFramework::JsonData::FirmwareControl::UpgradeprogressParamsData::ErrorType", "scopeKind": "enum"}, {"_type": "tag", "name": "NONE", "path": "/home/kavia/workspace/code-generation/app-gateway2/__import__/extracted/app-gateway2-cga-cmf8e7ba8d/dependencies/install/include/WPEFramework/interfaces/json/JsonData_FirmwareControl.h", "pattern": "/^            NONE,$/", "language": "C++", "kind": "enumerator", "scope": "WPEFramework::JsonData::FirmwareControl::StatusType", "scopeKind": "enum"}, {"_type": "tag", "name": "Name", "path": "/home/kavia/workspace/code-generation/app-gateway2/__import__/extracted/app-gateway2-cga-cmf8e7ba8d/dependencies/install/include/WPEFramework/interfaces/json/JsonData_FirmwareControl.h", "pattern": "/^            Core::JSON::String Name; \\/\\/ Name of the firmware$/", "language": "C++", "typeref": "typename:Core::JSON::String", "kind": "member", "scope": "WPEFramework::JsonData::FirmwareControl::ResumeParamsData", "scopeKind": "class"}, {"_type": "tag", "name": "Name", "path": "/home/kavia/workspace/code-generation/app-gateway2/__import__/extracted/app-gateway2-cga-cmf8e7ba8d/dependencies/install/include/WPEFramework/interfaces/json/JsonData_FirmwareControl.h", "pattern": "/^            Core::JSON::String Name; \\/\\/ Name of the firmware$/", "language": "C++", "typeref": "typename:Core::JSON::String", "kind": "member", "scope": "WPEFramework::JsonData::FirmwareControl::UpgradeParamsData", "scopeKind": "class"}, {"_type": "tag", "name": "OPERATIONOTSUPPORTED", "path": "/home/kavia/workspace/code-generation/app-gateway2/__import__/extracted/app-gateway2-cga-cmf8e7ba8d/dependencies/install/include/WPEFramework/interfaces/json/JsonData_FirmwareControl.h", "pattern": "/^                OPERATIONOTSUPPORTED,$/", "language": "C++", "kind": "enumerator", "scope": "WPEFramework::JsonData::FirmwareControl::UpgradeprogressParamsData::ErrorType", "scopeKind": "enum"}, {"_type": "tag", "name": "Progress", "path": "/home/kavia/workspace/code-generation/app-gateway2/__import__/extracted/app-gateway2-cga-cmf8e7ba8d/dependencies/install/include/WPEFramework/interfaces/json/JsonData_FirmwareControl.h", "pattern": "/^            Core::JSON::DecUInt32 Progress; \\/\\/ Progress of upgrade (number of bytes transferre/", "language": "C++", "typeref": "typename:Core::JSON::DecUInt32", "kind": "member", "scope": "WPEFramework::JsonData::FirmwareControl::UpgradeprogressParamsData", "scopeKind": "class"}, {"_type": "tag", "name": "Progressinterval", "path": "/home/kavia/workspace/code-generation/app-gateway2/__import__/extracted/app-gateway2-cga-cmf8e7ba8d/dependencies/install/include/WPEFramework/interfaces/json/JsonData_FirmwareControl.h", "pattern": "/^            Core::JSON::DecUInt16 Progressinterval; \\/\\/ Number of seconds between progress upda/", "language": "C++", "typeref": "typename:Core::JSON::DecUInt16", "kind": "member", "scope": "WPEFramework::JsonData::FirmwareControl::UpgradeParamsData", "scopeKind": "class"}, {"_type": "tag", "name": "RCDL", "path": "/home/kavia/workspace/code-generation/app-gateway2/__import__/extracted/app-gateway2-cga-cmf8e7ba8d/dependencies/install/include/WPEFramework/interfaces/json/JsonData_FirmwareControl.h", "pattern": "/^                RCDL$/", "language": "C++", "kind": "enumerator", "scope": "WPEFramework::JsonData::FirmwareControl::UpgradeParamsData::TypeType", "scopeKind": "enum"}, {"_type": "tag", "name": "RESUMENOTSUPPORTED", "path": "/home/kavia/workspace/code-generation/app-gateway2/__import__/extracted/app-gateway2-cga-cmf8e7ba8d/dependencies/install/include/WPEFramework/interfaces/json/JsonData_FirmwareControl.h", "pattern": "/^                RESUMENOTSUPPORTED,$/", "language": "C++", "kind": "enumerator", "scope": "WPEFramework::JsonData::FirmwareControl::UpgradeprogressParamsData::ErrorType", "scopeKind": "enum"}, {"_type": "tag", "name": "ResumeParamsData", "path": "/home/kavia/workspace/code-generation/app-gateway2/__import__/extracted/app-gateway2-cga-cmf8e7ba8d/dependencies/install/include/WPEFramework/interfaces/json/JsonData_FirmwareControl.h", "pattern": "/^            ResumeParamsData()$/", "language": "C++", "kind": "function", "signature": "()", "scope": "WPEFramework::JsonData::FirmwareControl::ResumeParamsData", "scopeKind": "class"}, {"_type": "tag", "name": "ResumeParamsData", "path": "/home/kavia/workspace/code-generation/app-gateway2/__import__/extracted/app-gateway2-cga-cmf8e7ba8d/dependencies/install/include/WPEFramework/interfaces/json/JsonData_FirmwareControl.h", "pattern": "/^        class ResumeParamsData : public Core::JSON::Container {$/", "language": "C++", "kind": "class", "scope": "WPEFramework::JsonData::FirmwareControl", "scopeKind": "namespace"}, {"_type": "tag", "name": "Status", "path": "/home/kavia/workspace/code-generation/app-gateway2/__import__/extracted/app-gateway2-cga-cmf8e7ba8d/dependencies/install/include/WPEFramework/interfaces/json/JsonData_FirmwareControl.h", "pattern": "/^            Core::JSON::EnumType<StatusType> Status; \\/\\/ Upgrade status$/", "language": "C++", "typeref": "typename:Core::JSON::EnumType<StatusType>", "kind": "member", "scope": "WPEFramework::JsonData::FirmwareControl::UpgradeprogressParamsData", "scopeKind": "class"}, {"_type": "tag", "name": "StatusType", "path": "/home/kavia/workspace/code-generation/app-gateway2/__import__/extracted/app-gateway2-cga-cmf8e7ba8d/dependencies/install/include/WPEFramework/interfaces/json/JsonData_FirmwareControl.h", "pattern": "/^        enum class StatusType : uint8_t {$/", "language": "C++", "typeref": "typename:uint8_t", "kind": "enum", "scope": "WPEFramework::JsonData::FirmwareControl", "scopeKind": "namespace"}, {"_type": "tag", "name": "TIMEDOUT", "path": "/home/kavia/workspace/code-generation/app-gateway2/__import__/extracted/app-gateway2-cga-cmf8e7ba8d/dependencies/install/include/WPEFramework/interfaces/json/JsonData_FirmwareControl.h", "pattern": "/^                TIMEDOUT,$/", "language": "C++", "kind": "enumerator", "scope": "WPEFramework::JsonData::FirmwareControl::UpgradeprogressParamsData::ErrorType", "scopeKind": "enum"}, {"_type": "tag", "name": "Type", "path": "/home/kavia/workspace/code-generation/app-gateway2/__import__/extracted/app-gateway2-cga-cmf8e7ba8d/dependencies/install/include/WPEFramework/interfaces/json/JsonData_FirmwareControl.h", "pattern": "/^            Core::JSON::EnumType<UpgradeParamsData::TypeType> Type; \\/\\/ Type of the firmware$/", "language": "C++", "typeref": "typename:Core::JSON::EnumType<UpgradeParamsData::TypeType>", "kind": "member", "scope": "WPEFramework::JsonData::FirmwareControl::UpgradeParamsData", "scopeKind": "class"}, {"_type": "tag", "name": "TypeType", "path": "/home/kavia/workspace/code-generation/app-gateway2/__import__/extracted/app-gateway2-cga-cmf8e7ba8d/dependencies/install/include/WPEFramework/interfaces/json/JsonData_FirmwareControl.h", "pattern": "/^            enum class TypeType : uint8_t {$/", "language": "C++", "typeref": "typename:uint8_t", "kind": "enum", "scope": "WPEFramework::JsonData::FirmwareControl::UpgradeParamsData", "scopeKind": "class"}, {"_type": "tag", "name": "UNAUTHENTICATED", "path": "/home/kavia/workspace/code-generation/app-gateway2/__import__/extracted/app-gateway2-cga-cmf8e7ba8d/dependencies/install/include/WPEFramework/interfaces/json/JsonData_FirmwareControl.h", "pattern": "/^                UNAUTHENTICATED,$/", "language": "C++", "kind": "enumerator", "scope": "WPEFramework::JsonData::FirmwareControl::UpgradeprogressParamsData::ErrorType", "scopeKind": "enum"}, {"_type": "tag", "name": "UNAVAILABLE", "path": "/home/kavia/workspace/code-generation/app-gateway2/__import__/extracted/app-gateway2-cga-cmf8e7ba8d/dependencies/install/include/WPEFramework/interfaces/json/JsonData_FirmwareControl.h", "pattern": "/^                UNAVAILABLE,$/", "language": "C++", "kind": "enumerator", "scope": "WPEFramework::JsonData::FirmwareControl::UpgradeprogressParamsData::ErrorType", "scopeKind": "enum"}, {"_type": "tag", "name": "UNKOWN", "path": "/home/kavia/workspace/code-generation/app-gateway2/__import__/extracted/app-gateway2-cga-cmf8e7ba8d/dependencies/install/include/WPEFramework/interfaces/json/JsonData_FirmwareControl.h", "pattern": "/^                UNKOWN$/", "language": "C++", "kind": "enumerator", "scope": "WPEFramework::JsonData::FirmwareControl::UpgradeprogressParamsData::ErrorType", "scopeKind": "enum"}, {"_type": "tag", "name": "UPGRADECANCELLED", "path": "/home/kavia/workspace/code-generation/app-gateway2/__import__/extracted/app-gateway2-cga-cmf8e7ba8d/dependencies/install/include/WPEFramework/interfaces/json/JsonData_FirmwareControl.h", "pattern": "/^            UPGRADECANCELLED$/", "language": "C++", "kind": "enumerator", "scope": "WPEFramework::JsonData::FirmwareControl::StatusType", "scopeKind": "enum"}, {"_type": "tag", "name": "UPGRADECOMPLETED", "path": "/home/kavia/workspace/code-generation/app-gateway2/__import__/extracted/app-gateway2-cga-cmf8e7ba8d/dependencies/install/include/WPEFramework/interfaces/json/JsonData_FirmwareControl.h", "pattern": "/^            UPGRADECOMPLETED,$/", "language": "C++", "kind": "enumerator", "scope": "WPEFramework::JsonData::FirmwareControl::StatusType", "scopeKind": "enum"}, {"_type": "tag", "name": "UPGRADESTARTED", "path": "/home/kavia/workspace/code-generation/app-gateway2/__import__/extracted/app-gateway2-cga-cmf8e7ba8d/dependencies/install/include/WPEFramework/interfaces/json/JsonData_FirmwareControl.h", "pattern": "/^            UPGRADESTARTED,$/", "language": "C++", "kind": "enumerator", "scope": "WPEFramework::JsonData::FirmwareControl::StatusType", "scopeKind": "enum"}, {"_type": "tag", "name": "UpgradeParamsData", "path": "/home/kavia/workspace/code-generation/app-gateway2/__import__/extracted/app-gateway2-cga-cmf8e7ba8d/dependencies/install/include/WPEFramework/interfaces/json/JsonData_FirmwareControl.h", "pattern": "/^            UpgradeParamsData()$/", "language": "C++", "kind": "function", "signature": "()", "scope": "WPEFramework::JsonData::FirmwareControl::UpgradeParamsData", "scopeKind": "class"}, {"_type": "tag", "name": "UpgradeParamsData", "path": "/home/kavia/workspace/code-generation/app-gateway2/__import__/extracted/app-gateway2-cga-cmf8e7ba8d/dependencies/install/include/WPEFramework/interfaces/json/JsonData_FirmwareControl.h", "pattern": "/^        class UpgradeParamsData : public Core::JSON::Container {$/", "language": "C++", "kind": "class", "scope": "WPEFramework::JsonData::FirmwareControl", "scopeKind": "namespace"}, {"_type": "tag", "name": "UpgradeprogressParamsData", "path": "/home/kavia/workspace/code-generation/app-gateway2/__import__/extracted/app-gateway2-cga-cmf8e7ba8d/dependencies/install/include/WPEFramework/interfaces/json/JsonData_FirmwareControl.h", "pattern": "/^            UpgradeprogressParamsData()$/", "language": "C++", "kind": "function", "signature": "()", "scope": "WPEFramework::JsonData::FirmwareControl::UpgradeprogressParamsData", "scopeKind": "class"}, {"_type": "tag", "name": "UpgradeprogressParamsData", "path": "/home/kavia/workspace/code-generation/app-gateway2/__import__/extracted/app-gateway2-cga-cmf8e7ba8d/dependencies/install/include/WPEFramework/interfaces/json/JsonData_FirmwareControl.h", "pattern": "/^        class UpgradeprogressParamsData : public Core::JSON::Container {$/", "language": "C++", "kind": "class", "scope": "WPEFramework::JsonData::FirmwareControl", "scopeKind": "namespace"}, {"_type": "tag", "name": "WPEFramework", "path": "/home/kavia/workspace/code-generation/app-gateway2/__import__/extracted/app-gateway2-cga-cmf8e7ba8d/dependencies/install/include/WPEFramework/interfaces/json/JsonData_FirmwareControl.h", "pattern": "/^namespace WPEFramework {$/", "language": "C++", "kind": "namespace"}], "hash": "6101c8fee2740f6db38e20c2aeb476e4", "format-version": 4, "code-base-name": "app-gateway2", "filename": "__import__/extracted/app-gateway2-cga-cmf8e7ba8d/dependencies/install/include/WPEFramework/interfaces/json/JsonData_FirmwareControl.h", "fields": [{"name": "Core::JSON::EnumType<UpgradeprogressParamsData::ErrorType> Error", "scope": "WPEFramework::JsonData::FirmwareControl::UpgradeprogressParamsData", "scopeKind": "class", "description": "unavailable"}, {"name": "Core::JSON::String Hmac", "scope": "WPEFramework::JsonData::FirmwareControl::UpgradeParamsData", "scopeKind": "class", "description": "unavailable"}, {"name": "Core::JSON::String Location", "scope": "WPEFramework::JsonData::FirmwareControl::ResumeParamsData", "scopeKind": "class", "description": "unavailable"}, {"name": "Core::JSON::String Name", "scope": "WPEFramework::JsonData::FirmwareControl::ResumeParamsData", "scopeKind": "class", "description": "unavailable"}, {"name": "Core::JSON::DecUInt32 Progress", "scope": "WPEFramework::JsonData::FirmwareControl::UpgradeprogressParamsData", "scopeKind": "class", "description": "unavailable"}, {"name": "Core::JSON::DecUInt16 Progressinterval", "scope": "WPEFramework::JsonData::FirmwareControl::UpgradeParamsData", "scopeKind": "class", "description": "unavailable"}, {"name": "Core::JSON::EnumType<StatusType> Status", "scope": "WPEFramework::JsonData::FirmwareControl::UpgradeprogressParamsData", "scopeKind": "class", "description": "unavailable"}, {"name": "Core::JSON::EnumType<UpgradeParamsData::TypeType> Type", "scope": "WPEFramework::JsonData::FirmwareControl::UpgradeParamsData", "scopeKind": "class", "description": "unavailable"}], "revision_history": [{"4208": "0f87a35b32215bc8547fb583d6c84bd51f603f69"}]}