{"is_source_file": true, "format": "C++", "description": "This header file defines JSON data classes related to WebKit Browser API JSON-RPC interactions, including parameter classes for delete operations and HTTP headers.", "external_files": ["<core/JSON.h>"], "external_methods": [], "published": ["DeleteParamsData", "HeadersData"], "classes": [{"name": "DeleteParamsData", "description": "JSON container for delete operation parameters, containing a 'path' string."}, {"name": "HeadersData", "description": "JSON container for HTTP header key-value pairs, with 'name' and 'value' strings."}], "methods": [{"name": "DeleteParamsData()", "description": "Constructor initializing the delete parameters container, adding 'path' field.", "scope": "WPEFramework::JsonData::WebKitBrowser::DeleteParamsData", "scopeKind": "class"}, {"name": "IsValid()", "description": "Returns true indicating the data is valid (simple placeholder)."}, {"name": "HeadersData()", "description": "Default constructor initializing header data container.", "scope": "WPEFramework::JsonData::WebKitBrowser::HeadersData", "scopeKind": "class"}, {"name": "HeadersData(const HeadersData& _other)", "description": "Copy constructor copying header name and value."}, {"name": "operator=(const HeadersData& _rhs)", "description": "Assignment operator copying header name and value."}, {"name": "_Init()", "description": "Private method initializing JSON fields for header name and value."}, {"name": "HeadersData(const HeadersData & _other)", "scope": "WPEFramework::JsonData::WebKitBrowser::HeadersData", "scopeKind": "class", "description": "unavailable"}, {"name": "bool IsValid() const", "scope": "WPEFramework::JsonData::WebKitBrowser::HeadersData", "scopeKind": "class", "description": "unavailable"}, {"name": "void _Init()", "scope": "WPEFramework::JsonData::WebKitBrowser::HeadersData", "scopeKind": "class", "description": "unavailable"}, {"name": "HeadersData & operator =(const HeadersData & _rhs)", "scope": "WPEFramework::JsonData::WebKitBrowser::HeadersData", "scopeKind": "class", "description": "unavailable"}], "calls": [], "search-terms": ["WebKitBrowser", "JsonData", "JSON", "DeleteParamsData", "HeadersData", "WebKit Browser API", "JSON-RPC", "cpp JSON classes"], "state": 2, "file_id": 1596, "knowledge_revision": 4196, "git_revision": "0f87a35b32215bc8547fb583d6c84bd51f603f69", "ctags": [{"_type": "tag", "name": "DeleteParamsData", "path": "/home/kavia/workspace/code-generation/app-gateway2/__import__/extracted/app-gateway2-cga-cmf8e7ba8d/dependencies/install/include/WPEFramework/interfaces/json/JsonData_WebKitBrowser.h", "pattern": "/^            DeleteParamsData()$/", "language": "C++", "kind": "function", "signature": "()", "scope": "WPEFramework::JsonData::WebKitBrowser::DeleteParamsData", "scopeKind": "class"}, {"_type": "tag", "name": "DeleteParamsData", "path": "/home/kavia/workspace/code-generation/app-gateway2/__import__/extracted/app-gateway2-cga-cmf8e7ba8d/dependencies/install/include/WPEFramework/interfaces/json/JsonData_WebKitBrowser.h", "pattern": "/^        class DeleteParamsData : public Core::JSON::Container {$/", "language": "C++", "kind": "class", "scope": "WPEFramework::JsonData::WebKitBrowser", "scopeKind": "namespace"}, {"_type": "tag", "name": "HeadersData", "path": "/home/kavia/workspace/code-generation/app-gateway2/__import__/extracted/app-gateway2-cga-cmf8e7ba8d/dependencies/install/include/WPEFramework/interfaces/json/JsonData_WebKitBrowser.h", "pattern": "/^            HeadersData()$/", "language": "C++", "kind": "function", "signature": "()", "scope": "WPEFramework::JsonData::WebKitBrowser::HeadersData", "scopeKind": "class"}, {"_type": "tag", "name": "HeadersData", "path": "/home/kavia/workspace/code-generation/app-gateway2/__import__/extracted/app-gateway2-cga-cmf8e7ba8d/dependencies/install/include/WPEFramework/interfaces/json/JsonData_WebKitBrowser.h", "pattern": "/^            HeadersData(const HeadersData& _other)$/", "language": "C++", "kind": "function", "signature": "(const HeadersData & _other)", "scope": "WPEFramework::JsonData::WebKitBrowser::HeadersData", "scopeKind": "class"}, {"_type": "tag", "name": "HeadersData", "path": "/home/kavia/workspace/code-generation/app-gateway2/__import__/extracted/app-gateway2-cga-cmf8e7ba8d/dependencies/install/include/WPEFramework/interfaces/json/JsonData_WebKitBrowser.h", "pattern": "/^        class HeadersData : public Core::JSON::Container {$/", "language": "C++", "kind": "class", "scope": "WPEFramework::JsonData::WebKitBrowser", "scopeKind": "namespace"}, {"_type": "tag", "name": "IsValid", "path": "/home/kavia/workspace/code-generation/app-gateway2/__import__/extracted/app-gateway2-cga-cmf8e7ba8d/dependencies/install/include/WPEFramework/interfaces/json/JsonData_WebKitBrowser.h", "pattern": "/^            bool IsValid() const$/", "language": "C++", "typeref": "typename:bool", "kind": "function", "signature": "() const", "scope": "WPEFramework::JsonData::WebKitBrowser::DeleteParamsData", "scopeKind": "class"}, {"_type": "tag", "name": "IsValid", "path": "/home/kavia/workspace/code-generation/app-gateway2/__import__/extracted/app-gateway2-cga-cmf8e7ba8d/dependencies/install/include/WPEFramework/interfaces/json/JsonData_WebKitBrowser.h", "pattern": "/^            bool IsValid() const$/", "language": "C++", "typeref": "typename:bool", "kind": "function", "signature": "() const", "scope": "WPEFramework::JsonData::WebKitBrowser::HeadersData", "scopeKind": "class"}, {"_type": "tag", "name": "JsonData", "path": "/home/kavia/workspace/code-generation/app-gateway2/__import__/extracted/app-gateway2-cga-cmf8e7ba8d/dependencies/install/include/WPEFramework/interfaces/json/JsonData_WebKitBrowser.h", "pattern": "/^namespace JsonData {$/", "language": "C++", "kind": "namespace", "scope": "WPEFramework", "scopeKind": "namespace"}, {"_type": "tag", "name": "Name", "path": "/home/kavia/workspace/code-generation/app-gateway2/__import__/extracted/app-gateway2-cga-cmf8e7ba8d/dependencies/install/include/WPEFramework/interfaces/json/JsonData_WebKitBrowser.h", "pattern": "/^            Core::JSON::String Name; \\/\\/ Header name$/", "language": "C++", "typeref": "typename:Core::JSON::String", "kind": "member", "scope": "WPEFramework::JsonData::WebKitBrowser::HeadersData", "scopeKind": "class"}, {"_type": "tag", "name": "Path", "path": "/home/kavia/workspace/code-generation/app-gateway2/__import__/extracted/app-gateway2-cga-cmf8e7ba8d/dependencies/install/include/WPEFramework/interfaces/json/JsonData_WebKitBrowser.h", "pattern": "/^            Core::JSON::String Path; \\/\\/ Path to directory (within the persistent storage) to d/", "language": "C++", "typeref": "typename:Core::JSON::String", "kind": "member", "scope": "WPEFramework::JsonData::WebKitBrowser::DeleteParamsData", "scopeKind": "class"}, {"_type": "tag", "name": "Value", "path": "/home/kavia/workspace/code-generation/app-gateway2/__import__/extracted/app-gateway2-cga-cmf8e7ba8d/dependencies/install/include/WPEFramework/interfaces/json/JsonData_WebKitBrowser.h", "pattern": "/^            Core::JSON::String Value; \\/\\/ Header value$/", "language": "C++", "typeref": "typename:Core::JSON::String", "kind": "member", "scope": "WPEFramework::JsonData::WebKitBrowser::HeadersData", "scopeKind": "class"}, {"_type": "tag", "name": "WPEFramework", "path": "/home/kavia/workspace/code-generation/app-gateway2/__import__/extracted/app-gateway2-cga-cmf8e7ba8d/dependencies/install/include/WPEFramework/interfaces/json/JsonData_WebKitBrowser.h", "pattern": "/^namespace WPEFramework {$/", "language": "C++", "kind": "namespace"}, {"_type": "tag", "name": "WebKitBrowser", "path": "/home/kavia/workspace/code-generation/app-gateway2/__import__/extracted/app-gateway2-cga-cmf8e7ba8d/dependencies/install/include/WPEFramework/interfaces/json/JsonData_WebKitBrowser.h", "pattern": "/^    namespace WebKitBrowser {$/", "language": "C++", "kind": "namespace", "scope": "WPEFramework::JsonData", "scopeKind": "namespace"}, {"_type": "tag", "name": "_Init", "path": "/home/kavia/workspace/code-generation/app-gateway2/__import__/extracted/app-gateway2-cga-cmf8e7ba8d/dependencies/install/include/WPEFramework/interfaces/json/JsonData_WebKitBrowser.h", "pattern": "/^            void _Init()$/", "language": "C++", "typeref": "typename:void", "kind": "function", "signature": "()", "scope": "WPEFramework::JsonData::WebKitBrowser::HeadersData", "scopeKind": "class"}, {"_type": "tag", "name": "operator =", "path": "/home/kavia/workspace/code-generation/app-gateway2/__import__/extracted/app-gateway2-cga-cmf8e7ba8d/dependencies/install/include/WPEFramework/interfaces/json/JsonData_WebKitBrowser.h", "pattern": "/^            HeadersData& operator=(const HeadersData& _rhs)$/", "language": "C++", "typeref": "typename:HeadersData &", "kind": "function", "signature": "(const HeadersData & _rhs)", "scope": "WPEFramework::JsonData::WebKitBrowser::HeadersData", "scopeKind": "class"}], "hash": "4a23ecec19e787347286834e9a311cf6", "format-version": 4, "code-base-name": "app-gateway2", "filename": "__import__/extracted/app-gateway2-cga-cmf8e7ba8d/dependencies/install/include/WPEFramework/interfaces/json/JsonData_WebKitBrowser.h", "fields": [{"name": "Core::JSON::String Name", "scope": "WPEFramework::JsonData::WebKitBrowser::HeadersData", "scopeKind": "class", "description": "unavailable"}, {"name": "Core::JSON::String Path", "scope": "WPEFramework::JsonData::WebKitBrowser::DeleteParamsData", "scopeKind": "class", "description": "unavailable"}, {"name": "Core::JSON::String Value", "scope": "WPEFramework::JsonData::WebKitBrowser::HeadersData", "scopeKind": "class", "description": "unavailable"}], "revision_history": [{"4196": "0f87a35b32215bc8547fb583d6c84bd51f603f69"}]}