{"is_source_file": true, "format": "C++", "description": "This source file implements the OttPermissionCache class, which manages app permission data by loading, caching, updating, and persisting permissions stored as JSON lines in a file. The class includes methods for retrieving permissions, updating cache entries, invalidating entries, and clearing the cache. It handles file locking for concurrency safety and performs atomic file writes.", "external_files": ["OttPermissionCache.h", "UtilsLogging.h"], "external_methods": ["std::getenv", "std::rename", "std::remove", "LOGWARN", "LOGERR", "LOGINFO"], "published": ["OttPermissionCache", "OttPermissionCache::Instance", "OttPermissionCache::GetPermissions", "OttPermissionCache::UpdateCache", "OttPermissionCache::Invalidate", "OttPermissionCache::Clear", "OttPermissionCache::Has", "OttPermissionCache::Size"], "classes": [{"name": "OttPermissionCache", "description": "A singleton class that handles permissions caching for applications, loading permissions from disk, updating the cache, and ensuring thread safety and file integrity."}], "methods": [{"name": "OttPermissionCache & Instance()", "description": "Returns the singleton instance of OttPermissionCache, initializing and pre-loading from disk if necessary.", "scope": "WPEFramework::Plugin::OttPermissionCache", "scopeKind": "class"}, {"name": "std::vector<string> GetPermissions(const string & appId)", "description": "Retrieves the list of permissions for a given appId, attempting to reload from disk if not found in cache.", "scope": "WPEFramework::Plugin::OttPermissionCache", "scopeKind": "class"}, {"name": "void UpdateCache(const string & appId,const std::vector<string> & permissions)", "description": "Updates the cache with permissions for a specific appId and atomically persists the change to disk.", "scope": "WPEFramework::Plugin::OttPermissionCache", "scopeKind": "class"}, {"name": "void Invalidate(const string & appId)", "description": "Removes an appId's permissions entry from the in-memory cache.", "scope": "WPEFramework::Plugin::OttPermissionCache", "scopeKind": "class"}, {"name": "void Clear()", "description": "Clears the entire cache.", "scope": "WPEFramework::Plugin::OttPermissionCache", "scopeKind": "class"}, {"name": "bool Has(const string & appId) const", "description": "Checks if an appId exists in the cache.", "scope": "WPEFramework::Plugin::OttPermissionCache", "scopeKind": "class"}, {"name": "size_t Size() const", "description": "Returns the number of entries in the cache.", "scope": "WPEFramework::Plugin::OttPermissionCache", "scopeKind": "class"}, {"name": "std::string ComposePermsJsonLine(const std::string & appId,const std::vector<std::string> & perms)", "scope": "WPEFramework::Plugin::__anon243c482f0111", "scopeKind": "namespace", "description": "unavailable"}, {"name": "std::string EscapeJSONString(const std::string & in)", "scope": "WPEFramework::Plugin::__anon243c482f0111", "scopeKind": "namespace", "description": "unavailable"}, {"name": "std::string LTrim(const std::string & s)", "scope": "WPEFramework::Plugin::__anon243c482f0111", "scopeKind": "namespace", "description": "unavailable"}, {"name": "bool LoadLatestFromFile(std::map<std::string,std::vector<std::string>> & outMap)", "scope": "WPEFramework::Plugin::__anon243c482f0111", "scopeKind": "namespace", "description": "unavailable"}, {"name": "bool ParsePermsLine(const std::string & line,std::string & appIdOut,std::vector<std::string> & permsOut)", "scope": "WPEFramework::Plugin::__anon243c482f0111", "scopeKind": "namespace", "description": "unavailable"}, {"name": "const std::string & PermsFilePath()", "scope": "WPEFramework::Plugin::__anon243c482f0111", "scopeKind": "namespace", "description": "unavailable"}, {"name": "std::string RTrim(const std::string & s)", "scope": "WPEFramework::Plugin::__anon243c482f0111", "scopeKind": "namespace", "description": "unavailable"}, {"name": "bool SaveAllAtomic(const std::map<std::string,std::vector<std::string>> & entries)", "scope": "WPEFramework::Plugin::__anon243c482f0111", "scopeKind": "namespace", "description": "unavailable"}, {"name": "ScopedFileLock()", "scope": "WPEFramework::Plugin::__anon243c482f0111::ScopedFileLock", "scopeKind": "struct", "description": "unavailable"}, {"name": "std::string Trim(const std::string & s)", "scope": "WPEFramework::Plugin::__anon243c482f0111", "scopeKind": "namespace", "description": "unavailable"}, {"name": "std::string UnescapeJSONString(const std::string & in)", "scope": "WPEFramework::Plugin::__anon243c482f0111", "scopeKind": "namespace", "description": "unavailable"}, {"name": "~ScopedFileLock()", "scope": "WPEFramework::Plugin::__anon243c482f0111::ScopedFileLock", "scopeKind": "struct", "description": "unavailable"}], "calls": ["std::getenv", "std::rename", "std::remove", "LoadLatestFromFile", "SaveAllAtomic", "LOGWARN", "LOGERR", "LOGINFO"], "search-terms": ["OttPermissionCache", "permissions JSON cache", "file locking", "atomic file write", "permissions persistence", "permissions retrieval", "cache warmup", "thread safety", "file path override"], "state": 2, "file_id": 1193, "knowledge_revision": 3813, "git_revision": "0f87a35b32215bc8547fb583d6c84bd51f603f69", "ctags": [{"_type": "tag", "name": "Clear", "path": "/home/kavia/workspace/code-generation/app-gateway2/__import__/extracted/app-gateway2-cga-cmf8e7ba8d/app-gateway/OttServices/OttPermissionCache.cpp", "pattern": "/^void OttPermissionCache::Clear() {$/", "language": "C++", "typeref": "typename:void", "kind": "function", "signature": "()", "scope": "WPEFramework::Plugin::OttPermissionCache", "scopeKind": "class"}, {"_type": "tag", "name": "ComposePermsJsonLine", "path": "/home/kavia/workspace/code-generation/app-gateway2/__import__/extracted/app-gateway2-cga-cmf8e7ba8d/app-gateway/OttServices/OttPermissionCache.cpp", "pattern": "/^    inline std::string ComposePermsJsonLine(const std::string& appId, const std::vector<std::str/", "language": "C++", "typeref": "typename:std::string", "kind": "function", "signature": "(const std::string & appId,const std::vector<std::string> & perms)", "scope": "WPEFramework::Plugin::__anon243c482f0111", "scopeKind": "namespace"}, {"_type": "tag", "name": "EscapeJSONString", "path": "/home/kavia/workspace/code-generation/app-gateway2/__import__/extracted/app-gateway2-cga-cmf8e7ba8d/app-gateway/OttServices/OttPermissionCache.cpp", "pattern": "/^    inline std::string EscapeJSONString(const std::string& in) {$/", "language": "C++", "typeref": "typename:std::string", "kind": "function", "signature": "(const std::string & in)", "scope": "WPEFramework::Plugin::__anon243c482f0111", "scopeKind": "namespace"}, {"_type": "tag", "name": "GetPermissions", "path": "/home/kavia/workspace/code-generation/app-gateway2/__import__/extracted/app-gateway2-cga-cmf8e7ba8d/app-gateway/OttServices/OttPermissionCache.cpp", "pattern": "/^std::vector<string> OttPermissionCache::GetPermissions(const string& appId) {$/", "language": "C++", "typeref": "typename:std::vector<string>", "kind": "function", "signature": "(const string & appId)", "scope": "WPEFramework::Plugin::OttPermissionCache", "scopeKind": "class"}, {"_type": "tag", "name": "Has", "path": "/home/kavia/workspace/code-generation/app-gateway2/__import__/extracted/app-gateway2-cga-cmf8e7ba8d/app-gateway/OttServices/OttPermissionCache.cpp", "pattern": "/^bool OttPermissionCache::Has(const string& appId) const {$/", "language": "C++", "typeref": "typename:bool", "kind": "function", "signature": "(const string & appId) const", "scope": "WPEFramework::Plugin::OttPermissionCache", "scopeKind": "class"}, {"_type": "tag", "name": "Instance", "path": "/home/kavia/workspace/code-generation/app-gateway2/__import__/extracted/app-gateway2-cga-cmf8e7ba8d/app-gateway/OttServices/OttPermissionCache.cpp", "pattern": "/^OttPermissionCache& OttPermissionCache::Instance() {$/", "language": "C++", "typeref": "typename:OttPermissionCache &", "kind": "function", "signature": "()", "scope": "WPEFramework::Plugin::OttPermissionCache", "scopeKind": "class"}, {"_type": "tag", "name": "Invalidate", "path": "/home/kavia/workspace/code-generation/app-gateway2/__import__/extracted/app-gateway2-cga-cmf8e7ba8d/app-gateway/OttServices/OttPermissionCache.cpp", "pattern": "/^void OttPermissionCache::Invalidate(const string& appId) {$/", "language": "C++", "typeref": "typename:void", "kind": "function", "signature": "(const string & appId)", "scope": "WPEFramework::Plugin::OttPermissionCache", "scopeKind": "class"}, {"_type": "tag", "name": "LTrim", "path": "/home/kavia/workspace/code-generation/app-gateway2/__import__/extracted/app-gateway2-cga-cmf8e7ba8d/app-gateway/OttServices/OttPermissionCache.cpp", "pattern": "/^    inline std::string LTrim(const std::string& s) {$/", "language": "C++", "typeref": "typename:std::string", "kind": "function", "signature": "(const std::string & s)", "scope": "WPEFramework::Plugin::__anon243c482f0111", "scopeKind": "namespace"}, {"_type": "tag", "name": "LoadLatestFromFile", "path": "/home/kavia/workspace/code-generation/app-gateway2/__import__/extracted/app-gateway2-cga-cmf8e7ba8d/app-gateway/OttServices/OttPermissionCache.cpp", "pattern": "/^    inline bool LoadLatestFromFile(std::map<std::string, std::vector<std::string>>& outMap) {$/", "language": "C++", "typeref": "typename:bool", "kind": "function", "signature": "(std::map<std::string,std::vector<std::string>> & outMap)", "scope": "WPEFramework::Plugin::__anon243c482f0111", "scopeKind": "namespace"}, {"_type": "tag", "name": "ParsePermsLine", "path": "/home/kavia/workspace/code-generation/app-gateway2/__import__/extracted/app-gateway2-cga-cmf8e7ba8d/app-gateway/OttServices/OttPermissionCache.cpp", "pattern": "/^    inline bool ParsePermsLine(const std::string& line, std::string& appIdOut, std::vector<std::/", "language": "C++", "typeref": "typename:bool", "kind": "function", "signature": "(const std::string & line,std::string & appIdOut,std::vector<std::string> & permsOut)", "scope": "WPEFramework::Plugin::__anon243c482f0111", "scopeKind": "namespace"}, {"_type": "tag", "name": "PermsFilePath", "path": "/home/kavia/workspace/code-generation/app-gateway2/__import__/extracted/app-gateway2-cga-cmf8e7ba8d/app-gateway/OttServices/OttPermissionCache.cpp", "pattern": "/^    inline const std::string& PermsFilePath() {$/", "language": "C++", "typeref": "typename:const std::string &", "kind": "function", "signature": "()", "scope": "WPEFramework::Plugin::__anon243c482f0111", "scopeKind": "namespace"}, {"_type": "tag", "name": "Plugin", "path": "/home/kavia/workspace/code-generation/app-gateway2/__import__/extracted/app-gateway2-cga-cmf8e7ba8d/app-gateway/OttServices/OttPermissionCache.cpp", "pattern": "/^namespace Plugin {$/", "file": true, "language": "C++", "kind": "namespace", "scope": "WPEFramework", "scopeKind": "namespace"}, {"_type": "tag", "name": "RTrim", "path": "/home/kavia/workspace/code-generation/app-gateway2/__import__/extracted/app-gateway2-cga-cmf8e7ba8d/app-gateway/OttServices/OttPermissionCache.cpp", "pattern": "/^    inline std::string RTrim(const std::string& s) {$/", "language": "C++", "typeref": "typename:std::string", "kind": "function", "signature": "(const std::string & s)", "scope": "WPEFramework::Plugin::__anon243c482f0111", "scopeKind": "namespace"}, {"_type": "tag", "name": "SaveAllAtomic", "path": "/home/kavia/workspace/code-generation/app-gateway2/__import__/extracted/app-gateway2-cga-cmf8e7ba8d/app-gateway/OttServices/OttPermissionCache.cpp", "pattern": "/^    inline bool SaveAllAtomic(const std::map<std::string, std::vector<std::string>>& entries) {$/", "language": "C++", "typeref": "typename:bool", "kind": "function", "signature": "(const std::map<std::string,std::vector<std::string>> & entries)", "scope": "WPEFramework::Plugin::__anon243c482f0111", "scopeKind": "namespace"}, {"_type": "tag", "name": "ScopedFileLock", "path": "/home/kavia/workspace/code-generation/app-gateway2/__import__/extracted/app-gateway2-cga-cmf8e7ba8d/app-gateway/OttServices/OttPermissionCache.cpp", "pattern": "/^        ScopedFileLock()$/", "file": true, "language": "C++", "kind": "function", "signature": "()", "scope": "WPEFramework::Plugin::__anon243c482f0111::ScopedFileLock", "scopeKind": "struct"}, {"_type": "tag", "name": "ScopedFileLock", "path": "/home/kavia/workspace/code-generation/app-gateway2/__import__/extracted/app-gateway2-cga-cmf8e7ba8d/app-gateway/OttServices/OttPermissionCache.cpp", "pattern": "/^    struct ScopedFileLock {$/", "file": true, "language": "C++", "kind": "struct", "scope": "WPEFramework::Plugin::__anon243c482f0111", "scopeKind": "namespace"}, {"_type": "tag", "name": "Size", "path": "/home/kavia/workspace/code-generation/app-gateway2/__import__/extracted/app-gateway2-cga-cmf8e7ba8d/app-gateway/OttServices/OttPermissionCache.cpp", "pattern": "/^size_t OttPermissionCache::Size() const {$/", "language": "C++", "typeref": "typename:size_t", "kind": "function", "signature": "() const", "scope": "WPEFramework::Plugin::OttPermissionCache", "scopeKind": "class"}, {"_type": "tag", "name": "Trim", "path": "/home/kavia/workspace/code-generation/app-gateway2/__import__/extracted/app-gateway2-cga-cmf8e7ba8d/app-gateway/OttServices/OttPermissionCache.cpp", "pattern": "/^    inline std::string Trim(const std::string& s) {$/", "language": "C++", "typeref": "typename:std::string", "kind": "function", "signature": "(const std::string & s)", "scope": "WPEFramework::Plugin::__anon243c482f0111", "scopeKind": "namespace"}, {"_type": "tag", "name": "UnescapeJSONString", "path": "/home/kavia/workspace/code-generation/app-gateway2/__import__/extracted/app-gateway2-cga-cmf8e7ba8d/app-gateway/OttServices/OttPermissionCache.cpp", "pattern": "/^    inline std::string UnescapeJSONString(const std::string& in) {$/", "language": "C++", "typeref": "typename:std::string", "kind": "function", "signature": "(const std::string & in)", "scope": "WPEFramework::Plugin::__anon243c482f0111", "scopeKind": "namespace"}, {"_type": "tag", "name": "UpdateCache", "path": "/home/kavia/workspace/code-generation/app-gateway2/__import__/extracted/app-gateway2-cga-cmf8e7ba8d/app-gateway/OttServices/OttPermissionCache.cpp", "pattern": "/^void OttPermissionCache::UpdateCache(const string& appId, const std::vector<string>& permissions/", "language": "C++", "typeref": "typename:void", "kind": "function", "signature": "(const string & appId,const std::vector<string> & permissions)", "scope": "WPEFramework::Plugin::OttPermissionCache", "scopeKind": "class"}, {"_type": "tag", "name": "WPEFramework", "path": "/home/kavia/workspace/code-generation/app-gateway2/__import__/extracted/app-gateway2-cga-cmf8e7ba8d/app-gateway/OttServices/OttPermissionCache.cpp", "pattern": "/^namespace WPEFramework {$/", "file": true, "language": "C++", "kind": "namespace"}, {"_type": "tag", "name": "__anon243c482f0111", "path": "/home/kavia/workspace/code-generation/app-gateway2/__import__/extracted/app-gateway2-cga-cmf8e7ba8d/app-gateway/OttServices/OttPermissionCache.cpp", "pattern": "/^namespace {$/", "file": true, "language": "C++", "kind": "namespace", "scope": "WPEFramework::Plugin", "scopeKind": "namespace"}, {"_type": "tag", "name": "fd", "path": "/home/kavia/workspace/code-generation/app-gateway2/__import__/extracted/app-gateway2-cga-cmf8e7ba8d/app-gateway/OttServices/OttPermissionCache.cpp", "pattern": "/^        int fd;$/", "file": true, "language": "C++", "typeref": "typename:int", "kind": "member", "scope": "WPEFramework::Plugin::__anon243c482f0111::ScopedFileLock", "scopeKind": "struct"}, {"_type": "tag", "name": "kDefaultPermsFile", "path": "/home/kavia/workspace/code-generation/app-gateway2/__import__/extracted/app-gateway2-cga-cmf8e7ba8d/app-gateway/OttServices/OttPermissionCache.cpp", "pattern": "/^    static constexpr const char* kDefaultPermsFile = \"\\/opt\\/app_perms.json\";$/", "file": true, "language": "C++", "typeref": "typename:const char *", "kind": "variable", "scope": "WPEFramework::Plugin::__anon243c482f0111", "scopeKind": "namespace"}, {"_type": "tag", "name": "ok", "path": "/home/kavia/workspace/code-generation/app-gateway2/__import__/extracted/app-gateway2-cga-cmf8e7ba8d/app-gateway/OttServices/OttPermissionCache.cpp", "pattern": "/^        bool ok;$/", "file": true, "language": "C++", "typeref": "typename:bool", "kind": "member", "scope": "WPEFramework::Plugin::__anon243c482f0111::ScopedFileLock", "scopeKind": "struct"}, {"_type": "tag", "name": "path", "path": "/home/kavia/workspace/code-generation/app-gateway2/__import__/extracted/app-gateway2-cga-cmf8e7ba8d/app-gateway/OttServices/OttPermissionCache.cpp", "pattern": "/^        std::string path;$/", "file": true, "language": "C++", "typeref": "typename:std::string", "kind": "member", "scope": "WPEFramework::Plugin::__anon243c482f0111::ScopedFileLock", "scopeKind": "struct"}, {"_type": "tag", "name": "~ScopedFileLock", "path": "/home/kavia/workspace/code-generation/app-gateway2/__import__/extracted/app-gateway2-cga-cmf8e7ba8d/app-gateway/OttServices/OttPermissionCache.cpp", "pattern": "/^        ~ScopedFileLock() {$/", "file": true, "language": "C++", "kind": "function", "signature": "()", "scope": "WPEFramework::Plugin::__anon243c482f0111::ScopedFileLock", "scopeKind": "struct"}], "hash": "8d88a4f98163c870e1b063f521618b9e", "format-version": 4, "code-base-name": "app-gateway2", "filename": "__import__/extracted/app-gateway2-cga-cmf8e7ba8d/app-gateway/OttServices/OttPermissionCache.cpp", "fields": [{"name": "int fd", "scope": "WPEFramework::Plugin::__anon243c482f0111::ScopedFileLock", "scopeKind": "struct", "description": "unavailable"}, {"name": "const char * kDefaultPermsFile", "scope": "WPEFramework::Plugin::__anon243c482f0111", "scopeKind": "namespace", "description": "unavailable"}, {"name": "bool ok", "scope": "WPEFramework::Plugin::__anon243c482f0111::ScopedFileLock", "scopeKind": "struct", "description": "unavailable"}, {"name": "std::string path", "scope": "WPEFramework::Plugin::__anon243c482f0111::ScopedFileLock", "scopeKind": "struct", "description": "unavailable"}], "revision_history": [{"3813": "0f87a35b32215bc8547fb583d6c84bd51f603f69"}]}