{"is_source_file": true, "format": "C++ header file", "description": "This file defines interfaces and registration functions for HDR properties within the WPEFramework project. It includes versioning, property registration (such as TV capabilities, STB capabilities, and HDR setting), and unregister functions for JSON-RPC modules.", "external_files": ["Module.h", "JsonData_HDRProperties.h", "<interfaces/IDisplayInfo.h>"], "external_methods": [], "published": ["WPEFramework::Exchange::JHDRProperties::Register", "WPEFramework::Exchange::JHDRProperties::Unregister"], "classes": [], "methods": [{"name": "Register", "description": "Registers HDR property methods and properties with the JSONRPC module, including capabilities and HDR setting retrieval."}, {"name": "void Unregister(JSONRPC & _module_)", "description": "Unregisters HDR property methods from the JSONRPC module.", "scope": "WPEFramework::Exchange::JHDRProperties", "scopeKind": "namespace"}, {"name": "PUSH_WARNING(DISABLE_WARNING_UNUSED_FUNCTIONS)", "scope": "WPEFramework::Exchange::JHDRProperties", "scopeKind": "namespace", "description": "unavailable"}, {"name": "uint32_t __anon6680cbd00102(Core::JSON::ArrayType<Core::JSON::EnumType<Exchange::IHDRProperties::HDRType>>& result)", "scope": "WPEFramework::Exchange::JHDRProperties::PUSH_WARNING", "scopeKind": "function", "description": "unavailable"}, {"name": "uint32_t __anon6680cbd00202(Core::JSON::ArrayType<Core::JSON::EnumType<Exchange::IHDRProperties::HDRType>>& result)", "scope": "WPEFramework::Exchange::JHDRProperties::PUSH_WARNING", "scopeKind": "function", "description": "unavailable"}, {"name": "uint32_t __anon6680cbd00302(Core::JSON::EnumType<Exchange::IHDRProperties::HDRType>& result)", "scope": "WPEFramework::Exchange::JHDRProperties::PUSH_WARNING", "scopeKind": "function", "description": "unavailable"}], "calls": [], "search-terms": ["JHDRProperties", "HDR capabilities", "HDR setting", "jsonrpc", "register", "unregister"], "state": 2, "file_id": 1555, "knowledge_revision": 4155, "git_revision": "0f87a35b32215bc8547fb583d6c84bd51f603f69", "ctags": [{"_type": "tag", "name": "Exchange", "path": "/home/kavia/workspace/code-generation/app-gateway2/__import__/extracted/app-gateway2-cga-cmf8e7ba8d/dependencies/install/include/WPEFramework/interfaces/json/JHDRProperties.h", "pattern": "/^namespace Exchange {$/", "language": "C++", "kind": "namespace", "scope": "WPEFramework", "scopeKind": "namespace"}, {"_type": "tag", "name": "JHDRProperties", "path": "/home/kavia/workspace/code-generation/app-gateway2/__import__/extracted/app-gateway2-cga-cmf8e7ba8d/dependencies/install/include/WPEFramework/interfaces/json/JHDRProperties.h", "pattern": "/^    namespace JHDRProperties {$/", "language": "C++", "kind": "namespace", "scope": "WPEFramework::Exchange", "scopeKind": "namespace"}, {"_type": "tag", "name": "JSONRPC", "path": "/home/kavia/workspace/code-generation/app-gateway2/__import__/extracted/app-gateway2-cga-cmf8e7ba8d/dependencies/install/include/WPEFramework/interfaces/json/JHDRProperties.h", "pattern": "/^        using JSONRPC = PluginHost::JSONRPC;$/", "language": "C++", "typeref": "typename:PluginHost::JSONRPC", "kind": "typedef", "scope": "WPEFramework::Exchange::JHDRProperties", "scopeKind": "namespace"}, {"_type": "tag", "name": "Major", "path": "/home/kavia/workspace/code-generation/app-gateway2/__import__/extracted/app-gateway2-cga-cmf8e7ba8d/dependencies/install/include/WPEFramework/interfaces/json/JHDRProperties.h", "pattern": "/^            constexpr uint8_t Major = 1;$/", "language": "C++", "typeref": "typename:uint8_t", "kind": "variable", "scope": "WPEFramework::Exchange::JHDRProperties::Version", "scopeKind": "namespace"}, {"_type": "tag", "name": "Minor", "path": "/home/kavia/workspace/code-generation/app-gateway2/__import__/extracted/app-gateway2-cga-cmf8e7ba8d/dependencies/install/include/WPEFramework/interfaces/json/JHDRProperties.h", "pattern": "/^            constexpr uint8_t Minor = 0;$/", "language": "C++", "typeref": "typename:uint8_t", "kind": "variable", "scope": "WPEFramework::Exchange::JHDRProperties::Version", "scopeKind": "namespace"}, {"_type": "tag", "name": "PUSH_WARNING", "path": "/home/kavia/workspace/code-generation/app-gateway2/__import__/extracted/app-gateway2-cga-cmf8e7ba8d/dependencies/install/include/WPEFramework/interfaces/json/JHDRProperties.h", "pattern": "/^        PUSH_WARNING(DISABLE_WARNING_UNUSED_FUNCTIONS)$/", "language": "C++", "kind": "function", "signature": "(DISABLE_WARNING_UNUSED_FUNCTIONS)", "scope": "WPEFramework::Exchange::JHDRProperties", "scopeKind": "namespace"}, {"_type": "tag", "name": "Patch", "path": "/home/kavia/workspace/code-generation/app-gateway2/__import__/extracted/app-gateway2-cga-cmf8e7ba8d/dependencies/install/include/WPEFramework/interfaces/json/JHDRProperties.h", "pattern": "/^            constexpr uint8_t Patch = 0;$/", "language": "C++", "typeref": "typename:uint8_t", "kind": "variable", "scope": "WPEFramework::Exchange::JHDRProperties::Version", "scopeKind": "namespace"}, {"_type": "tag", "name": "Unregister", "path": "/home/kavia/workspace/code-generation/app-gateway2/__import__/extracted/app-gateway2-cga-cmf8e7ba8d/dependencies/install/include/WPEFramework/interfaces/json/JHDRProperties.h", "pattern": "/^        static void Unregister(JSONRPC& _module_)$/", "language": "C++", "typeref": "typename:void", "kind": "function", "signature": "(JSONRPC & _module_)", "scope": "WPEFramework::Exchange::JHDRProperties", "scopeKind": "namespace"}, {"_type": "tag", "name": "Version", "path": "/home/kavia/workspace/code-generation/app-gateway2/__import__/extracted/app-gateway2-cga-cmf8e7ba8d/dependencies/install/include/WPEFramework/interfaces/json/JHDRProperties.h", "pattern": "/^        namespace Version {$/", "language": "C++", "kind": "namespace", "scope": "WPEFramework::Exchange::JHDRProperties", "scopeKind": "namespace"}, {"_type": "tag", "name": "WPEFramework", "path": "/home/kavia/workspace/code-generation/app-gateway2/__import__/extracted/app-gateway2-cga-cmf8e7ba8d/dependencies/install/include/WPEFramework/interfaces/json/JHDRProperties.h", "pattern": "/^namespace WPEFramework {$/", "language": "C++", "kind": "namespace"}, {"_type": "tag", "name": "__anon6680cbd00102", "path": "/home/kavia/workspace/code-generation/app-gateway2/__import__/extracted/app-gateway2-cga-cmf8e7ba8d/dependencies/install/include/WPEFramework/interfaces/json/JHDRProperties.h", "pattern": "/^                [_impl_](Core::JSON::ArrayType<Core::JSON::EnumType<Exchange::IHDRProperties::HD/", "file": true, "language": "C++", "typeref": "typename:uint32_t", "kind": "function", "signature": "(Core::JSON::ArrayType<Core::JSON::EnumType<Exchange::IHDRProperties::HDRType>>& result) ", "scope": "WPEFramework::Exchange::JHDRProperties::PUSH_WARNING", "scopeKind": "function"}, {"_type": "tag", "name": "__anon6680cbd00202", "path": "/home/kavia/workspace/code-generation/app-gateway2/__import__/extracted/app-gateway2-cga-cmf8e7ba8d/dependencies/install/include/WPEFramework/interfaces/json/JHDRProperties.h", "pattern": "/^                [_impl_](Core::JSON::ArrayType<Core::JSON::EnumType<Exchange::IHDRProperties::HD/", "file": true, "language": "C++", "typeref": "typename:uint32_t", "kind": "function", "signature": "(Core::JSON::ArrayType<Core::JSON::EnumType<Exchange::IHDRProperties::HDRType>>& result) ", "scope": "WPEFramework::Exchange::JHDRProperties::PUSH_WARNING", "scopeKind": "function"}, {"_type": "tag", "name": "__anon6680cbd00302", "path": "/home/kavia/workspace/code-generation/app-gateway2/__import__/extracted/app-gateway2-cga-cmf8e7ba8d/dependencies/install/include/WPEFramework/interfaces/json/JHDRProperties.h", "pattern": "/^                [_impl_](Core::JSON::EnumType<Exchange::IHDRProperties::HDRType>& result) -> uin/", "file": true, "language": "C++", "typeref": "typename:uint32_t", "kind": "function", "signature": "(Core::JSON::EnumType<Exchange::IHDRProperties::HDRType>& result) ", "scope": "WPEFramework::Exchange::JHDRProperties::PUSH_WARNING", "scopeKind": "function"}], "hash": "9d1f78f0349809a74e96b985467a8499", "format-version": 4, "code-base-name": "app-gateway2", "filename": "__import__/extracted/app-gateway2-cga-cmf8e7ba8d/dependencies/install/include/WPEFramework/interfaces/json/JHDRProperties.h", "fields": [{"name": "uint8_t Major", "scope": "WPEFramework::Exchange::JHDRProperties::Version", "scopeKind": "namespace", "description": "unavailable"}, {"name": "uint8_t Minor", "scope": "WPEFramework::Exchange::JHDRProperties::Version", "scopeKind": "namespace", "description": "unavailable"}, {"name": "uint8_t Patch", "scope": "WPEFramework::Exchange::JHDRProperties::Version", "scopeKind": "namespace", "description": "unavailable"}], "revision_history": [{"4155": "0f87a35b32215bc8547fb583d6c84bd51f603f69"}]}