{"is_source_file": true, "format": "C/C++ header file", "description": "This file appears to be a C/C++ header file defining module-specific macros and including external dependencies related to a plugin system and tracing functionality.", "external_files": ["plugins/plugins.h", "tracing/tracing.h"], "external_methods": [], "published": ["Plugin_FbCommon"], "classes": [], "methods": [], "calls": [], "search-terms": ["MODULE_NAME", "Plugin_FbCommon", "plugins.h", "tracing.h", "header guard", "preprocessor directives"], "state": 2, "file_id": 1229, "knowledge_revision": 3848, "git_revision": "0f87a35b32215bc8547fb583d6c84bd51f603f69", "ctags": [{"_type": "tag", "name": "EXTERNAL", "path": "/home/kavia/workspace/code-generation/app-gateway2/__import__/extracted/app-gateway2-cga-cmf8e7ba8d/app-gateway/FbCommon/Module.h", "pattern": "/^#define EXTERNAL$/", "language": "C++", "kind": "macro"}, {"_type": "tag", "name": "MODULE_NAME", "path": "/home/kavia/workspace/code-generation/app-gateway2/__import__/extracted/app-gateway2-cga-cmf8e7ba8d/app-gateway/FbCommon/Module.h", "pattern": "/^#define MODULE_NAME /", "language": "C++", "kind": "macro"}], "hash": "b5c47ecf13912e296a5529a04e0002fb", "format-version": 4, "code-base-name": "app-gateway2", "filename": "__import__/extracted/app-gateway2-cga-cmf8e7ba8d/app-gateway/FbCommon/Module.h", "revision_history": [{"3848": "0f87a35b32215bc8547fb583d6c84bd51f603f69"}]}