{"is_source_file": true, "format": "C++", "description": "This file contains implementation code for lifecycle management and session handling in a plugin-based system, including definitions for lifecycle states, app info retrieval, session and lifecycle registry management, and validation functions.", "external_files": ["LifecycleManagement.h"], "external_methods": ["Core::EnumerateType<LifecycleState>::Data()"], "published": ["WPEFramework::Plugin::JAppBasicInfo", "WPEFramework::Plugin::AppRegistry", "WPEFramework::Plugin::JAppSessionResponse", "WPEFramework::Plugin::SessionInfoRegistry", "WPEFramework::Plugin::LifecycleInfoRegistry", "WPEFramework::Plugin::LifecycleState", "WPEFramework::Plugin::LifecycleChange", "WPEFramework::Plugin::LifecycleSource"], "classes": [{"name": "JAppBasicInfo", "description": "Represents basic application information including id, catalog, url, and title."}, {"name": "AppRegistry", "description": "Manages app sessions and intents, provides session retrieval and intent fetching."}, {"name": "JAppSessionResponse", "description": "Represents a response for app session validation, ensuring required fields are set."}, {"name": "SessionInfoRegistry", "description": "Stores and retrieves session information using a thread-safe map."}, {"name": "LifecycleInfoRegistry", "description": "Stores and retrieves lifecycle information using a thread-safe map."}, {"name": "LifecycleChange", "description": "Represents a change in lifecycle state with validation and conversion to LifecycleInfo."}], "methods": [{"name": "const std::string ToString(LifecycleState state)", "description": "Converts a LifecycleState enum value to its string representation.", "scope": "WPEFramework::Plugin", "scopeKind": "namespace"}, {"name": "AppBasicInfo GetAppInfo() const", "description": "Retrieves app info with optional fields based on whether they are set.", "scope": "WPEFramework::Plugin::JAppBasicInfo", "scopeKind": "class"}, {"name": "bool GetAppIntent(const std::string & appId,string & intent_str)", "description": "Fetches the intent string for an appId if it exists in the session map.", "scope": "WPEFramework::Plugin::AppRegistry", "scopeKind": "class"}, {"name": "AppSession Get(const std::string & key)", "description": "Retrieves a session object by key from the session map.", "scope": "WPEFramework::Plugin::AppRegistry", "scopeKind": "class"}, {"name": "bool Validate(string & error) const", "description": "Validates that all necessary fields of JAppSessionResponse are set.", "scope": "WPEFramework::Plugin::LifecycleChange", "scopeKind": "class"}, {"name": "bool Get(const std::string & key,LifecycleInfo & session)", "description": "Retrieves session info by key from session map.", "scope": "WPEFramework::Plugin::LifecycleInfoRegistry", "scopeKind": "class"}, {"name": "bool Get(const std::string & key,SessionInfo & session)", "description": "Retrieves lifecycle info by key from lifecycle map.", "scope": "WPEFramework::Plugin::SessionInfoRegistry", "scopeKind": "class"}, {"name": "void AddInitial(const std::string & key)", "description": "Adds initial lifecycle info with default state and source.", "scope": "WPEFramework::Plugin::LifecycleInfoRegistry", "scopeKind": "class"}, {"name": "bool UpdateLifecycle(const std::string & key,const LifecycleState state,LifecycleState & previous)", "description": "Updates lifecycle state for a given key, returning previous state.", "scope": "WPEFramework::Plugin::LifecycleInfoRegistry", "scopeKind": "class"}, {"name": "Validate", "description": "Validates that certain fields in LifecycleChange are set."}, {"name": "LifecycleInfo getLifecycleInfo()", "description": "Creates a LifecycleInfo object from the current LifecycleChange.", "scope": "WPEFramework::Plugin::LifecycleChange", "scopeKind": "class"}, {"name": "ENUM_CONVERSION_BEGIN(Plugin::LifecycleState)", "scope": "WPEFramework", "scopeKind": "namespace", "description": "unavailable"}], "calls": ["WPEFramework::Core::EnumerateType<LifecycleState>::Data()"], "search-terms": ["LifecycleManagement", "Session", "LifecycleState", "LifecycleChange", "AppInfo", "AppRegistry", "LifecycleInfoRegistry", "LifecycleSource"], "state": 2, "file_id": 1172, "knowledge_revision": 3802, "git_revision": "0f87a35b32215bc8547fb583d6c84bd51f603f69", "ctags": [{"_type": "tag", "name": "AddInitial", "path": "/home/kavia/workspace/code-generation/app-gateway2/__import__/extracted/app-gateway2-cga-cmf8e7ba8d/app-gateway/LaunchDelegate/LifecycleManagement.cpp", "pattern": "/^    void LifecycleInfoRegistry::AddInitial(const std::string& key) {$/", "language": "C++", "typeref": "typename:void", "kind": "function", "signature": "(const std::string & key)", "scope": "WPEFramework::Plugin::LifecycleInfoRegistry", "scopeKind": "class"}, {"_type": "tag", "name": "ENUM_CONVERSION_BEGIN", "path": "/home/kavia/workspace/code-generation/app-gateway2/__import__/extracted/app-gateway2-cga-cmf8e7ba8d/app-gateway/LaunchDelegate/LifecycleManagement.cpp", "pattern": "/^    ENUM_CONVERSION_BEGIN(Plugin::LifecycleState)$/", "language": "C++", "kind": "function", "signature": "(Plugin::LifecycleState)", "scope": "WPEFramework", "scopeKind": "namespace"}, {"_type": "tag", "name": "Get", "path": "/home/kavia/workspace/code-generation/app-gateway2/__import__/extracted/app-gateway2-cga-cmf8e7ba8d/app-gateway/LaunchDelegate/LifecycleManagement.cpp", "pattern": "/^    AppSession AppRegistry::Get(const std::string& key) {$/", "language": "C++", "typeref": "typename:AppSession", "kind": "function", "signature": "(const std::string & key)", "scope": "WPEFramework::Plugin::AppRegistry", "scopeKind": "class"}, {"_type": "tag", "name": "Get", "path": "/home/kavia/workspace/code-generation/app-gateway2/__import__/extracted/app-gateway2-cga-cmf8e7ba8d/app-gateway/LaunchDelegate/LifecycleManagement.cpp", "pattern": "/^    bool LifecycleInfoRegistry::Get(const std::string& key, LifecycleInfo& session) {$/", "language": "C++", "typeref": "typename:bool", "kind": "function", "signature": "(const std::string & key,LifecycleInfo & session)", "scope": "WPEFramework::Plugin::LifecycleInfoRegistry", "scopeKind": "class"}, {"_type": "tag", "name": "Get", "path": "/home/kavia/workspace/code-generation/app-gateway2/__import__/extracted/app-gateway2-cga-cmf8e7ba8d/app-gateway/LaunchDelegate/LifecycleManagement.cpp", "pattern": "/^    bool SessionInfoRegistry::Get(const std::string& key, SessionInfo& session) {$/", "language": "C++", "typeref": "typename:bool", "kind": "function", "signature": "(const std::string & key,SessionInfo & session)", "scope": "WPEFramework::Plugin::SessionInfoRegistry", "scopeKind": "class"}, {"_type": "tag", "name": "GetAppInfo", "path": "/home/kavia/workspace/code-generation/app-gateway2/__import__/extracted/app-gateway2-cga-cmf8e7ba8d/app-gateway/LaunchDelegate/LifecycleManagement.cpp", "pattern": "/^    AppBasicInfo JAppBasicInfo::GetAppInfo() const {$/", "language": "C++", "typeref": "typename:AppBasicInfo", "kind": "function", "signature": "() const", "scope": "WPEFramework::Plugin::JAppBasicInfo", "scopeKind": "class"}, {"_type": "tag", "name": "GetAppIntent", "path": "/home/kavia/workspace/code-generation/app-gateway2/__import__/extracted/app-gateway2-cga-cmf8e7ba8d/app-gateway/LaunchDelegate/LifecycleManagement.cpp", "pattern": "/^    bool AppRegistry::GetAppIntent(const std::string& appId, string& intent_str) {$/", "language": "C++", "typeref": "typename:bool", "kind": "function", "signature": "(const std::string & appId,string & intent_str)", "scope": "WPEFramework::Plugin::AppRegistry", "scopeKind": "class"}, {"_type": "tag", "name": "Plugin", "path": "/home/kavia/workspace/code-generation/app-gateway2/__import__/extracted/app-gateway2-cga-cmf8e7ba8d/app-gateway/LaunchDelegate/LifecycleManagement.cpp", "pattern": "/^namespace Plugin {$/", "file": true, "language": "C++", "kind": "namespace", "scope": "WPEFramework", "scopeKind": "namespace"}, {"_type": "tag", "name": "ToString", "path": "/home/kavia/workspace/code-generation/app-gateway2/__import__/extracted/app-gateway2-cga-cmf8e7ba8d/app-gateway/LaunchDelegate/LifecycleManagement.cpp", "pattern": "/^        const std::string ToString(LifecycleState state)$/", "language": "C++", "typeref": "typename:const std::string", "kind": "function", "signature": "(LifecycleState state)", "scope": "WPEFramework::Plugin", "scopeKind": "namespace"}, {"_type": "tag", "name": "UpdateLifecycle", "path": "/home/kavia/workspace/code-generation/app-gateway2/__import__/extracted/app-gateway2-cga-cmf8e7ba8d/app-gateway/LaunchDelegate/LifecycleManagement.cpp", "pattern": "/^    bool LifecycleInfoRegistry::UpdateLifecycle(const std::string& key, const LifecycleState sta/", "language": "C++", "typeref": "typename:bool", "kind": "function", "signature": "(const std::string & key,const LifecycleState state,LifecycleState & previous)", "scope": "WPEFramework::Plugin::LifecycleInfoRegistry", "scopeKind": "class"}, {"_type": "tag", "name": "Validate", "path": "/home/kavia/workspace/code-generation/app-gateway2/__import__/extracted/app-gateway2-cga-cmf8e7ba8d/app-gateway/LaunchDelegate/LifecycleManagement.cpp", "pattern": "/^    bool JAppSessionResponse::Validate(string& error) const {$/", "language": "C++", "typeref": "typename:bool", "kind": "function", "signature": "(string & error) const", "scope": "WPEFramework::Plugin::JAppSessionResponse", "scopeKind": "class"}, {"_type": "tag", "name": "Validate", "path": "/home/kavia/workspace/code-generation/app-gateway2/__import__/extracted/app-gateway2-cga-cmf8e7ba8d/app-gateway/LaunchDelegate/LifecycleManagement.cpp", "pattern": "/^    bool LifecycleChange::Validate(string& error) const {$/", "language": "C++", "typeref": "typename:bool", "kind": "function", "signature": "(string & error) const", "scope": "WPEFramework::Plugin::LifecycleChange", "scopeKind": "class"}, {"_type": "tag", "name": "WPEFramework", "path": "/home/kavia/workspace/code-generation/app-gateway2/__import__/extracted/app-gateway2-cga-cmf8e7ba8d/app-gateway/LaunchDelegate/LifecycleManagement.cpp", "pattern": "/^namespace WPEFramework {$/", "file": true, "language": "C++", "kind": "namespace"}, {"_type": "tag", "name": "getLifecycleInfo", "path": "/home/kavia/workspace/code-generation/app-gateway2/__import__/extracted/app-gateway2-cga-cmf8e7ba8d/app-gateway/LaunchDelegate/LifecycleManagement.cpp", "pattern": "/^    LifecycleInfo LifecycleChange::getLifecycleInfo() {$/", "language": "C++", "typeref": "typename:LifecycleInfo", "kind": "function", "signature": "()", "scope": "WPEFramework::Plugin::LifecycleChange", "scopeKind": "class"}], "hash": "e53d02abd3bd51f28f501f64815a836c", "format-version": 4, "code-base-name": "app-gateway2", "filename": "__import__/extracted/app-gateway2-cga-cmf8e7ba8d/app-gateway/LaunchDelegate/LifecycleManagement.cpp", "revision_history": [{"3802": "0f87a35b32215bc8547fb583d6c84bd51f603f69"}]}