{"is_source_file": true, "format": "C++ header file", "description": "Defines the StopWatch class which measures elapsed time using SystemInfo ticks; includes constructs for timing and resetting", "external_files": ["Module.h", "Portability.h", "SystemInfo.h"], "external_methods": ["SystemInfo::Instance", "SystemInfo::Ticks"], "published": ["WPEFramework::Core::StopWatch"], "classes": [{"name": "StopWatch", "description": "A class providing timing and elapsed time measurement functionalities based on system ticks"}], "methods": [{"name": "StopWatch()", "description": "Constructor initializing the stopwatch with the current system ticks", "scope": "WPEFramework::Core::StopWatch", "scopeKind": "class"}, {"name": "~StopWatch()", "description": "Destructor for StopWatch", "scope": "WPEFramework::Core::StopWatch", "scopeKind": "class"}, {"name": "Elapsed()", "description": "Returns the elapsed time in ticks since the last measurement or reset"}, {"name": "Reset()", "description": "Resets the last measurement point to now and returns the interval since the previous measurement"}, {"name": "uint64_t Elapsed() const", "scope": "WPEFramework::Core::StopWatch", "scopeKind": "class", "description": "unavailable"}, {"name": "uint64_t Reset()", "scope": "WPEFramework::Core::StopWatch", "scopeKind": "class", "description": "unavailable"}], "calls": ["SystemInfo::Ticks"], "search-terms": ["StopWatch", "SystemInfo", "ticks", "elapsed time", "timer"], "state": 2, "file_id": 1400, "knowledge_revision": 4011, "git_revision": "0f87a35b32215bc8547fb583d6c84bd51f603f69", "ctags": [{"_type": "tag", "name": "Core", "path": "/home/kavia/workspace/code-generation/app-gateway2/__import__/extracted/app-gateway2-cga-cmf8e7ba8d/dependencies/install/include/WPEFramework/core/StopWatch.h", "pattern": "/^namespace Core {$/", "language": "C++", "kind": "namespace", "scope": "WPEFramework", "scopeKind": "namespace"}, {"_type": "tag", "name": "Elapsed", "path": "/home/kavia/workspace/code-generation/app-gateway2/__import__/extracted/app-gateway2-cga-cmf8e7ba8d/dependencies/install/include/WPEFramework/core/StopWatch.h", "pattern": "/^\t\tinline uint64_t Elapsed() const {$/", "language": "C++", "typeref": "typename:uint64_t", "kind": "function", "signature": "() const", "scope": "WPEFramework::Core::StopWatch", "scopeKind": "class"}, {"_type": "tag", "name": "Reset", "path": "/home/kavia/workspace/code-generation/app-gateway2/__import__/extracted/app-gateway2-cga-cmf8e7ba8d/dependencies/install/include/WPEFramework/core/StopWatch.h", "pattern": "/^        inline uint64_t Reset() {$/", "language": "C++", "typeref": "typename:uint64_t", "kind": "function", "signature": "()", "scope": "WPEFramework::Core::StopWatch", "scopeKind": "class"}, {"_type": "tag", "name": "StopWatch", "path": "/home/kavia/workspace/code-generation/app-gateway2/__import__/extracted/app-gateway2-cga-cmf8e7ba8d/dependencies/install/include/WPEFramework/core/StopWatch.h", "pattern": "/^\t\tStopWatch() : _systemInfo(SystemInfo::Instance()) {$/", "language": "C++", "kind": "function", "signature": "()", "scope": "WPEFramework::Core::StopWatch", "scopeKind": "class"}, {"_type": "tag", "name": "StopWatch", "path": "/home/kavia/workspace/code-generation/app-gateway2/__import__/extracted/app-gateway2-cga-cmf8e7ba8d/dependencies/install/include/WPEFramework/core/StopWatch.h", "pattern": "/^\tclass StopWatch {$/", "language": "C++", "kind": "class", "scope": "WPEFramework::Core", "scopeKind": "namespace"}, {"_type": "tag", "name": "WPEFramework", "path": "/home/kavia/workspace/code-generation/app-gateway2/__import__/extracted/app-gateway2-cga-cmf8e7ba8d/dependencies/install/include/WPEFramework/core/StopWatch.h", "pattern": "/^namespace WPEFramework {$/", "language": "C++", "kind": "namespace"}, {"_type": "tag", "name": "_lastMeasurement", "path": "/home/kavia/workspace/code-generation/app-gateway2/__import__/extracted/app-gateway2-cga-cmf8e7ba8d/dependencies/install/include/WPEFramework/core/StopWatch.h", "pattern": "/^        uint64_t _lastMeasurement;$/", "language": "C++", "typeref": "typename:uint64_t", "kind": "member", "scope": "WPEFramework::Core::StopWatch", "scopeKind": "class"}, {"_type": "tag", "name": "_systemInfo", "path": "/home/kavia/workspace/code-generation/app-gateway2/__import__/extracted/app-gateway2-cga-cmf8e7ba8d/dependencies/install/include/WPEFramework/core/StopWatch.h", "pattern": "/^        SystemInfo& _systemInfo;$/", "language": "C++", "typeref": "typename:SystemInfo &", "kind": "member", "scope": "WPEFramework::Core::StopWatch", "scopeKind": "class"}, {"_type": "tag", "name": "~StopWatch", "path": "/home/kavia/workspace/code-generation/app-gateway2/__import__/extracted/app-gateway2-cga-cmf8e7ba8d/dependencies/install/include/WPEFramework/core/StopWatch.h", "pattern": "/^        ~StopWatch() {$/", "language": "C++", "kind": "function", "signature": "()", "scope": "WPEFramework::Core::StopWatch", "scopeKind": "class"}], "hash": "90e06ecb3b27e173c5cb5df595fdbf62", "format-version": 4, "code-base-name": "app-gateway2", "filename": "__import__/extracted/app-gateway2-cga-cmf8e7ba8d/dependencies/install/include/WPEFramework/core/StopWatch.h", "fields": [{"name": "uint64_t _lastMeasurement", "scope": "WPEFramework::Core::StopWatch", "scopeKind": "class", "description": "unavailable"}, {"name": "SystemInfo & _systemInfo", "scope": "WPEFramework::Core::StopWatch", "scopeKind": "class", "description": "unavailable"}], "revision_history": [{"4011": "0f87a35b32215bc8547fb583d6c84bd51f603f69"}]}