{"is_source_file": true, "format": "C++ header", "description": "This file defines the IComposition interface and related nested interfaces such as IClient, IRender, INotification, IDisplay, and IBrightness, all within the WPEFramework::Exchange namespace. It establishes a structured API for composition management, display settings, rendering, notifications, and brightness controls.", "external_files": ["Module.h", "IDeviceInfo.h"], "external_methods": ["IDeviceVideoCapabilities::ScreenResolution::resolution", "IDeviceVideoCapabilities::ScreenResolution::width", "IDeviceVideoCapabilities::ScreenResolution::height", "IDeviceVideoCapabilities::ScreenResolution::ResolutionFromHeightWidth"], "published": ["WPEFramework::Exchange::IComposition", "WPEFramework::Exchange::IComposition::IClient", "WPEFramework::Exchange::IComposition::IClient::IProperties", "WPEFramework::Exchange::IComposition::IRender", "WPEFramework::Exchange::IComposition::INotification", "WPEFramework::Exchange::IDisplay", "WPEFramework::Exchange::IBrightness"], "classes": [{"name": "IComposition", "description": "Main interface for managing display composition including resolution, opacity, Z-order, and screen resolution."}, {"name": "IClient", "description": "Interface representing a client or layer within a composition, with properties like opacity, geometry, and Z-order."}, {"name": "IProperties", "description": "Properties related to a composition client, including stride, format, offset, and modifier."}, {"name": "IRender", "description": "Interface for rendering operations such as scanout."}, {"name": "INotification", "description": "Notification interface for attachment and detachment events related to composition clients."}, {"name": "IDisplay", "description": "Represents a display device, capable of creating clients and managing resolution."}, {"name": "IBrightness", "description": "Interface for managing display brightness and SDR to HDR graphics brightness settings."}], "methods": [{"name": "RefreshRateFromResolution", "description": "Calculates refresh rate from the given screen resolution."}, {"name": "WidthFromResolution", "description": "Extracts width from a screen resolution."}, {"name": "HeightFromResolution", "description": "Extracts height from a screen resolution."}, {"name": "ResolutionFromHeightWidth", "description": "Creates a ScreenResolution object from height and width."}, {"name": "WPEFramework::Core::instance_id Native() const", "scope": "WPEFramework::Exchange::IComposition::IClient", "scopeKind": "struct", "description": "unavailable"}, {"name": "uint32_t Opacity() const", "scope": "WPEFramework::Exchange::IComposition::IClient", "scopeKind": "struct", "description": "unavailable"}, {"name": "void PostScanOut()", "scope": "WPEFramework::Exchange::IComposition::IRender", "scopeKind": "struct", "description": "unavailable"}, {"name": "void PreScanOut()", "scope": "WPEFramework::Exchange::IComposition::IRender", "scopeKind": "struct", "description": "unavailable"}], "calls": ["IDeviceVideoCapabilities::ScreenResolution::resolution", "IDeviceVideoCapabilities::ScreenResolution::width", "IDeviceVideoCapabilities::ScreenResolution::height", "IDeviceVideoCapabilities::ScreenResolution::ResolutionFromHeightWidth"], "search-terms": ["IComposition", "DisplayResolution", "ScreenResolution", "CompositionClient", "RenderInterface", "NotificationSystem", "DisplayDevice", "BrightnessControl"], "state": 2, "file_id": 1466, "knowledge_revision": 4074, "git_revision": "0f87a35b32215bc8547fb583d6c84bd51f603f69", "ctags": [{"_type": "tag", "name": "Brightness", "path": "/home/kavia/workspace/code-generation/app-gateway2/__import__/extracted/app-gateway2-cga-cmf8e7ba8d/dependencies/install/include/WPEFramework/interfaces/IComposition.h", "pattern": "/^        enum Brightness : uint8_t {$/", "language": "C++", "typeref": "typename:uint8_t", "kind": "enum", "scope": "WPEFramework::Exchange::IBrightness", "scopeKind": "struct"}, {"_type": "tag", "name": "Exchange", "path": "/home/kavia/workspace/code-generation/app-gateway2/__import__/extracted/app-gateway2-cga-cmf8e7ba8d/dependencies/install/include/WPEFramework/interfaces/IComposition.h", "pattern": "/^namespace Exchange {$/", "language": "C++", "kind": "namespace", "scope": "WPEFramework", "scopeKind": "namespace"}, {"_type": "tag", "name": "IBrightness", "path": "/home/kavia/workspace/code-generation/app-gateway2/__import__/extracted/app-gateway2-cga-cmf8e7ba8d/dependencies/install/include/WPEFramework/interfaces/IComposition.h", "pattern": "/^    struct EXTERNAL IBrightness : virtual public Core::IUnknown {$/", "language": "C++", "kind": "struct", "scope": "WPEFramework::Exchange", "scopeKind": "namespace"}, {"_type": "tag", "name": "IClient", "path": "/home/kavia/workspace/code-generation/app-gateway2/__import__/extracted/app-gateway2-cga-cmf8e7ba8d/dependencies/install/include/WPEFramework/interfaces/IComposition.h", "pattern": "/^        struct EXTERNAL IClient : virtual public Core::IUnknown {$/", "language": "C++", "kind": "struct", "scope": "WPEFramework::Exchange::IComposition", "scopeKind": "struct"}, {"_type": "tag", "name": "IComposition", "path": "/home/kavia/workspace/code-generation/app-gateway2/__import__/extracted/app-gateway2-cga-cmf8e7ba8d/dependencies/install/include/WPEFramework/interfaces/IComposition.h", "pattern": "/^    struct EXTERNAL IComposition : virtual public Core::IUnknown {$/", "language": "C++", "kind": "struct", "scope": "WPEFramework::Exchange", "scopeKind": "namespace"}, {"_type": "tag", "name": "ID", "path": "/home/kavia/workspace/code-generation/app-gateway2/__import__/extracted/app-gateway2-cga-cmf8e7ba8d/dependencies/install/include/WPEFramework/interfaces/IComposition.h", "pattern": "/^                enum { ID = ID_COMPOSITION_CLIENTPROPERTIES };$/", "language": "C++", "kind": "enumerator", "scope": "WPEFramework::Exchange::IComposition::IClient::IProperties::__anonc0d7beaf0303", "scopeKind": "enum"}, {"_type": "tag", "name": "ID", "path": "/home/kavia/workspace/code-generation/app-gateway2/__import__/extracted/app-gateway2-cga-cmf8e7ba8d/dependencies/install/include/WPEFramework/interfaces/IComposition.h", "pattern": "/^            enum { ID = ID_COMPOSITION_CLIENT };$/", "language": "C++", "kind": "enumerator", "scope": "WPEFramework::Exchange::IComposition::IClient::__anonc0d7beaf0203", "scopeKind": "enum"}, {"_type": "tag", "name": "ID", "path": "/home/kavia/workspace/code-generation/app-gateway2/__import__/extracted/app-gateway2-cga-cmf8e7ba8d/dependencies/install/include/WPEFramework/interfaces/IComposition.h", "pattern": "/^            enum { ID = ID_COMPOSITION_DISPLAY };$/", "language": "C++", "kind": "enumerator", "scope": "WPEFramework::Exchange::IComposition::IDisplay::__anonc0d7beaf0603", "scopeKind": "enum"}, {"_type": "tag", "name": "ID", "path": "/home/kavia/workspace/code-generation/app-gateway2/__import__/extracted/app-gateway2-cga-cmf8e7ba8d/dependencies/install/include/WPEFramework/interfaces/IComposition.h", "pattern": "/^            enum { ID = ID_COMPOSITION_NOTIFICATION };$/", "language": "C++", "kind": "enumerator", "scope": "WPEFramework::Exchange::IComposition::INotification::__anonc0d7beaf0503", "scopeKind": "enum"}, {"_type": "tag", "name": "ID", "path": "/home/kavia/workspace/code-generation/app-gateway2/__import__/extracted/app-gateway2-cga-cmf8e7ba8d/dependencies/install/include/WPEFramework/interfaces/IComposition.h", "pattern": "/^            enum { ID = ID_COMPOSITION_RENDER };$/", "language": "C++", "kind": "enumerator", "scope": "WPEFramework::Exchange::IComposition::IRender::__anonc0d7beaf0403", "scopeKind": "enum"}, {"_type": "tag", "name": "ID", "path": "/home/kavia/workspace/code-generation/app-gateway2/__import__/extracted/app-gateway2-cga-cmf8e7ba8d/dependencies/install/include/WPEFramework/interfaces/IComposition.h", "pattern": "/^        enum { ID = ID_BRIGHTNESS };$/", "language": "C++", "kind": "enumerator", "scope": "WPEFramework::Exchange::IBrightness::__anonc0d7beaf0703", "scopeKind": "enum"}, {"_type": "tag", "name": "ID", "path": "/home/kavia/workspace/code-generation/app-gateway2/__import__/extracted/app-gateway2-cga-cmf8e7ba8d/dependencies/install/include/WPEFramework/interfaces/IComposition.h", "pattern": "/^        enum { ID = ID_COMPOSITION };$/", "language": "C++", "kind": "enumerator", "scope": "WPEFramework::Exchange::IComposition::__anonc0d7beaf0103", "scopeKind": "enum"}, {"_type": "tag", "name": "IDisplay", "path": "/home/kavia/workspace/code-generation/app-gateway2/__import__/extracted/app-gateway2-cga-cmf8e7ba8d/dependencies/install/include/WPEFramework/interfaces/IComposition.h", "pattern": "/^        struct EXTERNAL IDisplay : virtual public Core::IUnknown {$/", "language": "C++", "kind": "struct", "scope": "WPEFramework::Exchange::IComposition", "scopeKind": "struct"}, {"_type": "tag", "name": "INotification", "path": "/home/kavia/workspace/code-generation/app-gateway2/__import__/extracted/app-gateway2-cga-cmf8e7ba8d/dependencies/install/include/WPEFramework/interfaces/IComposition.h", "pattern": "/^        struct EXTERNAL INotification : virtual public Core::IUnknown {$/", "language": "C++", "kind": "struct", "scope": "WPEFramework::Exchange::IComposition", "scopeKind": "struct"}, {"_type": "tag", "name": "IProperties", "path": "/home/kavia/workspace/code-generation/app-gateway2/__import__/extracted/app-gateway2-cga-cmf8e7ba8d/dependencies/install/include/WPEFramework/interfaces/IComposition.h", "pattern": "/^            struct EXTERNAL IProperties : virtual public Core::IUnknown {$/", "language": "C++", "kind": "struct", "scope": "WPEFramework::Exchange::IComposition::IClient", "scopeKind": "struct"}, {"_type": "tag", "name": "IRender", "path": "/home/kavia/workspace/code-generation/app-gateway2/__import__/extracted/app-gateway2-cga-cmf8e7ba8d/dependencies/install/include/WPEFramework/interfaces/IComposition.h", "pattern": "/^        struct EXTERNAL IRender : virtual public Core::IUnknown {$/", "language": "C++", "kind": "struct", "scope": "WPEFramework::Exchange::IComposition", "scopeKind": "struct"}, {"_type": "tag", "name": "Native", "path": "/home/kavia/workspace/code-generation/app-gateway2/__import__/extracted/app-gateway2-cga-cmf8e7ba8d/dependencies/install/include/WPEFramework/interfaces/IComposition.h", "pattern": "/^            virtual WPEFramework::Core::instance_id Native() const { return 0; };$/", "language": "C++", "typeref": "typename:WPEFramework::Core::instance_id", "kind": "function", "signature": "() const", "scope": "WPEFramework::Exchange::IComposition::IClient", "scopeKind": "struct"}, {"_type": "tag", "name": "Opacity", "path": "/home/kavia/workspace/code-generation/app-gateway2/__import__/extracted/app-gateway2-cga-cmf8e7ba8d/dependencies/install/include/WPEFramework/interfaces/IComposition.h", "pattern": "/^            virtual uint32_t Opacity() const { return 0; };$/", "language": "C++", "typeref": "typename:uint32_t", "kind": "function", "signature": "() const", "scope": "WPEFramework::Exchange::IComposition::IClient", "scopeKind": "struct"}, {"_type": "tag", "name": "PostScanOut", "path": "/home/kavia/workspace/code-generation/app-gateway2/__import__/extracted/app-gateway2-cga-cmf8e7ba8d/dependencies/install/include/WPEFramework/interfaces/IComposition.h", "pattern": "/^            virtual void PostScanOut() {};$/", "language": "C++", "typeref": "typename:void", "kind": "function", "signature": "()", "scope": "WPEFramework::Exchange::IComposition::IRender", "scopeKind": "struct"}, {"_type": "tag", "name": "PreScanOut", "path": "/home/kavia/workspace/code-generation/app-gateway2/__import__/extracted/app-gateway2-cga-cmf8e7ba8d/dependencies/install/include/WPEFramework/interfaces/IComposition.h", "pattern": "/^            virtual void PreScanOut() {};$/", "language": "C++", "typeref": "typename:void", "kind": "function", "signature": "()", "scope": "WPEFramework::Exchange::IComposition::IRender", "scopeKind": "struct"}, {"_type": "tag", "name": "Rectangle", "path": "/home/kavia/workspace/code-generation/app-gateway2/__import__/extracted/app-gateway2-cga-cmf8e7ba8d/dependencies/install/include/WPEFramework/interfaces/IComposition.h", "pattern": "/^        struct Rectangle {$/", "language": "C++", "kind": "struct", "scope": "WPEFramework::Exchange::IComposition", "scopeKind": "struct"}, {"_type": "tag", "name": "RefreshRateFactor", "path": "/home/kavia/workspace/code-generation/app-gateway2/__import__/extracted/app-gateway2-cga-cmf8e7ba8d/dependencies/install/include/WPEFramework/interfaces/IComposition.h", "pattern": "/^        static constexpr uint16_t RefreshRateFactor = 1000;$/", "language": "C++", "typeref": "typename:uint16_t", "kind": "member", "scope": "WPEFramework::Exchange::IComposition", "scopeKind": "struct"}, {"_type": "tag", "name": "ScreenResolution", "path": "/home/kavia/workspace/code-generation/app-gateway2/__import__/extracted/app-gateway2-cga-cmf8e7ba8d/dependencies/install/include/WPEFramework/interfaces/IComposition.h", "pattern": "/^        using ScreenResolution = IDeviceVideoCapabilities::ScreenResolution;$/", "language": "C++", "typeref": "typename:IDeviceVideoCapabilities::ScreenResolution", "kind": "typedef", "scope": "WPEFramework::Exchange::IComposition", "scopeKind": "struct"}, {"_type": "tag", "name": "SdrToHdrGraphicsBrightness_Default", "path": "/home/kavia/workspace/code-generation/app-gateway2/__import__/extracted/app-gateway2-cga-cmf8e7ba8d/dependencies/install/include/WPEFramework/interfaces/IComposition.h", "pattern": "/^            SdrToHdrGraphicsBrightness_Default = 0, \\/* peak luminance of SDR graphics in HDR di/", "language": "C++", "kind": "enumerator", "scope": "WPEFramework::Exchange::IBrightness::Brightness", "scopeKind": "enum"}, {"_type": "tag", "name": "SdrToHdrGraphicsBrightness_MatchVideo", "path": "/home/kavia/workspace/code-generation/app-gateway2/__import__/extracted/app-gateway2-cga-cmf8e7ba8d/dependencies/install/include/WPEFramework/interfaces/IComposition.h", "pattern": "/^            SdrToHdrGraphicsBrightness_MatchVideo = 1, \\/* peak luminance of SDR graphics in HDR/", "language": "C++", "kind": "enumerator", "scope": "WPEFramework::Exchange::IBrightness::Brightness", "scopeKind": "enum"}, {"_type": "tag", "name": "SdrToHdrGraphicsBrightness_Max", "path": "/home/kavia/workspace/code-generation/app-gateway2/__import__/extracted/app-gateway2-cga-cmf8e7ba8d/dependencies/install/include/WPEFramework/interfaces/IComposition.h", "pattern": "/^            SdrToHdrGraphicsBrightness_Max = 2 \\/* peak luminance of SDR graphics in HDR display/", "language": "C++", "kind": "enumerator", "scope": "WPEFramework::Exchange::IBrightness::Brightness", "scopeKind": "enum"}, {"_type": "tag", "name": "WPEFramework", "path": "/home/kavia/workspace/code-generation/app-gateway2/__import__/extracted/app-gateway2-cga-cmf8e7ba8d/dependencies/install/include/WPEFramework/interfaces/IComposition.h", "pattern": "/^namespace WPEFramework {$/", "language": "C++", "kind": "namespace"}, {"_type": "tag", "name": "__anonc0d7beaf0103", "path": "/home/kavia/workspace/code-generation/app-gateway2/__import__/extracted/app-gateway2-cga-cmf8e7ba8d/dependencies/install/include/WPEFramework/interfaces/IComposition.h", "pattern": "/^        enum { ID = ID_COMPOSITION };$/", "language": "C++", "kind": "enum", "scope": "WPEFramework::Exchange::IComposition", "scopeKind": "struct"}, {"_type": "tag", "name": "__anonc0d7beaf0203", "path": "/home/kavia/workspace/code-generation/app-gateway2/__import__/extracted/app-gateway2-cga-cmf8e7ba8d/dependencies/install/include/WPEFramework/interfaces/IComposition.h", "pattern": "/^            enum { ID = ID_COMPOSITION_CLIENT };$/", "language": "C++", "kind": "enum", "scope": "WPEFramework::Exchange::IComposition::IClient", "scopeKind": "struct"}, {"_type": "tag", "name": "__anonc0d7beaf0303", "path": "/home/kavia/workspace/code-generation/app-gateway2/__import__/extracted/app-gateway2-cga-cmf8e7ba8d/dependencies/install/include/WPEFramework/interfaces/IComposition.h", "pattern": "/^                enum { ID = ID_COMPOSITION_CLIENTPROPERTIES };$/", "language": "C++", "kind": "enum", "scope": "WPEFramework::Exchange::IComposition::IClient::IProperties", "scopeKind": "struct"}, {"_type": "tag", "name": "__anonc0d7beaf0403", "path": "/home/kavia/workspace/code-generation/app-gateway2/__import__/extracted/app-gateway2-cga-cmf8e7ba8d/dependencies/install/include/WPEFramework/interfaces/IComposition.h", "pattern": "/^            enum { ID = ID_COMPOSITION_RENDER };$/", "language": "C++", "kind": "enum", "scope": "WPEFramework::Exchange::IComposition::IRender", "scopeKind": "struct"}, {"_type": "tag", "name": "__anonc0d7beaf0503", "path": "/home/kavia/workspace/code-generation/app-gateway2/__import__/extracted/app-gateway2-cga-cmf8e7ba8d/dependencies/install/include/WPEFramework/interfaces/IComposition.h", "pattern": "/^            enum { ID = ID_COMPOSITION_NOTIFICATION };$/", "language": "C++", "kind": "enum", "scope": "WPEFramework::Exchange::IComposition::INotification", "scopeKind": "struct"}, {"_type": "tag", "name": "__anonc0d7beaf0603", "path": "/home/kavia/workspace/code-generation/app-gateway2/__import__/extracted/app-gateway2-cga-cmf8e7ba8d/dependencies/install/include/WPEFramework/interfaces/IComposition.h", "pattern": "/^            enum { ID = ID_COMPOSITION_DISPLAY };$/", "language": "C++", "kind": "enum", "scope": "WPEFramework::Exchange::IComposition::IDisplay", "scopeKind": "struct"}, {"_type": "tag", "name": "__anonc0d7beaf0703", "path": "/home/kavia/workspace/code-generation/app-gateway2/__import__/extracted/app-gateway2-cga-cmf8e7ba8d/dependencies/install/include/WPEFramework/interfaces/IComposition.h", "pattern": "/^        enum { ID = ID_BRIGHTNESS };$/", "language": "C++", "kind": "enum", "scope": "WPEFramework::Exchange::IBrightness", "scopeKind": "struct"}, {"_type": "tag", "name": "height", "path": "/home/kavia/workspace/code-generation/app-gateway2/__import__/extracted/app-gateway2-cga-cmf8e7ba8d/dependencies/install/include/WPEFramework/interfaces/IComposition.h", "pattern": "/^            uint32_t height;$/", "language": "C++", "typeref": "typename:uint32_t", "kind": "member", "scope": "WPEFramework::Exchange::IComposition::Rectangle", "scopeKind": "struct"}, {"_type": "tag", "name": "maxOpacity", "path": "/home/kavia/workspace/code-generation/app-gateway2/__import__/extracted/app-gateway2-cga-cmf8e7ba8d/dependencies/install/include/WPEFramework/interfaces/IComposition.h", "pattern": "/^        static constexpr uint32_t maxOpacity = 255;$/", "language": "C++", "typeref": "typename:uint32_t", "kind": "member", "scope": "WPEFramework::Exchange::IComposition", "scopeKind": "struct"}, {"_type": "tag", "name": "maxZOrder", "path": "/home/kavia/workspace/code-generation/app-gateway2/__import__/extracted/app-gateway2-cga-cmf8e7ba8d/dependencies/install/include/WPEFramework/interfaces/IComposition.h", "pattern": "/^        static constexpr uint32_t maxZOrder = 255;$/", "language": "C++", "typeref": "typename:uint32_t", "kind": "member", "scope": "WPEFramework::Exchange::IComposition", "scopeKind": "struct"}, {"_type": "tag", "name": "minOpacity", "path": "/home/kavia/workspace/code-generation/app-gateway2/__import__/extracted/app-gateway2-cga-cmf8e7ba8d/dependencies/install/include/WPEFramework/interfaces/IComposition.h", "pattern": "/^        static constexpr uint32_t minOpacity = 0;$/", "language": "C++", "typeref": "typename:uint32_t", "kind": "member", "scope": "WPEFramework::Exchange::IComposition", "scopeKind": "struct"}, {"_type": "tag", "name": "minZOrder", "path": "/home/kavia/workspace/code-generation/app-gateway2/__import__/extracted/app-gateway2-cga-cmf8e7ba8d/dependencies/install/include/WPEFramework/interfaces/IComposition.h", "pattern": "/^        static constexpr uint32_t minZOrder = 0;$/", "language": "C++", "typeref": "typename:uint32_t", "kind": "member", "scope": "WPEFramework::Exchange::IComposition", "scopeKind": "struct"}, {"_type": "tag", "name": "width", "path": "/home/kavia/workspace/code-generation/app-gateway2/__import__/extracted/app-gateway2-cga-cmf8e7ba8d/dependencies/install/include/WPEFramework/interfaces/IComposition.h", "pattern": "/^            uint32_t width;$/", "language": "C++", "typeref": "typename:uint32_t", "kind": "member", "scope": "WPEFramework::Exchange::IComposition::Rectangle", "scopeKind": "struct"}, {"_type": "tag", "name": "x", "path": "/home/kavia/workspace/code-generation/app-gateway2/__import__/extracted/app-gateway2-cga-cmf8e7ba8d/dependencies/install/include/WPEFramework/interfaces/IComposition.h", "pattern": "/^            uint32_t x;$/", "language": "C++", "typeref": "typename:uint32_t", "kind": "member", "scope": "WPEFramework::Exchange::IComposition::Rectangle", "scopeKind": "struct"}, {"_type": "tag", "name": "y", "path": "/home/kavia/workspace/code-generation/app-gateway2/__import__/extracted/app-gateway2-cga-cmf8e7ba8d/dependencies/install/include/WPEFramework/interfaces/IComposition.h", "pattern": "/^            uint32_t y;$/", "language": "C++", "typeref": "typename:uint32_t", "kind": "member", "scope": "WPEFramework::Exchange::IComposition::Rectangle", "scopeKind": "struct"}], "hash": "5d5ed32ba3ea6bf647854d81bea5829a", "format-version": 4, "code-base-name": "app-gateway2", "filename": "__import__/extracted/app-gateway2-cga-cmf8e7ba8d/dependencies/install/include/WPEFramework/interfaces/IComposition.h", "fields": [{"name": "uint16_t RefreshRateFactor", "scope": "WPEFramework::Exchange::IComposition", "scopeKind": "struct", "description": "unavailable"}, {"name": "uint32_t height", "scope": "WPEFramework::Exchange::IComposition::Rectangle", "scopeKind": "struct", "description": "unavailable"}, {"name": "uint32_t maxOpacity", "scope": "WPEFramework::Exchange::IComposition", "scopeKind": "struct", "description": "unavailable"}, {"name": "uint32_t maxZOrder", "scope": "WPEFramework::Exchange::IComposition", "scopeKind": "struct", "description": "unavailable"}, {"name": "uint32_t minOpacity", "scope": "WPEFramework::Exchange::IComposition", "scopeKind": "struct", "description": "unavailable"}, {"name": "uint32_t minZOrder", "scope": "WPEFramework::Exchange::IComposition", "scopeKind": "struct", "description": "unavailable"}, {"name": "uint32_t width", "scope": "WPEFramework::Exchange::IComposition::Rectangle", "scopeKind": "struct", "description": "unavailable"}, {"name": "uint32_t x", "scope": "WPEFramework::Exchange::IComposition::Rectangle", "scopeKind": "struct", "description": "unavailable"}, {"name": "uint32_t y", "scope": "WPEFramework::Exchange::IComposition::Rectangle", "scopeKind": "struct", "description": "unavailable"}], "revision_history": [{"4074": "0f87a35b32215bc8547fb583d6c84bd51f603f69"}]}