{"is_source_file": true, "format": "C++ header file", "description": "The file defines the ReadWriteLock class within the WPEFramework::Core namespace, providing synchronization primitives for read-write locking mechanisms. It includes methods for acquiring and releasing read and write locks, managing internal state with an enum and a StateTrigger, and tracks the number of readers.", "external_files": ["Module.h", "StateTrigger.h", "Sync.h"], "external_methods": ["Core::infinite", "StateTrigger<LockState>::WaitState", "StateTrigger<LockState>::Lock", "StateTrigger<LockState>::Unlock", "StateTrigger<LockState>::SetState", "ASSERT"], "published": [], "classes": [{"name": "ReadWriteLock", "description": "Provides a lock allowing multiple concurrent readers or exclusive writers, designed for thread synchronization within the WPEFramework."}], "methods": [{"name": "bool ReadLock(const uint32_t waitTime=Core::infinite)", "description": "Attempts to acquire a read lock within an optional wait time. Increases reader count if successful.", "scope": "WPEFramework::Core::ReadWriteLock", "scopeKind": "class"}, {"name": "void ReadUnlock()", "description": "Releases a read lock, decreasing the reader count and possibly setting the state to IDLE.", "scope": "WPEFramework::Core::ReadWriteLock", "scopeKind": "class"}, {"name": "bool WriteLock(const uint32_t waitTime=Core::infinite)", "description": "Attempts to acquire a write lock within an optional wait time. Sets the state to WRITER if successful.", "scope": "WPEFramework::Core::ReadWriteLock", "scopeKind": "class"}, {"name": "void WriteUnlock()", "description": "Releases a write lock, setting the state back to IDLE.", "scope": "WPEFramework::Core::ReadWriteLock", "scopeKind": "class"}, {"name": "ReadWriteLock()", "scope": "WPEFramework::Core::ReadWriteLock", "scopeKind": "class", "description": "unavailable"}, {"name": "~ReadWriteLock()", "scope": "WPEFramework::Core::ReadWriteLock", "scopeKind": "class", "description": "unavailable"}], "calls": ["m_State.WaitState", "m_State.Lock", "m_State.Unlock", "m_State.SetState"], "search-terms": ["ReadWriteLock", "sync primitives", "read-write lock", "StateTrigger", "LockState", "thread synchronization"], "state": 2, "file_id": 1449, "knowledge_revision": 4055, "git_revision": "0f87a35b32215bc8547fb583d6c84bd51f603f69", "ctags": [{"_type": "tag", "name": "Core", "path": "/home/kavia/workspace/code-generation/app-gateway2/__import__/extracted/app-gateway2-cga-cmf8e7ba8d/dependencies/install/include/WPEFramework/core/ReadWriteLock.h", "pattern": "/^namespace Core {$/", "language": "C++", "kind": "namespace", "scope": "WPEFramework", "scopeKind": "namespace"}, {"_type": "tag", "name": "IDLE", "path": "/home/kavia/workspace/code-generation/app-gateway2/__import__/extracted/app-gateway2-cga-cmf8e7ba8d/dependencies/install/include/WPEFramework/core/ReadWriteLock.h", "pattern": "/^            IDLE = 0x04$/", "language": "C++", "kind": "enumerator", "scope": "WPEFramework::Core::ReadWriteLock::LockState", "scopeKind": "enum"}, {"_type": "tag", "name": "LockState", "path": "/home/kavia/workspace/code-generation/app-gateway2/__import__/extracted/app-gateway2-cga-cmf8e7ba8d/dependencies/install/include/WPEFramework/core/ReadWriteLock.h", "pattern": "/^        enum LockState {$/", "language": "C++", "kind": "enum", "scope": "WPEFramework::Core::ReadWriteLock", "scopeKind": "class"}, {"_type": "tag", "name": "READERS", "path": "/home/kavia/workspace/code-generation/app-gateway2/__import__/extracted/app-gateway2-cga-cmf8e7ba8d/dependencies/install/include/WPEFramework/core/ReadWriteLock.h", "pattern": "/^            READERS = 0x01,$/", "language": "C++", "kind": "enumerator", "scope": "WPEFramework::Core::ReadWriteLock::LockState", "scopeKind": "enum"}, {"_type": "tag", "name": "ReadLock", "path": "/home/kavia/workspace/code-generation/app-gateway2/__import__/extracted/app-gateway2-cga-cmf8e7ba8d/dependencies/install/include/WPEFramework/core/ReadWriteLock.h", "pattern": "/^        bool ReadLock(const uint32_t waitTime = Core::infinite)$/", "language": "C++", "typeref": "typename:bool", "kind": "function", "signature": "(const uint32_t waitTime=Core::infinite)", "scope": "WPEFramework::Core::ReadWriteLock", "scopeKind": "class"}, {"_type": "tag", "name": "ReadUnlock", "path": "/home/kavia/workspace/code-generation/app-gateway2/__import__/extracted/app-gateway2-cga-cmf8e7ba8d/dependencies/install/include/WPEFramework/core/ReadWriteLock.h", "pattern": "/^        void ReadUnlock()$/", "language": "C++", "typeref": "typename:void", "kind": "function", "signature": "()", "scope": "WPEFramework::Core::ReadWriteLock", "scopeKind": "class"}, {"_type": "tag", "name": "ReadWriteLock", "path": "/home/kavia/workspace/code-generation/app-gateway2/__import__/extracted/app-gateway2-cga-cmf8e7ba8d/dependencies/install/include/WPEFramework/core/ReadWriteLock.h", "pattern": "/^        ReadWriteLock()$/", "language": "C++", "kind": "function", "signature": "()", "scope": "WPEFramework::Core::ReadWriteLock", "scopeKind": "class"}, {"_type": "tag", "name": "ReadWriteLock", "path": "/home/kavia/workspace/code-generation/app-gateway2/__import__/extracted/app-gateway2-cga-cmf8e7ba8d/dependencies/install/include/WPEFramework/core/ReadWriteLock.h", "pattern": "/^    class EXTERNAL ReadWriteLock {$/", "language": "C++", "kind": "class", "scope": "WPEFramework::Core", "scopeKind": "namespace"}, {"_type": "tag", "name": "WPEFramework", "path": "/home/kavia/workspace/code-generation/app-gateway2/__import__/extracted/app-gateway2-cga-cmf8e7ba8d/dependencies/install/include/WPEFramework/core/ReadWriteLock.h", "pattern": "/^namespace WPEFramework {$/", "language": "C++", "kind": "namespace"}, {"_type": "tag", "name": "WRITER", "path": "/home/kavia/workspace/code-generation/app-gateway2/__import__/extracted/app-gateway2-cga-cmf8e7ba8d/dependencies/install/include/WPEFramework/core/ReadWriteLock.h", "pattern": "/^            WRITER = 0x02,$/", "language": "C++", "kind": "enumerator", "scope": "WPEFramework::Core::ReadWriteLock::LockState", "scopeKind": "enum"}, {"_type": "tag", "name": "WriteLock", "path": "/home/kavia/workspace/code-generation/app-gateway2/__import__/extracted/app-gateway2-cga-cmf8e7ba8d/dependencies/install/include/WPEFramework/core/ReadWriteLock.h", "pattern": "/^        bool WriteLock(const uint32_t waitTime = Core::infinite)$/", "language": "C++", "typeref": "typename:bool", "kind": "function", "signature": "(const uint32_t waitTime=Core::infinite)", "scope": "WPEFramework::Core::ReadWriteLock", "scopeKind": "class"}, {"_type": "tag", "name": "WriteUnlock", "path": "/home/kavia/workspace/code-generation/app-gateway2/__import__/extracted/app-gateway2-cga-cmf8e7ba8d/dependencies/install/include/WPEFramework/core/ReadWriteLock.h", "pattern": "/^        void WriteUnlock()$/", "language": "C++", "typeref": "typename:void", "kind": "function", "signature": "()", "scope": "WPEFramework::Core::ReadWriteLock", "scopeKind": "class"}, {"_type": "tag", "name": "__READWRITELOCK_H", "path": "/home/kavia/workspace/code-generation/app-gateway2/__import__/extracted/app-gateway2-cga-cmf8e7ba8d/dependencies/install/include/WPEFramework/core/ReadWriteLock.h", "pattern": "/^#define __READWRITELOCK_H$/", "language": "C++", "kind": "macro"}, {"_type": "tag", "name": "m_Readers", "path": "/home/kavia/workspace/code-generation/app-gateway2/__import__/extracted/app-gateway2-cga-cmf8e7ba8d/dependencies/install/include/WPEFramework/core/ReadWriteLock.h", "pattern": "/^        uint32_t m_Readers;$/", "language": "C++", "typeref": "typename:uint32_t", "kind": "member", "scope": "WPEFramework::Core::ReadWriteLock", "scopeKind": "class"}, {"_type": "tag", "name": "m_State", "path": "/home/kavia/workspace/code-generation/app-gateway2/__import__/extracted/app-gateway2-cga-cmf8e7ba8d/dependencies/install/include/WPEFramework/core/ReadWriteLock.h", "pattern": "/^        StateTrigger<LockState> m_State;$/", "language": "C++", "typeref": "typename:StateTrigger<LockState>", "kind": "member", "scope": "WPEFramework::Core::ReadWriteLock", "scopeKind": "class"}, {"_type": "tag", "name": "~ReadWriteLock", "path": "/home/kavia/workspace/code-generation/app-gateway2/__import__/extracted/app-gateway2-cga-cmf8e7ba8d/dependencies/install/include/WPEFramework/core/ReadWriteLock.h", "pattern": "/^        ~ReadWriteLock()$/", "language": "C++", "kind": "function", "signature": "()", "scope": "WPEFramework::Core::ReadWriteLock", "scopeKind": "class"}], "hash": "d502a6730a243edd4aa7608d784ca9dd", "format-version": 4, "code-base-name": "app-gateway2", "filename": "__import__/extracted/app-gateway2-cga-cmf8e7ba8d/dependencies/install/include/WPEFramework/core/ReadWriteLock.h", "fields": [{"name": "uint32_t m_Readers", "scope": "WPEFramework::Core::ReadWriteLock", "scopeKind": "class", "description": "unavailable"}, {"name": "StateTrigger<LockState> m_State", "scope": "WPEFramework::Core::ReadWriteLock", "scopeKind": "class", "description": "unavailable"}], "revision_history": [{"4055": "0f87a35b32215bc8547fb583d6c84bd51f603f69"}]}