{"is_source_file": true, "format": "C++ header", "description": "This header file declares the registration functions for the JSON-RPC interface 'JDisplayProperties' which provides read-only access to various display properties such as colorspace, framerate, colour depth, colorimetry, quantization range, and EOTF through the WPEFramework plugin system.", "external_files": ["Module.h", "JsonData_DisplayProperties.h", "<interfaces/IDisplayInfo.h>"], "external_methods": [], "published": ["JDisplayProperties::Register", "JDisplayProperties::Unregister"], "classes": [], "methods": [{"name": "Register", "description": "Registers display property getter methods with the JSONRPC module, enabling remote access to display settings."}, {"name": "void Unregister(JSONRPC & _module_)", "description": "Unregisters display property methods from the JSONRPC module.", "scope": "WPEFramework::Exchange::JDisplayProperties", "scopeKind": "namespace"}, {"name": "PUSH_WARNING(DISABLE_WARNING_UNUSED_FUNCTIONS)", "scope": "WPEFramework::Exchange::JDisplayProperties", "scopeKind": "namespace", "description": "unavailable"}, {"name": "uint32_t __anon5023e6080102(Core::JSON::EnumType<Exchange::IDisplayProperties::ColourSpaceType>& result)", "scope": "WPEFramework::Exchange::JDisplayProperties::PUSH_WARNING", "scopeKind": "function", "description": "unavailable"}, {"name": "uint32_t __anon5023e6080202(Core::JSON::EnumType<Exchange::IDisplayProperties::FrameRateType>& result)", "scope": "WPEFramework::Exchange::JDisplayProperties::PUSH_WARNING", "scopeKind": "function", "description": "unavailable"}, {"name": "uint32_t __anon5023e6080302(Core::JSON::EnumType<Exchange::IDisplayProperties::ColourDepthType>& result)", "scope": "WPEFramework::Exchange::JDisplayProperties::PUSH_WARNING", "scopeKind": "function", "description": "unavailable"}, {"name": "uint32_t __anon5023e6080402(Core::JSON::ArrayType<Core::JSON::EnumType<Exchange::IDisplayProperties::ColorimetryType>>& result)", "scope": "WPEFramework::Exchange::JDisplayProperties::PUSH_WARNING", "scopeKind": "function", "description": "unavailable"}, {"name": "uint32_t __anon5023e6080502(Core::JSON::EnumType<Exchange::IDisplayProperties::QuantizationRangeType>& result)", "scope": "WPEFramework::Exchange::JDisplayProperties::PUSH_WARNING", "scopeKind": "function", "description": "unavailable"}, {"name": "uint32_t __anon5023e6080602(Core::JSON::EnumType<Exchange::IDisplayProperties::EotfType>& result)", "scope": "WPEFramework::Exchange::JDisplayProperties::PUSH_WARNING", "scopeKind": "function", "description": "unavailable"}], "calls": ["Core::ERROR_NONE", "Exchange::IDisplayProperties::ColorSpace", "Exchange::IDisplayProperties::FrameRate", "Exchange::IDisplayProperties::ColourDepth", "Exchange::IDisplayProperties::Colorimetry", "Exchange::IDisplayProperties::QuantizationRange", "Exchange::IDisplayProperties::Eotf"], "search-terms": ["JDisplayProperties", "IDisplayProperties registration", "display properties JSONRPC", "WPEFramework display interface"], "state": 2, "file_id": 1642, "knowledge_revision": 4238, "git_revision": "0f87a35b32215bc8547fb583d6c84bd51f603f69", "ctags": [{"_type": "tag", "name": "Exchange", "path": "/home/kavia/workspace/code-generation/app-gateway2/__import__/extracted/app-gateway2-cga-cmf8e7ba8d/dependencies/install/include/WPEFramework/interfaces/json/JDisplayProperties.h", "pattern": "/^namespace Exchange {$/", "language": "C++", "kind": "namespace", "scope": "WPEFramework", "scopeKind": "namespace"}, {"_type": "tag", "name": "JDisplayProperties", "path": "/home/kavia/workspace/code-generation/app-gateway2/__import__/extracted/app-gateway2-cga-cmf8e7ba8d/dependencies/install/include/WPEFramework/interfaces/json/JDisplayProperties.h", "pattern": "/^    namespace JDisplayProperties {$/", "language": "C++", "kind": "namespace", "scope": "WPEFramework::Exchange", "scopeKind": "namespace"}, {"_type": "tag", "name": "JSONRPC", "path": "/home/kavia/workspace/code-generation/app-gateway2/__import__/extracted/app-gateway2-cga-cmf8e7ba8d/dependencies/install/include/WPEFramework/interfaces/json/JDisplayProperties.h", "pattern": "/^        using JSONRPC = PluginHost::JSONRPC;$/", "language": "C++", "typeref": "typename:PluginHost::JSONRPC", "kind": "typedef", "scope": "WPEFramework::Exchange::JDisplayProperties", "scopeKind": "namespace"}, {"_type": "tag", "name": "Major", "path": "/home/kavia/workspace/code-generation/app-gateway2/__import__/extracted/app-gateway2-cga-cmf8e7ba8d/dependencies/install/include/WPEFramework/interfaces/json/JDisplayProperties.h", "pattern": "/^            constexpr uint8_t Major = 1;$/", "language": "C++", "typeref": "typename:uint8_t", "kind": "variable", "scope": "WPEFramework::Exchange::JDisplayProperties::Version", "scopeKind": "namespace"}, {"_type": "tag", "name": "Minor", "path": "/home/kavia/workspace/code-generation/app-gateway2/__import__/extracted/app-gateway2-cga-cmf8e7ba8d/dependencies/install/include/WPEFramework/interfaces/json/JDisplayProperties.h", "pattern": "/^            constexpr uint8_t Minor = 0;$/", "language": "C++", "typeref": "typename:uint8_t", "kind": "variable", "scope": "WPEFramework::Exchange::JDisplayProperties::Version", "scopeKind": "namespace"}, {"_type": "tag", "name": "PUSH_WARNING", "path": "/home/kavia/workspace/code-generation/app-gateway2/__import__/extracted/app-gateway2-cga-cmf8e7ba8d/dependencies/install/include/WPEFramework/interfaces/json/JDisplayProperties.h", "pattern": "/^        PUSH_WARNING(DISABLE_WARNING_UNUSED_FUNCTIONS)$/", "language": "C++", "kind": "function", "signature": "(DISABLE_WARNING_UNUSED_FUNCTIONS)", "scope": "WPEFramework::Exchange::JDisplayProperties", "scopeKind": "namespace"}, {"_type": "tag", "name": "Patch", "path": "/home/kavia/workspace/code-generation/app-gateway2/__import__/extracted/app-gateway2-cga-cmf8e7ba8d/dependencies/install/include/WPEFramework/interfaces/json/JDisplayProperties.h", "pattern": "/^            constexpr uint8_t Patch = 0;$/", "language": "C++", "typeref": "typename:uint8_t", "kind": "variable", "scope": "WPEFramework::Exchange::JDisplayProperties::Version", "scopeKind": "namespace"}, {"_type": "tag", "name": "Unregister", "path": "/home/kavia/workspace/code-generation/app-gateway2/__import__/extracted/app-gateway2-cga-cmf8e7ba8d/dependencies/install/include/WPEFramework/interfaces/json/JDisplayProperties.h", "pattern": "/^        static void Unregister(JSONRPC& _module_)$/", "language": "C++", "typeref": "typename:void", "kind": "function", "signature": "(JSONRPC & _module_)", "scope": "WPEFramework::Exchange::JDisplayProperties", "scopeKind": "namespace"}, {"_type": "tag", "name": "Version", "path": "/home/kavia/workspace/code-generation/app-gateway2/__import__/extracted/app-gateway2-cga-cmf8e7ba8d/dependencies/install/include/WPEFramework/interfaces/json/JDisplayProperties.h", "pattern": "/^        namespace Version {$/", "language": "C++", "kind": "namespace", "scope": "WPEFramework::Exchange::JDisplayProperties", "scopeKind": "namespace"}, {"_type": "tag", "name": "WPEFramework", "path": "/home/kavia/workspace/code-generation/app-gateway2/__import__/extracted/app-gateway2-cga-cmf8e7ba8d/dependencies/install/include/WPEFramework/interfaces/json/JDisplayProperties.h", "pattern": "/^namespace WPEFramework {$/", "language": "C++", "kind": "namespace"}, {"_type": "tag", "name": "__anon5023e6080102", "path": "/home/kavia/workspace/code-generation/app-gateway2/__import__/extracted/app-gateway2-cga-cmf8e7ba8d/dependencies/install/include/WPEFramework/interfaces/json/JDisplayProperties.h", "pattern": "/^                [_impl_](Core::JSON::EnumType<Exchange::IDisplayProperties::ColourSpaceType>& re/", "file": true, "language": "C++", "typeref": "typename:uint32_t", "kind": "function", "signature": "(Core::JSON::EnumType<Exchange::IDisplayProperties::ColourSpaceType>& result) ", "scope": "WPEFramework::Exchange::JDisplayProperties::PUSH_WARNING", "scopeKind": "function"}, {"_type": "tag", "name": "__anon5023e6080202", "path": "/home/kavia/workspace/code-generation/app-gateway2/__import__/extracted/app-gateway2-cga-cmf8e7ba8d/dependencies/install/include/WPEFramework/interfaces/json/JDisplayProperties.h", "pattern": "/^                [_impl_](Core::JSON::EnumType<Exchange::IDisplayProperties::FrameRateType>& resu/", "file": true, "language": "C++", "typeref": "typename:uint32_t", "kind": "function", "signature": "(Core::JSON::EnumType<Exchange::IDisplayProperties::FrameRateType>& result) ", "scope": "WPEFramework::Exchange::JDisplayProperties::PUSH_WARNING", "scopeKind": "function"}, {"_type": "tag", "name": "__anon5023e6080302", "path": "/home/kavia/workspace/code-generation/app-gateway2/__import__/extracted/app-gateway2-cga-cmf8e7ba8d/dependencies/install/include/WPEFramework/interfaces/json/JDisplayProperties.h", "pattern": "/^                [_impl_](Core::JSON::EnumType<Exchange::IDisplayProperties::ColourDepthType>& re/", "file": true, "language": "C++", "typeref": "typename:uint32_t", "kind": "function", "signature": "(Core::JSON::EnumType<Exchange::IDisplayProperties::ColourDepthType>& result) ", "scope": "WPEFramework::Exchange::JDisplayProperties::PUSH_WARNING", "scopeKind": "function"}, {"_type": "tag", "name": "__anon5023e6080402", "path": "/home/kavia/workspace/code-generation/app-gateway2/__import__/extracted/app-gateway2-cga-cmf8e7ba8d/dependencies/install/include/WPEFramework/interfaces/json/JDisplayProperties.h", "pattern": "/^                [_impl_](Core::JSON::ArrayType<Core::JSON::EnumType<Exchange::IDisplayProperties/", "file": true, "language": "C++", "typeref": "typename:uint32_t", "kind": "function", "signature": "(Core::JSON::ArrayType<Core::JSON::EnumType<Exchange::IDisplayProperties::ColorimetryType>>& result) ", "scope": "WPEFramework::Exchange::JDisplayProperties::PUSH_WARNING", "scopeKind": "function"}, {"_type": "tag", "name": "__anon5023e6080502", "path": "/home/kavia/workspace/code-generation/app-gateway2/__import__/extracted/app-gateway2-cga-cmf8e7ba8d/dependencies/install/include/WPEFramework/interfaces/json/JDisplayProperties.h", "pattern": "/^                [_impl_](Core::JSON::EnumType<Exchange::IDisplayProperties::QuantizationRangeTyp/", "file": true, "language": "C++", "typeref": "typename:uint32_t", "kind": "function", "signature": "(Core::JSON::EnumType<Exchange::IDisplayProperties::QuantizationRangeType>& result) ", "scope": "WPEFramework::Exchange::JDisplayProperties::PUSH_WARNING", "scopeKind": "function"}, {"_type": "tag", "name": "__anon5023e6080602", "path": "/home/kavia/workspace/code-generation/app-gateway2/__import__/extracted/app-gateway2-cga-cmf8e7ba8d/dependencies/install/include/WPEFramework/interfaces/json/JDisplayProperties.h", "pattern": "/^                [_impl_](Core::JSON::EnumType<Exchange::IDisplayProperties::EotfType>& result) -/", "file": true, "language": "C++", "typeref": "typename:uint32_t", "kind": "function", "signature": "(Core::JSON::EnumType<Exchange::IDisplayProperties::EotfType>& result) ", "scope": "WPEFramework::Exchange::JDisplayProperties::PUSH_WARNING", "scopeKind": "function"}], "hash": "487299e0adf9f4af7286ca5e85a35011", "format-version": 4, "code-base-name": "app-gateway2", "filename": "__import__/extracted/app-gateway2-cga-cmf8e7ba8d/dependencies/install/include/WPEFramework/interfaces/json/JDisplayProperties.h", "fields": [{"name": "uint8_t Major", "scope": "WPEFramework::Exchange::JDisplayProperties::Version", "scopeKind": "namespace", "description": "unavailable"}, {"name": "uint8_t Minor", "scope": "WPEFramework::Exchange::JDisplayProperties::Version", "scopeKind": "namespace", "description": "unavailable"}, {"name": "uint8_t Patch", "scope": "WPEFramework::Exchange::JDisplayProperties::Version", "scopeKind": "namespace", "description": "unavailable"}], "revision_history": [{"4238": "0f87a35b32215bc8547fb583d6c84bd51f603f69"}]}