{"is_source_file": true, "format": "C++ header file", "description": "This file defines JSON data structures for Dolby Output API, specifically for handling events like audio mode changes via JSON-RPC. It contains a data class for parameters related to audio mode changes, with JSON serialization support.", "external_files": ["<core/JSON.h>", "<interfaces/IDolby.h>"], "external_methods": ["Core::JSON::Container::Add", "Core::JSON::EnumType", "Core::JSON::Boolean"], "published": ["AudioModeChangedParamsData"], "classes": [{"name": "AudioModeChangedParamsData", "description": "A class representing the JSON data structure for audio mode change parameters in the Dolby Output API."}], "methods": [{"name": "AudioModeChangedParamsData()", "description": "Constructor initializing the JSON container with 'mode' and 'enabled' fields.", "scope": "WPEFramework::JsonData::Dolby::Output::AudioModeChangedParamsData", "scopeKind": "class"}, {"name": "bool IsValid() const", "description": "Method always returning true; placeholder for validation logic.", "scope": "WPEFramework::JsonData::Dolby::Output::AudioModeChangedParamsData", "scopeKind": "class"}], "calls": ["Core::JSON::Container::Add", "Core::JSON::EnumType", "Core::JSON::Boolean"], "search-terms": ["JsonData_DolbyOutput", "AudioModeChangedParamsData", "JSON RPC", "Dolby Output API", "json serialization", "SoundModes", "AudioMode"], "state": 2, "file_id": 1678, "knowledge_revision": 4275, "git_revision": "0f87a35b32215bc8547fb583d6c84bd51f603f69", "ctags": [{"_type": "tag", "name": "AudioModeChangedParamsData", "path": "/home/kavia/workspace/code-generation/app-gateway2/__import__/extracted/app-gateway2-cga-cmf8e7ba8d/dependencies/install/include/WPEFramework/interfaces/json/JsonData_DolbyOutput.h", "pattern": "/^                AudioModeChangedParamsData()$/", "language": "C++", "kind": "function", "signature": "()", "scope": "WPEFramework::JsonData::Dolby::Output::AudioModeChangedParamsData", "scopeKind": "class"}, {"_type": "tag", "name": "AudioModeChangedParamsData", "path": "/home/kavia/workspace/code-generation/app-gateway2/__import__/extracted/app-gateway2-cga-cmf8e7ba8d/dependencies/install/include/WPEFramework/interfaces/json/JsonData_DolbyOutput.h", "pattern": "/^            class AudioModeChangedParamsData : public Core::JSON::Container {$/", "language": "C++", "kind": "class", "scope": "WPEFramework::JsonData::Dolby::Output", "scopeKind": "namespace"}, {"_type": "tag", "name": "Dolby", "path": "/home/kavia/workspace/code-generation/app-gateway2/__import__/extracted/app-gateway2-cga-cmf8e7ba8d/dependencies/install/include/WPEFramework/interfaces/json/JsonData_DolbyOutput.h", "pattern": "/^    namespace Dolby {$/", "language": "C++", "kind": "namespace", "scope": "WPEFramework::JsonData", "scopeKind": "namespace"}, {"_type": "tag", "name": "Enabled", "path": "/home/kavia/workspace/code-generation/app-gateway2/__import__/extracted/app-gateway2-cga-cmf8e7ba8d/dependencies/install/include/WPEFramework/interfaces/json/JsonData_DolbyOutput.h", "pattern": "/^                Core::JSON::Boolean Enabled; \\/\\/ Enabled\\/Disabled$/", "language": "C++", "typeref": "typename:Core::JSON::Boolean", "kind": "member", "scope": "WPEFramework::JsonData::Dolby::Output::AudioModeChangedParamsData", "scopeKind": "class"}, {"_type": "tag", "name": "IsValid", "path": "/home/kavia/workspace/code-generation/app-gateway2/__import__/extracted/app-gateway2-cga-cmf8e7ba8d/dependencies/install/include/WPEFramework/interfaces/json/JsonData_DolbyOutput.h", "pattern": "/^                bool IsValid() const$/", "language": "C++", "typeref": "typename:bool", "kind": "function", "signature": "() const", "scope": "WPEFramework::JsonData::Dolby::Output::AudioModeChangedParamsData", "scopeKind": "class"}, {"_type": "tag", "name": "JsonData", "path": "/home/kavia/workspace/code-generation/app-gateway2/__import__/extracted/app-gateway2-cga-cmf8e7ba8d/dependencies/install/include/WPEFramework/interfaces/json/JsonData_DolbyOutput.h", "pattern": "/^namespace JsonData {$/", "language": "C++", "kind": "namespace", "scope": "WPEFramework", "scopeKind": "namespace"}, {"_type": "tag", "name": "Mode", "path": "/home/kavia/workspace/code-generation/app-gateway2/__import__/extracted/app-gateway2-cga-cmf8e7ba8d/dependencies/install/include/WPEFramework/interfaces/json/JsonData_DolbyOutput.h", "pattern": "/^                Core::JSON::EnumType<Exchange::Dolby::IOutput::SoundModes> Mode; \\/\\/ Changed Mo/", "language": "C++", "typeref": "typename:Core::JSON::EnumType<Exchange::Dolby::IOutput::SoundModes>", "kind": "member", "scope": "WPEFramework::JsonData::Dolby::Output::AudioModeChangedParamsData", "scopeKind": "class"}, {"_type": "tag", "name": "Output", "path": "/home/kavia/workspace/code-generation/app-gateway2/__import__/extracted/app-gateway2-cga-cmf8e7ba8d/dependencies/install/include/WPEFramework/interfaces/json/JsonData_DolbyOutput.h", "pattern": "/^        namespace Output {$/", "language": "C++", "kind": "namespace", "scope": "WPEFramework::JsonData::Dolby", "scopeKind": "namespace"}, {"_type": "tag", "name": "WPEFramework", "path": "/home/kavia/workspace/code-generation/app-gateway2/__import__/extracted/app-gateway2-cga-cmf8e7ba8d/dependencies/install/include/WPEFramework/interfaces/json/JsonData_DolbyOutput.h", "pattern": "/^namespace WPEFramework {$/", "language": "C++", "kind": "namespace"}], "hash": "3798b75f4117dd4e1c2472f3b9e74536", "format-version": 4, "code-base-name": "app-gateway2", "filename": "__import__/extracted/app-gateway2-cga-cmf8e7ba8d/dependencies/install/include/WPEFramework/interfaces/json/JsonData_DolbyOutput.h", "fields": [{"name": "Core::JSON::Boolean Enabled", "scope": "WPEFramework::JsonData::Dolby::Output::AudioModeChangedParamsData", "scopeKind": "class", "description": "unavailable"}, {"name": "Core::JSON::EnumType<Exchange::Dolby::IOutput::SoundModes> Mode", "scope": "WPEFramework::JsonData::Dolby::Output::AudioModeChangedParamsData", "scopeKind": "class", "description": "unavailable"}], "revision_history": [{"4275": "0f87a35b32215bc8547fb583d6c84bd51f603f69"}]}