{"is_source_file": true, "format": "Rust", "description": "This file is a Rust source code file that contains module declarations, licensing information, and an asynchronous main function that starts a service via the badger_ffi module.", "external_files": ["tokio"], "external_methods": ["tokio::main"], "published": ["main"], "classes": [], "methods": [{"name": "main()", "description": "The asynchronous main function that initializes the tokio runtime and starts the service via badger_ffi.", "scope": "", "scopeKind": ""}], "calls": ["badger_ffi::start_service"], "search-terms": ["tokio", "badger_ffi", "async main", "start_service", "Rust module declarations"], "state": 2, "file_id": 1872, "knowledge_revision": 4460, "git_revision": "0f87a35b32215bc8547fb583d6c84bd51f603f69", "ctags": [{"_type": "tag", "name": "authorizer", "path": "/home/kavia/workspace/code-generation/app-gateway2/__import__/extracted/app-gateway2-cga-cmf8e7ba8d/Supporting_Files/Ripple_Badger_Extn/src/main.rs", "pattern": "/^pub mod authorizer;$/", "language": "Rust", "kind": "module"}, {"_type": "tag", "name": "badger_device_info", "path": "/home/kavia/workspace/code-generation/app-gateway2/__import__/extracted/app-gateway2-cga-cmf8e7ba8d/Supporting_Files/Ripple_Badger_Extn/src/main.rs", "pattern": "/^    pub mod badger_device_info;$/", "language": "Rust", "kind": "module", "scope": "handlers", "scopeKind": "module"}, {"_type": "tag", "name": "badger_ffi", "path": "/home/kavia/workspace/code-generation/app-gateway2/__import__/extracted/app-gateway2-cga-cmf8e7ba8d/Supporting_Files/Ripple_Badger_Extn/src/main.rs", "pattern": "/^pub mod badger_ffi;$/", "language": "Rust", "kind": "module"}, {"_type": "tag", "name": "badger_info_rpc", "path": "/home/kavia/workspace/code-generation/app-gateway2/__import__/extracted/app-gateway2-cga-cmf8e7ba8d/Supporting_Files/Ripple_Badger_Extn/src/main.rs", "pattern": "/^    pub mod badger_info_rpc;$/", "language": "Rust", "kind": "module", "scope": "handlers", "scopeKind": "module"}, {"_type": "tag", "name": "badger_state", "path": "/home/kavia/workspace/code-generation/app-gateway2/__import__/extracted/app-gateway2-cga-cmf8e7ba8d/Supporting_Files/Ripple_Badger_Extn/src/main.rs", "pattern": "/^pub mod badger_state;$/", "language": "Rust", "kind": "module"}, {"_type": "tag", "name": "crypto_util", "path": "/home/kavia/workspace/code-generation/app-gateway2/__import__/extracted/app-gateway2-cga-cmf8e7ba8d/Supporting_Files/Ripple_Badger_Extn/src/main.rs", "pattern": "/^pub mod crypto_util;$/", "language": "Rust", "kind": "module"}, {"_type": "tag", "name": "handlers", "path": "/home/kavia/workspace/code-generation/app-gateway2/__import__/extracted/app-gateway2-cga-cmf8e7ba8d/Supporting_Files/Ripple_Badger_Extn/src/main.rs", "pattern": "/^pub mod handlers {$/", "language": "Rust", "kind": "module"}, {"_type": "tag", "name": "main", "path": "/home/kavia/workspace/code-generation/app-gateway2/__import__/extracted/app-gateway2-cga-cmf8e7ba8d/Supporting_Files/Ripple_Badger_Extn/src/main.rs", "pattern": "/^async fn main() {$/", "language": "Rust", "kind": "function", "signature": "()"}, {"_type": "tag", "name": "test_utils", "path": "/home/kavia/workspace/code-generation/app-gateway2/__import__/extracted/app-gateway2-cga-cmf8e7ba8d/Supporting_Files/Ripple_Badger_Extn/src/main.rs", "pattern": "/^pub mod test_utils;$/", "language": "Rust", "kind": "module"}, {"_type": "tag", "name": "thunder", "path": "/home/kavia/workspace/code-generation/app-gateway2/__import__/extracted/app-gateway2-cga-cmf8e7ba8d/Supporting_Files/Ripple_Badger_Extn/src/main.rs", "pattern": "/^pub mod thunder {$/", "language": "Rust", "kind": "module"}, {"_type": "tag", "name": "thunder_session", "path": "/home/kavia/workspace/code-generation/app-gateway2/__import__/extracted/app-gateway2-cga-cmf8e7ba8d/Supporting_Files/Ripple_Badger_Extn/src/main.rs", "pattern": "/^    pub mod thunder_session;$/", "language": "Rust", "kind": "module", "scope": "thunder", "scopeKind": "module"}], "hash": "f233496ada54767181ee1f35ce3553bb", "format-version": 4, "code-base-name": "app-gateway2", "filename": "__import__/extracted/app-gateway2-cga-cmf8e7ba8d/Supporting_Files/Ripple_Badger_Extn/src/main.rs", "revision_history": [{"4460": "0f87a35b32215bc8547fb583d6c84bd51f603f69"}]}