{"is_source_file": true, "format": "C++ header file", "description": "The file defines the 'ISwitchBoard' interface within the WPEFramework project. It provides function declarations for registering notifications, checking activation status, and activating/deactivating callsigns related to a switchboard component.", "external_files": ["Module.h", "Core::IUnknown"], "external_methods": ["Core::IUnknown::AddRef", "Core::IUnknown::Release"], "published": ["ISwitchBoard", "ISwitchBoard::INotification"], "classes": [{"name": "ISwitchBoard", "description": "An interface providing access to switchboard functionality, including notification registration and callsign activation control."}, {"name": "ISwitchBoard::INotification", "description": "A callback interface for receiving notifications when a callsign is activated."}], "methods": [{"name": "Register", "description": "Registers a notification callback to receive switchboard events."}, {"name": "Unregister", "description": "Unregisters a previously registered notification callback."}, {"name": "IsActive", "description": "Checks whether a callsign is currently active."}, {"name": "Activate", "description": "Activates a specific callsign."}, {"name": "Deactivate", "description": "Deactivates a specific callsign."}], "calls": ["Core::IUnknown::AddRef", "Core::IUnknown::Release"], "search-terms": ["ISwitchBoard", "SwitchBoard interface", "callsign activation", "INotification callback", "Activate callsign", "Deactivate callsign"], "state": 2, "file_id": 1520, "knowledge_revision": 4122, "git_revision": "0f87a35b32215bc8547fb583d6c84bd51f603f69", "ctags": [{"_type": "tag", "name": "Exchange", "path": "/home/kavia/workspace/code-generation/app-gateway2/__import__/extracted/app-gateway2-cga-cmf8e7ba8d/dependencies/install/include/WPEFramework/interfaces/ISwitchBoard.h", "pattern": "/^namespace Exchange {$/", "language": "C++", "kind": "namespace", "scope": "WPEFramework", "scopeKind": "namespace"}, {"_type": "tag", "name": "ID", "path": "/home/kavia/workspace/code-generation/app-gateway2/__import__/extracted/app-gateway2-cga-cmf8e7ba8d/dependencies/install/include/WPEFramework/interfaces/ISwitchBoard.h", "pattern": "/^            enum { ID = ID_SWITCHBOARD_NOTIFICATION };$/", "language": "C++", "kind": "enumerator", "scope": "WPEFramework::Exchange::ISwitchBoard::INotification::__anond618e9950203", "scopeKind": "enum"}, {"_type": "tag", "name": "ID", "path": "/home/kavia/workspace/code-generation/app-gateway2/__import__/extracted/app-gateway2-cga-cmf8e7ba8d/dependencies/install/include/WPEFramework/interfaces/ISwitchBoard.h", "pattern": "/^        enum { ID = ID_SWITCHBOARD };$/", "language": "C++", "kind": "enumerator", "scope": "WPEFramework::Exchange::ISwitchBoard::__anond618e9950103", "scopeKind": "enum"}, {"_type": "tag", "name": "INotification", "path": "/home/kavia/workspace/code-generation/app-gateway2/__import__/extracted/app-gateway2-cga-cmf8e7ba8d/dependencies/install/include/WPEFramework/interfaces/ISwitchBoard.h", "pattern": "/^        struct EXTERNAL INotification : virtual public Core::IUnknown {$/", "language": "C++", "kind": "struct", "scope": "WPEFramework::Exchange::ISwitchBoard", "scopeKind": "struct"}, {"_type": "tag", "name": "ISwitchBoard", "path": "/home/kavia/workspace/code-generation/app-gateway2/__import__/extracted/app-gateway2-cga-cmf8e7ba8d/dependencies/install/include/WPEFramework/interfaces/ISwitchBoard.h", "pattern": "/^    struct EXTERNAL ISwitchBoard : virtual public Core::IUnknown {$/", "language": "C++", "kind": "struct", "scope": "WPEFramework::Exchange", "scopeKind": "namespace"}, {"_type": "tag", "name": "WPEFramework", "path": "/home/kavia/workspace/code-generation/app-gateway2/__import__/extracted/app-gateway2-cga-cmf8e7ba8d/dependencies/install/include/WPEFramework/interfaces/ISwitchBoard.h", "pattern": "/^namespace WPEFramework {$/", "language": "C++", "kind": "namespace"}, {"_type": "tag", "name": "__anond618e9950103", "path": "/home/kavia/workspace/code-generation/app-gateway2/__import__/extracted/app-gateway2-cga-cmf8e7ba8d/dependencies/install/include/WPEFramework/interfaces/ISwitchBoard.h", "pattern": "/^        enum { ID = ID_SWITCHBOARD };$/", "language": "C++", "kind": "enum", "scope": "WPEFramework::Exchange::ISwitchBoard", "scopeKind": "struct"}, {"_type": "tag", "name": "__anond618e9950203", "path": "/home/kavia/workspace/code-generation/app-gateway2/__import__/extracted/app-gateway2-cga-cmf8e7ba8d/dependencies/install/include/WPEFramework/interfaces/ISwitchBoard.h", "pattern": "/^            enum { ID = ID_SWITCHBOARD_NOTIFICATION };$/", "language": "C++", "kind": "enum", "scope": "WPEFramework::Exchange::ISwitchBoard::INotification", "scopeKind": "struct"}], "hash": "1ec4faa72f0f2ec58b838d66d7ecb571", "format-version": 4, "code-base-name": "app-gateway2", "filename": "__import__/extracted/app-gateway2-cga-cmf8e7ba8d/dependencies/install/include/WPEFramework/interfaces/ISwitchBoard.h", "revision_history": [{"4122": "0f87a35b32215bc8547fb583d6c84bd51f603f69"}]}