{"is_source_file": true, "format": "JSON", "description": "This file contains a JSON configuration object mapping resolution event names to their corresponding alias, event, or other context details, used for event handling and method invocation within the app-gateway project.", "external_files": [], "external_methods": [], "published": [], "classes": [], "methods": [], "calls": [], "search-terms": ["resolution.eos.json", "resolution", "LaunchDelegate", "org.rdk", "TextToSpeech", "ContentProtection", "Lifecycle", "Keyboard", "Discovery", "Advertising"], "state": 2, "file_id": 1175, "knowledge_revision": 3791, "git_revision": "0f87a35b32215bc8547fb583d6c84bd51f603f69", "hash": "47cd6d704f5b44000accc075c3ad912b", "format-version": 4, "code-base-name": "app-gateway2", "filename": "__import__/extracted/app-gateway2-cga-cmf8e7ba8d/app-gateway/LaunchDelegate/resolutions/resolution.eos.json", "revision_history": [{"3791": "0f87a35b32215bc8547fb583d6c84bd51f603f69"}]}