{"is_source_file": true, "format": "JSON", "description": "This file contains configuration mappings for RPC calls, aliasing method names and events to specific internal components within a media application ecosystem.", "external_files": [], "external_methods": [], "published": [], "classes": [], "methods": [], "calls": [], "search-terms": ["resolution.base.json", "org.rdk", "proxy mappings", "RPC aliasing", "event aliasing", "settings configuration"], "state": 2, "file_id": 1152, "knowledge_revision": 3768, "git_revision": "0f87a35b32215bc8547fb583d6c84bd51f603f69", "hash": "61f2ff69546eebf0999848daf87890ed", "format-version": 4, "code-base-name": "app-gateway2", "filename": "__import__/extracted/app-gateway2-cga-cmf8e7ba8d/app-gateway/AppGateway/resolutions/resolution.base.json", "revision_history": [{"3768": "0f87a35b32215bc8547fb583d6c84bd51f603f69"}]}