{"is_source_file": true, "format": "C++ header file", "description": "This file defines the ProcessInfo class and related classes and enums for querying and manipulating process information within the WPEFramework Core namespace. It includes platform-specific process scheduling, memory statistics, process management, and process tree functionalities.", "external_files": ["Module.h", "IIterator.h", "Portability.h"], "external_methods": ["getpriority", "setpriority", "kill", "get ExitCodeProcess", "TerminateProcess", "GetExitCodeProcess"], "published": ["WPEFramework::Core::ProcessInfo", "WPEFramework::Core::ProcessCurrent", "WPEFramework::Core::ProcessTree"], "classes": [{"name": "ProcessInfo", "description": "Encapsulates information about a process, including PID, priority, policy, memory usage, and methods for process management."}, {"name": "ProcessCurrent", "description": "Derived from ProcessInfo, represents the current process and provides additional methods for user and group info."}, {"name": "ProcessTree", "description": "Represents a process hierarchy starting from a specific process, used to examine process dependencies and roots."}, {"name": "ProcessInfo::Memory", "description": "Handles memory statistics for a process, including USS, PSS, RSS, VSS, and shared memory."}, {"name": "ProcessInfo::Iterator", "description": "Provides iteration over child processes of a specific process, supporting navigation and validation."}], "methods": [{"name": "ProcessInfo::Id", "description": "Returns the process ID."}, {"name": "ProcessInfo::Children", "description": "Returns an iterator over child processes."}, {"name": "ProcessInfo::Priority", "description": "Gets or sets the process scheduling priority."}, {"name": "ProcessInfo::Policy", "description": "Gets or sets the scheduling policy."}, {"name": "ProcessInfo::OOMAdjust", "description": "Gets or sets the OOM adjustment value."}, {"name": "ProcessInfo::IsActive", "description": "Checks if the process is active."}, {"name": "ProcessInfo::Kill", "description": "Terminates the process, optionally with a hard kill."}, {"name": "ProcessInfo::MemoryStats", "description": "Collects memory statistics for the process."}, {"name": "ProcessInfo::USS", "description": "Returns the USS memory usage."}, {"name": "ProcessInfo::PSS", "description": "Returns the PSS memory usage."}, {"name": "ProcessInfo::RSS", "description": "Returns the RSS memory usage."}, {"name": "ProcessInfo::VSS", "description": "Returns the VSS memory usage."}, {"name": "ProcessInfo::Name", "description": "Retrieves or sets the process name."}, {"name": "ProcessInfo::Executable", "description": "Returns the executable path of the process."}, {"name": "ProcessInfo::CommandLine", "description": "Returns the command line arguments used to start the process."}, {"name": "ProcessInfo::FindByName", "description": "Static method to find processes by name."}, {"name": "ProcessCurrent::User", "description": "Gets the user name associated with the current process."}, {"name": "ProcessCurrent::Group", "description": "Gets the group name of the current process."}, {"name": "ProcessTree::ContainsProcess", "description": "Checks if a process ID is within the process tree."}, {"name": "ProcessTree::GetProcessIds", "description": "Retrieves all process IDs within the tree."}, {"name": "ProcessTree::RootId", "description": "Returns the root process ID of the tree."}, {"name": "Iterator Children() const", "scope": "WPEFramework::Core::ProcessInfo", "scopeKind": "class", "description": "unavailable"}, {"name": "uint32_t Count() const", "scope": "WPEFramework::Core::ProcessInfo::Iterator", "scopeKind": "class", "description": "unavailable"}, {"name": "ProcessInfo Current() const", "scope": "WPEFramework::Core::ProcessInfo::Iterator", "scopeKind": "class", "description": "unavailable"}, {"name": "void Dump()", "scope": "WPEFramework::Core::ProcessInfo", "scopeKind": "class", "description": "unavailable"}, {"name": "process_t Id() const", "scope": "WPEFramework::Core::ProcessInfo", "scopeKind": "class", "description": "unavailable"}, {"name": "bool IsActive() const", "scope": "WPEFramework::Core::ProcessInfo", "scopeKind": "class", "description": "unavailable"}, {"name": "bool IsValid() const", "scope": "WPEFramework::Core::ProcessInfo::Iterator", "scopeKind": "class", "description": "unavailable"}, {"name": "Iterator(const Iterator & copy)", "scope": "WPEFramework::Core::ProcessInfo::Iterator", "scopeKind": "class", "description": "unavailable"}, {"name": "void Kill(const bool hardKill)", "scope": "WPEFramework::Core::ProcessInfo", "scopeKind": "class", "description": "unavailable"}, {"name": "void MemoryStats() const", "scope": "WPEFramework::Core::ProcessInfo", "scopeKind": "class", "description": "unavailable"}, {"name": "bool Next()", "scope": "WPEFramework::Core::ProcessInfo::Iterator", "scopeKind": "class", "description": "unavailable"}, {"name": "int8_t OOMAdjust() const", "scope": "WPEFramework::Core::ProcessInfo", "scopeKind": "class", "description": "unavailable"}, {"name": "void OOMAdjust(const int8_t adjust)", "scope": "WPEFramework::Core::ProcessInfo", "scopeKind": "class", "description": "unavailable"}, {"name": "uint64_t PSS() const", "scope": "WPEFramework::Core::ProcessInfo", "scopeKind": "class", "description": "unavailable"}, {"name": "scheduler Policy() const", "scope": "WPEFramework::Core::ProcessInfo", "scopeKind": "class", "description": "unavailable"}, {"name": "void Policy(const scheduler priority)", "scope": "WPEFramework::Core::ProcessInfo", "scopeKind": "class", "description": "unavailable"}, {"name": "bool Previous()", "scope": "WPEFramework::Core::ProcessInfo::Iterator", "scopeKind": "class", "description": "unavailable"}, {"name": "int8_t Priority() const", "scope": "WPEFramework::Core::ProcessInfo", "scopeKind": "class", "description": "unavailable"}, {"name": "void Priority(const int8_t priority)", "scope": "WPEFramework::Core::ProcessInfo", "scopeKind": "class", "description": "unavailable"}, {"name": "ProcessCurrent()", "scope": "WPEFramework::Core::ProcessCurrent", "scopeKind": "class", "description": "unavailable"}, {"name": "uint64_t RSS() const", "scope": "WPEFramework::Core::ProcessInfo", "scopeKind": "class", "description": "unavailable"}, {"name": "void Reset(bool start=true)", "scope": "WPEFramework::Core::ProcessInfo::Iterator", "scopeKind": "class", "description": "unavailable"}, {"name": "uint64_t Shared() const", "scope": "WPEFramework::Core::ProcessInfo::Memory", "scopeKind": "class", "description": "unavailable"}, {"name": "uint64_t USS() const", "scope": "WPEFramework::Core::ProcessInfo", "scopeKind": "class", "description": "unavailable"}, {"name": "uint64_t VSS() const", "scope": "WPEFramework::Core::ProcessInfo", "scopeKind": "class", "description": "unavailable"}, {"name": "Iterator & operator =(const Iterator & RHS)", "scope": "WPEFramework::Core::ProcessInfo::Iterator", "scopeKind": "class", "description": "unavailable"}, {"name": "~Iterator()", "scope": "WPEFramework::Core::ProcessInfo::Iterator", "scopeKind": "class", "description": "unavailable"}], "calls": ["getpriority", "setpriority", "kill", "get ExitCodeProcess", "TerminateProcess", "GetExitCodeProcess"], "search-terms": ["ProcessInfo", "MemoryStats", "process_t", "ProcessTree", "Child processes", "Process memory", "Process management", "Process scheduling"], "state": 2, "file_id": 1443, "knowledge_revision": 16269, "git_revision": "0f87a35b32215bc8547fb583d6c84bd51f603f69", "ctags": [{"_type": "tag", "name": "BATCH", "path": "/home/kavia/workspace/code-generation/app-gateway2/__import__/extracted/app-gateway2-cga-cmf8e7ba8d/dependencies/install/include/WPEFramework/core/ProcessInfo.h", "pattern": "/^            BATCH,$/", "language": "C++", "kind": "enumerator", "scope": "WPEFramework::Core::ProcessInfo::scheduler", "scopeKind": "enum"}, {"_type": "tag", "name": "Children", "path": "/home/kavia/workspace/code-generation/app-gateway2/__import__/extracted/app-gateway2-cga-cmf8e7ba8d/dependencies/install/include/WPEFramework/core/ProcessInfo.h", "pattern": "/^        inline Iterator Children() const$/", "language": "C++", "typeref": "typename:Iterator", "kind": "function", "signature": "() const", "scope": "WPEFramework::Core::ProcessInfo", "scopeKind": "class"}, {"_type": "tag", "name": "Core", "path": "/home/kavia/workspace/code-generation/app-gateway2/__import__/extracted/app-gateway2-cga-cmf8e7ba8d/dependencies/install/include/WPEFramework/core/ProcessInfo.h", "pattern": "/^namespace Core {$/", "language": "C++", "kind": "namespace", "scope": "WPEFramework", "scopeKind": "namespace"}, {"_type": "tag", "name": "Count", "path": "/home/kavia/workspace/code-generation/app-gateway2/__import__/extracted/app-gateway2-cga-cmf8e7ba8d/dependencies/install/include/WPEFramework/core/ProcessInfo.h", "pattern": "/^            inline uint32_t Count() const$/", "language": "C++", "typeref": "typename:uint32_t", "kind": "function", "signature": "() const", "scope": "WPEFramework::Core::ProcessInfo::Iterator", "scopeKind": "class"}, {"_type": "tag", "name": "Current", "path": "/home/kavia/workspace/code-generation/app-gateway2/__import__/extracted/app-gateway2-cga-cmf8e7ba8d/dependencies/install/include/WPEFramework/core/ProcessInfo.h", "pattern": "/^            inline ProcessInfo Current() const$/", "language": "C++", "typeref": "typename:ProcessInfo", "kind": "function", "signature": "() const", "scope": "WPEFramework::Core::ProcessInfo::Iterator", "scopeKind": "class"}, {"_type": "tag", "name": "Dump", "path": "/home/kavia/workspace/code-generation/app-gateway2/__import__/extracted/app-gateway2-cga-cmf8e7ba8d/dependencies/install/include/WPEFramework/core/ProcessInfo.h", "pattern": "/^        void Dump()$/", "language": "C++", "typeref": "typename:void", "kind": "function", "signature": "()", "scope": "WPEFramework::Core::ProcessInfo", "scopeKind": "class"}, {"_type": "tag", "name": "FIFO", "path": "/home/kavia/workspace/code-generation/app-gateway2/__import__/extracted/app-gateway2-cga-cmf8e7ba8d/dependencies/install/include/WPEFramework/core/ProcessInfo.h", "pattern": "/^            FIFO,$/", "language": "C++", "kind": "enumerator", "scope": "WPEFramework::Core::ProcessInfo::scheduler", "scopeKind": "enum"}, {"_type": "tag", "name": "IDLE", "path": "/home/kavia/workspace/code-generation/app-gateway2/__import__/extracted/app-gateway2-cga-cmf8e7ba8d/dependencies/install/include/WPEFramework/core/ProcessInfo.h", "pattern": "/^            IDLE,$/", "language": "C++", "kind": "enumerator", "scope": "WPEFramework::Core::ProcessInfo::scheduler", "scopeKind": "enum"}, {"_type": "tag", "name": "Id", "path": "/home/kavia/workspace/code-generation/app-gateway2/__import__/extracted/app-gateway2-cga-cmf8e7ba8d/dependencies/install/include/WPEFramework/core/ProcessInfo.h", "pattern": "/^        inline process_t Id() const$/", "language": "C++", "typeref": "typename:process_t", "kind": "function", "signature": "() const", "scope": "WPEFramework::Core::ProcessInfo", "scopeKind": "class"}, {"_type": "tag", "name": "IsActive", "path": "/home/kavia/workspace/code-generation/app-gateway2/__import__/extracted/app-gateway2-cga-cmf8e7ba8d/dependencies/install/include/WPEFramework/core/ProcessInfo.h", "pattern": "/^        inline bool IsActive() const$/", "language": "C++", "typeref": "typename:bool", "kind": "function", "signature": "() const", "scope": "WPEFramework::Core::ProcessInfo", "scopeKind": "class"}, {"_type": "tag", "name": "IsValid", "path": "/home/kavia/workspace/code-generation/app-gateway2/__import__/extracted/app-gateway2-cga-cmf8e7ba8d/dependencies/install/include/WPEFramework/core/ProcessInfo.h", "pattern": "/^            inline bool IsValid() const$/", "language": "C++", "typeref": "typename:bool", "kind": "function", "signature": "() const", "scope": "WPEFramework::Core::ProcessInfo::Iterator", "scopeKind": "class"}, {"_type": "tag", "name": "Iterator", "path": "/home/kavia/workspace/code-generation/app-gateway2/__import__/extracted/app-gateway2-cga-cmf8e7ba8d/dependencies/install/include/WPEFramework/core/ProcessInfo.h", "pattern": "/^            Iterator(const Iterator& copy)$/", "language": "C++", "kind": "function", "signature": "(const Iterator & copy)", "scope": "WPEFramework::Core::ProcessInfo::Iterator", "scopeKind": "class"}, {"_type": "tag", "name": "Iterator", "path": "/home/kavia/workspace/code-generation/app-gateway2/__import__/extracted/app-gateway2-cga-cmf8e7ba8d/dependencies/install/include/WPEFramework/core/ProcessInfo.h", "pattern": "/^        class EXTERNAL Iterator {$/", "language": "C++", "kind": "class", "scope": "WPEFramework::Core::ProcessInfo", "scopeKind": "class"}, {"_type": "tag", "name": "Kill", "path": "/home/kavia/workspace/code-generation/app-gateway2/__import__/extracted/app-gateway2-cga-cmf8e7ba8d/dependencies/install/include/WPEFramework/core/ProcessInfo.h", "pattern": "/^        inline void Kill(const bool hardKill)$/", "language": "C++", "typeref": "typename:void", "kind": "function", "signature": "(const bool hardKill)", "scope": "WPEFramework::Core::ProcessInfo", "scopeKind": "class"}, {"_type": "tag", "name": "Memory", "path": "/home/kavia/workspace/code-generation/app-gateway2/__import__/extracted/app-gateway2-cga-cmf8e7ba8d/dependencies/install/include/WPEFramework/core/ProcessInfo.h", "pattern": "/^        class Memory {$/", "language": "C++", "kind": "class", "scope": "WPEFramework::Core::ProcessInfo", "scopeKind": "class"}, {"_type": "tag", "name": "MemoryStats", "path": "/home/kavia/workspace/code-generation/app-gateway2/__import__/extracted/app-gateway2-cga-cmf8e7ba8d/dependencies/install/include/WPEFramework/core/ProcessInfo.h", "pattern": "/^        inline void MemoryStats() const$/", "language": "C++", "typeref": "typename:void", "kind": "function", "signature": "() const", "scope": "WPEFramework::Core::ProcessInfo", "scopeKind": "class"}, {"_type": "tag", "name": "Next", "path": "/home/kavia/workspace/code-generation/app-gateway2/__import__/extracted/app-gateway2-cga-cmf8e7ba8d/dependencies/install/include/WPEFramework/core/ProcessInfo.h", "pattern": "/^            bool Next()$/", "language": "C++", "typeref": "typename:bool", "kind": "function", "signature": "()", "scope": "WPEFramework::Core::ProcessInfo::Iterator", "scopeKind": "class"}, {"_type": "tag", "name": "OOMAdjust", "path": "/home/kavia/workspace/code-generation/app-gateway2/__import__/extracted/app-gateway2-cga-cmf8e7ba8d/dependencies/install/include/WPEFramework/core/ProcessInfo.h", "pattern": "/^        inline int8_t OOMAdjust() const$/", "language": "C++", "typeref": "typename:int8_t", "kind": "function", "signature": "() const", "scope": "WPEFramework::Core::ProcessInfo", "scopeKind": "class"}, {"_type": "tag", "name": "OOMAdjust", "path": "/home/kavia/workspace/code-generation/app-gateway2/__import__/extracted/app-gateway2-cga-cmf8e7ba8d/dependencies/install/include/WPEFramework/core/ProcessInfo.h", "pattern": "/^        inline void OOMAdjust(const int8_t adjust)$/", "language": "C++", "typeref": "typename:void", "kind": "function", "signature": "(const int8_t adjust)", "scope": "WPEFramework::Core::ProcessInfo", "scopeKind": "class"}, {"_type": "tag", "name": "OTHER", "path": "/home/kavia/workspace/code-generation/app-gateway2/__import__/extracted/app-gateway2-cga-cmf8e7ba8d/dependencies/install/include/WPEFramework/core/ProcessInfo.h", "pattern": "/^            OTHER$/", "language": "C++", "kind": "enumerator", "scope": "WPEFramework::Core::ProcessInfo::scheduler", "scopeKind": "enum"}, {"_type": "tag", "name": "PSS", "path": "/home/kavia/workspace/code-generation/app-gateway2/__import__/extracted/app-gateway2-cga-cmf8e7ba8d/dependencies/install/include/WPEFramework/core/ProcessInfo.h", "pattern": "/^            inline uint64_t PSS() const$/", "language": "C++", "typeref": "typename:uint64_t", "kind": "function", "signature": "() const", "scope": "WPEFramework::Core::ProcessInfo::Memory", "scopeKind": "class"}, {"_type": "tag", "name": "PSS", "path": "/home/kavia/workspace/code-generation/app-gateway2/__import__/extracted/app-gateway2-cga-cmf8e7ba8d/dependencies/install/include/WPEFramework/core/ProcessInfo.h", "pattern": "/^        inline uint64_t PSS() const$/", "language": "C++", "typeref": "typename:uint64_t", "kind": "function", "signature": "() const", "scope": "WPEFramework::Core::ProcessInfo", "scopeKind": "class"}, {"_type": "tag", "name": "Policy", "path": "/home/kavia/workspace/code-generation/app-gateway2/__import__/extracted/app-gateway2-cga-cmf8e7ba8d/dependencies/install/include/WPEFramework/core/ProcessInfo.h", "pattern": "/^        inline scheduler Policy() const$/", "language": "C++", "typeref": "typename:scheduler", "kind": "function", "signature": "() const", "scope": "WPEFramework::Core::ProcessInfo", "scopeKind": "class"}, {"_type": "tag", "name": "Policy", "path": "/home/kavia/workspace/code-generation/app-gateway2/__import__/extracted/app-gateway2-cga-cmf8e7ba8d/dependencies/install/include/WPEFramework/core/ProcessInfo.h", "pattern": "/^        inline void Policy(const scheduler priority)$/", "language": "C++", "typeref": "typename:void", "kind": "function", "signature": "(const scheduler priority)", "scope": "WPEFramework::Core::ProcessInfo", "scopeKind": "class"}, {"_type": "tag", "name": "Previous", "path": "/home/kavia/workspace/code-generation/app-gateway2/__import__/extracted/app-gateway2-cga-cmf8e7ba8d/dependencies/install/include/WPEFramework/core/ProcessInfo.h", "pattern": "/^            bool Previous()$/", "language": "C++", "typeref": "typename:bool", "kind": "function", "signature": "()", "scope": "WPEFramework::Core::ProcessInfo::Iterator", "scopeKind": "class"}, {"_type": "tag", "name": "Priority", "path": "/home/kavia/workspace/code-generation/app-gateway2/__import__/extracted/app-gateway2-cga-cmf8e7ba8d/dependencies/install/include/WPEFramework/core/ProcessInfo.h", "pattern": "/^        inline int8_t Priority() const$/", "language": "C++", "typeref": "typename:int8_t", "kind": "function", "signature": "() const", "scope": "WPEFramework::Core::ProcessInfo", "scopeKind": "class"}, {"_type": "tag", "name": "Priority", "path": "/home/kavia/workspace/code-generation/app-gateway2/__import__/extracted/app-gateway2-cga-cmf8e7ba8d/dependencies/install/include/WPEFramework/core/ProcessInfo.h", "pattern": "/^        inline void Priority(const int8_t priority)$/", "language": "C++", "typeref": "typename:void", "kind": "function", "signature": "(const int8_t priority)", "scope": "WPEFramework::Core::ProcessInfo", "scopeKind": "class"}, {"_type": "tag", "name": "ProcessCurrent", "path": "/home/kavia/workspace/code-generation/app-gateway2/__import__/extracted/app-gateway2-cga-cmf8e7ba8d/dependencies/install/include/WPEFramework/core/ProcessInfo.h", "pattern": "/^        ProcessCurrent()$/", "language": "C++", "kind": "function", "signature": "()", "scope": "WPEFramework::Core::ProcessCurrent", "scopeKind": "class"}, {"_type": "tag", "name": "ProcessCurrent", "path": "/home/kavia/workspace/code-generation/app-gateway2/__import__/extracted/app-gateway2-cga-cmf8e7ba8d/dependencies/install/include/WPEFramework/core/ProcessInfo.h", "pattern": "/^    class EXTERNAL ProcessCurrent : public ProcessInfo {$/", "language": "C++", "kind": "class", "scope": "WPEFramework::Core", "scopeKind": "namespace"}, {"_type": "tag", "name": "ProcessInfo", "path": "/home/kavia/workspace/code-generation/app-gateway2/__import__/extracted/app-gateway2-cga-cmf8e7ba8d/dependencies/install/include/WPEFramework/core/ProcessInfo.h", "pattern": "/^    class EXTERNAL ProcessInfo {$/", "language": "C++", "kind": "class", "scope": "WPEFramework::Core", "scopeKind": "namespace"}, {"_type": "tag", "name": "ProcessTree", "path": "/home/kavia/workspace/code-generation/app-gateway2/__import__/extracted/app-gateway2-cga-cmf8e7ba8d/dependencies/install/include/WPEFramework/core/ProcessInfo.h", "pattern": "/^    class EXTERNAL ProcessTree {$/", "language": "C++", "kind": "class", "scope": "WPEFramework::Core", "scopeKind": "namespace"}, {"_type": "tag", "name": "ROUNDROBIN", "path": "/home/kavia/workspace/code-generation/app-gateway2/__import__/extracted/app-gateway2-cga-cmf8e7ba8d/dependencies/install/include/WPEFramework/core/ProcessInfo.h", "pattern": "/^            ROUNDROBIN,$/", "language": "C++", "kind": "enumerator", "scope": "WPEFramework::Core::ProcessInfo::scheduler", "scopeKind": "enum"}, {"_type": "tag", "name": "RSS", "path": "/home/kavia/workspace/code-generation/app-gateway2/__import__/extracted/app-gateway2-cga-cmf8e7ba8d/dependencies/install/include/WPEFramework/core/ProcessInfo.h", "pattern": "/^            inline uint64_t RSS() const$/", "language": "C++", "typeref": "typename:uint64_t", "kind": "function", "signature": "() const", "scope": "WPEFramework::Core::ProcessInfo::Memory", "scopeKind": "class"}, {"_type": "tag", "name": "RSS", "path": "/home/kavia/workspace/code-generation/app-gateway2/__import__/extracted/app-gateway2-cga-cmf8e7ba8d/dependencies/install/include/WPEFramework/core/ProcessInfo.h", "pattern": "/^        inline uint64_t RSS() const$/", "language": "C++", "typeref": "typename:uint64_t", "kind": "function", "signature": "() const", "scope": "WPEFramework::Core::ProcessInfo", "scopeKind": "class"}, {"_type": "tag", "name": "Reset", "path": "/home/kavia/workspace/code-generation/app-gateway2/__import__/extracted/app-gateway2-cga-cmf8e7ba8d/dependencies/install/include/WPEFramework/core/ProcessInfo.h", "pattern": "/^            inline void Reset(bool start = true)$/", "language": "C++", "typeref": "typename:void", "kind": "function", "signature": "(bool start=true)", "scope": "WPEFramework::Core::ProcessInfo::Iterator", "scopeKind": "class"}, {"_type": "tag", "name": "Shared", "path": "/home/kavia/workspace/code-generation/app-gateway2/__import__/extracted/app-gateway2-cga-cmf8e7ba8d/dependencies/install/include/WPEFramework/core/ProcessInfo.h", "pattern": "/^            inline uint64_t Shared() const$/", "language": "C++", "typeref": "typename:uint64_t", "kind": "function", "signature": "() const", "scope": "WPEFramework::Core::ProcessInfo::Memory", "scopeKind": "class"}, {"_type": "tag", "name": "USS", "path": "/home/kavia/workspace/code-generation/app-gateway2/__import__/extracted/app-gateway2-cga-cmf8e7ba8d/dependencies/install/include/WPEFramework/core/ProcessInfo.h", "pattern": "/^            inline uint64_t USS() const$/", "language": "C++", "typeref": "typename:uint64_t", "kind": "function", "signature": "() const", "scope": "WPEFramework::Core::ProcessInfo::Memory", "scopeKind": "class"}, {"_type": "tag", "name": "USS", "path": "/home/kavia/workspace/code-generation/app-gateway2/__import__/extracted/app-gateway2-cga-cmf8e7ba8d/dependencies/install/include/WPEFramework/core/ProcessInfo.h", "pattern": "/^        inline uint64_t USS() const$/", "language": "C++", "typeref": "typename:uint64_t", "kind": "function", "signature": "() const", "scope": "WPEFramework::Core::ProcessInfo", "scopeKind": "class"}, {"_type": "tag", "name": "VSS", "path": "/home/kavia/workspace/code-generation/app-gateway2/__import__/extracted/app-gateway2-cga-cmf8e7ba8d/dependencies/install/include/WPEFramework/core/ProcessInfo.h", "pattern": "/^            inline uint64_t VSS() const$/", "language": "C++", "typeref": "typename:uint64_t", "kind": "function", "signature": "() const", "scope": "WPEFramework::Core::ProcessInfo::Memory", "scopeKind": "class"}, {"_type": "tag", "name": "VSS", "path": "/home/kavia/workspace/code-generation/app-gateway2/__import__/extracted/app-gateway2-cga-cmf8e7ba8d/dependencies/install/include/WPEFramework/core/ProcessInfo.h", "pattern": "/^        inline uint64_t VSS() const$/", "language": "C++", "typeref": "typename:uint64_t", "kind": "function", "signature": "() const", "scope": "WPEFramework::Core::ProcessInfo", "scopeKind": "class"}, {"_type": "tag", "name": "WPEFramework", "path": "/home/kavia/workspace/code-generation/app-gateway2/__import__/extracted/app-gateway2-cga-cmf8e7ba8d/dependencies/install/include/WPEFramework/core/ProcessInfo.h", "pattern": "/^namespace WPEFramework {$/", "language": "C++", "kind": "namespace"}, {"_type": "tag", "name": "_current", "path": "/home/kavia/workspace/code-generation/app-gateway2/__import__/extracted/app-gateway2-cga-cmf8e7ba8d/dependencies/install/include/WPEFramework/core/ProcessInfo.h", "pattern": "/^            std::list<process_t>::iterator _current;$/", "language": "C++", "typeref": "typename:std::list<process_t>::iterator", "kind": "member", "scope": "WPEFramework::Core::ProcessInfo::Iterator", "scopeKind": "class"}, {"_type": "tag", "name": "_handle", "path": "/home/kavia/workspace/code-generation/app-gateway2/__import__/extracted/app-gateway2-cga-cmf8e7ba8d/dependencies/install/include/WPEFramework/core/ProcessInfo.h", "pattern": "/^        HANDLE _handle;$/", "language": "C++", "typeref": "typename:HANDLE", "kind": "member", "scope": "WPEFramework::Core::ProcessInfo", "scopeKind": "class"}, {"_type": "tag", "name": "_index", "path": "/home/kavia/workspace/code-generation/app-gateway2/__import__/extracted/app-gateway2-cga-cmf8e7ba8d/dependencies/install/include/WPEFramework/core/ProcessInfo.h", "pattern": "/^            uint32_t _index;$/", "language": "C++", "typeref": "typename:uint32_t", "kind": "member", "scope": "WPEFramework::Core::ProcessInfo::Iterator", "scopeKind": "class"}, {"_type": "tag", "name": "_memory", "path": "/home/kavia/workspace/code-generation/app-gateway2/__import__/extracted/app-gateway2-cga-cmf8e7ba8d/dependencies/install/include/WPEFramework/core/ProcessInfo.h", "pattern": "/^        mutable Memory _memory;$/", "language": "C++", "typeref": "typename:Memory", "kind": "member", "scope": "WPEFramework::Core::ProcessInfo", "scopeKind": "class"}, {"_type": "tag", "name": "_pid", "path": "/home/kavia/workspace/code-generation/app-gateway2/__import__/extracted/app-gateway2-cga-cmf8e7ba8d/dependencies/install/include/WPEFramework/core/ProcessInfo.h", "pattern": "/^            process_t _pid;$/", "language": "C++", "typeref": "typename:process_t", "kind": "member", "scope": "WPEFramework::Core::ProcessInfo::Memory", "scopeKind": "class"}, {"_type": "tag", "name": "_pid", "path": "/home/kavia/workspace/code-generation/app-gateway2/__import__/extracted/app-gateway2-cga-cmf8e7ba8d/dependencies/install/include/WPEFramework/core/ProcessInfo.h", "pattern": "/^        process_t _pid;$/", "language": "C++", "typeref": "typename:process_t", "kind": "member", "scope": "WPEFramework::Core::ProcessInfo", "scopeKind": "class"}, {"_type": "tag", "name": "_pids", "path": "/home/kavia/workspace/code-generation/app-gateway2/__import__/extracted/app-gateway2-cga-cmf8e7ba8d/dependencies/install/include/WPEFramework/core/ProcessInfo.h", "pattern": "/^            std::list<process_t> _pids;$/", "language": "C++", "typeref": "typename:std::list<process_t>", "kind": "member", "scope": "WPEFramework::Core::ProcessInfo::Iterator", "scopeKind": "class"}, {"_type": "tag", "name": "_processes", "path": "/home/kavia/workspace/code-generation/app-gateway2/__import__/extracted/app-gateway2-cga-cmf8e7ba8d/dependencies/install/include/WPEFramework/core/ProcessInfo.h", "pattern": "/^        std::list<ProcessInfo> _processes;$/", "language": "C++", "typeref": "typename:std::list<ProcessInfo>", "kind": "member", "scope": "WPEFramework::Core::ProcessTree", "scopeKind": "class"}, {"_type": "tag", "name": "_pss", "path": "/home/kavia/workspace/code-generation/app-gateway2/__import__/extracted/app-gateway2-cga-cmf8e7ba8d/dependencies/install/include/WPEFramework/core/ProcessInfo.h", "pattern": "/^            uint64_t _pss;$/", "language": "C++", "typeref": "typename:uint64_t", "kind": "member", "scope": "WPEFramework::Core::ProcessInfo::Memory", "scopeKind": "class"}, {"_type": "tag", "name": "_rss", "path": "/home/kavia/workspace/code-generation/app-gateway2/__import__/extracted/app-gateway2-cga-cmf8e7ba8d/dependencies/install/include/WPEFramework/core/ProcessInfo.h", "pattern": "/^            uint64_t _rss;$/", "language": "C++", "typeref": "typename:uint64_t", "kind": "member", "scope": "WPEFramework::Core::ProcessInfo::Memory", "scopeKind": "class"}, {"_type": "tag", "name": "_shared", "path": "/home/kavia/workspace/code-generation/app-gateway2/__import__/extracted/app-gateway2-cga-cmf8e7ba8d/dependencies/install/include/WPEFramework/core/ProcessInfo.h", "pattern": "/^            uint64_t _shared;$/", "language": "C++", "typeref": "typename:uint64_t", "kind": "member", "scope": "WPEFramework::Core::ProcessInfo::Memory", "scopeKind": "class"}, {"_type": "tag", "name": "_uss", "path": "/home/kavia/workspace/code-generation/app-gateway2/__import__/extracted/app-gateway2-cga-cmf8e7ba8d/dependencies/install/include/WPEFramework/core/ProcessInfo.h", "pattern": "/^            uint64_t _uss;$/", "language": "C++", "typeref": "typename:uint64_t", "kind": "member", "scope": "WPEFramework::Core::ProcessInfo::Memory", "scopeKind": "class"}, {"_type": "tag", "name": "_vss", "path": "/home/kavia/workspace/code-generation/app-gateway2/__import__/extracted/app-gateway2-cga-cmf8e7ba8d/dependencies/install/include/WPEFramework/core/ProcessInfo.h", "pattern": "/^            uint64_t _vss;$/", "language": "C++", "typeref": "typename:uint64_t", "kind": "member", "scope": "WPEFramework::Core::ProcessInfo::Memory", "scopeKind": "class"}, {"_type": "tag", "name": "operator =", "path": "/home/kavia/workspace/code-generation/app-gateway2/__import__/extracted/app-gateway2-cga-cmf8e7ba8d/dependencies/install/include/WPEFramework/core/ProcessInfo.h", "pattern": "/^            Iterator& operator=(const Iterator& RHS)$/", "language": "C++", "typeref": "typename:Iterator &", "kind": "function", "signature": "(const Iterator & RHS)", "scope": "WPEFramework::Core::ProcessInfo::Iterator", "scopeKind": "class"}, {"_type": "tag", "name": "process_t", "path": "/home/kavia/workspace/code-generation/app-gateway2/__import__/extracted/app-gateway2-cga-cmf8e7ba8d/dependencies/install/include/WPEFramework/core/ProcessInfo.h", "pattern": "/^    using process_t = uint32_t;$/", "language": "C++", "typeref": "typename:uint32_t", "kind": "typedef", "scope": "WPEFramework::Core", "scopeKind": "namespace"}, {"_type": "tag", "name": "scheduler", "path": "/home/kavia/workspace/code-generation/app-gateway2/__import__/extracted/app-gateway2-cga-cmf8e7ba8d/dependencies/install/include/WPEFramework/core/ProcessInfo.h", "pattern": "/^        enum scheduler {$/", "language": "C++", "kind": "enum", "scope": "WPEFramework::Core::ProcessInfo", "scopeKind": "class"}, {"_type": "tag", "name": "~Iterator", "path": "/home/kavia/workspace/code-generation/app-gateway2/__import__/extracted/app-gateway2-cga-cmf8e7ba8d/dependencies/install/include/WPEFramework/core/ProcessInfo.h", "pattern": "/^            ~Iterator()$/", "language": "C++", "kind": "function", "signature": "()", "scope": "WPEFramework::Core::ProcessInfo::Iterator", "scopeKind": "class"}], "hash": "2c06829694a18801d1f819dbbcac8927", "format-version": 4, "code-base-name": "app-gateway2", "filename": "__import__/extracted/app-gateway2-cga-cmf8e7ba8d/dependencies/install/include/WPEFramework/core/ProcessInfo.h", "fields": [{"name": "std::list<process_t>::iterator _current", "scope": "WPEFramework::Core::ProcessInfo::Iterator", "scopeKind": "class", "description": "unavailable"}, {"name": "HANDLE _handle", "scope": "WPEFramework::Core::ProcessInfo", "scopeKind": "class", "description": "unavailable"}, {"name": "uint32_t _index", "scope": "WPEFramework::Core::ProcessInfo::Iterator", "scopeKind": "class", "description": "unavailable"}, {"name": "Memory _memory", "scope": "WPEFramework::Core::ProcessInfo", "scopeKind": "class", "description": "unavailable"}, {"name": "process_t _pid", "scope": "WPEFramework::Core::ProcessInfo::Memory", "scopeKind": "class", "description": "unavailable"}, {"name": "std::list<process_t> _pids", "scope": "WPEFramework::Core::ProcessInfo::Iterator", "scopeKind": "class", "description": "unavailable"}, {"name": "std::list<ProcessInfo> _processes", "scope": "WPEFramework::Core::ProcessTree", "scopeKind": "class", "description": "unavailable"}, {"name": "uint64_t _pss", "scope": "WPEFramework::Core::ProcessInfo::Memory", "scopeKind": "class", "description": "unavailable"}, {"name": "uint64_t _rss", "scope": "WPEFramework::Core::ProcessInfo::Memory", "scopeKind": "class", "description": "unavailable"}, {"name": "uint64_t _shared", "scope": "WPEFramework::Core::ProcessInfo::Memory", "scopeKind": "class", "description": "unavailable"}, {"name": "uint64_t _uss", "scope": "WPEFramework::Core::ProcessInfo::Memory", "scopeKind": "class", "description": "unavailable"}, {"name": "uint64_t _vss", "scope": "WPEFramework::Core::ProcessInfo::Memory", "scopeKind": "class", "description": "unavailable"}], "revision_history": [{"16269": "0f87a35b32215bc8547fb583d6c84bd51f603f69"}]}