{"is_source_file": true, "format": "C++ header", "description": "This file defines a template interface for an iterator type within the WPEFramework RPC namespace. It declares virtual methods for advancing, resetting, and querying an iterator over elements of a specified type.", "external_files": ["<core/core.h>"], "external_methods": [], "published": ["WPEFramework::RPC::IIteratorType"], "classes": [{"name": "IIteratorType", "description": "A template interface for an iterator over elements of type ELEMENT, with methods to navigate and query the iterator state."}], "methods": [{"name": "Next", "description": "Advances the iterator to the next element, outputting it via the reference parameter."}, {"name": "Previous", "description": "Moves the iterator to the previous element, outputting it via the reference parameter."}, {"name": "Reset", "description": "Resets the iterator to a specified position."}, {"name": "IsValid", "description": "Checks whether the current position of the iterator is valid."}, {"name": "Count", "description": "Returns the total number of elements."}, {"name": "Current", "description": "Retrieves the current element the iterator points to."}], "calls": [], "search-terms": ["IIteratorType", "iterator interface", "template iterator", "RPC", "com/IIteratorType.h"], "state": 2, "file_id": 1347, "knowledge_revision": 3967, "git_revision": "0f87a35b32215bc8547fb583d6c84bd51f603f69", "ctags": [{"_type": "tag", "name": "Element", "path": "/home/kavia/workspace/code-generation/app-gateway2/__import__/extracted/app-gateway2-cga-cmf8e7ba8d/dependencies/install/include/WPEFramework/com/IIteratorType.h", "pattern": "/^        typedef ELEMENT Element;$/", "language": "C++", "typeref": "typename:ELEMENT", "kind": "typedef", "scope": "WPEFramework::RPC::IIteratorType", "scopeKind": "struct"}, {"_type": "tag", "name": "ID", "path": "/home/kavia/workspace/code-generation/app-gateway2/__import__/extracted/app-gateway2-cga-cmf8e7ba8d/dependencies/install/include/WPEFramework/com/IIteratorType.h", "pattern": "/^        enum { ID = INTERFACE_ID };$/", "language": "C++", "kind": "enumerator", "scope": "WPEFramework::RPC::IIteratorType::__anon266fa2420103", "scopeKind": "enum"}, {"_type": "tag", "name": "IIteratorType", "path": "/home/kavia/workspace/code-generation/app-gateway2/__import__/extracted/app-gateway2-cga-cmf8e7ba8d/dependencies/install/include/WPEFramework/com/IIteratorType.h", "pattern": "/^    struct IIteratorType : virtual public Core::IUnknown {$/", "language": "C++", "kind": "struct", "scope": "WPEFramework::RPC", "scopeKind": "namespace"}, {"_type": "tag", "name": "RPC", "path": "/home/kavia/workspace/code-generation/app-gateway2/__import__/extracted/app-gateway2-cga-cmf8e7ba8d/dependencies/install/include/WPEFramework/com/IIteratorType.h", "pattern": "/^namespace RPC {$/", "language": "C++", "kind": "namespace", "scope": "WPEFramework", "scopeKind": "namespace"}, {"_type": "tag", "name": "WPEFramework", "path": "/home/kavia/workspace/code-generation/app-gateway2/__import__/extracted/app-gateway2-cga-cmf8e7ba8d/dependencies/install/include/WPEFramework/com/IIteratorType.h", "pattern": "/^namespace WPEFramework {$/", "language": "C++", "kind": "namespace"}, {"_type": "tag", "name": "__anon266fa2420103", "path": "/home/kavia/workspace/code-generation/app-gateway2/__import__/extracted/app-gateway2-cga-cmf8e7ba8d/dependencies/install/include/WPEFramework/com/IIteratorType.h", "pattern": "/^        enum { ID = INTERFACE_ID };$/", "language": "C++", "kind": "enum", "scope": "WPEFramework::RPC::IIteratorType", "scopeKind": "struct"}], "hash": "6298ffc541dbd52166b4324909ee8e90", "format-version": 4, "code-base-name": "app-gateway2", "filename": "__import__/extracted/app-gateway2-cga-cmf8e7ba8d/dependencies/install/include/WPEFramework/com/IIteratorType.h", "revision_history": [{"3967": "0f87a35b32215bc8547fb583d6c84bd51f603f69"}]}