{"is_source_file": true, "format": "C++", "description": "This is a C++ source file named AppGateway.cpp that appears to be part of a plugin for the WPEFramework. It likely contains implementation details for the AppGateway functionality within the plugin system.", "external_files": ["/home/kavia/workspace/code-generation/app-gateway2/plugin/AppGateway/AppGatewayImplementation.cpp", "/home/kavia/workspace/code-generation/app-gateway2/plugin/AppGateway/AppGatewayResponderImplementation.cpp", "/home/kavia/workspace/code-generation/app-gateway2/plugin/AppGateway/Resolver.cpp", "/home/kavia/workspace/code-generation/app-gateway2/plugin/AppGateway/Module.cpp"], "external_methods": [], "published": ["AppGateway"], "classes": [], "methods": [], "calls": ["/usr/bin/c++", "gcc", "g++"], "search-terms": ["AppGateway.cpp", "plugin", "AppGateway", "WPEFramework", "build"], "state": 2, "file_id": 9368, "knowledge_revision": 19040, "git_revision": "f4f172e4d083a98a5dcf8e78ee2c9f4318039bd0", "hash": "9e0c7c0c3d225af4a51ff72a1f6dd032", "format-version": 4, "code-base-name": "app-gateway2", "filename": "build/plugin_appgateway_20260106_071321_cxx11/compile_commands.json", "revision_history": [{"19040": "f4f172e4d083a98a5dcf8e78ee2c9f4318039bd0"}]}