{"is_source_file": true, "format": "C++", "description": "This file is a compilation command database (build/compile_commands.json) that records build commands and dependencies for C++ source files in the project. It is used by IDEs and tooling to understand the build process, file locations, include paths, and compiler flags for the project.", "external_files": ["/home/kavia/workspace/code-generation/app-gateway2/plugin/AppGateway/AppGateway.cpp", "/home/kavia/workspace/code-generation/app-gateway2/plugin/AppGateway/AppGatewayImplementation.cpp", "/home/kavia/workspace/code-generation/app-gateway2/plugin/AppGateway/AppGatewayResponderImplementation.cpp", "/home/kavia/workspace/code-generation/app-gateway2/plugin/AppGateway/Resolver.cpp", "/home/kavia/workspace/code-generation/app-gateway2/plugin/AppGateway/Module.cpp"], "external_methods": [], "published": [], "classes": [], "methods": [], "calls": ["/usr/bin/c++", "c++"], "search-terms": ["compile_commands", "build database", "C++", "project build", "file dependencies"], "state": 2, "file_id": 9478, "knowledge_revision": 19152, "git_revision": "a019ef1ecf9043a6387775f8d60762f619f4c761", "hash": "2345c6ca264f0b44ef6b83ac60ca9b82", "format-version": 4, "code-base-name": "app-gateway2", "filename": "build/plugin_appgateway_20260106_062503_cxx11/compile_commands.json", "revision_history": [{"19152": "a019ef1ecf9043a6387775f8d60762f619f4c761"}]}