{"is_source_file": true, "format": "C++ (C++11 standard)", "description": "This file is a compile_commands.json which contains compilation commands and metadata for multiple C++ source files in the project. It describes the build process, including include paths, compiler options, and source files involved in the build of the app-gateway plugin.", "external_files": ["/home/kavia/workspace/code-generation/app-gateway2/plugin/AppGateway/AppGateway.cpp", "/home/kavia/workspace/code-generation/app-gateway2/plugin/AppGateway/AppGatewayImplementation.cpp", "/home/kavia/workspace/code-generation/app-gateway2/plugin/AppGateway/AppGatewayResponderImplementation.cpp", "/home/kavia/workspace/code-generation/app-gateway2/plugin/AppGateway/Resolver.cpp", "/home/kavia/workspace/code-generation/app-gateway2/plugin/AppGateway/Module.cpp"], "external_methods": [], "published": [], "classes": [], "methods": [], "calls": ["/usr/bin/c++", "c++ -DAPPGATEWAY_MAJOR_VERSION=1 ... (compilation commands)"], "search-terms": ["compile_commands", "AppGateway", "build plugin", "CMakeFiles", "WPEFrameworkAppGateway"], "state": 2, "file_id": 8765, "knowledge_revision": 17890, "git_revision": "2356d7fcff3b951ddbdf048ed946be5b3f0fa63a", "hash": "f7e3e9b8536fb8a6e92b2c3d77462b44", "format-version": 4, "code-base-name": "app-gateway2", "filename": "build/plugin_appgateway_20260105_062047_cxx17/compile_commands.json", "revision_history": [{"17890": "2356d7fcff3b951ddbdf048ed946be5b3f0fa63a"}]}