{"is_source_file": true, "format": "C++", "description": "This source file appears to be 'AppGateway.cpp', which is part of the 'AppGateway' plugin in the project. It likely contains implementation code related to the plugin's core functionality.", "external_files": ["AppGatewayImplementation.cpp", "AppGatewayResponderImplementation.cpp", "Resolver.cpp", "Module.cpp"], "external_methods": [], "published": [], "classes": [], "methods": [], "calls": ["/usr/bin/c++"], "search-terms": ["AppGateway", "AppGateway.cpp", "build/plugin_appgateway"], "state": 2, "file_id": 8552, "knowledge_revision": 17679, "git_revision": "b38e8a05861c17ad811aa2a3a46d54a7d3481526", "hash": "39e97ef250025d7df13951a59ac48989", "format-version": 4, "code-base-name": "app-gateway2", "filename": "build/plugin_appgateway_20260105_062254_cxx14/compile_commands.json", "revision_history": [{"17679": "b38e8a05861c17ad811aa2a3a46d54a7d3481526"}]}