{"is_source_file": true, "format": "C++", "description": "This file appears to be a C++ source file used for compiler identification within a build process, specifically CMake's compiler identification code. It contains macros for detecting compiler types, versions, and platform info, and has a main function that references various info strings.", "external_files": [], "external_methods": [], "published": [], "classes": [], "methods": [{"name": "int main(int argc,char * argv[])", "description": "Entry point of the compiler identification source file, which accesses various informational string constants.", "scope": "", "scopeKind": ""}], "calls": ["info_compiler", "info_platform", "info_arch", "info_version", "info_version_internal", "info_simulate", "info_simulate_version", "info_cray", "info_language_standard_default", "info_language_extensions_default"], "search-terms": ["CMakeCXXCompilerId.cpp", "compiler detection", "build system source", "platform info", "compiler version macros"], "state": 2, "file_id": 8582, "knowledge_revision": 17717, "git_revision": "19406654e584788ebc4b1951fab81ee0e8b1cdef", "ctags": [{"_type": "tag", "name": "ARCHITECTURE_ID", "path": "/home/kavia/workspace/code-generation/app-gateway2/build/plugin_appgateway_retry_17/CMakeFiles/3.28.3/CompilerIdCXX/CMakeCXXCompilerId.cpp", "pattern": "/^#   define ARCHITECTURE_ID /", "file": true, "language": "C++", "kind": "macro"}, {"_type": "tag", "name": "ARCHITECTURE_ID", "path": "/home/kavia/workspace/code-generation/app-gateway2/build/plugin_appgateway_retry_17/CMakeFiles/3.28.3/CompilerIdCXX/CMakeCXXCompilerId.cpp", "pattern": "/^#  define ARCHITECTURE_ID /", "file": true, "language": "C++", "kind": "macro"}, {"_type": "tag", "name": "ARCHITECTURE_ID", "path": "/home/kavia/workspace/code-generation/app-gateway2/build/plugin_appgateway_retry_17/CMakeFiles/3.28.3/CompilerIdCXX/CMakeCXXCompilerId.cpp", "pattern": "/^#  define ARCHITECTURE_ID$/", "file": true, "language": "C++", "kind": "macro"}, {"_type": "tag", "name": "COMPILER_ID", "path": "/home/kavia/workspace/code-generation/app-gateway2/build/plugin_appgateway_retry_17/CMakeFiles/3.28.3/CompilerIdCXX/CMakeCXXCompilerId.cpp", "pattern": "/^# define COMPILER_ID /", "file": true, "language": "C++", "kind": "macro"}, {"_type": "tag", "name": "COMPILER_VERSION", "path": "/home/kavia/workspace/code-generation/app-gateway2/build/plugin_appgateway_retry_17/CMakeFiles/3.28.3/CompilerIdCXX/CMakeCXXCompilerId.cpp", "pattern": "/^#   define COMPILER_VERSION /", "file": true, "language": "C++", "kind": "macro"}, {"_type": "tag", "name": "COMPILER_VERSION_INTERNAL", "path": "/home/kavia/workspace/code-generation/app-gateway2/build/plugin_appgateway_retry_17/CMakeFiles/3.28.3/CompilerIdCXX/CMakeCXXCompilerId.cpp", "pattern": "/^#   define COMPILER_VERSION_INTERNAL /", "file": true, "language": "C++", "kind": "macro"}, {"_type": "tag", "name": "COMPILER_VERSION_INTERNAL", "path": "/home/kavia/workspace/code-generation/app-gateway2/build/plugin_appgateway_retry_17/CMakeFiles/3.28.3/CompilerIdCXX/CMakeCXXCompilerId.cpp", "pattern": "/^#  define COMPILER_VERSION_INTERNAL /", "file": true, "language": "C++", "kind": "macro"}, {"_type": "tag", "name": "COMPILER_VERSION_INTERNAL", "path": "/home/kavia/workspace/code-generation/app-gateway2/build/plugin_appgateway_retry_17/CMakeFiles/3.28.3/CompilerIdCXX/CMakeCXXCompilerId.cpp", "pattern": "/^# define COMPILER_VERSION_INTERNAL /", "file": true, "language": "C++", "kind": "macro"}, {"_type": "tag", "name": "COMPILER_VERSION_INTERNAL_STR", "path": "/home/kavia/workspace/code-generation/app-gateway2/build/plugin_appgateway_retry_17/CMakeFiles/3.28.3/CompilerIdCXX/CMakeCXXCompilerId.cpp", "pattern": "/^# define COMPILER_VERSION_INTERNAL_STR /", "file": true, "language": "C++", "kind": "macro"}, {"_type": "tag", "name": "COMPILER_VERSION_MAJOR", "path": "/home/kavia/workspace/code-generation/app-gateway2/build/plugin_appgateway_retry_17/CMakeFiles/3.28.3/CompilerIdCXX/CMakeCXXCompilerId.cpp", "pattern": "/^  # define COMPILER_VERSION_MAJOR /", "file": true, "language": "C++", "kind": "macro"}, {"_type": "tag", "name": "COMPILER_VERSION_MAJOR", "path": "/home/kavia/workspace/code-generation/app-gateway2/build/plugin_appgateway_retry_17/CMakeFiles/3.28.3/CompilerIdCXX/CMakeCXXCompilerId.cpp", "pattern": "/^#   define COMPILER_VERSION_MAJOR /", "file": true, "language": "C++", "kind": "macro"}, {"_type": "tag", "name": "COMPILER_VERSION_MAJOR", "path": "/home/kavia/workspace/code-generation/app-gateway2/build/plugin_appgateway_retry_17/CMakeFiles/3.28.3/CompilerIdCXX/CMakeCXXCompilerId.cpp", "pattern": "/^#  define COMPILER_VERSION_MAJOR /", "file": true, "language": "C++", "kind": "macro"}, {"_type": "tag", "name": "COMPILER_VERSION_MAJOR", "path": "/home/kavia/workspace/code-generation/app-gateway2/build/plugin_appgateway_retry_17/CMakeFiles/3.28.3/CompilerIdCXX/CMakeCXXCompilerId.cpp", "pattern": "/^# define COMPILER_VERSION_MAJOR /", "file": true, "language": "C++", "kind": "macro"}, {"_type": "tag", "name": "COMPILER_VERSION_MINOR", "path": "/home/kavia/workspace/code-generation/app-gateway2/build/plugin_appgateway_retry_17/CMakeFiles/3.28.3/CompilerIdCXX/CMakeCXXCompilerId.cpp", "pattern": "/^  # define COMPILER_VERSION_MINOR /", "file": true, "language": "C++", "kind": "macro"}, {"_type": "tag", "name": "COMPILER_VERSION_MINOR", "path": "/home/kavia/workspace/code-generation/app-gateway2/build/plugin_appgateway_retry_17/CMakeFiles/3.28.3/CompilerIdCXX/CMakeCXXCompilerId.cpp", "pattern": "/^#   define COMPILER_VERSION_MINOR /", "file": true, "language": "C++", "kind": "macro"}, {"_type": "tag", "name": "COMPILER_VERSION_MINOR", "path": "/home/kavia/workspace/code-generation/app-gateway2/build/plugin_appgateway_retry_17/CMakeFiles/3.28.3/CompilerIdCXX/CMakeCXXCompilerId.cpp", "pattern": "/^#  define COMPILER_VERSION_MINOR /", "file": true, "language": "C++", "kind": "macro"}, {"_type": "tag", "name": "COMPILER_VERSION_MINOR", "path": "/home/kavia/workspace/code-generation/app-gateway2/build/plugin_appgateway_retry_17/CMakeFiles/3.28.3/CompilerIdCXX/CMakeCXXCompilerId.cpp", "pattern": "/^# define COMPILER_VERSION_MINOR /", "file": true, "language": "C++", "kind": "macro"}, {"_type": "tag", "name": "COMPILER_VERSION_PATCH", "path": "/home/kavia/workspace/code-generation/app-gateway2/build/plugin_appgateway_retry_17/CMakeFiles/3.28.3/CompilerIdCXX/CMakeCXXCompilerId.cpp", "pattern": "/^  # define COMPILER_VERSION_PATCH /", "file": true, "language": "C++", "kind": "macro"}, {"_type": "tag", "name": "COMPILER_VERSION_PATCH", "path": "/home/kavia/workspace/code-generation/app-gateway2/build/plugin_appgateway_retry_17/CMakeFiles/3.28.3/CompilerIdCXX/CMakeCXXCompilerId.cpp", "pattern": "/^#   define COMPILER_VERSION_PATCH /", "file": true, "language": "C++", "kind": "macro"}, {"_type": "tag", "name": "COMPILER_VERSION_PATCH", "path": "/home/kavia/workspace/code-generation/app-gateway2/build/plugin_appgateway_retry_17/CMakeFiles/3.28.3/CompilerIdCXX/CMakeCXXCompilerId.cpp", "pattern": "/^#  define COMPILER_VERSION_PATCH /", "file": true, "language": "C++", "kind": "macro"}, {"_type": "tag", "name": "COMPILER_VERSION_PATCH", "path": "/home/kavia/workspace/code-generation/app-gateway2/build/plugin_appgateway_retry_17/CMakeFiles/3.28.3/CompilerIdCXX/CMakeCXXCompilerId.cpp", "pattern": "/^# define COMPILER_VERSION_PATCH /", "file": true, "language": "C++", "kind": "macro"}, {"_type": "tag", "name": "COMPILER_VERSION_TWEAK", "path": "/home/kavia/workspace/code-generation/app-gateway2/build/plugin_appgateway_retry_17/CMakeFiles/3.28.3/CompilerIdCXX/CMakeCXXCompilerId.cpp", "pattern": "/^#  define COMPILER_VERSION_TWEAK /", "file": true, "language": "C++", "kind": "macro"}, {"_type": "tag", "name": "COMPILER_VERSION_TWEAK", "path": "/home/kavia/workspace/code-generation/app-gateway2/build/plugin_appgateway_retry_17/CMakeFiles/3.28.3/CompilerIdCXX/CMakeCXXCompilerId.cpp", "pattern": "/^# define COMPILER_VERSION_TWEAK /", "file": true, "language": "C++", "kind": "macro"}, {"_type": "tag", "name": "CXX_STD", "path": "/home/kavia/workspace/code-generation/app-gateway2/build/plugin_appgateway_retry_17/CMakeFiles/3.28.3/CompilerIdCXX/CMakeCXXCompilerId.cpp", "pattern": "/^#      define CXX_STD /", "file": true, "language": "C++", "kind": "macro"}, {"_type": "tag", "name": "CXX_STD", "path": "/home/kavia/workspace/code-generation/app-gateway2/build/plugin_appgateway_retry_17/CMakeFiles/3.28.3/CompilerIdCXX/CMakeCXXCompilerId.cpp", "pattern": "/^#    define CXX_STD /", "file": true, "language": "C++", "kind": "macro"}, {"_type": "tag", "name": "CXX_STD", "path": "/home/kavia/workspace/code-generation/app-gateway2/build/plugin_appgateway_retry_17/CMakeFiles/3.28.3/CompilerIdCXX/CMakeCXXCompilerId.cpp", "pattern": "/^#  define CXX_STD /", "file": true, "language": "C++", "kind": "macro"}, {"_type": "tag", "name": "DEC", "path": "/home/kavia/workspace/code-generation/app-gateway2/build/plugin_appgateway_retry_17/CMakeFiles/3.28.3/CompilerIdCXX/CMakeCXXCompilerId.cpp", "pattern": "/^#define DEC(/", "file": true, "language": "C++", "kind": "macro", "signature": "(n)"}, {"_type": "tag", "name": "HEX", "path": "/home/kavia/workspace/code-generation/app-gateway2/build/plugin_appgateway_retry_17/CMakeFiles/3.28.3/CompilerIdCXX/CMakeCXXCompilerId.cpp", "pattern": "/^#define HEX(/", "file": true, "language": "C++", "kind": "macro", "signature": "(n)"}, {"_type": "tag", "name": "PLATFORM_ID", "path": "/home/kavia/workspace/code-generation/app-gateway2/build/plugin_appgateway_retry_17/CMakeFiles/3.28.3/CompilerIdCXX/CMakeCXXCompilerId.cpp", "pattern": "/^#  define PLATFORM_ID /", "file": true, "language": "C++", "kind": "macro"}, {"_type": "tag", "name": "PLATFORM_ID", "path": "/home/kavia/workspace/code-generation/app-gateway2/build/plugin_appgateway_retry_17/CMakeFiles/3.28.3/CompilerIdCXX/CMakeCXXCompilerId.cpp", "pattern": "/^#  define PLATFORM_ID$/", "file": true, "language": "C++", "kind": "macro"}, {"_type": "tag", "name": "PLATFORM_ID", "path": "/home/kavia/workspace/code-generation/app-gateway2/build/plugin_appgateway_retry_17/CMakeFiles/3.28.3/CompilerIdCXX/CMakeCXXCompilerId.cpp", "pattern": "/^# define PLATFORM_ID /", "file": true, "language": "C++", "kind": "macro"}, {"_type": "tag", "name": "PLATFORM_ID", "path": "/home/kavia/workspace/code-generation/app-gateway2/build/plugin_appgateway_retry_17/CMakeFiles/3.28.3/CompilerIdCXX/CMakeCXXCompilerId.cpp", "pattern": "/^# define PLATFORM_ID$/", "file": true, "language": "C++", "kind": "macro"}, {"_type": "tag", "name": "SIMULATE_ID", "path": "/home/kavia/workspace/code-generation/app-gateway2/build/plugin_appgateway_retry_17/CMakeFiles/3.28.3/CompilerIdCXX/CMakeCXXCompilerId.cpp", "pattern": "/^#  define SIMULATE_ID /", "file": true, "language": "C++", "kind": "macro"}, {"_type": "tag", "name": "SIMULATE_ID", "path": "/home/kavia/workspace/code-generation/app-gateway2/build/plugin_appgateway_retry_17/CMakeFiles/3.28.3/CompilerIdCXX/CMakeCXXCompilerId.cpp", "pattern": "/^# define SIMULATE_ID /", "file": true, "language": "C++", "kind": "macro"}, {"_type": "tag", "name": "SIMULATE_VERSION_MAJOR", "path": "/home/kavia/workspace/code-generation/app-gateway2/build/plugin_appgateway_retry_17/CMakeFiles/3.28.3/CompilerIdCXX/CMakeCXXCompilerId.cpp", "pattern": "/^#  define SIMULATE_VERSION_MAJOR /", "file": true, "language": "C++", "kind": "macro"}, {"_type": "tag", "name": "SIMULATE_VERSION_MAJOR", "path": "/home/kavia/workspace/code-generation/app-gateway2/build/plugin_appgateway_retry_17/CMakeFiles/3.28.3/CompilerIdCXX/CMakeCXXCompilerId.cpp", "pattern": "/^# define SIMULATE_VERSION_MAJOR /", "file": true, "language": "C++", "kind": "macro"}, {"_type": "tag", "name": "SIMULATE_VERSION_MINOR", "path": "/home/kavia/workspace/code-generation/app-gateway2/build/plugin_appgateway_retry_17/CMakeFiles/3.28.3/CompilerIdCXX/CMakeCXXCompilerId.cpp", "pattern": "/^#  define SIMULATE_VERSION_MINOR /", "file": true, "language": "C++", "kind": "macro"}, {"_type": "tag", "name": "SIMULATE_VERSION_MINOR", "path": "/home/kavia/workspace/code-generation/app-gateway2/build/plugin_appgateway_retry_17/CMakeFiles/3.28.3/CompilerIdCXX/CMakeCXXCompilerId.cpp", "pattern": "/^# define SIMULATE_VERSION_MINOR /", "file": true, "language": "C++", "kind": "macro"}, {"_type": "tag", "name": "SIMULATE_VERSION_PATCH", "path": "/home/kavia/workspace/code-generation/app-gateway2/build/plugin_appgateway_retry_17/CMakeFiles/3.28.3/CompilerIdCXX/CMakeCXXCompilerId.cpp", "pattern": "/^#   define SIMULATE_VERSION_PATCH /", "file": true, "language": "C++", "kind": "macro"}, {"_type": "tag", "name": "SIMULATE_VERSION_PATCH", "path": "/home/kavia/workspace/code-generation/app-gateway2/build/plugin_appgateway_retry_17/CMakeFiles/3.28.3/CompilerIdCXX/CMakeCXXCompilerId.cpp", "pattern": "/^#  define SIMULATE_VERSION_PATCH /", "file": true, "language": "C++", "kind": "macro"}, {"_type": "tag", "name": "SIMULATE_VERSION_PATCH", "path": "/home/kavia/workspace/code-generation/app-gateway2/build/plugin_appgateway_retry_17/CMakeFiles/3.28.3/CompilerIdCXX/CMakeCXXCompilerId.cpp", "pattern": "/^# define SIMULATE_VERSION_PATCH /", "file": true, "language": "C++", "kind": "macro"}, {"_type": "tag", "name": "STRINGIFY", "path": "/home/kavia/workspace/code-generation/app-gateway2/build/plugin_appgateway_retry_17/CMakeFiles/3.28.3/CompilerIdCXX/CMakeCXXCompilerId.cpp", "pattern": "/^#define STRINGIFY(/", "file": true, "language": "C++", "kind": "macro", "signature": "(X)"}, {"_type": "tag", "name": "STRINGIFY_HELPER", "path": "/home/kavia/workspace/code-generation/app-gateway2/build/plugin_appgateway_retry_17/CMakeFiles/3.28.3/CompilerIdCXX/CMakeCXXCompilerId.cpp", "pattern": "/^#define STRINGIFY_HELPER(/", "file": true, "language": "C++", "kind": "macro", "signature": "(X)"}, {"_type": "tag", "name": "__has_include", "path": "/home/kavia/workspace/code-generation/app-gateway2/build/plugin_appgateway_retry_17/CMakeFiles/3.28.3/CompilerIdCXX/CMakeCXXCompilerId.cpp", "pattern": "/^#  define __has_include(/", "file": true, "language": "C++", "kind": "macro", "signature": "(x)"}, {"_type": "tag", "name": "info_arch", "path": "/home/kavia/workspace/code-generation/app-gateway2/build/plugin_appgateway_retry_17/CMakeFiles/3.28.3/CompilerIdCXX/CMakeCXXCompilerId.cpp", "pattern": "/^char const* info_arch = \"INFO\" \":\" \"arch[\" ARCHITECTURE_ID \"]\";$/", "language": "C++", "typeref": "typename:char const *", "kind": "variable"}, {"_type": "tag", "name": "info_compiler", "path": "/home/kavia/workspace/code-generation/app-gateway2/build/plugin_appgateway_retry_17/CMakeFiles/3.28.3/CompilerIdCXX/CMakeCXXCompilerId.cpp", "pattern": "/^char const* info_compiler = \"INFO\" \":\" \"compiler[\" COMPILER_ID \"]\";$/", "language": "C++", "typeref": "typename:char const *", "kind": "variable"}, {"_type": "tag", "name": "info_cray", "path": "/home/kavia/workspace/code-generation/app-gateway2/build/plugin_appgateway_retry_17/CMakeFiles/3.28.3/CompilerIdCXX/CMakeCXXCompilerId.cpp", "pattern": "/^char const *info_cray = \"INFO\" \":\" \"compiler_wrapper[CrayPrgEnv]\";$/", "language": "C++", "typeref": "typename:char const *", "kind": "variable"}, {"_type": "tag", "name": "info_language_extensions_default", "path": "/home/kavia/workspace/code-generation/app-gateway2/build/plugin_appgateway_retry_17/CMakeFiles/3.28.3/CompilerIdCXX/CMakeCXXCompilerId.cpp", "pattern": "/^const char* info_language_extensions_default = \"INFO\" \":\" \"extensions_default[\"$/", "language": "C++", "typeref": "typename:const char *", "kind": "variable"}, {"_type": "tag", "name": "info_language_standard_default", "path": "/home/kavia/workspace/code-generation/app-gateway2/build/plugin_appgateway_retry_17/CMakeFiles/3.28.3/CompilerIdCXX/CMakeCXXCompilerId.cpp", "pattern": "/^const char* info_language_standard_default = \"INFO\" \":\" \"standard_default[\"$/", "language": "C++", "typeref": "typename:const char *", "kind": "variable"}, {"_type": "tag", "name": "info_platform", "path": "/home/kavia/workspace/code-generation/app-gateway2/build/plugin_appgateway_retry_17/CMakeFiles/3.28.3/CompilerIdCXX/CMakeCXXCompilerId.cpp", "pattern": "/^char const* info_platform = \"INFO\" \":\" \"platform[\" PLATFORM_ID \"]\";$/", "language": "C++", "typeref": "typename:char const *", "kind": "variable"}, {"_type": "tag", "name": "info_simulate", "path": "/home/kavia/workspace/code-generation/app-gateway2/build/plugin_appgateway_retry_17/CMakeFiles/3.28.3/CompilerIdCXX/CMakeCXXCompilerId.cpp", "pattern": "/^char const* info_simulate = \"INFO\" \":\" \"simulate[\" SIMULATE_ID \"]\";$/", "language": "C++", "typeref": "typename:char const *", "kind": "variable"}, {"_type": "tag", "name": "info_simulate_version", "path": "/home/kavia/workspace/code-generation/app-gateway2/build/plugin_appgateway_retry_17/CMakeFiles/3.28.3/CompilerIdCXX/CMakeCXXCompilerId.cpp", "pattern": "/^char const info_simulate_version[] = {$/", "language": "C++", "typeref": "typename:char const[]", "kind": "variable"}, {"_type": "tag", "name": "info_version", "path": "/home/kavia/workspace/code-generation/app-gateway2/build/plugin_appgateway_retry_17/CMakeFiles/3.28.3/CompilerIdCXX/CMakeCXXCompilerId.cpp", "pattern": "/^char const info_version[] = {$/", "language": "C++", "typeref": "typename:char const[]", "kind": "variable"}, {"_type": "tag", "name": "info_version", "path": "/home/kavia/workspace/code-generation/app-gateway2/build/plugin_appgateway_retry_17/CMakeFiles/3.28.3/CompilerIdCXX/CMakeCXXCompilerId.cpp", "pattern": "/^char const* info_version = \"INFO\" \":\" \"compiler_version[\" COMPILER_VERSION \"]\";$/", "language": "C++", "typeref": "typename:char const *", "kind": "variable"}, {"_type": "tag", "name": "info_version_internal", "path": "/home/kavia/workspace/code-generation/app-gateway2/build/plugin_appgateway_retry_17/CMakeFiles/3.28.3/CompilerIdCXX/CMakeCXXCompilerId.cpp", "pattern": "/^char const info_version_internal[] = {$/", "language": "C++", "typeref": "typename:char const[]", "kind": "variable"}, {"_type": "tag", "name": "info_version_internal", "path": "/home/kavia/workspace/code-generation/app-gateway2/build/plugin_appgateway_retry_17/CMakeFiles/3.28.3/CompilerIdCXX/CMakeCXXCompilerId.cpp", "pattern": "/^char const* info_version_internal = \"INFO\" \":\" \"compiler_version_internal[\" COMPILER_VERSION_INT/", "language": "C++", "typeref": "typename:char const *", "kind": "variable"}, {"_type": "tag", "name": "main", "path": "/home/kavia/workspace/code-generation/app-gateway2/build/plugin_appgateway_retry_17/CMakeFiles/3.28.3/CompilerIdCXX/CMakeCXXCompilerId.cpp", "pattern": "/^int main(int argc, char* argv[])$/", "language": "C++", "typeref": "typename:int", "kind": "function", "signature": "(int argc,char * argv[])"}, {"_type": "tag", "name": "qnxnto", "path": "/home/kavia/workspace/code-generation/app-gateway2/build/plugin_appgateway_retry_17/CMakeFiles/3.28.3/CompilerIdCXX/CMakeCXXCompilerId.cpp", "pattern": "/^char const* qnxnto = \"INFO\" \":\" \"qnxnto[]\";$/", "language": "C++", "typeref": "typename:char const *", "kind": "variable"}], "hash": "2158f47fcbe8ab9f8af9e8d824405249", "format-version": 4, "code-base-name": "app-gateway2", "filename": "build/plugin_appgateway_retry_17/CMakeFiles/3.28.3/CompilerIdCXX/CMakeCXXCompilerId.cpp", "fields": [{"name": "char const * info_arch", "scope": "", "scopeKind": "", "description": "unavailable"}, {"name": "char const * info_compiler", "scope": "", "scopeKind": "", "description": "unavailable"}, {"name": "char const * info_cray", "scope": "", "scopeKind": "", "description": "unavailable"}, {"name": "const char * info_language_extensions_default", "scope": "", "scopeKind": "", "description": "unavailable"}, {"name": "const char * info_language_standard_default", "scope": "", "scopeKind": "", "description": "unavailable"}, {"name": "char const * info_platform", "scope": "", "scopeKind": "", "description": "unavailable"}, {"name": "char const * info_simulate", "scope": "", "scopeKind": "", "description": "unavailable"}, {"name": "char const[] info_simulate_version", "scope": "", "scopeKind": "", "description": "unavailable"}, {"name": "char const[] info_version", "scope": "", "scopeKind": "", "description": "unavailable"}, {"name": "char const * info_version", "scope": "", "scopeKind": "", "description": "unavailable"}, {"name": "char const[] info_version_internal", "scope": "", "scopeKind": "", "description": "unavailable"}, {"name": "char const * info_version_internal", "scope": "", "scopeKind": "", "description": "unavailable"}, {"name": "char const * qnxnto", "scope": "", "scopeKind": "", "description": "unavailable"}], "revision_history": [{"17717": "19406654e584788ebc4b1951fab81ee0e8b1cdef"}]}