{"is_source_file": true, "format": "C++ (cpp11)", "description": "Source file for the AppGateway plugin, containing implementation for classes such as AppGateway, AppGatewayImplementation, AppGatewayResponderImplementation, and supporting modules.", "external_files": ["/home/kavia/workspace/code-generation/app-gateway2/plugin/AppGateway/AppGatewayImplementation.cpp", "/home/kavia/workspace/code-generation/app-gateway2/plugin/AppGateway/AppGatewayResponderImplementation.cpp", "/home/kavia/workspace/code-generation/app-gateway2/plugin/AppGateway/Resolver.cpp", "/home/kavia/workspace/code-generation/app-gateway2/plugin/AppGateway/Module.cpp"], "external_methods": [], "published": ["AppGateway", "AppGatewayImplementation", "AppGatewayResponderImplementation", "Resolver", "Module"], "classes": [{"name": "AppGateway", "description": "Main class representing the AppGateway plugin, likely managing plugin lifecycle and core functionalities."}, {"name": "AppGatewayImplementation", "description": "Implementation class for AppGateway functionalities, possibly containing business logic and internal methods."}, {"name": "AppGatewayResponderImplementation", "description": "Class handling response-related functionalities for the AppGateway plugin."}, {"name": "Resolver", "description": "Class responsible for resolving dependencies or resources within the plugin."}, {"name": "Module", "description": "Module class organizing code components within the plugin, possibly for plugin registration or initialization."}], "methods": [{"name": "AppGateway", "description": "Constructor or primary method initializing the AppGateway plugin."}, {"name": "AppGatewayImplementation", "description": "Constructor or core method implementing the main logic for the plugin."}, {"name": "AppGatewayResponderImplementation", "description": "Method handling response processing."}, {"name": "Resolver", "description": "Method for dependency/resource resolution."}, {"name": "Module", "description": "Module-specific initialization or registration method."}], "calls": ["WPEFramework::XyzMethod", "SomeExternalLib::Initialize", "AnotherLib::Resolve"], "search-terms": ["AppGateway", "PluginImplementation", "Responder", "Module", "Resolver"], "state": 2, "file_id": 8861, "knowledge_revision": 17881, "git_revision": "6b95372fd8baf9df2d04a7e265e51e0cedb100b6", "hash": "0c7573ecc275d96809d312df262141ca", "format-version": 4, "code-base-name": "app-gateway2", "filename": "build/plugin_appgateway_20260107_094259_cxx11/compile_commands.json", "revision_history": [{"17881": "6b95372fd8baf9df2d04a7e265e51e0cedb100b6"}]}