{"is_source_file": true, "format": "C++", "description": "Source files for the Plugin_AppGateway component within the app-gateway2 project, including implementation files for classes such as AppGateway, AppGatewayImplementation, AppGatewayResponderImplementation, Resolver, and Module. These files are part of the build process and contain class definitions, function implementations, and external references.", "external_files": ["/home/kavia/workspace/code-generation/app-gateway2/plugin/AppGateway/AppGateway.cpp", "/home/kavia/workspace/code-generation/app-gateway2/plugin/AppGateway/AppGatewayImplementation.cpp", "/home/kavia/workspace/code-generation/app-gateway2/plugin/AppGateway/AppGatewayResponderImplementation.cpp", "/home/kavia/workspace/code-generation/app-gateway2/plugin/AppGateway/Resolver.cpp", "/home/kavia/workspace/code-generation/app-gateway2/plugin/AppGateway/Module.cpp"], "external_methods": ["c++ standard library functions", "WPEFramework specific functions and macros", "build system macros and functions"], "published": ["Plugin_AppGateway", "AppGateway", "AppGatewayImplementation", "AppGatewayResponderImplementation", "Resolver", "Module"], "classes": [{"name": "AppGateway", "description": "Main class responsible for handling gateway functionalities."}, {"name": "AppGatewayImplementation", "description": "Implementation details for AppGateway interface."}, {"name": "AppGatewayResponderImplementation", "description": "Responder class for gateway requests, handling responses."}, {"name": "Resolver", "description": "Class responsible for resolving dependencies or configurations."}, {"name": "Module", "description": "Module class that initializes or manages parts of the plugin."}], "methods": [{"name": "Constructor and Destructor methods for each class", "description": "Standard constructor and destructor implementations for the respective classes."}, {"name": "External functions invoked within each cpp file", "description": "Functions called for processing, communication, or configuration, specific to the plugin's logic."}], "calls": ["WPEFramework specific functions", "runtime system calls", "build macros/functions"], "search-terms": ["AppGateway", "Plugin_AppGateway", "WPEFrameworkAppGateway", "Resolver.cpp", "Module.cpp"], "state": 2, "file_id": 8788, "knowledge_revision": 17663, "git_revision": "6a4698570158eac1c8c67b4334893cda2828576b", "hash": "c060117b9837a55b5f9c7bdd4d9c40ad", "format-version": 4, "code-base-name": "app-gateway2", "filename": "build/plugin_appgateway_20260107_090611_cxx11/compile_commands.json", "revision_history": [{"17663": "6a4698570158eac1c8c67b4334893cda2828576b"}]}