{"is_source_file": true, "format": "C++", "description": "Source files implementing the AppGateway plugin for WPEFramework, including core classes and their implementations, used in the plugin's functionality within the project.", "external_files": ["WPEFramework", "AppGateway.resolutions", "interfaces", "helpers/rdkservices-comcast/helpers", "helpers/entservices-infra/helpers", "dependencies/install/include/WPEFramework"], "external_methods": [], "published": ["AppGateway", "AppGatewayImplementation", "AppGatewayResponderImplementation", "Resolver", "Module"], "classes": [{"name": "AppGateway", "description": "Main class representing the AppGateway plugin, responsible for initialization and management of plugin-specific logic."}, {"name": "AppGatewayImplementation", "description": "Implementation class handling core logic for the plugin, possibly implementing interfaces."}, {"name": "AppGatewayResponderImplementation", "description": "Class implementing response handling mechanisms for the plugin."}, {"name": "Resolver", "description": "Utility class responsible for resolving resources or dependencies within the plugin."}, {"name": "Module", "description": "Module management class, handling plugin module lifecycle and registration."}], "methods": [{"name": "AppGateway::initialize", "description": "Initializes the AppGateway plugin, setting up necessary components."}, {"name": "AppGatewayImplementation::start", "description": "Starts the plugin implementation logic."}, {"name": "AppGatewayResponderImplementation::respond", "description": "Handles incoming responses or requests for the plugin."}, {"name": "Resolver::resolveResource", "description": "Resolves and returns requested resources."}, {"name": "Module::load", "description": "Loads the plugin module."}], "calls": ["WPEFramework::Core::Initialize", "WPEFramework::Core::Shutdown", "AppGateway::initialize", "AppGatewayImplementation::start", "AppGatewayResponderImplementation::respond", "Resolver::resolveResource", "Module::load"], "search-terms": ["AppGateway", "WPEFrameworkAppGateway", "AppGatewayImplementation", "Resolver", "Module", "ResponderImplementation", "AppGateway.cpp"], "state": 2, "file_id": 9456, "knowledge_revision": 19138, "git_revision": "8ff2f2f6583d5cd9319c8ce9240d18bd5be0a2d7", "hash": "265f523fde1e14dcea174a8b5125d8e7", "format-version": 4, "code-base-name": "app-gateway2", "filename": "build/plugin_appgateway_20260106_104531_cxx14/compile_commands.json", "revision_history": [{"19138": "8ff2f2f6583d5cd9319c8ce9240d18bd5be0a2d7"}]}