{"is_source_file": true, "format": "C++", "description": "This source file is a C++ program that appears to auto-generate compiler and platform information through preprocessor macros. It includes logic to detect compiler type, version, platform, architecture, and language standards, then constructs descriptive strings. The main function aggregates some of this info based on command-line arguments.", "external_files": [], "external_methods": [], "published": [], "classes": [], "methods": [{"name": "int main(int argc,char * argv[])", "description": "The entry point of the program which constructs a cumulative integer based on selected info strings, effectively serving as a checksum or flag based on available information.", "scope": "", "scopeKind": ""}], "calls": ["info_compiler[argc]", "info_platform[argc]", "info_arch[argc]", "info_version[argc]", "info_version_internal[argc]", "info_simulate[argc]", "info_simulate_version[argc]", "info_cray[argc]", "info_language_standard_default[argc]", "info_language_extensions_default[argc]"], "search-terms": ["Compiler Identification", "Platform Detection", "Architecture Macros", "Version Number Macros", "C++ Standard Detection", "Build Info String", "Preprocessor Macros"], "state": 2, "file_id": 8495, "knowledge_revision": 17632, "git_revision": "42ca3917011fbad04565ba150508b4c07f3c5e21", "ctags": [{"_type": "tag", "name": "ARCHITECTURE_ID", "path": "/home/kavia/workspace/code-generation/app-gateway2/build/plugin_appgateway_20260105_062548_cxx17/CMakeFiles/3.28.3/CompilerIdCXX/CMakeCXXCompilerId.cpp", "pattern": "/^#   define ARCHITECTURE_ID /", "file": true, "language": "C++", "kind": "macro"}, {"_type": "tag", "name": "ARCHITECTURE_ID", "path": "/home/kavia/workspace/code-generation/app-gateway2/build/plugin_appgateway_20260105_062548_cxx17/CMakeFiles/3.28.3/CompilerIdCXX/CMakeCXXCompilerId.cpp", "pattern": "/^#  define ARCHITECTURE_ID /", "file": true, "language": "C++", "kind": "macro"}, {"_type": "tag", "name": "ARCHITECTURE_ID", "path": "/home/kavia/workspace/code-generation/app-gateway2/build/plugin_appgateway_20260105_062548_cxx17/CMakeFiles/3.28.3/CompilerIdCXX/CMakeCXXCompilerId.cpp", "pattern": "/^#  define ARCHITECTURE_ID$/", "file": true, "language": "C++", "kind": "macro"}, {"_type": "tag", "name": "COMPILER_ID", "path": "/home/kavia/workspace/code-generation/app-gateway2/build/plugin_appgateway_20260105_062548_cxx17/CMakeFiles/3.28.3/CompilerIdCXX/CMakeCXXCompilerId.cpp", "pattern": "/^# define COMPILER_ID /", "file": true, "language": "C++", "kind": "macro"}, {"_type": "tag", "name": "COMPILER_VERSION", "path": "/home/kavia/workspace/code-generation/app-gateway2/build/plugin_appgateway_20260105_062548_cxx17/CMakeFiles/3.28.3/CompilerIdCXX/CMakeCXXCompilerId.cpp", "pattern": "/^#   define COMPILER_VERSION /", "file": true, "language": "C++", "kind": "macro"}, {"_type": "tag", "name": "COMPILER_VERSION_INTERNAL", "path": "/home/kavia/workspace/code-generation/app-gateway2/build/plugin_appgateway_20260105_062548_cxx17/CMakeFiles/3.28.3/CompilerIdCXX/CMakeCXXCompilerId.cpp", "pattern": "/^#   define COMPILER_VERSION_INTERNAL /", "file": true, "language": "C++", "kind": "macro"}, {"_type": "tag", "name": "COMPILER_VERSION_INTERNAL", "path": "/home/kavia/workspace/code-generation/app-gateway2/build/plugin_appgateway_20260105_062548_cxx17/CMakeFiles/3.28.3/CompilerIdCXX/CMakeCXXCompilerId.cpp", "pattern": "/^#  define COMPILER_VERSION_INTERNAL /", "file": true, "language": "C++", "kind": "macro"}, {"_type": "tag", "name": "COMPILER_VERSION_INTERNAL", "path": "/home/kavia/workspace/code-generation/app-gateway2/build/plugin_appgateway_20260105_062548_cxx17/CMakeFiles/3.28.3/CompilerIdCXX/CMakeCXXCompilerId.cpp", "pattern": "/^# define COMPILER_VERSION_INTERNAL /", "file": true, "language": "C++", "kind": "macro"}, {"_type": "tag", "name": "COMPILER_VERSION_INTERNAL_STR", "path": "/home/kavia/workspace/code-generation/app-gateway2/build/plugin_appgateway_20260105_062548_cxx17/CMakeFiles/3.28.3/CompilerIdCXX/CMakeCXXCompilerId.cpp", "pattern": "/^# define COMPILER_VERSION_INTERNAL_STR /", "file": true, "language": "C++", "kind": "macro"}, {"_type": "tag", "name": "COMPILER_VERSION_MAJOR", "path": "/home/kavia/workspace/code-generation/app-gateway2/build/plugin_appgateway_20260105_062548_cxx17/CMakeFiles/3.28.3/CompilerIdCXX/CMakeCXXCompilerId.cpp", "pattern": "/^  # define COMPILER_VERSION_MAJOR /", "file": true, "language": "C++", "kind": "macro"}, {"_type": "tag", "name": "COMPILER_VERSION_MAJOR", "path": "/home/kavia/workspace/code-generation/app-gateway2/build/plugin_appgateway_20260105_062548_cxx17/CMakeFiles/3.28.3/CompilerIdCXX/CMakeCXXCompilerId.cpp", "pattern": "/^#   define COMPILER_VERSION_MAJOR /", "file": true, "language": "C++", "kind": "macro"}, {"_type": "tag", "name": "COMPILER_VERSION_MAJOR", "path": "/home/kavia/workspace/code-generation/app-gateway2/build/plugin_appgateway_20260105_062548_cxx17/CMakeFiles/3.28.3/CompilerIdCXX/CMakeCXXCompilerId.cpp", "pattern": "/^#  define COMPILER_VERSION_MAJOR /", "file": true, "language": "C++", "kind": "macro"}, {"_type": "tag", "name": "COMPILER_VERSION_MAJOR", "path": "/home/kavia/workspace/code-generation/app-gateway2/build/plugin_appgateway_20260105_062548_cxx17/CMakeFiles/3.28.3/CompilerIdCXX/CMakeCXXCompilerId.cpp", "pattern": "/^# define COMPILER_VERSION_MAJOR /", "file": true, "language": "C++", "kind": "macro"}, {"_type": "tag", "name": "COMPILER_VERSION_MINOR", "path": "/home/kavia/workspace/code-generation/app-gateway2/build/plugin_appgateway_20260105_062548_cxx17/CMakeFiles/3.28.3/CompilerIdCXX/CMakeCXXCompilerId.cpp", "pattern": "/^  # define COMPILER_VERSION_MINOR /", "file": true, "language": "C++", "kind": "macro"}, {"_type": "tag", "name": "COMPILER_VERSION_MINOR", "path": "/home/kavia/workspace/code-generation/app-gateway2/build/plugin_appgateway_20260105_062548_cxx17/CMakeFiles/3.28.3/CompilerIdCXX/CMakeCXXCompilerId.cpp", "pattern": "/^#   define COMPILER_VERSION_MINOR /", "file": true, "language": "C++", "kind": "macro"}, {"_type": "tag", "name": "COMPILER_VERSION_MINOR", "path": "/home/kavia/workspace/code-generation/app-gateway2/build/plugin_appgateway_20260105_062548_cxx17/CMakeFiles/3.28.3/CompilerIdCXX/CMakeCXXCompilerId.cpp", "pattern": "/^#  define COMPILER_VERSION_MINOR /", "file": true, "language": "C++", "kind": "macro"}, {"_type": "tag", "name": "COMPILER_VERSION_MINOR", "path": "/home/kavia/workspace/code-generation/app-gateway2/build/plugin_appgateway_20260105_062548_cxx17/CMakeFiles/3.28.3/CompilerIdCXX/CMakeCXXCompilerId.cpp", "pattern": "/^# define COMPILER_VERSION_MINOR /", "file": true, "language": "C++", "kind": "macro"}, {"_type": "tag", "name": "COMPILER_VERSION_PATCH", "path": "/home/kavia/workspace/code-generation/app-gateway2/build/plugin_appgateway_20260105_062548_cxx17/CMakeFiles/3.28.3/CompilerIdCXX/CMakeCXXCompilerId.cpp", "pattern": "/^  # define COMPILER_VERSION_PATCH /", "file": true, "language": "C++", "kind": "macro"}, {"_type": "tag", "name": "COMPILER_VERSION_PATCH", "path": "/home/kavia/workspace/code-generation/app-gateway2/build/plugin_appgateway_20260105_062548_cxx17/CMakeFiles/3.28.3/CompilerIdCXX/CMakeCXXCompilerId.cpp", "pattern": "/^#   define COMPILER_VERSION_PATCH /", "file": true, "language": "C++", "kind": "macro"}, {"_type": "tag", "name": "COMPILER_VERSION_PATCH", "path": "/home/kavia/workspace/code-generation/app-gateway2/build/plugin_appgateway_20260105_062548_cxx17/CMakeFiles/3.28.3/CompilerIdCXX/CMakeCXXCompilerId.cpp", "pattern": "/^#  define COMPILER_VERSION_PATCH /", "file": true, "language": "C++", "kind": "macro"}, {"_type": "tag", "name": "COMPILER_VERSION_PATCH", "path": "/home/kavia/workspace/code-generation/app-gateway2/build/plugin_appgateway_20260105_062548_cxx17/CMakeFiles/3.28.3/CompilerIdCXX/CMakeCXXCompilerId.cpp", "pattern": "/^# define COMPILER_VERSION_PATCH /", "file": true, "language": "C++", "kind": "macro"}, {"_type": "tag", "name": "COMPILER_VERSION_TWEAK", "path": "/home/kavia/workspace/code-generation/app-gateway2/build/plugin_appgateway_20260105_062548_cxx17/CMakeFiles/3.28.3/CompilerIdCXX/CMakeCXXCompilerId.cpp", "pattern": "/^#  define COMPILER_VERSION_TWEAK /", "file": true, "language": "C++", "kind": "macro"}, {"_type": "tag", "name": "COMPILER_VERSION_TWEAK", "path": "/home/kavia/workspace/code-generation/app-gateway2/build/plugin_appgateway_20260105_062548_cxx17/CMakeFiles/3.28.3/CompilerIdCXX/CMakeCXXCompilerId.cpp", "pattern": "/^# define COMPILER_VERSION_TWEAK /", "file": true, "language": "C++", "kind": "macro"}, {"_type": "tag", "name": "CXX_STD", "path": "/home/kavia/workspace/code-generation/app-gateway2/build/plugin_appgateway_20260105_062548_cxx17/CMakeFiles/3.28.3/CompilerIdCXX/CMakeCXXCompilerId.cpp", "pattern": "/^#      define CXX_STD /", "file": true, "language": "C++", "kind": "macro"}, {"_type": "tag", "name": "CXX_STD", "path": "/home/kavia/workspace/code-generation/app-gateway2/build/plugin_appgateway_20260105_062548_cxx17/CMakeFiles/3.28.3/CompilerIdCXX/CMakeCXXCompilerId.cpp", "pattern": "/^#    define CXX_STD /", "file": true, "language": "C++", "kind": "macro"}, {"_type": "tag", "name": "CXX_STD", "path": "/home/kavia/workspace/code-generation/app-gateway2/build/plugin_appgateway_20260105_062548_cxx17/CMakeFiles/3.28.3/CompilerIdCXX/CMakeCXXCompilerId.cpp", "pattern": "/^#  define CXX_STD /", "file": true, "language": "C++", "kind": "macro"}, {"_type": "tag", "name": "DEC", "path": "/home/kavia/workspace/code-generation/app-gateway2/build/plugin_appgateway_20260105_062548_cxx17/CMakeFiles/3.28.3/CompilerIdCXX/CMakeCXXCompilerId.cpp", "pattern": "/^#define DEC(/", "file": true, "language": "C++", "kind": "macro", "signature": "(n)"}, {"_type": "tag", "name": "HEX", "path": "/home/kavia/workspace/code-generation/app-gateway2/build/plugin_appgateway_20260105_062548_cxx17/CMakeFiles/3.28.3/CompilerIdCXX/CMakeCXXCompilerId.cpp", "pattern": "/^#define HEX(/", "file": true, "language": "C++", "kind": "macro", "signature": "(n)"}, {"_type": "tag", "name": "PLATFORM_ID", "path": "/home/kavia/workspace/code-generation/app-gateway2/build/plugin_appgateway_20260105_062548_cxx17/CMakeFiles/3.28.3/CompilerIdCXX/CMakeCXXCompilerId.cpp", "pattern": "/^#  define PLATFORM_ID /", "file": true, "language": "C++", "kind": "macro"}, {"_type": "tag", "name": "PLATFORM_ID", "path": "/home/kavia/workspace/code-generation/app-gateway2/build/plugin_appgateway_20260105_062548_cxx17/CMakeFiles/3.28.3/CompilerIdCXX/CMakeCXXCompilerId.cpp", "pattern": "/^#  define PLATFORM_ID$/", "file": true, "language": "C++", "kind": "macro"}, {"_type": "tag", "name": "PLATFORM_ID", "path": "/home/kavia/workspace/code-generation/app-gateway2/build/plugin_appgateway_20260105_062548_cxx17/CMakeFiles/3.28.3/CompilerIdCXX/CMakeCXXCompilerId.cpp", "pattern": "/^# define PLATFORM_ID /", "file": true, "language": "C++", "kind": "macro"}, {"_type": "tag", "name": "PLATFORM_ID", "path": "/home/kavia/workspace/code-generation/app-gateway2/build/plugin_appgateway_20260105_062548_cxx17/CMakeFiles/3.28.3/CompilerIdCXX/CMakeCXXCompilerId.cpp", "pattern": "/^# define PLATFORM_ID$/", "file": true, "language": "C++", "kind": "macro"}, {"_type": "tag", "name": "SIMULATE_ID", "path": "/home/kavia/workspace/code-generation/app-gateway2/build/plugin_appgateway_20260105_062548_cxx17/CMakeFiles/3.28.3/CompilerIdCXX/CMakeCXXCompilerId.cpp", "pattern": "/^#  define SIMULATE_ID /", "file": true, "language": "C++", "kind": "macro"}, {"_type": "tag", "name": "SIMULATE_ID", "path": "/home/kavia/workspace/code-generation/app-gateway2/build/plugin_appgateway_20260105_062548_cxx17/CMakeFiles/3.28.3/CompilerIdCXX/CMakeCXXCompilerId.cpp", "pattern": "/^# define SIMULATE_ID /", "file": true, "language": "C++", "kind": "macro"}, {"_type": "tag", "name": "SIMULATE_VERSION_MAJOR", "path": "/home/kavia/workspace/code-generation/app-gateway2/build/plugin_appgateway_20260105_062548_cxx17/CMakeFiles/3.28.3/CompilerIdCXX/CMakeCXXCompilerId.cpp", "pattern": "/^#  define SIMULATE_VERSION_MAJOR /", "file": true, "language": "C++", "kind": "macro"}, {"_type": "tag", "name": "SIMULATE_VERSION_MAJOR", "path": "/home/kavia/workspace/code-generation/app-gateway2/build/plugin_appgateway_20260105_062548_cxx17/CMakeFiles/3.28.3/CompilerIdCXX/CMakeCXXCompilerId.cpp", "pattern": "/^# define SIMULATE_VERSION_MAJOR /", "file": true, "language": "C++", "kind": "macro"}, {"_type": "tag", "name": "SIMULATE_VERSION_MINOR", "path": "/home/kavia/workspace/code-generation/app-gateway2/build/plugin_appgateway_20260105_062548_cxx17/CMakeFiles/3.28.3/CompilerIdCXX/CMakeCXXCompilerId.cpp", "pattern": "/^#  define SIMULATE_VERSION_MINOR /", "file": true, "language": "C++", "kind": "macro"}, {"_type": "tag", "name": "SIMULATE_VERSION_MINOR", "path": "/home/kavia/workspace/code-generation/app-gateway2/build/plugin_appgateway_20260105_062548_cxx17/CMakeFiles/3.28.3/CompilerIdCXX/CMakeCXXCompilerId.cpp", "pattern": "/^# define SIMULATE_VERSION_MINOR /", "file": true, "language": "C++", "kind": "macro"}, {"_type": "tag", "name": "SIMULATE_VERSION_PATCH", "path": "/home/kavia/workspace/code-generation/app-gateway2/build/plugin_appgateway_20260105_062548_cxx17/CMakeFiles/3.28.3/CompilerIdCXX/CMakeCXXCompilerId.cpp", "pattern": "/^#   define SIMULATE_VERSION_PATCH /", "file": true, "language": "C++", "kind": "macro"}, {"_type": "tag", "name": "SIMULATE_VERSION_PATCH", "path": "/home/kavia/workspace/code-generation/app-gateway2/build/plugin_appgateway_20260105_062548_cxx17/CMakeFiles/3.28.3/CompilerIdCXX/CMakeCXXCompilerId.cpp", "pattern": "/^#  define SIMULATE_VERSION_PATCH /", "file": true, "language": "C++", "kind": "macro"}, {"_type": "tag", "name": "SIMULATE_VERSION_PATCH", "path": "/home/kavia/workspace/code-generation/app-gateway2/build/plugin_appgateway_20260105_062548_cxx17/CMakeFiles/3.28.3/CompilerIdCXX/CMakeCXXCompilerId.cpp", "pattern": "/^# define SIMULATE_VERSION_PATCH /", "file": true, "language": "C++", "kind": "macro"}, {"_type": "tag", "name": "STRINGIFY", "path": "/home/kavia/workspace/code-generation/app-gateway2/build/plugin_appgateway_20260105_062548_cxx17/CMakeFiles/3.28.3/CompilerIdCXX/CMakeCXXCompilerId.cpp", "pattern": "/^#define STRINGIFY(/", "file": true, "language": "C++", "kind": "macro", "signature": "(X)"}, {"_type": "tag", "name": "STRINGIFY_HELPER", "path": "/home/kavia/workspace/code-generation/app-gateway2/build/plugin_appgateway_20260105_062548_cxx17/CMakeFiles/3.28.3/CompilerIdCXX/CMakeCXXCompilerId.cpp", "pattern": "/^#define STRINGIFY_HELPER(/", "file": true, "language": "C++", "kind": "macro", "signature": "(X)"}, {"_type": "tag", "name": "__has_include", "path": "/home/kavia/workspace/code-generation/app-gateway2/build/plugin_appgateway_20260105_062548_cxx17/CMakeFiles/3.28.3/CompilerIdCXX/CMakeCXXCompilerId.cpp", "pattern": "/^#  define __has_include(/", "file": true, "language": "C++", "kind": "macro", "signature": "(x)"}, {"_type": "tag", "name": "info_arch", "path": "/home/kavia/workspace/code-generation/app-gateway2/build/plugin_appgateway_20260105_062548_cxx17/CMakeFiles/3.28.3/CompilerIdCXX/CMakeCXXCompilerId.cpp", "pattern": "/^char const* info_arch = \"INFO\" \":\" \"arch[\" ARCHITECTURE_ID \"]\";$/", "language": "C++", "typeref": "typename:char const *", "kind": "variable"}, {"_type": "tag", "name": "info_compiler", "path": "/home/kavia/workspace/code-generation/app-gateway2/build/plugin_appgateway_20260105_062548_cxx17/CMakeFiles/3.28.3/CompilerIdCXX/CMakeCXXCompilerId.cpp", "pattern": "/^char const* info_compiler = \"INFO\" \":\" \"compiler[\" COMPILER_ID \"]\";$/", "language": "C++", "typeref": "typename:char const *", "kind": "variable"}, {"_type": "tag", "name": "info_cray", "path": "/home/kavia/workspace/code-generation/app-gateway2/build/plugin_appgateway_20260105_062548_cxx17/CMakeFiles/3.28.3/CompilerIdCXX/CMakeCXXCompilerId.cpp", "pattern": "/^char const *info_cray = \"INFO\" \":\" \"compiler_wrapper[CrayPrgEnv]\";$/", "language": "C++", "typeref": "typename:char const *", "kind": "variable"}, {"_type": "tag", "name": "info_language_extensions_default", "path": "/home/kavia/workspace/code-generation/app-gateway2/build/plugin_appgateway_20260105_062548_cxx17/CMakeFiles/3.28.3/CompilerIdCXX/CMakeCXXCompilerId.cpp", "pattern": "/^const char* info_language_extensions_default = \"INFO\" \":\" \"extensions_default[\"$/", "language": "C++", "typeref": "typename:const char *", "kind": "variable"}, {"_type": "tag", "name": "info_language_standard_default", "path": "/home/kavia/workspace/code-generation/app-gateway2/build/plugin_appgateway_20260105_062548_cxx17/CMakeFiles/3.28.3/CompilerIdCXX/CMakeCXXCompilerId.cpp", "pattern": "/^const char* info_language_standard_default = \"INFO\" \":\" \"standard_default[\"$/", "language": "C++", "typeref": "typename:const char *", "kind": "variable"}, {"_type": "tag", "name": "info_platform", "path": "/home/kavia/workspace/code-generation/app-gateway2/build/plugin_appgateway_20260105_062548_cxx17/CMakeFiles/3.28.3/CompilerIdCXX/CMakeCXXCompilerId.cpp", "pattern": "/^char const* info_platform = \"INFO\" \":\" \"platform[\" PLATFORM_ID \"]\";$/", "language": "C++", "typeref": "typename:char const *", "kind": "variable"}, {"_type": "tag", "name": "info_simulate", "path": "/home/kavia/workspace/code-generation/app-gateway2/build/plugin_appgateway_20260105_062548_cxx17/CMakeFiles/3.28.3/CompilerIdCXX/CMakeCXXCompilerId.cpp", "pattern": "/^char const* info_simulate = \"INFO\" \":\" \"simulate[\" SIMULATE_ID \"]\";$/", "language": "C++", "typeref": "typename:char const *", "kind": "variable"}, {"_type": "tag", "name": "info_simulate_version", "path": "/home/kavia/workspace/code-generation/app-gateway2/build/plugin_appgateway_20260105_062548_cxx17/CMakeFiles/3.28.3/CompilerIdCXX/CMakeCXXCompilerId.cpp", "pattern": "/^char const info_simulate_version[] = {$/", "language": "C++", "typeref": "typename:char const[]", "kind": "variable"}, {"_type": "tag", "name": "info_version", "path": "/home/kavia/workspace/code-generation/app-gateway2/build/plugin_appgateway_20260105_062548_cxx17/CMakeFiles/3.28.3/CompilerIdCXX/CMakeCXXCompilerId.cpp", "pattern": "/^char const info_version[] = {$/", "language": "C++", "typeref": "typename:char const[]", "kind": "variable"}, {"_type": "tag", "name": "info_version", "path": "/home/kavia/workspace/code-generation/app-gateway2/build/plugin_appgateway_20260105_062548_cxx17/CMakeFiles/3.28.3/CompilerIdCXX/CMakeCXXCompilerId.cpp", "pattern": "/^char const* info_version = \"INFO\" \":\" \"compiler_version[\" COMPILER_VERSION \"]\";$/", "language": "C++", "typeref": "typename:char const *", "kind": "variable"}, {"_type": "tag", "name": "info_version_internal", "path": "/home/kavia/workspace/code-generation/app-gateway2/build/plugin_appgateway_20260105_062548_cxx17/CMakeFiles/3.28.3/CompilerIdCXX/CMakeCXXCompilerId.cpp", "pattern": "/^char const info_version_internal[] = {$/", "language": "C++", "typeref": "typename:char const[]", "kind": "variable"}, {"_type": "tag", "name": "info_version_internal", "path": "/home/kavia/workspace/code-generation/app-gateway2/build/plugin_appgateway_20260105_062548_cxx17/CMakeFiles/3.28.3/CompilerIdCXX/CMakeCXXCompilerId.cpp", "pattern": "/^char const* info_version_internal = \"INFO\" \":\" \"compiler_version_internal[\" COMPILER_VERSION_INT/", "language": "C++", "typeref": "typename:char const *", "kind": "variable"}, {"_type": "tag", "name": "main", "path": "/home/kavia/workspace/code-generation/app-gateway2/build/plugin_appgateway_20260105_062548_cxx17/CMakeFiles/3.28.3/CompilerIdCXX/CMakeCXXCompilerId.cpp", "pattern": "/^int main(int argc, char* argv[])$/", "language": "C++", "typeref": "typename:int", "kind": "function", "signature": "(int argc,char * argv[])"}, {"_type": "tag", "name": "qnxnto", "path": "/home/kavia/workspace/code-generation/app-gateway2/build/plugin_appgateway_20260105_062548_cxx17/CMakeFiles/3.28.3/CompilerIdCXX/CMakeCXXCompilerId.cpp", "pattern": "/^char const* qnxnto = \"INFO\" \":\" \"qnxnto[]\";$/", "language": "C++", "typeref": "typename:char const *", "kind": "variable"}], "hash": "2158f47fcbe8ab9f8af9e8d824405249", "format-version": 4, "code-base-name": "app-gateway2", "filename": "build/plugin_appgateway_20260105_062548_cxx17/CMakeFiles/3.28.3/CompilerIdCXX/CMakeCXXCompilerId.cpp", "fields": [{"name": "char const * info_arch", "scope": "", "scopeKind": "", "description": "unavailable"}, {"name": "char const * info_compiler", "scope": "", "scopeKind": "", "description": "unavailable"}, {"name": "char const * info_cray", "scope": "", "scopeKind": "", "description": "unavailable"}, {"name": "const char * info_language_extensions_default", "scope": "", "scopeKind": "", "description": "unavailable"}, {"name": "const char * info_language_standard_default", "scope": "", "scopeKind": "", "description": "unavailable"}, {"name": "char const * info_platform", "scope": "", "scopeKind": "", "description": "unavailable"}, {"name": "char const * info_simulate", "scope": "", "scopeKind": "", "description": "unavailable"}, {"name": "char const[] info_simulate_version", "scope": "", "scopeKind": "", "description": "unavailable"}, {"name": "char const[] info_version", "scope": "", "scopeKind": "", "description": "unavailable"}, {"name": "char const * info_version", "scope": "", "scopeKind": "", "description": "unavailable"}, {"name": "char const[] info_version_internal", "scope": "", "scopeKind": "", "description": "unavailable"}, {"name": "char const * info_version_internal", "scope": "", "scopeKind": "", "description": "unavailable"}, {"name": "char const * qnxnto", "scope": "", "scopeKind": "", "description": "unavailable"}], "revision_history": [{"17632": "42ca3917011fbad04565ba150508b4c07f3c5e21"}]}