{"is_source_file": true, "format": "C++", "description": "This file is a C++ source file named AppGateway.cpp, part of the Plugin_AppGateway module, and contains implementation code related to the AppGateway plugin for the WPEFramework-based project.", "external_files": ["/home/kavia/workspace/code-generation/app-gateway2/plugin/AppGateway/AppGatewayImplementation.cpp", "/home/kavia/workspace/code-generation/app-gateway2/plugin/AppGateway/AppGatewayResponderImplementation.cpp", "/home/kavia/workspace/code-generation/app-gateway2/plugin/AppGateway/Resolver.cpp", "/home/kavia/workspace/code-generation/app-gateway2/plugin/AppGateway/Module.cpp"], "external_methods": [], "published": ["Plugin_AppGateway"], "classes": [], "methods": [], "calls": [], "search-terms": ["AppGateway.cpp", "Plugin_AppGateway", "WPEFrameworkAppGateway", "AppGatewayImplementation"], "state": 2, "file_id": 8737, "knowledge_revision": 17506, "git_revision": "267b9020f76fe9406f4f463df0135dc97e389f4d", "hash": "8aad3dfadc6435a7150df1db3f6bcf26", "format-version": 4, "code-base-name": "app-gateway2", "filename": "build/plugin_appgateway_20260107_120326_cxx11/compile_commands.json", "revision_history": [{"17506": "267b9020f76fe9406f4f463df0135dc97e389f4d"}]}