{"is_source_file": true, "format": "C++ (C++17 dialect)", "description": "This source file (AppGateway.cpp) appears to be part of a plugin related to an application gateway, implementing core functionalities for interfacing with the gateway infrastructure. The accompanying files suggest implementation of various components such as responder, resolver, implementation specifics, indicating a modular, plugin-based architecture.", "external_files": ["home/kavia/workspace/code-generation/app-gateway2/plugin/AppGateway/AppGatewayImplementation.cpp", "home/kavia/workspace/code-generation/app-gateway2/plugin/AppGateway/AppGatewayResponderImplementation.cpp", "home/kavia/workspace/code-generation/app-gateway2/plugin/AppGateway/Resolver.cpp", "home/kavia/workspace/code-generation/app-gateway2/plugin/AppGateway/Module.cpp"], "external_methods": [], "published": ["WPEFramework::Plugin::AppGateway", "WPEFramework::Plugin::AppGateway::Implementation", "WPEFramework::Plugin::AppGateway::Responder", "WPEFramework::Plugin::AppGateway::Resolver", "WPEFramework::Plugin::AppGateway::Module"], "classes": [{"name": "AppGateway", "description": "Main plugin class managing the application gateway's core functionalities and interface."}, {"name": "Implementation", "description": "Implements the internal logic and interfacing mechanisms of the AppGateway plugin."}, {"name": "Responder", "description": "Handles response mechanisms within the AppGateway framework."}, {"name": "Resolver", "description": "Manages resolution of gateway-related queries or configurations."}, {"name": "Module", "description": "Defines module-specific setup and teardown routines for the plugin."}], "methods": [{"name": "Initialize", "description": "Performs initial setup for the AppGateway plugin."}, {"name": "Deinitialize", "description": "Cleans up resources when the plugin is unloaded."}], "calls": ["WPEFramework::Plugin::AppGateway::Implementation::Configure", "WPEFramework::Plugin::AppGateway::Responder::Respond", "WPEFramework::Plugin::AppGateway::Resolver::Resolve", "WPEFramework::Plugin::AppGateway::Module::Register", "WPEFramework::Plugin::AppGateway::Module::Unregister"], "search-terms": ["AppGateway.cpp", "WPEFramework::Plugin::AppGateway", "Plugin_AppGateway", "ResponseHandler", "Resolver", "Module"], "state": 2, "file_id": 8727, "knowledge_revision": 17869, "git_revision": "8df6b103c68092f1928c16460b7f8f1e2103a497", "hash": "13e0a7f960436a0437d9ea91b5b0982a", "format-version": 4, "code-base-name": "app-gateway2", "filename": "build/plugin_appgateway_20260105_062358_cxx17/compile_commands.json", "revision_history": [{"17869": "8df6b103c68092f1928c16460b7f8f1e2103a497"}]}