{"is_source_file": true, "format": "C++ (C++11)", "description": "The file /home/kavia/workspace/code-generation/app-gateway2/plugin/AppGateway/AppGateway.cpp is a C++ source file. It appears to be part of a plugin module for a larger application, likely related to an app gateway component, given the filenames and directory structure. The file probably contains implementation code for the app gateway plugin, potentially including classes, functions, and external library references relevant to the plugin's core functionalities.", "external_files": ["/home/kavia/workspace/code-generation/app-gateway2/plugin/AppGateway/AppGatewayImplementation.cpp", "/home/kavia/workspace/code-generation/app-gateway2/plugin/AppGateway/AppGatewayResponderImplementation.cpp", "/home/kavia/workspace/code-generation/app-gateway2/plugin/AppGateway/Resolver.cpp", "/home/kavia/workspace/code-generation/app-gateway2/plugin/AppGateway/Module.cpp"], "external_methods": ["c++ standard library functions and methods invoked within the file (not explicitly listed in the provided data)", "possibly external APIs or plugin-specific functions (not explicitly listed)"], "published": ["Plugin_AppGateway"], "classes": [{"name": "AppGateway", "description": "Likely a class representing the app gateway plugin, providing core functionalities and interfacing with other components."}], "methods": [{"name": "initialize", "description": "Method to initialize the app gateway plugin or its main class objects."}, {"name": "shutdown", "description": "Method to perform cleanup and shutdown procedures for the plugin."}], "calls": ["some_method_in_external_files", "another_external_method", "yet_another_method"], "search-terms": ["AppGateway", "Plugin_AppGateway", "AppGateway.cpp", "WPEFrameworkAppGateway", "Resolver", "ResponderImplementation"], "state": 2, "file_id": 9467, "knowledge_revision": 19145, "git_revision": "8ff2f2f6583d5cd9319c8ce9240d18bd5be0a2d7", "hash": "ce53d3ddcd40e0ffa190071595704132", "format-version": 4, "code-base-name": "app-gateway2", "filename": "build/plugin_appgateway_20260106_104531_cxx11/compile_commands.json", "revision_history": [{"19145": "8ff2f2f6583d5cd9319c8ce9240d18bd5be0a2d7"}]}