{"is_source_file": true, "file_id": 8816, "git_revision": "ab7c7d3b25de0c7698f88f74411bef7630123567", "state": 2, "description": "", "external_files": [], "external_methods": [], "published": [], "classes": [], "methods": [], "calls": [], "search-terms": [], "hash": "95ef1920c46a37be1e0f1b4c224fcc31", "format-version": 4, "code-base-name": "app-gateway2", "filename": "build/plugin_appgateway_20260105_064056_cxx17/compile_commands.json", "knowledge_revision": 18185, "revision_history": [{"18185": "ab7c7d3b25de0c7698f88f74411bef7630123567"}]}