{"is_source_file": true, "format": "C", "description": "This is a C source file primarily generated by CMake's compiler identification process. It contains preprocessor directives that determine the compiler, platform, architecture, and version information, and a minimal main function that outputs this data.", "external_files": [], "external_methods": [], "published": ["info_compiler", "info_version", "info_version_internal", "info_simulate_version", "info_platform", "info_arch", "info_language_standard_default", "info_language_extensions_default"], "classes": [], "methods": [{"name": "main(argc,argv)", "description": "Entry point of the program that consolidates and potentially outputs compiler, platform, architecture, and language standard information.", "scope": "", "scopeKind": ""}, {"name": "void main()", "scope": "", "scopeKind": "", "description": "unavailable"}], "calls": ["info_compiler[argc]", "info_platform[argc]", "info_arch[argc]", "info_version[argc]", "info_version_internal[argc]", "info_simulate[argc]", "info_simulate_version[argc]", "info_cray[argc]", "info_language_standard_default[argc]", "info_language_extensions_default[argc]"], "search-terms": ["CompilerIdC", "CMakeCCompilerId", "build", "compiler identification", "platform detection", "architecture detection", "version info", "build system"], "state": 2, "file_id": 9040, "knowledge_revision": 18175, "git_revision": "815be4968d388447e4cbce36c9c7cd6535e741db", "ctags": [{"_type": "tag", "name": "ARCHITECTURE_ID", "path": "/home/kavia/workspace/code-generation/app-gateway2/build/plugin_appgateway_20260105_063513_cxx17/CMakeFiles/3.28.3/CompilerIdC/CMakeCCompilerId.c", "pattern": "/^#   define ARCHITECTURE_ID /", "file": true, "language": "C", "kind": "macro"}, {"_type": "tag", "name": "ARCHITECTURE_ID", "path": "/home/kavia/workspace/code-generation/app-gateway2/build/plugin_appgateway_20260105_063513_cxx17/CMakeFiles/3.28.3/CompilerIdC/CMakeCCompilerId.c", "pattern": "/^#  define ARCHITECTURE_ID /", "file": true, "language": "C", "kind": "macro"}, {"_type": "tag", "name": "ARCHITECTURE_ID", "path": "/home/kavia/workspace/code-generation/app-gateway2/build/plugin_appgateway_20260105_063513_cxx17/CMakeFiles/3.28.3/CompilerIdC/CMakeCCompilerId.c", "pattern": "/^#  define ARCHITECTURE_ID$/", "file": true, "language": "C", "kind": "macro"}, {"_type": "tag", "name": "COMPILER_ID", "path": "/home/kavia/workspace/code-generation/app-gateway2/build/plugin_appgateway_20260105_063513_cxx17/CMakeFiles/3.28.3/CompilerIdC/CMakeCCompilerId.c", "pattern": "/^# define COMPILER_ID /", "file": true, "language": "C", "kind": "macro"}, {"_type": "tag", "name": "COMPILER_VERSION", "path": "/home/kavia/workspace/code-generation/app-gateway2/build/plugin_appgateway_20260105_063513_cxx17/CMakeFiles/3.28.3/CompilerIdC/CMakeCCompilerId.c", "pattern": "/^#   define COMPILER_VERSION /", "file": true, "language": "C", "kind": "macro"}, {"_type": "tag", "name": "COMPILER_VERSION_INTERNAL", "path": "/home/kavia/workspace/code-generation/app-gateway2/build/plugin_appgateway_20260105_063513_cxx17/CMakeFiles/3.28.3/CompilerIdC/CMakeCCompilerId.c", "pattern": "/^#   define COMPILER_VERSION_INTERNAL /", "file": true, "language": "C", "kind": "macro"}, {"_type": "tag", "name": "COMPILER_VERSION_INTERNAL", "path": "/home/kavia/workspace/code-generation/app-gateway2/build/plugin_appgateway_20260105_063513_cxx17/CMakeFiles/3.28.3/CompilerIdC/CMakeCCompilerId.c", "pattern": "/^#  define COMPILER_VERSION_INTERNAL /", "file": true, "language": "C", "kind": "macro"}, {"_type": "tag", "name": "COMPILER_VERSION_INTERNAL", "path": "/home/kavia/workspace/code-generation/app-gateway2/build/plugin_appgateway_20260105_063513_cxx17/CMakeFiles/3.28.3/CompilerIdC/CMakeCCompilerId.c", "pattern": "/^# define COMPILER_VERSION_INTERNAL /", "file": true, "language": "C", "kind": "macro"}, {"_type": "tag", "name": "COMPILER_VERSION_INTERNAL_STR", "path": "/home/kavia/workspace/code-generation/app-gateway2/build/plugin_appgateway_20260105_063513_cxx17/CMakeFiles/3.28.3/CompilerIdC/CMakeCCompilerId.c", "pattern": "/^# define COMPILER_VERSION_INTERNAL_STR /", "file": true, "language": "C", "kind": "macro"}, {"_type": "tag", "name": "COMPILER_VERSION_MAJOR", "path": "/home/kavia/workspace/code-generation/app-gateway2/build/plugin_appgateway_20260105_063513_cxx17/CMakeFiles/3.28.3/CompilerIdC/CMakeCCompilerId.c", "pattern": "/^  # define COMPILER_VERSION_MAJOR /", "file": true, "language": "C", "kind": "macro"}, {"_type": "tag", "name": "COMPILER_VERSION_MAJOR", "path": "/home/kavia/workspace/code-generation/app-gateway2/build/plugin_appgateway_20260105_063513_cxx17/CMakeFiles/3.28.3/CompilerIdC/CMakeCCompilerId.c", "pattern": "/^#   define COMPILER_VERSION_MAJOR /", "file": true, "language": "C", "kind": "macro"}, {"_type": "tag", "name": "COMPILER_VERSION_MAJOR", "path": "/home/kavia/workspace/code-generation/app-gateway2/build/plugin_appgateway_20260105_063513_cxx17/CMakeFiles/3.28.3/CompilerIdC/CMakeCCompilerId.c", "pattern": "/^#  define COMPILER_VERSION_MAJOR /", "file": true, "language": "C", "kind": "macro"}, {"_type": "tag", "name": "COMPILER_VERSION_MAJOR", "path": "/home/kavia/workspace/code-generation/app-gateway2/build/plugin_appgateway_20260105_063513_cxx17/CMakeFiles/3.28.3/CompilerIdC/CMakeCCompilerId.c", "pattern": "/^# define COMPILER_VERSION_MAJOR /", "file": true, "language": "C", "kind": "macro"}, {"_type": "tag", "name": "COMPILER_VERSION_MINOR", "path": "/home/kavia/workspace/code-generation/app-gateway2/build/plugin_appgateway_20260105_063513_cxx17/CMakeFiles/3.28.3/CompilerIdC/CMakeCCompilerId.c", "pattern": "/^  # define COMPILER_VERSION_MINOR /", "file": true, "language": "C", "kind": "macro"}, {"_type": "tag", "name": "COMPILER_VERSION_MINOR", "path": "/home/kavia/workspace/code-generation/app-gateway2/build/plugin_appgateway_20260105_063513_cxx17/CMakeFiles/3.28.3/CompilerIdC/CMakeCCompilerId.c", "pattern": "/^#   define COMPILER_VERSION_MINOR /", "file": true, "language": "C", "kind": "macro"}, {"_type": "tag", "name": "COMPILER_VERSION_MINOR", "path": "/home/kavia/workspace/code-generation/app-gateway2/build/plugin_appgateway_20260105_063513_cxx17/CMakeFiles/3.28.3/CompilerIdC/CMakeCCompilerId.c", "pattern": "/^#  define COMPILER_VERSION_MINOR /", "file": true, "language": "C", "kind": "macro"}, {"_type": "tag", "name": "COMPILER_VERSION_MINOR", "path": "/home/kavia/workspace/code-generation/app-gateway2/build/plugin_appgateway_20260105_063513_cxx17/CMakeFiles/3.28.3/CompilerIdC/CMakeCCompilerId.c", "pattern": "/^# define COMPILER_VERSION_MINOR /", "file": true, "language": "C", "kind": "macro"}, {"_type": "tag", "name": "COMPILER_VERSION_PATCH", "path": "/home/kavia/workspace/code-generation/app-gateway2/build/plugin_appgateway_20260105_063513_cxx17/CMakeFiles/3.28.3/CompilerIdC/CMakeCCompilerId.c", "pattern": "/^  # define COMPILER_VERSION_PATCH /", "file": true, "language": "C", "kind": "macro"}, {"_type": "tag", "name": "COMPILER_VERSION_PATCH", "path": "/home/kavia/workspace/code-generation/app-gateway2/build/plugin_appgateway_20260105_063513_cxx17/CMakeFiles/3.28.3/CompilerIdC/CMakeCCompilerId.c", "pattern": "/^#   define COMPILER_VERSION_PATCH /", "file": true, "language": "C", "kind": "macro"}, {"_type": "tag", "name": "COMPILER_VERSION_PATCH", "path": "/home/kavia/workspace/code-generation/app-gateway2/build/plugin_appgateway_20260105_063513_cxx17/CMakeFiles/3.28.3/CompilerIdC/CMakeCCompilerId.c", "pattern": "/^#  define COMPILER_VERSION_PATCH /", "file": true, "language": "C", "kind": "macro"}, {"_type": "tag", "name": "COMPILER_VERSION_PATCH", "path": "/home/kavia/workspace/code-generation/app-gateway2/build/plugin_appgateway_20260105_063513_cxx17/CMakeFiles/3.28.3/CompilerIdC/CMakeCCompilerId.c", "pattern": "/^# define COMPILER_VERSION_PATCH /", "file": true, "language": "C", "kind": "macro"}, {"_type": "tag", "name": "COMPILER_VERSION_TWEAK", "path": "/home/kavia/workspace/code-generation/app-gateway2/build/plugin_appgateway_20260105_063513_cxx17/CMakeFiles/3.28.3/CompilerIdC/CMakeCCompilerId.c", "pattern": "/^#  define COMPILER_VERSION_TWEAK /", "file": true, "language": "C", "kind": "macro"}, {"_type": "tag", "name": "COMPILER_VERSION_TWEAK", "path": "/home/kavia/workspace/code-generation/app-gateway2/build/plugin_appgateway_20260105_063513_cxx17/CMakeFiles/3.28.3/CompilerIdC/CMakeCCompilerId.c", "pattern": "/^# define COMPILER_VERSION_TWEAK /", "file": true, "language": "C", "kind": "macro"}, {"_type": "tag", "name": "C_VERSION", "path": "/home/kavia/workspace/code-generation/app-gateway2/build/plugin_appgateway_20260105_063513_cxx17/CMakeFiles/3.28.3/CompilerIdC/CMakeCCompilerId.c", "pattern": "/^#  define C_VERSION /", "file": true, "language": "C", "kind": "macro"}, {"_type": "tag", "name": "C_VERSION", "path": "/home/kavia/workspace/code-generation/app-gateway2/build/plugin_appgateway_20260105_063513_cxx17/CMakeFiles/3.28.3/CompilerIdC/CMakeCCompilerId.c", "pattern": "/^#  define C_VERSION$/", "file": true, "language": "C", "kind": "macro"}, {"_type": "tag", "name": "C_VERSION", "path": "/home/kavia/workspace/code-generation/app-gateway2/build/plugin_appgateway_20260105_063513_cxx17/CMakeFiles/3.28.3/CompilerIdC/CMakeCCompilerId.c", "pattern": "/^# define C_VERSION /", "file": true, "language": "C", "kind": "macro"}, {"_type": "tag", "name": "DEC", "path": "/home/kavia/workspace/code-generation/app-gateway2/build/plugin_appgateway_20260105_063513_cxx17/CMakeFiles/3.28.3/CompilerIdC/CMakeCCompilerId.c", "pattern": "/^#define DEC(/", "file": true, "language": "C", "kind": "macro", "signature": "(n)"}, {"_type": "tag", "name": "HEX", "path": "/home/kavia/workspace/code-generation/app-gateway2/build/plugin_appgateway_20260105_063513_cxx17/CMakeFiles/3.28.3/CompilerIdC/CMakeCCompilerId.c", "pattern": "/^#define HEX(/", "file": true, "language": "C", "kind": "macro", "signature": "(n)"}, {"_type": "tag", "name": "ID_VOID_MAIN", "path": "/home/kavia/workspace/code-generation/app-gateway2/build/plugin_appgateway_20260105_063513_cxx17/CMakeFiles/3.28.3/CompilerIdC/CMakeCCompilerId.c", "pattern": "/^# define ID_VOID_MAIN$/", "file": true, "language": "C", "kind": "macro"}, {"_type": "tag", "name": "PLATFORM_ID", "path": "/home/kavia/workspace/code-generation/app-gateway2/build/plugin_appgateway_20260105_063513_cxx17/CMakeFiles/3.28.3/CompilerIdC/CMakeCCompilerId.c", "pattern": "/^#  define PLATFORM_ID /", "file": true, "language": "C", "kind": "macro"}, {"_type": "tag", "name": "PLATFORM_ID", "path": "/home/kavia/workspace/code-generation/app-gateway2/build/plugin_appgateway_20260105_063513_cxx17/CMakeFiles/3.28.3/CompilerIdC/CMakeCCompilerId.c", "pattern": "/^#  define PLATFORM_ID$/", "file": true, "language": "C", "kind": "macro"}, {"_type": "tag", "name": "PLATFORM_ID", "path": "/home/kavia/workspace/code-generation/app-gateway2/build/plugin_appgateway_20260105_063513_cxx17/CMakeFiles/3.28.3/CompilerIdC/CMakeCCompilerId.c", "pattern": "/^# define PLATFORM_ID /", "file": true, "language": "C", "kind": "macro"}, {"_type": "tag", "name": "PLATFORM_ID", "path": "/home/kavia/workspace/code-generation/app-gateway2/build/plugin_appgateway_20260105_063513_cxx17/CMakeFiles/3.28.3/CompilerIdC/CMakeCCompilerId.c", "pattern": "/^# define PLATFORM_ID$/", "file": true, "language": "C", "kind": "macro"}, {"_type": "tag", "name": "SIMULATE_ID", "path": "/home/kavia/workspace/code-generation/app-gateway2/build/plugin_appgateway_20260105_063513_cxx17/CMakeFiles/3.28.3/CompilerIdC/CMakeCCompilerId.c", "pattern": "/^#  define SIMULATE_ID /", "file": true, "language": "C", "kind": "macro"}, {"_type": "tag", "name": "SIMULATE_ID", "path": "/home/kavia/workspace/code-generation/app-gateway2/build/plugin_appgateway_20260105_063513_cxx17/CMakeFiles/3.28.3/CompilerIdC/CMakeCCompilerId.c", "pattern": "/^# define SIMULATE_ID /", "file": true, "language": "C", "kind": "macro"}, {"_type": "tag", "name": "SIMULATE_VERSION_MAJOR", "path": "/home/kavia/workspace/code-generation/app-gateway2/build/plugin_appgateway_20260105_063513_cxx17/CMakeFiles/3.28.3/CompilerIdC/CMakeCCompilerId.c", "pattern": "/^#  define SIMULATE_VERSION_MAJOR /", "file": true, "language": "C", "kind": "macro"}, {"_type": "tag", "name": "SIMULATE_VERSION_MAJOR", "path": "/home/kavia/workspace/code-generation/app-gateway2/build/plugin_appgateway_20260105_063513_cxx17/CMakeFiles/3.28.3/CompilerIdC/CMakeCCompilerId.c", "pattern": "/^# define SIMULATE_VERSION_MAJOR /", "file": true, "language": "C", "kind": "macro"}, {"_type": "tag", "name": "SIMULATE_VERSION_MINOR", "path": "/home/kavia/workspace/code-generation/app-gateway2/build/plugin_appgateway_20260105_063513_cxx17/CMakeFiles/3.28.3/CompilerIdC/CMakeCCompilerId.c", "pattern": "/^#  define SIMULATE_VERSION_MINOR /", "file": true, "language": "C", "kind": "macro"}, {"_type": "tag", "name": "SIMULATE_VERSION_MINOR", "path": "/home/kavia/workspace/code-generation/app-gateway2/build/plugin_appgateway_20260105_063513_cxx17/CMakeFiles/3.28.3/CompilerIdC/CMakeCCompilerId.c", "pattern": "/^# define SIMULATE_VERSION_MINOR /", "file": true, "language": "C", "kind": "macro"}, {"_type": "tag", "name": "SIMULATE_VERSION_PATCH", "path": "/home/kavia/workspace/code-generation/app-gateway2/build/plugin_appgateway_20260105_063513_cxx17/CMakeFiles/3.28.3/CompilerIdC/CMakeCCompilerId.c", "pattern": "/^#   define SIMULATE_VERSION_PATCH /", "file": true, "language": "C", "kind": "macro"}, {"_type": "tag", "name": "SIMULATE_VERSION_PATCH", "path": "/home/kavia/workspace/code-generation/app-gateway2/build/plugin_appgateway_20260105_063513_cxx17/CMakeFiles/3.28.3/CompilerIdC/CMakeCCompilerId.c", "pattern": "/^#  define SIMULATE_VERSION_PATCH /", "file": true, "language": "C", "kind": "macro"}, {"_type": "tag", "name": "SIMULATE_VERSION_PATCH", "path": "/home/kavia/workspace/code-generation/app-gateway2/build/plugin_appgateway_20260105_063513_cxx17/CMakeFiles/3.28.3/CompilerIdC/CMakeCCompilerId.c", "pattern": "/^# define SIMULATE_VERSION_PATCH /", "file": true, "language": "C", "kind": "macro"}, {"_type": "tag", "name": "STRINGIFY", "path": "/home/kavia/workspace/code-generation/app-gateway2/build/plugin_appgateway_20260105_063513_cxx17/CMakeFiles/3.28.3/CompilerIdC/CMakeCCompilerId.c", "pattern": "/^#define STRINGIFY(/", "file": true, "language": "C", "kind": "macro", "signature": "(X)"}, {"_type": "tag", "name": "STRINGIFY_HELPER", "path": "/home/kavia/workspace/code-generation/app-gateway2/build/plugin_appgateway_20260105_063513_cxx17/CMakeFiles/3.28.3/CompilerIdC/CMakeCCompilerId.c", "pattern": "/^#define STRINGIFY_HELPER(/", "file": true, "language": "C", "kind": "macro", "signature": "(X)"}, {"_type": "tag", "name": "__has_include", "path": "/home/kavia/workspace/code-generation/app-gateway2/build/plugin_appgateway_20260105_063513_cxx17/CMakeFiles/3.28.3/CompilerIdC/CMakeCCompilerId.c", "pattern": "/^#  define __has_include(/", "file": true, "language": "C", "kind": "macro", "signature": "(x)"}, {"_type": "tag", "name": "const", "path": "/home/kavia/workspace/code-generation/app-gateway2/build/plugin_appgateway_20260105_063513_cxx17/CMakeFiles/3.28.3/CompilerIdC/CMakeCCompilerId.c", "pattern": "/^# define const$/", "file": true, "language": "C", "kind": "macro"}, {"_type": "tag", "name": "info_arch", "path": "/home/kavia/workspace/code-generation/app-gateway2/build/plugin_appgateway_20260105_063513_cxx17/CMakeFiles/3.28.3/CompilerIdC/CMakeCCompilerId.c", "pattern": "/^char const* info_arch = \"INFO\" \":\" \"arch[\" ARCHITECTURE_ID \"]\";$/", "language": "C", "typeref": "typename:char const *", "kind": "variable"}, {"_type": "tag", "name": "info_compiler", "path": "/home/kavia/workspace/code-generation/app-gateway2/build/plugin_appgateway_20260105_063513_cxx17/CMakeFiles/3.28.3/CompilerIdC/CMakeCCompilerId.c", "pattern": "/^char const* info_compiler = \"INFO\" \":\" \"compiler[\" COMPILER_ID \"]\";$/", "language": "C", "typeref": "typename:char const *", "kind": "variable"}, {"_type": "tag", "name": "info_cray", "path": "/home/kavia/workspace/code-generation/app-gateway2/build/plugin_appgateway_20260105_063513_cxx17/CMakeFiles/3.28.3/CompilerIdC/CMakeCCompilerId.c", "pattern": "/^char const *info_cray = \"INFO\" \":\" \"compiler_wrapper[CrayPrgEnv]\";$/", "language": "C", "typeref": "typename:char const *", "kind": "variable"}, {"_type": "tag", "name": "info_language_extensions_default", "path": "/home/kavia/workspace/code-generation/app-gateway2/build/plugin_appgateway_20260105_063513_cxx17/CMakeFiles/3.28.3/CompilerIdC/CMakeCCompilerId.c", "pattern": "/^const char* info_language_extensions_default = \"INFO\" \":\" \"extensions_default[\"$/", "language": "C", "typeref": "typename:const char *", "kind": "variable"}, {"_type": "tag", "name": "info_language_standard_default", "path": "/home/kavia/workspace/code-generation/app-gateway2/build/plugin_appgateway_20260105_063513_cxx17/CMakeFiles/3.28.3/CompilerIdC/CMakeCCompilerId.c", "pattern": "/^const char* info_language_standard_default =$/", "language": "C", "typeref": "typename:const char *", "kind": "variable"}, {"_type": "tag", "name": "info_platform", "path": "/home/kavia/workspace/code-generation/app-gateway2/build/plugin_appgateway_20260105_063513_cxx17/CMakeFiles/3.28.3/CompilerIdC/CMakeCCompilerId.c", "pattern": "/^char const* info_platform = \"INFO\" \":\" \"platform[\" PLATFORM_ID \"]\";$/", "language": "C", "typeref": "typename:char const *", "kind": "variable"}, {"_type": "tag", "name": "info_simulate", "path": "/home/kavia/workspace/code-generation/app-gateway2/build/plugin_appgateway_20260105_063513_cxx17/CMakeFiles/3.28.3/CompilerIdC/CMakeCCompilerId.c", "pattern": "/^char const* info_simulate = \"INFO\" \":\" \"simulate[\" SIMULATE_ID \"]\";$/", "language": "C", "typeref": "typename:char const *", "kind": "variable"}, {"_type": "tag", "name": "info_simulate_version", "path": "/home/kavia/workspace/code-generation/app-gateway2/build/plugin_appgateway_20260105_063513_cxx17/CMakeFiles/3.28.3/CompilerIdC/CMakeCCompilerId.c", "pattern": "/^char const info_simulate_version[] = {$/", "language": "C", "typeref": "typename:char const[]", "kind": "variable"}, {"_type": "tag", "name": "info_version", "path": "/home/kavia/workspace/code-generation/app-gateway2/build/plugin_appgateway_20260105_063513_cxx17/CMakeFiles/3.28.3/CompilerIdC/CMakeCCompilerId.c", "pattern": "/^char const info_version[] = {$/", "language": "C", "typeref": "typename:char const[]", "kind": "variable"}, {"_type": "tag", "name": "info_version", "path": "/home/kavia/workspace/code-generation/app-gateway2/build/plugin_appgateway_20260105_063513_cxx17/CMakeFiles/3.28.3/CompilerIdC/CMakeCCompilerId.c", "pattern": "/^char const* info_version = \"INFO\" \":\" \"compiler_version[\" COMPILER_VERSION \"]\";$/", "language": "C", "typeref": "typename:char const *", "kind": "variable"}, {"_type": "tag", "name": "info_version_internal", "path": "/home/kavia/workspace/code-generation/app-gateway2/build/plugin_appgateway_20260105_063513_cxx17/CMakeFiles/3.28.3/CompilerIdC/CMakeCCompilerId.c", "pattern": "/^char const info_version_internal[] = {$/", "language": "C", "typeref": "typename:char const[]", "kind": "variable"}, {"_type": "tag", "name": "info_version_internal", "path": "/home/kavia/workspace/code-generation/app-gateway2/build/plugin_appgateway_20260105_063513_cxx17/CMakeFiles/3.28.3/CompilerIdC/CMakeCCompilerId.c", "pattern": "/^char const* info_version_internal = \"INFO\" \":\" \"compiler_version_internal[\" COMPILER_VERSION_INT/", "language": "C", "typeref": "typename:char const *", "kind": "variable"}, {"_type": "tag", "name": "main", "path": "/home/kavia/workspace/code-generation/app-gateway2/build/plugin_appgateway_20260105_063513_cxx17/CMakeFiles/3.28.3/CompilerIdC/CMakeCCompilerId.c", "pattern": "/^int main(argc, argv) int argc; char *argv[];$/", "language": "C", "kind": "function", "signature": "(argc,argv)"}, {"_type": "tag", "name": "main", "path": "/home/kavia/workspace/code-generation/app-gateway2/build/plugin_appgateway_20260105_063513_cxx17/CMakeFiles/3.28.3/CompilerIdC/CMakeCCompilerId.c", "pattern": "/^void main() {}$/", "language": "C", "typeref": "typename:void", "kind": "function", "signature": "()"}, {"_type": "tag", "name": "qnxnto", "path": "/home/kavia/workspace/code-generation/app-gateway2/build/plugin_appgateway_20260105_063513_cxx17/CMakeFiles/3.28.3/CompilerIdC/CMakeCCompilerId.c", "pattern": "/^char const* qnxnto = \"INFO\" \":\" \"qnxnto[]\";$/", "language": "C", "typeref": "typename:char const *", "kind": "variable"}, {"_type": "tag", "name": "volatile", "path": "/home/kavia/workspace/code-generation/app-gateway2/build/plugin_appgateway_20260105_063513_cxx17/CMakeFiles/3.28.3/CompilerIdC/CMakeCCompilerId.c", "pattern": "/^# define volatile$/", "file": true, "language": "C", "kind": "macro"}], "hash": "1cbb78ba054c464b110c5ea797d237e2", "format-version": 4, "code-base-name": "app-gateway2", "filename": "build/plugin_appgateway_20260105_063513_cxx17/CMakeFiles/3.28.3/CompilerIdC/CMakeCCompilerId.c", "fields": [{"name": "char const * info_arch", "scope": "", "scopeKind": "", "description": "unavailable"}, {"name": "char const * info_compiler", "scope": "", "scopeKind": "", "description": "unavailable"}, {"name": "char const * info_cray", "scope": "", "scopeKind": "", "description": "unavailable"}, {"name": "const char * info_language_extensions_default", "scope": "", "scopeKind": "", "description": "unavailable"}, {"name": "const char * info_language_standard_default", "scope": "", "scopeKind": "", "description": "unavailable"}, {"name": "char const * info_platform", "scope": "", "scopeKind": "", "description": "unavailable"}, {"name": "char const * info_simulate", "scope": "", "scopeKind": "", "description": "unavailable"}, {"name": "char const[] info_simulate_version", "scope": "", "scopeKind": "", "description": "unavailable"}, {"name": "char const[] info_version", "scope": "", "scopeKind": "", "description": "unavailable"}, {"name": "char const * info_version", "scope": "", "scopeKind": "", "description": "unavailable"}, {"name": "char const[] info_version_internal", "scope": "", "scopeKind": "", "description": "unavailable"}, {"name": "char const * info_version_internal", "scope": "", "scopeKind": "", "description": "unavailable"}, {"name": "char const * qnxnto", "scope": "", "scopeKind": "", "description": "unavailable"}], "revision_history": [{"18175": "815be4968d388447e4cbce36c9c7cd6535e741db"}]}