{"is_source_file": true, "format": "C++ (CXX14, GNU11 standard)", "description": "This file is a build compilation command database (compile_commands.json) generated by CMake, listing compilation commands and source files for the plugin_appgateway component. It includes references to multiple source files related to the AppGateway plugin, such as AppGateway.cpp, AppGatewayImplementation.cpp, AppGatewayResponderImplementation.cpp, Resolver.cpp, and Module.cpp. The file itself does not contain actual source code content but rather metadata for the build system.", "external_files": ["AppGateway.cpp", "AppGatewayImplementation.cpp", "AppGatewayResponderImplementation.cpp", "Resolver.cpp", "Module.cpp"], "external_methods": [], "published": [], "classes": [], "methods": [], "calls": [], "search-terms": ["compile_commands.json", "build system", "CMake", "Plugin_AppGateway", "AppGateway.cpp", "AppGatewayImplementation.cpp", "AppGatewayResponderImplementation.cpp", "Resolver.cpp", "Module.cpp", "build metadata"], "state": 2, "file_id": 9202, "knowledge_revision": 18876, "git_revision": "a019ef1ecf9043a6387775f8d60762f619f4c761", "hash": "b1f4d1c8fcc1b1244b9e2cdfb956cffd", "format-version": 4, "code-base-name": "app-gateway2", "filename": "build/plugin_appgateway_20260106_062503_cxx14/compile_commands.json", "revision_history": [{"18876": "a019ef1ecf9043a6387775f8d60762f619f4c761"}]}