{"is_source_file": true, "format": "C++ header file", "description": "This file defines an interface for a test utility within the WPEFramework, including nested command execution and iteration structures, using virtual inheritance and pure virtual methods.", "external_files": ["Module.h"], "external_methods": [], "published": ["ID_TESTUTILITY", "ID_TESTUTILITY_COMMAND", "ID_TESTUTILITY_ITERATOR"], "classes": [{"name": "WPEFramework::Exchange::ITestUtility", "description": "An interface for test utilities providing command management and shutdown timeout configuration", "methods": [{"name": "Commands", "description": "Returns an iterator over available commands"}, {"name": "Command", "description": "Retrieves a specific command by name"}, {"name": "ShutdownTimeout", "description": "Sets or gets the shutdown timeout duration"}]}, {"name": "WPEFramework::Exchange::ITestUtility::ICommand", "description": "An interface for individual commands within the test utility", "methods": [{"name": "Execute", "description": "Executes the command with provided parameters and returns the result"}, {"name": "Description", "description": "Provides a textual description of the command"}, {"name": "Signature", "description": "Provides the signature of the command"}, {"name": "Name", "description": "Returns the name of the command"}]}, {"name": "WPEFramework::Exchange::ITestUtility::ICommand::IIterator", "description": "An iterator interface for traversing commands", "methods": [{"name": "Reset", "description": "Resets the iterator to the beginning"}, {"name": "IsValid", "description": "Checks if the current iterator position is valid"}, {"name": "Next", "description": "Advances the iterator to the next command"}, {"name": "Command", "description": "Returns the current command"}]}], "calls": [], "search-terms": ["ITestUtility", "ICommand", "IIterator", "WPEFramework", "interface", "test utility"], "state": 2, "file_id": 8559, "knowledge_revision": 17268, "git_revision": "0f87a35b32215bc8547fb583d6c84bd51f603f69", "ctags": [{"_type": "tag", "name": "Exchange", "path": "/home/kavia/workspace/code-generation/app-gateway2/dependencies/install/include/WPEFramework/interfaces/ITestUtility.h", "pattern": "/^namespace Exchange {$/", "language": "C++", "kind": "namespace", "scope": "WPEFramework", "scopeKind": "namespace"}, {"_type": "tag", "name": "ICommand", "path": "/home/kavia/workspace/code-generation/app-gateway2/dependencies/install/include/WPEFramework/interfaces/ITestUtility.h", "pattern": "/^        struct EXTERNAL ICommand : virtual public Core::IUnknown {$/", "language": "C++", "kind": "struct", "scope": "WPEFramework::Exchange::ITestUtility", "scopeKind": "struct"}, {"_type": "tag", "name": "ID", "path": "/home/kavia/workspace/code-generation/app-gateway2/dependencies/install/include/WPEFramework/interfaces/ITestUtility.h", "pattern": "/^                enum { ID = ID_TESTUTILITY_ITERATOR };$/", "language": "C++", "kind": "enumerator", "scope": "WPEFramework::Exchange::ITestUtility::ICommand::IIterator::__anon0258cc670303", "scopeKind": "enum"}, {"_type": "tag", "name": "ID", "path": "/home/kavia/workspace/code-generation/app-gateway2/dependencies/install/include/WPEFramework/interfaces/ITestUtility.h", "pattern": "/^            enum { ID = ID_TESTUTILITY_COMMAND };$/", "language": "C++", "kind": "enumerator", "scope": "WPEFramework::Exchange::ITestUtility::ICommand::__anon0258cc670203", "scopeKind": "enum"}, {"_type": "tag", "name": "ID", "path": "/home/kavia/workspace/code-generation/app-gateway2/dependencies/install/include/WPEFramework/interfaces/ITestUtility.h", "pattern": "/^        enum { ID = ID_TESTUTILITY };$/", "language": "C++", "kind": "enumerator", "scope": "WPEFramework::Exchange::ITestUtility::__anon0258cc670103", "scopeKind": "enum"}, {"_type": "tag", "name": "IIterator", "path": "/home/kavia/workspace/code-generation/app-gateway2/dependencies/install/include/WPEFramework/interfaces/ITestUtility.h", "pattern": "/^            struct EXTERNAL IIterator : virtual public Core::IUnknown {$/", "language": "C++", "kind": "struct", "scope": "WPEFramework::Exchange::ITestUtility::ICommand", "scopeKind": "struct"}, {"_type": "tag", "name": "ITestUtility", "path": "/home/kavia/workspace/code-generation/app-gateway2/dependencies/install/include/WPEFramework/interfaces/ITestUtility.h", "pattern": "/^    struct EXTERNAL ITestUtility : virtual public Core::IUnknown {$/", "language": "C++", "kind": "struct", "scope": "WPEFramework::Exchange", "scopeKind": "namespace"}, {"_type": "tag", "name": "WPEFramework", "path": "/home/kavia/workspace/code-generation/app-gateway2/dependencies/install/include/WPEFramework/interfaces/ITestUtility.h", "pattern": "/^namespace WPEFramework {$/", "language": "C++", "kind": "namespace"}, {"_type": "tag", "name": "__anon0258cc670103", "path": "/home/kavia/workspace/code-generation/app-gateway2/dependencies/install/include/WPEFramework/interfaces/ITestUtility.h", "pattern": "/^        enum { ID = ID_TESTUTILITY };$/", "language": "C++", "kind": "enum", "scope": "WPEFramework::Exchange::ITestUtility", "scopeKind": "struct"}, {"_type": "tag", "name": "__anon0258cc670203", "path": "/home/kavia/workspace/code-generation/app-gateway2/dependencies/install/include/WPEFramework/interfaces/ITestUtility.h", "pattern": "/^            enum { ID = ID_TESTUTILITY_COMMAND };$/", "language": "C++", "kind": "enum", "scope": "WPEFramework::Exchange::ITestUtility::ICommand", "scopeKind": "struct"}, {"_type": "tag", "name": "__anon0258cc670303", "path": "/home/kavia/workspace/code-generation/app-gateway2/dependencies/install/include/WPEFramework/interfaces/ITestUtility.h", "pattern": "/^                enum { ID = ID_TESTUTILITY_ITERATOR };$/", "language": "C++", "kind": "enum", "scope": "WPEFramework::Exchange::ITestUtility::ICommand::IIterator", "scopeKind": "struct"}], "hash": "b14d69454fb11feb85b73018dcae6e6a", "format-version": 4, "code-base-name": "app-gateway2", "filename": "dependencies/install/include/WPEFramework/interfaces/ITestUtility.h", "revision_history": [{"17268": "0f87a35b32215bc8547fb583d6c84bd51f603f69"}]}