{"is_source_file": true, "format": "C++", "description": "This file contains enumeration mapping code for the AVSController JSON-RPC API, automatically generated from 'IAVSClient.h'. It defines conversions for dialog state enumeration values used within the AVSController interface.", "external_files": ["core/Enumerate.h", "definitions.h", "interfaces/IAVSClient.h", "JsonData_AVSController.h"], "external_methods": [], "published": ["Exchange::IAVSController::INotification::dialoguestate"], "classes": [], "methods": [{"name": "ENUM_CONVERSION_BEGIN(Exchange::IAVSController::INotification::dialoguestate)", "scope": "WPEFramework", "scopeKind": "namespace", "description": "unavailable"}], "calls": [], "search-terms": ["ENUM_CONVERSION_BEGIN", "ENUM_CONVERSION_END", "dialoguestate", "IAVSClient", "JsonEnum_AVSController"], "state": 2, "file_id": 8873, "knowledge_revision": 18536, "git_revision": "a019ef1ecf9043a6387775f8d60762f619f4c761", "ctags": [{"_type": "tag", "name": "ENUM_CONVERSION_BEGIN", "path": "/home/kavia/workspace/code-generation/app-gateway2/dependencies/build/ThunderInterfaces/definitions/generated/JsonEnum_AVSController.cpp", "pattern": "/^ENUM_CONVERSION_BEGIN(Exchange::IAVSController::INotification::dialoguestate)$/", "language": "C++", "kind": "function", "signature": "(Exchange::IAVSController::INotification::dialoguestate)", "scope": "WPEFramework", "scopeKind": "namespace"}, {"_type": "tag", "name": "WPEFramework", "path": "/home/kavia/workspace/code-generation/app-gateway2/dependencies/build/ThunderInterfaces/definitions/generated/JsonEnum_AVSController.cpp", "pattern": "/^namespace WPEFramework {$/", "file": true, "language": "C++", "kind": "namespace"}], "hash": "59dca40d5fd0d9330fd8ea1a87baae0b", "format-version": 4, "code-base-name": "app-gateway2", "filename": "dependencies/build/ThunderInterfaces/definitions/generated/JsonEnum_AVSController.cpp", "revision_history": [{"18536": "a019ef1ecf9043a6387775f8d60762f619f4c761"}]}