{"is_source_file": true, "format": "C++ header file", "description": "This file defines JSON data classes related to Player Info API, including data structures for Dolby modes and supported codecs, generated from a JSON schema.", "external_files": ["<core/JSON.h>", "<core/Enumerate.h>"], "external_methods": [], "published": ["Core::JSON::Container", "Core::JSON::EnumType", "Core::JSON::ArrayType", "Add"], "classes": [{"name": "DolbymodeData", "description": "Represents Dolby output mode settings with enumeration types for different Dolby configurations."}, {"name": "CodecsData", "description": "Contains arrays of supported audio and video codecs, with enumerations for each codec type."}], "methods": [{"name": "DolbymodeData()", "description": "Constructor initializing JSON container and adding 'value' member.", "scope": "WPEFramework::JsonData::PlayerInfo::DolbymodeData", "scopeKind": "class"}, {"name": "IsValid()", "description": "Always returns true; placeholder for validation logic."}, {"name": "CodecsData()", "description": "Constructor initializing JSON container with 'audio' and 'video' members.", "scope": "WPEFramework::JsonData::PlayerInfo::CodecsData", "scopeKind": "class"}, {"name": "bool IsValid() const", "scope": "WPEFramework::JsonData::PlayerInfo::DolbymodeData", "scopeKind": "class", "description": "unavailable"}], "calls": ["Add"], "search-terms": ["PlayerInfo", "DolbyType", "CodecsData", "JsonData_PlayerInfo"], "state": 2, "file_id": 8494, "knowledge_revision": 17207, "git_revision": "a019ef1ecf9043a6387775f8d60762f619f4c761", "ctags": [{"_type": "tag", "name": "AAC", "path": "/home/kavia/workspace/code-generation/app-gateway2/dependencies/install/include/WPEFramework/interfaces/json/JsonData_PlayerInfo.h", "pattern": "/^                AAC,$/", "language": "C++", "kind": "enumerator", "scope": "WPEFramework::JsonData::PlayerInfo::CodecsData::AudiocodecsType", "scopeKind": "enum"}, {"_type": "tag", "name": "AC3", "path": "/home/kavia/workspace/code-generation/app-gateway2/dependencies/install/include/WPEFramework/interfaces/json/JsonData_PlayerInfo.h", "pattern": "/^                AC3,$/", "language": "C++", "kind": "enumerator", "scope": "WPEFramework::JsonData::PlayerInfo::CodecsData::AudiocodecsType", "scopeKind": "enum"}, {"_type": "tag", "name": "AC3PLUS", "path": "/home/kavia/workspace/code-generation/app-gateway2/dependencies/install/include/WPEFramework/interfaces/json/JsonData_PlayerInfo.h", "pattern": "/^                AC3PLUS,$/", "language": "C++", "kind": "enumerator", "scope": "WPEFramework::JsonData::PlayerInfo::CodecsData::AudiocodecsType", "scopeKind": "enum"}, {"_type": "tag", "name": "AUTO", "path": "/home/kavia/workspace/code-generation/app-gateway2/dependencies/install/include/WPEFramework/interfaces/json/JsonData_PlayerInfo.h", "pattern": "/^                AUTO = 5$/", "language": "C++", "kind": "enumerator", "scope": "WPEFramework::JsonData::PlayerInfo::DolbymodeData::DolbyType", "scopeKind": "enum"}, {"_type": "tag", "name": "Audio", "path": "/home/kavia/workspace/code-generation/app-gateway2/dependencies/install/include/WPEFramework/interfaces/json/JsonData_PlayerInfo.h", "pattern": "/^            Core::JSON::ArrayType<Core::JSON::EnumType<CodecsData::AudiocodecsType>> Audio; \\/\\//", "language": "C++", "typeref": "typename:Core::JSON::ArrayType<Core::JSON::EnumType<CodecsData::AudiocodecsType>>", "kind": "member", "scope": "WPEFramework::JsonData::PlayerInfo::CodecsData", "scopeKind": "class"}, {"_type": "tag", "name": "AudiocodecsType", "path": "/home/kavia/workspace/code-generation/app-gateway2/dependencies/install/include/WPEFramework/interfaces/json/JsonData_PlayerInfo.h", "pattern": "/^            enum class AudiocodecsType : uint8_t {$/", "language": "C++", "typeref": "typename:uint8_t", "kind": "enum", "scope": "WPEFramework::JsonData::PlayerInfo::CodecsData", "scopeKind": "class"}, {"_type": "tag", "name": "CodecsData", "path": "/home/kavia/workspace/code-generation/app-gateway2/dependencies/install/include/WPEFramework/interfaces/json/JsonData_PlayerInfo.h", "pattern": "/^            CodecsData()$/", "language": "C++", "kind": "function", "signature": "()", "scope": "WPEFramework::JsonData::PlayerInfo::CodecsData", "scopeKind": "class"}, {"_type": "tag", "name": "CodecsData", "path": "/home/kavia/workspace/code-generation/app-gateway2/dependencies/install/include/WPEFramework/interfaces/json/JsonData_PlayerInfo.h", "pattern": "/^        class CodecsData : public Core::JSON::Container {$/", "language": "C++", "kind": "class", "scope": "WPEFramework::JsonData::PlayerInfo", "scopeKind": "namespace"}, {"_type": "tag", "name": "DIGITAL_AC3", "path": "/home/kavia/workspace/code-generation/app-gateway2/dependencies/install/include/WPEFramework/interfaces/json/JsonData_PlayerInfo.h", "pattern": "/^                DIGITAL_AC3 = 4,$/", "language": "C++", "kind": "enumerator", "scope": "WPEFramework::JsonData::PlayerInfo::DolbymodeData::DolbyType", "scopeKind": "enum"}, {"_type": "tag", "name": "DIGITAL_PCM", "path": "/home/kavia/workspace/code-generation/app-gateway2/dependencies/install/include/WPEFramework/interfaces/json/JsonData_PlayerInfo.h", "pattern": "/^                DIGITAL_PCM = 0,$/", "language": "C++", "kind": "enumerator", "scope": "WPEFramework::JsonData::PlayerInfo::DolbymodeData::DolbyType", "scopeKind": "enum"}, {"_type": "tag", "name": "DIGITAL_PLUS", "path": "/home/kavia/workspace/code-generation/app-gateway2/dependencies/install/include/WPEFramework/interfaces/json/JsonData_PlayerInfo.h", "pattern": "/^                DIGITAL_PLUS = 3,$/", "language": "C++", "kind": "enumerator", "scope": "WPEFramework::JsonData::PlayerInfo::DolbymodeData::DolbyType", "scopeKind": "enum"}, {"_type": "tag", "name": "DTS", "path": "/home/kavia/workspace/code-generation/app-gateway2/dependencies/install/include/WPEFramework/interfaces/json/JsonData_PlayerInfo.h", "pattern": "/^                DTS,$/", "language": "C++", "kind": "enumerator", "scope": "WPEFramework::JsonData::PlayerInfo::CodecsData::AudiocodecsType", "scopeKind": "enum"}, {"_type": "tag", "name": "DolbyType", "path": "/home/kavia/workspace/code-generation/app-gateway2/dependencies/install/include/WPEFramework/interfaces/json/JsonData_PlayerInfo.h", "pattern": "/^            enum class DolbyType : uint8_t {$/", "language": "C++", "typeref": "typename:uint8_t", "kind": "enum", "scope": "WPEFramework::JsonData::PlayerInfo::DolbymodeData", "scopeKind": "class"}, {"_type": "tag", "name": "DolbymodeData", "path": "/home/kavia/workspace/code-generation/app-gateway2/dependencies/install/include/WPEFramework/interfaces/json/JsonData_PlayerInfo.h", "pattern": "/^            DolbymodeData()$/", "language": "C++", "kind": "function", "signature": "()", "scope": "WPEFramework::JsonData::PlayerInfo::DolbymodeData", "scopeKind": "class"}, {"_type": "tag", "name": "DolbymodeData", "path": "/home/kavia/workspace/code-generation/app-gateway2/dependencies/install/include/WPEFramework/interfaces/json/JsonData_PlayerInfo.h", "pattern": "/^        class DolbymodeData : public Core::JSON::Container {$/", "language": "C++", "kind": "class", "scope": "WPEFramework::JsonData::PlayerInfo", "scopeKind": "namespace"}, {"_type": "tag", "name": "H263", "path": "/home/kavia/workspace/code-generation/app-gateway2/dependencies/install/include/WPEFramework/interfaces/json/JsonData_PlayerInfo.h", "pattern": "/^                H263,$/", "language": "C++", "kind": "enumerator", "scope": "WPEFramework::JsonData::PlayerInfo::CodecsData::VideocodecsType", "scopeKind": "enum"}, {"_type": "tag", "name": "H264", "path": "/home/kavia/workspace/code-generation/app-gateway2/dependencies/install/include/WPEFramework/interfaces/json/JsonData_PlayerInfo.h", "pattern": "/^                H264,$/", "language": "C++", "kind": "enumerator", "scope": "WPEFramework::JsonData::PlayerInfo::CodecsData::VideocodecsType", "scopeKind": "enum"}, {"_type": "tag", "name": "H265", "path": "/home/kavia/workspace/code-generation/app-gateway2/dependencies/install/include/WPEFramework/interfaces/json/JsonData_PlayerInfo.h", "pattern": "/^                H265,$/", "language": "C++", "kind": "enumerator", "scope": "WPEFramework::JsonData::PlayerInfo::CodecsData::VideocodecsType", "scopeKind": "enum"}, {"_type": "tag", "name": "H26510", "path": "/home/kavia/workspace/code-generation/app-gateway2/dependencies/install/include/WPEFramework/interfaces/json/JsonData_PlayerInfo.h", "pattern": "/^                H26510,$/", "language": "C++", "kind": "enumerator", "scope": "WPEFramework::JsonData::PlayerInfo::CodecsData::VideocodecsType", "scopeKind": "enum"}, {"_type": "tag", "name": "IsValid", "path": "/home/kavia/workspace/code-generation/app-gateway2/dependencies/install/include/WPEFramework/interfaces/json/JsonData_PlayerInfo.h", "pattern": "/^            bool IsValid() const$/", "language": "C++", "typeref": "typename:bool", "kind": "function", "signature": "() const", "scope": "WPEFramework::JsonData::PlayerInfo::CodecsData", "scopeKind": "class"}, {"_type": "tag", "name": "IsValid", "path": "/home/kavia/workspace/code-generation/app-gateway2/dependencies/install/include/WPEFramework/interfaces/json/JsonData_PlayerInfo.h", "pattern": "/^            bool IsValid() const$/", "language": "C++", "typeref": "typename:bool", "kind": "function", "signature": "() const", "scope": "WPEFramework::JsonData::PlayerInfo::DolbymodeData", "scopeKind": "class"}, {"_type": "tag", "name": "JsonData", "path": "/home/kavia/workspace/code-generation/app-gateway2/dependencies/install/include/WPEFramework/interfaces/json/JsonData_PlayerInfo.h", "pattern": "/^namespace JsonData {$/", "language": "C++", "kind": "namespace", "scope": "WPEFramework", "scopeKind": "namespace"}, {"_type": "tag", "name": "MPEG", "path": "/home/kavia/workspace/code-generation/app-gateway2/dependencies/install/include/WPEFramework/interfaces/json/JsonData_PlayerInfo.h", "pattern": "/^                MPEG,$/", "language": "C++", "kind": "enumerator", "scope": "WPEFramework::JsonData::PlayerInfo::CodecsData::VideocodecsType", "scopeKind": "enum"}, {"_type": "tag", "name": "MPEG1", "path": "/home/kavia/workspace/code-generation/app-gateway2/dependencies/install/include/WPEFramework/interfaces/json/JsonData_PlayerInfo.h", "pattern": "/^                MPEG1,$/", "language": "C++", "kind": "enumerator", "scope": "WPEFramework::JsonData::PlayerInfo::CodecsData::AudiocodecsType", "scopeKind": "enum"}, {"_type": "tag", "name": "MPEG2", "path": "/home/kavia/workspace/code-generation/app-gateway2/dependencies/install/include/WPEFramework/interfaces/json/JsonData_PlayerInfo.h", "pattern": "/^                MPEG2,$/", "language": "C++", "kind": "enumerator", "scope": "WPEFramework::JsonData::PlayerInfo::CodecsData::AudiocodecsType", "scopeKind": "enum"}, {"_type": "tag", "name": "MPEG3", "path": "/home/kavia/workspace/code-generation/app-gateway2/dependencies/install/include/WPEFramework/interfaces/json/JsonData_PlayerInfo.h", "pattern": "/^                MPEG3,$/", "language": "C++", "kind": "enumerator", "scope": "WPEFramework::JsonData::PlayerInfo::CodecsData::AudiocodecsType", "scopeKind": "enum"}, {"_type": "tag", "name": "MPEG4", "path": "/home/kavia/workspace/code-generation/app-gateway2/dependencies/install/include/WPEFramework/interfaces/json/JsonData_PlayerInfo.h", "pattern": "/^                MPEG4,$/", "language": "C++", "kind": "enumerator", "scope": "WPEFramework::JsonData::PlayerInfo::CodecsData::AudiocodecsType", "scopeKind": "enum"}, {"_type": "tag", "name": "OPUS", "path": "/home/kavia/workspace/code-generation/app-gateway2/dependencies/install/include/WPEFramework/interfaces/json/JsonData_PlayerInfo.h", "pattern": "/^                OPUS,$/", "language": "C++", "kind": "enumerator", "scope": "WPEFramework::JsonData::PlayerInfo::CodecsData::AudiocodecsType", "scopeKind": "enum"}, {"_type": "tag", "name": "PlayerInfo", "path": "/home/kavia/workspace/code-generation/app-gateway2/dependencies/install/include/WPEFramework/interfaces/json/JsonData_PlayerInfo.h", "pattern": "/^    namespace PlayerInfo {$/", "language": "C++", "kind": "namespace", "scope": "WPEFramework::JsonData", "scopeKind": "namespace"}, {"_type": "tag", "name": "UNDEFINED", "path": "/home/kavia/workspace/code-generation/app-gateway2/dependencies/install/include/WPEFramework/interfaces/json/JsonData_PlayerInfo.h", "pattern": "/^                UNDEFINED,$/", "language": "C++", "kind": "enumerator", "scope": "WPEFramework::JsonData::PlayerInfo::CodecsData::AudiocodecsType", "scopeKind": "enum"}, {"_type": "tag", "name": "UNDEFINED", "path": "/home/kavia/workspace/code-generation/app-gateway2/dependencies/install/include/WPEFramework/interfaces/json/JsonData_PlayerInfo.h", "pattern": "/^                UNDEFINED,$/", "language": "C++", "kind": "enumerator", "scope": "WPEFramework::JsonData::PlayerInfo::CodecsData::VideocodecsType", "scopeKind": "enum"}, {"_type": "tag", "name": "VORBISOGG", "path": "/home/kavia/workspace/code-generation/app-gateway2/dependencies/install/include/WPEFramework/interfaces/json/JsonData_PlayerInfo.h", "pattern": "/^                VORBISOGG,$/", "language": "C++", "kind": "enumerator", "scope": "WPEFramework::JsonData::PlayerInfo::CodecsData::AudiocodecsType", "scopeKind": "enum"}, {"_type": "tag", "name": "VP10", "path": "/home/kavia/workspace/code-generation/app-gateway2/dependencies/install/include/WPEFramework/interfaces/json/JsonData_PlayerInfo.h", "pattern": "/^                VP10$/", "language": "C++", "kind": "enumerator", "scope": "WPEFramework::JsonData::PlayerInfo::CodecsData::VideocodecsType", "scopeKind": "enum"}, {"_type": "tag", "name": "VP8", "path": "/home/kavia/workspace/code-generation/app-gateway2/dependencies/install/include/WPEFramework/interfaces/json/JsonData_PlayerInfo.h", "pattern": "/^                VP8,$/", "language": "C++", "kind": "enumerator", "scope": "WPEFramework::JsonData::PlayerInfo::CodecsData::VideocodecsType", "scopeKind": "enum"}, {"_type": "tag", "name": "VP9", "path": "/home/kavia/workspace/code-generation/app-gateway2/dependencies/install/include/WPEFramework/interfaces/json/JsonData_PlayerInfo.h", "pattern": "/^                VP9,$/", "language": "C++", "kind": "enumerator", "scope": "WPEFramework::JsonData::PlayerInfo::CodecsData::VideocodecsType", "scopeKind": "enum"}, {"_type": "tag", "name": "Value", "path": "/home/kavia/workspace/code-generation/app-gateway2/dependencies/install/include/WPEFramework/interfaces/json/JsonData_PlayerInfo.h", "pattern": "/^            Core::JSON::EnumType<DolbymodeData::DolbyType> Value; \\/\\/ Dolby output mode$/", "language": "C++", "typeref": "typename:Core::JSON::EnumType<DolbymodeData::DolbyType>", "kind": "member", "scope": "WPEFramework::JsonData::PlayerInfo::DolbymodeData", "scopeKind": "class"}, {"_type": "tag", "name": "Video", "path": "/home/kavia/workspace/code-generation/app-gateway2/dependencies/install/include/WPEFramework/interfaces/json/JsonData_PlayerInfo.h", "pattern": "/^            Core::JSON::ArrayType<Core::JSON::EnumType<CodecsData::VideocodecsType>> Video; \\/\\//", "language": "C++", "typeref": "typename:Core::JSON::ArrayType<Core::JSON::EnumType<CodecsData::VideocodecsType>>", "kind": "member", "scope": "WPEFramework::JsonData::PlayerInfo::CodecsData", "scopeKind": "class"}, {"_type": "tag", "name": "VideocodecsType", "path": "/home/kavia/workspace/code-generation/app-gateway2/dependencies/install/include/WPEFramework/interfaces/json/JsonData_PlayerInfo.h", "pattern": "/^            enum class VideocodecsType : uint8_t {$/", "language": "C++", "typeref": "typename:uint8_t", "kind": "enum", "scope": "WPEFramework::JsonData::PlayerInfo::CodecsData", "scopeKind": "class"}, {"_type": "tag", "name": "WAV", "path": "/home/kavia/workspace/code-generation/app-gateway2/dependencies/install/include/WPEFramework/interfaces/json/JsonData_PlayerInfo.h", "pattern": "/^                WAV$/", "language": "C++", "kind": "enumerator", "scope": "WPEFramework::JsonData::PlayerInfo::CodecsData::AudiocodecsType", "scopeKind": "enum"}, {"_type": "tag", "name": "WPEFramework", "path": "/home/kavia/workspace/code-generation/app-gateway2/dependencies/install/include/WPEFramework/interfaces/json/JsonData_PlayerInfo.h", "pattern": "/^namespace WPEFramework {$/", "language": "C++", "kind": "namespace"}], "hash": "56b55d3350fb28a6cc8d5ab65d806c70", "format-version": 4, "code-base-name": "app-gateway2", "filename": "dependencies/install/include/WPEFramework/interfaces/json/JsonData_PlayerInfo.h", "fields": [{"name": "Core::JSON::ArrayType<Core::JSON::EnumType<CodecsData::AudiocodecsType>> Audio", "scope": "WPEFramework::JsonData::PlayerInfo::CodecsData", "scopeKind": "class", "description": "unavailable"}, {"name": "Core::JSON::EnumType<DolbymodeData::DolbyType> Value", "scope": "WPEFramework::JsonData::PlayerInfo::DolbymodeData", "scopeKind": "class", "description": "unavailable"}, {"name": "Core::JSON::ArrayType<Core::JSON::EnumType<CodecsData::VideocodecsType>> Video", "scope": "WPEFramework::JsonData::PlayerInfo::CodecsData", "scopeKind": "class", "description": "unavailable"}], "revision_history": [{"17207": "a019ef1ecf9043a6387775f8d60762f619f4c761"}]}