{"is_source_file": true, "format": "C++ header file", "description": "This file defines interface-related macros, includes relevant core and plugin headers, and provides licensing information for the Module interface within the WPEFramework project.", "external_files": ["<core/core.h>", "<plugins/IPlugin.h>", "<plugins/ISubSystem.h>", "<plugins/IShell.h>", "<plugins/IStateControl.h>", "Ids.h"], "external_methods": [], "published": ["MODULE_NAME"], "classes": [], "methods": [], "calls": [], "search-terms": ["Module.h", "WPEFramework", "interfaces", "PLUGIN", "ID", "core.h", "Plugins"], "state": 2, "file_id": 8343, "knowledge_revision": 17052, "git_revision": "0f87a35b32215bc8547fb583d6c84bd51f603f69", "ctags": [{"_type": "tag", "name": "MODULE_NAME", "path": "/home/kavia/workspace/code-generation/app-gateway2/dependencies/install/include/WPEFramework/definitions/Module.h", "pattern": "/^#define MODULE_NAME /", "language": "C++", "kind": "macro"}], "hash": "0e06a852a4d63f90432e964324cc9ea6", "format-version": 4, "code-base-name": "app-gateway2", "filename": "dependencies/install/include/WPEFramework/definitions/Module.h", "revision_history": [{"17052": "0f87a35b32215bc8547fb583d6c84bd51f603f69"}]}