{"is_source_file": true, "format": "C++ header file", "description": "This file defines an interface for language tagging within the WPEFramework project, including notification mechanisms for language changes and methods to get or set the current language.", "external_files": ["Module.h"], "external_methods": [], "published": ["WPEFramework::Exchange::ILanguageTag"], "classes": [{"name": "ILanguageTag", "description": "An interface for managing language tags, including registration of notifications and retrieval or setting of the current language."}, {"name": "ILanguageTag::INotification", "description": "Notification interface for changes to the language tag."}], "methods": [{"name": "Register", "description": "Registers a notification sink to receive language change notifications."}, {"name": "Unregister", "description": "Unregisters a previously registered notification sink."}, {"name": "Language (getter)", "description": "Retrieves the current language setting as a string."}, {"name": "Language (setter)", "description": "Sets the current language using a string identifier."}], "calls": [], "search-terms": ["ILanguageTag", "LanguageTag interface", "WPEFramework languages", "language change notification", "RFC5646 language", "language registration", "notification sink"], "state": 2, "file_id": 8361, "knowledge_revision": 17070, "git_revision": "0f87a35b32215bc8547fb583d6c84bd51f603f69", "ctags": [{"_type": "tag", "name": "Exchange", "path": "/home/kavia/workspace/code-generation/app-gateway2/dependencies/install/include/WPEFramework/interfaces/ILanguageTag.h", "pattern": "/^namespace Exchange {$/", "language": "C++", "kind": "namespace", "scope": "WPEFramework", "scopeKind": "namespace"}, {"_type": "tag", "name": "ID", "path": "/home/kavia/workspace/code-generation/app-gateway2/dependencies/install/include/WPEFramework/interfaces/ILanguageTag.h", "pattern": "/^            enum { ID = ID_LANGUAGETAG_NOTIFICATION };$/", "language": "C++", "kind": "enumerator", "scope": "WPEFramework::Exchange::ILanguageTag::INotification::__anon4f1625130203", "scopeKind": "enum"}, {"_type": "tag", "name": "ID", "path": "/home/kavia/workspace/code-generation/app-gateway2/dependencies/install/include/WPEFramework/interfaces/ILanguageTag.h", "pattern": "/^        enum { ID = ID_LANGUAGETAG };$/", "language": "C++", "kind": "enumerator", "scope": "WPEFramework::Exchange::ILanguageTag::__anon4f1625130103", "scopeKind": "enum"}, {"_type": "tag", "name": "ILanguageTag", "path": "/home/kavia/workspace/code-generation/app-gateway2/dependencies/install/include/WPEFramework/interfaces/ILanguageTag.h", "pattern": "/^    struct EXTERNAL ILanguageTag : virtual public Core::IUnknown {$/", "language": "C++", "kind": "struct", "scope": "WPEFramework::Exchange", "scopeKind": "namespace"}, {"_type": "tag", "name": "INotification", "path": "/home/kavia/workspace/code-generation/app-gateway2/dependencies/install/include/WPEFramework/interfaces/ILanguageTag.h", "pattern": "/^        struct EXTERNAL INotification : virtual public Core::IUnknown {$/", "language": "C++", "kind": "struct", "scope": "WPEFramework::Exchange::ILanguageTag", "scopeKind": "struct"}, {"_type": "tag", "name": "WPEFramework", "path": "/home/kavia/workspace/code-generation/app-gateway2/dependencies/install/include/WPEFramework/interfaces/ILanguageTag.h", "pattern": "/^namespace WPEFramework {$/", "language": "C++", "kind": "namespace"}, {"_type": "tag", "name": "__anon4f1625130103", "path": "/home/kavia/workspace/code-generation/app-gateway2/dependencies/install/include/WPEFramework/interfaces/ILanguageTag.h", "pattern": "/^        enum { ID = ID_LANGUAGETAG };$/", "language": "C++", "kind": "enum", "scope": "WPEFramework::Exchange::ILanguageTag", "scopeKind": "struct"}, {"_type": "tag", "name": "__anon4f1625130203", "path": "/home/kavia/workspace/code-generation/app-gateway2/dependencies/install/include/WPEFramework/interfaces/ILanguageTag.h", "pattern": "/^            enum { ID = ID_LANGUAGETAG_NOTIFICATION };$/", "language": "C++", "kind": "enum", "scope": "WPEFramework::Exchange::ILanguageTag::INotification", "scopeKind": "struct"}], "hash": "86c42a5845d1c8cb6da0c10369b1a2d8", "format-version": 4, "code-base-name": "app-gateway2", "filename": "dependencies/install/include/WPEFramework/interfaces/ILanguageTag.h", "revision_history": [{"17070": "0f87a35b32215bc8547fb583d6c84bd51f603f69"}]}