{"is_source_file": true, "format": "C++ header file", "description": "This file defines the Rectangle class within the WPEFramework::Core namespace, providing geometric operations such as combining rectangles, intersection, overlap detection, and containment checks.", "external_files": ["Module.h"], "external_methods": ["std::min", "std::max"], "published": ["WPEFramework::Core::Rectangle"], "classes": [{"name": "Rectangle", "description": "A class representing a rectangle with integer coordinates and dimensions, supporting operations like comparison, combination, intersection, overlap detection, and containment."}], "methods": [{"name": "operator==", "description": "Checks if two rectangles are equal based on their x, y, w, h values."}, {"name": "operator!=", "description": "Checks if two rectangles are not equal."}, {"name": "Rectangle & combine(const Rectangle & r)", "description": "Expands the current rectangle to include another rectangle, forming the minimal bounding rectangle.", "scope": "WPEFramework::Core::Rectangle", "scopeKind": "class"}, {"name": "operator&", "description": "Calculates the intersection of two rectangles, returning a rectangle representing the overlapping area."}, {"name": "bool Overlaps(const Rectangle & r)", "description": "Determines if two rectangles overlap.", "scope": "WPEFramework::Core::Rectangle", "scopeKind": "class"}, {"name": "operator|", "description": "Returns the union (bounding rectangle) of two rectangles."}, {"name": "bool Contains(int tx,int ty) const", "description": "Checks if a point (tx, ty) is within the rectangle.", "scope": "WPEFramework::Core::Rectangle", "scopeKind": "class"}, {"name": "Rectangle()", "scope": "WPEFramework::Core::Rectangle", "scopeKind": "class", "description": "unavailable"}, {"name": "Rectangle(int _x,int _y,int _w,int _h)", "scope": "WPEFramework::Core::Rectangle", "scopeKind": "class", "description": "unavailable"}, {"name": "bool operator !=(const Rectangle & rhs) const", "scope": "WPEFramework::Core::Rectangle", "scopeKind": "class", "description": "unavailable"}, {"name": "Rectangle operator &(const Rectangle & r)", "scope": "WPEFramework::Core::Rectangle", "scopeKind": "class", "description": "unavailable"}, {"name": "bool operator ==(const Rectangle & rhs) const", "scope": "WPEFramework::Core::Rectangle", "scopeKind": "class", "description": "unavailable"}, {"name": "Rectangle operator |(const Rectangle & rhs)", "scope": "WPEFramework::Core::Rectangle", "scopeKind": "class", "description": "unavailable"}], "calls": ["std::min", "std::max"], "search-terms": ["Rectangle class", "core geometry", "rectangle intersection", "bounding rectangle", "overlap detection", "containment check"], "state": 2, "file_id": 8625, "knowledge_revision": 17335, "git_revision": "0f87a35b32215bc8547fb583d6c84bd51f603f69", "ctags": [{"_type": "tag", "name": "Contains", "path": "/home/kavia/workspace/code-generation/app-gateway2/dependencies/install/include/WPEFramework/core/Rectangle.h", "pattern": "/^        bool Contains(int tx, int ty) const$/", "language": "C++", "typeref": "typename:bool", "kind": "function", "signature": "(int tx,int ty) const", "scope": "WPEFramework::Core::Rectangle", "scopeKind": "class"}, {"_type": "tag", "name": "Core", "path": "/home/kavia/workspace/code-generation/app-gateway2/dependencies/install/include/WPEFramework/core/Rectangle.h", "pattern": "/^namespace Core {$/", "language": "C++", "kind": "namespace", "scope": "WPEFramework", "scopeKind": "namespace"}, {"_type": "tag", "name": "Overlaps", "path": "/home/kavia/workspace/code-generation/app-gateway2/dependencies/install/include/WPEFramework/core/Rectangle.h", "pattern": "/^        bool Overlaps(const Rectangle& r)$/", "language": "C++", "typeref": "typename:bool", "kind": "function", "signature": "(const Rectangle & r)", "scope": "WPEFramework::Core::Rectangle", "scopeKind": "class"}, {"_type": "tag", "name": "Rectangle", "path": "/home/kavia/workspace/code-generation/app-gateway2/dependencies/install/include/WPEFramework/core/Rectangle.h", "pattern": "/^        Rectangle()$/", "language": "C++", "kind": "function", "signature": "()", "scope": "WPEFramework::Core::Rectangle", "scopeKind": "class"}, {"_type": "tag", "name": "Rectangle", "path": "/home/kavia/workspace/code-generation/app-gateway2/dependencies/install/include/WPEFramework/core/Rectangle.h", "pattern": "/^        Rectangle(int _x, int _y, int _w, int _h)$/", "language": "C++", "kind": "function", "signature": "(int _x,int _y,int _w,int _h)", "scope": "WPEFramework::Core::Rectangle", "scopeKind": "class"}, {"_type": "tag", "name": "Rectangle", "path": "/home/kavia/workspace/code-generation/app-gateway2/dependencies/install/include/WPEFramework/core/Rectangle.h", "pattern": "/^    class EXTERNAL Rectangle {$/", "language": "C++", "kind": "class", "scope": "WPEFramework::Core", "scopeKind": "namespace"}, {"_type": "tag", "name": "WPEFramework", "path": "/home/kavia/workspace/code-generation/app-gateway2/dependencies/install/include/WPEFramework/core/Rectangle.h", "pattern": "/^namespace WPEFramework {$/", "language": "C++", "kind": "namespace"}, {"_type": "tag", "name": "__RECTANGLE_H", "path": "/home/kavia/workspace/code-generation/app-gateway2/dependencies/install/include/WPEFramework/core/Rectangle.h", "pattern": "/^#define __RECTANGLE_H$/", "language": "C++", "kind": "macro"}, {"_type": "tag", "name": "combine", "path": "/home/kavia/workspace/code-generation/app-gateway2/dependencies/install/include/WPEFramework/core/Rectangle.h", "pattern": "/^        Rectangle& combine(const Rectangle& r)$/", "language": "C++", "typeref": "typename:Rectangle &", "kind": "function", "signature": "(const Rectangle & r)", "scope": "WPEFramework::Core::Rectangle", "scopeKind": "class"}, {"_type": "tag", "name": "h", "path": "/home/kavia/workspace/code-generation/app-gateway2/dependencies/install/include/WPEFramework/core/Rectangle.h", "pattern": "/^        int x, y, w, h;$/", "language": "C++", "typeref": "typename:int", "kind": "member", "scope": "WPEFramework::Core::Rectangle", "scopeKind": "class"}, {"_type": "tag", "name": "operator !=", "path": "/home/kavia/workspace/code-generation/app-gateway2/dependencies/install/include/WPEFramework/core/Rectangle.h", "pattern": "/^        bool operator!=(const Rectangle& rhs) const$/", "language": "C++", "typeref": "typename:bool", "kind": "function", "signature": "(const Rectangle & rhs) const", "scope": "WPEFramework::Core::Rectangle", "scopeKind": "class"}, {"_type": "tag", "name": "operator &", "path": "/home/kavia/workspace/code-generation/app-gateway2/dependencies/install/include/WPEFramework/core/Rectangle.h", "pattern": "/^        Rectangle operator&(const Rectangle& r)$/", "language": "C++", "typeref": "typename:Rectangle", "kind": "function", "signature": "(const Rectangle & r)", "scope": "WPEFramework::Core::Rectangle", "scopeKind": "class"}, {"_type": "tag", "name": "operator ==", "path": "/home/kavia/workspace/code-generation/app-gateway2/dependencies/install/include/WPEFramework/core/Rectangle.h", "pattern": "/^        bool operator==(const Rectangle& rhs) const$/", "language": "C++", "typeref": "typename:bool", "kind": "function", "signature": "(const Rectangle & rhs) const", "scope": "WPEFramework::Core::Rectangle", "scopeKind": "class"}, {"_type": "tag", "name": "operator |", "path": "/home/kavia/workspace/code-generation/app-gateway2/dependencies/install/include/WPEFramework/core/Rectangle.h", "pattern": "/^        Rectangle operator|(const Rectangle& rhs)$/", "language": "C++", "typeref": "typename:Rectangle", "kind": "function", "signature": "(const Rectangle & rhs)", "scope": "WPEFramework::Core::Rectangle", "scopeKind": "class"}, {"_type": "tag", "name": "w", "path": "/home/kavia/workspace/code-generation/app-gateway2/dependencies/install/include/WPEFramework/core/Rectangle.h", "pattern": "/^        int x, y, w, h;$/", "language": "C++", "typeref": "typename:int", "kind": "member", "scope": "WPEFramework::Core::Rectangle", "scopeKind": "class"}, {"_type": "tag", "name": "x", "path": "/home/kavia/workspace/code-generation/app-gateway2/dependencies/install/include/WPEFramework/core/Rectangle.h", "pattern": "/^        int x, y, w, h;$/", "language": "C++", "typeref": "typename:int", "kind": "member", "scope": "WPEFramework::Core::Rectangle", "scopeKind": "class"}, {"_type": "tag", "name": "y", "path": "/home/kavia/workspace/code-generation/app-gateway2/dependencies/install/include/WPEFramework/core/Rectangle.h", "pattern": "/^        int x, y, w, h;$/", "language": "C++", "typeref": "typename:int", "kind": "member", "scope": "WPEFramework::Core::Rectangle", "scopeKind": "class"}], "hash": "213cd40b970684c52c3567e63af75952", "format-version": 4, "code-base-name": "app-gateway2", "filename": "dependencies/install/include/WPEFramework/core/Rectangle.h", "fields": [{"name": "int h", "scope": "WPEFramework::Core::Rectangle", "scopeKind": "class", "description": "unavailable"}, {"name": "int w", "scope": "WPEFramework::Core::Rectangle", "scopeKind": "class", "description": "unavailable"}, {"name": "int x", "scope": "WPEFramework::Core::Rectangle", "scopeKind": "class", "description": "unavailable"}, {"name": "int y", "scope": "WPEFramework::Core::Rectangle", "scopeKind": "class", "description": "unavailable"}], "revision_history": [{"17335": "0f87a35b32215bc8547fb583d6c84bd51f603f69"}]}