{"is_source_file": true, "format": "C++ header", "description": "This file declares cryptographic hash classes and enums within the WPEFramework namespace, providing definitions and interfaces for MD5, SHA1, SHA224, SHA256, SHA384, and SHA512 hash algorithms.", "external_files": ["Module.h"], "external_methods": [], "published": ["WPEFramework::Crypto::MD5", "WPEFramework::Crypto::SHA1", "WPEFramework::Crypto::SHA256", "WPEFramework::Crypto::SHA224", "WPEFramework::Crypto::SHA384", "WPEFramework::Crypto::SHA512", "WPEFramework::Crypto::EnumHashType"], "classes": [{"name": "MD5", "description": "Class implementing MD5 hashing operations."}, {"name": "SHA1", "description": "Class implementing SHA-1 hashing operations."}, {"name": "SHA256", "description": "Class implementing SHA-256 hashing operations."}, {"name": "SHA224", "description": "Class implementing SHA-224 hashing operations."}, {"name": "SHA512", "description": "Class implementing SHA-512 hashing operations."}, {"name": "SHA384", "description": "Class implementing SHA-384 hashing operations."}], "methods": [{"name": "uint32_t CircularShift(const uint8_t bits,const uint32_t word)", "scope": "WPEFramework::Crypto::SHA1", "scopeKind": "class", "description": "unavailable"}, {"name": "const Context & CurrentContext() const", "scope": "WPEFramework::Crypto::SHA512", "scopeKind": "class", "description": "unavailable"}, {"name": "void Load(const Context & context)", "scope": "WPEFramework::Crypto::SHA512", "scopeKind": "class", "description": "unavailable"}, {"name": "MD5()", "scope": "WPEFramework::Crypto::MD5", "scopeKind": "class", "description": "unavailable"}, {"name": "MD5(const uint8_t message_array[],const uint16_t length)", "scope": "WPEFramework::Crypto::MD5", "scopeKind": "class", "description": "unavailable"}, {"name": "void Reset()", "scope": "WPEFramework::Crypto::SHA1", "scopeKind": "class", "description": "unavailable"}, {"name": "const uint8_t * Result()", "scope": "WPEFramework::Crypto::SHA512", "scopeKind": "class", "description": "unavailable"}, {"name": "SHA1()", "scope": "WPEFramework::Crypto::SHA1", "scopeKind": "class", "description": "unavailable"}, {"name": "SHA1(const uint8_t message_array[],const uint16_t length)", "scope": "WPEFramework::Crypto::SHA1", "scopeKind": "class", "description": "unavailable"}, {"name": "SHA224()", "scope": "WPEFramework::Crypto::SHA224", "scopeKind": "class", "description": "unavailable"}, {"name": "SHA224(const uint8_t message_array[],const uint16_t length)", "scope": "WPEFramework::Crypto::SHA224", "scopeKind": "class", "description": "unavailable"}, {"name": "SHA256()", "scope": "WPEFramework::Crypto::SHA256", "scopeKind": "class", "description": "unavailable"}, {"name": "SHA256(const uint8_t message_array[],const uint16_t length)", "scope": "WPEFramework::Crypto::SHA256", "scopeKind": "class", "description": "unavailable"}, {"name": "SHA384()", "scope": "WPEFramework::Crypto::SHA384", "scopeKind": "class", "description": "unavailable"}, {"name": "SHA384(const uint8_t message_array[],const uint16_t length)", "scope": "WPEFramework::Crypto::SHA384", "scopeKind": "class", "description": "unavailable"}, {"name": "SHA512()", "scope": "WPEFramework::Crypto::SHA512", "scopeKind": "class", "description": "unavailable"}, {"name": "SHA512(const uint8_t message_array[],const uint16_t length)", "scope": "WPEFramework::Crypto::SHA512", "scopeKind": "class", "description": "unavailable"}], "calls": [], "search-terms": ["WPEFramework", "cryptalgo", "Hash", "SHA256", "MD5", "SHA1", "cryptographic", "hashing"], "state": 2, "file_id": 8335, "knowledge_revision": 17047, "git_revision": "0f87a35b32215bc8547fb583d6c84bd51f603f69", "ctags": [{"_type": "tag", "name": "CircularShift", "path": "/home/kavia/workspace/code-generation/app-gateway2/dependencies/install/include/WPEFramework/cryptalgo/Hash.h", "pattern": "/^        inline uint32_t CircularShift(const uint8_t bits, const uint32_t word)$/", "language": "C++", "typeref": "typename:uint32_t", "kind": "function", "signature": "(const uint8_t bits,const uint32_t word)", "scope": "WPEFramework::Crypto::SHA1", "scopeKind": "class"}, {"_type": "tag", "name": "Context", "path": "/home/kavia/workspace/code-generation/app-gateway2/dependencies/install/include/WPEFramework/cryptalgo/Hash.h", "pattern": "/^        typedef Crypto::Context Context;$/", "language": "C++", "typeref": "typename:Crypto::Context", "kind": "typedef", "scope": "WPEFramework::Crypto::MD5", "scopeKind": "class"}, {"_type": "tag", "name": "Context", "path": "/home/kavia/workspace/code-generation/app-gateway2/dependencies/install/include/WPEFramework/cryptalgo/Hash.h", "pattern": "/^        typedef Crypto::Context Context;$/", "language": "C++", "typeref": "typename:Crypto::Context", "kind": "typedef", "scope": "WPEFramework::Crypto::SHA1", "scopeKind": "class"}, {"_type": "tag", "name": "Context", "path": "/home/kavia/workspace/code-generation/app-gateway2/dependencies/install/include/WPEFramework/cryptalgo/Hash.h", "pattern": "/^        typedef Crypto::Context Context;$/", "language": "C++", "typeref": "typename:Crypto::Context", "kind": "typedef", "scope": "WPEFramework::Crypto::SHA224", "scopeKind": "class"}, {"_type": "tag", "name": "Context", "path": "/home/kavia/workspace/code-generation/app-gateway2/dependencies/install/include/WPEFramework/cryptalgo/Hash.h", "pattern": "/^        typedef Crypto::Context Context;$/", "language": "C++", "typeref": "typename:Crypto::Context", "kind": "typedef", "scope": "WPEFramework::Crypto::SHA256", "scopeKind": "class"}, {"_type": "tag", "name": "Context", "path": "/home/kavia/workspace/code-generation/app-gateway2/dependencies/install/include/WPEFramework/cryptalgo/Hash.h", "pattern": "/^        typedef Crypto::Context Context;$/", "language": "C++", "typeref": "typename:Crypto::Context", "kind": "typedef", "scope": "WPEFramework::Crypto::SHA384", "scopeKind": "class"}, {"_type": "tag", "name": "Context", "path": "/home/kavia/workspace/code-generation/app-gateway2/dependencies/install/include/WPEFramework/cryptalgo/Hash.h", "pattern": "/^        typedef Crypto::Context Context;$/", "language": "C++", "typeref": "typename:Crypto::Context", "kind": "typedef", "scope": "WPEFramework::Crypto::SHA512", "scopeKind": "class"}, {"_type": "tag", "name": "Context", "path": "/home/kavia/workspace/code-generation/app-gateway2/dependencies/install/include/WPEFramework/cryptalgo/Hash.h", "pattern": "/^    typedef struct EXTERNAL Context {$/", "language": "C++", "kind": "struct", "scope": "WPEFramework::Crypto", "scopeKind": "namespace"}, {"_type": "tag", "name": "Context", "path": "/home/kavia/workspace/code-generation/app-gateway2/dependencies/install/include/WPEFramework/cryptalgo/Hash.h", "pattern": "/^    } Context;$/", "language": "C++", "typeref": "struct:WPEFramework::Crypto::Context", "kind": "typedef", "scope": "WPEFramework::Crypto", "scopeKind": "namespace"}, {"_type": "tag", "name": "Crypto", "path": "/home/kavia/workspace/code-generation/app-gateway2/dependencies/install/include/WPEFramework/cryptalgo/Hash.h", "pattern": "/^namespace Crypto {$/", "language": "C++", "kind": "namespace", "scope": "WPEFramework", "scopeKind": "namespace"}, {"_type": "tag", "name": "CurrentContext", "path": "/home/kavia/workspace/code-generation/app-gateway2/dependencies/install/include/WPEFramework/cryptalgo/Hash.h", "pattern": "/^        inline const Context& CurrentContext() const$/", "language": "C++", "typeref": "typename:const Context &", "kind": "function", "signature": "() const", "scope": "WPEFramework::Crypto::MD5", "scopeKind": "class"}, {"_type": "tag", "name": "CurrentContext", "path": "/home/kavia/workspace/code-generation/app-gateway2/dependencies/install/include/WPEFramework/cryptalgo/Hash.h", "pattern": "/^        inline const Context& CurrentContext() const$/", "language": "C++", "typeref": "typename:const Context &", "kind": "function", "signature": "() const", "scope": "WPEFramework::Crypto::SHA1", "scopeKind": "class"}, {"_type": "tag", "name": "CurrentContext", "path": "/home/kavia/workspace/code-generation/app-gateway2/dependencies/install/include/WPEFramework/cryptalgo/Hash.h", "pattern": "/^        inline const Context& CurrentContext() const$/", "language": "C++", "typeref": "typename:const Context &", "kind": "function", "signature": "() const", "scope": "WPEFramework::Crypto::SHA224", "scopeKind": "class"}, {"_type": "tag", "name": "CurrentContext", "path": "/home/kavia/workspace/code-generation/app-gateway2/dependencies/install/include/WPEFramework/cryptalgo/Hash.h", "pattern": "/^        inline const Context& CurrentContext() const$/", "language": "C++", "typeref": "typename:const Context &", "kind": "function", "signature": "() const", "scope": "WPEFramework::Crypto::SHA256", "scopeKind": "class"}, {"_type": "tag", "name": "CurrentContext", "path": "/home/kavia/workspace/code-generation/app-gateway2/dependencies/install/include/WPEFramework/cryptalgo/Hash.h", "pattern": "/^        inline const Context& CurrentContext() const$/", "language": "C++", "typeref": "typename:const Context &", "kind": "function", "signature": "() const", "scope": "WPEFramework::Crypto::SHA384", "scopeKind": "class"}, {"_type": "tag", "name": "CurrentContext", "path": "/home/kavia/workspace/code-generation/app-gateway2/dependencies/install/include/WPEFramework/cryptalgo/Hash.h", "pattern": "/^        inline const Context& CurrentContext() const$/", "language": "C++", "typeref": "typename:const Context &", "kind": "function", "signature": "() const", "scope": "WPEFramework::Crypto::SHA512", "scopeKind": "class"}, {"_type": "tag", "name": "EnumHashType", "path": "/home/kavia/workspace/code-generation/app-gateway2/dependencies/install/include/WPEFramework/cryptalgo/Hash.h", "pattern": "/^    enum EnumHashType {$/", "language": "C++", "kind": "enum", "scope": "WPEFramework::Crypto", "scopeKind": "namespace"}, {"_type": "tag", "name": "HASH_MD5", "path": "/home/kavia/workspace/code-generation/app-gateway2/dependencies/install/include/WPEFramework/cryptalgo/Hash.h", "pattern": "/^        HASH_MD5 = 16,$/", "language": "C++", "kind": "enumerator", "scope": "WPEFramework::Crypto::EnumHashType", "scopeKind": "enum"}, {"_type": "tag", "name": "HASH_SHA1", "path": "/home/kavia/workspace/code-generation/app-gateway2/dependencies/install/include/WPEFramework/cryptalgo/Hash.h", "pattern": "/^        HASH_SHA1 = 20,$/", "language": "C++", "kind": "enumerator", "scope": "WPEFramework::Crypto::EnumHashType", "scopeKind": "enum"}, {"_type": "tag", "name": "HASH_SHA224", "path": "/home/kavia/workspace/code-generation/app-gateway2/dependencies/install/include/WPEFramework/cryptalgo/Hash.h", "pattern": "/^        HASH_SHA224 = 28,$/", "language": "C++", "kind": "enumerator", "scope": "WPEFramework::Crypto::EnumHashType", "scopeKind": "enum"}, {"_type": "tag", "name": "HASH_SHA256", "path": "/home/kavia/workspace/code-generation/app-gateway2/dependencies/install/include/WPEFramework/cryptalgo/Hash.h", "pattern": "/^        HASH_SHA256 = 32,$/", "language": "C++", "kind": "enumerator", "scope": "WPEFramework::Crypto::EnumHashType", "scopeKind": "enum"}, {"_type": "tag", "name": "HASH_SHA384", "path": "/home/kavia/workspace/code-generation/app-gateway2/dependencies/install/include/WPEFramework/cryptalgo/Hash.h", "pattern": "/^        HASH_SHA384 = 48,$/", "language": "C++", "kind": "enumerator", "scope": "WPEFramework::Crypto::EnumHashType", "scopeKind": "enum"}, {"_type": "tag", "name": "HASH_SHA512", "path": "/home/kavia/workspace/code-generation/app-gateway2/dependencies/install/include/WPEFramework/cryptalgo/Hash.h", "pattern": "/^        HASH_SHA512 = 64$/", "language": "C++", "kind": "enumerator", "scope": "WPEFramework::Crypto::EnumHashType", "scopeKind": "enum"}, {"_type": "tag", "name": "Length", "path": "/home/kavia/workspace/code-generation/app-gateway2/dependencies/install/include/WPEFramework/cryptalgo/Hash.h", "pattern": "/^        static const uint8_t Length = 16;$/", "language": "C++", "typeref": "typename:const uint8_t", "kind": "member", "scope": "WPEFramework::Crypto::MD5", "scopeKind": "class"}, {"_type": "tag", "name": "Length", "path": "/home/kavia/workspace/code-generation/app-gateway2/dependencies/install/include/WPEFramework/cryptalgo/Hash.h", "pattern": "/^        static const uint8_t Length = 20;$/", "language": "C++", "typeref": "typename:const uint8_t", "kind": "member", "scope": "WPEFramework::Crypto::SHA1", "scopeKind": "class"}, {"_type": "tag", "name": "Length", "path": "/home/kavia/workspace/code-generation/app-gateway2/dependencies/install/include/WPEFramework/cryptalgo/Hash.h", "pattern": "/^        static const uint8_t Length = 28;$/", "language": "C++", "typeref": "typename:const uint8_t", "kind": "member", "scope": "WPEFramework::Crypto::SHA224", "scopeKind": "class"}, {"_type": "tag", "name": "Length", "path": "/home/kavia/workspace/code-generation/app-gateway2/dependencies/install/include/WPEFramework/cryptalgo/Hash.h", "pattern": "/^        static const uint8_t Length = 32;$/", "language": "C++", "typeref": "typename:const uint8_t", "kind": "member", "scope": "WPEFramework::Crypto::SHA256", "scopeKind": "class"}, {"_type": "tag", "name": "Length", "path": "/home/kavia/workspace/code-generation/app-gateway2/dependencies/install/include/WPEFramework/cryptalgo/Hash.h", "pattern": "/^        static const uint8_t Length = 48;$/", "language": "C++", "typeref": "typename:const uint8_t", "kind": "member", "scope": "WPEFramework::Crypto::SHA384", "scopeKind": "class"}, {"_type": "tag", "name": "Length", "path": "/home/kavia/workspace/code-generation/app-gateway2/dependencies/install/include/WPEFramework/cryptalgo/Hash.h", "pattern": "/^        static const uint8_t Length = 64;$/", "language": "C++", "typeref": "typename:const uint8_t", "kind": "member", "scope": "WPEFramework::Crypto::SHA512", "scopeKind": "class"}, {"_type": "tag", "name": "Load", "path": "/home/kavia/workspace/code-generation/app-gateway2/dependencies/install/include/WPEFramework/cryptalgo/Hash.h", "pattern": "/^        inline void Load(const Context& context)$/", "language": "C++", "typeref": "typename:void", "kind": "function", "signature": "(const Context & context)", "scope": "WPEFramework::Crypto::MD5", "scopeKind": "class"}, {"_type": "tag", "name": "Load", "path": "/home/kavia/workspace/code-generation/app-gateway2/dependencies/install/include/WPEFramework/cryptalgo/Hash.h", "pattern": "/^        inline void Load(const Context& context)$/", "language": "C++", "typeref": "typename:void", "kind": "function", "signature": "(const Context & context)", "scope": "WPEFramework::Crypto::SHA1", "scopeKind": "class"}, {"_type": "tag", "name": "Load", "path": "/home/kavia/workspace/code-generation/app-gateway2/dependencies/install/include/WPEFramework/cryptalgo/Hash.h", "pattern": "/^        inline void Load(const Context& context)$/", "language": "C++", "typeref": "typename:void", "kind": "function", "signature": "(const Context & context)", "scope": "WPEFramework::Crypto::SHA224", "scopeKind": "class"}, {"_type": "tag", "name": "Load", "path": "/home/kavia/workspace/code-generation/app-gateway2/dependencies/install/include/WPEFramework/cryptalgo/Hash.h", "pattern": "/^        inline void Load(const Context& context)$/", "language": "C++", "typeref": "typename:void", "kind": "function", "signature": "(const Context & context)", "scope": "WPEFramework::Crypto::SHA256", "scopeKind": "class"}, {"_type": "tag", "name": "Load", "path": "/home/kavia/workspace/code-generation/app-gateway2/dependencies/install/include/WPEFramework/cryptalgo/Hash.h", "pattern": "/^        inline void Load(const Context& context)$/", "language": "C++", "typeref": "typename:void", "kind": "function", "signature": "(const Context & context)", "scope": "WPEFramework::Crypto::SHA384", "scopeKind": "class"}, {"_type": "tag", "name": "Load", "path": "/home/kavia/workspace/code-generation/app-gateway2/dependencies/install/include/WPEFramework/cryptalgo/Hash.h", "pattern": "/^        inline void Load(const Context& context)$/", "language": "C++", "typeref": "typename:void", "kind": "function", "signature": "(const Context & context)", "scope": "WPEFramework::Crypto::SHA512", "scopeKind": "class"}, {"_type": "tag", "name": "MD5", "path": "/home/kavia/workspace/code-generation/app-gateway2/dependencies/install/include/WPEFramework/cryptalgo/Hash.h", "pattern": "/^        inline MD5()$/", "language": "C++", "kind": "function", "signature": "()", "scope": "WPEFramework::Crypto::MD5", "scopeKind": "class"}, {"_type": "tag", "name": "MD5", "path": "/home/kavia/workspace/code-generation/app-gateway2/dependencies/install/include/WPEFramework/cryptalgo/Hash.h", "pattern": "/^        inline MD5(const uint8_t message_array[], const uint16_t length)$/", "language": "C++", "kind": "function", "signature": "(const uint8_t message_array[],const uint16_t length)", "scope": "WPEFramework::Crypto::MD5", "scopeKind": "class"}, {"_type": "tag", "name": "MD5", "path": "/home/kavia/workspace/code-generation/app-gateway2/dependencies/install/include/WPEFramework/cryptalgo/Hash.h", "pattern": "/^    class EXTERNAL MD5 {$/", "language": "C++", "kind": "class", "scope": "WPEFramework::Crypto", "scopeKind": "namespace"}, {"_type": "tag", "name": "Reset", "path": "/home/kavia/workspace/code-generation/app-gateway2/dependencies/install/include/WPEFramework/cryptalgo/Hash.h", "pattern": "/^        void Reset()$/", "language": "C++", "typeref": "typename:void", "kind": "function", "signature": "()", "scope": "WPEFramework::Crypto::MD5", "scopeKind": "class"}, {"_type": "tag", "name": "Reset", "path": "/home/kavia/workspace/code-generation/app-gateway2/dependencies/install/include/WPEFramework/cryptalgo/Hash.h", "pattern": "/^        void Reset()$/", "language": "C++", "typeref": "typename:void", "kind": "function", "signature": "()", "scope": "WPEFramework::Crypto::SHA1", "scopeKind": "class"}, {"_type": "tag", "name": "Result", "path": "/home/kavia/workspace/code-generation/app-gateway2/dependencies/install/include/WPEFramework/cryptalgo/Hash.h", "pattern": "/^        const uint8_t* Result()$/", "language": "C++", "typeref": "typename:const uint8_t *", "kind": "function", "signature": "()", "scope": "WPEFramework::Crypto::MD5", "scopeKind": "class"}, {"_type": "tag", "name": "Result", "path": "/home/kavia/workspace/code-generation/app-gateway2/dependencies/install/include/WPEFramework/cryptalgo/Hash.h", "pattern": "/^        const uint8_t* Result()$/", "language": "C++", "typeref": "typename:const uint8_t *", "kind": "function", "signature": "()", "scope": "WPEFramework::Crypto::SHA1", "scopeKind": "class"}, {"_type": "tag", "name": "Result", "path": "/home/kavia/workspace/code-generation/app-gateway2/dependencies/install/include/WPEFramework/cryptalgo/Hash.h", "pattern": "/^        inline const uint8_t* Result()$/", "language": "C++", "typeref": "typename:const uint8_t *", "kind": "function", "signature": "()", "scope": "WPEFramework::Crypto::SHA224", "scopeKind": "class"}, {"_type": "tag", "name": "Result", "path": "/home/kavia/workspace/code-generation/app-gateway2/dependencies/install/include/WPEFramework/cryptalgo/Hash.h", "pattern": "/^        inline const uint8_t* Result()$/", "language": "C++", "typeref": "typename:const uint8_t *", "kind": "function", "signature": "()", "scope": "WPEFramework::Crypto::SHA256", "scopeKind": "class"}, {"_type": "tag", "name": "Result", "path": "/home/kavia/workspace/code-generation/app-gateway2/dependencies/install/include/WPEFramework/cryptalgo/Hash.h", "pattern": "/^        inline const uint8_t* Result()$/", "language": "C++", "typeref": "typename:const uint8_t *", "kind": "function", "signature": "()", "scope": "WPEFramework::Crypto::SHA384", "scopeKind": "class"}, {"_type": "tag", "name": "Result", "path": "/home/kavia/workspace/code-generation/app-gateway2/dependencies/install/include/WPEFramework/cryptalgo/Hash.h", "pattern": "/^        inline const uint8_t* Result()$/", "language": "C++", "typeref": "typename:const uint8_t *", "kind": "function", "signature": "()", "scope": "WPEFramework::Crypto::SHA512", "scopeKind": "class"}, {"_type": "tag", "name": "SHA1", "path": "/home/kavia/workspace/code-generation/app-gateway2/dependencies/install/include/WPEFramework/cryptalgo/Hash.h", "pattern": "/^        inline SHA1()$/", "language": "C++", "kind": "function", "signature": "()", "scope": "WPEFramework::Crypto::SHA1", "scopeKind": "class"}, {"_type": "tag", "name": "SHA1", "path": "/home/kavia/workspace/code-generation/app-gateway2/dependencies/install/include/WPEFramework/cryptalgo/Hash.h", "pattern": "/^        inline SHA1(const uint8_t message_array[], const uint16_t length)$/", "language": "C++", "kind": "function", "signature": "(const uint8_t message_array[],const uint16_t length)", "scope": "WPEFramework::Crypto::SHA1", "scopeKind": "class"}, {"_type": "tag", "name": "SHA1", "path": "/home/kavia/workspace/code-generation/app-gateway2/dependencies/install/include/WPEFramework/cryptalgo/Hash.h", "pattern": "/^    class EXTERNAL SHA1 {$/", "language": "C++", "kind": "class", "scope": "WPEFramework::Crypto", "scopeKind": "namespace"}, {"_type": "tag", "name": "SHA224", "path": "/home/kavia/workspace/code-generation/app-gateway2/dependencies/install/include/WPEFramework/cryptalgo/Hash.h", "pattern": "/^        inline SHA224()$/", "language": "C++", "kind": "function", "signature": "()", "scope": "WPEFramework::Crypto::SHA224", "scopeKind": "class"}, {"_type": "tag", "name": "SHA224", "path": "/home/kavia/workspace/code-generation/app-gateway2/dependencies/install/include/WPEFramework/cryptalgo/Hash.h", "pattern": "/^        inline SHA224(const uint8_t message_array[], const uint16_t length)$/", "language": "C++", "kind": "function", "signature": "(const uint8_t message_array[],const uint16_t length)", "scope": "WPEFramework::Crypto::SHA224", "scopeKind": "class"}, {"_type": "tag", "name": "SHA224", "path": "/home/kavia/workspace/code-generation/app-gateway2/dependencies/install/include/WPEFramework/cryptalgo/Hash.h", "pattern": "/^    class EXTERNAL SHA224 {$/", "language": "C++", "kind": "class", "scope": "WPEFramework::Crypto", "scopeKind": "namespace"}, {"_type": "tag", "name": "SHA256", "path": "/home/kavia/workspace/code-generation/app-gateway2/dependencies/install/include/WPEFramework/cryptalgo/Hash.h", "pattern": "/^        inline SHA256()$/", "language": "C++", "kind": "function", "signature": "()", "scope": "WPEFramework::Crypto::SHA256", "scopeKind": "class"}, {"_type": "tag", "name": "SHA256", "path": "/home/kavia/workspace/code-generation/app-gateway2/dependencies/install/include/WPEFramework/cryptalgo/Hash.h", "pattern": "/^        inline SHA256(const uint8_t message_array[], const uint16_t length)$/", "language": "C++", "kind": "function", "signature": "(const uint8_t message_array[],const uint16_t length)", "scope": "WPEFramework::Crypto::SHA256", "scopeKind": "class"}, {"_type": "tag", "name": "SHA256", "path": "/home/kavia/workspace/code-generation/app-gateway2/dependencies/install/include/WPEFramework/cryptalgo/Hash.h", "pattern": "/^    class EXTERNAL SHA256 {$/", "language": "C++", "kind": "class", "scope": "WPEFramework::Crypto", "scopeKind": "namespace"}, {"_type": "tag", "name": "SHA384", "path": "/home/kavia/workspace/code-generation/app-gateway2/dependencies/install/include/WPEFramework/cryptalgo/Hash.h", "pattern": "/^        inline SHA384()$/", "language": "C++", "kind": "function", "signature": "()", "scope": "WPEFramework::Crypto::SHA384", "scopeKind": "class"}, {"_type": "tag", "name": "SHA384", "path": "/home/kavia/workspace/code-generation/app-gateway2/dependencies/install/include/WPEFramework/cryptalgo/Hash.h", "pattern": "/^        inline SHA384(const uint8_t message_array[], const uint16_t length)$/", "language": "C++", "kind": "function", "signature": "(const uint8_t message_array[],const uint16_t length)", "scope": "WPEFramework::Crypto::SHA384", "scopeKind": "class"}, {"_type": "tag", "name": "SHA384", "path": "/home/kavia/workspace/code-generation/app-gateway2/dependencies/install/include/WPEFramework/cryptalgo/Hash.h", "pattern": "/^    class EXTERNAL SHA384 {$/", "language": "C++", "kind": "class", "scope": "WPEFramework::Crypto", "scopeKind": "namespace"}, {"_type": "tag", "name": "SHA512", "path": "/home/kavia/workspace/code-generation/app-gateway2/dependencies/install/include/WPEFramework/cryptalgo/Hash.h", "pattern": "/^        inline SHA512()$/", "language": "C++", "kind": "function", "signature": "()", "scope": "WPEFramework::Crypto::SHA512", "scopeKind": "class"}, {"_type": "tag", "name": "SHA512", "path": "/home/kavia/workspace/code-generation/app-gateway2/dependencies/install/include/WPEFramework/cryptalgo/Hash.h", "pattern": "/^        inline SHA512(const uint8_t message_array[], const uint16_t length)$/", "language": "C++", "kind": "function", "signature": "(const uint8_t message_array[],const uint16_t length)", "scope": "WPEFramework::Crypto::SHA512", "scopeKind": "class"}, {"_type": "tag", "name": "SHA512", "path": "/home/kavia/workspace/code-generation/app-gateway2/dependencies/install/include/WPEFramework/cryptalgo/Hash.h", "pattern": "/^    class EXTERNAL SHA512 {$/", "language": "C++", "kind": "class", "scope": "WPEFramework::Crypto", "scopeKind": "namespace"}, {"_type": "tag", "name": "Type", "path": "/home/kavia/workspace/code-generation/app-gateway2/dependencies/install/include/WPEFramework/cryptalgo/Hash.h", "pattern": "/^        static const EnumHashType Type = HASH_MD5;$/", "language": "C++", "typeref": "typename:const EnumHashType", "kind": "member", "scope": "WPEFramework::Crypto::MD5", "scopeKind": "class"}, {"_type": "tag", "name": "Type", "path": "/home/kavia/workspace/code-generation/app-gateway2/dependencies/install/include/WPEFramework/cryptalgo/Hash.h", "pattern": "/^        static const EnumHashType Type = HASH_SHA1;$/", "language": "C++", "typeref": "typename:const EnumHashType", "kind": "member", "scope": "WPEFramework::Crypto::SHA1", "scopeKind": "class"}, {"_type": "tag", "name": "Type", "path": "/home/kavia/workspace/code-generation/app-gateway2/dependencies/install/include/WPEFramework/cryptalgo/Hash.h", "pattern": "/^        static const EnumHashType Type = HASH_SHA224;$/", "language": "C++", "typeref": "typename:const EnumHashType", "kind": "member", "scope": "WPEFramework::Crypto::SHA224", "scopeKind": "class"}, {"_type": "tag", "name": "Type", "path": "/home/kavia/workspace/code-generation/app-gateway2/dependencies/install/include/WPEFramework/cryptalgo/Hash.h", "pattern": "/^        static const EnumHashType Type = HASH_SHA256;$/", "language": "C++", "typeref": "typename:const EnumHashType", "kind": "member", "scope": "WPEFramework::Crypto::SHA256", "scopeKind": "class"}, {"_type": "tag", "name": "Type", "path": "/home/kavia/workspace/code-generation/app-gateway2/dependencies/install/include/WPEFramework/cryptalgo/Hash.h", "pattern": "/^        static const EnumHashType Type = HASH_SHA384;$/", "language": "C++", "typeref": "typename:const EnumHashType", "kind": "member", "scope": "WPEFramework::Crypto::SHA384", "scopeKind": "class"}, {"_type": "tag", "name": "Type", "path": "/home/kavia/workspace/code-generation/app-gateway2/dependencies/install/include/WPEFramework/cryptalgo/Hash.h", "pattern": "/^        static const EnumHashType Type = HASH_SHA512;$/", "language": "C++", "typeref": "typename:const EnumHashType", "kind": "member", "scope": "WPEFramework::Crypto::SHA512", "scopeKind": "class"}, {"_type": "tag", "name": "WPEFramework", "path": "/home/kavia/workspace/code-generation/app-gateway2/dependencies/install/include/WPEFramework/cryptalgo/Hash.h", "pattern": "/^namespace WPEFramework {$/", "language": "C++", "kind": "namespace"}, {"_type": "tag", "name": "__HASH_H", "path": "/home/kavia/workspace/code-generation/app-gateway2/dependencies/install/include/WPEFramework/cryptalgo/Hash.h", "pattern": "/^#define __HASH_H$/", "language": "C++", "kind": "macro"}, {"_type": "tag", "name": "_computed", "path": "/home/kavia/workspace/code-generation/app-gateway2/dependencies/install/include/WPEFramework/cryptalgo/Hash.h", "pattern": "/^        bool _computed;$/", "language": "C++", "typeref": "typename:bool", "kind": "member", "scope": "WPEFramework::Crypto::MD5", "scopeKind": "class"}, {"_type": "tag", "name": "_computed", "path": "/home/kavia/workspace/code-generation/app-gateway2/dependencies/install/include/WPEFramework/cryptalgo/Hash.h", "pattern": "/^        mutable bool _computed; \\/\\/ Is the digest computed?$/", "language": "C++", "typeref": "typename:bool", "kind": "member", "scope": "WPEFramework::Crypto::SHA1", "scopeKind": "class"}, {"_type": "tag", "name": "_computed", "path": "/home/kavia/workspace/code-generation/app-gateway2/dependencies/install/include/WPEFramework/cryptalgo/Hash.h", "pattern": "/^        mutable bool _computed; \\/\\/ Is the digest computed?$/", "language": "C++", "typeref": "typename:bool", "kind": "member", "scope": "WPEFramework::Crypto::SHA224", "scopeKind": "class"}, {"_type": "tag", "name": "_computed", "path": "/home/kavia/workspace/code-generation/app-gateway2/dependencies/install/include/WPEFramework/cryptalgo/Hash.h", "pattern": "/^        mutable bool _computed; \\/\\/ Is the digest computed?$/", "language": "C++", "typeref": "typename:bool", "kind": "member", "scope": "WPEFramework::Crypto::SHA256", "scopeKind": "class"}, {"_type": "tag", "name": "_computed", "path": "/home/kavia/workspace/code-generation/app-gateway2/dependencies/install/include/WPEFramework/cryptalgo/Hash.h", "pattern": "/^        mutable bool _computed; \\/\\/ Is the digest computed?$/", "language": "C++", "typeref": "typename:bool", "kind": "member", "scope": "WPEFramework::Crypto::SHA384", "scopeKind": "class"}, {"_type": "tag", "name": "_computed", "path": "/home/kavia/workspace/code-generation/app-gateway2/dependencies/install/include/WPEFramework/cryptalgo/Hash.h", "pattern": "/^        mutable bool _computed; \\/\\/ Is the digest computed?$/", "language": "C++", "typeref": "typename:bool", "kind": "member", "scope": "WPEFramework::Crypto::SHA512", "scopeKind": "class"}, {"_type": "tag", "name": "_context", "path": "/home/kavia/workspace/code-generation/app-gateway2/dependencies/install/include/WPEFramework/cryptalgo/Hash.h", "pattern": "/^        Context _context;$/", "language": "C++", "typeref": "typename:Context", "kind": "member", "scope": "WPEFramework::Crypto::MD5", "scopeKind": "class"}, {"_type": "tag", "name": "_context", "path": "/home/kavia/workspace/code-generation/app-gateway2/dependencies/install/include/WPEFramework/cryptalgo/Hash.h", "pattern": "/^        Context _context;$/", "language": "C++", "typeref": "typename:Context", "kind": "member", "scope": "WPEFramework::Crypto::SHA1", "scopeKind": "class"}, {"_type": "tag", "name": "_context", "path": "/home/kavia/workspace/code-generation/app-gateway2/dependencies/install/include/WPEFramework/cryptalgo/Hash.h", "pattern": "/^        Context _context;$/", "language": "C++", "typeref": "typename:Context", "kind": "member", "scope": "WPEFramework::Crypto::SHA224", "scopeKind": "class"}, {"_type": "tag", "name": "_context", "path": "/home/kavia/workspace/code-generation/app-gateway2/dependencies/install/include/WPEFramework/cryptalgo/Hash.h", "pattern": "/^        Context _context;$/", "language": "C++", "typeref": "typename:Context", "kind": "member", "scope": "WPEFramework::Crypto::SHA256", "scopeKind": "class"}, {"_type": "tag", "name": "_context", "path": "/home/kavia/workspace/code-generation/app-gateway2/dependencies/install/include/WPEFramework/cryptalgo/Hash.h", "pattern": "/^        Context _context;$/", "language": "C++", "typeref": "typename:Context", "kind": "member", "scope": "WPEFramework::Crypto::SHA384", "scopeKind": "class"}, {"_type": "tag", "name": "_context", "path": "/home/kavia/workspace/code-generation/app-gateway2/dependencies/install/include/WPEFramework/cryptalgo/Hash.h", "pattern": "/^        Context _context;$/", "language": "C++", "typeref": "typename:Context", "kind": "member", "scope": "WPEFramework::Crypto::SHA512", "scopeKind": "class"}, {"_type": "tag", "name": "_corrupted", "path": "/home/kavia/workspace/code-generation/app-gateway2/dependencies/install/include/WPEFramework/cryptalgo/Hash.h", "pattern": "/^        bool _corrupted; \\/\\/ Is the message digest corruped?$/", "language": "C++", "typeref": "typename:bool", "kind": "member", "scope": "WPEFramework::Crypto::SHA1", "scopeKind": "class"}, {"_type": "tag", "name": "_corrupted", "path": "/home/kavia/workspace/code-generation/app-gateway2/dependencies/install/include/WPEFramework/cryptalgo/Hash.h", "pattern": "/^        bool _corrupted;$/", "language": "C++", "typeref": "typename:bool", "kind": "member", "scope": "WPEFramework::Crypto::MD5", "scopeKind": "class"}, {"_type": "tag", "name": "block", "path": "/home/kavia/workspace/code-generation/app-gateway2/dependencies/install/include/WPEFramework/cryptalgo/Hash.h", "pattern": "/^        uint8_t block[2 * (1024 \\/ 8)];$/", "language": "C++", "typeref": "typename:uint8_t[]", "kind": "member", "scope": "WPEFramework::Crypto::Context", "scopeKind": "struct"}, {"_type": "tag", "name": "h", "path": "/home/kavia/workspace/code-generation/app-gateway2/dependencies/install/include/WPEFramework/cryptalgo/Hash.h", "pattern": "/^        uint64_t h[8];$/", "language": "C++", "typeref": "typename:uint64_t[8]", "kind": "member", "scope": "WPEFramework::Crypto::Context", "scopeKind": "struct"}], "hash": "b3f5ac787b1f12b08222f91fdb0b4abb", "format-version": 4, "code-base-name": "app-gateway2", "filename": "dependencies/install/include/WPEFramework/cryptalgo/Hash.h", "fields": [{"name": "const uint8_t Length", "scope": "WPEFramework::Crypto::MD5", "scopeKind": "class", "description": "unavailable"}, {"name": "const EnumHashType Type", "scope": "WPEFramework::Crypto::MD5", "scopeKind": "class", "description": "unavailable"}, {"name": "bool _computed", "scope": "WPEFramework::Crypto::MD5", "scopeKind": "class", "description": "unavailable"}, {"name": "Context _context", "scope": "WPEFramework::Crypto::MD5", "scopeKind": "class", "description": "unavailable"}, {"name": "bool _corrupted", "scope": "WPEFramework::Crypto::SHA1", "scopeKind": "class", "description": "unavailable"}, {"name": "uint8_t[] block", "scope": "WPEFramework::Crypto::Context", "scopeKind": "struct", "description": "unavailable"}, {"name": "uint64_t[8] h", "scope": "WPEFramework::Crypto::Context", "scopeKind": "struct", "description": "unavailable"}], "revision_history": [{"17047": "0f87a35b32215bc8547fb583d6c84bd51f603f69"}]}