{"is_source_file": true, "format": "C/C++ header", "description": "This is a header file defining portability macros and compiler-specific warning suppression directives for a C++ project.", "external_files": ["http://www.apache.org/licenses/LICENSE-2.0"], "external_methods": [], "published": ["DEPRECATED", "VARIABLE_IS_NOT_USED", "WARNING_RESULT_NOT_USED", "PUSH_WARNING", "POP_WARNING"], "classes": [], "methods": [], "calls": [], "search-terms": ["Portability", "macro", "compiler warnings", "GCC diagnostic", "clang diagnostic", "MSVC warning"], "state": 2, "file_id": 8531, "knowledge_revision": 17238, "git_revision": "0f87a35b32215bc8547fb583d6c84bd51f603f69", "ctags": [{"_type": "tag", "name": "CONCAT_STRINGS", "path": "/home/kavia/workspace/code-generation/app-gateway2/dependencies/install/include/WPEFramework/interfaces/Portability.h", "pattern": "/^#define CONCAT_STRINGS(/", "language": "C++", "kind": "macro", "signature": "(ARG1,ARG2)"}, {"_type": "tag", "name": "CONCAT_STRINGS_1", "path": "/home/kavia/workspace/code-generation/app-gateway2/dependencies/install/include/WPEFramework/interfaces/Portability.h", "pattern": "/^#define CONCAT_STRINGS_1(/", "language": "C++", "kind": "macro", "signature": "(ARG1,ARG2)"}, {"_type": "tag", "name": "DEFINE_STRING", "path": "/home/kavia/workspace/code-generation/app-gateway2/dependencies/install/include/WPEFramework/interfaces/Portability.h", "pattern": "/^#define DEFINE_STRING(/", "language": "C++", "kind": "macro", "signature": "(parameter)"}, {"_type": "tag", "name": "DEFINE_STRING_1", "path": "/home/kavia/workspace/code-generation/app-gateway2/dependencies/install/include/WPEFramework/interfaces/Portability.h", "pattern": "/^#define DEFINE_STRING_1(/", "language": "C++", "kind": "macro", "signature": "(parameter)"}, {"_type": "tag", "name": "DEPRECATED", "path": "/home/kavia/workspace/code-generation/app-gateway2/dependencies/install/include/WPEFramework/interfaces/Portability.h", "pattern": "/^#define DEPRECATED /", "language": "C++", "kind": "macro"}, {"_type": "tag", "name": "DEPRECATED", "path": "/home/kavia/workspace/code-generation/app-gateway2/dependencies/install/include/WPEFramework/interfaces/Portability.h", "pattern": "/^#define DEPRECATED$/", "language": "C++", "kind": "macro"}, {"_type": "tag", "name": "DISABLE_WARNING_CONDITIONAL_EXPRESSION_IS_CONSTANT", "path": "/home/kavia/workspace/code-generation/app-gateway2/dependencies/install/include/WPEFramework/interfaces/Portability.h", "pattern": "/^#define DISABLE_WARNING_CONDITIONAL_EXPRESSION_IS_CONSTANT /", "language": "C++", "kind": "macro"}, {"_type": "tag", "name": "DISABLE_WARNING_CONDITIONAL_EXPRESSION_IS_CONSTANT", "path": "/home/kavia/workspace/code-generation/app-gateway2/dependencies/install/include/WPEFramework/interfaces/Portability.h", "pattern": "/^#define DISABLE_WARNING_CONDITIONAL_EXPRESSION_IS_CONSTANT$/", "language": "C++", "kind": "macro"}, {"_type": "tag", "name": "DISABLE_WARNING_CONVERSION_TO_GREATERSIZE", "path": "/home/kavia/workspace/code-generation/app-gateway2/dependencies/install/include/WPEFramework/interfaces/Portability.h", "pattern": "/^#define DISABLE_WARNING_CONVERSION_TO_GREATERSIZE /", "language": "C++", "kind": "macro"}, {"_type": "tag", "name": "DISABLE_WARNING_CONVERSION_TO_GREATERSIZE", "path": "/home/kavia/workspace/code-generation/app-gateway2/dependencies/install/include/WPEFramework/interfaces/Portability.h", "pattern": "/^#define DISABLE_WARNING_CONVERSION_TO_GREATERSIZE$/", "language": "C++", "kind": "macro"}, {"_type": "tag", "name": "DISABLE_WARNING_CONVERSION_TRUNCATION", "path": "/home/kavia/workspace/code-generation/app-gateway2/dependencies/install/include/WPEFramework/interfaces/Portability.h", "pattern": "/^#define DISABLE_WARNING_CONVERSION_TRUNCATION /", "language": "C++", "kind": "macro"}, {"_type": "tag", "name": "DISABLE_WARNING_CONVERSION_TRUNCATION", "path": "/home/kavia/workspace/code-generation/app-gateway2/dependencies/install/include/WPEFramework/interfaces/Portability.h", "pattern": "/^#define DISABLE_WARNING_CONVERSION_TRUNCATION$/", "language": "C++", "kind": "macro"}, {"_type": "tag", "name": "DISABLE_WARNING_DEPRECATED_COPY", "path": "/home/kavia/workspace/code-generation/app-gateway2/dependencies/install/include/WPEFramework/interfaces/Portability.h", "pattern": "/^#define DISABLE_WARNING_DEPRECATED_COPY /", "language": "C++", "kind": "macro"}, {"_type": "tag", "name": "DISABLE_WARNING_DEPRECATED_COPY", "path": "/home/kavia/workspace/code-generation/app-gateway2/dependencies/install/include/WPEFramework/interfaces/Portability.h", "pattern": "/^#define DISABLE_WARNING_DEPRECATED_COPY$/", "language": "C++", "kind": "macro"}, {"_type": "tag", "name": "DISABLE_WARNING_DEPRECATED_USE", "path": "/home/kavia/workspace/code-generation/app-gateway2/dependencies/install/include/WPEFramework/interfaces/Portability.h", "pattern": "/^#define DISABLE_WARNING_DEPRECATED_USE /", "language": "C++", "kind": "macro"}, {"_type": "tag", "name": "DISABLE_WARNING_DISCARD_RETURN_VALUE_FOR_NONDISCARD_FUNCTION", "path": "/home/kavia/workspace/code-generation/app-gateway2/dependencies/install/include/WPEFramework/interfaces/Portability.h", "pattern": "/^#define DISABLE_WARNING_DISCARD_RETURN_VALUE_FOR_NONDISCARD_FUNCTION /", "language": "C++", "kind": "macro"}, {"_type": "tag", "name": "DISABLE_WARNING_DISCARD_RETURN_VALUE_FOR_NONDISCARD_FUNCTION", "path": "/home/kavia/workspace/code-generation/app-gateway2/dependencies/install/include/WPEFramework/interfaces/Portability.h", "pattern": "/^#define DISABLE_WARNING_DISCARD_RETURN_VALUE_FOR_NONDISCARD_FUNCTION$/", "language": "C++", "kind": "macro"}, {"_type": "tag", "name": "DISABLE_WARNING_DLL_INTERFACE_UNAVAILABLE", "path": "/home/kavia/workspace/code-generation/app-gateway2/dependencies/install/include/WPEFramework/interfaces/Portability.h", "pattern": "/^#define DISABLE_WARNING_DLL_INTERFACE_UNAVAILABLE /", "language": "C++", "kind": "macro"}, {"_type": "tag", "name": "DISABLE_WARNING_DLL_INTERFACE_UNAVAILABLE", "path": "/home/kavia/workspace/code-generation/app-gateway2/dependencies/install/include/WPEFramework/interfaces/Portability.h", "pattern": "/^#define DISABLE_WARNING_DLL_INTERFACE_UNAVAILABLE$/", "language": "C++", "kind": "macro"}, {"_type": "tag", "name": "DISABLE_WARNING_EXCEPTION_SPECIFICATION", "path": "/home/kavia/workspace/code-generation/app-gateway2/dependencies/install/include/WPEFramework/interfaces/Portability.h", "pattern": "/^#define DISABLE_WARNING_EXCEPTION_SPECIFICATION /", "language": "C++", "kind": "macro"}, {"_type": "tag", "name": "DISABLE_WARNING_EXCEPTION_SPECIFICATION", "path": "/home/kavia/workspace/code-generation/app-gateway2/dependencies/install/include/WPEFramework/interfaces/Portability.h", "pattern": "/^#define DISABLE_WARNING_EXCEPTION_SPECIFICATION$/", "language": "C++", "kind": "macro"}, {"_type": "tag", "name": "DISABLE_WARNING_MISSING_FIELD_INITIALIZERS", "path": "/home/kavia/workspace/code-generation/app-gateway2/dependencies/install/include/WPEFramework/interfaces/Portability.h", "pattern": "/^#define DISABLE_WARNING_MISSING_FIELD_INITIALIZERS /", "language": "C++", "kind": "macro"}, {"_type": "tag", "name": "DISABLE_WARNING_MISSING_FIELD_INITIALIZERS", "path": "/home/kavia/workspace/code-generation/app-gateway2/dependencies/install/include/WPEFramework/interfaces/Portability.h", "pattern": "/^#define DISABLE_WARNING_MISSING_FIELD_INITIALIZERS$/", "language": "C++", "kind": "macro"}, {"_type": "tag", "name": "DISABLE_WARNING_MULTPILE_INHERITENCE_OF_BASE_CLASS", "path": "/home/kavia/workspace/code-generation/app-gateway2/dependencies/install/include/WPEFramework/interfaces/Portability.h", "pattern": "/^#define DISABLE_WARNING_MULTPILE_INHERITENCE_OF_BASE_CLASS /", "language": "C++", "kind": "macro"}, {"_type": "tag", "name": "DISABLE_WARNING_MULTPILE_INHERITENCE_OF_BASE_CLASS", "path": "/home/kavia/workspace/code-generation/app-gateway2/dependencies/install/include/WPEFramework/interfaces/Portability.h", "pattern": "/^#define DISABLE_WARNING_MULTPILE_INHERITENCE_OF_BASE_CLASS$/", "language": "C++", "kind": "macro"}, {"_type": "tag", "name": "DISABLE_WARNING_NON_STANDARD_EXTENSION_USED", "path": "/home/kavia/workspace/code-generation/app-gateway2/dependencies/install/include/WPEFramework/interfaces/Portability.h", "pattern": "/^#define DISABLE_WARNING_NON_STANDARD_EXTENSION_USED /", "language": "C++", "kind": "macro"}, {"_type": "tag", "name": "DISABLE_WARNING_NON_STANDARD_EXTENSION_USED", "path": "/home/kavia/workspace/code-generation/app-gateway2/dependencies/install/include/WPEFramework/interfaces/Portability.h", "pattern": "/^#define DISABLE_WARNING_NON_STANDARD_EXTENSION_USED$/", "language": "C++", "kind": "macro"}, {"_type": "tag", "name": "DISABLE_WARNING_NON_VIRTUAL_DESTRUCTOR", "path": "/home/kavia/workspace/code-generation/app-gateway2/dependencies/install/include/WPEFramework/interfaces/Portability.h", "pattern": "/^#define DISABLE_WARNING_NON_VIRTUAL_DESTRUCTOR /", "language": "C++", "kind": "macro"}, {"_type": "tag", "name": "DISABLE_WARNING_NON_VIRTUAL_DESTRUCTOR", "path": "/home/kavia/workspace/code-generation/app-gateway2/dependencies/install/include/WPEFramework/interfaces/Portability.h", "pattern": "/^#define DISABLE_WARNING_NON_VIRTUAL_DESTRUCTOR$/", "language": "C++", "kind": "macro"}, {"_type": "tag", "name": "DISABLE_WARNING_NO_MATCHING_OPERATOR_DELETE", "path": "/home/kavia/workspace/code-generation/app-gateway2/dependencies/install/include/WPEFramework/interfaces/Portability.h", "pattern": "/^#define DISABLE_WARNING_NO_MATCHING_OPERATOR_DELETE /", "language": "C++", "kind": "macro"}, {"_type": "tag", "name": "DISABLE_WARNING_NO_MATCHING_OPERATOR_DELETE", "path": "/home/kavia/workspace/code-generation/app-gateway2/dependencies/install/include/WPEFramework/interfaces/Portability.h", "pattern": "/^#define DISABLE_WARNING_NO_MATCHING_OPERATOR_DELETE$/", "language": "C++", "kind": "macro"}, {"_type": "tag", "name": "DISABLE_WARNING_POINTER_TRUNCATION", "path": "/home/kavia/workspace/code-generation/app-gateway2/dependencies/install/include/WPEFramework/interfaces/Portability.h", "pattern": "/^#define DISABLE_WARNING_POINTER_TRUNCATION /", "language": "C++", "kind": "macro"}, {"_type": "tag", "name": "DISABLE_WARNING_POINTER_TRUNCATION", "path": "/home/kavia/workspace/code-generation/app-gateway2/dependencies/install/include/WPEFramework/interfaces/Portability.h", "pattern": "/^#define DISABLE_WARNING_POINTER_TRUNCATION$/", "language": "C++", "kind": "macro"}, {"_type": "tag", "name": "DISABLE_WARNING_THIS_IN_MEMBER_INITIALIZER_LIST", "path": "/home/kavia/workspace/code-generation/app-gateway2/dependencies/install/include/WPEFramework/interfaces/Portability.h", "pattern": "/^#define DISABLE_WARNING_THIS_IN_MEMBER_INITIALIZER_LIST /", "language": "C++", "kind": "macro"}, {"_type": "tag", "name": "DISABLE_WARNING_THIS_IN_MEMBER_INITIALIZER_LIST", "path": "/home/kavia/workspace/code-generation/app-gateway2/dependencies/install/include/WPEFramework/interfaces/Portability.h", "pattern": "/^#define DISABLE_WARNING_THIS_IN_MEMBER_INITIALIZER_LIST$/", "language": "C++", "kind": "macro"}, {"_type": "tag", "name": "DISABLE_WARNING_UNUSED_VARIABLES", "path": "/home/kavia/workspace/code-generation/app-gateway2/dependencies/install/include/WPEFramework/interfaces/Portability.h", "pattern": "/^#define DISABLE_WARNING_UNUSED_VARIABLES /", "language": "C++", "kind": "macro"}, {"_type": "tag", "name": "DISABLE_WARNING_UNUSED_VARIABLES", "path": "/home/kavia/workspace/code-generation/app-gateway2/dependencies/install/include/WPEFramework/interfaces/Portability.h", "pattern": "/^#define DISABLE_WARNING_UNUSED_VARIABLES$/", "language": "C++", "kind": "macro"}, {"_type": "tag", "name": "DISABLE_WARNING_UNWIND_SEMANTICS_NOT_ENABLED", "path": "/home/kavia/workspace/code-generation/app-gateway2/dependencies/install/include/WPEFramework/interfaces/Portability.h", "pattern": "/^#define DISABLE_WARNING_UNWIND_SEMANTICS_NOT_ENABLED /", "language": "C++", "kind": "macro"}, {"_type": "tag", "name": "DO_PRAGMA", "path": "/home/kavia/workspace/code-generation/app-gateway2/dependencies/install/include/WPEFramework/interfaces/Portability.h", "pattern": "/^    #define DO_PRAGMA(/", "language": "C++", "kind": "macro", "signature": "(x)"}, {"_type": "tag", "name": "POP_WARNING", "path": "/home/kavia/workspace/code-generation/app-gateway2/dependencies/install/include/WPEFramework/interfaces/Portability.h", "pattern": "/^#define POP_WARNING(/", "language": "C++", "kind": "macro", "signature": "()"}, {"_type": "tag", "name": "POP_WARNING_", "path": "/home/kavia/workspace/code-generation/app-gateway2/dependencies/install/include/WPEFramework/interfaces/Portability.h", "pattern": "/^        #define POP_WARNING_ /", "language": "C++", "kind": "macro"}, {"_type": "tag", "name": "POP_WARNING_", "path": "/home/kavia/workspace/code-generation/app-gateway2/dependencies/install/include/WPEFramework/interfaces/Portability.h", "pattern": "/^        #define POP_WARNING_$/", "language": "C++", "kind": "macro"}, {"_type": "tag", "name": "POP_WARNING_", "path": "/home/kavia/workspace/code-generation/app-gateway2/dependencies/install/include/WPEFramework/interfaces/Portability.h", "pattern": "/^    #define POP_WARNING_ /", "language": "C++", "kind": "macro"}, {"_type": "tag", "name": "PUSH_COUNT_ARGS", "path": "/home/kavia/workspace/code-generation/app-gateway2/dependencies/install/include/WPEFramework/interfaces/Portability.h", "pattern": "/^#define PUSH_COUNT_ARGS(/", "language": "C++", "kind": "macro", "signature": "(...)"}, {"_type": "tag", "name": "PUSH_EXPAND_ARGS", "path": "/home/kavia/workspace/code-generation/app-gateway2/dependencies/install/include/WPEFramework/interfaces/Portability.h", "pattern": "/^#define PUSH_EXPAND_ARGS(/", "language": "C++", "kind": "macro", "signature": "(args)"}, {"_type": "tag", "name": "PUSH_RETURN_ARG_COUNT", "path": "/home/kavia/workspace/code-generation/app-gateway2/dependencies/install/include/WPEFramework/interfaces/Portability.h", "pattern": "/^#define PUSH_RETURN_ARG_COUNT(/", "language": "C++", "kind": "macro", "signature": "(_1_,_2_,_3_,_4_,_5_,_6_,_7_,_8_,count,...)"}, {"_type": "tag", "name": "PUSH_WARNING", "path": "/home/kavia/workspace/code-generation/app-gateway2/dependencies/install/include/WPEFramework/interfaces/Portability.h", "pattern": "/^#define PUSH_WARNING(/", "language": "C++", "kind": "macro", "signature": "(...)"}, {"_type": "tag", "name": "PUSH_WARNING_", "path": "/home/kavia/workspace/code-generation/app-gateway2/dependencies/install/include/WPEFramework/interfaces/Portability.h", "pattern": "/^        #define PUSH_WARNING_ /", "language": "C++", "kind": "macro"}, {"_type": "tag", "name": "PUSH_WARNING_", "path": "/home/kavia/workspace/code-generation/app-gateway2/dependencies/install/include/WPEFramework/interfaces/Portability.h", "pattern": "/^        #define PUSH_WARNING_(/", "language": "C++", "kind": "macro", "signature": "(WARNING)"}, {"_type": "tag", "name": "PUSH_WARNING_", "path": "/home/kavia/workspace/code-generation/app-gateway2/dependencies/install/include/WPEFramework/interfaces/Portability.h", "pattern": "/^    #define PUSH_WARNING_ /", "language": "C++", "kind": "macro"}, {"_type": "tag", "name": "PUSH_WARNING_ARG", "path": "/home/kavia/workspace/code-generation/app-gateway2/dependencies/install/include/WPEFramework/interfaces/Portability.h", "pattern": "/^#define PUSH_WARNING_ARG(/", "language": "C++", "kind": "macro", "signature": "(N,...)"}, {"_type": "tag", "name": "PUSH_WARNING_ARG_", "path": "/home/kavia/workspace/code-generation/app-gateway2/dependencies/install/include/WPEFramework/interfaces/Portability.h", "pattern": "/^        #define PUSH_WARNING_ARG_$/", "language": "C++", "kind": "macro"}, {"_type": "tag", "name": "PUSH_WARNING_ARG_", "path": "/home/kavia/workspace/code-generation/app-gateway2/dependencies/install/include/WPEFramework/interfaces/Portability.h", "pattern": "/^        #define PUSH_WARNING_ARG_(/", "language": "C++", "kind": "macro", "signature": "(WARNING)"}, {"_type": "tag", "name": "PUSH_WARNING_ARG_", "path": "/home/kavia/workspace/code-generation/app-gateway2/dependencies/install/include/WPEFramework/interfaces/Portability.h", "pattern": "/^    #define PUSH_WARNING_ARG_(/", "language": "C++", "kind": "macro", "signature": "(WARNING)"}, {"_type": "tag", "name": "PUSH_WARNING_ROLL_1", "path": "/home/kavia/workspace/code-generation/app-gateway2/dependencies/install/include/WPEFramework/interfaces/Portability.h", "pattern": "/^#define PUSH_WARNING_ROLL_1(/", "language": "C++", "kind": "macro", "signature": "(WARNING,...)"}, {"_type": "tag", "name": "PUSH_WARNING_ROLL_2", "path": "/home/kavia/workspace/code-generation/app-gateway2/dependencies/install/include/WPEFramework/interfaces/Portability.h", "pattern": "/^#define PUSH_WARNING_ROLL_2(/", "language": "C++", "kind": "macro", "signature": "(WARNING,...)"}, {"_type": "tag", "name": "PUSH_WARNING_ROLL_3", "path": "/home/kavia/workspace/code-generation/app-gateway2/dependencies/install/include/WPEFramework/interfaces/Portability.h", "pattern": "/^#define PUSH_WARNING_ROLL_3(/", "language": "C++", "kind": "macro", "signature": "(WARNING,...)"}, {"_type": "tag", "name": "PUSH_WARNING_ROLL_4", "path": "/home/kavia/workspace/code-generation/app-gateway2/dependencies/install/include/WPEFramework/interfaces/Portability.h", "pattern": "/^#define PUSH_WARNING_ROLL_4(/", "language": "C++", "kind": "macro", "signature": "(WARNING,...)"}, {"_type": "tag", "name": "PUSH_WARNING_ROLL_5", "path": "/home/kavia/workspace/code-generation/app-gateway2/dependencies/install/include/WPEFramework/interfaces/Portability.h", "pattern": "/^#define PUSH_WARNING_ROLL_5(/", "language": "C++", "kind": "macro", "signature": "(WARNING,...)"}, {"_type": "tag", "name": "VARIABLE_IS_NOT_USED", "path": "/home/kavia/workspace/code-generation/app-gateway2/dependencies/install/include/WPEFramework/interfaces/Portability.h", "pattern": "/^#define VARIABLE_IS_NOT_USED /", "language": "C++", "kind": "macro"}, {"_type": "tag", "name": "VARIABLE_IS_NOT_USED", "path": "/home/kavia/workspace/code-generation/app-gateway2/dependencies/install/include/WPEFramework/interfaces/Portability.h", "pattern": "/^#define VARIABLE_IS_NOT_USED$/", "language": "C++", "kind": "macro"}, {"_type": "tag", "name": "WARNING_RESULT_NOT_USED", "path": "/home/kavia/workspace/code-generation/app-gateway2/dependencies/install/include/WPEFramework/interfaces/Portability.h", "pattern": "/^#define WARNING_RESULT_NOT_USED /", "language": "C++", "kind": "macro"}, {"_type": "tag", "name": "WARNING_RESULT_NOT_USED", "path": "/home/kavia/workspace/code-generation/app-gateway2/dependencies/install/include/WPEFramework/interfaces/Portability.h", "pattern": "/^#define WARNING_RESULT_NOT_USED$/", "language": "C++", "kind": "macro"}], "hash": "33c2a7211276d282531593b55f023262", "format-version": 4, "code-base-name": "app-gateway2", "filename": "dependencies/install/include/WPEFramework/interfaces/Portability.h", "revision_history": [{"17238": "0f87a35b32215bc8547fb583d6c84bd51f603f69"}]}