{"is_source_file": true, "format": "C++ header file", "description": "This file contains C++ class definitions and related code for BrowserSecurity API JSON-RPC interface, generated from 'IBrowser.h'. It includes namespace declarations, enum conversion handlers, and placeholder for method parameter/result classes.", "external_files": ["<core/JSON.h>", "<interfaces/IBrowser.h>"], "external_methods": [], "published": [], "classes": [], "methods": [], "calls": [], "search-terms": ["JsonData_BrowserSecurity", "IBrowser", "BrowserSecurity", "enum conversion handlers", "JSON-RPC API", "WPEFramework"], "state": 2, "file_id": 8416, "knowledge_revision": 17126, "git_revision": "0f87a35b32215bc8547fb583d6c84bd51f603f69", "ctags": [{"_type": "tag", "name": "BrowserSecurity", "path": "/home/kavia/workspace/code-generation/app-gateway2/dependencies/install/include/WPEFramework/interfaces/json/JsonData_BrowserSecurity.h", "pattern": "/^    namespace BrowserSecurity {$/", "language": "C++", "kind": "namespace", "scope": "WPEFramework::JsonData", "scopeKind": "namespace"}, {"_type": "tag", "name": "JsonData", "path": "/home/kavia/workspace/code-generation/app-gateway2/dependencies/install/include/WPEFramework/interfaces/json/JsonData_BrowserSecurity.h", "pattern": "/^namespace JsonData {$/", "language": "C++", "kind": "namespace", "scope": "WPEFramework", "scopeKind": "namespace"}, {"_type": "tag", "name": "WPEFramework", "path": "/home/kavia/workspace/code-generation/app-gateway2/dependencies/install/include/WPEFramework/interfaces/json/JsonData_BrowserSecurity.h", "pattern": "/^namespace WPEFramework {$/", "language": "C++", "kind": "namespace"}], "hash": "84dd1f19e1055258a1ff4a9a6e19c62a", "format-version": 4, "code-base-name": "app-gateway2", "filename": "dependencies/install/include/WPEFramework/interfaces/json/JsonData_BrowserSecurity.h", "revision_history": [{"17126": "0f87a35b32215bc8547fb583d6c84bd51f603f69"}]}