{"is_source_file": true, "format": "C++", "description": "This file contains automatically generated enumeration conversions for WifiControl API JSON-RPC interface, mapping enum values to their string representations.", "external_files": ["<core/Enumerate.h>", "definitions.h", "<interfaces/IWifiControl.h>", "JsonData_WifiControl.h"], "external_methods": [], "published": [], "classes": [], "methods": [{"name": "ENUM_CONVERSION_BEGIN(Exchange::IWifiControl::Security)", "scope": "WPEFramework", "scopeKind": "namespace", "description": "unavailable"}], "calls": [], "search-terms": ["JsonEnum_WifiControl.cpp", "IWifiControl", "Security", "SecurityInfo", "ENUM_CONVERSION_BEGIN", "ENUM_CONVERSION_END", "WPEFramework"], "state": 2, "file_id": 8898, "knowledge_revision": 18564, "git_revision": "a019ef1ecf9043a6387775f8d60762f619f4c761", "ctags": [{"_type": "tag", "name": "ENUM_CONVERSION_BEGIN", "path": "/home/kavia/workspace/code-generation/app-gateway2/dependencies/build/ThunderInterfaces/definitions/generated/JsonEnum_WifiControl.cpp", "pattern": "/^ENUM_CONVERSION_BEGIN(Exchange::IWifiControl::Security)$/", "language": "C++", "kind": "function", "signature": "(Exchange::IWifiControl::Security)", "scope": "WPEFramework", "scopeKind": "namespace"}, {"_type": "tag", "name": "WPEFramework", "path": "/home/kavia/workspace/code-generation/app-gateway2/dependencies/build/ThunderInterfaces/definitions/generated/JsonEnum_WifiControl.cpp", "pattern": "/^namespace WPEFramework {$/", "file": true, "language": "C++", "kind": "namespace"}], "hash": "4811b36fee22156362479d2a070d8e00", "format-version": 4, "code-base-name": "app-gateway2", "filename": "dependencies/build/ThunderInterfaces/definitions/generated/JsonEnum_WifiControl.cpp", "revision_history": [{"18564": "a019ef1ecf9043a6387775f8d60762f619f4c761"}]}