{"is_source_file": true, "format": "C++ header file", "description": "This header file declares interfaces related to input event handling within the WPEFramework, including key, wheel, pointer, and touch input handlers and producers. It defines the core interface contracts for handling various input events and managing input device producers.", "external_files": ["Module.h"], "external_methods": [], "published": ["IKeyHandler", "IWheelHandler", "IPointerHandler", "ITouchHandler", "IKeyProducer", "IWheelProducer", "IPointerProducer", "ITouchProducer", "ProducerEvents"], "classes": [{"name": "IKeyHandler", "description": "Interface for handling keyboard events and managing key input producers."}, {"name": "IWheelHandler", "description": "Interface for handling wheel input events and managing wheel input producers."}, {"name": "IPointerHandler", "description": "Interface for handling pointer (mouse/touchpad) events and managing pointer input producers."}, {"name": "ITouchHandler", "description": "Interface for handling touch events and managing touch input producers."}, {"name": "IKeyProducer", "description": "Interface representing a key input device that can be configured and paired."}, {"name": "IWheelProducer", "description": "Interface representing a wheel input device that can be configured."}, {"name": "IPointerProducer", "description": "Interface representing a pointer input device that can be configured."}, {"name": "ITouchProducer", "description": "Interface representing a touch input device that can be configured."}], "methods": [{"name": "KeyEvent", "description": "Method to handle key press or release events identified by a key code."}, {"name": "ProducerEvent", "description": "Method to notify about producer-related events such as pairing and unpairing status."}, {"name": "Producer", "description": "Method to retrieve a key producer instance by name."}, {"name": "AxisEvent", "description": "Method to handle axis movement events, e.g., scroll wheel movements."}, {"name": "WheelProducer", "description": "Method to retrieve a wheel producer instance by name."}, {"name": "PointerMotionEvent", "description": "Method to handle pointer motion events with X and Y coordinates."}, {"name": "PointerButtonEvent", "description": "Method to handle pointer button press or release events."}, {"name": "PointerProducer", "description": "Method to retrieve a pointer producer instance by name."}, {"name": "TouchEvent", "description": "Method to handle touch input events with position and state information."}, {"name": "TouchProducer", "description": "Method to retrieve a touch producer instance by name."}, {"name": "Name", "description": "Method to get the name of the producer."}, {"name": "Callback", "description": "Method to set a callback handler for input events."}, {"name": "Error", "description": "Method to get the error status of the producer."}, {"name": "MetaData", "description": "Method to get metadata associated with the producer."}, {"name": "Configure", "description": "Method to configure the producer with specific settings."}, {"name": "Pair", "description": "Method to initiate pairing of the input device."}, {"name": "Unpair", "description": "Method to unpair the input device with a given binding ID."}], "calls": ["IKeyHandler::KeyEvent", "IKeyHandler::ProducerEvent", "IKeyHandler::Producer", "IWheelHandler::AxisEvent", "IWheelHandler::WheelProducer", "IPointerHandler::PointerMotionEvent", "IPointerHandler::PointerButtonEvent", "IPointerHandler::PointerProducer", "ITouchHandler::TouchEvent", "ITouchHandler::TouchProducer", "IKeyProducer::Name", "IKeyProducer::Callback", "IKeyProducer::Error", "IKeyProducer::MetaData", "IKeyProducer::Configure", "IKeyProducer::Pair", "IKeyProducer::Unpair", "IWheelProducer::Name", "IWheelProducer::Callback", "IWheelProducer::Error", "IWheelProducer::MetaData", "IWheelProducer::Configure", "IPointerProducer::Name", "IPointerProducer::Callback", "IPointerProducer::Error", "IPointerProducer::MetaData", "IPointerProducer::Configure", "ITouchProducer::Name", "ITouchProducer::Callback", "ITouchProducer::Error", "ITouchProducer::MetaData", "ITouchProducer::Configure"], "search-terms": ["IKeyHandler", "ProducerEvents", "InputEventInterface", "TouchInput", "PointerInput", "WheelInput", "KeyProducer", "TouchProducer", "PointerProducer"], "state": 2, "file_id": 8537, "knowledge_revision": 17253, "git_revision": "0f87a35b32215bc8547fb583d6c84bd51f603f69", "ctags": [{"_type": "tag", "name": "Exchange", "path": "/home/kavia/workspace/code-generation/app-gateway2/dependencies/install/include/WPEFramework/interfaces/IKeyHandler.h", "pattern": "/^namespace Exchange {$/", "language": "C++", "kind": "namespace", "scope": "WPEFramework", "scopeKind": "namespace"}, {"_type": "tag", "name": "ID", "path": "/home/kavia/workspace/code-generation/app-gateway2/dependencies/install/include/WPEFramework/interfaces/IKeyHandler.h", "pattern": "/^        enum { ID = ID_KEYHANDLER };$/", "language": "C++", "kind": "enumerator", "scope": "WPEFramework::Exchange::IKeyHandler::__anonca39f9ba0103", "scopeKind": "enum"}, {"_type": "tag", "name": "ID", "path": "/home/kavia/workspace/code-generation/app-gateway2/dependencies/install/include/WPEFramework/interfaces/IKeyHandler.h", "pattern": "/^        enum { ID = ID_KEYPRODUCER };$/", "language": "C++", "kind": "enumerator", "scope": "WPEFramework::Exchange::IKeyProducer::__anonca39f9ba0503", "scopeKind": "enum"}, {"_type": "tag", "name": "ID", "path": "/home/kavia/workspace/code-generation/app-gateway2/dependencies/install/include/WPEFramework/interfaces/IKeyHandler.h", "pattern": "/^        enum { ID = ID_POINTERHANDLER };$/", "language": "C++", "kind": "enumerator", "scope": "WPEFramework::Exchange::IPointerHandler::__anonca39f9ba0303", "scopeKind": "enum"}, {"_type": "tag", "name": "ID", "path": "/home/kavia/workspace/code-generation/app-gateway2/dependencies/install/include/WPEFramework/interfaces/IKeyHandler.h", "pattern": "/^        enum { ID = ID_POINTERPRODUCER };$/", "language": "C++", "kind": "enumerator", "scope": "WPEFramework::Exchange::IPointerProducer::__anonca39f9ba0703", "scopeKind": "enum"}, {"_type": "tag", "name": "ID", "path": "/home/kavia/workspace/code-generation/app-gateway2/dependencies/install/include/WPEFramework/interfaces/IKeyHandler.h", "pattern": "/^        enum { ID = ID_TOUCHHANDLER };$/", "language": "C++", "kind": "enumerator", "scope": "WPEFramework::Exchange::ITouchHandler::__anonca39f9ba0403", "scopeKind": "enum"}, {"_type": "tag", "name": "ID", "path": "/home/kavia/workspace/code-generation/app-gateway2/dependencies/install/include/WPEFramework/interfaces/IKeyHandler.h", "pattern": "/^        enum { ID = ID_TOUCHPRODUCER };$/", "language": "C++", "kind": "enumerator", "scope": "WPEFramework::Exchange::ITouchProducer::__anonca39f9ba0803", "scopeKind": "enum"}, {"_type": "tag", "name": "ID", "path": "/home/kavia/workspace/code-generation/app-gateway2/dependencies/install/include/WPEFramework/interfaces/IKeyHandler.h", "pattern": "/^        enum { ID = ID_WHEELHANDLER };$/", "language": "C++", "kind": "enumerator", "scope": "WPEFramework::Exchange::IWheelHandler::__anonca39f9ba0203", "scopeKind": "enum"}, {"_type": "tag", "name": "ID", "path": "/home/kavia/workspace/code-generation/app-gateway2/dependencies/install/include/WPEFramework/interfaces/IKeyHandler.h", "pattern": "/^        enum { ID = ID_WHEELPRODUCER };$/", "language": "C++", "kind": "enumerator", "scope": "WPEFramework::Exchange::IWheelProducer::__anonca39f9ba0603", "scopeKind": "enum"}, {"_type": "tag", "name": "IKeyHandler", "path": "/home/kavia/workspace/code-generation/app-gateway2/dependencies/install/include/WPEFramework/interfaces/IKeyHandler.h", "pattern": "/^    struct EXTERNAL IKeyHandler : virtual public Core::IUnknown {$/", "language": "C++", "kind": "struct", "scope": "WPEFramework::Exchange", "scopeKind": "namespace"}, {"_type": "tag", "name": "IKeyProducer", "path": "/home/kavia/workspace/code-generation/app-gateway2/dependencies/install/include/WPEFramework/interfaces/IKeyHandler.h", "pattern": "/^    struct EXTERNAL IKeyProducer : virtual public Core::IUnknown {$/", "language": "C++", "kind": "struct", "scope": "WPEFramework::Exchange", "scopeKind": "namespace"}, {"_type": "tag", "name": "IKeyProducer", "path": "/home/kavia/workspace/code-generation/app-gateway2/dependencies/install/include/WPEFramework/interfaces/IKeyHandler.h", "pattern": "/^    struct EXTERNAL IKeyProducer;$/", "language": "C++", "typeref": "struct:EXTERNAL", "kind": "variable", "scope": "WPEFramework::Exchange", "scopeKind": "namespace"}, {"_type": "tag", "name": "IPointerHandler", "path": "/home/kavia/workspace/code-generation/app-gateway2/dependencies/install/include/WPEFramework/interfaces/IKeyHandler.h", "pattern": "/^    struct EXTERNAL IPointerHandler : virtual public Core::IUnknown {$/", "language": "C++", "kind": "struct", "scope": "WPEFramework::Exchange", "scopeKind": "namespace"}, {"_type": "tag", "name": "IPointerProducer", "path": "/home/kavia/workspace/code-generation/app-gateway2/dependencies/install/include/WPEFramework/interfaces/IKeyHandler.h", "pattern": "/^    struct EXTERNAL IPointerProducer : virtual public Core::IUnknown {$/", "language": "C++", "kind": "struct", "scope": "WPEFramework::Exchange", "scopeKind": "namespace"}, {"_type": "tag", "name": "IPointerProducer", "path": "/home/kavia/workspace/code-generation/app-gateway2/dependencies/install/include/WPEFramework/interfaces/IKeyHandler.h", "pattern": "/^    struct EXTERNAL IPointerProducer;$/", "language": "C++", "typeref": "struct:EXTERNAL", "kind": "variable", "scope": "WPEFramework::Exchange", "scopeKind": "namespace"}, {"_type": "tag", "name": "ITouchHandler", "path": "/home/kavia/workspace/code-generation/app-gateway2/dependencies/install/include/WPEFramework/interfaces/IKeyHandler.h", "pattern": "/^    struct EXTERNAL ITouchHandler : virtual public Core::IUnknown {$/", "language": "C++", "kind": "struct", "scope": "WPEFramework::Exchange", "scopeKind": "namespace"}, {"_type": "tag", "name": "ITouchProducer", "path": "/home/kavia/workspace/code-generation/app-gateway2/dependencies/install/include/WPEFramework/interfaces/IKeyHandler.h", "pattern": "/^    struct EXTERNAL ITouchProducer : virtual public Core::IUnknown {$/", "language": "C++", "kind": "struct", "scope": "WPEFramework::Exchange", "scopeKind": "namespace"}, {"_type": "tag", "name": "ITouchProducer", "path": "/home/kavia/workspace/code-generation/app-gateway2/dependencies/install/include/WPEFramework/interfaces/IKeyHandler.h", "pattern": "/^    struct EXTERNAL ITouchProducer;$/", "language": "C++", "typeref": "struct:EXTERNAL", "kind": "variable", "scope": "WPEFramework::Exchange", "scopeKind": "namespace"}, {"_type": "tag", "name": "IWheelHandler", "path": "/home/kavia/workspace/code-generation/app-gateway2/dependencies/install/include/WPEFramework/interfaces/IKeyHandler.h", "pattern": "/^    struct EXTERNAL IWheelHandler : virtual public Core::IUnknown {$/", "language": "C++", "kind": "struct", "scope": "WPEFramework::Exchange", "scopeKind": "namespace"}, {"_type": "tag", "name": "IWheelProducer", "path": "/home/kavia/workspace/code-generation/app-gateway2/dependencies/install/include/WPEFramework/interfaces/IKeyHandler.h", "pattern": "/^    struct EXTERNAL IWheelProducer : virtual public Core::IUnknown {$/", "language": "C++", "kind": "struct", "scope": "WPEFramework::Exchange", "scopeKind": "namespace"}, {"_type": "tag", "name": "IWheelProducer", "path": "/home/kavia/workspace/code-generation/app-gateway2/dependencies/install/include/WPEFramework/interfaces/IKeyHandler.h", "pattern": "/^    struct EXTERNAL IWheelProducer;$/", "language": "C++", "typeref": "struct:EXTERNAL", "kind": "variable", "scope": "WPEFramework::Exchange", "scopeKind": "namespace"}, {"_type": "tag", "name": "PairingFailed", "path": "/home/kavia/workspace/code-generation/app-gateway2/dependencies/install/include/WPEFramework/interfaces/IKeyHandler.h", "pattern": "/^        PairingFailed,$/", "language": "C++", "kind": "enumerator", "scope": "WPEFramework::Exchange::ProducerEvents", "scopeKind": "enum"}, {"_type": "tag", "name": "PairingStarted", "path": "/home/kavia/workspace/code-generation/app-gateway2/dependencies/install/include/WPEFramework/interfaces/IKeyHandler.h", "pattern": "/^        PairingStarted = 1,$/", "language": "C++", "kind": "enumerator", "scope": "WPEFramework::Exchange::ProducerEvents", "scopeKind": "enum"}, {"_type": "tag", "name": "PairingSuccess", "path": "/home/kavia/workspace/code-generation/app-gateway2/dependencies/install/include/WPEFramework/interfaces/IKeyHandler.h", "pattern": "/^        PairingSuccess,$/", "language": "C++", "kind": "enumerator", "scope": "WPEFramework::Exchange::ProducerEvents", "scopeKind": "enum"}, {"_type": "tag", "name": "PairingTimedout", "path": "/home/kavia/workspace/code-generation/app-gateway2/dependencies/install/include/WPEFramework/interfaces/IKeyHandler.h", "pattern": "/^        PairingTimedout,$/", "language": "C++", "kind": "enumerator", "scope": "WPEFramework::Exchange::ProducerEvents", "scopeKind": "enum"}, {"_type": "tag", "name": "ProducerEvents", "path": "/home/kavia/workspace/code-generation/app-gateway2/dependencies/install/include/WPEFramework/interfaces/IKeyHandler.h", "pattern": "/^    enum ProducerEvents : uint8_t {$/", "language": "C++", "typeref": "typename:uint8_t", "kind": "enum", "scope": "WPEFramework::Exchange", "scopeKind": "namespace"}, {"_type": "tag", "name": "TOUCH_MOTION", "path": "/home/kavia/workspace/code-generation/app-gateway2/dependencies/install/include/WPEFramework/interfaces/IKeyHandler.h", "pattern": "/^            TOUCH_MOTION,$/", "language": "C++", "kind": "enumerator", "scope": "WPEFramework::Exchange::ITouchHandler::touchstate", "scopeKind": "enum"}, {"_type": "tag", "name": "TOUCH_PRESSED", "path": "/home/kavia/workspace/code-generation/app-gateway2/dependencies/install/include/WPEFramework/interfaces/IKeyHandler.h", "pattern": "/^            TOUCH_PRESSED$/", "language": "C++", "kind": "enumerator", "scope": "WPEFramework::Exchange::ITouchHandler::touchstate", "scopeKind": "enum"}, {"_type": "tag", "name": "TOUCH_RELEASED", "path": "/home/kavia/workspace/code-generation/app-gateway2/dependencies/install/include/WPEFramework/interfaces/IKeyHandler.h", "pattern": "/^            TOUCH_RELEASED,$/", "language": "C++", "kind": "enumerator", "scope": "WPEFramework::Exchange::ITouchHandler::touchstate", "scopeKind": "enum"}, {"_type": "tag", "name": "UnpairingFailed", "path": "/home/kavia/workspace/code-generation/app-gateway2/dependencies/install/include/WPEFramework/interfaces/IKeyHandler.h", "pattern": "/^        UnpairingFailed,$/", "language": "C++", "kind": "enumerator", "scope": "WPEFramework::Exchange::ProducerEvents", "scopeKind": "enum"}, {"_type": "tag", "name": "UnpairingStarted", "path": "/home/kavia/workspace/code-generation/app-gateway2/dependencies/install/include/WPEFramework/interfaces/IKeyHandler.h", "pattern": "/^        UnpairingStarted,$/", "language": "C++", "kind": "enumerator", "scope": "WPEFramework::Exchange::ProducerEvents", "scopeKind": "enum"}, {"_type": "tag", "name": "UnpairingSuccess", "path": "/home/kavia/workspace/code-generation/app-gateway2/dependencies/install/include/WPEFramework/interfaces/IKeyHandler.h", "pattern": "/^        UnpairingSuccess,$/", "language": "C++", "kind": "enumerator", "scope": "WPEFramework::Exchange::ProducerEvents", "scopeKind": "enum"}, {"_type": "tag", "name": "UnpairingTimedout", "path": "/home/kavia/workspace/code-generation/app-gateway2/dependencies/install/include/WPEFramework/interfaces/IKeyHandler.h", "pattern": "/^        UnpairingTimedout$/", "language": "C++", "kind": "enumerator", "scope": "WPEFramework::Exchange::ProducerEvents", "scopeKind": "enum"}, {"_type": "tag", "name": "WPEFramework", "path": "/home/kavia/workspace/code-generation/app-gateway2/dependencies/install/include/WPEFramework/interfaces/IKeyHandler.h", "pattern": "/^namespace WPEFramework {$/", "language": "C++", "kind": "namespace"}, {"_type": "tag", "name": "__anonca39f9ba0103", "path": "/home/kavia/workspace/code-generation/app-gateway2/dependencies/install/include/WPEFramework/interfaces/IKeyHandler.h", "pattern": "/^        enum { ID = ID_KEYHANDLER };$/", "language": "C++", "kind": "enum", "scope": "WPEFramework::Exchange::IKeyHandler", "scopeKind": "struct"}, {"_type": "tag", "name": "__anonca39f9ba0203", "path": "/home/kavia/workspace/code-generation/app-gateway2/dependencies/install/include/WPEFramework/interfaces/IKeyHandler.h", "pattern": "/^        enum { ID = ID_WHEELHANDLER };$/", "language": "C++", "kind": "enum", "scope": "WPEFramework::Exchange::IWheelHandler", "scopeKind": "struct"}, {"_type": "tag", "name": "__anonca39f9ba0303", "path": "/home/kavia/workspace/code-generation/app-gateway2/dependencies/install/include/WPEFramework/interfaces/IKeyHandler.h", "pattern": "/^        enum { ID = ID_POINTERHANDLER };$/", "language": "C++", "kind": "enum", "scope": "WPEFramework::Exchange::IPointerHandler", "scopeKind": "struct"}, {"_type": "tag", "name": "__anonca39f9ba0403", "path": "/home/kavia/workspace/code-generation/app-gateway2/dependencies/install/include/WPEFramework/interfaces/IKeyHandler.h", "pattern": "/^        enum { ID = ID_TOUCHHANDLER };$/", "language": "C++", "kind": "enum", "scope": "WPEFramework::Exchange::ITouchHandler", "scopeKind": "struct"}, {"_type": "tag", "name": "__anonca39f9ba0503", "path": "/home/kavia/workspace/code-generation/app-gateway2/dependencies/install/include/WPEFramework/interfaces/IKeyHandler.h", "pattern": "/^        enum { ID = ID_KEYPRODUCER };$/", "language": "C++", "kind": "enum", "scope": "WPEFramework::Exchange::IKeyProducer", "scopeKind": "struct"}, {"_type": "tag", "name": "__anonca39f9ba0603", "path": "/home/kavia/workspace/code-generation/app-gateway2/dependencies/install/include/WPEFramework/interfaces/IKeyHandler.h", "pattern": "/^        enum { ID = ID_WHEELPRODUCER };$/", "language": "C++", "kind": "enum", "scope": "WPEFramework::Exchange::IWheelProducer", "scopeKind": "struct"}, {"_type": "tag", "name": "__anonca39f9ba0703", "path": "/home/kavia/workspace/code-generation/app-gateway2/dependencies/install/include/WPEFramework/interfaces/IKeyHandler.h", "pattern": "/^        enum { ID = ID_POINTERPRODUCER };$/", "language": "C++", "kind": "enum", "scope": "WPEFramework::Exchange::IPointerProducer", "scopeKind": "struct"}, {"_type": "tag", "name": "__anonca39f9ba0803", "path": "/home/kavia/workspace/code-generation/app-gateway2/dependencies/install/include/WPEFramework/interfaces/IKeyHandler.h", "pattern": "/^        enum { ID = ID_TOUCHPRODUCER };$/", "language": "C++", "kind": "enum", "scope": "WPEFramework::Exchange::ITouchProducer", "scopeKind": "struct"}, {"_type": "tag", "name": "touchstate", "path": "/home/kavia/workspace/code-generation/app-gateway2/dependencies/install/include/WPEFramework/interfaces/IKeyHandler.h", "pattern": "/^        enum class touchstate : uint8_t {$/", "language": "C++", "typeref": "typename:uint8_t", "kind": "enum", "scope": "WPEFramework::Exchange::ITouchHandler", "scopeKind": "struct"}], "hash": "966f2f0d2e00fd0dfc1d3088472fd3b5", "format-version": 4, "code-base-name": "app-gateway2", "filename": "dependencies/install/include/WPEFramework/interfaces/IKeyHandler.h", "fields": [{"name": "struct:EXTERNAL IKeyProducer", "scope": "WPEFramework::Exchange", "scopeKind": "namespace", "description": "unavailable"}, {"name": "struct:EXTERNAL IPointerProducer", "scope": "WPEFramework::Exchange", "scopeKind": "namespace", "description": "unavailable"}, {"name": "struct:EXTERNAL ITouchProducer", "scope": "WPEFramework::Exchange", "scopeKind": "namespace", "description": "unavailable"}, {"name": "struct:EXTERNAL IWheelProducer", "scope": "WPEFramework::Exchange", "scopeKind": "namespace", "description": "unavailable"}], "revision_history": [{"17253": "0f87a35b32215bc8547fb583d6c84bd51f603f69"}]}