{"is_source_file": true, "format": "C++ header", "description": "This file defines JSON-RPC API classes related to LifeTime management in the plugin system, including parameter containers for activation, Hibernate, and state change operations.", "external_files": ["<core/JSON.h>"], "external_methods": [], "published": ["JsonData::LifeTime::ActivateParamsInfo", "JsonData::LifeTime::HibernateParamsData", "JsonData::LifeTime::StateChangeParamsData"], "classes": [{"name": "ActivateParamsInfo", "description": "Container class for parameters to activate a plugin, includes callsign."}, {"name": "HibernateParamsData", "description": "Container class for parameters to set a plugin into Hibernate state, includes callsign and timeout."}, {"name": "StateChangeParamsData", "description": "Container class for parameters to notify a plugin's state change, includes callsign, state, and reason."}], "methods": [{"name": "bool IsValid() const", "description": "Method to check validity of the container, currently always returns true.", "scope": "WPEFramework::JsonData::LifeTime::StateChangeParamsData", "scopeKind": "class"}, {"name": "ActivateParamsInfo()", "scope": "WPEFramework::JsonData::LifeTime::ActivateParamsInfo", "scopeKind": "class", "description": "unavailable"}, {"name": "HibernateParamsData()", "scope": "WPEFramework::JsonData::LifeTime::HibernateParamsData", "scopeKind": "class", "description": "unavailable"}, {"name": "StateChangeParamsData()", "scope": "WPEFramework::JsonData::LifeTime::StateChangeParamsData", "scopeKind": "class", "description": "unavailable"}], "calls": ["Add", "Core::JSON::String", "Core::JSON::DecUInt32", "Core::JSON::EnumType"], "search-terms": ["LifeTime API", "JSON-RPC plugin activation", "Hibernate plugin parameters", "Plugin state change data", "JsonData_LifeTime.h"], "state": 2, "file_id": 8787, "knowledge_revision": 18454, "git_revision": "a019ef1ecf9043a6387775f8d60762f619f4c761", "ctags": [{"_type": "tag", "name": "ActivateParamsInfo", "path": "/home/kavia/workspace/code-generation/app-gateway2/dependencies/build/Thunder/Source/plugins/generated/jsonrpc/JsonData_LifeTime.h", "pattern": "/^            ActivateParamsInfo()$/", "language": "C++", "kind": "function", "signature": "()", "scope": "WPEFramework::JsonData::LifeTime::ActivateParamsInfo", "scopeKind": "class"}, {"_type": "tag", "name": "ActivateParamsInfo", "path": "/home/kavia/workspace/code-generation/app-gateway2/dependencies/build/Thunder/Source/plugins/generated/jsonrpc/JsonData_LifeTime.h", "pattern": "/^        class ActivateParamsInfo : public Core::JSON::Container {$/", "language": "C++", "kind": "class", "scope": "WPEFramework::JsonData::LifeTime", "scopeKind": "namespace"}, {"_type": "tag", "name": "Callsign", "path": "/home/kavia/workspace/code-generation/app-gateway2/dependencies/build/Thunder/Source/plugins/generated/jsonrpc/JsonData_LifeTime.h", "pattern": "/^            Core::JSON::String Callsign; \\/\\/ Activate a plugin, i.e. move from Deactivated, via/", "language": "C++", "typeref": "typename:Core::JSON::String", "kind": "member", "scope": "WPEFramework::JsonData::LifeTime::ActivateParamsInfo", "scopeKind": "class"}, {"_type": "tag", "name": "Callsign", "path": "/home/kavia/workspace/code-generation/app-gateway2/dependencies/build/Thunder/Source/plugins/generated/jsonrpc/JsonData_LifeTime.h", "pattern": "/^            Core::JSON::String Callsign; \\/\\/ Notifies a plugin state change$/", "language": "C++", "typeref": "typename:Core::JSON::String", "kind": "member", "scope": "WPEFramework::JsonData::LifeTime::StateChangeParamsData", "scopeKind": "class"}, {"_type": "tag", "name": "Callsign", "path": "/home/kavia/workspace/code-generation/app-gateway2/dependencies/build/Thunder/Source/plugins/generated/jsonrpc/JsonData_LifeTime.h", "pattern": "/^            Core::JSON::String Callsign; \\/\\/ Set a plugin in Hibernate state$/", "language": "C++", "typeref": "typename:Core::JSON::String", "kind": "member", "scope": "WPEFramework::JsonData::LifeTime::HibernateParamsData", "scopeKind": "class"}, {"_type": "tag", "name": "HibernateParamsData", "path": "/home/kavia/workspace/code-generation/app-gateway2/dependencies/build/Thunder/Source/plugins/generated/jsonrpc/JsonData_LifeTime.h", "pattern": "/^            HibernateParamsData()$/", "language": "C++", "kind": "function", "signature": "()", "scope": "WPEFramework::JsonData::LifeTime::HibernateParamsData", "scopeKind": "class"}, {"_type": "tag", "name": "HibernateParamsData", "path": "/home/kavia/workspace/code-generation/app-gateway2/dependencies/build/Thunder/Source/plugins/generated/jsonrpc/JsonData_LifeTime.h", "pattern": "/^        class HibernateParamsData : public Core::JSON::Container {$/", "language": "C++", "kind": "class", "scope": "WPEFramework::JsonData::LifeTime", "scopeKind": "namespace"}, {"_type": "tag", "name": "IsValid", "path": "/home/kavia/workspace/code-generation/app-gateway2/dependencies/build/Thunder/Source/plugins/generated/jsonrpc/JsonData_LifeTime.h", "pattern": "/^            bool IsValid() const$/", "language": "C++", "typeref": "typename:bool", "kind": "function", "signature": "() const", "scope": "WPEFramework::JsonData::LifeTime::ActivateParamsInfo", "scopeKind": "class"}, {"_type": "tag", "name": "IsValid", "path": "/home/kavia/workspace/code-generation/app-gateway2/dependencies/build/Thunder/Source/plugins/generated/jsonrpc/JsonData_LifeTime.h", "pattern": "/^            bool IsValid() const$/", "language": "C++", "typeref": "typename:bool", "kind": "function", "signature": "() const", "scope": "WPEFramework::JsonData::LifeTime::HibernateParamsData", "scopeKind": "class"}, {"_type": "tag", "name": "IsValid", "path": "/home/kavia/workspace/code-generation/app-gateway2/dependencies/build/Thunder/Source/plugins/generated/jsonrpc/JsonData_LifeTime.h", "pattern": "/^            bool IsValid() const$/", "language": "C++", "typeref": "typename:bool", "kind": "function", "signature": "() const", "scope": "WPEFramework::JsonData::LifeTime::StateChangeParamsData", "scopeKind": "class"}, {"_type": "tag", "name": "JsonData", "path": "/home/kavia/workspace/code-generation/app-gateway2/dependencies/build/Thunder/Source/plugins/generated/jsonrpc/JsonData_LifeTime.h", "pattern": "/^namespace JsonData {$/", "language": "C++", "kind": "namespace", "scope": "WPEFramework", "scopeKind": "namespace"}, {"_type": "tag", "name": "LifeTime", "path": "/home/kavia/workspace/code-generation/app-gateway2/dependencies/build/Thunder/Source/plugins/generated/jsonrpc/JsonData_LifeTime.h", "pattern": "/^    namespace LifeTime {$/", "language": "C++", "kind": "namespace", "scope": "WPEFramework::JsonData", "scopeKind": "namespace"}, {"_type": "tag", "name": "Reason", "path": "/home/kavia/workspace/code-generation/app-gateway2/dependencies/build/Thunder/Source/plugins/generated/jsonrpc/JsonData_LifeTime.h", "pattern": "/^            Core::JSON::EnumType<PluginHost::IShell::reason> Reason; \\/\\/ Notifies a plugin stat/", "language": "C++", "typeref": "typename:Core::JSON::EnumType<PluginHost::IShell::reason>", "kind": "member", "scope": "WPEFramework::JsonData::LifeTime::StateChangeParamsData", "scopeKind": "class"}, {"_type": "tag", "name": "State", "path": "/home/kavia/workspace/code-generation/app-gateway2/dependencies/build/Thunder/Source/plugins/generated/jsonrpc/JsonData_LifeTime.h", "pattern": "/^            Core::JSON::EnumType<PluginHost::IShell::state> State; \\/\\/ Notifies a plugin state /", "language": "C++", "typeref": "typename:Core::JSON::EnumType<PluginHost::IShell::state>", "kind": "member", "scope": "WPEFramework::JsonData::LifeTime::StateChangeParamsData", "scopeKind": "class"}, {"_type": "tag", "name": "StateChangeParamsData", "path": "/home/kavia/workspace/code-generation/app-gateway2/dependencies/build/Thunder/Source/plugins/generated/jsonrpc/JsonData_LifeTime.h", "pattern": "/^            StateChangeParamsData()$/", "language": "C++", "kind": "function", "signature": "()", "scope": "WPEFramework::JsonData::LifeTime::StateChangeParamsData", "scopeKind": "class"}, {"_type": "tag", "name": "StateChangeParamsData", "path": "/home/kavia/workspace/code-generation/app-gateway2/dependencies/build/Thunder/Source/plugins/generated/jsonrpc/JsonData_LifeTime.h", "pattern": "/^        class StateChangeParamsData : public Core::JSON::Container {$/", "language": "C++", "kind": "class", "scope": "WPEFramework::JsonData::LifeTime", "scopeKind": "namespace"}, {"_type": "tag", "name": "Timeout", "path": "/home/kavia/workspace/code-generation/app-gateway2/dependencies/build/Thunder/Source/plugins/generated/jsonrpc/JsonData_LifeTime.h", "pattern": "/^            Core::JSON::DecUInt32 Timeout; \\/\\/ Set a plugin in Hibernate state$/", "language": "C++", "typeref": "typename:Core::JSON::DecUInt32", "kind": "member", "scope": "WPEFramework::JsonData::LifeTime::HibernateParamsData", "scopeKind": "class"}, {"_type": "tag", "name": "WPEFramework", "path": "/home/kavia/workspace/code-generation/app-gateway2/dependencies/build/Thunder/Source/plugins/generated/jsonrpc/JsonData_LifeTime.h", "pattern": "/^namespace WPEFramework {$/", "language": "C++", "kind": "namespace"}], "hash": "35a763fa704f90386a9fb276647654a5", "format-version": 4, "code-base-name": "app-gateway2", "filename": "dependencies/build/Thunder/Source/plugins/generated/jsonrpc/JsonData_LifeTime.h", "fields": [{"name": "Core::JSON::String Callsign", "scope": "WPEFramework::JsonData::LifeTime::ActivateParamsInfo", "scopeKind": "class", "description": "unavailable"}, {"name": "Core::JSON::EnumType<PluginHost::IShell::reason> Reason", "scope": "WPEFramework::JsonData::LifeTime::StateChangeParamsData", "scopeKind": "class", "description": "unavailable"}, {"name": "Core::JSON::EnumType<PluginHost::IShell::state> State", "scope": "WPEFramework::JsonData::LifeTime::StateChangeParamsData", "scopeKind": "class", "description": "unavailable"}, {"name": "Core::JSON::DecUInt32 Timeout", "scope": "WPEFramework::JsonData::LifeTime::HibernateParamsData", "scopeKind": "class", "description": "unavailable"}], "revision_history": [{"18454": "a019ef1ecf9043a6387775f8d60762f619f4c761"}]}