{"is_source_file": true, "format": "C++", "description": "This file contains auto-generated C++ class definitions for the Remote Control API JSON-RPC interface, including enums and data container classes for request and response data, mainly related to remote control key events and device info.", "external_files": ["<core/JSON.h>", "<core/Enumerate.h>"], "external_methods": [], "published": ["ModifiersType", "KeyobjInfo", "LoadParamsInfo", "RcobjInfo", "DeviceData", "KeyResultData", "KeypressedParamsData", "UnpairParamsData"], "classes": [{"name": "KeyobjInfo", "description": "Represents a key object with device and code, used in remote control key events."}, {"name": "LoadParamsInfo", "description": "Contains parameters for loading device configuration."}, {"name": "RcobjInfo", "description": "Represents remote control object info with device, code, key, and modifiers."}, {"name": "DeviceData", "description": "Holds device metadata information."}, {"name": "KeyResultData", "description": "Provides result data for key events, including code, key value, and modifiers."}, {"name": "KeypressedParamsData", "description": "Contains parameters indicating whether a key was pressed or released."}, {"name": "UnpairParamsData", "description": "Parameters needed to unpair a device binding."}], "methods": [{"name": "DeviceData()", "scope": "WPEFramework::JsonData::RemoteControl::DeviceData", "scopeKind": "class", "description": "unavailable"}, {"name": "bool IsValid() const", "scope": "WPEFramework::JsonData::RemoteControl::UnpairParamsData", "scopeKind": "class", "description": "unavailable"}, {"name": "KeyResultData()", "scope": "WPEFramework::JsonData::RemoteControl::KeyResultData", "scopeKind": "class", "description": "unavailable"}, {"name": "KeyobjInfo()", "scope": "WPEFramework::JsonData::RemoteControl::KeyobjInfo", "scopeKind": "class", "description": "unavailable"}, {"name": "KeypressedParamsData()", "scope": "WPEFramework::JsonData::RemoteControl::KeypressedParamsData", "scopeKind": "class", "description": "unavailable"}, {"name": "LoadParamsInfo()", "scope": "WPEFramework::JsonData::RemoteControl::LoadParamsInfo", "scopeKind": "class", "description": "unavailable"}, {"name": "RcobjInfo()", "scope": "WPEFramework::JsonData::RemoteControl::RcobjInfo", "scopeKind": "class", "description": "unavailable"}, {"name": "UnpairParamsData()", "scope": "WPEFramework::JsonData::RemoteControl::UnpairParamsData", "scopeKind": "class", "description": "unavailable"}], "calls": [], "search-terms": ["JsonData_RemoteControl", "ModifiersType", "KeyobjInfo", "RcobjInfo", "RemoteControl API", "JSON-RPC", "generated classes"], "state": 2, "file_id": 8867, "knowledge_revision": 18531, "git_revision": "a019ef1ecf9043a6387775f8d60762f619f4c761", "ctags": [{"_type": "tag", "name": "Bindid", "path": "/home/kavia/workspace/code-generation/app-gateway2/dependencies/build/ThunderInterfaces/definitions/generated/JsonData_RemoteControl.h", "pattern": "/^            Core::JSON::String Bindid; \\/\\/ Binding ID$/", "language": "C++", "typeref": "typename:Core::JSON::String", "kind": "member", "scope": "WPEFramework::JsonData::RemoteControl::UnpairParamsData", "scopeKind": "class"}, {"_type": "tag", "name": "Code", "path": "/home/kavia/workspace/code-generation/app-gateway2/dependencies/build/ThunderInterfaces/definitions/generated/JsonData_RemoteControl.h", "pattern": "/^            Core::JSON::DecUInt32 Code; \\/\\/ Key code$/", "language": "C++", "typeref": "typename:Core::JSON::DecUInt32", "kind": "member", "scope": "WPEFramework::JsonData::RemoteControl::KeyResultData", "scopeKind": "class"}, {"_type": "tag", "name": "Code", "path": "/home/kavia/workspace/code-generation/app-gateway2/dependencies/build/ThunderInterfaces/definitions/generated/JsonData_RemoteControl.h", "pattern": "/^            Core::JSON::DecUInt32 Code; \\/\\/ Key code$/", "language": "C++", "typeref": "typename:Core::JSON::DecUInt32", "kind": "member", "scope": "WPEFramework::JsonData::RemoteControl::KeyobjInfo", "scopeKind": "class"}, {"_type": "tag", "name": "Code", "path": "/home/kavia/workspace/code-generation/app-gateway2/dependencies/build/ThunderInterfaces/definitions/generated/JsonData_RemoteControl.h", "pattern": "/^            Core::JSON::DecUInt32 Code; \\/\\/ Key code$/", "language": "C++", "typeref": "typename:Core::JSON::DecUInt32", "kind": "member", "scope": "WPEFramework::JsonData::RemoteControl::RcobjInfo", "scopeKind": "class"}, {"_type": "tag", "name": "Device", "path": "/home/kavia/workspace/code-generation/app-gateway2/dependencies/build/ThunderInterfaces/definitions/generated/JsonData_RemoteControl.h", "pattern": "/^            Core::JSON::String Device; \\/\\/ Device name$/", "language": "C++", "typeref": "typename:Core::JSON::String", "kind": "member", "scope": "WPEFramework::JsonData::RemoteControl::KeyobjInfo", "scopeKind": "class"}, {"_type": "tag", "name": "Device", "path": "/home/kavia/workspace/code-generation/app-gateway2/dependencies/build/ThunderInterfaces/definitions/generated/JsonData_RemoteControl.h", "pattern": "/^            Core::JSON::String Device; \\/\\/ Device name$/", "language": "C++", "typeref": "typename:Core::JSON::String", "kind": "member", "scope": "WPEFramework::JsonData::RemoteControl::LoadParamsInfo", "scopeKind": "class"}, {"_type": "tag", "name": "Device", "path": "/home/kavia/workspace/code-generation/app-gateway2/dependencies/build/ThunderInterfaces/definitions/generated/JsonData_RemoteControl.h", "pattern": "/^            Core::JSON::String Device; \\/\\/ Device name$/", "language": "C++", "typeref": "typename:Core::JSON::String", "kind": "member", "scope": "WPEFramework::JsonData::RemoteControl::RcobjInfo", "scopeKind": "class"}, {"_type": "tag", "name": "Device", "path": "/home/kavia/workspace/code-generation/app-gateway2/dependencies/build/ThunderInterfaces/definitions/generated/JsonData_RemoteControl.h", "pattern": "/^            Core::JSON::String Device; \\/\\/ Device name$/", "language": "C++", "typeref": "typename:Core::JSON::String", "kind": "member", "scope": "WPEFramework::JsonData::RemoteControl::UnpairParamsData", "scopeKind": "class"}, {"_type": "tag", "name": "DeviceData", "path": "/home/kavia/workspace/code-generation/app-gateway2/dependencies/build/ThunderInterfaces/definitions/generated/JsonData_RemoteControl.h", "pattern": "/^            DeviceData()$/", "language": "C++", "kind": "function", "signature": "()", "scope": "WPEFramework::JsonData::RemoteControl::DeviceData", "scopeKind": "class"}, {"_type": "tag", "name": "DeviceData", "path": "/home/kavia/workspace/code-generation/app-gateway2/dependencies/build/ThunderInterfaces/definitions/generated/JsonData_RemoteControl.h", "pattern": "/^        class DeviceData : public Core::JSON::Container {$/", "language": "C++", "kind": "class", "scope": "WPEFramework::JsonData::RemoteControl", "scopeKind": "namespace"}, {"_type": "tag", "name": "IsValid", "path": "/home/kavia/workspace/code-generation/app-gateway2/dependencies/build/ThunderInterfaces/definitions/generated/JsonData_RemoteControl.h", "pattern": "/^            bool IsValid() const$/", "language": "C++", "typeref": "typename:bool", "kind": "function", "signature": "() const", "scope": "WPEFramework::JsonData::RemoteControl::DeviceData", "scopeKind": "class"}, {"_type": "tag", "name": "IsValid", "path": "/home/kavia/workspace/code-generation/app-gateway2/dependencies/build/ThunderInterfaces/definitions/generated/JsonData_RemoteControl.h", "pattern": "/^            bool IsValid() const$/", "language": "C++", "typeref": "typename:bool", "kind": "function", "signature": "() const", "scope": "WPEFramework::JsonData::RemoteControl::KeyResultData", "scopeKind": "class"}, {"_type": "tag", "name": "IsValid", "path": "/home/kavia/workspace/code-generation/app-gateway2/dependencies/build/ThunderInterfaces/definitions/generated/JsonData_RemoteControl.h", "pattern": "/^            bool IsValid() const$/", "language": "C++", "typeref": "typename:bool", "kind": "function", "signature": "() const", "scope": "WPEFramework::JsonData::RemoteControl::KeyobjInfo", "scopeKind": "class"}, {"_type": "tag", "name": "IsValid", "path": "/home/kavia/workspace/code-generation/app-gateway2/dependencies/build/ThunderInterfaces/definitions/generated/JsonData_RemoteControl.h", "pattern": "/^            bool IsValid() const$/", "language": "C++", "typeref": "typename:bool", "kind": "function", "signature": "() const", "scope": "WPEFramework::JsonData::RemoteControl::KeypressedParamsData", "scopeKind": "class"}, {"_type": "tag", "name": "IsValid", "path": "/home/kavia/workspace/code-generation/app-gateway2/dependencies/build/ThunderInterfaces/definitions/generated/JsonData_RemoteControl.h", "pattern": "/^            bool IsValid() const$/", "language": "C++", "typeref": "typename:bool", "kind": "function", "signature": "() const", "scope": "WPEFramework::JsonData::RemoteControl::LoadParamsInfo", "scopeKind": "class"}, {"_type": "tag", "name": "IsValid", "path": "/home/kavia/workspace/code-generation/app-gateway2/dependencies/build/ThunderInterfaces/definitions/generated/JsonData_RemoteControl.h", "pattern": "/^            bool IsValid() const$/", "language": "C++", "typeref": "typename:bool", "kind": "function", "signature": "() const", "scope": "WPEFramework::JsonData::RemoteControl::RcobjInfo", "scopeKind": "class"}, {"_type": "tag", "name": "IsValid", "path": "/home/kavia/workspace/code-generation/app-gateway2/dependencies/build/ThunderInterfaces/definitions/generated/JsonData_RemoteControl.h", "pattern": "/^            bool IsValid() const$/", "language": "C++", "typeref": "typename:bool", "kind": "function", "signature": "() const", "scope": "WPEFramework::JsonData::RemoteControl::UnpairParamsData", "scopeKind": "class"}, {"_type": "tag", "name": "JsonData", "path": "/home/kavia/workspace/code-generation/app-gateway2/dependencies/build/ThunderInterfaces/definitions/generated/JsonData_RemoteControl.h", "pattern": "/^namespace JsonData {$/", "language": "C++", "kind": "namespace", "scope": "WPEFramework", "scopeKind": "namespace"}, {"_type": "tag", "name": "Key", "path": "/home/kavia/workspace/code-generation/app-gateway2/dependencies/build/ThunderInterfaces/definitions/generated/JsonData_RemoteControl.h", "pattern": "/^            Core::JSON::DecUInt16 Key; \\/\\/ Key ingest value$/", "language": "C++", "typeref": "typename:Core::JSON::DecUInt16", "kind": "member", "scope": "WPEFramework::JsonData::RemoteControl::KeyResultData", "scopeKind": "class"}, {"_type": "tag", "name": "Key", "path": "/home/kavia/workspace/code-generation/app-gateway2/dependencies/build/ThunderInterfaces/definitions/generated/JsonData_RemoteControl.h", "pattern": "/^            Core::JSON::DecUInt16 Key; \\/\\/ Key ingest value$/", "language": "C++", "typeref": "typename:Core::JSON::DecUInt16", "kind": "member", "scope": "WPEFramework::JsonData::RemoteControl::RcobjInfo", "scopeKind": "class"}, {"_type": "tag", "name": "KeyResultData", "path": "/home/kavia/workspace/code-generation/app-gateway2/dependencies/build/ThunderInterfaces/definitions/generated/JsonData_RemoteControl.h", "pattern": "/^            KeyResultData()$/", "language": "C++", "kind": "function", "signature": "()", "scope": "WPEFramework::JsonData::RemoteControl::KeyResultData", "scopeKind": "class"}, {"_type": "tag", "name": "KeyResultData", "path": "/home/kavia/workspace/code-generation/app-gateway2/dependencies/build/ThunderInterfaces/definitions/generated/JsonData_RemoteControl.h", "pattern": "/^        class KeyResultData : public Core::JSON::Container {$/", "language": "C++", "kind": "class", "scope": "WPEFramework::JsonData::RemoteControl", "scopeKind": "namespace"}, {"_type": "tag", "name": "KeyobjInfo", "path": "/home/kavia/workspace/code-generation/app-gateway2/dependencies/build/ThunderInterfaces/definitions/generated/JsonData_RemoteControl.h", "pattern": "/^            KeyobjInfo()$/", "language": "C++", "kind": "function", "signature": "()", "scope": "WPEFramework::JsonData::RemoteControl::KeyobjInfo", "scopeKind": "class"}, {"_type": "tag", "name": "KeyobjInfo", "path": "/home/kavia/workspace/code-generation/app-gateway2/dependencies/build/ThunderInterfaces/definitions/generated/JsonData_RemoteControl.h", "pattern": "/^        class KeyobjInfo : public Core::JSON::Container {$/", "language": "C++", "kind": "class", "scope": "WPEFramework::JsonData::RemoteControl", "scopeKind": "namespace"}, {"_type": "tag", "name": "KeypressedParamsData", "path": "/home/kavia/workspace/code-generation/app-gateway2/dependencies/build/ThunderInterfaces/definitions/generated/JsonData_RemoteControl.h", "pattern": "/^            KeypressedParamsData()$/", "language": "C++", "kind": "function", "signature": "()", "scope": "WPEFramework::JsonData::RemoteControl::KeypressedParamsData", "scopeKind": "class"}, {"_type": "tag", "name": "KeypressedParamsData", "path": "/home/kavia/workspace/code-generation/app-gateway2/dependencies/build/ThunderInterfaces/definitions/generated/JsonData_RemoteControl.h", "pattern": "/^        class KeypressedParamsData : public Core::JSON::Container {$/", "language": "C++", "kind": "class", "scope": "WPEFramework::JsonData::RemoteControl", "scopeKind": "namespace"}, {"_type": "tag", "name": "LEFTALT", "path": "/home/kavia/workspace/code-generation/app-gateway2/dependencies/build/ThunderInterfaces/definitions/generated/JsonData_RemoteControl.h", "pattern": "/^            LEFTALT = 4,$/", "language": "C++", "kind": "enumerator", "scope": "WPEFramework::JsonData::RemoteControl::ModifiersType", "scopeKind": "enum"}, {"_type": "tag", "name": "LEFTCTRL", "path": "/home/kavia/workspace/code-generation/app-gateway2/dependencies/build/ThunderInterfaces/definitions/generated/JsonData_RemoteControl.h", "pattern": "/^            LEFTCTRL = 16,$/", "language": "C++", "kind": "enumerator", "scope": "WPEFramework::JsonData::RemoteControl::ModifiersType", "scopeKind": "enum"}, {"_type": "tag", "name": "LEFTSHIFT", "path": "/home/kavia/workspace/code-generation/app-gateway2/dependencies/build/ThunderInterfaces/definitions/generated/JsonData_RemoteControl.h", "pattern": "/^            LEFTSHIFT = 1,$/", "language": "C++", "kind": "enumerator", "scope": "WPEFramework::JsonData::RemoteControl::ModifiersType", "scopeKind": "enum"}, {"_type": "tag", "name": "LoadParamsInfo", "path": "/home/kavia/workspace/code-generation/app-gateway2/dependencies/build/ThunderInterfaces/definitions/generated/JsonData_RemoteControl.h", "pattern": "/^            LoadParamsInfo()$/", "language": "C++", "kind": "function", "signature": "()", "scope": "WPEFramework::JsonData::RemoteControl::LoadParamsInfo", "scopeKind": "class"}, {"_type": "tag", "name": "LoadParamsInfo", "path": "/home/kavia/workspace/code-generation/app-gateway2/dependencies/build/ThunderInterfaces/definitions/generated/JsonData_RemoteControl.h", "pattern": "/^        class LoadParamsInfo : public Core::JSON::Container {$/", "language": "C++", "kind": "class", "scope": "WPEFramework::JsonData::RemoteControl", "scopeKind": "namespace"}, {"_type": "tag", "name": "Metadata", "path": "/home/kavia/workspace/code-generation/app-gateway2/dependencies/build/ThunderInterfaces/definitions/generated/JsonData_RemoteControl.h", "pattern": "/^            Core::JSON::String Metadata; \\/\\/ Device metadata$/", "language": "C++", "typeref": "typename:Core::JSON::String", "kind": "member", "scope": "WPEFramework::JsonData::RemoteControl::DeviceData", "scopeKind": "class"}, {"_type": "tag", "name": "Modifiers", "path": "/home/kavia/workspace/code-generation/app-gateway2/dependencies/build/ThunderInterfaces/definitions/generated/JsonData_RemoteControl.h", "pattern": "/^            Core::JSON::ArrayType<Core::JSON::EnumType<ModifiersType>> Modifiers; \\/\\/ List of k/", "language": "C++", "typeref": "typename:Core::JSON::ArrayType<Core::JSON::EnumType<ModifiersType>>", "kind": "member", "scope": "WPEFramework::JsonData::RemoteControl::KeyResultData", "scopeKind": "class"}, {"_type": "tag", "name": "Modifiers", "path": "/home/kavia/workspace/code-generation/app-gateway2/dependencies/build/ThunderInterfaces/definitions/generated/JsonData_RemoteControl.h", "pattern": "/^            Core::JSON::ArrayType<Core::JSON::EnumType<ModifiersType>> Modifiers; \\/\\/ List of k/", "language": "C++", "typeref": "typename:Core::JSON::ArrayType<Core::JSON::EnumType<ModifiersType>>", "kind": "member", "scope": "WPEFramework::JsonData::RemoteControl::RcobjInfo", "scopeKind": "class"}, {"_type": "tag", "name": "ModifiersType", "path": "/home/kavia/workspace/code-generation/app-gateway2/dependencies/build/ThunderInterfaces/definitions/generated/JsonData_RemoteControl.h", "pattern": "/^        enum ModifiersType : uint8_t {$/", "language": "C++", "typeref": "typename:uint8_t", "kind": "enum", "scope": "WPEFramework::JsonData::RemoteControl", "scopeKind": "namespace"}, {"_type": "tag", "name": "Pressed", "path": "/home/kavia/workspace/code-generation/app-gateway2/dependencies/build/ThunderInterfaces/definitions/generated/JsonData_RemoteControl.h", "pattern": "/^            Core::JSON::Boolean Pressed; \\/\\/ Denotes if the key was pressed (true) or released /", "language": "C++", "typeref": "typename:Core::JSON::Boolean", "kind": "member", "scope": "WPEFramework::JsonData::RemoteControl::KeypressedParamsData", "scopeKind": "class"}, {"_type": "tag", "name": "RIGHTALT", "path": "/home/kavia/workspace/code-generation/app-gateway2/dependencies/build/ThunderInterfaces/definitions/generated/JsonData_RemoteControl.h", "pattern": "/^            RIGHTALT = 8,$/", "language": "C++", "kind": "enumerator", "scope": "WPEFramework::JsonData::RemoteControl::ModifiersType", "scopeKind": "enum"}, {"_type": "tag", "name": "RIGHTCTRL", "path": "/home/kavia/workspace/code-generation/app-gateway2/dependencies/build/ThunderInterfaces/definitions/generated/JsonData_RemoteControl.h", "pattern": "/^            RIGHTCTRL = 32$/", "language": "C++", "kind": "enumerator", "scope": "WPEFramework::JsonData::RemoteControl::ModifiersType", "scopeKind": "enum"}, {"_type": "tag", "name": "RIGHTSHIFT", "path": "/home/kavia/workspace/code-generation/app-gateway2/dependencies/build/ThunderInterfaces/definitions/generated/JsonData_RemoteControl.h", "pattern": "/^            RIGHTSHIFT = 2,$/", "language": "C++", "kind": "enumerator", "scope": "WPEFramework::JsonData::RemoteControl::ModifiersType", "scopeKind": "enum"}, {"_type": "tag", "name": "RcobjInfo", "path": "/home/kavia/workspace/code-generation/app-gateway2/dependencies/build/ThunderInterfaces/definitions/generated/JsonData_RemoteControl.h", "pattern": "/^            RcobjInfo()$/", "language": "C++", "kind": "function", "signature": "()", "scope": "WPEFramework::JsonData::RemoteControl::RcobjInfo", "scopeKind": "class"}, {"_type": "tag", "name": "RcobjInfo", "path": "/home/kavia/workspace/code-generation/app-gateway2/dependencies/build/ThunderInterfaces/definitions/generated/JsonData_RemoteControl.h", "pattern": "/^        class RcobjInfo : public Core::JSON::Container {$/", "language": "C++", "kind": "class", "scope": "WPEFramework::JsonData::RemoteControl", "scopeKind": "namespace"}, {"_type": "tag", "name": "RemoteControl", "path": "/home/kavia/workspace/code-generation/app-gateway2/dependencies/build/ThunderInterfaces/definitions/generated/JsonData_RemoteControl.h", "pattern": "/^    namespace RemoteControl {$/", "language": "C++", "kind": "namespace", "scope": "WPEFramework::JsonData", "scopeKind": "namespace"}, {"_type": "tag", "name": "UnpairParamsData", "path": "/home/kavia/workspace/code-generation/app-gateway2/dependencies/build/ThunderInterfaces/definitions/generated/JsonData_RemoteControl.h", "pattern": "/^            UnpairParamsData()$/", "language": "C++", "kind": "function", "signature": "()", "scope": "WPEFramework::JsonData::RemoteControl::UnpairParamsData", "scopeKind": "class"}, {"_type": "tag", "name": "UnpairParamsData", "path": "/home/kavia/workspace/code-generation/app-gateway2/dependencies/build/ThunderInterfaces/definitions/generated/JsonData_RemoteControl.h", "pattern": "/^        class UnpairParamsData : public Core::JSON::Container {$/", "language": "C++", "kind": "class", "scope": "WPEFramework::JsonData::RemoteControl", "scopeKind": "namespace"}, {"_type": "tag", "name": "WPEFramework", "path": "/home/kavia/workspace/code-generation/app-gateway2/dependencies/build/ThunderInterfaces/definitions/generated/JsonData_RemoteControl.h", "pattern": "/^namespace WPEFramework {$/", "language": "C++", "kind": "namespace"}], "hash": "1e3836b5d27099e31153269c0d3de848", "format-version": 4, "code-base-name": "app-gateway2", "filename": "dependencies/build/ThunderInterfaces/definitions/generated/JsonData_RemoteControl.h", "fields": [{"name": "Core::JSON::String Bindid", "scope": "WPEFramework::JsonData::RemoteControl::UnpairParamsData", "scopeKind": "class", "description": "unavailable"}, {"name": "Core::JSON::DecUInt32 Code", "scope": "WPEFramework::JsonData::RemoteControl::KeyResultData", "scopeKind": "class", "description": "unavailable"}, {"name": "Core::JSON::String Device", "scope": "WPEFramework::JsonData::RemoteControl::KeyobjInfo", "scopeKind": "class", "description": "unavailable"}, {"name": "Core::JSON::DecUInt16 Key", "scope": "WPEFramework::JsonData::RemoteControl::KeyResultData", "scopeKind": "class", "description": "unavailable"}, {"name": "Core::JSON::String Metadata", "scope": "WPEFramework::JsonData::RemoteControl::DeviceData", "scopeKind": "class", "description": "unavailable"}, {"name": "Core::JSON::ArrayType<Core::JSON::EnumType<ModifiersType>> Modifiers", "scope": "WPEFramework::JsonData::RemoteControl::KeyResultData", "scopeKind": "class", "description": "unavailable"}, {"name": "Core::JSON::Boolean Pressed", "scope": "WPEFramework::JsonData::RemoteControl::KeypressedParamsData", "scopeKind": "class", "description": "unavailable"}], "revision_history": [{"18531": "a019ef1ecf9043a6387775f8d60762f619f4c761"}]}