{"is_source_file": true, "format": "C++ header file", "description": "This file is an automatically generated C++ header defining version information for the JContainers module within the WPEFramework's Exchange namespace. It includes version constants (Major, Minor, Patch) and references to other module headers.", "external_files": ["Module.h", "JsonData_Containers.h"], "external_methods": [], "published": ["WPEFramework::Exchange::JContainers::Version::Major", "WPEFramework::Exchange::JContainers::Version::Minor", "WPEFramework::Exchange::JContainers::Version::Patch"], "classes": [], "methods": [], "calls": [], "search-terms": ["JContainers", "Version", "Generated", "Header", "Version constants"], "state": 2, "file_id": 9029, "knowledge_revision": 18695, "git_revision": "a019ef1ecf9043a6387775f8d60762f619f4c761", "ctags": [{"_type": "tag", "name": "Exchange", "path": "/home/kavia/workspace/code-generation/app-gateway2/dependencies/build/ThunderInterfaces/definitions/generated/JContainers.h", "pattern": "/^namespace Exchange {$/", "language": "C++", "kind": "namespace", "scope": "WPEFramework", "scopeKind": "namespace"}, {"_type": "tag", "name": "JContainers", "path": "/home/kavia/workspace/code-generation/app-gateway2/dependencies/build/ThunderInterfaces/definitions/generated/JContainers.h", "pattern": "/^    namespace JContainers {$/", "language": "C++", "kind": "namespace", "scope": "WPEFramework::Exchange", "scopeKind": "namespace"}, {"_type": "tag", "name": "Major", "path": "/home/kavia/workspace/code-generation/app-gateway2/dependencies/build/ThunderInterfaces/definitions/generated/JContainers.h", "pattern": "/^            constexpr uint8_t Major = 1;$/", "language": "C++", "typeref": "typename:uint8_t", "kind": "variable", "scope": "WPEFramework::Exchange::JContainers::Version", "scopeKind": "namespace"}, {"_type": "tag", "name": "Minor", "path": "/home/kavia/workspace/code-generation/app-gateway2/dependencies/build/ThunderInterfaces/definitions/generated/JContainers.h", "pattern": "/^            constexpr uint8_t Minor = 0;$/", "language": "C++", "typeref": "typename:uint8_t", "kind": "variable", "scope": "WPEFramework::Exchange::JContainers::Version", "scopeKind": "namespace"}, {"_type": "tag", "name": "Patch", "path": "/home/kavia/workspace/code-generation/app-gateway2/dependencies/build/ThunderInterfaces/definitions/generated/JContainers.h", "pattern": "/^            constexpr uint8_t Patch = 0;$/", "language": "C++", "typeref": "typename:uint8_t", "kind": "variable", "scope": "WPEFramework::Exchange::JContainers::Version", "scopeKind": "namespace"}, {"_type": "tag", "name": "Version", "path": "/home/kavia/workspace/code-generation/app-gateway2/dependencies/build/ThunderInterfaces/definitions/generated/JContainers.h", "pattern": "/^        namespace Version {$/", "language": "C++", "kind": "namespace", "scope": "WPEFramework::Exchange::JContainers", "scopeKind": "namespace"}, {"_type": "tag", "name": "WPEFramework", "path": "/home/kavia/workspace/code-generation/app-gateway2/dependencies/build/ThunderInterfaces/definitions/generated/JContainers.h", "pattern": "/^namespace WPEFramework {$/", "language": "C++", "kind": "namespace"}], "hash": "a6bd8f9c6b35fa26be62cf95f1ad5f94", "format-version": 4, "code-base-name": "app-gateway2", "filename": "dependencies/build/ThunderInterfaces/definitions/generated/JContainers.h", "fields": [{"name": "uint8_t Major", "scope": "WPEFramework::Exchange::JContainers::Version", "scopeKind": "namespace", "description": "unavailable"}, {"name": "uint8_t Minor", "scope": "WPEFramework::Exchange::JContainers::Version", "scopeKind": "namespace", "description": "unavailable"}, {"name": "uint8_t Patch", "scope": "WPEFramework::Exchange::JContainers::Version", "scopeKind": "namespace", "description": "unavailable"}], "revision_history": [{"18695": "a019ef1ecf9043a6387775f8d60762f619f4c761"}]}