{"is_source_file": true, "format": "C++ header file", "description": "This file defines JSON data classes and structures related to the Input Switch API for JSON-RPC communication. It includes data containers for channel parameters and selection parameters, generated automatically from a JSON schema.", "external_files": ["<core/JSON.h>"], "external_methods": [], "published": ["InputSwitch::ChannelParamsInfo", "InputSwitch::SelectParamsInfo"], "classes": [{"name": "ChannelParamsInfo", "description": "A JSON data container representing parameters for an input switch channel, including its name and enabled state."}, {"name": "SelectParamsInfo", "description": "A JSON data container representing selection parameters for the input switch, primarily containing the name of the selection."}], "methods": [{"name": "bool IsValid() const", "description": "Checks if the data contained in the object is valid. Currently always returns true for both classes.", "scope": "WPEFramework::JsonData::InputSwitch::SelectParamsInfo", "scopeKind": "class"}, {"name": "operator=", "description": "Assignment operator to copy data from another instance."}, {"name": "ChannelParamsInfo()", "scope": "WPEFramework::JsonData::InputSwitch::ChannelParamsInfo", "scopeKind": "class", "description": "unavailable"}, {"name": "ChannelParamsInfo(const ChannelParamsInfo & _other)", "scope": "WPEFramework::JsonData::InputSwitch::ChannelParamsInfo", "scopeKind": "class", "description": "unavailable"}, {"name": "SelectParamsInfo()", "scope": "WPEFramework::JsonData::InputSwitch::SelectParamsInfo", "scopeKind": "class", "description": "unavailable"}, {"name": "void _Init()", "scope": "WPEFramework::JsonData::InputSwitch::ChannelParamsInfo", "scopeKind": "class", "description": "unavailable"}, {"name": "ChannelParamsInfo & operator =(const ChannelParamsInfo & _rhs)", "scope": "WPEFramework::JsonData::InputSwitch::ChannelParamsInfo", "scopeKind": "class", "description": "unavailable"}], "calls": [], "search-terms": ["JsonData_InputSwitch", "ChannelParamsInfo", "SelectParamsInfo", "generated", "JSON-RPC", "InputSwitch"], "state": 2, "file_id": 8973, "knowledge_revision": 18641, "git_revision": "a019ef1ecf9043a6387775f8d60762f619f4c761", "ctags": [{"_type": "tag", "name": "ChannelParamsInfo", "path": "/home/kavia/workspace/code-generation/app-gateway2/dependencies/build/ThunderInterfaces/definitions/generated/JsonData_InputSwitch.h", "pattern": "/^            ChannelParamsInfo()$/", "language": "C++", "kind": "function", "signature": "()", "scope": "WPEFramework::JsonData::InputSwitch::ChannelParamsInfo", "scopeKind": "class"}, {"_type": "tag", "name": "ChannelParamsInfo", "path": "/home/kavia/workspace/code-generation/app-gateway2/dependencies/build/ThunderInterfaces/definitions/generated/JsonData_InputSwitch.h", "pattern": "/^            ChannelParamsInfo(const ChannelParamsInfo& _other)$/", "language": "C++", "kind": "function", "signature": "(const ChannelParamsInfo & _other)", "scope": "WPEFramework::JsonData::InputSwitch::ChannelParamsInfo", "scopeKind": "class"}, {"_type": "tag", "name": "ChannelParamsInfo", "path": "/home/kavia/workspace/code-generation/app-gateway2/dependencies/build/ThunderInterfaces/definitions/generated/JsonData_InputSwitch.h", "pattern": "/^        class ChannelParamsInfo : public Core::JSON::Container {$/", "language": "C++", "kind": "class", "scope": "WPEFramework::JsonData::InputSwitch", "scopeKind": "namespace"}, {"_type": "tag", "name": "Enabled", "path": "/home/kavia/workspace/code-generation/app-gateway2/dependencies/build/ThunderInterfaces/definitions/generated/JsonData_InputSwitch.h", "pattern": "/^            Core::JSON::Boolean Enabled; \\/\\/ Enable or disable the throughput of data through t/", "language": "C++", "typeref": "typename:Core::JSON::Boolean", "kind": "member", "scope": "WPEFramework::JsonData::InputSwitch::ChannelParamsInfo", "scopeKind": "class"}, {"_type": "tag", "name": "InputSwitch", "path": "/home/kavia/workspace/code-generation/app-gateway2/dependencies/build/ThunderInterfaces/definitions/generated/JsonData_InputSwitch.h", "pattern": "/^    namespace InputSwitch {$/", "language": "C++", "kind": "namespace", "scope": "WPEFramework::JsonData", "scopeKind": "namespace"}, {"_type": "tag", "name": "IsValid", "path": "/home/kavia/workspace/code-generation/app-gateway2/dependencies/build/ThunderInterfaces/definitions/generated/JsonData_InputSwitch.h", "pattern": "/^            bool IsValid() const$/", "language": "C++", "typeref": "typename:bool", "kind": "function", "signature": "() const", "scope": "WPEFramework::JsonData::InputSwitch::ChannelParamsInfo", "scopeKind": "class"}, {"_type": "tag", "name": "IsValid", "path": "/home/kavia/workspace/code-generation/app-gateway2/dependencies/build/ThunderInterfaces/definitions/generated/JsonData_InputSwitch.h", "pattern": "/^            bool IsValid() const$/", "language": "C++", "typeref": "typename:bool", "kind": "function", "signature": "() const", "scope": "WPEFramework::JsonData::InputSwitch::SelectParamsInfo", "scopeKind": "class"}, {"_type": "tag", "name": "JsonData", "path": "/home/kavia/workspace/code-generation/app-gateway2/dependencies/build/ThunderInterfaces/definitions/generated/JsonData_InputSwitch.h", "pattern": "/^namespace JsonData {$/", "language": "C++", "kind": "namespace", "scope": "WPEFramework", "scopeKind": "namespace"}, {"_type": "tag", "name": "Name", "path": "/home/kavia/workspace/code-generation/app-gateway2/dependencies/build/ThunderInterfaces/definitions/generated/JsonData_InputSwitch.h", "pattern": "/^            Core::JSON::String Name; \\/\\/ Callsign that is the owner of this channel$/", "language": "C++", "typeref": "typename:Core::JSON::String", "kind": "member", "scope": "WPEFramework::JsonData::InputSwitch::ChannelParamsInfo", "scopeKind": "class"}, {"_type": "tag", "name": "Name", "path": "/home/kavia/workspace/code-generation/app-gateway2/dependencies/build/ThunderInterfaces/definitions/generated/JsonData_InputSwitch.h", "pattern": "/^            Core::JSON::String Name; \\/\\/ Callsign that is the owner of this channel$/", "language": "C++", "typeref": "typename:Core::JSON::String", "kind": "member", "scope": "WPEFramework::JsonData::InputSwitch::SelectParamsInfo", "scopeKind": "class"}, {"_type": "tag", "name": "SelectParamsInfo", "path": "/home/kavia/workspace/code-generation/app-gateway2/dependencies/build/ThunderInterfaces/definitions/generated/JsonData_InputSwitch.h", "pattern": "/^            SelectParamsInfo()$/", "language": "C++", "kind": "function", "signature": "()", "scope": "WPEFramework::JsonData::InputSwitch::SelectParamsInfo", "scopeKind": "class"}, {"_type": "tag", "name": "SelectParamsInfo", "path": "/home/kavia/workspace/code-generation/app-gateway2/dependencies/build/ThunderInterfaces/definitions/generated/JsonData_InputSwitch.h", "pattern": "/^        class SelectParamsInfo : public Core::JSON::Container {$/", "language": "C++", "kind": "class", "scope": "WPEFramework::JsonData::InputSwitch", "scopeKind": "namespace"}, {"_type": "tag", "name": "WPEFramework", "path": "/home/kavia/workspace/code-generation/app-gateway2/dependencies/build/ThunderInterfaces/definitions/generated/JsonData_InputSwitch.h", "pattern": "/^namespace WPEFramework {$/", "language": "C++", "kind": "namespace"}, {"_type": "tag", "name": "_Init", "path": "/home/kavia/workspace/code-generation/app-gateway2/dependencies/build/ThunderInterfaces/definitions/generated/JsonData_InputSwitch.h", "pattern": "/^            void _Init()$/", "language": "C++", "typeref": "typename:void", "kind": "function", "signature": "()", "scope": "WPEFramework::JsonData::InputSwitch::ChannelParamsInfo", "scopeKind": "class"}, {"_type": "tag", "name": "operator =", "path": "/home/kavia/workspace/code-generation/app-gateway2/dependencies/build/ThunderInterfaces/definitions/generated/JsonData_InputSwitch.h", "pattern": "/^            ChannelParamsInfo& operator=(const ChannelParamsInfo& _rhs)$/", "language": "C++", "typeref": "typename:ChannelParamsInfo &", "kind": "function", "signature": "(const ChannelParamsInfo & _rhs)", "scope": "WPEFramework::JsonData::InputSwitch::ChannelParamsInfo", "scopeKind": "class"}], "hash": "5b31c30820eb9b1ada99bfdba54aec7b", "format-version": 4, "code-base-name": "app-gateway2", "filename": "dependencies/build/ThunderInterfaces/definitions/generated/JsonData_InputSwitch.h", "fields": [{"name": "Core::JSON::Boolean Enabled", "scope": "WPEFramework::JsonData::InputSwitch::ChannelParamsInfo", "scopeKind": "class", "description": "unavailable"}, {"name": "Core::JSON::String Name", "scope": "WPEFramework::JsonData::InputSwitch::ChannelParamsInfo", "scopeKind": "class", "description": "unavailable"}], "revision_history": [{"18641": "a019ef1ecf9043a6387775f8d60762f619f4c761"}]}