{"is_source_file": true, "format": "C++ header file", "description": "This file is a header file for a JSON-RPC API related to TestController, including references to data structures and implementation components.", "external_files": ["JsonData_TestController.h", "JTestController.h"], "external_methods": [], "published": [], "classes": [], "methods": [], "calls": [], "search-terms": ["TestController", "json_TestController", "json", "RPC", "header", "include"], "state": 2, "file_id": 8926, "knowledge_revision": 18590, "git_revision": "a019ef1ecf9043a6387775f8d60762f619f4c761", "ctags": [], "hash": "87f63227fb4d196283cc77fc960c903e", "format-version": 4, "code-base-name": "app-gateway2", "filename": "dependencies/build/ThunderInterfaces/definitions/generated/json_TestController.h", "revision_history": [{"18590": "a019ef1ecf9043a6387775f8d60762f619f4c761"}]}