{"is_source_file": true, "format": "C++ header", "description": "This file defines JSON data structures related to Math API operations in the WPEFramework project. It includes classes for parameter validation and serialization for JSON-RPC calls such as addition.", "external_files": ["<core/JSON.h>", "<interfaces/IMath.h>"], "external_methods": [], "published": ["WPEFramework::JsonData::Math::AddParamsInfo"], "classes": [{"name": "AddParamsInfo", "description": "A class representing the parameters for an addition operation in the Math API, encapsulating two unsigned integers."}], "methods": [{"name": "AddParamsInfo()", "description": "Constructor initializing JSON fields for 'a' and 'b'.", "scope": "WPEFramework::JsonData::Math::AddParamsInfo", "scopeKind": "class"}, {"name": "IsValid()", "description": "Check if the parameters are valid (currently always returns true)."}, {"name": "bool IsValid() const", "scope": "WPEFramework::JsonData::Math::AddParamsInfo", "scopeKind": "class", "description": "unavailable"}], "calls": [], "search-terms": ["JsonData", "Math", "AddParamsInfo", "JSON", "Math API", "JSON-RPC", "Math parameters", "WPEFramework"], "state": 2, "file_id": 8488, "knowledge_revision": 17200, "git_revision": "a019ef1ecf9043a6387775f8d60762f619f4c761", "ctags": [{"_type": "tag", "name": "A", "path": "/home/kavia/workspace/code-generation/app-gateway2/dependencies/install/include/WPEFramework/interfaces/json/JsonData_Math.h", "pattern": "/^            Core::JSON::DecUInt16 A;$/", "language": "C++", "typeref": "typename:Core::JSON::DecUInt16", "kind": "member", "scope": "WPEFramework::JsonData::Math::AddParamsInfo", "scopeKind": "class"}, {"_type": "tag", "name": "AddParamsInfo", "path": "/home/kavia/workspace/code-generation/app-gateway2/dependencies/install/include/WPEFramework/interfaces/json/JsonData_Math.h", "pattern": "/^            AddParamsInfo()$/", "language": "C++", "kind": "function", "signature": "()", "scope": "WPEFramework::JsonData::Math::AddParamsInfo", "scopeKind": "class"}, {"_type": "tag", "name": "AddParamsInfo", "path": "/home/kavia/workspace/code-generation/app-gateway2/dependencies/install/include/WPEFramework/interfaces/json/JsonData_Math.h", "pattern": "/^        class AddParamsInfo : public Core::JSON::Container {$/", "language": "C++", "kind": "class", "scope": "WPEFramework::JsonData::Math", "scopeKind": "namespace"}, {"_type": "tag", "name": "B", "path": "/home/kavia/workspace/code-generation/app-gateway2/dependencies/install/include/WPEFramework/interfaces/json/JsonData_Math.h", "pattern": "/^            Core::JSON::DecUInt16 B;$/", "language": "C++", "typeref": "typename:Core::JSON::DecUInt16", "kind": "member", "scope": "WPEFramework::JsonData::Math::AddParamsInfo", "scopeKind": "class"}, {"_type": "tag", "name": "IsValid", "path": "/home/kavia/workspace/code-generation/app-gateway2/dependencies/install/include/WPEFramework/interfaces/json/JsonData_Math.h", "pattern": "/^            bool IsValid() const$/", "language": "C++", "typeref": "typename:bool", "kind": "function", "signature": "() const", "scope": "WPEFramework::JsonData::Math::AddParamsInfo", "scopeKind": "class"}, {"_type": "tag", "name": "JsonData", "path": "/home/kavia/workspace/code-generation/app-gateway2/dependencies/install/include/WPEFramework/interfaces/json/JsonData_Math.h", "pattern": "/^namespace JsonData {$/", "language": "C++", "kind": "namespace", "scope": "WPEFramework", "scopeKind": "namespace"}, {"_type": "tag", "name": "Math", "path": "/home/kavia/workspace/code-generation/app-gateway2/dependencies/install/include/WPEFramework/interfaces/json/JsonData_Math.h", "pattern": "/^    namespace Math {$/", "language": "C++", "kind": "namespace", "scope": "WPEFramework::JsonData", "scopeKind": "namespace"}, {"_type": "tag", "name": "WPEFramework", "path": "/home/kavia/workspace/code-generation/app-gateway2/dependencies/install/include/WPEFramework/interfaces/json/JsonData_Math.h", "pattern": "/^namespace WPEFramework {$/", "language": "C++", "kind": "namespace"}], "hash": "a06580c1513590a35a6d10a2c8017b25", "format-version": 4, "code-base-name": "app-gateway2", "filename": "dependencies/install/include/WPEFramework/interfaces/json/JsonData_Math.h", "fields": [{"name": "Core::JSON::DecUInt16 A", "scope": "WPEFramework::JsonData::Math::AddParamsInfo", "scopeKind": "class", "description": "unavailable"}, {"name": "Core::JSON::DecUInt16 B", "scope": "WPEFramework::JsonData::Math::AddParamsInfo", "scopeKind": "class", "description": "unavailable"}], "revision_history": [{"17200": "a019ef1ecf9043a6387775f8d60762f619f4c761"}]}