{"is_source_file": true, "format": "C++", "description": "This file defines JSON data structures for the BrowserCookieJar API within a C++ project. It primarily contains a class 'ConfigData' for serializing and deserializing configuration data related to browser cookies, facilitating JSON communication for the API. It also references enums related to web browser visibility and security policies.", "external_files": ["<core/JSON.h>", "<interfaces/IBrowser.h>"], "external_methods": [], "published": ["WPEFramework::JsonData::BrowserCookieJar::ConfigData"], "classes": [{"name": "ConfigData", "description": "A JSON container class representing configuration data for browser cookies, including version, checksum, and payload."}], "methods": [{"name": "ConfigData()", "description": "Default constructor initializing JSON container and internal state.", "scope": "WPEFramework::JsonData::BrowserCookieJar::ConfigData", "scopeKind": "class"}, {"name": "ConfigData(const Exchange::IBrowserCookieJar::Config& _other)", "description": "Constructs ConfigData from a given IBrowserCookieJar::Config object."}, {"name": "operator=(const Exchange::IBrowserCookieJar::Config& _rhs)", "description": "Assignment operator to copy data from IBrowserCookieJar::Config."}, {"name": "operator Exchange::IBrowserCookieJar::Config() const", "description": "Converts ConfigData back into IBrowserCookieJar::Config object.", "scope": "WPEFramework::JsonData::BrowserCookieJar::ConfigData", "scopeKind": "class"}, {"name": "IsValid() const", "description": "Checks if the JSON data is valid, always returns true in this implementation."}, {"name": "ConfigData(const Exchange::IBrowserCookieJar::Config & _other)", "scope": "WPEFramework::JsonData::BrowserCookieJar::ConfigData", "scopeKind": "class", "description": "unavailable"}, {"name": "bool IsValid() const", "scope": "WPEFramework::JsonData::BrowserCookieJar::ConfigData", "scopeKind": "class", "description": "unavailable"}, {"name": "void _Init()", "scope": "WPEFramework::JsonData::BrowserCookieJar::ConfigData", "scopeKind": "class", "description": "unavailable"}, {"name": "ConfigData & operator =(const Exchange::IBrowserCookieJar::Config & _rhs)", "scope": "WPEFramework::JsonData::BrowserCookieJar::ConfigData", "scopeKind": "class", "description": "unavailable"}], "calls": [], "search-terms": ["JsonData_BrowserCookieJar", "ConfigData", "IBrowserCookieJar", "BrowserCookieJar", "generated", "JSON", "Config"], "state": 2, "file_id": 8927, "knowledge_revision": 18598, "git_revision": "a019ef1ecf9043a6387775f8d60762f619f4c761", "ctags": [{"_type": "tag", "name": "BrowserCookieJar", "path": "/home/kavia/workspace/code-generation/app-gateway2/dependencies/build/ThunderInterfaces/definitions/generated/JsonData_BrowserCookieJar.h", "pattern": "/^    namespace BrowserCookieJar {$/", "language": "C++", "kind": "namespace", "scope": "WPEFramework::JsonData", "scopeKind": "namespace"}, {"_type": "tag", "name": "Checksum", "path": "/home/kavia/workspace/code-generation/app-gateway2/dependencies/build/ThunderInterfaces/definitions/generated/JsonData_BrowserCookieJar.h", "pattern": "/^            Core::JSON::DecUInt32 Checksum;$/", "language": "C++", "typeref": "typename:Core::JSON::DecUInt32", "kind": "member", "scope": "WPEFramework::JsonData::BrowserCookieJar::ConfigData", "scopeKind": "class"}, {"_type": "tag", "name": "ConfigData", "path": "/home/kavia/workspace/code-generation/app-gateway2/dependencies/build/ThunderInterfaces/definitions/generated/JsonData_BrowserCookieJar.h", "pattern": "/^            ConfigData()$/", "language": "C++", "kind": "function", "signature": "()", "scope": "WPEFramework::JsonData::BrowserCookieJar::ConfigData", "scopeKind": "class"}, {"_type": "tag", "name": "ConfigData", "path": "/home/kavia/workspace/code-generation/app-gateway2/dependencies/build/ThunderInterfaces/definitions/generated/JsonData_BrowserCookieJar.h", "pattern": "/^            ConfigData(const Exchange::IBrowserCookieJar::Config& _other)$/", "language": "C++", "kind": "function", "signature": "(const Exchange::IBrowserCookieJar::Config & _other)", "scope": "WPEFramework::JsonData::BrowserCookieJar::ConfigData", "scopeKind": "class"}, {"_type": "tag", "name": "ConfigData", "path": "/home/kavia/workspace/code-generation/app-gateway2/dependencies/build/ThunderInterfaces/definitions/generated/JsonData_BrowserCookieJar.h", "pattern": "/^        class ConfigData : public Core::JSON::Container {$/", "language": "C++", "kind": "class", "scope": "WPEFramework::JsonData::BrowserCookieJar", "scopeKind": "namespace"}, {"_type": "tag", "name": "IsValid", "path": "/home/kavia/workspace/code-generation/app-gateway2/dependencies/build/ThunderInterfaces/definitions/generated/JsonData_BrowserCookieJar.h", "pattern": "/^            bool IsValid() const$/", "language": "C++", "typeref": "typename:bool", "kind": "function", "signature": "() const", "scope": "WPEFramework::JsonData::BrowserCookieJar::ConfigData", "scopeKind": "class"}, {"_type": "tag", "name": "JsonData", "path": "/home/kavia/workspace/code-generation/app-gateway2/dependencies/build/ThunderInterfaces/definitions/generated/JsonData_BrowserCookieJar.h", "pattern": "/^namespace JsonData {$/", "language": "C++", "kind": "namespace", "scope": "WPEFramework", "scopeKind": "namespace"}, {"_type": "tag", "name": "Payload", "path": "/home/kavia/workspace/code-generation/app-gateway2/dependencies/build/ThunderInterfaces/definitions/generated/JsonData_BrowserCookieJar.h", "pattern": "/^            Core::JSON::String Payload;$/", "language": "C++", "typeref": "typename:Core::JSON::String", "kind": "member", "scope": "WPEFramework::JsonData::BrowserCookieJar::ConfigData", "scopeKind": "class"}, {"_type": "tag", "name": "Version", "path": "/home/kavia/workspace/code-generation/app-gateway2/dependencies/build/ThunderInterfaces/definitions/generated/JsonData_BrowserCookieJar.h", "pattern": "/^            Core::JSON::DecUInt32 Version;$/", "language": "C++", "typeref": "typename:Core::JSON::DecUInt32", "kind": "member", "scope": "WPEFramework::JsonData::BrowserCookieJar::ConfigData", "scopeKind": "class"}, {"_type": "tag", "name": "WPEFramework", "path": "/home/kavia/workspace/code-generation/app-gateway2/dependencies/build/ThunderInterfaces/definitions/generated/JsonData_BrowserCookieJar.h", "pattern": "/^namespace WPEFramework {$/", "language": "C++", "kind": "namespace"}, {"_type": "tag", "name": "_Init", "path": "/home/kavia/workspace/code-generation/app-gateway2/dependencies/build/ThunderInterfaces/definitions/generated/JsonData_BrowserCookieJar.h", "pattern": "/^            void _Init()$/", "language": "C++", "typeref": "typename:void", "kind": "function", "signature": "()", "scope": "WPEFramework::JsonData::BrowserCookieJar::ConfigData", "scopeKind": "class"}, {"_type": "tag", "name": "operator =", "path": "/home/kavia/workspace/code-generation/app-gateway2/dependencies/build/ThunderInterfaces/definitions/generated/JsonData_BrowserCookieJar.h", "pattern": "/^            ConfigData& operator=(const Exchange::IBrowserCookieJar::Config& _rhs)$/", "language": "C++", "typeref": "typename:ConfigData &", "kind": "function", "signature": "(const Exchange::IBrowserCookieJar::Config & _rhs)", "scope": "WPEFramework::JsonData::BrowserCookieJar::ConfigData", "scopeKind": "class"}, {"_type": "tag", "name": "operator Exchange::IBrowserCookieJar::Config", "path": "/home/kavia/workspace/code-generation/app-gateway2/dependencies/build/ThunderInterfaces/definitions/generated/JsonData_BrowserCookieJar.h", "pattern": "/^            operator Exchange::IBrowserCookieJar::Config() const$/", "language": "C++", "kind": "function", "signature": "() const", "scope": "WPEFramework::JsonData::BrowserCookieJar::ConfigData", "scopeKind": "class"}], "hash": "8e12a189fc3b5de36c1b0b20f4a5a8f9", "format-version": 4, "code-base-name": "app-gateway2", "filename": "dependencies/build/ThunderInterfaces/definitions/generated/JsonData_BrowserCookieJar.h", "fields": [{"name": "Core::JSON::DecUInt32 Checksum", "scope": "WPEFramework::JsonData::BrowserCookieJar::ConfigData", "scopeKind": "class", "description": "unavailable"}, {"name": "Core::JSON::String Payload", "scope": "WPEFramework::JsonData::BrowserCookieJar::ConfigData", "scopeKind": "class", "description": "unavailable"}, {"name": "Core::JSON::DecUInt32 Version", "scope": "WPEFramework::JsonData::BrowserCookieJar::ConfigData", "scopeKind": "class", "description": "unavailable"}], "revision_history": [{"18598": "a019ef1ecf9043a6387775f8d60762f619f4c761"}]}