{"is_source_file": true, "format": "C++ header file", "description": "This file defines a template class 'MeasurementType' within the WPEFramework::Core namespace. The class is designed to handle measurement data for a specified type, providing functionality to record minimum, maximum, last, and average values, along with the number of measurements taken. It includes methods for resetting and updating measurements, encapsulating the logic for statistical measurements.", "external_files": ["Module.h", "Number.h", "Portability.h"], "external_methods": ["Core::NumberType<TYPE>::Max()", "Core::NumberType<TYPE>::Min()"], "published": [], "classes": [{"name": "MeasurementType", "description": "A template class to record and analyze measurement data for a given type, maintaining min, max, last, average, and measurement count."}], "methods": [{"name": "void Reset()", "description": "Resets the measurement statistics to their initial states.", "scope": "WPEFramework::Core::MeasurementType", "scopeKind": "class"}, {"name": "void Set(const TYPE value)", "description": "Updates the measurement data with a new value, recalculating min, max, and average.", "scope": "WPEFramework::Core::MeasurementType", "scopeKind": "class"}, {"name": "TYPE Min() const", "description": "Returns the minimum recorded measurement.", "scope": "WPEFramework::Core::MeasurementType", "scopeKind": "class"}, {"name": "TYPE Max() const", "description": "Returns the maximum recorded measurement.", "scope": "WPEFramework::Core::MeasurementType", "scopeKind": "class"}, {"name": "TYPE Last() const", "description": "Returns the last recorded measurement.", "scope": "WPEFramework::Core::MeasurementType", "scopeKind": "class"}, {"name": "TYPE Average() const", "description": "Returns the average of all measurements taken.", "scope": "WPEFramework::Core::MeasurementType", "scopeKind": "class"}, {"name": "uint32_t Measurements() const", "description": "Returns the total number of measurements recorded.", "scope": "WPEFramework::Core::MeasurementType", "scopeKind": "class"}, {"name": "MeasurementType()", "scope": "WPEFramework::Core::MeasurementType", "scopeKind": "class", "description": "unavailable"}, {"name": "MeasurementType(const MeasurementType<TYPE> & copy)", "scope": "WPEFramework::Core::MeasurementType", "scopeKind": "class", "description": "unavailable"}, {"name": "MeasurementType<TYPE> & operator =(const MeasurementType<TYPE> & RHS)", "scope": "WPEFramework::Core::MeasurementType", "scopeKind": "class", "description": "unavailable"}, {"name": "~MeasurementType()", "scope": "WPEFramework::Core::MeasurementType", "scopeKind": "class", "description": "unavailable"}], "calls": ["Core::NumberType<TYPE>::Max()", "Core::NumberType<TYPE>::Min()"], "search-terms": ["MeasurementType", "Measurement.h", "core", "Measurement statistics", "template class in WPEFramework"], "state": 2, "file_id": 8647, "knowledge_revision": 17360, "git_revision": "0f87a35b32215bc8547fb583d6c84bd51f603f69", "ctags": [{"_type": "tag", "name": "Average", "path": "/home/kavia/workspace/code-generation/app-gateway2/dependencies/install/include/WPEFramework/core/Measurement.h", "pattern": "/^        inline TYPE Average() const$/", "language": "C++", "typeref": "typename:TYPE", "kind": "function", "signature": "() const", "scope": "WPEFramework::Core::MeasurementType", "scopeKind": "class"}, {"_type": "tag", "name": "Core", "path": "/home/kavia/workspace/code-generation/app-gateway2/dependencies/install/include/WPEFramework/core/Measurement.h", "pattern": "/^namespace Core {$/", "language": "C++", "kind": "namespace", "scope": "WPEFramework", "scopeKind": "namespace"}, {"_type": "tag", "name": "Last", "path": "/home/kavia/workspace/code-generation/app-gateway2/dependencies/install/include/WPEFramework/core/Measurement.h", "pattern": "/^        inline TYPE Last() const$/", "language": "C++", "typeref": "typename:TYPE", "kind": "function", "signature": "() const", "scope": "WPEFramework::Core::MeasurementType", "scopeKind": "class"}, {"_type": "tag", "name": "Max", "path": "/home/kavia/workspace/code-generation/app-gateway2/dependencies/install/include/WPEFramework/core/Measurement.h", "pattern": "/^        inline TYPE Max() const$/", "language": "C++", "typeref": "typename:TYPE", "kind": "function", "signature": "() const", "scope": "WPEFramework::Core::MeasurementType", "scopeKind": "class"}, {"_type": "tag", "name": "MeasurementType", "path": "/home/kavia/workspace/code-generation/app-gateway2/dependencies/install/include/WPEFramework/core/Measurement.h", "pattern": "/^        MeasurementType()$/", "language": "C++", "kind": "function", "signature": "()", "scope": "WPEFramework::Core::MeasurementType", "scopeKind": "class"}, {"_type": "tag", "name": "MeasurementType", "path": "/home/kavia/workspace/code-generation/app-gateway2/dependencies/install/include/WPEFramework/core/Measurement.h", "pattern": "/^        MeasurementType(const MeasurementType<TYPE>& copy)$/", "language": "C++", "kind": "function", "signature": "(const MeasurementType<TYPE> & copy)", "scope": "WPEFramework::Core::MeasurementType", "scopeKind": "class"}, {"_type": "tag", "name": "MeasurementType", "path": "/home/kavia/workspace/code-generation/app-gateway2/dependencies/install/include/WPEFramework/core/Measurement.h", "pattern": "/^    class MeasurementType {$/", "language": "C++", "kind": "class", "scope": "WPEFramework::Core", "scopeKind": "namespace"}, {"_type": "tag", "name": "Measurements", "path": "/home/kavia/workspace/code-generation/app-gateway2/dependencies/install/include/WPEFramework/core/Measurement.h", "pattern": "/^        inline uint32_t Measurements() const$/", "language": "C++", "typeref": "typename:uint32_t", "kind": "function", "signature": "() const", "scope": "WPEFramework::Core::MeasurementType", "scopeKind": "class"}, {"_type": "tag", "name": "Min", "path": "/home/kavia/workspace/code-generation/app-gateway2/dependencies/install/include/WPEFramework/core/Measurement.h", "pattern": "/^        inline TYPE Min() const$/", "language": "C++", "typeref": "typename:TYPE", "kind": "function", "signature": "() const", "scope": "WPEFramework::Core::MeasurementType", "scopeKind": "class"}, {"_type": "tag", "name": "Reset", "path": "/home/kavia/workspace/code-generation/app-gateway2/dependencies/install/include/WPEFramework/core/Measurement.h", "pattern": "/^        void Reset()$/", "language": "C++", "typeref": "typename:void", "kind": "function", "signature": "()", "scope": "WPEFramework::Core::MeasurementType", "scopeKind": "class"}, {"_type": "tag", "name": "Set", "path": "/home/kavia/workspace/code-generation/app-gateway2/dependencies/install/include/WPEFramework/core/Measurement.h", "pattern": "/^        void Set(const TYPE value)$/", "language": "C++", "typeref": "typename:void", "kind": "function", "signature": "(const TYPE value)", "scope": "WPEFramework::Core::MeasurementType", "scopeKind": "class"}, {"_type": "tag", "name": "WPEFramework", "path": "/home/kavia/workspace/code-generation/app-gateway2/dependencies/install/include/WPEFramework/core/Measurement.h", "pattern": "/^namespace WPEFramework {$/", "language": "C++", "kind": "namespace"}, {"_type": "tag", "name": "__MEASUREMENT_H", "path": "/home/kavia/workspace/code-generation/app-gateway2/dependencies/install/include/WPEFramework/core/Measurement.h", "pattern": "/^#define __MEASUREMENT_H$/", "language": "C++", "kind": "macro"}, {"_type": "tag", "name": "_average", "path": "/home/kavia/workspace/code-generation/app-gateway2/dependencies/install/include/WPEFramework/core/Measurement.h", "pattern": "/^        TYPE _average;$/", "language": "C++", "typeref": "typename:TYPE", "kind": "member", "scope": "WPEFramework::Core::MeasurementType", "scopeKind": "class"}, {"_type": "tag", "name": "_last", "path": "/home/kavia/workspace/code-generation/app-gateway2/dependencies/install/include/WPEFramework/core/Measurement.h", "pattern": "/^        TYPE _last;$/", "language": "C++", "typeref": "typename:TYPE", "kind": "member", "scope": "WPEFramework::Core::MeasurementType", "scopeKind": "class"}, {"_type": "tag", "name": "_max", "path": "/home/kavia/workspace/code-generation/app-gateway2/dependencies/install/include/WPEFramework/core/Measurement.h", "pattern": "/^        TYPE _max;$/", "language": "C++", "typeref": "typename:TYPE", "kind": "member", "scope": "WPEFramework::Core::MeasurementType", "scopeKind": "class"}, {"_type": "tag", "name": "_measurements", "path": "/home/kavia/workspace/code-generation/app-gateway2/dependencies/install/include/WPEFramework/core/Measurement.h", "pattern": "/^        uint32_t _measurements;$/", "language": "C++", "typeref": "typename:uint32_t", "kind": "member", "scope": "WPEFramework::Core::MeasurementType", "scopeKind": "class"}, {"_type": "tag", "name": "_min", "path": "/home/kavia/workspace/code-generation/app-gateway2/dependencies/install/include/WPEFramework/core/Measurement.h", "pattern": "/^        TYPE _min;$/", "language": "C++", "typeref": "typename:TYPE", "kind": "member", "scope": "WPEFramework::Core::MeasurementType", "scopeKind": "class"}, {"_type": "tag", "name": "operator =", "path": "/home/kavia/workspace/code-generation/app-gateway2/dependencies/install/include/WPEFramework/core/Measurement.h", "pattern": "/^        MeasurementType<TYPE>& operator=(const MeasurementType<TYPE>& RHS)$/", "language": "C++", "typeref": "typename:MeasurementType<TYPE> &", "kind": "function", "signature": "(const MeasurementType<TYPE> & RHS)", "scope": "WPEFramework::Core::MeasurementType", "scopeKind": "class"}, {"_type": "tag", "name": "~MeasurementType", "path": "/home/kavia/workspace/code-generation/app-gateway2/dependencies/install/include/WPEFramework/core/Measurement.h", "pattern": "/^        ~MeasurementType()$/", "language": "C++", "kind": "function", "signature": "()", "scope": "WPEFramework::Core::MeasurementType", "scopeKind": "class"}], "hash": "795d6b602eccb017df4371f234a19021", "format-version": 4, "code-base-name": "app-gateway2", "filename": "dependencies/install/include/WPEFramework/core/Measurement.h", "fields": [{"name": "TYPE _average", "scope": "WPEFramework::Core::MeasurementType", "scopeKind": "class", "description": "unavailable"}, {"name": "TYPE _last", "scope": "WPEFramework::Core::MeasurementType", "scopeKind": "class", "description": "unavailable"}, {"name": "TYPE _max", "scope": "WPEFramework::Core::MeasurementType", "scopeKind": "class", "description": "unavailable"}, {"name": "uint32_t _measurements", "scope": "WPEFramework::Core::MeasurementType", "scopeKind": "class", "description": "unavailable"}, {"name": "TYPE _min", "scope": "WPEFramework::Core::MeasurementType", "scopeKind": "class", "description": "unavailable"}], "revision_history": [{"17360": "0f87a35b32215bc8547fb583d6c84bd51f603f69"}]}