{"is_source_file": true, "format": "C++ header (.h)", "description": "This file declares an interface IMath within the WPEFramework project, specifying methods for addition and subtraction of 16-bit unsigned integers for use in COMRPC/JSONRPC communication.", "external_files": ["Module.h"], "external_methods": [], "published": ["IMath::Add", "IMath::Sub"], "classes": [{"name": "IMath", "description": "An interface for basic mathematical operations (addition and subtraction) to be implemented by other classes, intended for remote procedure calls."}], "methods": [{"name": "Add", "description": "A method to compute the sum of two 16-bit unsigned integers, returning a status code and the result through an output parameter."}, {"name": "Sub", "description": "A method to compute the difference of two 16-bit unsigned integers, returning a status code and the result through an output parameter."}], "calls": [], "search-terms": ["IMath", "Add", "Sub", "interfaces", "JSONRPC", "COMRPC"], "state": 2, "file_id": 8365, "knowledge_revision": 17077, "git_revision": "0f87a35b32215bc8547fb583d6c84bd51f603f69", "ctags": [{"_type": "tag", "name": "Exchange", "path": "/home/kavia/workspace/code-generation/app-gateway2/dependencies/install/include/WPEFramework/interfaces/IMath.h", "pattern": "/^    namespace Exchange {$/", "language": "C++", "kind": "namespace", "scope": "WPEFramework", "scopeKind": "namespace"}, {"_type": "tag", "name": "ID", "path": "/home/kavia/workspace/code-generation/app-gateway2/dependencies/install/include/WPEFramework/interfaces/IMath.h", "pattern": "/^            enum { ID = ID_MATH };$/", "language": "C++", "kind": "enumerator", "scope": "WPEFramework::Exchange::IMath::__anon2cd587fd0103", "scopeKind": "enum"}, {"_type": "tag", "name": "IMath", "path": "/home/kavia/workspace/code-generation/app-gateway2/dependencies/install/include/WPEFramework/interfaces/IMath.h", "pattern": "/^        struct EXTERNAL IMath : virtual public Core::IUnknown {$/", "language": "C++", "kind": "struct", "scope": "WPEFramework::Exchange", "scopeKind": "namespace"}, {"_type": "tag", "name": "WPEFramework", "path": "/home/kavia/workspace/code-generation/app-gateway2/dependencies/install/include/WPEFramework/interfaces/IMath.h", "pattern": "/^namespace WPEFramework {$/", "language": "C++", "kind": "namespace"}, {"_type": "tag", "name": "__anon2cd587fd0103", "path": "/home/kavia/workspace/code-generation/app-gateway2/dependencies/install/include/WPEFramework/interfaces/IMath.h", "pattern": "/^            enum { ID = ID_MATH };$/", "language": "C++", "kind": "enum", "scope": "WPEFramework::Exchange::IMath", "scopeKind": "struct"}], "hash": "58695cb8aa41b805edff56fd7b54e217", "format-version": 4, "code-base-name": "app-gateway2", "filename": "dependencies/install/include/WPEFramework/interfaces/IMath.h", "revision_history": [{"17077": "0f87a35b32215bc8547fb583d6c84bd51f603f69"}]}