{"is_source_file": true, "format": "C++ header (.h)", "description": "This header defines C++ classes representing JSON data structures for the PackageManager API in a JSON-RPC context. The classes encapsulate parameters, results, and auxiliary data related to package management operations like install, uninstall, lock, get metadata, and storage info.", "external_files": ["<core/JSON.h>", "<interfaces/IPackageManager.h>"], "external_methods": [], "published": ["CancelParamsInfo", "GetStorageDetailsParamsInfo", "KeyValueInfo", "ClearAuxMetadataParamsData", "DownloadParamsData", "GetListParamsData", "PackageKeyData", "LockInfoData", "GetMetadataResultData", "StorageInfoData", "InstallParamsData", "LockParamsData", "OperationStatusParamsData", "ResetParamsData", "SetAuxMetadataParamsData", "UninstallParamsData"], "classes": [{"name": "CancelParamsInfo", "description": "Represents parameters for a cancel operation, primarily a handle identifier."}, {"name": "GetStorageDetailsParamsInfo", "description": "Holds parameters for retrieving storage details, including type, id, and version."}, {"name": "KeyValueInfo", "description": "Encapsulates a key-value pair, with conversion operators to the IPackageManager::KeyValue structure."}, {"name": "ClearAuxMetadataParamsData", "description": "Parameters for clearing auxiliary metadata, including type, id, version, and key."}, {"name": "DownloadParamsData", "description": "Parameters for downloading resources, specifying type, id, version, resource key, and URL."}, {"name": "GetListParamsData", "description": "Parameters for listing packages, with filters like type, id, version, appName, and category."}, {"name": "PackageKeyData", "description": "Represents package key details with conversion operators to IPackageManager::PackageKey."}, {"name": "LockInfoData", "description": "Contains lock information details, such as reason and owner, with conversion to LockInfo."}, {"name": "GetMetadataResultData", "description": "Holds metadata results including application metadata, resource lists, and auxiliary metadata."}, {"name": "StorageInfoData", "description": "Represents storage information, including apps and persistent storage details."}, {"name": "InstallParamsData", "description": "Parameters for installing an application package, including type, id, version, URL, appName, and category."}, {"name": "LockParamsData", "description": "Parameters for locking a package, including reason and owner details."}, {"name": "OperationStatusParamsData", "description": "Parameters to report the status of an asynchronous operation, including handle, operation, status, and details."}, {"name": "ResetParamsData", "description": "Parameters for resetting package data, specifying reset type and identifying package details."}, {"name": "SetAuxMetadataParamsData", "description": "Parameters for setting auxiliary metadata, including type, id, version, key, and value."}, {"name": "UninstallParamsData", "description": "Parameters for uninstalling a package, including type, id, version, and uninstall type."}], "calls": [], "search-terms": ["JsonData_PackageManager", "PackageManager", "JSON::Container", "IPackageManager", "generated", "json structures", "json rpc package data"], "state": 2, "file_id": 9035, "knowledge_revision": 18717, "git_revision": "a019ef1ecf9043a6387775f8d60762f619f4c761", "ctags": [{"_type": "tag", "name": "AppName", "path": "/home/kavia/workspace/code-generation/app-gateway2/dependencies/build/ThunderInterfaces/definitions/generated/JsonData_PackageManager.h", "pattern": "/^                Core::JSON::String AppName;$/", "language": "C++", "typeref": "typename:Core::JSON::String", "kind": "member", "scope": "WPEFramework::JsonData::PackageManager::GetMetadataResultData::MetadataPayloadData", "scopeKind": "class"}, {"_type": "tag", "name": "AppName", "path": "/home/kavia/workspace/code-generation/app-gateway2/dependencies/build/ThunderInterfaces/definitions/generated/JsonData_PackageManager.h", "pattern": "/^            Core::JSON::String AppName; \\/\\/ Download the application bundle.$/", "language": "C++", "typeref": "typename:Core::JSON::String", "kind": "member", "scope": "WPEFramework::JsonData::PackageManager::InstallParamsData", "scopeKind": "class"}, {"_type": "tag", "name": "AppName", "path": "/home/kavia/workspace/code-generation/app-gateway2/dependencies/build/ThunderInterfaces/definitions/generated/JsonData_PackageManager.h", "pattern": "/^            Core::JSON::String AppName; \\/\\/ List installed applications.$/", "language": "C++", "typeref": "typename:Core::JSON::String", "kind": "member", "scope": "WPEFramework::JsonData::PackageManager::GetListParamsData", "scopeKind": "class"}, {"_type": "tag", "name": "Apps", "path": "/home/kavia/workspace/code-generation/app-gateway2/dependencies/build/ThunderInterfaces/definitions/generated/JsonData_PackageManager.h", "pattern": "/^            StorageInfoData::StorageDetailsData Apps; \\/\\/ Information on the storage usage.$/", "language": "C++", "typeref": "typename:StorageInfoData::StorageDetailsData", "kind": "member", "scope": "WPEFramework::JsonData::PackageManager::StorageInfoData", "scopeKind": "class"}, {"_type": "tag", "name": "AuxMetadata", "path": "/home/kavia/workspace/code-generation/app-gateway2/dependencies/build/ThunderInterfaces/definitions/generated/JsonData_PackageManager.h", "pattern": "/^            Core::JSON::ArrayType<KeyValueInfo> AuxMetadata; \\/\\/ Get application metadata.$/", "language": "C++", "typeref": "typename:Core::JSON::ArrayType<KeyValueInfo>", "kind": "member", "scope": "WPEFramework::JsonData::PackageManager::GetMetadataResultData", "scopeKind": "class"}, {"_type": "tag", "name": "CancelParamsInfo", "path": "/home/kavia/workspace/code-generation/app-gateway2/dependencies/build/ThunderInterfaces/definitions/generated/JsonData_PackageManager.h", "pattern": "/^            CancelParamsInfo()$/", "language": "C++", "kind": "function", "signature": "()", "scope": "WPEFramework::JsonData::PackageManager::CancelParamsInfo", "scopeKind": "class"}, {"_type": "tag", "name": "CancelParamsInfo", "path": "/home/kavia/workspace/code-generation/app-gateway2/dependencies/build/ThunderInterfaces/definitions/generated/JsonData_PackageManager.h", "pattern": "/^        class CancelParamsInfo : public Core::JSON::Container {$/", "language": "C++", "kind": "class", "scope": "WPEFramework::JsonData::PackageManager", "scopeKind": "namespace"}, {"_type": "tag", "name": "Category", "path": "/home/kavia/workspace/code-generation/app-gateway2/dependencies/build/ThunderInterfaces/definitions/generated/JsonData_PackageManager.h", "pattern": "/^                Core::JSON::String Category;$/", "language": "C++", "typeref": "typename:Core::JSON::String", "kind": "member", "scope": "WPEFramework::JsonData::PackageManager::GetMetadataResultData::MetadataPayloadData", "scopeKind": "class"}, {"_type": "tag", "name": "Category", "path": "/home/kavia/workspace/code-generation/app-gateway2/dependencies/build/ThunderInterfaces/definitions/generated/JsonData_PackageManager.h", "pattern": "/^            Core::JSON::String Category; \\/\\/ Download the application bundle.$/", "language": "C++", "typeref": "typename:Core::JSON::String", "kind": "member", "scope": "WPEFramework::JsonData::PackageManager::InstallParamsData", "scopeKind": "class"}, {"_type": "tag", "name": "Category", "path": "/home/kavia/workspace/code-generation/app-gateway2/dependencies/build/ThunderInterfaces/definitions/generated/JsonData_PackageManager.h", "pattern": "/^            Core::JSON::String Category; \\/\\/ List installed applications.$/", "language": "C++", "typeref": "typename:Core::JSON::String", "kind": "member", "scope": "WPEFramework::JsonData::PackageManager::GetListParamsData", "scopeKind": "class"}, {"_type": "tag", "name": "ClearAuxMetadataParamsData", "path": "/home/kavia/workspace/code-generation/app-gateway2/dependencies/build/ThunderInterfaces/definitions/generated/JsonData_PackageManager.h", "pattern": "/^            ClearAuxMetadataParamsData()$/", "language": "C++", "kind": "function", "signature": "()", "scope": "WPEFramework::JsonData::PackageManager::ClearAuxMetadataParamsData", "scopeKind": "class"}, {"_type": "tag", "name": "ClearAuxMetadataParamsData", "path": "/home/kavia/workspace/code-generation/app-gateway2/dependencies/build/ThunderInterfaces/definitions/generated/JsonData_PackageManager.h", "pattern": "/^        class ClearAuxMetadataParamsData : public Core::JSON::Container {$/", "language": "C++", "kind": "class", "scope": "WPEFramework::JsonData::PackageManager", "scopeKind": "namespace"}, {"_type": "tag", "name": "Details", "path": "/home/kavia/workspace/code-generation/app-gateway2/dependencies/build/ThunderInterfaces/definitions/generated/JsonData_PackageManager.h", "pattern": "/^            Core::JSON::String Details; \\/\\/ Completion of asynchronous operation.$/", "language": "C++", "typeref": "typename:Core::JSON::String", "kind": "member", "scope": "WPEFramework::JsonData::PackageManager::OperationStatusParamsData", "scopeKind": "class"}, {"_type": "tag", "name": "DownloadParamsData", "path": "/home/kavia/workspace/code-generation/app-gateway2/dependencies/build/ThunderInterfaces/definitions/generated/JsonData_PackageManager.h", "pattern": "/^            DownloadParamsData()$/", "language": "C++", "kind": "function", "signature": "()", "scope": "WPEFramework::JsonData::PackageManager::DownloadParamsData", "scopeKind": "class"}, {"_type": "tag", "name": "DownloadParamsData", "path": "/home/kavia/workspace/code-generation/app-gateway2/dependencies/build/ThunderInterfaces/definitions/generated/JsonData_PackageManager.h", "pattern": "/^        class DownloadParamsData : public Core::JSON::Container {$/", "language": "C++", "kind": "class", "scope": "WPEFramework::JsonData::PackageManager", "scopeKind": "namespace"}, {"_type": "tag", "name": "GetListParamsData", "path": "/home/kavia/workspace/code-generation/app-gateway2/dependencies/build/ThunderInterfaces/definitions/generated/JsonData_PackageManager.h", "pattern": "/^            GetListParamsData()$/", "language": "C++", "kind": "function", "signature": "()", "scope": "WPEFramework::JsonData::PackageManager::GetListParamsData", "scopeKind": "class"}, {"_type": "tag", "name": "GetListParamsData", "path": "/home/kavia/workspace/code-generation/app-gateway2/dependencies/build/ThunderInterfaces/definitions/generated/JsonData_PackageManager.h", "pattern": "/^        class GetListParamsData : public Core::JSON::Container {$/", "language": "C++", "kind": "class", "scope": "WPEFramework::JsonData::PackageManager", "scopeKind": "namespace"}, {"_type": "tag", "name": "GetMetadataResultData", "path": "/home/kavia/workspace/code-generation/app-gateway2/dependencies/build/ThunderInterfaces/definitions/generated/JsonData_PackageManager.h", "pattern": "/^            GetMetadataResultData()$/", "language": "C++", "kind": "function", "signature": "()", "scope": "WPEFramework::JsonData::PackageManager::GetMetadataResultData", "scopeKind": "class"}, {"_type": "tag", "name": "GetMetadataResultData", "path": "/home/kavia/workspace/code-generation/app-gateway2/dependencies/build/ThunderInterfaces/definitions/generated/JsonData_PackageManager.h", "pattern": "/^        class GetMetadataResultData : public Core::JSON::Container {$/", "language": "C++", "kind": "class", "scope": "WPEFramework::JsonData::PackageManager", "scopeKind": "namespace"}, {"_type": "tag", "name": "GetStorageDetailsParamsInfo", "path": "/home/kavia/workspace/code-generation/app-gateway2/dependencies/build/ThunderInterfaces/definitions/generated/JsonData_PackageManager.h", "pattern": "/^            GetStorageDetailsParamsInfo()$/", "language": "C++", "kind": "function", "signature": "()", "scope": "WPEFramework::JsonData::PackageManager::GetStorageDetailsParamsInfo", "scopeKind": "class"}, {"_type": "tag", "name": "GetStorageDetailsParamsInfo", "path": "/home/kavia/workspace/code-generation/app-gateway2/dependencies/build/ThunderInterfaces/definitions/generated/JsonData_PackageManager.h", "pattern": "/^        class GetStorageDetailsParamsInfo : public Core::JSON::Container {$/", "language": "C++", "kind": "class", "scope": "WPEFramework::JsonData::PackageManager", "scopeKind": "namespace"}, {"_type": "tag", "name": "Handle", "path": "/home/kavia/workspace/code-generation/app-gateway2/dependencies/build/ThunderInterfaces/definitions/generated/JsonData_PackageManager.h", "pattern": "/^            Core::JSON::String Handle; \\/\\/ Cancel asynchronous request.$/", "language": "C++", "typeref": "typename:Core::JSON::String", "kind": "member", "scope": "WPEFramework::JsonData::PackageManager::CancelParamsInfo", "scopeKind": "class"}, {"_type": "tag", "name": "Handle", "path": "/home/kavia/workspace/code-generation/app-gateway2/dependencies/build/ThunderInterfaces/definitions/generated/JsonData_PackageManager.h", "pattern": "/^            Core::JSON::String Handle; \\/\\/ Completion of asynchronous operation.$/", "language": "C++", "typeref": "typename:Core::JSON::String", "kind": "member", "scope": "WPEFramework::JsonData::PackageManager::OperationStatusParamsData", "scopeKind": "class"}, {"_type": "tag", "name": "Id", "path": "/home/kavia/workspace/code-generation/app-gateway2/dependencies/build/ThunderInterfaces/definitions/generated/JsonData_PackageManager.h", "pattern": "/^            Core::JSON::String Id; \\/\\/ Clears an arbitrary metadata.$/", "language": "C++", "typeref": "typename:Core::JSON::String", "kind": "member", "scope": "WPEFramework::JsonData::PackageManager::ClearAuxMetadataParamsData", "scopeKind": "class"}, {"_type": "tag", "name": "Id", "path": "/home/kavia/workspace/code-generation/app-gateway2/dependencies/build/ThunderInterfaces/definitions/generated/JsonData_PackageManager.h", "pattern": "/^            Core::JSON::String Id; \\/\\/ Completion of asynchronous operation.$/", "language": "C++", "typeref": "typename:Core::JSON::String", "kind": "member", "scope": "WPEFramework::JsonData::PackageManager::OperationStatusParamsData", "scopeKind": "class"}, {"_type": "tag", "name": "Id", "path": "/home/kavia/workspace/code-generation/app-gateway2/dependencies/build/ThunderInterfaces/definitions/generated/JsonData_PackageManager.h", "pattern": "/^            Core::JSON::String Id; \\/\\/ Delete persistent data stored locally.$/", "language": "C++", "typeref": "typename:Core::JSON::String", "kind": "member", "scope": "WPEFramework::JsonData::PackageManager::ResetParamsData", "scopeKind": "class"}, {"_type": "tag", "name": "Id", "path": "/home/kavia/workspace/code-generation/app-gateway2/dependencies/build/ThunderInterfaces/definitions/generated/JsonData_PackageManager.h", "pattern": "/^            Core::JSON::String Id; \\/\\/ Download arbitrary application's resource file.$/", "language": "C++", "typeref": "typename:Core::JSON::String", "kind": "member", "scope": "WPEFramework::JsonData::PackageManager::DownloadParamsData", "scopeKind": "class"}, {"_type": "tag", "name": "Id", "path": "/home/kavia/workspace/code-generation/app-gateway2/dependencies/build/ThunderInterfaces/definitions/generated/JsonData_PackageManager.h", "pattern": "/^            Core::JSON::String Id; \\/\\/ Download the application bundle.$/", "language": "C++", "typeref": "typename:Core::JSON::String", "kind": "member", "scope": "WPEFramework::JsonData::PackageManager::InstallParamsData", "scopeKind": "class"}, {"_type": "tag", "name": "Id", "path": "/home/kavia/workspace/code-generation/app-gateway2/dependencies/build/ThunderInterfaces/definitions/generated/JsonData_PackageManager.h", "pattern": "/^            Core::JSON::String Id; \\/\\/ Information on the storage usage.$/", "language": "C++", "typeref": "typename:Core::JSON::String", "kind": "member", "scope": "WPEFramework::JsonData::PackageManager::GetStorageDetailsParamsInfo", "scopeKind": "class"}, {"_type": "tag", "name": "Id", "path": "/home/kavia/workspace/code-generation/app-gateway2/dependencies/build/ThunderInterfaces/definitions/generated/JsonData_PackageManager.h", "pattern": "/^            Core::JSON::String Id; \\/\\/ List installed applications.$/", "language": "C++", "typeref": "typename:Core::JSON::String", "kind": "member", "scope": "WPEFramework::JsonData::PackageManager::GetListParamsData", "scopeKind": "class"}, {"_type": "tag", "name": "Id", "path": "/home/kavia/workspace/code-generation/app-gateway2/dependencies/build/ThunderInterfaces/definitions/generated/JsonData_PackageManager.h", "pattern": "/^            Core::JSON::String Id; \\/\\/ Lock the application. Preventing uninstallation.$/", "language": "C++", "typeref": "typename:Core::JSON::String", "kind": "member", "scope": "WPEFramework::JsonData::PackageManager::LockParamsData", "scopeKind": "class"}, {"_type": "tag", "name": "Id", "path": "/home/kavia/workspace/code-generation/app-gateway2/dependencies/build/ThunderInterfaces/definitions/generated/JsonData_PackageManager.h", "pattern": "/^            Core::JSON::String Id; \\/\\/ Set an arbitrary metadata.$/", "language": "C++", "typeref": "typename:Core::JSON::String", "kind": "member", "scope": "WPEFramework::JsonData::PackageManager::SetAuxMetadataParamsData", "scopeKind": "class"}, {"_type": "tag", "name": "Id", "path": "/home/kavia/workspace/code-generation/app-gateway2/dependencies/build/ThunderInterfaces/definitions/generated/JsonData_PackageManager.h", "pattern": "/^            Core::JSON::String Id; \\/\\/ Uninstall the application.$/", "language": "C++", "typeref": "typename:Core::JSON::String", "kind": "member", "scope": "WPEFramework::JsonData::PackageManager::UninstallParamsData", "scopeKind": "class"}, {"_type": "tag", "name": "Id", "path": "/home/kavia/workspace/code-generation/app-gateway2/dependencies/build/ThunderInterfaces/definitions/generated/JsonData_PackageManager.h", "pattern": "/^            Core::JSON::String Id;$/", "language": "C++", "typeref": "typename:Core::JSON::String", "kind": "member", "scope": "WPEFramework::JsonData::PackageManager::PackageKeyData", "scopeKind": "class"}, {"_type": "tag", "name": "InstallParamsData", "path": "/home/kavia/workspace/code-generation/app-gateway2/dependencies/build/ThunderInterfaces/definitions/generated/JsonData_PackageManager.h", "pattern": "/^            InstallParamsData()$/", "language": "C++", "kind": "function", "signature": "()", "scope": "WPEFramework::JsonData::PackageManager::InstallParamsData", "scopeKind": "class"}, {"_type": "tag", "name": "InstallParamsData", "path": "/home/kavia/workspace/code-generation/app-gateway2/dependencies/build/ThunderInterfaces/definitions/generated/JsonData_PackageManager.h", "pattern": "/^        class InstallParamsData : public Core::JSON::Container {$/", "language": "C++", "kind": "class", "scope": "WPEFramework::JsonData::PackageManager", "scopeKind": "namespace"}, {"_type": "tag", "name": "IsValid", "path": "/home/kavia/workspace/code-generation/app-gateway2/dependencies/build/ThunderInterfaces/definitions/generated/JsonData_PackageManager.h", "pattern": "/^                bool IsValid() const$/", "language": "C++", "typeref": "typename:bool", "kind": "function", "signature": "() const", "scope": "WPEFramework::JsonData::PackageManager::GetMetadataResultData::MetadataPayloadData", "scopeKind": "class"}, {"_type": "tag", "name": "IsValid", "path": "/home/kavia/workspace/code-generation/app-gateway2/dependencies/build/ThunderInterfaces/definitions/generated/JsonData_PackageManager.h", "pattern": "/^                bool IsValid() const$/", "language": "C++", "typeref": "typename:bool", "kind": "function", "signature": "() const", "scope": "WPEFramework::JsonData::PackageManager::StorageInfoData::StorageDetailsData", "scopeKind": "class"}, {"_type": "tag", "name": "IsValid", "path": "/home/kavia/workspace/code-generation/app-gateway2/dependencies/build/ThunderInterfaces/definitions/generated/JsonData_PackageManager.h", "pattern": "/^            bool IsValid() const$/", "language": "C++", "typeref": "typename:bool", "kind": "function", "signature": "() const", "scope": "WPEFramework::JsonData::PackageManager::CancelParamsInfo", "scopeKind": "class"}, {"_type": "tag", "name": "IsValid", "path": "/home/kavia/workspace/code-generation/app-gateway2/dependencies/build/ThunderInterfaces/definitions/generated/JsonData_PackageManager.h", "pattern": "/^            bool IsValid() const$/", "language": "C++", "typeref": "typename:bool", "kind": "function", "signature": "() const", "scope": "WPEFramework::JsonData::PackageManager::ClearAuxMetadataParamsData", "scopeKind": "class"}, {"_type": "tag", "name": "IsValid", "path": "/home/kavia/workspace/code-generation/app-gateway2/dependencies/build/ThunderInterfaces/definitions/generated/JsonData_PackageManager.h", "pattern": "/^            bool IsValid() const$/", "language": "C++", "typeref": "typename:bool", "kind": "function", "signature": "() const", "scope": "WPEFramework::JsonData::PackageManager::DownloadParamsData", "scopeKind": "class"}, {"_type": "tag", "name": "IsValid", "path": "/home/kavia/workspace/code-generation/app-gateway2/dependencies/build/ThunderInterfaces/definitions/generated/JsonData_PackageManager.h", "pattern": "/^            bool IsValid() const$/", "language": "C++", "typeref": "typename:bool", "kind": "function", "signature": "() const", "scope": "WPEFramework::JsonData::PackageManager::GetListParamsData", "scopeKind": "class"}, {"_type": "tag", "name": "IsValid", "path": "/home/kavia/workspace/code-generation/app-gateway2/dependencies/build/ThunderInterfaces/definitions/generated/JsonData_PackageManager.h", "pattern": "/^            bool IsValid() const$/", "language": "C++", "typeref": "typename:bool", "kind": "function", "signature": "() const", "scope": "WPEFramework::JsonData::PackageManager::GetMetadataResultData", "scopeKind": "class"}, {"_type": "tag", "name": "IsValid", "path": "/home/kavia/workspace/code-generation/app-gateway2/dependencies/build/ThunderInterfaces/definitions/generated/JsonData_PackageManager.h", "pattern": "/^            bool IsValid() const$/", "language": "C++", "typeref": "typename:bool", "kind": "function", "signature": "() const", "scope": "WPEFramework::JsonData::PackageManager::GetStorageDetailsParamsInfo", "scopeKind": "class"}, {"_type": "tag", "name": "IsValid", "path": "/home/kavia/workspace/code-generation/app-gateway2/dependencies/build/ThunderInterfaces/definitions/generated/JsonData_PackageManager.h", "pattern": "/^            bool IsValid() const$/", "language": "C++", "typeref": "typename:bool", "kind": "function", "signature": "() const", "scope": "WPEFramework::JsonData::PackageManager::InstallParamsData", "scopeKind": "class"}, {"_type": "tag", "name": "IsValid", "path": "/home/kavia/workspace/code-generation/app-gateway2/dependencies/build/ThunderInterfaces/definitions/generated/JsonData_PackageManager.h", "pattern": "/^            bool IsValid() const$/", "language": "C++", "typeref": "typename:bool", "kind": "function", "signature": "() const", "scope": "WPEFramework::JsonData::PackageManager::KeyValueInfo", "scopeKind": "class"}, {"_type": "tag", "name": "IsValid", "path": "/home/kavia/workspace/code-generation/app-gateway2/dependencies/build/ThunderInterfaces/definitions/generated/JsonData_PackageManager.h", "pattern": "/^            bool IsValid() const$/", "language": "C++", "typeref": "typename:bool", "kind": "function", "signature": "() const", "scope": "WPEFramework::JsonData::PackageManager::LockInfoData", "scopeKind": "class"}, {"_type": "tag", "name": "IsValid", "path": "/home/kavia/workspace/code-generation/app-gateway2/dependencies/build/ThunderInterfaces/definitions/generated/JsonData_PackageManager.h", "pattern": "/^            bool IsValid() const$/", "language": "C++", "typeref": "typename:bool", "kind": "function", "signature": "() const", "scope": "WPEFramework::JsonData::PackageManager::LockParamsData", "scopeKind": "class"}, {"_type": "tag", "name": "IsValid", "path": "/home/kavia/workspace/code-generation/app-gateway2/dependencies/build/ThunderInterfaces/definitions/generated/JsonData_PackageManager.h", "pattern": "/^            bool IsValid() const$/", "language": "C++", "typeref": "typename:bool", "kind": "function", "signature": "() const", "scope": "WPEFramework::JsonData::PackageManager::OperationStatusParamsData", "scopeKind": "class"}, {"_type": "tag", "name": "IsValid", "path": "/home/kavia/workspace/code-generation/app-gateway2/dependencies/build/ThunderInterfaces/definitions/generated/JsonData_PackageManager.h", "pattern": "/^            bool IsValid() const$/", "language": "C++", "typeref": "typename:bool", "kind": "function", "signature": "() const", "scope": "WPEFramework::JsonData::PackageManager::PackageKeyData", "scopeKind": "class"}, {"_type": "tag", "name": "IsValid", "path": "/home/kavia/workspace/code-generation/app-gateway2/dependencies/build/ThunderInterfaces/definitions/generated/JsonData_PackageManager.h", "pattern": "/^            bool IsValid() const$/", "language": "C++", "typeref": "typename:bool", "kind": "function", "signature": "() const", "scope": "WPEFramework::JsonData::PackageManager::ResetParamsData", "scopeKind": "class"}, {"_type": "tag", "name": "IsValid", "path": "/home/kavia/workspace/code-generation/app-gateway2/dependencies/build/ThunderInterfaces/definitions/generated/JsonData_PackageManager.h", "pattern": "/^            bool IsValid() const$/", "language": "C++", "typeref": "typename:bool", "kind": "function", "signature": "() const", "scope": "WPEFramework::JsonData::PackageManager::SetAuxMetadataParamsData", "scopeKind": "class"}, {"_type": "tag", "name": "IsValid", "path": "/home/kavia/workspace/code-generation/app-gateway2/dependencies/build/ThunderInterfaces/definitions/generated/JsonData_PackageManager.h", "pattern": "/^            bool IsValid() const$/", "language": "C++", "typeref": "typename:bool", "kind": "function", "signature": "() const", "scope": "WPEFramework::JsonData::PackageManager::StorageInfoData", "scopeKind": "class"}, {"_type": "tag", "name": "IsValid", "path": "/home/kavia/workspace/code-generation/app-gateway2/dependencies/build/ThunderInterfaces/definitions/generated/JsonData_PackageManager.h", "pattern": "/^            bool IsValid() const$/", "language": "C++", "typeref": "typename:bool", "kind": "function", "signature": "() const", "scope": "WPEFramework::JsonData::PackageManager::UninstallParamsData", "scopeKind": "class"}, {"_type": "tag", "name": "JsonData", "path": "/home/kavia/workspace/code-generation/app-gateway2/dependencies/build/ThunderInterfaces/definitions/generated/JsonData_PackageManager.h", "pattern": "/^namespace JsonData {$/", "language": "C++", "kind": "namespace", "scope": "WPEFramework", "scopeKind": "namespace"}, {"_type": "tag", "name": "Key", "path": "/home/kavia/workspace/code-generation/app-gateway2/dependencies/build/ThunderInterfaces/definitions/generated/JsonData_PackageManager.h", "pattern": "/^            Core::JSON::String Key; \\/\\/ Clears an arbitrary metadata.$/", "language": "C++", "typeref": "typename:Core::JSON::String", "kind": "member", "scope": "WPEFramework::JsonData::PackageManager::ClearAuxMetadataParamsData", "scopeKind": "class"}, {"_type": "tag", "name": "Key", "path": "/home/kavia/workspace/code-generation/app-gateway2/dependencies/build/ThunderInterfaces/definitions/generated/JsonData_PackageManager.h", "pattern": "/^            Core::JSON::String Key; \\/\\/ Set an arbitrary metadata.$/", "language": "C++", "typeref": "typename:Core::JSON::String", "kind": "member", "scope": "WPEFramework::JsonData::PackageManager::SetAuxMetadataParamsData", "scopeKind": "class"}, {"_type": "tag", "name": "Key", "path": "/home/kavia/workspace/code-generation/app-gateway2/dependencies/build/ThunderInterfaces/definitions/generated/JsonData_PackageManager.h", "pattern": "/^            Core::JSON::String Key;$/", "language": "C++", "typeref": "typename:Core::JSON::String", "kind": "member", "scope": "WPEFramework::JsonData::PackageManager::KeyValueInfo", "scopeKind": "class"}, {"_type": "tag", "name": "KeyValueInfo", "path": "/home/kavia/workspace/code-generation/app-gateway2/dependencies/build/ThunderInterfaces/definitions/generated/JsonData_PackageManager.h", "pattern": "/^            KeyValueInfo()$/", "language": "C++", "kind": "function", "signature": "()", "scope": "WPEFramework::JsonData::PackageManager::KeyValueInfo", "scopeKind": "class"}, {"_type": "tag", "name": "KeyValueInfo", "path": "/home/kavia/workspace/code-generation/app-gateway2/dependencies/build/ThunderInterfaces/definitions/generated/JsonData_PackageManager.h", "pattern": "/^            KeyValueInfo(const Exchange::IPackageManager::KeyValue& _other)$/", "language": "C++", "kind": "function", "signature": "(const Exchange::IPackageManager::KeyValue & _other)", "scope": "WPEFramework::JsonData::PackageManager::KeyValueInfo", "scopeKind": "class"}, {"_type": "tag", "name": "KeyValueInfo", "path": "/home/kavia/workspace/code-generation/app-gateway2/dependencies/build/ThunderInterfaces/definitions/generated/JsonData_PackageManager.h", "pattern": "/^            KeyValueInfo(const KeyValueInfo& _other)$/", "language": "C++", "kind": "function", "signature": "(const KeyValueInfo & _other)", "scope": "WPEFramework::JsonData::PackageManager::KeyValueInfo", "scopeKind": "class"}, {"_type": "tag", "name": "KeyValueInfo", "path": "/home/kavia/workspace/code-generation/app-gateway2/dependencies/build/ThunderInterfaces/definitions/generated/JsonData_PackageManager.h", "pattern": "/^        class KeyValueInfo : public Core::JSON::Container {$/", "language": "C++", "kind": "class", "scope": "WPEFramework::JsonData::PackageManager", "scopeKind": "namespace"}, {"_type": "tag", "name": "LockInfoData", "path": "/home/kavia/workspace/code-generation/app-gateway2/dependencies/build/ThunderInterfaces/definitions/generated/JsonData_PackageManager.h", "pattern": "/^            LockInfoData()$/", "language": "C++", "kind": "function", "signature": "()", "scope": "WPEFramework::JsonData::PackageManager::LockInfoData", "scopeKind": "class"}, {"_type": "tag", "name": "LockInfoData", "path": "/home/kavia/workspace/code-generation/app-gateway2/dependencies/build/ThunderInterfaces/definitions/generated/JsonData_PackageManager.h", "pattern": "/^            LockInfoData(const Exchange::IPackageManager::LockInfo& _other)$/", "language": "C++", "kind": "function", "signature": "(const Exchange::IPackageManager::LockInfo & _other)", "scope": "WPEFramework::JsonData::PackageManager::LockInfoData", "scopeKind": "class"}, {"_type": "tag", "name": "LockInfoData", "path": "/home/kavia/workspace/code-generation/app-gateway2/dependencies/build/ThunderInterfaces/definitions/generated/JsonData_PackageManager.h", "pattern": "/^        class LockInfoData : public Core::JSON::Container {$/", "language": "C++", "kind": "class", "scope": "WPEFramework::JsonData::PackageManager", "scopeKind": "namespace"}, {"_type": "tag", "name": "LockParamsData", "path": "/home/kavia/workspace/code-generation/app-gateway2/dependencies/build/ThunderInterfaces/definitions/generated/JsonData_PackageManager.h", "pattern": "/^            LockParamsData()$/", "language": "C++", "kind": "function", "signature": "()", "scope": "WPEFramework::JsonData::PackageManager::LockParamsData", "scopeKind": "class"}, {"_type": "tag", "name": "LockParamsData", "path": "/home/kavia/workspace/code-generation/app-gateway2/dependencies/build/ThunderInterfaces/definitions/generated/JsonData_PackageManager.h", "pattern": "/^        class LockParamsData : public Core::JSON::Container {$/", "language": "C++", "kind": "class", "scope": "WPEFramework::JsonData::PackageManager", "scopeKind": "namespace"}, {"_type": "tag", "name": "Metadata", "path": "/home/kavia/workspace/code-generation/app-gateway2/dependencies/build/ThunderInterfaces/definitions/generated/JsonData_PackageManager.h", "pattern": "/^            GetMetadataResultData::MetadataPayloadData Metadata; \\/\\/ Get application metadata.$/", "language": "C++", "typeref": "typename:GetMetadataResultData::MetadataPayloadData", "kind": "member", "scope": "WPEFramework::JsonData::PackageManager::GetMetadataResultData", "scopeKind": "class"}, {"_type": "tag", "name": "MetadataPayloadData", "path": "/home/kavia/workspace/code-generation/app-gateway2/dependencies/build/ThunderInterfaces/definitions/generated/JsonData_PackageManager.h", "pattern": "/^                MetadataPayloadData()$/", "language": "C++", "kind": "function", "signature": "()", "scope": "WPEFramework::JsonData::PackageManager::GetMetadataResultData::MetadataPayloadData", "scopeKind": "class"}, {"_type": "tag", "name": "MetadataPayloadData", "path": "/home/kavia/workspace/code-generation/app-gateway2/dependencies/build/ThunderInterfaces/definitions/generated/JsonData_PackageManager.h", "pattern": "/^                MetadataPayloadData(const Exchange::IPackageManager::MetadataPayload& _other)$/", "language": "C++", "kind": "function", "signature": "(const Exchange::IPackageManager::MetadataPayload & _other)", "scope": "WPEFramework::JsonData::PackageManager::GetMetadataResultData::MetadataPayloadData", "scopeKind": "class"}], "hash": "4c7dbf9b4294d67b376ab2ada932f5b1", "format-version": 4, "code-base-name": "app-gateway2", "filename": "dependencies/build/ThunderInterfaces/definitions/generated/JsonData_PackageManager.h", "fields": [{"name": "Core::JSON::String AppName", "scope": "WPEFramework::JsonData::PackageManager::GetMetadataResultData::MetadataPayloadData", "scopeKind": "class", "description": "unavailable"}, {"name": "StorageInfoData::StorageDetailsData Apps", "scope": "WPEFramework::JsonData::PackageManager::StorageInfoData", "scopeKind": "class", "description": "unavailable"}, {"name": "Core::JSON::ArrayType<KeyValueInfo> AuxMetadata", "scope": "WPEFramework::JsonData::PackageManager::GetMetadataResultData", "scopeKind": "class", "description": "unavailable"}, {"name": "Core::JSON::String Category", "scope": "WPEFramework::JsonData::PackageManager::GetMetadataResultData::MetadataPayloadData", "scopeKind": "class", "description": "unavailable"}, {"name": "Core::JSON::String Details", "scope": "WPEFramework::JsonData::PackageManager::OperationStatusParamsData", "scopeKind": "class", "description": "unavailable"}, {"name": "Core::JSON::String Handle", "scope": "WPEFramework::JsonData::PackageManager::CancelParamsInfo", "scopeKind": "class", "description": "unavailable"}, {"name": "Core::JSON::String Id", "scope": "WPEFramework::JsonData::PackageManager::ClearAuxMetadataParamsData", "scopeKind": "class", "description": "unavailable"}, {"name": "Core::JSON::String Key", "scope": "WPEFramework::JsonData::PackageManager::ClearAuxMetadataParamsData", "scopeKind": "class", "description": "unavailable"}, {"name": "GetMetadataResultData::MetadataPayloadData Metadata", "scope": "WPEFramework::JsonData::PackageManager::GetMetadataResultData", "scopeKind": "class", "description": "unavailable"}], "methods": [{"name": "CancelParamsInfo()", "scope": "WPEFramework::JsonData::PackageManager::CancelParamsInfo", "scopeKind": "class", "description": "unavailable"}, {"name": "ClearAuxMetadataParamsData()", "scope": "WPEFramework::JsonData::PackageManager::ClearAuxMetadataParamsData", "scopeKind": "class", "description": "unavailable"}, {"name": "DownloadParamsData()", "scope": "WPEFramework::JsonData::PackageManager::DownloadParamsData", "scopeKind": "class", "description": "unavailable"}, {"name": "GetListParamsData()", "scope": "WPEFramework::JsonData::PackageManager::GetListParamsData", "scopeKind": "class", "description": "unavailable"}, {"name": "GetMetadataResultData()", "scope": "WPEFramework::JsonData::PackageManager::GetMetadataResultData", "scopeKind": "class", "description": "unavailable"}, {"name": "GetStorageDetailsParamsInfo()", "scope": "WPEFramework::JsonData::PackageManager::GetStorageDetailsParamsInfo", "scopeKind": "class", "description": "unavailable"}, {"name": "InstallParamsData()", "scope": "WPEFramework::JsonData::PackageManager::InstallParamsData", "scopeKind": "class", "description": "unavailable"}, {"name": "bool IsValid() const", "scope": "WPEFramework::JsonData::PackageManager::UninstallParamsData", "scopeKind": "class", "description": "unavailable"}, {"name": "KeyValueInfo()", "scope": "WPEFramework::JsonData::PackageManager::KeyValueInfo", "scopeKind": "class", "description": "unavailable"}, {"name": "KeyValueInfo(const Exchange::IPackageManager::KeyValue & _other)", "scope": "WPEFramework::JsonData::PackageManager::KeyValueInfo", "scopeKind": "class", "description": "unavailable"}, {"name": "KeyValueInfo(const KeyValueInfo & _other)", "scope": "WPEFramework::JsonData::PackageManager::KeyValueInfo", "scopeKind": "class", "description": "unavailable"}, {"name": "LockInfoData()", "scope": "WPEFramework::JsonData::PackageManager::LockInfoData", "scopeKind": "class", "description": "unavailable"}, {"name": "LockInfoData(const Exchange::IPackageManager::LockInfo & _other)", "scope": "WPEFramework::JsonData::PackageManager::LockInfoData", "scopeKind": "class", "description": "unavailable"}, {"name": "LockParamsData()", "scope": "WPEFramework::JsonData::PackageManager::LockParamsData", "scopeKind": "class", "description": "unavailable"}, {"name": "MetadataPayloadData()", "scope": "WPEFramework::JsonData::PackageManager::GetMetadataResultData::MetadataPayloadData", "scopeKind": "class", "description": "unavailable"}, {"name": "MetadataPayloadData(const Exchange::IPackageManager::MetadataPayload & _other)", "scope": "WPEFramework::JsonData::PackageManager::GetMetadataResultData::MetadataPayloadData", "scopeKind": "class", "description": "unavailable"}], "revision_history": [{"18717": "a019ef1ecf9043a6387775f8d60762f619f4c761"}]}