{"is_source_file": true, "format": "C++ header file", "description": "This file defines the TextMessage class within the WPEFramework::Messaging namespace. The class implements serialization and deserialization of text messages, inheriting from the IEvent interface. It manages a string _text that can be serialized into a buffer or reconstructed from a buffer, supporting messaging functionality.", "external_files": ["Module.h", "Core/FrameType.h", "Core/Message.h"], "external_methods": ["Core::FrameType<0>::Writer::NullTerminatedText", "Core::FrameType<0>::Reader::NullTerminatedText"], "published": ["WPEFramework::Messaging::TextMessage"], "classes": [{"name": "TextMessage", "description": "Represents a text message that can be serialized and deserialized for messaging purposes, implementing the IEvent interface."}], "methods": [{"name": "uint16_t Serialize(uint8_t buffer[],const uint16_t bufferSize) const", "description": "Serializes the text message into a buffer, handling truncation if buffer size is insufficient.", "scope": "WPEFramework::Messaging::TextMessage", "scopeKind": "class"}, {"name": "uint16_t Deserialize(const uint8_t buffer[],const uint16_t bufferSize)", "description": "Reconstructs the text message from a buffer.", "scope": "WPEFramework::Messaging::TextMessage", "scopeKind": "class"}, {"name": "const string & Data() const", "description": "Returns the stored text data.", "scope": "WPEFramework::Messaging::TextMessage", "scopeKind": "class"}, {"name": "TextMessage(const string & text)", "scope": "WPEFramework::Messaging::TextMessage", "scopeKind": "class", "description": "unavailable"}], "calls": ["Core::FrameType<0>::Writer::NullTerminatedText", "Core::FrameType<0>::Reader::NullTerminatedText"], "search-terms": ["TextMessage", "serialize", "deserialize", "Messaging", "IEvent", "Core::FrameType", "NullTerminatedText"], "state": 2, "file_id": 8317, "knowledge_revision": 17029, "git_revision": "0f87a35b32215bc8547fb583d6c84bd51f603f69", "ctags": [{"_type": "tag", "name": "Data", "path": "/home/kavia/workspace/code-generation/app-gateway2/dependencies/install/include/WPEFramework/messaging/TextMessage.h", "pattern": "/^        const string& Data() const override {$/", "language": "C++", "typeref": "typename:const string &", "kind": "function", "signature": "() const", "scope": "WPEFramework::Messaging::TextMessage", "scopeKind": "class"}, {"_type": "tag", "name": "Deserialize", "path": "/home/kavia/workspace/code-generation/app-gateway2/dependencies/install/include/WPEFramework/messaging/TextMessage.h", "pattern": "/^        uint16_t Deserialize(const uint8_t buffer[], const uint16_t bufferSize) override$/", "language": "C++", "typeref": "typename:uint16_t", "kind": "function", "signature": "(const uint8_t buffer[],const uint16_t bufferSize)", "scope": "WPEFramework::Messaging::TextMessage", "scopeKind": "class"}, {"_type": "tag", "name": "Messaging", "path": "/home/kavia/workspace/code-generation/app-gateway2/dependencies/install/include/WPEFramework/messaging/TextMessage.h", "pattern": "/^namespace Messaging {$/", "language": "C++", "kind": "namespace", "scope": "WPEFramework", "scopeKind": "namespace"}, {"_type": "tag", "name": "Serialize", "path": "/home/kavia/workspace/code-generation/app-gateway2/dependencies/install/include/WPEFramework/messaging/TextMessage.h", "pattern": "/^        uint16_t Serialize(uint8_t buffer[], const uint16_t bufferSize) const override$/", "language": "C++", "typeref": "typename:uint16_t", "kind": "function", "signature": "(uint8_t buffer[],const uint16_t bufferSize) const", "scope": "WPEFramework::Messaging::TextMessage", "scopeKind": "class"}, {"_type": "tag", "name": "TextMessage", "path": "/home/kavia/workspace/code-generation/app-gateway2/dependencies/install/include/WPEFramework/messaging/TextMessage.h", "pattern": "/^        TextMessage(const string& text)$/", "language": "C++", "kind": "function", "signature": "(const string & text)", "scope": "WPEFramework::Messaging::TextMessage", "scopeKind": "class"}, {"_type": "tag", "name": "TextMessage", "path": "/home/kavia/workspace/code-generation/app-gateway2/dependencies/install/include/WPEFramework/messaging/TextMessage.h", "pattern": "/^    class EXTERNAL TextMessage : public Core::Messaging::IEvent {$/", "language": "C++", "kind": "class", "scope": "WPEFramework::Messaging", "scopeKind": "namespace"}, {"_type": "tag", "name": "WPEFramework", "path": "/home/kavia/workspace/code-generation/app-gateway2/dependencies/install/include/WPEFramework/messaging/TextMessage.h", "pattern": "/^namespace WPEFramework {$/", "language": "C++", "kind": "namespace"}, {"_type": "tag", "name": "_text", "path": "/home/kavia/workspace/code-generation/app-gateway2/dependencies/install/include/WPEFramework/messaging/TextMessage.h", "pattern": "/^        string _text;$/", "language": "C++", "typeref": "typename:string", "kind": "member", "scope": "WPEFramework::Messaging::TextMessage", "scopeKind": "class"}], "hash": "a43ac08ae8bfb5b14b49203ccc6881b4", "format-version": 4, "code-base-name": "app-gateway2", "filename": "dependencies/install/include/WPEFramework/messaging/TextMessage.h", "fields": [{"name": "string _text", "scope": "WPEFramework::Messaging::TextMessage", "scopeKind": "class", "description": "unavailable"}], "revision_history": [{"17029": "0f87a35b32215bc8547fb583d6c84bd51f603f69"}]}