{"is_source_file": true, "format": "C++ header", "description": "This file defines template classes and constants for Ethernet, IPv4, TCP, and UDP frame handling within the WPEFramework core module. It includes frame structure manipulation, checksum calculation, and address handling for network packets.", "external_files": ["<net/ipheaders.h>", "<netinet/ip.h>", "<netinet/udp.h>", "<netinet/tcp.h>", "Module.h", "Portability.h", "NodeId.h"], "external_methods": ["memset", "memcpy", "htons", "ntohs", "ntohl", "::min"], "published": ["EthernetFrameType", "IPv4FrameType", "TCPv4FrameType", "UDPv4FrameType"], "classes": [{"name": "EthernetFrameType", "description": "Template class representing an Ethernet frame with methods to load and access MAC addresses and payload."}, {"name": "IPv4FrameType", "description": "Template class representing an IPv4 packet with header fields, validation, and source/destination address handling."}, {"name": "TCPv4FrameType", "description": "Template class for TCP over IPv4 frames, extending IPv4FrameType with TCP-specific fields."}, {"name": "UDPv4FrameType", "description": "Template class for UDP over IPv4 frames, extending IPv4FrameType with UDP-specific fields and checksum validation."}], "methods": [{"name": "uint16_t Load(const uint8_t buffer[],const uint16_t size)", "description": "Loads data into the frame buffer and returns the number of bytes copied.", "scope": "WPEFramework::Core::UDPv4FrameType", "scopeKind": "class"}, {"name": "NodeId Source() const", "description": "Gets or sets the source address (NodeId) in the IPv4 or transport layer headers.", "scope": "WPEFramework::Core::UDPv4FrameType", "scopeKind": "class"}, {"name": "NodeId Destination() const", "description": "Gets or sets the destination address (NodeId) in the IPv4 or transport layer headers.", "scope": "WPEFramework::Core::UDPv4FrameType", "scopeKind": "class"}, {"name": "uint16_t Checksum() const", "description": "Calculates the checksum for headers and data segments.", "scope": "WPEFramework::Core::UDPv4FrameType", "scopeKind": "class"}, {"name": "bool IsValid() const", "description": "Validates the IPv4 frame integrity by checking protocol and checksum.", "scope": "WPEFramework::Core::IPv4FrameType", "scopeKind": "class"}, {"name": "uint16_t Length() const", "description": "Gets or sets the length of the payload.", "scope": "WPEFramework::Core::UDPv4FrameType", "scopeKind": "class"}, {"name": "const uint8_t * Frame() const", "description": "Provides access to the frame payload portion.", "scope": "WPEFramework::Core::UDPv4FrameType", "scopeKind": "class"}, {"name": "uint32_t Checksum(const uint32_t startValue,const uint16_t data[],const uint16_t lengthInBytes) const", "scope": "WPEFramework::Core::IPv4FrameType", "scopeKind": "class", "description": "unavailable"}, {"name": "const uint8_t * Data() const", "scope": "WPEFramework::Core::EthernetFrameType", "scopeKind": "class", "description": "unavailable"}, {"name": "void Destination(const NodeId & node)", "scope": "WPEFramework::Core::UDPv4FrameType", "scopeKind": "class", "description": "unavailable"}, {"name": "const uint8_t * DestinationMAC() const", "scope": "WPEFramework::Core::EthernetFrameType", "scopeKind": "class", "description": "unavailable"}, {"name": "void DestinationMAC(const uint8_t MACAddress[])", "scope": "WPEFramework::Core::EthernetFrameType", "scopeKind": "class", "description": "unavailable"}, {"name": "uint16_t DestinationPort() const", "scope": "WPEFramework::Core::UDPv4FrameType", "scopeKind": "class", "description": "unavailable"}, {"name": "void DestinationPort(const uint16_t port)", "scope": "WPEFramework::Core::UDPv4FrameType", "scopeKind": "class", "description": "unavailable"}, {"name": "EthernetFrameType()", "scope": "WPEFramework::Core::EthernetFrameType", "scopeKind": "class", "description": "unavailable"}, {"name": "uint8_t * Frame()", "scope": "WPEFramework::Core::UDPv4FrameType", "scopeKind": "class", "description": "unavailable"}, {"name": "IPv4FrameType()", "scope": "WPEFramework::Core::IPv4FrameType", "scopeKind": "class", "description": "unavailable"}, {"name": "IPv4FrameType(const NodeId & source,const NodeId & destination)", "scope": "WPEFramework::Core::IPv4FrameType", "scopeKind": "class", "description": "unavailable"}, {"name": "void Length(const uint16_t length)", "scope": "WPEFramework::Core::UDPv4FrameType", "scopeKind": "class", "description": "unavailable"}, {"name": "uint8_t Protocol() const", "scope": "WPEFramework::Core::IPv4FrameType", "scopeKind": "class", "description": "unavailable"}, {"name": "uint16_t Shrink(const uint32_t value) const", "scope": "WPEFramework::Core::IPv4FrameType", "scopeKind": "class", "description": "unavailable"}, {"name": "uint16_t Size() const", "scope": "WPEFramework::Core::IPv4FrameType", "scopeKind": "class", "description": "unavailable"}, {"name": "void Source(const NodeId & node)", "scope": "WPEFramework::Core::UDPv4FrameType", "scopeKind": "class", "description": "unavailable"}, {"name": "const uint8_t * SourceMAC() const", "scope": "WPEFramework::Core::EthernetFrameType", "scopeKind": "class", "description": "unavailable"}, {"name": "void SourceMAC(const uint8_t MACAddress[])", "scope": "WPEFramework::Core::EthernetFrameType", "scopeKind": "class", "description": "unavailable"}, {"name": "uint16_t SourcePort() const", "scope": "WPEFramework::Core::UDPv4FrameType", "scopeKind": "class", "description": "unavailable"}, {"name": "void SourcePort(const uint16_t port)", "scope": "WPEFramework::Core::UDPv4FrameType", "scopeKind": "class", "description": "unavailable"}, {"name": "TCPv4FrameType()", "scope": "WPEFramework::Core::TCPv4FrameType", "scopeKind": "class", "description": "unavailable"}, {"name": "TCPv4FrameType(const NodeId & source,const NodeId & destination)", "scope": "WPEFramework::Core::TCPv4FrameType", "scopeKind": "class", "description": "unavailable"}, {"name": "uint8_t TTL() const", "scope": "WPEFramework::Core::IPv4FrameType", "scopeKind": "class", "description": "unavailable"}, {"name": "void TTL(const uint8_t ttl)", "scope": "WPEFramework::Core::IPv4FrameType", "scopeKind": "class", "description": "unavailable"}, {"name": "UDPv4FrameType()", "scope": "WPEFramework::Core::UDPv4FrameType", "scopeKind": "class", "description": "unavailable"}, {"name": "UDPv4FrameType(const NodeId & source,const NodeId & destination)", "scope": "WPEFramework::Core::UDPv4FrameType", "scopeKind": "class", "description": "unavailable"}, {"name": "uint8_t Version() const", "scope": "WPEFramework::Core::IPv4FrameType", "scopeKind": "class", "description": "unavailable"}], "calls": ["memset", "memcpy", "htons", "ntohs", "ntohl", "Checksum"], "search-terms": ["IPv4FrameType", "TCPv4FrameType", "UDPv4FrameType", "EthernetFrameSize", "HeaderSize", "FrameSize"], "state": 2, "file_id": 8635, "knowledge_revision": 17342, "git_revision": "0f87a35b32215bc8547fb583d6c84bd51f603f69", "ctags": [{"_type": "tag", "name": "Base", "path": "/home/kavia/workspace/code-generation/app-gateway2/dependencies/install/include/WPEFramework/core/IPFrame.h", "pattern": "/^        using Base = EthernetFrameType<SIZE + sizeof(iphdr)>;$/", "language": "C++", "kind": "typedef", "scope": "WPEFramework::Core::IPv4FrameType", "scopeKind": "class"}, {"_type": "tag", "name": "Base", "path": "/home/kavia/workspace/code-generation/app-gateway2/dependencies/install/include/WPEFramework/core/IPFrame.h", "pattern": "/^        using Base = IPv4FrameType<PROTOCOL, SIZE + sizeof(tcphdr)>;$/", "language": "C++", "kind": "typedef", "scope": "WPEFramework::Core::TCPv4FrameType", "scopeKind": "class"}, {"_type": "tag", "name": "Base", "path": "/home/kavia/workspace/code-generation/app-gateway2/dependencies/install/include/WPEFramework/core/IPFrame.h", "pattern": "/^        using Base = IPv4FrameType<PROTOCOL, SIZE + sizeof(udphdr)>;$/", "language": "C++", "kind": "typedef", "scope": "WPEFramework::Core::UDPv4FrameType", "scopeKind": "class"}, {"_type": "tag", "name": "Checksum", "path": "/home/kavia/workspace/code-generation/app-gateway2/dependencies/install/include/WPEFramework/core/IPFrame.h", "pattern": "/^        uint16_t Checksum() const {$/", "language": "C++", "typeref": "typename:uint16_t", "kind": "function", "signature": "() const", "scope": "WPEFramework::Core::IPv4FrameType", "scopeKind": "class"}, {"_type": "tag", "name": "Checksum", "path": "/home/kavia/workspace/code-generation/app-gateway2/dependencies/install/include/WPEFramework/core/IPFrame.h", "pattern": "/^        uint16_t Checksum() const {$/", "language": "C++", "typeref": "typename:uint16_t", "kind": "function", "signature": "() const", "scope": "WPEFramework::Core::UDPv4FrameType", "scopeKind": "class"}, {"_type": "tag", "name": "Checksum", "path": "/home/kavia/workspace/code-generation/app-gateway2/dependencies/install/include/WPEFramework/core/IPFrame.h", "pattern": "/^        uint32_t Checksum(const uint32_t startValue, const uint16_t data[], const uint16_t lengt/", "language": "C++", "typeref": "typename:uint32_t", "kind": "function", "signature": "(const uint32_t startValue,const uint16_t data[],const uint16_t lengthInBytes) const", "scope": "WPEFramework::Core::IPv4FrameType", "scopeKind": "class"}, {"_type": "tag", "name": "Core", "path": "/home/kavia/workspace/code-generation/app-gateway2/dependencies/install/include/WPEFramework/core/IPFrame.h", "pattern": "/^namespace Core {$/", "language": "C++", "kind": "namespace", "scope": "WPEFramework", "scopeKind": "namespace"}, {"_type": "tag", "name": "Data", "path": "/home/kavia/workspace/code-generation/app-gateway2/dependencies/install/include/WPEFramework/core/IPFrame.h", "pattern": "/^        const uint8_t* Data() const {$/", "language": "C++", "typeref": "typename:const uint8_t *", "kind": "function", "signature": "() const", "scope": "WPEFramework::Core::EthernetFrameType", "scopeKind": "class"}, {"_type": "tag", "name": "Destination", "path": "/home/kavia/workspace/code-generation/app-gateway2/dependencies/install/include/WPEFramework/core/IPFrame.h", "pattern": "/^        inline NodeId Destination() const {$/", "language": "C++", "typeref": "typename:NodeId", "kind": "function", "signature": "() const", "scope": "WPEFramework::Core::IPv4FrameType", "scopeKind": "class"}, {"_type": "tag", "name": "Destination", "path": "/home/kavia/workspace/code-generation/app-gateway2/dependencies/install/include/WPEFramework/core/IPFrame.h", "pattern": "/^        inline NodeId Destination() const {$/", "language": "C++", "typeref": "typename:NodeId", "kind": "function", "signature": "() const", "scope": "WPEFramework::Core::TCPv4FrameType", "scopeKind": "class"}, {"_type": "tag", "name": "Destination", "path": "/home/kavia/workspace/code-generation/app-gateway2/dependencies/install/include/WPEFramework/core/IPFrame.h", "pattern": "/^        inline NodeId Destination() const {$/", "language": "C++", "typeref": "typename:NodeId", "kind": "function", "signature": "() const", "scope": "WPEFramework::Core::UDPv4FrameType", "scopeKind": "class"}, {"_type": "tag", "name": "Destination", "path": "/home/kavia/workspace/code-generation/app-gateway2/dependencies/install/include/WPEFramework/core/IPFrame.h", "pattern": "/^        inline void Destination(const NodeId& node) {$/", "language": "C++", "typeref": "typename:void", "kind": "function", "signature": "(const NodeId & node)", "scope": "WPEFramework::Core::IPv4FrameType", "scopeKind": "class"}, {"_type": "tag", "name": "Destination", "path": "/home/kavia/workspace/code-generation/app-gateway2/dependencies/install/include/WPEFramework/core/IPFrame.h", "pattern": "/^        inline void Destination(const NodeId& node) {$/", "language": "C++", "typeref": "typename:void", "kind": "function", "signature": "(const NodeId & node)", "scope": "WPEFramework::Core::TCPv4FrameType", "scopeKind": "class"}, {"_type": "tag", "name": "Destination", "path": "/home/kavia/workspace/code-generation/app-gateway2/dependencies/install/include/WPEFramework/core/IPFrame.h", "pattern": "/^        inline void Destination(const NodeId& node) {$/", "language": "C++", "typeref": "typename:void", "kind": "function", "signature": "(const NodeId & node)", "scope": "WPEFramework::Core::UDPv4FrameType", "scopeKind": "class"}, {"_type": "tag", "name": "DestinationMAC", "path": "/home/kavia/workspace/code-generation/app-gateway2/dependencies/install/include/WPEFramework/core/IPFrame.h", "pattern": "/^        const uint8_t* DestinationMAC() const {$/", "language": "C++", "typeref": "typename:const uint8_t *", "kind": "function", "signature": "() const", "scope": "WPEFramework::Core::EthernetFrameType", "scopeKind": "class"}, {"_type": "tag", "name": "DestinationMAC", "path": "/home/kavia/workspace/code-generation/app-gateway2/dependencies/install/include/WPEFramework/core/IPFrame.h", "pattern": "/^        void DestinationMAC(const uint8_t MACAddress[]) {$/", "language": "C++", "typeref": "typename:void", "kind": "function", "signature": "(const uint8_t MACAddress[])", "scope": "WPEFramework::Core::EthernetFrameType", "scopeKind": "class"}, {"_type": "tag", "name": "DestinationPort", "path": "/home/kavia/workspace/code-generation/app-gateway2/dependencies/install/include/WPEFramework/core/IPFrame.h", "pattern": "/^        inline uint16_t DestinationPort() const {$/", "language": "C++", "typeref": "typename:uint16_t", "kind": "function", "signature": "() const", "scope": "WPEFramework::Core::UDPv4FrameType", "scopeKind": "class"}, {"_type": "tag", "name": "DestinationPort", "path": "/home/kavia/workspace/code-generation/app-gateway2/dependencies/install/include/WPEFramework/core/IPFrame.h", "pattern": "/^        inline void DestinationPort(const uint16_t port) {$/", "language": "C++", "typeref": "typename:void", "kind": "function", "signature": "(const uint16_t port)", "scope": "WPEFramework::Core::UDPv4FrameType", "scopeKind": "class"}, {"_type": "tag", "name": "EthernetFrameSize", "path": "/home/kavia/workspace/code-generation/app-gateway2/dependencies/install/include/WPEFramework/core/IPFrame.h", "pattern": "/^    static constexpr uint16_t EthernetFrameSize = 14;$/", "language": "C++", "typeref": "typename:uint16_t", "kind": "variable", "scope": "WPEFramework::Core", "scopeKind": "namespace"}, {"_type": "tag", "name": "EthernetFrameType", "path": "/home/kavia/workspace/code-generation/app-gateway2/dependencies/install/include/WPEFramework/core/IPFrame.h", "pattern": "/^        EthernetFrameType() {$/", "language": "C++", "kind": "function", "signature": "()", "scope": "WPEFramework::Core::EthernetFrameType", "scopeKind": "class"}, {"_type": "tag", "name": "EthernetFrameType", "path": "/home/kavia/workspace/code-generation/app-gateway2/dependencies/install/include/WPEFramework/core/IPFrame.h", "pattern": "/^    class EthernetFrameType {$/", "language": "C++", "kind": "class", "scope": "WPEFramework::Core", "scopeKind": "namespace"}, {"_type": "tag", "name": "Frame", "path": "/home/kavia/workspace/code-generation/app-gateway2/dependencies/install/include/WPEFramework/core/IPFrame.h", "pattern": "/^        const uint8_t* Frame() const {$/", "language": "C++", "typeref": "typename:const uint8_t *", "kind": "function", "signature": "() const", "scope": "WPEFramework::Core::EthernetFrameType", "scopeKind": "class"}, {"_type": "tag", "name": "Frame", "path": "/home/kavia/workspace/code-generation/app-gateway2/dependencies/install/include/WPEFramework/core/IPFrame.h", "pattern": "/^        const uint8_t* Frame() const {$/", "language": "C++", "typeref": "typename:const uint8_t *", "kind": "function", "signature": "() const", "scope": "WPEFramework::Core::IPv4FrameType", "scopeKind": "class"}, {"_type": "tag", "name": "Frame", "path": "/home/kavia/workspace/code-generation/app-gateway2/dependencies/install/include/WPEFramework/core/IPFrame.h", "pattern": "/^        const uint8_t* Frame() const {$/", "language": "C++", "typeref": "typename:const uint8_t *", "kind": "function", "signature": "() const", "scope": "WPEFramework::Core::TCPv4FrameType", "scopeKind": "class"}, {"_type": "tag", "name": "Frame", "path": "/home/kavia/workspace/code-generation/app-gateway2/dependencies/install/include/WPEFramework/core/IPFrame.h", "pattern": "/^        const uint8_t* Frame() const {$/", "language": "C++", "typeref": "typename:const uint8_t *", "kind": "function", "signature": "() const", "scope": "WPEFramework::Core::UDPv4FrameType", "scopeKind": "class"}, {"_type": "tag", "name": "Frame", "path": "/home/kavia/workspace/code-generation/app-gateway2/dependencies/install/include/WPEFramework/core/IPFrame.h", "pattern": "/^        uint8_t* Frame() {$/", "language": "C++", "typeref": "typename:uint8_t *", "kind": "function", "signature": "()", "scope": "WPEFramework::Core::EthernetFrameType", "scopeKind": "class"}, {"_type": "tag", "name": "Frame", "path": "/home/kavia/workspace/code-generation/app-gateway2/dependencies/install/include/WPEFramework/core/IPFrame.h", "pattern": "/^        uint8_t* Frame() {$/", "language": "C++", "typeref": "typename:uint8_t *", "kind": "function", "signature": "()", "scope": "WPEFramework::Core::IPv4FrameType", "scopeKind": "class"}, {"_type": "tag", "name": "Frame", "path": "/home/kavia/workspace/code-generation/app-gateway2/dependencies/install/include/WPEFramework/core/IPFrame.h", "pattern": "/^        uint8_t* Frame() {$/", "language": "C++", "typeref": "typename:uint8_t *", "kind": "function", "signature": "()", "scope": "WPEFramework::Core::TCPv4FrameType", "scopeKind": "class"}, {"_type": "tag", "name": "Frame", "path": "/home/kavia/workspace/code-generation/app-gateway2/dependencies/install/include/WPEFramework/core/IPFrame.h", "pattern": "/^        uint8_t* Frame() {$/", "language": "C++", "typeref": "typename:uint8_t *", "kind": "function", "signature": "()", "scope": "WPEFramework::Core::UDPv4FrameType", "scopeKind": "class"}, {"_type": "tag", "name": "FrameSize", "path": "/home/kavia/workspace/code-generation/app-gateway2/dependencies/install/include/WPEFramework/core/IPFrame.h", "pattern": "/^        static constexpr uint16_t FrameSize = SIZE;$/", "language": "C++", "typeref": "typename:uint16_t", "kind": "member", "scope": "WPEFramework::Core::EthernetFrameType", "scopeKind": "class"}, {"_type": "tag", "name": "FrameSize", "path": "/home/kavia/workspace/code-generation/app-gateway2/dependencies/install/include/WPEFramework/core/IPFrame.h", "pattern": "/^        static constexpr uint16_t FrameSize = SIZE;$/", "language": "C++", "typeref": "typename:uint16_t", "kind": "member", "scope": "WPEFramework::Core::IPv4FrameType", "scopeKind": "class"}, {"_type": "tag", "name": "FrameSize", "path": "/home/kavia/workspace/code-generation/app-gateway2/dependencies/install/include/WPEFramework/core/IPFrame.h", "pattern": "/^        static constexpr uint16_t FrameSize = SIZE;$/", "language": "C++", "typeref": "typename:uint16_t", "kind": "member", "scope": "WPEFramework::Core::TCPv4FrameType", "scopeKind": "class"}, {"_type": "tag", "name": "FrameSize", "path": "/home/kavia/workspace/code-generation/app-gateway2/dependencies/install/include/WPEFramework/core/IPFrame.h", "pattern": "/^        static constexpr uint16_t FrameSize = SIZE;$/", "language": "C++", "typeref": "typename:uint16_t", "kind": "member", "scope": "WPEFramework::Core::UDPv4FrameType", "scopeKind": "class"}, {"_type": "tag", "name": "HeaderSize", "path": "/home/kavia/workspace/code-generation/app-gateway2/dependencies/install/include/WPEFramework/core/IPFrame.h", "pattern": "/^        static constexpr uint16_t HeaderSize = EthernetFrameSize;$/", "language": "C++", "typeref": "typename:uint16_t", "kind": "member", "scope": "WPEFramework::Core::EthernetFrameType", "scopeKind": "class"}, {"_type": "tag", "name": "HeaderSize", "path": "/home/kavia/workspace/code-generation/app-gateway2/dependencies/install/include/WPEFramework/core/IPFrame.h", "pattern": "/^        static constexpr uint16_t HeaderSize = IPv4FrameSize;$/", "language": "C++", "typeref": "typename:uint16_t", "kind": "member", "scope": "WPEFramework::Core::IPv4FrameType", "scopeKind": "class"}, {"_type": "tag", "name": "HeaderSize", "path": "/home/kavia/workspace/code-generation/app-gateway2/dependencies/install/include/WPEFramework/core/IPFrame.h", "pattern": "/^        static constexpr uint16_t HeaderSize = TCPv4FrameSize;$/", "language": "C++", "typeref": "typename:uint16_t", "kind": "member", "scope": "WPEFramework::Core::TCPv4FrameType", "scopeKind": "class"}, {"_type": "tag", "name": "HeaderSize", "path": "/home/kavia/workspace/code-generation/app-gateway2/dependencies/install/include/WPEFramework/core/IPFrame.h", "pattern": "/^        static constexpr uint16_t HeaderSize = UDPv4FrameSize;$/", "language": "C++", "typeref": "typename:uint16_t", "kind": "member", "scope": "WPEFramework::Core::UDPv4FrameType", "scopeKind": "class"}, {"_type": "tag", "name": "IPV4_VERSION", "path": "/home/kavia/workspace/code-generation/app-gateway2/dependencies/install/include/WPEFramework/core/IPFrame.h", "pattern": "/^        static constexpr uint8_t IPV4_VERSION = 4;$/", "language": "C++", "typeref": "typename:uint8_t", "kind": "member", "scope": "WPEFramework::Core::IPv4FrameType", "scopeKind": "class"}, {"_type": "tag", "name": "IPv4FrameSize", "path": "/home/kavia/workspace/code-generation/app-gateway2/dependencies/install/include/WPEFramework/core/IPFrame.h", "pattern": "/^    static constexpr uint16_t IPv4FrameSize = sizeof(iphdr);$/", "language": "C++", "typeref": "typename:uint16_t", "kind": "variable", "scope": "WPEFramework::Core", "scopeKind": "namespace"}, {"_type": "tag", "name": "IPv4FrameType", "path": "/home/kavia/workspace/code-generation/app-gateway2/dependencies/install/include/WPEFramework/core/IPFrame.h", "pattern": "/^        IPv4FrameType() : Base() {$/", "language": "C++", "kind": "function", "signature": "()", "scope": "WPEFramework::Core::IPv4FrameType", "scopeKind": "class"}, {"_type": "tag", "name": "IPv4FrameType", "path": "/home/kavia/workspace/code-generation/app-gateway2/dependencies/install/include/WPEFramework/core/IPFrame.h", "pattern": "/^        IPv4FrameType(const NodeId& source, const NodeId& destination) : IPv4FrameType() {$/", "language": "C++", "kind": "function", "signature": "(const NodeId & source,const NodeId & destination)", "scope": "WPEFramework::Core::IPv4FrameType", "scopeKind": "class"}, {"_type": "tag", "name": "IPv4FrameType", "path": "/home/kavia/workspace/code-generation/app-gateway2/dependencies/install/include/WPEFramework/core/IPFrame.h", "pattern": "/^    class IPv4FrameType : public EthernetFrameType<SIZE + sizeof(iphdr)> {$/", "language": "C++", "kind": "class", "scope": "WPEFramework::Core", "scopeKind": "namespace"}, {"_type": "tag", "name": "IsValid", "path": "/home/kavia/workspace/code-generation/app-gateway2/dependencies/install/include/WPEFramework/core/IPFrame.h", "pattern": "/^        bool IsValid() const {$/", "language": "C++", "typeref": "typename:bool", "kind": "function", "signature": "() const", "scope": "WPEFramework::Core::UDPv4FrameType", "scopeKind": "class"}, {"_type": "tag", "name": "IsValid", "path": "/home/kavia/workspace/code-generation/app-gateway2/dependencies/install/include/WPEFramework/core/IPFrame.h", "pattern": "/^       bool IsValid() const {$/", "language": "C++", "typeref": "typename:bool", "kind": "function", "signature": "() const", "scope": "WPEFramework::Core::IPv4FrameType", "scopeKind": "class"}, {"_type": "tag", "name": "Length", "path": "/home/kavia/workspace/code-generation/app-gateway2/dependencies/install/include/WPEFramework/core/IPFrame.h", "pattern": "/^        inline uint16_t Length() const {$/", "language": "C++", "typeref": "typename:uint16_t", "kind": "function", "signature": "() const", "scope": "WPEFramework::Core::IPv4FrameType", "scopeKind": "class"}, {"_type": "tag", "name": "Length", "path": "/home/kavia/workspace/code-generation/app-gateway2/dependencies/install/include/WPEFramework/core/IPFrame.h", "pattern": "/^        inline void Length(const uint16_t length) {$/", "language": "C++", "typeref": "typename:void", "kind": "function", "signature": "(const uint16_t length)", "scope": "WPEFramework::Core::IPv4FrameType", "scopeKind": "class"}, {"_type": "tag", "name": "Length", "path": "/home/kavia/workspace/code-generation/app-gateway2/dependencies/install/include/WPEFramework/core/IPFrame.h", "pattern": "/^        uint16_t Length() const {$/", "language": "C++", "typeref": "typename:uint16_t", "kind": "function", "signature": "() const", "scope": "WPEFramework::Core::UDPv4FrameType", "scopeKind": "class"}, {"_type": "tag", "name": "Length", "path": "/home/kavia/workspace/code-generation/app-gateway2/dependencies/install/include/WPEFramework/core/IPFrame.h", "pattern": "/^        void Length(const uint16_t length) {$/", "language": "C++", "typeref": "typename:void", "kind": "function", "signature": "(const uint16_t length)", "scope": "WPEFramework::Core::UDPv4FrameType", "scopeKind": "class"}, {"_type": "tag", "name": "Load", "path": "/home/kavia/workspace/code-generation/app-gateway2/dependencies/install/include/WPEFramework/core/IPFrame.h", "pattern": "/^        uint16_t Load(const uint8_t buffer[], const uint16_t size) {$/", "language": "C++", "typeref": "typename:uint16_t", "kind": "function", "signature": "(const uint8_t buffer[],const uint16_t size)", "scope": "WPEFramework::Core::EthernetFrameType", "scopeKind": "class"}, {"_type": "tag", "name": "Load", "path": "/home/kavia/workspace/code-generation/app-gateway2/dependencies/install/include/WPEFramework/core/IPFrame.h", "pattern": "/^        uint16_t Load(const uint8_t buffer[], const uint16_t size) {$/", "language": "C++", "typeref": "typename:uint16_t", "kind": "function", "signature": "(const uint8_t buffer[],const uint16_t size)", "scope": "WPEFramework::Core::IPv4FrameType", "scopeKind": "class"}, {"_type": "tag", "name": "Load", "path": "/home/kavia/workspace/code-generation/app-gateway2/dependencies/install/include/WPEFramework/core/IPFrame.h", "pattern": "/^        uint16_t Load(const uint8_t buffer[], const uint16_t size) {$/", "language": "C++", "typeref": "typename:uint16_t", "kind": "function", "signature": "(const uint8_t buffer[],const uint16_t size)", "scope": "WPEFramework::Core::TCPv4FrameType", "scopeKind": "class"}, {"_type": "tag", "name": "Load", "path": "/home/kavia/workspace/code-generation/app-gateway2/dependencies/install/include/WPEFramework/core/IPFrame.h", "pattern": "/^        uint16_t Load(const uint8_t buffer[], const uint16_t size) {$/", "language": "C++", "typeref": "typename:uint16_t", "kind": "function", "signature": "(const uint8_t buffer[],const uint16_t size)", "scope": "WPEFramework::Core::UDPv4FrameType", "scopeKind": "class"}, {"_type": "tag", "name": "MACSize", "path": "/home/kavia/workspace/code-generation/app-gateway2/dependencies/install/include/WPEFramework/core/IPFrame.h", "pattern": "/^        static constexpr uint16_t MACSize = 6;$/", "language": "C++", "typeref": "typename:uint16_t", "kind": "member", "scope": "WPEFramework::Core::EthernetFrameType", "scopeKind": "class"}, {"_type": "tag", "name": "Protocol", "path": "/home/kavia/workspace/code-generation/app-gateway2/dependencies/install/include/WPEFramework/core/IPFrame.h", "pattern": "/^        uint8_t Protocol() const {$/", "language": "C++", "typeref": "typename:uint8_t", "kind": "function", "signature": "() const", "scope": "WPEFramework::Core::IPv4FrameType", "scopeKind": "class"}, {"_type": "tag", "name": "Shrink", "path": "/home/kavia/workspace/code-generation/app-gateway2/dependencies/install/include/WPEFramework/core/IPFrame.h", "pattern": "/^        uint16_t Shrink(const uint32_t value) const {$/", "language": "C++", "typeref": "typename:uint16_t", "kind": "function", "signature": "(const uint32_t value) const", "scope": "WPEFramework::Core::IPv4FrameType", "scopeKind": "class"}, {"_type": "tag", "name": "Size", "path": "/home/kavia/workspace/code-generation/app-gateway2/dependencies/install/include/WPEFramework/core/IPFrame.h", "pattern": "/^        inline uint16_t Size() const {$/", "language": "C++", "typeref": "typename:uint16_t", "kind": "function", "signature": "() const", "scope": "WPEFramework::Core::IPv4FrameType", "scopeKind": "class"}, {"_type": "tag", "name": "Source", "path": "/home/kavia/workspace/code-generation/app-gateway2/dependencies/install/include/WPEFramework/core/IPFrame.h", "pattern": "/^        inline NodeId Source() const {$/", "language": "C++", "typeref": "typename:NodeId", "kind": "function", "signature": "() const", "scope": "WPEFramework::Core::IPv4FrameType", "scopeKind": "class"}, {"_type": "tag", "name": "Source", "path": "/home/kavia/workspace/code-generation/app-gateway2/dependencies/install/include/WPEFramework/core/IPFrame.h", "pattern": "/^        inline NodeId Source() const {$/", "language": "C++", "typeref": "typename:NodeId", "kind": "function", "signature": "() const", "scope": "WPEFramework::Core::TCPv4FrameType", "scopeKind": "class"}, {"_type": "tag", "name": "Source", "path": "/home/kavia/workspace/code-generation/app-gateway2/dependencies/install/include/WPEFramework/core/IPFrame.h", "pattern": "/^        inline NodeId Source() const {$/", "language": "C++", "typeref": "typename:NodeId", "kind": "function", "signature": "() const", "scope": "WPEFramework::Core::UDPv4FrameType", "scopeKind": "class"}, {"_type": "tag", "name": "Source", "path": "/home/kavia/workspace/code-generation/app-gateway2/dependencies/install/include/WPEFramework/core/IPFrame.h", "pattern": "/^        inline void Source(const NodeId& node) {$/", "language": "C++", "typeref": "typename:void", "kind": "function", "signature": "(const NodeId & node)", "scope": "WPEFramework::Core::IPv4FrameType", "scopeKind": "class"}, {"_type": "tag", "name": "Source", "path": "/home/kavia/workspace/code-generation/app-gateway2/dependencies/install/include/WPEFramework/core/IPFrame.h", "pattern": "/^        inline void Source(const NodeId& node) {$/", "language": "C++", "typeref": "typename:void", "kind": "function", "signature": "(const NodeId & node)", "scope": "WPEFramework::Core::TCPv4FrameType", "scopeKind": "class"}, {"_type": "tag", "name": "Source", "path": "/home/kavia/workspace/code-generation/app-gateway2/dependencies/install/include/WPEFramework/core/IPFrame.h", "pattern": "/^        inline void Source(const NodeId& node) {$/", "language": "C++", "typeref": "typename:void", "kind": "function", "signature": "(const NodeId & node)", "scope": "WPEFramework::Core::UDPv4FrameType", "scopeKind": "class"}, {"_type": "tag", "name": "SourceMAC", "path": "/home/kavia/workspace/code-generation/app-gateway2/dependencies/install/include/WPEFramework/core/IPFrame.h", "pattern": "/^        const uint8_t* SourceMAC() const {$/", "language": "C++", "typeref": "typename:const uint8_t *", "kind": "function", "signature": "() const", "scope": "WPEFramework::Core::EthernetFrameType", "scopeKind": "class"}, {"_type": "tag", "name": "SourceMAC", "path": "/home/kavia/workspace/code-generation/app-gateway2/dependencies/install/include/WPEFramework/core/IPFrame.h", "pattern": "/^        void SourceMAC(const uint8_t MACAddress[]) {$/", "language": "C++", "typeref": "typename:void", "kind": "function", "signature": "(const uint8_t MACAddress[])", "scope": "WPEFramework::Core::EthernetFrameType", "scopeKind": "class"}, {"_type": "tag", "name": "SourcePort", "path": "/home/kavia/workspace/code-generation/app-gateway2/dependencies/install/include/WPEFramework/core/IPFrame.h", "pattern": "/^        inline uint16_t SourcePort() const {$/", "language": "C++", "typeref": "typename:uint16_t", "kind": "function", "signature": "() const", "scope": "WPEFramework::Core::UDPv4FrameType", "scopeKind": "class"}, {"_type": "tag", "name": "SourcePort", "path": "/home/kavia/workspace/code-generation/app-gateway2/dependencies/install/include/WPEFramework/core/IPFrame.h", "pattern": "/^        inline void SourcePort(const uint16_t port) {$/", "language": "C++", "typeref": "typename:void", "kind": "function", "signature": "(const uint16_t port)", "scope": "WPEFramework::Core::UDPv4FrameType", "scopeKind": "class"}, {"_type": "tag", "name": "TCPv4FrameSize", "path": "/home/kavia/workspace/code-generation/app-gateway2/dependencies/install/include/WPEFramework/core/IPFrame.h", "pattern": "/^    static constexpr uint16_t TCPv4FrameSize = sizeof(tcphdr);$/", "language": "C++", "typeref": "typename:uint16_t", "kind": "variable", "scope": "WPEFramework::Core", "scopeKind": "namespace"}, {"_type": "tag", "name": "TCPv4FrameType", "path": "/home/kavia/workspace/code-generation/app-gateway2/dependencies/install/include/WPEFramework/core/IPFrame.h", "pattern": "/^        TCPv4FrameType() : Base() {$/", "language": "C++", "kind": "function", "signature": "()", "scope": "WPEFramework::Core::TCPv4FrameType", "scopeKind": "class"}, {"_type": "tag", "name": "TCPv4FrameType", "path": "/home/kavia/workspace/code-generation/app-gateway2/dependencies/install/include/WPEFramework/core/IPFrame.h", "pattern": "/^        TCPv4FrameType(const NodeId& source, const NodeId& destination) : Base(source, destinati/", "language": "C++", "kind": "function", "signature": "(const NodeId & source,const NodeId & destination)", "scope": "WPEFramework::Core::TCPv4FrameType", "scopeKind": "class"}, {"_type": "tag", "name": "TCPv4FrameType", "path": "/home/kavia/workspace/code-generation/app-gateway2/dependencies/install/include/WPEFramework/core/IPFrame.h", "pattern": "/^    class TCPv4FrameType : public IPv4FrameType<PROTOCOL, SIZE + sizeof(tcphdr)> {$/", "language": "C++", "kind": "class", "scope": "WPEFramework::Core", "scopeKind": "namespace"}, {"_type": "tag", "name": "TTL", "path": "/home/kavia/workspace/code-generation/app-gateway2/dependencies/install/include/WPEFramework/core/IPFrame.h", "pattern": "/^        inline uint8_t TTL() const {$/", "language": "C++", "typeref": "typename:uint8_t", "kind": "function", "signature": "() const", "scope": "WPEFramework::Core::IPv4FrameType", "scopeKind": "class"}, {"_type": "tag", "name": "TTL", "path": "/home/kavia/workspace/code-generation/app-gateway2/dependencies/install/include/WPEFramework/core/IPFrame.h", "pattern": "/^        inline void TTL(const uint8_t ttl) {$/", "language": "C++", "typeref": "typename:void", "kind": "function", "signature": "(const uint8_t ttl)", "scope": "WPEFramework::Core::IPv4FrameType", "scopeKind": "class"}, {"_type": "tag", "name": "UDPv4FrameSize", "path": "/home/kavia/workspace/code-generation/app-gateway2/dependencies/install/include/WPEFramework/core/IPFrame.h", "pattern": "/^    static constexpr uint16_t UDPv4FrameSize = sizeof(udphdr);$/", "language": "C++", "typeref": "typename:uint16_t", "kind": "variable", "scope": "WPEFramework::Core", "scopeKind": "namespace"}, {"_type": "tag", "name": "UDPv4FrameType", "path": "/home/kavia/workspace/code-generation/app-gateway2/dependencies/install/include/WPEFramework/core/IPFrame.h", "pattern": "/^        UDPv4FrameType() : Base() {$/", "language": "C++", "kind": "function", "signature": "()", "scope": "WPEFramework::Core::UDPv4FrameType", "scopeKind": "class"}, {"_type": "tag", "name": "UDPv4FrameType", "path": "/home/kavia/workspace/code-generation/app-gateway2/dependencies/install/include/WPEFramework/core/IPFrame.h", "pattern": "/^        UDPv4FrameType(const NodeId& source, const NodeId& destination) : Base(source, destinati/", "language": "C++", "kind": "function", "signature": "(const NodeId & source,const NodeId & destination)", "scope": "WPEFramework::Core::UDPv4FrameType", "scopeKind": "class"}, {"_type": "tag", "name": "UDPv4FrameType", "path": "/home/kavia/workspace/code-generation/app-gateway2/dependencies/install/include/WPEFramework/core/IPFrame.h", "pattern": "/^    class UDPv4FrameType : public IPv4FrameType<PROTOCOL, SIZE + sizeof(udphdr)> {$/", "language": "C++", "kind": "class", "scope": "WPEFramework::Core", "scopeKind": "namespace"}, {"_type": "tag", "name": "Version", "path": "/home/kavia/workspace/code-generation/app-gateway2/dependencies/install/include/WPEFramework/core/IPFrame.h", "pattern": "/^        inline uint8_t Version() const {$/", "language": "C++", "typeref": "typename:uint8_t", "kind": "function", "signature": "() const", "scope": "WPEFramework::Core::IPv4FrameType", "scopeKind": "class"}, {"_type": "tag", "name": "WPEFramework", "path": "/home/kavia/workspace/code-generation/app-gateway2/dependencies/install/include/WPEFramework/core/IPFrame.h", "pattern": "/^namespace WPEFramework {$/", "language": "C++", "kind": "namespace"}, {"_type": "tag", "name": "_buffer", "path": "/home/kavia/workspace/code-generation/app-gateway2/dependencies/install/include/WPEFramework/core/IPFrame.h", "pattern": "/^        uint8_t _buffer[SIZE + HeaderSize];$/", "language": "C++", "typeref": "typename:uint8_t[]", "kind": "member", "scope": "WPEFramework::Core::EthernetFrameType", "scopeKind": "class"}], "hash": "4ac3147d6ac1798e05d5b3ff8bb30b1f", "format-version": 4, "code-base-name": "app-gateway2", "filename": "dependencies/install/include/WPEFramework/core/IPFrame.h", "fields": [{"name": "uint16_t EthernetFrameSize", "scope": "WPEFramework::Core", "scopeKind": "namespace", "description": "unavailable"}, {"name": "uint16_t FrameSize", "scope": "WPEFramework::Core::EthernetFrameType", "scopeKind": "class", "description": "unavailable"}, {"name": "uint16_t HeaderSize", "scope": "WPEFramework::Core::EthernetFrameType", "scopeKind": "class", "description": "unavailable"}, {"name": "uint8_t IPV4_VERSION", "scope": "WPEFramework::Core::IPv4FrameType", "scopeKind": "class", "description": "unavailable"}, {"name": "uint16_t IPv4FrameSize", "scope": "WPEFramework::Core", "scopeKind": "namespace", "description": "unavailable"}, {"name": "uint16_t MACSize", "scope": "WPEFramework::Core::EthernetFrameType", "scopeKind": "class", "description": "unavailable"}, {"name": "uint16_t TCPv4FrameSize", "scope": "WPEFramework::Core", "scopeKind": "namespace", "description": "unavailable"}, {"name": "uint16_t UDPv4FrameSize", "scope": "WPEFramework::Core", "scopeKind": "namespace", "description": "unavailable"}, {"name": "uint8_t[] _buffer", "scope": "WPEFramework::Core::EthernetFrameType", "scopeKind": "class", "description": "unavailable"}], "revision_history": [{"17342": "0f87a35b32215bc8547fb583d6c84bd51f603f69"}]}