{"is_source_file": true, "format": "C", "description": "This file defines the interface and data structures for AES encryption in the mbed TLS library. It includes macros for configuration, function prototypes for initializing, setting keys, and performing encryption/decryption in various modes, as well as the AES context structure.", "external_files": ["stddef.h", "stdint.h"], "external_methods": [], "published": ["mbedtls_aes_context", "mbedtls_aes_init", "mbedtls_aes_free", "mbedtls_aes_setkey_enc", "mbedtls_aes_setkey_dec", "mbedtls_aes_crypt_ecb", "mbedtls_aes_crypt_cbc", "mbedtls_aes_crypt_cfb128", "mbedtls_aes_crypt_cfb8", "mbedtls_aes_crypt_ctr", "mbedtls_aes_crypt_ofb", "mbedtls_aes_encrypt", "mbedtls_aes_decrypt", "mbedtls_aes_self_test"], "classes": [], "methods": [{"name": "mbedtls_aes_init", "description": "Initializes the AES context structure to prepare for encryption or decryption operations."}, {"name": "mbedtls_aes_free", "description": "Clears and frees any resources associated with the AES context."}, {"name": "mbedtls_aes_setkey_enc", "description": "Sets up the AES context with the encryption key and schedules the round keys for encryption."}, {"name": "mbedtls_aes_setkey_dec", "description": "Sets up the AES context with the decryption key and schedules the round keys for decryption."}, {"name": "mbedtls_aes_crypt_ecb", "description": "Performs ECB mode encryption or decryption on a 16-byte block."}, {"name": "mbedtls_aes_crypt_cbc", "description": "Performs CBC mode encryption or decryption on data buffers, length should be multiple of 16 bytes."}, {"name": "mbedtls_aes_crypt_cfb128", "description": "Performs CFB-128 mode encryption/decryption on data buffers."}, {"name": "mbedtls_aes_crypt_cfb8", "description": "Performs CFB-8 mode encryption/decryption on data buffers."}, {"name": "mbedtls_aes_crypt_ctr", "description": "Performs CTR mode encryption/decryption on data buffers."}, {"name": "mbedtls_aes_crypt_ofb", "description": "Performs OFB mode encryption/decryption on data buffers."}, {"name": "mbedtls_aes_encrypt", "description": "Encrypts a single 16-byte block using the AES context."}, {"name": "mbedtls_aes_decrypt", "description": "Decrypts a single 16-byte block using the AES context."}, {"name": "mbedtls_aes_self_test", "description": "Performs self-test routines to verify the correctness of the AES implementation."}], "calls": ["mbedtls_aes_init", "mbedtls_aes_free", "mbedtls_aes_setkey_enc", "mbedtls_aes_setkey_dec", "mbedtls_aes_crypt_ecb", "mbedtls_aes_crypt_cbc", "mbedtls_aes_crypt_cfb128", "mbedtls_aes_crypt_cfb8", "mbedtls_aes_crypt_ctr", "mbedtls_aes_crypt_ofb", "mbedtls_aes_encrypt", "mbedtls_aes_decrypt"], "search-terms": ["AES", "mbedtls_aes", "AESType", "AESImplementation"], "state": 2, "file_id": 8340, "knowledge_revision": 17054, "git_revision": "0f87a35b32215bc8547fb583d6c84bd51f603f69", "ctags": [{"_type": "tag", "name": "MBEDTLS_AES_DECRYPT", "path": "/home/kavia/workspace/code-generation/app-gateway2/dependencies/install/include/WPEFramework/cryptalgo/AESImplementation.h", "pattern": "/^#define MBEDTLS_AES_DECRYPT /", "language": "C++", "kind": "macro"}, {"_type": "tag", "name": "MBEDTLS_AES_ENCRYPT", "path": "/home/kavia/workspace/code-generation/app-gateway2/dependencies/install/include/WPEFramework/cryptalgo/AESImplementation.h", "pattern": "/^#define MBEDTLS_AES_ENCRYPT /", "language": "C++", "kind": "macro"}, {"_type": "tag", "name": "MBEDTLS_AES_H", "path": "/home/kavia/workspace/code-generation/app-gateway2/dependencies/install/include/WPEFramework/cryptalgo/AESImplementation.h", "pattern": "/^#define MBEDTLS_AES_H$/", "language": "C++", "kind": "macro"}, {"_type": "tag", "name": "MBEDTLS_AES_ROM_TABLES", "path": "/home/kavia/workspace/code-generation/app-gateway2/dependencies/install/include/WPEFramework/cryptalgo/AESImplementation.h", "pattern": "/^#define MBEDTLS_AES_ROM_TABLES$/", "language": "C++", "kind": "macro"}, {"_type": "tag", "name": "MBEDTLS_CIPHER_MODE_CBC", "path": "/home/kavia/workspace/code-generation/app-gateway2/dependencies/install/include/WPEFramework/cryptalgo/AESImplementation.h", "pattern": "/^#define MBEDTLS_CIPHER_MODE_CBC$/", "language": "C++", "kind": "macro"}, {"_type": "tag", "name": "MBEDTLS_CIPHER_MODE_CFB", "path": "/home/kavia/workspace/code-generation/app-gateway2/dependencies/install/include/WPEFramework/cryptalgo/AESImplementation.h", "pattern": "/^#define MBEDTLS_CIPHER_MODE_CFB$/", "language": "C++", "kind": "macro"}, {"_type": "tag", "name": "MBEDTLS_CIPHER_MODE_OFB", "path": "/home/kavia/workspace/code-generation/app-gateway2/dependencies/install/include/WPEFramework/cryptalgo/AESImplementation.h", "pattern": "/^#define MBEDTLS_CIPHER_MODE_OFB$/", "language": "C++", "kind": "macro"}, {"_type": "tag", "name": "MBEDTLS_ERR_AES_INVALID_INPUT_LENGTH", "path": "/home/kavia/workspace/code-generation/app-gateway2/dependencies/install/include/WPEFramework/cryptalgo/AESImplementation.h", "pattern": "/^#define MBEDTLS_ERR_AES_INVALID_INPUT_LENGTH /", "language": "C++", "kind": "macro"}, {"_type": "tag", "name": "MBEDTLS_ERR_AES_INVALID_KEY_LENGTH", "path": "/home/kavia/workspace/code-generation/app-gateway2/dependencies/install/include/WPEFramework/cryptalgo/AESImplementation.h", "pattern": "/^#define MBEDTLS_ERR_AES_INVALID_KEY_LENGTH /", "language": "C++", "kind": "macro"}, {"_type": "tag", "name": "__anonee31e5fa0108", "path": "/home/kavia/workspace/code-generation/app-gateway2/dependencies/install/include/WPEFramework/cryptalgo/AESImplementation.h", "pattern": "/^{$/", "language": "C++", "kind": "struct"}, {"_type": "tag", "name": "buf", "path": "/home/kavia/workspace/code-generation/app-gateway2/dependencies/install/include/WPEFramework/cryptalgo/AESImplementation.h", "pattern": "/^    uint32_t buf[68]; \\/*!<  unaligned data    *\\/$/", "language": "C++", "typeref": "typename:uint32_t[68]", "kind": "member", "scope": "__anonee31e5fa0108", "scopeKind": "struct"}, {"_type": "tag", "name": "mbedtls_aes_context", "path": "/home/kavia/workspace/code-generation/app-gateway2/dependencies/install/include/WPEFramework/cryptalgo/AESImplementation.h", "pattern": "/^} mbedtls_aes_context;$/", "language": "C++", "typeref": "struct:__anonee31e5fa0108", "kind": "typedef"}, {"_type": "tag", "name": "nr", "path": "/home/kavia/workspace/code-generation/app-gateway2/dependencies/install/include/WPEFramework/cryptalgo/AESImplementation.h", "pattern": "/^    int nr; \\/*!<  number of rounds  *\\/$/", "language": "C++", "typeref": "typename:int", "kind": "member", "scope": "__anonee31e5fa0108", "scopeKind": "struct"}, {"_type": "tag", "name": "rk", "path": "/home/kavia/workspace/code-generation/app-gateway2/dependencies/install/include/WPEFramework/cryptalgo/AESImplementation.h", "pattern": "/^    uint32_t* rk; \\/*!<  AES round keys    *\\/$/", "language": "C++", "typeref": "typename:uint32_t *", "kind": "member", "scope": "__anonee31e5fa0108", "scopeKind": "struct"}], "hash": "130a3784d36b6ea42fdf8d93ac4e2643", "format-version": 4, "code-base-name": "app-gateway2", "filename": "dependencies/install/include/WPEFramework/cryptalgo/AESImplementation.h", "fields": [{"name": "uint32_t[68] buf", "scope": "__anonee31e5fa0108", "scopeKind": "struct", "description": "unavailable"}, {"name": "int nr", "scope": "__anonee31e5fa0108", "scopeKind": "struct", "description": "unavailable"}, {"name": "uint32_t * rk", "scope": "__anonee31e5fa0108", "scopeKind": "struct", "description": "unavailable"}], "revision_history": [{"17054": "0f87a35b32215bc8547fb583d6c84bd51f603f69"}]}