{"is_source_file": true, "format": "C++", "description": "This file defines interfaces and a template class for synchronous communication channels within the WPEFramework's Core namespace. It includes interface definitions for outbound and inbound message handling, and implements a generic SynchronousChannelType class that manages message serialization, deserialization, sending, receiving, and state management for any CHANNEL type.", "external_files": ["Module.h"], "external_methods": ["Core::Time::Now()", "Core::Time::Add()", "Core::Time::Ticks()"], "published": ["WPEFramework::Core::IOutbound", "WPEFramework::Core::IInbound", "WPEFramework::Core::SynchronousChannelType"], "classes": [{"name": "IOutbound", "description": "Interface representing outbound messages that can be serialized and reloaded."}, {"name": "IInbound", "description": "Interface representing inbound message responses that can be deserialized and checked for completion."}, {"name": "SynchronousChannelType", "description": "A template class that implements a synchronous message channel over a specified CHANNEL type, managing message queues and state transitions."}], "methods": [{"name": "uint32_t Exchange(const uint32_t waitTime,const IOutbound & message)", "description": "Sends a message and waits for its completion or timeout.", "scope": "WPEFramework::Core::SynchronousChannelType", "scopeKind": "class"}, {"name": "Exchange with response", "description": "Sends a message and provides a response object for handling incoming response data."}, {"name": "void Revoke(const IOutbound & message)", "description": "Removes a message from the queue, optionally triggering callbacks with an aborted error.", "scope": "WPEFramework::Core::SynchronousChannelType", "scopeKind": "class"}, {"name": "int Handle() const", "description": "Returns a descriptor for resource management.", "scope": "WPEFramework::Core::SynchronousChannelType", "scopeKind": "class"}, {"name": "void StateChange()", "description": "Overrides to respond to state changes and trigger reevaluation.", "scope": "WPEFramework::Core::SynchronousChannelType", "scopeKind": "class"}, {"name": "Deserialize", "description": "Pure virtual function to be implemented for deserializing incoming data."}, {"name": "uint16_t SendData(uint8_t * dataFrame,const uint16_t maxSendSize)", "description": "Serializes and sends outgoing data, managing message states.", "scope": "WPEFramework::Core::SynchronousChannelType", "scopeKind": "class"}, {"name": "uint16_t ReceiveData(uint8_t * dataFrame,const uint16_t availableData)", "description": "Processes incoming data, deserializes responses, and manages message queue.", "scope": "WPEFramework::Core::SynchronousChannelType", "scopeKind": "class"}, {"name": "IOutbound::ICallback * Callback() const", "scope": "WPEFramework::Core::SynchronousChannelType::Frame", "scopeKind": "class", "description": "unavailable"}, {"name": "bool CanBeRemoved() const", "scope": "WPEFramework::Core::SynchronousChannelType::Frame", "scopeKind": "class", "description": "unavailable"}, {"name": "void Cleanup()", "scope": "WPEFramework::Core::SynchronousChannelType", "scopeKind": "class", "description": "unavailable"}, {"name": "uint32_t Completed(const Frame & request,const uint32_t allowedTime)", "scope": "WPEFramework::Core::SynchronousChannelType", "scopeKind": "class", "description": "unavailable"}, {"name": "uint32_t Exchange(const uint32_t waitTime,const IOutbound & message,IInbound & response)", "scope": "WPEFramework::Core::SynchronousChannelType", "scopeKind": "class", "description": "unavailable"}, {"name": "Frame(const IOutbound & message,IInbound * response)", "scope": "WPEFramework::Core::SynchronousChannelType::Frame", "scopeKind": "class", "description": "unavailable"}, {"name": "Frame(const IOutbound & message,IInbound * response,IOutbound::ICallback * callback,const uint32_t waitTime)", "scope": "WPEFramework::Core::SynchronousChannelType::Frame", "scopeKind": "class", "description": "unavailable"}, {"name": "const IInbound * Inbound() const", "scope": "WPEFramework::Core::SynchronousChannelType::Frame", "scopeKind": "class", "description": "unavailable"}, {"name": "bool IsComplete() const", "scope": "WPEFramework::Core::SynchronousChannelType::Frame", "scopeKind": "class", "description": "unavailable"}, {"name": "bool IsExpired() const", "scope": "WPEFramework::Core::SynchronousChannelType::Frame", "scopeKind": "class", "description": "unavailable"}, {"name": "bool IsSend() const", "scope": "WPEFramework::Core::SynchronousChannelType::Frame", "scopeKind": "class", "description": "unavailable"}, {"name": "const IOutbound & Outbound() const", "scope": "WPEFramework::Core::SynchronousChannelType::Frame", "scopeKind": "class", "description": "unavailable"}, {"name": "void Reevaluate()", "scope": "WPEFramework::Core::SynchronousChannelType", "scopeKind": "class", "description": "unavailable"}, {"name": "void Send(const uint32_t waitTime,const IOutbound & message,IOutbound::ICallback * callback,IInbound * response)", "scope": "WPEFramework::Core::SynchronousChannelType", "scopeKind": "class", "description": "unavailable"}, {"name": "SynchronousChannelType(Args...args)", "scope": "WPEFramework::Core::SynchronousChannelType", "scopeKind": "class", "description": "unavailable"}, {"name": "bool operator !=(const IOutbound & message) const", "scope": "WPEFramework::Core::SynchronousChannelType::Frame", "scopeKind": "class", "description": "unavailable"}, {"name": "bool operator ==(const IOutbound & message) const", "scope": "WPEFramework::Core::SynchronousChannelType::Frame", "scopeKind": "class", "description": "unavailable"}, {"name": "~Frame()", "scope": "WPEFramework::Core::SynchronousChannelType::Frame", "scopeKind": "class", "description": "unavailable"}, {"name": "~SynchronousChannelType()", "scope": "WPEFramework::Core::SynchronousChannelType", "scopeKind": "class", "description": "unavailable"}], "calls": ["Core::Time::Now()", "Core::Time::Add()", "Core::Time::Ticks()", "CHANNEL::Trigger()", "CHANNEL::Close()", "CHANNEL::IsOpen()", "CHANNEL::Descriptor()"], "search-terms": ["SynchronousChannel", "IOutbound", "IInbound", "Frame", "template <typename CHANNEL>", "Reevaluate", "Cleanup", "Exchange", "Deserialize", "SendData", "ReceiveData"], "state": 2, "file_id": 8614, "knowledge_revision": 17328, "git_revision": "0f87a35b32215bc8547fb583d6c84bd51f603f69", "ctags": [{"_type": "tag", "name": "COMPLETE", "path": "/home/kavia/workspace/code-generation/app-gateway2/dependencies/install/include/WPEFramework/core/SynchronousChannel.h", "pattern": "/^                COMPLETE = 0x02$/", "language": "C++", "kind": "enumerator", "scope": "WPEFramework::Core::SynchronousChannelType::Frame::state", "scopeKind": "enum"}, {"_type": "tag", "name": "COMPLETED", "path": "/home/kavia/workspace/code-generation/app-gateway2/dependencies/install/include/WPEFramework/core/SynchronousChannel.h", "pattern": "/^            COMPLETED$/", "language": "C++", "kind": "enumerator", "scope": "WPEFramework::Core::IInbound::state", "scopeKind": "enum"}, {"_type": "tag", "name": "Callback", "path": "/home/kavia/workspace/code-generation/app-gateway2/dependencies/install/include/WPEFramework/core/SynchronousChannel.h", "pattern": "/^            IOutbound::ICallback* Callback() const$/", "language": "C++", "typeref": "typename:IOutbound::ICallback *", "kind": "function", "signature": "() const", "scope": "WPEFramework::Core::SynchronousChannelType::Frame", "scopeKind": "class"}, {"_type": "tag", "name": "CanBeRemoved", "path": "/home/kavia/workspace/code-generation/app-gateway2/dependencies/install/include/WPEFramework/core/SynchronousChannel.h", "pattern": "/^            bool CanBeRemoved() const$/", "language": "C++", "typeref": "typename:bool", "kind": "function", "signature": "() const", "scope": "WPEFramework::Core::SynchronousChannelType::Frame", "scopeKind": "class"}, {"_type": "tag", "name": "Cleanup", "path": "/home/kavia/workspace/code-generation/app-gateway2/dependencies/install/include/WPEFramework/core/SynchronousChannel.h", "pattern": "/^        void Cleanup()$/", "language": "C++", "typeref": "typename:void", "kind": "function", "signature": "()", "scope": "WPEFramework::Core::SynchronousChannelType", "scopeKind": "class"}, {"_type": "tag", "name": "Completed", "path": "/home/kavia/workspace/code-generation/app-gateway2/dependencies/install/include/WPEFramework/core/SynchronousChannel.h", "pattern": "/^        uint32_t Completed(const Frame& request, const uint32_t allowedTime)$/", "language": "C++", "typeref": "typename:uint32_t", "kind": "function", "signature": "(const Frame & request,const uint32_t allowedTime)", "scope": "WPEFramework::Core::SynchronousChannelType", "scopeKind": "class"}, {"_type": "tag", "name": "Core", "path": "/home/kavia/workspace/code-generation/app-gateway2/dependencies/install/include/WPEFramework/core/SynchronousChannel.h", "pattern": "/^namespace Core {$/", "language": "C++", "kind": "namespace", "scope": "WPEFramework", "scopeKind": "namespace"}, {"_type": "tag", "name": "Exchange", "path": "/home/kavia/workspace/code-generation/app-gateway2/dependencies/install/include/WPEFramework/core/SynchronousChannel.h", "pattern": "/^        uint32_t Exchange(const uint32_t waitTime, const IOutbound& message)$/", "language": "C++", "typeref": "typename:uint32_t", "kind": "function", "signature": "(const uint32_t waitTime,const IOutbound & message)", "scope": "WPEFramework::Core::SynchronousChannelType", "scopeKind": "class"}, {"_type": "tag", "name": "Exchange", "path": "/home/kavia/workspace/code-generation/app-gateway2/dependencies/install/include/WPEFramework/core/SynchronousChannel.h", "pattern": "/^        uint32_t Exchange(const uint32_t waitTime, const IOutbound& message, IInbound& response)$/", "language": "C++", "typeref": "typename:uint32_t", "kind": "function", "signature": "(const uint32_t waitTime,const IOutbound & message,IInbound & response)", "scope": "WPEFramework::Core::SynchronousChannelType", "scopeKind": "class"}, {"_type": "tag", "name": "Frame", "path": "/home/kavia/workspace/code-generation/app-gateway2/dependencies/install/include/WPEFramework/core/SynchronousChannel.h", "pattern": "/^            Frame(const IOutbound& message, IInbound* response)$/", "language": "C++", "kind": "function", "signature": "(const IOutbound & message,IInbound * response)", "scope": "WPEFramework::Core::SynchronousChannelType::Frame", "scopeKind": "class"}, {"_type": "tag", "name": "Frame", "path": "/home/kavia/workspace/code-generation/app-gateway2/dependencies/install/include/WPEFramework/core/SynchronousChannel.h", "pattern": "/^            Frame(const IOutbound& message, IInbound* response, IOutbound::ICallback* callback, /", "language": "C++", "kind": "function", "signature": "(const IOutbound & message,IInbound * response,IOutbound::ICallback * callback,const uint32_t waitTime)", "scope": "WPEFramework::Core::SynchronousChannelType::Frame", "scopeKind": "class"}, {"_type": "tag", "name": "Frame", "path": "/home/kavia/workspace/code-generation/app-gateway2/dependencies/install/include/WPEFramework/core/SynchronousChannel.h", "pattern": "/^        class Frame {$/", "language": "C++", "kind": "class", "scope": "WPEFramework::Core::SynchronousChannelType", "scopeKind": "class"}, {"_type": "tag", "name": "Handle", "path": "/home/kavia/workspace/code-generation/app-gateway2/dependencies/install/include/WPEFramework/core/SynchronousChannel.h", "pattern": "/^        int Handle() const$/", "language": "C++", "typeref": "typename:int", "kind": "function", "signature": "() const", "scope": "WPEFramework::Core::SynchronousChannelType", "scopeKind": "class"}, {"_type": "tag", "name": "ICallback", "path": "/home/kavia/workspace/code-generation/app-gateway2/dependencies/install/include/WPEFramework/core/SynchronousChannel.h", "pattern": "/^        struct ICallback {$/", "language": "C++", "kind": "struct", "scope": "WPEFramework::Core::IOutbound", "scopeKind": "struct"}, {"_type": "tag", "name": "IDLE", "path": "/home/kavia/workspace/code-generation/app-gateway2/dependencies/install/include/WPEFramework/core/SynchronousChannel.h", "pattern": "/^                IDLE = 0x00,$/", "language": "C++", "kind": "enumerator", "scope": "WPEFramework::Core::SynchronousChannelType::Frame::state", "scopeKind": "enum"}, {"_type": "tag", "name": "IInbound", "path": "/home/kavia/workspace/code-generation/app-gateway2/dependencies/install/include/WPEFramework/core/SynchronousChannel.h", "pattern": "/^    struct IInbound {$/", "language": "C++", "kind": "struct", "scope": "WPEFramework::Core", "scopeKind": "namespace"}, {"_type": "tag", "name": "INBOUND", "path": "/home/kavia/workspace/code-generation/app-gateway2/dependencies/install/include/WPEFramework/core/SynchronousChannel.h", "pattern": "/^                INBOUND = 0x01,$/", "language": "C++", "kind": "enumerator", "scope": "WPEFramework::Core::SynchronousChannelType::Frame::state", "scopeKind": "enum"}, {"_type": "tag", "name": "INPROGRESS", "path": "/home/kavia/workspace/code-generation/app-gateway2/dependencies/install/include/WPEFramework/core/SynchronousChannel.h", "pattern": "/^            INPROGRESS,$/", "language": "C++", "kind": "enumerator", "scope": "WPEFramework::Core::IInbound::state", "scopeKind": "enum"}, {"_type": "tag", "name": "IOutbound", "path": "/home/kavia/workspace/code-generation/app-gateway2/dependencies/install/include/WPEFramework/core/SynchronousChannel.h", "pattern": "/^    struct IOutbound {$/", "language": "C++", "kind": "struct", "scope": "WPEFramework::Core", "scopeKind": "namespace"}, {"_type": "tag", "name": "Inbound", "path": "/home/kavia/workspace/code-generation/app-gateway2/dependencies/install/include/WPEFramework/core/SynchronousChannel.h", "pattern": "/^            const IInbound* Inbound() const$/", "language": "C++", "typeref": "typename:const IInbound *", "kind": "function", "signature": "() const", "scope": "WPEFramework::Core::SynchronousChannelType::Frame", "scopeKind": "class"}, {"_type": "tag", "name": "IsComplete", "path": "/home/kavia/workspace/code-generation/app-gateway2/dependencies/install/include/WPEFramework/core/SynchronousChannel.h", "pattern": "/^            bool IsComplete() const$/", "language": "C++", "typeref": "typename:bool", "kind": "function", "signature": "() const", "scope": "WPEFramework::Core::SynchronousChannelType::Frame", "scopeKind": "class"}, {"_type": "tag", "name": "IsExpired", "path": "/home/kavia/workspace/code-generation/app-gateway2/dependencies/install/include/WPEFramework/core/SynchronousChannel.h", "pattern": "/^            bool IsExpired() const$/", "language": "C++", "typeref": "typename:bool", "kind": "function", "signature": "() const", "scope": "WPEFramework::Core::SynchronousChannelType::Frame", "scopeKind": "class"}, {"_type": "tag", "name": "IsSend", "path": "/home/kavia/workspace/code-generation/app-gateway2/dependencies/install/include/WPEFramework/core/SynchronousChannel.h", "pattern": "/^            bool IsSend() const$/", "language": "C++", "typeref": "typename:bool", "kind": "function", "signature": "() const", "scope": "WPEFramework::Core::SynchronousChannelType::Frame", "scopeKind": "class"}, {"_type": "tag", "name": "Outbound", "path": "/home/kavia/workspace/code-generation/app-gateway2/dependencies/install/include/WPEFramework/core/SynchronousChannel.h", "pattern": "/^            const IOutbound& Outbound() const$/", "language": "C++", "typeref": "typename:const IOutbound &", "kind": "function", "signature": "() const", "scope": "WPEFramework::Core::SynchronousChannelType::Frame", "scopeKind": "class"}, {"_type": "tag", "name": "RESEND", "path": "/home/kavia/workspace/code-generation/app-gateway2/dependencies/install/include/WPEFramework/core/SynchronousChannel.h", "pattern": "/^            RESEND,$/", "language": "C++", "kind": "enumerator", "scope": "WPEFramework::Core::IInbound::state", "scopeKind": "enum"}, {"_type": "tag", "name": "ReceiveData", "path": "/home/kavia/workspace/code-generation/app-gateway2/dependencies/install/include/WPEFramework/core/SynchronousChannel.h", "pattern": "/^            uint16_t ReceiveData(uint8_t* dataFrame, const uint16_t availableData)$/", "language": "C++", "typeref": "typename:uint16_t", "kind": "function", "signature": "(uint8_t * dataFrame,const uint16_t availableData)", "scope": "WPEFramework::Core::SynchronousChannelType::Frame", "scopeKind": "class"}, {"_type": "tag", "name": "ReceiveData", "path": "/home/kavia/workspace/code-generation/app-gateway2/dependencies/install/include/WPEFramework/core/SynchronousChannel.h", "pattern": "/^        virtual uint16_t ReceiveData(uint8_t* dataFrame, const uint16_t availableData) override$/", "language": "C++", "typeref": "typename:uint16_t", "kind": "function", "signature": "(uint8_t * dataFrame,const uint16_t availableData)", "scope": "WPEFramework::Core::SynchronousChannelType", "scopeKind": "class"}, {"_type": "tag", "name": "Reevaluate", "path": "/home/kavia/workspace/code-generation/app-gateway2/dependencies/install/include/WPEFramework/core/SynchronousChannel.h", "pattern": "/^        void Reevaluate()$/", "language": "C++", "typeref": "typename:void", "kind": "function", "signature": "()", "scope": "WPEFramework::Core::SynchronousChannelType", "scopeKind": "class"}, {"_type": "tag", "name": "Revoke", "path": "/home/kavia/workspace/code-generation/app-gateway2/dependencies/install/include/WPEFramework/core/SynchronousChannel.h", "pattern": "/^        void Revoke(const IOutbound& message)$/", "language": "C++", "typeref": "typename:void", "kind": "function", "signature": "(const IOutbound & message)", "scope": "WPEFramework::Core::SynchronousChannelType", "scopeKind": "class"}, {"_type": "tag", "name": "Send", "path": "/home/kavia/workspace/code-generation/app-gateway2/dependencies/install/include/WPEFramework/core/SynchronousChannel.h", "pattern": "/^        void Send(const uint32_t waitTime, const IOutbound& message, IOutbound::ICallback* callb/", "language": "C++", "typeref": "typename:void", "kind": "function", "signature": "(const uint32_t waitTime,const IOutbound & message,IOutbound::ICallback * callback,IInbound * response)", "scope": "WPEFramework::Core::SynchronousChannelType", "scopeKind": "class"}, {"_type": "tag", "name": "SendData", "path": "/home/kavia/workspace/code-generation/app-gateway2/dependencies/install/include/WPEFramework/core/SynchronousChannel.h", "pattern": "/^            uint16_t SendData(uint8_t* dataFrame, const uint16_t maxSendSize)$/", "language": "C++", "typeref": "typename:uint16_t", "kind": "function", "signature": "(uint8_t * dataFrame,const uint16_t maxSendSize)", "scope": "WPEFramework::Core::SynchronousChannelType::Frame", "scopeKind": "class"}, {"_type": "tag", "name": "SendData", "path": "/home/kavia/workspace/code-generation/app-gateway2/dependencies/install/include/WPEFramework/core/SynchronousChannel.h", "pattern": "/^        virtual uint16_t SendData(uint8_t* dataFrame, const uint16_t maxSendSize) override$/", "language": "C++", "typeref": "typename:uint16_t", "kind": "function", "signature": "(uint8_t * dataFrame,const uint16_t maxSendSize)", "scope": "WPEFramework::Core::SynchronousChannelType", "scopeKind": "class"}, {"_type": "tag", "name": "StateChange", "path": "/home/kavia/workspace/code-generation/app-gateway2/dependencies/install/include/WPEFramework/core/SynchronousChannel.h", "pattern": "/^        virtual void StateChange() override$/", "language": "C++", "typeref": "typename:void", "kind": "function", "signature": "()", "scope": "WPEFramework::Core::SynchronousChannelType", "scopeKind": "class"}, {"_type": "tag", "name": "SynchronousChannelType", "path": "/home/kavia/workspace/code-generation/app-gateway2/dependencies/install/include/WPEFramework/core/SynchronousChannel.h", "pattern": "/^        SynchronousChannelType(Args... args)$/", "language": "C++", "kind": "function", "signature": "(Args...args)", "scope": "WPEFramework::Core::SynchronousChannelType", "scopeKind": "class"}, {"_type": "tag", "name": "SynchronousChannelType", "path": "/home/kavia/workspace/code-generation/app-gateway2/dependencies/install/include/WPEFramework/core/SynchronousChannel.h", "pattern": "/^    class SynchronousChannelType : public CHANNEL {$/", "language": "C++", "kind": "class", "scope": "WPEFramework::Core", "scopeKind": "namespace"}, {"_type": "tag", "name": "WPEFramework", "path": "/home/kavia/workspace/code-generation/app-gateway2/dependencies/install/include/WPEFramework/core/SynchronousChannel.h", "pattern": "/^namespace WPEFramework {$/", "language": "C++", "kind": "namespace"}, {"_type": "tag", "name": "_adminLock", "path": "/home/kavia/workspace/code-generation/app-gateway2/dependencies/install/include/WPEFramework/core/SynchronousChannel.h", "pattern": "/^        Core::CriticalSection _adminLock;$/", "language": "C++", "typeref": "typename:Core::CriticalSection", "kind": "member", "scope": "WPEFramework::Core::SynchronousChannelType", "scopeKind": "class"}, {"_type": "tag", "name": "_callback", "path": "/home/kavia/workspace/code-generation/app-gateway2/dependencies/install/include/WPEFramework/core/SynchronousChannel.h", "pattern": "/^            IOutbound::ICallback* _callback;$/", "language": "C++", "typeref": "typename:IOutbound::ICallback *", "kind": "member", "scope": "WPEFramework::Core::SynchronousChannelType::Frame", "scopeKind": "class"}, {"_type": "tag", "name": "_expired", "path": "/home/kavia/workspace/code-generation/app-gateway2/dependencies/install/include/WPEFramework/core/SynchronousChannel.h", "pattern": "/^            uint64_t _expired;$/", "language": "C++", "typeref": "typename:uint64_t", "kind": "member", "scope": "WPEFramework::Core::SynchronousChannelType::Frame", "scopeKind": "class"}, {"_type": "tag", "name": "_message", "path": "/home/kavia/workspace/code-generation/app-gateway2/dependencies/install/include/WPEFramework/core/SynchronousChannel.h", "pattern": "/^            const IOutbound& _message;$/", "language": "C++", "typeref": "typename:const IOutbound &", "kind": "member", "scope": "WPEFramework::Core::SynchronousChannelType::Frame", "scopeKind": "class"}, {"_type": "tag", "name": "_queue", "path": "/home/kavia/workspace/code-generation/app-gateway2/dependencies/install/include/WPEFramework/core/SynchronousChannel.h", "pattern": "/^        std::list<Frame> _queue;$/", "language": "C++", "typeref": "typename:std::list<Frame>", "kind": "member", "scope": "WPEFramework::Core::SynchronousChannelType", "scopeKind": "class"}, {"_type": "tag", "name": "_reevaluate", "path": "/home/kavia/workspace/code-generation/app-gateway2/dependencies/install/include/WPEFramework/core/SynchronousChannel.h", "pattern": "/^        Core::Event _reevaluate;$/", "language": "C++", "typeref": "typename:Core::Event", "kind": "member", "scope": "WPEFramework::Core::SynchronousChannelType", "scopeKind": "class"}, {"_type": "tag", "name": "_response", "path": "/home/kavia/workspace/code-generation/app-gateway2/dependencies/install/include/WPEFramework/core/SynchronousChannel.h", "pattern": "/^            IInbound* _response;$/", "language": "C++", "typeref": "typename:IInbound *", "kind": "member", "scope": "WPEFramework::Core::SynchronousChannelType::Frame", "scopeKind": "class"}, {"_type": "tag", "name": "_state", "path": "/home/kavia/workspace/code-generation/app-gateway2/dependencies/install/include/WPEFramework/core/SynchronousChannel.h", "pattern": "/^            state _state;$/", "language": "C++", "typeref": "typename:state", "kind": "member", "scope": "WPEFramework::Core::SynchronousChannelType::Frame", "scopeKind": "class"}, {"_type": "tag", "name": "_waitCount", "path": "/home/kavia/workspace/code-generation/app-gateway2/dependencies/install/include/WPEFramework/core/SynchronousChannel.h", "pattern": "/^        volatile std::atomic<uint32_t> _waitCount;$/", "language": "C++", "typeref": "typename:volatile std::atomic<uint32_t>", "kind": "member", "scope": "WPEFramework::Core::SynchronousChannelType", "scopeKind": "class"}, {"_type": "tag", "name": "operator !=", "path": "/home/kavia/workspace/code-generation/app-gateway2/dependencies/install/include/WPEFramework/core/SynchronousChannel.h", "pattern": "/^            bool operator!=(const IOutbound& message) const$/", "language": "C++", "typeref": "typename:bool", "kind": "function", "signature": "(const IOutbound & message) const", "scope": "WPEFramework::Core::SynchronousChannelType::Frame", "scopeKind": "class"}, {"_type": "tag", "name": "operator ==", "path": "/home/kavia/workspace/code-generation/app-gateway2/dependencies/install/include/WPEFramework/core/SynchronousChannel.h", "pattern": "/^            bool operator==(const IOutbound& message) const$/", "language": "C++", "typeref": "typename:bool", "kind": "function", "signature": "(const IOutbound & message) const", "scope": "WPEFramework::Core::SynchronousChannelType::Frame", "scopeKind": "class"}, {"_type": "tag", "name": "state", "path": "/home/kavia/workspace/code-generation/app-gateway2/dependencies/install/include/WPEFramework/core/SynchronousChannel.h", "pattern": "/^            enum state : uint8_t {$/", "language": "C++", "typeref": "typename:uint8_t", "kind": "enum", "scope": "WPEFramework::Core::SynchronousChannelType::Frame", "scopeKind": "class"}, {"_type": "tag", "name": "state", "path": "/home/kavia/workspace/code-generation/app-gateway2/dependencies/install/include/WPEFramework/core/SynchronousChannel.h", "pattern": "/^        enum state : uint8_t {$/", "language": "C++", "typeref": "typename:uint8_t", "kind": "enum", "scope": "WPEFramework::Core::IInbound", "scopeKind": "struct"}, {"_type": "tag", "name": "~Frame", "path": "/home/kavia/workspace/code-generation/app-gateway2/dependencies/install/include/WPEFramework/core/SynchronousChannel.h", "pattern": "/^            ~Frame()$/", "language": "C++", "kind": "function", "signature": "()", "scope": "WPEFramework::Core::SynchronousChannelType::Frame", "scopeKind": "class"}, {"_type": "tag", "name": "~SynchronousChannelType", "path": "/home/kavia/workspace/code-generation/app-gateway2/dependencies/install/include/WPEFramework/core/SynchronousChannel.h", "pattern": "/^        ~SynchronousChannelType() override$/", "language": "C++", "kind": "function", "signature": "()", "scope": "WPEFramework::Core::SynchronousChannelType", "scopeKind": "class"}], "hash": "0cc6b0982c7325ef0c09c92b9089b11a", "format-version": 4, "code-base-name": "app-gateway2", "filename": "dependencies/install/include/WPEFramework/core/SynchronousChannel.h", "fields": [{"name": "Core::CriticalSection _adminLock", "scope": "WPEFramework::Core::SynchronousChannelType", "scopeKind": "class", "description": "unavailable"}, {"name": "IOutbound::ICallback * _callback", "scope": "WPEFramework::Core::SynchronousChannelType::Frame", "scopeKind": "class", "description": "unavailable"}, {"name": "uint64_t _expired", "scope": "WPEFramework::Core::SynchronousChannelType::Frame", "scopeKind": "class", "description": "unavailable"}, {"name": "const IOutbound & _message", "scope": "WPEFramework::Core::SynchronousChannelType::Frame", "scopeKind": "class", "description": "unavailable"}, {"name": "std::list<Frame> _queue", "scope": "WPEFramework::Core::SynchronousChannelType", "scopeKind": "class", "description": "unavailable"}, {"name": "Core::Event _reevaluate", "scope": "WPEFramework::Core::SynchronousChannelType", "scopeKind": "class", "description": "unavailable"}, {"name": "IInbound * _response", "scope": "WPEFramework::Core::SynchronousChannelType::Frame", "scopeKind": "class", "description": "unavailable"}, {"name": "state _state", "scope": "WPEFramework::Core::SynchronousChannelType::Frame", "scopeKind": "class", "description": "unavailable"}, {"name": "volatile std::atomic<uint32_t> _waitCount", "scope": "WPEFramework::Core::SynchronousChannelType", "scopeKind": "class", "description": "unavailable"}], "revision_history": [{"17328": "0f87a35b32215bc8547fb583d6c84bd51f603f69"}]}