{"is_source_file": true, "format": "C++ header file", "description": "This file appears to be a header file defining interfaces related to JSON-RPC API for IOConnector, auto-generated and including dependencies on other header files.", "external_files": ["JsonData_IOConnector.h", "JIOConnector.h"], "external_methods": [], "published": [], "classes": [], "methods": [], "calls": [], "search-terms": ["IOConnector", "JSON-RPC", "generated", "json_IOConnector", "dependencies", "build", "header"], "state": 2, "file_id": 8857, "knowledge_revision": 18521, "git_revision": "a019ef1ecf9043a6387775f8d60762f619f4c761", "ctags": [], "hash": "6e84b3f0cd8888a2dcc6424992d35292", "format-version": 4, "code-base-name": "app-gateway2", "filename": "dependencies/build/ThunderInterfaces/definitions/generated/json_IOConnector.h", "revision_history": [{"18521": "a019ef1ecf9043a6387775f8d60762f619f4c761"}]}