{"is_source_file": true, "format": "C++ header", "description": "This file defines interfaces related to voice handling in the WPEFramework, including IVoiceProducer and IVoiceHandler, which are used for producing and handling audio data respectively.", "external_files": ["Module.h", "Core/IUnknown.h"], "external_methods": [], "published": ["WPEFramework::Exchange::IVoiceProducer", "WPEFramework::Exchange::IVoiceHandler"], "classes": [{"name": "IVoiceProducer", "description": "An interface for producing voice data streams with configurable profile settings, such as codec type, sample rate, and channels."}, {"name": "IVoiceHandler", "description": "An interface for handling voice data, including starting, stopping, and providing voice data segments."}], "methods": [{"name": "IVoiceProducer::IProfile::Codec", "description": "Returns the codec type used by the voice profile."}, {"name": "IVoiceProducer::IProfile::Channels", "description": "Returns the number of channels in the voice profile."}, {"name": "IVoiceProducer::IProfile::SampleRate", "description": "Returns the sample rate of the voice profile."}, {"name": "IVoiceProducer::IProfile::Resolution", "description": "Returns the resolution (bits per sample) of the voice profile."}, {"name": "IVoiceProducer::Name", "description": "Returns the name of the voice producer."}, {"name": "IVoiceProducer::Callback", "description": "Registers a callback handler for voice events."}, {"name": "IVoiceProducer::Error", "description": "Returns the last error encountered by the voice producer."}, {"name": "IVoiceProducer::MetaData", "description": "Provides metadata associated with the voice data."}, {"name": "IVoiceProducer::Configure", "description": "Configures the voice producer with specific settings."}, {"name": "IVoiceHandler::Start", "description": "Starts voice data handling using a specified profile."}, {"name": "IVoiceHandler::Stop", "description": "Stops voice data handling."}, {"name": "IVoiceHandler::Data", "description": "Provides a segment of voice data along with its sequence number."}], "calls": ["IVoiceHandler::Start", "IVoiceHandler::Stop", "IVoiceHandler::Data", "IVoiceProducer::Callback", "IVoiceProducer::Configure"], "search-terms": ["IVoiceHandler", "IVoiceProducer", "Voice data interface", "Audio profile", "Voice data callback", "Voice encoding"], "state": 2, "file_id": 8373, "knowledge_revision": 17090, "git_revision": "0f87a35b32215bc8547fb583d6c84bd51f603f69", "ctags": [{"_type": "tag", "name": "ADPCM", "path": "/home/kavia/workspace/code-generation/app-gateway2/dependencies/install/include/WPEFramework/interfaces/IVoiceHandler.h", "pattern": "/^                ADPCM$/", "language": "C++", "kind": "enumerator", "scope": "WPEFramework::Exchange::IVoiceProducer::IProfile::codec", "scopeKind": "enum"}, {"_type": "tag", "name": "Exchange", "path": "/home/kavia/workspace/code-generation/app-gateway2/dependencies/install/include/WPEFramework/interfaces/IVoiceHandler.h", "pattern": "/^namespace Exchange {$/", "language": "C++", "kind": "namespace", "scope": "WPEFramework", "scopeKind": "namespace"}, {"_type": "tag", "name": "ID", "path": "/home/kavia/workspace/code-generation/app-gateway2/dependencies/install/include/WPEFramework/interfaces/IVoiceHandler.h", "pattern": "/^            enum { ID = ID_VOICEPRODUCER_PROFILE };$/", "language": "C++", "kind": "enumerator", "scope": "WPEFramework::Exchange::IVoiceProducer::IProfile::__anon7fe688470203", "scopeKind": "enum"}, {"_type": "tag", "name": "ID", "path": "/home/kavia/workspace/code-generation/app-gateway2/dependencies/install/include/WPEFramework/interfaces/IVoiceHandler.h", "pattern": "/^        enum { ID = ID_VOICEHANDLER };$/", "language": "C++", "kind": "enumerator", "scope": "WPEFramework::Exchange::IVoiceHandler::__anon7fe688470303", "scopeKind": "enum"}, {"_type": "tag", "name": "ID", "path": "/home/kavia/workspace/code-generation/app-gateway2/dependencies/install/include/WPEFramework/interfaces/IVoiceHandler.h", "pattern": "/^        enum { ID = ID_VOICEPRODUCER };$/", "language": "C++", "kind": "enumerator", "scope": "WPEFramework::Exchange::IVoiceProducer::__anon7fe688470103", "scopeKind": "enum"}, {"_type": "tag", "name": "IProfile", "path": "/home/kavia/workspace/code-generation/app-gateway2/dependencies/install/include/WPEFramework/interfaces/IVoiceHandler.h", "pattern": "/^        struct EXTERNAL IProfile : virtual public Core::IUnknown {$/", "language": "C++", "kind": "struct", "scope": "WPEFramework::Exchange::IVoiceProducer", "scopeKind": "struct"}, {"_type": "tag", "name": "IVoiceHandler", "path": "/home/kavia/workspace/code-generation/app-gateway2/dependencies/install/include/WPEFramework/interfaces/IVoiceHandler.h", "pattern": "/^    struct EXTERNAL IVoiceHandler : virtual public Core::IUnknown {$/", "language": "C++", "kind": "struct", "scope": "WPEFramework::Exchange", "scopeKind": "namespace"}, {"_type": "tag", "name": "IVoiceHandler", "path": "/home/kavia/workspace/code-generation/app-gateway2/dependencies/install/include/WPEFramework/interfaces/IVoiceHandler.h", "pattern": "/^    struct EXTERNAL IVoiceHandler;$/", "language": "C++", "typeref": "struct:EXTERNAL", "kind": "variable", "scope": "WPEFramework::Exchange", "scopeKind": "namespace"}, {"_type": "tag", "name": "IVoiceProducer", "path": "/home/kavia/workspace/code-generation/app-gateway2/dependencies/install/include/WPEFramework/interfaces/IVoiceHandler.h", "pattern": "/^    struct EXTERNAL IVoiceProducer : virtual public Core::IUnknown {$/", "language": "C++", "kind": "struct", "scope": "WPEFramework::Exchange", "scopeKind": "namespace"}, {"_type": "tag", "name": "PCM", "path": "/home/kavia/workspace/code-generation/app-gateway2/dependencies/install/include/WPEFramework/interfaces/IVoiceHandler.h", "pattern": "/^                PCM,$/", "language": "C++", "kind": "enumerator", "scope": "WPEFramework::Exchange::IVoiceProducer::IProfile::codec", "scopeKind": "enum"}, {"_type": "tag", "name": "UNDEFINED", "path": "/home/kavia/workspace/code-generation/app-gateway2/dependencies/install/include/WPEFramework/interfaces/IVoiceHandler.h", "pattern": "/^                UNDEFINED = 0,$/", "language": "C++", "kind": "enumerator", "scope": "WPEFramework::Exchange::IVoiceProducer::IProfile::codec", "scopeKind": "enum"}, {"_type": "tag", "name": "WPEFramework", "path": "/home/kavia/workspace/code-generation/app-gateway2/dependencies/install/include/WPEFramework/interfaces/IVoiceHandler.h", "pattern": "/^namespace WPEFramework {$/", "language": "C++", "kind": "namespace"}, {"_type": "tag", "name": "__anon7fe688470103", "path": "/home/kavia/workspace/code-generation/app-gateway2/dependencies/install/include/WPEFramework/interfaces/IVoiceHandler.h", "pattern": "/^        enum { ID = ID_VOICEPRODUCER };$/", "language": "C++", "kind": "enum", "scope": "WPEFramework::Exchange::IVoiceProducer", "scopeKind": "struct"}, {"_type": "tag", "name": "__anon7fe688470203", "path": "/home/kavia/workspace/code-generation/app-gateway2/dependencies/install/include/WPEFramework/interfaces/IVoiceHandler.h", "pattern": "/^            enum { ID = ID_VOICEPRODUCER_PROFILE };$/", "language": "C++", "kind": "enum", "scope": "WPEFramework::Exchange::IVoiceProducer::IProfile", "scopeKind": "struct"}, {"_type": "tag", "name": "__anon7fe688470303", "path": "/home/kavia/workspace/code-generation/app-gateway2/dependencies/install/include/WPEFramework/interfaces/IVoiceHandler.h", "pattern": "/^        enum { ID = ID_VOICEHANDLER };$/", "language": "C++", "kind": "enum", "scope": "WPEFramework::Exchange::IVoiceHandler", "scopeKind": "struct"}, {"_type": "tag", "name": "codec", "path": "/home/kavia/workspace/code-generation/app-gateway2/dependencies/install/include/WPEFramework/interfaces/IVoiceHandler.h", "pattern": "/^            enum codec : uint8_t {$/", "language": "C++", "typeref": "typename:uint8_t", "kind": "enum", "scope": "WPEFramework::Exchange::IVoiceProducer::IProfile", "scopeKind": "struct"}], "hash": "6476499d9ad7bc599073fe4ec00f4348", "format-version": 4, "code-base-name": "app-gateway2", "filename": "dependencies/install/include/WPEFramework/interfaces/IVoiceHandler.h", "fields": [{"name": "struct:EXTERNAL IVoiceHandler", "scope": "WPEFramework::Exchange", "scopeKind": "namespace", "description": "unavailable"}], "revision_history": [{"17090": "0f87a35b32215bc8547fb583d6c84bd51f603f69"}]}