{"is_source_file": true, "format": "C++", "description": "Generated source file containing enumeration conversions for MessageControl API JSON-RPC interface, mapping enum values to string representations.", "external_files": ["<core/Enumerate.h>", "definitions.h", "<interfaces/IMessageControl.h>", "JsonData_MessageControl.h"], "external_methods": [], "published": ["Exchange::IMessageControl::messagetype"], "classes": [], "methods": [{"name": "ENUM_CONVERSION_BEGIN(Exchange::IMessageControl::messagetype)", "scope": "WPEFramework", "scopeKind": "namespace", "description": "unavailable"}], "calls": ["ENUM_CONVERSION_BEGIN", "ENUM_CONVERSION_END"], "search-terms": ["JsonEnum_MessageControl", "IMessageControl", "messagetype", "Enumeration", "Generated", "JSON-RPC"], "state": 2, "file_id": 9009, "knowledge_revision": 18674, "git_revision": "a019ef1ecf9043a6387775f8d60762f619f4c761", "ctags": [{"_type": "tag", "name": "ENUM_CONVERSION_BEGIN", "path": "/home/kavia/workspace/code-generation/app-gateway2/dependencies/build/ThunderInterfaces/definitions/generated/JsonEnum_MessageControl.cpp", "pattern": "/^ENUM_CONVERSION_BEGIN(Exchange::IMessageControl::messagetype)$/", "language": "C++", "kind": "function", "signature": "(Exchange::IMessageControl::messagetype)", "scope": "WPEFramework", "scopeKind": "namespace"}, {"_type": "tag", "name": "WPEFramework", "path": "/home/kavia/workspace/code-generation/app-gateway2/dependencies/build/ThunderInterfaces/definitions/generated/JsonEnum_MessageControl.cpp", "pattern": "/^namespace WPEFramework {$/", "file": true, "language": "C++", "kind": "namespace"}], "hash": "4b4c6fbfef1361db3fba5e082003fb96", "format-version": 4, "code-base-name": "app-gateway2", "filename": "dependencies/build/ThunderInterfaces/definitions/generated/JsonEnum_MessageControl.cpp", "revision_history": [{"18674": "a019ef1ecf9043a6387775f8d60762f619f4c761"}]}