{"is_source_file": true, "format": "C++", "description": "Header file defining the MessageClient class responsible for managing message buffers, metadata, and related functionalities within the WPEFramework messaging namespace.", "external_files": ["Module.h", "MessageUnit.h"], "external_methods": [], "published": ["WPEFramework::Messaging::MessageClient"], "classes": [{"name": "MessageClient", "description": "A class that handles retrieving data from buffers, sending metadata, and managing message instances within the messaging system."}], "methods": [{"name": "MessageClient", "description": "Constructor that initializes a MessageClient with given identifier, base path, and optional socket port."}, {"name": "AddInstance", "description": "Adds an instance identified by the given ID to the client."}, {"name": "RemoveInstance", "description": "Removes the instance identified by the given ID from the client."}, {"name": "ClearInstances", "description": "Clears all existing instances."}, {"name": "WaitForUpdates", "description": "Waits for updates for a specified amount of time."}, {"name": "SkipWaiting", "description": "Skips the waiting period."}, {"name": "Enable", "description": "Enables or disables metadata with the provided metadata object."}, {"name": "Controls", "description": "Retrieves control information into a MessageUnit::Iterator."}, {"name": "PopMessagesAndCall", "description": "Pops messages and executes the provided handler callback for each message."}, {"name": "AddFactory", "description": "Adds a message factory for a specified message type."}, {"name": "RemoveFactory", "description": "Removes the message factory for a specified message type."}], "calls": ["Core::CriticalSection::_adminLock", "Messaging::MessageUnit::DataSize", "Messaging::MessageUnit::MetadataSize"], "search-terms": ["MessageClient", "Messaging", "MessageUnit", "Metadata", "IEventFactory"], "state": 2, "file_id": 8321, "knowledge_revision": 17033, "git_revision": "0f87a35b32215bc8547fb583d6c84bd51f603f69", "ctags": [{"_type": "tag", "name": "Clients", "path": "/home/kavia/workspace/code-generation/app-gateway2/dependencies/install/include/WPEFramework/messaging/MessageClient.h", "pattern": "/^        using Clients = std::map<uint32_t, MessageUnit::Client>;$/", "language": "C++", "typeref": "typename:std::map<uint32_t,MessageUnit::Client>", "kind": "typedef", "scope": "WPEFramework::Messaging::MessageClient", "scopeKind": "class"}, {"_type": "tag", "name": "Factories", "path": "/home/kavia/workspace/code-generation/app-gateway2/dependencies/install/include/WPEFramework/messaging/MessageClient.h", "pattern": "/^        using Factories = std::unordered_map<Core::Messaging::Metadata::type, IEventFactory*>;$/", "language": "C++", "typeref": "typename:std::unordered_map<Core::Messaging::Metadata::type,IEventFactory * >", "kind": "typedef", "scope": "WPEFramework::Messaging::MessageClient", "scopeKind": "class"}, {"_type": "tag", "name": "MessageClient", "path": "/home/kavia/workspace/code-generation/app-gateway2/dependencies/install/include/WPEFramework/messaging/MessageClient.h", "pattern": "/^    class EXTERNAL MessageClient {$/", "language": "C++", "kind": "class", "scope": "WPEFramework::Messaging", "scopeKind": "namespace"}, {"_type": "tag", "name": "MessageHandler", "path": "/home/kavia/workspace/code-generation/app-gateway2/dependencies/install/include/WPEFramework/messaging/MessageClient.h", "pattern": "/^        using MessageHandler = std::function<void(const Core::ProxyType<Core::Messaging::Message/", "language": "C++", "kind": "typedef", "scope": "WPEFramework::Messaging::MessageClient", "scopeKind": "class"}, {"_type": "tag", "name": "Messaging", "path": "/home/kavia/workspace/code-generation/app-gateway2/dependencies/install/include/WPEFramework/messaging/MessageClient.h", "pattern": "/^namespace Messaging {$/", "language": "C++", "kind": "namespace", "scope": "WPEFramework", "scopeKind": "namespace"}, {"_type": "tag", "name": "WPEFramework", "path": "/home/kavia/workspace/code-generation/app-gateway2/dependencies/install/include/WPEFramework/messaging/MessageClient.h", "pattern": "/^namespace WPEFramework {$/", "language": "C++", "kind": "namespace"}, {"_type": "tag", "name": "_adminLock", "path": "/home/kavia/workspace/code-generation/app-gateway2/dependencies/install/include/WPEFramework/messaging/MessageClient.h", "pattern": "/^        mutable Core::CriticalSection _adminLock;$/", "language": "C++", "typeref": "typename:Core::CriticalSection", "kind": "member", "scope": "WPEFramework::Messaging::MessageClient", "scopeKind": "class"}, {"_type": "tag", "name": "_basePath", "path": "/home/kavia/workspace/code-generation/app-gateway2/dependencies/install/include/WPEFramework/messaging/MessageClient.h", "pattern": "/^        const string _basePath;$/", "language": "C++", "typeref": "typename:const string", "kind": "member", "scope": "WPEFramework::Messaging::MessageClient", "scopeKind": "class"}, {"_type": "tag", "name": "_clients", "path": "/home/kavia/workspace/code-generation/app-gateway2/dependencies/install/include/WPEFramework/messaging/MessageClient.h", "pattern": "/^        Clients _clients;$/", "language": "C++", "typeref": "typename:Clients", "kind": "member", "scope": "WPEFramework::Messaging::MessageClient", "scopeKind": "class"}, {"_type": "tag", "name": "_factories", "path": "/home/kavia/workspace/code-generation/app-gateway2/dependencies/install/include/WPEFramework/messaging/MessageClient.h", "pattern": "/^        Factories _factories;$/", "language": "C++", "typeref": "typename:Factories", "kind": "member", "scope": "WPEFramework::Messaging::MessageClient", "scopeKind": "class"}, {"_type": "tag", "name": "_identifier", "path": "/home/kavia/workspace/code-generation/app-gateway2/dependencies/install/include/WPEFramework/messaging/MessageClient.h", "pattern": "/^        const string _identifier;$/", "language": "C++", "typeref": "typename:const string", "kind": "member", "scope": "WPEFramework::Messaging::MessageClient", "scopeKind": "class"}, {"_type": "tag", "name": "_readBuffer", "path": "/home/kavia/workspace/code-generation/app-gateway2/dependencies/install/include/WPEFramework/messaging/MessageClient.h", "pattern": "/^        mutable uint8_t _readBuffer[Messaging::MessageUnit::DataSize];$/", "language": "C++", "typeref": "typename:uint8_t[]", "kind": "member", "scope": "WPEFramework::Messaging::MessageClient", "scopeKind": "class"}, {"_type": "tag", "name": "_socketPort", "path": "/home/kavia/workspace/code-generation/app-gateway2/dependencies/install/include/WPEFramework/messaging/MessageClient.h", "pattern": "/^        const uint16_t _socketPort;$/", "language": "C++", "typeref": "typename:const uint16_t", "kind": "member", "scope": "WPEFramework::Messaging::MessageClient", "scopeKind": "class"}, {"_type": "tag", "name": "_writeBuffer", "path": "/home/kavia/workspace/code-generation/app-gateway2/dependencies/install/include/WPEFramework/messaging/MessageClient.h", "pattern": "/^        mutable uint8_t _writeBuffer[Messaging::MessageUnit::MetadataSize];$/", "language": "C++", "typeref": "typename:uint8_t[]", "kind": "member", "scope": "WPEFramework::Messaging::MessageClient", "scopeKind": "class"}], "hash": "5eb808047a24ede57c4478993e83f61d", "format-version": 4, "code-base-name": "app-gateway2", "filename": "dependencies/install/include/WPEFramework/messaging/MessageClient.h", "fields": [{"name": "Core::CriticalSection _adminLock", "scope": "WPEFramework::Messaging::MessageClient", "scopeKind": "class", "description": "unavailable"}, {"name": "const string _basePath", "scope": "WPEFramework::Messaging::MessageClient", "scopeKind": "class", "description": "unavailable"}, {"name": "Clients _clients", "scope": "WPEFramework::Messaging::MessageClient", "scopeKind": "class", "description": "unavailable"}, {"name": "Factories _factories", "scope": "WPEFramework::Messaging::MessageClient", "scopeKind": "class", "description": "unavailable"}, {"name": "const string _identifier", "scope": "WPEFramework::Messaging::MessageClient", "scopeKind": "class", "description": "unavailable"}, {"name": "uint8_t[] _readBuffer", "scope": "WPEFramework::Messaging::MessageClient", "scopeKind": "class", "description": "unavailable"}, {"name": "const uint16_t _socketPort", "scope": "WPEFramework::Messaging::MessageClient", "scopeKind": "class", "description": "unavailable"}, {"name": "uint8_t[] _writeBuffer", "scope": "WPEFramework::Messaging::MessageClient", "scopeKind": "class", "description": "unavailable"}], "revision_history": [{"17033": "0f87a35b32215bc8547fb583d6c84bd51f603f69"}]}