{"is_source_file": true, "format": "C++ header", "description": "This file defines JSON data structures for the Packager API within the WPEFramework project, specifically for JSON-RPC communication. It includes a class InstallParamsData that encapsulates parameters for a package installation request, including package name, version, and architecture.", "external_files": ["<core/JSON.h>"], "external_methods": [], "published": [], "classes": [{"name": "InstallParamsData", "description": "A JSON container class representing parameters needed to install a package, including package name, version, and architecture."}], "methods": [{"name": "InstallParamsData()", "description": "Constructor initializing the JSON container with the relevant fields.", "scope": "WPEFramework::JsonData::Packager::InstallParamsData", "scopeKind": "class"}, {"name": "IsValid()", "description": "Method that always returns true, indicating the data is considered valid."}, {"name": "bool IsValid() const", "scope": "WPEFramework::JsonData::Packager::InstallParamsData", "scopeKind": "class", "description": "unavailable"}], "calls": [], "search-terms": ["JsonData", "Packager", "InstallParamsData", "JSON-RPC", "dependencies", "structure", "package installation"], "state": 2, "file_id": 8403, "knowledge_revision": 17112, "git_revision": "0f87a35b32215bc8547fb583d6c84bd51f603f69", "ctags": [{"_type": "tag", "name": "Architecture", "path": "/home/kavia/workspace/code-generation/app-gateway2/dependencies/install/include/WPEFramework/interfaces/json/JsonData_Packager.h", "pattern": "/^            Core::JSON::String Architecture; \\/\\/ Architecture of the package to install$/", "language": "C++", "typeref": "typename:Core::JSON::String", "kind": "member", "scope": "WPEFramework::JsonData::Packager::InstallParamsData", "scopeKind": "class"}, {"_type": "tag", "name": "InstallParamsData", "path": "/home/kavia/workspace/code-generation/app-gateway2/dependencies/install/include/WPEFramework/interfaces/json/JsonData_Packager.h", "pattern": "/^            InstallParamsData()$/", "language": "C++", "kind": "function", "signature": "()", "scope": "WPEFramework::JsonData::Packager::InstallParamsData", "scopeKind": "class"}, {"_type": "tag", "name": "InstallParamsData", "path": "/home/kavia/workspace/code-generation/app-gateway2/dependencies/install/include/WPEFramework/interfaces/json/JsonData_Packager.h", "pattern": "/^        class InstallParamsData : public Core::JSON::Container {$/", "language": "C++", "kind": "class", "scope": "WPEFramework::JsonData::Packager", "scopeKind": "namespace"}, {"_type": "tag", "name": "IsValid", "path": "/home/kavia/workspace/code-generation/app-gateway2/dependencies/install/include/WPEFramework/interfaces/json/JsonData_Packager.h", "pattern": "/^            bool IsValid() const$/", "language": "C++", "typeref": "typename:bool", "kind": "function", "signature": "() const", "scope": "WPEFramework::JsonData::Packager::InstallParamsData", "scopeKind": "class"}, {"_type": "tag", "name": "JsonData", "path": "/home/kavia/workspace/code-generation/app-gateway2/dependencies/install/include/WPEFramework/interfaces/json/JsonData_Packager.h", "pattern": "/^namespace JsonData {$/", "language": "C++", "kind": "namespace", "scope": "WPEFramework", "scopeKind": "namespace"}, {"_type": "tag", "name": "Package", "path": "/home/kavia/workspace/code-generation/app-gateway2/dependencies/install/include/WPEFramework/interfaces/json/JsonData_Packager.h", "pattern": "/^            Core::JSON::String Package; \\/\\/ A name, an URL or a file path of the package to ins/", "language": "C++", "typeref": "typename:Core::JSON::String", "kind": "member", "scope": "WPEFramework::JsonData::Packager::InstallParamsData", "scopeKind": "class"}, {"_type": "tag", "name": "Packager", "path": "/home/kavia/workspace/code-generation/app-gateway2/dependencies/install/include/WPEFramework/interfaces/json/JsonData_Packager.h", "pattern": "/^    namespace Packager {$/", "language": "C++", "kind": "namespace", "scope": "WPEFramework::JsonData", "scopeKind": "namespace"}, {"_type": "tag", "name": "Version", "path": "/home/kavia/workspace/code-generation/app-gateway2/dependencies/install/include/WPEFramework/interfaces/json/JsonData_Packager.h", "pattern": "/^            Core::JSON::String Version; \\/\\/ Version of the package to install$/", "language": "C++", "typeref": "typename:Core::JSON::String", "kind": "member", "scope": "WPEFramework::JsonData::Packager::InstallParamsData", "scopeKind": "class"}, {"_type": "tag", "name": "WPEFramework", "path": "/home/kavia/workspace/code-generation/app-gateway2/dependencies/install/include/WPEFramework/interfaces/json/JsonData_Packager.h", "pattern": "/^namespace WPEFramework {$/", "language": "C++", "kind": "namespace"}], "hash": "de797f3743265537c99b12e3d0fd0ce1", "format-version": 4, "code-base-name": "app-gateway2", "filename": "dependencies/install/include/WPEFramework/interfaces/json/JsonData_Packager.h", "fields": [{"name": "Core::JSON::String Architecture", "scope": "WPEFramework::JsonData::Packager::InstallParamsData", "scopeKind": "class", "description": "unavailable"}, {"name": "Core::JSON::String Package", "scope": "WPEFramework::JsonData::Packager::InstallParamsData", "scopeKind": "class", "description": "unavailable"}, {"name": "Core::JSON::String Version", "scope": "WPEFramework::JsonData::Packager::InstallParamsData", "scopeKind": "class", "description": "unavailable"}], "revision_history": [{"17112": "0f87a35b32215bc8547fb583d6c84bd51f603f69"}]}