{"is_source_file": true, "format": "C++", "description": "This file contains C++ class definitions for JSON-RPC API data structures related to SystemManagement, specifically classes for clone and delete parameters.", "external_files": ["<core/JSON.h>"], "external_methods": [], "published": ["JsonData::SystemManagement::CloneParamsData", "JsonData::SystemManagement::DeleteParamsData"], "classes": [{"name": "CloneParamsData", "description": "Represents parameters for cloning a plugin, containing the current and new callsigns."}, {"name": "DeleteParamsData", "description": "Represents parameters for deleting content at a specified path."}], "methods": [{"name": "CloneParamsData()", "description": "Constructor initializing the JSON container with callsign and newcallsign fields.", "scope": "WPEFramework::JsonData::SystemManagement::CloneParamsData", "scopeKind": "class"}, {"name": "IsValid() const", "description": "Method always returning true, indicating the validity of the data."}, {"name": "DeleteParamsData()", "description": "Constructor initializing the JSON container with the path field.", "scope": "WPEFramework::JsonData::SystemManagement::DeleteParamsData", "scopeKind": "class"}, {"name": "bool IsValid() const", "scope": "WPEFramework::JsonData::SystemManagement::DeleteParamsData", "scopeKind": "class", "description": "unavailable"}], "calls": [], "search-terms": ["JsonData_SystemManagement", "CloneParamsData", "DeleteParamsData", "JSON-RPC", "SystemManagement"], "state": 2, "file_id": 8793, "knowledge_revision": 18468, "git_revision": "a019ef1ecf9043a6387775f8d60762f619f4c761", "ctags": [{"_type": "tag", "name": "Callsign", "path": "/home/kavia/workspace/code-generation/app-gateway2/dependencies/build/Thunder/Source/plugins/generated/jsonrpc/JsonData_SystemManagement.h", "pattern": "/^            Core::JSON::String Callsign; \\/\\/ Create a clone of given plugin to requested new ca/", "language": "C++", "typeref": "typename:Core::JSON::String", "kind": "member", "scope": "WPEFramework::JsonData::SystemManagement::CloneParamsData", "scopeKind": "class"}, {"_type": "tag", "name": "CloneParamsData", "path": "/home/kavia/workspace/code-generation/app-gateway2/dependencies/build/Thunder/Source/plugins/generated/jsonrpc/JsonData_SystemManagement.h", "pattern": "/^            CloneParamsData()$/", "language": "C++", "kind": "function", "signature": "()", "scope": "WPEFramework::JsonData::SystemManagement::CloneParamsData", "scopeKind": "class"}, {"_type": "tag", "name": "CloneParamsData", "path": "/home/kavia/workspace/code-generation/app-gateway2/dependencies/build/Thunder/Source/plugins/generated/jsonrpc/JsonData_SystemManagement.h", "pattern": "/^        class CloneParamsData : public Core::JSON::Container {$/", "language": "C++", "kind": "class", "scope": "WPEFramework::JsonData::SystemManagement", "scopeKind": "namespace"}, {"_type": "tag", "name": "DeleteParamsData", "path": "/home/kavia/workspace/code-generation/app-gateway2/dependencies/build/Thunder/Source/plugins/generated/jsonrpc/JsonData_SystemManagement.h", "pattern": "/^            DeleteParamsData()$/", "language": "C++", "kind": "function", "signature": "()", "scope": "WPEFramework::JsonData::SystemManagement::DeleteParamsData", "scopeKind": "class"}, {"_type": "tag", "name": "DeleteParamsData", "path": "/home/kavia/workspace/code-generation/app-gateway2/dependencies/build/Thunder/Source/plugins/generated/jsonrpc/JsonData_SystemManagement.h", "pattern": "/^        class DeleteParamsData : public Core::JSON::Container {$/", "language": "C++", "kind": "class", "scope": "WPEFramework::JsonData::SystemManagement", "scopeKind": "namespace"}, {"_type": "tag", "name": "IsValid", "path": "/home/kavia/workspace/code-generation/app-gateway2/dependencies/build/Thunder/Source/plugins/generated/jsonrpc/JsonData_SystemManagement.h", "pattern": "/^            bool IsValid() const$/", "language": "C++", "typeref": "typename:bool", "kind": "function", "signature": "() const", "scope": "WPEFramework::JsonData::SystemManagement::CloneParamsData", "scopeKind": "class"}, {"_type": "tag", "name": "IsValid", "path": "/home/kavia/workspace/code-generation/app-gateway2/dependencies/build/Thunder/Source/plugins/generated/jsonrpc/JsonData_SystemManagement.h", "pattern": "/^            bool IsValid() const$/", "language": "C++", "typeref": "typename:bool", "kind": "function", "signature": "() const", "scope": "WPEFramework::JsonData::SystemManagement::DeleteParamsData", "scopeKind": "class"}, {"_type": "tag", "name": "JsonData", "path": "/home/kavia/workspace/code-generation/app-gateway2/dependencies/build/Thunder/Source/plugins/generated/jsonrpc/JsonData_SystemManagement.h", "pattern": "/^namespace JsonData {$/", "language": "C++", "kind": "namespace", "scope": "WPEFramework", "scopeKind": "namespace"}, {"_type": "tag", "name": "Newcallsign", "path": "/home/kavia/workspace/code-generation/app-gateway2/dependencies/build/Thunder/Source/plugins/generated/jsonrpc/JsonData_SystemManagement.h", "pattern": "/^            Core::JSON::String Newcallsign; \\/\\/ Create a clone of given plugin to requested new/", "language": "C++", "typeref": "typename:Core::JSON::String", "kind": "member", "scope": "WPEFramework::JsonData::SystemManagement::CloneParamsData", "scopeKind": "class"}, {"_type": "tag", "name": "Path", "path": "/home/kavia/workspace/code-generation/app-gateway2/dependencies/build/Thunder/Source/plugins/generated/jsonrpc/JsonData_SystemManagement.h", "pattern": "/^            Core::JSON::String Path; \\/\\/ Removes contents of a directory from the persistent st/", "language": "C++", "typeref": "typename:Core::JSON::String", "kind": "member", "scope": "WPEFramework::JsonData::SystemManagement::DeleteParamsData", "scopeKind": "class"}, {"_type": "tag", "name": "SystemManagement", "path": "/home/kavia/workspace/code-generation/app-gateway2/dependencies/build/Thunder/Source/plugins/generated/jsonrpc/JsonData_SystemManagement.h", "pattern": "/^    namespace SystemManagement {$/", "language": "C++", "kind": "namespace", "scope": "WPEFramework::JsonData", "scopeKind": "namespace"}, {"_type": "tag", "name": "WPEFramework", "path": "/home/kavia/workspace/code-generation/app-gateway2/dependencies/build/Thunder/Source/plugins/generated/jsonrpc/JsonData_SystemManagement.h", "pattern": "/^namespace WPEFramework {$/", "language": "C++", "kind": "namespace"}], "hash": "c22d69254cd05a76377698eee205067e", "format-version": 4, "code-base-name": "app-gateway2", "filename": "dependencies/build/Thunder/Source/plugins/generated/jsonrpc/JsonData_SystemManagement.h", "fields": [{"name": "Core::JSON::String Callsign", "scope": "WPEFramework::JsonData::SystemManagement::CloneParamsData", "scopeKind": "class", "description": "unavailable"}, {"name": "Core::JSON::String Newcallsign", "scope": "WPEFramework::JsonData::SystemManagement::CloneParamsData", "scopeKind": "class", "description": "unavailable"}, {"name": "Core::JSON::String Path", "scope": "WPEFramework::JsonData::SystemManagement::DeleteParamsData", "scopeKind": "class", "description": "unavailable"}], "revision_history": [{"18468": "a019ef1ecf9043a6387775f8d60762f619f4c761"}]}