{"is_source_file": true, "format": "C++ header file", "description": "This file defines classes and functions related to file system operations in the WPEFramework Core namespace, including File and Directory abstractions, as well as Partition information.", "external_files": ["Portability.h", "Number.h", "Time.h"], "external_methods": ["close()", "ftruncate()", "errno", "read()", "write()", "opendir()", "readdir()", "closedir()", "mkdir()", "rmdir()", "unlink()", "rename()", "statvfs()", "CreateSymbolicLink()", "SetFilePointerEx()", "CreateFile()", "DuplicateHandle()", "GetLastError()", "MoveFile()", "FindFirstFile()", "FindNextFile()", "FindClose()", "fdopen()", "unlink()", "remove()"], "published": ["File", "Directory", "Partition", "ParsePathInfo", "Normalize"], "classes": [{"name": "File", "description": "Represents a file with methods for creation, opening, reading, writing, and managing file attributes and position."}, {"name": "Directory", "description": "Represents a directory with methods for creation, existence check, iteration, removal, and related operations."}, {"name": "Partition", "description": "Contains information about disk partitions, including size, free space, and mount points."}], "methods": [{"name": "ParsePathInfo", "description": "Parses a string containing path info and permissions, extracting the path and permission bits."}, {"name": "string Normalize(const string & location)", "description": "Normalizes file paths to a standard format, adding trailing separators if needed.", "scope": "WPEFramework::Core::Directory", "scopeKind": "class"}, {"name": "Core::Time AccessTime() const", "scope": "WPEFramework::Core::File", "scopeKind": "class", "description": "unavailable"}, {"name": "bool Append()", "scope": "WPEFramework::Core::File", "scopeKind": "class", "description": "unavailable"}, {"name": "void Close() const", "scope": "WPEFramework::Core::File", "scopeKind": "class", "description": "unavailable"}, {"name": "bool Create(const bool exclusive=false)", "scope": "WPEFramework::Core::File", "scopeKind": "class", "description": "unavailable"}, {"name": "bool Create(const uint32_t mode,const bool exclusive=false)", "scope": "WPEFramework::Core::File", "scopeKind": "class", "description": "unavailable"}, {"name": "Core::Time CreationTime() const", "scope": "WPEFramework::Core::File", "scopeKind": "class", "description": "unavailable"}, {"name": "string Current() const", "scope": "WPEFramework::Core::Directory", "scopeKind": "class", "description": "unavailable"}, {"name": "bool Destroy()", "scope": "WPEFramework::Core::File", "scopeKind": "class", "description": "unavailable"}, {"name": "Handle DuplicateHandle() const", "scope": "WPEFramework::Core::File", "scopeKind": "class", "description": "unavailable"}, {"name": "uint32_t ErrorCode() const", "scope": "WPEFramework::Core::File", "scopeKind": "class", "description": "unavailable"}, {"name": "bool Exists() const", "scope": "WPEFramework::Core::File", "scopeKind": "class", "description": "unavailable"}, {"name": "string Extension(const string & name)", "scope": "WPEFramework::Core::File", "scopeKind": "class", "description": "unavailable"}, {"name": "string Extension() const", "scope": "WPEFramework::Core::File", "scopeKind": "class", "description": "unavailable"}, {"name": "uint32_t ExtensionOffset(const string & name)", "scope": "WPEFramework::Core::File", "scopeKind": "class", "description": "unavailable"}, {"name": "string FileName(const string & name)", "scope": "WPEFramework::Core::File", "scopeKind": "class", "description": "unavailable"}, {"name": "string FileName() const", "scope": "WPEFramework::Core::File", "scopeKind": "class", "description": "unavailable"}, {"name": "string FileNameExtended(const string & name)", "scope": "WPEFramework::Core::File", "scopeKind": "class", "description": "unavailable"}, {"name": "string FileNameExtended() const", "scope": "WPEFramework::Core::File", "scopeKind": "class", "description": "unavailable"}, {"name": "uint32_t FileNameOffset(const string & name)", "scope": "WPEFramework::Core::File", "scopeKind": "class", "description": "unavailable"}, {"name": "uint64_t Free() const", "scope": "WPEFramework::Core::Partition", "scopeKind": "class", "description": "unavailable"}, {"name": "bool IsArchive() const", "scope": "WPEFramework::Core::File", "scopeKind": "class", "description": "unavailable"}, {"name": "bool IsCompressed() const", "scope": "WPEFramework::Core::File", "scopeKind": "class", "description": "unavailable"}, {"name": "bool IsDirectory() const", "scope": "WPEFramework::Core::File", "scopeKind": "class", "description": "unavailable"}, {"name": "bool IsEncrypted() const", "scope": "WPEFramework::Core::File", "scopeKind": "class", "description": "unavailable"}, {"name": "bool IsHidden() const", "scope": "WPEFramework::Core::File", "scopeKind": "class", "description": "unavailable"}, {"name": "bool IsLink() const", "scope": "WPEFramework::Core::File", "scopeKind": "class", "description": "unavailable"}, {"name": "bool IsOpen() const", "scope": "WPEFramework::Core::File", "scopeKind": "class", "description": "unavailable"}, {"name": "bool IsReadOnly() const", "scope": "WPEFramework::Core::File", "scopeKind": "class", "description": "unavailable"}, {"name": "bool IsSystem() const", "scope": "WPEFramework::Core::File", "scopeKind": "class", "description": "unavailable"}, {"name": "bool IsValid() const", "scope": "WPEFramework::Core::Partition", "scopeKind": "class", "description": "unavailable"}, {"name": "bool Link(const string & symlinkName)", "scope": "WPEFramework::Core::File", "scopeKind": "class", "description": "unavailable"}, {"name": "Core::Time ModificationTime() const", "scope": "WPEFramework::Core::File", "scopeKind": "class", "description": "unavailable"}, {"name": "bool Move(const string & newLocation)", "scope": "WPEFramework::Core::File", "scopeKind": "class", "description": "unavailable"}, {"name": "const string & Name() const", "scope": "WPEFramework::Core::File", "scopeKind": "class", "description": "unavailable"}, {"name": "string Name() const", "scope": "WPEFramework::Core::Partition", "scopeKind": "class", "description": "unavailable"}, {"name": "bool Next()", "scope": "WPEFramework::Core::Directory", "scopeKind": "class", "description": "unavailable"}], "calls": ["close()", "ftruncate()", "errno", "read()", "write()", "opendir()", "readdir()", "closedir()", "mkdir()", "rmdir()", "unlink()", "rename()", "statvfs()", "CreateSymbolicLink()", "SetFilePointerEx()", "CreateFile()", "DuplicateHandle()", "GetLastError()", "MoveFile()", "FindFirstFile()", "FindNextFile()", "FindClose()", "fdopen()", "remove()"], "search-terms": ["FileSystem.h", "Core::File", "Core::Directory", "Core::Partition", "Path parsing", "File attributes", "POSIX", "Windows", "File creation", "Directory iteration"], "state": 2, "file_id": 8608, "knowledge_revision": 17321, "git_revision": "0f87a35b32215bc8547fb583d6c84bd51f603f69", "ctags": [{"_type": "tag", "name": "AccessTime", "path": "/home/kavia/workspace/code-generation/app-gateway2/dependencies/install/include/WPEFramework/core/FileSystem.h", "pattern": "/^        inline Core::Time AccessTime() const$/", "language": "C++", "typeref": "typename:Core::Time", "kind": "function", "signature": "() const", "scope": "WPEFramework::Core::File", "scopeKind": "class"}, {"_type": "tag", "name": "Append", "path": "/home/kavia/workspace/code-generation/app-gateway2/dependencies/install/include/WPEFramework/core/FileSystem.h", "pattern": "/^        bool Append()$/", "language": "C++", "typeref": "typename:bool", "kind": "function", "signature": "()", "scope": "WPEFramework::Core::File", "scopeKind": "class"}, {"_type": "tag", "name": "Atrributes", "path": "/home/kavia/workspace/code-generation/app-gateway2/dependencies/install/include/WPEFramework/core/FileSystem.h", "pattern": "/^        } Atrributes;$/", "language": "C++", "typeref": "enum:WPEFramework::Core::File::__anon902468d40103", "kind": "typedef", "scope": "WPEFramework::Core::File", "scopeKind": "class"}, {"_type": "tag", "name": "Atrributes", "path": "/home/kavia/workspace/code-generation/app-gateway2/dependencies/install/include/WPEFramework/core/FileSystem.h", "pattern": "/^        } Atrributes;$/", "language": "C++", "typeref": "enum:WPEFramework::Core::File::__anon902468d40303", "kind": "typedef", "scope": "WPEFramework::Core::File", "scopeKind": "class"}, {"_type": "tag", "name": "CREATE", "path": "/home/kavia/workspace/code-generation/app-gateway2/dependencies/install/include/WPEFramework/core/FileSystem.h", "pattern": "/^            CREATE         = 0x20000000$/", "language": "C++", "kind": "enumerator", "scope": "WPEFramework::Core::File::__anon902468d40203", "scopeKind": "enum"}, {"_type": "tag", "name": "CREATE", "path": "/home/kavia/workspace/code-generation/app-gateway2/dependencies/install/include/WPEFramework/core/FileSystem.h", "pattern": "/^            CREATE         = 0x20000000$/", "language": "C++", "kind": "enumerator", "scope": "WPEFramework::Core::File::__anon902468d40403", "scopeKind": "enum"}, {"_type": "tag", "name": "Close", "path": "/home/kavia/workspace/code-generation/app-gateway2/dependencies/install/include/WPEFramework/core/FileSystem.h", "pattern": "/^        void Close() const$/", "language": "C++", "typeref": "typename:void", "kind": "function", "signature": "() const", "scope": "WPEFramework::Core::File", "scopeKind": "class"}, {"_type": "tag", "name": "Core", "path": "/home/kavia/workspace/code-generation/app-gateway2/dependencies/install/include/WPEFramework/core/FileSystem.h", "pattern": "/^namespace Core {$/", "language": "C++", "kind": "namespace", "scope": "WPEFramework", "scopeKind": "namespace"}, {"_type": "tag", "name": "Create", "path": "/home/kavia/workspace/code-generation/app-gateway2/dependencies/install/include/WPEFramework/core/FileSystem.h", "pattern": "/^        bool Create(const bool exclusive = false)$/", "language": "C++", "typeref": "typename:bool", "kind": "function", "signature": "(const bool exclusive=false)", "scope": "WPEFramework::Core::File", "scopeKind": "class"}, {"_type": "tag", "name": "Create", "path": "/home/kavia/workspace/code-generation/app-gateway2/dependencies/install/include/WPEFramework/core/FileSystem.h", "pattern": "/^        bool Create(const uint32_t mode, const bool exclusive = false)$/", "language": "C++", "typeref": "typename:bool", "kind": "function", "signature": "(const uint32_t mode,const bool exclusive=false)", "scope": "WPEFramework::Core::File", "scopeKind": "class"}, {"_type": "tag", "name": "CreationTime", "path": "/home/kavia/workspace/code-generation/app-gateway2/dependencies/install/include/WPEFramework/core/FileSystem.h", "pattern": "/^        inline Core::Time CreationTime() const$/", "language": "C++", "typeref": "typename:Core::Time", "kind": "function", "signature": "() const", "scope": "WPEFramework::Core::File", "scopeKind": "class"}, {"_type": "tag", "name": "Current", "path": "/home/kavia/workspace/code-generation/app-gateway2/dependencies/install/include/WPEFramework/core/FileSystem.h", "pattern": "/^        inline string Current() const$/", "language": "C++", "typeref": "typename:string", "kind": "function", "signature": "() const", "scope": "WPEFramework::Core::Directory", "scopeKind": "class"}, {"_type": "tag", "name": "Destroy", "path": "/home/kavia/workspace/code-generation/app-gateway2/dependencies/install/include/WPEFramework/core/FileSystem.h", "pattern": "/^        bool Destroy () {$/", "language": "C++", "typeref": "typename:bool", "kind": "function", "signature": "()", "scope": "WPEFramework::Core::Directory", "scopeKind": "class"}, {"_type": "tag", "name": "Destroy", "path": "/home/kavia/workspace/code-generation/app-gateway2/dependencies/install/include/WPEFramework/core/FileSystem.h", "pattern": "/^        bool Destroy()$/", "language": "C++", "typeref": "typename:bool", "kind": "function", "signature": "()", "scope": "WPEFramework::Core::File", "scopeKind": "class"}, {"_type": "tag", "name": "DeviceKey", "path": "/home/kavia/workspace/code-generation/app-gateway2/dependencies/install/include/WPEFramework/core/FileSystem.h", "pattern": "/^        static constexpr const TCHAR* DeviceKey = _T(\"device \");$/", "language": "C++", "typeref": "typename:const TCHAR *", "kind": "member", "scope": "WPEFramework::Core::Partition", "scopeKind": "class"}, {"_type": "tag", "name": "Directory", "path": "/home/kavia/workspace/code-generation/app-gateway2/dependencies/install/include/WPEFramework/core/FileSystem.h", "pattern": "/^    class EXTERNAL Directory {$/", "language": "C++", "kind": "class", "scope": "WPEFramework::Core", "scopeKind": "namespace"}, {"_type": "tag", "name": "DuplicateHandle", "path": "/home/kavia/workspace/code-generation/app-gateway2/dependencies/install/include/WPEFramework/core/FileSystem.h", "pattern": "/^        Handle DuplicateHandle() const$/", "language": "C++", "typeref": "typename:Handle", "kind": "function", "signature": "() const", "scope": "WPEFramework::Core::File", "scopeKind": "class"}, {"_type": "tag", "name": "ErrorCode", "path": "/home/kavia/workspace/code-generation/app-gateway2/dependencies/install/include/WPEFramework/core/FileSystem.h", "pattern": "/^        inline uint32_t ErrorCode() const$/", "language": "C++", "typeref": "typename:uint32_t", "kind": "function", "signature": "() const", "scope": "WPEFramework::Core::File", "scopeKind": "class"}, {"_type": "tag", "name": "Exists", "path": "/home/kavia/workspace/code-generation/app-gateway2/dependencies/install/include/WPEFramework/core/FileSystem.h", "pattern": "/^        inline bool Exists() const$/", "language": "C++", "typeref": "typename:bool", "kind": "function", "signature": "() const", "scope": "WPEFramework::Core::File", "scopeKind": "class"}, {"_type": "tag", "name": "Extension", "path": "/home/kavia/workspace/code-generation/app-gateway2/dependencies/install/include/WPEFramework/core/FileSystem.h", "pattern": "/^        inline static string Extension(const string& name)$/", "language": "C++", "typeref": "typename:string", "kind": "function", "signature": "(const string & name)", "scope": "WPEFramework::Core::File", "scopeKind": "class"}, {"_type": "tag", "name": "Extension", "path": "/home/kavia/workspace/code-generation/app-gateway2/dependencies/install/include/WPEFramework/core/FileSystem.h", "pattern": "/^        inline string Extension() const$/", "language": "C++", "typeref": "typename:string", "kind": "function", "signature": "() const", "scope": "WPEFramework::Core::File", "scopeKind": "class"}, {"_type": "tag", "name": "ExtensionOffset", "path": "/home/kavia/workspace/code-generation/app-gateway2/dependencies/install/include/WPEFramework/core/FileSystem.h", "pattern": "/^        inline static uint32_t ExtensionOffset(const string& name)$/", "language": "C++", "typeref": "typename:uint32_t", "kind": "function", "signature": "(const string & name)", "scope": "WPEFramework::Core::File", "scopeKind": "class"}, {"_type": "tag", "name": "FILE_ARCHIVE", "path": "/home/kavia/workspace/code-generation/app-gateway2/dependencies/install/include/WPEFramework/core/FileSystem.h", "pattern": "/^            FILE_ARCHIVE = 0x0008,$/", "language": "C++", "kind": "enumerator", "scope": "WPEFramework::Core::File::__anon902468d40303", "scopeKind": "enum"}, {"_type": "tag", "name": "FILE_ARCHIVE", "path": "/home/kavia/workspace/code-generation/app-gateway2/dependencies/install/include/WPEFramework/core/FileSystem.h", "pattern": "/^            FILE_ARCHIVE = FILE_ATTRIBUTE_ARCHIVE,$/", "language": "C++", "kind": "enumerator", "scope": "WPEFramework::Core::File::__anon902468d40103", "scopeKind": "enum"}, {"_type": "tag", "name": "FILE_COMPRESSED", "path": "/home/kavia/workspace/code-generation/app-gateway2/dependencies/install/include/WPEFramework/core/FileSystem.h", "pattern": "/^            FILE_COMPRESSED = FILE_ATTRIBUTE_COMPRESSED,$/", "language": "C++", "kind": "enumerator", "scope": "WPEFramework::Core::File::__anon902468d40103", "scopeKind": "enum"}, {"_type": "tag", "name": "FILE_DEVICE", "path": "/home/kavia/workspace/code-generation/app-gateway2/dependencies/install/include/WPEFramework/core/FileSystem.h", "pattern": "/^            FILE_DEVICE = 0x0010$/", "language": "C++", "kind": "enumerator", "scope": "WPEFramework::Core::File::__anon902468d40303", "scopeKind": "enum"}, {"_type": "tag", "name": "FILE_DIRECTORY", "path": "/home/kavia/workspace/code-generation/app-gateway2/dependencies/install/include/WPEFramework/core/FileSystem.h", "pattern": "/^            FILE_DIRECTORY = FILE_ATTRIBUTE_DIRECTORY,$/", "language": "C++", "kind": "enumerator", "scope": "WPEFramework::Core::File::__anon902468d40103", "scopeKind": "enum"}, {"_type": "tag", "name": "FILE_DIRECTORY", "path": "/home/kavia/workspace/code-generation/app-gateway2/dependencies/install/include/WPEFramework/core/FileSystem.h", "pattern": "/^            FILE_DIRECTORY = S_IFDIR,$/", "language": "C++", "kind": "enumerator", "scope": "WPEFramework::Core::File::__anon902468d40303", "scopeKind": "enum"}, {"_type": "tag", "name": "FILE_ENCRYPTED", "path": "/home/kavia/workspace/code-generation/app-gateway2/dependencies/install/include/WPEFramework/core/FileSystem.h", "pattern": "/^            FILE_ENCRYPTED = FILE_ATTRIBUTE_ENCRYPTED$/", "language": "C++", "kind": "enumerator", "scope": "WPEFramework::Core::File::__anon902468d40103", "scopeKind": "enum"}, {"_type": "tag", "name": "FILE_HIDDEN", "path": "/home/kavia/workspace/code-generation/app-gateway2/dependencies/install/include/WPEFramework/core/FileSystem.h", "pattern": "/^            FILE_HIDDEN = 0x0004,$/", "language": "C++", "kind": "enumerator", "scope": "WPEFramework::Core::File::__anon902468d40303", "scopeKind": "enum"}, {"_type": "tag", "name": "FILE_HIDDEN", "path": "/home/kavia/workspace/code-generation/app-gateway2/dependencies/install/include/WPEFramework/core/FileSystem.h", "pattern": "/^            FILE_HIDDEN = FILE_ATTRIBUTE_HIDDEN,$/", "language": "C++", "kind": "enumerator", "scope": "WPEFramework::Core::File::__anon902468d40103", "scopeKind": "enum"}, {"_type": "tag", "name": "FILE_LINK", "path": "/home/kavia/workspace/code-generation/app-gateway2/dependencies/install/include/WPEFramework/core/FileSystem.h", "pattern": "/^            FILE_LINK = FILE_ATTRIBUTE_REPARSE_POINT,$/", "language": "C++", "kind": "enumerator", "scope": "WPEFramework::Core::File::__anon902468d40103", "scopeKind": "enum"}, {"_type": "tag", "name": "FILE_LINK", "path": "/home/kavia/workspace/code-generation/app-gateway2/dependencies/install/include/WPEFramework/core/FileSystem.h", "pattern": "/^            FILE_LINK = S_IFLNK,$/", "language": "C++", "kind": "enumerator", "scope": "WPEFramework::Core::File::__anon902468d40303", "scopeKind": "enum"}, {"_type": "tag", "name": "FILE_NORMAL", "path": "/home/kavia/workspace/code-generation/app-gateway2/dependencies/install/include/WPEFramework/core/FileSystem.h", "pattern": "/^            FILE_NORMAL = FILE_ATTRIBUTE_NORMAL,$/", "language": "C++", "kind": "enumerator", "scope": "WPEFramework::Core::File::__anon902468d40103", "scopeKind": "enum"}, {"_type": "tag", "name": "FILE_NORMAL", "path": "/home/kavia/workspace/code-generation/app-gateway2/dependencies/install/include/WPEFramework/core/FileSystem.h", "pattern": "/^            FILE_NORMAL = S_IFREG,$/", "language": "C++", "kind": "enumerator", "scope": "WPEFramework::Core::File::__anon902468d40303", "scopeKind": "enum"}, {"_type": "tag", "name": "FILE_READONLY", "path": "/home/kavia/workspace/code-generation/app-gateway2/dependencies/install/include/WPEFramework/core/FileSystem.h", "pattern": "/^            FILE_READONLY = 0x0002,$/", "language": "C++", "kind": "enumerator", "scope": "WPEFramework::Core::File::__anon902468d40303", "scopeKind": "enum"}, {"_type": "tag", "name": "FILE_READONLY", "path": "/home/kavia/workspace/code-generation/app-gateway2/dependencies/install/include/WPEFramework/core/FileSystem.h", "pattern": "/^            FILE_READONLY = FILE_ATTRIBUTE_READONLY,$/", "language": "C++", "kind": "enumerator", "scope": "WPEFramework::Core::File::__anon902468d40103", "scopeKind": "enum"}, {"_type": "tag", "name": "FILE_SYSTEM", "path": "/home/kavia/workspace/code-generation/app-gateway2/dependencies/install/include/WPEFramework/core/FileSystem.h", "pattern": "/^            FILE_SYSTEM = 0x0001,$/", "language": "C++", "kind": "enumerator", "scope": "WPEFramework::Core::File::__anon902468d40303", "scopeKind": "enum"}, {"_type": "tag", "name": "FILE_SYSTEM", "path": "/home/kavia/workspace/code-generation/app-gateway2/dependencies/install/include/WPEFramework/core/FileSystem.h", "pattern": "/^            FILE_SYSTEM = FILE_ATTRIBUTE_SYSTEM,$/", "language": "C++", "kind": "enumerator", "scope": "WPEFramework::Core::File::__anon902468d40103", "scopeKind": "enum"}, {"_type": "tag", "name": "File", "path": "/home/kavia/workspace/code-generation/app-gateway2/dependencies/install/include/WPEFramework/core/FileSystem.h", "pattern": "/^    class EXTERNAL File {$/", "language": "C++", "kind": "class", "scope": "WPEFramework::Core", "scopeKind": "namespace"}, {"_type": "tag", "name": "FileName", "path": "/home/kavia/workspace/code-generation/app-gateway2/dependencies/install/include/WPEFramework/core/FileSystem.h", "pattern": "/^        inline static string FileName(const string& name)$/", "language": "C++", "typeref": "typename:string", "kind": "function", "signature": "(const string & name)", "scope": "WPEFramework::Core::File", "scopeKind": "class"}, {"_type": "tag", "name": "FileName", "path": "/home/kavia/workspace/code-generation/app-gateway2/dependencies/install/include/WPEFramework/core/FileSystem.h", "pattern": "/^        inline string FileName() const$/", "language": "C++", "typeref": "typename:string", "kind": "function", "signature": "() const", "scope": "WPEFramework::Core::File", "scopeKind": "class"}, {"_type": "tag", "name": "FileNameExtended", "path": "/home/kavia/workspace/code-generation/app-gateway2/dependencies/install/include/WPEFramework/core/FileSystem.h", "pattern": "/^        inline static string FileNameExtended(const string& name)$/", "language": "C++", "typeref": "typename:string", "kind": "function", "signature": "(const string & name)", "scope": "WPEFramework::Core::File", "scopeKind": "class"}, {"_type": "tag", "name": "FileNameExtended", "path": "/home/kavia/workspace/code-generation/app-gateway2/dependencies/install/include/WPEFramework/core/FileSystem.h", "pattern": "/^        inline string FileNameExtended() const$/", "language": "C++", "typeref": "typename:string", "kind": "function", "signature": "() const", "scope": "WPEFramework::Core::File", "scopeKind": "class"}, {"_type": "tag", "name": "FileNameOffset", "path": "/home/kavia/workspace/code-generation/app-gateway2/dependencies/install/include/WPEFramework/core/FileSystem.h", "pattern": "/^        inline static uint32_t FileNameOffset(const string& name)$/", "language": "C++", "typeref": "typename:uint32_t", "kind": "function", "signature": "(const string & name)", "scope": "WPEFramework::Core::File", "scopeKind": "class"}, {"_type": "tag", "name": "Free", "path": "/home/kavia/workspace/code-generation/app-gateway2/dependencies/install/include/WPEFramework/core/FileSystem.h", "pattern": "/^        uint64_t Free() const$/", "language": "C++", "typeref": "typename:uint64_t", "kind": "function", "signature": "() const", "scope": "WPEFramework::Core::Partition", "scopeKind": "class"}, {"_type": "tag", "name": "GROUP_EXECUTE", "path": "/home/kavia/workspace/code-generation/app-gateway2/dependencies/install/include/WPEFramework/core/FileSystem.h", "pattern": "/^            GROUP_EXECUTE  = 0x00000020,$/", "language": "C++", "kind": "enumerator", "scope": "WPEFramework::Core::File::__anon902468d40203", "scopeKind": "enum"}, {"_type": "tag", "name": "GROUP_EXECUTE", "path": "/home/kavia/workspace/code-generation/app-gateway2/dependencies/install/include/WPEFramework/core/FileSystem.h", "pattern": "/^            GROUP_EXECUTE  = S_IXGRP,$/", "language": "C++", "kind": "enumerator", "scope": "WPEFramework::Core::File::__anon902468d40403", "scopeKind": "enum"}, {"_type": "tag", "name": "GROUP_READ", "path": "/home/kavia/workspace/code-generation/app-gateway2/dependencies/install/include/WPEFramework/core/FileSystem.h", "pattern": "/^            GROUP_READ     = 0x00000008,$/", "language": "C++", "kind": "enumerator", "scope": "WPEFramework::Core::File::__anon902468d40203", "scopeKind": "enum"}, {"_type": "tag", "name": "GROUP_READ", "path": "/home/kavia/workspace/code-generation/app-gateway2/dependencies/install/include/WPEFramework/core/FileSystem.h", "pattern": "/^            GROUP_READ     = S_IRGRP,$/", "language": "C++", "kind": "enumerator", "scope": "WPEFramework::Core::File::__anon902468d40403", "scopeKind": "enum"}, {"_type": "tag", "name": "GROUP_WRITE", "path": "/home/kavia/workspace/code-generation/app-gateway2/dependencies/install/include/WPEFramework/core/FileSystem.h", "pattern": "/^            GROUP_WRITE    = 0x00000010,$/", "language": "C++", "kind": "enumerator", "scope": "WPEFramework::Core::File::__anon902468d40203", "scopeKind": "enum"}, {"_type": "tag", "name": "GROUP_WRITE", "path": "/home/kavia/workspace/code-generation/app-gateway2/dependencies/install/include/WPEFramework/core/FileSystem.h", "pattern": "/^            GROUP_WRITE    = S_IWGRP,$/", "language": "C++", "kind": "enumerator", "scope": "WPEFramework::Core::File::__anon902468d40403", "scopeKind": "enum"}, {"_type": "tag", "name": "Handle", "path": "/home/kavia/workspace/code-generation/app-gateway2/dependencies/install/include/WPEFramework/core/FileSystem.h", "pattern": "/^        typedef HANDLE Handle;$/", "language": "C++", "typeref": "typename:HANDLE", "kind": "typedef", "scope": "WPEFramework::Core::File", "scopeKind": "class"}, {"_type": "tag", "name": "Handle", "path": "/home/kavia/workspace/code-generation/app-gateway2/dependencies/install/include/WPEFramework/core/FileSystem.h", "pattern": "/^        typedef int Handle;$/", "language": "C++", "typeref": "typename:int", "kind": "typedef", "scope": "WPEFramework::Core::File", "scopeKind": "class"}, {"_type": "tag", "name": "INVALID_HANDLE_VALUE", "path": "/home/kavia/workspace/code-generation/app-gateway2/dependencies/install/include/WPEFramework/core/FileSystem.h", "pattern": "/^#define INVALID_HANDLE_VALUE /", "language": "C++", "kind": "macro"}, {"_type": "tag", "name": "IsArchive", "path": "/home/kavia/workspace/code-generation/app-gateway2/dependencies/install/include/WPEFramework/core/FileSystem.h", "pattern": "/^        inline bool IsArchive() const$/", "language": "C++", "typeref": "typename:bool", "kind": "function", "signature": "() const", "scope": "WPEFramework::Core::File", "scopeKind": "class"}, {"_type": "tag", "name": "IsCompressed", "path": "/home/kavia/workspace/code-generation/app-gateway2/dependencies/install/include/WPEFramework/core/FileSystem.h", "pattern": "/^        inline bool IsCompressed() const$/", "language": "C++", "typeref": "typename:bool", "kind": "function", "signature": "() const", "scope": "WPEFramework::Core::File", "scopeKind": "class"}, {"_type": "tag", "name": "IsDirectory", "path": "/home/kavia/workspace/code-generation/app-gateway2/dependencies/install/include/WPEFramework/core/FileSystem.h", "pattern": "/^        inline bool IsDirectory() const$/", "language": "C++", "typeref": "typename:bool", "kind": "function", "signature": "() const", "scope": "WPEFramework::Core::Directory", "scopeKind": "class"}, {"_type": "tag", "name": "IsDirectory", "path": "/home/kavia/workspace/code-generation/app-gateway2/dependencies/install/include/WPEFramework/core/FileSystem.h", "pattern": "/^        inline bool IsDirectory() const$/", "language": "C++", "typeref": "typename:bool", "kind": "function", "signature": "() const", "scope": "WPEFramework::Core::File", "scopeKind": "class"}, {"_type": "tag", "name": "IsEncrypted", "path": "/home/kavia/workspace/code-generation/app-gateway2/dependencies/install/include/WPEFramework/core/FileSystem.h", "pattern": "/^        inline bool IsEncrypted() const$/", "language": "C++", "typeref": "typename:bool", "kind": "function", "signature": "() const", "scope": "WPEFramework::Core::File", "scopeKind": "class"}, {"_type": "tag", "name": "IsHidden", "path": "/home/kavia/workspace/code-generation/app-gateway2/dependencies/install/include/WPEFramework/core/FileSystem.h", "pattern": "/^        inline bool IsHidden() const$/", "language": "C++", "typeref": "typename:bool", "kind": "function", "signature": "() const", "scope": "WPEFramework::Core::File", "scopeKind": "class"}, {"_type": "tag", "name": "IsLink", "path": "/home/kavia/workspace/code-generation/app-gateway2/dependencies/install/include/WPEFramework/core/FileSystem.h", "pattern": "/^        inline bool IsLink() const$/", "language": "C++", "typeref": "typename:bool", "kind": "function", "signature": "() const", "scope": "WPEFramework::Core::File", "scopeKind": "class"}, {"_type": "tag", "name": "IsOpen", "path": "/home/kavia/workspace/code-generation/app-gateway2/dependencies/install/include/WPEFramework/core/FileSystem.h", "pattern": "/^        inline bool IsOpen() const$/", "language": "C++", "typeref": "typename:bool", "kind": "function", "signature": "() const", "scope": "WPEFramework::Core::File", "scopeKind": "class"}, {"_type": "tag", "name": "IsReadOnly", "path": "/home/kavia/workspace/code-generation/app-gateway2/dependencies/install/include/WPEFramework/core/FileSystem.h", "pattern": "/^        inline bool IsReadOnly() const$/", "language": "C++", "typeref": "typename:bool", "kind": "function", "signature": "() const", "scope": "WPEFramework::Core::File", "scopeKind": "class"}, {"_type": "tag", "name": "IsSystem", "path": "/home/kavia/workspace/code-generation/app-gateway2/dependencies/install/include/WPEFramework/core/FileSystem.h", "pattern": "/^        inline bool IsSystem() const$/", "language": "C++", "typeref": "typename:bool", "kind": "function", "signature": "() const", "scope": "WPEFramework::Core::File", "scopeKind": "class"}, {"_type": "tag", "name": "IsValid", "path": "/home/kavia/workspace/code-generation/app-gateway2/dependencies/install/include/WPEFramework/core/FileSystem.h", "pattern": "/^        bool IsValid() const$/", "language": "C++", "typeref": "typename:bool", "kind": "function", "signature": "() const", "scope": "WPEFramework::Core::Directory", "scopeKind": "class"}, {"_type": "tag", "name": "IsValid", "path": "/home/kavia/workspace/code-generation/app-gateway2/dependencies/install/include/WPEFramework/core/FileSystem.h", "pattern": "/^        bool IsValid() const$/", "language": "C++", "typeref": "typename:bool", "kind": "function", "signature": "() const", "scope": "WPEFramework::Core::Partition", "scopeKind": "class"}, {"_type": "tag", "name": "LSEEK", "path": "/home/kavia/workspace/code-generation/app-gateway2/dependencies/install/include/WPEFramework/core/FileSystem.h", "pattern": "/^#define LSEEK /", "language": "C++", "kind": "macro"}, {"_type": "tag", "name": "LineSeparator", "path": "/home/kavia/workspace/code-generation/app-gateway2/dependencies/install/include/WPEFramework/core/FileSystem.h", "pattern": "/^        static constexpr const TCHAR LineSeparator = _T('\\\\n');$/", "language": "C++", "typeref": "typename:const TCHAR", "kind": "member", "scope": "WPEFramework::Core::Partition", "scopeKind": "class"}, {"_type": "tag", "name": "Link", "path": "/home/kavia/workspace/code-generation/app-gateway2/dependencies/install/include/WPEFramework/core/FileSystem.h", "pattern": "/^        bool Link(const string& symlinkName)$/", "language": "C++", "typeref": "typename:bool", "kind": "function", "signature": "(const string & symlinkName)", "scope": "WPEFramework::Core::File", "scopeKind": "class"}, {"_type": "tag", "name": "Mode", "path": "/home/kavia/workspace/code-generation/app-gateway2/dependencies/install/include/WPEFramework/core/FileSystem.h", "pattern": "/^       } Mode;$/", "language": "C++", "typeref": "enum:WPEFramework::Core::File::__anon902468d40203", "kind": "typedef", "scope": "WPEFramework::Core::File", "scopeKind": "class"}, {"_type": "tag", "name": "Mode", "path": "/home/kavia/workspace/code-generation/app-gateway2/dependencies/install/include/WPEFramework/core/FileSystem.h", "pattern": "/^       } Mode;$/", "language": "C++", "typeref": "enum:WPEFramework::Core::File::__anon902468d40403", "kind": "typedef", "scope": "WPEFramework::Core::File", "scopeKind": "class"}, {"_type": "tag", "name": "ModificationTime", "path": "/home/kavia/workspace/code-generation/app-gateway2/dependencies/install/include/WPEFramework/core/FileSystem.h", "pattern": "/^        inline Core::Time ModificationTime() const$/", "language": "C++", "typeref": "typename:Core::Time", "kind": "function", "signature": "() const", "scope": "WPEFramework::Core::File", "scopeKind": "class"}, {"_type": "tag", "name": "MountKey", "path": "/home/kavia/workspace/code-generation/app-gateway2/dependencies/install/include/WPEFramework/core/FileSystem.h", "pattern": "/^        static constexpr const TCHAR* MountKey = _T(\"mounted on \");$/", "language": "C++", "typeref": "typename:const TCHAR *", "kind": "member", "scope": "WPEFramework::Core::Partition", "scopeKind": "class"}, {"_type": "tag", "name": "MountStatsFileName", "path": "/home/kavia/workspace/code-generation/app-gateway2/dependencies/install/include/WPEFramework/core/FileSystem.h", "pattern": "/^        static constexpr const TCHAR* MountStatsFileName = _T(\"\\/proc\\/self\\/mountstats\");$/", "language": "C++", "typeref": "typename:const TCHAR *", "kind": "member", "scope": "WPEFramework::Core::Partition", "scopeKind": "class"}, {"_type": "tag", "name": "Move", "path": "/home/kavia/workspace/code-generation/app-gateway2/dependencies/install/include/WPEFramework/core/FileSystem.h", "pattern": "/^        bool Move(const string& newLocation)$/", "language": "C++", "typeref": "typename:bool", "kind": "function", "signature": "(const string & newLocation)", "scope": "WPEFramework::Core::File", "scopeKind": "class"}, {"_type": "tag", "name": "Name", "path": "/home/kavia/workspace/code-generation/app-gateway2/dependencies/install/include/WPEFramework/core/FileSystem.h", "pattern": "/^        inline const string& Name() const$/", "language": "C++", "typeref": "typename:const string &", "kind": "function", "signature": "() const", "scope": "WPEFramework::Core::File", "scopeKind": "class"}, {"_type": "tag", "name": "Name", "path": "/home/kavia/workspace/code-generation/app-gateway2/dependencies/install/include/WPEFramework/core/FileSystem.h", "pattern": "/^        inline string Name() const$/", "language": "C++", "typeref": "typename:string", "kind": "function", "signature": "() const", "scope": "WPEFramework::Core::Directory", "scopeKind": "class"}, {"_type": "tag", "name": "Name", "path": "/home/kavia/workspace/code-generation/app-gateway2/dependencies/install/include/WPEFramework/core/FileSystem.h", "pattern": "/^        string Name() const$/", "language": "C++", "typeref": "typename:string", "kind": "function", "signature": "() const", "scope": "WPEFramework::Core::Partition", "scopeKind": "class"}, {"_type": "tag", "name": "Next", "path": "/home/kavia/workspace/code-generation/app-gateway2/dependencies/install/include/WPEFramework/core/FileSystem.h", "pattern": "/^        bool Next()$/", "language": "C++", "typeref": "typename:bool", "kind": "function", "signature": "()", "scope": "WPEFramework::Core::Directory", "scopeKind": "class"}, {"_type": "tag", "name": "Normalize", "path": "/home/kavia/workspace/code-generation/app-gateway2/dependencies/install/include/WPEFramework/core/FileSystem.h", "pattern": "/^        static string Normalize(const string& location)$/", "language": "C++", "typeref": "typename:string", "kind": "function", "signature": "(const string & location)", "scope": "WPEFramework::Core::Directory", "scopeKind": "class"}, {"_type": "tag", "name": "OTHERS_EXECUTE", "path": "/home/kavia/workspace/code-generation/app-gateway2/dependencies/install/include/WPEFramework/core/FileSystem.h", "pattern": "/^            OTHERS_EXECUTE = 0x00000100,$/", "language": "C++", "kind": "enumerator", "scope": "WPEFramework::Core::File::__anon902468d40203", "scopeKind": "enum"}, {"_type": "tag", "name": "OTHERS_EXECUTE", "path": "/home/kavia/workspace/code-generation/app-gateway2/dependencies/install/include/WPEFramework/core/FileSystem.h", "pattern": "/^            OTHERS_EXECUTE = S_IXOTH,$/", "language": "C++", "kind": "enumerator", "scope": "WPEFramework::Core::File::__anon902468d40403", "scopeKind": "enum"}, {"_type": "tag", "name": "OTHERS_READ", "path": "/home/kavia/workspace/code-generation/app-gateway2/dependencies/install/include/WPEFramework/core/FileSystem.h", "pattern": "/^            OTHERS_READ    = 0x00000040,$/", "language": "C++", "kind": "enumerator", "scope": "WPEFramework::Core::File::__anon902468d40203", "scopeKind": "enum"}], "hash": "de436d3119835d3dfc651ba8a4e573cd", "format-version": 4, "code-base-name": "app-gateway2", "filename": "dependencies/install/include/WPEFramework/core/FileSystem.h", "fields": [{"name": "const TCHAR * DeviceKey", "scope": "WPEFramework::Core::Partition", "scopeKind": "class", "description": "unavailable"}, {"name": "const TCHAR LineSeparator", "scope": "WPEFramework::Core::Partition", "scopeKind": "class", "description": "unavailable"}, {"name": "const TCHAR * MountKey", "scope": "WPEFramework::Core::Partition", "scopeKind": "class", "description": "unavailable"}, {"name": "const TCHAR * MountStatsFileName", "scope": "WPEFramework::Core::Partition", "scopeKind": "class", "description": "unavailable"}], "revision_history": [{"17321": "0f87a35b32215bc8547fb583d6c84bd51f603f69"}]}