{"is_source_file": true, "format": "Python", "description": "This file appears to be a source code file written in Python that generates C++ code for JSON RPC interfaces and registration stubs based on a schema. It contains functions to emit header files, registration functions, and method/property stubs for a JSON RPC plugin framework.", "external_files": ["json", "config", "rpc_emitter", "json_loader"], "external_methods": ["json.dumps", "json_loader.*"], "published": ["EmitHelperCode"], "classes": [], "methods": [{"name": "EmitHelperCode(log, root, emit, header_file)", "description": "Generates C++ header, registration, stub implementations, and cleanup code for JSON RPC interface based on a given schema root object.", "scope": "", "scopeKind": ""}, {"name": "_EmitProperty(method, name, getter)", "scope": "EmitHelperCode", "scopeKind": "function", "description": "unavailable"}, {"name": "_ScopedName(obj)", "scope": "EmitHelperCode", "scopeKind": "function", "description": "unavailable"}], "calls": ["json.dumps", "emit.Line", "emit.Indent", "emit.Unindent", "log.Info", "rpc_emitter.EmitEvent", "json_loader.*"], "search-terms": ["JsonGenerator", "stub_emitter", "EmitHelperCode", "json schema", "C++ code emission", "JSON RPC registration"], "state": 2, "file_id": 8241, "knowledge_revision": 16956, "git_revision": "0f87a35b32215bc8547fb583d6c84bd51f603f69", "ctags": [{"_type": "tag", "name": "EmitHelperCode", "path": "/home/kavia/workspace/code-generation/app-gateway2/dependencies/install/sbin/JsonGenerator/source/stub_emitter.py", "pattern": "/^def EmitHelperCode(log, root, emit, header_file):$/", "language": "Python", "kind": "function", "signature": "(log, root, emit, header_file)"}, {"_type": "tag", "name": "_EmitProperty", "path": "/home/kavia/workspace/code-generation/app-gateway2/dependencies/install/sbin/JsonGenerator/source/stub_emitter.py", "pattern": "/^                def _EmitProperty(method, name, getter):$/", "file": true, "language": "Python", "kind": "function", "signature": "(method, name, getter)", "scope": "EmitHelperCode", "scopeKind": "function"}, {"_type": "tag", "name": "_ScopedName", "path": "/home/kavia/workspace/code-generation/app-gateway2/dependencies/install/sbin/JsonGenerator/source/stub_emitter.py", "pattern": "/^        def _ScopedName(obj):$/", "file": true, "language": "Python", "kind": "function", "signature": "(obj)", "scope": "EmitHelperCode", "scopeKind": "function"}], "hash": "eff22db7e941be6b5b1e3d3da2821e55", "format-version": 4, "code-base-name": "app-gateway2", "filename": "dependencies/install/sbin/JsonGenerator/source/stub_emitter.py", "revision_history": [{"16956": "0f87a35b32215bc8547fb583d6c84bd51f603f69"}]}