{"is_source_file": true, "format": "C++ header file", "description": "This file defines interface registration functions for browser resource management, including properties for user scripts and stylesheets within the WPEFramework, specifically under the JBrowserResources namespace. It includes versioning, registration, and unregistration functions for JSON-RPC communication with the plugin.", "external_files": ["Module.h", "JsonData_BrowserResources.h", "<interfaces/IBrowser.h>"], "external_methods": ["ASSERT", "Core::ERROR_NONE", "Core::ERROR_GENERAL", "Core::JSON::ArrayType<Core::JSON::String>", "Core::JSON::ArrayType<Core::JSON::String>", "Core::Service<...>::Create", "RPC::ID_STRINGITERATOR", "RPC::IIteratorType<string, RPC::ID_STRINGITERATOR>", "WPEFramework::RPC::IIteratorType"], "published": ["WPEFramework::Exchange::JBrowserResources::Register", "WPEFramework::Exchange::JBrowserResources::Unregister", "WPEFramework::Exchange::JBrowserResources::Version"], "classes": [], "methods": [{"name": "Register", "description": "Registers 'userscripts' and 'userstylesheets' properties with the JSONRPC module, implemented as lambda functions handling get and set operations."}, {"name": "void Unregister(JSONRPC & _module_)", "description": "Unregisters 'userscripts' and 'userstylesheets' properties from the JSONRPC module.", "scope": "WPEFramework::Exchange::JBrowserResources", "scopeKind": "namespace"}, {"name": "PUSH_WARNING(DISABLE_WARNING_UNUSED_FUNCTIONS)", "scope": "WPEFramework::Exchange::JBrowserResources", "scopeKind": "namespace", "description": "unavailable"}, {"name": "uint32_t __anonfd315d3c0102(const Core::JSON::ArrayType<Core::JSON::String>& params, Core::JSON::ArrayType<Core::JSON::String>& result)", "scope": "WPEFramework::Exchange::JBrowserResources::PUSH_WARNING", "scopeKind": "function", "description": "unavailable"}, {"name": "uint32_t __anonfd315d3c0202(const Core::JSON::ArrayType<Core::JSON::String>& params, Core::JSON::ArrayType<Core::JSON::String>& result)", "scope": "WPEFramework::Exchange::JBrowserResources::PUSH_WARNING", "scopeKind": "function", "description": "unavailable"}], "calls": ["ASSERT", "static_cast<const IBrowserResources*>", "Core::Service<>::Create", "_impl_->UserScripts", "_impl_->UserStyleSheets"], "search-terms": ["JBrowserResources", "json-rpc registration", "UserScripts property", "UserStyleSheets property", "WPEFramework plugin", "IBrowserResources"], "state": 2, "file_id": 8398, "knowledge_revision": 17113, "git_revision": "0f87a35b32215bc8547fb583d6c84bd51f603f69", "ctags": [{"_type": "tag", "name": "Exchange", "path": "/home/kavia/workspace/code-generation/app-gateway2/dependencies/install/include/WPEFramework/interfaces/json/JBrowserResources.h", "pattern": "/^namespace Exchange {$/", "language": "C++", "kind": "namespace", "scope": "WPEFramework", "scopeKind": "namespace"}, {"_type": "tag", "name": "JBrowserResources", "path": "/home/kavia/workspace/code-generation/app-gateway2/dependencies/install/include/WPEFramework/interfaces/json/JBrowserResources.h", "pattern": "/^    namespace JBrowserResources {$/", "language": "C++", "kind": "namespace", "scope": "WPEFramework::Exchange", "scopeKind": "namespace"}, {"_type": "tag", "name": "JSONRPC", "path": "/home/kavia/workspace/code-generation/app-gateway2/dependencies/install/include/WPEFramework/interfaces/json/JBrowserResources.h", "pattern": "/^        using JSONRPC = PluginHost::JSONRPC;$/", "language": "C++", "typeref": "typename:PluginHost::JSONRPC", "kind": "typedef", "scope": "WPEFramework::Exchange::JBrowserResources", "scopeKind": "namespace"}, {"_type": "tag", "name": "Major", "path": "/home/kavia/workspace/code-generation/app-gateway2/dependencies/install/include/WPEFramework/interfaces/json/JBrowserResources.h", "pattern": "/^            constexpr uint8_t Major = 1;$/", "language": "C++", "typeref": "typename:uint8_t", "kind": "variable", "scope": "WPEFramework::Exchange::JBrowserResources::Version", "scopeKind": "namespace"}, {"_type": "tag", "name": "Minor", "path": "/home/kavia/workspace/code-generation/app-gateway2/dependencies/install/include/WPEFramework/interfaces/json/JBrowserResources.h", "pattern": "/^            constexpr uint8_t Minor = 0;$/", "language": "C++", "typeref": "typename:uint8_t", "kind": "variable", "scope": "WPEFramework::Exchange::JBrowserResources::Version", "scopeKind": "namespace"}, {"_type": "tag", "name": "PUSH_WARNING", "path": "/home/kavia/workspace/code-generation/app-gateway2/dependencies/install/include/WPEFramework/interfaces/json/JBrowserResources.h", "pattern": "/^        PUSH_WARNING(DISABLE_WARNING_UNUSED_FUNCTIONS)$/", "language": "C++", "kind": "function", "signature": "(DISABLE_WARNING_UNUSED_FUNCTIONS)", "scope": "WPEFramework::Exchange::JBrowserResources", "scopeKind": "namespace"}, {"_type": "tag", "name": "Patch", "path": "/home/kavia/workspace/code-generation/app-gateway2/dependencies/install/include/WPEFramework/interfaces/json/JBrowserResources.h", "pattern": "/^            constexpr uint8_t Patch = 0;$/", "language": "C++", "typeref": "typename:uint8_t", "kind": "variable", "scope": "WPEFramework::Exchange::JBrowserResources::Version", "scopeKind": "namespace"}, {"_type": "tag", "name": "Unregister", "path": "/home/kavia/workspace/code-generation/app-gateway2/dependencies/install/include/WPEFramework/interfaces/json/JBrowserResources.h", "pattern": "/^        static void Unregister(JSONRPC& _module_)$/", "language": "C++", "typeref": "typename:void", "kind": "function", "signature": "(JSONRPC & _module_)", "scope": "WPEFramework::Exchange::JBrowserResources", "scopeKind": "namespace"}, {"_type": "tag", "name": "Version", "path": "/home/kavia/workspace/code-generation/app-gateway2/dependencies/install/include/WPEFramework/interfaces/json/JBrowserResources.h", "pattern": "/^        namespace Version {$/", "language": "C++", "kind": "namespace", "scope": "WPEFramework::Exchange::JBrowserResources", "scopeKind": "namespace"}, {"_type": "tag", "name": "WPEFramework", "path": "/home/kavia/workspace/code-generation/app-gateway2/dependencies/install/include/WPEFramework/interfaces/json/JBrowserResources.h", "pattern": "/^namespace WPEFramework {$/", "language": "C++", "kind": "namespace"}, {"_type": "tag", "name": "__anonfd315d3c0102", "path": "/home/kavia/workspace/code-generation/app-gateway2/dependencies/install/include/WPEFramework/interfaces/json/JBrowserResources.h", "pattern": "/^                [_impl_](const Core::JSON::ArrayType<Core::JSON::String>& params, Core::JSON::Ar/", "file": true, "language": "C++", "typeref": "typename:uint32_t", "kind": "function", "signature": "(const Core::JSON::ArrayType<Core::JSON::String>& params, Core::JSON::ArrayType<Core::JSON::String>& result) ", "scope": "WPEFramework::Exchange::JBrowserResources::PUSH_WARNING", "scopeKind": "function"}, {"_type": "tag", "name": "__anonfd315d3c0202", "path": "/home/kavia/workspace/code-generation/app-gateway2/dependencies/install/include/WPEFramework/interfaces/json/JBrowserResources.h", "pattern": "/^                [_impl_](const Core::JSON::ArrayType<Core::JSON::String>& params, Core::JSON::Ar/", "file": true, "language": "C++", "typeref": "typename:uint32_t", "kind": "function", "signature": "(const Core::JSON::ArrayType<Core::JSON::String>& params, Core::JSON::ArrayType<Core::JSON::String>& result) ", "scope": "WPEFramework::Exchange::JBrowserResources::PUSH_WARNING", "scopeKind": "function"}], "hash": "3740497886086b61e7480f2f7aa33500", "format-version": 4, "code-base-name": "app-gateway2", "filename": "dependencies/install/include/WPEFramework/interfaces/json/JBrowserResources.h", "fields": [{"name": "uint8_t Major", "scope": "WPEFramework::Exchange::JBrowserResources::Version", "scopeKind": "namespace", "description": "unavailable"}, {"name": "uint8_t Minor", "scope": "WPEFramework::Exchange::JBrowserResources::Version", "scopeKind": "namespace", "description": "unavailable"}, {"name": "uint8_t Patch", "scope": "WPEFramework::Exchange::JBrowserResources::Version", "scopeKind": "namespace", "description": "unavailable"}], "revision_history": [{"17113": "0f87a35b32215bc8547fb583d6c84bd51f603f69"}]}