{"is_source_file": true, "format": "C++ header file", "description": "This file declares the Random functions and inline methods for generating random values of various types within the WPEFramework::Crypto namespace. It provides declarations for external functions and inline wrappers for different integer types, along with a templated function to generate ranged random values.", "external_files": ["Module.h"], "external_methods": ["WPEFramework::Crypto::Reseed", "WPEFramework::Crypto::Random(uint8_t&)", "WPEFramework::Crypto::Random(uint16_t&)", "WPEFramework::Crypto::Random(uint32_t&)", "WPEFramework::Crypto::Random(uint64_t&)"], "published": ["WPEFramework::Crypto::Reseed", "WPEFramework::Crypto::Random(uint8_t&)", "WPEFramework::Crypto::Random(uint16_t&)", "WPEFramework::Crypto::Random(uint32_t&)", "WPEFramework::Crypto::Random(uint64_t&)", "WPEFramework::Crypto::Random(int8_t&)", "WPEFramework::Crypto::Random(int16_t&)", "WPEFramework::Crypto::Random(int32_t&)", "WPEFramework::Crypto::Random(int64_t&)", "WPEFramework::Crypto::Random(DESTTYPE& value, const DESTTYPE minimum, const DESTTYPE maximum)"], "classes": [], "methods": [{"name": "Random(int8_t& value)", "description": "Inline function that wraps the uint8_t Random function to generate random int8_t values."}, {"name": "Random(int16_t& value)", "description": "Inline function that wraps the uint16_t Random function to generate random int16_t values."}, {"name": "Random(int32_t& value)", "description": "Inline function that wraps the uint32_t Random function to generate random int32_t values."}, {"name": "Random(int64_t& value)", "description": "Inline function that wraps the uint64_t Random function to generate random int64_t values."}, {"name": "Random(DESTTYPE& value, const DESTTYPE minimum, const DESTTYPE maximum)", "description": "Template function to generate a random value within a specified range."}, {"name": "void Random(int16_t & value)", "scope": "WPEFramework::Crypto", "scopeKind": "namespace", "description": "unavailable"}, {"name": "void Random(int32_t & value)", "scope": "WPEFramework::Crypto", "scopeKind": "namespace", "description": "unavailable"}, {"name": "void Random(int64_t & value)", "scope": "WPEFramework::Crypto", "scopeKind": "namespace", "description": "unavailable"}, {"name": "void Random(int8_t & value)", "scope": "WPEFramework::Crypto", "scopeKind": "namespace", "description": "unavailable"}, {"name": "void Random(DESTTYPE & value,const DESTTYPE minimum,const DESTTYPE maximum)", "scope": "WPEFramework::Crypto", "scopeKind": "namespace", "description": "unavailable"}], "calls": ["WPEFramework::Crypto::Random(uint8_t&)", "WPEFramework::Crypto::Random(uint16_t&)", "WPEFramework::Crypto::Random(uint32_t&)", "WPEFramework::Crypto::Random(uint64_t&)"], "search-terms": ["Random.h", "Crypto", "WPEFramework", "Random", "inline functions", "templated Random function", "int8_t", "int16_t", "int32_t", "int64_t"], "state": 2, "file_id": 8337, "knowledge_revision": 17053, "git_revision": "0f87a35b32215bc8547fb583d6c84bd51f603f69", "ctags": [{"_type": "tag", "name": "Crypto", "path": "/home/kavia/workspace/code-generation/app-gateway2/dependencies/install/include/WPEFramework/cryptalgo/Random.h", "pattern": "/^namespace Crypto {$/", "language": "C++", "kind": "namespace", "scope": "WPEFramework", "scopeKind": "namespace"}, {"_type": "tag", "name": "Random", "path": "/home/kavia/workspace/code-generation/app-gateway2/dependencies/install/include/WPEFramework/cryptalgo/Random.h", "pattern": "/^    inline void Random(int16_t& value)$/", "language": "C++", "typeref": "typename:void", "kind": "function", "signature": "(int16_t & value)", "scope": "WPEFramework::Crypto", "scopeKind": "namespace"}, {"_type": "tag", "name": "Random", "path": "/home/kavia/workspace/code-generation/app-gateway2/dependencies/install/include/WPEFramework/cryptalgo/Random.h", "pattern": "/^    inline void Random(int32_t& value)$/", "language": "C++", "typeref": "typename:void", "kind": "function", "signature": "(int32_t & value)", "scope": "WPEFramework::Crypto", "scopeKind": "namespace"}, {"_type": "tag", "name": "Random", "path": "/home/kavia/workspace/code-generation/app-gateway2/dependencies/install/include/WPEFramework/cryptalgo/Random.h", "pattern": "/^    inline void Random(int64_t& value)$/", "language": "C++", "typeref": "typename:void", "kind": "function", "signature": "(int64_t & value)", "scope": "WPEFramework::Crypto", "scopeKind": "namespace"}, {"_type": "tag", "name": "Random", "path": "/home/kavia/workspace/code-generation/app-gateway2/dependencies/install/include/WPEFramework/cryptalgo/Random.h", "pattern": "/^    inline void Random(int8_t& value)$/", "language": "C++", "typeref": "typename:void", "kind": "function", "signature": "(int8_t & value)", "scope": "WPEFramework::Crypto", "scopeKind": "namespace"}, {"_type": "tag", "name": "Random", "path": "/home/kavia/workspace/code-generation/app-gateway2/dependencies/install/include/WPEFramework/cryptalgo/Random.h", "pattern": "/^    void Random(DESTTYPE& value, const DESTTYPE minimum, const DESTTYPE maximum)$/", "language": "C++", "typeref": "typename:void", "kind": "function", "signature": "(DESTTYPE & value,const DESTTYPE minimum,const DESTTYPE maximum)", "scope": "WPEFramework::Crypto", "scopeKind": "namespace"}, {"_type": "tag", "name": "WPEFramework", "path": "/home/kavia/workspace/code-generation/app-gateway2/dependencies/install/include/WPEFramework/cryptalgo/Random.h", "pattern": "/^namespace WPEFramework {$/", "language": "C++", "kind": "namespace"}, {"_type": "tag", "name": "__RANDOM_H", "path": "/home/kavia/workspace/code-generation/app-gateway2/dependencies/install/include/WPEFramework/cryptalgo/Random.h", "pattern": "/^#define __RANDOM_H$/", "language": "C++", "kind": "macro"}], "hash": "e2b3826e358d1e0ebee53a1497a7b689", "format-version": 4, "code-base-name": "app-gateway2", "filename": "dependencies/install/include/WPEFramework/cryptalgo/Random.h", "revision_history": [{"17053": "0f87a35b32215bc8547fb583d6c84bd51f603f69"}]}