{"is_source_file": true, "format": "C++", "description": "This file contains C++ classes and enumerations related to the Power API JSON-RPC interface, including definitions for power states and a data container class for power information.", "external_files": ["<core/JSON.h>", "<core/Enumerate.h>"], "external_methods": [], "published": ["JsonData::Power::PowerData", "JsonData::Power::StateType"], "classes": [{"name": "PowerData", "description": "A JSON container class representing power state data and timeout information."}], "methods": [{"name": "PowerData()", "description": "Constructor initializing the PowerData object and setting up JSON fields.", "scope": "WPEFramework::JsonData::Power::PowerData", "scopeKind": "class"}, {"name": "IsValid()", "description": "Checks if the PowerData object has valid data (always returns true in this implementation)."}, {"name": "bool IsValid() const", "scope": "WPEFramework::JsonData::Power::PowerData", "scopeKind": "class", "description": "unavailable"}], "calls": [], "search-terms": ["Power", "PowerState", "JsonData_Power", "Power.json", "PowerData", "Power state enumeration"], "state": 2, "file_id": 8819, "knowledge_revision": 18482, "git_revision": "a019ef1ecf9043a6387775f8d60762f619f4c761", "ctags": [{"_type": "tag", "name": "ACTIVESTANDBY", "path": "/home/kavia/workspace/code-generation/app-gateway2/dependencies/build/ThunderInterfaces/definitions/generated/JsonData_Power.h", "pattern": "/^            ACTIVESTANDBY = 2,$/", "language": "C++", "kind": "enumerator", "scope": "WPEFramework::JsonData::Power::StateType", "scopeKind": "enum"}, {"_type": "tag", "name": "HIBERNATE", "path": "/home/kavia/workspace/code-generation/app-gateway2/dependencies/build/ThunderInterfaces/definitions/generated/JsonData_Power.h", "pattern": "/^            HIBERNATE = 5,$/", "language": "C++", "kind": "enumerator", "scope": "WPEFramework::JsonData::Power::StateType", "scopeKind": "enum"}, {"_type": "tag", "name": "IsValid", "path": "/home/kavia/workspace/code-generation/app-gateway2/dependencies/build/ThunderInterfaces/definitions/generated/JsonData_Power.h", "pattern": "/^            bool IsValid() const$/", "language": "C++", "typeref": "typename:bool", "kind": "function", "signature": "() const", "scope": "WPEFramework::JsonData::Power::PowerData", "scopeKind": "class"}, {"_type": "tag", "name": "JsonData", "path": "/home/kavia/workspace/code-generation/app-gateway2/dependencies/build/ThunderInterfaces/definitions/generated/JsonData_Power.h", "pattern": "/^namespace JsonData {$/", "language": "C++", "kind": "namespace", "scope": "WPEFramework", "scopeKind": "namespace"}, {"_type": "tag", "name": "ON", "path": "/home/kavia/workspace/code-generation/app-gateway2/dependencies/build/ThunderInterfaces/definitions/generated/JsonData_Power.h", "pattern": "/^            ON = 1,$/", "language": "C++", "kind": "enumerator", "scope": "WPEFramework::JsonData::Power::StateType", "scopeKind": "enum"}, {"_type": "tag", "name": "PASSIVESTANDBY", "path": "/home/kavia/workspace/code-generation/app-gateway2/dependencies/build/ThunderInterfaces/definitions/generated/JsonData_Power.h", "pattern": "/^            PASSIVESTANDBY = 3,$/", "language": "C++", "kind": "enumerator", "scope": "WPEFramework::JsonData::Power::StateType", "scopeKind": "enum"}, {"_type": "tag", "name": "POWEROFF", "path": "/home/kavia/workspace/code-generation/app-gateway2/dependencies/build/ThunderInterfaces/definitions/generated/JsonData_Power.h", "pattern": "/^            POWEROFF = 6$/", "language": "C++", "kind": "enumerator", "scope": "WPEFramework::JsonData::Power::StateType", "scopeKind": "enum"}, {"_type": "tag", "name": "Power", "path": "/home/kavia/workspace/code-generation/app-gateway2/dependencies/build/ThunderInterfaces/definitions/generated/JsonData_Power.h", "pattern": "/^    namespace Power {$/", "language": "C++", "kind": "namespace", "scope": "WPEFramework::JsonData", "scopeKind": "namespace"}, {"_type": "tag", "name": "PowerData", "path": "/home/kavia/workspace/code-generation/app-gateway2/dependencies/build/ThunderInterfaces/definitions/generated/JsonData_Power.h", "pattern": "/^            PowerData()$/", "language": "C++", "kind": "function", "signature": "()", "scope": "WPEFramework::JsonData::Power::PowerData", "scopeKind": "class"}, {"_type": "tag", "name": "PowerData", "path": "/home/kavia/workspace/code-generation/app-gateway2/dependencies/build/ThunderInterfaces/definitions/generated/JsonData_Power.h", "pattern": "/^        class PowerData : public Core::JSON::Container {$/", "language": "C++", "kind": "class", "scope": "WPEFramework::JsonData::Power", "scopeKind": "namespace"}, {"_type": "tag", "name": "Powerstate", "path": "/home/kavia/workspace/code-generation/app-gateway2/dependencies/build/ThunderInterfaces/definitions/generated/JsonData_Power.h", "pattern": "/^            Core::JSON::EnumType<StateType> Powerstate; \\/\\/ Power state$/", "language": "C++", "typeref": "typename:Core::JSON::EnumType<StateType>", "kind": "member", "scope": "WPEFramework::JsonData::Power::PowerData", "scopeKind": "class"}, {"_type": "tag", "name": "SUSPENDTORAM", "path": "/home/kavia/workspace/code-generation/app-gateway2/dependencies/build/ThunderInterfaces/definitions/generated/JsonData_Power.h", "pattern": "/^            SUSPENDTORAM = 4,$/", "language": "C++", "kind": "enumerator", "scope": "WPEFramework::JsonData::Power::StateType", "scopeKind": "enum"}, {"_type": "tag", "name": "StateType", "path": "/home/kavia/workspace/code-generation/app-gateway2/dependencies/build/ThunderInterfaces/definitions/generated/JsonData_Power.h", "pattern": "/^        enum StateType : uint8_t {$/", "language": "C++", "typeref": "typename:uint8_t", "kind": "enum", "scope": "WPEFramework::JsonData::Power", "scopeKind": "namespace"}, {"_type": "tag", "name": "Timeout", "path": "/home/kavia/workspace/code-generation/app-gateway2/dependencies/build/ThunderInterfaces/definitions/generated/JsonData_Power.h", "pattern": "/^            Core::JSON::DecUInt32 Timeout; \\/\\/ Time to wait for power state change$/", "language": "C++", "typeref": "typename:Core::JSON::DecUInt32", "kind": "member", "scope": "WPEFramework::JsonData::Power::PowerData", "scopeKind": "class"}, {"_type": "tag", "name": "WPEFramework", "path": "/home/kavia/workspace/code-generation/app-gateway2/dependencies/build/ThunderInterfaces/definitions/generated/JsonData_Power.h", "pattern": "/^namespace WPEFramework {$/", "language": "C++", "kind": "namespace"}], "hash": "dfaf79f99dae8c1899372fa6004fff33", "format-version": 4, "code-base-name": "app-gateway2", "filename": "dependencies/build/ThunderInterfaces/definitions/generated/JsonData_Power.h", "fields": [{"name": "Core::JSON::EnumType<StateType> Powerstate", "scope": "WPEFramework::JsonData::Power::PowerData", "scopeKind": "class", "description": "unavailable"}, {"name": "Core::JSON::DecUInt32 Timeout", "scope": "WPEFramework::JsonData::Power::PowerData", "scopeKind": "class", "description": "unavailable"}], "revision_history": [{"18482": "a019ef1ecf9043a6387775f8d60762f619f4c761"}]}