{"is_source_file": true, "format": "C++ header file", "description": "This header file defines a set of interface identifiers (uint32_t enums) used to identify various interfaces within the WPEFramework. The identifiers are organized within namespaces and serve as fixed IDs for interface communication and proxy/stub resolution across process boundaries. The file includes extensive commentary about ID management and grouping but contains no executable code or class definitions.", "external_files": [], "external_methods": [], "published": [], "classes": [], "methods": [], "calls": [], "search-terms": ["IDS", "interface identifiers", "WPEFramework", "Ids.h", "enum IDs", "interface IDs", "RPC::IDS", "ID_EXTERNAL_INTERFACE_OFFSET"], "state": 2, "file_id": 8350, "knowledge_revision": 17064, "git_revision": "0f87a35b32215bc8547fb583d6c84bd51f603f69", "ctags": [{"_type": "tag", "name": "Exchange", "path": "/home/kavia/workspace/code-generation/app-gateway2/dependencies/install/include/WPEFramework/interfaces/Ids.h", "pattern": "/^namespace Exchange {$/", "language": "C++", "kind": "namespace", "scope": "WPEFramework", "scopeKind": "namespace"}, {"_type": "tag", "name": "IDS", "path": "/home/kavia/workspace/code-generation/app-gateway2/dependencies/install/include/WPEFramework/interfaces/Ids.h", "pattern": "/^    enum IDS : uint32_t {$/", "language": "C++", "typeref": "typename:uint32_t", "kind": "enum", "scope": "WPEFramework::Exchange", "scopeKind": "namespace"}, {"_type": "tag", "name": "ID_ACCESSOROCDM", "path": "/home/kavia/workspace/code-generation/app-gateway2/dependencies/install/include/WPEFramework/interfaces/Ids.h", "pattern": "/^        ID_ACCESSOROCDM                              = RPC::IDS::ID_EXTERNAL_INTERFACE_OFFSET + /", "language": "C++", "kind": "enumerator", "scope": "WPEFramework::Exchange::IDS", "scopeKind": "enum"}, {"_type": "tag", "name": "ID_ACCESSOROCDM_NOTIFICATION", "path": "/home/kavia/workspace/code-generation/app-gateway2/dependencies/install/include/WPEFramework/interfaces/Ids.h", "pattern": "/^        ID_ACCESSOROCDM_NOTIFICATION                 = ID_ACCESSOROCDM + 1,$/", "language": "C++", "kind": "enumerator", "scope": "WPEFramework::Exchange::IDS", "scopeKind": "enum"}, {"_type": "tag", "name": "ID_AMAZONPRIME", "path": "/home/kavia/workspace/code-generation/app-gateway2/dependencies/install/include/WPEFramework/interfaces/Ids.h", "pattern": "/^        ID_AMAZONPRIME                               = RPC::IDS::ID_EXTERNAL_INTERFACE_OFFSET + /", "language": "C++", "kind": "enumerator", "scope": "WPEFramework::Exchange::IDS", "scopeKind": "enum"}, {"_type": "tag", "name": "ID_AMAZONPRIME_NOTIFICATION", "path": "/home/kavia/workspace/code-generation/app-gateway2/dependencies/install/include/WPEFramework/interfaces/Ids.h", "pattern": "/^        ID_AMAZONPRIME_NOTIFICATION                  = ID_AMAZONPRIME + 1,$/", "language": "C++", "kind": "enumerator", "scope": "WPEFramework::Exchange::IDS", "scopeKind": "enum"}, {"_type": "tag", "name": "ID_APPLICATION", "path": "/home/kavia/workspace/code-generation/app-gateway2/dependencies/install/include/WPEFramework/interfaces/Ids.h", "pattern": "/^        ID_APPLICATION                               = RPC::IDS::ID_EXTERNAL_INTERFACE_OFFSET + /", "language": "C++", "kind": "enumerator", "scope": "WPEFramework::Exchange::IDS", "scopeKind": "enum"}, {"_type": "tag", "name": "ID_APPLICATION_NOTIFICATION", "path": "/home/kavia/workspace/code-generation/app-gateway2/dependencies/install/include/WPEFramework/interfaces/Ids.h", "pattern": "/^        ID_APPLICATION_NOTIFICATION                  = ID_APPLICATION + 1,$/", "language": "C++", "kind": "enumerator", "scope": "WPEFramework::Exchange::IDS", "scopeKind": "enum"}, {"_type": "tag", "name": "ID_APP_MANAGER", "path": "/home/kavia/workspace/code-generation/app-gateway2/dependencies/install/include/WPEFramework/interfaces/Ids.h", "pattern": "/^        ID_APP_MANAGER                               = RPC::IDS::ID_EXTERNAL_INTERFACE_OFFSET + /", "language": "C++", "kind": "enumerator", "scope": "WPEFramework::Exchange::IDS", "scopeKind": "enum"}, {"_type": "tag", "name": "ID_APP_MANAGER_NOTIFICATION", "path": "/home/kavia/workspace/code-generation/app-gateway2/dependencies/install/include/WPEFramework/interfaces/Ids.h", "pattern": "/^        ID_APP_MANAGER_NOTIFICATION                  = ID_APP_MANAGER + 1$/", "language": "C++", "kind": "enumerator", "scope": "WPEFramework::Exchange::IDS", "scopeKind": "enum"}, {"_type": "tag", "name": "ID_AVNCLIENT", "path": "/home/kavia/workspace/code-generation/app-gateway2/dependencies/install/include/WPEFramework/interfaces/Ids.h", "pattern": "/^        ID_AVNCLIENT                                 = RPC::IDS::ID_EXTERNAL_INTERFACE_OFFSET + /", "language": "C++", "kind": "enumerator", "scope": "WPEFramework::Exchange::IDS", "scopeKind": "enum"}, {"_type": "tag", "name": "ID_AVSCLIENT", "path": "/home/kavia/workspace/code-generation/app-gateway2/dependencies/install/include/WPEFramework/interfaces/Ids.h", "pattern": "/^        ID_AVSCLIENT                                 = RPC::IDS::ID_EXTERNAL_INTERFACE_OFFSET + /", "language": "C++", "kind": "enumerator", "scope": "WPEFramework::Exchange::IDS", "scopeKind": "enum"}, {"_type": "tag", "name": "ID_AVSCONTROLLER", "path": "/home/kavia/workspace/code-generation/app-gateway2/dependencies/install/include/WPEFramework/interfaces/Ids.h", "pattern": "/^        ID_AVSCONTROLLER                             = ID_AVSCLIENT + 1,$/", "language": "C++", "kind": "enumerator", "scope": "WPEFramework::Exchange::IDS", "scopeKind": "enum"}, {"_type": "tag", "name": "ID_AVSCONTROLLER_NOTIFICATION", "path": "/home/kavia/workspace/code-generation/app-gateway2/dependencies/install/include/WPEFramework/interfaces/Ids.h", "pattern": "/^        ID_AVSCONTROLLER_NOTIFICATION                = ID_AVSCLIENT + 2,$/", "language": "C++", "kind": "enumerator", "scope": "WPEFramework::Exchange::IDS", "scopeKind": "enum"}, {"_type": "tag", "name": "ID_BLUETOOTH", "path": "/home/kavia/workspace/code-generation/app-gateway2/dependencies/install/include/WPEFramework/interfaces/Ids.h", "pattern": "/^        ID_BLUETOOTH                                 = RPC::IDS::ID_EXTERNAL_INTERFACE_OFFSET + /", "language": "C++", "kind": "enumerator", "scope": "WPEFramework::Exchange::IDS", "scopeKind": "enum"}, {"_type": "tag", "name": "ID_BLUETOOTHAUDIOSINK", "path": "/home/kavia/workspace/code-generation/app-gateway2/dependencies/install/include/WPEFramework/interfaces/Ids.h", "pattern": "/^        ID_BLUETOOTHAUDIOSINK                        = RPC::IDS::ID_EXTERNAL_INTERFACE_OFFSET + /", "language": "C++", "kind": "enumerator", "scope": "WPEFramework::Exchange::IDS", "scopeKind": "enum"}, {"_type": "tag", "name": "ID_BLUETOOTHAUDIOSINK_AUDIOCODECITERATOR", "path": "/home/kavia/workspace/code-generation/app-gateway2/dependencies/install/include/WPEFramework/interfaces/Ids.h", "pattern": "/^        ID_BLUETOOTHAUDIOSINK_AUDIOCODECITERATOR     = ID_BLUETOOTHAUDIOSINK + 2,$/", "language": "C++", "kind": "enumerator", "scope": "WPEFramework::Exchange::IDS", "scopeKind": "enum"}, {"_type": "tag", "name": "ID_BLUETOOTHAUDIOSINK_CALLBACK", "path": "/home/kavia/workspace/code-generation/app-gateway2/dependencies/install/include/WPEFramework/interfaces/Ids.h", "pattern": "/^        ID_BLUETOOTHAUDIOSINK_CALLBACK               = ID_BLUETOOTHAUDIOSINK + 1,$/", "language": "C++", "kind": "enumerator", "scope": "WPEFramework::Exchange::IDS", "scopeKind": "enum"}, {"_type": "tag", "name": "ID_BLUETOOTHAUDIOSINK_CONTROL", "path": "/home/kavia/workspace/code-generation/app-gateway2/dependencies/install/include/WPEFramework/interfaces/Ids.h", "pattern": "/^        ID_BLUETOOTHAUDIOSINK_CONTROL                = ID_BLUETOOTHAUDIOSINK + 4,$/", "language": "C++", "kind": "enumerator", "scope": "WPEFramework::Exchange::IDS", "scopeKind": "enum"}, {"_type": "tag", "name": "ID_BLUETOOTHAUDIOSINK_DRMSCHEMEITERATOR", "path": "/home/kavia/workspace/code-generation/app-gateway2/dependencies/install/include/WPEFramework/interfaces/Ids.h", "pattern": "/^        ID_BLUETOOTHAUDIOSINK_DRMSCHEMEITERATOR      = ID_BLUETOOTHAUDIOSINK + 3,$/", "language": "C++", "kind": "enumerator", "scope": "WPEFramework::Exchange::IDS", "scopeKind": "enum"}, {"_type": "tag", "name": "ID_BLUETOOTH_CLASSIC", "path": "/home/kavia/workspace/code-generation/app-gateway2/dependencies/install/include/WPEFramework/interfaces/Ids.h", "pattern": "/^        ID_BLUETOOTH_CLASSIC                         = ID_BLUETOOTH + 9,$/", "language": "C++", "kind": "enumerator", "scope": "WPEFramework::Exchange::IDS", "scopeKind": "enum"}, {"_type": "tag", "name": "ID_BLUETOOTH_CLASSIC_NOTIFICATION", "path": "/home/kavia/workspace/code-generation/app-gateway2/dependencies/install/include/WPEFramework/interfaces/Ids.h", "pattern": "/^        ID_BLUETOOTH_CLASSIC_NOTIFICATION            = ID_BLUETOOTH + 10,$/", "language": "C++", "kind": "enumerator", "scope": "WPEFramework::Exchange::IDS", "scopeKind": "enum"}, {"_type": "tag", "name": "ID_BLUETOOTH_DEVICE", "path": "/home/kavia/workspace/code-generation/app-gateway2/dependencies/install/include/WPEFramework/interfaces/Ids.h", "pattern": "/^        ID_BLUETOOTH_DEVICE                          = ID_BLUETOOTH + 1,$/", "language": "C++", "kind": "enumerator", "scope": "WPEFramework::Exchange::IDS", "scopeKind": "enum"}, {"_type": "tag", "name": "ID_BLUETOOTH_DEVICE_CALLBACK", "path": "/home/kavia/workspace/code-generation/app-gateway2/dependencies/install/include/WPEFramework/interfaces/Ids.h", "pattern": "/^        ID_BLUETOOTH_DEVICE_CALLBACK                 = ID_BLUETOOTH + 4,$/", "language": "C++", "kind": "enumerator", "scope": "WPEFramework::Exchange::IDS", "scopeKind": "enum"}, {"_type": "tag", "name": "ID_BLUETOOTH_DEVICE_CLASSIC", "path": "/home/kavia/workspace/code-generation/app-gateway2/dependencies/install/include/WPEFramework/interfaces/Ids.h", "pattern": "/^        ID_BLUETOOTH_DEVICE_CLASSIC                  = ID_BLUETOOTH + 6,$/", "language": "C++", "kind": "enumerator", "scope": "WPEFramework::Exchange::IDS", "scopeKind": "enum"}, {"_type": "tag", "name": "ID_BLUETOOTH_DEVICE_CLASSIC_SECURITYCALLBACK", "path": "/home/kavia/workspace/code-generation/app-gateway2/dependencies/install/include/WPEFramework/interfaces/Ids.h", "pattern": "/^        ID_BLUETOOTH_DEVICE_CLASSIC_SECURITYCALLBACK = ID_BLUETOOTH + 7,$/", "language": "C++", "kind": "enumerator", "scope": "WPEFramework::Exchange::IDS", "scopeKind": "enum"}, {"_type": "tag", "name": "ID_BLUETOOTH_DEVICE_ITERATOR", "path": "/home/kavia/workspace/code-generation/app-gateway2/dependencies/install/include/WPEFramework/interfaces/Ids.h", "pattern": "/^        ID_BLUETOOTH_DEVICE_ITERATOR                 = ID_BLUETOOTH + 2,$/", "language": "C++", "kind": "enumerator", "scope": "WPEFramework::Exchange::IDS", "scopeKind": "enum"}, {"_type": "tag", "name": "ID_BLUETOOTH_DEVICE_LOWENERGY", "path": "/home/kavia/workspace/code-generation/app-gateway2/dependencies/install/include/WPEFramework/interfaces/Ids.h", "pattern": "/^        ID_BLUETOOTH_DEVICE_LOWENERGY                = ID_BLUETOOTH + 8,$/", "language": "C++", "kind": "enumerator", "scope": "WPEFramework::Exchange::IDS", "scopeKind": "enum"}, {"_type": "tag", "name": "ID_BLUETOOTH_DEVICE_SECURITYCALLBACK", "path": "/home/kavia/workspace/code-generation/app-gateway2/dependencies/install/include/WPEFramework/interfaces/Ids.h", "pattern": "/^        ID_BLUETOOTH_DEVICE_SECURITYCALLBACK         = ID_BLUETOOTH + 5,$/", "language": "C++", "kind": "enumerator", "scope": "WPEFramework::Exchange::IDS", "scopeKind": "enum"}, {"_type": "tag", "name": "ID_BLUETOOTH_LOWENERGY", "path": "/home/kavia/workspace/code-generation/app-gateway2/dependencies/install/include/WPEFramework/interfaces/Ids.h", "pattern": "/^        ID_BLUETOOTH_LOWENERGY                       = ID_BLUETOOTH + 11,$/", "language": "C++", "kind": "enumerator", "scope": "WPEFramework::Exchange::IDS", "scopeKind": "enum"}, {"_type": "tag", "name": "ID_BLUETOOTH_LOWENERGY_NOTIFICATION", "path": "/home/kavia/workspace/code-generation/app-gateway2/dependencies/install/include/WPEFramework/interfaces/Ids.h", "pattern": "/^        ID_BLUETOOTH_LOWENERGY_NOTIFICATION          = ID_BLUETOOTH + 12,$/", "language": "C++", "kind": "enumerator", "scope": "WPEFramework::Exchange::IDS", "scopeKind": "enum"}, {"_type": "tag", "name": "ID_BLUETOOTH_NOTIFICATION", "path": "/home/kavia/workspace/code-generation/app-gateway2/dependencies/install/include/WPEFramework/interfaces/Ids.h", "pattern": "/^        ID_BLUETOOTH_NOTIFICATION                    = ID_BLUETOOTH + 3,$/", "language": "C++", "kind": "enumerator", "scope": "WPEFramework::Exchange::IDS", "scopeKind": "enum"}, {"_type": "tag", "name": "ID_BRIGHTNESS", "path": "/home/kavia/workspace/code-generation/app-gateway2/dependencies/install/include/WPEFramework/interfaces/Ids.h", "pattern": "/^        ID_BRIGHTNESS                                = RPC::IDS::ID_EXTERNAL_INTERFACE_OFFSET + /", "language": "C++", "kind": "enumerator", "scope": "WPEFramework::Exchange::IDS", "scopeKind": "enum"}, {"_type": "tag", "name": "ID_BROWSER", "path": "/home/kavia/workspace/code-generation/app-gateway2/dependencies/install/include/WPEFramework/interfaces/Ids.h", "pattern": "/^        ID_BROWSER                                   = RPC::IDS::ID_EXTERNAL_INTERFACE_OFFSET,$/", "language": "C++", "kind": "enumerator", "scope": "WPEFramework::Exchange::IDS", "scopeKind": "enum"}, {"_type": "tag", "name": "ID_BROWSER_COOKIEJAR", "path": "/home/kavia/workspace/code-generation/app-gateway2/dependencies/install/include/WPEFramework/interfaces/Ids.h", "pattern": "/^        ID_BROWSER_COOKIEJAR                         = ID_BROWSER + 8,$/", "language": "C++", "kind": "enumerator", "scope": "WPEFramework::Exchange::IDS", "scopeKind": "enum"}, {"_type": "tag", "name": "ID_BROWSER_COOKIEJAR_NOTIFICATION", "path": "/home/kavia/workspace/code-generation/app-gateway2/dependencies/install/include/WPEFramework/interfaces/Ids.h", "pattern": "/^        ID_BROWSER_COOKIEJAR_NOTIFICATION            = ID_BROWSER + 9,$/", "language": "C++", "kind": "enumerator", "scope": "WPEFramework::Exchange::IDS", "scopeKind": "enum"}, {"_type": "tag", "name": "ID_BROWSER_METADATA", "path": "/home/kavia/workspace/code-generation/app-gateway2/dependencies/install/include/WPEFramework/interfaces/Ids.h", "pattern": "/^        ID_BROWSER_METADATA                          = ID_BROWSER + 3,$/", "language": "C++", "kind": "enumerator", "scope": "WPEFramework::Exchange::IDS", "scopeKind": "enum"}, {"_type": "tag", "name": "ID_BROWSER_NOTIFICATION", "path": "/home/kavia/workspace/code-generation/app-gateway2/dependencies/install/include/WPEFramework/interfaces/Ids.h", "pattern": "/^        ID_BROWSER_NOTIFICATION                      = ID_BROWSER + 2,$/", "language": "C++", "kind": "enumerator", "scope": "WPEFramework::Exchange::IDS", "scopeKind": "enum"}, {"_type": "tag", "name": "ID_BROWSER_RESOURCES", "path": "/home/kavia/workspace/code-generation/app-gateway2/dependencies/install/include/WPEFramework/interfaces/Ids.h", "pattern": "/^        ID_BROWSER_RESOURCES                         = ID_BROWSER + 4,$/", "language": "C++", "kind": "enumerator", "scope": "WPEFramework::Exchange::IDS", "scopeKind": "enum"}, {"_type": "tag", "name": "ID_BROWSER_SCRIPTING", "path": "/home/kavia/workspace/code-generation/app-gateway2/dependencies/install/include/WPEFramework/interfaces/Ids.h", "pattern": "/^        ID_BROWSER_SCRIPTING                         = ID_BROWSER + 7,$/", "language": "C++", "kind": "enumerator", "scope": "WPEFramework::Exchange::IDS", "scopeKind": "enum"}, {"_type": "tag", "name": "ID_BROWSER_SECURITY", "path": "/home/kavia/workspace/code-generation/app-gateway2/dependencies/install/include/WPEFramework/interfaces/Ids.h", "pattern": "/^        ID_BROWSER_SECURITY                          = ID_BROWSER + 5,$/", "language": "C++", "kind": "enumerator", "scope": "WPEFramework::Exchange::IDS", "scopeKind": "enum"}, {"_type": "tag", "name": "ID_BUTLER", "path": "/home/kavia/workspace/code-generation/app-gateway2/dependencies/install/include/WPEFramework/interfaces/Ids.h", "pattern": "/^        ID_BUTLER                                    = RPC::IDS::ID_EXTERNAL_INTERFACE_OFFSET + /", "language": "C++", "kind": "enumerator", "scope": "WPEFramework::Exchange::IDS", "scopeKind": "enum"}, {"_type": "tag", "name": "ID_BUTLER_NOTIFICATION", "path": "/home/kavia/workspace/code-generation/app-gateway2/dependencies/install/include/WPEFramework/interfaces/Ids.h", "pattern": "/^        ID_BUTLER_NOTIFICATION                       = ID_BUTLER + 1,$/", "language": "C++", "kind": "enumerator", "scope": "WPEFramework::Exchange::IDS", "scopeKind": "enum"}, {"_type": "tag", "name": "ID_CAPTURE", "path": "/home/kavia/workspace/code-generation/app-gateway2/dependencies/install/include/WPEFramework/interfaces/Ids.h", "pattern": "/^        ID_CAPTURE                                   = RPC::IDS::ID_EXTERNAL_INTERFACE_OFFSET + /", "language": "C++", "kind": "enumerator", "scope": "WPEFramework::Exchange::IDS", "scopeKind": "enum"}, {"_type": "tag", "name": "ID_COLORIMETRY_ITERATOR", "path": "/home/kavia/workspace/code-generation/app-gateway2/dependencies/install/include/WPEFramework/interfaces/Ids.h", "pattern": "/^        ID_COLORIMETRY_ITERATOR                      = ID_DEVICE_PROPERTIES + 4,$/", "language": "C++", "kind": "enumerator", "scope": "WPEFramework::Exchange::IDS", "scopeKind": "enum"}, {"_type": "tag", "name": "ID_COMMAND", "path": "/home/kavia/workspace/code-generation/app-gateway2/dependencies/install/include/WPEFramework/interfaces/Ids.h", "pattern": "/^        ID_COMMAND                                   = RPC::IDS::ID_EXTERNAL_INTERFACE_OFFSET + /", "language": "C++", "kind": "enumerator", "scope": "WPEFramework::Exchange::IDS", "scopeKind": "enum"}, {"_type": "tag", "name": "ID_COMMAND_REGISTRATION", "path": "/home/kavia/workspace/code-generation/app-gateway2/dependencies/install/include/WPEFramework/interfaces/Ids.h", "pattern": "/^        ID_COMMAND_REGISTRATION                      = ID_COMMAND + 1,$/", "language": "C++", "kind": "enumerator", "scope": "WPEFramework::Exchange::IDS", "scopeKind": "enum"}, {"_type": "tag", "name": "ID_COMPOSITION", "path": "/home/kavia/workspace/code-generation/app-gateway2/dependencies/install/include/WPEFramework/interfaces/Ids.h", "pattern": "/^        ID_COMPOSITION                               = RPC::IDS::ID_EXTERNAL_INTERFACE_OFFSET + /", "language": "C++", "kind": "enumerator", "scope": "WPEFramework::Exchange::IDS", "scopeKind": "enum"}, {"_type": "tag", "name": "ID_COMPOSITION_CLIENT", "path": "/home/kavia/workspace/code-generation/app-gateway2/dependencies/install/include/WPEFramework/interfaces/Ids.h", "pattern": "/^        ID_COMPOSITION_CLIENT                        = ID_COMPOSITION + 1,$/", "language": "C++", "kind": "enumerator", "scope": "WPEFramework::Exchange::IDS", "scopeKind": "enum"}, {"_type": "tag", "name": "ID_COMPOSITION_CLIENTPROPERTIES", "path": "/home/kavia/workspace/code-generation/app-gateway2/dependencies/install/include/WPEFramework/interfaces/Ids.h", "pattern": "/^        ID_COMPOSITION_CLIENTPROPERTIES              = ID_COMPOSITION + 5,$/", "language": "C++", "kind": "enumerator", "scope": "WPEFramework::Exchange::IDS", "scopeKind": "enum"}, {"_type": "tag", "name": "ID_COMPOSITION_DISPLAY", "path": "/home/kavia/workspace/code-generation/app-gateway2/dependencies/install/include/WPEFramework/interfaces/Ids.h", "pattern": "/^        ID_COMPOSITION_DISPLAY                       = ID_COMPOSITION + 4,$/", "language": "C++", "kind": "enumerator", "scope": "WPEFramework::Exchange::IDS", "scopeKind": "enum"}, {"_type": "tag", "name": "ID_COMPOSITION_NOTIFICATION", "path": "/home/kavia/workspace/code-generation/app-gateway2/dependencies/install/include/WPEFramework/interfaces/Ids.h", "pattern": "/^        ID_COMPOSITION_NOTIFICATION                  = ID_COMPOSITION + 3,$/", "language": "C++", "kind": "enumerator", "scope": "WPEFramework::Exchange::IDS", "scopeKind": "enum"}, {"_type": "tag", "name": "ID_COMPOSITION_RENDER", "path": "/home/kavia/workspace/code-generation/app-gateway2/dependencies/install/include/WPEFramework/interfaces/Ids.h", "pattern": "/^        ID_COMPOSITION_RENDER                        = ID_COMPOSITION + 2,$/", "language": "C++", "kind": "enumerator", "scope": "WPEFramework::Exchange::IDS", "scopeKind": "enum"}, {"_type": "tag", "name": "ID_CONFIGURATION", "path": "/home/kavia/workspace/code-generation/app-gateway2/dependencies/install/include/WPEFramework/interfaces/Ids.h", "pattern": "/^        ID_CONFIGURATION                             = ID_APPLICATION + 2,$/", "language": "C++", "kind": "enumerator", "scope": "WPEFramework::Exchange::IDS", "scopeKind": "enum"}, {"_type": "tag", "name": "ID_CONNECTION_PROPERTIES", "path": "/home/kavia/workspace/code-generation/app-gateway2/dependencies/install/include/WPEFramework/interfaces/Ids.h", "pattern": "/^        ID_CONNECTION_PROPERTIES                     = ID_DEVICE_PROPERTIES + 2,$/", "language": "C++", "kind": "enumerator", "scope": "WPEFramework::Exchange::IDS", "scopeKind": "enum"}, {"_type": "tag", "name": "ID_CONNECTION_PROPERTIES_NOTIFICATION", "path": "/home/kavia/workspace/code-generation/app-gateway2/dependencies/install/include/WPEFramework/interfaces/Ids.h", "pattern": "/^        ID_CONNECTION_PROPERTIES_NOTIFICATION        = ID_DEVICE_PROPERTIES + 5,$/", "language": "C++", "kind": "enumerator", "scope": "WPEFramework::Exchange::IDS", "scopeKind": "enum"}, {"_type": "tag", "name": "ID_CONTENTDECRYPTION", "path": "/home/kavia/workspace/code-generation/app-gateway2/dependencies/install/include/WPEFramework/interfaces/Ids.h", "pattern": "/^        ID_CONTENTDECRYPTION                         = RPC::IDS::ID_EXTERNAL_INTERFACE_OFFSET + /", "language": "C++", "kind": "enumerator", "scope": "WPEFramework::Exchange::IDS", "scopeKind": "enum"}, {"_type": "tag", "name": "ID_CONTENTDECRYPTION_NOTIFICATION", "path": "/home/kavia/workspace/code-generation/app-gateway2/dependencies/install/include/WPEFramework/interfaces/Ids.h", "pattern": "/^        ID_CONTENTDECRYPTION_NOTIFICATION            = ID_CONTENTDECRYPTION + 1,$/", "language": "C++", "kind": "enumerator", "scope": "WPEFramework::Exchange::IDS", "scopeKind": "enum"}, {"_type": "tag", "name": "ID_CUSTOMER_CARE_OPERATIONS", "path": "/home/kavia/workspace/code-generation/app-gateway2/dependencies/install/include/WPEFramework/interfaces/Ids.h", "pattern": "/^        ID_CUSTOMER_CARE_OPERATIONS                  = RPC::IDS::ID_EXTERNAL_INTERFACE_OFFSET + /", "language": "C++", "kind": "enumerator", "scope": "WPEFramework::Exchange::IDS", "scopeKind": "enum"}, {"_type": "tag", "name": "ID_DEVICE_CAPABILITIES_AUDIO", "path": "/home/kavia/workspace/code-generation/app-gateway2/dependencies/install/include/WPEFramework/interfaces/Ids.h", "pattern": "/^        ID_DEVICE_CAPABILITIES_AUDIO                 = ID_DEVICE_INFO + 1,$/", "language": "C++", "kind": "enumerator", "scope": "WPEFramework::Exchange::IDS", "scopeKind": "enum"}, {"_type": "tag", "name": "ID_DEVICE_CAPABILITIES_AUDIO_CAPABILITY", "path": "/home/kavia/workspace/code-generation/app-gateway2/dependencies/install/include/WPEFramework/interfaces/Ids.h", "pattern": "/^        ID_DEVICE_CAPABILITIES_AUDIO_CAPABILITY      = ID_DEVICE_INFO + 3,$/", "language": "C++", "kind": "enumerator", "scope": "WPEFramework::Exchange::IDS", "scopeKind": "enum"}, {"_type": "tag", "name": "ID_DEVICE_CAPABILITIES_AUDIO_MS12_CAPABILITY", "path": "/home/kavia/workspace/code-generation/app-gateway2/dependencies/install/include/WPEFramework/interfaces/Ids.h", "pattern": "/^        ID_DEVICE_CAPABILITIES_AUDIO_MS12_CAPABILITY = ID_DEVICE_INFO + 4,$/", "language": "C++", "kind": "enumerator", "scope": "WPEFramework::Exchange::IDS", "scopeKind": "enum"}, {"_type": "tag", "name": "ID_DEVICE_CAPABILITIES_AUDIO_MS12_PROFILE", "path": "/home/kavia/workspace/code-generation/app-gateway2/dependencies/install/include/WPEFramework/interfaces/Ids.h", "pattern": "/^        ID_DEVICE_CAPABILITIES_AUDIO_MS12_PROFILE    = ID_DEVICE_INFO + 5,$/", "language": "C++", "kind": "enumerator", "scope": "WPEFramework::Exchange::IDS", "scopeKind": "enum"}, {"_type": "tag", "name": "ID_DEVICE_CAPABILITIES_AUDIO_OUTPUT", "path": "/home/kavia/workspace/code-generation/app-gateway2/dependencies/install/include/WPEFramework/interfaces/Ids.h", "pattern": "/^        ID_DEVICE_CAPABILITIES_AUDIO_OUTPUT          = ID_DEVICE_INFO + 2,$/", "language": "C++", "kind": "enumerator", "scope": "WPEFramework::Exchange::IDS", "scopeKind": "enum"}, {"_type": "tag", "name": "ID_DEVICE_CAPABILITIES_RESOLUTION", "path": "/home/kavia/workspace/code-generation/app-gateway2/dependencies/install/include/WPEFramework/interfaces/Ids.h", "pattern": "/^        ID_DEVICE_CAPABILITIES_RESOLUTION            = ID_DEVICE_INFO + 8,$/", "language": "C++", "kind": "enumerator", "scope": "WPEFramework::Exchange::IDS", "scopeKind": "enum"}, {"_type": "tag", "name": "ID_DEVICE_CAPABILITIES_VIDEO", "path": "/home/kavia/workspace/code-generation/app-gateway2/dependencies/install/include/WPEFramework/interfaces/Ids.h", "pattern": "/^        ID_DEVICE_CAPABILITIES_VIDEO                 = ID_DEVICE_INFO + 6,$/", "language": "C++", "kind": "enumerator", "scope": "WPEFramework::Exchange::IDS", "scopeKind": "enum"}, {"_type": "tag", "name": "ID_DEVICE_CAPABILITIES_VIDEO_OUTPUT", "path": "/home/kavia/workspace/code-generation/app-gateway2/dependencies/install/include/WPEFramework/interfaces/Ids.h", "pattern": "/^        ID_DEVICE_CAPABILITIES_VIDEO_OUTPUT          = ID_DEVICE_INFO + 7,$/", "language": "C++", "kind": "enumerator", "scope": "WPEFramework::Exchange::IDS", "scopeKind": "enum"}, {"_type": "tag", "name": "ID_DEVICE_INFO", "path": "/home/kavia/workspace/code-generation/app-gateway2/dependencies/install/include/WPEFramework/interfaces/Ids.h", "pattern": "/^        ID_DEVICE_INFO                               = RPC::IDS::ID_EXTERNAL_INTERFACE_OFFSET + /", "language": "C++", "kind": "enumerator", "scope": "WPEFramework::Exchange::IDS", "scopeKind": "enum"}, {"_type": "tag", "name": "ID_DEVICE_PROPERTIES", "path": "/home/kavia/workspace/code-generation/app-gateway2/dependencies/install/include/WPEFramework/interfaces/Ids.h", "pattern": "/^        ID_DEVICE_PROPERTIES                         = RPC::IDS::ID_EXTERNAL_INTERFACE_OFFSET + /", "language": "C++", "kind": "enumerator", "scope": "WPEFramework::Exchange::IDS", "scopeKind": "enum"}, {"_type": "tag", "name": "ID_DIALSERVER", "path": "/home/kavia/workspace/code-generation/app-gateway2/dependencies/install/include/WPEFramework/interfaces/Ids.h", "pattern": "/^        ID_DIALSERVER                                = RPC::IDS::ID_EXTERNAL_INTERFACE_OFFSET + /", "language": "C++", "kind": "enumerator", "scope": "WPEFramework::Exchange::IDS", "scopeKind": "enum"}, {"_type": "tag", "name": "ID_DIALSERVER_APPLICATION", "path": "/home/kavia/workspace/code-generation/app-gateway2/dependencies/install/include/WPEFramework/interfaces/Ids.h", "pattern": "/^        ID_DIALSERVER_APPLICATION                    = ID_DIALSERVER + 1,$/", "language": "C++", "kind": "enumerator", "scope": "WPEFramework::Exchange::IDS", "scopeKind": "enum"}, {"_type": "tag", "name": "ID_DICTIONARY", "path": "/home/kavia/workspace/code-generation/app-gateway2/dependencies/install/include/WPEFramework/interfaces/Ids.h", "pattern": "/^        ID_DICTIONARY                                = RPC::IDS::ID_EXTERNAL_INTERFACE_OFFSET + /", "language": "C++", "kind": "enumerator", "scope": "WPEFramework::Exchange::IDS", "scopeKind": "enum"}, {"_type": "tag", "name": "ID_DICTIONARY_ITERATOR", "path": "/home/kavia/workspace/code-generation/app-gateway2/dependencies/install/include/WPEFramework/interfaces/Ids.h", "pattern": "/^        ID_DICTIONARY_ITERATOR                       = ID_DICTIONARY + 2,$/", "language": "C++", "kind": "enumerator", "scope": "WPEFramework::Exchange::IDS", "scopeKind": "enum"}, {"_type": "tag", "name": "ID_DICTIONARY_NOTIFICATION", "path": "/home/kavia/workspace/code-generation/app-gateway2/dependencies/install/include/WPEFramework/interfaces/Ids.h", "pattern": "/^        ID_DICTIONARY_NOTIFICATION                   = ID_DICTIONARY + 1,$/", "language": "C++", "kind": "enumerator", "scope": "WPEFramework::Exchange::IDS", "scopeKind": "enum"}, {"_type": "tag", "name": "ID_DISPLAY_PROPERTIES", "path": "/home/kavia/workspace/code-generation/app-gateway2/dependencies/install/include/WPEFramework/interfaces/Ids.h", "pattern": "/^        ID_DISPLAY_PROPERTIES                        = ID_DEVICE_PROPERTIES + 3,$/", "language": "C++", "kind": "enumerator", "scope": "WPEFramework::Exchange::IDS", "scopeKind": "enum"}, {"_type": "tag", "name": "ID_DOLBY_OUTPUT", "path": "/home/kavia/workspace/code-generation/app-gateway2/dependencies/install/include/WPEFramework/interfaces/Ids.h", "pattern": "/^        ID_DOLBY_OUTPUT                              = RPC::IDS::ID_EXTERNAL_INTERFACE_OFFSET + /", "language": "C++", "kind": "enumerator", "scope": "WPEFramework::Exchange::IDS", "scopeKind": "enum"}, {"_type": "tag", "name": "ID_DOLBY_OUTPUT_NOTIFICATION", "path": "/home/kavia/workspace/code-generation/app-gateway2/dependencies/install/include/WPEFramework/interfaces/Ids.h", "pattern": "/^        ID_DOLBY_OUTPUT_NOTIFICATION                 = ID_DOLBY_OUTPUT + 1,$/", "language": "C++", "kind": "enumerator", "scope": "WPEFramework::Exchange::IDS", "scopeKind": "enum"}, {"_type": "tag", "name": "ID_DSGCC_CLIENT", "path": "/home/kavia/workspace/code-generation/app-gateway2/dependencies/install/include/WPEFramework/interfaces/Ids.h", "pattern": "/^        ID_DSGCC_CLIENT                              = RPC::IDS::ID_EXTERNAL_INTERFACE_OFFSET + /", "language": "C++", "kind": "enumerator", "scope": "WPEFramework::Exchange::IDS", "scopeKind": "enum"}, {"_type": "tag", "name": "ID_DSGCC_CLIENT_NOTIFICATION", "path": "/home/kavia/workspace/code-generation/app-gateway2/dependencies/install/include/WPEFramework/interfaces/Ids.h", "pattern": "/^        ID_DSGCC_CLIENT_NOTIFICATION                 = ID_DSGCC_CLIENT + 1,$/", "language": "C++", "kind": "enumerator", "scope": "WPEFramework::Exchange::IDS", "scopeKind": "enum"}, {"_type": "tag", "name": "ID_EXTERNAL", "path": "/home/kavia/workspace/code-generation/app-gateway2/dependencies/install/include/WPEFramework/interfaces/Ids.h", "pattern": "/^        ID_EXTERNAL                                  = RPC::IDS::ID_EXTERNAL_INTERFACE_OFFSET + /", "language": "C++", "kind": "enumerator", "scope": "WPEFramework::Exchange::IDS", "scopeKind": "enum"}], "hash": "e925021d10591cf7c39a4edacb1092ef", "format-version": 4, "code-base-name": "app-gateway2", "filename": "dependencies/install/include/WPEFramework/interfaces/Ids.h", "revision_history": [{"17064": "0f87a35b32215bc8547fb583d6c84bd51f603f69"}]}