{"is_source_file": true, "format": "C++ header file", "description": "This file defines classes and interfaces for handling JSON data structures, including serialization, deserialization, error handling, and support for number, string, boolean, and object types. It appears to be part of the core utilities of the WPEFramework, providing the foundational JSON parsing and serialization functionalities used across the project.", "external_files": ["Enumerate.h", "FileSystem.h", "Number.h", "Portability.h", "Proxy.h", "Serialization.h", "TextFragment.h", "TypeTraits.h"], "external_methods": [], "published": ["Error", "IElement", "IMessagePack", "ErrorDisplayMessage", "NumberType", "DecUInt8", "DecSInt8", "DecUInt16", "DecSInt16", "DecUInt32", "DecSInt32", "DecUInt64", "DecSInt64", "HexUInt8", "HexSInt8", "HexUInt16", "HexSInt16", "HexUInt32", "HexSInt32", "HexUInt64", "HexSInt64", "OctUInt8", "OctSInt8", "OctUInt16", "OctSInt16", "OctUInt32", "OctSInt32", "OctUInt64", "OctSInt64", "InstanceId", "Pointer", "Float", "Double", "Boolean", "String"], "classes": [{"name": "Error", "description": "Represents an error in JSON processing, including a message, context, and position information."}, {"name": "IElement", "description": "Interface for JSON elements supporting serialization and deserialization, with methods for clearing, checking state, and converting to and from strings or files."}, {"name": "IMessagePack", "description": "Interface for MessagePack serialization/deserialization of JSON elements."}, {"name": "NumberType", "description": "Template class for representing numeric JSON values of various types, supporting serialization and deserialization."}, {"name": "FloatType", "description": "Template class for floating-point JSON values."}, {"name": "Boolean", "description": "Class representing a boolean JSON value, supporting serialization and deserialization."}, {"name": "String", "description": "Class representing a string JSON value with support for quoting, serialization, and deserialization."}, {"name": "Container", "description": "Class for handling JSON object containers, supporting serialization, deserialization, iteration, label management, and nested object handling."}, {"name": "Variant", "description": "Class representing a JSON value that can hold multiple types (null, boolean, number, string, array, object, float, double), supporting conversions, serialization, deserialization, and validation."}, {"name": "VariantContainer", "description": "Class for JSON object containers holding key-value pairs with flexible type variants, supporting nested objects, label management, and iteration."}], "methods": [{"name": "ErrorDisplayMessage", "description": "Returns a human-readable display message for a given Error object."}, {"name": "ELEMENT & Add()", "scope": "WPEFramework::Core::JSON::ArrayType", "scopeKind": "class", "description": "unavailable"}, {"name": "ELEMENT & Add(const ELEMENT & element)", "scope": "WPEFramework::Core::JSON::ArrayType", "scopeKind": "class", "description": "unavailable"}, {"name": "void Add(const TCHAR label[],IElement * element)", "scope": "WPEFramework::Core::JSON::Container", "scopeKind": "class", "description": "unavailable"}, {"name": "ArrayType<Variant> Array() const", "scope": "WPEFramework::Core::JSON::Variant", "scopeKind": "class", "description": "unavailable"}, {"name": "void Array(const ArrayType<Variant> & value)", "scope": "WPEFramework::Core::JSON::Variant", "scopeKind": "class", "description": "unavailable"}, {"name": "ArrayType()", "scope": "WPEFramework::Core::JSON::ArrayType", "scopeKind": "class", "description": "unavailable"}, {"name": "ArrayType(ArrayType<ELEMENT> && move)", "scope": "WPEFramework::Core::JSON::ArrayType", "scopeKind": "class", "description": "unavailable"}, {"name": "ArrayType(const ArrayType<ELEMENT> & copy)", "scope": "WPEFramework::Core::JSON::ArrayType", "scopeKind": "class", "description": "unavailable"}, {"name": "Boolean()", "scope": "WPEFramework::Core::JSON::Boolean", "scopeKind": "class", "description": "unavailable"}, {"name": "Boolean(Boolean && move)", "scope": "WPEFramework::Core::JSON::Boolean", "scopeKind": "class", "description": "unavailable"}, {"name": "Boolean(const Boolean & copy)", "scope": "WPEFramework::Core::JSON::Boolean", "scopeKind": "class", "description": "unavailable"}, {"name": "Boolean(const bool Value)", "scope": "WPEFramework::Core::JSON::Boolean", "scopeKind": "class", "description": "unavailable"}, {"name": "bool Boolean() const", "scope": "WPEFramework::Core::JSON::Variant", "scopeKind": "class", "description": "unavailable"}, {"name": "void Boolean(const bool value)", "scope": "WPEFramework::Core::JSON::Variant", "scopeKind": "class", "description": "unavailable"}, {"name": "Buffer()", "scope": "WPEFramework::Core::JSON::Buffer", "scopeKind": "class", "description": "unavailable"}, {"name": "Buffer(Buffer && move)", "scope": "WPEFramework::Core::JSON::Buffer", "scopeKind": "class", "description": "unavailable"}, {"name": "Buffer(const Buffer & copy)", "scope": "WPEFramework::Core::JSON::Buffer", "scopeKind": "class", "description": "unavailable"}, {"name": "void Clear()", "scope": "WPEFramework::Core::JSON::LabelType", "scopeKind": "class", "description": "unavailable"}, {"name": "ConstIteratorType()", "scope": "WPEFramework::Core::JSON::ArrayType::ConstIteratorType", "scopeKind": "class", "description": "unavailable"}, {"name": "ConstIteratorType(ConstIteratorType<ARRAYELEMENT> && move)", "scope": "WPEFramework::Core::JSON::ArrayType::ConstIteratorType", "scopeKind": "class", "description": "unavailable"}, {"name": "ConstIteratorType(const ArrayContainer & container)", "scope": "WPEFramework::Core::JSON::ArrayType::ConstIteratorType", "scopeKind": "class", "description": "unavailable"}, {"name": "ConstIteratorType(const ConstIteratorType<ARRAYELEMENT> & copy)", "scope": "WPEFramework::Core::JSON::ArrayType::ConstIteratorType", "scopeKind": "class", "description": "unavailable"}, {"name": "Container()", "scope": "WPEFramework::Core::JSON::Container", "scopeKind": "class", "description": "unavailable"}, {"name": "type Content() const", "scope": "WPEFramework::Core::JSON::Variant", "scopeKind": "class", "description": "unavailable"}, {"name": "string Context() const", "scope": "WPEFramework::Core::JSON::Error", "scopeKind": "struct", "description": "unavailable"}, {"name": "void Context(const char json[],size_t jsonLength,size_t pos)", "scope": "WPEFramework::Core::JSON::Error", "scopeKind": "struct", "description": "unavailable"}, {"name": "uint16_t Convert(char stream[],const uint16_t maxLength,uint32_t & offset) const", "scope": "WPEFramework::Core::JSON::FloatType", "scopeKind": "class", "description": "unavailable"}, {"name": "uint16_t Convert(char stream[],const uint16_t maxLength,uint32_t & offset,const TYPE serialize) const", "scope": "WPEFramework::Core::JSON::NumberType", "scopeKind": "class", "description": "unavailable"}, {"name": "uint16_t Convert(char stream[],const uint16_t maxLength,uint32_t & offset,const TemplateIntToType<false> &) const", "scope": "WPEFramework::Core::JSON::NumberType", "scopeKind": "class", "description": "unavailable"}, {"name": "uint16_t Convert(char stream[],const uint16_t maxLength,uint32_t & offset,const TemplateIntToType<true> &) const", "scope": "WPEFramework::Core::JSON::NumberType", "scopeKind": "class", "description": "unavailable"}, {"name": "uint16_t Convert(uint8_t stream[],const uint16_t maxLength,uint32_t & offset,const TemplateIntToType<false> &) const", "scope": "WPEFramework::Core::JSON::NumberType", "scopeKind": "class", "description": "unavailable"}, {"name": "uint16_t Convert(uint8_t stream[],const uint16_t maxLength,uint32_t & offset,const TemplateIntToType<true> &) const", "scope": "WPEFramework::Core::JSON::NumberType", "scopeKind": "class", "description": "unavailable"}, {"name": "uint32_t Count() const", "scope": "WPEFramework::Core::JSON::ArrayType::IteratorType", "scopeKind": "class", "description": "unavailable"}, {"name": "ARRAYELEMENT & Current()", "scope": "WPEFramework::Core::JSON::ArrayType::IteratorType", "scopeKind": "class", "description": "unavailable"}, {"name": "const ARRAYELEMENT & Current() const", "scope": "WPEFramework::Core::JSON::ArrayType::ConstIteratorType", "scopeKind": "class", "description": "unavailable"}, {"name": "const JSON::Variant & Current() const", "scope": "WPEFramework::Core::JSON::VariantContainer::Iterator", "scopeKind": "class", "description": "unavailable"}, {"name": "const TCHAR * Data() const", "scope": "WPEFramework::Core::JSON::EnumType", "scopeKind": "class", "description": "unavailable"}], "calls": [], "state": 2, "file_id": 8622, "knowledge_revision": 17348, "git_revision": "0f87a35b32215bc8547fb583d6c84bd51f603f69", "ctags": [{"_type": "tag", "name": "ARRAY", "path": "/home/kavia/workspace/code-generation/app-gateway2/dependencies/install/include/WPEFramework/core/JSON.h", "pattern": "/^                ARRAY,$/", "language": "C++", "kind": "enumerator", "scope": "WPEFramework::Core::JSON::Variant::type", "scopeKind": "enum"}, {"_type": "tag", "name": "AT_BEGINNING", "path": "/home/kavia/workspace/code-generation/app-gateway2/dependencies/install/include/WPEFramework/core/JSON.h", "pattern": "/^                    AT_BEGINNING,$/", "language": "C++", "kind": "enumerator", "scope": "WPEFramework::Core::JSON::ArrayType::ConstIteratorType::State", "scopeKind": "enum"}, {"_type": "tag", "name": "AT_BEGINNING", "path": "/home/kavia/workspace/code-generation/app-gateway2/dependencies/install/include/WPEFramework/core/JSON.h", "pattern": "/^                    AT_BEGINNING,$/", "language": "C++", "kind": "enumerator", "scope": "WPEFramework::Core::JSON::ArrayType::IteratorType::State", "scopeKind": "enum"}, {"_type": "tag", "name": "AT_BEGINNING", "path": "/home/kavia/workspace/code-generation/app-gateway2/dependencies/install/include/WPEFramework/core/JSON.h", "pattern": "/^                    AT_BEGINNING,$/", "language": "C++", "kind": "enumerator", "scope": "WPEFramework::Core::JSON::Container::Iterator::State", "scopeKind": "enum"}, {"_type": "tag", "name": "AT_ELEMENT", "path": "/home/kavia/workspace/code-generation/app-gateway2/dependencies/install/include/WPEFramework/core/JSON.h", "pattern": "/^                    AT_ELEMENT,$/", "language": "C++", "kind": "enumerator", "scope": "WPEFramework::Core::JSON::ArrayType::ConstIteratorType::State", "scopeKind": "enum"}, {"_type": "tag", "name": "AT_ELEMENT", "path": "/home/kavia/workspace/code-generation/app-gateway2/dependencies/install/include/WPEFramework/core/JSON.h", "pattern": "/^                    AT_ELEMENT,$/", "language": "C++", "kind": "enumerator", "scope": "WPEFramework::Core::JSON::ArrayType::IteratorType::State", "scopeKind": "enum"}, {"_type": "tag", "name": "AT_ELEMENT", "path": "/home/kavia/workspace/code-generation/app-gateway2/dependencies/install/include/WPEFramework/core/JSON.h", "pattern": "/^                    AT_ELEMENT,$/", "language": "C++", "kind": "enumerator", "scope": "WPEFramework::Core::JSON::Container::Iterator::State", "scopeKind": "enum"}, {"_type": "tag", "name": "AT_END", "path": "/home/kavia/workspace/code-generation/app-gateway2/dependencies/install/include/WPEFramework/core/JSON.h", "pattern": "/^                    AT_END$/", "language": "C++", "kind": "enumerator", "scope": "WPEFramework::Core::JSON::ArrayType::ConstIteratorType::State", "scopeKind": "enum"}, {"_type": "tag", "name": "AT_END", "path": "/home/kavia/workspace/code-generation/app-gateway2/dependencies/install/include/WPEFramework/core/JSON.h", "pattern": "/^                    AT_END$/", "language": "C++", "kind": "enumerator", "scope": "WPEFramework::Core::JSON::ArrayType::IteratorType::State", "scopeKind": "enum"}, {"_type": "tag", "name": "AT_END", "path": "/home/kavia/workspace/code-generation/app-gateway2/dependencies/install/include/WPEFramework/core/JSON.h", "pattern": "/^                    AT_END$/", "language": "C++", "kind": "enumerator", "scope": "WPEFramework::Core::JSON::Container::Iterator::State", "scopeKind": "enum"}, {"_type": "tag", "name": "Add", "path": "/home/kavia/workspace/code-generation/app-gateway2/dependencies/install/include/WPEFramework/core/JSON.h", "pattern": "/^            inline ELEMENT& Add()$/", "language": "C++", "typeref": "typename:ELEMENT &", "kind": "function", "signature": "()", "scope": "WPEFramework::Core::JSON::ArrayType", "scopeKind": "class"}, {"_type": "tag", "name": "Add", "path": "/home/kavia/workspace/code-generation/app-gateway2/dependencies/install/include/WPEFramework/core/JSON.h", "pattern": "/^            inline ELEMENT& Add(const ELEMENT& element)$/", "language": "C++", "typeref": "typename:ELEMENT &", "kind": "function", "signature": "(const ELEMENT & element)", "scope": "WPEFramework::Core::JSON::ArrayType", "scopeKind": "class"}, {"_type": "tag", "name": "Add", "path": "/home/kavia/workspace/code-generation/app-gateway2/dependencies/install/include/WPEFramework/core/JSON.h", "pattern": "/^            void Add(const TCHAR label[], IElement* element)$/", "language": "C++", "typeref": "typename:void", "kind": "function", "signature": "(const TCHAR label[],IElement * element)", "scope": "WPEFramework::Core::JSON::Container", "scopeKind": "class"}, {"_type": "tag", "name": "Array", "path": "/home/kavia/workspace/code-generation/app-gateway2/dependencies/install/include/WPEFramework/core/JSON.h", "pattern": "/^            ArrayType<Variant> Array() const$/", "language": "C++", "typeref": "typename:ArrayType<Variant>", "kind": "function", "signature": "() const", "scope": "WPEFramework::Core::JSON::Variant", "scopeKind": "class"}, {"_type": "tag", "name": "Array", "path": "/home/kavia/workspace/code-generation/app-gateway2/dependencies/install/include/WPEFramework/core/JSON.h", "pattern": "/^            void Array(const ArrayType<Variant>& value)$/", "language": "C++", "typeref": "typename:void", "kind": "function", "signature": "(const ArrayType<Variant> & value)", "scope": "WPEFramework::Core::JSON::Variant", "scopeKind": "class"}, {"_type": "tag", "name": "ArrayContainer", "path": "/home/kavia/workspace/code-generation/app-gateway2/dependencies/install/include/WPEFramework/core/JSON.h", "pattern": "/^                typedef std::list<ARRAYELEMENT> ArrayContainer;$/", "language": "C++", "typeref": "typename:std::list<ARRAYELEMENT>", "kind": "typedef", "scope": "WPEFramework::Core::JSON::ArrayType::ConstIteratorType", "scopeKind": "class"}, {"_type": "tag", "name": "ArrayContainer", "path": "/home/kavia/workspace/code-generation/app-gateway2/dependencies/install/include/WPEFramework/core/JSON.h", "pattern": "/^                typedef std::list<ARRAYELEMENT> ArrayContainer;$/", "language": "C++", "typeref": "typename:std::list<ARRAYELEMENT>", "kind": "typedef", "scope": "WPEFramework::Core::JSON::ArrayType::IteratorType", "scopeKind": "class"}, {"_type": "tag", "name": "ArrayType", "path": "/home/kavia/workspace/code-generation/app-gateway2/dependencies/install/include/WPEFramework/core/JSON.h", "pattern": "/^            ArrayType()$/", "language": "C++", "kind": "function", "signature": "()", "scope": "WPEFramework::Core::JSON::ArrayType", "scopeKind": "class"}, {"_type": "tag", "name": "ArrayType", "path": "/home/kavia/workspace/code-generation/app-gateway2/dependencies/install/include/WPEFramework/core/JSON.h", "pattern": "/^            ArrayType(ArrayType<ELEMENT>&& move) noexcept$/", "language": "C++", "kind": "function", "signature": "(ArrayType<ELEMENT> && move)", "scope": "WPEFramework::Core::JSON::ArrayType", "scopeKind": "class"}, {"_type": "tag", "name": "ArrayType", "path": "/home/kavia/workspace/code-generation/app-gateway2/dependencies/install/include/WPEFramework/core/JSON.h", "pattern": "/^            ArrayType(const ArrayType<ELEMENT>& copy)$/", "language": "C++", "kind": "function", "signature": "(const ArrayType<ELEMENT> & copy)", "scope": "WPEFramework::Core::JSON::ArrayType", "scopeKind": "class"}, {"_type": "tag", "name": "ArrayType", "path": "/home/kavia/workspace/code-generation/app-gateway2/dependencies/install/include/WPEFramework/core/JSON.h", "pattern": "/^        class ArrayType : public IElement, public IMessagePack {$/", "language": "C++", "kind": "class", "scope": "WPEFramework::Core::JSON", "scopeKind": "namespace"}, {"_type": "tag", "name": "BEGIN_MARKER", "path": "/home/kavia/workspace/code-generation/app-gateway2/dependencies/install/include/WPEFramework/core/JSON.h", "pattern": "/^            static constexpr uint16_t BEGIN_MARKER = 1;$/", "language": "C++", "typeref": "typename:uint16_t", "kind": "member", "scope": "WPEFramework::Core::JSON::ArrayType", "scopeKind": "class"}, {"_type": "tag", "name": "BEGIN_MARKER", "path": "/home/kavia/workspace/code-generation/app-gateway2/dependencies/install/include/WPEFramework/core/JSON.h", "pattern": "/^            static constexpr uint16_t BEGIN_MARKER = 1;$/", "language": "C++", "typeref": "typename:uint16_t", "kind": "member", "scope": "WPEFramework::Core::JSON::Container", "scopeKind": "class"}, {"_type": "tag", "name": "BOOLEAN", "path": "/home/kavia/workspace/code-generation/app-gateway2/dependencies/install/include/WPEFramework/core/JSON.h", "pattern": "/^                BOOLEAN,$/", "language": "C++", "kind": "enumerator", "scope": "WPEFramework::Core::JSON::Variant::type", "scopeKind": "enum"}, {"_type": "tag", "name": "Boolean", "path": "/home/kavia/workspace/code-generation/app-gateway2/dependencies/install/include/WPEFramework/core/JSON.h", "pattern": "/^            Boolean()$/", "language": "C++", "kind": "function", "signature": "()", "scope": "WPEFramework::Core::JSON::Boolean", "scopeKind": "class"}, {"_type": "tag", "name": "Boolean", "path": "/home/kavia/workspace/code-generation/app-gateway2/dependencies/install/include/WPEFramework/core/JSON.h", "pattern": "/^            Boolean(Boolean&& move) noexcept$/", "language": "C++", "kind": "function", "signature": "(Boolean && move)", "scope": "WPEFramework::Core::JSON::Boolean", "scopeKind": "class"}, {"_type": "tag", "name": "Boolean", "path": "/home/kavia/workspace/code-generation/app-gateway2/dependencies/install/include/WPEFramework/core/JSON.h", "pattern": "/^            Boolean(const Boolean& copy)$/", "language": "C++", "kind": "function", "signature": "(const Boolean & copy)", "scope": "WPEFramework::Core::JSON::Boolean", "scopeKind": "class"}, {"_type": "tag", "name": "Boolean", "path": "/home/kavia/workspace/code-generation/app-gateway2/dependencies/install/include/WPEFramework/core/JSON.h", "pattern": "/^            Boolean(const bool Value)$/", "language": "C++", "kind": "function", "signature": "(const bool Value)", "scope": "WPEFramework::Core::JSON::Boolean", "scopeKind": "class"}, {"_type": "tag", "name": "Boolean", "path": "/home/kavia/workspace/code-generation/app-gateway2/dependencies/install/include/WPEFramework/core/JSON.h", "pattern": "/^            bool Boolean() const$/", "language": "C++", "typeref": "typename:bool", "kind": "function", "signature": "() const", "scope": "WPEFramework::Core::JSON::Variant", "scopeKind": "class"}, {"_type": "tag", "name": "Boolean", "path": "/home/kavia/workspace/code-generation/app-gateway2/dependencies/install/include/WPEFramework/core/JSON.h", "pattern": "/^            void Boolean(const bool value)$/", "language": "C++", "typeref": "typename:void", "kind": "function", "signature": "(const bool value)", "scope": "WPEFramework::Core::JSON::Variant", "scopeKind": "class"}, {"_type": "tag", "name": "Boolean", "path": "/home/kavia/workspace/code-generation/app-gateway2/dependencies/install/include/WPEFramework/core/JSON.h", "pattern": "/^        class EXTERNAL Boolean : public IElement, public IMessagePack {$/", "language": "C++", "kind": "class", "scope": "WPEFramework::Core::JSON", "scopeKind": "namespace"}, {"_type": "tag", "name": "Buffer", "path": "/home/kavia/workspace/code-generation/app-gateway2/dependencies/install/include/WPEFramework/core/JSON.h", "pattern": "/^            Buffer()$/", "language": "C++", "kind": "function", "signature": "()", "scope": "WPEFramework::Core::JSON::Buffer", "scopeKind": "class"}, {"_type": "tag", "name": "Buffer", "path": "/home/kavia/workspace/code-generation/app-gateway2/dependencies/install/include/WPEFramework/core/JSON.h", "pattern": "/^            Buffer(Buffer&& move) noexcept$/", "language": "C++", "kind": "function", "signature": "(Buffer && move)", "scope": "WPEFramework::Core::JSON::Buffer", "scopeKind": "class"}, {"_type": "tag", "name": "Buffer", "path": "/home/kavia/workspace/code-generation/app-gateway2/dependencies/install/include/WPEFramework/core/JSON.h", "pattern": "/^            Buffer(const Buffer& copy)$/", "language": "C++", "kind": "function", "signature": "(const Buffer & copy)", "scope": "WPEFramework::Core::JSON::Buffer", "scopeKind": "class"}, {"_type": "tag", "name": "Buffer", "path": "/home/kavia/workspace/code-generation/app-gateway2/dependencies/install/include/WPEFramework/core/JSON.h", "pattern": "/^        class EXTERNAL Buffer : public IElement, public IMessagePack {$/", "language": "C++", "kind": "class", "scope": "WPEFramework::Core::JSON", "scopeKind": "namespace"}, {"_type": "tag", "name": "COMPLETE", "path": "/home/kavia/workspace/code-generation/app-gateway2/dependencies/install/include/WPEFramework/core/JSON.h", "pattern": "/^                COMPLETE = 0x20,$/", "language": "C++", "kind": "enumerator", "scope": "WPEFramework::Core::JSON::Container::modus", "scopeKind": "enum"}, {"_type": "tag", "name": "CURLY_BRACKET", "path": "/home/kavia/workspace/code-generation/app-gateway2/dependencies/install/include/WPEFramework/core/JSON.h", "pattern": "/^                CURLY_BRACKET = 0,$/", "language": "C++", "kind": "enumerator", "scope": "WPEFramework::Core::JSON::String::ScopeBracket", "scopeKind": "enum"}, {"_type": "tag", "name": "Clear", "path": "/home/kavia/workspace/code-generation/app-gateway2/dependencies/install/include/WPEFramework/core/JSON.h", "pattern": "/^            void Clear() override$/", "language": "C++", "typeref": "typename:void", "kind": "function", "signature": "()", "scope": "WPEFramework::Core::JSON::ArrayType", "scopeKind": "class"}, {"_type": "tag", "name": "Clear", "path": "/home/kavia/workspace/code-generation/app-gateway2/dependencies/install/include/WPEFramework/core/JSON.h", "pattern": "/^            void Clear() override$/", "language": "C++", "typeref": "typename:void", "kind": "function", "signature": "()", "scope": "WPEFramework::Core::JSON::Boolean", "scopeKind": "class"}, {"_type": "tag", "name": "Clear", "path": "/home/kavia/workspace/code-generation/app-gateway2/dependencies/install/include/WPEFramework/core/JSON.h", "pattern": "/^            void Clear() override$/", "language": "C++", "typeref": "typename:void", "kind": "function", "signature": "()", "scope": "WPEFramework::Core::JSON::Buffer", "scopeKind": "class"}, {"_type": "tag", "name": "Clear", "path": "/home/kavia/workspace/code-generation/app-gateway2/dependencies/install/include/WPEFramework/core/JSON.h", "pattern": "/^            void Clear() override$/", "language": "C++", "typeref": "typename:void", "kind": "function", "signature": "()", "scope": "WPEFramework::Core::JSON::Container", "scopeKind": "class"}, {"_type": "tag", "name": "Clear", "path": "/home/kavia/workspace/code-generation/app-gateway2/dependencies/install/include/WPEFramework/core/JSON.h", "pattern": "/^            void Clear() override$/", "language": "C++", "typeref": "typename:void", "kind": "function", "signature": "()", "scope": "WPEFramework::Core::JSON::EnumType", "scopeKind": "class"}, {"_type": "tag", "name": "Clear", "path": "/home/kavia/workspace/code-generation/app-gateway2/dependencies/install/include/WPEFramework/core/JSON.h", "pattern": "/^            void Clear() override$/", "language": "C++", "typeref": "typename:void", "kind": "function", "signature": "()", "scope": "WPEFramework::Core::JSON::FloatType", "scopeKind": "class"}, {"_type": "tag", "name": "Clear", "path": "/home/kavia/workspace/code-generation/app-gateway2/dependencies/install/include/WPEFramework/core/JSON.h", "pattern": "/^            void Clear() override$/", "language": "C++", "typeref": "typename:void", "kind": "function", "signature": "()", "scope": "WPEFramework::Core::JSON::NumberType", "scopeKind": "class"}, {"_type": "tag", "name": "Clear", "path": "/home/kavia/workspace/code-generation/app-gateway2/dependencies/install/include/WPEFramework/core/JSON.h", "pattern": "/^            void Clear() override$/", "language": "C++", "typeref": "typename:void", "kind": "function", "signature": "()", "scope": "WPEFramework::Core::JSON::String", "scopeKind": "class"}, {"_type": "tag", "name": "Clear", "path": "/home/kavia/workspace/code-generation/app-gateway2/dependencies/install/include/WPEFramework/core/JSON.h", "pattern": "/^            void Clear() override$/", "language": "C++", "typeref": "typename:void", "kind": "function", "signature": "()", "scope": "WPEFramework::Core::JSON::VariantContainer", "scopeKind": "class"}, {"_type": "tag", "name": "Clear", "path": "/home/kavia/workspace/code-generation/app-gateway2/dependencies/install/include/WPEFramework/core/JSON.h", "pattern": "/^            void Clear() {$/", "language": "C++", "typeref": "typename:void", "kind": "function", "signature": "()", "scope": "WPEFramework::Core::JSON::LabelType", "scopeKind": "class"}, {"_type": "tag", "name": "ConstIterator", "path": "/home/kavia/workspace/code-generation/app-gateway2/dependencies/install/include/WPEFramework/core/JSON.h", "pattern": "/^            typedef ConstIteratorType<ELEMENT> ConstIterator;$/", "language": "C++", "typeref": "typename:ConstIteratorType<ELEMENT>", "kind": "typedef", "scope": "WPEFramework::Core::JSON::ArrayType", "scopeKind": "class"}, {"_type": "tag", "name": "ConstIteratorType", "path": "/home/kavia/workspace/code-generation/app-gateway2/dependencies/install/include/WPEFramework/core/JSON.h", "pattern": "/^                ConstIteratorType()$/", "language": "C++", "kind": "function", "signature": "()", "scope": "WPEFramework::Core::JSON::ArrayType::ConstIteratorType", "scopeKind": "class"}, {"_type": "tag", "name": "ConstIteratorType", "path": "/home/kavia/workspace/code-generation/app-gateway2/dependencies/install/include/WPEFramework/core/JSON.h", "pattern": "/^                ConstIteratorType(ConstIteratorType<ARRAYELEMENT>&& move)$/", "language": "C++", "kind": "function", "signature": "(ConstIteratorType<ARRAYELEMENT> && move)", "scope": "WPEFramework::Core::JSON::ArrayType::ConstIteratorType", "scopeKind": "class"}, {"_type": "tag", "name": "ConstIteratorType", "path": "/home/kavia/workspace/code-generation/app-gateway2/dependencies/install/include/WPEFramework/core/JSON.h", "pattern": "/^                ConstIteratorType(const ArrayContainer& container)$/", "language": "C++", "kind": "function", "signature": "(const ArrayContainer & container)", "scope": "WPEFramework::Core::JSON::ArrayType::ConstIteratorType", "scopeKind": "class"}, {"_type": "tag", "name": "ConstIteratorType", "path": "/home/kavia/workspace/code-generation/app-gateway2/dependencies/install/include/WPEFramework/core/JSON.h", "pattern": "/^                ConstIteratorType(const ConstIteratorType<ARRAYELEMENT>& copy)$/", "language": "C++", "kind": "function", "signature": "(const ConstIteratorType<ARRAYELEMENT> & copy)", "scope": "WPEFramework::Core::JSON::ArrayType::ConstIteratorType", "scopeKind": "class"}, {"_type": "tag", "name": "ConstIteratorType", "path": "/home/kavia/workspace/code-generation/app-gateway2/dependencies/install/include/WPEFramework/core/JSON.h", "pattern": "/^            class ConstIteratorType {$/", "language": "C++", "kind": "class", "scope": "WPEFramework::Core::JSON::ArrayType", "scopeKind": "class"}, {"_type": "tag", "name": "Container", "path": "/home/kavia/workspace/code-generation/app-gateway2/dependencies/install/include/WPEFramework/core/JSON.h", "pattern": "/^            Container()$/", "language": "C++", "kind": "function", "signature": "()", "scope": "WPEFramework::Core::JSON::Container", "scopeKind": "class"}, {"_type": "tag", "name": "Container", "path": "/home/kavia/workspace/code-generation/app-gateway2/dependencies/install/include/WPEFramework/core/JSON.h", "pattern": "/^        class EXTERNAL Container : public IElement, public IMessagePack {$/", "language": "C++", "kind": "class", "scope": "WPEFramework::Core::JSON", "scopeKind": "namespace"}, {"_type": "tag", "name": "Content", "path": "/home/kavia/workspace/code-generation/app-gateway2/dependencies/install/include/WPEFramework/core/JSON.h", "pattern": "/^            type Content() const$/", "language": "C++", "typeref": "typename:type", "kind": "function", "signature": "() const", "scope": "WPEFramework::Core::JSON::Variant", "scopeKind": "class"}, {"_type": "tag", "name": "Context", "path": "/home/kavia/workspace/code-generation/app-gateway2/dependencies/install/include/WPEFramework/core/JSON.h", "pattern": "/^            string Context() const { return _context; }$/", "language": "C++", "typeref": "typename:string", "kind": "function", "signature": "() const", "scope": "WPEFramework::Core::JSON::Error", "scopeKind": "struct"}, {"_type": "tag", "name": "Context", "path": "/home/kavia/workspace/code-generation/app-gateway2/dependencies/install/include/WPEFramework/core/JSON.h", "pattern": "/^            void Context(const char json[], size_t jsonLength, size_t pos)$/", "language": "C++", "typeref": "typename:void", "kind": "function", "signature": "(const char json[],size_t jsonLength,size_t pos)", "scope": "WPEFramework::Core::JSON::Error", "scopeKind": "struct"}, {"_type": "tag", "name": "Convert", "path": "/home/kavia/workspace/code-generation/app-gateway2/dependencies/install/include/WPEFramework/core/JSON.h", "pattern": "/^            uint16_t Convert(char stream[], const uint16_t maxLength, uint32_t& offset) const$/", "language": "C++", "typeref": "typename:uint16_t", "kind": "function", "signature": "(char stream[],const uint16_t maxLength,uint32_t & offset) const", "scope": "WPEFramework::Core::JSON::FloatType", "scopeKind": "class"}, {"_type": "tag", "name": "Convert", "path": "/home/kavia/workspace/code-generation/app-gateway2/dependencies/install/include/WPEFramework/core/JSON.h", "pattern": "/^            uint16_t Convert(char stream[], const uint16_t maxLength, uint32_t& offset, const TY/", "language": "C++", "typeref": "typename:uint16_t", "kind": "function", "signature": "(char stream[],const uint16_t maxLength,uint32_t & offset,const TYPE serialize) const", "scope": "WPEFramework::Core::JSON::NumberType", "scopeKind": "class"}, {"_type": "tag", "name": "Convert", "path": "/home/kavia/workspace/code-generation/app-gateway2/dependencies/install/include/WPEFramework/core/JSON.h", "pattern": "/^            uint16_t Convert(char stream[], const uint16_t maxLength, uint32_t& offset, const Te/", "language": "C++", "typeref": "typename:uint16_t", "kind": "function", "signature": "(char stream[],const uint16_t maxLength,uint32_t & offset,const TemplateIntToType<false> &) const", "scope": "WPEFramework::Core::JSON::NumberType", "scopeKind": "class"}, {"_type": "tag", "name": "Convert", "path": "/home/kavia/workspace/code-generation/app-gateway2/dependencies/install/include/WPEFramework/core/JSON.h", "pattern": "/^            uint16_t Convert(char stream[], const uint16_t maxLength, uint32_t& offset, const Te/", "language": "C++", "typeref": "typename:uint16_t", "kind": "function", "signature": "(char stream[],const uint16_t maxLength,uint32_t & offset,const TemplateIntToType<true> &) const", "scope": "WPEFramework::Core::JSON::NumberType", "scopeKind": "class"}, {"_type": "tag", "name": "Convert", "path": "/home/kavia/workspace/code-generation/app-gateway2/dependencies/install/include/WPEFramework/core/JSON.h", "pattern": "/^            uint16_t Convert(uint8_t stream[], const uint16_t maxLength, uint32_t& offset, const/", "language": "C++", "typeref": "typename:uint16_t", "kind": "function", "signature": "(uint8_t stream[],const uint16_t maxLength,uint32_t & offset,const TemplateIntToType<false> &) const", "scope": "WPEFramework::Core::JSON::NumberType", "scopeKind": "class"}, {"_type": "tag", "name": "Convert", "path": "/home/kavia/workspace/code-generation/app-gateway2/dependencies/install/include/WPEFramework/core/JSON.h", "pattern": "/^            uint16_t Convert(uint8_t stream[], const uint16_t maxLength, uint32_t& offset, const/", "language": "C++", "typeref": "typename:uint16_t", "kind": "function", "signature": "(uint8_t stream[],const uint16_t maxLength,uint32_t & offset,const TemplateIntToType<true> &) const", "scope": "WPEFramework::Core::JSON::NumberType", "scopeKind": "class"}, {"_type": "tag", "name": "Core", "path": "/home/kavia/workspace/code-generation/app-gateway2/dependencies/install/include/WPEFramework/core/JSON.h", "pattern": "/^namespace Core {$/", "language": "C++", "kind": "namespace", "scope": "WPEFramework", "scopeKind": "namespace"}, {"_type": "tag", "name": "Count", "path": "/home/kavia/workspace/code-generation/app-gateway2/dependencies/install/include/WPEFramework/core/JSON.h", "pattern": "/^                inline uint32_t Count() const$/", "language": "C++", "typeref": "typename:uint32_t", "kind": "function", "signature": "() const", "scope": "WPEFramework::Core::JSON::ArrayType::ConstIteratorType", "scopeKind": "class"}, {"_type": "tag", "name": "Count", "path": "/home/kavia/workspace/code-generation/app-gateway2/dependencies/install/include/WPEFramework/core/JSON.h", "pattern": "/^                inline uint32_t Count() const$/", "language": "C++", "typeref": "typename:uint32_t", "kind": "function", "signature": "() const", "scope": "WPEFramework::Core::JSON::ArrayType::IteratorType", "scopeKind": "class"}, {"_type": "tag", "name": "Current", "path": "/home/kavia/workspace/code-generation/app-gateway2/dependencies/install/include/WPEFramework/core/JSON.h", "pattern": "/^                ARRAYELEMENT& Current()$/", "language": "C++", "typeref": "typename:ARRAYELEMENT &", "kind": "function", "signature": "()", "scope": "WPEFramework::Core::JSON::ArrayType::IteratorType", "scopeKind": "class"}, {"_type": "tag", "name": "Current", "path": "/home/kavia/workspace/code-generation/app-gateway2/dependencies/install/include/WPEFramework/core/JSON.h", "pattern": "/^                const ARRAYELEMENT& Current() const$/", "language": "C++", "typeref": "typename:const ARRAYELEMENT &", "kind": "function", "signature": "() const", "scope": "WPEFramework::Core::JSON::ArrayType::ConstIteratorType", "scopeKind": "class"}, {"_type": "tag", "name": "Current", "path": "/home/kavia/workspace/code-generation/app-gateway2/dependencies/install/include/WPEFramework/core/JSON.h", "pattern": "/^                const JSON::Variant& Current() const$/", "language": "C++", "typeref": "typename:const JSON::Variant &", "kind": "function", "signature": "() const", "scope": "WPEFramework::Core::JSON::VariantContainer::Iterator", "scopeKind": "class"}, {"_type": "tag", "name": "DECIMAL", "path": "/home/kavia/workspace/code-generation/app-gateway2/dependencies/install/include/WPEFramework/core/JSON.h", "pattern": "/^                DECIMAL = 0x00A,$/", "language": "C++", "kind": "enumerator", "scope": "WPEFramework::Core::JSON::NumberType::modes", "scopeKind": "enum"}, {"_type": "tag", "name": "DOUBLE", "path": "/home/kavia/workspace/code-generation/app-gateway2/dependencies/install/include/WPEFramework/core/JSON.h", "pattern": "/^                DOUBLE$/", "language": "C++", "kind": "enumerator", "scope": "WPEFramework::Core::JSON::Variant::type", "scopeKind": "enum"}, {"_type": "tag", "name": "Data", "path": "/home/kavia/workspace/code-generation/app-gateway2/dependencies/install/include/WPEFramework/core/JSON.h", "pattern": "/^            const TCHAR* Data() const$/", "language": "C++", "typeref": "typename:const TCHAR *", "kind": "function", "signature": "() const", "scope": "WPEFramework::Core::JSON::EnumType", "scopeKind": "class"}, {"_type": "tag", "name": "DecSInt16", "path": "/home/kavia/workspace/code-generation/app-gateway2/dependencies/install/include/WPEFramework/core/JSON.h", "pattern": "/^        typedef NumberType<int16_t, true, BASE_DECIMAL> DecSInt16;$/", "language": "C++", "typeref": "typename:NumberType<int16_t,true,BASE_DECIMAL>", "kind": "typedef", "scope": "WPEFramework::Core::JSON", "scopeKind": "namespace"}, {"_type": "tag", "name": "DecSInt32", "path": "/home/kavia/workspace/code-generation/app-gateway2/dependencies/install/include/WPEFramework/core/JSON.h", "pattern": "/^        typedef NumberType<int32_t, true, BASE_DECIMAL> DecSInt32;$/", "language": "C++", "typeref": "typename:NumberType<int32_t,true,BASE_DECIMAL>", "kind": "typedef", "scope": "WPEFramework::Core::JSON", "scopeKind": "namespace"}, {"_type": "tag", "name": "DecSInt64", "path": "/home/kavia/workspace/code-generation/app-gateway2/dependencies/install/include/WPEFramework/core/JSON.h", "pattern": "/^        typedef NumberType<int64_t, true, BASE_DECIMAL> DecSInt64;$/", "language": "C++", "typeref": "typename:NumberType<int64_t,true,BASE_DECIMAL>", "kind": "typedef", "scope": "WPEFramework::Core::JSON", "scopeKind": "namespace"}, {"_type": "tag", "name": "DecSInt8", "path": "/home/kavia/workspace/code-generation/app-gateway2/dependencies/install/include/WPEFramework/core/JSON.h", "pattern": "/^        typedef NumberType<int8_t, true, BASE_DECIMAL> DecSInt8;$/", "language": "C++", "typeref": "typename:NumberType<int8_t,true,BASE_DECIMAL>", "kind": "typedef", "scope": "WPEFramework::Core::JSON", "scopeKind": "namespace"}, {"_type": "tag", "name": "DecUInt16", "path": "/home/kavia/workspace/code-generation/app-gateway2/dependencies/install/include/WPEFramework/core/JSON.h", "pattern": "/^        typedef NumberType<uint16_t, false, BASE_DECIMAL> DecUInt16;$/", "language": "C++", "typeref": "typename:NumberType<uint16_t,false,BASE_DECIMAL>", "kind": "typedef", "scope": "WPEFramework::Core::JSON", "scopeKind": "namespace"}, {"_type": "tag", "name": "DecUInt32", "path": "/home/kavia/workspace/code-generation/app-gateway2/dependencies/install/include/WPEFramework/core/JSON.h", "pattern": "/^        typedef NumberType<uint32_t, false, BASE_DECIMAL> DecUInt32;$/", "language": "C++", "typeref": "typename:NumberType<uint32_t,false,BASE_DECIMAL>", "kind": "typedef", "scope": "WPEFramework::Core::JSON", "scopeKind": "namespace"}, {"_type": "tag", "name": "DefaultBit", "path": "/home/kavia/workspace/code-generation/app-gateway2/dependencies/install/include/WPEFramework/core/JSON.h", "pattern": "/^            static constexpr uint8_t DefaultBit = 0x02;$/", "language": "C++", "typeref": "typename:uint8_t", "kind": "member", "scope": "WPEFramework::Core::JSON::Boolean", "scopeKind": "class"}], "hash": "fa762073d221c978d3cd212066fed9d0", "format-version": 4, "code-base-name": "app-gateway2", "filename": "dependencies/install/include/WPEFramework/core/JSON.h", "search-terms": [], "fields": [{"name": "uint16_t BEGIN_MARKER", "scope": "WPEFramework::Core::JSON::ArrayType", "scopeKind": "class", "description": "unavailable"}, {"name": "uint8_t DefaultBit", "scope": "WPEFramework::Core::JSON::Boolean", "scopeKind": "class", "description": "unavailable"}], "revision_history": [{"17348": "0f87a35b32215bc8547fb583d6c84bd51f603f69"}]}