{"is_source_file": true, "format": "C++", "description": "This file contains auto-generated C++ classes related to the ZigWave JSON-RPC API, including data containers like BindParamsInfo and PermutableInfo used for JSON serialization and deserialization.", "external_files": ["<core/JSON.h>", "<interfaces/IZigWave.h>"], "external_methods": [], "published": ["JsonData::ZigWave::BindParamsInfo", "JsonData::ZigWave::PermutableInfo"], "classes": [{"name": "BindParamsInfo", "description": "A JSON container class representing binding parameters with source and destination identifiers."}, {"name": "PermutableInfo", "description": "A JSON container class representing a boolean flag indicating whether a device is permutable."}], "methods": [{"name": "bool IsValid() const", "description": "Returns true, indicating the JSON container is valid (placeholder implementation).", "scope": "WPEFramework::JsonData::ZigWave::PermutableInfo", "scopeKind": "class"}, {"name": "BindParamsInfo()", "scope": "WPEFramework::JsonData::ZigWave::BindParamsInfo", "scopeKind": "class", "description": "unavailable"}, {"name": "PermutableInfo()", "scope": "WPEFramework::JsonData::ZigWave::PermutableInfo", "scopeKind": "class", "description": "unavailable"}], "calls": [], "search-terms": ["JsonData", "ZigWave", "BindParamsInfo", "PermutableInfo", "JSON::Container", "generated header", "IZigWave", "JSON serialization"], "state": 2, "file_id": 8999, "knowledge_revision": 18663, "git_revision": "a019ef1ecf9043a6387775f8d60762f619f4c761", "ctags": [{"_type": "tag", "name": "BindParamsInfo", "path": "/home/kavia/workspace/code-generation/app-gateway2/dependencies/build/ThunderInterfaces/definitions/generated/JsonData_ZigWave.h", "pattern": "/^            BindParamsInfo()$/", "language": "C++", "kind": "function", "signature": "()", "scope": "WPEFramework::JsonData::ZigWave::BindParamsInfo", "scopeKind": "class"}, {"_type": "tag", "name": "BindParamsInfo", "path": "/home/kavia/workspace/code-generation/app-gateway2/dependencies/build/ThunderInterfaces/definitions/generated/JsonData_ZigWave.h", "pattern": "/^        class BindParamsInfo : public Core::JSON::Container {$/", "language": "C++", "kind": "class", "scope": "WPEFramework::JsonData::ZigWave", "scopeKind": "namespace"}, {"_type": "tag", "name": "Destination", "path": "/home/kavia/workspace/code-generation/app-gateway2/dependencies/build/ThunderInterfaces/definitions/generated/JsonData_ZigWave.h", "pattern": "/^            Core::JSON::DecUInt32 Destination; \\/\\/ Bind the *out* from the soure to the *in* of/", "language": "C++", "typeref": "typename:Core::JSON::DecUInt32", "kind": "member", "scope": "WPEFramework::JsonData::ZigWave::BindParamsInfo", "scopeKind": "class"}, {"_type": "tag", "name": "IsValid", "path": "/home/kavia/workspace/code-generation/app-gateway2/dependencies/build/ThunderInterfaces/definitions/generated/JsonData_ZigWave.h", "pattern": "/^            bool IsValid() const$/", "language": "C++", "typeref": "typename:bool", "kind": "function", "signature": "() const", "scope": "WPEFramework::JsonData::ZigWave::BindParamsInfo", "scopeKind": "class"}, {"_type": "tag", "name": "IsValid", "path": "/home/kavia/workspace/code-generation/app-gateway2/dependencies/build/ThunderInterfaces/definitions/generated/JsonData_ZigWave.h", "pattern": "/^            bool IsValid() const$/", "language": "C++", "typeref": "typename:bool", "kind": "function", "signature": "() const", "scope": "WPEFramework::JsonData::ZigWave::PermutableInfo", "scopeKind": "class"}, {"_type": "tag", "name": "JsonData", "path": "/home/kavia/workspace/code-generation/app-gateway2/dependencies/build/ThunderInterfaces/definitions/generated/JsonData_ZigWave.h", "pattern": "/^namespace JsonData {$/", "language": "C++", "kind": "namespace", "scope": "WPEFramework", "scopeKind": "namespace"}, {"_type": "tag", "name": "PermutableInfo", "path": "/home/kavia/workspace/code-generation/app-gateway2/dependencies/build/ThunderInterfaces/definitions/generated/JsonData_ZigWave.h", "pattern": "/^            PermutableInfo()$/", "language": "C++", "kind": "function", "signature": "()", "scope": "WPEFramework::JsonData::ZigWave::PermutableInfo", "scopeKind": "class"}, {"_type": "tag", "name": "PermutableInfo", "path": "/home/kavia/workspace/code-generation/app-gateway2/dependencies/build/ThunderInterfaces/definitions/generated/JsonData_ZigWave.h", "pattern": "/^        class PermutableInfo : public Core::JSON::Container {$/", "language": "C++", "kind": "class", "scope": "WPEFramework::JsonData::ZigWave", "scopeKind": "namespace"}, {"_type": "tag", "name": "Source", "path": "/home/kavia/workspace/code-generation/app-gateway2/dependencies/build/ThunderInterfaces/definitions/generated/JsonData_ZigWave.h", "pattern": "/^            Core::JSON::DecUInt32 Source; \\/\\/ Bind the *out* from the soure to the *in* of the /", "language": "C++", "typeref": "typename:Core::JSON::DecUInt32", "kind": "member", "scope": "WPEFramework::JsonData::ZigWave::BindParamsInfo", "scopeKind": "class"}, {"_type": "tag", "name": "Value", "path": "/home/kavia/workspace/code-generation/app-gateway2/dependencies/build/ThunderInterfaces/definitions/generated/JsonData_ZigWave.h", "pattern": "/^            Core::JSON::Boolean Value; \\/\\/ To allow new devices to the network, the controller /", "language": "C++", "typeref": "typename:Core::JSON::Boolean", "kind": "member", "scope": "WPEFramework::JsonData::ZigWave::PermutableInfo", "scopeKind": "class"}, {"_type": "tag", "name": "WPEFramework", "path": "/home/kavia/workspace/code-generation/app-gateway2/dependencies/build/ThunderInterfaces/definitions/generated/JsonData_ZigWave.h", "pattern": "/^namespace WPEFramework {$/", "language": "C++", "kind": "namespace"}, {"_type": "tag", "name": "ZigWave", "path": "/home/kavia/workspace/code-generation/app-gateway2/dependencies/build/ThunderInterfaces/definitions/generated/JsonData_ZigWave.h", "pattern": "/^    namespace ZigWave {$/", "language": "C++", "kind": "namespace", "scope": "WPEFramework::JsonData", "scopeKind": "namespace"}], "hash": "927a41a89d9a07dff0c325981879a0d7", "format-version": 4, "code-base-name": "app-gateway2", "filename": "dependencies/build/ThunderInterfaces/definitions/generated/JsonData_ZigWave.h", "fields": [{"name": "Core::JSON::DecUInt32 Destination", "scope": "WPEFramework::JsonData::ZigWave::BindParamsInfo", "scopeKind": "class", "description": "unavailable"}, {"name": "Core::JSON::DecUInt32 Source", "scope": "WPEFramework::JsonData::ZigWave::BindParamsInfo", "scopeKind": "class", "description": "unavailable"}, {"name": "Core::JSON::Boolean Value", "scope": "WPEFramework::JsonData::ZigWave::PermutableInfo", "scopeKind": "class", "description": "unavailable"}], "revision_history": [{"18663": "a019ef1ecf9043a6387775f8d60762f619f4c761"}]}