{"is_source_file": true, "format": "C++", "description": "This file defines the WebRequest interface within the WPEFramework project. It includes enums, structs, and classes related to HTTP request handling, MIME types, encoding, signatures, authorization, and serialization/deserialization of HTTP requests.", "external_files": ["Module.h"], "external_methods": ["MIMETypeAndEncodingForFile"], "published": ["Request", "Signature", "Authorization", "MarshalType", "MIMETypes", "EncodingTypes", "TransferTypes", "CharacterTypes", "ProtocolsArray", "MajorVersion", "MinorVersion", "Request::GET", "Request::HEAD", "Request::POST", "Request::PUT", "Request::DELETE", "Request::OPTIONS", "Request::TRACE", "Request::CONNECT", "Request::PATCH", "Request::MSEARCH", "Request::NOTIFY", "Request::ToString", "Request::FromString", "Request::ScanForKeyword"], "classes": [{"name": "IBody", "description": "Interface for the body of an HTTP request, providing serialization and deserialization methods."}, {"name": "Signature", "description": "Represents a cryptographic signature used for verifying content integrity."}, {"name": "Authorization", "description": "Handles authorization tokens and types for HTTP requests."}, {"name": "Request", "description": "Encapsulates an HTTP request, including headers, method, path, version, body, and serialization logic."}], "methods": [{"name": "Serialize", "description": "Serializes the request into a byte stream."}, {"name": "uint16_t Deserialize(const uint8_t stream[],const uint16_t maxLength)", "description": "Deserializes a byte stream into a structured request.", "scope": "WPEFramework::Web::Request::Deserializer", "scopeKind": "class"}, {"name": "ToString", "description": "Converts a Request object into a string representation."}, {"name": "void FromString(const string & text)", "description": "Parses a string to populate a Request object.", "scope": "WPEFramework::Web::Request", "scopeKind": "class"}, {"name": "ScanForKeyword", "description": "Searches for a specific keyword in a buffer."}, {"name": "Authorization()", "scope": "WPEFramework::Web::Authorization", "scopeKind": "class", "description": "unavailable"}, {"name": "Authorization(const Authorization & copy)", "scope": "WPEFramework::Web::Authorization", "scopeKind": "class", "description": "unavailable"}, {"name": "Authorization(const type & value,const string & token)", "scope": "WPEFramework::Web::Authorization", "scopeKind": "class", "description": "unavailable"}, {"name": "Core::ProxyType<BODYTYPE> Body()", "scope": "WPEFramework::Web::Request", "scopeKind": "class", "description": "unavailable"}, {"name": "Core::ProxyType<const BODYTYPE> Body() const", "scope": "WPEFramework::Web::Request", "scopeKind": "class", "description": "unavailable"}, {"name": "void Body(const Core::ProxyType<BODYTYPE> & body)", "scope": "WPEFramework::Web::Request", "scopeKind": "class", "description": "unavailable"}, {"name": "void Clear()", "scope": "WPEFramework::Web::Request", "scopeKind": "class", "description": "unavailable"}, {"name": "const uint8_t * Data() const", "scope": "WPEFramework::Web::Signature", "scopeKind": "class", "description": "unavailable"}, {"name": "void Deserialized(Web::Request & element VARIABLE_IS_NOT_USED)", "scope": "WPEFramework::Web::Request::FromString::DeserializerImpl", "scopeKind": "class", "description": "unavailable"}, {"name": "DISABLE_WARNING_THIS_IN_MEMBER_INITIALIZER_LIST Deserializer()", "scope": "WPEFramework::Web::Request::Deserializer", "scopeKind": "class", "description": "unavailable"}, {"name": "DeserializerImpl(Web::Request & destination)", "scope": "WPEFramework::Web::Request::FromString::DeserializerImpl", "scopeKind": "class", "description": "unavailable"}, {"name": "Web::Request * Element()", "scope": "WPEFramework::Web::Request::FromString::DeserializerImpl", "scopeKind": "class", "description": "unavailable"}, {"name": "bool Equal(const Crypto::EnumHashType & type,const uint8_t value[]) const", "scope": "WPEFramework::Web::Signature", "scopeKind": "class", "description": "unavailable"}, {"name": "bool Equal(const type & value,const string & token) const", "scope": "WPEFramework::Web::Authorization", "scopeKind": "class", "description": "unavailable"}, {"name": "void Flush()", "scope": "WPEFramework::Web::Request::Serializer", "scopeKind": "class", "description": "unavailable"}, {"name": "void FromString(Request & realObject,const string & text)", "scope": "WPEFramework::Web::Request", "scopeKind": "class", "description": "unavailable"}, {"name": "bool HasBody() const", "scope": "WPEFramework::Web::Request", "scopeKind": "class", "description": "unavailable"}], "calls": ["Core::ParserType<Core::TerminatorCarriageReturnLineFeed, Deserializer>::Deserialize", "Core::ParserType<Core::TerminatorCarriageReturnLineFeed, Deserializer>::Reset"], "search-terms": ["WebRequest", "HTTPRequest", "Request serialization", "MIME types", "HTTP headers", "WebSocket"], "state": 2, "file_id": 8692, "knowledge_revision": 17407, "git_revision": "", "ctags": [{"_type": "tag", "name": "ACCEPT", "path": "/home/kavia/workspace/code-generation/app-gateway2/dependencies/install/include/WPEFramework/jsonrpc/WebRequest.h", "pattern": "/^            ACCEPT,$/", "language": "C++", "kind": "enumerator", "scope": "WPEFramework::Web::Request::keywords", "scopeKind": "enum"}, {"_type": "tag", "name": "ACCEPT_ENCODING", "path": "/home/kavia/workspace/code-generation/app-gateway2/dependencies/install/include/WPEFramework/jsonrpc/WebRequest.h", "pattern": "/^            ACCEPT_ENCODING,$/", "language": "C++", "kind": "enumerator", "scope": "WPEFramework::Web::Request::keywords", "scopeKind": "enum"}, {"_type": "tag", "name": "ACCESS_CONTROL_REQUEST_HEADERS", "path": "/home/kavia/workspace/code-generation/app-gateway2/dependencies/install/include/WPEFramework/jsonrpc/WebRequest.h", "pattern": "/^            ACCESS_CONTROL_REQUEST_HEADERS,$/", "language": "C++", "kind": "enumerator", "scope": "WPEFramework::Web::Request::keywords", "scopeKind": "enum"}, {"_type": "tag", "name": "ACCESS_CONTROL_REQUEST_METHOD", "path": "/home/kavia/workspace/code-generation/app-gateway2/dependencies/install/include/WPEFramework/jsonrpc/WebRequest.h", "pattern": "/^            ACCESS_CONTROL_REQUEST_METHOD,$/", "language": "C++", "kind": "enumerator", "scope": "WPEFramework::Web::Request::keywords", "scopeKind": "enum"}, {"_type": "tag", "name": "AUTHORIZATION", "path": "/home/kavia/workspace/code-generation/app-gateway2/dependencies/install/include/WPEFramework/jsonrpc/WebRequest.h", "pattern": "/^\t\t\tAUTHORIZATION$/", "language": "C++", "kind": "enumerator", "scope": "WPEFramework::Web::Request::keywords", "scopeKind": "enum"}, {"_type": "tag", "name": "Accept", "path": "/home/kavia/workspace/code-generation/app-gateway2/dependencies/install/include/WPEFramework/jsonrpc/WebRequest.h", "pattern": "/^        Core::OptionalType<string> Accept;$/", "language": "C++", "typeref": "typename:Core::OptionalType<string>", "kind": "member", "scope": "WPEFramework::Web::Request", "scopeKind": "class"}, {"_type": "tag", "name": "AcceptEncoding", "path": "/home/kavia/workspace/code-generation/app-gateway2/dependencies/install/include/WPEFramework/jsonrpc/WebRequest.h", "pattern": "/^        Core::OptionalType<EncodingTypes> AcceptEncoding;$/", "language": "C++", "typeref": "typename:Core::OptionalType<EncodingTypes>", "kind": "member", "scope": "WPEFramework::Web::Request", "scopeKind": "class"}, {"_type": "tag", "name": "AccessControlHeaders", "path": "/home/kavia/workspace/code-generation/app-gateway2/dependencies/install/include/WPEFramework/jsonrpc/WebRequest.h", "pattern": "/^        Core::OptionalType<string> AccessControlHeaders;$/", "language": "C++", "typeref": "typename:Core::OptionalType<string>", "kind": "member", "scope": "WPEFramework::Web::Request", "scopeKind": "class"}, {"_type": "tag", "name": "AccessControlMethod", "path": "/home/kavia/workspace/code-generation/app-gateway2/dependencies/install/include/WPEFramework/jsonrpc/WebRequest.h", "pattern": "/^        Core::OptionalType<uint16_t> AccessControlMethod;$/", "language": "C++", "typeref": "typename:Core::OptionalType<uint16_t>", "kind": "member", "scope": "WPEFramework::Web::Request", "scopeKind": "class"}, {"_type": "tag", "name": "Authorization", "path": "/home/kavia/workspace/code-generation/app-gateway2/dependencies/install/include/WPEFramework/jsonrpc/WebRequest.h", "pattern": "/^        Authorization()$/", "language": "C++", "kind": "function", "signature": "()", "scope": "WPEFramework::Web::Authorization", "scopeKind": "class"}, {"_type": "tag", "name": "Authorization", "path": "/home/kavia/workspace/code-generation/app-gateway2/dependencies/install/include/WPEFramework/jsonrpc/WebRequest.h", "pattern": "/^        Authorization(const Authorization& copy)$/", "language": "C++", "kind": "function", "signature": "(const Authorization & copy)", "scope": "WPEFramework::Web::Authorization", "scopeKind": "class"}, {"_type": "tag", "name": "Authorization", "path": "/home/kavia/workspace/code-generation/app-gateway2/dependencies/install/include/WPEFramework/jsonrpc/WebRequest.h", "pattern": "/^        Authorization(const type& value, const string& token)$/", "language": "C++", "kind": "function", "signature": "(const type & value,const string & token)", "scope": "WPEFramework::Web::Authorization", "scopeKind": "class"}, {"_type": "tag", "name": "Authorization", "path": "/home/kavia/workspace/code-generation/app-gateway2/dependencies/install/include/WPEFramework/jsonrpc/WebRequest.h", "pattern": "/^    class EXTERNAL Authorization {$/", "language": "C++", "kind": "class", "scope": "WPEFramework::Web", "scopeKind": "namespace"}, {"_type": "tag", "name": "BASIC", "path": "/home/kavia/workspace/code-generation/app-gateway2/dependencies/install/include/WPEFramework/jsonrpc/WebRequest.h", "pattern": "/^            BASIC$/", "language": "C++", "kind": "enumerator", "scope": "WPEFramework::Web::Authorization::type", "scopeKind": "enum"}, {"_type": "tag", "name": "BEARER", "path": "/home/kavia/workspace/code-generation/app-gateway2/dependencies/install/include/WPEFramework/jsonrpc/WebRequest.h", "pattern": "/^            BEARER,$/", "language": "C++", "kind": "enumerator", "scope": "WPEFramework::Web::Authorization::type", "scopeKind": "enum"}, {"_type": "tag", "name": "BODY", "path": "/home/kavia/workspace/code-generation/app-gateway2/dependencies/install/include/WPEFramework/jsonrpc/WebRequest.h", "pattern": "/^                BODY = 8,$/", "language": "C++", "kind": "enumerator", "scope": "WPEFramework::Web::Request::Serializer::enumState", "scopeKind": "enum"}, {"_type": "tag", "name": "BODY_END", "path": "/home/kavia/workspace/code-generation/app-gateway2/dependencies/install/include/WPEFramework/jsonrpc/WebRequest.h", "pattern": "/^                BODY_END$/", "language": "C++", "kind": "enumerator", "scope": "WPEFramework::Web::Request::Deserializer::enumState", "scopeKind": "enum"}, {"_type": "tag", "name": "BaseElement", "path": "/home/kavia/workspace/code-generation/app-gateway2/dependencies/install/include/WPEFramework/jsonrpc/WebRequest.h", "pattern": "/^        typedef Request BaseElement;$/", "language": "C++", "typeref": "typename:Request", "kind": "typedef", "scope": "WPEFramework::Web::Request", "scopeKind": "class"}, {"_type": "tag", "name": "Body", "path": "/home/kavia/workspace/code-generation/app-gateway2/dependencies/install/include/WPEFramework/jsonrpc/WebRequest.h", "pattern": "/^        inline Core::ProxyType<BODYTYPE> Body()$/", "language": "C++", "typeref": "typename:Core::ProxyType<BODYTYPE>", "kind": "function", "signature": "()", "scope": "WPEFramework::Web::Request", "scopeKind": "class"}, {"_type": "tag", "name": "Body", "path": "/home/kavia/workspace/code-generation/app-gateway2/dependencies/install/include/WPEFramework/jsonrpc/WebRequest.h", "pattern": "/^        inline Core::ProxyType<const BODYTYPE> Body() const$/", "language": "C++", "typeref": "typename:Core::ProxyType<const BODYTYPE>", "kind": "function", "signature": "() const", "scope": "WPEFramework::Web::Request", "scopeKind": "class"}, {"_type": "tag", "name": "Body", "path": "/home/kavia/workspace/code-generation/app-gateway2/dependencies/install/include/WPEFramework/jsonrpc/WebRequest.h", "pattern": "/^        inline void Body(const Core::ProxyType<BODYTYPE>& body)$/", "language": "C++", "typeref": "typename:void", "kind": "function", "signature": "(const Core::ProxyType<BODYTYPE> & body)", "scope": "WPEFramework::Web::Request", "scopeKind": "class"}, {"_type": "tag", "name": "CHARACTER_UNKNOWN", "path": "/home/kavia/workspace/code-generation/app-gateway2/dependencies/install/include/WPEFramework/jsonrpc/WebRequest.h", "pattern": "/^        CHARACTER_UNKNOWN$/", "language": "C++", "kind": "enumerator", "scope": "WPEFramework::Web::CharacterTypes", "scopeKind": "enum"}, {"_type": "tag", "name": "CHARACTER_UTF8", "path": "/home/kavia/workspace/code-generation/app-gateway2/dependencies/install/include/WPEFramework/jsonrpc/WebRequest.h", "pattern": "/^        CHARACTER_UTF8,$/", "language": "C++", "kind": "enumerator", "scope": "WPEFramework::Web::CharacterTypes", "scopeKind": "enum"}, {"_type": "tag", "name": "CHUNK_END", "path": "/home/kavia/workspace/code-generation/app-gateway2/dependencies/install/include/WPEFramework/jsonrpc/WebRequest.h", "pattern": "/^                CHUNK_END,$/", "language": "C++", "kind": "enumerator", "scope": "WPEFramework::Web::Request::Deserializer::enumState", "scopeKind": "enum"}, {"_type": "tag", "name": "CHUNK_INIT", "path": "/home/kavia/workspace/code-generation/app-gateway2/dependencies/install/include/WPEFramework/jsonrpc/WebRequest.h", "pattern": "/^                CHUNK_INIT,$/", "language": "C++", "kind": "enumerator", "scope": "WPEFramework::Web::Request::Deserializer::enumState", "scopeKind": "enum"}, {"_type": "tag", "name": "CONNECT", "path": "/home/kavia/workspace/code-generation/app-gateway2/dependencies/install/include/WPEFramework/jsonrpc/WebRequest.h", "pattern": "/^        static const TCHAR* CONNECT;$/", "language": "C++", "typeref": "typename:const TCHAR *", "kind": "member", "scope": "WPEFramework::Web::Request", "scopeKind": "class"}, {"_type": "tag", "name": "CONNECTION", "path": "/home/kavia/workspace/code-generation/app-gateway2/dependencies/install/include/WPEFramework/jsonrpc/WebRequest.h", "pattern": "/^            CONNECTION,$/", "language": "C++", "kind": "enumerator", "scope": "WPEFramework::Web::Request::keywords", "scopeKind": "enum"}, {"_type": "tag", "name": "CONNECTION_CLOSE", "path": "/home/kavia/workspace/code-generation/app-gateway2/dependencies/install/include/WPEFramework/jsonrpc/WebRequest.h", "pattern": "/^            CONNECTION_CLOSE$/", "language": "C++", "kind": "enumerator", "scope": "WPEFramework::Web::Request::connection", "scopeKind": "enum"}, {"_type": "tag", "name": "CONNECTION_KEEPALIVE", "path": "/home/kavia/workspace/code-generation/app-gateway2/dependencies/install/include/WPEFramework/jsonrpc/WebRequest.h", "pattern": "/^            CONNECTION_KEEPALIVE,$/", "language": "C++", "kind": "enumerator", "scope": "WPEFramework::Web::Request::connection", "scopeKind": "enum"}, {"_type": "tag", "name": "CONNECTION_UNKNOWN", "path": "/home/kavia/workspace/code-generation/app-gateway2/dependencies/install/include/WPEFramework/jsonrpc/WebRequest.h", "pattern": "/^            CONNECTION_UNKNOWN,$/", "language": "C++", "kind": "enumerator", "scope": "WPEFramework::Web::Request::connection", "scopeKind": "enum"}, {"_type": "tag", "name": "CONNECTION_UPGRADE", "path": "/home/kavia/workspace/code-generation/app-gateway2/dependencies/install/include/WPEFramework/jsonrpc/WebRequest.h", "pattern": "/^            CONNECTION_UPGRADE,$/", "language": "C++", "kind": "enumerator", "scope": "WPEFramework::Web::Request::connection", "scopeKind": "enum"}, {"_type": "tag", "name": "CONTENT_ENCODING", "path": "/home/kavia/workspace/code-generation/app-gateway2/dependencies/install/include/WPEFramework/jsonrpc/WebRequest.h", "pattern": "/^            CONTENT_ENCODING,$/", "language": "C++", "kind": "enumerator", "scope": "WPEFramework::Web::Request::keywords", "scopeKind": "enum"}, {"_type": "tag", "name": "CONTENT_LENGTH", "path": "/home/kavia/workspace/code-generation/app-gateway2/dependencies/install/include/WPEFramework/jsonrpc/WebRequest.h", "pattern": "/^            CONTENT_LENGTH,$/", "language": "C++", "kind": "enumerator", "scope": "WPEFramework::Web::Request::keywords", "scopeKind": "enum"}, {"_type": "tag", "name": "CONTENT_SIGNATURE", "path": "/home/kavia/workspace/code-generation/app-gateway2/dependencies/install/include/WPEFramework/jsonrpc/WebRequest.h", "pattern": "/^            CONTENT_SIGNATURE,$/", "language": "C++", "kind": "enumerator", "scope": "WPEFramework::Web::Request::keywords", "scopeKind": "enum"}, {"_type": "tag", "name": "CONTENT_TYPE", "path": "/home/kavia/workspace/code-generation/app-gateway2/dependencies/install/include/WPEFramework/jsonrpc/WebRequest.h", "pattern": "/^            CONTENT_TYPE,$/", "language": "C++", "kind": "enumerator", "scope": "WPEFramework::Web::Request::keywords", "scopeKind": "enum"}, {"_type": "tag", "name": "CharacterTypes", "path": "/home/kavia/workspace/code-generation/app-gateway2/dependencies/install/include/WPEFramework/jsonrpc/WebRequest.h", "pattern": "/^    enum CharacterTypes {$/", "language": "C++", "kind": "enum", "scope": "WPEFramework::Web", "scopeKind": "namespace"}, {"_type": "tag", "name": "Clear", "path": "/home/kavia/workspace/code-generation/app-gateway2/dependencies/install/include/WPEFramework/jsonrpc/WebRequest.h", "pattern": "/^        void Clear()$/", "language": "C++", "typeref": "typename:void", "kind": "function", "signature": "()", "scope": "WPEFramework::Web::Request", "scopeKind": "class"}, {"_type": "tag", "name": "Connection", "path": "/home/kavia/workspace/code-generation/app-gateway2/dependencies/install/include/WPEFramework/jsonrpc/WebRequest.h", "pattern": "/^        Core::OptionalType<connection> Connection;$/", "language": "C++", "typeref": "typename:Core::OptionalType<connection>", "kind": "member", "scope": "WPEFramework::Web::Request", "scopeKind": "class"}, {"_type": "tag", "name": "ContentCharacterSet", "path": "/home/kavia/workspace/code-generation/app-gateway2/dependencies/install/include/WPEFramework/jsonrpc/WebRequest.h", "pattern": "/^        Core::OptionalType<CharacterTypes> ContentCharacterSet;$/", "language": "C++", "typeref": "typename:Core::OptionalType<CharacterTypes>", "kind": "member", "scope": "WPEFramework::Web::Request", "scopeKind": "class"}, {"_type": "tag", "name": "ContentEncoding", "path": "/home/kavia/workspace/code-generation/app-gateway2/dependencies/install/include/WPEFramework/jsonrpc/WebRequest.h", "pattern": "/^        Core::OptionalType<EncodingTypes> ContentEncoding;$/", "language": "C++", "typeref": "typename:Core::OptionalType<EncodingTypes>", "kind": "member", "scope": "WPEFramework::Web::Request", "scopeKind": "class"}, {"_type": "tag", "name": "ContentLength", "path": "/home/kavia/workspace/code-generation/app-gateway2/dependencies/install/include/WPEFramework/jsonrpc/WebRequest.h", "pattern": "/^        Core::OptionalType<uint32_t> ContentLength;$/", "language": "C++", "typeref": "typename:Core::OptionalType<uint32_t>", "kind": "member", "scope": "WPEFramework::Web::Request", "scopeKind": "class"}, {"_type": "tag", "name": "ContentSignature", "path": "/home/kavia/workspace/code-generation/app-gateway2/dependencies/install/include/WPEFramework/jsonrpc/WebRequest.h", "pattern": "/^        Core::OptionalType<Signature> ContentSignature;$/", "language": "C++", "typeref": "typename:Core::OptionalType<Signature>", "kind": "member", "scope": "WPEFramework::Web::Request", "scopeKind": "class"}, {"_type": "tag", "name": "ContentType", "path": "/home/kavia/workspace/code-generation/app-gateway2/dependencies/install/include/WPEFramework/jsonrpc/WebRequest.h", "pattern": "/^        Core::OptionalType<MIMETypes> ContentType;$/", "language": "C++", "typeref": "typename:Core::OptionalType<MIMETypes>", "kind": "member", "scope": "WPEFramework::Web::Request", "scopeKind": "class"}, {"_type": "tag", "name": "DELETE", "path": "/home/kavia/workspace/code-generation/app-gateway2/dependencies/install/include/WPEFramework/jsonrpc/WebRequest.h", "pattern": "/^        static const TCHAR* DELETE;$/", "language": "C++", "typeref": "typename:const TCHAR *", "kind": "member", "scope": "WPEFramework::Web::Request", "scopeKind": "class"}, {"_type": "tag", "name": "DELIMETERS", "path": "/home/kavia/workspace/code-generation/app-gateway2/dependencies/install/include/WPEFramework/jsonrpc/WebRequest.h", "pattern": "/^        static constexpr const TCHAR* DELIMETERS = _T(\" ,\");$/", "language": "C++", "typeref": "typename:const TCHAR *", "kind": "member", "scope": "WPEFramework::Web::Request", "scopeKind": "class"}, {"_type": "tag", "name": "Data", "path": "/home/kavia/workspace/code-generation/app-gateway2/dependencies/install/include/WPEFramework/jsonrpc/WebRequest.h", "pattern": "/^        const uint8_t* Data() const$/", "language": "C++", "typeref": "typename:const uint8_t *", "kind": "function", "signature": "() const", "scope": "WPEFramework::Web::Signature", "scopeKind": "class"}, {"_type": "tag", "name": "Deserialize", "path": "/home/kavia/workspace/code-generation/app-gateway2/dependencies/install/include/WPEFramework/jsonrpc/WebRequest.h", "pattern": "/^            inline uint16_t Deserialize(const uint8_t stream[], const uint16_t maxLength)$/", "language": "C++", "typeref": "typename:uint16_t", "kind": "function", "signature": "(const uint8_t stream[],const uint16_t maxLength)", "scope": "WPEFramework::Web::Request::Deserializer", "scopeKind": "class"}, {"_type": "tag", "name": "Deserialized", "path": "/home/kavia/workspace/code-generation/app-gateway2/dependencies/install/include/WPEFramework/jsonrpc/WebRequest.h", "pattern": "/^                virtual void Deserialized(Web::Request& element VARIABLE_IS_NOT_USED)$/", "language": "C++", "typeref": "typename:void", "kind": "function", "signature": "(Web::Request & element VARIABLE_IS_NOT_USED)", "scope": "WPEFramework::Web::Request::FromString::DeserializerImpl", "scopeKind": "class"}, {"_type": "tag", "name": "Deserializer", "path": "/home/kavia/workspace/code-generation/app-gateway2/dependencies/install/include/WPEFramework/jsonrpc/WebRequest.h", "pattern": "/^            Deserializer()$/", "language": "C++", "typeref": "typename:DISABLE_WARNING_THIS_IN_MEMBER_INITIALIZER_LIST", "kind": "function", "signature": "()", "scope": "WPEFramework::Web::Request::Deserializer", "scopeKind": "class"}, {"_type": "tag", "name": "Deserializer", "path": "/home/kavia/workspace/code-generation/app-gateway2/dependencies/install/include/WPEFramework/jsonrpc/WebRequest.h", "pattern": "/^        class EXTERNAL Deserializer {$/", "language": "C++", "kind": "class", "scope": "WPEFramework::Web::Request", "scopeKind": "class"}, {"_type": "tag", "name": "DeserializerImpl", "path": "/home/kavia/workspace/code-generation/app-gateway2/dependencies/install/include/WPEFramework/jsonrpc/WebRequest.h", "pattern": "/^                DeserializerImpl(Web::Request& destination)$/", "language": "C++", "kind": "function", "signature": "(Web::Request & destination)", "scope": "WPEFramework::Web::Request::FromString::DeserializerImpl", "scopeKind": "class"}, {"_type": "tag", "name": "DeserializerImpl", "path": "/home/kavia/workspace/code-generation/app-gateway2/dependencies/install/include/WPEFramework/jsonrpc/WebRequest.h", "pattern": "/^            class DeserializerImpl : public Deserializer {$/", "language": "C++", "kind": "class", "scope": "WPEFramework::Web::Request::FromString", "scopeKind": "function"}, {"_type": "tag", "name": "ENCODING", "path": "/home/kavia/workspace/code-generation/app-gateway2/dependencies/install/include/WPEFramework/jsonrpc/WebRequest.h", "pattern": "/^            ENCODING,$/", "language": "C++", "kind": "enumerator", "scope": "WPEFramework::Web::Request::keywords", "scopeKind": "enum"}, {"_type": "tag", "name": "ENCODING_GZIP", "path": "/home/kavia/workspace/code-generation/app-gateway2/dependencies/install/include/WPEFramework/jsonrpc/WebRequest.h", "pattern": "/^        ENCODING_GZIP,$/", "language": "C++", "kind": "enumerator", "scope": "WPEFramework::Web::EncodingTypes", "scopeKind": "enum"}, {"_type": "tag", "name": "ENCODING_UNKNOWN", "path": "/home/kavia/workspace/code-generation/app-gateway2/dependencies/install/include/WPEFramework/jsonrpc/WebRequest.h", "pattern": "/^        ENCODING_UNKNOWN$/", "language": "C++", "kind": "enumerator", "scope": "WPEFramework::Web::EncodingTypes", "scopeKind": "enum"}, {"_type": "tag", "name": "EOL_MARKER", "path": "/home/kavia/workspace/code-generation/app-gateway2/dependencies/install/include/WPEFramework/jsonrpc/WebRequest.h", "pattern": "/^            const static uint16_t EOL_MARKER = 0x8000;$/", "language": "C++", "typeref": "typename:const uint16_t", "kind": "member", "scope": "WPEFramework::Web::Request::Serializer", "scopeKind": "class"}, {"_type": "tag", "name": "Element", "path": "/home/kavia/workspace/code-generation/app-gateway2/dependencies/install/include/WPEFramework/jsonrpc/WebRequest.h", "pattern": "/^                virtual Web::Request* Element()$/", "language": "C++", "typeref": "typename:Web::Request *", "kind": "function", "signature": "()", "scope": "WPEFramework::Web::Request::FromString::DeserializerImpl", "scopeKind": "class"}, {"_type": "tag", "name": "Encoding", "path": "/home/kavia/workspace/code-generation/app-gateway2/dependencies/install/include/WPEFramework/jsonrpc/WebRequest.h", "pattern": "/^        Core::OptionalType<string> Encoding;$/", "language": "C++", "typeref": "typename:Core::OptionalType<string>", "kind": "member", "scope": "WPEFramework::Web::Request", "scopeKind": "class"}, {"_type": "tag", "name": "EncodingTypes", "path": "/home/kavia/workspace/code-generation/app-gateway2/dependencies/install/include/WPEFramework/jsonrpc/WebRequest.h", "pattern": "/^    enum EncodingTypes {$/", "language": "C++", "kind": "enum", "scope": "WPEFramework::Web", "scopeKind": "namespace"}, {"_type": "tag", "name": "Equal", "path": "/home/kavia/workspace/code-generation/app-gateway2/dependencies/install/include/WPEFramework/jsonrpc/WebRequest.h", "pattern": "/^        bool Equal(const Crypto::EnumHashType& type, const uint8_t value[]) const$/", "language": "C++", "typeref": "typename:bool", "kind": "function", "signature": "(const Crypto::EnumHashType & type,const uint8_t value[]) const", "scope": "WPEFramework::Web::Signature", "scopeKind": "class"}, {"_type": "tag", "name": "Equal", "path": "/home/kavia/workspace/code-generation/app-gateway2/dependencies/install/include/WPEFramework/jsonrpc/WebRequest.h", "pattern": "/^        bool Equal(const type& value, const string& token) const$/", "language": "C++", "typeref": "typename:bool", "kind": "function", "signature": "(const type & value,const string & token) const", "scope": "WPEFramework::Web::Authorization", "scopeKind": "class"}, {"_type": "tag", "name": "FRAGMENT", "path": "/home/kavia/workspace/code-generation/app-gateway2/dependencies/install/include/WPEFramework/jsonrpc/WebRequest.h", "pattern": "/^                FRAGMENT = 4,$/", "language": "C++", "kind": "enumerator", "scope": "WPEFramework::Web::Request::Serializer::enumState", "scopeKind": "enum"}, {"_type": "tag", "name": "Flush", "path": "/home/kavia/workspace/code-generation/app-gateway2/dependencies/install/include/WPEFramework/jsonrpc/WebRequest.h", "pattern": "/^            inline void Flush()$/", "language": "C++", "typeref": "typename:void", "kind": "function", "signature": "()", "scope": "WPEFramework::Web::Request::Deserializer", "scopeKind": "class"}, {"_type": "tag", "name": "Flush", "path": "/home/kavia/workspace/code-generation/app-gateway2/dependencies/install/include/WPEFramework/jsonrpc/WebRequest.h", "pattern": "/^            void Flush()$/", "language": "C++", "typeref": "typename:void", "kind": "function", "signature": "()", "scope": "WPEFramework::Web::Request::Serializer", "scopeKind": "class"}, {"_type": "tag", "name": "Fragment", "path": "/home/kavia/workspace/code-generation/app-gateway2/dependencies/install/include/WPEFramework/jsonrpc/WebRequest.h", "pattern": "/^        Core::OptionalType<string> Fragment;$/", "language": "C++", "typeref": "typename:Core::OptionalType<string>", "kind": "member", "scope": "WPEFramework::Web::Request", "scopeKind": "class"}, {"_type": "tag", "name": "FromString", "path": "/home/kavia/workspace/code-generation/app-gateway2/dependencies/install/include/WPEFramework/jsonrpc/WebRequest.h", "pattern": "/^        inline void FromString(const string& text)$/", "language": "C++", "typeref": "typename:void", "kind": "function", "signature": "(const string & text)", "scope": "WPEFramework::Web::Request", "scopeKind": "class"}, {"_type": "tag", "name": "FromString", "path": "/home/kavia/workspace/code-generation/app-gateway2/dependencies/install/include/WPEFramework/jsonrpc/WebRequest.h", "pattern": "/^        static void FromString(Request& realObject, const string& text)$/", "language": "C++", "typeref": "typename:void", "kind": "function", "signature": "(Request & realObject,const string & text)", "scope": "WPEFramework::Web::Request", "scopeKind": "class"}, {"_type": "tag", "name": "GET", "path": "/home/kavia/workspace/code-generation/app-gateway2/dependencies/install/include/WPEFramework/jsonrpc/WebRequest.h", "pattern": "/^        static const TCHAR* GET;$/", "language": "C++", "typeref": "typename:const TCHAR *", "kind": "member", "scope": "WPEFramework::Web::Request", "scopeKind": "class"}, {"_type": "tag", "name": "HEAD", "path": "/home/kavia/workspace/code-generation/app-gateway2/dependencies/install/include/WPEFramework/jsonrpc/WebRequest.h", "pattern": "/^        static const TCHAR* HEAD;$/", "language": "C++", "typeref": "typename:const TCHAR *", "kind": "member", "scope": "WPEFramework::Web::Request", "scopeKind": "class"}, {"_type": "tag", "name": "HOST", "path": "/home/kavia/workspace/code-generation/app-gateway2/dependencies/install/include/WPEFramework/jsonrpc/WebRequest.h", "pattern": "/^            HOST,$/", "language": "C++", "kind": "enumerator", "scope": "WPEFramework::Web::Request::keywords", "scopeKind": "enum"}, {"_type": "tag", "name": "HTTP_CONNECT", "path": "/home/kavia/workspace/code-generation/app-gateway2/dependencies/install/include/WPEFramework/jsonrpc/WebRequest.h", "pattern": "/^            HTTP_CONNECT = 0x0080,$/", "language": "C++", "kind": "enumerator", "scope": "WPEFramework::Web::Request::type", "scopeKind": "enum"}, {"_type": "tag", "name": "HTTP_DELETE", "path": "/home/kavia/workspace/code-generation/app-gateway2/dependencies/install/include/WPEFramework/jsonrpc/WebRequest.h", "pattern": "/^            HTTP_DELETE = 0x0010,$/", "language": "C++", "kind": "enumerator", "scope": "WPEFramework::Web::Request::type", "scopeKind": "enum"}, {"_type": "tag", "name": "HTTP_GET", "path": "/home/kavia/workspace/code-generation/app-gateway2/dependencies/install/include/WPEFramework/jsonrpc/WebRequest.h", "pattern": "/^            HTTP_GET = 0x0001,$/", "language": "C++", "kind": "enumerator", "scope": "WPEFramework::Web::Request::type", "scopeKind": "enum"}, {"_type": "tag", "name": "HTTP_HEAD", "path": "/home/kavia/workspace/code-generation/app-gateway2/dependencies/install/include/WPEFramework/jsonrpc/WebRequest.h", "pattern": "/^            HTTP_HEAD = 0x0002,$/", "language": "C++", "kind": "enumerator", "scope": "WPEFramework::Web::Request::type", "scopeKind": "enum"}, {"_type": "tag", "name": "HTTP_MSEARCH", "path": "/home/kavia/workspace/code-generation/app-gateway2/dependencies/install/include/WPEFramework/jsonrpc/WebRequest.h", "pattern": "/^            HTTP_MSEARCH = 0x0200,$/", "language": "C++", "kind": "enumerator", "scope": "WPEFramework::Web::Request::type", "scopeKind": "enum"}, {"_type": "tag", "name": "HTTP_NONE", "path": "/home/kavia/workspace/code-generation/app-gateway2/dependencies/install/include/WPEFramework/jsonrpc/WebRequest.h", "pattern": "/^            HTTP_NONE = 0x0000,$/", "language": "C++", "kind": "enumerator", "scope": "WPEFramework::Web::Request::type", "scopeKind": "enum"}, {"_type": "tag", "name": "HTTP_NOTIFY", "path": "/home/kavia/workspace/code-generation/app-gateway2/dependencies/install/include/WPEFramework/jsonrpc/WebRequest.h", "pattern": "/^            HTTP_NOTIFY = 0x0400,$/", "language": "C++", "kind": "enumerator", "scope": "WPEFramework::Web::Request::type", "scopeKind": "enum"}, {"_type": "tag", "name": "HTTP_OPTIONS", "path": "/home/kavia/workspace/code-generation/app-gateway2/dependencies/install/include/WPEFramework/jsonrpc/WebRequest.h", "pattern": "/^            HTTP_OPTIONS = 0x0020,$/", "language": "C++", "kind": "enumerator", "scope": "WPEFramework::Web::Request::type", "scopeKind": "enum"}, {"_type": "tag", "name": "HTTP_PATCH", "path": "/home/kavia/workspace/code-generation/app-gateway2/dependencies/install/include/WPEFramework/jsonrpc/WebRequest.h", "pattern": "/^            HTTP_PATCH = 0x0100,$/", "language": "C++", "kind": "enumerator", "scope": "WPEFramework::Web::Request::type", "scopeKind": "enum"}, {"_type": "tag", "name": "HTTP_POST", "path": "/home/kavia/workspace/code-generation/app-gateway2/dependencies/install/include/WPEFramework/jsonrpc/WebRequest.h", "pattern": "/^            HTTP_POST = 0x0004,$/", "language": "C++", "kind": "enumerator", "scope": "WPEFramework::Web::Request::type", "scopeKind": "enum"}, {"_type": "tag", "name": "HTTP_PUT", "path": "/home/kavia/workspace/code-generation/app-gateway2/dependencies/install/include/WPEFramework/jsonrpc/WebRequest.h", "pattern": "/^            HTTP_PUT = 0x0008,$/", "language": "C++", "kind": "enumerator", "scope": "WPEFramework::Web::Request::type", "scopeKind": "enum"}, {"_type": "tag", "name": "HTTP_TRACE", "path": "/home/kavia/workspace/code-generation/app-gateway2/dependencies/install/include/WPEFramework/jsonrpc/WebRequest.h", "pattern": "/^            HTTP_TRACE = 0x0040,$/", "language": "C++", "kind": "enumerator", "scope": "WPEFramework::Web::Request::type", "scopeKind": "enum"}, {"_type": "tag", "name": "HTTP_UNKNOWN", "path": "/home/kavia/workspace/code-generation/app-gateway2/dependencies/install/include/WPEFramework/jsonrpc/WebRequest.h", "pattern": "/^            HTTP_UNKNOWN = 0x8000$/", "language": "C++", "kind": "enumerator", "scope": "WPEFramework::Web::Request::type", "scopeKind": "enum"}, {"_type": "tag", "name": "HasBody", "path": "/home/kavia/workspace/code-generation/app-gateway2/dependencies/install/include/WPEFramework/jsonrpc/WebRequest.h", "pattern": "/^        inline bool HasBody() const$/", "language": "C++", "typeref": "typename:bool", "kind": "function", "signature": "() const", "scope": "WPEFramework::Web::Request", "scopeKind": "class"}], "hash": "401eace822d77147f338bd8bbc53d470", "format-version": 4, "code-base-name": "app-gateway2", "filename": "dependencies/install/include/WPEFramework/jsonrpc/WebRequest.h", "fields": [{"name": "Core::OptionalType<string> Accept", "scope": "WPEFramework::Web::Request", "scopeKind": "class", "description": "unavailable"}, {"name": "Core::OptionalType<EncodingTypes> AcceptEncoding", "scope": "WPEFramework::Web::Request", "scopeKind": "class", "description": "unavailable"}, {"name": "Core::OptionalType<string> AccessControlHeaders", "scope": "WPEFramework::Web::Request", "scopeKind": "class", "description": "unavailable"}, {"name": "Core::OptionalType<uint16_t> AccessControlMethod", "scope": "WPEFramework::Web::Request", "scopeKind": "class", "description": "unavailable"}, {"name": "const TCHAR * CONNECT", "scope": "WPEFramework::Web::Request", "scopeKind": "class", "description": "unavailable"}, {"name": "Core::OptionalType<connection> Connection", "scope": "WPEFramework::Web::Request", "scopeKind": "class", "description": "unavailable"}, {"name": "Core::OptionalType<CharacterTypes> ContentCharacterSet", "scope": "WPEFramework::Web::Request", "scopeKind": "class", "description": "unavailable"}, {"name": "Core::OptionalType<EncodingTypes> ContentEncoding", "scope": "WPEFramework::Web::Request", "scopeKind": "class", "description": "unavailable"}, {"name": "Core::OptionalType<uint32_t> ContentLength", "scope": "WPEFramework::Web::Request", "scopeKind": "class", "description": "unavailable"}, {"name": "Core::OptionalType<Signature> ContentSignature", "scope": "WPEFramework::Web::Request", "scopeKind": "class", "description": "unavailable"}, {"name": "Core::OptionalType<MIMETypes> ContentType", "scope": "WPEFramework::Web::Request", "scopeKind": "class", "description": "unavailable"}, {"name": "const TCHAR * DELETE", "scope": "WPEFramework::Web::Request", "scopeKind": "class", "description": "unavailable"}, {"name": "const TCHAR * DELIMETERS", "scope": "WPEFramework::Web::Request", "scopeKind": "class", "description": "unavailable"}, {"name": "const uint16_t EOL_MARKER", "scope": "WPEFramework::Web::Request::Serializer", "scopeKind": "class", "description": "unavailable"}, {"name": "Core::OptionalType<string> Encoding", "scope": "WPEFramework::Web::Request", "scopeKind": "class", "description": "unavailable"}, {"name": "Core::OptionalType<string> Fragment", "scope": "WPEFramework::Web::Request", "scopeKind": "class", "description": "unavailable"}, {"name": "const TCHAR * GET", "scope": "WPEFramework::Web::Request", "scopeKind": "class", "description": "unavailable"}, {"name": "const TCHAR * HEAD", "scope": "WPEFramework::Web::Request", "scopeKind": "class", "description": "unavailable"}], "revision_history": [{"17407": ""}]}