{"is_source_file": true, "format": "C++ header", "description": "This file defines the ILISA interface within the WPEFramework namespace, specifying methods for application installation, uninstallation, resource management, storage handling, metadata, notifications, and application versioning. It primarily serves as a contract for implementing ILISA-related functionalities in the project.", "external_files": ["Module.h", "Core.h"], "external_methods": [], "published": ["ILISA"], "classes": [{"name": "ILISA", "description": "An interface representing LISA operations such as install, uninstall, download, reset, and storage management."}, {"name": "ILISA::IStorage", "description": "Interface for storage path and quota information."}, {"name": "ILISA::IStoragePayload", "description": "Interface for accessing storage of applications and persistent data."}, {"name": "ILISA::IKeyValue", "description": "Interface for key-value pairs representing metadata or resource entries."}, {"name": "ILISA::IKeyValueIterator", "description": "Iterator interface for traversing key-value pairs."}, {"name": "ILISA::IMetadataPayload", "description": "Metadata associated with applications, including name, category, URL, resources, and auxiliary metadata."}, {"name": "ILISA::IAppVersion", "description": "Represents application version details."}, {"name": "ILISA::IAppVersion::IIterator", "description": "Iterator for multiple versions of an application."}, {"name": "ILISA::IApp", "description": "Application object with type, id, and versions."}, {"name": "ILISA::IApp::IIterator", "description": "Iterator over applications."}, {"name": "ILISA::IAppsPayload", "description": "Contains list of installed applications."}, {"name": "ILISA::IHandleResult", "description": "Represents a handle for application lock operations."}, {"name": "ILISA::ILockInfo", "description": "Provides lock reason and owner information."}], "methods": [{"name": "Install", "description": "Downloads and installs an application bundle based on provided parameters."}, {"name": "Uninstall", "description": "Uninstalls the application specified by id and version."}, {"name": "Download", "description": "Downloads a resource file for an application."}, {"name": "Reset", "description": "Deletes persistent local data for an application."}, {"name": "GetStorageDetails", "description": "Retrieves storage usage details related to an application."}, {"name": "SetAuxMetadata", "description": "Sets auxiliary metadata for an application."}, {"name": "ClearAuxMetadata", "description": "Clears auxiliary metadata for an application."}, {"name": "GetMetadata", "description": "Retrieves metadata for an application."}, {"name": "Cancel", "description": "Cancels an ongoing asynchronous request."}, {"name": "GetProgress", "description": "Reports progress of an ongoing operation."}, {"name": "Register", "description": "Registers for notifications."}, {"name": "Unregister", "description": "Unregisters from notifications."}, {"name": "Configure", "description": "Configures the ILISA interface with specified settings."}, {"name": "GetList", "description": "Lists installed applications based on filters."}, {"name": "Lock", "description": "Locks an application to prevent uninstallation."}, {"name": "Unlock", "description": "Removes the lock from an application."}, {"name": "GetLockInfo", "description": "Retrieves lock information for an application."}], "calls": ["ILISA::Install", "ILISA::Uninstall", "ILISA::Download", "ILISA::Reset", "ILISA::GetStorageDetails", "ILISA::SetAuxMetadata", "ILISA::ClearAuxMetadata", "ILISA::GetMetadata", "ILISA::Cancel", "ILISA::GetProgress", "ILISA::Register", "ILISA::Unregister", "ILISA::Configure", "ILISA::GetList", "ILISA::Lock", "ILISA::Unlock", "ILISA::GetLockInfo", "ILISA::INotification::operationStatus"], "search-terms": ["ILISA", "Install", "Uninstall", "GetStorageDetails", "SetAuxMetadata", "GetList", "Lock", "Unlock", "Reset", "Download", "Metadata", "Application", "Resource", "Persistent", "Quota", "LockInfo", "Notification"], "state": 2, "file_id": 8370, "knowledge_revision": 17092, "git_revision": "0f87a35b32215bc8547fb583d6c84bd51f603f69", "ctags": [{"_type": "tag", "name": "Exchange", "path": "/home/kavia/workspace/code-generation/app-gateway2/dependencies/install/include/WPEFramework/interfaces/ILISA.h", "pattern": "/^namespace Exchange {$/", "language": "C++", "kind": "namespace", "scope": "WPEFramework", "scopeKind": "namespace"}, {"_type": "tag", "name": "IApp", "path": "/home/kavia/workspace/code-generation/app-gateway2/dependencies/install/include/WPEFramework/interfaces/ILISA.h", "pattern": "/^        struct EXTERNAL IApp : virtual public Core::IUnknown {$/", "language": "C++", "kind": "struct", "scope": "WPEFramework::Exchange::ILISA", "scopeKind": "struct"}, {"_type": "tag", "name": "IAppVersion", "path": "/home/kavia/workspace/code-generation/app-gateway2/dependencies/install/include/WPEFramework/interfaces/ILISA.h", "pattern": "/^        struct EXTERNAL IAppVersion : virtual public Core::IUnknown {$/", "language": "C++", "kind": "struct", "scope": "WPEFramework::Exchange::ILISA", "scopeKind": "struct"}, {"_type": "tag", "name": "IAppsPayload", "path": "/home/kavia/workspace/code-generation/app-gateway2/dependencies/install/include/WPEFramework/interfaces/ILISA.h", "pattern": "/^        struct EXTERNAL IAppsPayload : virtual public Core::IUnknown {$/", "language": "C++", "kind": "struct", "scope": "WPEFramework::Exchange::ILISA", "scopeKind": "struct"}, {"_type": "tag", "name": "ID", "path": "/home/kavia/workspace/code-generation/app-gateway2/dependencies/install/include/WPEFramework/interfaces/ILISA.h", "pattern": "/^                enum { ID = ID_LISA_APP_ITERATOR };$/", "language": "C++", "kind": "enumerator", "scope": "WPEFramework::Exchange::ILISA::IApp::IIterator::__anon28bb54dc0b03", "scopeKind": "enum"}, {"_type": "tag", "name": "ID", "path": "/home/kavia/workspace/code-generation/app-gateway2/dependencies/install/include/WPEFramework/interfaces/ILISA.h", "pattern": "/^                enum { ID = ID_LISA_APP_VERSION_ITERATOR };$/", "language": "C++", "kind": "enumerator", "scope": "WPEFramework::Exchange::ILISA::IAppVersion::IIterator::__anon28bb54dc0903", "scopeKind": "enum"}, {"_type": "tag", "name": "ID", "path": "/home/kavia/workspace/code-generation/app-gateway2/dependencies/install/include/WPEFramework/interfaces/ILISA.h", "pattern": "/^            enum { ID = ID_LISA_APP };$/", "language": "C++", "kind": "enumerator", "scope": "WPEFramework::Exchange::ILISA::IApp::__anon28bb54dc0a03", "scopeKind": "enum"}, {"_type": "tag", "name": "ID", "path": "/home/kavia/workspace/code-generation/app-gateway2/dependencies/install/include/WPEFramework/interfaces/ILISA.h", "pattern": "/^            enum { ID = ID_LISA_APPS_PAYLOAD };$/", "language": "C++", "kind": "enumerator", "scope": "WPEFramework::Exchange::ILISA::IAppsPayload::__anon28bb54dc0c03", "scopeKind": "enum"}, {"_type": "tag", "name": "ID", "path": "/home/kavia/workspace/code-generation/app-gateway2/dependencies/install/include/WPEFramework/interfaces/ILISA.h", "pattern": "/^            enum { ID = ID_LISA_APP_VERSION };$/", "language": "C++", "kind": "enumerator", "scope": "WPEFramework::Exchange::ILISA::IAppVersion::__anon28bb54dc0803", "scopeKind": "enum"}, {"_type": "tag", "name": "ID", "path": "/home/kavia/workspace/code-generation/app-gateway2/dependencies/install/include/WPEFramework/interfaces/ILISA.h", "pattern": "/^            enum { ID = ID_LISA_HANDLE_RESULT };$/", "language": "C++", "kind": "enumerator", "scope": "WPEFramework::Exchange::ILISA::IHandleResult::__anon28bb54dc0d03", "scopeKind": "enum"}, {"_type": "tag", "name": "ID", "path": "/home/kavia/workspace/code-generation/app-gateway2/dependencies/install/include/WPEFramework/interfaces/ILISA.h", "pattern": "/^            enum { ID = ID_LISA_KEY_VALUE };$/", "language": "C++", "kind": "enumerator", "scope": "WPEFramework::Exchange::ILISA::IKeyValue::__anon28bb54dc0403", "scopeKind": "enum"}, {"_type": "tag", "name": "ID", "path": "/home/kavia/workspace/code-generation/app-gateway2/dependencies/install/include/WPEFramework/interfaces/ILISA.h", "pattern": "/^            enum { ID = ID_LISA_KEY_VALUE_ITERATOR };$/", "language": "C++", "kind": "enumerator", "scope": "WPEFramework::Exchange::ILISA::IKeyValueIterator::__anon28bb54dc0503", "scopeKind": "enum"}, {"_type": "tag", "name": "ID", "path": "/home/kavia/workspace/code-generation/app-gateway2/dependencies/install/include/WPEFramework/interfaces/ILISA.h", "pattern": "/^            enum { ID = ID_LISA_LOCK_INFO };$/", "language": "C++", "kind": "enumerator", "scope": "WPEFramework::Exchange::ILISA::ILockInfo::__anon28bb54dc0e03", "scopeKind": "enum"}, {"_type": "tag", "name": "ID", "path": "/home/kavia/workspace/code-generation/app-gateway2/dependencies/install/include/WPEFramework/interfaces/ILISA.h", "pattern": "/^            enum { ID = ID_LISA_METADATA_PAYLOAD };$/", "language": "C++", "kind": "enumerator", "scope": "WPEFramework::Exchange::ILISA::IMetadataPayload::__anon28bb54dc0603", "scopeKind": "enum"}, {"_type": "tag", "name": "ID", "path": "/home/kavia/workspace/code-generation/app-gateway2/dependencies/install/include/WPEFramework/interfaces/ILISA.h", "pattern": "/^            enum { ID = ID_LISA_STORAGE };$/", "language": "C++", "kind": "enumerator", "scope": "WPEFramework::Exchange::ILISA::IStorage::__anon28bb54dc0203", "scopeKind": "enum"}, {"_type": "tag", "name": "ID", "path": "/home/kavia/workspace/code-generation/app-gateway2/dependencies/install/include/WPEFramework/interfaces/ILISA.h", "pattern": "/^            enum { ID = ID_LISA_STORAGE_PAYLOAD };$/", "language": "C++", "kind": "enumerator", "scope": "WPEFramework::Exchange::ILISA::IStoragePayload::__anon28bb54dc0303", "scopeKind": "enum"}, {"_type": "tag", "name": "ID", "path": "/home/kavia/workspace/code-generation/app-gateway2/dependencies/install/include/WPEFramework/interfaces/ILISA.h", "pattern": "/^            enum {ID = ID_LISA_NOTIFICATION};$/", "language": "C++", "kind": "enumerator", "scope": "WPEFramework::Exchange::ILISA::INotification::__anon28bb54dc0703", "scopeKind": "enum"}, {"_type": "tag", "name": "ID", "path": "/home/kavia/workspace/code-generation/app-gateway2/dependencies/install/include/WPEFramework/interfaces/ILISA.h", "pattern": "/^        enum { ID = ID_LISA };$/", "language": "C++", "kind": "enumerator", "scope": "WPEFramework::Exchange::ILISA::__anon28bb54dc0103", "scopeKind": "enum"}, {"_type": "tag", "name": "IHandleResult", "path": "/home/kavia/workspace/code-generation/app-gateway2/dependencies/install/include/WPEFramework/interfaces/ILISA.h", "pattern": "/^        struct EXTERNAL IHandleResult : virtual public Core::IUnknown {$/", "language": "C++", "kind": "struct", "scope": "WPEFramework::Exchange::ILISA", "scopeKind": "struct"}, {"_type": "tag", "name": "IIterator", "path": "/home/kavia/workspace/code-generation/app-gateway2/dependencies/install/include/WPEFramework/interfaces/ILISA.h", "pattern": "/^            struct EXTERNAL IIterator : virtual public Core::IUnknown {$/", "language": "C++", "kind": "struct", "scope": "WPEFramework::Exchange::ILISA::IApp", "scopeKind": "struct"}, {"_type": "tag", "name": "IIterator", "path": "/home/kavia/workspace/code-generation/app-gateway2/dependencies/install/include/WPEFramework/interfaces/ILISA.h", "pattern": "/^            struct EXTERNAL IIterator : virtual public Core::IUnknown {$/", "language": "C++", "kind": "struct", "scope": "WPEFramework::Exchange::ILISA::IAppVersion", "scopeKind": "struct"}, {"_type": "tag", "name": "IKeyValue", "path": "/home/kavia/workspace/code-generation/app-gateway2/dependencies/install/include/WPEFramework/interfaces/ILISA.h", "pattern": "/^        struct EXTERNAL IKeyValue : virtual public Core::IUnknown {$/", "language": "C++", "kind": "struct", "scope": "WPEFramework::Exchange::ILISA", "scopeKind": "struct"}, {"_type": "tag", "name": "IKeyValueIterator", "path": "/home/kavia/workspace/code-generation/app-gateway2/dependencies/install/include/WPEFramework/interfaces/ILISA.h", "pattern": "/^        struct EXTERNAL IKeyValueIterator : virtual public Core::IUnknown {$/", "language": "C++", "kind": "struct", "scope": "WPEFramework::Exchange::ILISA", "scopeKind": "struct"}, {"_type": "tag", "name": "ILISA", "path": "/home/kavia/workspace/code-generation/app-gateway2/dependencies/install/include/WPEFramework/interfaces/ILISA.h", "pattern": "/^    struct EXTERNAL ILISA : virtual public Core::IUnknown {$/", "language": "C++", "kind": "struct", "scope": "WPEFramework::Exchange", "scopeKind": "namespace"}, {"_type": "tag", "name": "ILockInfo", "path": "/home/kavia/workspace/code-generation/app-gateway2/dependencies/install/include/WPEFramework/interfaces/ILISA.h", "pattern": "/^        struct EXTERNAL ILockInfo : virtual public Core::IUnknown {$/", "language": "C++", "kind": "struct", "scope": "WPEFramework::Exchange::ILISA", "scopeKind": "struct"}, {"_type": "tag", "name": "IMetadataPayload", "path": "/home/kavia/workspace/code-generation/app-gateway2/dependencies/install/include/WPEFramework/interfaces/ILISA.h", "pattern": "/^        struct EXTERNAL IMetadataPayload : virtual public Core::IUnknown {$/", "language": "C++", "kind": "struct", "scope": "WPEFramework::Exchange::ILISA", "scopeKind": "struct"}, {"_type": "tag", "name": "INotification", "path": "/home/kavia/workspace/code-generation/app-gateway2/dependencies/install/include/WPEFramework/interfaces/ILISA.h", "pattern": "/^        struct EXTERNAL INotification : virtual public Core::IUnknown {$/", "language": "C++", "kind": "struct", "scope": "WPEFramework::Exchange::ILISA", "scopeKind": "struct"}, {"_type": "tag", "name": "IStorage", "path": "/home/kavia/workspace/code-generation/app-gateway2/dependencies/install/include/WPEFramework/interfaces/ILISA.h", "pattern": "/^        struct EXTERNAL IStorage : virtual public Core::IUnknown$/", "language": "C++", "kind": "struct", "scope": "WPEFramework::Exchange::ILISA", "scopeKind": "struct"}, {"_type": "tag", "name": "IStoragePayload", "path": "/home/kavia/workspace/code-generation/app-gateway2/dependencies/install/include/WPEFramework/interfaces/ILISA.h", "pattern": "/^        struct EXTERNAL IStoragePayload : virtual public Core::IUnknown {$/", "language": "C++", "kind": "struct", "scope": "WPEFramework::Exchange::ILISA", "scopeKind": "struct"}, {"_type": "tag", "name": "WPEFramework", "path": "/home/kavia/workspace/code-generation/app-gateway2/dependencies/install/include/WPEFramework/interfaces/ILISA.h", "pattern": "/^namespace WPEFramework {$/", "language": "C++", "kind": "namespace"}, {"_type": "tag", "name": "__anon28bb54dc0103", "path": "/home/kavia/workspace/code-generation/app-gateway2/dependencies/install/include/WPEFramework/interfaces/ILISA.h", "pattern": "/^        enum { ID = ID_LISA };$/", "language": "C++", "kind": "enum", "scope": "WPEFramework::Exchange::ILISA", "scopeKind": "struct"}, {"_type": "tag", "name": "__anon28bb54dc0203", "path": "/home/kavia/workspace/code-generation/app-gateway2/dependencies/install/include/WPEFramework/interfaces/ILISA.h", "pattern": "/^            enum { ID = ID_LISA_STORAGE };$/", "language": "C++", "kind": "enum", "scope": "WPEFramework::Exchange::ILISA::IStorage", "scopeKind": "struct"}, {"_type": "tag", "name": "__anon28bb54dc0303", "path": "/home/kavia/workspace/code-generation/app-gateway2/dependencies/install/include/WPEFramework/interfaces/ILISA.h", "pattern": "/^            enum { ID = ID_LISA_STORAGE_PAYLOAD };$/", "language": "C++", "kind": "enum", "scope": "WPEFramework::Exchange::ILISA::IStoragePayload", "scopeKind": "struct"}, {"_type": "tag", "name": "__anon28bb54dc0403", "path": "/home/kavia/workspace/code-generation/app-gateway2/dependencies/install/include/WPEFramework/interfaces/ILISA.h", "pattern": "/^            enum { ID = ID_LISA_KEY_VALUE };$/", "language": "C++", "kind": "enum", "scope": "WPEFramework::Exchange::ILISA::IKeyValue", "scopeKind": "struct"}, {"_type": "tag", "name": "__anon28bb54dc0503", "path": "/home/kavia/workspace/code-generation/app-gateway2/dependencies/install/include/WPEFramework/interfaces/ILISA.h", "pattern": "/^            enum { ID = ID_LISA_KEY_VALUE_ITERATOR };$/", "language": "C++", "kind": "enum", "scope": "WPEFramework::Exchange::ILISA::IKeyValueIterator", "scopeKind": "struct"}, {"_type": "tag", "name": "__anon28bb54dc0603", "path": "/home/kavia/workspace/code-generation/app-gateway2/dependencies/install/include/WPEFramework/interfaces/ILISA.h", "pattern": "/^            enum { ID = ID_LISA_METADATA_PAYLOAD };$/", "language": "C++", "kind": "enum", "scope": "WPEFramework::Exchange::ILISA::IMetadataPayload", "scopeKind": "struct"}, {"_type": "tag", "name": "__anon28bb54dc0703", "path": "/home/kavia/workspace/code-generation/app-gateway2/dependencies/install/include/WPEFramework/interfaces/ILISA.h", "pattern": "/^            enum {ID = ID_LISA_NOTIFICATION};$/", "language": "C++", "kind": "enum", "scope": "WPEFramework::Exchange::ILISA::INotification", "scopeKind": "struct"}, {"_type": "tag", "name": "__anon28bb54dc0803", "path": "/home/kavia/workspace/code-generation/app-gateway2/dependencies/install/include/WPEFramework/interfaces/ILISA.h", "pattern": "/^            enum { ID = ID_LISA_APP_VERSION };$/", "language": "C++", "kind": "enum", "scope": "WPEFramework::Exchange::ILISA::IAppVersion", "scopeKind": "struct"}, {"_type": "tag", "name": "__anon28bb54dc0903", "path": "/home/kavia/workspace/code-generation/app-gateway2/dependencies/install/include/WPEFramework/interfaces/ILISA.h", "pattern": "/^                enum { ID = ID_LISA_APP_VERSION_ITERATOR };$/", "language": "C++", "kind": "enum", "scope": "WPEFramework::Exchange::ILISA::IAppVersion::IIterator", "scopeKind": "struct"}, {"_type": "tag", "name": "__anon28bb54dc0a03", "path": "/home/kavia/workspace/code-generation/app-gateway2/dependencies/install/include/WPEFramework/interfaces/ILISA.h", "pattern": "/^            enum { ID = ID_LISA_APP };$/", "language": "C++", "kind": "enum", "scope": "WPEFramework::Exchange::ILISA::IApp", "scopeKind": "struct"}, {"_type": "tag", "name": "__anon28bb54dc0b03", "path": "/home/kavia/workspace/code-generation/app-gateway2/dependencies/install/include/WPEFramework/interfaces/ILISA.h", "pattern": "/^                enum { ID = ID_LISA_APP_ITERATOR };$/", "language": "C++", "kind": "enum", "scope": "WPEFramework::Exchange::ILISA::IApp::IIterator", "scopeKind": "struct"}, {"_type": "tag", "name": "__anon28bb54dc0c03", "path": "/home/kavia/workspace/code-generation/app-gateway2/dependencies/install/include/WPEFramework/interfaces/ILISA.h", "pattern": "/^            enum { ID = ID_LISA_APPS_PAYLOAD };$/", "language": "C++", "kind": "enum", "scope": "WPEFramework::Exchange::ILISA::IAppsPayload", "scopeKind": "struct"}, {"_type": "tag", "name": "__anon28bb54dc0d03", "path": "/home/kavia/workspace/code-generation/app-gateway2/dependencies/install/include/WPEFramework/interfaces/ILISA.h", "pattern": "/^            enum { ID = ID_LISA_HANDLE_RESULT };$/", "language": "C++", "kind": "enum", "scope": "WPEFramework::Exchange::ILISA::IHandleResult", "scopeKind": "struct"}, {"_type": "tag", "name": "__anon28bb54dc0e03", "path": "/home/kavia/workspace/code-generation/app-gateway2/dependencies/install/include/WPEFramework/interfaces/ILISA.h", "pattern": "/^            enum { ID = ID_LISA_LOCK_INFO };$/", "language": "C++", "kind": "enum", "scope": "WPEFramework::Exchange::ILISA::ILockInfo", "scopeKind": "struct"}], "hash": "a2bacc6b5bfce87edf80289d9fc94c6e", "format-version": 4, "code-base-name": "app-gateway2", "filename": "dependencies/install/include/WPEFramework/interfaces/ILISA.h", "revision_history": [{"17092": "0f87a35b32215bc8547fb583d6c84bd51f603f69"}]}