{"is_source_file": true, "format": "C++ header", "description": "This file defines data structures, enums, and classes related to device information API in JSON format for the WPEFramework. It includes various device capabilities, specifications, and related data containers used in JSON-RPC communication. It is auto-generated from a 'DeviceInfo.json' schema and includes type definitions and data models for device details, supported resolutions, audio/video capabilities, and system information.", "external_files": ["<core/JSON.h>", "<core/Enumerate.h>"], "external_methods": [], "published": ["WPEFramework::JsonData::DeviceInfo::AudiocapabilityType", "WPEFramework::JsonData::DeviceInfo::AudioportType", "WPEFramework::JsonData::DeviceInfo::CopyprotectionType", "WPEFramework::JsonData::DeviceInfo::Ms12capabilityType", "WPEFramework::JsonData::DeviceInfo::Ms12profileType", "WPEFramework::JsonData::DeviceInfo::Output_resolutionType", "WPEFramework::JsonData::DeviceInfo::VideodisplayType", "WPEFramework::JsonData::DeviceInfo::AddressesData", "WPEFramework::JsonData::DeviceInfo::AudiocapabilitiesResultData", "WPEFramework::JsonData::DeviceInfo::DefaultresolutionResultData", "WPEFramework::JsonData::DeviceInfo::DeviceaudiocapabilitiesData", "WPEFramework::JsonData::DeviceInfo::DeviceinfoData", "WPEFramework::JsonData::DeviceInfo::DevicetypeData", "WPEFramework::JsonData::DeviceInfo::DevicevideocapabilitiesData", "WPEFramework::JsonData::DeviceInfo::DistributoridData", "WPEFramework::JsonData::DeviceInfo::FirmwareversionData", "WPEFramework::JsonData::DeviceInfo::HostedidData", "WPEFramework::JsonData::DeviceInfo::MakeData", "WPEFramework::JsonData::DeviceInfo::ModelidData", "WPEFramework::JsonData::DeviceInfo::ModelnameData", "WPEFramework::JsonData::DeviceInfo::ModelyearData", "WPEFramework::JsonData::DeviceInfo::Ms12capabilitiesResultData", "WPEFramework::JsonData::DeviceInfo::SerialnumberData", "WPEFramework::JsonData::DeviceInfo::SocketinfoData", "WPEFramework::JsonData::DeviceInfo::SupportedaudioportsData", "WPEFramework::JsonData::DeviceInfo::SupportedhdcpResultData", "WPEFramework::JsonData::DeviceInfo::Supportedms12audioprofilesResultData", "WPEFramework::JsonData::DeviceInfo::SupportedresolutionsResultData", "WPEFramework::JsonData::DeviceInfo::SupportedvideodisplaysData", "WPEFramework::JsonData::DeviceInfo::SysteminfoData", "WPEFramework::JsonData::DeviceInfo::FriendlynameInfo"], "search-terms": ["DeviceInfo API", "JSON data classes", "WPEFramework device info", "device capabilities enums", "device specifications structures", "auto-generated from DeviceInfo.json"], "methods": [{"name": "AddressesData()", "scope": "WPEFramework::JsonData::DeviceInfo::AddressesData", "scopeKind": "class", "description": "unavailable"}, {"name": "AddressesData(const AddressesData & _other)", "scope": "WPEFramework::JsonData::DeviceInfo::AddressesData", "scopeKind": "class", "description": "unavailable"}, {"name": "AudiocapabilitiesParamsInfo()", "scope": "WPEFramework::JsonData::DeviceInfo::AudiocapabilitiesParamsInfo", "scopeKind": "class", "description": "unavailable"}, {"name": "AudiocapabilitiesResultData()", "scope": "WPEFramework::JsonData::DeviceInfo::AudiocapabilitiesResultData", "scopeKind": "class", "description": "unavailable"}, {"name": "AudiooutputcapabilitiesData()", "scope": "WPEFramework::JsonData::DeviceInfo::DeviceaudiocapabilitiesData::AudiooutputcapabilitiesData", "scopeKind": "class", "description": "unavailable"}, {"name": "AudiooutputcapabilitiesData(const AudiooutputcapabilitiesData & _other)", "scope": "WPEFramework::JsonData::DeviceInfo::DeviceaudiocapabilitiesData::AudiooutputcapabilitiesData", "scopeKind": "class", "description": "unavailable"}, {"name": "CpuloadavgsData()", "scope": "WPEFramework::JsonData::DeviceInfo::SysteminfoData::CpuloadavgsData", "scopeKind": "class", "description": "unavailable"}, {"name": "DefaultresolutionResultData()", "scope": "WPEFramework::JsonData::DeviceInfo::DefaultresolutionResultData", "scopeKind": "class", "description": "unavailable"}, {"name": "DeviceaudiocapabilitiesData()", "scope": "WPEFramework::JsonData::DeviceInfo::DeviceaudiocapabilitiesData", "scopeKind": "class", "description": "unavailable"}, {"name": "DeviceinfoData()", "scope": "WPEFramework::JsonData::DeviceInfo::DeviceinfoData", "scopeKind": "class", "description": "unavailable"}, {"name": "DevicetypeData()", "scope": "WPEFramework::JsonData::DeviceInfo::DevicetypeData", "scopeKind": "class", "description": "unavailable"}, {"name": "DevicevideocapabilitiesData()", "scope": "WPEFramework::JsonData::DeviceInfo::DevicevideocapabilitiesData", "scopeKind": "class", "description": "unavailable"}], "classes": [{"name": "AudiocapabilitiesParamsInfo", "description": "JSON container for audio port capabilities, including validation."}, {"name": "FriendlynameInfo", "description": "Holds a device friendly name."}, {"name": "SupportedresolutionsParamsInfo", "description": "Represents supported display resolutions."}, {"name": "AddressesData", "description": "Contains network address information like name, MAC, and IPs."}, {"name": "AudiocapabilitiesResultData", "description": "Array of supported audio capabilities."}, {"name": "DefaultresolutionResultData", "description": "Default supported resolution info."}, {"name": "DeviceaudiocapabilitiesData", "description": "Audio output capabilities per device."}, {"name": "DeviceinfoData", "description": "Primary device information data container."}, {"name": "DevicetypeData", "description": "Device type enumeration."}, {"name": "DevicevideocapabilitiesData", "description": "Video capabilities including supported outputs and resolutions."}, {"name": "DistributoridData", "description": "Distributor or partner identifier."}, {"name": "FirmwareversionData", "description": "Firmware version info, including Yocto version."}, {"name": "HostedidData", "description": "EDID info for the device."}, {"name": "MakeData", "description": "Device manufacturer info."}, {"name": "ModelidData", "description": "Model number/SKU info."}, {"name": "ModelnameData", "description": "Device model name."}, {"name": "ModelyearData", "description": "Device production year."}, {"name": "Ms12capabilitiesResultData", "description": "MS12 audio capabilities list."}, {"name": "SerialnumberData", "description": "Serial number info."}, {"name": "SocketinfoData", "description": "Data about socket states."}, {"name": "SupportedaudioportsData", "description": "Supported audio port types."}, {"name": "SupportedhdcpResultData", "description": "Supported HDCP version info."}, {"name": "Supportedms12audioprofilesResultData", "description": "Supported MS12 audio profiles."}, {"name": "SupportedresolutionsResultData", "description": "Supported resolution list."}, {"name": "SupportedvideodisplaysData", "description": "Supported video display types."}, {"name": "SysteminfoData", "description": "System info including CPU load, uptime, and version."}], "state": 2, "file_id": 8508, "knowledge_revision": 17236, "git_revision": "a019ef1ecf9043a6387775f8d60762f619f4c761", "ctags": [{"_type": "tag", "name": "AMLOGIC_INC", "path": "/home/kavia/workspace/code-generation/app-gateway2/dependencies/install/include/WPEFramework/interfaces/json/JsonData_DeviceInfo.h", "pattern": "/^                AMLOGIC_INC,$/", "language": "C++", "kind": "enumerator", "scope": "WPEFramework::JsonData::DeviceInfo::MakeData::MakeType", "scopeKind": "enum"}, {"_type": "tag", "name": "ANALOG", "path": "/home/kavia/workspace/code-generation/app-gateway2/dependencies/install/include/WPEFramework/interfaces/json/JsonData_DeviceInfo.h", "pattern": "/^            ANALOG,$/", "language": "C++", "kind": "enumerator", "scope": "WPEFramework::JsonData::DeviceInfo::AudioportType", "scopeKind": "enum"}, {"_type": "tag", "name": "ARRIS", "path": "/home/kavia/workspace/code-generation/app-gateway2/dependencies/install/include/WPEFramework/interfaces/json/JsonData_DeviceInfo.h", "pattern": "/^                ARRIS,$/", "language": "C++", "kind": "enumerator", "scope": "WPEFramework::JsonData::DeviceInfo::MakeData::MakeType", "scopeKind": "enum"}, {"_type": "tag", "name": "ATMOS", "path": "/home/kavia/workspace/code-generation/app-gateway2/dependencies/install/include/WPEFramework/interfaces/json/JsonData_DeviceInfo.h", "pattern": "/^            ATMOS,$/", "language": "C++", "kind": "enumerator", "scope": "WPEFramework::JsonData::DeviceInfo::AudiocapabilityType", "scopeKind": "enum"}, {"_type": "tag", "name": "AX013AN", "path": "/home/kavia/workspace/code-generation/app-gateway2/dependencies/install/include/WPEFramework/interfaces/json/JsonData_DeviceInfo.h", "pattern": "/^                AX013AN,$/", "language": "C++", "kind": "enumerator", "scope": "WPEFramework::JsonData::DeviceInfo::ModelidData::SkuType", "scopeKind": "enum"}, {"_type": "tag", "name": "AX014AN", "path": "/home/kavia/workspace/code-generation/app-gateway2/dependencies/install/include/WPEFramework/interfaces/json/JsonData_DeviceInfo.h", "pattern": "/^                AX014AN,$/", "language": "C++", "kind": "enumerator", "scope": "WPEFramework::JsonData::DeviceInfo::ModelidData::SkuType", "scopeKind": "enum"}, {"_type": "tag", "name": "AX061AEI", "path": "/home/kavia/workspace/code-generation/app-gateway2/dependencies/install/include/WPEFramework/interfaces/json/JsonData_DeviceInfo.h", "pattern": "/^                AX061AEI,$/", "language": "C++", "kind": "enumerator", "scope": "WPEFramework::JsonData::DeviceInfo::ModelidData::SkuType", "scopeKind": "enum"}, {"_type": "tag", "name": "AddressesData", "path": "/home/kavia/workspace/code-generation/app-gateway2/dependencies/install/include/WPEFramework/interfaces/json/JsonData_DeviceInfo.h", "pattern": "/^            AddressesData()$/", "language": "C++", "kind": "function", "signature": "()", "scope": "WPEFramework::JsonData::DeviceInfo::AddressesData", "scopeKind": "class"}, {"_type": "tag", "name": "AddressesData", "path": "/home/kavia/workspace/code-generation/app-gateway2/dependencies/install/include/WPEFramework/interfaces/json/JsonData_DeviceInfo.h", "pattern": "/^            AddressesData(const AddressesData& _other)$/", "language": "C++", "kind": "function", "signature": "(const AddressesData & _other)", "scope": "WPEFramework::JsonData::DeviceInfo::AddressesData", "scopeKind": "class"}, {"_type": "tag", "name": "AddressesData", "path": "/home/kavia/workspace/code-generation/app-gateway2/dependencies/install/include/WPEFramework/interfaces/json/JsonData_DeviceInfo.h", "pattern": "/^        class AddressesData : public Core::JSON::Container {$/", "language": "C++", "kind": "class", "scope": "WPEFramework::JsonData::DeviceInfo", "scopeKind": "namespace"}, {"_type": "tag", "name": "Atmos", "path": "/home/kavia/workspace/code-generation/app-gateway2/dependencies/install/include/WPEFramework/interfaces/json/JsonData_DeviceInfo.h", "pattern": "/^            Core::JSON::Boolean Atmos; \\/\\/ Is Atmos supported by this device$/", "language": "C++", "typeref": "typename:Core::JSON::Boolean", "kind": "member", "scope": "WPEFramework::JsonData::DeviceInfo::DevicevideocapabilitiesData", "scopeKind": "class"}, {"_type": "tag", "name": "AudioCapabilities", "path": "/home/kavia/workspace/code-generation/app-gateway2/dependencies/install/include/WPEFramework/interfaces/json/JsonData_DeviceInfo.h", "pattern": "/^            Core::JSON::ArrayType<Core::JSON::EnumType<AudiocapabilityType>> AudioCapabilities;$/", "language": "C++", "typeref": "typename:Core::JSON::ArrayType<Core::JSON::EnumType<AudiocapabilityType>>", "kind": "member", "scope": "WPEFramework::JsonData::DeviceInfo::AudiocapabilitiesResultData", "scopeKind": "class"}, {"_type": "tag", "name": "AudioPort", "path": "/home/kavia/workspace/code-generation/app-gateway2/dependencies/install/include/WPEFramework/interfaces/json/JsonData_DeviceInfo.h", "pattern": "/^                Core::JSON::EnumType<AudioportType> AudioPort; \\/\\/ Audio Output support$/", "language": "C++", "typeref": "typename:Core::JSON::EnumType<AudioportType>", "kind": "member", "scope": "WPEFramework::JsonData::DeviceInfo::DeviceaudiocapabilitiesData::AudiooutputcapabilitiesData", "scopeKind": "class"}, {"_type": "tag", "name": "AudioPort", "path": "/home/kavia/workspace/code-generation/app-gateway2/dependencies/install/include/WPEFramework/interfaces/json/JsonData_DeviceInfo.h", "pattern": "/^            Core::JSON::EnumType<AudioportType> AudioPort; \\/\\/ Audio output supported by the de/", "language": "C++", "typeref": "typename:Core::JSON::EnumType<AudioportType>", "kind": "member", "scope": "WPEFramework::JsonData::DeviceInfo::AudiocapabilitiesParamsInfo", "scopeKind": "class"}, {"_type": "tag", "name": "Audiocapabilities", "path": "/home/kavia/workspace/code-generation/app-gateway2/dependencies/install/include/WPEFramework/interfaces/json/JsonData_DeviceInfo.h", "pattern": "/^                Core::JSON::ArrayType<Core::JSON::EnumType<AudiocapabilityType>> Audiocapabiliti/", "language": "C++", "typeref": "typename:Core::JSON::ArrayType<Core::JSON::EnumType<AudiocapabilityType>>", "kind": "member", "scope": "WPEFramework::JsonData::DeviceInfo::DeviceaudiocapabilitiesData::AudiooutputcapabilitiesData", "scopeKind": "class"}, {"_type": "tag", "name": "AudiocapabilitiesParamsInfo", "path": "/home/kavia/workspace/code-generation/app-gateway2/dependencies/install/include/WPEFramework/interfaces/json/JsonData_DeviceInfo.h", "pattern": "/^            AudiocapabilitiesParamsInfo()$/", "language": "C++", "kind": "function", "signature": "()", "scope": "WPEFramework::JsonData::DeviceInfo::AudiocapabilitiesParamsInfo", "scopeKind": "class"}, {"_type": "tag", "name": "AudiocapabilitiesParamsInfo", "path": "/home/kavia/workspace/code-generation/app-gateway2/dependencies/install/include/WPEFramework/interfaces/json/JsonData_DeviceInfo.h", "pattern": "/^        class AudiocapabilitiesParamsInfo : public Core::JSON::Container {$/", "language": "C++", "kind": "class", "scope": "WPEFramework::JsonData::DeviceInfo", "scopeKind": "namespace"}, {"_type": "tag", "name": "AudiocapabilitiesResultData", "path": "/home/kavia/workspace/code-generation/app-gateway2/dependencies/install/include/WPEFramework/interfaces/json/JsonData_DeviceInfo.h", "pattern": "/^            AudiocapabilitiesResultData()$/", "language": "C++", "kind": "function", "signature": "()", "scope": "WPEFramework::JsonData::DeviceInfo::AudiocapabilitiesResultData", "scopeKind": "class"}, {"_type": "tag", "name": "AudiocapabilitiesResultData", "path": "/home/kavia/workspace/code-generation/app-gateway2/dependencies/install/include/WPEFramework/interfaces/json/JsonData_DeviceInfo.h", "pattern": "/^        class AudiocapabilitiesResultData : public Core::JSON::Container {$/", "language": "C++", "kind": "class", "scope": "WPEFramework::JsonData::DeviceInfo", "scopeKind": "namespace"}, {"_type": "tag", "name": "AudiocapabilityType", "path": "/home/kavia/workspace/code-generation/app-gateway2/dependencies/install/include/WPEFramework/interfaces/json/JsonData_DeviceInfo.h", "pattern": "/^        enum class AudiocapabilityType : uint8_t {$/", "language": "C++", "typeref": "typename:uint8_t", "kind": "enum", "scope": "WPEFramework::JsonData::DeviceInfo", "scopeKind": "namespace"}, {"_type": "tag", "name": "Audiooutputcapabilities", "path": "/home/kavia/workspace/code-generation/app-gateway2/dependencies/install/include/WPEFramework/interfaces/json/JsonData_DeviceInfo.h", "pattern": "/^            Core::JSON::ArrayType<DeviceaudiocapabilitiesData::AudiooutputcapabilitiesData> Audi/", "language": "C++", "typeref": "typename:Core::JSON::ArrayType<DeviceaudiocapabilitiesData::AudiooutputcapabilitiesData>", "kind": "member", "scope": "WPEFramework::JsonData::DeviceInfo::DeviceaudiocapabilitiesData", "scopeKind": "class"}, {"_type": "tag", "name": "AudiooutputcapabilitiesData", "path": "/home/kavia/workspace/code-generation/app-gateway2/dependencies/install/include/WPEFramework/interfaces/json/JsonData_DeviceInfo.h", "pattern": "/^                AudiooutputcapabilitiesData()$/", "language": "C++", "kind": "function", "signature": "()", "scope": "WPEFramework::JsonData::DeviceInfo::DeviceaudiocapabilitiesData::AudiooutputcapabilitiesData", "scopeKind": "class"}, {"_type": "tag", "name": "AudiooutputcapabilitiesData", "path": "/home/kavia/workspace/code-generation/app-gateway2/dependencies/install/include/WPEFramework/interfaces/json/JsonData_DeviceInfo.h", "pattern": "/^                AudiooutputcapabilitiesData(const AudiooutputcapabilitiesData& _other)$/", "language": "C++", "kind": "function", "signature": "(const AudiooutputcapabilitiesData & _other)", "scope": "WPEFramework::JsonData::DeviceInfo::DeviceaudiocapabilitiesData::AudiooutputcapabilitiesData", "scopeKind": "class"}, {"_type": "tag", "name": "AudiooutputcapabilitiesData", "path": "/home/kavia/workspace/code-generation/app-gateway2/dependencies/install/include/WPEFramework/interfaces/json/JsonData_DeviceInfo.h", "pattern": "/^            class AudiooutputcapabilitiesData : public Core::JSON::Container {$/", "language": "C++", "kind": "class", "scope": "WPEFramework::JsonData::DeviceInfo::DeviceaudiocapabilitiesData", "scopeKind": "class"}, {"_type": "tag", "name": "AudioportType", "path": "/home/kavia/workspace/code-generation/app-gateway2/dependencies/install/include/WPEFramework/interfaces/json/JsonData_DeviceInfo.h", "pattern": "/^        enum class AudioportType : uint8_t {$/", "language": "C++", "typeref": "typename:uint8_t", "kind": "enum", "scope": "WPEFramework::JsonData::DeviceInfo", "scopeKind": "namespace"}, {"_type": "tag", "name": "Avg15min", "path": "/home/kavia/workspace/code-generation/app-gateway2/dependencies/install/include/WPEFramework/interfaces/json/JsonData_DeviceInfo.h", "pattern": "/^                Core::JSON::DecUInt64 Avg15min; \\/\\/ 15min cpuload average$/", "language": "C++", "typeref": "typename:Core::JSON::DecUInt64", "kind": "member", "scope": "WPEFramework::JsonData::DeviceInfo::SysteminfoData::CpuloadavgsData", "scopeKind": "class"}, {"_type": "tag", "name": "Avg1min", "path": "/home/kavia/workspace/code-generation/app-gateway2/dependencies/install/include/WPEFramework/interfaces/json/JsonData_DeviceInfo.h", "pattern": "/^                Core::JSON::DecUInt64 Avg1min; \\/\\/ 1min cpuload average$/", "language": "C++", "typeref": "typename:Core::JSON::DecUInt64", "kind": "member", "scope": "WPEFramework::JsonData::DeviceInfo::SysteminfoData::CpuloadavgsData", "scopeKind": "class"}, {"_type": "tag", "name": "Avg5min", "path": "/home/kavia/workspace/code-generation/app-gateway2/dependencies/install/include/WPEFramework/interfaces/json/JsonData_DeviceInfo.h", "pattern": "/^                Core::JSON::DecUInt64 Avg5min; \\/\\/ 5min cpuload average$/", "language": "C++", "typeref": "typename:Core::JSON::DecUInt64", "kind": "member", "scope": "WPEFramework::JsonData::DeviceInfo::SysteminfoData::CpuloadavgsData", "scopeKind": "class"}, {"_type": "tag", "name": "CHARTER", "path": "/home/kavia/workspace/code-generation/app-gateway2/dependencies/install/include/WPEFramework/interfaces/json/JsonData_DeviceInfo.h", "pattern": "/^                CHARTER,$/", "language": "C++", "kind": "enumerator", "scope": "WPEFramework::JsonData::DeviceInfo::DistributoridData::DistributoridType", "scopeKind": "enum"}, {"_type": "tag", "name": "CHARTER_DEV", "path": "/home/kavia/workspace/code-generation/app-gateway2/dependencies/install/include/WPEFramework/interfaces/json/JsonData_DeviceInfo.h", "pattern": "/^                CHARTER_DEV$/", "language": "C++", "kind": "enumerator", "scope": "WPEFramework::JsonData::DeviceInfo::DistributoridData::DistributoridType", "scopeKind": "enum"}, {"_type": "tag", "name": "CISCO", "path": "/home/kavia/workspace/code-generation/app-gateway2/dependencies/install/include/WPEFramework/interfaces/json/JsonData_DeviceInfo.h", "pattern": "/^                CISCO,$/", "language": "C++", "kind": "enumerator", "scope": "WPEFramework::JsonData::DeviceInfo::MakeData::MakeType", "scopeKind": "enum"}, {"_type": "tag", "name": "CMXI11BEI", "path": "/home/kavia/workspace/code-generation/app-gateway2/dependencies/install/include/WPEFramework/interfaces/json/JsonData_DeviceInfo.h", "pattern": "/^                CMXI11BEI,$/", "language": "C++", "kind": "enumerator", "scope": "WPEFramework::JsonData::DeviceInfo::ModelidData::SkuType", "scopeKind": "enum"}, {"_type": "tag", "name": "COMCAST", "path": "/home/kavia/workspace/code-generation/app-gateway2/dependencies/install/include/WPEFramework/interfaces/json/JsonData_DeviceInfo.h", "pattern": "/^                COMCAST,$/", "language": "C++", "kind": "enumerator", "scope": "WPEFramework::JsonData::DeviceInfo::DistributoridData::DistributoridType", "scopeKind": "enum"}, {"_type": "tag", "name": "COMMSCOPE", "path": "/home/kavia/workspace/code-generation/app-gateway2/dependencies/install/include/WPEFramework/interfaces/json/JsonData_DeviceInfo.h", "pattern": "/^                COMMSCOPE,$/", "language": "C++", "kind": "enumerator", "scope": "WPEFramework::JsonData::DeviceInfo::MakeData::MakeType", "scopeKind": "enum"}, {"_type": "tag", "name": "COMPONET", "path": "/home/kavia/workspace/code-generation/app-gateway2/dependencies/install/include/WPEFramework/interfaces/json/JsonData_DeviceInfo.h", "pattern": "/^            COMPONET,$/", "language": "C++", "kind": "enumerator", "scope": "WPEFramework::JsonData::DeviceInfo::VideodisplayType", "scopeKind": "enum"}, {"_type": "tag", "name": "COMPOSITE", "path": "/home/kavia/workspace/code-generation/app-gateway2/dependencies/install/include/WPEFramework/interfaces/json/JsonData_DeviceInfo.h", "pattern": "/^            COMPOSITE,$/", "language": "C++", "kind": "enumerator", "scope": "WPEFramework::JsonData::DeviceInfo::VideodisplayType", "scopeKind": "enum"}, {"_type": "tag", "name": "COX", "path": "/home/kavia/workspace/code-generation/app-gateway2/dependencies/install/include/WPEFramework/interfaces/json/JsonData_DeviceInfo.h", "pattern": "/^                COX,$/", "language": "C++", "kind": "enumerator", "scope": "WPEFramework::JsonData::DeviceInfo::DistributoridData::DistributoridType", "scopeKind": "enum"}, {"_type": "tag", "name": "COX_DEV", "path": "/home/kavia/workspace/code-generation/app-gateway2/dependencies/install/include/WPEFramework/interfaces/json/JsonData_DeviceInfo.h", "pattern": "/^                COX_DEV,$/", "language": "C++", "kind": "enumerator", "scope": "WPEFramework::JsonData::DeviceInfo::DistributoridData::DistributoridType", "scopeKind": "enum"}, {"_type": "tag", "name": "COX_HOSPITALITY", "path": "/home/kavia/workspace/code-generation/app-gateway2/dependencies/install/include/WPEFramework/interfaces/json/JsonData_DeviceInfo.h", "pattern": "/^                COX_HOSPITALITY,$/", "language": "C++", "kind": "enumerator", "scope": "WPEFramework::JsonData::DeviceInfo::DistributoridData::DistributoridType", "scopeKind": "enum"}, {"_type": "tag", "name": "COX_QA", "path": "/home/kavia/workspace/code-generation/app-gateway2/dependencies/install/include/WPEFramework/interfaces/json/JsonData_DeviceInfo.h", "pattern": "/^                COX_QA,$/", "language": "C++", "kind": "enumerator", "scope": "WPEFramework::JsonData::DeviceInfo::DistributoridData::DistributoridType", "scopeKind": "enum"}, {"_type": "tag", "name": "CS011AN", "path": "/home/kavia/workspace/code-generation/app-gateway2/dependencies/install/include/WPEFramework/interfaces/json/JsonData_DeviceInfo.h", "pattern": "/^                CS011AN,$/", "language": "C++", "kind": "enumerator", "scope": "WPEFramework::JsonData::DeviceInfo::ModelidData::SkuType", "scopeKind": "enum"}, {"_type": "tag", "name": "CXD01ANI", "path": "/home/kavia/workspace/code-generation/app-gateway2/dependencies/install/include/WPEFramework/interfaces/json/JsonData_DeviceInfo.h", "pattern": "/^                CXD01ANI,$/", "language": "C++", "kind": "enumerator", "scope": "WPEFramework::JsonData::DeviceInfo::ModelidData::SkuType", "scopeKind": "enum"}, {"_type": "tag", "name": "Cec", "path": "/home/kavia/workspace/code-generation/app-gateway2/dependencies/install/include/WPEFramework/interfaces/json/JsonData_DeviceInfo.h", "pattern": "/^            Core::JSON::Boolean Cec; \\/\\/ Is CEC supported by this device$/", "language": "C++", "typeref": "typename:Core::JSON::Boolean", "kind": "member", "scope": "WPEFramework::JsonData::DeviceInfo::DevicevideocapabilitiesData", "scopeKind": "class"}, {"_type": "tag", "name": "CopyprotectionType", "path": "/home/kavia/workspace/code-generation/app-gateway2/dependencies/install/include/WPEFramework/interfaces/json/JsonData_DeviceInfo.h", "pattern": "/^        enum class CopyprotectionType : uint8_t {$/", "language": "C++", "typeref": "typename:uint8_t", "kind": "enum", "scope": "WPEFramework::JsonData::DeviceInfo", "scopeKind": "namespace"}, {"_type": "tag", "name": "Cpuload", "path": "/home/kavia/workspace/code-generation/app-gateway2/dependencies/install/include/WPEFramework/interfaces/json/JsonData_DeviceInfo.h", "pattern": "/^            Core::JSON::String Cpuload; \\/\\/ Current CPU load (percentage)$/", "language": "C++", "typeref": "typename:Core::JSON::String", "kind": "member", "scope": "WPEFramework::JsonData::DeviceInfo::SysteminfoData", "scopeKind": "class"}, {"_type": "tag", "name": "Cpuloadavg", "path": "/home/kavia/workspace/code-generation/app-gateway2/dependencies/install/include/WPEFramework/interfaces/json/JsonData_DeviceInfo.h", "pattern": "/^            SysteminfoData::CpuloadavgsData Cpuloadavg; \\/\\/ CPU load average$/", "language": "C++", "typeref": "typename:SysteminfoData::CpuloadavgsData", "kind": "member", "scope": "WPEFramework::JsonData::DeviceInfo::SysteminfoData", "scopeKind": "class"}, {"_type": "tag", "name": "CpuloadavgsData", "path": "/home/kavia/workspace/code-generation/app-gateway2/dependencies/install/include/WPEFramework/interfaces/json/JsonData_DeviceInfo.h", "pattern": "/^                CpuloadavgsData()$/", "language": "C++", "kind": "function", "signature": "()", "scope": "WPEFramework::JsonData::DeviceInfo::SysteminfoData::CpuloadavgsData", "scopeKind": "class"}, {"_type": "tag", "name": "CpuloadavgsData", "path": "/home/kavia/workspace/code-generation/app-gateway2/dependencies/install/include/WPEFramework/interfaces/json/JsonData_DeviceInfo.h", "pattern": "/^            class CpuloadavgsData : public Core::JSON::Container {$/", "language": "C++", "kind": "class", "scope": "WPEFramework::JsonData::DeviceInfo::SysteminfoData", "scopeKind": "class"}, {"_type": "tag", "name": "DAD", "path": "/home/kavia/workspace/code-generation/app-gateway2/dependencies/install/include/WPEFramework/interfaces/json/JsonData_DeviceInfo.h", "pattern": "/^            DAD,$/", "language": "C++", "kind": "enumerator", "scope": "WPEFramework::JsonData::DeviceInfo::AudiocapabilityType", "scopeKind": "enum"}, {"_type": "tag", "name": "DAISY", "path": "/home/kavia/workspace/code-generation/app-gateway2/dependencies/install/include/WPEFramework/interfaces/json/JsonData_DeviceInfo.h", "pattern": "/^                DAISY,$/", "language": "C++", "kind": "enumerator", "scope": "WPEFramework::JsonData::DeviceInfo::FirmwareversionData::YoctoType", "scopeKind": "enum"}, {"_type": "tag", "name": "DAPV2", "path": "/home/kavia/workspace/code-generation/app-gateway2/dependencies/install/include/WPEFramework/interfaces/json/JsonData_DeviceInfo.h", "pattern": "/^            DAPV2,$/", "language": "C++", "kind": "enumerator", "scope": "WPEFramework::JsonData::DeviceInfo::AudiocapabilityType", "scopeKind": "enum"}, {"_type": "tag", "name": "DD", "path": "/home/kavia/workspace/code-generation/app-gateway2/dependencies/install/include/WPEFramework/interfaces/json/JsonData_DeviceInfo.h", "pattern": "/^            DD,$/", "language": "C++", "kind": "enumerator", "scope": "WPEFramework::JsonData::DeviceInfo::AudiocapabilityType", "scopeKind": "enum"}, {"_type": "tag", "name": "DDPLUS", "path": "/home/kavia/workspace/code-generation/app-gateway2/dependencies/install/include/WPEFramework/interfaces/json/JsonData_DeviceInfo.h", "pattern": "/^            DDPLUS,$/", "language": "C++", "kind": "enumerator", "scope": "WPEFramework::JsonData::DeviceInfo::AudiocapabilityType", "scopeKind": "enum"}, {"_type": "tag", "name": "DIALOGUEENHANCER", "path": "/home/kavia/workspace/code-generation/app-gateway2/dependencies/install/include/WPEFramework/interfaces/json/JsonData_DeviceInfo.h", "pattern": "/^            DIALOGUEENHANCER$/", "language": "C++", "kind": "enumerator", "scope": "WPEFramework::JsonData::DeviceInfo::Ms12capabilityType", "scopeKind": "enum"}, {"_type": "tag", "name": "DISPLAYPORT", "path": "/home/kavia/workspace/code-generation/app-gateway2/dependencies/install/include/WPEFramework/interfaces/json/JsonData_DeviceInfo.h", "pattern": "/^            DISPLAYPORT$/", "language": "C++", "kind": "enumerator", "scope": "WPEFramework::JsonData::DeviceInfo::AudioportType", "scopeKind": "enum"}, {"_type": "tag", "name": "DISPLAYPORT", "path": "/home/kavia/workspace/code-generation/app-gateway2/dependencies/install/include/WPEFramework/interfaces/json/JsonData_DeviceInfo.h", "pattern": "/^            DISPLAYPORT$/", "language": "C++", "kind": "enumerator", "scope": "WPEFramework::JsonData::DeviceInfo::VideodisplayType", "scopeKind": "enum"}, {"_type": "tag", "name": "DOLBYVOLUME", "path": "/home/kavia/workspace/code-generation/app-gateway2/dependencies/install/include/WPEFramework/interfaces/json/JsonData_DeviceInfo.h", "pattern": "/^            DOLBYVOLUME,$/", "language": "C++", "kind": "enumerator", "scope": "WPEFramework::JsonData::DeviceInfo::Ms12capabilityType", "scopeKind": "enum"}, {"_type": "tag", "name": "DUNFELL", "path": "/home/kavia/workspace/code-generation/app-gateway2/dependencies/install/include/WPEFramework/interfaces/json/JsonData_DeviceInfo.h", "pattern": "/^                DUNFELL,$/", "language": "C++", "kind": "enumerator", "scope": "WPEFramework::JsonData::DeviceInfo::FirmwareversionData::YoctoType", "scopeKind": "enum"}, {"_type": "tag", "name": "DefaultResolution", "path": "/home/kavia/workspace/code-generation/app-gateway2/dependencies/install/include/WPEFramework/interfaces/json/JsonData_DeviceInfo.h", "pattern": "/^            Core::JSON::EnumType<Output_resolutionType> DefaultResolution; \\/\\/ Resolution suppo/", "language": "C++", "typeref": "typename:Core::JSON::EnumType<Output_resolutionType>", "kind": "member", "scope": "WPEFramework::JsonData::DeviceInfo::DefaultresolutionResultData", "scopeKind": "class"}, {"_type": "tag", "name": "Defaultresolution", "path": "/home/kavia/workspace/code-generation/app-gateway2/dependencies/install/include/WPEFramework/interfaces/json/JsonData_DeviceInfo.h", "pattern": "/^                Core::JSON::EnumType<Output_resolutionType> Defaultresolution; \\/\\/ Default reso/", "language": "C++", "typeref": "typename:Core::JSON::EnumType<Output_resolutionType>", "kind": "member", "scope": "WPEFramework::JsonData::DeviceInfo::DevicevideocapabilitiesData::VideooutputcapabilitiesData", "scopeKind": "class"}, {"_type": "tag", "name": "DefaultresolutionResultData", "path": "/home/kavia/workspace/code-generation/app-gateway2/dependencies/install/include/WPEFramework/interfaces/json/JsonData_DeviceInfo.h", "pattern": "/^            DefaultresolutionResultData()$/", "language": "C++", "kind": "function", "signature": "()", "scope": "WPEFramework::JsonData::DeviceInfo::DefaultresolutionResultData", "scopeKind": "class"}, {"_type": "tag", "name": "DefaultresolutionResultData", "path": "/home/kavia/workspace/code-generation/app-gateway2/dependencies/install/include/WPEFramework/interfaces/json/JsonData_DeviceInfo.h", "pattern": "/^        class DefaultresolutionResultData : public Core::JSON::Container {$/", "language": "C++", "kind": "class", "scope": "WPEFramework::JsonData::DeviceInfo", "scopeKind": "namespace"}, {"_type": "tag", "name": "DeviceInfo", "path": "/home/kavia/workspace/code-generation/app-gateway2/dependencies/install/include/WPEFramework/interfaces/json/JsonData_DeviceInfo.h", "pattern": "/^    namespace DeviceInfo {$/", "language": "C++", "kind": "namespace", "scope": "WPEFramework::JsonData", "scopeKind": "namespace"}, {"_type": "tag", "name": "DeviceaudiocapabilitiesData", "path": "/home/kavia/workspace/code-generation/app-gateway2/dependencies/install/include/WPEFramework/interfaces/json/JsonData_DeviceInfo.h", "pattern": "/^            DeviceaudiocapabilitiesData()$/", "language": "C++", "kind": "function", "signature": "()", "scope": "WPEFramework::JsonData::DeviceInfo::DeviceaudiocapabilitiesData", "scopeKind": "class"}, {"_type": "tag", "name": "DeviceaudiocapabilitiesData", "path": "/home/kavia/workspace/code-generation/app-gateway2/dependencies/install/include/WPEFramework/interfaces/json/JsonData_DeviceInfo.h", "pattern": "/^        class DeviceaudiocapabilitiesData : public Core::JSON::Container {$/", "language": "C++", "kind": "class", "scope": "WPEFramework::JsonData::DeviceInfo", "scopeKind": "namespace"}, {"_type": "tag", "name": "DeviceinfoData", "path": "/home/kavia/workspace/code-generation/app-gateway2/dependencies/install/include/WPEFramework/interfaces/json/JsonData_DeviceInfo.h", "pattern": "/^            DeviceinfoData()$/", "language": "C++", "kind": "function", "signature": "()", "scope": "WPEFramework::JsonData::DeviceInfo::DeviceinfoData", "scopeKind": "class"}, {"_type": "tag", "name": "DeviceinfoData", "path": "/home/kavia/workspace/code-generation/app-gateway2/dependencies/install/include/WPEFramework/interfaces/json/JsonData_DeviceInfo.h", "pattern": "/^        class DeviceinfoData : public Core::JSON::Container {$/", "language": "C++", "kind": "class", "scope": "WPEFramework::JsonData::DeviceInfo", "scopeKind": "namespace"}, {"_type": "tag", "name": "Devicename", "path": "/home/kavia/workspace/code-generation/app-gateway2/dependencies/install/include/WPEFramework/interfaces/json/JsonData_DeviceInfo.h", "pattern": "/^            Core::JSON::String Devicename; \\/\\/ Host name$/", "language": "C++", "typeref": "typename:Core::JSON::String", "kind": "member", "scope": "WPEFramework::JsonData::DeviceInfo::SysteminfoData", "scopeKind": "class"}, {"_type": "tag", "name": "Devicetype", "path": "/home/kavia/workspace/code-generation/app-gateway2/dependencies/install/include/WPEFramework/interfaces/json/JsonData_DeviceInfo.h", "pattern": "/^            Core::JSON::EnumType<DevicetypeData::DevicetypeType> Devicetype; \\/\\/ Device type$/", "language": "C++", "typeref": "typename:Core::JSON::EnumType<DevicetypeData::DevicetypeType>", "kind": "member", "scope": "WPEFramework::JsonData::DeviceInfo::DevicetypeData", "scopeKind": "class"}, {"_type": "tag", "name": "Devicetype", "path": "/home/kavia/workspace/code-generation/app-gateway2/dependencies/install/include/WPEFramework/interfaces/json/JsonData_DeviceInfo.h", "pattern": "/^            Core::JSON::String Devicetype; \\/\\/ Device type$/", "language": "C++", "typeref": "typename:Core::JSON::String", "kind": "member", "scope": "WPEFramework::JsonData::DeviceInfo::DeviceinfoData", "scopeKind": "class"}, {"_type": "tag", "name": "DevicetypeData", "path": "/home/kavia/workspace/code-generation/app-gateway2/dependencies/install/include/WPEFramework/interfaces/json/JsonData_DeviceInfo.h", "pattern": "/^            DevicetypeData()$/", "language": "C++", "kind": "function", "signature": "()", "scope": "WPEFramework::JsonData::DeviceInfo::DevicetypeData", "scopeKind": "class"}, {"_type": "tag", "name": "DevicetypeData", "path": "/home/kavia/workspace/code-generation/app-gateway2/dependencies/install/include/WPEFramework/interfaces/json/JsonData_DeviceInfo.h", "pattern": "/^        class DevicetypeData : public Core::JSON::Container {$/", "language": "C++", "kind": "class", "scope": "WPEFramework::JsonData::DeviceInfo", "scopeKind": "namespace"}, {"_type": "tag", "name": "DevicetypeType", "path": "/home/kavia/workspace/code-generation/app-gateway2/dependencies/install/include/WPEFramework/interfaces/json/JsonData_DeviceInfo.h", "pattern": "/^            enum class DevicetypeType : uint8_t {$/", "language": "C++", "typeref": "typename:uint8_t", "kind": "enum", "scope": "WPEFramework::JsonData::DeviceInfo::DevicetypeData", "scopeKind": "class"}, {"_type": "tag", "name": "DevicevideocapabilitiesData", "path": "/home/kavia/workspace/code-generation/app-gateway2/dependencies/install/include/WPEFramework/interfaces/json/JsonData_DeviceInfo.h", "pattern": "/^            DevicevideocapabilitiesData()$/", "language": "C++", "kind": "function", "signature": "()", "scope": "WPEFramework::JsonData::DeviceInfo::DevicevideocapabilitiesData", "scopeKind": "class"}, {"_type": "tag", "name": "DevicevideocapabilitiesData", "path": "/home/kavia/workspace/code-generation/app-gateway2/dependencies/install/include/WPEFramework/interfaces/json/JsonData_DeviceInfo.h", "pattern": "/^        class DevicevideocapabilitiesData : public Core::JSON::Container {$/", "language": "C++", "kind": "class", "scope": "WPEFramework::JsonData::DeviceInfo", "scopeKind": "namespace"}], "hash": "2806996b4fce43eb2e14aa5eb34ff362", "format-version": 4, "code-base-name": "app-gateway2", "filename": "dependencies/install/include/WPEFramework/interfaces/json/JsonData_DeviceInfo.h", "fields": [{"name": "Core::JSON::Boolean Atmos", "scope": "WPEFramework::JsonData::DeviceInfo::DevicevideocapabilitiesData", "scopeKind": "class", "description": "unavailable"}, {"name": "Core::JSON::ArrayType<Core::JSON::EnumType<AudiocapabilityType>> AudioCapabilities", "scope": "WPEFramework::JsonData::DeviceInfo::AudiocapabilitiesResultData", "scopeKind": "class", "description": "unavailable"}, {"name": "Core::JSON::EnumType<AudioportType> AudioPort", "scope": "WPEFramework::JsonData::DeviceInfo::DeviceaudiocapabilitiesData::AudiooutputcapabilitiesData", "scopeKind": "class", "description": "unavailable"}, {"name": "Core::JSON::ArrayType<Core::JSON::EnumType<AudiocapabilityType>> Audiocapabilities", "scope": "WPEFramework::JsonData::DeviceInfo::DeviceaudiocapabilitiesData::AudiooutputcapabilitiesData", "scopeKind": "class", "description": "unavailable"}, {"name": "Core::JSON::ArrayType<DeviceaudiocapabilitiesData::AudiooutputcapabilitiesData> Audiooutputcapabilities", "scope": "WPEFramework::JsonData::DeviceInfo::DeviceaudiocapabilitiesData", "scopeKind": "class", "description": "unavailable"}, {"name": "Core::JSON::DecUInt64 Avg15min", "scope": "WPEFramework::JsonData::DeviceInfo::SysteminfoData::CpuloadavgsData", "scopeKind": "class", "description": "unavailable"}, {"name": "Core::JSON::DecUInt64 Avg1min", "scope": "WPEFramework::JsonData::DeviceInfo::SysteminfoData::CpuloadavgsData", "scopeKind": "class", "description": "unavailable"}, {"name": "Core::JSON::DecUInt64 Avg5min", "scope": "WPEFramework::JsonData::DeviceInfo::SysteminfoData::CpuloadavgsData", "scopeKind": "class", "description": "unavailable"}, {"name": "Core::JSON::Boolean Cec", "scope": "WPEFramework::JsonData::DeviceInfo::DevicevideocapabilitiesData", "scopeKind": "class", "description": "unavailable"}, {"name": "Core::JSON::String Cpuload", "scope": "WPEFramework::JsonData::DeviceInfo::SysteminfoData", "scopeKind": "class", "description": "unavailable"}, {"name": "SysteminfoData::CpuloadavgsData Cpuloadavg", "scope": "WPEFramework::JsonData::DeviceInfo::SysteminfoData", "scopeKind": "class", "description": "unavailable"}, {"name": "Core::JSON::EnumType<Output_resolutionType> DefaultResolution", "scope": "WPEFramework::JsonData::DeviceInfo::DefaultresolutionResultData", "scopeKind": "class", "description": "unavailable"}, {"name": "Core::JSON::EnumType<Output_resolutionType> Defaultresolution", "scope": "WPEFramework::JsonData::DeviceInfo::DevicevideocapabilitiesData::VideooutputcapabilitiesData", "scopeKind": "class", "description": "unavailable"}, {"name": "Core::JSON::String Devicename", "scope": "WPEFramework::JsonData::DeviceInfo::SysteminfoData", "scopeKind": "class", "description": "unavailable"}, {"name": "Core::JSON::EnumType<DevicetypeData::DevicetypeType> Devicetype", "scope": "WPEFramework::JsonData::DeviceInfo::DevicetypeData", "scopeKind": "class", "description": "unavailable"}, {"name": "Core::JSON::String Devicetype", "scope": "WPEFramework::JsonData::DeviceInfo::DeviceinfoData", "scopeKind": "class", "description": "unavailable"}], "revision_history": [{"17236": "a019ef1ecf9043a6387775f8d60762f619f4c761"}]}