{"is_source_file": true, "format": "C++ header", "description": "This file defines template classes for key-value pairs within the WPEFramework Core namespace, including generic key-value pairs and specialized text key-value pairs with case sensitivity options.", "external_files": ["Module.h", "Portability.h"], "external_methods": [], "published": ["KeyValueType", "TextKeyValueType"], "classes": [{"name": "KeyValueType", "description": "A template class representing a generic key-value pair with operators and accessors."}, {"name": "TextKeyValueType", "description": "A specialized template class derived from KeyValueType, designed for text fragments with case sensitivity options."}], "methods": [{"name": "operator=", "description": "Assignment operator for copying key-value pairs."}, {"name": "operator==", "description": "Equality comparison operator."}, {"name": "operator!=", "description": "Inequality comparison operator."}, {"name": "KEY & Key()", "description": "Accessors for the key (both mutable and const).", "scope": "WPEFramework::Core::KeyValueType", "scopeKind": "class"}, {"name": "VALUE & Value()", "description": "Accessors for the value (both mutable and const).", "scope": "WPEFramework::Core::KeyValueType", "scopeKind": "class"}, {"name": "bool IsKey(const KEY & key) const", "description": "Checks if a provided key matches the stored key.", "scope": "WPEFramework::Core::KeyValueType", "scopeKind": "class"}, {"name": "bool HasKey() const", "description": "Checks if the TextKeyValueType instance has a non-empty key.", "scope": "WPEFramework::Core::TextKeyValueType", "scopeKind": "class"}, {"name": "bool IsKey(const TextFragment & key) const", "description": "Checks if the provided TextFragment key matches, considering case sensitivity.", "scope": "WPEFramework::Core::TextKeyValueType", "scopeKind": "class"}, {"name": "const KEY & Key() const", "scope": "WPEFramework::Core::KeyValueType", "scopeKind": "class", "description": "unavailable"}, {"name": "KeyValueType(KeyValueType<KEY,VALUE> & copy)", "scope": "WPEFramework::Core::KeyValueType", "scopeKind": "class", "description": "unavailable"}, {"name": "KeyValueType(const KEY & request)", "scope": "WPEFramework::Core::KeyValueType", "scopeKind": "class", "description": "unavailable"}, {"name": "KeyValueType(const KEY & request,const VALUE & value)", "scope": "WPEFramework::Core::KeyValueType", "scopeKind": "class", "description": "unavailable"}, {"name": "TextKeyValueType()", "scope": "WPEFramework::Core::TextKeyValueType", "scopeKind": "class", "description": "unavailable"}, {"name": "TextKeyValueType(const TextFragment & key,const VALUE & value)", "scope": "WPEFramework::Core::TextKeyValueType", "scopeKind": "class", "description": "unavailable"}, {"name": "TextKeyValueType(const TextKeyValueType<KEY_CASESENSITIVE,VALUE> & copy)", "scope": "WPEFramework::Core::TextKeyValueType", "scopeKind": "class", "description": "unavailable"}, {"name": "const VALUE & Value() const", "scope": "WPEFramework::Core::KeyValueType", "scopeKind": "class", "description": "unavailable"}, {"name": "bool operator !=(const KeyValueType<KEY,VALUE> & RHS) const", "scope": "WPEFramework::Core::KeyValueType", "scopeKind": "class", "description": "unavailable"}, {"name": "bool operator !=(const TextKeyValueType<KEY_CASESENSITIVE,VALUE> & RHS) const", "scope": "WPEFramework::Core::TextKeyValueType", "scopeKind": "class", "description": "unavailable"}, {"name": "KeyValueType<KEY,VALUE> & operator =(const KeyValueType<KEY,VALUE> & RHS)", "scope": "WPEFramework::Core::KeyValueType", "scopeKind": "class", "description": "unavailable"}, {"name": "TextKeyValueType<KEY_CASESENSITIVE,VALUE> & operator =(const TextKeyValueType<KEY_CASESENSITIVE,VALUE> & RHS)", "scope": "WPEFramework::Core::TextKeyValueType", "scopeKind": "class", "description": "unavailable"}, {"name": "bool operator ==(const KeyValueType<KEY,VALUE> & RHS) const", "scope": "WPEFramework::Core::KeyValueType", "scopeKind": "class", "description": "unavailable"}, {"name": "bool operator ==(const TextKeyValueType<KEY_CASESENSITIVE,VALUE> & RHS) const", "scope": "WPEFramework::Core::TextKeyValueType", "scopeKind": "class", "description": "unavailable"}, {"name": "~KeyValueType()", "scope": "WPEFramework::Core::KeyValueType", "scopeKind": "class", "description": "unavailable"}, {"name": "~TextKeyValueType()", "scope": "WPEFramework::Core::TextKeyValueType", "scopeKind": "class", "description": "unavailable"}], "calls": [], "search-terms": ["KeyValueType", "TextKeyValueType", "template class key-value", "TextFragment", "case sensitivity", "KeyValue.h", "core::KeyValueType", "core::TextKeyValueType"], "state": 2, "file_id": 8595, "knowledge_revision": 17306, "git_revision": "0f87a35b32215bc8547fb583d6c84bd51f603f69", "ctags": [{"_type": "tag", "name": "Core", "path": "/home/kavia/workspace/code-generation/app-gateway2/dependencies/install/include/WPEFramework/core/KeyValue.h", "pattern": "/^namespace Core {$/", "language": "C++", "kind": "namespace", "scope": "WPEFramework", "scopeKind": "namespace"}, {"_type": "tag", "name": "HasKey", "path": "/home/kavia/workspace/code-generation/app-gateway2/dependencies/install/include/WPEFramework/core/KeyValue.h", "pattern": "/^        inline bool HasKey() const$/", "language": "C++", "typeref": "typename:bool", "kind": "function", "signature": "() const", "scope": "WPEFramework::Core::TextKeyValueType", "scopeKind": "class"}, {"_type": "tag", "name": "IsKey", "path": "/home/kavia/workspace/code-generation/app-gateway2/dependencies/install/include/WPEFramework/core/KeyValue.h", "pattern": "/^        inline bool IsKey(const KEY& key) const$/", "language": "C++", "typeref": "typename:bool", "kind": "function", "signature": "(const KEY & key) const", "scope": "WPEFramework::Core::KeyValueType", "scopeKind": "class"}, {"_type": "tag", "name": "IsKey", "path": "/home/kavia/workspace/code-generation/app-gateway2/dependencies/install/include/WPEFramework/core/KeyValue.h", "pattern": "/^        inline bool IsKey(const TextFragment& key) const$/", "language": "C++", "typeref": "typename:bool", "kind": "function", "signature": "(const TextFragment & key) const", "scope": "WPEFramework::Core::TextKeyValueType", "scopeKind": "class"}, {"_type": "tag", "name": "Key", "path": "/home/kavia/workspace/code-generation/app-gateway2/dependencies/install/include/WPEFramework/core/KeyValue.h", "pattern": "/^        inline KEY& Key()$/", "language": "C++", "typeref": "typename:KEY &", "kind": "function", "signature": "()", "scope": "WPEFramework::Core::KeyValueType", "scopeKind": "class"}, {"_type": "tag", "name": "Key", "path": "/home/kavia/workspace/code-generation/app-gateway2/dependencies/install/include/WPEFramework/core/KeyValue.h", "pattern": "/^        inline const KEY& Key() const$/", "language": "C++", "typeref": "typename:const KEY &", "kind": "function", "signature": "() const", "scope": "WPEFramework::Core::KeyValueType", "scopeKind": "class"}, {"_type": "tag", "name": "KeyValueType", "path": "/home/kavia/workspace/code-generation/app-gateway2/dependencies/install/include/WPEFramework/core/KeyValue.h", "pattern": "/^        KeyValueType(KeyValueType<KEY, VALUE>& copy)$/", "language": "C++", "kind": "function", "signature": "(KeyValueType<KEY,VALUE> & copy)", "scope": "WPEFramework::Core::KeyValueType", "scopeKind": "class"}, {"_type": "tag", "name": "KeyValueType", "path": "/home/kavia/workspace/code-generation/app-gateway2/dependencies/install/include/WPEFramework/core/KeyValue.h", "pattern": "/^        KeyValueType(const KEY& request)$/", "language": "C++", "kind": "function", "signature": "(const KEY & request)", "scope": "WPEFramework::Core::KeyValueType", "scopeKind": "class"}, {"_type": "tag", "name": "KeyValueType", "path": "/home/kavia/workspace/code-generation/app-gateway2/dependencies/install/include/WPEFramework/core/KeyValue.h", "pattern": "/^        KeyValueType(const KEY& request, const VALUE& value)$/", "language": "C++", "kind": "function", "signature": "(const KEY & request,const VALUE & value)", "scope": "WPEFramework::Core::KeyValueType", "scopeKind": "class"}, {"_type": "tag", "name": "KeyValueType", "path": "/home/kavia/workspace/code-generation/app-gateway2/dependencies/install/include/WPEFramework/core/KeyValue.h", "pattern": "/^    class KeyValueType {$/", "language": "C++", "kind": "class", "scope": "WPEFramework::Core", "scopeKind": "namespace"}, {"_type": "tag", "name": "TextKeyValueType", "path": "/home/kavia/workspace/code-generation/app-gateway2/dependencies/install/include/WPEFramework/core/KeyValue.h", "pattern": "/^        TextKeyValueType()$/", "language": "C++", "kind": "function", "signature": "()", "scope": "WPEFramework::Core::TextKeyValueType", "scopeKind": "class"}, {"_type": "tag", "name": "TextKeyValueType", "path": "/home/kavia/workspace/code-generation/app-gateway2/dependencies/install/include/WPEFramework/core/KeyValue.h", "pattern": "/^        TextKeyValueType(const TextFragment& key, const VALUE& value)$/", "language": "C++", "kind": "function", "signature": "(const TextFragment & key,const VALUE & value)", "scope": "WPEFramework::Core::TextKeyValueType", "scopeKind": "class"}, {"_type": "tag", "name": "TextKeyValueType", "path": "/home/kavia/workspace/code-generation/app-gateway2/dependencies/install/include/WPEFramework/core/KeyValue.h", "pattern": "/^        TextKeyValueType(const TextKeyValueType<KEY_CASESENSITIVE, VALUE>& copy)$/", "language": "C++", "kind": "function", "signature": "(const TextKeyValueType<KEY_CASESENSITIVE,VALUE> & copy)", "scope": "WPEFramework::Core::TextKeyValueType", "scopeKind": "class"}, {"_type": "tag", "name": "TextKeyValueType", "path": "/home/kavia/workspace/code-generation/app-gateway2/dependencies/install/include/WPEFramework/core/KeyValue.h", "pattern": "/^    class TextKeyValueType : public KeyValueType<TextFragment, VALUE> {$/", "language": "C++", "kind": "class", "scope": "WPEFramework::Core", "scopeKind": "namespace"}, {"_type": "tag", "name": "Value", "path": "/home/kavia/workspace/code-generation/app-gateway2/dependencies/install/include/WPEFramework/core/KeyValue.h", "pattern": "/^        inline VALUE& Value()$/", "language": "C++", "typeref": "typename:VALUE &", "kind": "function", "signature": "()", "scope": "WPEFramework::Core::KeyValueType", "scopeKind": "class"}, {"_type": "tag", "name": "Value", "path": "/home/kavia/workspace/code-generation/app-gateway2/dependencies/install/include/WPEFramework/core/KeyValue.h", "pattern": "/^        inline const VALUE& Value() const$/", "language": "C++", "typeref": "typename:const VALUE &", "kind": "function", "signature": "() const", "scope": "WPEFramework::Core::KeyValueType", "scopeKind": "class"}, {"_type": "tag", "name": "WPEFramework", "path": "/home/kavia/workspace/code-generation/app-gateway2/dependencies/install/include/WPEFramework/core/KeyValue.h", "pattern": "/^namespace WPEFramework {$/", "language": "C++", "kind": "namespace"}, {"_type": "tag", "name": "__KEYVALUE_H", "path": "/home/kavia/workspace/code-generation/app-gateway2/dependencies/install/include/WPEFramework/core/KeyValue.h", "pattern": "/^#define __KEYVALUE_H$/", "language": "C++", "kind": "macro"}, {"_type": "tag", "name": "m_Key", "path": "/home/kavia/workspace/code-generation/app-gateway2/dependencies/install/include/WPEFramework/core/KeyValue.h", "pattern": "/^        KEY m_Key;$/", "language": "C++", "typeref": "typename:KEY", "kind": "member", "scope": "WPEFramework::Core::KeyValueType", "scopeKind": "class"}, {"_type": "tag", "name": "m_Value", "path": "/home/kavia/workspace/code-generation/app-gateway2/dependencies/install/include/WPEFramework/core/KeyValue.h", "pattern": "/^        VALUE m_Value;$/", "language": "C++", "typeref": "typename:VALUE", "kind": "member", "scope": "WPEFramework::Core::KeyValueType", "scopeKind": "class"}, {"_type": "tag", "name": "operator !=", "path": "/home/kavia/workspace/code-generation/app-gateway2/dependencies/install/include/WPEFramework/core/KeyValue.h", "pattern": "/^        inline bool operator!=(const KeyValueType<KEY, VALUE>& RHS) const$/", "language": "C++", "typeref": "typename:bool", "kind": "function", "signature": "(const KeyValueType<KEY,VALUE> & RHS) const", "scope": "WPEFramework::Core::KeyValueType", "scopeKind": "class"}, {"_type": "tag", "name": "operator !=", "path": "/home/kavia/workspace/code-generation/app-gateway2/dependencies/install/include/WPEFramework/core/KeyValue.h", "pattern": "/^        inline bool operator!=(const TextKeyValueType<KEY_CASESENSITIVE, VALUE>& RHS) const$/", "language": "C++", "typeref": "typename:bool", "kind": "function", "signature": "(const TextKeyValueType<KEY_CASESENSITIVE,VALUE> & RHS) const", "scope": "WPEFramework::Core::TextKeyValueType", "scopeKind": "class"}, {"_type": "tag", "name": "operator =", "path": "/home/kavia/workspace/code-generation/app-gateway2/dependencies/install/include/WPEFramework/core/KeyValue.h", "pattern": "/^        KeyValueType<KEY, VALUE>& operator=(const KeyValueType<KEY, VALUE>& RHS)$/", "language": "C++", "typeref": "typename:KeyValueType<KEY,VALUE> &", "kind": "function", "signature": "(const KeyValueType<KEY,VALUE> & RHS)", "scope": "WPEFramework::Core::KeyValueType", "scopeKind": "class"}, {"_type": "tag", "name": "operator =", "path": "/home/kavia/workspace/code-generation/app-gateway2/dependencies/install/include/WPEFramework/core/KeyValue.h", "pattern": "/^        TextKeyValueType<KEY_CASESENSITIVE, VALUE>& operator=(const TextKeyValueType<KEY_CASESEN/", "language": "C++", "typeref": "typename:TextKeyValueType<KEY_CASESENSITIVE,VALUE> &", "kind": "function", "signature": "(const TextKeyValueType<KEY_CASESENSITIVE,VALUE> & RHS)", "scope": "WPEFramework::Core::TextKeyValueType", "scopeKind": "class"}, {"_type": "tag", "name": "operator ==", "path": "/home/kavia/workspace/code-generation/app-gateway2/dependencies/install/include/WPEFramework/core/KeyValue.h", "pattern": "/^        inline bool operator==(const KeyValueType<KEY, VALUE>& RHS) const$/", "language": "C++", "typeref": "typename:bool", "kind": "function", "signature": "(const KeyValueType<KEY,VALUE> & RHS) const", "scope": "WPEFramework::Core::KeyValueType", "scopeKind": "class"}, {"_type": "tag", "name": "operator ==", "path": "/home/kavia/workspace/code-generation/app-gateway2/dependencies/install/include/WPEFramework/core/KeyValue.h", "pattern": "/^        inline bool operator==(const TextKeyValueType<KEY_CASESENSITIVE, VALUE>& RHS) const$/", "language": "C++", "typeref": "typename:bool", "kind": "function", "signature": "(const TextKeyValueType<KEY_CASESENSITIVE,VALUE> & RHS) const", "scope": "WPEFramework::Core::TextKeyValueType", "scopeKind": "class"}, {"_type": "tag", "name": "~KeyValueType", "path": "/home/kavia/workspace/code-generation/app-gateway2/dependencies/install/include/WPEFramework/core/KeyValue.h", "pattern": "/^        ~KeyValueType()$/", "language": "C++", "kind": "function", "signature": "()", "scope": "WPEFramework::Core::KeyValueType", "scopeKind": "class"}, {"_type": "tag", "name": "~TextKeyValueType", "path": "/home/kavia/workspace/code-generation/app-gateway2/dependencies/install/include/WPEFramework/core/KeyValue.h", "pattern": "/^        ~TextKeyValueType()$/", "language": "C++", "kind": "function", "signature": "()", "scope": "WPEFramework::Core::TextKeyValueType", "scopeKind": "class"}], "hash": "7b0c5f7fcbb59cbe7ff72bd799228c76", "format-version": 4, "code-base-name": "app-gateway2", "filename": "dependencies/install/include/WPEFramework/core/KeyValue.h", "fields": [{"name": "KEY m_Key", "scope": "WPEFramework::Core::KeyValueType", "scopeKind": "class", "description": "unavailable"}, {"name": "VALUE m_Value", "scope": "WPEFramework::Core::KeyValueType", "scopeKind": "class", "description": "unavailable"}], "revision_history": [{"17306": "0f87a35b32215bc8547fb583d6c84bd51f603f69"}]}