{"is_source_file": true, "format": "C++ header file", "description": "This file defines the IComposition interface and related nested classes and structs used within the WPEFramework for handling display compositions, including client management, rendering, notification, display resolution, and brightness controls.", "external_files": ["Module.h", "IDeviceInfo.h"], "external_methods": [], "published": ["IComposition", "IComposition::INotification", "IComposition::IClient", "IComposition::IClient::IProperties", "IComposition::IRender", "IComposition::IDisplay", "IBrightness"], "classes": [{"name": "IComposition", "description": "Interface for managing display composition including resolution, opacity, Z-order, and client management."}, {"name": "IComposition::INotification", "description": "Interface for receiving notifications about composition attachment and detachment."}, {"name": "IComposition::IClient", "description": "Interface representing a client in the composition, including properties like name, opacity, geometry, and Z-order."}, {"name": "IComposition::IClient::IProperties", "description": "Interface for retrieving client buffer properties such as stride, format, offset, and modifier."}, {"name": "IComposition::IRender", "description": "Interface for rendering operations, including scan-out functionalities."}, {"name": "IComposition::IDisplay", "description": "Interface representing a display device with functions to create clients and set resolutions."}, {"name": "IBrightness", "description": "Interface for controlling display brightness settings."}], "methods": [{"name": "RefreshRateFromResolution", "description": "Calculates refresh rate from a given screen resolution."}, {"name": "WidthFromResolution", "description": "Retrieves width from a given screen resolution."}, {"name": "HeightFromResolution", "description": "Retrieves height from a given screen resolution."}, {"name": "ResolutionFromHeightWidth", "description": "Constructs a ScreenResolution object from height and width."}, {"name": "WPEFramework::Core::instance_id Native() const", "scope": "WPEFramework::Exchange::IComposition::IClient", "scopeKind": "struct", "description": "unavailable"}, {"name": "uint32_t Opacity() const", "scope": "WPEFramework::Exchange::IComposition::IClient", "scopeKind": "struct", "description": "unavailable"}, {"name": "void PostScanOut()", "scope": "WPEFramework::Exchange::IComposition::IRender", "scopeKind": "struct", "description": "unavailable"}, {"name": "void PreScanOut()", "scope": "WPEFramework::Exchange::IComposition::IRender", "scopeKind": "struct", "description": "unavailable"}], "calls": ["Core::IUnknown", "IDeviceVideoCapabilities::ScreenResolution"], "search-terms": ["IComposition", "Display resolution", "Composition client", "Render interface", "Notification interface", "Brightness control", "ScreenResolution", "Surface geometry"], "state": 2, "file_id": 8555, "knowledge_revision": 17272, "git_revision": "0f87a35b32215bc8547fb583d6c84bd51f603f69", "ctags": [{"_type": "tag", "name": "Brightness", "path": "/home/kavia/workspace/code-generation/app-gateway2/dependencies/install/include/WPEFramework/interfaces/IComposition.h", "pattern": "/^        enum Brightness : uint8_t {$/", "language": "C++", "typeref": "typename:uint8_t", "kind": "enum", "scope": "WPEFramework::Exchange::IBrightness", "scopeKind": "struct"}, {"_type": "tag", "name": "Exchange", "path": "/home/kavia/workspace/code-generation/app-gateway2/dependencies/install/include/WPEFramework/interfaces/IComposition.h", "pattern": "/^namespace Exchange {$/", "language": "C++", "kind": "namespace", "scope": "WPEFramework", "scopeKind": "namespace"}, {"_type": "tag", "name": "IBrightness", "path": "/home/kavia/workspace/code-generation/app-gateway2/dependencies/install/include/WPEFramework/interfaces/IComposition.h", "pattern": "/^    struct EXTERNAL IBrightness : virtual public Core::IUnknown {$/", "language": "C++", "kind": "struct", "scope": "WPEFramework::Exchange", "scopeKind": "namespace"}, {"_type": "tag", "name": "IClient", "path": "/home/kavia/workspace/code-generation/app-gateway2/dependencies/install/include/WPEFramework/interfaces/IComposition.h", "pattern": "/^        struct EXTERNAL IClient : virtual public Core::IUnknown {$/", "language": "C++", "kind": "struct", "scope": "WPEFramework::Exchange::IComposition", "scopeKind": "struct"}, {"_type": "tag", "name": "IComposition", "path": "/home/kavia/workspace/code-generation/app-gateway2/dependencies/install/include/WPEFramework/interfaces/IComposition.h", "pattern": "/^    struct EXTERNAL IComposition : virtual public Core::IUnknown {$/", "language": "C++", "kind": "struct", "scope": "WPEFramework::Exchange", "scopeKind": "namespace"}, {"_type": "tag", "name": "ID", "path": "/home/kavia/workspace/code-generation/app-gateway2/dependencies/install/include/WPEFramework/interfaces/IComposition.h", "pattern": "/^                enum { ID = ID_COMPOSITION_CLIENTPROPERTIES };$/", "language": "C++", "kind": "enumerator", "scope": "WPEFramework::Exchange::IComposition::IClient::IProperties::__anon713c4a270303", "scopeKind": "enum"}, {"_type": "tag", "name": "ID", "path": "/home/kavia/workspace/code-generation/app-gateway2/dependencies/install/include/WPEFramework/interfaces/IComposition.h", "pattern": "/^            enum { ID = ID_COMPOSITION_CLIENT };$/", "language": "C++", "kind": "enumerator", "scope": "WPEFramework::Exchange::IComposition::IClient::__anon713c4a270203", "scopeKind": "enum"}, {"_type": "tag", "name": "ID", "path": "/home/kavia/workspace/code-generation/app-gateway2/dependencies/install/include/WPEFramework/interfaces/IComposition.h", "pattern": "/^            enum { ID = ID_COMPOSITION_DISPLAY };$/", "language": "C++", "kind": "enumerator", "scope": "WPEFramework::Exchange::IComposition::IDisplay::__anon713c4a270603", "scopeKind": "enum"}, {"_type": "tag", "name": "ID", "path": "/home/kavia/workspace/code-generation/app-gateway2/dependencies/install/include/WPEFramework/interfaces/IComposition.h", "pattern": "/^            enum { ID = ID_COMPOSITION_NOTIFICATION };$/", "language": "C++", "kind": "enumerator", "scope": "WPEFramework::Exchange::IComposition::INotification::__anon713c4a270503", "scopeKind": "enum"}, {"_type": "tag", "name": "ID", "path": "/home/kavia/workspace/code-generation/app-gateway2/dependencies/install/include/WPEFramework/interfaces/IComposition.h", "pattern": "/^            enum { ID = ID_COMPOSITION_RENDER };$/", "language": "C++", "kind": "enumerator", "scope": "WPEFramework::Exchange::IComposition::IRender::__anon713c4a270403", "scopeKind": "enum"}, {"_type": "tag", "name": "ID", "path": "/home/kavia/workspace/code-generation/app-gateway2/dependencies/install/include/WPEFramework/interfaces/IComposition.h", "pattern": "/^        enum { ID = ID_BRIGHTNESS };$/", "language": "C++", "kind": "enumerator", "scope": "WPEFramework::Exchange::IBrightness::__anon713c4a270703", "scopeKind": "enum"}, {"_type": "tag", "name": "ID", "path": "/home/kavia/workspace/code-generation/app-gateway2/dependencies/install/include/WPEFramework/interfaces/IComposition.h", "pattern": "/^        enum { ID = ID_COMPOSITION };$/", "language": "C++", "kind": "enumerator", "scope": "WPEFramework::Exchange::IComposition::__anon713c4a270103", "scopeKind": "enum"}, {"_type": "tag", "name": "IDisplay", "path": "/home/kavia/workspace/code-generation/app-gateway2/dependencies/install/include/WPEFramework/interfaces/IComposition.h", "pattern": "/^        struct EXTERNAL IDisplay : virtual public Core::IUnknown {$/", "language": "C++", "kind": "struct", "scope": "WPEFramework::Exchange::IComposition", "scopeKind": "struct"}, {"_type": "tag", "name": "INotification", "path": "/home/kavia/workspace/code-generation/app-gateway2/dependencies/install/include/WPEFramework/interfaces/IComposition.h", "pattern": "/^        struct EXTERNAL INotification : virtual public Core::IUnknown {$/", "language": "C++", "kind": "struct", "scope": "WPEFramework::Exchange::IComposition", "scopeKind": "struct"}, {"_type": "tag", "name": "IProperties", "path": "/home/kavia/workspace/code-generation/app-gateway2/dependencies/install/include/WPEFramework/interfaces/IComposition.h", "pattern": "/^            struct EXTERNAL IProperties : virtual public Core::IUnknown {$/", "language": "C++", "kind": "struct", "scope": "WPEFramework::Exchange::IComposition::IClient", "scopeKind": "struct"}, {"_type": "tag", "name": "IRender", "path": "/home/kavia/workspace/code-generation/app-gateway2/dependencies/install/include/WPEFramework/interfaces/IComposition.h", "pattern": "/^        struct EXTERNAL IRender : virtual public Core::IUnknown {$/", "language": "C++", "kind": "struct", "scope": "WPEFramework::Exchange::IComposition", "scopeKind": "struct"}, {"_type": "tag", "name": "Native", "path": "/home/kavia/workspace/code-generation/app-gateway2/dependencies/install/include/WPEFramework/interfaces/IComposition.h", "pattern": "/^            virtual WPEFramework::Core::instance_id Native() const { return 0; };$/", "language": "C++", "typeref": "typename:WPEFramework::Core::instance_id", "kind": "function", "signature": "() const", "scope": "WPEFramework::Exchange::IComposition::IClient", "scopeKind": "struct"}, {"_type": "tag", "name": "Opacity", "path": "/home/kavia/workspace/code-generation/app-gateway2/dependencies/install/include/WPEFramework/interfaces/IComposition.h", "pattern": "/^            virtual uint32_t Opacity() const { return 0; };$/", "language": "C++", "typeref": "typename:uint32_t", "kind": "function", "signature": "() const", "scope": "WPEFramework::Exchange::IComposition::IClient", "scopeKind": "struct"}, {"_type": "tag", "name": "PostScanOut", "path": "/home/kavia/workspace/code-generation/app-gateway2/dependencies/install/include/WPEFramework/interfaces/IComposition.h", "pattern": "/^            virtual void PostScanOut() {};$/", "language": "C++", "typeref": "typename:void", "kind": "function", "signature": "()", "scope": "WPEFramework::Exchange::IComposition::IRender", "scopeKind": "struct"}, {"_type": "tag", "name": "PreScanOut", "path": "/home/kavia/workspace/code-generation/app-gateway2/dependencies/install/include/WPEFramework/interfaces/IComposition.h", "pattern": "/^            virtual void PreScanOut() {};$/", "language": "C++", "typeref": "typename:void", "kind": "function", "signature": "()", "scope": "WPEFramework::Exchange::IComposition::IRender", "scopeKind": "struct"}, {"_type": "tag", "name": "Rectangle", "path": "/home/kavia/workspace/code-generation/app-gateway2/dependencies/install/include/WPEFramework/interfaces/IComposition.h", "pattern": "/^        struct Rectangle {$/", "language": "C++", "kind": "struct", "scope": "WPEFramework::Exchange::IComposition", "scopeKind": "struct"}, {"_type": "tag", "name": "RefreshRateFactor", "path": "/home/kavia/workspace/code-generation/app-gateway2/dependencies/install/include/WPEFramework/interfaces/IComposition.h", "pattern": "/^        static constexpr uint16_t RefreshRateFactor = 1000;$/", "language": "C++", "typeref": "typename:uint16_t", "kind": "member", "scope": "WPEFramework::Exchange::IComposition", "scopeKind": "struct"}, {"_type": "tag", "name": "ScreenResolution", "path": "/home/kavia/workspace/code-generation/app-gateway2/dependencies/install/include/WPEFramework/interfaces/IComposition.h", "pattern": "/^        using ScreenResolution = IDeviceVideoCapabilities::ScreenResolution;$/", "language": "C++", "typeref": "typename:IDeviceVideoCapabilities::ScreenResolution", "kind": "typedef", "scope": "WPEFramework::Exchange::IComposition", "scopeKind": "struct"}, {"_type": "tag", "name": "SdrToHdrGraphicsBrightness_Default", "path": "/home/kavia/workspace/code-generation/app-gateway2/dependencies/install/include/WPEFramework/interfaces/IComposition.h", "pattern": "/^            SdrToHdrGraphicsBrightness_Default = 0, \\/* peak luminance of SDR graphics in HDR di/", "language": "C++", "kind": "enumerator", "scope": "WPEFramework::Exchange::IBrightness::Brightness", "scopeKind": "enum"}, {"_type": "tag", "name": "SdrToHdrGraphicsBrightness_MatchVideo", "path": "/home/kavia/workspace/code-generation/app-gateway2/dependencies/install/include/WPEFramework/interfaces/IComposition.h", "pattern": "/^            SdrToHdrGraphicsBrightness_MatchVideo = 1, \\/* peak luminance of SDR graphics in HDR/", "language": "C++", "kind": "enumerator", "scope": "WPEFramework::Exchange::IBrightness::Brightness", "scopeKind": "enum"}, {"_type": "tag", "name": "SdrToHdrGraphicsBrightness_Max", "path": "/home/kavia/workspace/code-generation/app-gateway2/dependencies/install/include/WPEFramework/interfaces/IComposition.h", "pattern": "/^            SdrToHdrGraphicsBrightness_Max = 2 \\/* peak luminance of SDR graphics in HDR display/", "language": "C++", "kind": "enumerator", "scope": "WPEFramework::Exchange::IBrightness::Brightness", "scopeKind": "enum"}, {"_type": "tag", "name": "WPEFramework", "path": "/home/kavia/workspace/code-generation/app-gateway2/dependencies/install/include/WPEFramework/interfaces/IComposition.h", "pattern": "/^namespace WPEFramework {$/", "language": "C++", "kind": "namespace"}, {"_type": "tag", "name": "__anon713c4a270103", "path": "/home/kavia/workspace/code-generation/app-gateway2/dependencies/install/include/WPEFramework/interfaces/IComposition.h", "pattern": "/^        enum { ID = ID_COMPOSITION };$/", "language": "C++", "kind": "enum", "scope": "WPEFramework::Exchange::IComposition", "scopeKind": "struct"}, {"_type": "tag", "name": "__anon713c4a270203", "path": "/home/kavia/workspace/code-generation/app-gateway2/dependencies/install/include/WPEFramework/interfaces/IComposition.h", "pattern": "/^            enum { ID = ID_COMPOSITION_CLIENT };$/", "language": "C++", "kind": "enum", "scope": "WPEFramework::Exchange::IComposition::IClient", "scopeKind": "struct"}, {"_type": "tag", "name": "__anon713c4a270303", "path": "/home/kavia/workspace/code-generation/app-gateway2/dependencies/install/include/WPEFramework/interfaces/IComposition.h", "pattern": "/^                enum { ID = ID_COMPOSITION_CLIENTPROPERTIES };$/", "language": "C++", "kind": "enum", "scope": "WPEFramework::Exchange::IComposition::IClient::IProperties", "scopeKind": "struct"}, {"_type": "tag", "name": "__anon713c4a270403", "path": "/home/kavia/workspace/code-generation/app-gateway2/dependencies/install/include/WPEFramework/interfaces/IComposition.h", "pattern": "/^            enum { ID = ID_COMPOSITION_RENDER };$/", "language": "C++", "kind": "enum", "scope": "WPEFramework::Exchange::IComposition::IRender", "scopeKind": "struct"}, {"_type": "tag", "name": "__anon713c4a270503", "path": "/home/kavia/workspace/code-generation/app-gateway2/dependencies/install/include/WPEFramework/interfaces/IComposition.h", "pattern": "/^            enum { ID = ID_COMPOSITION_NOTIFICATION };$/", "language": "C++", "kind": "enum", "scope": "WPEFramework::Exchange::IComposition::INotification", "scopeKind": "struct"}, {"_type": "tag", "name": "__anon713c4a270603", "path": "/home/kavia/workspace/code-generation/app-gateway2/dependencies/install/include/WPEFramework/interfaces/IComposition.h", "pattern": "/^            enum { ID = ID_COMPOSITION_DISPLAY };$/", "language": "C++", "kind": "enum", "scope": "WPEFramework::Exchange::IComposition::IDisplay", "scopeKind": "struct"}, {"_type": "tag", "name": "__anon713c4a270703", "path": "/home/kavia/workspace/code-generation/app-gateway2/dependencies/install/include/WPEFramework/interfaces/IComposition.h", "pattern": "/^        enum { ID = ID_BRIGHTNESS };$/", "language": "C++", "kind": "enum", "scope": "WPEFramework::Exchange::IBrightness", "scopeKind": "struct"}, {"_type": "tag", "name": "height", "path": "/home/kavia/workspace/code-generation/app-gateway2/dependencies/install/include/WPEFramework/interfaces/IComposition.h", "pattern": "/^            uint32_t height;$/", "language": "C++", "typeref": "typename:uint32_t", "kind": "member", "scope": "WPEFramework::Exchange::IComposition::Rectangle", "scopeKind": "struct"}, {"_type": "tag", "name": "maxOpacity", "path": "/home/kavia/workspace/code-generation/app-gateway2/dependencies/install/include/WPEFramework/interfaces/IComposition.h", "pattern": "/^        static constexpr uint32_t maxOpacity = 255;$/", "language": "C++", "typeref": "typename:uint32_t", "kind": "member", "scope": "WPEFramework::Exchange::IComposition", "scopeKind": "struct"}, {"_type": "tag", "name": "maxZOrder", "path": "/home/kavia/workspace/code-generation/app-gateway2/dependencies/install/include/WPEFramework/interfaces/IComposition.h", "pattern": "/^        static constexpr uint32_t maxZOrder = 255;$/", "language": "C++", "typeref": "typename:uint32_t", "kind": "member", "scope": "WPEFramework::Exchange::IComposition", "scopeKind": "struct"}, {"_type": "tag", "name": "minOpacity", "path": "/home/kavia/workspace/code-generation/app-gateway2/dependencies/install/include/WPEFramework/interfaces/IComposition.h", "pattern": "/^        static constexpr uint32_t minOpacity = 0;$/", "language": "C++", "typeref": "typename:uint32_t", "kind": "member", "scope": "WPEFramework::Exchange::IComposition", "scopeKind": "struct"}, {"_type": "tag", "name": "minZOrder", "path": "/home/kavia/workspace/code-generation/app-gateway2/dependencies/install/include/WPEFramework/interfaces/IComposition.h", "pattern": "/^        static constexpr uint32_t minZOrder = 0;$/", "language": "C++", "typeref": "typename:uint32_t", "kind": "member", "scope": "WPEFramework::Exchange::IComposition", "scopeKind": "struct"}, {"_type": "tag", "name": "width", "path": "/home/kavia/workspace/code-generation/app-gateway2/dependencies/install/include/WPEFramework/interfaces/IComposition.h", "pattern": "/^            uint32_t width;$/", "language": "C++", "typeref": "typename:uint32_t", "kind": "member", "scope": "WPEFramework::Exchange::IComposition::Rectangle", "scopeKind": "struct"}, {"_type": "tag", "name": "x", "path": "/home/kavia/workspace/code-generation/app-gateway2/dependencies/install/include/WPEFramework/interfaces/IComposition.h", "pattern": "/^            uint32_t x;$/", "language": "C++", "typeref": "typename:uint32_t", "kind": "member", "scope": "WPEFramework::Exchange::IComposition::Rectangle", "scopeKind": "struct"}, {"_type": "tag", "name": "y", "path": "/home/kavia/workspace/code-generation/app-gateway2/dependencies/install/include/WPEFramework/interfaces/IComposition.h", "pattern": "/^            uint32_t y;$/", "language": "C++", "typeref": "typename:uint32_t", "kind": "member", "scope": "WPEFramework::Exchange::IComposition::Rectangle", "scopeKind": "struct"}], "hash": "5d5ed32ba3ea6bf647854d81bea5829a", "format-version": 4, "code-base-name": "app-gateway2", "filename": "dependencies/install/include/WPEFramework/interfaces/IComposition.h", "fields": [{"name": "uint16_t RefreshRateFactor", "scope": "WPEFramework::Exchange::IComposition", "scopeKind": "struct", "description": "unavailable"}, {"name": "uint32_t height", "scope": "WPEFramework::Exchange::IComposition::Rectangle", "scopeKind": "struct", "description": "unavailable"}, {"name": "uint32_t maxOpacity", "scope": "WPEFramework::Exchange::IComposition", "scopeKind": "struct", "description": "unavailable"}, {"name": "uint32_t maxZOrder", "scope": "WPEFramework::Exchange::IComposition", "scopeKind": "struct", "description": "unavailable"}, {"name": "uint32_t minOpacity", "scope": "WPEFramework::Exchange::IComposition", "scopeKind": "struct", "description": "unavailable"}, {"name": "uint32_t minZOrder", "scope": "WPEFramework::Exchange::IComposition", "scopeKind": "struct", "description": "unavailable"}, {"name": "uint32_t width", "scope": "WPEFramework::Exchange::IComposition::Rectangle", "scopeKind": "struct", "description": "unavailable"}, {"name": "uint32_t x", "scope": "WPEFramework::Exchange::IComposition::Rectangle", "scopeKind": "struct", "description": "unavailable"}, {"name": "uint32_t y", "scope": "WPEFramework::Exchange::IComposition::Rectangle", "scopeKind": "struct", "description": "unavailable"}], "revision_history": [{"17272": "0f87a35b32215bc8547fb583d6c84bd51f603f69"}]}