{"is_source_file": true, "format": "C++ header (.h)", "description": "This file is an automatically generated C++ header defining the interface for the 'JAppManager' plugin in the WPEFramework. It includes registration of RPC methods, event notifications, versioning, and external dependencies related to application management such as launching, loading, and controlling apps.", "external_files": ["Module.h", "JsonData_AppManager.h", "interfaces/IAppManager.h"], "external_methods": ["_module_.Register", "_module_.Unregister", "_module_.Notify"], "published": ["getLaunchableApps", "getLoadedApps", "launchApp", "loadApp", "prepareApp", "sendMessage", "closeApp", "terminateApp", "clearAppData", "setAppFocus", "getAppMetaData", "getAppProperty", "setAppProperty", "setMaxInactiveApps", "getMaxInactiveApps", "setMaxHibernatedApps", "getMaxHibernatedApps", "setMaxHibernatedFlashUsage", "getMaxHibernatedFlashUsage", "setMaxInactiveRamUsage", "getMaxInactiveRamUsage", "onAppInstalled", "onAppUninstalled", "onAppStateChanged", "onAppLaunchRequest"], "classes": [], "methods": [{"name": "Register", "description": "Registers RPC methods and properties with a JSONRPC module for application management operations."}, {"name": "void Unregister(JSONRPC & _module_)", "description": "Unregisters RPC methods and properties to clean up.", "scope": "WPEFramework::Exchange::JAppManager", "scopeKind": "namespace"}, {"name": "void OnAppInstalled(const JSONRPC & _module_,const Core::JSON::String & appId,const Core::JSON::String & version)", "description": "Notifies listeners about a new app installation event.", "scope": "WPEFramework::Exchange::JAppManager::Event", "scopeKind": "namespace"}, {"name": "void OnAppUninstalled(const JSONRPC & _module_,const Core::JSON::String & appId)", "description": "Notifies listeners about an app uninstallation event.", "scope": "WPEFramework::Exchange::JAppManager::Event", "scopeKind": "namespace"}, {"name": "void OnAppStateChanged(const JSONRPC & _module_,const Core::JSON::String & appId,const Core::JSON::String & state)", "description": "Notifies listeners about a change in an app's lifecycle state.", "scope": "WPEFramework::Exchange::JAppManager::Event", "scopeKind": "namespace"}, {"name": "void OnAppLaunchRequest(const JSONRPC & _module_,const Core::JSON::String & appId,const Core::JSON::String & intent,const Core::JSON::String & source)", "description": "Notifies listeners about an app launch request.", "scope": "WPEFramework::Exchange::JAppManager::Event", "scopeKind": "namespace"}, {"name": "void OnAppInstalled(const JSONRPC & _module_,const JsonData::AppManager::OnAppInstalledParamsData & params)", "scope": "WPEFramework::Exchange::JAppManager::Event", "scopeKind": "namespace", "description": "unavailable"}, {"name": "void OnAppInstalled(const JSONRPC & _module_,const string & appId,const string & version)", "scope": "WPEFramework::Exchange::JAppManager::Event", "scopeKind": "namespace", "description": "unavailable"}, {"name": "void OnAppLaunchRequest(const JSONRPC & _module_,const JsonData::AppManager::OnAppLaunchRequestParamsData & params)", "scope": "WPEFramework::Exchange::JAppManager::Event", "scopeKind": "namespace", "description": "unavailable"}, {"name": "void OnAppLaunchRequest(const JSONRPC & _module_,const string & appId,const string & intent,const string & source)", "scope": "WPEFramework::Exchange::JAppManager::Event", "scopeKind": "namespace", "description": "unavailable"}, {"name": "void OnAppStateChanged(const JSONRPC & _module_,const JsonData::AppManager::OnAppStateChangedParamsData & params)", "scope": "WPEFramework::Exchange::JAppManager::Event", "scopeKind": "namespace", "description": "unavailable"}, {"name": "void OnAppStateChanged(const JSONRPC & _module_,const string & appId,const string & state)", "scope": "WPEFramework::Exchange::JAppManager::Event", "scopeKind": "namespace", "description": "unavailable"}, {"name": "void OnAppUninstalled(const JSONRPC & _module_,const JsonData::AppManager::PrepareAppParamsInfo & params)", "scope": "WPEFramework::Exchange::JAppManager::Event", "scopeKind": "namespace", "description": "unavailable"}, {"name": "void OnAppUninstalled(const JSONRPC & _module_,const string & appId)", "scope": "WPEFramework::Exchange::JAppManager::Event", "scopeKind": "namespace", "description": "unavailable"}, {"name": "PUSH_WARNING(DISABLE_WARNING_UNUSED_FUNCTIONS)", "scope": "WPEFramework::Exchange::JAppManager", "scopeKind": "namespace", "description": "unavailable"}, {"name": "uint32_t __anon876bca300102(Core::JSON::ArrayType<Core::JSON::String>& result)", "scope": "WPEFramework::Exchange::JAppManager::PUSH_WARNING", "scopeKind": "function", "description": "unavailable"}, {"name": "uint32_t __anon876bca300202(Core::JSON::ArrayType<Core::JSON::String>& result)", "scope": "WPEFramework::Exchange::JAppManager::PUSH_WARNING", "scopeKind": "function", "description": "unavailable"}, {"name": "uint32_t __anon876bca300302(const JsonData::AppManager::LaunchAppParamsInfo& params)", "scope": "WPEFramework::Exchange::JAppManager::PUSH_WARNING", "scopeKind": "function", "description": "unavailable"}, {"name": "uint32_t __anon876bca300402(const JsonData::AppManager::LaunchAppParamsInfo& params)", "scope": "WPEFramework::Exchange::JAppManager::PUSH_WARNING", "scopeKind": "function", "description": "unavailable"}, {"name": "uint32_t __anon876bca300502(const JsonData::AppManager::PrepareAppParamsInfo& params)", "scope": "WPEFramework::Exchange::JAppManager::PUSH_WARNING", "scopeKind": "function", "description": "unavailable"}, {"name": "uint32_t __anon876bca300602(const JsonData::AppManager::SendMessageParamsData& params)", "scope": "WPEFramework::Exchange::JAppManager::PUSH_WARNING", "scopeKind": "function", "description": "unavailable"}, {"name": "uint32_t __anon876bca300702(const JsonData::AppManager::PrepareAppParamsInfo& params)", "scope": "WPEFramework::Exchange::JAppManager::PUSH_WARNING", "scopeKind": "function", "description": "unavailable"}, {"name": "uint32_t __anon876bca300802(const JsonData::AppManager::PrepareAppParamsInfo& params)", "scope": "WPEFramework::Exchange::JAppManager::PUSH_WARNING", "scopeKind": "function", "description": "unavailable"}, {"name": "uint32_t __anon876bca300902(const JsonData::AppManager::PrepareAppParamsInfo& params)", "scope": "WPEFramework::Exchange::JAppManager::PUSH_WARNING", "scopeKind": "function", "description": "unavailable"}, {"name": "uint32_t __anon876bca300a02(const JsonData::AppManager::PrepareAppParamsInfo& params)", "scope": "WPEFramework::Exchange::JAppManager::PUSH_WARNING", "scopeKind": "function", "description": "unavailable"}, {"name": "uint32_t __anon876bca300b02(const JsonData::AppManager::GetAppMetaInfoParamsInfo& params)", "scope": "WPEFramework::Exchange::JAppManager::PUSH_WARNING", "scopeKind": "function", "description": "unavailable"}, {"name": "uint32_t __anon876bca300c02(const JsonData::AppManager::GetAppMetaInfoParamsInfo& params)", "scope": "WPEFramework::Exchange::JAppManager::PUSH_WARNING", "scopeKind": "function", "description": "unavailable"}, {"name": "uint32_t __anon876bca300d02(const JsonData::AppManager::SetAppPropertyParamsData& params)", "scope": "WPEFramework::Exchange::JAppManager::PUSH_WARNING", "scopeKind": "function", "description": "unavailable"}, {"name": "uint32_t __anon876bca300e02(const JsonData::AppManager::SetMaxInactiveAppsData& params)", "scope": "WPEFramework::Exchange::JAppManager::PUSH_WARNING", "scopeKind": "function", "description": "unavailable"}, {"name": "uint32_t __anon876bca300f02(Core::JSON::DecUInt32& result)", "scope": "WPEFramework::Exchange::JAppManager::PUSH_WARNING", "scopeKind": "function", "description": "unavailable"}, {"name": "uint32_t __anon876bca301002(const JsonData::AppManager::SetMaxHibernatedAppsData& params)", "scope": "WPEFramework::Exchange::JAppManager::PUSH_WARNING", "scopeKind": "function", "description": "unavailable"}, {"name": "uint32_t __anon876bca301102(Core::JSON::DecUInt32& result)", "scope": "WPEFramework::Exchange::JAppManager::PUSH_WARNING", "scopeKind": "function", "description": "unavailable"}, {"name": "uint32_t __anon876bca301202(const JsonData::AppManager::SetMaxHibernatedFlashUsageData& params)", "scope": "WPEFramework::Exchange::JAppManager::PUSH_WARNING", "scopeKind": "function", "description": "unavailable"}, {"name": "uint32_t __anon876bca301302(Core::JSON::DecUInt32& result)", "scope": "WPEFramework::Exchange::JAppManager::PUSH_WARNING", "scopeKind": "function", "description": "unavailable"}, {"name": "uint32_t __anon876bca301402(const JsonData::AppManager::SetMaxInactiveRamUsageData& params)", "scope": "WPEFramework::Exchange::JAppManager::PUSH_WARNING", "scopeKind": "function", "description": "unavailable"}, {"name": "uint32_t __anon876bca301502(Core::JSON::DecUInt32& result)", "scope": "WPEFramework::Exchange::JAppManager::PUSH_WARNING", "scopeKind": "function", "description": "unavailable"}], "calls": ["_module_.Register", "_module_.Unregister", "_module_.Notify"], "search-terms": ["JAppManager", "jsonrpc", "registerMethods", "AppManager", "application control", "event notifications", "versioning", "application lifecycle"], "state": 2, "file_id": 8868, "knowledge_revision": 18540, "git_revision": "a019ef1ecf9043a6387775f8d60762f619f4c761", "ctags": [{"_type": "tag", "name": "Event", "path": "/home/kavia/workspace/code-generation/app-gateway2/dependencies/build/ThunderInterfaces/definitions/generated/JAppManager.h", "pattern": "/^        namespace Event {$/", "language": "C++", "kind": "namespace", "scope": "WPEFramework::Exchange::JAppManager", "scopeKind": "namespace"}, {"_type": "tag", "name": "Exchange", "path": "/home/kavia/workspace/code-generation/app-gateway2/dependencies/build/ThunderInterfaces/definitions/generated/JAppManager.h", "pattern": "/^namespace Exchange {$/", "language": "C++", "kind": "namespace", "scope": "WPEFramework", "scopeKind": "namespace"}, {"_type": "tag", "name": "JAppManager", "path": "/home/kavia/workspace/code-generation/app-gateway2/dependencies/build/ThunderInterfaces/definitions/generated/JAppManager.h", "pattern": "/^    namespace JAppManager {$/", "language": "C++", "kind": "namespace", "scope": "WPEFramework::Exchange", "scopeKind": "namespace"}, {"_type": "tag", "name": "JSONRPC", "path": "/home/kavia/workspace/code-generation/app-gateway2/dependencies/build/ThunderInterfaces/definitions/generated/JAppManager.h", "pattern": "/^        using JSONRPC = PluginHost::JSONRPC;$/", "language": "C++", "typeref": "typename:PluginHost::JSONRPC", "kind": "typedef", "scope": "WPEFramework::Exchange::JAppManager", "scopeKind": "namespace"}, {"_type": "tag", "name": "Major", "path": "/home/kavia/workspace/code-generation/app-gateway2/dependencies/build/ThunderInterfaces/definitions/generated/JAppManager.h", "pattern": "/^            constexpr uint8_t Major = 1;$/", "language": "C++", "typeref": "typename:uint8_t", "kind": "variable", "scope": "WPEFramework::Exchange::JAppManager::Version", "scopeKind": "namespace"}, {"_type": "tag", "name": "Minor", "path": "/home/kavia/workspace/code-generation/app-gateway2/dependencies/build/ThunderInterfaces/definitions/generated/JAppManager.h", "pattern": "/^            constexpr uint8_t Minor = 0;$/", "language": "C++", "typeref": "typename:uint8_t", "kind": "variable", "scope": "WPEFramework::Exchange::JAppManager::Version", "scopeKind": "namespace"}, {"_type": "tag", "name": "OnAppInstalled", "path": "/home/kavia/workspace/code-generation/app-gateway2/dependencies/build/ThunderInterfaces/definitions/generated/JAppManager.h", "pattern": "/^            static void OnAppInstalled(const JSONRPC& _module_, const Core::JSON::String& appId,/", "language": "C++", "typeref": "typename:void", "kind": "function", "signature": "(const JSONRPC & _module_,const Core::JSON::String & appId,const Core::JSON::String & version)", "scope": "WPEFramework::Exchange::JAppManager::Event", "scopeKind": "namespace"}, {"_type": "tag", "name": "OnAppInstalled", "path": "/home/kavia/workspace/code-generation/app-gateway2/dependencies/build/ThunderInterfaces/definitions/generated/JAppManager.h", "pattern": "/^            static void OnAppInstalled(const JSONRPC& _module_, const JsonData::AppManager::OnAp/", "language": "C++", "typeref": "typename:void", "kind": "function", "signature": "(const JSONRPC & _module_,const JsonData::AppManager::OnAppInstalledParamsData & params)", "scope": "WPEFramework::Exchange::JAppManager::Event", "scopeKind": "namespace"}, {"_type": "tag", "name": "OnAppInstalled", "path": "/home/kavia/workspace/code-generation/app-gateway2/dependencies/build/ThunderInterfaces/definitions/generated/JAppManager.h", "pattern": "/^            static void OnAppInstalled(const JSONRPC& _module_, const string& appId, const strin/", "language": "C++", "typeref": "typename:void", "kind": "function", "signature": "(const JSONRPC & _module_,const string & appId,const string & version)", "scope": "WPEFramework::Exchange::JAppManager::Event", "scopeKind": "namespace"}, {"_type": "tag", "name": "OnAppLaunchRequest", "path": "/home/kavia/workspace/code-generation/app-gateway2/dependencies/build/ThunderInterfaces/definitions/generated/JAppManager.h", "pattern": "/^            static void OnAppLaunchRequest(const JSONRPC& _module_, const Core::JSON::String& ap/", "language": "C++", "typeref": "typename:void", "kind": "function", "signature": "(const JSONRPC & _module_,const Core::JSON::String & appId,const Core::JSON::String & intent,const Core::JSON::String & source)", "scope": "WPEFramework::Exchange::JAppManager::Event", "scopeKind": "namespace"}, {"_type": "tag", "name": "OnAppLaunchRequest", "path": "/home/kavia/workspace/code-generation/app-gateway2/dependencies/build/ThunderInterfaces/definitions/generated/JAppManager.h", "pattern": "/^            static void OnAppLaunchRequest(const JSONRPC& _module_, const JsonData::AppManager::/", "language": "C++", "typeref": "typename:void", "kind": "function", "signature": "(const JSONRPC & _module_,const JsonData::AppManager::OnAppLaunchRequestParamsData & params)", "scope": "WPEFramework::Exchange::JAppManager::Event", "scopeKind": "namespace"}, {"_type": "tag", "name": "OnAppLaunchRequest", "path": "/home/kavia/workspace/code-generation/app-gateway2/dependencies/build/ThunderInterfaces/definitions/generated/JAppManager.h", "pattern": "/^            static void OnAppLaunchRequest(const JSONRPC& _module_, const string& appId, const s/", "language": "C++", "typeref": "typename:void", "kind": "function", "signature": "(const JSONRPC & _module_,const string & appId,const string & intent,const string & source)", "scope": "WPEFramework::Exchange::JAppManager::Event", "scopeKind": "namespace"}, {"_type": "tag", "name": "OnAppStateChanged", "path": "/home/kavia/workspace/code-generation/app-gateway2/dependencies/build/ThunderInterfaces/definitions/generated/JAppManager.h", "pattern": "/^            static void OnAppStateChanged(const JSONRPC& _module_, const Core::JSON::String& app/", "language": "C++", "typeref": "typename:void", "kind": "function", "signature": "(const JSONRPC & _module_,const Core::JSON::String & appId,const Core::JSON::String & state)", "scope": "WPEFramework::Exchange::JAppManager::Event", "scopeKind": "namespace"}, {"_type": "tag", "name": "OnAppStateChanged", "path": "/home/kavia/workspace/code-generation/app-gateway2/dependencies/build/ThunderInterfaces/definitions/generated/JAppManager.h", "pattern": "/^            static void OnAppStateChanged(const JSONRPC& _module_, const JsonData::AppManager::O/", "language": "C++", "typeref": "typename:void", "kind": "function", "signature": "(const JSONRPC & _module_,const JsonData::AppManager::OnAppStateChangedParamsData & params)", "scope": "WPEFramework::Exchange::JAppManager::Event", "scopeKind": "namespace"}, {"_type": "tag", "name": "OnAppStateChanged", "path": "/home/kavia/workspace/code-generation/app-gateway2/dependencies/build/ThunderInterfaces/definitions/generated/JAppManager.h", "pattern": "/^            static void OnAppStateChanged(const JSONRPC& _module_, const string& appId, const st/", "language": "C++", "typeref": "typename:void", "kind": "function", "signature": "(const JSONRPC & _module_,const string & appId,const string & state)", "scope": "WPEFramework::Exchange::JAppManager::Event", "scopeKind": "namespace"}, {"_type": "tag", "name": "OnAppUninstalled", "path": "/home/kavia/workspace/code-generation/app-gateway2/dependencies/build/ThunderInterfaces/definitions/generated/JAppManager.h", "pattern": "/^            static void OnAppUninstalled(const JSONRPC& _module_, const Core::JSON::String& appI/", "language": "C++", "typeref": "typename:void", "kind": "function", "signature": "(const JSONRPC & _module_,const Core::JSON::String & appId)", "scope": "WPEFramework::Exchange::JAppManager::Event", "scopeKind": "namespace"}, {"_type": "tag", "name": "OnAppUninstalled", "path": "/home/kavia/workspace/code-generation/app-gateway2/dependencies/build/ThunderInterfaces/definitions/generated/JAppManager.h", "pattern": "/^            static void OnAppUninstalled(const JSONRPC& _module_, const JsonData::AppManager::Pr/", "language": "C++", "typeref": "typename:void", "kind": "function", "signature": "(const JSONRPC & _module_,const JsonData::AppManager::PrepareAppParamsInfo & params)", "scope": "WPEFramework::Exchange::JAppManager::Event", "scopeKind": "namespace"}, {"_type": "tag", "name": "OnAppUninstalled", "path": "/home/kavia/workspace/code-generation/app-gateway2/dependencies/build/ThunderInterfaces/definitions/generated/JAppManager.h", "pattern": "/^            static void OnAppUninstalled(const JSONRPC& _module_, const string& appId)$/", "language": "C++", "typeref": "typename:void", "kind": "function", "signature": "(const JSONRPC & _module_,const string & appId)", "scope": "WPEFramework::Exchange::JAppManager::Event", "scopeKind": "namespace"}, {"_type": "tag", "name": "PUSH_WARNING", "path": "/home/kavia/workspace/code-generation/app-gateway2/dependencies/build/ThunderInterfaces/definitions/generated/JAppManager.h", "pattern": "/^        PUSH_WARNING(DISABLE_WARNING_UNUSED_FUNCTIONS)$/", "language": "C++", "kind": "function", "signature": "(DISABLE_WARNING_UNUSED_FUNCTIONS)", "scope": "WPEFramework::Exchange::JAppManager", "scopeKind": "namespace"}, {"_type": "tag", "name": "Patch", "path": "/home/kavia/workspace/code-generation/app-gateway2/dependencies/build/ThunderInterfaces/definitions/generated/JAppManager.h", "pattern": "/^            constexpr uint8_t Patch = 0;$/", "language": "C++", "typeref": "typename:uint8_t", "kind": "variable", "scope": "WPEFramework::Exchange::JAppManager::Version", "scopeKind": "namespace"}, {"_type": "tag", "name": "Unregister", "path": "/home/kavia/workspace/code-generation/app-gateway2/dependencies/build/ThunderInterfaces/definitions/generated/JAppManager.h", "pattern": "/^        static void Unregister(JSONRPC& _module_)$/", "language": "C++", "typeref": "typename:void", "kind": "function", "signature": "(JSONRPC & _module_)", "scope": "WPEFramework::Exchange::JAppManager", "scopeKind": "namespace"}, {"_type": "tag", "name": "Version", "path": "/home/kavia/workspace/code-generation/app-gateway2/dependencies/build/ThunderInterfaces/definitions/generated/JAppManager.h", "pattern": "/^        namespace Version {$/", "language": "C++", "kind": "namespace", "scope": "WPEFramework::Exchange::JAppManager", "scopeKind": "namespace"}, {"_type": "tag", "name": "WPEFramework", "path": "/home/kavia/workspace/code-generation/app-gateway2/dependencies/build/ThunderInterfaces/definitions/generated/JAppManager.h", "pattern": "/^namespace WPEFramework {$/", "language": "C++", "kind": "namespace"}, {"_type": "tag", "name": "__anon876bca300102", "path": "/home/kavia/workspace/code-generation/app-gateway2/dependencies/build/ThunderInterfaces/definitions/generated/JAppManager.h", "pattern": "/^                [_impl_](Core::JSON::ArrayType<Core::JSON::String>& result) -> uint32_t {$/", "file": true, "language": "C++", "typeref": "typename:uint32_t", "kind": "function", "signature": "(Core::JSON::ArrayType<Core::JSON::String>& result) ", "scope": "WPEFramework::Exchange::JAppManager::PUSH_WARNING", "scopeKind": "function"}, {"_type": "tag", "name": "__anon876bca300202", "path": "/home/kavia/workspace/code-generation/app-gateway2/dependencies/build/ThunderInterfaces/definitions/generated/JAppManager.h", "pattern": "/^                [_impl_](Core::JSON::ArrayType<Core::JSON::String>& result) -> uint32_t {$/", "file": true, "language": "C++", "typeref": "typename:uint32_t", "kind": "function", "signature": "(Core::JSON::ArrayType<Core::JSON::String>& result) ", "scope": "WPEFramework::Exchange::JAppManager::PUSH_WARNING", "scopeKind": "function"}, {"_type": "tag", "name": "__anon876bca300302", "path": "/home/kavia/workspace/code-generation/app-gateway2/dependencies/build/ThunderInterfaces/definitions/generated/JAppManager.h", "pattern": "/^                [_impl_](const JsonData::AppManager::LaunchAppParamsInfo& params) -> uint32_t {$/", "file": true, "language": "C++", "typeref": "typename:uint32_t", "kind": "function", "signature": "(const JsonData::AppManager::LaunchAppParamsInfo& params) ", "scope": "WPEFramework::Exchange::JAppManager::PUSH_WARNING", "scopeKind": "function"}, {"_type": "tag", "name": "__anon876bca300402", "path": "/home/kavia/workspace/code-generation/app-gateway2/dependencies/build/ThunderInterfaces/definitions/generated/JAppManager.h", "pattern": "/^                [_impl_](const JsonData::AppManager::LaunchAppParamsInfo& params) -> uint32_t {$/", "file": true, "language": "C++", "typeref": "typename:uint32_t", "kind": "function", "signature": "(const JsonData::AppManager::LaunchAppParamsInfo& params) ", "scope": "WPEFramework::Exchange::JAppManager::PUSH_WARNING", "scopeKind": "function"}, {"_type": "tag", "name": "__anon876bca300502", "path": "/home/kavia/workspace/code-generation/app-gateway2/dependencies/build/ThunderInterfaces/definitions/generated/JAppManager.h", "pattern": "/^                [_impl_](const JsonData::AppManager::PrepareAppParamsInfo& params) -> uint32_t {$/", "file": true, "language": "C++", "typeref": "typename:uint32_t", "kind": "function", "signature": "(const JsonData::AppManager::PrepareAppParamsInfo& params) ", "scope": "WPEFramework::Exchange::JAppManager::PUSH_WARNING", "scopeKind": "function"}, {"_type": "tag", "name": "__anon876bca300602", "path": "/home/kavia/workspace/code-generation/app-gateway2/dependencies/build/ThunderInterfaces/definitions/generated/JAppManager.h", "pattern": "/^                [_impl_](const JsonData::AppManager::SendMessageParamsData& params) -> uint32_t /", "file": true, "language": "C++", "typeref": "typename:uint32_t", "kind": "function", "signature": "(const JsonData::AppManager::SendMessageParamsData& params) ", "scope": "WPEFramework::Exchange::JAppManager::PUSH_WARNING", "scopeKind": "function"}, {"_type": "tag", "name": "__anon876bca300702", "path": "/home/kavia/workspace/code-generation/app-gateway2/dependencies/build/ThunderInterfaces/definitions/generated/JAppManager.h", "pattern": "/^                [_impl_](const JsonData::AppManager::PrepareAppParamsInfo& params) -> uint32_t {$/", "file": true, "language": "C++", "typeref": "typename:uint32_t", "kind": "function", "signature": "(const JsonData::AppManager::PrepareAppParamsInfo& params) ", "scope": "WPEFramework::Exchange::JAppManager::PUSH_WARNING", "scopeKind": "function"}, {"_type": "tag", "name": "__anon876bca300802", "path": "/home/kavia/workspace/code-generation/app-gateway2/dependencies/build/ThunderInterfaces/definitions/generated/JAppManager.h", "pattern": "/^                [_impl_](const JsonData::AppManager::PrepareAppParamsInfo& params) -> uint32_t {$/", "file": true, "language": "C++", "typeref": "typename:uint32_t", "kind": "function", "signature": "(const JsonData::AppManager::PrepareAppParamsInfo& params) ", "scope": "WPEFramework::Exchange::JAppManager::PUSH_WARNING", "scopeKind": "function"}, {"_type": "tag", "name": "__anon876bca300902", "path": "/home/kavia/workspace/code-generation/app-gateway2/dependencies/build/ThunderInterfaces/definitions/generated/JAppManager.h", "pattern": "/^                [_impl_](const JsonData::AppManager::PrepareAppParamsInfo& params) -> uint32_t {$/", "file": true, "language": "C++", "typeref": "typename:uint32_t", "kind": "function", "signature": "(const JsonData::AppManager::PrepareAppParamsInfo& params) ", "scope": "WPEFramework::Exchange::JAppManager::PUSH_WARNING", "scopeKind": "function"}, {"_type": "tag", "name": "__anon876bca300a02", "path": "/home/kavia/workspace/code-generation/app-gateway2/dependencies/build/ThunderInterfaces/definitions/generated/JAppManager.h", "pattern": "/^                [_impl_](const JsonData::AppManager::PrepareAppParamsInfo& params) -> uint32_t {$/", "file": true, "language": "C++", "typeref": "typename:uint32_t", "kind": "function", "signature": "(const JsonData::AppManager::PrepareAppParamsInfo& params) ", "scope": "WPEFramework::Exchange::JAppManager::PUSH_WARNING", "scopeKind": "function"}, {"_type": "tag", "name": "__anon876bca300b02", "path": "/home/kavia/workspace/code-generation/app-gateway2/dependencies/build/ThunderInterfaces/definitions/generated/JAppManager.h", "pattern": "/^                [_impl_](const JsonData::AppManager::GetAppMetaInfoParamsInfo& params) -> uint32/", "file": true, "language": "C++", "typeref": "typename:uint32_t", "kind": "function", "signature": "(const JsonData::AppManager::GetAppMetaInfoParamsInfo& params) ", "scope": "WPEFramework::Exchange::JAppManager::PUSH_WARNING", "scopeKind": "function"}, {"_type": "tag", "name": "__anon876bca300c02", "path": "/home/kavia/workspace/code-generation/app-gateway2/dependencies/build/ThunderInterfaces/definitions/generated/JAppManager.h", "pattern": "/^                [_impl_](const JsonData::AppManager::GetAppMetaInfoParamsInfo& params) -> uint32/", "file": true, "language": "C++", "typeref": "typename:uint32_t", "kind": "function", "signature": "(const JsonData::AppManager::GetAppMetaInfoParamsInfo& params) ", "scope": "WPEFramework::Exchange::JAppManager::PUSH_WARNING", "scopeKind": "function"}, {"_type": "tag", "name": "__anon876bca300d02", "path": "/home/kavia/workspace/code-generation/app-gateway2/dependencies/build/ThunderInterfaces/definitions/generated/JAppManager.h", "pattern": "/^                [_impl_](const JsonData::AppManager::SetAppPropertyParamsData& params) -> uint32/", "file": true, "language": "C++", "typeref": "typename:uint32_t", "kind": "function", "signature": "(const JsonData::AppManager::SetAppPropertyParamsData& params) ", "scope": "WPEFramework::Exchange::JAppManager::PUSH_WARNING", "scopeKind": "function"}, {"_type": "tag", "name": "__anon876bca300e02", "path": "/home/kavia/workspace/code-generation/app-gateway2/dependencies/build/ThunderInterfaces/definitions/generated/JAppManager.h", "pattern": "/^                [_impl_](const JsonData::AppManager::SetMaxInactiveAppsData& params) -> uint32_t/", "file": true, "language": "C++", "typeref": "typename:uint32_t", "kind": "function", "signature": "(const JsonData::AppManager::SetMaxInactiveAppsData& params) ", "scope": "WPEFramework::Exchange::JAppManager::PUSH_WARNING", "scopeKind": "function"}, {"_type": "tag", "name": "__anon876bca300f02", "path": "/home/kavia/workspace/code-generation/app-gateway2/dependencies/build/ThunderInterfaces/definitions/generated/JAppManager.h", "pattern": "/^                [_impl_](Core::JSON::DecUInt32& result) -> uint32_t {$/", "file": true, "language": "C++", "typeref": "typename:uint32_t", "kind": "function", "signature": "(Core::JSON::DecUInt32& result) ", "scope": "WPEFramework::Exchange::JAppManager::PUSH_WARNING", "scopeKind": "function"}, {"_type": "tag", "name": "__anon876bca301002", "path": "/home/kavia/workspace/code-generation/app-gateway2/dependencies/build/ThunderInterfaces/definitions/generated/JAppManager.h", "pattern": "/^                [_impl_](const JsonData::AppManager::SetMaxHibernatedAppsData& params) -> uint32/", "file": true, "language": "C++", "typeref": "typename:uint32_t", "kind": "function", "signature": "(const JsonData::AppManager::SetMaxHibernatedAppsData& params) ", "scope": "WPEFramework::Exchange::JAppManager::PUSH_WARNING", "scopeKind": "function"}, {"_type": "tag", "name": "__anon876bca301102", "path": "/home/kavia/workspace/code-generation/app-gateway2/dependencies/build/ThunderInterfaces/definitions/generated/JAppManager.h", "pattern": "/^                [_impl_](Core::JSON::DecUInt32& result) -> uint32_t {$/", "file": true, "language": "C++", "typeref": "typename:uint32_t", "kind": "function", "signature": "(Core::JSON::DecUInt32& result) ", "scope": "WPEFramework::Exchange::JAppManager::PUSH_WARNING", "scopeKind": "function"}, {"_type": "tag", "name": "__anon876bca301202", "path": "/home/kavia/workspace/code-generation/app-gateway2/dependencies/build/ThunderInterfaces/definitions/generated/JAppManager.h", "pattern": "/^                [_impl_](const JsonData::AppManager::SetMaxHibernatedFlashUsageData& params) -> /", "file": true, "language": "C++", "typeref": "typename:uint32_t", "kind": "function", "signature": "(const JsonData::AppManager::SetMaxHibernatedFlashUsageData& params) ", "scope": "WPEFramework::Exchange::JAppManager::PUSH_WARNING", "scopeKind": "function"}, {"_type": "tag", "name": "__anon876bca301302", "path": "/home/kavia/workspace/code-generation/app-gateway2/dependencies/build/ThunderInterfaces/definitions/generated/JAppManager.h", "pattern": "/^                [_impl_](Core::JSON::DecUInt32& result) -> uint32_t {$/", "file": true, "language": "C++", "typeref": "typename:uint32_t", "kind": "function", "signature": "(Core::JSON::DecUInt32& result) ", "scope": "WPEFramework::Exchange::JAppManager::PUSH_WARNING", "scopeKind": "function"}, {"_type": "tag", "name": "__anon876bca301402", "path": "/home/kavia/workspace/code-generation/app-gateway2/dependencies/build/ThunderInterfaces/definitions/generated/JAppManager.h", "pattern": "/^                [_impl_](const JsonData::AppManager::SetMaxInactiveRamUsageData& params) -> uint/", "file": true, "language": "C++", "typeref": "typename:uint32_t", "kind": "function", "signature": "(const JsonData::AppManager::SetMaxInactiveRamUsageData& params) ", "scope": "WPEFramework::Exchange::JAppManager::PUSH_WARNING", "scopeKind": "function"}, {"_type": "tag", "name": "__anon876bca301502", "path": "/home/kavia/workspace/code-generation/app-gateway2/dependencies/build/ThunderInterfaces/definitions/generated/JAppManager.h", "pattern": "/^                [_impl_](Core::JSON::DecUInt32& result) -> uint32_t {$/", "file": true, "language": "C++", "typeref": "typename:uint32_t", "kind": "function", "signature": "(Core::JSON::DecUInt32& result) ", "scope": "WPEFramework::Exchange::JAppManager::PUSH_WARNING", "scopeKind": "function"}], "hash": "317b4e4bca0c86217c730157320f28cd", "format-version": 4, "code-base-name": "app-gateway2", "filename": "dependencies/build/ThunderInterfaces/definitions/generated/JAppManager.h", "fields": [{"name": "uint8_t Major", "scope": "WPEFramework::Exchange::JAppManager::Version", "scopeKind": "namespace", "description": "unavailable"}, {"name": "uint8_t Minor", "scope": "WPEFramework::Exchange::JAppManager::Version", "scopeKind": "namespace", "description": "unavailable"}, {"name": "uint8_t Patch", "scope": "WPEFramework::Exchange::JAppManager::Version", "scopeKind": "namespace", "description": "unavailable"}], "revision_history": [{"18540": "a019ef1ecf9043a6387775f8d60762f619f4c761"}]}