{"is_source_file": true, "format": "C++ header", "description": "This file defines C++ classes for Performance Monitor API JSON-RPC interactions, including data structures for buffer information and measurement statistics, generated automatically from a JSON schema.", "external_files": ["<core/JSON.h>"], "external_methods": [], "published": ["BufferInfo", "MeasurementData", "MeasurementData::StatisticsData"], "classes": [{"name": "BufferInfo", "description": "Represents buffer-related information with data string, length, and duration."}, {"name": "MeasurementData", "description": "Encapsulates various performance measurement metrics such as serialization, deserialization, execution times, etc."}, {"name": "MeasurementData::StatisticsData", "description": "Holds statistical data like minimum, maximum, average, and count for a particular measurement."}], "methods": [{"name": "BufferInfo::IsValid", "description": "Indicates the validity of BufferInfo instance (always true in current implementation)."}, {"name": "MeasurementData::IsValid", "description": "Indicates the validity of MeasurementData instance (always true in current implementation)."}, {"name": "StatisticsData::IsValid", "description": "Indicates the validity of StatisticsData instance (always true in current implementation)."}, {"name": "BufferInfo()", "scope": "WPEFramework::JsonData::PerformanceMonitor::BufferInfo", "scopeKind": "class", "description": "unavailable"}, {"name": "bool IsValid() const", "scope": "WPEFramework::JsonData::PerformanceMonitor::MeasurementData", "scopeKind": "class", "description": "unavailable"}, {"name": "MeasurementData()", "scope": "WPEFramework::JsonData::PerformanceMonitor::MeasurementData", "scopeKind": "class", "description": "unavailable"}, {"name": "StatisticsData()", "scope": "WPEFramework::JsonData::PerformanceMonitor::MeasurementData::StatisticsData", "scopeKind": "class", "description": "unavailable"}], "calls": [], "search-terms": ["PerformanceMonitor", "JsonData", "BufferInfo", "MeasurementData", "StatisticsData", "JSON", "generated"], "state": 2, "file_id": 8883, "knowledge_revision": 18550, "git_revision": "a019ef1ecf9043a6387775f8d60762f619f4c761", "ctags": [{"_type": "tag", "name": "Average", "path": "/home/kavia/workspace/code-generation/app-gateway2/dependencies/build/ThunderInterfaces/definitions/generated/JsonData_PerformanceMonitor.h", "pattern": "/^                Core::JSON::DecUInt32 Average;$/", "language": "C++", "typeref": "typename:Core::JSON::DecUInt32", "kind": "member", "scope": "WPEFramework::JsonData::PerformanceMonitor::MeasurementData::StatisticsData", "scopeKind": "class"}, {"_type": "tag", "name": "BufferInfo", "path": "/home/kavia/workspace/code-generation/app-gateway2/dependencies/build/ThunderInterfaces/definitions/generated/JsonData_PerformanceMonitor.h", "pattern": "/^            BufferInfo()$/", "language": "C++", "kind": "function", "signature": "()", "scope": "WPEFramework::JsonData::PerformanceMonitor::BufferInfo", "scopeKind": "class"}, {"_type": "tag", "name": "BufferInfo", "path": "/home/kavia/workspace/code-generation/app-gateway2/dependencies/build/ThunderInterfaces/definitions/generated/JsonData_PerformanceMonitor.h", "pattern": "/^        class BufferInfo : public Core::JSON::Container {$/", "language": "C++", "kind": "class", "scope": "WPEFramework::JsonData::PerformanceMonitor", "scopeKind": "namespace"}, {"_type": "tag", "name": "Communication", "path": "/home/kavia/workspace/code-generation/app-gateway2/dependencies/build/ThunderInterfaces/definitions/generated/JsonData_PerformanceMonitor.h", "pattern": "/^            StatisticsData Communication; \\/\\/ Time taken to complete communication$/", "language": "C++", "typeref": "typename:StatisticsData", "kind": "member", "scope": "WPEFramework::JsonData::PerformanceMonitor::MeasurementData", "scopeKind": "class"}, {"_type": "tag", "name": "Count", "path": "/home/kavia/workspace/code-generation/app-gateway2/dependencies/build/ThunderInterfaces/definitions/generated/JsonData_PerformanceMonitor.h", "pattern": "/^                Core::JSON::DecUInt32 Count;$/", "language": "C++", "typeref": "typename:Core::JSON::DecUInt32", "kind": "member", "scope": "WPEFramework::JsonData::PerformanceMonitor::MeasurementData::StatisticsData", "scopeKind": "class"}, {"_type": "tag", "name": "Data", "path": "/home/kavia/workspace/code-generation/app-gateway2/dependencies/build/ThunderInterfaces/definitions/generated/JsonData_PerformanceMonitor.h", "pattern": "/^            Core::JSON::String Data; \\/\\/ Any string data upto the size specified in the length$/", "language": "C++", "typeref": "typename:Core::JSON::String", "kind": "member", "scope": "WPEFramework::JsonData::PerformanceMonitor::BufferInfo", "scopeKind": "class"}, {"_type": "tag", "name": "Deserialization", "path": "/home/kavia/workspace/code-generation/app-gateway2/dependencies/build/ThunderInterfaces/definitions/generated/JsonData_PerformanceMonitor.h", "pattern": "/^            StatisticsData Deserialization; \\/\\/ Time taken to complete deserialization$/", "language": "C++", "typeref": "typename:StatisticsData", "kind": "member", "scope": "WPEFramework::JsonData::PerformanceMonitor::MeasurementData", "scopeKind": "class"}, {"_type": "tag", "name": "Duration", "path": "/home/kavia/workspace/code-generation/app-gateway2/dependencies/build/ThunderInterfaces/definitions/generated/JsonData_PerformanceMonitor.h", "pattern": "/^            Core::JSON::DecUInt16 Duration;$/", "language": "C++", "typeref": "typename:Core::JSON::DecUInt16", "kind": "member", "scope": "WPEFramework::JsonData::PerformanceMonitor::BufferInfo", "scopeKind": "class"}, {"_type": "tag", "name": "Execution", "path": "/home/kavia/workspace/code-generation/app-gateway2/dependencies/build/ThunderInterfaces/definitions/generated/JsonData_PerformanceMonitor.h", "pattern": "/^            StatisticsData Execution; \\/\\/ Time taken to complete execution$/", "language": "C++", "typeref": "typename:StatisticsData", "kind": "member", "scope": "WPEFramework::JsonData::PerformanceMonitor::MeasurementData", "scopeKind": "class"}, {"_type": "tag", "name": "IsValid", "path": "/home/kavia/workspace/code-generation/app-gateway2/dependencies/build/ThunderInterfaces/definitions/generated/JsonData_PerformanceMonitor.h", "pattern": "/^                bool IsValid() const$/", "language": "C++", "typeref": "typename:bool", "kind": "function", "signature": "() const", "scope": "WPEFramework::JsonData::PerformanceMonitor::MeasurementData::StatisticsData", "scopeKind": "class"}, {"_type": "tag", "name": "IsValid", "path": "/home/kavia/workspace/code-generation/app-gateway2/dependencies/build/ThunderInterfaces/definitions/generated/JsonData_PerformanceMonitor.h", "pattern": "/^            bool IsValid() const$/", "language": "C++", "typeref": "typename:bool", "kind": "function", "signature": "() const", "scope": "WPEFramework::JsonData::PerformanceMonitor::BufferInfo", "scopeKind": "class"}, {"_type": "tag", "name": "IsValid", "path": "/home/kavia/workspace/code-generation/app-gateway2/dependencies/build/ThunderInterfaces/definitions/generated/JsonData_PerformanceMonitor.h", "pattern": "/^            bool IsValid() const$/", "language": "C++", "typeref": "typename:bool", "kind": "function", "signature": "() const", "scope": "WPEFramework::JsonData::PerformanceMonitor::MeasurementData", "scopeKind": "class"}, {"_type": "tag", "name": "JsonData", "path": "/home/kavia/workspace/code-generation/app-gateway2/dependencies/build/ThunderInterfaces/definitions/generated/JsonData_PerformanceMonitor.h", "pattern": "/^namespace JsonData {$/", "language": "C++", "kind": "namespace", "scope": "WPEFramework", "scopeKind": "namespace"}, {"_type": "tag", "name": "Length", "path": "/home/kavia/workspace/code-generation/app-gateway2/dependencies/build/ThunderInterfaces/definitions/generated/JsonData_PerformanceMonitor.h", "pattern": "/^            Core::JSON::DecUInt16 Length;$/", "language": "C++", "typeref": "typename:Core::JSON::DecUInt16", "kind": "member", "scope": "WPEFramework::JsonData::PerformanceMonitor::BufferInfo", "scopeKind": "class"}, {"_type": "tag", "name": "Maximum", "path": "/home/kavia/workspace/code-generation/app-gateway2/dependencies/build/ThunderInterfaces/definitions/generated/JsonData_PerformanceMonitor.h", "pattern": "/^                Core::JSON::DecUInt32 Maximum;$/", "language": "C++", "typeref": "typename:Core::JSON::DecUInt32", "kind": "member", "scope": "WPEFramework::JsonData::PerformanceMonitor::MeasurementData::StatisticsData", "scopeKind": "class"}, {"_type": "tag", "name": "MeasurementData", "path": "/home/kavia/workspace/code-generation/app-gateway2/dependencies/build/ThunderInterfaces/definitions/generated/JsonData_PerformanceMonitor.h", "pattern": "/^            MeasurementData()$/", "language": "C++", "kind": "function", "signature": "()", "scope": "WPEFramework::JsonData::PerformanceMonitor::MeasurementData", "scopeKind": "class"}, {"_type": "tag", "name": "MeasurementData", "path": "/home/kavia/workspace/code-generation/app-gateway2/dependencies/build/ThunderInterfaces/definitions/generated/JsonData_PerformanceMonitor.h", "pattern": "/^        class MeasurementData : public Core::JSON::Container {$/", "language": "C++", "kind": "class", "scope": "WPEFramework::JsonData::PerformanceMonitor", "scopeKind": "namespace"}, {"_type": "tag", "name": "Minimum", "path": "/home/kavia/workspace/code-generation/app-gateway2/dependencies/build/ThunderInterfaces/definitions/generated/JsonData_PerformanceMonitor.h", "pattern": "/^                Core::JSON::DecUInt32 Minimum;$/", "language": "C++", "typeref": "typename:Core::JSON::DecUInt32", "kind": "member", "scope": "WPEFramework::JsonData::PerformanceMonitor::MeasurementData::StatisticsData", "scopeKind": "class"}, {"_type": "tag", "name": "PerformanceMonitor", "path": "/home/kavia/workspace/code-generation/app-gateway2/dependencies/build/ThunderInterfaces/definitions/generated/JsonData_PerformanceMonitor.h", "pattern": "/^    namespace PerformanceMonitor {$/", "language": "C++", "kind": "namespace", "scope": "WPEFramework::JsonData", "scopeKind": "namespace"}, {"_type": "tag", "name": "Serialization", "path": "/home/kavia/workspace/code-generation/app-gateway2/dependencies/build/ThunderInterfaces/definitions/generated/JsonData_PerformanceMonitor.h", "pattern": "/^            MeasurementData::StatisticsData Serialization; \\/\\/ Time taken to complete serializa/", "language": "C++", "typeref": "typename:MeasurementData::StatisticsData", "kind": "member", "scope": "WPEFramework::JsonData::PerformanceMonitor::MeasurementData", "scopeKind": "class"}, {"_type": "tag", "name": "StatisticsData", "path": "/home/kavia/workspace/code-generation/app-gateway2/dependencies/build/ThunderInterfaces/definitions/generated/JsonData_PerformanceMonitor.h", "pattern": "/^                StatisticsData()$/", "language": "C++", "kind": "function", "signature": "()", "scope": "WPEFramework::JsonData::PerformanceMonitor::MeasurementData::StatisticsData", "scopeKind": "class"}, {"_type": "tag", "name": "StatisticsData", "path": "/home/kavia/workspace/code-generation/app-gateway2/dependencies/build/ThunderInterfaces/definitions/generated/JsonData_PerformanceMonitor.h", "pattern": "/^            class StatisticsData : public Core::JSON::Container {$/", "language": "C++", "kind": "class", "scope": "WPEFramework::JsonData::PerformanceMonitor::MeasurementData", "scopeKind": "class"}, {"_type": "tag", "name": "Threadpool", "path": "/home/kavia/workspace/code-generation/app-gateway2/dependencies/build/ThunderInterfaces/definitions/generated/JsonData_PerformanceMonitor.h", "pattern": "/^            StatisticsData Threadpool; \\/\\/ Time taken to complete threadpool wait$/", "language": "C++", "typeref": "typename:StatisticsData", "kind": "member", "scope": "WPEFramework::JsonData::PerformanceMonitor::MeasurementData", "scopeKind": "class"}, {"_type": "tag", "name": "Total", "path": "/home/kavia/workspace/code-generation/app-gateway2/dependencies/build/ThunderInterfaces/definitions/generated/JsonData_PerformanceMonitor.h", "pattern": "/^            StatisticsData Total; \\/\\/ Time taken to complete whole jsonrpc process$/", "language": "C++", "typeref": "typename:StatisticsData", "kind": "member", "scope": "WPEFramework::JsonData::PerformanceMonitor::MeasurementData", "scopeKind": "class"}, {"_type": "tag", "name": "WPEFramework", "path": "/home/kavia/workspace/code-generation/app-gateway2/dependencies/build/ThunderInterfaces/definitions/generated/JsonData_PerformanceMonitor.h", "pattern": "/^namespace WPEFramework {$/", "language": "C++", "kind": "namespace"}], "hash": "11a023e798c747663e448c00e6b27b47", "format-version": 4, "code-base-name": "app-gateway2", "filename": "dependencies/build/ThunderInterfaces/definitions/generated/JsonData_PerformanceMonitor.h", "fields": [{"name": "Core::JSON::DecUInt32 Average", "scope": "WPEFramework::JsonData::PerformanceMonitor::MeasurementData::StatisticsData", "scopeKind": "class", "description": "unavailable"}, {"name": "StatisticsData Communication", "scope": "WPEFramework::JsonData::PerformanceMonitor::MeasurementData", "scopeKind": "class", "description": "unavailable"}, {"name": "Core::JSON::DecUInt32 Count", "scope": "WPEFramework::JsonData::PerformanceMonitor::MeasurementData::StatisticsData", "scopeKind": "class", "description": "unavailable"}, {"name": "Core::JSON::String Data", "scope": "WPEFramework::JsonData::PerformanceMonitor::BufferInfo", "scopeKind": "class", "description": "unavailable"}, {"name": "StatisticsData Deserialization", "scope": "WPEFramework::JsonData::PerformanceMonitor::MeasurementData", "scopeKind": "class", "description": "unavailable"}, {"name": "Core::JSON::DecUInt16 Duration", "scope": "WPEFramework::JsonData::PerformanceMonitor::BufferInfo", "scopeKind": "class", "description": "unavailable"}, {"name": "StatisticsData Execution", "scope": "WPEFramework::JsonData::PerformanceMonitor::MeasurementData", "scopeKind": "class", "description": "unavailable"}, {"name": "Core::JSON::DecUInt16 Length", "scope": "WPEFramework::JsonData::PerformanceMonitor::BufferInfo", "scopeKind": "class", "description": "unavailable"}, {"name": "Core::JSON::DecUInt32 Maximum", "scope": "WPEFramework::JsonData::PerformanceMonitor::MeasurementData::StatisticsData", "scopeKind": "class", "description": "unavailable"}, {"name": "Core::JSON::DecUInt32 Minimum", "scope": "WPEFramework::JsonData::PerformanceMonitor::MeasurementData::StatisticsData", "scopeKind": "class", "description": "unavailable"}, {"name": "MeasurementData::StatisticsData Serialization", "scope": "WPEFramework::JsonData::PerformanceMonitor::MeasurementData", "scopeKind": "class", "description": "unavailable"}, {"name": "StatisticsData Threadpool", "scope": "WPEFramework::JsonData::PerformanceMonitor::MeasurementData", "scopeKind": "class", "description": "unavailable"}, {"name": "StatisticsData Total", "scope": "WPEFramework::JsonData::PerformanceMonitor::MeasurementData", "scopeKind": "class", "description": "unavailable"}], "revision_history": [{"18550": "a019ef1ecf9043a6387775f8d60762f619f4c761"}]}