{"is_source_file": true, "format": "C++ header file", "description": "This file is a header defining the ConnectorType class and related components within the WPEFramework RPC namespace. It declares a singleton ConnectorController, a template ConnectorType class managing communication channels and interface acquisition, and external proxy functions for IPC server management.", "external_files": ["Module.h", "Communicator.h"], "external_methods": ["Core::ProxyType<RPC::IIPCServer> DefaultInvokeServer()", "Core::ProxyType<RPC::IIPCServer> WorkerPoolInvokeServer()"], "published": ["WPEFramework::RPC::ConnectorType", "WPEFramework::RPC::ConnectorController"], "classes": [{"name": "ConnectorController", "description": "Singleton class managing a Core::IUnknown controller object with thread-unsafe access, including methods to Announce, Revoke, and retrieve the controller."}, {"name": "ConnectorType", "description": "Template class managing communication channels via nested Channel class, enabling interface acquisition, managing communication lifecycle, and providing engine access."}, {"name": "Channel", "description": "Nested class inheriting from CommunicatorClient, responsible for managing communication session initialization, state changes, and lifecycle within the ConnectorType."}], "methods": [{"name": "ConnectorController & Instance()", "description": "Returns singleton instance of ConnectorController.", "scope": "WPEFramework::RPC::ConnectorController", "scopeKind": "class"}, {"name": "void Announce(Core::IUnknown * controller)", "description": "Sets and AddRef's a controller object.", "scope": "WPEFramework::RPC::ConnectorController", "scopeKind": "class"}, {"name": "void Revoke(Core::IUnknown * controller VARIABLE_IS_NOT_USED)", "description": "Releases and resets the controller object.", "scope": "WPEFramework::RPC::ConnectorController", "scopeKind": "class"}, {"name": "Core::IUnknown * Controller()", "description": "Returns a pointer to the current controller, adding a reference.", "scope": "WPEFramework::RPC::ConnectorController", "scopeKind": "class"}, {"name": "INTERFACE * Acquire(const uint32_t waitTime,const Core::NodeId & nodeId,const string className,const uint32_t version)", "description": "Template method to acquire an interface of specified type from a communication channel to a node.", "scope": "WPEFramework::RPC::ConnectorType", "scopeKind": "class"}, {"name": "Core::ProxyType<CommunicatorClient> Communicator(const Core::NodeId & nodeId)", "description": "Returns a ProxyType to the CommunicatorClient associated with a node.", "scope": "WPEFramework::RPC::ConnectorType", "scopeKind": "class"}, {"name": "RPC::IIPCServer & Engine()", "description": "Provides access to the Engine (IPC server) instance.", "scope": "WPEFramework::RPC::ConnectorType", "scopeKind": "class"}, {"name": "void Operational(const bool)", "description": "Virtual method to indicate operational status (no implementation here).", "scope": "WPEFramework::RPC::ConnectorType", "scopeKind": "class"}, {"name": "uint32_t Initialize()", "description": "Initializes the communication channel.", "scope": "WPEFramework::RPC::ConnectorType::Channel", "scopeKind": "class"}, {"name": "void Deintialize()", "description": "Closes the communication channel.", "scope": "WPEFramework::RPC::ConnectorType::Channel", "scopeKind": "class"}, {"name": "void Unlink()", "description": "Closes/unlinks the communication channel.", "scope": "WPEFramework::RPC::ConnectorType::Channel", "scopeKind": "class"}, {"name": "void StateChange()", "description": "Handles state change notifications and updates parent operational status.", "scope": "WPEFramework::RPC::ConnectorType::Channel", "scopeKind": "class"}, {"name": "Channel(ConnectorType<ENGINE> & parent,const Core::NodeId & remoteNode,const Core::ProxyType<RPC::IIPCServer> & handler)", "scope": "WPEFramework::RPC::ConnectorType::Channel", "scopeKind": "class", "description": "unavailable"}, {"name": "ConnectorType()", "scope": "WPEFramework::RPC::ConnectorType", "scopeKind": "class", "description": "unavailable"}], "calls": ["CommunicatorClient::Open", "CommunicatorClient::Close", "CommunicatorClient::StateChange"], "search-terms": ["ConnectorType", "RPC::IIPCServer", "CommunicatorClient", "Instance", "Acquire", "Controller", "ProxyType"], "state": 2, "file_id": 8567, "knowledge_revision": 17281, "git_revision": "0f87a35b32215bc8547fb583d6c84bd51f603f69", "ctags": [{"_type": "tag", "name": "Acquire", "path": "/home/kavia/workspace/code-generation/app-gateway2/dependencies/install/include/WPEFramework/com/ConnectorType.h", "pattern": "/^        INTERFACE* Acquire(const uint32_t waitTime, const Core::NodeId& nodeId, const string cla/", "language": "C++", "typeref": "typename:INTERFACE *", "kind": "function", "signature": "(const uint32_t waitTime,const Core::NodeId & nodeId,const string className,const uint32_t version)", "scope": "WPEFramework::RPC::ConnectorType", "scopeKind": "class"}, {"_type": "tag", "name": "Announce", "path": "/home/kavia/workspace/code-generation/app-gateway2/dependencies/install/include/WPEFramework/com/ConnectorType.h", "pattern": "/^        void Announce(Core::IUnknown* controller)$/", "language": "C++", "typeref": "typename:void", "kind": "function", "signature": "(Core::IUnknown * controller)", "scope": "WPEFramework::RPC::ConnectorController", "scopeKind": "class"}, {"_type": "tag", "name": "Channel", "path": "/home/kavia/workspace/code-generation/app-gateway2/dependencies/install/include/WPEFramework/com/ConnectorType.h", "pattern": "/^            Channel(ConnectorType<ENGINE>& parent, const Core::NodeId& remoteNode, const Core::P/", "language": "C++", "kind": "function", "signature": "(ConnectorType<ENGINE> & parent,const Core::NodeId & remoteNode,const Core::ProxyType<RPC::IIPCServer> & handler)", "scope": "WPEFramework::RPC::ConnectorType::Channel", "scopeKind": "class"}, {"_type": "tag", "name": "Channel", "path": "/home/kavia/workspace/code-generation/app-gateway2/dependencies/install/include/WPEFramework/com/ConnectorType.h", "pattern": "/^        class Channel : public CommunicatorClient {$/", "language": "C++", "kind": "class", "scope": "WPEFramework::RPC::ConnectorType", "scopeKind": "class"}, {"_type": "tag", "name": "Communicator", "path": "/home/kavia/workspace/code-generation/app-gateway2/dependencies/install/include/WPEFramework/com/ConnectorType.h", "pattern": "/^        Core::ProxyType<CommunicatorClient> Communicator(const Core::NodeId& nodeId) {$/", "language": "C++", "typeref": "typename:Core::ProxyType<CommunicatorClient>", "kind": "function", "signature": "(const Core::NodeId & nodeId)", "scope": "WPEFramework::RPC::ConnectorType", "scopeKind": "class"}, {"_type": "tag", "name": "ConnectorController", "path": "/home/kavia/workspace/code-generation/app-gateway2/dependencies/install/include/WPEFramework/com/ConnectorType.h", "pattern": "/^    class EXTERNAL ConnectorController {$/", "language": "C++", "kind": "class", "scope": "WPEFramework::RPC", "scopeKind": "namespace"}, {"_type": "tag", "name": "ConnectorType", "path": "/home/kavia/workspace/code-generation/app-gateway2/dependencies/install/include/WPEFramework/com/ConnectorType.h", "pattern": "/^        ConnectorType()$/", "language": "C++", "kind": "function", "signature": "()", "scope": "WPEFramework::RPC::ConnectorType", "scopeKind": "class"}, {"_type": "tag", "name": "ConnectorType", "path": "/home/kavia/workspace/code-generation/app-gateway2/dependencies/install/include/WPEFramework/com/ConnectorType.h", "pattern": "/^    class ConnectorType {$/", "language": "C++", "kind": "class", "scope": "WPEFramework::RPC", "scopeKind": "namespace"}, {"_type": "tag", "name": "Controller", "path": "/home/kavia/workspace/code-generation/app-gateway2/dependencies/install/include/WPEFramework/com/ConnectorType.h", "pattern": "/^        Core::IUnknown* Controller()$/", "language": "C++", "typeref": "typename:Core::IUnknown *", "kind": "function", "signature": "()", "scope": "WPEFramework::RPC::ConnectorController", "scopeKind": "class"}, {"_type": "tag", "name": "Deintialize", "path": "/home/kavia/workspace/code-generation/app-gateway2/dependencies/install/include/WPEFramework/com/ConnectorType.h", "pattern": "/^            void Deintialize()$/", "language": "C++", "typeref": "typename:void", "kind": "function", "signature": "()", "scope": "WPEFramework::RPC::ConnectorType::Channel", "scopeKind": "class"}, {"_type": "tag", "name": "Engine", "path": "/home/kavia/workspace/code-generation/app-gateway2/dependencies/install/include/WPEFramework/com/ConnectorType.h", "pattern": "/^        RPC::IIPCServer& Engine()$/", "language": "C++", "typeref": "typename:RPC::IIPCServer &", "kind": "function", "signature": "()", "scope": "WPEFramework::RPC::ConnectorType", "scopeKind": "class"}, {"_type": "tag", "name": "Initialize", "path": "/home/kavia/workspace/code-generation/app-gateway2/dependencies/install/include/WPEFramework/com/ConnectorType.h", "pattern": "/^            uint32_t Initialize()$/", "language": "C++", "typeref": "typename:uint32_t", "kind": "function", "signature": "()", "scope": "WPEFramework::RPC::ConnectorType::Channel", "scopeKind": "class"}, {"_type": "tag", "name": "Instance", "path": "/home/kavia/workspace/code-generation/app-gateway2/dependencies/install/include/WPEFramework/com/ConnectorType.h", "pattern": "/^        static ConnectorController& Instance()$/", "language": "C++", "typeref": "typename:ConnectorController &", "kind": "function", "signature": "()", "scope": "WPEFramework::RPC::ConnectorController", "scopeKind": "class"}, {"_type": "tag", "name": "Operational", "path": "/home/kavia/workspace/code-generation/app-gateway2/dependencies/install/include/WPEFramework/com/ConnectorType.h", "pattern": "/^        virtual void Operational(const bool \\/* operational *\\/ ) {$/", "language": "C++", "typeref": "typename:void", "kind": "function", "signature": "(const bool)", "scope": "WPEFramework::RPC::ConnectorType", "scopeKind": "class"}, {"_type": "tag", "name": "RPC", "path": "/home/kavia/workspace/code-generation/app-gateway2/dependencies/install/include/WPEFramework/com/ConnectorType.h", "pattern": "/^namespace RPC {$/", "language": "C++", "kind": "namespace", "scope": "WPEFramework", "scopeKind": "namespace"}, {"_type": "tag", "name": "Revoke", "path": "/home/kavia/workspace/code-generation/app-gateway2/dependencies/install/include/WPEFramework/com/ConnectorType.h", "pattern": "/^        void Revoke(Core::IUnknown* controller VARIABLE_IS_NOT_USED)$/", "language": "C++", "typeref": "typename:void", "kind": "function", "signature": "(Core::IUnknown * controller VARIABLE_IS_NOT_USED)", "scope": "WPEFramework::RPC::ConnectorController", "scopeKind": "class"}, {"_type": "tag", "name": "StateChange", "path": "/home/kavia/workspace/code-generation/app-gateway2/dependencies/install/include/WPEFramework/com/ConnectorType.h", "pattern": "/^            void StateChange() override {$/", "language": "C++", "typeref": "typename:void", "kind": "function", "signature": "()", "scope": "WPEFramework::RPC::ConnectorType::Channel", "scopeKind": "class"}, {"_type": "tag", "name": "Unlink", "path": "/home/kavia/workspace/code-generation/app-gateway2/dependencies/install/include/WPEFramework/com/ConnectorType.h", "pattern": "/^            void Unlink()$/", "language": "C++", "typeref": "typename:void", "kind": "function", "signature": "()", "scope": "WPEFramework::RPC::ConnectorType::Channel", "scopeKind": "class"}, {"_type": "tag", "name": "WPEFramework", "path": "/home/kavia/workspace/code-generation/app-gateway2/dependencies/install/include/WPEFramework/com/ConnectorType.h", "pattern": "/^namespace WPEFramework {$/", "language": "C++", "kind": "namespace"}, {"_type": "tag", "name": "_comChannels", "path": "/home/kavia/workspace/code-generation/app-gateway2/dependencies/install/include/WPEFramework/com/ConnectorType.h", "pattern": "/^        Core::ProxyMapType<Core::NodeId, Channel> _comChannels;$/", "language": "C++", "typeref": "typename:Core::ProxyMapType<Core::NodeId,Channel>", "kind": "member", "scope": "WPEFramework::RPC::ConnectorType", "scopeKind": "class"}, {"_type": "tag", "name": "_controller", "path": "/home/kavia/workspace/code-generation/app-gateway2/dependencies/install/include/WPEFramework/com/ConnectorType.h", "pattern": "/^        Core::IUnknown* _controller;$/", "language": "C++", "typeref": "typename:Core::IUnknown *", "kind": "member", "scope": "WPEFramework::RPC::ConnectorController", "scopeKind": "class"}, {"_type": "tag", "name": "_instance", "path": "/home/kavia/workspace/code-generation/app-gateway2/dependencies/install/include/WPEFramework/com/ConnectorType.h", "pattern": "/^        static ConnectorController _instance;$/", "language": "C++", "typeref": "typename:ConnectorController", "kind": "member", "scope": "WPEFramework::RPC::ConnectorController", "scopeKind": "class"}, {"_type": "tag", "name": "_parent", "path": "/home/kavia/workspace/code-generation/app-gateway2/dependencies/install/include/WPEFramework/com/ConnectorType.h", "pattern": "/^            ConnectorType<ENGINE>& _parent;$/", "language": "C++", "typeref": "typename:ConnectorType<ENGINE> &", "kind": "member", "scope": "WPEFramework::RPC::ConnectorType::Channel", "scopeKind": "class"}], "hash": "f44253a35bdfcce5ffc062bdb78fda75", "format-version": 4, "code-base-name": "app-gateway2", "filename": "dependencies/install/include/WPEFramework/com/ConnectorType.h", "fields": [{"name": "Core::ProxyMapType<Core::NodeId,Channel> _comChannels", "scope": "WPEFramework::RPC::ConnectorType", "scopeKind": "class", "description": "unavailable"}, {"name": "Core::IUnknown * _controller", "scope": "WPEFramework::RPC::ConnectorController", "scopeKind": "class", "description": "unavailable"}, {"name": "ConnectorController _instance", "scope": "WPEFramework::RPC::ConnectorController", "scopeKind": "class", "description": "unavailable"}, {"name": "ConnectorType<ENGINE> & _parent", "scope": "WPEFramework::RPC::ConnectorType::Channel", "scopeKind": "class", "description": "unavailable"}], "revision_history": [{"17281": "0f87a35b32215bc8547fb583d6c84bd51f603f69"}]}