{"is_source_file": true, "format": "C++ header file", "description": "This file defines C++ classes related to IO Control API JSON-RPC interactions, specifically a JSON container class for activity parameters.", "external_files": ["<core/JSON.h>"], "external_methods": [], "published": ["WPEFramework::JsonData::IOControl::ActivityParamsData"], "classes": [{"name": "ActivityParamsData", "description": "A JSON container class representing the parameters for an activity in the IO Control API."}], "methods": [{"name": "bool IsValid() const", "description": "Validates the JSON data; currently always returns true.", "scope": "WPEFramework::JsonData::IOControl::ActivityParamsData", "scopeKind": "class"}, {"name": "ActivityParamsData()", "scope": "WPEFramework::JsonData::IOControl::ActivityParamsData", "scopeKind": "class", "description": "unavailable"}], "calls": [], "search-terms": ["IOControl", "ActivityParamsData", "JSON", "JsonData", "header", "generated", "JSON-RPC"], "state": 2, "file_id": 8946, "knowledge_revision": 18607, "git_revision": "a019ef1ecf9043a6387775f8d60762f619f4c761", "ctags": [{"_type": "tag", "name": "ActivityParamsData", "path": "/home/kavia/workspace/code-generation/app-gateway2/dependencies/build/ThunderInterfaces/definitions/generated/JsonData_IOControl.h", "pattern": "/^            ActivityParamsData()$/", "language": "C++", "kind": "function", "signature": "()", "scope": "WPEFramework::JsonData::IOControl::ActivityParamsData", "scopeKind": "class"}, {"_type": "tag", "name": "ActivityParamsData", "path": "/home/kavia/workspace/code-generation/app-gateway2/dependencies/build/ThunderInterfaces/definitions/generated/JsonData_IOControl.h", "pattern": "/^        class ActivityParamsData : public Core::JSON::Container {$/", "language": "C++", "kind": "class", "scope": "WPEFramework::JsonData::IOControl", "scopeKind": "namespace"}, {"_type": "tag", "name": "IOControl", "path": "/home/kavia/workspace/code-generation/app-gateway2/dependencies/build/ThunderInterfaces/definitions/generated/JsonData_IOControl.h", "pattern": "/^    namespace IOControl {$/", "language": "C++", "kind": "namespace", "scope": "WPEFramework::JsonData", "scopeKind": "namespace"}, {"_type": "tag", "name": "IsValid", "path": "/home/kavia/workspace/code-generation/app-gateway2/dependencies/build/ThunderInterfaces/definitions/generated/JsonData_IOControl.h", "pattern": "/^            bool IsValid() const$/", "language": "C++", "typeref": "typename:bool", "kind": "function", "signature": "() const", "scope": "WPEFramework::JsonData::IOControl::ActivityParamsData", "scopeKind": "class"}, {"_type": "tag", "name": "JsonData", "path": "/home/kavia/workspace/code-generation/app-gateway2/dependencies/build/ThunderInterfaces/definitions/generated/JsonData_IOControl.h", "pattern": "/^namespace JsonData {$/", "language": "C++", "kind": "namespace", "scope": "WPEFramework", "scopeKind": "namespace"}, {"_type": "tag", "name": "Value", "path": "/home/kavia/workspace/code-generation/app-gateway2/dependencies/build/ThunderInterfaces/definitions/generated/JsonData_IOControl.h", "pattern": "/^            Core::JSON::DecSInt32 Value;$/", "language": "C++", "typeref": "typename:Core::JSON::DecSInt32", "kind": "member", "scope": "WPEFramework::JsonData::IOControl::ActivityParamsData", "scopeKind": "class"}, {"_type": "tag", "name": "WPEFramework", "path": "/home/kavia/workspace/code-generation/app-gateway2/dependencies/build/ThunderInterfaces/definitions/generated/JsonData_IOControl.h", "pattern": "/^namespace WPEFramework {$/", "language": "C++", "kind": "namespace"}], "hash": "73a7b4fab42afaa941cf5d0c4e7eac01", "format-version": 4, "code-base-name": "app-gateway2", "filename": "dependencies/build/ThunderInterfaces/definitions/generated/JsonData_IOControl.h", "fields": [{"name": "Core::JSON::DecSInt32 Value", "scope": "WPEFramework::JsonData::IOControl::ActivityParamsData", "scopeKind": "class", "description": "unavailable"}], "revision_history": [{"18607": "a019ef1ecf9043a6387775f8d60762f619f4c761"}]}