{"is_source_file": true, "format": "C/C++ header file", "description": "Header file for DTV JSON-RPC API, generated automatically, includes definitions for JSON data handling related to DTV.", "external_files": ["JsonData_DTV.h", "JDTV.h"], "external_methods": [], "published": [], "classes": [], "methods": [], "calls": [], "search-terms": ["DTV", "json", "JSON-RPC", "generated", "ThunderInterfaces", "definitions", "json_DTV"], "state": 2, "file_id": 9036, "knowledge_revision": 18700, "git_revision": "a019ef1ecf9043a6387775f8d60762f619f4c761", "ctags": [], "hash": "85efb384c12cb2c1ebef6e2102e7763e", "format-version": 4, "code-base-name": "app-gateway2", "filename": "dependencies/build/ThunderInterfaces/definitions/generated/json_DTV.h", "revision_history": [{"18700": "a019ef1ecf9043a6387775f8d60762f619f4c761"}]}