{"is_source_file": true, "format": "C++ header", "description": "This file defines an interface 'ICapture' within the WPEFramework::Exchange namespace. The interface provides methods for capturing screen content, including a nested 'IStore' interface responsible for storing raw capture data in RGBA format. It includes a static method for obtaining an instance of the ICapture interface.", "external_files": ["Module.h"], "external_methods": ["Core::IUnknown"], "published": ["ICapture"], "classes": [{"name": "ICapture", "description": "Interface for capturing screen images with a nested store interface to handle image data storage."}, {"name": "ICapture::IStore", "description": "Interface for storing captured image data in RGBA format."}], "methods": [{"name": "Name", "description": "Returns the name of the capture device or interface."}, {"name": "Capture", "description": "Performs the capture operation, storing data via the IStore interface."}, {"name": "Instance", "description": "Static method to obtain an instance of the ICapture interface."}], "calls": ["ICapture::Instance", "ICapture::Name", "ICapture::Capture"], "search-terms": ["ICapture", "IStore", "Capture", "screen capture interface", "WPEFramework::Exchange", "ICapture::Instance"], "state": 2, "file_id": 8534, "knowledge_revision": 17247, "git_revision": "0f87a35b32215bc8547fb583d6c84bd51f603f69", "ctags": [{"_type": "tag", "name": "Exchange", "path": "/home/kavia/workspace/code-generation/app-gateway2/dependencies/install/include/WPEFramework/interfaces/ICapture.h", "pattern": "/^namespace Exchange {$/", "language": "C++", "kind": "namespace", "scope": "WPEFramework", "scopeKind": "namespace"}, {"_type": "tag", "name": "ICapture", "path": "/home/kavia/workspace/code-generation/app-gateway2/dependencies/install/include/WPEFramework/interfaces/ICapture.h", "pattern": "/^    struct EXTERNAL ICapture : virtual public Core::IUnknown {$/", "language": "C++", "kind": "struct", "scope": "WPEFramework::Exchange", "scopeKind": "namespace"}, {"_type": "tag", "name": "ID", "path": "/home/kavia/workspace/code-generation/app-gateway2/dependencies/install/include/WPEFramework/interfaces/ICapture.h", "pattern": "/^        enum { ID = ID_CAPTURE };$/", "language": "C++", "kind": "enumerator", "scope": "WPEFramework::Exchange::ICapture::__anon238b68e70103", "scopeKind": "enum"}, {"_type": "tag", "name": "IStore", "path": "/home/kavia/workspace/code-generation/app-gateway2/dependencies/install/include/WPEFramework/interfaces/ICapture.h", "pattern": "/^        struct EXTERNAL IStore {$/", "language": "C++", "kind": "struct", "scope": "WPEFramework::Exchange::ICapture", "scopeKind": "struct"}, {"_type": "tag", "name": "WPEFramework", "path": "/home/kavia/workspace/code-generation/app-gateway2/dependencies/install/include/WPEFramework/interfaces/ICapture.h", "pattern": "/^namespace WPEFramework {$/", "language": "C++", "kind": "namespace"}, {"_type": "tag", "name": "__anon238b68e70103", "path": "/home/kavia/workspace/code-generation/app-gateway2/dependencies/install/include/WPEFramework/interfaces/ICapture.h", "pattern": "/^        enum { ID = ID_CAPTURE };$/", "language": "C++", "kind": "enum", "scope": "WPEFramework::Exchange::ICapture", "scopeKind": "struct"}], "hash": "d834969962be3648fb75a8b3eb026fbf", "format-version": 4, "code-base-name": "app-gateway2", "filename": "dependencies/install/include/WPEFramework/interfaces/ICapture.h", "revision_history": [{"17247": "0f87a35b32215bc8547fb583d6c84bd51f603f69"}]}