{"is_source_file": true, "format": "C++", "description": "This file contains enumeration conversions related to the Remote Control API JSON-RPC interface, specifically for data types like ModifiersType, generated from a JSON schema.", "external_files": ["<core/Enumerate.h>", "definitions.h", "JsonData_RemoteControl.h"], "external_methods": [], "published": ["JsonData::RemoteControl::ModifiersType"], "classes": [], "methods": [{"name": "ENUM_CONVERSION_BEGIN(JsonData::RemoteControl::ModifiersType)", "description": "Macro to define conversion from enum values to strings for ModifiersType.", "scope": "WPEFramework", "scopeKind": "namespace"}, {"name": "ENUM_CONVERSION_END", "description": "Macro to end the enum conversion definition for ModifiersType."}], "calls": ["ENUM_CONVERSION_BEGIN(JsonData::RemoteControl::ModifiersType)", "ENUM_CONVERSION_END(JsonData::RemoteControl::ModifiersType)"], "search-terms": ["JsonEnum_RemoteControl", "ModifiersType", "Enumerate", "JsonData::RemoteControl", "RemoteControl.json"], "state": 2, "file_id": 8986, "knowledge_revision": 18652, "git_revision": "a019ef1ecf9043a6387775f8d60762f619f4c761", "ctags": [{"_type": "tag", "name": "ENUM_CONVERSION_BEGIN", "path": "/home/kavia/workspace/code-generation/app-gateway2/dependencies/build/ThunderInterfaces/definitions/generated/JsonEnum_RemoteControl.cpp", "pattern": "/^ENUM_CONVERSION_BEGIN(JsonData::RemoteControl::ModifiersType)$/", "language": "C++", "kind": "function", "signature": "(JsonData::RemoteControl::ModifiersType)", "scope": "WPEFramework", "scopeKind": "namespace"}, {"_type": "tag", "name": "WPEFramework", "path": "/home/kavia/workspace/code-generation/app-gateway2/dependencies/build/ThunderInterfaces/definitions/generated/JsonEnum_RemoteControl.cpp", "pattern": "/^namespace WPEFramework {$/", "file": true, "language": "C++", "kind": "namespace"}], "hash": "77634826dad0cedf88ac40d647dae61b", "format-version": 4, "code-base-name": "app-gateway2", "filename": "dependencies/build/ThunderInterfaces/definitions/generated/JsonEnum_RemoteControl.cpp", "revision_history": [{"18652": "a019ef1ecf9043a6387775f8d60762f619f4c761"}]}