{"is_source_file": true, "format": "C++", "description": "This file contains C++ class definitions for Display Info API JSON-RPC interface, including data containers for display metrics, HDR type, and HDCP protection status, generated automatically from a JSON schema.", "external_files": ["<core/JSON.h>", "<core/Enumerate.h>"], "external_methods": [], "published": ["DisplayinfoData"], "classes": [{"name": "DisplayinfoData", "description": "A JSON container class representing display information parameters such as GPU memory, connection status, resolution, HDCP protection, and HDR type."}], "methods": [{"name": "DisplayinfoData()", "description": "Constructor initializing JSON fields with display info parameters.", "scope": "WPEFramework::JsonData::DisplayInfo::DisplayinfoData", "scopeKind": "class"}, {"name": "IsValid()", "description": "Method to check the validity of the data container, always returns true in this implementation."}, {"name": "bool IsValid() const", "scope": "WPEFramework::JsonData::DisplayInfo::DisplayinfoData", "scopeKind": "class", "description": "unavailable"}], "calls": [], "search-terms": ["DisplayinfoData", "HdcpprotectionType", "HdrtypeType", "generated", "JsonData_DisplayInfo"], "state": 2, "file_id": 8915, "knowledge_revision": 18582, "git_revision": "a019ef1ecf9043a6387775f8d60762f619f4c761", "ctags": [{"_type": "tag", "name": "Audiopassthrough", "path": "/home/kavia/workspace/code-generation/app-gateway2/dependencies/build/ThunderInterfaces/definitions/generated/JsonData_DisplayInfo.h", "pattern": "/^            Core::JSON::Boolean Audiopassthrough; \\/\\/ Audio Pass through is support for this de/", "language": "C++", "typeref": "typename:Core::JSON::Boolean", "kind": "member", "scope": "WPEFramework::JsonData::DisplayInfo::DisplayinfoData", "scopeKind": "class"}, {"_type": "tag", "name": "Connected", "path": "/home/kavia/workspace/code-generation/app-gateway2/dependencies/build/ThunderInterfaces/definitions/generated/JsonData_DisplayInfo.h", "pattern": "/^            Core::JSON::Boolean Connected; \\/\\/ HDMI display connection status$/", "language": "C++", "typeref": "typename:Core::JSON::Boolean", "kind": "member", "scope": "WPEFramework::JsonData::DisplayInfo::DisplayinfoData", "scopeKind": "class"}, {"_type": "tag", "name": "DisplayInfo", "path": "/home/kavia/workspace/code-generation/app-gateway2/dependencies/build/ThunderInterfaces/definitions/generated/JsonData_DisplayInfo.h", "pattern": "/^    namespace DisplayInfo {$/", "language": "C++", "kind": "namespace", "scope": "WPEFramework::JsonData", "scopeKind": "namespace"}, {"_type": "tag", "name": "DisplayinfoData", "path": "/home/kavia/workspace/code-generation/app-gateway2/dependencies/build/ThunderInterfaces/definitions/generated/JsonData_DisplayInfo.h", "pattern": "/^            DisplayinfoData()$/", "language": "C++", "kind": "function", "signature": "()", "scope": "WPEFramework::JsonData::DisplayInfo::DisplayinfoData", "scopeKind": "class"}, {"_type": "tag", "name": "DisplayinfoData", "path": "/home/kavia/workspace/code-generation/app-gateway2/dependencies/build/ThunderInterfaces/definitions/generated/JsonData_DisplayInfo.h", "pattern": "/^        class DisplayinfoData : public Core::JSON::Container {$/", "language": "C++", "kind": "class", "scope": "WPEFramework::JsonData::DisplayInfo", "scopeKind": "namespace"}, {"_type": "tag", "name": "Freegpuram", "path": "/home/kavia/workspace/code-generation/app-gateway2/dependencies/build/ThunderInterfaces/definitions/generated/JsonData_DisplayInfo.h", "pattern": "/^            Core::JSON::DecUInt64 Freegpuram; \\/\\/ Free GPU DRAM memory (in bytes)$/", "language": "C++", "typeref": "typename:Core::JSON::DecUInt64", "kind": "member", "scope": "WPEFramework::JsonData::DisplayInfo::DisplayinfoData", "scopeKind": "class"}, {"_type": "tag", "name": "HDCP1X", "path": "/home/kavia/workspace/code-generation/app-gateway2/dependencies/build/ThunderInterfaces/definitions/generated/JsonData_DisplayInfo.h", "pattern": "/^                HDCP1X,$/", "language": "C++", "kind": "enumerator", "scope": "WPEFramework::JsonData::DisplayInfo::DisplayinfoData::HdcpprotectionType", "scopeKind": "enum"}, {"_type": "tag", "name": "HDCP2X", "path": "/home/kavia/workspace/code-generation/app-gateway2/dependencies/build/ThunderInterfaces/definitions/generated/JsonData_DisplayInfo.h", "pattern": "/^                HDCP2X$/", "language": "C++", "kind": "enumerator", "scope": "WPEFramework::JsonData::DisplayInfo::DisplayinfoData::HdcpprotectionType", "scopeKind": "enum"}, {"_type": "tag", "name": "HDR10", "path": "/home/kavia/workspace/code-generation/app-gateway2/dependencies/build/ThunderInterfaces/definitions/generated/JsonData_DisplayInfo.h", "pattern": "/^                HDR10,$/", "language": "C++", "kind": "enumerator", "scope": "WPEFramework::JsonData::DisplayInfo::DisplayinfoData::HdrtypeType", "scopeKind": "enum"}, {"_type": "tag", "name": "HDR10PLUS", "path": "/home/kavia/workspace/code-generation/app-gateway2/dependencies/build/ThunderInterfaces/definitions/generated/JsonData_DisplayInfo.h", "pattern": "/^                HDR10PLUS,$/", "language": "C++", "kind": "enumerator", "scope": "WPEFramework::JsonData::DisplayInfo::DisplayinfoData::HdrtypeType", "scopeKind": "enum"}, {"_type": "tag", "name": "HDRDOLBYVISION", "path": "/home/kavia/workspace/code-generation/app-gateway2/dependencies/build/ThunderInterfaces/definitions/generated/JsonData_DisplayInfo.h", "pattern": "/^                HDRDOLBYVISION,$/", "language": "C++", "kind": "enumerator", "scope": "WPEFramework::JsonData::DisplayInfo::DisplayinfoData::HdrtypeType", "scopeKind": "enum"}, {"_type": "tag", "name": "HDROFF", "path": "/home/kavia/workspace/code-generation/app-gateway2/dependencies/build/ThunderInterfaces/definitions/generated/JsonData_DisplayInfo.h", "pattern": "/^                HDROFF,$/", "language": "C++", "kind": "enumerator", "scope": "WPEFramework::JsonData::DisplayInfo::DisplayinfoData::HdrtypeType", "scopeKind": "enum"}, {"_type": "tag", "name": "HDRTECHNICOLOR", "path": "/home/kavia/workspace/code-generation/app-gateway2/dependencies/build/ThunderInterfaces/definitions/generated/JsonData_DisplayInfo.h", "pattern": "/^                HDRTECHNICOLOR$/", "language": "C++", "kind": "enumerator", "scope": "WPEFramework::JsonData::DisplayInfo::DisplayinfoData::HdrtypeType", "scopeKind": "enum"}, {"_type": "tag", "name": "Hdcpprotection", "path": "/home/kavia/workspace/code-generation/app-gateway2/dependencies/build/ThunderInterfaces/definitions/generated/JsonData_DisplayInfo.h", "pattern": "/^            Core::JSON::EnumType<DisplayinfoData::HdcpprotectionType> Hdcpprotection; \\/\\/ HDCP /", "language": "C++", "typeref": "typename:Core::JSON::EnumType<DisplayinfoData::HdcpprotectionType>", "kind": "member", "scope": "WPEFramework::JsonData::DisplayInfo::DisplayinfoData", "scopeKind": "class"}, {"_type": "tag", "name": "HdcpprotectionType", "path": "/home/kavia/workspace/code-generation/app-gateway2/dependencies/build/ThunderInterfaces/definitions/generated/JsonData_DisplayInfo.h", "pattern": "/^            enum class HdcpprotectionType : uint8_t {$/", "language": "C++", "typeref": "typename:uint8_t", "kind": "enum", "scope": "WPEFramework::JsonData::DisplayInfo::DisplayinfoData", "scopeKind": "class"}, {"_type": "tag", "name": "Hdrtype", "path": "/home/kavia/workspace/code-generation/app-gateway2/dependencies/build/ThunderInterfaces/definitions/generated/JsonData_DisplayInfo.h", "pattern": "/^            Core::JSON::EnumType<DisplayinfoData::HdrtypeType> Hdrtype; \\/\\/ HDR Type used$/", "language": "C++", "typeref": "typename:Core::JSON::EnumType<DisplayinfoData::HdrtypeType>", "kind": "member", "scope": "WPEFramework::JsonData::DisplayInfo::DisplayinfoData", "scopeKind": "class"}, {"_type": "tag", "name": "HdrtypeType", "path": "/home/kavia/workspace/code-generation/app-gateway2/dependencies/build/ThunderInterfaces/definitions/generated/JsonData_DisplayInfo.h", "pattern": "/^            enum class HdrtypeType : uint8_t {$/", "language": "C++", "typeref": "typename:uint8_t", "kind": "enum", "scope": "WPEFramework::JsonData::DisplayInfo::DisplayinfoData", "scopeKind": "class"}, {"_type": "tag", "name": "Height", "path": "/home/kavia/workspace/code-generation/app-gateway2/dependencies/build/ThunderInterfaces/definitions/generated/JsonData_DisplayInfo.h", "pattern": "/^            Core::JSON::DecUInt32 Height; \\/\\/ Height of the connected HDMI display$/", "language": "C++", "typeref": "typename:Core::JSON::DecUInt32", "kind": "member", "scope": "WPEFramework::JsonData::DisplayInfo::DisplayinfoData", "scopeKind": "class"}, {"_type": "tag", "name": "IsValid", "path": "/home/kavia/workspace/code-generation/app-gateway2/dependencies/build/ThunderInterfaces/definitions/generated/JsonData_DisplayInfo.h", "pattern": "/^            bool IsValid() const$/", "language": "C++", "typeref": "typename:bool", "kind": "function", "signature": "() const", "scope": "WPEFramework::JsonData::DisplayInfo::DisplayinfoData", "scopeKind": "class"}, {"_type": "tag", "name": "JsonData", "path": "/home/kavia/workspace/code-generation/app-gateway2/dependencies/build/ThunderInterfaces/definitions/generated/JsonData_DisplayInfo.h", "pattern": "/^namespace JsonData {$/", "language": "C++", "kind": "namespace", "scope": "WPEFramework", "scopeKind": "namespace"}, {"_type": "tag", "name": "Totalgpuram", "path": "/home/kavia/workspace/code-generation/app-gateway2/dependencies/build/ThunderInterfaces/definitions/generated/JsonData_DisplayInfo.h", "pattern": "/^            Core::JSON::DecUInt64 Totalgpuram; \\/\\/ Total GPU DRAM memory (in bytes)$/", "language": "C++", "typeref": "typename:Core::JSON::DecUInt64", "kind": "member", "scope": "WPEFramework::JsonData::DisplayInfo::DisplayinfoData", "scopeKind": "class"}, {"_type": "tag", "name": "UNENCRYPTED", "path": "/home/kavia/workspace/code-generation/app-gateway2/dependencies/build/ThunderInterfaces/definitions/generated/JsonData_DisplayInfo.h", "pattern": "/^                UNENCRYPTED,$/", "language": "C++", "kind": "enumerator", "scope": "WPEFramework::JsonData::DisplayInfo::DisplayinfoData::HdcpprotectionType", "scopeKind": "enum"}, {"_type": "tag", "name": "WPEFramework", "path": "/home/kavia/workspace/code-generation/app-gateway2/dependencies/build/ThunderInterfaces/definitions/generated/JsonData_DisplayInfo.h", "pattern": "/^namespace WPEFramework {$/", "language": "C++", "kind": "namespace"}, {"_type": "tag", "name": "Width", "path": "/home/kavia/workspace/code-generation/app-gateway2/dependencies/build/ThunderInterfaces/definitions/generated/JsonData_DisplayInfo.h", "pattern": "/^            Core::JSON::DecUInt32 Width; \\/\\/ Width of the connected HDMI display$/", "language": "C++", "typeref": "typename:Core::JSON::DecUInt32", "kind": "member", "scope": "WPEFramework::JsonData::DisplayInfo::DisplayinfoData", "scopeKind": "class"}], "hash": "db1efab5893923bf0318bebcfd7c50ae", "format-version": 4, "code-base-name": "app-gateway2", "filename": "dependencies/build/ThunderInterfaces/definitions/generated/JsonData_DisplayInfo.h", "fields": [{"name": "Core::JSON::Boolean Audiopassthrough", "scope": "WPEFramework::JsonData::DisplayInfo::DisplayinfoData", "scopeKind": "class", "description": "unavailable"}, {"name": "Core::JSON::Boolean Connected", "scope": "WPEFramework::JsonData::DisplayInfo::DisplayinfoData", "scopeKind": "class", "description": "unavailable"}, {"name": "Core::JSON::DecUInt64 Freegpuram", "scope": "WPEFramework::JsonData::DisplayInfo::DisplayinfoData", "scopeKind": "class", "description": "unavailable"}, {"name": "Core::JSON::EnumType<DisplayinfoData::HdcpprotectionType> Hdcpprotection", "scope": "WPEFramework::JsonData::DisplayInfo::DisplayinfoData", "scopeKind": "class", "description": "unavailable"}, {"name": "Core::JSON::EnumType<DisplayinfoData::HdrtypeType> Hdrtype", "scope": "WPEFramework::JsonData::DisplayInfo::DisplayinfoData", "scopeKind": "class", "description": "unavailable"}, {"name": "Core::JSON::DecUInt32 Height", "scope": "WPEFramework::JsonData::DisplayInfo::DisplayinfoData", "scopeKind": "class", "description": "unavailable"}, {"name": "Core::JSON::DecUInt64 Totalgpuram", "scope": "WPEFramework::JsonData::DisplayInfo::DisplayinfoData", "scopeKind": "class", "description": "unavailable"}, {"name": "Core::JSON::DecUInt32 Width", "scope": "WPEFramework::JsonData::DisplayInfo::DisplayinfoData", "scopeKind": "class", "description": "unavailable"}], "revision_history": [{"18582": "a019ef1ecf9043a6387775f8d60762f619f4c761"}]}