{"is_source_file": true, "format": "C++ header file", "description": "This file defines the interface IAppManager within the WPEFramework::Exchange namespace, including nested INotification interface. It includes method signatures for managing applications, such as launching, loading, closing, and retrieving app properties, along with notification callbacks for app lifecycle events.", "external_files": ["Module.h", "<com/IIteratorType.h>"], "external_methods": ["RPC::IIteratorType<string, RPC::ID_STRINGITERATOR>"], "published": ["WPEFramework::Exchange::IAppManager"], "classes": [{"name": "IAppManager", "description": "Interface for managing applications within the WPEFramework, providing methods for app lifecycle and property management, and registration of notifications."}, {"name": "INotification", "description": "Notification interface for app lifecycle events such as installation, uninstallation, state changes, and launch requests."}], "methods": [{"name": "Register", "description": "Registers a notification listener for app lifecycle events."}, {"name": "Unregister", "description": "Unregisters a notification listener."}, {"name": "GetLaunchableApps", "description": "Retrieves an iterator over launchable applications."}, {"name": "GetLoadedApps", "description": "Retrieves an iterator over loaded applications."}, {"name": "LaunchApp", "description": "Launches an application with a specified intent and launch arguments."}, {"name": "LoadApp", "description": "Loads an application with specified intent and arguments."}, {"name": "PrepareApp", "description": "Prepares an application for launch."}, {"name": "SendMessage", "description": "Sends a message to a specified application."}, {"name": "CloseApp", "description": "Closes a specified application."}, {"name": "TerminateApp", "description": "Terminates a specified application."}, {"name": "ClearAppData", "description": "Clears data for a specified application."}, {"name": "SetAppFocus", "description": "Sets focus to a specified application."}, {"name": "GetAppMetaData", "description": "Retrieves metadata for an application based on key."}, {"name": "GetAppProperty", "description": "Gets a property value of an application."}, {"name": "SetAppProperty", "description": "Sets a property value for an application."}, {"name": "SetMaxInactiveApps", "description": "Sets the maximum number of inactive apps."}, {"name": "GetMaxInactiveApps", "description": "Retrieves the maximum number of inactive apps."}, {"name": "SetMaxHibernatedApps", "description": "Sets the maximum number of hibernated apps."}, {"name": "GetMaxHibernatedApps", "description": "Retrieves the maximum number of hibernated apps."}, {"name": "SetMaxHibernatedFlashUsage", "description": "Sets the maximum flash usage for hibernated apps."}, {"name": "GetMaxHibernatedFlashUsage", "description": "Gets the maximum flash usage for hibernated apps."}, {"name": "SetMaxInactiveRamUsage", "description": "Sets the maximum RAM usage for inactive apps."}, {"name": "GetMaxInactiveRamUsage", "description": "Retrieves the maximum RAM usage for inactive apps."}], "calls": ["Register", "Unregister", "GetLaunchableApps", "GetLoadedApps", "LaunchApp", "LoadApp", "PrepareApp", "SendMessage", "CloseApp", "TerminateApp", "ClearAppData", "SetAppFocus", "GetAppMetaData", "GetAppProperty", "SetAppProperty", "SetMaxInactiveApps", "GetMaxInactiveApps", "SetMaxHibernatedApps", "GetMaxHibernatedApps", "SetMaxHibernatedFlashUsage", "GetMaxHibernatedFlashUsage", "SetMaxInactiveRamUsage", "GetMaxInactiveRamUsage"], "search-terms": ["IAppManager", "Application lifecycle", "App install/uninstall", "App state change", "Launch app", "Load app", "App properties", "Notifications", "Hibernated apps", "Max inactive apps"], "state": 2, "file_id": 8358, "knowledge_revision": 17082, "git_revision": "0f87a35b32215bc8547fb583d6c84bd51f603f69", "ctags": [{"_type": "tag", "name": "Exchange", "path": "/home/kavia/workspace/code-generation/app-gateway2/dependencies/install/include/WPEFramework/interfaces/IAppManager.h", "pattern": "/^namespace Exchange {$/", "language": "C++", "kind": "namespace", "scope": "WPEFramework", "scopeKind": "namespace"}, {"_type": "tag", "name": "IAppManager", "path": "/home/kavia/workspace/code-generation/app-gateway2/dependencies/install/include/WPEFramework/interfaces/IAppManager.h", "pattern": "/^struct EXTERNAL IAppManager : virtual public Core::IUnknown {$/", "language": "C++", "kind": "struct", "scope": "WPEFramework::Exchange", "scopeKind": "namespace"}, {"_type": "tag", "name": "ID", "path": "/home/kavia/workspace/code-generation/app-gateway2/dependencies/install/include/WPEFramework/interfaces/IAppManager.h", "pattern": "/^    enum { ID = ID_APP_MANAGER_NOTIFICATION };$/", "language": "C++", "kind": "enumerator", "scope": "WPEFramework::Exchange::IAppManager::INotification::__anonb669442f0203", "scopeKind": "enum"}, {"_type": "tag", "name": "ID", "path": "/home/kavia/workspace/code-generation/app-gateway2/dependencies/install/include/WPEFramework/interfaces/IAppManager.h", "pattern": "/^  enum { ID = ID_APP_MANAGER };$/", "language": "C++", "kind": "enumerator", "scope": "WPEFramework::Exchange::IAppManager::__anonb669442f0103", "scopeKind": "enum"}, {"_type": "tag", "name": "INotification", "path": "/home/kavia/workspace/code-generation/app-gateway2/dependencies/install/include/WPEFramework/interfaces/IAppManager.h", "pattern": "/^  struct EXTERNAL INotification : virtual public Core::IUnknown {$/", "language": "C++", "kind": "struct", "scope": "WPEFramework::Exchange::IAppManager", "scopeKind": "struct"}, {"_type": "tag", "name": "IStringIterator", "path": "/home/kavia/workspace/code-generation/app-gateway2/dependencies/install/include/WPEFramework/interfaces/IAppManager.h", "pattern": "/^  using IStringIterator = RPC::IIteratorType<string, RPC::ID_STRINGITERATOR>;$/", "language": "C++", "typeref": "typename:RPC::IIteratorType<string,RPC::ID_STRINGITERATOR>", "kind": "typedef", "scope": "WPEFramework::Exchange::IAppManager", "scopeKind": "struct"}, {"_type": "tag", "name": "WPEFramework", "path": "/home/kavia/workspace/code-generation/app-gateway2/dependencies/install/include/WPEFramework/interfaces/IAppManager.h", "pattern": "/^namespace WPEFramework {$/", "language": "C++", "kind": "namespace"}, {"_type": "tag", "name": "__anonb669442f0103", "path": "/home/kavia/workspace/code-generation/app-gateway2/dependencies/install/include/WPEFramework/interfaces/IAppManager.h", "pattern": "/^  enum { ID = ID_APP_MANAGER };$/", "language": "C++", "kind": "enum", "scope": "WPEFramework::Exchange::IAppManager", "scopeKind": "struct"}, {"_type": "tag", "name": "__anonb669442f0203", "path": "/home/kavia/workspace/code-generation/app-gateway2/dependencies/install/include/WPEFramework/interfaces/IAppManager.h", "pattern": "/^    enum { ID = ID_APP_MANAGER_NOTIFICATION };$/", "language": "C++", "kind": "enum", "scope": "WPEFramework::Exchange::IAppManager::INotification", "scopeKind": "struct"}], "hash": "611edd244020389e41aba0474d33275d", "format-version": 4, "code-base-name": "app-gateway2", "filename": "dependencies/install/include/WPEFramework/interfaces/IAppManager.h", "revision_history": [{"17082": "0f87a35b32215bc8547fb583d6c84bd51f603f69"}]}