{"is_source_file": true, "format": "C++ header", "description": "This file defines the interface and registration functions for the JBluetoothAudioSink JSON RPC plugin, including methods, properties, and events related to Bluetooth audio sink management within the WPEFramework.", "external_files": ["Module.h", "JsonData_BluetoothAudioSink.h", "<interfaces/IBluetoothAudio.h>"], "external_methods": ["Core::ERROR_NONE", "Core::JSON::DecSInt16", "Core::JSON::EnumType", "JsonData::BluetoothAudioSink::AssignParamsData", "JsonData::BluetoothAudioSink::LatencyData", "JsonData::BluetoothAudioSink::CodecPropertiesData", "JsonData::BluetoothAudioSink::DRMPropertiesData", "JsonData::BluetoothAudioSink::StreamPropertiesData"], "published": ["JBluetoothAudioSink::Register", "JBluetoothAudioSink::Unregister", "JBluetoothAudioSink::Event::Updated"], "classes": [], "methods": [{"name": "Register", "description": "Registers the JBluetoothAudioSink plugin's methods, properties, and events with the JSONRPC module."}, {"name": "void Unregister(JSONRPC & _module_)", "description": "Unregisters the plugin's methods and properties from the JSONRPC module.", "scope": "WPEFramework::Exchange::JBluetoothAudioSink", "scopeKind": "namespace"}, {"name": "void Updated(const JSONRPC & _module_)", "description": "Triggers the 'updated' event to notify listeners of state changes or stream updates.", "scope": "WPEFramework::Exchange::JBluetoothAudioSink::Event", "scopeKind": "namespace"}, {"name": "PUSH_WARNING(DISABLE_WARNING_UNUSED_FUNCTIONS)", "scope": "WPEFramework::Exchange::JBluetoothAudioSink", "scopeKind": "namespace", "description": "unavailable"}, {"name": "uint32_t __anon7686745a0102(const JsonData::BluetoothAudioSink::AssignParamsData& params)", "scope": "WPEFramework::Exchange::JBluetoothAudioSink::PUSH_WARNING", "scopeKind": "function", "description": "unavailable"}, {"name": "uint32_t __anon7686745a0202()", "scope": "WPEFramework::Exchange::JBluetoothAudioSink::PUSH_WARNING", "scopeKind": "function", "description": "unavailable"}, {"name": "uint32_t __anon7686745a0302(const JsonData::BluetoothAudioSink::LatencyData& params, Core::JSON::DecSInt16& result)", "scope": "WPEFramework::Exchange::JBluetoothAudioSink::PUSH_WARNING", "scopeKind": "function", "description": "unavailable"}, {"name": "uint32_t __anon7686745a0402(Core::JSON::EnumType<Exchange::IBluetoothAudioSink::state>& result)", "scope": "WPEFramework::Exchange::JBluetoothAudioSink::PUSH_WARNING", "scopeKind": "function", "description": "unavailable"}, {"name": "uint32_t __anon7686745a0502(Core::JSON::EnumType<Exchange::IBluetoothAudioSink::devicetype>& result)", "scope": "WPEFramework::Exchange::JBluetoothAudioSink::PUSH_WARNING", "scopeKind": "function", "description": "unavailable"}, {"name": "uint32_t __anon7686745a0602(Core::JSON::ArrayType<Core::JSON::EnumType<Exchange::IBluetoothAudioSink::audiocodec>>& result)", "scope": "WPEFramework::Exchange::JBluetoothAudioSink::PUSH_WARNING", "scopeKind": "function", "description": "unavailable"}, {"name": "uint32_t __anon7686745a0702(Core::JSON::ArrayType<Core::JSON::EnumType<Exchange::IBluetoothAudioSink::drmscheme>>& result)", "scope": "WPEFramework::Exchange::JBluetoothAudioSink::PUSH_WARNING", "scopeKind": "function", "description": "unavailable"}, {"name": "uint32_t __anon7686745a0802(JsonData::BluetoothAudioSink::CodecPropertiesData& result)", "scope": "WPEFramework::Exchange::JBluetoothAudioSink::PUSH_WARNING", "scopeKind": "function", "description": "unavailable"}, {"name": "uint32_t __anon7686745a0902(JsonData::BluetoothAudioSink::DRMPropertiesData& result)", "scope": "WPEFramework::Exchange::JBluetoothAudioSink::PUSH_WARNING", "scopeKind": "function", "description": "unavailable"}, {"name": "uint32_t __anon7686745a0a02(JsonData::BluetoothAudioSink::StreamPropertiesData& result)", "scope": "WPEFramework::Exchange::JBluetoothAudioSink::PUSH_WARNING", "scopeKind": "function", "description": "unavailable"}], "calls": ["_module_.Register<JsonData::BluetoothAudioSink::AssignParamsData, void>(_T(\"assign\"), ...)", "_module_.Register<void, void>(_T(\"revoke\"), ...)", "_module_.Register<JsonData::BluetoothAudioSink::LatencyData, Core::JSON::DecSInt16>(_T(\"latency\"), ...)", "_module_.Register<void, Core::JSON::EnumType<Exchange::IBluetoothAudioSink::state>>(_T(\"state\"), ...)", "_module_.Register<void, Core::JSON::EnumType<Exchange::IBluetoothAudioSink::devicetype>>(_T(\"type\"), ...)", "_module_.Register<void, Core::JSON::ArrayType<Core::JSON::EnumType<Exchange::IBluetoothAudioSink::audiocodec>>>(_T(\"supportedcodecs\"), ...)", "_module_.Register<void, Core::JSON::ArrayType<Core::JSON::EnumType<Exchange::IBluetoothAudioSink::drmscheme>>>(_T(\"supporteddrms\"), ...)", "_module_.Register<void, JsonData::BluetoothAudioSink::CodecPropertiesData>(_T(\"codec\"), ...)", "_module_.Register<void, JsonData::BluetoothAudioSink::DRMPropertiesData>(_T(\"drm\"), ...)", "_module_.Register<void, JsonData::BluetoothAudioSink::StreamPropertiesData>(_T(\"stream\"), ...)"], "search-terms": ["JBluetoothAudioSink", "Register", "Unregister", "BluetoothAudioSink", "jsonrpc", "IBluetoothAudioSink", "Latency", "supportedcodecs", "supporteddrms", "codec", "drm", "stream"], "state": 2, "file_id": 8485, "knowledge_revision": 17203, "git_revision": "0f87a35b32215bc8547fb583d6c84bd51f603f69", "ctags": [{"_type": "tag", "name": "Event", "path": "/home/kavia/workspace/code-generation/app-gateway2/dependencies/install/include/WPEFramework/interfaces/json/JBluetoothAudioSink.h", "pattern": "/^        namespace Event {$/", "language": "C++", "kind": "namespace", "scope": "WPEFramework::Exchange::JBluetoothAudioSink", "scopeKind": "namespace"}, {"_type": "tag", "name": "Exchange", "path": "/home/kavia/workspace/code-generation/app-gateway2/dependencies/install/include/WPEFramework/interfaces/json/JBluetoothAudioSink.h", "pattern": "/^namespace Exchange {$/", "language": "C++", "kind": "namespace", "scope": "WPEFramework", "scopeKind": "namespace"}, {"_type": "tag", "name": "JBluetoothAudioSink", "path": "/home/kavia/workspace/code-generation/app-gateway2/dependencies/install/include/WPEFramework/interfaces/json/JBluetoothAudioSink.h", "pattern": "/^    namespace JBluetoothAudioSink {$/", "language": "C++", "kind": "namespace", "scope": "WPEFramework::Exchange", "scopeKind": "namespace"}, {"_type": "tag", "name": "JSONRPC", "path": "/home/kavia/workspace/code-generation/app-gateway2/dependencies/install/include/WPEFramework/interfaces/json/JBluetoothAudioSink.h", "pattern": "/^        using JSONRPC = PluginHost::JSONRPC;$/", "language": "C++", "typeref": "typename:PluginHost::JSONRPC", "kind": "typedef", "scope": "WPEFramework::Exchange::JBluetoothAudioSink", "scopeKind": "namespace"}, {"_type": "tag", "name": "Major", "path": "/home/kavia/workspace/code-generation/app-gateway2/dependencies/install/include/WPEFramework/interfaces/json/JBluetoothAudioSink.h", "pattern": "/^            constexpr uint8_t Major = 1;$/", "language": "C++", "typeref": "typename:uint8_t", "kind": "variable", "scope": "WPEFramework::Exchange::JBluetoothAudioSink::Version", "scopeKind": "namespace"}, {"_type": "tag", "name": "Minor", "path": "/home/kavia/workspace/code-generation/app-gateway2/dependencies/install/include/WPEFramework/interfaces/json/JBluetoothAudioSink.h", "pattern": "/^            constexpr uint8_t Minor = 0;$/", "language": "C++", "typeref": "typename:uint8_t", "kind": "variable", "scope": "WPEFramework::Exchange::JBluetoothAudioSink::Version", "scopeKind": "namespace"}, {"_type": "tag", "name": "PUSH_WARNING", "path": "/home/kavia/workspace/code-generation/app-gateway2/dependencies/install/include/WPEFramework/interfaces/json/JBluetoothAudioSink.h", "pattern": "/^        PUSH_WARNING(DISABLE_WARNING_UNUSED_FUNCTIONS)$/", "language": "C++", "kind": "function", "signature": "(DISABLE_WARNING_UNUSED_FUNCTIONS)", "scope": "WPEFramework::Exchange::JBluetoothAudioSink", "scopeKind": "namespace"}, {"_type": "tag", "name": "Patch", "path": "/home/kavia/workspace/code-generation/app-gateway2/dependencies/install/include/WPEFramework/interfaces/json/JBluetoothAudioSink.h", "pattern": "/^            constexpr uint8_t Patch = 0;$/", "language": "C++", "typeref": "typename:uint8_t", "kind": "variable", "scope": "WPEFramework::Exchange::JBluetoothAudioSink::Version", "scopeKind": "namespace"}, {"_type": "tag", "name": "Unregister", "path": "/home/kavia/workspace/code-generation/app-gateway2/dependencies/install/include/WPEFramework/interfaces/json/JBluetoothAudioSink.h", "pattern": "/^        static void Unregister(JSONRPC& _module_)$/", "language": "C++", "typeref": "typename:void", "kind": "function", "signature": "(JSONRPC & _module_)", "scope": "WPEFramework::Exchange::JBluetoothAudioSink", "scopeKind": "namespace"}, {"_type": "tag", "name": "Updated", "path": "/home/kavia/workspace/code-generation/app-gateway2/dependencies/install/include/WPEFramework/interfaces/json/JBluetoothAudioSink.h", "pattern": "/^            static void Updated(const JSONRPC& _module_)$/", "language": "C++", "typeref": "typename:void", "kind": "function", "signature": "(const JSONRPC & _module_)", "scope": "WPEFramework::Exchange::JBluetoothAudioSink::Event", "scopeKind": "namespace"}, {"_type": "tag", "name": "Version", "path": "/home/kavia/workspace/code-generation/app-gateway2/dependencies/install/include/WPEFramework/interfaces/json/JBluetoothAudioSink.h", "pattern": "/^        namespace Version {$/", "language": "C++", "kind": "namespace", "scope": "WPEFramework::Exchange::JBluetoothAudioSink", "scopeKind": "namespace"}, {"_type": "tag", "name": "WPEFramework", "path": "/home/kavia/workspace/code-generation/app-gateway2/dependencies/install/include/WPEFramework/interfaces/json/JBluetoothAudioSink.h", "pattern": "/^namespace WPEFramework {$/", "language": "C++", "kind": "namespace"}, {"_type": "tag", "name": "__anon7686745a0102", "path": "/home/kavia/workspace/code-generation/app-gateway2/dependencies/install/include/WPEFramework/interfaces/json/JBluetoothAudioSink.h", "pattern": "/^                [_impl_](const JsonData::BluetoothAudioSink::AssignParamsData& params) -> uint32/", "file": true, "language": "C++", "typeref": "typename:uint32_t", "kind": "function", "signature": "(const JsonData::BluetoothAudioSink::AssignParamsData& params) ", "scope": "WPEFramework::Exchange::JBluetoothAudioSink::PUSH_WARNING", "scopeKind": "function"}, {"_type": "tag", "name": "__anon7686745a0202", "path": "/home/kavia/workspace/code-generation/app-gateway2/dependencies/install/include/WPEFramework/interfaces/json/JBluetoothAudioSink.h", "pattern": "/^                [_impl_]() -> uint32_t {$/", "file": true, "language": "C++", "typeref": "typename:uint32_t", "kind": "function", "signature": "() ", "scope": "WPEFramework::Exchange::JBluetoothAudioSink::PUSH_WARNING", "scopeKind": "function"}, {"_type": "tag", "name": "__anon7686745a0302", "path": "/home/kavia/workspace/code-generation/app-gateway2/dependencies/install/include/WPEFramework/interfaces/json/JBluetoothAudioSink.h", "pattern": "/^                [_impl_](const JsonData::BluetoothAudioSink::LatencyData& params, Core::JSON::De/", "file": true, "language": "C++", "typeref": "typename:uint32_t", "kind": "function", "signature": "(const JsonData::BluetoothAudioSink::LatencyData& params, Core::JSON::DecSInt16& result) ", "scope": "WPEFramework::Exchange::JBluetoothAudioSink::PUSH_WARNING", "scopeKind": "function"}, {"_type": "tag", "name": "__anon7686745a0402", "path": "/home/kavia/workspace/code-generation/app-gateway2/dependencies/install/include/WPEFramework/interfaces/json/JBluetoothAudioSink.h", "pattern": "/^                [_impl_](Core::JSON::EnumType<Exchange::IBluetoothAudioSink::state>& result) -> /", "file": true, "language": "C++", "typeref": "typename:uint32_t", "kind": "function", "signature": "(Core::JSON::EnumType<Exchange::IBluetoothAudioSink::state>& result) ", "scope": "WPEFramework::Exchange::JBluetoothAudioSink::PUSH_WARNING", "scopeKind": "function"}, {"_type": "tag", "name": "__anon7686745a0502", "path": "/home/kavia/workspace/code-generation/app-gateway2/dependencies/install/include/WPEFramework/interfaces/json/JBluetoothAudioSink.h", "pattern": "/^                [_impl_](Core::JSON::EnumType<Exchange::IBluetoothAudioSink::devicetype>& result/", "file": true, "language": "C++", "typeref": "typename:uint32_t", "kind": "function", "signature": "(Core::JSON::EnumType<Exchange::IBluetoothAudioSink::devicetype>& result) ", "scope": "WPEFramework::Exchange::JBluetoothAudioSink::PUSH_WARNING", "scopeKind": "function"}, {"_type": "tag", "name": "__anon7686745a0602", "path": "/home/kavia/workspace/code-generation/app-gateway2/dependencies/install/include/WPEFramework/interfaces/json/JBluetoothAudioSink.h", "pattern": "/^                [_impl_](Core::JSON::ArrayType<Core::JSON::EnumType<Exchange::IBluetoothAudioSin/", "file": true, "language": "C++", "typeref": "typename:uint32_t", "kind": "function", "signature": "(Core::JSON::ArrayType<Core::JSON::EnumType<Exchange::IBluetoothAudioSink::audiocodec>>& result) ", "scope": "WPEFramework::Exchange::JBluetoothAudioSink::PUSH_WARNING", "scopeKind": "function"}, {"_type": "tag", "name": "__anon7686745a0702", "path": "/home/kavia/workspace/code-generation/app-gateway2/dependencies/install/include/WPEFramework/interfaces/json/JBluetoothAudioSink.h", "pattern": "/^                [_impl_](Core::JSON::ArrayType<Core::JSON::EnumType<Exchange::IBluetoothAudioSin/", "file": true, "language": "C++", "typeref": "typename:uint32_t", "kind": "function", "signature": "(Core::JSON::ArrayType<Core::JSON::EnumType<Exchange::IBluetoothAudioSink::drmscheme>>& result) ", "scope": "WPEFramework::Exchange::JBluetoothAudioSink::PUSH_WARNING", "scopeKind": "function"}, {"_type": "tag", "name": "__anon7686745a0802", "path": "/home/kavia/workspace/code-generation/app-gateway2/dependencies/install/include/WPEFramework/interfaces/json/JBluetoothAudioSink.h", "pattern": "/^                [_impl_](JsonData::BluetoothAudioSink::CodecPropertiesData& result) -> uint32_t /", "file": true, "language": "C++", "typeref": "typename:uint32_t", "kind": "function", "signature": "(JsonData::BluetoothAudioSink::CodecPropertiesData& result) ", "scope": "WPEFramework::Exchange::JBluetoothAudioSink::PUSH_WARNING", "scopeKind": "function"}, {"_type": "tag", "name": "__anon7686745a0902", "path": "/home/kavia/workspace/code-generation/app-gateway2/dependencies/install/include/WPEFramework/interfaces/json/JBluetoothAudioSink.h", "pattern": "/^                [_impl_](JsonData::BluetoothAudioSink::DRMPropertiesData& result) -> uint32_t {$/", "file": true, "language": "C++", "typeref": "typename:uint32_t", "kind": "function", "signature": "(JsonData::BluetoothAudioSink::DRMPropertiesData& result) ", "scope": "WPEFramework::Exchange::JBluetoothAudioSink::PUSH_WARNING", "scopeKind": "function"}, {"_type": "tag", "name": "__anon7686745a0a02", "path": "/home/kavia/workspace/code-generation/app-gateway2/dependencies/install/include/WPEFramework/interfaces/json/JBluetoothAudioSink.h", "pattern": "/^                [_impl_](JsonData::BluetoothAudioSink::StreamPropertiesData& result) -> uint32_t/", "file": true, "language": "C++", "typeref": "typename:uint32_t", "kind": "function", "signature": "(JsonData::BluetoothAudioSink::StreamPropertiesData& result) ", "scope": "WPEFramework::Exchange::JBluetoothAudioSink::PUSH_WARNING", "scopeKind": "function"}], "hash": "f52364b953626de3cefd029b82e9de14", "format-version": 4, "code-base-name": "app-gateway2", "filename": "dependencies/install/include/WPEFramework/interfaces/json/JBluetoothAudioSink.h", "fields": [{"name": "uint8_t Major", "scope": "WPEFramework::Exchange::JBluetoothAudioSink::Version", "scopeKind": "namespace", "description": "unavailable"}, {"name": "uint8_t Minor", "scope": "WPEFramework::Exchange::JBluetoothAudioSink::Version", "scopeKind": "namespace", "description": "unavailable"}, {"name": "uint8_t Patch", "scope": "WPEFramework::Exchange::JBluetoothAudioSink::Version", "scopeKind": "namespace", "description": "unavailable"}], "revision_history": [{"17203": "0f87a35b32215bc8547fb583d6c84bd51f603f69"}]}