{"is_source_file": true, "format": "C++", "description": "This file defines the VirtualInput class and related classes for handling virtual input events (keyboard, mouse, touch) in the WPEFramework PluginHost namespace. It includes nested classes for key mapping, event timers, and IPC communication, with specific implementations for Linux keyboard input and IPC-based input handling.", "external_files": ["Module.h", "IVirtualInput.h"], "external_methods": ["Core::IDispatch::Dispatch()", "Core::Time::Now()", "Core::WorkerPool::Instance().Revoke()", "Core::WorkerPool::Instance().Schedule()"], "published": ["VirtualInput", "VirtualInput::KeyMap", "VirtualInput::INotifier", "LinuxKeyboardInput", "IPCUserInput", "InputHandler"], "classes": [{"name": "VirtualInput", "description": "Abstract base class for handling various types of input events (keyboard, mouse, touch), managing key mappings, consumers, and notifying registered callbacks."}, {"name": "VirtualInput::RepeatKeyTimer", "description": "Handles key repeat timing and scheduling within VirtualInput using Core::IDispatch interface."}, {"name": "VirtualInput::KeyMap", "description": "Manages key code to key and modifier conversions, including import/export of mappings and pass-through mode."}, {"name": "VirtualInput::KeyMap::KeyMapEntry", "description": "JSON container for individual keymap entries, including code, key, and modifiers."}, {"name": "VirtualInput::IPanel", "description": "Interface for input event notification callbacks."}, {"name": "LinuxKeyboardInput", "description": "Linux-specific implementation of VirtualInput, managing the /dev/input device for keyboard events."}, {"name": "IPCUserInput", "description": "Implementation of VirtualInput that communicates over IPC channels, supports remote input handling with post lookup mappings."}, {"name": "InputHandler", "description": "Utility class to initialize and deinitialize input handling either via IPC or Linux device."}], "methods": [{"name": "VirtualInput::RepeatKey", "description": "Triggers a repeat event for a specific key code."}, {"name": "VirtualInput::MapChanges", "description": "Virtual method to handle key mapping changes."}, {"name": "VirtualInput::LookupChanges", "description": "Virtual method to handle lookup change notifications."}, {"name": "VirtualInput::Send", "description": "Pure virtual methods to send key, mouse, and touch input events."}, {"name": "bool Add(const uint32_t code,const uint16_t key,const uint16_t modifiers)", "scope": "WPEFramework::PluginHost::VirtualInput::KeyMap", "scopeKind": "class", "description": "unavailable"}, {"name": "void AddReference()", "scope": "WPEFramework::PluginHost::VirtualInput::RepeatKeyTimer", "scopeKind": "class", "description": "unavailable"}, {"name": "void Added(Core::ProxyType<Client> & client)", "scope": "WPEFramework::PluginHost::IPCUserInput::VirtualInputChannelServer", "scopeKind": "class", "description": "unavailable"}, {"name": "void Arm(const uint32_t code)", "scope": "WPEFramework::PluginHost::VirtualInput::RepeatKeyTimer", "scopeKind": "class", "description": "unavailable"}, {"name": "void ClearKeyMap()", "scope": "WPEFramework::PluginHost::VirtualInput", "scopeKind": "class", "description": "unavailable"}, {"name": "void ClearTable(const string & name)", "scope": "WPEFramework::PluginHost::VirtualInput", "scopeKind": "class", "description": "unavailable"}, {"name": "const std::list<string> Container() const", "scope": "WPEFramework::PluginHost::VirtualInput::Iterator", "scopeKind": "class", "description": "unavailable"}, {"name": "Conversion()", "scope": "WPEFramework::PluginHost::VirtualInput::PostLookupTable::Conversion", "scopeKind": "class", "description": "unavailable"}, {"name": "Conversion(const Conversion & copy)", "scope": "WPEFramework::PluginHost::VirtualInput::PostLookupTable::Conversion", "scopeKind": "class", "description": "unavailable"}, {"name": "void Default(const string & table)", "scope": "WPEFramework::PluginHost::VirtualInput", "scopeKind": "class", "description": "unavailable"}, {"name": "void Deinitialize()", "scope": "WPEFramework::PluginHost::InputHandler", "scopeKind": "class", "description": "unavailable"}, {"name": "void Delete(const uint32_t code)", "scope": "WPEFramework::PluginHost::VirtualInput::KeyMap", "scopeKind": "class", "description": "unavailable"}, {"name": "void Dispatch()", "scope": "WPEFramework::PluginHost::VirtualInput::RepeatKeyTimer", "scopeKind": "class", "description": "unavailable"}, {"name": "void Dispatch(Core::IIPC & element)", "scope": "WPEFramework::PluginHost::IPCUserInput::InputDataLink", "scopeKind": "class", "description": "unavailable"}, {"name": "void DropReference()", "scope": "WPEFramework::PluginHost::VirtualInput::RepeatKeyTimer", "scopeKind": "class", "description": "unavailable"}, {"name": "bool Enable() const", "scope": "WPEFramework::PluginHost::IPCUserInput::InputDataLink", "scopeKind": "class", "description": "unavailable"}, {"name": "void Enable(const bool enabled)", "scope": "WPEFramework::PluginHost::IPCUserInput::InputDataLink", "scopeKind": "class", "description": "unavailable"}, {"name": "const PostLookupEntries * FindPostLookup(const string & linkName) const", "scope": "WPEFramework::PluginHost::VirtualInput", "scopeKind": "class", "description": "unavailable"}, {"name": "VirtualInput * Handler()", "scope": "WPEFramework::PluginHost::InputHandler", "scopeKind": "class", "description": "unavailable"}, {"name": "void Initialize(const type t,const string & locator,const bool enabled)", "scope": "WPEFramework::PluginHost::InputHandler", "scopeKind": "class", "description": "unavailable"}, {"name": "InputDataLink(Core::IPCChannelType<Core::SocketPort,InputDataLink> *)", "scope": "WPEFramework::PluginHost::IPCUserInput::InputDataLink", "scopeKind": "class", "description": "unavailable"}, {"name": "void Interval(const uint16_t startTime,const uint16_t intervalTime)", "scope": "WPEFramework::PluginHost::VirtualInput::RepeatKeyTimer", "scopeKind": "class", "description": "unavailable"}, {"name": "void Interval(const uint16_t startTime,const uint16_t intervalTime,const uint16_t limit)", "scope": "WPEFramework::PluginHost::VirtualInput", "scopeKind": "class", "description": "unavailable"}, {"name": "Core::ProxyType<Core::IIPC> InvokeAllowed(const Core::ProxyType<Core::IIPC> & element) const", "scope": "WPEFramework::PluginHost::IPCUserInput::InputDataLink", "scopeKind": "class", "description": "unavailable"}, {"name": "bool IsValid() const", "scope": "WPEFramework::PluginHost::VirtualInput::Iterator", "scopeKind": "class", "description": "unavailable"}, {"name": "Iterator()", "scope": "WPEFramework::PluginHost::VirtualInput::Iterator", "scopeKind": "class", "description": "unavailable"}, {"name": "Iterator(const Iterator & copy)", "scope": "WPEFramework::PluginHost::VirtualInput::Iterator", "scopeKind": "class", "description": "unavailable"}, {"name": "Iterator(const std::list<string> && consumer)", "scope": "WPEFramework::PluginHost::VirtualInput::Iterator", "scopeKind": "class", "description": "unavailable"}, {"name": "Iterator(const string & consumer)", "scope": "WPEFramework::PluginHost::VirtualInput::Iterator", "scopeKind": "class", "description": "unavailable"}, {"name": "KeyCode()", "scope": "WPEFramework::PluginHost::VirtualInput::PostLookupTable::Conversion::KeyCode", "scopeKind": "class", "description": "unavailable"}, {"name": "KeyCode(const KeyCode & copy)", "scope": "WPEFramework::PluginHost::VirtualInput::PostLookupTable::Conversion::KeyCode", "scopeKind": "class", "description": "unavailable"}, {"name": "KeyMap(VirtualInput & parent)", "scope": "WPEFramework::PluginHost::VirtualInput::KeyMap", "scopeKind": "class", "description": "unavailable"}, {"name": "KeyMapEntry()", "scope": "WPEFramework::PluginHost::VirtualInput::KeyMap::KeyMapEntry", "scopeKind": "class", "description": "unavailable"}, {"name": "KeyMapEntry(const KeyMapEntry & copy)", "scope": "WPEFramework::PluginHost::VirtualInput::KeyMap::KeyMapEntry", "scopeKind": "class", "description": "unavailable"}, {"name": "bool Modifier(uint16_t code)", "scope": "WPEFramework::PluginHost::VirtualInput", "scopeKind": "class", "description": "unavailable"}, {"name": "uint16_t Modifiers(const Core::JSON::ArrayType<Core::JSON::EnumType<KeyMap::modifier>> & modifiers) const", "scope": "WPEFramework::PluginHost::VirtualInput", "scopeKind": "class", "description": "unavailable"}, {"name": "bool Modify(const uint32_t code,const uint16_t key,const uint16_t modifiers)", "scope": "WPEFramework::PluginHost::VirtualInput::KeyMap", "scopeKind": "class", "description": "unavailable"}, {"name": "const string & Name() const", "scope": "WPEFramework::PluginHost::IPCUserInput::InputDataLink", "scopeKind": "class", "description": "unavailable"}, {"name": "bool Next()", "scope": "WPEFramework::PluginHost::VirtualInput::Iterator", "scopeKind": "class", "description": "unavailable"}], "calls": ["Core::WorkerPool::Instance().Revoke()", "Core::WorkerPool::Instance().Schedule()", "Core::Time::Now()"], "search-terms": ["VirtualInput", "KeyMapEntry", "RepeatKeyTimer", "IPCHardware", "IPCUserInput", "/dev/input", "LinuxKeyboardInput", "IPCChannelServer", "InputHandler", "MappingTables"], "state": 2, "file_id": 8676, "knowledge_revision": 17390, "git_revision": "0f87a35b32215bc8547fb583d6c84bd51f603f69", "ctags": [{"_type": "tag", "name": "Add", "path": "/home/kavia/workspace/code-generation/app-gateway2/dependencies/install/include/WPEFramework/plugins/VirtualInput.h", "pattern": "/^            inline bool Add(const uint32_t code, const uint16_t key, const uint16_t modifiers)$/", "language": "C++", "typeref": "typename:bool", "kind": "function", "signature": "(const uint32_t code,const uint16_t key,const uint16_t modifiers)", "scope": "WPEFramework::PluginHost::VirtualInput::KeyMap", "scopeKind": "class"}, {"_type": "tag", "name": "AddReference", "path": "/home/kavia/workspace/code-generation/app-gateway2/dependencies/install/include/WPEFramework/plugins/VirtualInput.h", "pattern": "/^            void AddReference()$/", "language": "C++", "typeref": "typename:void", "kind": "function", "signature": "()", "scope": "WPEFramework::PluginHost::VirtualInput::RepeatKeyTimer", "scopeKind": "class"}, {"_type": "tag", "name": "Added", "path": "/home/kavia/workspace/code-generation/app-gateway2/dependencies/install/include/WPEFramework/plugins/VirtualInput.h", "pattern": "/^            void Added(Core::ProxyType<Client>& client) override$/", "language": "C++", "typeref": "typename:void", "kind": "function", "signature": "(Core::ProxyType<Client> & client)", "scope": "WPEFramework::PluginHost::IPCUserInput::VirtualInputChannelServer", "scopeKind": "class"}, {"_type": "tag", "name": "Arm", "path": "/home/kavia/workspace/code-generation/app-gateway2/dependencies/install/include/WPEFramework/plugins/VirtualInput.h", "pattern": "/^            void Arm(const uint32_t code)$/", "language": "C++", "typeref": "typename:void", "kind": "function", "signature": "(const uint32_t code)", "scope": "WPEFramework::PluginHost::VirtualInput::RepeatKeyTimer", "scopeKind": "class"}, {"_type": "tag", "name": "BaseClass", "path": "/home/kavia/workspace/code-generation/app-gateway2/dependencies/install/include/WPEFramework/plugins/VirtualInput.h", "pattern": "/^            using BaseClass = Core::IPCChannelServerType<InputDataLink, true>;$/", "language": "C++", "typeref": "typename:Core::IPCChannelServerType<InputDataLink,true>", "kind": "typedef", "scope": "WPEFramework::PluginHost::IPCUserInput::VirtualInputChannelServer", "scopeKind": "class"}, {"_type": "tag", "name": "ChangeIterator", "path": "/home/kavia/workspace/code-generation/app-gateway2/dependencies/install/include/WPEFramework/plugins/VirtualInput.h", "pattern": "/^        typedef Core::IteratorMapType<const std::map<uint16_t, int16_t>, uint16_t, int16_t, std:/", "language": "C++", "typeref": "typename:Core::IteratorMapType<const std::map<uint16_t,int16_t>,uint16_t,int16_t,std::map<uint16_t,int16_t>::const_iterator>", "kind": "typedef", "scope": "WPEFramework::PluginHost::VirtualInput", "scopeKind": "class"}, {"_type": "tag", "name": "ClearKeyMap", "path": "/home/kavia/workspace/code-generation/app-gateway2/dependencies/install/include/WPEFramework/plugins/VirtualInput.h", "pattern": "/^            void ClearKeyMap()$/", "language": "C++", "typeref": "typename:void", "kind": "function", "signature": "()", "scope": "WPEFramework::PluginHost::VirtualInput::KeyMap", "scopeKind": "class"}, {"_type": "tag", "name": "ClearKeyMap", "path": "/home/kavia/workspace/code-generation/app-gateway2/dependencies/install/include/WPEFramework/plugins/VirtualInput.h", "pattern": "/^        inline void ClearKeyMap()$/", "language": "C++", "typeref": "typename:void", "kind": "function", "signature": "()", "scope": "WPEFramework::PluginHost::VirtualInput", "scopeKind": "class"}, {"_type": "tag", "name": "ClearTable", "path": "/home/kavia/workspace/code-generation/app-gateway2/dependencies/install/include/WPEFramework/plugins/VirtualInput.h", "pattern": "/^        inline void ClearTable(const string& name)$/", "language": "C++", "typeref": "typename:void", "kind": "function", "signature": "(const string & name)", "scope": "WPEFramework::PluginHost::VirtualInput", "scopeKind": "class"}, {"_type": "tag", "name": "Code", "path": "/home/kavia/workspace/code-generation/app-gateway2/dependencies/install/include/WPEFramework/plugins/VirtualInput.h", "pattern": "/^                    Core::JSON::DecUInt16 Code;$/", "language": "C++", "typeref": "typename:Core::JSON::DecUInt16", "kind": "member", "scope": "WPEFramework::PluginHost::VirtualInput::PostLookupTable::Conversion::KeyCode", "scopeKind": "class"}, {"_type": "tag", "name": "Code", "path": "/home/kavia/workspace/code-generation/app-gateway2/dependencies/install/include/WPEFramework/plugins/VirtualInput.h", "pattern": "/^                Core::JSON::HexUInt32 Code;$/", "language": "C++", "typeref": "typename:Core::JSON::HexUInt32", "kind": "member", "scope": "WPEFramework::PluginHost::VirtualInput::KeyMap::KeyMapEntry", "scopeKind": "class"}, {"_type": "tag", "name": "Code", "path": "/home/kavia/workspace/code-generation/app-gateway2/dependencies/install/include/WPEFramework/plugins/VirtualInput.h", "pattern": "/^                uint16_t Code;$/", "language": "C++", "typeref": "typename:uint16_t", "kind": "member", "scope": "WPEFramework::PluginHost::VirtualInput::KeyMap::ConversionInfo", "scopeKind": "struct"}, {"_type": "tag", "name": "Container", "path": "/home/kavia/workspace/code-generation/app-gateway2/dependencies/install/include/WPEFramework/plugins/VirtualInput.h", "pattern": "/^            const std::list<string> Container() const {$/", "language": "C++", "typeref": "typename:const std::list<string>", "kind": "function", "signature": "() const", "scope": "WPEFramework::PluginHost::VirtualInput::Iterator", "scopeKind": "class"}, {"_type": "tag", "name": "Conversion", "path": "/home/kavia/workspace/code-generation/app-gateway2/dependencies/install/include/WPEFramework/plugins/VirtualInput.h", "pattern": "/^                Conversion()$/", "language": "C++", "kind": "function", "signature": "()", "scope": "WPEFramework::PluginHost::VirtualInput::PostLookupTable::Conversion", "scopeKind": "class"}, {"_type": "tag", "name": "Conversion", "path": "/home/kavia/workspace/code-generation/app-gateway2/dependencies/install/include/WPEFramework/plugins/VirtualInput.h", "pattern": "/^                Conversion(const Conversion& copy)$/", "language": "C++", "kind": "function", "signature": "(const Conversion & copy)", "scope": "WPEFramework::PluginHost::VirtualInput::PostLookupTable::Conversion", "scopeKind": "class"}, {"_type": "tag", "name": "Conversion", "path": "/home/kavia/workspace/code-generation/app-gateway2/dependencies/install/include/WPEFramework/plugins/VirtualInput.h", "pattern": "/^            class Conversion : public Core::JSON::Container {$/", "language": "C++", "kind": "class", "scope": "WPEFramework::PluginHost::VirtualInput::PostLookupTable", "scopeKind": "class"}, {"_type": "tag", "name": "ConversionInfo", "path": "/home/kavia/workspace/code-generation/app-gateway2/dependencies/install/include/WPEFramework/plugins/VirtualInput.h", "pattern": "/^            struct ConversionInfo {$/", "language": "C++", "kind": "struct", "scope": "WPEFramework::PluginHost::VirtualInput::KeyMap", "scopeKind": "class"}, {"_type": "tag", "name": "Conversions", "path": "/home/kavia/workspace/code-generation/app-gateway2/dependencies/install/include/WPEFramework/plugins/VirtualInput.h", "pattern": "/^            Core::JSON::ArrayType<Conversion> Conversions;$/", "language": "C++", "typeref": "typename:Core::JSON::ArrayType<Conversion>", "kind": "member", "scope": "WPEFramework::PluginHost::VirtualInput::PostLookupTable", "scopeKind": "class"}, {"_type": "tag", "name": "Core", "path": "/home/kavia/workspace/code-generation/app-gateway2/dependencies/install/include/WPEFramework/plugins/VirtualInput.h", "pattern": "/^namespace Core {$/", "language": "C++", "kind": "namespace", "scope": "WPEFramework", "scopeKind": "namespace"}, {"_type": "tag", "name": "DEVICE", "path": "/home/kavia/workspace/code-generation/app-gateway2/dependencies/install/include/WPEFramework/plugins/VirtualInput.h", "pattern": "/^            DEVICE,$/", "language": "C++", "kind": "enumerator", "scope": "WPEFramework::PluginHost::InputHandler::type", "scopeKind": "enum"}, {"_type": "tag", "name": "Default", "path": "/home/kavia/workspace/code-generation/app-gateway2/dependencies/install/include/WPEFramework/plugins/VirtualInput.h", "pattern": "/^        void Default(const string& table)$/", "language": "C++", "typeref": "typename:void", "kind": "function", "signature": "(const string & table)", "scope": "WPEFramework::PluginHost::VirtualInput", "scopeKind": "class"}, {"_type": "tag", "name": "Deinitialize", "path": "/home/kavia/workspace/code-generation/app-gateway2/dependencies/install/include/WPEFramework/plugins/VirtualInput.h", "pattern": "/^        void Deinitialize()$/", "language": "C++", "typeref": "typename:void", "kind": "function", "signature": "()", "scope": "WPEFramework::PluginHost::InputHandler", "scopeKind": "class"}, {"_type": "tag", "name": "Delete", "path": "/home/kavia/workspace/code-generation/app-gateway2/dependencies/install/include/WPEFramework/plugins/VirtualInput.h", "pattern": "/^            inline void Delete(const uint32_t code)$/", "language": "C++", "typeref": "typename:void", "kind": "function", "signature": "(const uint32_t code)", "scope": "WPEFramework::PluginHost::VirtualInput::KeyMap", "scopeKind": "class"}, {"_type": "tag", "name": "Dispatch", "path": "/home/kavia/workspace/code-generation/app-gateway2/dependencies/install/include/WPEFramework/plugins/VirtualInput.h", "pattern": "/^            void Dispatch() override$/", "language": "C++", "typeref": "typename:void", "kind": "function", "signature": "()", "scope": "WPEFramework::PluginHost::VirtualInput::RepeatKeyTimer", "scopeKind": "class"}, {"_type": "tag", "name": "Dispatch", "path": "/home/kavia/workspace/code-generation/app-gateway2/dependencies/install/include/WPEFramework/plugins/VirtualInput.h", "pattern": "/^            void Dispatch(Core::IIPC& element) override$/", "language": "C++", "typeref": "typename:void", "kind": "function", "signature": "(Core::IIPC & element)", "scope": "WPEFramework::PluginHost::IPCUserInput::InputDataLink", "scopeKind": "class"}, {"_type": "tag", "name": "DropReference", "path": "/home/kavia/workspace/code-generation/app-gateway2/dependencies/install/include/WPEFramework/plugins/VirtualInput.h", "pattern": "/^            void DropReference()$/", "language": "C++", "typeref": "typename:void", "kind": "function", "signature": "()", "scope": "WPEFramework::PluginHost::VirtualInput::RepeatKeyTimer", "scopeKind": "class"}, {"_type": "tag", "name": "Enable", "path": "/home/kavia/workspace/code-generation/app-gateway2/dependencies/install/include/WPEFramework/plugins/VirtualInput.h", "pattern": "/^            bool Enable() const$/", "language": "C++", "typeref": "typename:bool", "kind": "function", "signature": "() const", "scope": "WPEFramework::PluginHost::IPCUserInput::InputDataLink", "scopeKind": "class"}, {"_type": "tag", "name": "Enable", "path": "/home/kavia/workspace/code-generation/app-gateway2/dependencies/install/include/WPEFramework/plugins/VirtualInput.h", "pattern": "/^            void Enable(const bool enabled)$/", "language": "C++", "typeref": "typename:void", "kind": "function", "signature": "(const bool enabled)", "scope": "WPEFramework::PluginHost::IPCUserInput::InputDataLink", "scopeKind": "class"}, {"_type": "tag", "name": "FindPostLookup", "path": "/home/kavia/workspace/code-generation/app-gateway2/dependencies/install/include/WPEFramework/plugins/VirtualInput.h", "pattern": "/^        inline const PostLookupEntries* FindPostLookup(const string& linkName) const$/", "language": "C++", "typeref": "typename:const PostLookupEntries *", "kind": "function", "signature": "(const string & linkName) const", "scope": "WPEFramework::PluginHost::VirtualInput", "scopeKind": "class"}, {"_type": "tag", "name": "Handler", "path": "/home/kavia/workspace/code-generation/app-gateway2/dependencies/install/include/WPEFramework/plugins/VirtualInput.h", "pattern": "/^        static VirtualInput* Handler()$/", "language": "C++", "typeref": "typename:VirtualInput *", "kind": "function", "signature": "()", "scope": "WPEFramework::PluginHost::InputHandler", "scopeKind": "class"}, {"_type": "tag", "name": "INotifier", "path": "/home/kavia/workspace/code-generation/app-gateway2/dependencies/install/include/WPEFramework/plugins/VirtualInput.h", "pattern": "/^        struct EXTERNAL INotifier {$/", "language": "C++", "kind": "struct", "scope": "WPEFramework::PluginHost::VirtualInput", "scopeKind": "class"}, {"_type": "tag", "name": "IPCUserInput", "path": "/home/kavia/workspace/code-generation/app-gateway2/dependencies/install/include/WPEFramework/plugins/VirtualInput.h", "pattern": "/^    class EXTERNAL IPCUserInput : public VirtualInput {$/", "language": "C++", "kind": "class", "scope": "WPEFramework::PluginHost", "scopeKind": "namespace"}, {"_type": "tag", "name": "In", "path": "/home/kavia/workspace/code-generation/app-gateway2/dependencies/install/include/WPEFramework/plugins/VirtualInput.h", "pattern": "/^                KeyCode In;$/", "language": "C++", "typeref": "typename:KeyCode", "kind": "member", "scope": "WPEFramework::PluginHost::VirtualInput::PostLookupTable::Conversion", "scopeKind": "class"}, {"_type": "tag", "name": "Initialize", "path": "/home/kavia/workspace/code-generation/app-gateway2/dependencies/install/include/WPEFramework/plugins/VirtualInput.h", "pattern": "/^        void Initialize(const type t, const string& locator, const bool enabled)$/", "language": "C++", "typeref": "typename:void", "kind": "function", "signature": "(const type t,const string & locator,const bool enabled)", "scope": "WPEFramework::PluginHost::InputHandler", "scopeKind": "class"}, {"_type": "tag", "name": "InputDataLink", "path": "/home/kavia/workspace/code-generation/app-gateway2/dependencies/install/include/WPEFramework/plugins/VirtualInput.h", "pattern": "/^            InputDataLink(Core::IPCChannelType<Core::SocketPort, InputDataLink>*)$/", "language": "C++", "kind": "function", "signature": "(Core::IPCChannelType<Core::SocketPort,InputDataLink> *)", "scope": "WPEFramework::PluginHost::IPCUserInput::InputDataLink", "scopeKind": "class"}, {"_type": "tag", "name": "InputDataLink", "path": "/home/kavia/workspace/code-generation/app-gateway2/dependencies/install/include/WPEFramework/plugins/VirtualInput.h", "pattern": "/^        class EXTERNAL InputDataLink : public Core::IDispatchType<Core::IIPC> {$/", "language": "C++", "kind": "class", "scope": "WPEFramework::PluginHost::IPCUserInput", "scopeKind": "class"}, {"_type": "tag", "name": "InputHandler", "path": "/home/kavia/workspace/code-generation/app-gateway2/dependencies/install/include/WPEFramework/plugins/VirtualInput.h", "pattern": "/^    class EXTERNAL InputHandler {$/", "language": "C++", "kind": "class", "scope": "WPEFramework::PluginHost", "scopeKind": "namespace"}, {"_type": "tag", "name": "Interval", "path": "/home/kavia/workspace/code-generation/app-gateway2/dependencies/install/include/WPEFramework/plugins/VirtualInput.h", "pattern": "/^            void Interval(const uint16_t startTime, const uint16_t intervalTime)$/", "language": "C++", "typeref": "typename:void", "kind": "function", "signature": "(const uint16_t startTime,const uint16_t intervalTime)", "scope": "WPEFramework::PluginHost::VirtualInput::RepeatKeyTimer", "scopeKind": "class"}, {"_type": "tag", "name": "Interval", "path": "/home/kavia/workspace/code-generation/app-gateway2/dependencies/install/include/WPEFramework/plugins/VirtualInput.h", "pattern": "/^        inline void Interval(const uint16_t startTime, const uint16_t intervalTime, const uint16/", "language": "C++", "typeref": "typename:void", "kind": "function", "signature": "(const uint16_t startTime,const uint16_t intervalTime,const uint16_t limit)", "scope": "WPEFramework::PluginHost::VirtualInput", "scopeKind": "class"}, {"_type": "tag", "name": "InvokeAllowed", "path": "/home/kavia/workspace/code-generation/app-gateway2/dependencies/install/include/WPEFramework/plugins/VirtualInput.h", "pattern": "/^            Core::ProxyType<Core::IIPC> InvokeAllowed(const Core::ProxyType<Core::IIPC>& element/", "language": "C++", "typeref": "typename:Core::ProxyType<Core::IIPC>", "kind": "function", "signature": "(const Core::ProxyType<Core::IIPC> & element) const", "scope": "WPEFramework::PluginHost::IPCUserInput::InputDataLink", "scopeKind": "class"}, {"_type": "tag", "name": "IsValid", "path": "/home/kavia/workspace/code-generation/app-gateway2/dependencies/install/include/WPEFramework/plugins/VirtualInput.h", "pattern": "/^            bool IsValid() const$/", "language": "C++", "typeref": "typename:bool", "kind": "function", "signature": "() const", "scope": "WPEFramework::PluginHost::VirtualInput::Iterator", "scopeKind": "class"}, {"_type": "tag", "name": "Iterator", "path": "/home/kavia/workspace/code-generation/app-gateway2/dependencies/install/include/WPEFramework/plugins/VirtualInput.h", "pattern": "/^            Iterator()$/", "language": "C++", "kind": "function", "signature": "()", "scope": "WPEFramework::PluginHost::VirtualInput::Iterator", "scopeKind": "class"}, {"_type": "tag", "name": "Iterator", "path": "/home/kavia/workspace/code-generation/app-gateway2/dependencies/install/include/WPEFramework/plugins/VirtualInput.h", "pattern": "/^            Iterator(const Iterator& copy)$/", "language": "C++", "kind": "function", "signature": "(const Iterator & copy)", "scope": "WPEFramework::PluginHost::VirtualInput::Iterator", "scopeKind": "class"}, {"_type": "tag", "name": "Iterator", "path": "/home/kavia/workspace/code-generation/app-gateway2/dependencies/install/include/WPEFramework/plugins/VirtualInput.h", "pattern": "/^            Iterator(const std::list<string>&& consumer)$/", "language": "C++", "kind": "function", "signature": "(const std::list<string> && consumer)", "scope": "WPEFramework::PluginHost::VirtualInput::Iterator", "scopeKind": "class"}, {"_type": "tag", "name": "Iterator", "path": "/home/kavia/workspace/code-generation/app-gateway2/dependencies/install/include/WPEFramework/plugins/VirtualInput.h", "pattern": "/^            Iterator(const string& consumer)$/", "language": "C++", "kind": "function", "signature": "(const string & consumer)", "scope": "WPEFramework::PluginHost::VirtualInput::Iterator", "scopeKind": "class"}, {"_type": "tag", "name": "Iterator", "path": "/home/kavia/workspace/code-generation/app-gateway2/dependencies/install/include/WPEFramework/plugins/VirtualInput.h", "pattern": "/^            typedef Core::IteratorMapType<const LookupMap, const ConversionInfo&, uint32_t, Look/", "language": "C++", "typeref": "typename:Core::IteratorMapType<const LookupMap,const ConversionInfo &,uint32_t,LookupMap::const_iterator>", "kind": "typedef", "scope": "WPEFramework::PluginHost::VirtualInput::KeyMap", "scopeKind": "class"}, {"_type": "tag", "name": "Iterator", "path": "/home/kavia/workspace/code-generation/app-gateway2/dependencies/install/include/WPEFramework/plugins/VirtualInput.h", "pattern": "/^        class EXTERNAL Iterator {$/", "language": "C++", "kind": "class", "scope": "WPEFramework::PluginHost::VirtualInput", "scopeKind": "class"}, {"_type": "tag", "name": "JSONModifier", "path": "/home/kavia/workspace/code-generation/app-gateway2/dependencies/install/include/WPEFramework/plugins/VirtualInput.h", "pattern": "/^            typedef Core::JSON::EnumType<modifier> JSONModifier;$/", "language": "C++", "typeref": "typename:Core::JSON::EnumType<modifier>", "kind": "typedef", "scope": "WPEFramework::PluginHost::VirtualInput::KeyMap", "scopeKind": "class"}, {"_type": "tag", "name": "Key", "path": "/home/kavia/workspace/code-generation/app-gateway2/dependencies/install/include/WPEFramework/plugins/VirtualInput.h", "pattern": "/^                Core::JSON::DecUInt16 Key;$/", "language": "C++", "typeref": "typename:Core::JSON::DecUInt16", "kind": "member", "scope": "WPEFramework::PluginHost::VirtualInput::KeyMap::KeyMapEntry", "scopeKind": "class"}, {"_type": "tag", "name": "KeyCode", "path": "/home/kavia/workspace/code-generation/app-gateway2/dependencies/install/include/WPEFramework/plugins/VirtualInput.h", "pattern": "/^                    KeyCode()$/", "language": "C++", "kind": "function", "signature": "()", "scope": "WPEFramework::PluginHost::VirtualInput::PostLookupTable::Conversion::KeyCode", "scopeKind": "class"}, {"_type": "tag", "name": "KeyCode", "path": "/home/kavia/workspace/code-generation/app-gateway2/dependencies/install/include/WPEFramework/plugins/VirtualInput.h", "pattern": "/^                    KeyCode(const KeyCode& copy)$/", "language": "C++", "kind": "function", "signature": "(const KeyCode & copy)", "scope": "WPEFramework::PluginHost::VirtualInput::PostLookupTable::Conversion::KeyCode", "scopeKind": "class"}, {"_type": "tag", "name": "KeyCode", "path": "/home/kavia/workspace/code-generation/app-gateway2/dependencies/install/include/WPEFramework/plugins/VirtualInput.h", "pattern": "/^                class KeyCode : public Core::JSON::Container {$/", "language": "C++", "kind": "class", "scope": "WPEFramework::PluginHost::VirtualInput::PostLookupTable::Conversion", "scopeKind": "class"}, {"_type": "tag", "name": "KeyMap", "path": "/home/kavia/workspace/code-generation/app-gateway2/dependencies/install/include/WPEFramework/plugins/VirtualInput.h", "pattern": "/^            KeyMap(VirtualInput& parent)$/", "language": "C++", "kind": "function", "signature": "(VirtualInput & parent)", "scope": "WPEFramework::PluginHost::VirtualInput::KeyMap", "scopeKind": "class"}, {"_type": "tag", "name": "KeyMap", "path": "/home/kavia/workspace/code-generation/app-gateway2/dependencies/install/include/WPEFramework/plugins/VirtualInput.h", "pattern": "/^        class EXTERNAL KeyMap {$/", "language": "C++", "kind": "class", "scope": "WPEFramework::PluginHost::VirtualInput", "scopeKind": "class"}, {"_type": "tag", "name": "KeyMapEntry", "path": "/home/kavia/workspace/code-generation/app-gateway2/dependencies/install/include/WPEFramework/plugins/VirtualInput.h", "pattern": "/^                inline KeyMapEntry()$/", "language": "C++", "kind": "function", "signature": "()", "scope": "WPEFramework::PluginHost::VirtualInput::KeyMap::KeyMapEntry", "scopeKind": "class"}, {"_type": "tag", "name": "KeyMapEntry", "path": "/home/kavia/workspace/code-generation/app-gateway2/dependencies/install/include/WPEFramework/plugins/VirtualInput.h", "pattern": "/^                inline KeyMapEntry(const KeyMapEntry& copy)$/", "language": "C++", "kind": "function", "signature": "(const KeyMapEntry & copy)", "scope": "WPEFramework::PluginHost::VirtualInput::KeyMap::KeyMapEntry", "scopeKind": "class"}, {"_type": "tag", "name": "KeyMapEntry", "path": "/home/kavia/workspace/code-generation/app-gateway2/dependencies/install/include/WPEFramework/plugins/VirtualInput.h", "pattern": "/^            class KeyMapEntry : public Core::JSON::Container {$/", "language": "C++", "kind": "class", "scope": "WPEFramework::PluginHost::VirtualInput::KeyMap", "scopeKind": "class"}, {"_type": "tag", "name": "LEFTALT", "path": "/home/kavia/workspace/code-generation/app-gateway2/dependencies/install/include/WPEFramework/plugins/VirtualInput.h", "pattern": "/^                LEFTALT = 0x04,$/", "language": "C++", "kind": "enumerator", "scope": "WPEFramework::PluginHost::VirtualInput::KeyMap::modifier", "scopeKind": "enum"}, {"_type": "tag", "name": "LEFTALT", "path": "/home/kavia/workspace/code-generation/app-gateway2/dependencies/install/include/WPEFramework/plugins/VirtualInput.h", "pattern": "/^            LEFTALT = 8, \\/\\/  8..11 bits are for LeftAlt reference counting (max 15)$/", "language": "C++", "kind": "enumerator", "scope": "WPEFramework::PluginHost::VirtualInput::enumModifier", "scopeKind": "enum"}, {"_type": "tag", "name": "LEFTCTRL", "path": "/home/kavia/workspace/code-generation/app-gateway2/dependencies/install/include/WPEFramework/plugins/VirtualInput.h", "pattern": "/^                LEFTCTRL = 0x10,$/", "language": "C++", "kind": "enumerator", "scope": "WPEFramework::PluginHost::VirtualInput::KeyMap::modifier", "scopeKind": "enum"}, {"_type": "tag", "name": "LEFTCTRL", "path": "/home/kavia/workspace/code-generation/app-gateway2/dependencies/install/include/WPEFramework/plugins/VirtualInput.h", "pattern": "/^            LEFTCTRL = 16, \\/\\/ 16..19 bits are for LeftCtrl reference counting (max 15)$/", "language": "C++", "kind": "enumerator", "scope": "WPEFramework::PluginHost::VirtualInput::enumModifier", "scopeKind": "enum"}, {"_type": "tag", "name": "LEFTSHIFT", "path": "/home/kavia/workspace/code-generation/app-gateway2/dependencies/install/include/WPEFramework/plugins/VirtualInput.h", "pattern": "/^                LEFTSHIFT = 0x01,$/", "language": "C++", "kind": "enumerator", "scope": "WPEFramework::PluginHost::VirtualInput::KeyMap::modifier", "scopeKind": "enum"}, {"_type": "tag", "name": "LEFTSHIFT", "path": "/home/kavia/workspace/code-generation/app-gateway2/dependencies/install/include/WPEFramework/plugins/VirtualInput.h", "pattern": "/^            LEFTSHIFT = 0, \\/\\/  0..3  bits are for LeftShift reference counting (max 15)$/", "language": "C++", "kind": "enumerator", "scope": "WPEFramework::PluginHost::VirtualInput::enumModifier", "scopeKind": "enum"}, {"_type": "tag", "name": "LinuxKeyboardInput", "path": "/home/kavia/workspace/code-generation/app-gateway2/dependencies/install/include/WPEFramework/plugins/VirtualInput.h", "pattern": "/^    class EXTERNAL LinuxKeyboardInput : public VirtualInput {$/", "language": "C++", "kind": "class", "scope": "WPEFramework::PluginHost", "scopeKind": "namespace"}, {"_type": "tag", "name": "LookupMap", "path": "/home/kavia/workspace/code-generation/app-gateway2/dependencies/install/include/WPEFramework/plugins/VirtualInput.h", "pattern": "/^            typedef std::map<const uint32_t, const ConversionInfo> LookupMap;$/", "language": "C++", "typeref": "typename:std::map<const uint32_t,const ConversionInfo>", "kind": "typedef", "scope": "WPEFramework::PluginHost::VirtualInput::KeyMap", "scopeKind": "class"}, {"_type": "tag", "name": "Modifier", "path": "/home/kavia/workspace/code-generation/app-gateway2/dependencies/install/include/WPEFramework/plugins/VirtualInput.h", "pattern": "/^        inline bool Modifier(uint16_t code)$/", "language": "C++", "typeref": "typename:bool", "kind": "function", "signature": "(uint16_t code)", "scope": "WPEFramework::PluginHost::VirtualInput", "scopeKind": "class"}, {"_type": "tag", "name": "Modifiers", "path": "/home/kavia/workspace/code-generation/app-gateway2/dependencies/install/include/WPEFramework/plugins/VirtualInput.h", "pattern": "/^                Core::JSON::ArrayType<JSONModifier> Modifiers;$/", "language": "C++", "typeref": "typename:Core::JSON::ArrayType<JSONModifier>", "kind": "member", "scope": "WPEFramework::PluginHost::VirtualInput::KeyMap::KeyMapEntry", "scopeKind": "class"}, {"_type": "tag", "name": "Modifiers", "path": "/home/kavia/workspace/code-generation/app-gateway2/dependencies/install/include/WPEFramework/plugins/VirtualInput.h", "pattern": "/^                uint16_t Modifiers;$/", "language": "C++", "typeref": "typename:uint16_t", "kind": "member", "scope": "WPEFramework::PluginHost::VirtualInput::KeyMap::ConversionInfo", "scopeKind": "struct"}, {"_type": "tag", "name": "Modifiers", "path": "/home/kavia/workspace/code-generation/app-gateway2/dependencies/install/include/WPEFramework/plugins/VirtualInput.h", "pattern": "/^        inline uint16_t Modifiers(const Core::JSON::ArrayType<Core::JSON::EnumType<KeyMap::modif/", "language": "C++", "typeref": "typename:uint16_t", "kind": "function", "signature": "(const Core::JSON::ArrayType<Core::JSON::EnumType<KeyMap::modifier>> & modifiers) const", "scope": "WPEFramework::PluginHost::VirtualInput", "scopeKind": "class"}, {"_type": "tag", "name": "Modify", "path": "/home/kavia/workspace/code-generation/app-gateway2/dependencies/install/include/WPEFramework/plugins/VirtualInput.h", "pattern": "/^            inline bool Modify(const uint32_t code, const uint16_t key, const uint16_t modifiers/", "language": "C++", "typeref": "typename:bool", "kind": "function", "signature": "(const uint32_t code,const uint16_t key,const uint16_t modifiers)", "scope": "WPEFramework::PluginHost::VirtualInput::KeyMap", "scopeKind": "class"}, {"_type": "tag", "name": "Mods", "path": "/home/kavia/workspace/code-generation/app-gateway2/dependencies/install/include/WPEFramework/plugins/VirtualInput.h", "pattern": "/^                    Core::JSON::ArrayType<Core::JSON::EnumType<KeyMap::modifier>> Mods;$/", "language": "C++", "typeref": "typename:Core::JSON::ArrayType<Core::JSON::EnumType<KeyMap::modifier>>", "kind": "member", "scope": "WPEFramework::PluginHost::VirtualInput::PostLookupTable::Conversion::KeyCode", "scopeKind": "class"}, {"_type": "tag", "name": "Name", "path": "/home/kavia/workspace/code-generation/app-gateway2/dependencies/install/include/WPEFramework/plugins/VirtualInput.h", "pattern": "/^            const string& Name() const $/", "language": "C++", "typeref": "typename:const string &", "kind": "function", "signature": "() const", "scope": "WPEFramework::PluginHost::VirtualInput::Iterator", "scopeKind": "class"}, {"_type": "tag", "name": "Name", "path": "/home/kavia/workspace/code-generation/app-gateway2/dependencies/install/include/WPEFramework/plugins/VirtualInput.h", "pattern": "/^            const string& Name() const$/", "language": "C++", "typeref": "typename:const string &", "kind": "function", "signature": "() const", "scope": "WPEFramework::PluginHost::IPCUserInput::InputDataLink", "scopeKind": "class"}, {"_type": "tag", "name": "Next", "path": "/home/kavia/workspace/code-generation/app-gateway2/dependencies/install/include/WPEFramework/plugins/VirtualInput.h", "pattern": "/^            bool Next()$/", "language": "C++", "typeref": "typename:bool", "kind": "function", "signature": "()", "scope": "WPEFramework::PluginHost::VirtualInput::Iterator", "scopeKind": "class"}], "hash": "baa59d7787300175ef65f9d8ea89339c", "format-version": 4, "code-base-name": "app-gateway2", "filename": "dependencies/install/include/WPEFramework/plugins/VirtualInput.h", "fields": [{"name": "Core::JSON::DecUInt16 Code", "scope": "WPEFramework::PluginHost::VirtualInput::PostLookupTable::Conversion::KeyCode", "scopeKind": "class", "description": "unavailable"}, {"name": "Core::JSON::HexUInt32 Code", "scope": "WPEFramework::PluginHost::VirtualInput::KeyMap::KeyMapEntry", "scopeKind": "class", "description": "unavailable"}, {"name": "uint16_t Code", "scope": "WPEFramework::PluginHost::VirtualInput::KeyMap::ConversionInfo", "scopeKind": "struct", "description": "unavailable"}, {"name": "Core::JSON::ArrayType<Conversion> Conversions", "scope": "WPEFramework::PluginHost::VirtualInput::PostLookupTable", "scopeKind": "class", "description": "unavailable"}, {"name": "KeyCode In", "scope": "WPEFramework::PluginHost::VirtualInput::PostLookupTable::Conversion", "scopeKind": "class", "description": "unavailable"}, {"name": "Core::JSON::DecUInt16 Key", "scope": "WPEFramework::PluginHost::VirtualInput::KeyMap::KeyMapEntry", "scopeKind": "class", "description": "unavailable"}, {"name": "Core::JSON::ArrayType<JSONModifier> Modifiers", "scope": "WPEFramework::PluginHost::VirtualInput::KeyMap::KeyMapEntry", "scopeKind": "class", "description": "unavailable"}, {"name": "uint16_t Modifiers", "scope": "WPEFramework::PluginHost::VirtualInput::KeyMap::ConversionInfo", "scopeKind": "struct", "description": "unavailable"}, {"name": "Core::JSON::ArrayType<Core::JSON::EnumType<KeyMap::modifier>> Mods", "scope": "WPEFramework::PluginHost::VirtualInput::PostLookupTable::Conversion::KeyCode", "scopeKind": "class", "description": "unavailable"}], "revision_history": [{"17390": "0f87a35b32215bc8547fb583d6c84bd51f603f69"}]}