{"is_source_file": true, "format": "C++", "description": "Header file defining the MessageClient class within the WPEFramework::Messaging namespace. The class manages message retrieval, metadata handling, factories, and client instances for a messaging system.", "external_files": ["Module.h", "MessageUnit.h"], "external_methods": [], "published": ["MessageClient"], "classes": [{"name": "MessageClient", "description": "A class responsible for retrieving data from buffers, sending metadata to buffers, managing client instances, and handling message factories within a messaging system."}], "methods": [{"name": "AddInstance", "description": "Adds a client instance with the given ID."}, {"name": "RemoveInstance", "description": "Removes the client instance with the given ID."}, {"name": "ClearInstances", "description": "Clears all existing client instances."}, {"name": "WaitForUpdates", "description": "Waits for updates for a specified duration."}, {"name": "SkipWaiting", "description": "Skips waiting for updates."}, {"name": "Enable", "description": "Enables or disables metadata-based messaging."}, {"name": "Controls", "description": "Retrieves messaging controls into the provided iterator."}, {"name": "PopMessagesAndCall", "description": "Pops messages and invokes a handler callback."}, {"name": "AddFactory", "description": "Adds a message event factory for a specific message type."}, {"name": "RemoveFactory", "description": "Removes a message event factory for a specific message type."}], "calls": ["Core::Messaging::Metadata", "Messaging::MessageUnit::Iterator", "Core::ProxyType<Core::Messaging::MessageInfo>", "Core::ProxyType<Core::Messaging::IEvent>"], "search-terms": ["MessageClient", "Messaging", "Buffer management", "Factory registration", "Client instance management", "Message handling"], "state": 2, "file_id": 8306, "knowledge_revision": 17024, "git_revision": "0f87a35b32215bc8547fb583d6c84bd51f603f69", "ctags": [{"_type": "tag", "name": "Clients", "path": "/home/kavia/workspace/code-generation/app-gateway2/dependencies/install/include/WPEFramework/tracing/MessageClient.h", "pattern": "/^        using Clients = std::map<uint32_t, MessageUnit::Client>;$/", "language": "C++", "typeref": "typename:std::map<uint32_t,MessageUnit::Client>", "kind": "typedef", "scope": "WPEFramework::Messaging::MessageClient", "scopeKind": "class"}, {"_type": "tag", "name": "Factories", "path": "/home/kavia/workspace/code-generation/app-gateway2/dependencies/install/include/WPEFramework/tracing/MessageClient.h", "pattern": "/^        using Factories = std::unordered_map<Core::Messaging::Metadata::type, IEventFactory*>;$/", "language": "C++", "typeref": "typename:std::unordered_map<Core::Messaging::Metadata::type,IEventFactory * >", "kind": "typedef", "scope": "WPEFramework::Messaging::MessageClient", "scopeKind": "class"}, {"_type": "tag", "name": "MessageClient", "path": "/home/kavia/workspace/code-generation/app-gateway2/dependencies/install/include/WPEFramework/tracing/MessageClient.h", "pattern": "/^    class EXTERNAL MessageClient {$/", "language": "C++", "kind": "class", "scope": "WPEFramework::Messaging", "scopeKind": "namespace"}, {"_type": "tag", "name": "MessageHandler", "path": "/home/kavia/workspace/code-generation/app-gateway2/dependencies/install/include/WPEFramework/tracing/MessageClient.h", "pattern": "/^        using MessageHandler = std::function<void(const Core::ProxyType<Core::Messaging::Message/", "language": "C++", "kind": "typedef", "scope": "WPEFramework::Messaging::MessageClient", "scopeKind": "class"}, {"_type": "tag", "name": "Messaging", "path": "/home/kavia/workspace/code-generation/app-gateway2/dependencies/install/include/WPEFramework/tracing/MessageClient.h", "pattern": "/^namespace Messaging {$/", "language": "C++", "kind": "namespace", "scope": "WPEFramework", "scopeKind": "namespace"}, {"_type": "tag", "name": "WPEFramework", "path": "/home/kavia/workspace/code-generation/app-gateway2/dependencies/install/include/WPEFramework/tracing/MessageClient.h", "pattern": "/^namespace WPEFramework {$/", "language": "C++", "kind": "namespace"}, {"_type": "tag", "name": "_adminLock", "path": "/home/kavia/workspace/code-generation/app-gateway2/dependencies/install/include/WPEFramework/tracing/MessageClient.h", "pattern": "/^        mutable Core::CriticalSection _adminLock;$/", "language": "C++", "typeref": "typename:Core::CriticalSection", "kind": "member", "scope": "WPEFramework::Messaging::MessageClient", "scopeKind": "class"}, {"_type": "tag", "name": "_basePath", "path": "/home/kavia/workspace/code-generation/app-gateway2/dependencies/install/include/WPEFramework/tracing/MessageClient.h", "pattern": "/^        const string _basePath;$/", "language": "C++", "typeref": "typename:const string", "kind": "member", "scope": "WPEFramework::Messaging::MessageClient", "scopeKind": "class"}, {"_type": "tag", "name": "_clients", "path": "/home/kavia/workspace/code-generation/app-gateway2/dependencies/install/include/WPEFramework/tracing/MessageClient.h", "pattern": "/^        Clients _clients;$/", "language": "C++", "typeref": "typename:Clients", "kind": "member", "scope": "WPEFramework::Messaging::MessageClient", "scopeKind": "class"}, {"_type": "tag", "name": "_factories", "path": "/home/kavia/workspace/code-generation/app-gateway2/dependencies/install/include/WPEFramework/tracing/MessageClient.h", "pattern": "/^        Factories _factories;$/", "language": "C++", "typeref": "typename:Factories", "kind": "member", "scope": "WPEFramework::Messaging::MessageClient", "scopeKind": "class"}, {"_type": "tag", "name": "_identifier", "path": "/home/kavia/workspace/code-generation/app-gateway2/dependencies/install/include/WPEFramework/tracing/MessageClient.h", "pattern": "/^        const string _identifier;$/", "language": "C++", "typeref": "typename:const string", "kind": "member", "scope": "WPEFramework::Messaging::MessageClient", "scopeKind": "class"}, {"_type": "tag", "name": "_readBuffer", "path": "/home/kavia/workspace/code-generation/app-gateway2/dependencies/install/include/WPEFramework/tracing/MessageClient.h", "pattern": "/^        mutable uint8_t _readBuffer[Messaging::MessageUnit::DataSize];$/", "language": "C++", "typeref": "typename:uint8_t[]", "kind": "member", "scope": "WPEFramework::Messaging::MessageClient", "scopeKind": "class"}, {"_type": "tag", "name": "_socketPort", "path": "/home/kavia/workspace/code-generation/app-gateway2/dependencies/install/include/WPEFramework/tracing/MessageClient.h", "pattern": "/^        const uint16_t _socketPort;$/", "language": "C++", "typeref": "typename:const uint16_t", "kind": "member", "scope": "WPEFramework::Messaging::MessageClient", "scopeKind": "class"}, {"_type": "tag", "name": "_writeBuffer", "path": "/home/kavia/workspace/code-generation/app-gateway2/dependencies/install/include/WPEFramework/tracing/MessageClient.h", "pattern": "/^        mutable uint8_t _writeBuffer[Messaging::MessageUnit::MetadataSize];$/", "language": "C++", "typeref": "typename:uint8_t[]", "kind": "member", "scope": "WPEFramework::Messaging::MessageClient", "scopeKind": "class"}], "hash": "5eb808047a24ede57c4478993e83f61d", "format-version": 4, "code-base-name": "app-gateway2", "filename": "dependencies/install/include/WPEFramework/tracing/MessageClient.h", "fields": [{"name": "Core::CriticalSection _adminLock", "scope": "WPEFramework::Messaging::MessageClient", "scopeKind": "class", "description": "unavailable"}, {"name": "const string _basePath", "scope": "WPEFramework::Messaging::MessageClient", "scopeKind": "class", "description": "unavailable"}, {"name": "Clients _clients", "scope": "WPEFramework::Messaging::MessageClient", "scopeKind": "class", "description": "unavailable"}, {"name": "Factories _factories", "scope": "WPEFramework::Messaging::MessageClient", "scopeKind": "class", "description": "unavailable"}, {"name": "const string _identifier", "scope": "WPEFramework::Messaging::MessageClient", "scopeKind": "class", "description": "unavailable"}, {"name": "uint8_t[] _readBuffer", "scope": "WPEFramework::Messaging::MessageClient", "scopeKind": "class", "description": "unavailable"}, {"name": "const uint16_t _socketPort", "scope": "WPEFramework::Messaging::MessageClient", "scopeKind": "class", "description": "unavailable"}, {"name": "uint8_t[] _writeBuffer", "scope": "WPEFramework::Messaging::MessageClient", "scopeKind": "class", "description": "unavailable"}], "revision_history": [{"17024": "0f87a35b32215bc8547fb583d6c84bd51f603f69"}]}