{"is_source_file": true, "format": "C++ (header file)", "description": "This header file defines interfaces and includes for the WebKitBrowser JSON-RPC API, likely used for browser integration within a larger application.", "external_files": ["JsonData_WebKitBrowser.h", "JWebKitBrowser.h"], "external_methods": [], "published": [], "classes": [], "methods": [], "calls": [], "search-terms": ["WebKitBrowser", "JSON-RPC", "generated", "dependencies", "WebKit"], "state": 2, "file_id": 8891, "knowledge_revision": 18557, "git_revision": "a019ef1ecf9043a6387775f8d60762f619f4c761", "ctags": [], "hash": "0f51b48916a22148ac70fbadcb6327a0", "format-version": 4, "code-base-name": "app-gateway2", "filename": "dependencies/build/ThunderInterfaces/definitions/generated/json_WebKitBrowser.h", "revision_history": [{"18557": "a019ef1ecf9043a6387775f8d60762f619f4c761"}]}