{"is_source_file": true, "format": "C/C++ header file", "description": "This header file appears to define interfaces for IMessageControl in a JSON-RPC API, likely including message structure definitions and related function declarations.", "external_files": ["JsonData_MessageControl.h", "JMessageControl.h"], "external_methods": [], "published": [], "classes": [], "methods": [], "calls": [], "search-terms": ["IMessageControl", "jsonrpc", "JsonData_MessageControl", "JMessageControl", "definitions/generated/json_IMessageControl.h"], "state": 2, "file_id": 8890, "knowledge_revision": 18556, "git_revision": "a019ef1ecf9043a6387775f8d60762f619f4c761", "ctags": [], "hash": "73ed9120298cdd0c608b3ce57ebda21f", "format-version": 4, "code-base-name": "app-gateway2", "filename": "dependencies/build/ThunderInterfaces/definitions/generated/json_IMessageControl.h", "revision_history": [{"18556": "a019ef1ecf9043a6387775f8d60762f619f4c761"}]}