{"is_source_file": true, "format": "Python", "description": "This file defines functions for generating and emitting JSON-related C++ classes, enums, and validation code based on JSON schemas. It includes functions for analyzing JSON objects, enum registration, and emitting C++ class definitions, including constructors, validation, and conversion operators.", "external_files": ["json_loader import *", "trackers", "config"], "external_methods": ["IsObjectRestricted", "AppendTest", "ProcessEnums", "EmitEnumRegs", "EmitObjects"], "published": ["IsObjectRestricted", "AppendTest", "ProcessEnums", "EmitEnumRegs", "EmitObjects"], "classes": [], "methods": [{"name": "IsObjectRestricted(argument)", "description": "Determines if a JSON object or array is restricted based on its schema properties, such as size ranges or nested restrictions.", "scope": "", "scopeKind": ""}, {"name": "AppendTest(tests, argument, relay=None, test_zero=False, reverse=False, override=None)", "description": "Appends validation test expressions to a list based on the properties and restrictions of a JSON argument.", "scope": "", "scopeKind": ""}, {"name": "ProcessEnums(log, action=None)", "description": "Processes enumerations tracked by 'trackers.enum_tracker', registering them if applicable, and returns the count of processed enums.", "scope": "", "scopeKind": ""}, {"name": "EmitEnumRegs(log, root, emit, header_file, if_file)", "description": "Generates C++ enum registration code for enumerations, including conversion tables, and writes it using an emit object.", "scope": "", "scopeKind": ""}, {"name": "EmitObjects(log, root, emit, if_file, additional_includes, emitCommon = False)", "description": "Emits C++ class definitions, enums, and related code for JSON schema objects, including constructors, validators, and conversion operators.", "scope": "", "scopeKind": ""}, {"name": "EmitCtor(json_obj, no_init_code=False, copy_ctor=False, conversion_ctor=False)", "scope": "EmitObjects._EmitClass", "scopeKind": "function", "description": "unavailable"}, {"name": "EmitInit(json_object)", "scope": "EmitObjects._EmitClass", "scopeKind": "function", "description": "unavailable"}, {"name": "_EmitAssignmentOperator(json_obj, copy_ctor=False, conversion_ctor=False)", "scope": "EmitObjects._EmitClass", "scopeKind": "function", "description": "unavailable"}, {"name": "_EmitClass(json_obj, allow_duplicates=False)", "scope": "EmitObjects", "scopeKind": "function", "description": "unavailable"}, {"name": "_EmitConversionOperator(json_obj)", "scope": "EmitObjects._EmitClass", "scopeKind": "function", "description": "unavailable"}, {"name": "_EmitEnum(enum)", "scope": "EmitObjects", "scopeKind": "function", "description": "unavailable"}, {"name": "_EmitEnumConversionHandler(root, enum)", "scope": "EmitObjects", "scopeKind": "function", "description": "unavailable"}, {"name": "_EmitEnumRegistration(log, enum)", "scope": "EmitEnumRegs", "scopeKind": "function", "description": "unavailable"}, {"name": "_EmitValidator(json_obj)", "scope": "EmitObjects._EmitClass", "scopeKind": "function", "description": "unavailable"}], "calls": ["IsObjectRestricted", "AppendTest", "EmitEnumRegs", "EmitObjects", "ProcessEnums"], "search-terms": ["JsonObject", "JsonArray", "EmitEnum", "EmitClass", "JSON schema", "enum registration", "C++ class emission", "validation code", "json_loader", "trackers"], "state": 2, "file_id": 8243, "knowledge_revision": 16951, "git_revision": "0f87a35b32215bc8547fb583d6c84bd51f603f69", "ctags": [{"_type": "tag", "name": "AppendTest", "path": "/home/kavia/workspace/code-generation/app-gateway2/dependencies/install/sbin/JsonGenerator/source/class_emitter.py", "pattern": "/^def AppendTest(tests, argument, relay=None, test_zero=False, reverse=False, override=None):$/", "language": "Python", "kind": "function", "signature": "(tests, argument, relay=None, test_zero=False, reverse=False, override=None)"}, {"_type": "tag", "name": "EmitCtor", "path": "/home/kavia/workspace/code-generation/app-gateway2/dependencies/install/sbin/JsonGenerator/source/class_emitter.py", "pattern": "/^        def EmitCtor(json_obj, no_init_code=False, copy_ctor=False, conversion_ctor=False):$/", "file": true, "language": "Python", "kind": "function", "signature": "(json_obj, no_init_code=False, copy_ctor=False, conversion_ctor=False)", "scope": "EmitObjects._EmitClass", "scopeKind": "function"}, {"_type": "tag", "name": "EmitEnumRegs", "path": "/home/kavia/workspace/code-generation/app-gateway2/dependencies/install/sbin/JsonGenerator/source/class_emitter.py", "pattern": "/^def EmitEnumRegs(log, root, emit, header_file, if_file):$/", "language": "Python", "kind": "function", "signature": "(log, root, emit, header_file, if_file)"}, {"_type": "tag", "name": "EmitInit", "path": "/home/kavia/workspace/code-generation/app-gateway2/dependencies/install/sbin/JsonGenerator/source/class_emitter.py", "pattern": "/^        def EmitInit(json_object):$/", "file": true, "language": "Python", "kind": "function", "signature": "(json_object)", "scope": "EmitObjects._EmitClass", "scopeKind": "function"}, {"_type": "tag", "name": "EmitObjects", "path": "/home/kavia/workspace/code-generation/app-gateway2/dependencies/install/sbin/JsonGenerator/source/class_emitter.py", "pattern": "/^def EmitObjects(log, root, emit, if_file, additional_includes, emitCommon = False):$/", "language": "Python", "kind": "function", "signature": "(log, root, emit, if_file, additional_includes, emitCommon = False)"}, {"_type": "tag", "name": "IsObjectRestricted", "path": "/home/kavia/workspace/code-generation/app-gateway2/dependencies/install/sbin/JsonGenerator/source/class_emitter.py", "pattern": "/^def IsObjectRestricted(argument):$/", "language": "Python", "kind": "function", "signature": "(argument)"}, {"_type": "tag", "name": "ProcessEnums", "path": "/home/kavia/workspace/code-generation/app-gateway2/dependencies/install/sbin/JsonGenerator/source/class_emitter.py", "pattern": "/^def ProcessEnums(log, action=None):$/", "language": "Python", "kind": "function", "signature": "(log, action=None)"}, {"_type": "tag", "name": "_EmitAssignmentOperator", "path": "/home/kavia/workspace/code-generation/app-gateway2/dependencies/install/sbin/JsonGenerator/source/class_emitter.py", "pattern": "/^        def _EmitAssignmentOperator(json_obj, copy_ctor=False, conversion_ctor=False):$/", "file": true, "language": "Python", "kind": "function", "signature": "(json_obj, copy_ctor=False, conversion_ctor=False)", "scope": "EmitObjects._EmitClass", "scopeKind": "function"}, {"_type": "tag", "name": "_EmitClass", "path": "/home/kavia/workspace/code-generation/app-gateway2/dependencies/install/sbin/JsonGenerator/source/class_emitter.py", "pattern": "/^    def _EmitClass(json_obj, allow_duplicates=False):$/", "file": true, "language": "Python", "kind": "function", "signature": "(json_obj, allow_duplicates=False)", "scope": "EmitObjects", "scopeKind": "function"}, {"_type": "tag", "name": "_EmitConversionOperator", "path": "/home/kavia/workspace/code-generation/app-gateway2/dependencies/install/sbin/JsonGenerator/source/class_emitter.py", "pattern": "/^        def _EmitConversionOperator(json_obj):$/", "file": true, "language": "Python", "kind": "function", "signature": "(json_obj)", "scope": "EmitObjects._EmitClass", "scopeKind": "function"}, {"_type": "tag", "name": "_EmitEnum", "path": "/home/kavia/workspace/code-generation/app-gateway2/dependencies/install/sbin/JsonGenerator/source/class_emitter.py", "pattern": "/^    def _EmitEnum(enum):$/", "file": true, "language": "Python", "kind": "function", "signature": "(enum)", "scope": "EmitObjects", "scopeKind": "function"}, {"_type": "tag", "name": "_EmitEnumConversionHandler", "path": "/home/kavia/workspace/code-generation/app-gateway2/dependencies/install/sbin/JsonGenerator/source/class_emitter.py", "pattern": "/^    def _EmitEnumConversionHandler(root, enum):$/", "file": true, "language": "Python", "kind": "function", "signature": "(root, enum)", "scope": "EmitObjects", "scopeKind": "function"}, {"_type": "tag", "name": "_EmitEnumRegistration", "path": "/home/kavia/workspace/code-generation/app-gateway2/dependencies/install/sbin/JsonGenerator/source/class_emitter.py", "pattern": "/^    def _EmitEnumRegistration(log, enum):$/", "file": true, "language": "Python", "kind": "function", "signature": "(log, enum)", "scope": "EmitEnumRegs", "scopeKind": "function"}, {"_type": "tag", "name": "_EmitValidator", "path": "/home/kavia/workspace/code-generation/app-gateway2/dependencies/install/sbin/JsonGenerator/source/class_emitter.py", "pattern": "/^        def _EmitValidator(json_obj):$/", "file": true, "language": "Python", "kind": "function", "signature": "(json_obj)", "scope": "EmitObjects._EmitClass", "scopeKind": "function"}], "hash": "01a7b5ca8884c36bf68c504bf1eea6ea", "format-version": 4, "code-base-name": "app-gateway2", "filename": "dependencies/install/sbin/JsonGenerator/source/class_emitter.py", "revision_history": [{"16951": "0f87a35b32215bc8547fb583d6c84bd51f603f69"}]}