{"is_source_file": true, "format": "C++ header file", "description": "This file defines a template class 'SynchronizeType' for synchronization primitives in the WPEFramework project. It provides mechanisms to evaluate, load, flush, and acquire synchronization signals related to messaging, using locking and event signaling.", "external_files": ["Module.h", "Portability.h"], "external_methods": [], "published": ["WPEFramework::Core::SynchronizeType"], "classes": [{"name": "SynchronizeType", "description": "A template class providing synchronization mechanisms for message handling, including evaluation, loading, flushing, and timing functionalities."}], "methods": [{"name": "bool Evaluate(const INBOUND & newMessage)", "description": "Evaluates a new message against the current response, sets event signaling if successful.", "scope": "WPEFramework::Core::SynchronizeType", "scopeKind": "class"}, {"name": "void Flush()", "description": "Flushes the current synchronization state and resets the response.", "scope": "WPEFramework::Core::SynchronizeType", "scopeKind": "class"}, {"name": "void Load()", "description": "Loads a message response to be awaited.", "scope": "WPEFramework::Core::SynchronizeType", "scopeKind": "class"}, {"name": "void Load(MESSAGE & response)", "description": "Sets the synchronization response to a special value (~0) indicating readiness.", "scope": "WPEFramework::Core::SynchronizeType", "scopeKind": "class"}, {"name": "void Evaluate()", "description": "Checks and updates the synchronization state, signaling if necessary.", "scope": "WPEFramework::Core::SynchronizeType", "scopeKind": "class"}, {"name": "uint32_t Acquire(const uint32_t duration)", "description": "Waits for the signal event with a timeout, and returns the result status.", "scope": "WPEFramework::Core::SynchronizeType", "scopeKind": "class"}, {"name": "void Lock()", "description": "Acquires the internal lock for thread safety.", "scope": "WPEFramework::Core::SynchronizeType", "scopeKind": "class"}, {"name": "void Unlock()", "description": "Releases the internal lock.", "scope": "WPEFramework::Core::SynchronizeType", "scopeKind": "class"}, {"name": "SynchronizeType()", "scope": "WPEFramework::Core::SynchronizeType", "scopeKind": "class", "description": "unavailable"}], "calls": ["Core::Event::SetEvent", "Core::Event::ResetEvent", "Core::Event::Lock", "Core::Event::IsSet", "Core::CriticalSection::Lock", "Core::CriticalSection::Unlock", "ASSERT"], "search-terms": ["SynchronizeType", "Synchronization primitives", "Messaging synchronization", "Core::Event", "Core::CriticalSection", "Evaluate method", "Load method"], "state": 2, "file_id": 8657, "knowledge_revision": 17370, "git_revision": "0f87a35b32215bc8547fb583d6c84bd51f603f69", "ctags": [{"_type": "tag", "name": "Acquire", "path": "/home/kavia/workspace/code-generation/app-gateway2/dependencies/install/include/WPEFramework/core/Synchronize.h", "pattern": "/^        uint32_t Acquire(const uint32_t duration)$/", "language": "C++", "typeref": "typename:uint32_t", "kind": "function", "signature": "(const uint32_t duration)", "scope": "WPEFramework::Core::SynchronizeType", "scopeKind": "class"}, {"_type": "tag", "name": "Core", "path": "/home/kavia/workspace/code-generation/app-gateway2/dependencies/install/include/WPEFramework/core/Synchronize.h", "pattern": "/^namespace Core {$/", "language": "C++", "kind": "namespace", "scope": "WPEFramework", "scopeKind": "namespace"}, {"_type": "tag", "name": "Evaluate", "path": "/home/kavia/workspace/code-generation/app-gateway2/dependencies/install/include/WPEFramework/core/Synchronize.h", "pattern": "/^        bool Evaluate(const INBOUND& newMessage)$/", "language": "C++", "typeref": "typename:bool", "kind": "function", "signature": "(const INBOUND & newMessage)", "scope": "WPEFramework::Core::SynchronizeType", "scopeKind": "class"}, {"_type": "tag", "name": "Evaluate", "path": "/home/kavia/workspace/code-generation/app-gateway2/dependencies/install/include/WPEFramework/core/Synchronize.h", "pattern": "/^        void Evaluate()$/", "language": "C++", "typeref": "typename:void", "kind": "function", "signature": "()", "scope": "WPEFramework::Core::SynchronizeType", "scopeKind": "class"}, {"_type": "tag", "name": "Flush", "path": "/home/kavia/workspace/code-generation/app-gateway2/dependencies/install/include/WPEFramework/core/Synchronize.h", "pattern": "/^        inline void Flush()$/", "language": "C++", "typeref": "typename:void", "kind": "function", "signature": "()", "scope": "WPEFramework::Core::SynchronizeType", "scopeKind": "class"}, {"_type": "tag", "name": "Load", "path": "/home/kavia/workspace/code-generation/app-gateway2/dependencies/install/include/WPEFramework/core/Synchronize.h", "pattern": "/^        void Load()$/", "language": "C++", "typeref": "typename:void", "kind": "function", "signature": "()", "scope": "WPEFramework::Core::SynchronizeType", "scopeKind": "class"}, {"_type": "tag", "name": "Load", "path": "/home/kavia/workspace/code-generation/app-gateway2/dependencies/install/include/WPEFramework/core/Synchronize.h", "pattern": "/^        void Load(MESSAGE& response)$/", "language": "C++", "typeref": "typename:void", "kind": "function", "signature": "(MESSAGE & response)", "scope": "WPEFramework::Core::SynchronizeType", "scopeKind": "class"}, {"_type": "tag", "name": "Lock", "path": "/home/kavia/workspace/code-generation/app-gateway2/dependencies/install/include/WPEFramework/core/Synchronize.h", "pattern": "/^        inline void Lock()$/", "language": "C++", "typeref": "typename:void", "kind": "function", "signature": "()", "scope": "WPEFramework::Core::SynchronizeType", "scopeKind": "class"}, {"_type": "tag", "name": "SynchronizeType", "path": "/home/kavia/workspace/code-generation/app-gateway2/dependencies/install/include/WPEFramework/core/Synchronize.h", "pattern": "/^        SynchronizeType()$/", "language": "C++", "kind": "function", "signature": "()", "scope": "WPEFramework::Core::SynchronizeType", "scopeKind": "class"}, {"_type": "tag", "name": "SynchronizeType", "path": "/home/kavia/workspace/code-generation/app-gateway2/dependencies/install/include/WPEFramework/core/Synchronize.h", "pattern": "/^    class SynchronizeType {$/", "language": "C++", "kind": "class", "scope": "WPEFramework::Core", "scopeKind": "namespace"}, {"_type": "tag", "name": "Unlock", "path": "/home/kavia/workspace/code-generation/app-gateway2/dependencies/install/include/WPEFramework/core/Synchronize.h", "pattern": "/^        inline void Unlock()$/", "language": "C++", "typeref": "typename:void", "kind": "function", "signature": "()", "scope": "WPEFramework::Core::SynchronizeType", "scopeKind": "class"}, {"_type": "tag", "name": "WPEFramework", "path": "/home/kavia/workspace/code-generation/app-gateway2/dependencies/install/include/WPEFramework/core/Synchronize.h", "pattern": "/^namespace WPEFramework {$/", "language": "C++", "kind": "namespace"}, {"_type": "tag", "name": "__SYNCHRONIZE_H", "path": "/home/kavia/workspace/code-generation/app-gateway2/dependencies/install/include/WPEFramework/core/Synchronize.h", "pattern": "/^#define __SYNCHRONIZE_H$/", "language": "C++", "kind": "macro"}, {"_type": "tag", "name": "_adminLock", "path": "/home/kavia/workspace/code-generation/app-gateway2/dependencies/install/include/WPEFramework/core/Synchronize.h", "pattern": "/^        Core::CriticalSection _adminLock;$/", "language": "C++", "typeref": "typename:Core::CriticalSection", "kind": "member", "scope": "WPEFramework::Core::SynchronizeType", "scopeKind": "class"}, {"_type": "tag", "name": "_response", "path": "/home/kavia/workspace/code-generation/app-gateway2/dependencies/install/include/WPEFramework/core/Synchronize.h", "pattern": "/^        MESSAGE* _response;$/", "language": "C++", "typeref": "typename:MESSAGE *", "kind": "member", "scope": "WPEFramework::Core::SynchronizeType", "scopeKind": "class"}, {"_type": "tag", "name": "_signal", "path": "/home/kavia/workspace/code-generation/app-gateway2/dependencies/install/include/WPEFramework/core/Synchronize.h", "pattern": "/^        Core::Event _signal;$/", "language": "C++", "typeref": "typename:Core::Event", "kind": "member", "scope": "WPEFramework::Core::SynchronizeType", "scopeKind": "class"}], "hash": "c702fb910fec65259c7c577a9c31c02b", "format-version": 4, "code-base-name": "app-gateway2", "filename": "dependencies/install/include/WPEFramework/core/Synchronize.h", "fields": [{"name": "Core::CriticalSection _adminLock", "scope": "WPEFramework::Core::SynchronizeType", "scopeKind": "class", "description": "unavailable"}, {"name": "MESSAGE * _response", "scope": "WPEFramework::Core::SynchronizeType", "scopeKind": "class", "description": "unavailable"}, {"name": "Core::Event _signal", "scope": "WPEFramework::Core::SynchronizeType", "scopeKind": "class", "description": "unavailable"}], "revision_history": [{"17370": "0f87a35b32215bc8547fb583d6c84bd51f603f69"}]}