{"is_source_file": true, "format": "C++ header file", "description": "This file defines the declaration for the DirectOutput class within the WPEFramework::Messaging namespace. The class manages direct output of messages, providing configuration for syslog mode and abbreviation settings, and includes a method to output messages based on message info and event objects.", "external_files": ["Module.h", "Core/Time.h", "Core/Messaging/MessageInfo.h", "Core/Messaging/IEvent.h"], "external_methods": ["Core::Time::Now().Ticks()", "Core::Messaging::MessageInfo::abbreviate::FULL"], "published": ["DirectOutput"], "classes": [{"name": "DirectOutput", "description": "A class for creating a direct flush output, with configurable logging modes and message abbreviations."}], "methods": [{"name": "void Mode(const bool syslog,const Core::Messaging::MessageInfo::abbreviate abbreviated)", "description": "Configures whether the output uses syslog and sets the abbreviation mode.", "scope": "WPEFramework::Messaging::DirectOutput", "scopeKind": "class"}, {"name": "Output", "description": "Outputs a message based on message info and event, intended for direct logging or display."}, {"name": "DirectOutput()", "scope": "WPEFramework::Messaging::DirectOutput", "scopeKind": "class", "description": "unavailable"}], "calls": ["Core::Time::Now().Ticks()", "Core::Messaging::MessageInfo::abbreviate::FULL"], "search-terms": ["DirectOutput", "messaging", "output class", "message info", "syslog", "abbreviate"], "state": 2, "file_id": 8322, "knowledge_revision": 17030, "git_revision": "0f87a35b32215bc8547fb583d6c84bd51f603f69", "ctags": [{"_type": "tag", "name": "DirectOutput", "path": "/home/kavia/workspace/code-generation/app-gateway2/dependencies/install/include/WPEFramework/messaging/DirectOutput.h", "pattern": "/^            DirectOutput()$/", "language": "C++", "kind": "function", "signature": "()", "scope": "WPEFramework::Messaging::DirectOutput", "scopeKind": "class"}, {"_type": "tag", "name": "DirectOutput", "path": "/home/kavia/workspace/code-generation/app-gateway2/dependencies/install/include/WPEFramework/messaging/DirectOutput.h", "pattern": "/^        class EXTERNAL DirectOutput {$/", "language": "C++", "kind": "class", "scope": "WPEFramework::Messaging", "scopeKind": "namespace"}, {"_type": "tag", "name": "Messaging", "path": "/home/kavia/workspace/code-generation/app-gateway2/dependencies/install/include/WPEFramework/messaging/DirectOutput.h", "pattern": "/^    namespace Messaging {$/", "language": "C++", "kind": "namespace", "scope": "WPEFramework", "scopeKind": "namespace"}, {"_type": "tag", "name": "Mode", "path": "/home/kavia/workspace/code-generation/app-gateway2/dependencies/install/include/WPEFramework/messaging/DirectOutput.h", "pattern": "/^            void Mode(const bool syslog, const Core::Messaging::MessageInfo::abbreviate abbrevia/", "language": "C++", "typeref": "typename:void", "kind": "function", "signature": "(const bool syslog,const Core::Messaging::MessageInfo::abbreviate abbreviated)", "scope": "WPEFramework::Messaging::DirectOutput", "scopeKind": "class"}, {"_type": "tag", "name": "WPEFramework", "path": "/home/kavia/workspace/code-generation/app-gateway2/dependencies/install/include/WPEFramework/messaging/DirectOutput.h", "pattern": "/^namespace WPEFramework {$/", "language": "C++", "kind": "namespace"}, {"_type": "tag", "name": "_abbreviate", "path": "/home/kavia/workspace/code-generation/app-gateway2/dependencies/install/include/WPEFramework/messaging/DirectOutput.h", "pattern": "/^            Core::Messaging::MessageInfo::abbreviate _abbreviate;$/", "language": "C++", "typeref": "typename:Core::Messaging::MessageInfo::abbreviate", "kind": "member", "scope": "WPEFramework::Messaging::DirectOutput", "scopeKind": "class"}, {"_type": "tag", "name": "_baseTime", "path": "/home/kavia/workspace/code-generation/app-gateway2/dependencies/install/include/WPEFramework/messaging/DirectOutput.h", "pattern": "/^            uint64_t _baseTime;$/", "language": "C++", "typeref": "typename:uint64_t", "kind": "member", "scope": "WPEFramework::Messaging::DirectOutput", "scopeKind": "class"}, {"_type": "tag", "name": "_isSyslog", "path": "/home/kavia/workspace/code-generation/app-gateway2/dependencies/install/include/WPEFramework/messaging/DirectOutput.h", "pattern": "/^            bool _isSyslog;$/", "language": "C++", "typeref": "typename:bool", "kind": "member", "scope": "WPEFramework::Messaging::DirectOutput", "scopeKind": "class"}], "hash": "f2bc87678483ed132c98261f30e5faec", "format-version": 4, "code-base-name": "app-gateway2", "filename": "dependencies/install/include/WPEFramework/messaging/DirectOutput.h", "fields": [{"name": "Core::Messaging::MessageInfo::abbreviate _abbreviate", "scope": "WPEFramework::Messaging::DirectOutput", "scopeKind": "class", "description": "unavailable"}, {"name": "uint64_t _baseTime", "scope": "WPEFramework::Messaging::DirectOutput", "scopeKind": "class", "description": "unavailable"}, {"name": "bool _isSyslog", "scope": "WPEFramework::Messaging::DirectOutput", "scopeKind": "class", "description": "unavailable"}], "revision_history": [{"17030": "0f87a35b32215bc8547fb583d6c84bd51f603f69"}]}