{"is_source_file": true, "format": "C++ header", "description": "This header defines interfaces for a key-value storage system, including store, notification, inspector, and limit control interfaces, with methods for registering notifications, setting/getting/deleting values, and managing storage size.", "external_files": ["Module.h", "com/IIteratorType.h"], "external_methods": ["RPC::IIteratorType<string, RPC::ID_STRINGITERATOR>", "RPC::IIteratorType<NamespaceSize, ID_STORE_INSPECTOR_NAMESPACE_SIZE_ITERATOR>"], "published": ["IStore2", "IStoreInspector", "IStoreLimit"], "classes": [{"name": "IStore2", "description": "Interface for a key-value store supporting registration of notifications and value management."}, {"name": "INotification", "description": "Notification interface for value change events within the store."}, {"name": "IStoreInspector", "description": "Interface for inspecting and retrieving keys, namespaces, and storage sizes from the store."}, {"name": "NamespaceSize", "description": "Data structure representing a namespace and its size."}, {"name": "IStoreLimit", "description": "Interface for setting and getting storage limits for namespaces."}], "methods": [{"name": "Register", "description": "Register a notification callback for store events."}, {"name": "Unregister", "description": "Unregister a notification callback."}, {"name": "SetValue", "description": "Set a key-value pair in the store with a specified TTL."}, {"name": "GetValue", "description": "Retrieve a value and its TTL from the store."}, {"name": "DeleteKey", "description": "Delete a specific key within a namespace."}, {"name": "DeleteNamespace", "description": "Delete an entire namespace."}, {"name": "GetKeys", "description": "Retrieve all keys within a namespace."}, {"name": "GetNamespaces", "description": "Retrieve all namespace names."}, {"name": "GetStorageSizes", "description": "Retrieve sizes of all namespaces."}, {"name": "SetNamespaceStorageLimit", "description": "Set storage size limit for a namespace."}, {"name": "GetNamespaceStorageLimit", "description": "Retrieve storage size limit for a namespace."}], "calls": ["INotification::ValueChanged", "IStore2::Register", "IStore2::Unregister", "IStore2::SetValue", "IStore2::GetValue", "IStore2::DeleteKey", "IStore2::DeleteNamespace", "IStoreInspector::GetKeys", "IStoreInspector::GetNamespaces", "IStoreInspector::GetStorageSizes", "IStoreLimit::SetNamespaceStorageLimit", "IStoreLimit::GetNamespaceStorageLimit"], "search-terms": ["IStore2", "IStoreInspector", "IStoreLimit", "ScopeType", "NamespaceSize", "ValueChanged", "RegisterNotification", "StorageLimit"], "state": 2, "file_id": 8379, "knowledge_revision": 17095, "git_revision": "0f87a35b32215bc8547fb583d6c84bd51f603f69", "ctags": [{"_type": "tag", "name": "ACCOUNT", "path": "/home/kavia/workspace/code-generation/app-gateway2/dependencies/install/include/WPEFramework/interfaces/IStore2.h", "pattern": "/^            ACCOUNT \\/* @text:account *\\/$/", "language": "C++", "kind": "enumerator", "scope": "WPEFramework::Exchange::IStore2::ScopeType", "scopeKind": "enum"}, {"_type": "tag", "name": "DEVICE", "path": "/home/kavia/workspace/code-generation/app-gateway2/dependencies/install/include/WPEFramework/interfaces/IStore2.h", "pattern": "/^            DEVICE \\/* @text:device *\\/,$/", "language": "C++", "kind": "enumerator", "scope": "WPEFramework::Exchange::IStore2::ScopeType", "scopeKind": "enum"}, {"_type": "tag", "name": "Exchange", "path": "/home/kavia/workspace/code-generation/app-gateway2/dependencies/install/include/WPEFramework/interfaces/IStore2.h", "pattern": "/^namespace Exchange {$/", "language": "C++", "kind": "namespace", "scope": "WPEFramework", "scopeKind": "namespace"}, {"_type": "tag", "name": "ID", "path": "/home/kavia/workspace/code-generation/app-gateway2/dependencies/install/include/WPEFramework/interfaces/IStore2.h", "pattern": "/^            enum { ID = ID_STORE2_NOTIFICATION };$/", "language": "C++", "kind": "enumerator", "scope": "WPEFramework::Exchange::IStore2::INotification::__anoned9d6e320203", "scopeKind": "enum"}, {"_type": "tag", "name": "ID", "path": "/home/kavia/workspace/code-generation/app-gateway2/dependencies/install/include/WPEFramework/interfaces/IStore2.h", "pattern": "/^        enum { ID = ID_STORE2 };$/", "language": "C++", "kind": "enumerator", "scope": "WPEFramework::Exchange::IStore2::__anoned9d6e320103", "scopeKind": "enum"}, {"_type": "tag", "name": "ID", "path": "/home/kavia/workspace/code-generation/app-gateway2/dependencies/install/include/WPEFramework/interfaces/IStore2.h", "pattern": "/^        enum { ID = ID_STORE_INSPECTOR };$/", "language": "C++", "kind": "enumerator", "scope": "WPEFramework::Exchange::IStoreInspector::__anoned9d6e320303", "scopeKind": "enum"}, {"_type": "tag", "name": "ID", "path": "/home/kavia/workspace/code-generation/app-gateway2/dependencies/install/include/WPEFramework/interfaces/IStore2.h", "pattern": "/^        enum { ID = ID_STORE_LIMIT };$/", "language": "C++", "kind": "enumerator", "scope": "WPEFramework::Exchange::IStoreLimit::__anoned9d6e320403", "scopeKind": "enum"}, {"_type": "tag", "name": "INamespaceSizeIterator", "path": "/home/kavia/workspace/code-generation/app-gateway2/dependencies/install/include/WPEFramework/interfaces/IStore2.h", "pattern": "/^        using INamespaceSizeIterator = RPC::IIteratorType<NamespaceSize, ID_STORE_INSPECTOR_NAME/", "language": "C++", "typeref": "typename:RPC::IIteratorType<NamespaceSize,ID_STORE_INSPECTOR_NAMESPACE_SIZE_ITERATOR>", "kind": "typedef", "scope": "WPEFramework::Exchange::IStoreInspector", "scopeKind": "struct"}, {"_type": "tag", "name": "INotification", "path": "/home/kavia/workspace/code-generation/app-gateway2/dependencies/install/include/WPEFramework/interfaces/IStore2.h", "pattern": "/^        struct EXTERNAL INotification : virtual public Core::IUnknown {$/", "language": "C++", "kind": "struct", "scope": "WPEFramework::Exchange::IStore2", "scopeKind": "struct"}, {"_type": "tag", "name": "IStore2", "path": "/home/kavia/workspace/code-generation/app-gateway2/dependencies/install/include/WPEFramework/interfaces/IStore2.h", "pattern": "/^    struct EXTERNAL IStore2 : virtual public Core::IUnknown {$/", "language": "C++", "kind": "struct", "scope": "WPEFramework::Exchange", "scopeKind": "namespace"}, {"_type": "tag", "name": "IStoreInspector", "path": "/home/kavia/workspace/code-generation/app-gateway2/dependencies/install/include/WPEFramework/interfaces/IStore2.h", "pattern": "/^    struct EXTERNAL IStoreInspector : virtual public Core::IUnknown {$/", "language": "C++", "kind": "struct", "scope": "WPEFramework::Exchange", "scopeKind": "namespace"}, {"_type": "tag", "name": "IStoreLimit", "path": "/home/kavia/workspace/code-generation/app-gateway2/dependencies/install/include/WPEFramework/interfaces/IStore2.h", "pattern": "/^    struct EXTERNAL IStoreLimit : virtual public Core::IUnknown {$/", "language": "C++", "kind": "struct", "scope": "WPEFramework::Exchange", "scopeKind": "namespace"}, {"_type": "tag", "name": "IStringIterator", "path": "/home/kavia/workspace/code-generation/app-gateway2/dependencies/install/include/WPEFramework/interfaces/IStore2.h", "pattern": "/^        using IStringIterator = RPC::IIteratorType<string, RPC::ID_STRINGITERATOR>;$/", "language": "C++", "typeref": "typename:RPC::IIteratorType<string,RPC::ID_STRINGITERATOR>", "kind": "typedef", "scope": "WPEFramework::Exchange::IStoreInspector", "scopeKind": "struct"}, {"_type": "tag", "name": "NamespaceSize", "path": "/home/kavia/workspace/code-generation/app-gateway2/dependencies/install/include/WPEFramework/interfaces/IStore2.h", "pattern": "/^        struct NamespaceSize {$/", "language": "C++", "kind": "struct", "scope": "WPEFramework::Exchange::IStoreInspector", "scopeKind": "struct"}, {"_type": "tag", "name": "ScopeType", "path": "/home/kavia/workspace/code-generation/app-gateway2/dependencies/install/include/WPEFramework/interfaces/IStore2.h", "pattern": "/^        enum ScopeType : uint8_t {$/", "language": "C++", "typeref": "typename:uint8_t", "kind": "enum", "scope": "WPEFramework::Exchange::IStore2", "scopeKind": "struct"}, {"_type": "tag", "name": "ScopeType", "path": "/home/kavia/workspace/code-generation/app-gateway2/dependencies/install/include/WPEFramework/interfaces/IStore2.h", "pattern": "/^        using ScopeType = IStore2::ScopeType;$/", "language": "C++", "typeref": "typename:IStore2::ScopeType", "kind": "typedef", "scope": "WPEFramework::Exchange::IStoreInspector", "scopeKind": "struct"}, {"_type": "tag", "name": "ScopeType", "path": "/home/kavia/workspace/code-generation/app-gateway2/dependencies/install/include/WPEFramework/interfaces/IStore2.h", "pattern": "/^        using ScopeType = IStore2::ScopeType;$/", "language": "C++", "typeref": "typename:IStore2::ScopeType", "kind": "typedef", "scope": "WPEFramework::Exchange::IStoreLimit", "scopeKind": "struct"}, {"_type": "tag", "name": "WPEFramework", "path": "/home/kavia/workspace/code-generation/app-gateway2/dependencies/install/include/WPEFramework/interfaces/IStore2.h", "pattern": "/^namespace WPEFramework {$/", "language": "C++", "kind": "namespace"}, {"_type": "tag", "name": "__anoned9d6e320103", "path": "/home/kavia/workspace/code-generation/app-gateway2/dependencies/install/include/WPEFramework/interfaces/IStore2.h", "pattern": "/^        enum { ID = ID_STORE2 };$/", "language": "C++", "kind": "enum", "scope": "WPEFramework::Exchange::IStore2", "scopeKind": "struct"}, {"_type": "tag", "name": "__anoned9d6e320203", "path": "/home/kavia/workspace/code-generation/app-gateway2/dependencies/install/include/WPEFramework/interfaces/IStore2.h", "pattern": "/^            enum { ID = ID_STORE2_NOTIFICATION };$/", "language": "C++", "kind": "enum", "scope": "WPEFramework::Exchange::IStore2::INotification", "scopeKind": "struct"}, {"_type": "tag", "name": "__anoned9d6e320303", "path": "/home/kavia/workspace/code-generation/app-gateway2/dependencies/install/include/WPEFramework/interfaces/IStore2.h", "pattern": "/^        enum { ID = ID_STORE_INSPECTOR };$/", "language": "C++", "kind": "enum", "scope": "WPEFramework::Exchange::IStoreInspector", "scopeKind": "struct"}, {"_type": "tag", "name": "__anoned9d6e320403", "path": "/home/kavia/workspace/code-generation/app-gateway2/dependencies/install/include/WPEFramework/interfaces/IStore2.h", "pattern": "/^        enum { ID = ID_STORE_LIMIT };$/", "language": "C++", "kind": "enum", "scope": "WPEFramework::Exchange::IStoreLimit", "scopeKind": "struct"}, {"_type": "tag", "name": "ns", "path": "/home/kavia/workspace/code-generation/app-gateway2/dependencies/install/include/WPEFramework/interfaces/IStore2.h", "pattern": "/^            string ns;$/", "language": "C++", "typeref": "typename:string", "kind": "member", "scope": "WPEFramework::Exchange::IStoreInspector::NamespaceSize", "scopeKind": "struct"}, {"_type": "tag", "name": "size", "path": "/home/kavia/workspace/code-generation/app-gateway2/dependencies/install/include/WPEFramework/interfaces/IStore2.h", "pattern": "/^            uint32_t size;$/", "language": "C++", "typeref": "typename:uint32_t", "kind": "member", "scope": "WPEFramework::Exchange::IStoreInspector::NamespaceSize", "scopeKind": "struct"}], "hash": "6a4eeef1f31fac13800ff8bc3a7f01fa", "format-version": 4, "code-base-name": "app-gateway2", "filename": "dependencies/install/include/WPEFramework/interfaces/IStore2.h", "fields": [{"name": "string ns", "scope": "WPEFramework::Exchange::IStoreInspector::NamespaceSize", "scopeKind": "struct", "description": "unavailable"}, {"name": "uint32_t size", "scope": "WPEFramework::Exchange::IStoreInspector::NamespaceSize", "scopeKind": "struct", "description": "unavailable"}], "revision_history": [{"17095": "0f87a35b32215bc8547fb583d6c84bd51f603f69"}]}