{"is_source_file": true, "format": "C++ header", "description": "This file contains definitions for enums, data structures, and classes related to the Compositor API used in a JSON-RPC interface within the WPEFramework, including parameter classes and enum conversion handlers.", "external_files": ["<core/JSON.h>", "<core/Enumerate.h>"], "external_methods": [], "published": ["JsonData::Compositor::BrightnessType", "JsonData::Compositor::ResolutionType", "JsonData::Compositor::VisiblityType", "JsonData::Compositor::PutontopParamsInfo", "JsonData::Compositor::GeometryData", "JsonData::Compositor::PutbelowParamsData"], "classes": [{"name": "PutontopParamsInfo", "description": "Parameter class for specifying client information when putting a surface on top."}, {"name": "GeometryData", "description": "Data class representing geometry information (coordinates and size) for compositing surfaces."}, {"name": "PutbelowParamsData", "description": "Parameter class for specifying client information and relative positioning when changing z-order."}], "methods": [{"name": "bool IsValid() const", "description": "Method indicating the validity of the class instance (dummy implementation returning true).", "scope": "WPEFramework::JsonData::Compositor::PutontopParamsInfo", "scopeKind": "class"}, {"name": "GeometryData()", "scope": "WPEFramework::JsonData::Compositor::GeometryData", "scopeKind": "class", "description": "unavailable"}, {"name": "PutbelowParamsData()", "scope": "WPEFramework::JsonData::Compositor::PutbelowParamsData", "scopeKind": "class", "description": "unavailable"}, {"name": "PutontopParamsInfo()", "scope": "WPEFramework::JsonData::Compositor::PutontopParamsInfo", "scopeKind": "class", "description": "unavailable"}], "calls": [], "search-terms": ["JsonData::Compositor", "enum class BrightnessType", "enum class ResolutionType", "enum class VisiblityType", "PutontopParamsInfo", "GeometryData", "PutbelowParamsData", "JSON-RPC"], "state": 2, "file_id": 8896, "knowledge_revision": 18566, "git_revision": "a019ef1ecf9043a6387775f8d60762f619f4c761", "ctags": [{"_type": "tag", "name": "BrightnessType", "path": "/home/kavia/workspace/code-generation/app-gateway2/dependencies/build/ThunderInterfaces/definitions/generated/JsonData_Compositor.h", "pattern": "/^        enum class BrightnessType : uint8_t {$/", "language": "C++", "typeref": "typename:uint8_t", "kind": "enum", "scope": "WPEFramework::JsonData::Compositor", "scopeKind": "namespace"}, {"_type": "tag", "name": "Client", "path": "/home/kavia/workspace/code-generation/app-gateway2/dependencies/build/ThunderInterfaces/definitions/generated/JsonData_Compositor.h", "pattern": "/^            Core::JSON::String Client; \\/\\/ Client name to change z-order position$/", "language": "C++", "typeref": "typename:Core::JSON::String", "kind": "member", "scope": "WPEFramework::JsonData::Compositor::PutbelowParamsData", "scopeKind": "class"}, {"_type": "tag", "name": "Client", "path": "/home/kavia/workspace/code-generation/app-gateway2/dependencies/build/ThunderInterfaces/definitions/generated/JsonData_Compositor.h", "pattern": "/^            Core::JSON::String Client; \\/\\/ Client name$/", "language": "C++", "typeref": "typename:Core::JSON::String", "kind": "member", "scope": "WPEFramework::JsonData::Compositor::PutontopParamsInfo", "scopeKind": "class"}, {"_type": "tag", "name": "Compositor", "path": "/home/kavia/workspace/code-generation/app-gateway2/dependencies/build/ThunderInterfaces/definitions/generated/JsonData_Compositor.h", "pattern": "/^    namespace Compositor {$/", "language": "C++", "kind": "namespace", "scope": "WPEFramework::JsonData", "scopeKind": "namespace"}, {"_type": "tag", "name": "DEFAULT", "path": "/home/kavia/workspace/code-generation/app-gateway2/dependencies/build/ThunderInterfaces/definitions/generated/JsonData_Compositor.h", "pattern": "/^            DEFAULT,$/", "language": "C++", "kind": "enumerator", "scope": "WPEFramework::JsonData::Compositor::BrightnessType", "scopeKind": "enum"}, {"_type": "tag", "name": "E1080I50", "path": "/home/kavia/workspace/code-generation/app-gateway2/dependencies/build/ThunderInterfaces/definitions/generated/JsonData_Compositor.h", "pattern": "/^            E1080I50,$/", "language": "C++", "kind": "enumerator", "scope": "WPEFramework::JsonData::Compositor::ResolutionType", "scopeKind": "enum"}, {"_type": "tag", "name": "E1080P24", "path": "/home/kavia/workspace/code-generation/app-gateway2/dependencies/build/ThunderInterfaces/definitions/generated/JsonData_Compositor.h", "pattern": "/^            E1080P24,$/", "language": "C++", "kind": "enumerator", "scope": "WPEFramework::JsonData::Compositor::ResolutionType", "scopeKind": "enum"}, {"_type": "tag", "name": "E1080P50", "path": "/home/kavia/workspace/code-generation/app-gateway2/dependencies/build/ThunderInterfaces/definitions/generated/JsonData_Compositor.h", "pattern": "/^            E1080P50,$/", "language": "C++", "kind": "enumerator", "scope": "WPEFramework::JsonData::Compositor::ResolutionType", "scopeKind": "enum"}, {"_type": "tag", "name": "E1080P60", "path": "/home/kavia/workspace/code-generation/app-gateway2/dependencies/build/ThunderInterfaces/definitions/generated/JsonData_Compositor.h", "pattern": "/^            E1080P60,$/", "language": "C++", "kind": "enumerator", "scope": "WPEFramework::JsonData::Compositor::ResolutionType", "scopeKind": "enum"}, {"_type": "tag", "name": "E2160P50", "path": "/home/kavia/workspace/code-generation/app-gateway2/dependencies/build/ThunderInterfaces/definitions/generated/JsonData_Compositor.h", "pattern": "/^            E2160P50,$/", "language": "C++", "kind": "enumerator", "scope": "WPEFramework::JsonData::Compositor::ResolutionType", "scopeKind": "enum"}, {"_type": "tag", "name": "E2160P60", "path": "/home/kavia/workspace/code-generation/app-gateway2/dependencies/build/ThunderInterfaces/definitions/generated/JsonData_Compositor.h", "pattern": "/^            E2160P60$/", "language": "C++", "kind": "enumerator", "scope": "WPEFramework::JsonData::Compositor::ResolutionType", "scopeKind": "enum"}, {"_type": "tag", "name": "E480I", "path": "/home/kavia/workspace/code-generation/app-gateway2/dependencies/build/ThunderInterfaces/definitions/generated/JsonData_Compositor.h", "pattern": "/^            E480I,$/", "language": "C++", "kind": "enumerator", "scope": "WPEFramework::JsonData::Compositor::ResolutionType", "scopeKind": "enum"}, {"_type": "tag", "name": "E480P", "path": "/home/kavia/workspace/code-generation/app-gateway2/dependencies/build/ThunderInterfaces/definitions/generated/JsonData_Compositor.h", "pattern": "/^            E480P,$/", "language": "C++", "kind": "enumerator", "scope": "WPEFramework::JsonData::Compositor::ResolutionType", "scopeKind": "enum"}, {"_type": "tag", "name": "E720P50", "path": "/home/kavia/workspace/code-generation/app-gateway2/dependencies/build/ThunderInterfaces/definitions/generated/JsonData_Compositor.h", "pattern": "/^            E720P50,$/", "language": "C++", "kind": "enumerator", "scope": "WPEFramework::JsonData::Compositor::ResolutionType", "scopeKind": "enum"}, {"_type": "tag", "name": "E720P60", "path": "/home/kavia/workspace/code-generation/app-gateway2/dependencies/build/ThunderInterfaces/definitions/generated/JsonData_Compositor.h", "pattern": "/^            E720P60,$/", "language": "C++", "kind": "enumerator", "scope": "WPEFramework::JsonData::Compositor::ResolutionType", "scopeKind": "enum"}, {"_type": "tag", "name": "GeometryData", "path": "/home/kavia/workspace/code-generation/app-gateway2/dependencies/build/ThunderInterfaces/definitions/generated/JsonData_Compositor.h", "pattern": "/^            GeometryData()$/", "language": "C++", "kind": "function", "signature": "()", "scope": "WPEFramework::JsonData::Compositor::GeometryData", "scopeKind": "class"}, {"_type": "tag", "name": "GeometryData", "path": "/home/kavia/workspace/code-generation/app-gateway2/dependencies/build/ThunderInterfaces/definitions/generated/JsonData_Compositor.h", "pattern": "/^        class GeometryData : public Core::JSON::Container {$/", "language": "C++", "kind": "class", "scope": "WPEFramework::JsonData::Compositor", "scopeKind": "namespace"}, {"_type": "tag", "name": "HIDDEN", "path": "/home/kavia/workspace/code-generation/app-gateway2/dependencies/build/ThunderInterfaces/definitions/generated/JsonData_Compositor.h", "pattern": "/^            HIDDEN$/", "language": "C++", "kind": "enumerator", "scope": "WPEFramework::JsonData::Compositor::VisiblityType", "scopeKind": "enum"}, {"_type": "tag", "name": "Height", "path": "/home/kavia/workspace/code-generation/app-gateway2/dependencies/build/ThunderInterfaces/definitions/generated/JsonData_Compositor.h", "pattern": "/^            Core::JSON::DecUInt32 Height; \\/\\/ Surface height$/", "language": "C++", "typeref": "typename:Core::JSON::DecUInt32", "kind": "member", "scope": "WPEFramework::JsonData::Compositor::GeometryData", "scopeKind": "class"}, {"_type": "tag", "name": "IsValid", "path": "/home/kavia/workspace/code-generation/app-gateway2/dependencies/build/ThunderInterfaces/definitions/generated/JsonData_Compositor.h", "pattern": "/^            bool IsValid() const$/", "language": "C++", "typeref": "typename:bool", "kind": "function", "signature": "() const", "scope": "WPEFramework::JsonData::Compositor::GeometryData", "scopeKind": "class"}, {"_type": "tag", "name": "IsValid", "path": "/home/kavia/workspace/code-generation/app-gateway2/dependencies/build/ThunderInterfaces/definitions/generated/JsonData_Compositor.h", "pattern": "/^            bool IsValid() const$/", "language": "C++", "typeref": "typename:bool", "kind": "function", "signature": "() const", "scope": "WPEFramework::JsonData::Compositor::PutbelowParamsData", "scopeKind": "class"}, {"_type": "tag", "name": "IsValid", "path": "/home/kavia/workspace/code-generation/app-gateway2/dependencies/build/ThunderInterfaces/definitions/generated/JsonData_Compositor.h", "pattern": "/^            bool IsValid() const$/", "language": "C++", "typeref": "typename:bool", "kind": "function", "signature": "() const", "scope": "WPEFramework::JsonData::Compositor::PutontopParamsInfo", "scopeKind": "class"}, {"_type": "tag", "name": "JsonData", "path": "/home/kavia/workspace/code-generation/app-gateway2/dependencies/build/ThunderInterfaces/definitions/generated/JsonData_Compositor.h", "pattern": "/^namespace JsonData {$/", "language": "C++", "kind": "namespace", "scope": "WPEFramework", "scopeKind": "namespace"}, {"_type": "tag", "name": "MATCH_VIDEO", "path": "/home/kavia/workspace/code-generation/app-gateway2/dependencies/build/ThunderInterfaces/definitions/generated/JsonData_Compositor.h", "pattern": "/^            MATCH_VIDEO,$/", "language": "C++", "kind": "enumerator", "scope": "WPEFramework::JsonData::Compositor::BrightnessType", "scopeKind": "enum"}, {"_type": "tag", "name": "MAX", "path": "/home/kavia/workspace/code-generation/app-gateway2/dependencies/build/ThunderInterfaces/definitions/generated/JsonData_Compositor.h", "pattern": "/^            MAX$/", "language": "C++", "kind": "enumerator", "scope": "WPEFramework::JsonData::Compositor::BrightnessType", "scopeKind": "enum"}, {"_type": "tag", "name": "PutbelowParamsData", "path": "/home/kavia/workspace/code-generation/app-gateway2/dependencies/build/ThunderInterfaces/definitions/generated/JsonData_Compositor.h", "pattern": "/^            PutbelowParamsData()$/", "language": "C++", "kind": "function", "signature": "()", "scope": "WPEFramework::JsonData::Compositor::PutbelowParamsData", "scopeKind": "class"}, {"_type": "tag", "name": "PutbelowParamsData", "path": "/home/kavia/workspace/code-generation/app-gateway2/dependencies/build/ThunderInterfaces/definitions/generated/JsonData_Compositor.h", "pattern": "/^        class PutbelowParamsData : public Core::JSON::Container {$/", "language": "C++", "kind": "class", "scope": "WPEFramework::JsonData::Compositor", "scopeKind": "namespace"}, {"_type": "tag", "name": "PutontopParamsInfo", "path": "/home/kavia/workspace/code-generation/app-gateway2/dependencies/build/ThunderInterfaces/definitions/generated/JsonData_Compositor.h", "pattern": "/^            PutontopParamsInfo()$/", "language": "C++", "kind": "function", "signature": "()", "scope": "WPEFramework::JsonData::Compositor::PutontopParamsInfo", "scopeKind": "class"}, {"_type": "tag", "name": "PutontopParamsInfo", "path": "/home/kavia/workspace/code-generation/app-gateway2/dependencies/build/ThunderInterfaces/definitions/generated/JsonData_Compositor.h", "pattern": "/^        class PutontopParamsInfo : public Core::JSON::Container {$/", "language": "C++", "kind": "class", "scope": "WPEFramework::JsonData::Compositor", "scopeKind": "namespace"}, {"_type": "tag", "name": "Relative", "path": "/home/kavia/workspace/code-generation/app-gateway2/dependencies/build/ThunderInterfaces/definitions/generated/JsonData_Compositor.h", "pattern": "/^            Core::JSON::String Relative; \\/\\/ Client to put the other surface below$/", "language": "C++", "typeref": "typename:Core::JSON::String", "kind": "member", "scope": "WPEFramework::JsonData::Compositor::PutbelowParamsData", "scopeKind": "class"}, {"_type": "tag", "name": "ResolutionType", "path": "/home/kavia/workspace/code-generation/app-gateway2/dependencies/build/ThunderInterfaces/definitions/generated/JsonData_Compositor.h", "pattern": "/^        enum class ResolutionType : uint8_t {$/", "language": "C++", "typeref": "typename:uint8_t", "kind": "enum", "scope": "WPEFramework::JsonData::Compositor", "scopeKind": "namespace"}, {"_type": "tag", "name": "UNKNOWN", "path": "/home/kavia/workspace/code-generation/app-gateway2/dependencies/build/ThunderInterfaces/definitions/generated/JsonData_Compositor.h", "pattern": "/^            UNKNOWN,$/", "language": "C++", "kind": "enumerator", "scope": "WPEFramework::JsonData::Compositor::ResolutionType", "scopeKind": "enum"}, {"_type": "tag", "name": "VISIBLE", "path": "/home/kavia/workspace/code-generation/app-gateway2/dependencies/build/ThunderInterfaces/definitions/generated/JsonData_Compositor.h", "pattern": "/^            VISIBLE,$/", "language": "C++", "kind": "enumerator", "scope": "WPEFramework::JsonData::Compositor::VisiblityType", "scopeKind": "enum"}, {"_type": "tag", "name": "VisiblityType", "path": "/home/kavia/workspace/code-generation/app-gateway2/dependencies/build/ThunderInterfaces/definitions/generated/JsonData_Compositor.h", "pattern": "/^        enum class VisiblityType : uint8_t {$/", "language": "C++", "typeref": "typename:uint8_t", "kind": "enum", "scope": "WPEFramework::JsonData::Compositor", "scopeKind": "namespace"}, {"_type": "tag", "name": "WPEFramework", "path": "/home/kavia/workspace/code-generation/app-gateway2/dependencies/build/ThunderInterfaces/definitions/generated/JsonData_Compositor.h", "pattern": "/^namespace WPEFramework {$/", "language": "C++", "kind": "namespace"}, {"_type": "tag", "name": "Width", "path": "/home/kavia/workspace/code-generation/app-gateway2/dependencies/build/ThunderInterfaces/definitions/generated/JsonData_Compositor.h", "pattern": "/^            Core::JSON::DecUInt32 Width; \\/\\/ Surface width$/", "language": "C++", "typeref": "typename:Core::JSON::DecUInt32", "kind": "member", "scope": "WPEFramework::JsonData::Compositor::GeometryData", "scopeKind": "class"}, {"_type": "tag", "name": "X", "path": "/home/kavia/workspace/code-generation/app-gateway2/dependencies/build/ThunderInterfaces/definitions/generated/JsonData_Compositor.h", "pattern": "/^            Core::JSON::DecUInt32 X; \\/\\/ Horizontal coordinate of the surface$/", "language": "C++", "typeref": "typename:Core::JSON::DecUInt32", "kind": "member", "scope": "WPEFramework::JsonData::Compositor::GeometryData", "scopeKind": "class"}, {"_type": "tag", "name": "Y", "path": "/home/kavia/workspace/code-generation/app-gateway2/dependencies/build/ThunderInterfaces/definitions/generated/JsonData_Compositor.h", "pattern": "/^            Core::JSON::DecUInt32 Y; \\/\\/ Vertical coordinate of the surface$/", "language": "C++", "typeref": "typename:Core::JSON::DecUInt32", "kind": "member", "scope": "WPEFramework::JsonData::Compositor::GeometryData", "scopeKind": "class"}], "hash": "ee4af92c2c006bcec3d9a0c867db8315", "format-version": 4, "code-base-name": "app-gateway2", "filename": "dependencies/build/ThunderInterfaces/definitions/generated/JsonData_Compositor.h", "fields": [{"name": "Core::JSON::String Client", "scope": "WPEFramework::JsonData::Compositor::PutbelowParamsData", "scopeKind": "class", "description": "unavailable"}, {"name": "Core::JSON::DecUInt32 Height", "scope": "WPEFramework::JsonData::Compositor::GeometryData", "scopeKind": "class", "description": "unavailable"}, {"name": "Core::JSON::String Relative", "scope": "WPEFramework::JsonData::Compositor::PutbelowParamsData", "scopeKind": "class", "description": "unavailable"}, {"name": "Core::JSON::DecUInt32 Width", "scope": "WPEFramework::JsonData::Compositor::GeometryData", "scopeKind": "class", "description": "unavailable"}, {"name": "Core::JSON::DecUInt32 X", "scope": "WPEFramework::JsonData::Compositor::GeometryData", "scopeKind": "class", "description": "unavailable"}, {"name": "Core::JSON::DecUInt32 Y", "scope": "WPEFramework::JsonData::Compositor::GeometryData", "scopeKind": "class", "description": "unavailable"}], "revision_history": [{"18566": "a019ef1ecf9043a6387775f8d60762f619f4c761"}]}