{"is_source_file": true, "format": "C++ header file", "description": "This file defines version constants for the JBluetoothRemoteControl component within the WPEFramework project, including version number information and namespace organization.", "external_files": ["Module.h", "JsonData_BluetoothRemoteControl.h"], "external_methods": [], "published": [], "classes": [], "methods": [], "calls": [], "search-terms": ["JBluetoothRemoteControl", "Version", "BluetoothRemoteControl", "JsonData_BluetoothRemoteControl", "WPEFramework"], "state": 2, "file_id": 8412, "knowledge_revision": 17121, "git_revision": "0f87a35b32215bc8547fb583d6c84bd51f603f69", "ctags": [{"_type": "tag", "name": "Exchange", "path": "/home/kavia/workspace/code-generation/app-gateway2/dependencies/install/include/WPEFramework/interfaces/json/JBluetoothRemoteControl.h", "pattern": "/^namespace Exchange {$/", "language": "C++", "kind": "namespace", "scope": "WPEFramework", "scopeKind": "namespace"}, {"_type": "tag", "name": "JBluetoothRemoteControl", "path": "/home/kavia/workspace/code-generation/app-gateway2/dependencies/install/include/WPEFramework/interfaces/json/JBluetoothRemoteControl.h", "pattern": "/^    namespace JBluetoothRemoteControl {$/", "language": "C++", "kind": "namespace", "scope": "WPEFramework::Exchange", "scopeKind": "namespace"}, {"_type": "tag", "name": "Major", "path": "/home/kavia/workspace/code-generation/app-gateway2/dependencies/install/include/WPEFramework/interfaces/json/JBluetoothRemoteControl.h", "pattern": "/^            constexpr uint8_t Major = 1;$/", "language": "C++", "typeref": "typename:uint8_t", "kind": "variable", "scope": "WPEFramework::Exchange::JBluetoothRemoteControl::Version", "scopeKind": "namespace"}, {"_type": "tag", "name": "Minor", "path": "/home/kavia/workspace/code-generation/app-gateway2/dependencies/install/include/WPEFramework/interfaces/json/JBluetoothRemoteControl.h", "pattern": "/^            constexpr uint8_t Minor = 0;$/", "language": "C++", "typeref": "typename:uint8_t", "kind": "variable", "scope": "WPEFramework::Exchange::JBluetoothRemoteControl::Version", "scopeKind": "namespace"}, {"_type": "tag", "name": "Patch", "path": "/home/kavia/workspace/code-generation/app-gateway2/dependencies/install/include/WPEFramework/interfaces/json/JBluetoothRemoteControl.h", "pattern": "/^            constexpr uint8_t Patch = 0;$/", "language": "C++", "typeref": "typename:uint8_t", "kind": "variable", "scope": "WPEFramework::Exchange::JBluetoothRemoteControl::Version", "scopeKind": "namespace"}, {"_type": "tag", "name": "Version", "path": "/home/kavia/workspace/code-generation/app-gateway2/dependencies/install/include/WPEFramework/interfaces/json/JBluetoothRemoteControl.h", "pattern": "/^        namespace Version {$/", "language": "C++", "kind": "namespace", "scope": "WPEFramework::Exchange::JBluetoothRemoteControl", "scopeKind": "namespace"}, {"_type": "tag", "name": "WPEFramework", "path": "/home/kavia/workspace/code-generation/app-gateway2/dependencies/install/include/WPEFramework/interfaces/json/JBluetoothRemoteControl.h", "pattern": "/^namespace WPEFramework {$/", "language": "C++", "kind": "namespace"}], "hash": "f5c4d7e350357143955730c3810e59b6", "format-version": 4, "code-base-name": "app-gateway2", "filename": "dependencies/install/include/WPEFramework/interfaces/json/JBluetoothRemoteControl.h", "fields": [{"name": "uint8_t Major", "scope": "WPEFramework::Exchange::JBluetoothRemoteControl::Version", "scopeKind": "namespace", "description": "unavailable"}, {"name": "uint8_t Minor", "scope": "WPEFramework::Exchange::JBluetoothRemoteControl::Version", "scopeKind": "namespace", "description": "unavailable"}, {"name": "uint8_t Patch", "scope": "WPEFramework::Exchange::JBluetoothRemoteControl::Version", "scopeKind": "namespace", "description": "unavailable"}], "revision_history": [{"17121": "0f87a35b32215bc8547fb583d6c84bd51f603f69"}]}