{"is_source_file": true, "format": "C++", "description": "This source file defines a C++ class 'LocationData' within the JsonData::LocationSync namespace, representing JSON-serializable location information for an API, including city, country, region, timezone, and public IP.", "external_files": ["<core/JSON.h>"], "external_methods": [], "published": ["WPEFramework::JsonData::LocationSync::LocationData"], "classes": [{"name": "LocationData", "description": "A JSON container class for location data including city, country, region, timezone, and public IP, with serialization support."}], "methods": [{"name": "LocationData()", "description": "Constructor initializing JSON fields for location data.", "scope": "WPEFramework::JsonData::LocationSync::LocationData", "scopeKind": "class"}, {"name": "IsValid()", "description": "Checks if the data in LocationData is valid; currently always returns true."}, {"name": "bool IsValid() const", "scope": "WPEFramework::JsonData::LocationSync::LocationData", "scopeKind": "class", "description": "unavailable"}], "calls": [], "search-terms": ["LocationData", "JSON container", "LocationSync", "generated header", "JSON serialization"], "state": 2, "file_id": 8864, "knowledge_revision": 18530, "git_revision": "a019ef1ecf9043a6387775f8d60762f619f4c761", "ctags": [{"_type": "tag", "name": "City", "path": "/home/kavia/workspace/code-generation/app-gateway2/dependencies/build/ThunderInterfaces/definitions/generated/JsonData_LocationSync.h", "pattern": "/^            Core::JSON::String City; \\/\\/ City name$/", "language": "C++", "typeref": "typename:Core::JSON::String", "kind": "member", "scope": "WPEFramework::JsonData::LocationSync::LocationData", "scopeKind": "class"}, {"_type": "tag", "name": "Country", "path": "/home/kavia/workspace/code-generation/app-gateway2/dependencies/build/ThunderInterfaces/definitions/generated/JsonData_LocationSync.h", "pattern": "/^            Core::JSON::String Country; \\/\\/ Country name$/", "language": "C++", "typeref": "typename:Core::JSON::String", "kind": "member", "scope": "WPEFramework::JsonData::LocationSync::LocationData", "scopeKind": "class"}, {"_type": "tag", "name": "IsValid", "path": "/home/kavia/workspace/code-generation/app-gateway2/dependencies/build/ThunderInterfaces/definitions/generated/JsonData_LocationSync.h", "pattern": "/^            bool IsValid() const$/", "language": "C++", "typeref": "typename:bool", "kind": "function", "signature": "() const", "scope": "WPEFramework::JsonData::LocationSync::LocationData", "scopeKind": "class"}, {"_type": "tag", "name": "JsonData", "path": "/home/kavia/workspace/code-generation/app-gateway2/dependencies/build/ThunderInterfaces/definitions/generated/JsonData_LocationSync.h", "pattern": "/^namespace JsonData {$/", "language": "C++", "kind": "namespace", "scope": "WPEFramework", "scopeKind": "namespace"}, {"_type": "tag", "name": "LocationData", "path": "/home/kavia/workspace/code-generation/app-gateway2/dependencies/build/ThunderInterfaces/definitions/generated/JsonData_LocationSync.h", "pattern": "/^            LocationData()$/", "language": "C++", "kind": "function", "signature": "()", "scope": "WPEFramework::JsonData::LocationSync::LocationData", "scopeKind": "class"}, {"_type": "tag", "name": "LocationData", "path": "/home/kavia/workspace/code-generation/app-gateway2/dependencies/build/ThunderInterfaces/definitions/generated/JsonData_LocationSync.h", "pattern": "/^        class LocationData : public Core::JSON::Container {$/", "language": "C++", "kind": "class", "scope": "WPEFramework::JsonData::LocationSync", "scopeKind": "namespace"}, {"_type": "tag", "name": "LocationSync", "path": "/home/kavia/workspace/code-generation/app-gateway2/dependencies/build/ThunderInterfaces/definitions/generated/JsonData_LocationSync.h", "pattern": "/^    namespace LocationSync {$/", "language": "C++", "kind": "namespace", "scope": "WPEFramework::JsonData", "scopeKind": "namespace"}, {"_type": "tag", "name": "Publicip", "path": "/home/kavia/workspace/code-generation/app-gateway2/dependencies/build/ThunderInterfaces/definitions/generated/JsonData_LocationSync.h", "pattern": "/^            Core::JSON::String Publicip; \\/\\/ Public IP$/", "language": "C++", "typeref": "typename:Core::JSON::String", "kind": "member", "scope": "WPEFramework::JsonData::LocationSync::LocationData", "scopeKind": "class"}, {"_type": "tag", "name": "Region", "path": "/home/kavia/workspace/code-generation/app-gateway2/dependencies/build/ThunderInterfaces/definitions/generated/JsonData_LocationSync.h", "pattern": "/^            Core::JSON::String Region; \\/\\/ Region name$/", "language": "C++", "typeref": "typename:Core::JSON::String", "kind": "member", "scope": "WPEFramework::JsonData::LocationSync::LocationData", "scopeKind": "class"}, {"_type": "tag", "name": "Timezone", "path": "/home/kavia/workspace/code-generation/app-gateway2/dependencies/build/ThunderInterfaces/definitions/generated/JsonData_LocationSync.h", "pattern": "/^            Core::JSON::String Timezone; \\/\\/ Time zone information$/", "language": "C++", "typeref": "typename:Core::JSON::String", "kind": "member", "scope": "WPEFramework::JsonData::LocationSync::LocationData", "scopeKind": "class"}, {"_type": "tag", "name": "WPEFramework", "path": "/home/kavia/workspace/code-generation/app-gateway2/dependencies/build/ThunderInterfaces/definitions/generated/JsonData_LocationSync.h", "pattern": "/^namespace WPEFramework {$/", "language": "C++", "kind": "namespace"}], "hash": "83a43f70db091e337b9174de8f5edeba", "format-version": 4, "code-base-name": "app-gateway2", "filename": "dependencies/build/ThunderInterfaces/definitions/generated/JsonData_LocationSync.h", "fields": [{"name": "Core::JSON::String City", "scope": "WPEFramework::JsonData::LocationSync::LocationData", "scopeKind": "class", "description": "unavailable"}, {"name": "Core::JSON::String Country", "scope": "WPEFramework::JsonData::LocationSync::LocationData", "scopeKind": "class", "description": "unavailable"}, {"name": "Core::JSON::String Publicip", "scope": "WPEFramework::JsonData::LocationSync::LocationData", "scopeKind": "class", "description": "unavailable"}, {"name": "Core::JSON::String Region", "scope": "WPEFramework::JsonData::LocationSync::LocationData", "scopeKind": "class", "description": "unavailable"}, {"name": "Core::JSON::String Timezone", "scope": "WPEFramework::JsonData::LocationSync::LocationData", "scopeKind": "class", "description": "unavailable"}], "revision_history": [{"18530": "a019ef1ecf9043a6387775f8d60762f619f4c761"}]}