{"is_source_file": true, "format": "C++", "description": "Generated C++ source file containing enumeration conversions for PlayerProperties API, including codecs and resolution enumerations, facilitating serialization and deserialization between enum values and string representations.", "external_files": ["<core/Enumerate.h>", "definitions.h", "<interfaces/IPlayerInfo.h>", "JsonData_PlayerProperties.h"], "external_methods": [], "published": ["ENUM_CONVERSION_BEGIN", "ENUM_CONVERSION_END"], "classes": [], "methods": [{"name": "ENUM_CONVERSION_BEGIN(Exchange::IPlayerProperties::AudioCodec)", "scope": "WPEFramework", "scopeKind": "namespace", "description": "unavailable"}], "calls": ["ENUM_CONVERSION_BEGIN(Exchange::IPlayerProperties::AudioCodec)", "ENUM_CONVERSION_END(Exchange::IPlayerProperties::AudioCodec)", "ENUM_CONVERSION_BEGIN(Exchange::IPlayerProperties::VideoCodec)", "ENUM_CONVERSION_END(Exchange::IPlayerProperties::VideoCodec)", "ENUM_CONVERSION_BEGIN(Exchange::IPlayerProperties::PlaybackResolution)", "ENUM_CONVERSION_END(Exchange::IPlayerProperties::PlaybackResolution)"], "search-terms": ["PlayerProperties enumeration", "AudioCodec enum conversion", "VideoCodec enum conversion", "PlaybackResolution enum conversion", "JsonEnum_PlayerProperties", "generated enumeration source", "IPlayerInfo.h"], "state": 2, "file_id": 8888, "knowledge_revision": 18558, "git_revision": "a019ef1ecf9043a6387775f8d60762f619f4c761", "ctags": [{"_type": "tag", "name": "ENUM_CONVERSION_BEGIN", "path": "/home/kavia/workspace/code-generation/app-gateway2/dependencies/build/ThunderInterfaces/definitions/generated/JsonEnum_PlayerProperties.cpp", "pattern": "/^ENUM_CONVERSION_BEGIN(Exchange::IPlayerProperties::AudioCodec)$/", "language": "C++", "kind": "function", "signature": "(Exchange::IPlayerProperties::AudioCodec)", "scope": "WPEFramework", "scopeKind": "namespace"}, {"_type": "tag", "name": "WPEFramework", "path": "/home/kavia/workspace/code-generation/app-gateway2/dependencies/build/ThunderInterfaces/definitions/generated/JsonEnum_PlayerProperties.cpp", "pattern": "/^namespace WPEFramework {$/", "file": true, "language": "C++", "kind": "namespace"}], "hash": "fbc770d2e120c32ca7fb4dec5570a615", "format-version": 4, "code-base-name": "app-gateway2", "filename": "dependencies/build/ThunderInterfaces/definitions/generated/JsonEnum_PlayerProperties.cpp", "revision_history": [{"18558": "a019ef1ecf9043a6387775f8d60762f619f4c761"}]}