{"is_source_file": true, "format": "C++ header", "description": "This file defines interfaces related to an AVS (Alexa Voice Service) client and controller within the WPEFramework. It declares rich interfaces with methods for controlling dialogue state, muting, recording, and managing AVS client lifecycle.", "external_files": ["Module.h", "PluginHost::IShell"], "external_methods": ["PluginHost::IShell::"], "published": ["WPEFramework::Exchange::IAVSClient", "WPEFramework::Exchange::IAVSController"], "classes": [{"name": "IAVSController", "description": "Interface for controlling AVS dialogue states and notifying about dialogue state changes."}, {"name": "INotification", "description": "Nested interface for receiving notifications about dialogue state changes, including current state."}, {"name": "IAVSClient", "description": "Interface for managing the AVS client, including initialization, deinitialization, and accessing the controller."}], "methods": [{"name": "Initialize", "description": "Initializes the AVS client with the given service context and configuration string."}, {"name": "Deinitialize", "description": "Deinitializes the AVS client, releasing resources."}, {"name": "Controller", "description": "Returns a pointer to the AVS controller interface."}, {"name": "StateChange", "description": "Notifies the AVS client of a change in the audio source state."}, {"name": "DialogueStateChange", "description": "Notification method called when the dialogue state changes (implemented by INotification)."}, {"name": "Mute", "description": "Mutes or unmutes the AVS audio output."}, {"name": "Record", "description": "Starts or stops voice recording, optionally skipping keyword detection."}, {"name": "Register", "description": "Registers a notification sink for dialogue state changes."}, {"name": "Unregister", "description": "Unregisters a previously registered notification sink."}], "calls": ["IAVSClient::Initialize", "IAVSClient::Deinitialize", "IAVSClient::Controller", "IAVSClient::StateChange", "IAVSController::Mute", "IAVSController::Record", "INotification::DialogueStateChange", "IAVSClient::Register", "IAVSClient::Unregister"], "search-terms": ["IAVSClient", "IAVSController", "AVS", "VoiceService", "DialogueState", "Mute", "Record", "Notification", "Initialize", "Deinitialize"], "state": 2, "file_id": 8540, "knowledge_revision": 17254, "git_revision": "0f87a35b32215bc8547fb583d6c84bd51f603f69", "ctags": [{"_type": "tag", "name": "EXPECTING", "path": "/home/kavia/workspace/code-generation/app-gateway2/dependencies/install/include/WPEFramework/interfaces/IAVSClient.h", "pattern": "/^                EXPECTING,$/", "language": "C++", "kind": "enumerator", "scope": "WPEFramework::Exchange::IAVSController::INotification::dialoguestate", "scopeKind": "enum"}, {"_type": "tag", "name": "Exchange", "path": "/home/kavia/workspace/code-generation/app-gateway2/dependencies/install/include/WPEFramework/interfaces/IAVSClient.h", "pattern": "/^namespace Exchange {$/", "language": "C++", "kind": "namespace", "scope": "WPEFramework", "scopeKind": "namespace"}, {"_type": "tag", "name": "IAVSClient", "path": "/home/kavia/workspace/code-generation/app-gateway2/dependencies/install/include/WPEFramework/interfaces/IAVSClient.h", "pattern": "/^    struct EXTERNAL IAVSClient : virtual public Core::IUnknown {$/", "language": "C++", "kind": "struct", "scope": "WPEFramework::Exchange", "scopeKind": "namespace"}, {"_type": "tag", "name": "IAVSController", "path": "/home/kavia/workspace/code-generation/app-gateway2/dependencies/install/include/WPEFramework/interfaces/IAVSClient.h", "pattern": "/^    struct EXTERNAL IAVSController : virtual public Core::IUnknown {$/", "language": "C++", "kind": "struct", "scope": "WPEFramework::Exchange", "scopeKind": "namespace"}, {"_type": "tag", "name": "ID", "path": "/home/kavia/workspace/code-generation/app-gateway2/dependencies/install/include/WPEFramework/interfaces/IAVSClient.h", "pattern": "/^            enum { ID = ID_AVSCONTROLLER_NOTIFICATION };$/", "language": "C++", "kind": "enumerator", "scope": "WPEFramework::Exchange::IAVSController::INotification::__anonc881ccbc0203", "scopeKind": "enum"}, {"_type": "tag", "name": "ID", "path": "/home/kavia/workspace/code-generation/app-gateway2/dependencies/install/include/WPEFramework/interfaces/IAVSClient.h", "pattern": "/^        enum { ID = ID_AVSCLIENT };$/", "language": "C++", "kind": "enumerator", "scope": "WPEFramework::Exchange::IAVSClient::__anonc881ccbc0303", "scopeKind": "enum"}, {"_type": "tag", "name": "ID", "path": "/home/kavia/workspace/code-generation/app-gateway2/dependencies/install/include/WPEFramework/interfaces/IAVSClient.h", "pattern": "/^        enum { ID = ID_AVSCONTROLLER };$/", "language": "C++", "kind": "enumerator", "scope": "WPEFramework::Exchange::IAVSController::__anonc881ccbc0103", "scopeKind": "enum"}, {"_type": "tag", "name": "IDLE", "path": "/home/kavia/workspace/code-generation/app-gateway2/dependencies/install/include/WPEFramework/interfaces/IAVSClient.h", "pattern": "/^                IDLE,$/", "language": "C++", "kind": "enumerator", "scope": "WPEFramework::Exchange::IAVSController::INotification::dialoguestate", "scopeKind": "enum"}, {"_type": "tag", "name": "INotification", "path": "/home/kavia/workspace/code-generation/app-gateway2/dependencies/install/include/WPEFramework/interfaces/IAVSClient.h", "pattern": "/^        struct EXTERNAL INotification : virtual public Core::IUnknown {$/", "language": "C++", "kind": "struct", "scope": "WPEFramework::Exchange::IAVSController", "scopeKind": "struct"}, {"_type": "tag", "name": "LISTENING", "path": "/home/kavia/workspace/code-generation/app-gateway2/dependencies/install/include/WPEFramework/interfaces/IAVSClient.h", "pattern": "/^                LISTENING,$/", "language": "C++", "kind": "enumerator", "scope": "WPEFramework::Exchange::IAVSController::INotification::dialoguestate", "scopeKind": "enum"}, {"_type": "tag", "name": "SPEAKING", "path": "/home/kavia/workspace/code-generation/app-gateway2/dependencies/install/include/WPEFramework/interfaces/IAVSClient.h", "pattern": "/^                SPEAKING$/", "language": "C++", "kind": "enumerator", "scope": "WPEFramework::Exchange::IAVSController::INotification::dialoguestate", "scopeKind": "enum"}, {"_type": "tag", "name": "THINKING", "path": "/home/kavia/workspace/code-generation/app-gateway2/dependencies/install/include/WPEFramework/interfaces/IAVSClient.h", "pattern": "/^                THINKING,$/", "language": "C++", "kind": "enumerator", "scope": "WPEFramework::Exchange::IAVSController::INotification::dialoguestate", "scopeKind": "enum"}, {"_type": "tag", "name": "WPEFramework", "path": "/home/kavia/workspace/code-generation/app-gateway2/dependencies/install/include/WPEFramework/interfaces/IAVSClient.h", "pattern": "/^namespace WPEFramework {$/", "language": "C++", "kind": "namespace"}, {"_type": "tag", "name": "__anonc881ccbc0103", "path": "/home/kavia/workspace/code-generation/app-gateway2/dependencies/install/include/WPEFramework/interfaces/IAVSClient.h", "pattern": "/^        enum { ID = ID_AVSCONTROLLER };$/", "language": "C++", "kind": "enum", "scope": "WPEFramework::Exchange::IAVSController", "scopeKind": "struct"}, {"_type": "tag", "name": "__anonc881ccbc0203", "path": "/home/kavia/workspace/code-generation/app-gateway2/dependencies/install/include/WPEFramework/interfaces/IAVSClient.h", "pattern": "/^            enum { ID = ID_AVSCONTROLLER_NOTIFICATION };$/", "language": "C++", "kind": "enum", "scope": "WPEFramework::Exchange::IAVSController::INotification", "scopeKind": "struct"}, {"_type": "tag", "name": "__anonc881ccbc0303", "path": "/home/kavia/workspace/code-generation/app-gateway2/dependencies/install/include/WPEFramework/interfaces/IAVSClient.h", "pattern": "/^        enum { ID = ID_AVSCLIENT };$/", "language": "C++", "kind": "enum", "scope": "WPEFramework::Exchange::IAVSClient", "scopeKind": "struct"}, {"_type": "tag", "name": "dialoguestate", "path": "/home/kavia/workspace/code-generation/app-gateway2/dependencies/install/include/WPEFramework/interfaces/IAVSClient.h", "pattern": "/^            enum dialoguestate : uint8_t {$/", "language": "C++", "typeref": "typename:uint8_t", "kind": "enum", "scope": "WPEFramework::Exchange::IAVSController::INotification", "scopeKind": "struct"}], "hash": "ea9212db5332b1c34717aacdd18fe74c", "format-version": 4, "code-base-name": "app-gateway2", "filename": "dependencies/install/include/WPEFramework/interfaces/IAVSClient.h", "revision_history": [{"17254": "0f87a35b32215bc8547fb583d6c84bd51f603f69"}]}