{"is_source_file": true, "format": "C++ header", "description": "This header file is part of the WPEFramework project, defining JSON data structures related to BrowserResources API, specifically for JSON-RPC communication. It includes references to browser interface types and enumeration conversion handlers, serving as part of the data definition layer.", "external_files": ["<core/JSON.h>", "<interfaces/IBrowser.h>"], "external_methods": [], "published": ["WPEFramework::JsonData::BrowserResources"], "classes": [], "methods": [], "calls": [], "search-terms": ["JsonData_BrowserResources", "BrowserResources API", "JSON-RPC", "IWebBrowser", "VisibilityType", "HTTPCookieAcceptPolicyType", "WPEFramework", "interfaces", "JSON"], "state": 2, "file_id": 8527, "knowledge_revision": 17238, "git_revision": "a019ef1ecf9043a6387775f8d60762f619f4c761", "ctags": [{"_type": "tag", "name": "BrowserResources", "path": "/home/kavia/workspace/code-generation/app-gateway2/dependencies/install/include/WPEFramework/interfaces/json/JsonData_BrowserResources.h", "pattern": "/^    namespace BrowserResources {$/", "language": "C++", "kind": "namespace", "scope": "WPEFramework::JsonData", "scopeKind": "namespace"}, {"_type": "tag", "name": "JsonData", "path": "/home/kavia/workspace/code-generation/app-gateway2/dependencies/install/include/WPEFramework/interfaces/json/JsonData_BrowserResources.h", "pattern": "/^namespace JsonData {$/", "language": "C++", "kind": "namespace", "scope": "WPEFramework", "scopeKind": "namespace"}, {"_type": "tag", "name": "WPEFramework", "path": "/home/kavia/workspace/code-generation/app-gateway2/dependencies/install/include/WPEFramework/interfaces/json/JsonData_BrowserResources.h", "pattern": "/^namespace WPEFramework {$/", "language": "C++", "kind": "namespace"}], "hash": "b6a4e07e027f816cab2407854006b546", "format-version": 4, "code-base-name": "app-gateway2", "filename": "dependencies/install/include/WPEFramework/interfaces/json/JsonData_BrowserResources.h", "revision_history": [{"17238": "a019ef1ecf9043a6387775f8d60762f619f4c761"}]}