{"is_source_file": true, "format": "C++", "description": "This file contains enumeration conversions for Bluetooth Control API JSON-RPC interface, mapping enum values to string representations for serialization/deserialization.", "external_files": ["<core/Enumerate.h>", "definitions.h", "JsonData_BluetoothControl.h"], "external_methods": [], "published": ["JsonData::BluetoothControl::scantype", "JsonData::BluetoothControl::scanmode", "Exchange::IBluetooth::IDevice::type", "Exchange::IBluetooth::IDevice::pairingcapabilities", "JsonData::BluetoothControl::AdapterData::adaptertype", "JsonData::BluetoothControl::DevicestatechangeParamsData::devicestate", "JsonData::BluetoothControl::DevicestatechangeParamsData::disconnectreason"], "classes": [], "methods": [{"name": "ENUM_CONVERSION_BEGIN(JsonData::BluetoothControl::scantype)", "scope": "WPEFramework", "scopeKind": "namespace", "description": "unavailable"}], "calls": ["ENUM_CONVERSION_BEGIN(JsonData::BluetoothControl::scantype)", "ENUM_CONVERSION_END(JsonData::BluetoothControl::scantype)", "ENUM_CONVERSION_BEGIN(JsonData::BluetoothControl::scanmode)", "ENUM_CONVERSION_END(JsonData::BluetoothControl::scanmode)", "ENUM_CONVERSION_BEGIN(Exchange::IBluetooth::IDevice::type)", "ENUM_CONVERSION_END(Exchange::IBluetooth::IDevice::type)", "ENUM_CONVERSION_BEGIN(Exchange::IBluetooth::IDevice::pairingcapabilities)", "ENUM_CONVERSION_END(Exchange::IBluetooth::IDevice::pairingcapabilities)", "ENUM_CONVERSION_BEGIN(JsonData::BluetoothControl::AdapterData::adaptertype)", "ENUM_CONVERSION_END(JsonData::BluetoothControl::AdapterData::adaptertype)", "ENUM_CONVERSION_BEGIN(JsonData::BluetoothControl::DevicestatechangeParamsData::devicestate)", "ENUM_CONVERSION_END(JsonData::BluetoothControl::DevicestatechangeParamsData::devicestate)", "ENUM_CONVERSION_BEGIN(JsonData::BluetoothControl::DevicestatechangeParamsData::disconnectreason)", "ENUM_CONVERSION_END(JsonData::BluetoothControl::DevicestatechangeParamsData::disconnectreason)"], "search-terms": ["JsonEnum_BluetoothControl", "BluetoothControl JSON", "enum conversion Bluetooth", "Bluetooth API enumeration"], "state": 2, "file_id": 9053, "knowledge_revision": 18725, "git_revision": "a019ef1ecf9043a6387775f8d60762f619f4c761", "ctags": [{"_type": "tag", "name": "ENUM_CONVERSION_BEGIN", "path": "/home/kavia/workspace/code-generation/app-gateway2/dependencies/build/ThunderInterfaces/definitions/generated/JsonEnum_BluetoothControl.cpp", "pattern": "/^ENUM_CONVERSION_BEGIN(JsonData::BluetoothControl::scantype)$/", "language": "C++", "kind": "function", "signature": "(JsonData::BluetoothControl::scantype)", "scope": "WPEFramework", "scopeKind": "namespace"}, {"_type": "tag", "name": "WPEFramework", "path": "/home/kavia/workspace/code-generation/app-gateway2/dependencies/build/ThunderInterfaces/definitions/generated/JsonEnum_BluetoothControl.cpp", "pattern": "/^namespace WPEFramework {$/", "file": true, "language": "C++", "kind": "namespace"}], "hash": "463843ae930e174f186a7c97725c7d7a", "format-version": 4, "code-base-name": "app-gateway2", "filename": "dependencies/build/ThunderInterfaces/definitions/generated/JsonEnum_BluetoothControl.cpp", "revision_history": [{"18725": "a019ef1ecf9043a6387775f8d60762f619f4c761"}]}