{"is_source_file": true, "format": "C++ header", "description": "This file defines a template class `StreamJSONType` within the WPEFramework Core namespace, providing JSON stream serialization and deserialization functionality with lock management, message queuing, and socket-like data handling. It includes nested classes for serialization, deserialization, and data transfer handlers, and facilitates JSON communication over a network or IPC.", "external_files": ["JSON.h", "Module.h", "Portability.h"], "external_methods": ["Core::ProxyType<INTERFACE>::Serialize", "Core::ProxyType<INTERFACE>::Deserialize", "Core::CriticalSection::Lock", "Core::CriticalSection::Unlock", "Core::ProxyType<INTERFACE>::IsValid", "Core::ProxyType<INTERFACE>::Release", "Core::JSON::IElement::Serialize", "Core::JSON::IElement::Deserialize"], "published": ["WPEFramework::Core::StreamJSONType"], "classes": [{"name": "StreamJSONType", "description": "A template class providing JSON serialization/deserialization over a stream with locking, queuing, and network handling capabilities."}], "methods": [{"name": "SOURCE & Link()", "description": "Returns a reference to the internal communication channel handler.", "scope": "WPEFramework::Core::StreamJSONType", "scopeKind": "class"}, {"name": "Received", "description": "Virtual method to handle received proxy interface objects."}, {"name": "Send", "description": "Virtual method to send proxy interface objects over the stream."}, {"name": "void StateChange()", "description": "Virtual method to handle change in stream state.", "scope": "WPEFramework::Core::StreamJSONType::HandlerType", "scopeKind": "class"}, {"name": "bool Submit(const ProxyType<INTERFACE> & entry)", "description": "Submits a proxy interface object to be serialized and sent via the internal channel.", "scope": "WPEFramework::Core::StreamJSONType::SerializerImpl", "scopeKind": "class"}, {"name": "uint32_t Open(const uint32_t waitTime)", "description": "Opens the stream with specified wait time.", "scope": "WPEFramework::Core::StreamJSONType", "scopeKind": "class"}, {"name": "uint32_t Close(const uint32_t waitTime)", "description": "Closes the stream with specified wait time.", "scope": "WPEFramework::Core::StreamJSONType", "scopeKind": "class"}, {"name": "bool IsOpen() const", "description": "Checks if the stream is open.", "scope": "WPEFramework::Core::StreamJSONType", "scopeKind": "class"}, {"name": "bool IsClosed() const", "description": "Checks if the stream is closed.", "scope": "WPEFramework::Core::StreamJSONType", "scopeKind": "class"}, {"name": "bool IsSuspended() const", "description": "Checks if the stream is suspended.", "scope": "WPEFramework::Core::StreamJSONType", "scopeKind": "class"}, {"name": "uint16_t Deserialize(const Core::ProxyType<Core::JSON::IElement> & source,const uint8_t * stream,const uint16_t length)", "scope": "WPEFramework::Core::StreamJSONType::DeserializerImpl", "scopeKind": "class", "description": "unavailable"}, {"name": "uint16_t Deserialize(const Core::ProxyType<Core::JSON::IMessagePack> & source,const uint8_t * stream,const uint16_t length)", "scope": "WPEFramework::Core::StreamJSONType::DeserializerImpl", "scopeKind": "class", "description": "unavailable"}, {"name": "uint16_t Deserialize(const uint8_t * stream,const uint16_t length)", "scope": "WPEFramework::Core::StreamJSONType::DeserializerImpl", "scopeKind": "class", "description": "unavailable"}, {"name": "DeserializerImpl(ParentClass & parent,ALLOCATOR allocator)", "scope": "WPEFramework::Core::StreamJSONType::DeserializerImpl", "scopeKind": "class", "description": "unavailable"}, {"name": "DeserializerImpl(ParentClass & parent,const uint8_t slotSize)", "scope": "WPEFramework::Core::StreamJSONType::DeserializerImpl", "scopeKind": "class", "description": "unavailable"}, {"name": "HandlerType(ParentClass & parent)", "scope": "WPEFramework::Core::StreamJSONType::HandlerType", "scopeKind": "class", "description": "unavailable"}, {"name": "HandlerType(ParentClass & parent,Args...args)", "scope": "WPEFramework::Core::StreamJSONType::HandlerType", "scopeKind": "class", "description": "unavailable"}, {"name": "bool IsIdle() const", "scope": "WPEFramework::Core::StreamJSONType", "scopeKind": "class", "description": "unavailable"}, {"name": "uint16_t ReceiveData(uint8_t * dataFrame,const uint16_t receivedSize)", "scope": "WPEFramework::Core::StreamJSONType", "scopeKind": "class", "description": "unavailable"}, {"name": "uint16_t SendData(uint8_t * dataFrame,const uint16_t maxSendSize)", "scope": "WPEFramework::Core::StreamJSONType", "scopeKind": "class", "description": "unavailable"}, {"name": "uint16_t Serialize(const Core::ProxyType<Core::JSON::IElement> & source,uint8_t * stream,const uint16_t length) const", "scope": "WPEFramework::Core::StreamJSONType::SerializerImpl", "scopeKind": "class", "description": "unavailable"}, {"name": "uint16_t Serialize(const Core::ProxyType<Core::JSON::IMessagePack> & source,uint8_t * stream,const uint16_t length) const", "scope": "WPEFramework::Core::StreamJSONType::SerializerImpl", "scopeKind": "class", "description": "unavailable"}, {"name": "uint16_t Serialize(uint8_t * stream,const uint16_t length) const", "scope": "WPEFramework::Core::StreamJSONType::SerializerImpl", "scopeKind": "class", "description": "unavailable"}, {"name": "SerializerImpl(ParentClass & parent,const uint8_t slotSize)", "scope": "WPEFramework::Core::StreamJSONType::SerializerImpl", "scopeKind": "class", "description": "unavailable"}, {"name": "DISABLE_WARNING_THIS_IN_MEMBER_INITIALIZER_LIST StreamJSONType(uint8_t slotSize,ALLOCATOR & allocator,Args...args)", "scope": "WPEFramework::Core::StreamJSONType", "scopeKind": "class", "description": "unavailable"}, {"name": "StreamJSONType(uint8_t slotSize,Args...args)", "scope": "WPEFramework::Core::StreamJSONType", "scopeKind": "class", "description": "unavailable"}, {"name": "void Submit(const ProxyType<INTERFACE> & element)", "scope": "WPEFramework::Core::StreamJSONType", "scopeKind": "class", "description": "unavailable"}, {"name": "~DeserializerImpl()", "scope": "WPEFramework::Core::StreamJSONType::DeserializerImpl", "scopeKind": "class", "description": "unavailable"}, {"name": "~HandlerType()", "scope": "WPEFramework::Core::StreamJSONType::HandlerType", "scopeKind": "class", "description": "unavailable"}, {"name": "~SerializerImpl()", "scope": "WPEFramework::Core::StreamJSONType::SerializerImpl", "scopeKind": "class", "description": "unavailable"}, {"name": "POP_WARNING () ~StreamJSONType()", "scope": "WPEFramework::Core::StreamJSONType", "scopeKind": "class", "description": "unavailable"}], "search-terms": ["StreamJSON", "JSON serialization", "template class", "lock", "queue", "WPEFramework", "core", "serialization", "deserialization", "network stream"], "state": 2, "file_id": 8589, "knowledge_revision": 17299, "git_revision": "0f87a35b32215bc8547fb583d6c84bd51f603f69", "ctags": [{"_type": "tag", "name": "Close", "path": "/home/kavia/workspace/code-generation/app-gateway2/dependencies/install/include/WPEFramework/core/StreamJSON.h", "pattern": "/^        inline uint32_t Close(const uint32_t waitTime)$/", "language": "C++", "typeref": "typename:uint32_t", "kind": "function", "signature": "(const uint32_t waitTime)", "scope": "WPEFramework::Core::StreamJSONType", "scopeKind": "class"}, {"_type": "tag", "name": "Core", "path": "/home/kavia/workspace/code-generation/app-gateway2/dependencies/install/include/WPEFramework/core/StreamJSON.h", "pattern": "/^namespace Core {$/", "language": "C++", "kind": "namespace", "scope": "WPEFramework", "scopeKind": "namespace"}, {"_type": "tag", "name": "Deserialize", "path": "/home/kavia/workspace/code-generation/app-gateway2/dependencies/install/include/WPEFramework/core/StreamJSON.h", "pattern": "/^            inline uint16_t Deserialize(const Core::ProxyType<Core::JSON::IElement>& source, con/", "language": "C++", "typeref": "typename:uint16_t", "kind": "function", "signature": "(const Core::ProxyType<Core::JSON::IElement> & source,const uint8_t * stream,const uint16_t length)", "scope": "WPEFramework::Core::StreamJSONType::DeserializerImpl", "scopeKind": "class"}, {"_type": "tag", "name": "Deserialize", "path": "/home/kavia/workspace/code-generation/app-gateway2/dependencies/install/include/WPEFramework/core/StreamJSON.h", "pattern": "/^            inline uint16_t Deserialize(const Core::ProxyType<Core::JSON::IMessagePack>& source,/", "language": "C++", "typeref": "typename:uint16_t", "kind": "function", "signature": "(const Core::ProxyType<Core::JSON::IMessagePack> & source,const uint8_t * stream,const uint16_t length)", "scope": "WPEFramework::Core::StreamJSONType::DeserializerImpl", "scopeKind": "class"}, {"_type": "tag", "name": "Deserialize", "path": "/home/kavia/workspace/code-generation/app-gateway2/dependencies/install/include/WPEFramework/core/StreamJSON.h", "pattern": "/^            inline uint16_t Deserialize(const uint8_t* stream, const uint16_t length)$/", "language": "C++", "typeref": "typename:uint16_t", "kind": "function", "signature": "(const uint8_t * stream,const uint16_t length)", "scope": "WPEFramework::Core::StreamJSONType::DeserializerImpl", "scopeKind": "class"}, {"_type": "tag", "name": "DeserializerImpl", "path": "/home/kavia/workspace/code-generation/app-gateway2/dependencies/install/include/WPEFramework/core/StreamJSON.h", "pattern": "/^            DeserializerImpl(ParentClass& parent, ALLOCATOR allocator)$/", "language": "C++", "kind": "function", "signature": "(ParentClass & parent,ALLOCATOR allocator)", "scope": "WPEFramework::Core::StreamJSONType::DeserializerImpl", "scopeKind": "class"}, {"_type": "tag", "name": "DeserializerImpl", "path": "/home/kavia/workspace/code-generation/app-gateway2/dependencies/install/include/WPEFramework/core/StreamJSON.h", "pattern": "/^            DeserializerImpl(ParentClass& parent, const uint8_t slotSize)$/", "language": "C++", "kind": "function", "signature": "(ParentClass & parent,const uint8_t slotSize)", "scope": "WPEFramework::Core::StreamJSONType::DeserializerImpl", "scopeKind": "class"}, {"_type": "tag", "name": "DeserializerImpl", "path": "/home/kavia/workspace/code-generation/app-gateway2/dependencies/install/include/WPEFramework/core/StreamJSON.h", "pattern": "/^        class DeserializerImpl {$/", "language": "C++", "kind": "class", "scope": "WPEFramework::Core::StreamJSONType", "scopeKind": "class"}, {"_type": "tag", "name": "HandlerType", "path": "/home/kavia/workspace/code-generation/app-gateway2/dependencies/install/include/WPEFramework/core/StreamJSON.h", "pattern": "/^            HandlerType(ParentClass& parent)$/", "language": "C++", "kind": "function", "signature": "(ParentClass & parent)", "scope": "WPEFramework::Core::StreamJSONType::HandlerType", "scopeKind": "class"}, {"_type": "tag", "name": "HandlerType", "path": "/home/kavia/workspace/code-generation/app-gateway2/dependencies/install/include/WPEFramework/core/StreamJSON.h", "pattern": "/^            HandlerType(ParentClass& parent, Args... args)$/", "language": "C++", "kind": "function", "signature": "(ParentClass & parent,Args...args)", "scope": "WPEFramework::Core::StreamJSONType::HandlerType", "scopeKind": "class"}, {"_type": "tag", "name": "HandlerType", "path": "/home/kavia/workspace/code-generation/app-gateway2/dependencies/install/include/WPEFramework/core/StreamJSON.h", "pattern": "/^        class HandlerType : public SOURCE {$/", "language": "C++", "kind": "class", "scope": "WPEFramework::Core::StreamJSONType", "scopeKind": "class"}, {"_type": "tag", "name": "IsClosed", "path": "/home/kavia/workspace/code-generation/app-gateway2/dependencies/install/include/WPEFramework/core/StreamJSON.h", "pattern": "/^        inline bool IsClosed() const$/", "language": "C++", "typeref": "typename:bool", "kind": "function", "signature": "() const", "scope": "WPEFramework::Core::StreamJSONType", "scopeKind": "class"}, {"_type": "tag", "name": "IsIdle", "path": "/home/kavia/workspace/code-generation/app-gateway2/dependencies/install/include/WPEFramework/core/StreamJSON.h", "pattern": "/^            inline bool IsIdle() const$/", "language": "C++", "typeref": "typename:bool", "kind": "function", "signature": "() const", "scope": "WPEFramework::Core::StreamJSONType::DeserializerImpl", "scopeKind": "class"}, {"_type": "tag", "name": "IsIdle", "path": "/home/kavia/workspace/code-generation/app-gateway2/dependencies/install/include/WPEFramework/core/StreamJSON.h", "pattern": "/^            inline bool IsIdle() const$/", "language": "C++", "typeref": "typename:bool", "kind": "function", "signature": "() const", "scope": "WPEFramework::Core::StreamJSONType::SerializerImpl", "scopeKind": "class"}, {"_type": "tag", "name": "IsIdle", "path": "/home/kavia/workspace/code-generation/app-gateway2/dependencies/install/include/WPEFramework/core/StreamJSON.h", "pattern": "/^            virtual bool IsIdle() const$/", "language": "C++", "typeref": "typename:bool", "kind": "function", "signature": "() const", "scope": "WPEFramework::Core::StreamJSONType::HandlerType", "scopeKind": "class"}, {"_type": "tag", "name": "IsIdle", "path": "/home/kavia/workspace/code-generation/app-gateway2/dependencies/install/include/WPEFramework/core/StreamJSON.h", "pattern": "/^        virtual bool IsIdle() const$/", "language": "C++", "typeref": "typename:bool", "kind": "function", "signature": "() const", "scope": "WPEFramework::Core::StreamJSONType", "scopeKind": "class"}, {"_type": "tag", "name": "IsOpen", "path": "/home/kavia/workspace/code-generation/app-gateway2/dependencies/install/include/WPEFramework/core/StreamJSON.h", "pattern": "/^        inline bool IsOpen() const$/", "language": "C++", "typeref": "typename:bool", "kind": "function", "signature": "() const", "scope": "WPEFramework::Core::StreamJSONType", "scopeKind": "class"}, {"_type": "tag", "name": "IsSuspended", "path": "/home/kavia/workspace/code-generation/app-gateway2/dependencies/install/include/WPEFramework/core/StreamJSON.h", "pattern": "/^        inline bool IsSuspended() const$/", "language": "C++", "typeref": "typename:bool", "kind": "function", "signature": "() const", "scope": "WPEFramework::Core::StreamJSONType", "scopeKind": "class"}, {"_type": "tag", "name": "Link", "path": "/home/kavia/workspace/code-generation/app-gateway2/dependencies/install/include/WPEFramework/core/StreamJSON.h", "pattern": "/^        inline SOURCE& Link()$/", "language": "C++", "typeref": "typename:SOURCE &", "kind": "function", "signature": "()", "scope": "WPEFramework::Core::StreamJSONType", "scopeKind": "class"}, {"_type": "tag", "name": "Open", "path": "/home/kavia/workspace/code-generation/app-gateway2/dependencies/install/include/WPEFramework/core/StreamJSON.h", "pattern": "/^        inline uint32_t Open(const uint32_t waitTime)$/", "language": "C++", "typeref": "typename:uint32_t", "kind": "function", "signature": "(const uint32_t waitTime)", "scope": "WPEFramework::Core::StreamJSONType", "scopeKind": "class"}, {"_type": "tag", "name": "ParentClass", "path": "/home/kavia/workspace/code-generation/app-gateway2/dependencies/install/include/WPEFramework/core/StreamJSON.h", "pattern": "/^        typedef StreamJSONType<SOURCE, ALLOCATOR, INTERFACE> ParentClass;$/", "language": "C++", "typeref": "typename:StreamJSONType<SOURCE,ALLOCATOR,INTERFACE>", "kind": "typedef", "scope": "WPEFramework::Core::StreamJSONType", "scopeKind": "class"}, {"_type": "tag", "name": "ReceiveData", "path": "/home/kavia/workspace/code-generation/app-gateway2/dependencies/install/include/WPEFramework/core/StreamJSON.h", "pattern": "/^            virtual uint16_t ReceiveData(uint8_t* dataFrame, const uint16_t receivedSize)$/", "language": "C++", "typeref": "typename:uint16_t", "kind": "function", "signature": "(uint8_t * dataFrame,const uint16_t receivedSize)", "scope": "WPEFramework::Core::StreamJSONType::HandlerType", "scopeKind": "class"}, {"_type": "tag", "name": "ReceiveData", "path": "/home/kavia/workspace/code-generation/app-gateway2/dependencies/install/include/WPEFramework/core/StreamJSON.h", "pattern": "/^        uint16_t ReceiveData(uint8_t* dataFrame, const uint16_t receivedSize)$/", "language": "C++", "typeref": "typename:uint16_t", "kind": "function", "signature": "(uint8_t * dataFrame,const uint16_t receivedSize)", "scope": "WPEFramework::Core::StreamJSONType", "scopeKind": "class"}, {"_type": "tag", "name": "SendData", "path": "/home/kavia/workspace/code-generation/app-gateway2/dependencies/install/include/WPEFramework/core/StreamJSON.h", "pattern": "/^            virtual uint16_t SendData(uint8_t* dataFrame, const uint16_t maxSendSize)$/", "language": "C++", "typeref": "typename:uint16_t", "kind": "function", "signature": "(uint8_t * dataFrame,const uint16_t maxSendSize)", "scope": "WPEFramework::Core::StreamJSONType::HandlerType", "scopeKind": "class"}, {"_type": "tag", "name": "SendData", "path": "/home/kavia/workspace/code-generation/app-gateway2/dependencies/install/include/WPEFramework/core/StreamJSON.h", "pattern": "/^        uint16_t SendData(uint8_t* dataFrame, const uint16_t maxSendSize)$/", "language": "C++", "typeref": "typename:uint16_t", "kind": "function", "signature": "(uint8_t * dataFrame,const uint16_t maxSendSize)", "scope": "WPEFramework::Core::StreamJSONType", "scopeKind": "class"}, {"_type": "tag", "name": "Serialize", "path": "/home/kavia/workspace/code-generation/app-gateway2/dependencies/install/include/WPEFramework/core/StreamJSON.h", "pattern": "/^            inline uint16_t Serialize(const Core::ProxyType<Core::JSON::IElement>& source, uint8/", "language": "C++", "typeref": "typename:uint16_t", "kind": "function", "signature": "(const Core::ProxyType<Core::JSON::IElement> & source,uint8_t * stream,const uint16_t length) const", "scope": "WPEFramework::Core::StreamJSONType::SerializerImpl", "scopeKind": "class"}, {"_type": "tag", "name": "Serialize", "path": "/home/kavia/workspace/code-generation/app-gateway2/dependencies/install/include/WPEFramework/core/StreamJSON.h", "pattern": "/^            inline uint16_t Serialize(const Core::ProxyType<Core::JSON::IMessagePack>& source, u/", "language": "C++", "typeref": "typename:uint16_t", "kind": "function", "signature": "(const Core::ProxyType<Core::JSON::IMessagePack> & source,uint8_t * stream,const uint16_t length) const", "scope": "WPEFramework::Core::StreamJSONType::SerializerImpl", "scopeKind": "class"}, {"_type": "tag", "name": "Serialize", "path": "/home/kavia/workspace/code-generation/app-gateway2/dependencies/install/include/WPEFramework/core/StreamJSON.h", "pattern": "/^            inline uint16_t Serialize(uint8_t* stream, const uint16_t length) const$/", "language": "C++", "typeref": "typename:uint16_t", "kind": "function", "signature": "(uint8_t * stream,const uint16_t length) const", "scope": "WPEFramework::Core::StreamJSONType::SerializerImpl", "scopeKind": "class"}, {"_type": "tag", "name": "SerializerImpl", "path": "/home/kavia/workspace/code-generation/app-gateway2/dependencies/install/include/WPEFramework/core/StreamJSON.h", "pattern": "/^            SerializerImpl(ParentClass& parent, const uint8_t slotSize)$/", "language": "C++", "kind": "function", "signature": "(ParentClass & parent,const uint8_t slotSize)", "scope": "WPEFramework::Core::StreamJSONType::SerializerImpl", "scopeKind": "class"}, {"_type": "tag", "name": "SerializerImpl", "path": "/home/kavia/workspace/code-generation/app-gateway2/dependencies/install/include/WPEFramework/core/StreamJSON.h", "pattern": "/^\tclass SerializerImpl {$/", "language": "C++", "kind": "class", "scope": "WPEFramework::Core::StreamJSONType", "scopeKind": "class"}, {"_type": "tag", "name": "StateChange", "path": "/home/kavia/workspace/code-generation/app-gateway2/dependencies/install/include/WPEFramework/core/StreamJSON.h", "pattern": "/^            virtual void StateChange()$/", "language": "C++", "typeref": "typename:void", "kind": "function", "signature": "()", "scope": "WPEFramework::Core::StreamJSONType::HandlerType", "scopeKind": "class"}, {"_type": "tag", "name": "StreamJSONType", "path": "/home/kavia/workspace/code-generation/app-gateway2/dependencies/install/include/WPEFramework/core/StreamJSON.h", "pattern": "/^        StreamJSONType(uint8_t slotSize, ALLOCATOR& allocator, Args... args)$/", "language": "C++", "typeref": "typename:DISABLE_WARNING_THIS_IN_MEMBER_INITIALIZER_LIST", "kind": "function", "signature": "(uint8_t slotSize,ALLOCATOR & allocator,Args...args)", "scope": "WPEFramework::Core::StreamJSONType", "scopeKind": "class"}, {"_type": "tag", "name": "StreamJSONType", "path": "/home/kavia/workspace/code-generation/app-gateway2/dependencies/install/include/WPEFramework/core/StreamJSON.h", "pattern": "/^        StreamJSONType(uint8_t slotSize, Args... args)$/", "language": "C++", "kind": "function", "signature": "(uint8_t slotSize,Args...args)", "scope": "WPEFramework::Core::StreamJSONType", "scopeKind": "class"}, {"_type": "tag", "name": "StreamJSONType", "path": "/home/kavia/workspace/code-generation/app-gateway2/dependencies/install/include/WPEFramework/core/StreamJSON.h", "pattern": "/^    class StreamJSONType {$/", "language": "C++", "kind": "class", "scope": "WPEFramework::Core", "scopeKind": "namespace"}, {"_type": "tag", "name": "Submit", "path": "/home/kavia/workspace/code-generation/app-gateway2/dependencies/install/include/WPEFramework/core/StreamJSON.h", "pattern": "/^            bool Submit(const ProxyType<INTERFACE>& entry)$/", "language": "C++", "typeref": "typename:bool", "kind": "function", "signature": "(const ProxyType<INTERFACE> & entry)", "scope": "WPEFramework::Core::StreamJSONType::SerializerImpl", "scopeKind": "class"}, {"_type": "tag", "name": "Submit", "path": "/home/kavia/workspace/code-generation/app-gateway2/dependencies/install/include/WPEFramework/core/StreamJSON.h", "pattern": "/^        inline void Submit(const ProxyType<INTERFACE>& element)$/", "language": "C++", "typeref": "typename:void", "kind": "function", "signature": "(const ProxyType<INTERFACE> & element)", "scope": "WPEFramework::Core::StreamJSONType", "scopeKind": "class"}, {"_type": "tag", "name": "WPEFramework", "path": "/home/kavia/workspace/code-generation/app-gateway2/dependencies/install/include/WPEFramework/core/StreamJSON.h", "pattern": "/^namespace WPEFramework {$/", "language": "C++", "kind": "namespace"}, {"_type": "tag", "name": "__STREAMJSON__", "path": "/home/kavia/workspace/code-generation/app-gateway2/dependencies/install/include/WPEFramework/core/StreamJSON.h", "pattern": "/^#define __STREAMJSON__$/", "language": "C++", "kind": "macro"}, {"_type": "tag", "name": "_adminLock", "path": "/home/kavia/workspace/code-generation/app-gateway2/dependencies/install/include/WPEFramework/core/StreamJSON.h", "pattern": "/^            mutable Core::CriticalSection _adminLock;$/", "language": "C++", "typeref": "typename:Core::CriticalSection", "kind": "member", "scope": "WPEFramework::Core::StreamJSONType::SerializerImpl", "scopeKind": "class"}, {"_type": "tag", "name": "_channel", "path": "/home/kavia/workspace/code-generation/app-gateway2/dependencies/install/include/WPEFramework/core/StreamJSON.h", "pattern": "/^        HandlerType _channel;$/", "language": "C++", "typeref": "typename:HandlerType", "kind": "member", "scope": "WPEFramework::Core::StreamJSONType", "scopeKind": "class"}, {"_type": "tag", "name": "_current", "path": "/home/kavia/workspace/code-generation/app-gateway2/dependencies/install/include/WPEFramework/core/StreamJSON.h", "pattern": "/^            Core::ProxyType<INTERFACE> _current;$/", "language": "C++", "typeref": "typename:Core::ProxyType<INTERFACE>", "kind": "member", "scope": "WPEFramework::Core::StreamJSONType::DeserializerImpl", "scopeKind": "class"}, {"_type": "tag", "name": "_deserializer", "path": "/home/kavia/workspace/code-generation/app-gateway2/dependencies/install/include/WPEFramework/core/StreamJSON.h", "pattern": "/^        DeserializerImpl _deserializer;$/", "language": "C++", "typeref": "typename:DeserializerImpl", "kind": "member", "scope": "WPEFramework::Core::StreamJSONType", "scopeKind": "class"}, {"_type": "tag", "name": "_factory", "path": "/home/kavia/workspace/code-generation/app-gateway2/dependencies/install/include/WPEFramework/core/StreamJSON.h", "pattern": "/^            ALLOCATOR _factory;$/", "language": "C++", "typeref": "typename:ALLOCATOR", "kind": "member", "scope": "WPEFramework::Core::StreamJSONType::DeserializerImpl", "scopeKind": "class"}, {"_type": "tag", "name": "_offset", "path": "/home/kavia/workspace/code-generation/app-gateway2/dependencies/install/include/WPEFramework/core/StreamJSON.h", "pattern": "/^            mutable uint32_t _offset;$/", "language": "C++", "typeref": "typename:uint32_t", "kind": "member", "scope": "WPEFramework::Core::StreamJSONType::SerializerImpl", "scopeKind": "class"}, {"_type": "tag", "name": "_offset", "path": "/home/kavia/workspace/code-generation/app-gateway2/dependencies/install/include/WPEFramework/core/StreamJSON.h", "pattern": "/^            uint32_t _offset;$/", "language": "C++", "typeref": "typename:uint32_t", "kind": "member", "scope": "WPEFramework::Core::StreamJSONType::DeserializerImpl", "scopeKind": "class"}, {"_type": "tag", "name": "_parent", "path": "/home/kavia/workspace/code-generation/app-gateway2/dependencies/install/include/WPEFramework/core/StreamJSON.h", "pattern": "/^            ParentClass& _parent;$/", "language": "C++", "typeref": "typename:ParentClass &", "kind": "member", "scope": "WPEFramework::Core::StreamJSONType::DeserializerImpl", "scopeKind": "class"}, {"_type": "tag", "name": "_parent", "path": "/home/kavia/workspace/code-generation/app-gateway2/dependencies/install/include/WPEFramework/core/StreamJSON.h", "pattern": "/^            ParentClass& _parent;$/", "language": "C++", "typeref": "typename:ParentClass &", "kind": "member", "scope": "WPEFramework::Core::StreamJSONType::HandlerType", "scopeKind": "class"}, {"_type": "tag", "name": "_parent", "path": "/home/kavia/workspace/code-generation/app-gateway2/dependencies/install/include/WPEFramework/core/StreamJSON.h", "pattern": "/^            ParentClass& _parent;$/", "language": "C++", "typeref": "typename:ParentClass &", "kind": "member", "scope": "WPEFramework::Core::StreamJSONType::SerializerImpl", "scopeKind": "class"}, {"_type": "tag", "name": "_sendQueue", "path": "/home/kavia/workspace/code-generation/app-gateway2/dependencies/install/include/WPEFramework/core/StreamJSON.h", "pattern": "/^            mutable Core::ProxyList<INTERFACE> _sendQueue;$/", "language": "C++", "typeref": "typename:Core::ProxyList<INTERFACE>", "kind": "member", "scope": "WPEFramework::Core::StreamJSONType::SerializerImpl", "scopeKind": "class"}, {"_type": "tag", "name": "_serializer", "path": "/home/kavia/workspace/code-generation/app-gateway2/dependencies/install/include/WPEFramework/core/StreamJSON.h", "pattern": "/^        SerializerImpl _serializer;$/", "language": "C++", "typeref": "typename:SerializerImpl", "kind": "member", "scope": "WPEFramework::Core::StreamJSONType", "scopeKind": "class"}, {"_type": "tag", "name": "~DeserializerImpl", "path": "/home/kavia/workspace/code-generation/app-gateway2/dependencies/install/include/WPEFramework/core/StreamJSON.h", "pattern": "/^            ~DeserializerImpl()$/", "language": "C++", "kind": "function", "signature": "()", "scope": "WPEFramework::Core::StreamJSONType::DeserializerImpl", "scopeKind": "class"}, {"_type": "tag", "name": "~HandlerType", "path": "/home/kavia/workspace/code-generation/app-gateway2/dependencies/install/include/WPEFramework/core/StreamJSON.h", "pattern": "/^            ~HandlerType()$/", "language": "C++", "kind": "function", "signature": "()", "scope": "WPEFramework::Core::StreamJSONType::HandlerType", "scopeKind": "class"}, {"_type": "tag", "name": "~SerializerImpl", "path": "/home/kavia/workspace/code-generation/app-gateway2/dependencies/install/include/WPEFramework/core/StreamJSON.h", "pattern": "/^            ~SerializerImpl()$/", "language": "C++", "kind": "function", "signature": "()", "scope": "WPEFramework::Core::StreamJSONType::SerializerImpl", "scopeKind": "class"}, {"_type": "tag", "name": "~StreamJSONType", "path": "/home/kavia/workspace/code-generation/app-gateway2/dependencies/install/include/WPEFramework/core/StreamJSON.h", "pattern": "/^        virtual ~StreamJSONType() {$/", "language": "C++", "typeref": "typename:POP_WARNING ()", "kind": "function", "signature": "()", "scope": "WPEFramework::Core::StreamJSONType", "scopeKind": "class"}], "hash": "89b15cef610cf7a492ede8701dace2b8", "format-version": 4, "code-base-name": "app-gateway2", "filename": "dependencies/install/include/WPEFramework/core/StreamJSON.h", "fields": [{"name": "Core::CriticalSection _adminLock", "scope": "WPEFramework::Core::StreamJSONType::SerializerImpl", "scopeKind": "class", "description": "unavailable"}, {"name": "HandlerType _channel", "scope": "WPEFramework::Core::StreamJSONType", "scopeKind": "class", "description": "unavailable"}, {"name": "Core::ProxyType<INTERFACE> _current", "scope": "WPEFramework::Core::StreamJSONType::DeserializerImpl", "scopeKind": "class", "description": "unavailable"}, {"name": "DeserializerImpl _deserializer", "scope": "WPEFramework::Core::StreamJSONType", "scopeKind": "class", "description": "unavailable"}, {"name": "ALLOCATOR _factory", "scope": "WPEFramework::Core::StreamJSONType::DeserializerImpl", "scopeKind": "class", "description": "unavailable"}, {"name": "uint32_t _offset", "scope": "WPEFramework::Core::StreamJSONType::SerializerImpl", "scopeKind": "class", "description": "unavailable"}, {"name": "ParentClass & _parent", "scope": "WPEFramework::Core::StreamJSONType::DeserializerImpl", "scopeKind": "class", "description": "unavailable"}, {"name": "Core::ProxyList<INTERFACE> _sendQueue", "scope": "WPEFramework::Core::StreamJSONType::SerializerImpl", "scopeKind": "class", "description": "unavailable"}, {"name": "SerializerImpl _serializer", "scope": "WPEFramework::Core::StreamJSONType", "scopeKind": "class", "description": "unavailable"}], "revision_history": [{"17299": "0f87a35b32215bc8547fb583d6c84bd51f603f69"}]}