{"is_source_file": true, "format": "C++ header file", "description": "This file defines the interface INetflix within the WPEFramework::Exchange namespace. It provides abstract methods for Netflix-related controls, notifications, and system commands, making it a key interface for Netflix integration in the project.", "external_files": ["Module.h"], "external_methods": [], "published": ["INetflix", "INotification", "INetflix::state"], "classes": [{"name": "INetflix", "description": "Interface for controlling and monitoring Netflix playback within the framework.", "methods": [{"name": "Register", "description": "Registers a notification callback for Netflix events."}, {"name": "Unregister", "description": "Unregisters a previously registered notification callback."}, {"name": "SystemCommand", "description": "Executes a system command related to Netflix control."}], "enum": "state", "enum_description": "Represents the possible Netflix playback states."}, {"name": "INotification", "description": "Interface for Netflix event notifications such as state changes and exit codes.", "methods": [{"name": "StateChange", "description": "Notification of a change in Netflix state."}, {"name": "Exit", "description": "Notification when Netflix exits, with an exit code."}]}], "methods": [{"name": "Register", "description": "Registers a notification callback for Netflix events."}, {"name": "Unregister", "description": "Unregisters a previously registered notification callback."}, {"name": "SystemCommand", "description": "Executes a system command related to Netflix control."}], "calls": ["INetflix::Register", "INetflix::Unregister", "INetflix::SystemCommand", "INetflix::INotification::StateChange", "INetflix::INotification::Exit"], "search-terms": ["INetflix", "Exchange", "Netflix interface", "INotification", "state enum", "SystemCommand"], "state": 2, "file_id": 8553, "knowledge_revision": 17267, "git_revision": "0f87a35b32215bc8547fb583d6c84bd51f603f69", "ctags": [{"_type": "tag", "name": "Exchange", "path": "/home/kavia/workspace/code-generation/app-gateway2/dependencies/install/include/WPEFramework/interfaces/INetflix.h", "pattern": "/^namespace Exchange {$/", "language": "C++", "kind": "namespace", "scope": "WPEFramework", "scopeKind": "namespace"}, {"_type": "tag", "name": "ID", "path": "/home/kavia/workspace/code-generation/app-gateway2/dependencies/install/include/WPEFramework/interfaces/INetflix.h", "pattern": "/^            enum { ID = ID_NETFLIX_NOTIFICATION };$/", "language": "C++", "kind": "enumerator", "scope": "WPEFramework::Exchange::INetflix::INotification::__anone884d68d0203", "scopeKind": "enum"}, {"_type": "tag", "name": "ID", "path": "/home/kavia/workspace/code-generation/app-gateway2/dependencies/install/include/WPEFramework/interfaces/INetflix.h", "pattern": "/^        enum { ID = ID_NETFLIX };$/", "language": "C++", "kind": "enumerator", "scope": "WPEFramework::Exchange::INetflix::__anone884d68d0103", "scopeKind": "enum"}, {"_type": "tag", "name": "INetflix", "path": "/home/kavia/workspace/code-generation/app-gateway2/dependencies/install/include/WPEFramework/interfaces/INetflix.h", "pattern": "/^    struct EXTERNAL INetflix : virtual public Core::IUnknown {$/", "language": "C++", "kind": "struct", "scope": "WPEFramework::Exchange", "scopeKind": "namespace"}, {"_type": "tag", "name": "INotification", "path": "/home/kavia/workspace/code-generation/app-gateway2/dependencies/install/include/WPEFramework/interfaces/INetflix.h", "pattern": "/^        struct EXTERNAL INotification : virtual public Core::IUnknown {$/", "language": "C++", "kind": "struct", "scope": "WPEFramework::Exchange::INetflix", "scopeKind": "struct"}, {"_type": "tag", "name": "PLAYING", "path": "/home/kavia/workspace/code-generation/app-gateway2/dependencies/install/include/WPEFramework/interfaces/INetflix.h", "pattern": "/^            PLAYING = 0x0001,$/", "language": "C++", "kind": "enumerator", "scope": "WPEFramework::Exchange::INetflix::state", "scopeKind": "enum"}, {"_type": "tag", "name": "STOPPED", "path": "/home/kavia/workspace/code-generation/app-gateway2/dependencies/install/include/WPEFramework/interfaces/INetflix.h", "pattern": "/^            STOPPED = 0x0002,$/", "language": "C++", "kind": "enumerator", "scope": "WPEFramework::Exchange::INetflix::state", "scopeKind": "enum"}, {"_type": "tag", "name": "SUSPENDING", "path": "/home/kavia/workspace/code-generation/app-gateway2/dependencies/install/include/WPEFramework/interfaces/INetflix.h", "pattern": "/^            SUSPENDING = 0x0004$/", "language": "C++", "kind": "enumerator", "scope": "WPEFramework::Exchange::INetflix::state", "scopeKind": "enum"}, {"_type": "tag", "name": "WPEFramework", "path": "/home/kavia/workspace/code-generation/app-gateway2/dependencies/install/include/WPEFramework/interfaces/INetflix.h", "pattern": "/^namespace WPEFramework {$/", "language": "C++", "kind": "namespace"}, {"_type": "tag", "name": "__anone884d68d0103", "path": "/home/kavia/workspace/code-generation/app-gateway2/dependencies/install/include/WPEFramework/interfaces/INetflix.h", "pattern": "/^        enum { ID = ID_NETFLIX };$/", "language": "C++", "kind": "enum", "scope": "WPEFramework::Exchange::INetflix", "scopeKind": "struct"}, {"_type": "tag", "name": "__anone884d68d0203", "path": "/home/kavia/workspace/code-generation/app-gateway2/dependencies/install/include/WPEFramework/interfaces/INetflix.h", "pattern": "/^            enum { ID = ID_NETFLIX_NOTIFICATION };$/", "language": "C++", "kind": "enum", "scope": "WPEFramework::Exchange::INetflix::INotification", "scopeKind": "struct"}, {"_type": "tag", "name": "state", "path": "/home/kavia/workspace/code-generation/app-gateway2/dependencies/install/include/WPEFramework/interfaces/INetflix.h", "pattern": "/^        enum state : uint16_t {$/", "language": "C++", "typeref": "typename:uint16_t", "kind": "enum", "scope": "WPEFramework::Exchange::INetflix", "scopeKind": "struct"}], "hash": "227fb7fdfab6be9374603eb8ec4fa599", "format-version": 4, "code-base-name": "app-gateway2", "filename": "dependencies/install/include/WPEFramework/interfaces/INetflix.h", "revision_history": [{"17267": "0f87a35b32215bc8547fb583d6c84bd51f603f69"}]}