{"is_source_file": true, "format": "C++ header file", "description": "This file defines the IRPCLink interface and its nested INotification interface within the WPEFramework::Exchange namespace, specifying methods for registering notifications, starting, stopping, and forcing callbacks in a RPC communication context.", "external_files": ["Module.h"], "external_methods": [], "published": ["IRPCLink", "IRPCLink::INotification"], "classes": [{"name": "IRPCLink", "description": "Interface for remote procedure call link with methods to register notifications, start, stop, and force callbacks."}, {"name": "IRPCLink::INotification", "description": "Callback interface for notification of completed events related to IRPCLink."}], "methods": [{"name": "Register", "description": "Registers a notification callback for RPC link events."}, {"name": "Unregister", "description": "Unregisters a previously registered notification callback."}, {"name": "Start", "description": "Starts the RPC link with a given ID and name."}, {"name": "Stop", "description": "Stops the RPC link."}, {"name": "ForceCallback", "description": "Forces invocation of any pending callbacks."}], "calls": ["IRPCLink::Register", "IRPCLink::Unregister", "IRPCLink::Start", "IRPCLink::Stop", "IRPCLink::ForceCallback"], "search-terms": ["IRPCLink", "INotification", "RPC", "WPEFramework", "Exchange", "interface", "IPC", "communication"], "state": 2, "file_id": 8353, "knowledge_revision": 17065, "git_revision": "0f87a35b32215bc8547fb583d6c84bd51f603f69", "ctags": [{"_type": "tag", "name": "Exchange", "path": "/home/kavia/workspace/code-generation/app-gateway2/dependencies/install/include/WPEFramework/interfaces/IRPCLink.h", "pattern": "/^namespace Exchange {$/", "language": "C++", "kind": "namespace", "scope": "WPEFramework", "scopeKind": "namespace"}, {"_type": "tag", "name": "ID", "path": "/home/kavia/workspace/code-generation/app-gateway2/dependencies/install/include/WPEFramework/interfaces/IRPCLink.h", "pattern": "/^            enum { ID = ID_RPCLINK_NOTIFICATION };$/", "language": "C++", "kind": "enumerator", "scope": "WPEFramework::Exchange::IRPCLink::INotification::__anon60509fe60203", "scopeKind": "enum"}, {"_type": "tag", "name": "ID", "path": "/home/kavia/workspace/code-generation/app-gateway2/dependencies/install/include/WPEFramework/interfaces/IRPCLink.h", "pattern": "/^        enum { ID = ID_RPCLINK };$/", "language": "C++", "kind": "enumerator", "scope": "WPEFramework::Exchange::IRPCLink::__anon60509fe60103", "scopeKind": "enum"}, {"_type": "tag", "name": "INotification", "path": "/home/kavia/workspace/code-generation/app-gateway2/dependencies/install/include/WPEFramework/interfaces/IRPCLink.h", "pattern": "/^        struct EXTERNAL INotification : virtual public Core::IUnknown {$/", "language": "C++", "kind": "struct", "scope": "WPEFramework::Exchange::IRPCLink", "scopeKind": "struct"}, {"_type": "tag", "name": "IRPCLink", "path": "/home/kavia/workspace/code-generation/app-gateway2/dependencies/install/include/WPEFramework/interfaces/IRPCLink.h", "pattern": "/^    struct EXTERNAL IRPCLink : virtual public Core::IUnknown {$/", "language": "C++", "kind": "struct", "scope": "WPEFramework::Exchange", "scopeKind": "namespace"}, {"_type": "tag", "name": "WPEFramework", "path": "/home/kavia/workspace/code-generation/app-gateway2/dependencies/install/include/WPEFramework/interfaces/IRPCLink.h", "pattern": "/^namespace WPEFramework {$/", "language": "C++", "kind": "namespace"}, {"_type": "tag", "name": "__anon60509fe60103", "path": "/home/kavia/workspace/code-generation/app-gateway2/dependencies/install/include/WPEFramework/interfaces/IRPCLink.h", "pattern": "/^        enum { ID = ID_RPCLINK };$/", "language": "C++", "kind": "enum", "scope": "WPEFramework::Exchange::IRPCLink", "scopeKind": "struct"}, {"_type": "tag", "name": "__anon60509fe60203", "path": "/home/kavia/workspace/code-generation/app-gateway2/dependencies/install/include/WPEFramework/interfaces/IRPCLink.h", "pattern": "/^            enum { ID = ID_RPCLINK_NOTIFICATION };$/", "language": "C++", "kind": "enum", "scope": "WPEFramework::Exchange::IRPCLink::INotification", "scopeKind": "struct"}], "hash": "bab9d044e359d8a5f2c36a147f3f5ecb", "format-version": 4, "code-base-name": "app-gateway2", "filename": "dependencies/install/include/WPEFramework/interfaces/IRPCLink.h", "revision_history": [{"17065": "0f87a35b32215bc8547fb583d6c84bd51f603f69"}]}