{"is_source_file": true, "format": "C++ header file", "description": "This file declares the CyclicBuffer class and its nested Cursor class, which implement a shared, process-wide cyclic buffer mechanism in the WPEFramework namespace. It provides methods for reading, writing, locking, unlocking, and managing the buffer, including synchronization primitives for cross-process access.", "external_files": ["Module.h", "DataElementFile.h", "<semaphore.h>"], "external_methods": ["std::atomic_store_explicit", "std::atomic_load", "std::atomic_fetch_and", "reinterpret_cast", "std::atomic<uint32_t>"], "published": ["CyclicBuffer", "CyclicBuffer::Cursor"], "classes": [{"name": "CyclicBuffer", "description": "A process-shared cyclic buffer supporting concurrent read/write access with synchronization, designed for inter-process communication."}, {"name": "CyclicBuffer::Cursor", "description": "A helper class representing a position within the CyclicBuffer, used for peeking and managing offsets within the buffer."}], "methods": [{"name": "CyclicBuffer", "description": "Constructor for creating a CyclicBuffer from a filename, mode, size, and overwrite flag, or from a DataElementFile object."}, {"name": "~CyclicBuffer", "description": "Destructor for releasing resources held by the CyclicBuffer."}, {"name": "void Flush()", "description": "Flushes the buffer to update tail pointer.", "scope": "WPEFramework::Core::CyclicBuffer", "scopeKind": "class"}, {"name": "bool Overwritten() const", "description": "Checks if data has been overwritten since last read.", "scope": "WPEFramework::Core::CyclicBuffer", "scopeKind": "class"}, {"name": "uint32_t ErrorCode() const", "description": "Returns the current error code from the buffer.", "scope": "WPEFramework::Core::CyclicBuffer", "scopeKind": "class"}, {"name": "const string & Name() const", "description": "Returns the name of the buffer storage.", "scope": "WPEFramework::Core::CyclicBuffer", "scopeKind": "class"}, {"name": "uint32_t User(const string & userName) const", "description": "Returns the user ID associated with a user name.", "scope": "WPEFramework::Core::CyclicBuffer", "scopeKind": "class"}, {"name": "uint32_t Group(const string & groupName) const", "description": "Returns the group ID associated with a group name.", "scope": "WPEFramework::Core::CyclicBuffer", "scopeKind": "class"}, {"name": "uint32_t Permission(uint16_t mode) const", "description": "Returns permission bits based on mode.", "scope": "WPEFramework::Core::CyclicBuffer", "scopeKind": "class"}, {"name": "bool IsLocked() const", "description": "Checks if the buffer is currently locked.", "scope": "WPEFramework::Core::CyclicBuffer", "scopeKind": "class"}, {"name": "uint32_t LockPid() const", "description": "Returns the process ID of the lock holder.", "scope": "WPEFramework::Core::CyclicBuffer", "scopeKind": "class"}, {"name": "bool IsOverwrite() const", "description": "Checks if overwrite mode is enabled.", "scope": "WPEFramework::Core::CyclicBuffer", "scopeKind": "class"}, {"name": "bool IsValid() const", "description": "Checks if the buffer is valid.", "scope": "WPEFramework::Core::CyclicBuffer", "scopeKind": "class"}, {"name": "const File & Storage() const", "description": "Returns the underlying File storage object.", "scope": "WPEFramework::Core::CyclicBuffer", "scopeKind": "class"}, {"name": "uint32_t Used() const", "description": "Returns the amount of used space in the buffer.", "scope": "WPEFramework::Core::CyclicBuffer", "scopeKind": "class"}, {"name": "uint32_t Free() const", "description": "Returns the amount of free space in the buffer.", "scope": "WPEFramework::Core::CyclicBuffer", "scopeKind": "class"}, {"name": "uint32_t Size() const", "description": "Returns the total size of the buffer.", "scope": "WPEFramework::Core::CyclicBuffer", "scopeKind": "class"}, {"name": "Validate", "description": "Validates the buffer integrity."}, {"name": "Alert", "description": "Alerts blocked lock requests to wake up."}, {"name": "Lock", "description": "Locks the buffer with optional wait time, optionally waiting for data presence."}, {"name": "Unlock", "description": "Releases the lock on the buffer."}, {"name": "void Peek(ArgType & buffer) const", "description": "Reads data non-destructively from the buffer.", "scope": "WPEFramework::Core::CyclicBuffer::Cursor", "scopeKind": "class"}, {"name": "Read", "description": "Reads data destructively from the buffer, advancing the tail."}, {"name": "Write", "description": "Writes data into the buffer, advancing the head."}, {"name": "Reserve", "description": "Reserves space for writing without immediately advancing the head."}, {"name": "DataAvailable", "description": "Callback invoked when data becomes available."}, {"name": "Cursor(CyclicBuffer & parent,uint32_t tail,uint32_t requiredSize)", "scope": "WPEFramework::Core::CyclicBuffer::Cursor", "scopeKind": "class", "description": "unavailable"}, {"name": "bool Destroy()", "scope": "WPEFramework::Core::CyclicBuffer", "scopeKind": "class", "description": "unavailable"}, {"name": "void Forward(uint32_t byteCount)", "scope": "WPEFramework::Core::CyclicBuffer::Cursor", "scopeKind": "class", "description": "unavailable"}, {"name": "uint32_t Free(uint32_t head,uint32_t tail) const", "scope": "WPEFramework::Core::CyclicBuffer", "scopeKind": "class", "description": "unavailable"}, {"name": "uint32_t GetCompleteTail(uint32_t offset) const", "scope": "WPEFramework::Core::CyclicBuffer::Cursor", "scopeKind": "class", "description": "unavailable"}, {"name": "uint32_t GetCurrentTail() const", "scope": "WPEFramework::Core::CyclicBuffer::Cursor", "scopeKind": "class", "description": "unavailable"}, {"name": "uint32_t GetRemainingRequired() const", "scope": "WPEFramework::Core::CyclicBuffer::Cursor", "scopeKind": "class", "description": "unavailable"}, {"name": "uint32_t Offset() const", "scope": "WPEFramework::Core::CyclicBuffer::Cursor", "scopeKind": "class", "description": "unavailable"}, {"name": "bool Unlink()", "scope": "WPEFramework::Core::CyclicBuffer", "scopeKind": "class", "description": "unavailable"}, {"name": "uint32_t Used(uint32_t head,uint32_t tail) const", "scope": "WPEFramework::Core::CyclicBuffer", "scopeKind": "class", "description": "unavailable"}], "calls": ["std::atomic_store_explicit", "std::atomic_load", "std::atomic_fetch_and", "reinterpret_cast"], "search-terms": ["CyclicBuffer", "Process-wide", "inter-process communication", "shared memory", "lock", "unlock", "Peek", "Write", "Read"], "state": 2, "file_id": 8610, "knowledge_revision": 17324, "git_revision": "0f87a35b32215bc8547fb583d6c84bd51f603f69", "ctags": [{"_type": "tag", "name": "Core", "path": "/home/kavia/workspace/code-generation/app-gateway2/dependencies/install/include/WPEFramework/core/CyclicBuffer.h", "pattern": "/^namespace Core {$/", "language": "C++", "kind": "namespace", "scope": "WPEFramework", "scopeKind": "namespace"}, {"_type": "tag", "name": "Cursor", "path": "/home/kavia/workspace/code-generation/app-gateway2/dependencies/install/include/WPEFramework/core/CyclicBuffer.h", "pattern": "/^            Cursor(CyclicBuffer& parent, uint32_t tail, uint32_t requiredSize)$/", "language": "C++", "kind": "function", "signature": "(CyclicBuffer & parent,uint32_t tail,uint32_t requiredSize)", "scope": "WPEFramework::Core::CyclicBuffer::Cursor", "scopeKind": "class"}, {"_type": "tag", "name": "Cursor", "path": "/home/kavia/workspace/code-generation/app-gateway2/dependencies/install/include/WPEFramework/core/CyclicBuffer.h", "pattern": "/^        class Cursor {$/", "language": "C++", "kind": "class", "scope": "WPEFramework::Core::CyclicBuffer", "scopeKind": "class"}, {"_type": "tag", "name": "CyclicBuffer", "path": "/home/kavia/workspace/code-generation/app-gateway2/dependencies/install/include/WPEFramework/core/CyclicBuffer.h", "pattern": "/^    class EXTERNAL CyclicBuffer {$/", "language": "C++", "kind": "class", "scope": "WPEFramework::Core", "scopeKind": "namespace"}, {"_type": "tag", "name": "Destroy", "path": "/home/kavia/workspace/code-generation/app-gateway2/dependencies/install/include/WPEFramework/core/CyclicBuffer.h", "pattern": "/^        inline bool Destroy()$/", "language": "C++", "typeref": "typename:bool", "kind": "function", "signature": "()", "scope": "WPEFramework::Core::CyclicBuffer", "scopeKind": "class"}, {"_type": "tag", "name": "ErrorCode", "path": "/home/kavia/workspace/code-generation/app-gateway2/dependencies/install/include/WPEFramework/core/CyclicBuffer.h", "pattern": "/^        inline uint32_t ErrorCode() const$/", "language": "C++", "typeref": "typename:uint32_t", "kind": "function", "signature": "() const", "scope": "WPEFramework::Core::CyclicBuffer", "scopeKind": "class"}, {"_type": "tag", "name": "Flush", "path": "/home/kavia/workspace/code-generation/app-gateway2/dependencies/install/include/WPEFramework/core/CyclicBuffer.h", "pattern": "/^        inline void Flush()$/", "language": "C++", "typeref": "typename:void", "kind": "function", "signature": "()", "scope": "WPEFramework::Core::CyclicBuffer", "scopeKind": "class"}, {"_type": "tag", "name": "Forward", "path": "/home/kavia/workspace/code-generation/app-gateway2/dependencies/install/include/WPEFramework/core/CyclicBuffer.h", "pattern": "/^            void Forward(uint32_t byteCount)$/", "language": "C++", "typeref": "typename:void", "kind": "function", "signature": "(uint32_t byteCount)", "scope": "WPEFramework::Core::CyclicBuffer::Cursor", "scopeKind": "class"}, {"_type": "tag", "name": "Free", "path": "/home/kavia/workspace/code-generation/app-gateway2/dependencies/install/include/WPEFramework/core/CyclicBuffer.h", "pattern": "/^        inline uint32_t Free() const$/", "language": "C++", "typeref": "typename:uint32_t", "kind": "function", "signature": "() const", "scope": "WPEFramework::Core::CyclicBuffer", "scopeKind": "class"}, {"_type": "tag", "name": "Free", "path": "/home/kavia/workspace/code-generation/app-gateway2/dependencies/install/include/WPEFramework/core/CyclicBuffer.h", "pattern": "/^        inline uint32_t Free(uint32_t head, uint32_t tail) const$/", "language": "C++", "typeref": "typename:uint32_t", "kind": "function", "signature": "(uint32_t head,uint32_t tail) const", "scope": "WPEFramework::Core::CyclicBuffer", "scopeKind": "class"}, {"_type": "tag", "name": "GetCompleteTail", "path": "/home/kavia/workspace/code-generation/app-gateway2/dependencies/install/include/WPEFramework/core/CyclicBuffer.h", "pattern": "/^            uint32_t GetCompleteTail(uint32_t offset) const$/", "language": "C++", "typeref": "typename:uint32_t", "kind": "function", "signature": "(uint32_t offset) const", "scope": "WPEFramework::Core::CyclicBuffer::Cursor", "scopeKind": "class"}, {"_type": "tag", "name": "GetCurrentTail", "path": "/home/kavia/workspace/code-generation/app-gateway2/dependencies/install/include/WPEFramework/core/CyclicBuffer.h", "pattern": "/^            uint32_t GetCurrentTail() const$/", "language": "C++", "typeref": "typename:uint32_t", "kind": "function", "signature": "() const", "scope": "WPEFramework::Core::CyclicBuffer::Cursor", "scopeKind": "class"}, {"_type": "tag", "name": "GetRemainingRequired", "path": "/home/kavia/workspace/code-generation/app-gateway2/dependencies/install/include/WPEFramework/core/CyclicBuffer.h", "pattern": "/^            uint32_t GetRemainingRequired() const$/", "language": "C++", "typeref": "typename:uint32_t", "kind": "function", "signature": "() const", "scope": "WPEFramework::Core::CyclicBuffer::Cursor", "scopeKind": "class"}, {"_type": "tag", "name": "Group", "path": "/home/kavia/workspace/code-generation/app-gateway2/dependencies/install/include/WPEFramework/core/CyclicBuffer.h", "pattern": "/^        inline uint32_t Group(const string& groupName) const$/", "language": "C++", "typeref": "typename:uint32_t", "kind": "function", "signature": "(const string & groupName) const", "scope": "WPEFramework::Core::CyclicBuffer", "scopeKind": "class"}, {"_type": "tag", "name": "IsLocked", "path": "/home/kavia/workspace/code-generation/app-gateway2/dependencies/install/include/WPEFramework/core/CyclicBuffer.h", "pattern": "/^        inline bool IsLocked() const$/", "language": "C++", "typeref": "typename:bool", "kind": "function", "signature": "() const", "scope": "WPEFramework::Core::CyclicBuffer", "scopeKind": "class"}, {"_type": "tag", "name": "IsOverwrite", "path": "/home/kavia/workspace/code-generation/app-gateway2/dependencies/install/include/WPEFramework/core/CyclicBuffer.h", "pattern": "/^        inline bool IsOverwrite() const$/", "language": "C++", "typeref": "typename:bool", "kind": "function", "signature": "() const", "scope": "WPEFramework::Core::CyclicBuffer", "scopeKind": "class"}, {"_type": "tag", "name": "IsValid", "path": "/home/kavia/workspace/code-generation/app-gateway2/dependencies/install/include/WPEFramework/core/CyclicBuffer.h", "pattern": "/^        inline bool IsValid() const$/", "language": "C++", "typeref": "typename:bool", "kind": "function", "signature": "() const", "scope": "WPEFramework::Core::CyclicBuffer", "scopeKind": "class"}, {"_type": "tag", "name": "LOCKED", "path": "/home/kavia/workspace/code-generation/app-gateway2/dependencies/install/include/WPEFramework/core/CyclicBuffer.h", "pattern": "/^            LOCKED = 0x01,$/", "language": "C++", "kind": "enumerator", "scope": "WPEFramework::Core::CyclicBuffer::state", "scopeKind": "enum"}, {"_type": "tag", "name": "LockPid", "path": "/home/kavia/workspace/code-generation/app-gateway2/dependencies/install/include/WPEFramework/core/CyclicBuffer.h", "pattern": "/^        inline uint32_t LockPid() const$/", "language": "C++", "typeref": "typename:uint32_t", "kind": "function", "signature": "() const", "scope": "WPEFramework::Core::CyclicBuffer", "scopeKind": "class"}, {"_type": "tag", "name": "Name", "path": "/home/kavia/workspace/code-generation/app-gateway2/dependencies/install/include/WPEFramework/core/CyclicBuffer.h", "pattern": "/^        inline const string& Name() const$/", "language": "C++", "typeref": "typename:const string &", "kind": "function", "signature": "() const", "scope": "WPEFramework::Core::CyclicBuffer", "scopeKind": "class"}, {"_type": "tag", "name": "OVERWRITE", "path": "/home/kavia/workspace/code-generation/app-gateway2/dependencies/install/include/WPEFramework/core/CyclicBuffer.h", "pattern": "/^            OVERWRITE = 0x02,$/", "language": "C++", "kind": "enumerator", "scope": "WPEFramework::Core::CyclicBuffer::state", "scopeKind": "enum"}, {"_type": "tag", "name": "OVERWRITTEN", "path": "/home/kavia/workspace/code-generation/app-gateway2/dependencies/install/include/WPEFramework/core/CyclicBuffer.h", "pattern": "/^            OVERWRITTEN = 0x04$/", "language": "C++", "kind": "enumerator", "scope": "WPEFramework::Core::CyclicBuffer::state", "scopeKind": "enum"}, {"_type": "tag", "name": "Offset", "path": "/home/kavia/workspace/code-generation/app-gateway2/dependencies/install/include/WPEFramework/core/CyclicBuffer.h", "pattern": "/^            uint32_t Offset() const$/", "language": "C++", "typeref": "typename:uint32_t", "kind": "function", "signature": "() const", "scope": "WPEFramework::Core::CyclicBuffer::Cursor", "scopeKind": "class"}, {"_type": "tag", "name": "Overwritten", "path": "/home/kavia/workspace/code-generation/app-gateway2/dependencies/install/include/WPEFramework/core/CyclicBuffer.h", "pattern": "/^        inline bool Overwritten() const$/", "language": "C++", "typeref": "typename:bool", "kind": "function", "signature": "() const", "scope": "WPEFramework::Core::CyclicBuffer", "scopeKind": "class"}, {"_type": "tag", "name": "Peek", "path": "/home/kavia/workspace/code-generation/app-gateway2/dependencies/install/include/WPEFramework/core/CyclicBuffer.h", "pattern": "/^            void Peek(ArgType& buffer) const$/", "language": "C++", "typeref": "typename:void", "kind": "function", "signature": "(ArgType & buffer) const", "scope": "WPEFramework::Core::CyclicBuffer::Cursor", "scopeKind": "class"}, {"_type": "tag", "name": "Permission", "path": "/home/kavia/workspace/code-generation/app-gateway2/dependencies/install/include/WPEFramework/core/CyclicBuffer.h", "pattern": "/^        inline uint32_t Permission(uint16_t mode) const$/", "language": "C++", "typeref": "typename:uint32_t", "kind": "function", "signature": "(uint16_t mode) const", "scope": "WPEFramework::Core::CyclicBuffer", "scopeKind": "class"}, {"_type": "tag", "name": "Size", "path": "/home/kavia/workspace/code-generation/app-gateway2/dependencies/install/include/WPEFramework/core/CyclicBuffer.h", "pattern": "/^            uint32_t Size() const$/", "language": "C++", "typeref": "typename:uint32_t", "kind": "function", "signature": "() const", "scope": "WPEFramework::Core::CyclicBuffer::Cursor", "scopeKind": "class"}, {"_type": "tag", "name": "Size", "path": "/home/kavia/workspace/code-generation/app-gateway2/dependencies/install/include/WPEFramework/core/CyclicBuffer.h", "pattern": "/^        inline uint32_t Size() const$/", "language": "C++", "typeref": "typename:uint32_t", "kind": "function", "signature": "() const", "scope": "WPEFramework::Core::CyclicBuffer", "scopeKind": "class"}, {"_type": "tag", "name": "Storage", "path": "/home/kavia/workspace/code-generation/app-gateway2/dependencies/install/include/WPEFramework/core/CyclicBuffer.h", "pattern": "/^        inline const File& Storage() const$/", "language": "C++", "typeref": "typename:const File &", "kind": "function", "signature": "() const", "scope": "WPEFramework::Core::CyclicBuffer", "scopeKind": "class"}, {"_type": "tag", "name": "UNLOCKED", "path": "/home/kavia/workspace/code-generation/app-gateway2/dependencies/install/include/WPEFramework/core/CyclicBuffer.h", "pattern": "/^            UNLOCKED = 0x00,$/", "language": "C++", "kind": "enumerator", "scope": "WPEFramework::Core::CyclicBuffer::state", "scopeKind": "enum"}, {"_type": "tag", "name": "Unlink", "path": "/home/kavia/workspace/code-generation/app-gateway2/dependencies/install/include/WPEFramework/core/CyclicBuffer.h", "pattern": "/^        inline bool Unlink()$/", "language": "C++", "typeref": "typename:bool", "kind": "function", "signature": "()", "scope": "WPEFramework::Core::CyclicBuffer", "scopeKind": "class"}, {"_type": "tag", "name": "Used", "path": "/home/kavia/workspace/code-generation/app-gateway2/dependencies/install/include/WPEFramework/core/CyclicBuffer.h", "pattern": "/^        inline uint32_t Used() const$/", "language": "C++", "typeref": "typename:uint32_t", "kind": "function", "signature": "() const", "scope": "WPEFramework::Core::CyclicBuffer", "scopeKind": "class"}, {"_type": "tag", "name": "Used", "path": "/home/kavia/workspace/code-generation/app-gateway2/dependencies/install/include/WPEFramework/core/CyclicBuffer.h", "pattern": "/^        inline uint32_t Used(uint32_t head, uint32_t tail) const$/", "language": "C++", "typeref": "typename:uint32_t", "kind": "function", "signature": "(uint32_t head,uint32_t tail) const", "scope": "WPEFramework::Core::CyclicBuffer", "scopeKind": "class"}, {"_type": "tag", "name": "User", "path": "/home/kavia/workspace/code-generation/app-gateway2/dependencies/install/include/WPEFramework/core/CyclicBuffer.h", "pattern": "/^        inline uint32_t User(const string& userName) const$/", "language": "C++", "typeref": "typename:uint32_t", "kind": "function", "signature": "(const string & userName) const", "scope": "WPEFramework::Core::CyclicBuffer", "scopeKind": "class"}, {"_type": "tag", "name": "WPEFramework", "path": "/home/kavia/workspace/code-generation/app-gateway2/dependencies/install/include/WPEFramework/core/CyclicBuffer.h", "pattern": "/^namespace WPEFramework {$/", "language": "C++", "kind": "namespace"}, {"_type": "tag", "name": "_Offset", "path": "/home/kavia/workspace/code-generation/app-gateway2/dependencies/install/include/WPEFramework/core/CyclicBuffer.h", "pattern": "/^            uint32_t _Offset;$/", "language": "C++", "typeref": "typename:uint32_t", "kind": "member", "scope": "WPEFramework::Core::CyclicBuffer::Cursor", "scopeKind": "class"}, {"_type": "tag", "name": "_Parent", "path": "/home/kavia/workspace/code-generation/app-gateway2/dependencies/install/include/WPEFramework/core/CyclicBuffer.h", "pattern": "/^            CyclicBuffer& _Parent;$/", "language": "C++", "typeref": "typename:CyclicBuffer &", "kind": "member", "scope": "WPEFramework::Core::CyclicBuffer::Cursor", "scopeKind": "class"}, {"_type": "tag", "name": "_Size", "path": "/home/kavia/workspace/code-generation/app-gateway2/dependencies/install/include/WPEFramework/core/CyclicBuffer.h", "pattern": "/^            uint32_t _Size;$/", "language": "C++", "typeref": "typename:uint32_t", "kind": "member", "scope": "WPEFramework::Core::CyclicBuffer::Cursor", "scopeKind": "class"}, {"_type": "tag", "name": "_Tail", "path": "/home/kavia/workspace/code-generation/app-gateway2/dependencies/install/include/WPEFramework/core/CyclicBuffer.h", "pattern": "/^            uint32_t _Tail;$/", "language": "C++", "typeref": "typename:uint32_t", "kind": "member", "scope": "WPEFramework::Core::CyclicBuffer::Cursor", "scopeKind": "class"}, {"_type": "tag", "name": "__CYCLICBUFFER_H", "path": "/home/kavia/workspace/code-generation/app-gateway2/dependencies/install/include/WPEFramework/core/CyclicBuffer.h", "pattern": "/^#define __CYCLICBUFFER_H$/", "language": "C++", "kind": "macro"}, {"_type": "tag", "name": "_administration", "path": "/home/kavia/workspace/code-generation/app-gateway2/dependencies/install/include/WPEFramework/core/CyclicBuffer.h", "pattern": "/^        } * _administration;$/", "language": "C++", "typeref": "struct:WPEFramework::Core::CyclicBuffer::control *", "kind": "member", "scope": "WPEFramework::Core::CyclicBuffer", "scopeKind": "class"}, {"_type": "tag", "name": "_agents", "path": "/home/kavia/workspace/code-generation/app-gateway2/dependencies/install/include/WPEFramework/core/CyclicBuffer.h", "pattern": "/^            std::atomic<uint32_t> _agents;$/", "language": "C++", "typeref": "typename:std::atomic<uint32_t>", "kind": "member", "scope": "WPEFramework::Core::CyclicBuffer::control", "scopeKind": "struct"}, {"_type": "tag", "name": "_alert", "path": "/home/kavia/workspace/code-generation/app-gateway2/dependencies/install/include/WPEFramework/core/CyclicBuffer.h", "pattern": "/^        bool _alert;$/", "language": "C++", "typeref": "typename:bool", "kind": "member", "scope": "WPEFramework::Core::CyclicBuffer", "scopeKind": "class"}, {"_type": "tag", "name": "_buffer", "path": "/home/kavia/workspace/code-generation/app-gateway2/dependencies/install/include/WPEFramework/core/CyclicBuffer.h", "pattern": "/^        Core::DataElementFile _buffer;$/", "language": "C++", "typeref": "typename:Core::DataElementFile", "kind": "member", "scope": "WPEFramework::Core::CyclicBuffer", "scopeKind": "class"}, {"_type": "tag", "name": "_event", "path": "/home/kavia/workspace/code-generation/app-gateway2/dependencies/install/include/WPEFramework/core/CyclicBuffer.h", "pattern": "/^        HANDLE _event;$/", "language": "C++", "typeref": "typename:HANDLE", "kind": "member", "scope": "WPEFramework::Core::CyclicBuffer", "scopeKind": "class"}, {"_type": "tag", "name": "_head", "path": "/home/kavia/workspace/code-generation/app-gateway2/dependencies/install/include/WPEFramework/core/CyclicBuffer.h", "pattern": "/^            std::atomic<uint32_t> _head;$/", "language": "C++", "typeref": "typename:std::atomic<uint32_t>", "kind": "member", "scope": "WPEFramework::Core::CyclicBuffer::control", "scopeKind": "struct"}, {"_type": "tag", "name": "_lockPID", "path": "/home/kavia/workspace/code-generation/app-gateway2/dependencies/install/include/WPEFramework/core/CyclicBuffer.h", "pattern": "/^            uint32_t _lockPID;$/", "language": "C++", "typeref": "typename:uint32_t", "kind": "member", "scope": "WPEFramework::Core::CyclicBuffer::control", "scopeKind": "struct"}, {"_type": "tag", "name": "_mutex", "path": "/home/kavia/workspace/code-generation/app-gateway2/dependencies/install/include/WPEFramework/core/CyclicBuffer.h", "pattern": "/^            pthread_mutex_t _mutex;$/", "language": "C++", "typeref": "typename:pthread_mutex_t", "kind": "member", "scope": "WPEFramework::Core::CyclicBuffer::control", "scopeKind": "struct"}, {"_type": "tag", "name": "_mutex", "path": "/home/kavia/workspace/code-generation/app-gateway2/dependencies/install/include/WPEFramework/core/CyclicBuffer.h", "pattern": "/^        HANDLE _mutex;$/", "language": "C++", "typeref": "typename:HANDLE", "kind": "member", "scope": "WPEFramework::Core::CyclicBuffer", "scopeKind": "class"}, {"_type": "tag", "name": "_realBuffer", "path": "/home/kavia/workspace/code-generation/app-gateway2/dependencies/install/include/WPEFramework/core/CyclicBuffer.h", "pattern": "/^        uint8_t* _realBuffer;$/", "language": "C++", "typeref": "typename:uint8_t *", "kind": "member", "scope": "WPEFramework::Core::CyclicBuffer", "scopeKind": "class"}, {"_type": "tag", "name": "_reserved", "path": "/home/kavia/workspace/code-generation/app-gateway2/dependencies/install/include/WPEFramework/core/CyclicBuffer.h", "pattern": "/^            uint32_t _reserved; \\/\\/ How much reserved in total.$/", "language": "C++", "typeref": "typename:uint32_t", "kind": "member", "scope": "WPEFramework::Core::CyclicBuffer::control", "scopeKind": "struct"}, {"_type": "tag", "name": "_reservedPID", "path": "/home/kavia/workspace/code-generation/app-gateway2/dependencies/install/include/WPEFramework/core/CyclicBuffer.h", "pattern": "/^            std::atomic<DWORD> _reservedPID; \\/\\/ What process made the reservation.$/", "language": "C++", "typeref": "typename:std::atomic<DWORD>", "kind": "member", "scope": "WPEFramework::Core::CyclicBuffer::control", "scopeKind": "struct"}, {"_type": "tag", "name": "_reservedPID", "path": "/home/kavia/workspace/code-generation/app-gateway2/dependencies/install/include/WPEFramework/core/CyclicBuffer.h", "pattern": "/^            std::atomic<pid_t> _reservedPID; \\/\\/ What process made the reservation.$/", "language": "C++", "typeref": "typename:std::atomic<pid_t>", "kind": "member", "scope": "WPEFramework::Core::CyclicBuffer::control", "scopeKind": "struct"}, {"_type": "tag", "name": "_reservedWritten", "path": "/home/kavia/workspace/code-generation/app-gateway2/dependencies/install/include/WPEFramework/core/CyclicBuffer.h", "pattern": "/^            uint32_t _reservedWritten; \\/\\/ How much has already been written.$/", "language": "C++", "typeref": "typename:uint32_t", "kind": "member", "scope": "WPEFramework::Core::CyclicBuffer::control", "scopeKind": "struct"}, {"_type": "tag", "name": "_roundCountModulo", "path": "/home/kavia/workspace/code-generation/app-gateway2/dependencies/install/include/WPEFramework/core/CyclicBuffer.h", "pattern": "/^            uint32_t _roundCountModulo; \\/\\/ Value with which to mod round count to prevent over/", "language": "C++", "typeref": "typename:uint32_t", "kind": "member", "scope": "WPEFramework::Core::CyclicBuffer::control", "scopeKind": "struct"}, {"_type": "tag", "name": "_signal", "path": "/home/kavia/workspace/code-generation/app-gateway2/dependencies/install/include/WPEFramework/core/CyclicBuffer.h", "pattern": "/^            pthread_cond_t _signal;$/", "language": "C++", "typeref": "typename:pthread_cond_t", "kind": "member", "scope": "WPEFramework::Core::CyclicBuffer::control", "scopeKind": "struct"}, {"_type": "tag", "name": "_signal", "path": "/home/kavia/workspace/code-generation/app-gateway2/dependencies/install/include/WPEFramework/core/CyclicBuffer.h", "pattern": "/^        HANDLE _signal;$/", "language": "C++", "typeref": "typename:HANDLE", "kind": "member", "scope": "WPEFramework::Core::CyclicBuffer", "scopeKind": "class"}, {"_type": "tag", "name": "_size", "path": "/home/kavia/workspace/code-generation/app-gateway2/dependencies/install/include/WPEFramework/core/CyclicBuffer.h", "pattern": "/^            uint32_t _size;$/", "language": "C++", "typeref": "typename:uint32_t", "kind": "member", "scope": "WPEFramework::Core::CyclicBuffer::control", "scopeKind": "struct"}, {"_type": "tag", "name": "_state", "path": "/home/kavia/workspace/code-generation/app-gateway2/dependencies/install/include/WPEFramework/core/CyclicBuffer.h", "pattern": "/^            std::atomic<uint16_t> _state;$/", "language": "C++", "typeref": "typename:std::atomic<uint16_t>", "kind": "member", "scope": "WPEFramework::Core::CyclicBuffer::control", "scopeKind": "struct"}, {"_type": "tag", "name": "_tail", "path": "/home/kavia/workspace/code-generation/app-gateway2/dependencies/install/include/WPEFramework/core/CyclicBuffer.h", "pattern": "/^            std::atomic<uint32_t> _tail;$/", "language": "C++", "typeref": "typename:std::atomic<uint32_t>", "kind": "member", "scope": "WPEFramework::Core::CyclicBuffer::control", "scopeKind": "struct"}, {"_type": "tag", "name": "_tailIndexMask", "path": "/home/kavia/workspace/code-generation/app-gateway2/dependencies/install/include/WPEFramework/core/CyclicBuffer.h", "pattern": "/^            uint32_t _tailIndexMask; \\/\\/ Bitmask of index in buffer, rest is round count.$/", "language": "C++", "typeref": "typename:uint32_t", "kind": "member", "scope": "WPEFramework::Core::CyclicBuffer::control", "scopeKind": "struct"}, {"_type": "tag", "name": "control", "path": "/home/kavia/workspace/code-generation/app-gateway2/dependencies/install/include/WPEFramework/core/CyclicBuffer.h", "pattern": "/^        struct control {$/", "language": "C++", "kind": "struct", "scope": "WPEFramework::Core::CyclicBuffer", "scopeKind": "class"}, {"_type": "tag", "name": "state", "path": "/home/kavia/workspace/code-generation/app-gateway2/dependencies/install/include/WPEFramework/core/CyclicBuffer.h", "pattern": "/^        enum state {$/", "language": "C++", "kind": "enum", "scope": "WPEFramework::Core::CyclicBuffer", "scopeKind": "class"}], "hash": "1cb04fd30cfbb9f1956e6f2e8c0e8dc1", "format-version": 4, "code-base-name": "app-gateway2", "filename": "dependencies/install/include/WPEFramework/core/CyclicBuffer.h", "fields": [{"name": "uint32_t _Offset", "scope": "WPEFramework::Core::CyclicBuffer::Cursor", "scopeKind": "class", "description": "unavailable"}, {"name": "CyclicBuffer & _Parent", "scope": "WPEFramework::Core::CyclicBuffer::Cursor", "scopeKind": "class", "description": "unavailable"}, {"name": "uint32_t _Size", "scope": "WPEFramework::Core::CyclicBuffer::Cursor", "scopeKind": "class", "description": "unavailable"}, {"name": "uint32_t _Tail", "scope": "WPEFramework::Core::CyclicBuffer::Cursor", "scopeKind": "class", "description": "unavailable"}, {"name": "struct:WPEFramework::Core::CyclicBuffer::control * _administration", "scope": "WPEFramework::Core::CyclicBuffer", "scopeKind": "class", "description": "unavailable"}, {"name": "std::atomic<uint32_t> _agents", "scope": "WPEFramework::Core::CyclicBuffer::control", "scopeKind": "struct", "description": "unavailable"}, {"name": "bool _alert", "scope": "WPEFramework::Core::CyclicBuffer", "scopeKind": "class", "description": "unavailable"}, {"name": "Core::DataElementFile _buffer", "scope": "WPEFramework::Core::CyclicBuffer", "scopeKind": "class", "description": "unavailable"}, {"name": "HANDLE _event", "scope": "WPEFramework::Core::CyclicBuffer", "scopeKind": "class", "description": "unavailable"}, {"name": "std::atomic<uint32_t> _head", "scope": "WPEFramework::Core::CyclicBuffer::control", "scopeKind": "struct", "description": "unavailable"}, {"name": "uint32_t _lockPID", "scope": "WPEFramework::Core::CyclicBuffer::control", "scopeKind": "struct", "description": "unavailable"}, {"name": "pthread_mutex_t _mutex", "scope": "WPEFramework::Core::CyclicBuffer::control", "scopeKind": "struct", "description": "unavailable"}, {"name": "HANDLE _mutex", "scope": "WPEFramework::Core::CyclicBuffer", "scopeKind": "class", "description": "unavailable"}, {"name": "uint8_t * _realBuffer", "scope": "WPEFramework::Core::CyclicBuffer", "scopeKind": "class", "description": "unavailable"}, {"name": "uint32_t _reserved", "scope": "WPEFramework::Core::CyclicBuffer::control", "scopeKind": "struct", "description": "unavailable"}, {"name": "std::atomic<DWORD> _reservedPID", "scope": "WPEFramework::Core::CyclicBuffer::control", "scopeKind": "struct", "description": "unavailable"}, {"name": "std::atomic<pid_t> _reservedPID", "scope": "WPEFramework::Core::CyclicBuffer::control", "scopeKind": "struct", "description": "unavailable"}, {"name": "uint32_t _reservedWritten", "scope": "WPEFramework::Core::CyclicBuffer::control", "scopeKind": "struct", "description": "unavailable"}, {"name": "uint32_t _roundCountModulo", "scope": "WPEFramework::Core::CyclicBuffer::control", "scopeKind": "struct", "description": "unavailable"}, {"name": "pthread_cond_t _signal", "scope": "WPEFramework::Core::CyclicBuffer::control", "scopeKind": "struct", "description": "unavailable"}, {"name": "HANDLE _signal", "scope": "WPEFramework::Core::CyclicBuffer", "scopeKind": "class", "description": "unavailable"}, {"name": "uint32_t _size", "scope": "WPEFramework::Core::CyclicBuffer::control", "scopeKind": "struct", "description": "unavailable"}, {"name": "std::atomic<uint16_t> _state", "scope": "WPEFramework::Core::CyclicBuffer::control", "scopeKind": "struct", "description": "unavailable"}, {"name": "std::atomic<uint32_t> _tail", "scope": "WPEFramework::Core::CyclicBuffer::control", "scopeKind": "struct", "description": "unavailable"}, {"name": "uint32_t _tailIndexMask", "scope": "WPEFramework::Core::CyclicBuffer::control", "scopeKind": "struct", "description": "unavailable"}], "revision_history": [{"17324": "0f87a35b32215bc8547fb583d6c84bd51f603f69"}]}