{"is_source_file": true, "format": "C++ header", "description": "This file defines the JSON-RPC metadata registration functions and versioning information for the JMetadata namespace within the WPEFramework project. It provides methods to register various read-only properties such as proxies, status, links, process info, subsystems, version, and call stack, which are used by plugins or controllers to expose status and configuration details via JSON-RPC.", "external_files": ["IController.h", "Core/JSON.h", "PluginHost/JSONRPC.h", "Core/Error.h", "Core/String.h"], "external_methods": ["ASSERT", "_module_.Register", "_module_.Unregister", "Core::JSON::String::SetQuoted", "Core::ERROR_NONE"], "published": ["WPEFramework::Exchange::Controller::JMetadata::Register", "WPEFramework::Exchange::Controller::JMetadata::Unregister", "WPEFramework::Exchange::Controller::JMetadata::Version::Major", "WPEFramework::Exchange::Controller::JMetadata::Version::Minor", "WPEFramework::Exchange::Controller::JMetadata::Version::Patch"], "classes": [], "methods": [{"name": "Register", "description": "Registers multiple read-only properties with the JSON-RPC module, linking them to methods of the IMetadata interface implementation. Properties include proxies, status, links, process info, subsystems, version, and callstack.", "parameters": "JSONRPC& _module_, IMetadata* _impl_"}, {"name": "void Unregister(JSONRPC & _module_)", "description": "Unregisters the previously registered properties from the JSON-RPC module.", "parameters": "JSONRPC& _module_", "scope": "WPEFramework::Exchange::Controller::JMetadata", "scopeKind": "namespace"}, {"name": "PUSH_WARNING(DISABLE_WARNING_UNUSED_FUNCTIONS)", "scope": "WPEFramework::Exchange::Controller::JMetadata", "scopeKind": "namespace", "description": "unavailable"}, {"name": "uint32_t __anon18cb86650102(Core::JSON::String& result)", "scope": "WPEFramework::Exchange::Controller::JMetadata::PUSH_WARNING", "scopeKind": "function", "description": "unavailable"}, {"name": "uint32_t __anon18cb86650202(const string& _index_, Core::JSON::String& result)", "scope": "WPEFramework::Exchange::Controller::JMetadata::PUSH_WARNING", "scopeKind": "function", "description": "unavailable"}, {"name": "uint32_t __anon18cb86650302(Core::JSON::String& result)", "scope": "WPEFramework::Exchange::Controller::JMetadata::PUSH_WARNING", "scopeKind": "function", "description": "unavailable"}, {"name": "uint32_t __anon18cb86650402(Core::JSON::String& result)", "scope": "WPEFramework::Exchange::Controller::JMetadata::PUSH_WARNING", "scopeKind": "function", "description": "unavailable"}, {"name": "uint32_t __anon18cb86650502(Core::JSON::String& result)", "scope": "WPEFramework::Exchange::Controller::JMetadata::PUSH_WARNING", "scopeKind": "function", "description": "unavailable"}, {"name": "uint32_t __anon18cb86650602(Core::JSON::String& result)", "scope": "WPEFramework::Exchange::Controller::JMetadata::PUSH_WARNING", "scopeKind": "function", "description": "unavailable"}, {"name": "uint32_t __anon18cb86650702(const string& _index_, Core::JSON::String& result)", "scope": "WPEFramework::Exchange::Controller::JMetadata::PUSH_WARNING", "scopeKind": "function", "description": "unavailable"}], "calls": ["ASSERT", "_module_.Register", "_impl_->Proxies", "_impl_->Status", "_impl_->Links", "_impl_->ProcessInfo", "_impl_->Subsystems", "_impl_->Version", "_impl_->CallStack"], "search-terms": ["JMetadata", "JSONRPC registration", "read-only properties", "WPEFramework version", "plugin status", "callstack", "dependencies build", "IController.h"], "state": 2, "file_id": 8788, "knowledge_revision": 18451, "git_revision": "a019ef1ecf9043a6387775f8d60762f619f4c761", "ctags": [{"_type": "tag", "name": "Controller", "path": "/home/kavia/workspace/code-generation/app-gateway2/dependencies/build/Thunder/Source/plugins/generated/jsonrpc/JMetadata.h", "pattern": "/^    namespace Controller {$/", "language": "C++", "kind": "namespace", "scope": "WPEFramework::Exchange", "scopeKind": "namespace"}, {"_type": "tag", "name": "Exchange", "path": "/home/kavia/workspace/code-generation/app-gateway2/dependencies/build/Thunder/Source/plugins/generated/jsonrpc/JMetadata.h", "pattern": "/^namespace Exchange {$/", "language": "C++", "kind": "namespace", "scope": "WPEFramework", "scopeKind": "namespace"}, {"_type": "tag", "name": "JMetadata", "path": "/home/kavia/workspace/code-generation/app-gateway2/dependencies/build/Thunder/Source/plugins/generated/jsonrpc/JMetadata.h", "pattern": "/^        namespace JMetadata {$/", "language": "C++", "kind": "namespace", "scope": "WPEFramework::Exchange::Controller", "scopeKind": "namespace"}, {"_type": "tag", "name": "JSONRPC", "path": "/home/kavia/workspace/code-generation/app-gateway2/dependencies/build/Thunder/Source/plugins/generated/jsonrpc/JMetadata.h", "pattern": "/^            using JSONRPC = PluginHost::JSONRPC;$/", "language": "C++", "typeref": "typename:PluginHost::JSONRPC", "kind": "typedef", "scope": "WPEFramework::Exchange::Controller::JMetadata", "scopeKind": "namespace"}, {"_type": "tag", "name": "Major", "path": "/home/kavia/workspace/code-generation/app-gateway2/dependencies/build/Thunder/Source/plugins/generated/jsonrpc/JMetadata.h", "pattern": "/^                constexpr uint8_t Major = 1;$/", "language": "C++", "typeref": "typename:uint8_t", "kind": "variable", "scope": "WPEFramework::Exchange::Controller::JMetadata::Version", "scopeKind": "namespace"}, {"_type": "tag", "name": "Minor", "path": "/home/kavia/workspace/code-generation/app-gateway2/dependencies/build/Thunder/Source/plugins/generated/jsonrpc/JMetadata.h", "pattern": "/^                constexpr uint8_t Minor = 0;$/", "language": "C++", "typeref": "typename:uint8_t", "kind": "variable", "scope": "WPEFramework::Exchange::Controller::JMetadata::Version", "scopeKind": "namespace"}, {"_type": "tag", "name": "PUSH_WARNING", "path": "/home/kavia/workspace/code-generation/app-gateway2/dependencies/build/Thunder/Source/plugins/generated/jsonrpc/JMetadata.h", "pattern": "/^            PUSH_WARNING(DISABLE_WARNING_UNUSED_FUNCTIONS)$/", "language": "C++", "kind": "function", "signature": "(DISABLE_WARNING_UNUSED_FUNCTIONS)", "scope": "WPEFramework::Exchange::Controller::JMetadata", "scopeKind": "namespace"}, {"_type": "tag", "name": "Patch", "path": "/home/kavia/workspace/code-generation/app-gateway2/dependencies/build/Thunder/Source/plugins/generated/jsonrpc/JMetadata.h", "pattern": "/^                constexpr uint8_t Patch = 0;$/", "language": "C++", "typeref": "typename:uint8_t", "kind": "variable", "scope": "WPEFramework::Exchange::Controller::JMetadata::Version", "scopeKind": "namespace"}, {"_type": "tag", "name": "Unregister", "path": "/home/kavia/workspace/code-generation/app-gateway2/dependencies/build/Thunder/Source/plugins/generated/jsonrpc/JMetadata.h", "pattern": "/^            static void Unregister(JSONRPC& _module_)$/", "language": "C++", "typeref": "typename:void", "kind": "function", "signature": "(JSONRPC & _module_)", "scope": "WPEFramework::Exchange::Controller::JMetadata", "scopeKind": "namespace"}, {"_type": "tag", "name": "Version", "path": "/home/kavia/workspace/code-generation/app-gateway2/dependencies/build/Thunder/Source/plugins/generated/jsonrpc/JMetadata.h", "pattern": "/^            namespace Version {$/", "language": "C++", "kind": "namespace", "scope": "WPEFramework::Exchange::Controller::JMetadata", "scopeKind": "namespace"}, {"_type": "tag", "name": "WPEFramework", "path": "/home/kavia/workspace/code-generation/app-gateway2/dependencies/build/Thunder/Source/plugins/generated/jsonrpc/JMetadata.h", "pattern": "/^namespace WPEFramework {$/", "language": "C++", "kind": "namespace"}, {"_type": "tag", "name": "__anon18cb86650102", "path": "/home/kavia/workspace/code-generation/app-gateway2/dependencies/build/Thunder/Source/plugins/generated/jsonrpc/JMetadata.h", "pattern": "/^                    [_impl_](Core::JSON::String& result) -> uint32_t {$/", "file": true, "language": "C++", "typeref": "typename:uint32_t", "kind": "function", "signature": "(Core::JSON::String& result) ", "scope": "WPEFramework::Exchange::Controller::JMetadata::PUSH_WARNING", "scopeKind": "function"}, {"_type": "tag", "name": "__anon18cb86650202", "path": "/home/kavia/workspace/code-generation/app-gateway2/dependencies/build/Thunder/Source/plugins/generated/jsonrpc/JMetadata.h", "pattern": "/^                    [_impl_](const string& _index_, Core::JSON::String& result) -> uint32_t {$/", "file": true, "language": "C++", "typeref": "typename:uint32_t", "kind": "function", "signature": "(const string& _index_, Core::JSON::String& result) ", "scope": "WPEFramework::Exchange::Controller::JMetadata::PUSH_WARNING", "scopeKind": "function"}, {"_type": "tag", "name": "__anon18cb86650302", "path": "/home/kavia/workspace/code-generation/app-gateway2/dependencies/build/Thunder/Source/plugins/generated/jsonrpc/JMetadata.h", "pattern": "/^                    [_impl_](Core::JSON::String& result) -> uint32_t {$/", "file": true, "language": "C++", "typeref": "typename:uint32_t", "kind": "function", "signature": "(Core::JSON::String& result) ", "scope": "WPEFramework::Exchange::Controller::JMetadata::PUSH_WARNING", "scopeKind": "function"}, {"_type": "tag", "name": "__anon18cb86650402", "path": "/home/kavia/workspace/code-generation/app-gateway2/dependencies/build/Thunder/Source/plugins/generated/jsonrpc/JMetadata.h", "pattern": "/^                    [_impl_](Core::JSON::String& result) -> uint32_t {$/", "file": true, "language": "C++", "typeref": "typename:uint32_t", "kind": "function", "signature": "(Core::JSON::String& result) ", "scope": "WPEFramework::Exchange::Controller::JMetadata::PUSH_WARNING", "scopeKind": "function"}, {"_type": "tag", "name": "__anon18cb86650502", "path": "/home/kavia/workspace/code-generation/app-gateway2/dependencies/build/Thunder/Source/plugins/generated/jsonrpc/JMetadata.h", "pattern": "/^                    [_impl_](Core::JSON::String& result) -> uint32_t {$/", "file": true, "language": "C++", "typeref": "typename:uint32_t", "kind": "function", "signature": "(Core::JSON::String& result) ", "scope": "WPEFramework::Exchange::Controller::JMetadata::PUSH_WARNING", "scopeKind": "function"}, {"_type": "tag", "name": "__anon18cb86650602", "path": "/home/kavia/workspace/code-generation/app-gateway2/dependencies/build/Thunder/Source/plugins/generated/jsonrpc/JMetadata.h", "pattern": "/^                    [_impl_](Core::JSON::String& result) -> uint32_t {$/", "file": true, "language": "C++", "typeref": "typename:uint32_t", "kind": "function", "signature": "(Core::JSON::String& result) ", "scope": "WPEFramework::Exchange::Controller::JMetadata::PUSH_WARNING", "scopeKind": "function"}, {"_type": "tag", "name": "__anon18cb86650702", "path": "/home/kavia/workspace/code-generation/app-gateway2/dependencies/build/Thunder/Source/plugins/generated/jsonrpc/JMetadata.h", "pattern": "/^                    [_impl_](const string& _index_, Core::JSON::String& result) -> uint32_t {$/", "file": true, "language": "C++", "typeref": "typename:uint32_t", "kind": "function", "signature": "(const string& _index_, Core::JSON::String& result) ", "scope": "WPEFramework::Exchange::Controller::JMetadata::PUSH_WARNING", "scopeKind": "function"}], "hash": "67f34ac23288385288aa8eb6a98ec4cf", "format-version": 4, "code-base-name": "app-gateway2", "filename": "dependencies/build/Thunder/Source/plugins/generated/jsonrpc/JMetadata.h", "fields": [{"name": "uint8_t Major", "scope": "WPEFramework::Exchange::Controller::JMetadata::Version", "scopeKind": "namespace", "description": "unavailable"}, {"name": "uint8_t Minor", "scope": "WPEFramework::Exchange::Controller::JMetadata::Version", "scopeKind": "namespace", "description": "unavailable"}, {"name": "uint8_t Patch", "scope": "WPEFramework::Exchange::Controller::JMetadata::Version", "scopeKind": "namespace", "description": "unavailable"}], "revision_history": [{"18451": "a019ef1ecf9043a6387775f8d60762f619f4c761"}]}