{"is_source_file": true, "format": "C++", "description": "This file contains C++ class definitions related to JSON-RPC API for network discovery, particularly the class 'StartDiscoveryParamsData' used for passing parameters to start discovery with a TTL value.", "external_files": ["<core/JSON.h>"], "external_methods": [], "published": ["WPEFramework::JsonData::Discovery::StartDiscoveryParamsData"], "classes": [{"name": "StartDiscoveryParamsData", "description": "A class representing the parameters for starting discovery, including a 'ttl' (time-to-live) value for SSDP network discovery."}], "methods": [{"name": "StartDiscoveryParamsData()", "description": "Constructor initializing the JSON container and adding the 'ttl' attribute.", "scope": "WPEFramework::JsonData::Discovery::StartDiscoveryParamsData", "scopeKind": "class"}, {"name": "IsValid()", "description": "Method that always returns true; intended for validation but currently a stub."}, {"name": "bool IsValid() const", "scope": "WPEFramework::JsonData::Discovery::StartDiscoveryParamsData", "scopeKind": "class", "description": "unavailable"}], "calls": [], "search-terms": ["StartDiscoveryParamsData", "JsonData_Discovery", "JSON-RPC", "discovery", "TTL", "SSDP"], "state": 2, "file_id": 8791, "knowledge_revision": 18458, "git_revision": "a019ef1ecf9043a6387775f8d60762f619f4c761", "ctags": [{"_type": "tag", "name": "Discovery", "path": "/home/kavia/workspace/code-generation/app-gateway2/dependencies/build/Thunder/Source/plugins/generated/jsonrpc/JsonData_Discovery.h", "pattern": "/^    namespace Discovery {$/", "language": "C++", "kind": "namespace", "scope": "WPEFramework::JsonData", "scopeKind": "namespace"}, {"_type": "tag", "name": "IsValid", "path": "/home/kavia/workspace/code-generation/app-gateway2/dependencies/build/Thunder/Source/plugins/generated/jsonrpc/JsonData_Discovery.h", "pattern": "/^            bool IsValid() const$/", "language": "C++", "typeref": "typename:bool", "kind": "function", "signature": "() const", "scope": "WPEFramework::JsonData::Discovery::StartDiscoveryParamsData", "scopeKind": "class"}, {"_type": "tag", "name": "JsonData", "path": "/home/kavia/workspace/code-generation/app-gateway2/dependencies/build/Thunder/Source/plugins/generated/jsonrpc/JsonData_Discovery.h", "pattern": "/^namespace JsonData {$/", "language": "C++", "kind": "namespace", "scope": "WPEFramework", "scopeKind": "namespace"}, {"_type": "tag", "name": "StartDiscoveryParamsData", "path": "/home/kavia/workspace/code-generation/app-gateway2/dependencies/build/Thunder/Source/plugins/generated/jsonrpc/JsonData_Discovery.h", "pattern": "/^            StartDiscoveryParamsData()$/", "language": "C++", "kind": "function", "signature": "()", "scope": "WPEFramework::JsonData::Discovery::StartDiscoveryParamsData", "scopeKind": "class"}, {"_type": "tag", "name": "StartDiscoveryParamsData", "path": "/home/kavia/workspace/code-generation/app-gateway2/dependencies/build/Thunder/Source/plugins/generated/jsonrpc/JsonData_Discovery.h", "pattern": "/^        class StartDiscoveryParamsData : public Core::JSON::Container {$/", "language": "C++", "kind": "class", "scope": "WPEFramework::JsonData::Discovery", "scopeKind": "namespace"}, {"_type": "tag", "name": "Ttl", "path": "/home/kavia/workspace/code-generation/app-gateway2/dependencies/build/Thunder/Source/plugins/generated/jsonrpc/JsonData_Discovery.h", "pattern": "/^            Core::JSON::DecUInt8 Ttl; \\/\\/ Starts the network discovery. Use this method to init/", "language": "C++", "typeref": "typename:Core::JSON::DecUInt8", "kind": "member", "scope": "WPEFramework::JsonData::Discovery::StartDiscoveryParamsData", "scopeKind": "class"}, {"_type": "tag", "name": "WPEFramework", "path": "/home/kavia/workspace/code-generation/app-gateway2/dependencies/build/Thunder/Source/plugins/generated/jsonrpc/JsonData_Discovery.h", "pattern": "/^namespace WPEFramework {$/", "language": "C++", "kind": "namespace"}], "hash": "f40b674200654c99257776cc9d27a4b6", "format-version": 4, "code-base-name": "app-gateway2", "filename": "dependencies/build/Thunder/Source/plugins/generated/jsonrpc/JsonData_Discovery.h", "fields": [{"name": "Core::JSON::DecUInt8 Ttl", "scope": "WPEFramework::JsonData::Discovery::StartDiscoveryParamsData", "scopeKind": "class", "description": "unavailable"}], "revision_history": [{"18458": "a019ef1ecf9043a6387775f8d60762f619f4c761"}]}