{"is_source_file": true, "format": "C++ header file", "description": "This file declares the IProvisioning interface within the WPEFramework::Exchange namespace. It includes the definition of the IProvisioning interface and its nested INotification interface, which are used for provisioning-related notifications and operations, such as device identification and DRM ID retrieval.", "external_files": ["Module.h", "Core::IUnknown", "RPC::IStringIterator"], "external_methods": ["Core::IUnknown", "RPC::IStringIterator"], "published": ["IProvisioning", "IProvisioning::INotification"], "classes": [{"name": "IProvisioning", "description": "Interface for provisioning operations, including device ID retrieval, DRM ID retrieval, and registration of notifications."}, {"name": "IProvisioning::INotification", "description": "Notification interface for receiving provisioning-related signals, such as provisioning status updates."}], "methods": [{"name": "Register", "description": "Registers a provisioning notification handler."}, {"name": "Unregister", "description": "Unregisters a provisioning notification handler."}, {"name": "DeviceId", "description": "Retrieves the device identifier."}, {"name": "DRMId", "description": "Retrieves DRM ID associated with a label."}, {"name": "Provisioned", "description": "Notification callback that signals provisioning updates with labels."}], "calls": ["Core::IUnknown", "RPC::IStringIterator"], "search-terms": ["IProvisioning", "INotification", "DRMId", "DeviceId", "Provisioned", "WPEFramework", "Exchange"], "state": 2, "file_id": 8367, "knowledge_revision": 17075, "git_revision": "0f87a35b32215bc8547fb583d6c84bd51f603f69", "ctags": [{"_type": "tag", "name": "Exchange", "path": "/home/kavia/workspace/code-generation/app-gateway2/dependencies/install/include/WPEFramework/interfaces/IProvisioning.h", "pattern": "/^namespace Exchange {$/", "language": "C++", "kind": "namespace", "scope": "WPEFramework", "scopeKind": "namespace"}, {"_type": "tag", "name": "ID", "path": "/home/kavia/workspace/code-generation/app-gateway2/dependencies/install/include/WPEFramework/interfaces/IProvisioning.h", "pattern": "/^            enum { ID = ID_PROVISIONING_NOTIFICATION };$/", "language": "C++", "kind": "enumerator", "scope": "WPEFramework::Exchange::IProvisioning::INotification::__anon7d541ffa0203", "scopeKind": "enum"}, {"_type": "tag", "name": "ID", "path": "/home/kavia/workspace/code-generation/app-gateway2/dependencies/install/include/WPEFramework/interfaces/IProvisioning.h", "pattern": "/^        enum { ID = ID_PROVISIONING };$/", "language": "C++", "kind": "enumerator", "scope": "WPEFramework::Exchange::IProvisioning::__anon7d541ffa0103", "scopeKind": "enum"}, {"_type": "tag", "name": "INotification", "path": "/home/kavia/workspace/code-generation/app-gateway2/dependencies/install/include/WPEFramework/interfaces/IProvisioning.h", "pattern": "/^        struct EXTERNAL INotification : virtual public Core::IUnknown {$/", "language": "C++", "kind": "struct", "scope": "WPEFramework::Exchange::IProvisioning", "scopeKind": "struct"}, {"_type": "tag", "name": "IProvisioning", "path": "/home/kavia/workspace/code-generation/app-gateway2/dependencies/install/include/WPEFramework/interfaces/IProvisioning.h", "pattern": "/^    struct EXTERNAL IProvisioning : virtual public Core::IUnknown {$/", "language": "C++", "kind": "struct", "scope": "WPEFramework::Exchange", "scopeKind": "namespace"}, {"_type": "tag", "name": "WPEFramework", "path": "/home/kavia/workspace/code-generation/app-gateway2/dependencies/install/include/WPEFramework/interfaces/IProvisioning.h", "pattern": "/^namespace WPEFramework {$/", "language": "C++", "kind": "namespace"}, {"_type": "tag", "name": "__anon7d541ffa0103", "path": "/home/kavia/workspace/code-generation/app-gateway2/dependencies/install/include/WPEFramework/interfaces/IProvisioning.h", "pattern": "/^        enum { ID = ID_PROVISIONING };$/", "language": "C++", "kind": "enum", "scope": "WPEFramework::Exchange::IProvisioning", "scopeKind": "struct"}, {"_type": "tag", "name": "__anon7d541ffa0203", "path": "/home/kavia/workspace/code-generation/app-gateway2/dependencies/install/include/WPEFramework/interfaces/IProvisioning.h", "pattern": "/^            enum { ID = ID_PROVISIONING_NOTIFICATION };$/", "language": "C++", "kind": "enum", "scope": "WPEFramework::Exchange::IProvisioning::INotification", "scopeKind": "struct"}], "hash": "47343f1476500d366fca6e04ac296d5d", "format-version": 4, "code-base-name": "app-gateway2", "filename": "dependencies/install/include/WPEFramework/interfaces/IProvisioning.h", "revision_history": [{"17075": "0f87a35b32215bc8547fb583d6c84bd51f603f69"}]}