{"is_source_file": true, "format": "C++ header", "description": "This file defines JSON data classes related to WebBrowser API events and data structures, specifically for use with JSON-RPC communication within the WPEFramework project. It includes classes for handling load failure, load completion, URL change, and visibility change events, with functions to serialize and validate these data structures.", "external_files": ["<core/JSON.h>", "<interfaces/IBrowser.h>"], "external_methods": [], "published": ["LoadFailedParamsData", "LoadFinishedParamsData", "URLChangeParamsData", "VisibilityChangeParamsData"], "classes": [{"name": "LoadFailedParamsData", "description": "Contains the URL that failed to load, used in JSON-RPC events indicating a load failure."}, {"name": "LoadFinishedParamsData", "description": "Contains the URL and HTTP status code for a successfully loaded web resource."}, {"name": "URLChangeParamsData", "description": "Details about URL changes, specifying the new URL and whether it has been loaded."}, {"name": "VisibilityChangeParamsData", "description": "Indicates whether the web content is hidden or visible."}], "methods": [{"name": "bool IsValid() const", "scope": "WPEFramework::JsonData::WebBrowser::VisibilityChangeParamsData", "scopeKind": "class", "description": "unavailable"}, {"name": "LoadFailedParamsData()", "scope": "WPEFramework::JsonData::WebBrowser::LoadFailedParamsData", "scopeKind": "class", "description": "unavailable"}, {"name": "LoadFinishedParamsData()", "scope": "WPEFramework::JsonData::WebBrowser::LoadFinishedParamsData", "scopeKind": "class", "description": "unavailable"}, {"name": "URLChangeParamsData()", "scope": "WPEFramework::JsonData::WebBrowser::URLChangeParamsData", "scopeKind": "class", "description": "unavailable"}, {"name": "VisibilityChangeParamsData()", "scope": "WPEFramework::JsonData::WebBrowser::VisibilityChangeParamsData", "scopeKind": "class", "description": "unavailable"}], "calls": [], "search-terms": ["WebBrowser JSON events", "LoadFailedParamsData", "LoadFinishedParamsData", "URLChangeParamsData", "VisibilityChangeParamsData", "WebBrowser API", "JSON-RPC WebBrowser"], "state": 2, "file_id": 8392, "knowledge_revision": 17106, "git_revision": "0f87a35b32215bc8547fb583d6c84bd51f603f69", "ctags": [{"_type": "tag", "name": "Hidden", "path": "/home/kavia/workspace/code-generation/app-gateway2/dependencies/install/include/WPEFramework/interfaces/json/JsonData_WebBrowser.h", "pattern": "/^            Core::JSON::Boolean Hidden; \\/\\/ hidden (true) or visible (false)$/", "language": "C++", "typeref": "typename:Core::JSON::Boolean", "kind": "member", "scope": "WPEFramework::JsonData::WebBrowser::VisibilityChangeParamsData", "scopeKind": "class"}, {"_type": "tag", "name": "Httpstatus", "path": "/home/kavia/workspace/code-generation/app-gateway2/dependencies/install/include/WPEFramework/interfaces/json/JsonData_WebBrowser.h", "pattern": "/^            Core::JSON::DecSInt32 Httpstatus; \\/\\/ The response code of main resource request$/", "language": "C++", "typeref": "typename:Core::JSON::DecSInt32", "kind": "member", "scope": "WPEFramework::JsonData::WebBrowser::LoadFinishedParamsData", "scopeKind": "class"}, {"_type": "tag", "name": "IsValid", "path": "/home/kavia/workspace/code-generation/app-gateway2/dependencies/install/include/WPEFramework/interfaces/json/JsonData_WebBrowser.h", "pattern": "/^            bool IsValid() const$/", "language": "C++", "typeref": "typename:bool", "kind": "function", "signature": "() const", "scope": "WPEFramework::JsonData::WebBrowser::LoadFailedParamsData", "scopeKind": "class"}, {"_type": "tag", "name": "IsValid", "path": "/home/kavia/workspace/code-generation/app-gateway2/dependencies/install/include/WPEFramework/interfaces/json/JsonData_WebBrowser.h", "pattern": "/^            bool IsValid() const$/", "language": "C++", "typeref": "typename:bool", "kind": "function", "signature": "() const", "scope": "WPEFramework::JsonData::WebBrowser::LoadFinishedParamsData", "scopeKind": "class"}, {"_type": "tag", "name": "IsValid", "path": "/home/kavia/workspace/code-generation/app-gateway2/dependencies/install/include/WPEFramework/interfaces/json/JsonData_WebBrowser.h", "pattern": "/^            bool IsValid() const$/", "language": "C++", "typeref": "typename:bool", "kind": "function", "signature": "() const", "scope": "WPEFramework::JsonData::WebBrowser::URLChangeParamsData", "scopeKind": "class"}, {"_type": "tag", "name": "IsValid", "path": "/home/kavia/workspace/code-generation/app-gateway2/dependencies/install/include/WPEFramework/interfaces/json/JsonData_WebBrowser.h", "pattern": "/^            bool IsValid() const$/", "language": "C++", "typeref": "typename:bool", "kind": "function", "signature": "() const", "scope": "WPEFramework::JsonData::WebBrowser::VisibilityChangeParamsData", "scopeKind": "class"}, {"_type": "tag", "name": "JsonData", "path": "/home/kavia/workspace/code-generation/app-gateway2/dependencies/install/include/WPEFramework/interfaces/json/JsonData_WebBrowser.h", "pattern": "/^namespace JsonData {$/", "language": "C++", "kind": "namespace", "scope": "WPEFramework", "scopeKind": "namespace"}, {"_type": "tag", "name": "LoadFailedParamsData", "path": "/home/kavia/workspace/code-generation/app-gateway2/dependencies/install/include/WPEFramework/interfaces/json/JsonData_WebBrowser.h", "pattern": "/^            LoadFailedParamsData()$/", "language": "C++", "kind": "function", "signature": "()", "scope": "WPEFramework::JsonData::WebBrowser::LoadFailedParamsData", "scopeKind": "class"}, {"_type": "tag", "name": "LoadFailedParamsData", "path": "/home/kavia/workspace/code-generation/app-gateway2/dependencies/install/include/WPEFramework/interfaces/json/JsonData_WebBrowser.h", "pattern": "/^        class LoadFailedParamsData : public Core::JSON::Container {$/", "language": "C++", "kind": "class", "scope": "WPEFramework::JsonData::WebBrowser", "scopeKind": "namespace"}, {"_type": "tag", "name": "LoadFinishedParamsData", "path": "/home/kavia/workspace/code-generation/app-gateway2/dependencies/install/include/WPEFramework/interfaces/json/JsonData_WebBrowser.h", "pattern": "/^            LoadFinishedParamsData()$/", "language": "C++", "kind": "function", "signature": "()", "scope": "WPEFramework::JsonData::WebBrowser::LoadFinishedParamsData", "scopeKind": "class"}, {"_type": "tag", "name": "LoadFinishedParamsData", "path": "/home/kavia/workspace/code-generation/app-gateway2/dependencies/install/include/WPEFramework/interfaces/json/JsonData_WebBrowser.h", "pattern": "/^        class LoadFinishedParamsData : public Core::JSON::Container {$/", "language": "C++", "kind": "class", "scope": "WPEFramework::JsonData::WebBrowser", "scopeKind": "namespace"}, {"_type": "tag", "name": "Loaded", "path": "/home/kavia/workspace/code-generation/app-gateway2/dependencies/install/include/WPEFramework/interfaces/json/JsonData_WebBrowser.h", "pattern": "/^            Core::JSON::Boolean Loaded; \\/\\/ loaded (true) or not (false)$/", "language": "C++", "typeref": "typename:Core::JSON::Boolean", "kind": "member", "scope": "WPEFramework::JsonData::WebBrowser::URLChangeParamsData", "scopeKind": "class"}, {"_type": "tag", "name": "URL", "path": "/home/kavia/workspace/code-generation/app-gateway2/dependencies/install/include/WPEFramework/interfaces/json/JsonData_WebBrowser.h", "pattern": "/^            Core::JSON::String URL; \\/\\/ The URL that has been failed to load$/", "language": "C++", "typeref": "typename:Core::JSON::String", "kind": "member", "scope": "WPEFramework::JsonData::WebBrowser::LoadFailedParamsData", "scopeKind": "class"}, {"_type": "tag", "name": "URL", "path": "/home/kavia/workspace/code-generation/app-gateway2/dependencies/install/include/WPEFramework/interfaces/json/JsonData_WebBrowser.h", "pattern": "/^            Core::JSON::String URL; \\/\\/ The URL that has been loaded or requested$/", "language": "C++", "typeref": "typename:Core::JSON::String", "kind": "member", "scope": "WPEFramework::JsonData::WebBrowser::URLChangeParamsData", "scopeKind": "class"}, {"_type": "tag", "name": "URL", "path": "/home/kavia/workspace/code-generation/app-gateway2/dependencies/install/include/WPEFramework/interfaces/json/JsonData_WebBrowser.h", "pattern": "/^            Core::JSON::String URL; \\/\\/ The URL that has been loaded$/", "language": "C++", "typeref": "typename:Core::JSON::String", "kind": "member", "scope": "WPEFramework::JsonData::WebBrowser::LoadFinishedParamsData", "scopeKind": "class"}, {"_type": "tag", "name": "URLChangeParamsData", "path": "/home/kavia/workspace/code-generation/app-gateway2/dependencies/install/include/WPEFramework/interfaces/json/JsonData_WebBrowser.h", "pattern": "/^            URLChangeParamsData()$/", "language": "C++", "kind": "function", "signature": "()", "scope": "WPEFramework::JsonData::WebBrowser::URLChangeParamsData", "scopeKind": "class"}, {"_type": "tag", "name": "URLChangeParamsData", "path": "/home/kavia/workspace/code-generation/app-gateway2/dependencies/install/include/WPEFramework/interfaces/json/JsonData_WebBrowser.h", "pattern": "/^        class URLChangeParamsData : public Core::JSON::Container {$/", "language": "C++", "kind": "class", "scope": "WPEFramework::JsonData::WebBrowser", "scopeKind": "namespace"}, {"_type": "tag", "name": "VisibilityChangeParamsData", "path": "/home/kavia/workspace/code-generation/app-gateway2/dependencies/install/include/WPEFramework/interfaces/json/JsonData_WebBrowser.h", "pattern": "/^            VisibilityChangeParamsData()$/", "language": "C++", "kind": "function", "signature": "()", "scope": "WPEFramework::JsonData::WebBrowser::VisibilityChangeParamsData", "scopeKind": "class"}, {"_type": "tag", "name": "VisibilityChangeParamsData", "path": "/home/kavia/workspace/code-generation/app-gateway2/dependencies/install/include/WPEFramework/interfaces/json/JsonData_WebBrowser.h", "pattern": "/^        class VisibilityChangeParamsData : public Core::JSON::Container {$/", "language": "C++", "kind": "class", "scope": "WPEFramework::JsonData::WebBrowser", "scopeKind": "namespace"}, {"_type": "tag", "name": "WPEFramework", "path": "/home/kavia/workspace/code-generation/app-gateway2/dependencies/install/include/WPEFramework/interfaces/json/JsonData_WebBrowser.h", "pattern": "/^namespace WPEFramework {$/", "language": "C++", "kind": "namespace"}, {"_type": "tag", "name": "WebBrowser", "path": "/home/kavia/workspace/code-generation/app-gateway2/dependencies/install/include/WPEFramework/interfaces/json/JsonData_WebBrowser.h", "pattern": "/^    namespace WebBrowser {$/", "language": "C++", "kind": "namespace", "scope": "WPEFramework::JsonData", "scopeKind": "namespace"}], "hash": "60d81b9625435a6837d8479556aee43b", "format-version": 4, "code-base-name": "app-gateway2", "filename": "dependencies/install/include/WPEFramework/interfaces/json/JsonData_WebBrowser.h", "fields": [{"name": "Core::JSON::Boolean Hidden", "scope": "WPEFramework::JsonData::WebBrowser::VisibilityChangeParamsData", "scopeKind": "class", "description": "unavailable"}, {"name": "Core::JSON::DecSInt32 Httpstatus", "scope": "WPEFramework::JsonData::WebBrowser::LoadFinishedParamsData", "scopeKind": "class", "description": "unavailable"}, {"name": "Core::JSON::Boolean Loaded", "scope": "WPEFramework::JsonData::WebBrowser::URLChangeParamsData", "scopeKind": "class", "description": "unavailable"}, {"name": "Core::JSON::String URL", "scope": "WPEFramework::JsonData::WebBrowser::LoadFailedParamsData", "scopeKind": "class", "description": "unavailable"}], "revision_history": [{"17106": "0f87a35b32215bc8547fb583d6c84bd51f603f69"}]}