{"is_source_file": true, "format": "C++ header", "description": "This file defines warning reporting controls, macros, and categories for logging and reporting warnings within a software project. It includes class templates and macros for warning analysis, configuration, and event reporting, as well as mechanisms for categorizing warnings and controlling their reporting behavior.", "external_files": ["CallsignTLS.h", "IWarningReportingControl.h", "Module.h", "Optional.h", "SystemInfo.h", "TextFragment.h", "Time.h", "Trace.h", "TypeTraits.h"], "external_methods": ["WPEFramework::Core::System::MODULE_NAME", "WPEFramework::Core::CallsignTLS::CallsignAccess", "WPEFramework::WarningReporting::WarningReportingUnitProxy::Instance", "Core::ClassNameOnly", "WPEFramework::Core::SystemInfo::Instance", "WPEFramework::Core::SystemInfo::Ticks", "WPEFramework::Core::Time::MicroSecondsPerMilliSecond", "Core::Messaging::IControl::Announce", "Core::Messaging::IControl::Revoke", "Core::Messaging::IControl", "Core::Messaging::Metadata::type::REPORTING", "Core::Messaging::Metadata", "WPEFramework::Core::CriticalSection", "ASSERT", "WPEFramework::Core::TypeTraits::enable_if", "WPEFramework::Core::TypeTraits::disable_if"], "published": ["WarningReporting", "WarningReportingType", "WarningReportingBoundsCategory"], "classes": [{"name": "ExcludedWarnings", "description": "Maintains lists of callsigns and modules excluded from warning reports."}, {"name": "WarningReportingUnitProxy", "description": "Singleton proxy class for managing warning reporting events, categories, and exclusions."}, {"name": "WarningReportingBoundsCategory", "description": "Template class that manages warning bounds, analysis, serialization, and descriptive output for specific categories."}, {"name": "WarningReportingType", "description": "Template class encapsulating warning reporting behavior for specific categories, including analysis, serialization, and control."}, {"name": "WarningReportingControl", "description": "Nested class within WarningReportingType that manages category-specific control, configuration, and exclusion."}], "methods": [{"name": "bool Analyze(const char moduleName[],const char identifier[],const uint32_t actualValue,Args &&...args)", "description": "Analyzes whether a warning should be reported based on category bounds and custom analysis logic.", "scope": "WPEFramework::WarningReporting::WarningReportingBoundsCategory", "scopeKind": "class"}, {"name": "void Configure(const string & settings)", "description": "Configures category parameters such as warning bounds and specific settings.", "scope": "WPEFramework::WarningReporting::WarningReportingBoundsCategory", "scopeKind": "class"}, {"name": "string CategoryName()", "description": "Returns the name of a warning category.", "scope": "WPEFramework::WarningReporting::WarningReportingBoundsCategory", "scopeKind": "class"}, {"name": "uint16_t Serialize(uint8_t buffer[],const uint16_t length) const", "description": "Serializes category info and actual value to a buffer for transmission or storage.", "scope": "WPEFramework::WarningReporting::WarningReportingBoundsCategory", "scopeKind": "class"}, {"name": "uint16_t Deserialize(const uint8_t buffer[],const uint16_t length)", "description": "Deserializes category info and actual value from a buffer.", "scope": "WPEFramework::WarningReporting::WarningReportingBoundsCategory", "scopeKind": "class"}, {"name": "void ToString(string & visitor) const", "description": "Returns string representation of the category for debugging or output.", "scope": "WPEFramework::WarningReporting::WarningReportingBoundsCategory", "scopeKind": "class"}, {"name": "bool IsWarning() const", "description": "Determines if a given value exceeds warning bounds and should be considered a warning.", "scope": "WPEFramework::WarningReporting::WarningReportingBoundsCategory", "scopeKind": "class"}, {"name": "bool Analyze(const char modulename[],const char identifier[],Args &&...args)", "scope": "WPEFramework::WarningReporting::WarningReportingType", "scopeKind": "class", "description": "unavailable"}, {"name": "CallAnalyze(T & category,const char modulename[],const char identifier[],Args &&...args)", "scope": "WPEFramework::WarningReporting::WarningReportingType", "scopeKind": "class", "description": "unavailable"}, {"name": "CallAnalyze(T & category,const char[],const char[],Args &&...)", "scope": "WPEFramework::WarningReporting::WarningReportingType", "scopeKind": "class", "description": "unavailable"}, {"name": "CallAnalyze(const char modulename[],const char identifier[],Args &&...args)", "scope": "WPEFramework::WarningReporting::WarningReportingBoundsCategory", "scopeKind": "class", "description": "unavailable"}, {"name": "CallAnalyze(const char[],const char[],Args &&...)", "scope": "WPEFramework::WarningReporting::WarningReportingBoundsCategory", "scopeKind": "class", "description": "unavailable"}, {"name": "Core::TypeTraits::enable_if<!hasCategoryName<T,string>::value,string>::type CallCategoryName()", "scope": "WPEFramework::WarningReporting::WarningReportingType::WarningReportingControl", "scopeKind": "class", "description": "unavailable"}, {"name": "Core::TypeTraits::enable_if<hasCategoryName<T,string>::value,string>::type CallCategoryName()", "scope": "WPEFramework::WarningReporting::WarningReportingType::WarningReportingControl", "scopeKind": "class", "description": "unavailable"}, {"name": "Core::TypeTraits::enable_if<hasConfigure<T,void,const string &>::value,void>::type CallConfigure(const string & settings)", "scope": "WPEFramework::WarningReporting::WarningReportingBoundsCategory", "scopeKind": "class", "description": "unavailable"}, {"name": "Core::TypeTraits::enable_if<!hasConfigure<T,void,const string &>::value,void>::type CallConfigure(const string &)", "scope": "WPEFramework::WarningReporting::WarningReportingBoundsCategory", "scopeKind": "class", "description": "unavailable"}, {"name": "Core::TypeTraits::enable_if<!hasIsWarning<const T,bool>::value,bool>::type CallIsWarning() const", "scope": "WPEFramework::WarningReporting::WarningReportingType", "scopeKind": "class", "description": "unavailable"}, {"name": "Core::TypeTraits::enable_if<hasIsWarning<const T,bool>::value,bool>::type CallIsWarning() const", "scope": "WPEFramework::WarningReporting::WarningReportingType", "scopeKind": "class", "description": "unavailable"}, {"name": "const char * Category() const", "scope": "WPEFramework::WarningReporting::WarningReportingType", "scopeKind": "class", "description": "unavailable"}, {"name": "IWarningEvent * Clone() const", "scope": "WPEFramework::WarningReporting::WarningReportingType::WarningReportingControl", "scopeKind": "class", "description": "unavailable"}, {"name": "uint16_t Deserialize(const uint8_t data[],const uint16_t size)", "scope": "WPEFramework::WarningReporting::WarningReportingType", "scopeKind": "class", "description": "unavailable"}, {"name": "void Destroy()", "scope": "WPEFramework::WarningReporting::WarningReportingType", "scopeKind": "class", "description": "unavailable"}, {"name": "bool Enable() const", "scope": "WPEFramework::WarningReporting::WarningReportingType::WarningReportingControl", "scopeKind": "class", "description": "unavailable"}, {"name": "void Enable(const bool enabled)", "scope": "WPEFramework::WarningReporting::WarningReportingType::WarningReportingControl", "scopeKind": "class", "description": "unavailable"}, {"name": "void Enable(const bool status)", "scope": "WPEFramework::WarningReporting::WarningReportingType", "scopeKind": "class", "description": "unavailable"}, {"name": "bool Enabled() const", "scope": "WPEFramework::WarningReporting::WarningReportingType", "scopeKind": "class", "description": "unavailable"}, {"name": "void Enabled(const bool enabled)", "scope": "WPEFramework::WarningReporting::WarningReportingType", "scopeKind": "class", "description": "unavailable"}, {"name": "void Exclude(const string & toExclude)", "scope": "WPEFramework::WarningReporting::WarningReportingType::WarningReportingControl", "scopeKind": "class", "description": "unavailable"}, {"name": "ExcludedWarnings()", "scope": "WPEFramework::WarningReporting::ExcludedWarnings", "scopeKind": "class", "description": "unavailable"}, {"name": "void InsertCallsign(const string & callsign)", "scope": "WPEFramework::WarningReporting::ExcludedWarnings", "scopeKind": "class", "description": "unavailable"}, {"name": "void InsertModule(const string & module)", "scope": "WPEFramework::WarningReporting::ExcludedWarnings", "scopeKind": "class", "description": "unavailable"}, {"name": "bool IsCallsignExcluded(const string & callsign)", "scope": "WPEFramework::WarningReporting::WarningReportingType::WarningReportingControl", "scopeKind": "class", "description": "unavailable"}, {"name": "bool IsCallsignExcluded(const string & callsign) const", "scope": "WPEFramework::WarningReporting::ExcludedWarnings", "scopeKind": "class", "description": "unavailable"}, {"name": "bool IsEnabled() const", "scope": "WPEFramework::WarningReporting::WarningReportingType::WarningReportingControl", "scopeKind": "class", "description": "unavailable"}, {"name": "bool IsEnabled()", "scope": "WPEFramework::WarningReporting::WarningReportingType", "scopeKind": "class", "description": "unavailable"}, {"name": "bool IsModuleExcluded(const string & module)", "scope": "WPEFramework::WarningReporting::WarningReportingType::WarningReportingControl", "scopeKind": "class", "description": "unavailable"}, {"name": "bool IsModuleExcluded(const string & module) const", "scope": "WPEFramework::WarningReporting::ExcludedWarnings", "scopeKind": "class", "description": "unavailable"}, {"name": "const Core::Messaging::Metadata & Metadata() const", "scope": "WPEFramework::WarningReporting::WarningReportingType::WarningReportingControl", "scopeKind": "class", "description": "unavailable"}, {"name": "uint16_t Serialize(uint8_t data[],const uint16_t size) const", "scope": "WPEFramework::WarningReporting::WarningReportingType", "scopeKind": "class", "description": "unavailable"}, {"name": "WarningReportingBoundsCategory()", "scope": "WPEFramework::WarningReporting::WarningReportingBoundsCategory", "scopeKind": "class", "description": "unavailable"}, {"name": "WarningReportingControl()", "scope": "WPEFramework::WarningReporting::WarningReportingType::WarningReportingControl", "scopeKind": "class", "description": "unavailable"}, {"name": "WarningReportingType()", "scope": "WPEFramework::WarningReporting::WarningReportingType", "scopeKind": "class", "description": "unavailable"}], "calls": ["WPEFramework::WarningReporting::WarningReportingUnitProxy::ReportWarningEvent", "WPEFramework::WarningReporting::WarningReportingUnitProxy::FetchCategoryInformation", "WPEFramework::WarningReporting::WarningReportingUnitProxy::FillExcludedWarnings", "WPEFramework::WarningReporting::WarningReportingUnitProxy::FillBoundsConfig", "WPEFramework::Core::SystemInfo::Instance", "WPEFramework::Core::SystemInfo::Ticks", "WPEFramework::Core::System::MODULE_NAME", "WPEFramework::Core::CallsignTLS::CallsignAccess"], "search-terms": ["WarningReporting", "WarningReportingType", "WarningReportingBoundsCategory", "Analyze", "Configure", "CategoryName", "OutOfBounds", "Bounds", "Macros", "Reporting"], "state": 2, "file_id": 8636, "knowledge_revision": 17351, "git_revision": "0f87a35b32215bc8547fb583d6c84bd51f603f69", "ctags": [{"_type": "tag", "name": "ANNOUNCE_WARNING", "path": "/home/kavia/workspace/code-generation/app-gateway2/dependencies/install/include/WPEFramework/core/WarningReportingControl.h", "pattern": "/^#define ANNOUNCE_WARNING(/", "language": "C++", "kind": "macro", "signature": "(CATEGORY)"}, {"_type": "tag", "name": "Analyze", "path": "/home/kavia/workspace/code-generation/app-gateway2/dependencies/install/include/WPEFramework/core/WarningReportingControl.h", "pattern": "/^        bool Analyze(const char moduleName[], const char identifier[], const uint32_t actualValu/", "language": "C++", "typeref": "typename:bool", "kind": "function", "signature": "(const char moduleName[],const char identifier[],const uint32_t actualValue,Args &&...args)", "scope": "WPEFramework::WarningReporting::WarningReportingBoundsCategory", "scopeKind": "class"}, {"_type": "tag", "name": "Analyze", "path": "/home/kavia/workspace/code-generation/app-gateway2/dependencies/install/include/WPEFramework/core/WarningReportingControl.h", "pattern": "/^        inline bool Analyze(const char modulename[], const char identifier[], Args&&... args)$/", "language": "C++", "typeref": "typename:bool", "kind": "function", "signature": "(const char modulename[],const char identifier[],Args &&...args)", "scope": "WPEFramework::WarningReporting::WarningReportingType", "scopeKind": "class"}, {"_type": "tag", "name": "CallAnalyze", "path": "/home/kavia/workspace/code-generation/app-gateway2/dependencies/install/include/WPEFramework/core/WarningReportingControl.h", "pattern": "/^        CallAnalyze(T& category, const char modulename[], const char identifier[], Args&&... arg/", "language": "C++", "kind": "function", "signature": "(T & category,const char modulename[],const char identifier[],Args &&...args)", "scope": "WPEFramework::WarningReporting::WarningReportingType", "scopeKind": "class"}, {"_type": "tag", "name": "CallAnalyze", "path": "/home/kavia/workspace/code-generation/app-gateway2/dependencies/install/include/WPEFramework/core/WarningReportingControl.h", "pattern": "/^        CallAnalyze(T& category, const char[], const char[], Args&&...)$/", "language": "C++", "kind": "function", "signature": "(T & category,const char[],const char[],Args &&...)", "scope": "WPEFramework::WarningReporting::WarningReportingType", "scopeKind": "class"}, {"_type": "tag", "name": "CallAnalyze", "path": "/home/kavia/workspace/code-generation/app-gateway2/dependencies/install/include/WPEFramework/core/WarningReportingControl.h", "pattern": "/^        CallAnalyze(const char modulename[], const char identifier[], Args&&... args)$/", "language": "C++", "kind": "function", "signature": "(const char modulename[],const char identifier[],Args &&...args)", "scope": "WPEFramework::WarningReporting::WarningReportingBoundsCategory", "scopeKind": "class"}, {"_type": "tag", "name": "CallAnalyze", "path": "/home/kavia/workspace/code-generation/app-gateway2/dependencies/install/include/WPEFramework/core/WarningReportingControl.h", "pattern": "/^        CallAnalyze(const char[], const char[], Args&&...)$/", "language": "C++", "kind": "function", "signature": "(const char[],const char[],Args &&...)", "scope": "WPEFramework::WarningReporting::WarningReportingBoundsCategory", "scopeKind": "class"}, {"_type": "tag", "name": "CallCategoryName", "path": "/home/kavia/workspace/code-generation/app-gateway2/dependencies/install/include/WPEFramework/core/WarningReportingControl.h", "pattern": "/^            CallCategoryName()$/", "language": "C++", "typeref": "typename:Core::TypeTraits::enable_if<!hasCategoryName<T,string>::value,string>::type", "kind": "function", "signature": "()", "scope": "WPEFramework::WarningReporting::WarningReportingType::WarningReportingControl", "scopeKind": "class"}, {"_type": "tag", "name": "CallCategoryName", "path": "/home/kavia/workspace/code-generation/app-gateway2/dependencies/install/include/WPEFramework/core/WarningReportingControl.h", "pattern": "/^            CallCategoryName()$/", "language": "C++", "typeref": "typename:Core::TypeTraits::enable_if<hasCategoryName<T,string>::value,string>::type", "kind": "function", "signature": "()", "scope": "WPEFramework::WarningReporting::WarningReportingType::WarningReportingControl", "scopeKind": "class"}, {"_type": "tag", "name": "CallConfigure", "path": "/home/kavia/workspace/code-generation/app-gateway2/dependencies/install/include/WPEFramework/core/WarningReportingControl.h", "pattern": "/^            CallConfigure(const string& settings)$/", "language": "C++", "typeref": "typename:Core::TypeTraits::enable_if<hasConfigure<T,void,const string &>::value,void>::type", "kind": "function", "signature": "(const string & settings)", "scope": "WPEFramework::WarningReporting::WarningReportingType::WarningReportingControl", "scopeKind": "class"}, {"_type": "tag", "name": "CallConfigure", "path": "/home/kavia/workspace/code-generation/app-gateway2/dependencies/install/include/WPEFramework/core/WarningReportingControl.h", "pattern": "/^            CallConfigure(const string&)$/", "language": "C++", "typeref": "typename:Core::TypeTraits::enable_if<!hasConfigure<T,void,const string &>::value,void>::type", "kind": "function", "signature": "(const string &)", "scope": "WPEFramework::WarningReporting::WarningReportingType::WarningReportingControl", "scopeKind": "class"}, {"_type": "tag", "name": "CallConfigure", "path": "/home/kavia/workspace/code-generation/app-gateway2/dependencies/install/include/WPEFramework/core/WarningReportingControl.h", "pattern": "/^        CallConfigure(const string& settings)$/", "language": "C++", "typeref": "typename:Core::TypeTraits::enable_if<hasConfigure<T,void,const string &>::value,void>::type", "kind": "function", "signature": "(const string & settings)", "scope": "WPEFramework::WarningReporting::WarningReportingBoundsCategory", "scopeKind": "class"}, {"_type": "tag", "name": "CallConfigure", "path": "/home/kavia/workspace/code-generation/app-gateway2/dependencies/install/include/WPEFramework/core/WarningReportingControl.h", "pattern": "/^        CallConfigure(const string&)$/", "language": "C++", "typeref": "typename:Core::TypeTraits::enable_if<!hasConfigure<T,void,const string &>::value,void>::type", "kind": "function", "signature": "(const string &)", "scope": "WPEFramework::WarningReporting::WarningReportingBoundsCategory", "scopeKind": "class"}, {"_type": "tag", "name": "CallIsWarning", "path": "/home/kavia/workspace/code-generation/app-gateway2/dependencies/install/include/WPEFramework/core/WarningReportingControl.h", "pattern": "/^        CallIsWarning() const$/", "language": "C++", "typeref": "typename:Core::TypeTraits::enable_if<!hasIsWarning<const T,bool>::value,bool>::type", "kind": "function", "signature": "() const", "scope": "WPEFramework::WarningReporting::WarningReportingBoundsCategory", "scopeKind": "class"}, {"_type": "tag", "name": "CallIsWarning", "path": "/home/kavia/workspace/code-generation/app-gateway2/dependencies/install/include/WPEFramework/core/WarningReportingControl.h", "pattern": "/^        CallIsWarning() const$/", "language": "C++", "typeref": "typename:Core::TypeTraits::enable_if<!hasIsWarning<const T,bool>::value,bool>::type", "kind": "function", "signature": "() const", "scope": "WPEFramework::WarningReporting::WarningReportingType", "scopeKind": "class"}, {"_type": "tag", "name": "CallIsWarning", "path": "/home/kavia/workspace/code-generation/app-gateway2/dependencies/install/include/WPEFramework/core/WarningReportingControl.h", "pattern": "/^        CallIsWarning() const$/", "language": "C++", "typeref": "typename:Core::TypeTraits::enable_if<hasIsWarning<const T,bool>::value,bool>::type", "kind": "function", "signature": "() const", "scope": "WPEFramework::WarningReporting::WarningReportingBoundsCategory", "scopeKind": "class"}, {"_type": "tag", "name": "CallIsWarning", "path": "/home/kavia/workspace/code-generation/app-gateway2/dependencies/install/include/WPEFramework/core/WarningReportingControl.h", "pattern": "/^        CallIsWarning() const$/", "language": "C++", "typeref": "typename:Core::TypeTraits::enable_if<hasIsWarning<const T,bool>::value,bool>::type", "kind": "function", "signature": "() const", "scope": "WPEFramework::WarningReporting::WarningReportingType", "scopeKind": "class"}, {"_type": "tag", "name": "Category", "path": "/home/kavia/workspace/code-generation/app-gateway2/dependencies/install/include/WPEFramework/core/WarningReportingControl.h", "pattern": "/^        const char* Category() const override$/", "language": "C++", "typeref": "typename:const char *", "kind": "function", "signature": "() const", "scope": "WPEFramework::WarningReporting::WarningReportingType", "scopeKind": "class"}, {"_type": "tag", "name": "CategoryName", "path": "/home/kavia/workspace/code-generation/app-gateway2/dependencies/install/include/WPEFramework/core/WarningReportingControl.h", "pattern": "/^        static string CategoryName()$/", "language": "C++", "typeref": "typename:string", "kind": "function", "signature": "()", "scope": "WPEFramework::WarningReporting::WarningReportingBoundsCategory", "scopeKind": "class"}, {"_type": "tag", "name": "Clone", "path": "/home/kavia/workspace/code-generation/app-gateway2/dependencies/install/include/WPEFramework/core/WarningReportingControl.h", "pattern": "/^            IWarningEvent* Clone() const override$/", "language": "C++", "typeref": "typename:IWarningEvent *", "kind": "function", "signature": "() const", "scope": "WPEFramework::WarningReporting::WarningReportingType::WarningReportingControl", "scopeKind": "class"}, {"_type": "tag", "name": "Configure", "path": "/home/kavia/workspace/code-generation/app-gateway2/dependencies/install/include/WPEFramework/core/WarningReportingControl.h", "pattern": "/^            void Configure(const string& settings) override$/", "language": "C++", "typeref": "typename:void", "kind": "function", "signature": "(const string & settings)", "scope": "WPEFramework::WarningReporting::WarningReportingType::WarningReportingControl", "scopeKind": "class"}, {"_type": "tag", "name": "Configure", "path": "/home/kavia/workspace/code-generation/app-gateway2/dependencies/install/include/WPEFramework/core/WarningReportingControl.h", "pattern": "/^        static void Configure(const string& settings)$/", "language": "C++", "typeref": "typename:void", "kind": "function", "signature": "(const string & settings)", "scope": "WPEFramework::WarningReporting::WarningReportingBoundsCategory", "scopeKind": "class"}, {"_type": "tag", "name": "Core", "path": "/home/kavia/workspace/code-generation/app-gateway2/dependencies/install/include/WPEFramework/core/WarningReportingControl.h", "pattern": "/^namespace Core {$/", "language": "C++", "kind": "namespace", "scope": "WPEFramework", "scopeKind": "namespace"}, {"_type": "tag", "name": "Deserialize", "path": "/home/kavia/workspace/code-generation/app-gateway2/dependencies/install/include/WPEFramework/core/WarningReportingControl.h", "pattern": "/^        uint16_t Deserialize(const uint8_t buffer[], const uint16_t length)$/", "language": "C++", "typeref": "typename:uint16_t", "kind": "function", "signature": "(const uint8_t buffer[],const uint16_t length)", "scope": "WPEFramework::WarningReporting::WarningReportingBoundsCategory", "scopeKind": "class"}, {"_type": "tag", "name": "Deserialize", "path": "/home/kavia/workspace/code-generation/app-gateway2/dependencies/install/include/WPEFramework/core/WarningReportingControl.h", "pattern": "/^        uint16_t Deserialize(const uint8_t data[], const uint16_t size) override$/", "language": "C++", "typeref": "typename:uint16_t", "kind": "function", "signature": "(const uint8_t data[],const uint16_t size)", "scope": "WPEFramework::WarningReporting::WarningReportingType", "scopeKind": "class"}, {"_type": "tag", "name": "Destroy", "path": "/home/kavia/workspace/code-generation/app-gateway2/dependencies/install/include/WPEFramework/core/WarningReportingControl.h", "pattern": "/^            void Destroy() override$/", "language": "C++", "typeref": "typename:void", "kind": "function", "signature": "()", "scope": "WPEFramework::WarningReporting::WarningReportingType::WarningReportingControl", "scopeKind": "class"}, {"_type": "tag", "name": "Destroy", "path": "/home/kavia/workspace/code-generation/app-gateway2/dependencies/install/include/WPEFramework/core/WarningReportingControl.h", "pattern": "/^        void Destroy()$/", "language": "C++", "typeref": "typename:void", "kind": "function", "signature": "()", "scope": "WPEFramework::WarningReporting::WarningReportingType", "scopeKind": "class"}, {"_type": "tag", "name": "Enable", "path": "/home/kavia/workspace/code-generation/app-gateway2/dependencies/install/include/WPEFramework/core/WarningReportingControl.h", "pattern": "/^            bool Enable() const override$/", "language": "C++", "typeref": "typename:bool", "kind": "function", "signature": "() const", "scope": "WPEFramework::WarningReporting::WarningReportingType::WarningReportingControl", "scopeKind": "class"}, {"_type": "tag", "name": "Enable", "path": "/home/kavia/workspace/code-generation/app-gateway2/dependencies/install/include/WPEFramework/core/WarningReportingControl.h", "pattern": "/^            void Enable(const bool enabled) override$/", "language": "C++", "typeref": "typename:void", "kind": "function", "signature": "(const bool enabled)", "scope": "WPEFramework::WarningReporting::WarningReportingType::WarningReportingControl", "scopeKind": "class"}, {"_type": "tag", "name": "Enable", "path": "/home/kavia/workspace/code-generation/app-gateway2/dependencies/install/include/WPEFramework/core/WarningReportingControl.h", "pattern": "/^        inline static void Enable(const bool status)$/", "language": "C++", "typeref": "typename:void", "kind": "function", "signature": "(const bool status)", "scope": "WPEFramework::WarningReporting::WarningReportingType", "scopeKind": "class"}, {"_type": "tag", "name": "Enabled", "path": "/home/kavia/workspace/code-generation/app-gateway2/dependencies/install/include/WPEFramework/core/WarningReportingControl.h", "pattern": "/^        bool Enabled() const$/", "language": "C++", "typeref": "typename:bool", "kind": "function", "signature": "() const", "scope": "WPEFramework::WarningReporting::WarningReportingType", "scopeKind": "class"}, {"_type": "tag", "name": "Enabled", "path": "/home/kavia/workspace/code-generation/app-gateway2/dependencies/install/include/WPEFramework/core/WarningReportingControl.h", "pattern": "/^        void Enabled(const bool enabled)$/", "language": "C++", "typeref": "typename:void", "kind": "function", "signature": "(const bool enabled)", "scope": "WPEFramework::WarningReporting::WarningReportingType", "scopeKind": "class"}, {"_type": "tag", "name": "Exclude", "path": "/home/kavia/workspace/code-generation/app-gateway2/dependencies/install/include/WPEFramework/core/WarningReportingControl.h", "pattern": "/^            void Exclude(const string& toExclude) override$/", "language": "C++", "typeref": "typename:void", "kind": "function", "signature": "(const string & toExclude)", "scope": "WPEFramework::WarningReporting::WarningReportingType::WarningReportingControl", "scopeKind": "class"}, {"_type": "tag", "name": "ExcludedWarnings", "path": "/home/kavia/workspace/code-generation/app-gateway2/dependencies/install/include/WPEFramework/core/WarningReportingControl.h", "pattern": "/^        ExcludedWarnings()$/", "language": "C++", "kind": "function", "signature": "()", "scope": "WPEFramework::WarningReporting::ExcludedWarnings", "scopeKind": "class"}, {"_type": "tag", "name": "ExcludedWarnings", "path": "/home/kavia/workspace/code-generation/app-gateway2/dependencies/install/include/WPEFramework/core/WarningReportingControl.h", "pattern": "/^    class ExcludedWarnings {$/", "language": "C++", "kind": "class", "scope": "WPEFramework::WarningReporting", "scopeKind": "namespace"}, {"_type": "tag", "name": "InsertCallsign", "path": "/home/kavia/workspace/code-generation/app-gateway2/dependencies/install/include/WPEFramework/core/WarningReportingControl.h", "pattern": "/^        void InsertCallsign(const string& callsign)$/", "language": "C++", "typeref": "typename:void", "kind": "function", "signature": "(const string & callsign)", "scope": "WPEFramework::WarningReporting::ExcludedWarnings", "scopeKind": "class"}, {"_type": "tag", "name": "InsertModule", "path": "/home/kavia/workspace/code-generation/app-gateway2/dependencies/install/include/WPEFramework/core/WarningReportingControl.h", "pattern": "/^        void InsertModule(const string& module)$/", "language": "C++", "typeref": "typename:void", "kind": "function", "signature": "(const string & module)", "scope": "WPEFramework::WarningReporting::ExcludedWarnings", "scopeKind": "class"}, {"_type": "tag", "name": "IsCallsignExcluded", "path": "/home/kavia/workspace/code-generation/app-gateway2/dependencies/install/include/WPEFramework/core/WarningReportingControl.h", "pattern": "/^            inline bool IsCallsignExcluded(const string& callsign)$/", "language": "C++", "typeref": "typename:bool", "kind": "function", "signature": "(const string & callsign)", "scope": "WPEFramework::WarningReporting::WarningReportingType::WarningReportingControl", "scopeKind": "class"}, {"_type": "tag", "name": "IsCallsignExcluded", "path": "/home/kavia/workspace/code-generation/app-gateway2/dependencies/install/include/WPEFramework/core/WarningReportingControl.h", "pattern": "/^        bool IsCallsignExcluded(const string& callsign) const$/", "language": "C++", "typeref": "typename:bool", "kind": "function", "signature": "(const string & callsign) const", "scope": "WPEFramework::WarningReporting::ExcludedWarnings", "scopeKind": "class"}, {"_type": "tag", "name": "IsEnabled", "path": "/home/kavia/workspace/code-generation/app-gateway2/dependencies/install/include/WPEFramework/core/WarningReportingControl.h", "pattern": "/^            inline bool IsEnabled() const$/", "language": "C++", "typeref": "typename:bool", "kind": "function", "signature": "() const", "scope": "WPEFramework::WarningReporting::WarningReportingType::WarningReportingControl", "scopeKind": "class"}, {"_type": "tag", "name": "IsEnabled", "path": "/home/kavia/workspace/code-generation/app-gateway2/dependencies/install/include/WPEFramework/core/WarningReportingControl.h", "pattern": "/^        inline static bool IsEnabled()$/", "language": "C++", "typeref": "typename:bool", "kind": "function", "signature": "()", "scope": "WPEFramework::WarningReporting::WarningReportingType", "scopeKind": "class"}, {"_type": "tag", "name": "IsModuleExcluded", "path": "/home/kavia/workspace/code-generation/app-gateway2/dependencies/install/include/WPEFramework/core/WarningReportingControl.h", "pattern": "/^            inline bool IsModuleExcluded(const string& module)$/", "language": "C++", "typeref": "typename:bool", "kind": "function", "signature": "(const string & module)", "scope": "WPEFramework::WarningReporting::WarningReportingType::WarningReportingControl", "scopeKind": "class"}, {"_type": "tag", "name": "IsModuleExcluded", "path": "/home/kavia/workspace/code-generation/app-gateway2/dependencies/install/include/WPEFramework/core/WarningReportingControl.h", "pattern": "/^        bool IsModuleExcluded(const string& module) const$/", "language": "C++", "typeref": "typename:bool", "kind": "function", "signature": "(const string & module) const", "scope": "WPEFramework::WarningReporting::ExcludedWarnings", "scopeKind": "class"}, {"_type": "tag", "name": "IsWarning", "path": "/home/kavia/workspace/code-generation/app-gateway2/dependencies/install/include/WPEFramework/core/WarningReportingControl.h", "pattern": "/^        bool IsWarning() const override$/", "language": "C++", "typeref": "typename:bool", "kind": "function", "signature": "() const", "scope": "WPEFramework::WarningReporting::WarningReportingType", "scopeKind": "class"}, {"_type": "tag", "name": "IsWarning", "path": "/home/kavia/workspace/code-generation/app-gateway2/dependencies/install/include/WPEFramework/core/WarningReportingControl.h", "pattern": "/^        bool IsWarning() const$/", "language": "C++", "typeref": "typename:bool", "kind": "function", "signature": "() const", "scope": "WPEFramework::WarningReporting::WarningReportingBoundsCategory", "scopeKind": "class"}, {"_type": "tag", "name": "Metadata", "path": "/home/kavia/workspace/code-generation/app-gateway2/dependencies/install/include/WPEFramework/core/WarningReportingControl.h", "pattern": "/^            const Core::Messaging::Metadata& Metadata() const override$/", "language": "C++", "typeref": "typename:const Core::Messaging::Metadata &", "kind": "function", "signature": "() const", "scope": "WPEFramework::WarningReporting::WarningReportingType::WarningReportingControl", "scopeKind": "class"}, {"_type": "tag", "name": "REPORT_DURATION_WARNING", "path": "/home/kavia/workspace/code-generation/app-gateway2/dependencies/install/include/WPEFramework/core/WarningReportingControl.h", "pattern": "/^#define REPORT_DURATION_WARNING(/", "language": "C++", "kind": "macro", "signature": "(CODE,CATEGORY,...)"}, {"_type": "tag", "name": "REPORT_OUTOFBOUNDS_WARNING", "path": "/home/kavia/workspace/code-generation/app-gateway2/dependencies/install/include/WPEFramework/core/WarningReportingControl.h", "pattern": "/^#define REPORT_OUTOFBOUNDS_WARNING(/", "language": "C++", "kind": "macro", "signature": "(CATEGORY,ACTUALVALUE,...)"}, {"_type": "tag", "name": "REPORT_OUTOFBOUNDS_WARNING_EX", "path": "/home/kavia/workspace/code-generation/app-gateway2/dependencies/install/include/WPEFramework/core/WarningReportingControl.h", "pattern": "/^#define REPORT_OUTOFBOUNDS_WARNING_EX(/", "language": "C++", "kind": "macro", "signature": "(CATEGORY,CALLSIGN,ACTUALVALUE,...)"}, {"_type": "tag", "name": "REPORT_WARNING", "path": "/home/kavia/workspace/code-generation/app-gateway2/dependencies/install/include/WPEFramework/core/WarningReportingControl.h", "pattern": "/^#define REPORT_WARNING(/", "language": "C++", "kind": "macro", "signature": "(CATEGORY,...)"}, {"_type": "tag", "name": "REPORT_WARNING_GLOBAL", "path": "/home/kavia/workspace/code-generation/app-gateway2/dependencies/install/include/WPEFramework/core/WarningReportingControl.h", "pattern": "/^#define REPORT_WARNING_GLOBAL(/", "language": "C++", "kind": "macro", "signature": "(CATEGORY,...)"}, {"_type": "tag", "name": "Serialize", "path": "/home/kavia/workspace/code-generation/app-gateway2/dependencies/install/include/WPEFramework/core/WarningReportingControl.h", "pattern": "/^        uint16_t Serialize(uint8_t buffer[], const uint16_t length) const$/", "language": "C++", "typeref": "typename:uint16_t", "kind": "function", "signature": "(uint8_t buffer[],const uint16_t length) const", "scope": "WPEFramework::WarningReporting::WarningReportingBoundsCategory", "scopeKind": "class"}, {"_type": "tag", "name": "Serialize", "path": "/home/kavia/workspace/code-generation/app-gateway2/dependencies/install/include/WPEFramework/core/WarningReportingControl.h", "pattern": "/^        uint16_t Serialize(uint8_t data[], const uint16_t size) const override$/", "language": "C++", "typeref": "typename:uint16_t", "kind": "function", "signature": "(uint8_t data[],const uint16_t size) const", "scope": "WPEFramework::WarningReporting::WarningReportingType", "scopeKind": "class"}, {"_type": "tag", "name": "ToString", "path": "/home/kavia/workspace/code-generation/app-gateway2/dependencies/install/include/WPEFramework/core/WarningReportingControl.h", "pattern": "/^        void ToString(string& visitor) const override$/", "language": "C++", "typeref": "typename:void", "kind": "function", "signature": "(string & visitor) const", "scope": "WPEFramework::WarningReporting::WarningReportingType", "scopeKind": "class"}, {"_type": "tag", "name": "ToString", "path": "/home/kavia/workspace/code-generation/app-gateway2/dependencies/install/include/WPEFramework/core/WarningReportingControl.h", "pattern": "/^        void ToString(string& visitor) const$/", "language": "C++", "typeref": "typename:void", "kind": "function", "signature": "(string & visitor) const", "scope": "WPEFramework::WarningReporting::WarningReportingBoundsCategory", "scopeKind": "class"}, {"_type": "tag", "name": "WPEFramework", "path": "/home/kavia/workspace/code-generation/app-gateway2/dependencies/install/include/WPEFramework/core/WarningReportingControl.h", "pattern": "/^namespace WPEFramework {$/", "language": "C++", "kind": "namespace"}, {"_type": "tag", "name": "WaitingAnnounceContainer", "path": "/home/kavia/workspace/code-generation/app-gateway2/dependencies/install/include/WPEFramework/core/WarningReportingControl.h", "pattern": "/^        using WaitingAnnounceContainer = std::vector<IWarningReportingUnit::IWarningReportingCon/", "language": "C++", "typeref": "typename:std::vector<IWarningReportingUnit::IWarningReportingControl * >", "kind": "typedef", "scope": "WPEFramework::WarningReporting::WarningReportingUnitProxy", "scopeKind": "class"}, {"_type": "tag", "name": "WarningReporting", "path": "/home/kavia/workspace/code-generation/app-gateway2/dependencies/install/include/WPEFramework/core/WarningReportingControl.h", "pattern": "/^namespace WarningReporting {$/", "language": "C++", "kind": "namespace", "scope": "WPEFramework", "scopeKind": "namespace"}, {"_type": "tag", "name": "WarningReportingBoundsCategory", "path": "/home/kavia/workspace/code-generation/app-gateway2/dependencies/install/include/WPEFramework/core/WarningReportingControl.h", "pattern": "/^        WarningReportingBoundsCategory()$/", "language": "C++", "kind": "function", "signature": "()", "scope": "WPEFramework::WarningReporting::WarningReportingBoundsCategory", "scopeKind": "class"}, {"_type": "tag", "name": "WarningReportingBoundsCategory", "path": "/home/kavia/workspace/code-generation/app-gateway2/dependencies/install/include/WPEFramework/core/WarningReportingControl.h", "pattern": "/^    class WarningReportingBoundsCategory {$/", "language": "C++", "kind": "class", "scope": "WPEFramework::WarningReporting", "scopeKind": "namespace"}, {"_type": "tag", "name": "WarningReportingControl", "path": "/home/kavia/workspace/code-generation/app-gateway2/dependencies/install/include/WPEFramework/core/WarningReportingControl.h", "pattern": "/^            WarningReportingControl()$/", "language": "C++", "kind": "function", "signature": "()", "scope": "WPEFramework::WarningReporting::WarningReportingType::WarningReportingControl", "scopeKind": "class"}, {"_type": "tag", "name": "WarningReportingControl", "path": "/home/kavia/workspace/code-generation/app-gateway2/dependencies/install/include/WPEFramework/core/WarningReportingControl.h", "pattern": "/^        class WarningReportingControl : public IWarningReportingUnit::IWarningReportingControl {$/", "language": "C++", "kind": "class", "scope": "WPEFramework::WarningReporting::WarningReportingType", "scopeKind": "class"}, {"_type": "tag", "name": "WarningReportingType", "path": "/home/kavia/workspace/code-generation/app-gateway2/dependencies/install/include/WPEFramework/core/WarningReportingControl.h", "pattern": "/^        WarningReportingType()$/", "language": "C++", "kind": "function", "signature": "()", "scope": "WPEFramework::WarningReporting::WarningReportingType", "scopeKind": "class"}, {"_type": "tag", "name": "WarningReportingType", "path": "/home/kavia/workspace/code-generation/app-gateway2/dependencies/install/include/WPEFramework/core/WarningReportingControl.h", "pattern": "/^    class WarningReportingType : public IWarningEvent {$/", "language": "C++", "kind": "class", "scope": "WPEFramework::WarningReporting", "scopeKind": "namespace"}, {"_type": "tag", "name": "WarningReportingUnitProxy", "path": "/home/kavia/workspace/code-generation/app-gateway2/dependencies/install/include/WPEFramework/core/WarningReportingControl.h", "pattern": "/^    class EXTERNAL WarningReportingUnitProxy {$/", "language": "C++", "kind": "class", "scope": "WPEFramework::WarningReporting", "scopeKind": "namespace"}, {"_type": "tag", "name": "_actualValue", "path": "/home/kavia/workspace/code-generation/app-gateway2/dependencies/install/include/WPEFramework/core/WarningReportingControl.h", "pattern": "/^        uint32_t _actualValue;$/", "language": "C++", "typeref": "typename:uint32_t", "kind": "member", "scope": "WPEFramework::WarningReporting::WarningReportingBoundsCategory", "scopeKind": "class"}, {"_type": "tag", "name": "_adminLock", "path": "/home/kavia/workspace/code-generation/app-gateway2/dependencies/install/include/WPEFramework/core/WarningReportingControl.h", "pattern": "/^        Core::CriticalSection* _adminLock;$/", "language": "C++", "typeref": "typename:Core::CriticalSection *", "kind": "member", "scope": "WPEFramework::WarningReporting::WarningReportingUnitProxy", "scopeKind": "class"}, {"_type": "tag", "name": "_callsigns", "path": "/home/kavia/workspace/code-generation/app-gateway2/dependencies/install/include/WPEFramework/core/WarningReportingControl.h", "pattern": "/^        std::unordered_set<string> _callsigns;$/", "language": "C++", "typeref": "typename:std::unordered_set<string>", "kind": "member", "scope": "WPEFramework::WarningReporting::ExcludedWarnings", "scopeKind": "class"}, {"_type": "tag", "name": "_category", "path": "/home/kavia/workspace/code-generation/app-gateway2/dependencies/install/include/WPEFramework/core/WarningReportingControl.h", "pattern": "/^        CONTROLCATEGORY _category;$/", "language": "C++", "typeref": "typename:CONTROLCATEGORY", "kind": "member", "scope": "WPEFramework::WarningReporting::WarningReportingBoundsCategory", "scopeKind": "class"}, {"_type": "tag", "name": "_categoryName", "path": "/home/kavia/workspace/code-generation/app-gateway2/dependencies/install/include/WPEFramework/core/WarningReportingControl.h", "pattern": "/^            const string _categoryName;$/", "language": "C++", "typeref": "typename:const string", "kind": "member", "scope": "WPEFramework::WarningReporting::WarningReportingType::WarningReportingControl", "scopeKind": "class"}], "hash": "2421cd1c3904c76d761bae6838dbc451", "format-version": 4, "code-base-name": "app-gateway2", "filename": "dependencies/install/include/WPEFramework/core/WarningReportingControl.h", "fields": [{"name": "uint32_t _actualValue", "scope": "WPEFramework::WarningReporting::WarningReportingBoundsCategory", "scopeKind": "class", "description": "unavailable"}, {"name": "Core::CriticalSection * _adminLock", "scope": "WPEFramework::WarningReporting::WarningReportingUnitProxy", "scopeKind": "class", "description": "unavailable"}, {"name": "std::unordered_set<string> _callsigns", "scope": "WPEFramework::WarningReporting::ExcludedWarnings", "scopeKind": "class", "description": "unavailable"}, {"name": "CONTROLCATEGORY _category", "scope": "WPEFramework::WarningReporting::WarningReportingBoundsCategory", "scopeKind": "class", "description": "unavailable"}, {"name": "const string _categoryName", "scope": "WPEFramework::WarningReporting::WarningReportingType::WarningReportingControl", "scopeKind": "class", "description": "unavailable"}], "revision_history": [{"17351": "0f87a35b32215bc8547fb583d6c84bd51f603f69"}]}