{"is_source_file": true, "format": "C++ header file", "description": "This file is a C++ header defining the JSON-RPC interface for the JApplication component within the WPEFramework. It includes registration functions for exposing application properties, methods, and events over JSON-RPC, specifically for operations like reset, identifier, content link, launch point, visibility, and language.", "external_files": ["Module.h", "JsonData_Application.h", "<interfaces/IApplication.h>"], "external_methods": ["Exchange::IApplication::Reset", "Exchange::IApplication::Identifier", "Exchange::IApplication::ContentLink", "Exchange::IApplication::LaunchPoint", "Exchange::IApplication::Visible", "Exchange::IApplication::Language"], "published": ["Register", "Unregister", "Event::VisibilityChange"], "classes": [{"name": "JApplication", "description": "Namespace encapsulating the JSON-RPC interface for the application, including registration and event notification functions."}], "methods": [{"name": "Register", "description": "Registers application methods, properties, and events with the JSONRPC module for remote invocation."}, {"name": "void Unregister(JSONRPC & _module_)", "description": "Unregisters the application methods and properties from the JSONRPC module.", "scope": "WPEFramework::Exchange::JApplication", "scopeKind": "namespace"}, {"name": "Event::VisibilityChange", "description": "Notifies clients of the application's visibility change event."}, {"name": "PUSH_WARNING(DISABLE_WARNING_UNUSED_FUNCTIONS)", "scope": "WPEFramework::Exchange::JApplication", "scopeKind": "namespace", "description": "unavailable"}, {"name": "void VisibilityChange(const JSONRPC & _module_,const Core::JSON::Boolean & hidden)", "scope": "WPEFramework::Exchange::JApplication::Event", "scopeKind": "namespace", "description": "unavailable"}, {"name": "void VisibilityChange(const JSONRPC & _module_,const bool & hidden)", "scope": "WPEFramework::Exchange::JApplication::Event", "scopeKind": "namespace", "description": "unavailable"}, {"name": "uint32_t __anon6b13cf110102(const Core::JSON::EnumType<Exchange::IApplication::resettype>& type)", "scope": "WPEFramework::Exchange::JApplication::PUSH_WARNING", "scopeKind": "function", "description": "unavailable"}, {"name": "uint32_t __anon6b13cf110202(Core::JSON::String& result)", "scope": "WPEFramework::Exchange::JApplication::PUSH_WARNING", "scopeKind": "function", "description": "unavailable"}, {"name": "uint32_t __anon6b13cf110302(const Core::JSON::String& params)", "scope": "WPEFramework::Exchange::JApplication::PUSH_WARNING", "scopeKind": "function", "description": "unavailable"}, {"name": "uint32_t __anon6b13cf110402(const Core::JSON::EnumType<Exchange::IApplication::launchpointtype>& params, Core::JSON::EnumType<Exchange::IApplication::launchpointtype>& result)", "scope": "WPEFramework::Exchange::JApplication::PUSH_WARNING", "scopeKind": "function", "description": "unavailable"}, {"name": "uint32_t __anon6b13cf110502(const Core::JSON::Boolean& params, Core::JSON::Boolean& result)", "scope": "WPEFramework::Exchange::JApplication::PUSH_WARNING", "scopeKind": "function", "description": "unavailable"}, {"name": "uint32_t __anon6b13cf110602(const Core::JSON::String& params, Core::JSON::String& result)", "scope": "WPEFramework::Exchange::JApplication::PUSH_WARNING", "scopeKind": "function", "description": "unavailable"}], "calls": ["JSONRPC::Register", "JSONRPC::Unregister", "JSONRPC::Notify"], "search-terms": ["JApplication interface", "JSONRPC registration", "WPEFramework IApplication", "application properties", "visibility change event"], "state": 2, "file_id": 8502, "knowledge_revision": 17213, "git_revision": "a019ef1ecf9043a6387775f8d60762f619f4c761", "ctags": [{"_type": "tag", "name": "Event", "path": "/home/kavia/workspace/code-generation/app-gateway2/dependencies/install/include/WPEFramework/interfaces/json/JApplication.h", "pattern": "/^        namespace Event {$/", "language": "C++", "kind": "namespace", "scope": "WPEFramework::Exchange::JApplication", "scopeKind": "namespace"}, {"_type": "tag", "name": "Exchange", "path": "/home/kavia/workspace/code-generation/app-gateway2/dependencies/install/include/WPEFramework/interfaces/json/JApplication.h", "pattern": "/^namespace Exchange {$/", "language": "C++", "kind": "namespace", "scope": "WPEFramework", "scopeKind": "namespace"}, {"_type": "tag", "name": "JApplication", "path": "/home/kavia/workspace/code-generation/app-gateway2/dependencies/install/include/WPEFramework/interfaces/json/JApplication.h", "pattern": "/^    namespace JApplication {$/", "language": "C++", "kind": "namespace", "scope": "WPEFramework::Exchange", "scopeKind": "namespace"}, {"_type": "tag", "name": "JSONRPC", "path": "/home/kavia/workspace/code-generation/app-gateway2/dependencies/install/include/WPEFramework/interfaces/json/JApplication.h", "pattern": "/^        using JSONRPC = PluginHost::JSONRPC;$/", "language": "C++", "typeref": "typename:PluginHost::JSONRPC", "kind": "typedef", "scope": "WPEFramework::Exchange::JApplication", "scopeKind": "namespace"}, {"_type": "tag", "name": "Major", "path": "/home/kavia/workspace/code-generation/app-gateway2/dependencies/install/include/WPEFramework/interfaces/json/JApplication.h", "pattern": "/^            constexpr uint8_t Major = 1;$/", "language": "C++", "typeref": "typename:uint8_t", "kind": "variable", "scope": "WPEFramework::Exchange::JApplication::Version", "scopeKind": "namespace"}, {"_type": "tag", "name": "Minor", "path": "/home/kavia/workspace/code-generation/app-gateway2/dependencies/install/include/WPEFramework/interfaces/json/JApplication.h", "pattern": "/^            constexpr uint8_t Minor = 0;$/", "language": "C++", "typeref": "typename:uint8_t", "kind": "variable", "scope": "WPEFramework::Exchange::JApplication::Version", "scopeKind": "namespace"}, {"_type": "tag", "name": "PUSH_WARNING", "path": "/home/kavia/workspace/code-generation/app-gateway2/dependencies/install/include/WPEFramework/interfaces/json/JApplication.h", "pattern": "/^        PUSH_WARNING(DISABLE_WARNING_UNUSED_FUNCTIONS)$/", "language": "C++", "kind": "function", "signature": "(DISABLE_WARNING_UNUSED_FUNCTIONS)", "scope": "WPEFramework::Exchange::JApplication", "scopeKind": "namespace"}, {"_type": "tag", "name": "Patch", "path": "/home/kavia/workspace/code-generation/app-gateway2/dependencies/install/include/WPEFramework/interfaces/json/JApplication.h", "pattern": "/^            constexpr uint8_t Patch = 0;$/", "language": "C++", "typeref": "typename:uint8_t", "kind": "variable", "scope": "WPEFramework::Exchange::JApplication::Version", "scopeKind": "namespace"}, {"_type": "tag", "name": "Unregister", "path": "/home/kavia/workspace/code-generation/app-gateway2/dependencies/install/include/WPEFramework/interfaces/json/JApplication.h", "pattern": "/^        static void Unregister(JSONRPC& _module_)$/", "language": "C++", "typeref": "typename:void", "kind": "function", "signature": "(JSONRPC & _module_)", "scope": "WPEFramework::Exchange::JApplication", "scopeKind": "namespace"}, {"_type": "tag", "name": "Version", "path": "/home/kavia/workspace/code-generation/app-gateway2/dependencies/install/include/WPEFramework/interfaces/json/JApplication.h", "pattern": "/^        namespace Version {$/", "language": "C++", "kind": "namespace", "scope": "WPEFramework::Exchange::JApplication", "scopeKind": "namespace"}, {"_type": "tag", "name": "VisibilityChange", "path": "/home/kavia/workspace/code-generation/app-gateway2/dependencies/install/include/WPEFramework/interfaces/json/JApplication.h", "pattern": "/^            static void VisibilityChange(const JSONRPC& _module_, const Core::JSON::Boolean& hid/", "language": "C++", "typeref": "typename:void", "kind": "function", "signature": "(const JSONRPC & _module_,const Core::JSON::Boolean & hidden)", "scope": "WPEFramework::Exchange::JApplication::Event", "scopeKind": "namespace"}, {"_type": "tag", "name": "VisibilityChange", "path": "/home/kavia/workspace/code-generation/app-gateway2/dependencies/install/include/WPEFramework/interfaces/json/JApplication.h", "pattern": "/^            static void VisibilityChange(const JSONRPC& _module_, const bool& hidden)$/", "language": "C++", "typeref": "typename:void", "kind": "function", "signature": "(const JSONRPC & _module_,const bool & hidden)", "scope": "WPEFramework::Exchange::JApplication::Event", "scopeKind": "namespace"}, {"_type": "tag", "name": "WPEFramework", "path": "/home/kavia/workspace/code-generation/app-gateway2/dependencies/install/include/WPEFramework/interfaces/json/JApplication.h", "pattern": "/^namespace WPEFramework {$/", "language": "C++", "kind": "namespace"}, {"_type": "tag", "name": "__anon6b13cf110102", "path": "/home/kavia/workspace/code-generation/app-gateway2/dependencies/install/include/WPEFramework/interfaces/json/JApplication.h", "pattern": "/^                [_impl_](const Core::JSON::EnumType<Exchange::IApplication::resettype>& type) ->/", "file": true, "language": "C++", "typeref": "typename:uint32_t", "kind": "function", "signature": "(const Core::JSON::EnumType<Exchange::IApplication::resettype>& type) ", "scope": "WPEFramework::Exchange::JApplication::PUSH_WARNING", "scopeKind": "function"}, {"_type": "tag", "name": "__anon6b13cf110202", "path": "/home/kavia/workspace/code-generation/app-gateway2/dependencies/install/include/WPEFramework/interfaces/json/JApplication.h", "pattern": "/^                [_impl_](Core::JSON::String& result) -> uint32_t {$/", "file": true, "language": "C++", "typeref": "typename:uint32_t", "kind": "function", "signature": "(Core::JSON::String& result) ", "scope": "WPEFramework::Exchange::JApplication::PUSH_WARNING", "scopeKind": "function"}, {"_type": "tag", "name": "__anon6b13cf110302", "path": "/home/kavia/workspace/code-generation/app-gateway2/dependencies/install/include/WPEFramework/interfaces/json/JApplication.h", "pattern": "/^                [_impl_](const Core::JSON::String& params) -> uint32_t {$/", "file": true, "language": "C++", "typeref": "typename:uint32_t", "kind": "function", "signature": "(const Core::JSON::String& params) ", "scope": "WPEFramework::Exchange::JApplication::PUSH_WARNING", "scopeKind": "function"}, {"_type": "tag", "name": "__anon6b13cf110402", "path": "/home/kavia/workspace/code-generation/app-gateway2/dependencies/install/include/WPEFramework/interfaces/json/JApplication.h", "pattern": "/^                         Core::JSON::EnumType<Exchange::IApplication::launchpointtype>& result) /", "file": true, "language": "C++", "typeref": "typename:uint32_t", "kind": "function", "signature": "(const Core::JSON::EnumType<Exchange::IApplication::launchpointtype>& params, Core::JSON::EnumType<Exchange::IApplication::launchpointtype>& result) ", "scope": "WPEFramework::Exchange::JApplication::PUSH_WARNING", "scopeKind": "function"}, {"_type": "tag", "name": "__anon6b13cf110502", "path": "/home/kavia/workspace/code-generation/app-gateway2/dependencies/install/include/WPEFramework/interfaces/json/JApplication.h", "pattern": "/^                [_impl_](const Core::JSON::Boolean& params, Core::JSON::Boolean& result) -> uint/", "file": true, "language": "C++", "typeref": "typename:uint32_t", "kind": "function", "signature": "(const Core::JSON::Boolean& params, Core::JSON::Boolean& result) ", "scope": "WPEFramework::Exchange::JApplication::PUSH_WARNING", "scopeKind": "function"}, {"_type": "tag", "name": "__anon6b13cf110602", "path": "/home/kavia/workspace/code-generation/app-gateway2/dependencies/install/include/WPEFramework/interfaces/json/JApplication.h", "pattern": "/^                [_impl_](const Core::JSON::String& params, Core::JSON::String& result) -> uint32/", "file": true, "language": "C++", "typeref": "typename:uint32_t", "kind": "function", "signature": "(const Core::JSON::String& params, Core::JSON::String& result) ", "scope": "WPEFramework::Exchange::JApplication::PUSH_WARNING", "scopeKind": "function"}], "hash": "e2f9599b335051c55207e87a086f3225", "format-version": 4, "code-base-name": "app-gateway2", "filename": "dependencies/install/include/WPEFramework/interfaces/json/JApplication.h", "fields": [{"name": "uint8_t Major", "scope": "WPEFramework::Exchange::JApplication::Version", "scopeKind": "namespace", "description": "unavailable"}, {"name": "uint8_t Minor", "scope": "WPEFramework::Exchange::JApplication::Version", "scopeKind": "namespace", "description": "unavailable"}, {"name": "uint8_t Patch", "scope": "WPEFramework::Exchange::JApplication::Version", "scopeKind": "namespace", "description": "unavailable"}], "revision_history": [{"17213": "a019ef1ecf9043a6387775f8d60762f619f4c761"}]}