{"is_source_file": true, "format": "C++ header", "description": "This file contains C++ class definitions and enums for the Streamer API JSON-RPC interface used in the WPEFramework project. It includes data structures for stream identification, parameters, states, and various stream-related enums.", "external_files": ["<core/JSON.h>", "<core/Enumerate.h>"], "external_methods": [], "published": ["JsonData::Streamer::DrmType", "JsonData::Streamer::StateType", "JsonData::Streamer::StreamType", "JsonData::Streamer::IdInfo", "JsonData::Streamer::StreamParamsInfo", "JsonData::Streamer::CreateParamsData", "JsonData::Streamer::StreamelementData", "JsonData::Streamer::LoadParamsData", "JsonData::Streamer::StatechangeParamsData", "JsonData::Streamer::TimeupdateParamsData", "JsonData::Streamer::WindowData"], "classes": [{"name": "IdInfo", "description": "Contains stream ID information as a JSON container with validation."}, {"name": "StreamParamsInfo", "description": "Holds stream parameters with an implementation-specific code, inherited from JSON container."}, {"name": "CreateParamsData", "description": "Defines parameters for creating a stream, notably the stream type."}, {"name": "StreamelementData", "description": "Represents a stream element or media segment with a type enum."}, {"name": "LoadParamsData", "description": "Contains parameters to load a stream from a source location, including stream ID."}, {"name": "StatechangeParamsData", "description": "Holds stream state change information."}, {"name": "TimeupdateParamsData", "description": "Represents time update information for a stream, in milliseconds."}, {"name": "WindowData", "description": "Describes window position and size for display purposes."}], "methods": [{"name": "bool IsValid() const", "description": "Indicates the validity of the data container, always returns true in this implementation.", "scope": "WPEFramework::JsonData::Streamer::WindowData", "scopeKind": "class"}, {"name": "CreateParamsData()", "scope": "WPEFramework::JsonData::Streamer::CreateParamsData", "scopeKind": "class", "description": "unavailable"}, {"name": "IdInfo()", "scope": "WPEFramework::JsonData::Streamer::IdInfo", "scopeKind": "class", "description": "unavailable"}, {"name": "LoadParamsData()", "scope": "WPEFramework::JsonData::Streamer::LoadParamsData", "scopeKind": "class", "description": "unavailable"}, {"name": "StatechangeParamsData()", "scope": "WPEFramework::JsonData::Streamer::StatechangeParamsData", "scopeKind": "class", "description": "unavailable"}, {"name": "StreamParamsInfo()", "scope": "WPEFramework::JsonData::Streamer::StreamParamsInfo", "scopeKind": "class", "description": "unavailable"}, {"name": "StreamelementData()", "scope": "WPEFramework::JsonData::Streamer::StreamelementData", "scopeKind": "class", "description": "unavailable"}, {"name": "StreamelementData(const StreamelementData & _other)", "scope": "WPEFramework::JsonData::Streamer::StreamelementData", "scopeKind": "class", "description": "unavailable"}, {"name": "TimeupdateParamsData()", "scope": "WPEFramework::JsonData::Streamer::TimeupdateParamsData", "scopeKind": "class", "description": "unavailable"}, {"name": "WindowData()", "scope": "WPEFramework::JsonData::Streamer::WindowData", "scopeKind": "class", "description": "unavailable"}, {"name": "void _Init()", "scope": "WPEFramework::JsonData::Streamer::StreamelementData", "scopeKind": "class", "description": "unavailable"}, {"name": "StreamelementData & operator =(const StreamelementData & _rhs)", "scope": "WPEFramework::JsonData::Streamer::StreamelementData", "scopeKind": "class", "description": "unavailable"}], "calls": [], "search-terms": ["Streamer", "JsonData", "StreamType", "DrmType", "StateType", "IDInfo", "StreamParamsInfo", "CreateParamsData", "StreamelementData", "LoadParamsData", "StatechangeParamsData", "TimeupdateParamsData", "WindowData", "JSON", "JSON::Container", "enum class"], "state": 2, "file_id": 8940, "knowledge_revision": 18617, "git_revision": "a019ef1ecf9043a6387775f8d60762f619f4c761", "ctags": [{"_type": "tag", "name": "AUDIO", "path": "/home/kavia/workspace/code-generation/app-gateway2/dependencies/build/ThunderInterfaces/definitions/generated/JsonData_Streamer.h", "pattern": "/^                AUDIO,$/", "language": "C++", "kind": "enumerator", "scope": "WPEFramework::JsonData::Streamer::StreamelementData::ElementType", "scopeKind": "enum"}, {"_type": "tag", "name": "CABLE", "path": "/home/kavia/workspace/code-generation/app-gateway2/dependencies/build/ThunderInterfaces/definitions/generated/JsonData_Streamer.h", "pattern": "/^            CABLE = 1,$/", "language": "C++", "kind": "enumerator", "scope": "WPEFramework::JsonData::Streamer::StreamType", "scopeKind": "enum"}, {"_type": "tag", "name": "CLEARKEY", "path": "/home/kavia/workspace/code-generation/app-gateway2/dependencies/build/ThunderInterfaces/definitions/generated/JsonData_Streamer.h", "pattern": "/^            CLEARKEY,$/", "language": "C++", "kind": "enumerator", "scope": "WPEFramework::JsonData::Streamer::DrmType", "scopeKind": "enum"}, {"_type": "tag", "name": "CONTROLLED", "path": "/home/kavia/workspace/code-generation/app-gateway2/dependencies/build/ThunderInterfaces/definitions/generated/JsonData_Streamer.h", "pattern": "/^            CONTROLLED,$/", "language": "C++", "kind": "enumerator", "scope": "WPEFramework::JsonData::Streamer::StateType", "scopeKind": "enum"}, {"_type": "tag", "name": "Code", "path": "/home/kavia/workspace/code-generation/app-gateway2/dependencies/build/ThunderInterfaces/definitions/generated/JsonData_Streamer.h", "pattern": "/^            Core::JSON::DecUInt32 Code; \\/\\/ Implementation-specific incident code$/", "language": "C++", "typeref": "typename:Core::JSON::DecUInt32", "kind": "member", "scope": "WPEFramework::JsonData::Streamer::StreamParamsInfo", "scopeKind": "class"}, {"_type": "tag", "name": "CreateParamsData", "path": "/home/kavia/workspace/code-generation/app-gateway2/dependencies/build/ThunderInterfaces/definitions/generated/JsonData_Streamer.h", "pattern": "/^            CreateParamsData()$/", "language": "C++", "kind": "function", "signature": "()", "scope": "WPEFramework::JsonData::Streamer::CreateParamsData", "scopeKind": "class"}, {"_type": "tag", "name": "CreateParamsData", "path": "/home/kavia/workspace/code-generation/app-gateway2/dependencies/build/ThunderInterfaces/definitions/generated/JsonData_Streamer.h", "pattern": "/^        class CreateParamsData : public Core::JSON::Container {$/", "language": "C++", "kind": "class", "scope": "WPEFramework::JsonData::Streamer", "scopeKind": "namespace"}, {"_type": "tag", "name": "DAB", "path": "/home/kavia/workspace/code-generation/app-gateway2/dependencies/build/ThunderInterfaces/definitions/generated/JsonData_Streamer.h", "pattern": "/^            DAB = 16,$/", "language": "C++", "kind": "enumerator", "scope": "WPEFramework::JsonData::Streamer::StreamType", "scopeKind": "enum"}, {"_type": "tag", "name": "DATA", "path": "/home/kavia/workspace/code-generation/app-gateway2/dependencies/build/ThunderInterfaces/definitions/generated/JsonData_Streamer.h", "pattern": "/^                DATA$/", "language": "C++", "kind": "enumerator", "scope": "WPEFramework::JsonData::Streamer::StreamelementData::ElementType", "scopeKind": "enum"}, {"_type": "tag", "name": "DrmType", "path": "/home/kavia/workspace/code-generation/app-gateway2/dependencies/build/ThunderInterfaces/definitions/generated/JsonData_Streamer.h", "pattern": "/^        enum class DrmType : uint8_t {$/", "language": "C++", "typeref": "typename:uint8_t", "kind": "enum", "scope": "WPEFramework::JsonData::Streamer", "scopeKind": "namespace"}, {"_type": "tag", "name": "ERROR", "path": "/home/kavia/workspace/code-generation/app-gateway2/dependencies/build/ThunderInterfaces/definitions/generated/JsonData_Streamer.h", "pattern": "/^            ERROR$/", "language": "C++", "kind": "enumerator", "scope": "WPEFramework::JsonData::Streamer::StateType", "scopeKind": "enum"}, {"_type": "tag", "name": "ElementType", "path": "/home/kavia/workspace/code-generation/app-gateway2/dependencies/build/ThunderInterfaces/definitions/generated/JsonData_Streamer.h", "pattern": "/^            enum class ElementType : uint8_t {$/", "language": "C++", "typeref": "typename:uint8_t", "kind": "enum", "scope": "WPEFramework::JsonData::Streamer::StreamelementData", "scopeKind": "class"}, {"_type": "tag", "name": "HANDHELD", "path": "/home/kavia/workspace/code-generation/app-gateway2/dependencies/build/ThunderInterfaces/definitions/generated/JsonData_Streamer.h", "pattern": "/^            HANDHELD = 2,$/", "language": "C++", "kind": "enumerator", "scope": "WPEFramework::JsonData::Streamer::StreamType", "scopeKind": "enum"}, {"_type": "tag", "name": "Height", "path": "/home/kavia/workspace/code-generation/app-gateway2/dependencies/build/ThunderInterfaces/definitions/generated/JsonData_Streamer.h", "pattern": "/^            Core::JSON::DecUInt32 Height; \\/\\/ Height of the window (in pixels)$/", "language": "C++", "typeref": "typename:Core::JSON::DecUInt32", "kind": "member", "scope": "WPEFramework::JsonData::Streamer::WindowData", "scopeKind": "class"}, {"_type": "tag", "name": "IDLE", "path": "/home/kavia/workspace/code-generation/app-gateway2/dependencies/build/ThunderInterfaces/definitions/generated/JsonData_Streamer.h", "pattern": "/^            IDLE,$/", "language": "C++", "kind": "enumerator", "scope": "WPEFramework::JsonData::Streamer::StateType", "scopeKind": "enum"}, {"_type": "tag", "name": "IP", "path": "/home/kavia/workspace/code-generation/app-gateway2/dependencies/build/ThunderInterfaces/definitions/generated/JsonData_Streamer.h", "pattern": "/^            IP = 96$/", "language": "C++", "kind": "enumerator", "scope": "WPEFramework::JsonData::Streamer::StreamType", "scopeKind": "enum"}, {"_type": "tag", "name": "Id", "path": "/home/kavia/workspace/code-generation/app-gateway2/dependencies/build/ThunderInterfaces/definitions/generated/JsonData_Streamer.h", "pattern": "/^            Core::JSON::DecUInt8 Id; \\/\\/ Stream ID$/", "language": "C++", "typeref": "typename:Core::JSON::DecUInt8", "kind": "member", "scope": "WPEFramework::JsonData::Streamer::IdInfo", "scopeKind": "class"}, {"_type": "tag", "name": "Id", "path": "/home/kavia/workspace/code-generation/app-gateway2/dependencies/build/ThunderInterfaces/definitions/generated/JsonData_Streamer.h", "pattern": "/^            Core::JSON::DecUInt8 Id; \\/\\/ Stream ID$/", "language": "C++", "typeref": "typename:Core::JSON::DecUInt8", "kind": "member", "scope": "WPEFramework::JsonData::Streamer::LoadParamsData", "scopeKind": "class"}, {"_type": "tag", "name": "IdInfo", "path": "/home/kavia/workspace/code-generation/app-gateway2/dependencies/build/ThunderInterfaces/definitions/generated/JsonData_Streamer.h", "pattern": "/^            IdInfo()$/", "language": "C++", "kind": "function", "signature": "()", "scope": "WPEFramework::JsonData::Streamer::IdInfo", "scopeKind": "class"}, {"_type": "tag", "name": "IdInfo", "path": "/home/kavia/workspace/code-generation/app-gateway2/dependencies/build/ThunderInterfaces/definitions/generated/JsonData_Streamer.h", "pattern": "/^        class IdInfo : public Core::JSON::Container {$/", "language": "C++", "kind": "class", "scope": "WPEFramework::JsonData::Streamer", "scopeKind": "namespace"}, {"_type": "tag", "name": "IsValid", "path": "/home/kavia/workspace/code-generation/app-gateway2/dependencies/build/ThunderInterfaces/definitions/generated/JsonData_Streamer.h", "pattern": "/^            bool IsValid() const$/", "language": "C++", "typeref": "typename:bool", "kind": "function", "signature": "() const", "scope": "WPEFramework::JsonData::Streamer::CreateParamsData", "scopeKind": "class"}, {"_type": "tag", "name": "IsValid", "path": "/home/kavia/workspace/code-generation/app-gateway2/dependencies/build/ThunderInterfaces/definitions/generated/JsonData_Streamer.h", "pattern": "/^            bool IsValid() const$/", "language": "C++", "typeref": "typename:bool", "kind": "function", "signature": "() const", "scope": "WPEFramework::JsonData::Streamer::IdInfo", "scopeKind": "class"}, {"_type": "tag", "name": "IsValid", "path": "/home/kavia/workspace/code-generation/app-gateway2/dependencies/build/ThunderInterfaces/definitions/generated/JsonData_Streamer.h", "pattern": "/^            bool IsValid() const$/", "language": "C++", "typeref": "typename:bool", "kind": "function", "signature": "() const", "scope": "WPEFramework::JsonData::Streamer::LoadParamsData", "scopeKind": "class"}, {"_type": "tag", "name": "IsValid", "path": "/home/kavia/workspace/code-generation/app-gateway2/dependencies/build/ThunderInterfaces/definitions/generated/JsonData_Streamer.h", "pattern": "/^            bool IsValid() const$/", "language": "C++", "typeref": "typename:bool", "kind": "function", "signature": "() const", "scope": "WPEFramework::JsonData::Streamer::StatechangeParamsData", "scopeKind": "class"}, {"_type": "tag", "name": "IsValid", "path": "/home/kavia/workspace/code-generation/app-gateway2/dependencies/build/ThunderInterfaces/definitions/generated/JsonData_Streamer.h", "pattern": "/^            bool IsValid() const$/", "language": "C++", "typeref": "typename:bool", "kind": "function", "signature": "() const", "scope": "WPEFramework::JsonData::Streamer::StreamParamsInfo", "scopeKind": "class"}, {"_type": "tag", "name": "IsValid", "path": "/home/kavia/workspace/code-generation/app-gateway2/dependencies/build/ThunderInterfaces/definitions/generated/JsonData_Streamer.h", "pattern": "/^            bool IsValid() const$/", "language": "C++", "typeref": "typename:bool", "kind": "function", "signature": "() const", "scope": "WPEFramework::JsonData::Streamer::StreamelementData", "scopeKind": "class"}, {"_type": "tag", "name": "IsValid", "path": "/home/kavia/workspace/code-generation/app-gateway2/dependencies/build/ThunderInterfaces/definitions/generated/JsonData_Streamer.h", "pattern": "/^            bool IsValid() const$/", "language": "C++", "typeref": "typename:bool", "kind": "function", "signature": "() const", "scope": "WPEFramework::JsonData::Streamer::TimeupdateParamsData", "scopeKind": "class"}, {"_type": "tag", "name": "IsValid", "path": "/home/kavia/workspace/code-generation/app-gateway2/dependencies/build/ThunderInterfaces/definitions/generated/JsonData_Streamer.h", "pattern": "/^            bool IsValid() const$/", "language": "C++", "typeref": "typename:bool", "kind": "function", "signature": "() const", "scope": "WPEFramework::JsonData::Streamer::WindowData", "scopeKind": "class"}, {"_type": "tag", "name": "JsonData", "path": "/home/kavia/workspace/code-generation/app-gateway2/dependencies/build/ThunderInterfaces/definitions/generated/JsonData_Streamer.h", "pattern": "/^namespace JsonData {$/", "language": "C++", "kind": "namespace", "scope": "WPEFramework", "scopeKind": "namespace"}, {"_type": "tag", "name": "LOADING", "path": "/home/kavia/workspace/code-generation/app-gateway2/dependencies/build/ThunderInterfaces/definitions/generated/JsonData_Streamer.h", "pattern": "/^            LOADING,$/", "language": "C++", "kind": "enumerator", "scope": "WPEFramework::JsonData::Streamer::StateType", "scopeKind": "enum"}, {"_type": "tag", "name": "LoadParamsData", "path": "/home/kavia/workspace/code-generation/app-gateway2/dependencies/build/ThunderInterfaces/definitions/generated/JsonData_Streamer.h", "pattern": "/^            LoadParamsData()$/", "language": "C++", "kind": "function", "signature": "()", "scope": "WPEFramework::JsonData::Streamer::LoadParamsData", "scopeKind": "class"}, {"_type": "tag", "name": "LoadParamsData", "path": "/home/kavia/workspace/code-generation/app-gateway2/dependencies/build/ThunderInterfaces/definitions/generated/JsonData_Streamer.h", "pattern": "/^        class LoadParamsData : public Core::JSON::Container {$/", "language": "C++", "kind": "class", "scope": "WPEFramework::JsonData::Streamer", "scopeKind": "namespace"}, {"_type": "tag", "name": "Location", "path": "/home/kavia/workspace/code-generation/app-gateway2/dependencies/build/ThunderInterfaces/definitions/generated/JsonData_Streamer.h", "pattern": "/^            Core::JSON::String Location; \\/\\/ Location of the source to load$/", "language": "C++", "typeref": "typename:Core::JSON::String", "kind": "member", "scope": "WPEFramework::JsonData::Streamer::LoadParamsData", "scopeKind": "class"}, {"_type": "tag", "name": "MULTICAST", "path": "/home/kavia/workspace/code-generation/app-gateway2/dependencies/build/ThunderInterfaces/definitions/generated/JsonData_Streamer.h", "pattern": "/^            MULTICAST = 64,$/", "language": "C++", "kind": "enumerator", "scope": "WPEFramework::JsonData::Streamer::StreamType", "scopeKind": "enum"}, {"_type": "tag", "name": "NONE", "path": "/home/kavia/workspace/code-generation/app-gateway2/dependencies/build/ThunderInterfaces/definitions/generated/JsonData_Streamer.h", "pattern": "/^            NONE,$/", "language": "C++", "kind": "enumerator", "scope": "WPEFramework::JsonData::Streamer::DrmType", "scopeKind": "enum"}, {"_type": "tag", "name": "PLAYREADY", "path": "/home/kavia/workspace/code-generation/app-gateway2/dependencies/build/ThunderInterfaces/definitions/generated/JsonData_Streamer.h", "pattern": "/^            PLAYREADY,$/", "language": "C++", "kind": "enumerator", "scope": "WPEFramework::JsonData::Streamer::DrmType", "scopeKind": "enum"}, {"_type": "tag", "name": "PREPARED", "path": "/home/kavia/workspace/code-generation/app-gateway2/dependencies/build/ThunderInterfaces/definitions/generated/JsonData_Streamer.h", "pattern": "/^            PREPARED,$/", "language": "C++", "kind": "enumerator", "scope": "WPEFramework::JsonData::Streamer::StateType", "scopeKind": "enum"}, {"_type": "tag", "name": "RF", "path": "/home/kavia/workspace/code-generation/app-gateway2/dependencies/build/ThunderInterfaces/definitions/generated/JsonData_Streamer.h", "pattern": "/^            RF = 31,$/", "language": "C++", "kind": "enumerator", "scope": "WPEFramework::JsonData::Streamer::StreamType", "scopeKind": "enum"}, {"_type": "tag", "name": "SATELLITE", "path": "/home/kavia/workspace/code-generation/app-gateway2/dependencies/build/ThunderInterfaces/definitions/generated/JsonData_Streamer.h", "pattern": "/^            SATELLITE = 4,$/", "language": "C++", "kind": "enumerator", "scope": "WPEFramework::JsonData::Streamer::StreamType", "scopeKind": "enum"}, {"_type": "tag", "name": "SUBTITLES", "path": "/home/kavia/workspace/code-generation/app-gateway2/dependencies/build/ThunderInterfaces/definitions/generated/JsonData_Streamer.h", "pattern": "/^                SUBTITLES,$/", "language": "C++", "kind": "enumerator", "scope": "WPEFramework::JsonData::Streamer::StreamelementData::ElementType", "scopeKind": "enum"}, {"_type": "tag", "name": "State", "path": "/home/kavia/workspace/code-generation/app-gateway2/dependencies/build/ThunderInterfaces/definitions/generated/JsonData_Streamer.h", "pattern": "/^            Core::JSON::EnumType<StateType> State; \\/\\/ Stream state$/", "language": "C++", "typeref": "typename:Core::JSON::EnumType<StateType>", "kind": "member", "scope": "WPEFramework::JsonData::Streamer::StatechangeParamsData", "scopeKind": "class"}, {"_type": "tag", "name": "StateType", "path": "/home/kavia/workspace/code-generation/app-gateway2/dependencies/build/ThunderInterfaces/definitions/generated/JsonData_Streamer.h", "pattern": "/^        enum class StateType : uint8_t {$/", "language": "C++", "typeref": "typename:uint8_t", "kind": "enum", "scope": "WPEFramework::JsonData::Streamer", "scopeKind": "namespace"}, {"_type": "tag", "name": "StatechangeParamsData", "path": "/home/kavia/workspace/code-generation/app-gateway2/dependencies/build/ThunderInterfaces/definitions/generated/JsonData_Streamer.h", "pattern": "/^            StatechangeParamsData()$/", "language": "C++", "kind": "function", "signature": "()", "scope": "WPEFramework::JsonData::Streamer::StatechangeParamsData", "scopeKind": "class"}, {"_type": "tag", "name": "StatechangeParamsData", "path": "/home/kavia/workspace/code-generation/app-gateway2/dependencies/build/ThunderInterfaces/definitions/generated/JsonData_Streamer.h", "pattern": "/^        class StatechangeParamsData : public Core::JSON::Container {$/", "language": "C++", "kind": "class", "scope": "WPEFramework::JsonData::Streamer", "scopeKind": "namespace"}, {"_type": "tag", "name": "StreamParamsInfo", "path": "/home/kavia/workspace/code-generation/app-gateway2/dependencies/build/ThunderInterfaces/definitions/generated/JsonData_Streamer.h", "pattern": "/^            StreamParamsInfo()$/", "language": "C++", "kind": "function", "signature": "()", "scope": "WPEFramework::JsonData::Streamer::StreamParamsInfo", "scopeKind": "class"}, {"_type": "tag", "name": "StreamParamsInfo", "path": "/home/kavia/workspace/code-generation/app-gateway2/dependencies/build/ThunderInterfaces/definitions/generated/JsonData_Streamer.h", "pattern": "/^        class StreamParamsInfo : public Core::JSON::Container {$/", "language": "C++", "kind": "class", "scope": "WPEFramework::JsonData::Streamer", "scopeKind": "namespace"}, {"_type": "tag", "name": "StreamType", "path": "/home/kavia/workspace/code-generation/app-gateway2/dependencies/build/ThunderInterfaces/definitions/generated/JsonData_Streamer.h", "pattern": "/^        enum class StreamType : uint8_t {$/", "language": "C++", "typeref": "typename:uint8_t", "kind": "enum", "scope": "WPEFramework::JsonData::Streamer", "scopeKind": "namespace"}, {"_type": "tag", "name": "StreamelementData", "path": "/home/kavia/workspace/code-generation/app-gateway2/dependencies/build/ThunderInterfaces/definitions/generated/JsonData_Streamer.h", "pattern": "/^            StreamelementData()$/", "language": "C++", "kind": "function", "signature": "()", "scope": "WPEFramework::JsonData::Streamer::StreamelementData", "scopeKind": "class"}, {"_type": "tag", "name": "StreamelementData", "path": "/home/kavia/workspace/code-generation/app-gateway2/dependencies/build/ThunderInterfaces/definitions/generated/JsonData_Streamer.h", "pattern": "/^            StreamelementData(const StreamelementData& _other)$/", "language": "C++", "kind": "function", "signature": "(const StreamelementData & _other)", "scope": "WPEFramework::JsonData::Streamer::StreamelementData", "scopeKind": "class"}, {"_type": "tag", "name": "StreamelementData", "path": "/home/kavia/workspace/code-generation/app-gateway2/dependencies/build/ThunderInterfaces/definitions/generated/JsonData_Streamer.h", "pattern": "/^        class StreamelementData : public Core::JSON::Container {$/", "language": "C++", "kind": "class", "scope": "WPEFramework::JsonData::Streamer", "scopeKind": "namespace"}, {"_type": "tag", "name": "Streamer", "path": "/home/kavia/workspace/code-generation/app-gateway2/dependencies/build/ThunderInterfaces/definitions/generated/JsonData_Streamer.h", "pattern": "/^    namespace Streamer {$/", "language": "C++", "kind": "namespace", "scope": "WPEFramework::JsonData", "scopeKind": "namespace"}, {"_type": "tag", "name": "TELETEXT", "path": "/home/kavia/workspace/code-generation/app-gateway2/dependencies/build/ThunderInterfaces/definitions/generated/JsonData_Streamer.h", "pattern": "/^                TELETEXT,$/", "language": "C++", "kind": "enumerator", "scope": "WPEFramework::JsonData::Streamer::StreamelementData::ElementType", "scopeKind": "enum"}, {"_type": "tag", "name": "TERRESTRIAL", "path": "/home/kavia/workspace/code-generation/app-gateway2/dependencies/build/ThunderInterfaces/definitions/generated/JsonData_Streamer.h", "pattern": "/^            TERRESTRIAL = 8,$/", "language": "C++", "kind": "enumerator", "scope": "WPEFramework::JsonData::Streamer::StreamType", "scopeKind": "enum"}, {"_type": "tag", "name": "Time", "path": "/home/kavia/workspace/code-generation/app-gateway2/dependencies/build/ThunderInterfaces/definitions/generated/JsonData_Streamer.h", "pattern": "/^            Core::JSON::DecUInt64 Time; \\/\\/ Stream position in miliseconds$/", "language": "C++", "typeref": "typename:Core::JSON::DecUInt64", "kind": "member", "scope": "WPEFramework::JsonData::Streamer::TimeupdateParamsData", "scopeKind": "class"}, {"_type": "tag", "name": "TimeupdateParamsData", "path": "/home/kavia/workspace/code-generation/app-gateway2/dependencies/build/ThunderInterfaces/definitions/generated/JsonData_Streamer.h", "pattern": "/^            TimeupdateParamsData()$/", "language": "C++", "kind": "function", "signature": "()", "scope": "WPEFramework::JsonData::Streamer::TimeupdateParamsData", "scopeKind": "class"}, {"_type": "tag", "name": "TimeupdateParamsData", "path": "/home/kavia/workspace/code-generation/app-gateway2/dependencies/build/ThunderInterfaces/definitions/generated/JsonData_Streamer.h", "pattern": "/^        class TimeupdateParamsData : public Core::JSON::Container {$/", "language": "C++", "kind": "class", "scope": "WPEFramework::JsonData::Streamer", "scopeKind": "namespace"}, {"_type": "tag", "name": "Type", "path": "/home/kavia/workspace/code-generation/app-gateway2/dependencies/build/ThunderInterfaces/definitions/generated/JsonData_Streamer.h", "pattern": "/^            Core::JSON::EnumType<StreamType> Type; \\/\\/ Stream type$/", "language": "C++", "typeref": "typename:Core::JSON::EnumType<StreamType>", "kind": "member", "scope": "WPEFramework::JsonData::Streamer::CreateParamsData", "scopeKind": "class"}, {"_type": "tag", "name": "Type", "path": "/home/kavia/workspace/code-generation/app-gateway2/dependencies/build/ThunderInterfaces/definitions/generated/JsonData_Streamer.h", "pattern": "/^            Core::JSON::EnumType<StreamelementData::ElementType> Type; \\/\\/ Stream element type$/", "language": "C++", "typeref": "typename:Core::JSON::EnumType<StreamelementData::ElementType>", "kind": "member", "scope": "WPEFramework::JsonData::Streamer::StreamelementData", "scopeKind": "class"}, {"_type": "tag", "name": "UNDEFINED", "path": "/home/kavia/workspace/code-generation/app-gateway2/dependencies/build/ThunderInterfaces/definitions/generated/JsonData_Streamer.h", "pattern": "/^            UNDEFINED = 0,$/", "language": "C++", "kind": "enumerator", "scope": "WPEFramework::JsonData::Streamer::StreamType", "scopeKind": "enum"}, {"_type": "tag", "name": "UNICAST", "path": "/home/kavia/workspace/code-generation/app-gateway2/dependencies/build/ThunderInterfaces/definitions/generated/JsonData_Streamer.h", "pattern": "/^            UNICAST = 32,$/", "language": "C++", "kind": "enumerator", "scope": "WPEFramework::JsonData::Streamer::StreamType", "scopeKind": "enum"}, {"_type": "tag", "name": "UNKNOWN", "path": "/home/kavia/workspace/code-generation/app-gateway2/dependencies/build/ThunderInterfaces/definitions/generated/JsonData_Streamer.h", "pattern": "/^            UNKNOWN$/", "language": "C++", "kind": "enumerator", "scope": "WPEFramework::JsonData::Streamer::DrmType", "scopeKind": "enum"}, {"_type": "tag", "name": "VIDEO", "path": "/home/kavia/workspace/code-generation/app-gateway2/dependencies/build/ThunderInterfaces/definitions/generated/JsonData_Streamer.h", "pattern": "/^                VIDEO,$/", "language": "C++", "kind": "enumerator", "scope": "WPEFramework::JsonData::Streamer::StreamelementData::ElementType", "scopeKind": "enum"}, {"_type": "tag", "name": "WIDEVINE", "path": "/home/kavia/workspace/code-generation/app-gateway2/dependencies/build/ThunderInterfaces/definitions/generated/JsonData_Streamer.h", "pattern": "/^            WIDEVINE,$/", "language": "C++", "kind": "enumerator", "scope": "WPEFramework::JsonData::Streamer::DrmType", "scopeKind": "enum"}, {"_type": "tag", "name": "WPEFramework", "path": "/home/kavia/workspace/code-generation/app-gateway2/dependencies/build/ThunderInterfaces/definitions/generated/JsonData_Streamer.h", "pattern": "/^namespace WPEFramework {$/", "language": "C++", "kind": "namespace"}, {"_type": "tag", "name": "Width", "path": "/home/kavia/workspace/code-generation/app-gateway2/dependencies/build/ThunderInterfaces/definitions/generated/JsonData_Streamer.h", "pattern": "/^            Core::JSON::DecUInt32 Width; \\/\\/ Width of the window (in pixels)$/", "language": "C++", "typeref": "typename:Core::JSON::DecUInt32", "kind": "member", "scope": "WPEFramework::JsonData::Streamer::WindowData", "scopeKind": "class"}, {"_type": "tag", "name": "WindowData", "path": "/home/kavia/workspace/code-generation/app-gateway2/dependencies/build/ThunderInterfaces/definitions/generated/JsonData_Streamer.h", "pattern": "/^            WindowData()$/", "language": "C++", "kind": "function", "signature": "()", "scope": "WPEFramework::JsonData::Streamer::WindowData", "scopeKind": "class"}, {"_type": "tag", "name": "WindowData", "path": "/home/kavia/workspace/code-generation/app-gateway2/dependencies/build/ThunderInterfaces/definitions/generated/JsonData_Streamer.h", "pattern": "/^        class WindowData : public Core::JSON::Container {$/", "language": "C++", "kind": "class", "scope": "WPEFramework::JsonData::Streamer", "scopeKind": "namespace"}, {"_type": "tag", "name": "X", "path": "/home/kavia/workspace/code-generation/app-gateway2/dependencies/build/ThunderInterfaces/definitions/generated/JsonData_Streamer.h", "pattern": "/^            Core::JSON::DecUInt32 X; \\/\\/ Horizontal position of the window (in pixels)$/", "language": "C++", "typeref": "typename:Core::JSON::DecUInt32", "kind": "member", "scope": "WPEFramework::JsonData::Streamer::WindowData", "scopeKind": "class"}, {"_type": "tag", "name": "Y", "path": "/home/kavia/workspace/code-generation/app-gateway2/dependencies/build/ThunderInterfaces/definitions/generated/JsonData_Streamer.h", "pattern": "/^            Core::JSON::DecUInt32 Y; \\/\\/ Vertical position of the window (in pixels)$/", "language": "C++", "typeref": "typename:Core::JSON::DecUInt32", "kind": "member", "scope": "WPEFramework::JsonData::Streamer::WindowData", "scopeKind": "class"}, {"_type": "tag", "name": "_Init", "path": "/home/kavia/workspace/code-generation/app-gateway2/dependencies/build/ThunderInterfaces/definitions/generated/JsonData_Streamer.h", "pattern": "/^            void _Init()$/", "language": "C++", "typeref": "typename:void", "kind": "function", "signature": "()", "scope": "WPEFramework::JsonData::Streamer::StreamelementData", "scopeKind": "class"}, {"_type": "tag", "name": "operator =", "path": "/home/kavia/workspace/code-generation/app-gateway2/dependencies/build/ThunderInterfaces/definitions/generated/JsonData_Streamer.h", "pattern": "/^            StreamelementData& operator=(const StreamelementData& _rhs)$/", "language": "C++", "typeref": "typename:StreamelementData &", "kind": "function", "signature": "(const StreamelementData & _rhs)", "scope": "WPEFramework::JsonData::Streamer::StreamelementData", "scopeKind": "class"}], "hash": "5e400423e9e651dcc68065bb22d64c96", "format-version": 4, "code-base-name": "app-gateway2", "filename": "dependencies/build/ThunderInterfaces/definitions/generated/JsonData_Streamer.h", "fields": [{"name": "Core::JSON::DecUInt32 Code", "scope": "WPEFramework::JsonData::Streamer::StreamParamsInfo", "scopeKind": "class", "description": "unavailable"}, {"name": "Core::JSON::DecUInt32 Height", "scope": "WPEFramework::JsonData::Streamer::WindowData", "scopeKind": "class", "description": "unavailable"}, {"name": "Core::JSON::DecUInt8 Id", "scope": "WPEFramework::JsonData::Streamer::IdInfo", "scopeKind": "class", "description": "unavailable"}, {"name": "Core::JSON::String Location", "scope": "WPEFramework::JsonData::Streamer::LoadParamsData", "scopeKind": "class", "description": "unavailable"}, {"name": "Core::JSON::EnumType<StateType> State", "scope": "WPEFramework::JsonData::Streamer::StatechangeParamsData", "scopeKind": "class", "description": "unavailable"}, {"name": "Core::JSON::DecUInt64 Time", "scope": "WPEFramework::JsonData::Streamer::TimeupdateParamsData", "scopeKind": "class", "description": "unavailable"}, {"name": "Core::JSON::EnumType<StreamType> Type", "scope": "WPEFramework::JsonData::Streamer::CreateParamsData", "scopeKind": "class", "description": "unavailable"}, {"name": "Core::JSON::EnumType<StreamelementData::ElementType> Type", "scope": "WPEFramework::JsonData::Streamer::StreamelementData", "scopeKind": "class", "description": "unavailable"}, {"name": "Core::JSON::DecUInt32 Width", "scope": "WPEFramework::JsonData::Streamer::WindowData", "scopeKind": "class", "description": "unavailable"}, {"name": "Core::JSON::DecUInt32 X", "scope": "WPEFramework::JsonData::Streamer::WindowData", "scopeKind": "class", "description": "unavailable"}, {"name": "Core::JSON::DecUInt32 Y", "scope": "WPEFramework::JsonData::Streamer::WindowData", "scopeKind": "class", "description": "unavailable"}], "revision_history": [{"18617": "a019ef1ecf9043a6387775f8d60762f619f4c761"}]}