{"is_source_file": true, "format": "C++ header file", "description": "This file defines the core parsing infrastructure for a C++ project within the WPEFramework namespace. It includes a template class 'ParserType' for generic parsing with customizable terminators and handlers, a 'TextParser' class for text fragment manipulation, and a 'PathParser' class for extracting components from file paths.", "external_files": ["Enumerate.h", "KeyValue.h", "Number.h", "Optional.h", "Portability.h", "Range.h"], "external_methods": ["Core::TypeTraits::enable_if", "NumberType<NUMBER, SIGNED>::Convert", "TextFragment::Forward", "TextFragment::ForwardSkip", "TextFragment::ForwardFind", "TextFragment::Jump", "TextFragment::Data", "TextFragment::Length", "TextFragment::operator==", "TextFragment::EqualText", "TextFragment::clear", "TextFragment::size", "RangeType<NUMBER, BEGININC, ENDINC>::RangeType"], "published": ["ParserType", "TextParser", "PathParser"], "classes": [{"name": "ParserType", "description": "A generic template class that provides mechanisms to parse input streams with customizable behavior via handler callbacks and terminator logic."}, {"name": "TextParser", "description": "A class for handling and parsing text fragments, with methods to read numbers, key-value pairs, ranges, and validate text."}, {"name": "PathParser", "description": "A class responsible for parsing file system paths into components such as drive, path, filename, and extension."}], "methods": [{"name": "void Reset()", "description": "Resets the parser state to initial conditions.", "scope": "WPEFramework::Core::ParserType", "scopeKind": "class"}, {"name": "uint32_t Position() const", "description": "Returns the current parsing position.", "scope": "WPEFramework::Core::ParserType", "scopeKind": "class"}, {"name": "void CollectWord()", "description": "Configures parser to collect a word, optionally specifying split character and case.", "scope": "WPEFramework::Core::ParserType", "scopeKind": "class"}, {"name": "void CollectLine()", "description": "Configures parser to collect an entire line.", "scope": "WPEFramework::Core::ParserType", "scopeKind": "class"}, {"name": "void FlushLine()", "description": "Marks the current line to be flushed.", "scope": "WPEFramework::Core::ParserType", "scopeKind": "class"}, {"name": "void PassThrough(const uint32_t passThroughBytes)", "description": "Configures the parser to pass through a specified number of bytes.", "scope": "WPEFramework::Core::ParserType", "scopeKind": "class"}, {"name": "uint16_t Deserialize(const uint8_t stream[],const uint16_t maxLength)", "description": "Processes a byte stream, performing parsing according to the internal state machine.", "scope": "WPEFramework::Core::ParserType", "scopeKind": "class"}, {"name": "const OptionalType<TextFragment> & BaseFileName() const", "scope": "WPEFramework::Core::PathParser", "scopeKind": "class", "description": "unavailable"}, {"name": "void CollectLine(const ParseState caseState)", "scope": "WPEFramework::Core::ParserType", "scopeKind": "class", "description": "unavailable"}, {"name": "void CollectWord(TCHAR splitChar)", "scope": "WPEFramework::Core::ParserType", "scopeKind": "class", "description": "unavailable"}, {"name": "void CollectWord(TCHAR splitChar,const ParseState caseState)", "scope": "WPEFramework::Core::ParserType", "scopeKind": "class", "description": "unavailable"}, {"name": "void CollectWord(const ParseState caseState)", "scope": "WPEFramework::Core::ParserType", "scopeKind": "class", "description": "unavailable"}, {"name": "const OptionalType<TCHAR> & Drive() const", "scope": "WPEFramework::Core::PathParser", "scopeKind": "class", "description": "unavailable"}, {"name": "const OptionalType<TextFragment> & Extension() const", "scope": "WPEFramework::Core::PathParser", "scopeKind": "class", "description": "unavailable"}, {"name": "const OptionalType<TextFragment> & FileName() const", "scope": "WPEFramework::Core::PathParser", "scopeKind": "class", "description": "unavailable"}, {"name": "void Find(const TCHAR characters[])", "scope": "WPEFramework::Core::TextParser", "scopeKind": "class", "description": "unavailable"}, {"name": "void Jump(const TCHAR characters[])", "scope": "WPEFramework::Core::TextParser", "scopeKind": "class", "description": "unavailable"}, {"name": "ParserType(HANDLER & parent)", "scope": "WPEFramework::Core::ParserType", "scopeKind": "class", "description": "unavailable"}, {"name": "const OptionalType<TextFragment> & Path() const", "scope": "WPEFramework::Core::PathParser", "scopeKind": "class", "description": "unavailable"}, {"name": "PathParser(const TextFragment & input)", "scope": "WPEFramework::Core::PathParser", "scopeKind": "class", "description": "unavailable"}, {"name": "void ReadEnumerate(OptionalType<ENUMERATE> & result,const TCHAR * delimiters)", "scope": "WPEFramework::Core::TextParser", "scopeKind": "class", "description": "unavailable"}, {"name": "void ReadKeyValuePair(OptionalType<TextKeyValueType<CASESENSITIVE,TextFragment>> & result,const TCHAR delimiters[])", "scope": "WPEFramework::Core::TextParser", "scopeKind": "class", "description": "unavailable"}, {"name": "void ReadNumber(OptionalType<NUMBER> & result,const NumberBase type=BASE_DECIMAL)", "scope": "WPEFramework::Core::TextParser", "scopeKind": "class", "description": "unavailable"}, {"name": "void ReadRange(OptionalType<RangeType<NUMBER,BEGININC,ENDINC>> & result,const NumberBase type=BASE_DECIMAL)", "scope": "WPEFramework::Core::TextParser", "scopeKind": "class", "description": "unavailable"}, {"name": "void Skip(const TCHAR characters[])", "scope": "WPEFramework::Core::TextParser", "scopeKind": "class", "description": "unavailable"}, {"name": "void Skip(const uint32_t positions)", "scope": "WPEFramework::Core::TextParser", "scopeKind": "class", "description": "unavailable"}, {"name": "void SkipLine()", "scope": "WPEFramework::Core::TextParser", "scopeKind": "class", "description": "unavailable"}, {"name": "void SkipWhiteSpace()", "scope": "WPEFramework::Core::TextParser", "scopeKind": "class", "description": "unavailable"}, {"name": "TextParser(const TextFragment & input)", "scope": "WPEFramework::Core::TextParser", "scopeKind": "class", "description": "unavailable"}, {"name": "bool Validate(const TextFragment & comparison)", "scope": "WPEFramework::Core::TextParser", "scopeKind": "class", "description": "unavailable"}, {"name": "Core::TypeTraits::enable_if<!hasComplete<T,bool,const string &,const TCHAR>::value,bool>::type __Complete(const string &,const TCHAR character)", "scope": "WPEFramework::Core::ParserType", "scopeKind": "class", "description": "unavailable"}, {"name": "Core::TypeTraits::enable_if<hasComplete<T,bool,const string &,const TCHAR>::value,bool>::type __Complete(const string & buffer,const TCHAR character)", "scope": "WPEFramework::Core::ParserType", "scopeKind": "class", "description": "unavailable"}], "calls": ["Parse", "EndOfPassThrough", "EndOfLine", "Complete", "Parse"], "search-terms": ["template ParserType", "TextParser", "PathParser", "core/Parser.h", "WPEFramework", "TextFragment", "PathComponent"], "state": 2, "file_id": 8596, "knowledge_revision": 17310, "git_revision": "0f87a35b32215bc8547fb583d6c84bd51f603f69", "ctags": [{"_type": "tag", "name": "BaseFileName", "path": "/home/kavia/workspace/code-generation/app-gateway2/dependencies/install/include/WPEFramework/core/Parser.h", "pattern": "/^\t\t\tinline const OptionalType<TextFragment>& BaseFileName() const$/", "language": "C++", "typeref": "typename:const OptionalType<TextFragment> &", "kind": "function", "signature": "() const", "scope": "WPEFramework::Core::PathParser", "scopeKind": "class"}, {"_type": "tag", "name": "CollectLine", "path": "/home/kavia/workspace/code-generation/app-gateway2/dependencies/install/include/WPEFramework/core/Parser.h", "pattern": "/^\t\t\tinline void CollectLine()$/", "language": "C++", "typeref": "typename:void", "kind": "function", "signature": "()", "scope": "WPEFramework::Core::ParserType", "scopeKind": "class"}, {"_type": "tag", "name": "CollectLine", "path": "/home/kavia/workspace/code-generation/app-gateway2/dependencies/install/include/WPEFramework/core/Parser.h", "pattern": "/^\t\t\tinline void CollectLine(const ParseState caseState)$/", "language": "C++", "typeref": "typename:void", "kind": "function", "signature": "(const ParseState caseState)", "scope": "WPEFramework::Core::ParserType", "scopeKind": "class"}, {"_type": "tag", "name": "CollectWord", "path": "/home/kavia/workspace/code-generation/app-gateway2/dependencies/install/include/WPEFramework/core/Parser.h", "pattern": "/^\t\t\tinline void CollectWord()$/", "language": "C++", "typeref": "typename:void", "kind": "function", "signature": "()", "scope": "WPEFramework::Core::ParserType", "scopeKind": "class"}, {"_type": "tag", "name": "CollectWord", "path": "/home/kavia/workspace/code-generation/app-gateway2/dependencies/install/include/WPEFramework/core/Parser.h", "pattern": "/^\t\t\tinline void CollectWord(TCHAR splitChar)$/", "language": "C++", "typeref": "typename:void", "kind": "function", "signature": "(TCHAR splitChar)", "scope": "WPEFramework::Core::ParserType", "scopeKind": "class"}, {"_type": "tag", "name": "CollectWord", "path": "/home/kavia/workspace/code-generation/app-gateway2/dependencies/install/include/WPEFramework/core/Parser.h", "pattern": "/^\t\t\tinline void CollectWord(TCHAR splitChar, const ParseState caseState)$/", "language": "C++", "typeref": "typename:void", "kind": "function", "signature": "(TCHAR splitChar,const ParseState caseState)", "scope": "WPEFramework::Core::ParserType", "scopeKind": "class"}, {"_type": "tag", "name": "CollectWord", "path": "/home/kavia/workspace/code-generation/app-gateway2/dependencies/install/include/WPEFramework/core/Parser.h", "pattern": "/^\t\t\tinline void CollectWord(const ParseState caseState)$/", "language": "C++", "typeref": "typename:void", "kind": "function", "signature": "(const ParseState caseState)", "scope": "WPEFramework::Core::ParserType", "scopeKind": "class"}, {"_type": "tag", "name": "Core", "path": "/home/kavia/workspace/code-generation/app-gateway2/dependencies/install/include/WPEFramework/core/Parser.h", "pattern": "/^\tnamespace Core {$/", "language": "C++", "kind": "namespace", "scope": "WPEFramework", "scopeKind": "namespace"}, {"_type": "tag", "name": "Deserialize", "path": "/home/kavia/workspace/code-generation/app-gateway2/dependencies/install/include/WPEFramework/core/Parser.h", "pattern": "/^\t\t\tuint16_t Deserialize(const uint8_t stream[], const uint16_t maxLength)$/", "language": "C++", "typeref": "typename:uint16_t", "kind": "function", "signature": "(const uint8_t stream[],const uint16_t maxLength)", "scope": "WPEFramework::Core::ParserType", "scopeKind": "class"}, {"_type": "tag", "name": "Drive", "path": "/home/kavia/workspace/code-generation/app-gateway2/dependencies/install/include/WPEFramework/core/Parser.h", "pattern": "/^\t\t\tinline const OptionalType<TCHAR>& Drive() const$/", "language": "C++", "typeref": "typename:const OptionalType<TCHAR> &", "kind": "function", "signature": "() const", "scope": "WPEFramework::Core::PathParser", "scopeKind": "class"}, {"_type": "tag", "name": "ESCAPED", "path": "/home/kavia/workspace/code-generation/app-gateway2/dependencies/install/include/WPEFramework/core/Parser.h", "pattern": "/^\t\t\t\tESCAPED = 0x008,$/", "language": "C++", "kind": "enumerator", "scope": "WPEFramework::Core::ParserType::ParseState", "scopeKind": "enum"}, {"_type": "tag", "name": "EXTERNALPASS", "path": "/home/kavia/workspace/code-generation/app-gateway2/dependencies/install/include/WPEFramework/core/Parser.h", "pattern": "/^\t\t\t\tEXTERNALPASS = 0x020,$/", "language": "C++", "kind": "enumerator", "scope": "WPEFramework::Core::ParserType::ParseState", "scopeKind": "enum"}, {"_type": "tag", "name": "Extension", "path": "/home/kavia/workspace/code-generation/app-gateway2/dependencies/install/include/WPEFramework/core/Parser.h", "pattern": "/^\t\t\tinline const OptionalType<TextFragment>& Extension() const$/", "language": "C++", "typeref": "typename:const OptionalType<TextFragment> &", "kind": "function", "signature": "() const", "scope": "WPEFramework::Core::PathParser", "scopeKind": "class"}, {"_type": "tag", "name": "FLUSH_LINE", "path": "/home/kavia/workspace/code-generation/app-gateway2/dependencies/install/include/WPEFramework/core/Parser.h", "pattern": "/^\t\t\t\tFLUSH_LINE = 0x010,$/", "language": "C++", "kind": "enumerator", "scope": "WPEFramework::Core::ParserType::ParseState", "scopeKind": "enum"}, {"_type": "tag", "name": "FileName", "path": "/home/kavia/workspace/code-generation/app-gateway2/dependencies/install/include/WPEFramework/core/Parser.h", "pattern": "/^\t\t\tinline const OptionalType<TextFragment>& FileName() const$/", "language": "C++", "typeref": "typename:const OptionalType<TextFragment> &", "kind": "function", "signature": "() const", "scope": "WPEFramework::Core::PathParser", "scopeKind": "class"}, {"_type": "tag", "name": "Find", "path": "/home/kavia/workspace/code-generation/app-gateway2/dependencies/install/include/WPEFramework/core/Parser.h", "pattern": "/^\t\t\tinline void Find(const TCHAR characters[])$/", "language": "C++", "typeref": "typename:void", "kind": "function", "signature": "(const TCHAR characters[])", "scope": "WPEFramework::Core::TextParser", "scopeKind": "class"}, {"_type": "tag", "name": "FlushLine", "path": "/home/kavia/workspace/code-generation/app-gateway2/dependencies/install/include/WPEFramework/core/Parser.h", "pattern": "/^\t\t\tinline void FlushLine()$/", "language": "C++", "typeref": "typename:void", "kind": "function", "signature": "()", "scope": "WPEFramework::Core::ParserType", "scopeKind": "class"}, {"_type": "tag", "name": "Jump", "path": "/home/kavia/workspace/code-generation/app-gateway2/dependencies/install/include/WPEFramework/core/Parser.h", "pattern": "/^\t\t\tinline void Jump(const TCHAR characters[])$/", "language": "C++", "typeref": "typename:void", "kind": "function", "signature": "(const TCHAR characters[])", "scope": "WPEFramework::Core::TextParser", "scopeKind": "class"}, {"_type": "tag", "name": "LOWERCASE", "path": "/home/kavia/workspace/code-generation/app-gateway2/dependencies/install/include/WPEFramework/core/Parser.h", "pattern": "/^\t\t\t\tLOWERCASE = 0x080,$/", "language": "C++", "kind": "enumerator", "scope": "WPEFramework::Core::ParserType::ParseState", "scopeKind": "enum"}, {"_type": "tag", "name": "PARSESTOP", "path": "/home/kavia/workspace/code-generation/app-gateway2/dependencies/install/include/WPEFramework/core/Parser.h", "pattern": "/^\t\t\t\tPARSESTOP = 0x200,$/", "language": "C++", "kind": "enumerator", "scope": "WPEFramework::Core::ParserType::ParseState", "scopeKind": "enum"}, {"_type": "tag", "name": "ParseState", "path": "/home/kavia/workspace/code-generation/app-gateway2/dependencies/install/include/WPEFramework/core/Parser.h", "pattern": "/^\t\t\tenum ParseState {$/", "language": "C++", "kind": "enum", "scope": "WPEFramework::Core::ParserType", "scopeKind": "class"}, {"_type": "tag", "name": "ParserType", "path": "/home/kavia/workspace/code-generation/app-gateway2/dependencies/install/include/WPEFramework/core/Parser.h", "pattern": "/^\t\t\tParserType(HANDLER& parent)$/", "language": "C++", "kind": "function", "signature": "(HANDLER & parent)", "scope": "WPEFramework::Core::ParserType", "scopeKind": "class"}, {"_type": "tag", "name": "ParserType", "path": "/home/kavia/workspace/code-generation/app-gateway2/dependencies/install/include/WPEFramework/core/Parser.h", "pattern": "/^\t\tclass ParserType {$/", "language": "C++", "kind": "class", "scope": "WPEFramework::Core", "scopeKind": "namespace"}, {"_type": "tag", "name": "PassThrough", "path": "/home/kavia/workspace/code-generation/app-gateway2/dependencies/install/include/WPEFramework/core/Parser.h", "pattern": "/^\t\t\tinline void PassThrough(const uint32_t passThroughBytes)$/", "language": "C++", "typeref": "typename:void", "kind": "function", "signature": "(const uint32_t passThroughBytes)", "scope": "WPEFramework::Core::ParserType", "scopeKind": "class"}, {"_type": "tag", "name": "Path", "path": "/home/kavia/workspace/code-generation/app-gateway2/dependencies/install/include/WPEFramework/core/Parser.h", "pattern": "/^\t\t\tinline const OptionalType<TextFragment>& Path() const$/", "language": "C++", "typeref": "typename:const OptionalType<TextFragment> &", "kind": "function", "signature": "() const", "scope": "WPEFramework::Core::PathParser", "scopeKind": "class"}, {"_type": "tag", "name": "PathParser", "path": "/home/kavia/workspace/code-generation/app-gateway2/dependencies/install/include/WPEFramework/core/Parser.h", "pattern": "/^\t\t\tinline PathParser(const TextFragment& input)$/", "language": "C++", "kind": "function", "signature": "(const TextFragment & input)", "scope": "WPEFramework::Core::PathParser", "scopeKind": "class"}, {"_type": "tag", "name": "PathParser", "path": "/home/kavia/workspace/code-generation/app-gateway2/dependencies/install/include/WPEFramework/core/Parser.h", "pattern": "/^\t\tclass EXTERNAL PathParser {$/", "language": "C++", "kind": "class", "scope": "WPEFramework::Core", "scopeKind": "namespace"}, {"_type": "tag", "name": "Position", "path": "/home/kavia/workspace/code-generation/app-gateway2/dependencies/install/include/WPEFramework/core/Parser.h", "pattern": "/^\t\t\tinline uint32_t Position() const {$/", "language": "C++", "typeref": "typename:uint32_t", "kind": "function", "signature": "() const", "scope": "WPEFramework::Core::ParserType", "scopeKind": "class"}, {"_type": "tag", "name": "QUOTED", "path": "/home/kavia/workspace/code-generation/app-gateway2/dependencies/install/include/WPEFramework/core/Parser.h", "pattern": "/^\t\t\t\tQUOTED = 0x004,$/", "language": "C++", "kind": "enumerator", "scope": "WPEFramework::Core::ParserType::ParseState", "scopeKind": "enum"}, {"_type": "tag", "name": "ReadEnumerate", "path": "/home/kavia/workspace/code-generation/app-gateway2/dependencies/install/include/WPEFramework/core/Parser.h", "pattern": "/^\t\t\tvoid ReadEnumerate(OptionalType<ENUMERATE>& result, const TCHAR* delimiters)$/", "language": "C++", "typeref": "typename:void", "kind": "function", "signature": "(OptionalType<ENUMERATE> & result,const TCHAR * delimiters)", "scope": "WPEFramework::Core::TextParser", "scopeKind": "class"}, {"_type": "tag", "name": "ReadKeyValuePair", "path": "/home/kavia/workspace/code-generation/app-gateway2/dependencies/install/include/WPEFramework/core/Parser.h", "pattern": "/^\t\t\tvoid ReadKeyValuePair(OptionalType<TextKeyValueType<CASESENSITIVE, TextFragment>>& result, co/", "language": "C++", "typeref": "typename:void", "kind": "function", "signature": "(OptionalType<TextKeyValueType<CASESENSITIVE,TextFragment>> & result,const TCHAR delimiters[])", "scope": "WPEFramework::Core::TextParser", "scopeKind": "class"}, {"_type": "tag", "name": "ReadNumber", "path": "/home/kavia/workspace/code-generation/app-gateway2/dependencies/install/include/WPEFramework/core/Parser.h", "pattern": "/^\t\t\tvoid ReadNumber(OptionalType<NUMBER>& result, const NumberBase type = BASE_DECIMAL)$/", "language": "C++", "typeref": "typename:void", "kind": "function", "signature": "(OptionalType<NUMBER> & result,const NumberBase type=BASE_DECIMAL)", "scope": "WPEFramework::Core::TextParser", "scopeKind": "class"}, {"_type": "tag", "name": "ReadRange", "path": "/home/kavia/workspace/code-generation/app-gateway2/dependencies/install/include/WPEFramework/core/Parser.h", "pattern": "/^\t\t\tvoid ReadRange(OptionalType<RangeType<NUMBER, BEGININC, ENDINC>>& result, const NumberBase ty/", "language": "C++", "typeref": "typename:void", "kind": "function", "signature": "(OptionalType<RangeType<NUMBER,BEGININC,ENDINC>> & result,const NumberBase type=BASE_DECIMAL)", "scope": "WPEFramework::Core::TextParser", "scopeKind": "class"}, {"_type": "tag", "name": "Reset", "path": "/home/kavia/workspace/code-generation/app-gateway2/dependencies/install/include/WPEFramework/core/Parser.h", "pattern": "/^\t\t\tinline void Reset()$/", "language": "C++", "typeref": "typename:void", "kind": "function", "signature": "()", "scope": "WPEFramework::Core::ParserType", "scopeKind": "class"}, {"_type": "tag", "name": "SINGLE_QUOTED", "path": "/home/kavia/workspace/code-generation/app-gateway2/dependencies/install/include/WPEFramework/core/Parser.h", "pattern": "/^\t\t\t\tSINGLE_QUOTED = 0x800$/", "language": "C++", "kind": "enumerator", "scope": "WPEFramework::Core::ParserType::ParseState", "scopeKind": "enum"}, {"_type": "tag", "name": "SKIP_WHITESPACE", "path": "/home/kavia/workspace/code-generation/app-gateway2/dependencies/install/include/WPEFramework/core/Parser.h", "pattern": "/^\t\t\t\tSKIP_WHITESPACE = 0x001,$/", "language": "C++", "kind": "enumerator", "scope": "WPEFramework::Core::ParserType::ParseState", "scopeKind": "enum"}, {"_type": "tag", "name": "SPLITCHAR", "path": "/home/kavia/workspace/code-generation/app-gateway2/dependencies/install/include/WPEFramework/core/Parser.h", "pattern": "/^\t\t\t\tSPLITCHAR = 0x100,$/", "language": "C++", "kind": "enumerator", "scope": "WPEFramework::Core::ParserType::ParseState", "scopeKind": "enum"}, {"_type": "tag", "name": "Skip", "path": "/home/kavia/workspace/code-generation/app-gateway2/dependencies/install/include/WPEFramework/core/Parser.h", "pattern": "/^\t\t\tinline void Skip(const TCHAR characters[])$/", "language": "C++", "typeref": "typename:void", "kind": "function", "signature": "(const TCHAR characters[])", "scope": "WPEFramework::Core::TextParser", "scopeKind": "class"}, {"_type": "tag", "name": "Skip", "path": "/home/kavia/workspace/code-generation/app-gateway2/dependencies/install/include/WPEFramework/core/Parser.h", "pattern": "/^\t\t\tinline void Skip(const uint32_t positions)$/", "language": "C++", "typeref": "typename:void", "kind": "function", "signature": "(const uint32_t positions)", "scope": "WPEFramework::Core::TextParser", "scopeKind": "class"}, {"_type": "tag", "name": "SkipLine", "path": "/home/kavia/workspace/code-generation/app-gateway2/dependencies/install/include/WPEFramework/core/Parser.h", "pattern": "/^\t\t\tinline void SkipLine()$/", "language": "C++", "typeref": "typename:void", "kind": "function", "signature": "()", "scope": "WPEFramework::Core::TextParser", "scopeKind": "class"}, {"_type": "tag", "name": "SkipWhiteSpace", "path": "/home/kavia/workspace/code-generation/app-gateway2/dependencies/install/include/WPEFramework/core/Parser.h", "pattern": "/^\t\t\tinline void SkipWhiteSpace()$/", "language": "C++", "typeref": "typename:void", "kind": "function", "signature": "()", "scope": "WPEFramework::Core::TextParser", "scopeKind": "class"}, {"_type": "tag", "name": "TextParser", "path": "/home/kavia/workspace/code-generation/app-gateway2/dependencies/install/include/WPEFramework/core/Parser.h", "pattern": "/^\t\t\tTextParser(const TextFragment& input)$/", "language": "C++", "kind": "function", "signature": "(const TextFragment & input)", "scope": "WPEFramework::Core::TextParser", "scopeKind": "class"}, {"_type": "tag", "name": "TextParser", "path": "/home/kavia/workspace/code-generation/app-gateway2/dependencies/install/include/WPEFramework/core/Parser.h", "pattern": "/^\t\tclass EXTERNAL TextParser : public TextFragment {$/", "language": "C++", "kind": "class", "scope": "WPEFramework::Core", "scopeKind": "namespace"}, {"_type": "tag", "name": "ThisClass", "path": "/home/kavia/workspace/code-generation/app-gateway2/dependencies/install/include/WPEFramework/core/Parser.h", "pattern": "/^\t\t\tusing ThisClass = ParserType<TEXTTERMINATOR, HANDLER>;$/", "language": "C++", "typeref": "typename:ParserType<TEXTTERMINATOR,HANDLER>", "kind": "typedef", "scope": "WPEFramework::Core::ParserType", "scopeKind": "class"}, {"_type": "tag", "name": "UPPERCASE", "path": "/home/kavia/workspace/code-generation/app-gateway2/dependencies/install/include/WPEFramework/core/Parser.h", "pattern": "/^\t\t\t\tUPPERCASE = 0x040,$/", "language": "C++", "kind": "enumerator", "scope": "WPEFramework::Core::ParserType::ParseState", "scopeKind": "enum"}, {"_type": "tag", "name": "Validate", "path": "/home/kavia/workspace/code-generation/app-gateway2/dependencies/install/include/WPEFramework/core/Parser.h", "pattern": "/^\t\t\tbool Validate(const TextFragment& comparison)$/", "language": "C++", "typeref": "typename:bool", "kind": "function", "signature": "(const TextFragment & comparison)", "scope": "WPEFramework::Core::TextParser", "scopeKind": "class"}, {"_type": "tag", "name": "WAS_QUOTED", "path": "/home/kavia/workspace/code-generation/app-gateway2/dependencies/install/include/WPEFramework/core/Parser.h", "pattern": "/^\t\t\t\tWAS_QUOTED = 0x400,$/", "language": "C++", "kind": "enumerator", "scope": "WPEFramework::Core::ParserType::ParseState", "scopeKind": "enum"}, {"_type": "tag", "name": "WORD_CAPTURE", "path": "/home/kavia/workspace/code-generation/app-gateway2/dependencies/install/include/WPEFramework/core/Parser.h", "pattern": "/^\t\t\t\tWORD_CAPTURE = 0x002,$/", "language": "C++", "kind": "enumerator", "scope": "WPEFramework::Core::ParserType::ParseState", "scopeKind": "enum"}, {"_type": "tag", "name": "WPEFramework", "path": "/home/kavia/workspace/code-generation/app-gateway2/dependencies/install/include/WPEFramework/core/Parser.h", "pattern": "/^namespace WPEFramework {$/", "language": "C++", "kind": "namespace"}, {"_type": "tag", "name": "__Complete", "path": "/home/kavia/workspace/code-generation/app-gateway2/dependencies/install/include/WPEFramework/core/Parser.h", "pattern": "/^\t\t\t\t__Complete(const string& \\/* buffer *\\/, const TCHAR character)$/", "language": "C++", "typeref": "typename:Core::TypeTraits::enable_if<!hasComplete<T,bool,const string &,const TCHAR>::value,bool>::type", "kind": "function", "signature": "(const string &,const TCHAR character)", "scope": "WPEFramework::Core::ParserType", "scopeKind": "class"}, {"_type": "tag", "name": "__Complete", "path": "/home/kavia/workspace/code-generation/app-gateway2/dependencies/install/include/WPEFramework/core/Parser.h", "pattern": "/^\t\t\t\t__Complete(const string& buffer, const TCHAR character)$/", "language": "C++", "typeref": "typename:Core::TypeTraits::enable_if<hasComplete<T,bool,const string &,const TCHAR>::value,bool>::type", "kind": "function", "signature": "(const string & buffer,const TCHAR character)", "scope": "WPEFramework::Core::ParserType", "scopeKind": "class"}, {"_type": "tag", "name": "__PARSER_H", "path": "/home/kavia/workspace/code-generation/app-gateway2/dependencies/install/include/WPEFramework/core/Parser.h", "pattern": "/^#define __PARSER_H$/", "language": "C++", "kind": "macro"}, {"_type": "tag", "name": "_buffer", "path": "/home/kavia/workspace/code-generation/app-gateway2/dependencies/install/include/WPEFramework/core/Parser.h", "pattern": "/^\t\t\tstring _buffer;$/", "language": "C++", "typeref": "typename:string", "kind": "member", "scope": "WPEFramework::Core::ParserType", "scopeKind": "class"}, {"_type": "tag", "name": "_byteCounter", "path": "/home/kavia/workspace/code-generation/app-gateway2/dependencies/install/include/WPEFramework/core/Parser.h", "pattern": "/^\t\t\tuint32_t _byteCounter;$/", "language": "C++", "typeref": "typename:uint32_t", "kind": "member", "scope": "WPEFramework::Core::ParserType", "scopeKind": "class"}, {"_type": "tag", "name": "_parent", "path": "/home/kavia/workspace/code-generation/app-gateway2/dependencies/install/include/WPEFramework/core/Parser.h", "pattern": "/^\t\t\tHANDLER& _parent;$/", "language": "C++", "typeref": "typename:HANDLER &", "kind": "member", "scope": "WPEFramework::Core::ParserType", "scopeKind": "class"}, {"_type": "tag", "name": "_splitChar", "path": "/home/kavia/workspace/code-generation/app-gateway2/dependencies/install/include/WPEFramework/core/Parser.h", "pattern": "/^\t\t\tTCHAR _splitChar;$/", "language": "C++", "typeref": "typename:TCHAR", "kind": "member", "scope": "WPEFramework::Core::ParserType", "scopeKind": "class"}, {"_type": "tag", "name": "_state", "path": "/home/kavia/workspace/code-generation/app-gateway2/dependencies/install/include/WPEFramework/core/Parser.h", "pattern": "/^\t\t\tuint16_t _state;$/", "language": "C++", "typeref": "typename:uint16_t", "kind": "member", "scope": "WPEFramework::Core::ParserType", "scopeKind": "class"}, {"_type": "tag", "name": "_terminator", "path": "/home/kavia/workspace/code-generation/app-gateway2/dependencies/install/include/WPEFramework/core/Parser.h", "pattern": "/^\t\t\tTEXTTERMINATOR _terminator;$/", "language": "C++", "typeref": "typename:TEXTTERMINATOR", "kind": "member", "scope": "WPEFramework::Core::ParserType", "scopeKind": "class"}, {"_type": "tag", "name": "m_BaseFileName", "path": "/home/kavia/workspace/code-generation/app-gateway2/dependencies/install/include/WPEFramework/core/Parser.h", "pattern": "/^\t\t\tOptionalType<TextFragment> m_BaseFileName;$/", "language": "C++", "typeref": "typename:OptionalType<TextFragment>", "kind": "member", "scope": "WPEFramework::Core::PathParser", "scopeKind": "class"}, {"_type": "tag", "name": "m_Drive", "path": "/home/kavia/workspace/code-generation/app-gateway2/dependencies/install/include/WPEFramework/core/Parser.h", "pattern": "/^\t\t\tOptionalType<TCHAR> m_Drive;$/", "language": "C++", "typeref": "typename:OptionalType<TCHAR>", "kind": "member", "scope": "WPEFramework::Core::PathParser", "scopeKind": "class"}, {"_type": "tag", "name": "m_Extension", "path": "/home/kavia/workspace/code-generation/app-gateway2/dependencies/install/include/WPEFramework/core/Parser.h", "pattern": "/^\t\t\tOptionalType<TextFragment> m_Extension;$/", "language": "C++", "typeref": "typename:OptionalType<TextFragment>", "kind": "member", "scope": "WPEFramework::Core::PathParser", "scopeKind": "class"}, {"_type": "tag", "name": "m_FileName", "path": "/home/kavia/workspace/code-generation/app-gateway2/dependencies/install/include/WPEFramework/core/Parser.h", "pattern": "/^\t\t\tOptionalType<TextFragment> m_FileName;$/", "language": "C++", "typeref": "typename:OptionalType<TextFragment>", "kind": "member", "scope": "WPEFramework::Core::PathParser", "scopeKind": "class"}, {"_type": "tag", "name": "m_Path", "path": "/home/kavia/workspace/code-generation/app-gateway2/dependencies/install/include/WPEFramework/core/Parser.h", "pattern": "/^\t\t\tOptionalType<TextFragment> m_Path;$/", "language": "C++", "typeref": "typename:OptionalType<TextFragment>", "kind": "member", "scope": "WPEFramework::Core::PathParser", "scopeKind": "class"}], "hash": "2ebbaa74ece97548b44e60930caf63c4", "format-version": 4, "code-base-name": "app-gateway2", "filename": "dependencies/install/include/WPEFramework/core/Parser.h", "fields": [{"name": "string _buffer", "scope": "WPEFramework::Core::ParserType", "scopeKind": "class", "description": "unavailable"}, {"name": "uint32_t _byteCounter", "scope": "WPEFramework::Core::ParserType", "scopeKind": "class", "description": "unavailable"}, {"name": "HANDLER & _parent", "scope": "WPEFramework::Core::ParserType", "scopeKind": "class", "description": "unavailable"}, {"name": "TCHAR _splitChar", "scope": "WPEFramework::Core::ParserType", "scopeKind": "class", "description": "unavailable"}, {"name": "uint16_t _state", "scope": "WPEFramework::Core::ParserType", "scopeKind": "class", "description": "unavailable"}, {"name": "TEXTTERMINATOR _terminator", "scope": "WPEFramework::Core::ParserType", "scopeKind": "class", "description": "unavailable"}, {"name": "OptionalType<TextFragment> m_BaseFileName", "scope": "WPEFramework::Core::PathParser", "scopeKind": "class", "description": "unavailable"}, {"name": "OptionalType<TCHAR> m_Drive", "scope": "WPEFramework::Core::PathParser", "scopeKind": "class", "description": "unavailable"}, {"name": "OptionalType<TextFragment> m_Extension", "scope": "WPEFramework::Core::PathParser", "scopeKind": "class", "description": "unavailable"}, {"name": "OptionalType<TextFragment> m_FileName", "scope": "WPEFramework::Core::PathParser", "scopeKind": "class", "description": "unavailable"}, {"name": "OptionalType<TextFragment> m_Path", "scope": "WPEFramework::Core::PathParser", "scopeKind": "class", "description": "unavailable"}], "revision_history": [{"17310": "0f87a35b32215bc8547fb583d6c84bd51f603f69"}]}