{"is_source_file": true, "format": "C++ header file", "description": "This is a header file for the JSON-RPC component within a web or network communication framework. It declares dependencies on various other modules such as URL handling, JSON Web Tokens, WebSocket connections, and WebRequest/Response handling, indicating it supports JSON-RPC-based remote procedure calls over web protocols.", "external_files": ["URL.h", "JSONWebToken.h", "JSONRPCLink.h", "WebLink.h", "WebRequest.h", "WebResponse.h", "WebSerializer.h", "WebSocketLink.h", "WebTransfer.h", "WebTransform.h"], "external_methods": [], "published": [], "classes": [], "methods": [], "calls": [], "search-terms": ["jsonrpc", "WebSocketLink", "WebRequest", "WebResponse", "WebSerializer", "JSONWebToken", "JSONRPCLink", "WebLink", "WebTransfer", "WebTransform"], "state": 2, "file_id": 8691, "knowledge_revision": 17396, "git_revision": "", "ctags": [], "hash": "8d437a580c1e219748257ebe097c0827", "format-version": 4, "code-base-name": "app-gateway2", "filename": "dependencies/install/include/WPEFramework/jsonrpc/jsonrpc.h", "revision_history": [{"17396": ""}]}