{"is_source_file": true, "format": "C++ header file", "description": "This file defines registration functions for the JMath interface in the WPEFramework exchange namespace. It registers two methods 'add' and 'sub' for the IMath interface, along with version info and registration handling.", "external_files": ["interfaces/IMath.h", "Module.h", "JsonData_Math.h"], "external_methods": ["Core::ERROR_NONE", "Core::JSON::DecUInt16", "ASSERT", "_module_.Register", "_module_.Unregister"], "published": ["JMath::Version", "JMath::Register", "JMath::Unregister"], "classes": [{"name": "Version", "description": "Namespace containing version information constants (Major, Minor, Patch)"}], "methods": [{"name": "Register", "description": "Registers the 'add' and 'sub' methods for the IMath implementation in the JSONRPC module"}, {"name": "void Unregister(JSONRPC & _module_)", "description": "Unregisters the 'add' and 'sub' methods from the JSONRPC module", "scope": "WPEFramework::Exchange::JMath", "scopeKind": "namespace"}, {"name": "PUSH_WARNING(DISABLE_WARNING_UNUSED_FUNCTIONS)", "scope": "WPEFramework::Exchange::JMath", "scopeKind": "namespace", "description": "unavailable"}, {"name": "uint32_t __anon37afe13e0102(const JsonData::Math::AddParamsInfo& params, Core::JSON::DecUInt16& sum)", "scope": "WPEFramework::Exchange::JMath::PUSH_WARNING", "scopeKind": "function", "description": "unavailable"}, {"name": "uint32_t __anon37afe13e0202(const JsonData::Math::AddParamsInfo& params, Core::JSON::DecUInt16& sum)", "scope": "WPEFramework::Exchange::JMath::PUSH_WARNING", "scopeKind": "function", "description": "unavailable"}], "calls": ["JSONRPC.Register", "JSONRPC.Unregister"], "search-terms": ["JMath registration", "IMath methods", "math interface registration", "add method registration", "sub method registration"], "state": 2, "file_id": 9026, "knowledge_revision": 18693, "git_revision": "a019ef1ecf9043a6387775f8d60762f619f4c761", "ctags": [{"_type": "tag", "name": "Exchange", "path": "/home/kavia/workspace/code-generation/app-gateway2/dependencies/build/ThunderInterfaces/definitions/generated/JMath.h", "pattern": "/^namespace Exchange {$/", "language": "C++", "kind": "namespace", "scope": "WPEFramework", "scopeKind": "namespace"}, {"_type": "tag", "name": "JMath", "path": "/home/kavia/workspace/code-generation/app-gateway2/dependencies/build/ThunderInterfaces/definitions/generated/JMath.h", "pattern": "/^    namespace JMath {$/", "language": "C++", "kind": "namespace", "scope": "WPEFramework::Exchange", "scopeKind": "namespace"}, {"_type": "tag", "name": "JSONRPC", "path": "/home/kavia/workspace/code-generation/app-gateway2/dependencies/build/ThunderInterfaces/definitions/generated/JMath.h", "pattern": "/^        using JSONRPC = PluginHost::JSONRPC;$/", "language": "C++", "typeref": "typename:PluginHost::JSONRPC", "kind": "typedef", "scope": "WPEFramework::Exchange::JMath", "scopeKind": "namespace"}, {"_type": "tag", "name": "Major", "path": "/home/kavia/workspace/code-generation/app-gateway2/dependencies/build/ThunderInterfaces/definitions/generated/JMath.h", "pattern": "/^            constexpr uint8_t Major = 1;$/", "language": "C++", "typeref": "typename:uint8_t", "kind": "variable", "scope": "WPEFramework::Exchange::JMath::Version", "scopeKind": "namespace"}, {"_type": "tag", "name": "Minor", "path": "/home/kavia/workspace/code-generation/app-gateway2/dependencies/build/ThunderInterfaces/definitions/generated/JMath.h", "pattern": "/^            constexpr uint8_t Minor = 0;$/", "language": "C++", "typeref": "typename:uint8_t", "kind": "variable", "scope": "WPEFramework::Exchange::JMath::Version", "scopeKind": "namespace"}, {"_type": "tag", "name": "PUSH_WARNING", "path": "/home/kavia/workspace/code-generation/app-gateway2/dependencies/build/ThunderInterfaces/definitions/generated/JMath.h", "pattern": "/^        PUSH_WARNING(DISABLE_WARNING_UNUSED_FUNCTIONS)$/", "language": "C++", "kind": "function", "signature": "(DISABLE_WARNING_UNUSED_FUNCTIONS)", "scope": "WPEFramework::Exchange::JMath", "scopeKind": "namespace"}, {"_type": "tag", "name": "Patch", "path": "/home/kavia/workspace/code-generation/app-gateway2/dependencies/build/ThunderInterfaces/definitions/generated/JMath.h", "pattern": "/^            constexpr uint8_t Patch = 0;$/", "language": "C++", "typeref": "typename:uint8_t", "kind": "variable", "scope": "WPEFramework::Exchange::JMath::Version", "scopeKind": "namespace"}, {"_type": "tag", "name": "Unregister", "path": "/home/kavia/workspace/code-generation/app-gateway2/dependencies/build/ThunderInterfaces/definitions/generated/JMath.h", "pattern": "/^        static void Unregister(JSONRPC& _module_)$/", "language": "C++", "typeref": "typename:void", "kind": "function", "signature": "(JSONRPC & _module_)", "scope": "WPEFramework::Exchange::JMath", "scopeKind": "namespace"}, {"_type": "tag", "name": "Version", "path": "/home/kavia/workspace/code-generation/app-gateway2/dependencies/build/ThunderInterfaces/definitions/generated/JMath.h", "pattern": "/^        namespace Version {$/", "language": "C++", "kind": "namespace", "scope": "WPEFramework::Exchange::JMath", "scopeKind": "namespace"}, {"_type": "tag", "name": "WPEFramework", "path": "/home/kavia/workspace/code-generation/app-gateway2/dependencies/build/ThunderInterfaces/definitions/generated/JMath.h", "pattern": "/^namespace WPEFramework {$/", "language": "C++", "kind": "namespace"}, {"_type": "tag", "name": "__anon37afe13e0102", "path": "/home/kavia/workspace/code-generation/app-gateway2/dependencies/build/ThunderInterfaces/definitions/generated/JMath.h", "pattern": "/^                [_impl_](const JsonData::Math::AddParamsInfo& params, Core::JSON::DecUInt16& sum/", "file": true, "language": "C++", "typeref": "typename:uint32_t", "kind": "function", "signature": "(const JsonData::Math::AddParamsInfo& params, Core::JSON::DecUInt16& sum) ", "scope": "WPEFramework::Exchange::JMath::PUSH_WARNING", "scopeKind": "function"}, {"_type": "tag", "name": "__anon37afe13e0202", "path": "/home/kavia/workspace/code-generation/app-gateway2/dependencies/build/ThunderInterfaces/definitions/generated/JMath.h", "pattern": "/^                [_impl_](const JsonData::Math::AddParamsInfo& params, Core::JSON::DecUInt16& sum/", "file": true, "language": "C++", "typeref": "typename:uint32_t", "kind": "function", "signature": "(const JsonData::Math::AddParamsInfo& params, Core::JSON::DecUInt16& sum) ", "scope": "WPEFramework::Exchange::JMath::PUSH_WARNING", "scopeKind": "function"}], "hash": "18de066e822606a79c81ec27ae1a4428", "format-version": 4, "code-base-name": "app-gateway2", "filename": "dependencies/build/ThunderInterfaces/definitions/generated/JMath.h", "fields": [{"name": "uint8_t Major", "scope": "WPEFramework::Exchange::JMath::Version", "scopeKind": "namespace", "description": "unavailable"}, {"name": "uint8_t Minor", "scope": "WPEFramework::Exchange::JMath::Version", "scopeKind": "namespace", "description": "unavailable"}, {"name": "uint8_t Patch", "scope": "WPEFramework::Exchange::JMath::Version", "scopeKind": "namespace", "description": "unavailable"}], "revision_history": [{"18693": "a019ef1ecf9043a6387775f8d60762f619f4c761"}]}