{"is_source_file": true, "format": "C++ header (.h)", "description": "This file defines interfaces for DRM (Digital Rights Management) in the WPEFramework, including classes for media keys, sessions, and properties, as well as related enums, constants, and utility classes. It is a core part of the DRM interface layer for media content protection.", "external_files": ["<stdint.h>", "<string>", "<type_traits>", "<typeinfo>", "<vector>", "interfaces/Portability.h"], "external_methods": ["std::string::assign", "typeid"], "published": ["class BufferReader", "class IStreamProperties", "class IMediaKeySessionCallback", "class IMediaKeySession", "class IMediaKeySessionExt", "class IMediaKeys", "class IMediaKeysExt", "struct IMediaSystemMetrics", "struct IMediaSessionMetrics", "struct ISystemFactory", "template SystemFactoryType"], "classes": [{"name": "BufferReader", "description": "A utility class for reading bytes and data structures from a byte buffer, supporting various read operations and stream navigation."}, {"name": "IStreamProperties", "description": "Interface providing metadata about media streams, such as size and type."}, {"name": "IMediaKeySessionCallback", "description": "Callback interface for media key session events, including key messages, errors, and status updates."}, {"name": "IMediaKeySession", "description": "Interface representing a media key session capable of loading, updating, closing, and decrypting media data."}, {"name": "IMediaKeySessionExt", "description": "Extended interface for media key sessions with additional ID and license management functions."}, {"name": "IMediaKeys", "description": "Interface for managing media keys and creating media key sessions."}, {"name": "IMediaKeysExt", "description": "Extended interface for media keys with additional DRM-related functionalities such as secure stop handling."}, {"name": "IMediaSystemMetrics", "description": "Interface for obtaining media system metrics."}, {"name": "IMediaSessionMetrics", "description": "Interface for obtaining media session metrics."}, {"name": "ISystemFactory", "description": "Factory interface for media key system instantiation and management."}, {"name": "SystemFactoryType", "description": "Template implementing the factory pattern for creating media key system instances with support for initialization and deinitialization."}], "methods": [{"name": "Read", "description": "Template method for reading multi-byte values from the buffer, handling byte order."}, {"name": "bool HasBytes(size_t count) const", "description": "Check if the buffer has enough bytes remaining.", "scope": "BufferReader", "scopeKind": "class"}, {"name": "bool IsEOF() const", "description": "Check if the stream pointer has reached the end of the buffer.", "scope": "BufferReader", "scopeKind": "class"}, {"name": "data", "description": "Access the raw data buffer."}, {"name": "size", "description": "Get the total size of the buffer."}, {"name": "pos", "description": "Get the current read position within the buffer."}, {"name": "Read1", "Read2": ", ", "Read2s": "Read multi-byte integers with specific sizes.", "description": "Methods to read specific sizes of integers from the buffer, considering endian order."}, {"name": "ReadString", "description": "Read a string of specified length from the buffer."}, {"name": "ReadVec", "description": "Read a vector of bytes of specified length."}, {"name": "Read4Into8", "description": "Read a 4-byte unsigned integer and store it in a 64-bit variable."}, {"name": "Read4sInto8s", "description": "Read a 4-byte signed integer and store it in a 64-bit signed variable."}, {"name": "SkipBytes", "description": "Advance the read position by a specified number of bytes."}, {"name": "BufferReader(const uint8_t * buf,size_t size)", "scope": "BufferReader", "scopeKind": "class", "description": "unavailable"}, {"name": "DEPRECATED CDMi_RESULT Decrypt(const uint8_t * f_pbSessionKey VARIABLE_IS_NOT_USED,uint32_t f_cbSessionKey VARIABLE_IS_NOT_USED,const EncryptionScheme encryptionScheme VARIABLE_IS_NOT_USED,const EncryptionPattern & pattern VARIABLE_IS_NOT_USED,const uint8_t * f_pbIV VARIABLE_IS_NOT_USED,uint32_t f_cbIV VARIABLE_IS_NOT_USED,uint8_t * f_pbData VARIABLE_IS_NOT_USED,uint32_t f_cbData VARIABLE_IS_NOT_USED,uint32_t * f_pcbOpaqueClearContent VARIABLE_IS_NOT_USED,uint8_t ** f_ppbOpaqueClearContent VARIABLE_IS_NOT_USED,const uint8_t keyIdLength VARIABLE_IS_NOT_USED,const uint8_t * keyId VARIABLE_IS_NOT_USED,bool initWithLast15 VARIABLE_IS_NOT_USED)", "scope": "CDMi::IMediaKeySession", "scopeKind": "class", "description": "unavailable"}, {"name": "CDMi_RESULT Decrypt(uint8_t * inData,const uint32_t inDataLength,uint8_t ** outData,uint32_t * outDataLength,const SampleInfo * sampleInfo,const IStreamProperties * properties)", "scope": "CDMi::IMediaKeySession", "scopeKind": "class", "description": "unavailable"}, {"name": "void Deinitialize(const WPEFramework::PluginHost::IShell * service,std::true_type)", "scope": "CDMi::SystemFactoryType", "scopeKind": "class", "description": "unavailable"}, {"name": "void Deinitialize(const WPEFramework::PluginHost::IShell * shell)", "scope": "CDMi::SystemFactoryType", "scopeKind": "class", "description": "unavailable"}, {"name": "void Deinitialize(const WPEFramework::PluginHost::IShell *,std::false_type)", "scope": "CDMi::SystemFactoryType", "scopeKind": "class", "description": "unavailable"}, {"name": "CDMi_RESULT Disable()", "scope": "CDMi::SystemFactoryType", "scopeKind": "class", "description": "unavailable"}, {"name": "CDMi_RESULT Disable(std::false_type)", "scope": "CDMi::SystemFactoryType", "scopeKind": "class", "description": "unavailable"}, {"name": "CDMi_RESULT Disable(std::true_type)", "scope": "CDMi::SystemFactoryType", "scopeKind": "class", "description": "unavailable"}, {"name": "CDMi_RESULT Enable()", "scope": "CDMi::SystemFactoryType", "scopeKind": "class", "description": "unavailable"}, {"name": "CDMi_RESULT Enable(std::false_type)", "scope": "CDMi::SystemFactoryType", "scopeKind": "class", "description": "unavailable"}, {"name": "CDMi_RESULT Enable(std::true_type)", "scope": "CDMi::SystemFactoryType", "scopeKind": "class", "description": "unavailable"}, {"name": "std::string GetMetadata() const", "scope": "CDMi::IMediaKeys", "scopeKind": "class", "description": "unavailable"}, {"name": "void Initialize(const WPEFramework::PluginHost::IShell * service,const std::string & configline,std::true_type)", "scope": "CDMi::SystemFactoryType", "scopeKind": "class", "description": "unavailable"}, {"name": "void Initialize(const WPEFramework::PluginHost::IShell * shell,const std::string & configline)", "scope": "CDMi::SystemFactoryType", "scopeKind": "class", "description": "unavailable"}, {"name": "void Initialize(const WPEFramework::PluginHost::IShell *,const std::string &,std::false_type)", "scope": "CDMi::SystemFactoryType", "scopeKind": "class", "description": "unavailable"}, {"name": "IMediaKeys * Instance()", "scope": "CDMi::SystemFactoryType", "scopeKind": "class", "description": "unavailable"}, {"name": "const char * KeySystem() const", "scope": "CDMi::SystemFactoryType", "scopeKind": "class", "description": "unavailable"}], "calls": ["Read", "HasBytes", "assign"], "search-terms": ["IDRM", "IMediaKeySession", "MediaKey", "SecureStop", "DRM", "Encryption", "Session", "Proxy", "License"], "state": 2, "file_id": 8349, "knowledge_revision": 17067, "git_revision": "0f87a35b32215bc8547fb583d6c84bd51f603f69", "ctags": [{"_type": "tag", "name": "ActiveDecryptionState", "path": "/home/kavia/workspace/code-generation/app-gateway2/dependencies/install/include/WPEFramework/interfaces/IDRM.h", "pattern": "/^    ActiveDecryptionState,$/", "language": "C++", "kind": "enumerator", "scope": "CDMi::__anonb31ca5960403", "scopeKind": "enum"}, {"_type": "tag", "name": "AesCbc_Cbc1", "path": "/home/kavia/workspace/code-generation/app-gateway2/dependencies/install/include/WPEFramework/interfaces/IDRM.h", "pattern": "/^    AesCbc_Cbc1,    \\/\\/ AES-CBC mode and Sub-Sample encryption$/", "language": "C++", "kind": "enumerator", "scope": "CDMi::__anonb31ca5960603", "scopeKind": "enum"}, {"_type": "tag", "name": "AesCbc_Cbcs", "path": "/home/kavia/workspace/code-generation/app-gateway2/dependencies/install/include/WPEFramework/interfaces/IDRM.h", "pattern": "/^    AesCbc_Cbcs     \\/\\/ AES-CBC mode and Sub-Sample + patterned encryption + Constant IV$/", "language": "C++", "kind": "enumerator", "scope": "CDMi::__anonb31ca5960603", "scopeKind": "enum"}, {"_type": "tag", "name": "AesCtr_Cenc", "path": "/home/kavia/workspace/code-generation/app-gateway2/dependencies/install/include/WPEFramework/interfaces/IDRM.h", "pattern": "/^    AesCtr_Cenc,    \\/\\/ AES-CTR mode and Sub-Sample encryption$/", "language": "C++", "kind": "enumerator", "scope": "CDMi::__anonb31ca5960603", "scopeKind": "enum"}, {"_type": "tag", "name": "AesCtr_Cens", "path": "/home/kavia/workspace/code-generation/app-gateway2/dependencies/install/include/WPEFramework/interfaces/IDRM.h", "pattern": "/^    AesCtr_Cens,    \\/\\/ AES-CTR mode and Sub-Sample + patterned encryption$/", "language": "C++", "kind": "enumerator", "scope": "CDMi::__anonb31ca5960603", "scopeKind": "enum"}, {"_type": "tag", "name": "Audio", "path": "/home/kavia/workspace/code-generation/app-gateway2/dependencies/install/include/WPEFramework/interfaces/IDRM.h", "pattern": "/^    Audio,$/", "language": "C++", "kind": "enumerator", "scope": "CDMi::__anonb31ca5960503", "scopeKind": "enum"}, {"_type": "tag", "name": "BufferReader", "path": "/home/kavia/workspace/code-generation/app-gateway2/dependencies/install/include/WPEFramework/interfaces/IDRM.h", "pattern": "/^    inline BufferReader(const uint8_t* buf, size_t size)$/", "language": "C++", "kind": "function", "signature": "(const uint8_t * buf,size_t size)", "scope": "BufferReader", "scopeKind": "class"}, {"_type": "tag", "name": "BufferReader", "path": "/home/kavia/workspace/code-generation/app-gateway2/dependencies/install/include/WPEFramework/interfaces/IDRM.h", "pattern": "/^class BufferReader {$/", "language": "C++", "kind": "class"}, {"_type": "tag", "name": "CDMi", "path": "/home/kavia/workspace/code-generation/app-gateway2/dependencies/install/include/WPEFramework/interfaces/IDRM.h", "pattern": "/^namespace CDMi {$/", "language": "C++", "kind": "namespace"}, {"_type": "tag", "name": "CDMi_BUFFER_TOO_SMALL", "path": "/home/kavia/workspace/code-generation/app-gateway2/dependencies/install/include/WPEFramework/interfaces/IDRM.h", "pattern": "/^    CDMi_BUFFER_TOO_SMALL = 4,$/", "language": "C++", "kind": "enumerator", "scope": "CDMi::__anonb31ca5960103", "scopeKind": "enum"}, {"_type": "tag", "name": "CDMi_BUSY_CANNOT_INITIALIZE", "path": "/home/kavia/workspace/code-generation/app-gateway2/dependencies/install/include/WPEFramework/interfaces/IDRM.h", "pattern": "/^    CDMi_BUSY_CANNOT_INITIALIZE = 0x8004DD00,$/", "language": "C++", "kind": "enumerator", "scope": "CDMi::__anonb31ca5960103", "scopeKind": "enum"}, {"_type": "tag", "name": "CDMi_FAIL", "path": "/home/kavia/workspace/code-generation/app-gateway2/dependencies/install/include/WPEFramework/interfaces/IDRM.h", "pattern": "/^    CDMi_FAIL = 0x80004005,$/", "language": "C++", "kind": "enumerator", "scope": "CDMi::__anonb31ca5960103", "scopeKind": "enum"}, {"_type": "tag", "name": "CDMi_FAILED", "path": "/home/kavia/workspace/code-generation/app-gateway2/dependencies/install/include/WPEFramework/interfaces/IDRM.h", "pattern": "/^#define CDMi_FAILED(/", "language": "C++", "kind": "macro", "signature": "(Status)"}, {"_type": "tag", "name": "CDMi_INTERFACE_NOT_IMPLEMENTED", "path": "/home/kavia/workspace/code-generation/app-gateway2/dependencies/install/include/WPEFramework/interfaces/IDRM.h", "pattern": "/^    CDMi_INTERFACE_NOT_IMPLEMENTED = 3,$/", "language": "C++", "kind": "enumerator", "scope": "CDMi::__anonb31ca5960103", "scopeKind": "enum"}, {"_type": "tag", "name": "CDMi_INVALID_ACCESSOR", "path": "/home/kavia/workspace/code-generation/app-gateway2/dependencies/install/include/WPEFramework/interfaces/IDRM.h", "pattern": "/^    CDMi_INVALID_ACCESSOR = 0x80000001,$/", "language": "C++", "kind": "enumerator", "scope": "CDMi::__anonb31ca5960103", "scopeKind": "enum"}, {"_type": "tag", "name": "CDMi_INVALID_ARG", "path": "/home/kavia/workspace/code-generation/app-gateway2/dependencies/install/include/WPEFramework/interfaces/IDRM.h", "pattern": "/^    CDMi_INVALID_ARG = 0x80070057,$/", "language": "C++", "kind": "enumerator", "scope": "CDMi::__anonb31ca5960103", "scopeKind": "enum"}, {"_type": "tag", "name": "CDMi_INVALID_DECRYPT_BUFFER", "path": "/home/kavia/workspace/code-generation/app-gateway2/dependencies/install/include/WPEFramework/interfaces/IDRM.h", "pattern": "/^    CDMi_INVALID_DECRYPT_BUFFER = 0x80000004,$/", "language": "C++", "kind": "enumerator", "scope": "CDMi::__anonb31ca5960103", "scopeKind": "enum"}, {"_type": "tag", "name": "CDMi_INVALID_SESSION", "path": "/home/kavia/workspace/code-generation/app-gateway2/dependencies/install/include/WPEFramework/interfaces/IDRM.h", "pattern": "/^    CDMi_INVALID_SESSION = 0x80000003,$/", "language": "C++", "kind": "enumerator", "scope": "CDMi::__anonb31ca5960103", "scopeKind": "enum"}, {"_type": "tag", "name": "CDMi_KEYSYSTEM_NOT_SUPPORTED", "path": "/home/kavia/workspace/code-generation/app-gateway2/dependencies/install/include/WPEFramework/interfaces/IDRM.h", "pattern": "/^    CDMi_KEYSYSTEM_NOT_SUPPORTED = 0x80000002,$/", "language": "C++", "kind": "enumerator", "scope": "CDMi::__anonb31ca5960103", "scopeKind": "enum"}, {"_type": "tag", "name": "CDMi_METHOD_NOT_IMPLEMENTED", "path": "/home/kavia/workspace/code-generation/app-gateway2/dependencies/install/include/WPEFramework/interfaces/IDRM.h", "pattern": "/^    CDMi_METHOD_NOT_IMPLEMENTED = 0x80000006,$/", "language": "C++", "kind": "enumerator", "scope": "CDMi::__anonb31ca5960103", "scopeKind": "enum"}, {"_type": "tag", "name": "CDMi_MORE_DATA_AVAILABLE", "path": "/home/kavia/workspace/code-generation/app-gateway2/dependencies/install/include/WPEFramework/interfaces/IDRM.h", "pattern": "/^    CDMi_MORE_DATA_AVAILABLE = 2,$/", "language": "C++", "kind": "enumerator", "scope": "CDMi::__anonb31ca5960103", "scopeKind": "enum"}, {"_type": "tag", "name": "CDMi_OUT_OF_MEMORY", "path": "/home/kavia/workspace/code-generation/app-gateway2/dependencies/install/include/WPEFramework/interfaces/IDRM.h", "pattern": "/^    CDMi_OUT_OF_MEMORY = 0x80000005,$/", "language": "C++", "kind": "enumerator", "scope": "CDMi::__anonb31ca5960103", "scopeKind": "enum"}, {"_type": "tag", "name": "CDMi_RESULT", "path": "/home/kavia/workspace/code-generation/app-gateway2/dependencies/install/include/WPEFramework/interfaces/IDRM.h", "pattern": "/^} CDMi_RESULT;$/", "language": "C++", "typeref": "enum:CDMi::__anonb31ca5960103", "kind": "typedef", "scope": "CDMi", "scopeKind": "namespace"}, {"_type": "tag", "name": "CDMi_SERVER_INTERNAL_ERROR", "path": "/home/kavia/workspace/code-generation/app-gateway2/dependencies/install/include/WPEFramework/interfaces/IDRM.h", "pattern": "/^    CDMi_SERVER_INTERNAL_ERROR = 0x8004C600,$/", "language": "C++", "kind": "enumerator", "scope": "CDMi::__anonb31ca5960103", "scopeKind": "enum"}, {"_type": "tag", "name": "CDMi_SERVER_INVALID_MESSAGE", "path": "/home/kavia/workspace/code-generation/app-gateway2/dependencies/install/include/WPEFramework/interfaces/IDRM.h", "pattern": "/^    CDMi_SERVER_INVALID_MESSAGE = 0x8004C601,$/", "language": "C++", "kind": "enumerator", "scope": "CDMi::__anonb31ca5960103", "scopeKind": "enum"}, {"_type": "tag", "name": "CDMi_SERVER_SERVICE_SPECIFIC", "path": "/home/kavia/workspace/code-generation/app-gateway2/dependencies/install/include/WPEFramework/interfaces/IDRM.h", "pattern": "/^    CDMi_SERVER_SERVICE_SPECIFIC = 0x8004C604,$/", "language": "C++", "kind": "enumerator", "scope": "CDMi::__anonb31ca5960103", "scopeKind": "enum"}, {"_type": "tag", "name": "CDMi_SUCCEEDED", "path": "/home/kavia/workspace/code-generation/app-gateway2/dependencies/install/include/WPEFramework/interfaces/IDRM.h", "pattern": "/^#define CDMi_SUCCEEDED(/", "language": "C++", "kind": "macro", "signature": "(Status)"}, {"_type": "tag", "name": "CDMi_SUCCESS", "path": "/home/kavia/workspace/code-generation/app-gateway2/dependencies/install/include/WPEFramework/interfaces/IDRM.h", "pattern": "/^    CDMi_SUCCESS = 0,$/", "language": "C++", "kind": "enumerator", "scope": "CDMi::__anonb31ca5960103", "scopeKind": "enum"}, {"_type": "tag", "name": "CDMi_S_FALSE", "path": "/home/kavia/workspace/code-generation/app-gateway2/dependencies/install/include/WPEFramework/interfaces/IDRM.h", "pattern": "/^    CDMi_S_FALSE = 1,$/", "language": "C++", "kind": "enumerator", "scope": "CDMi::__anonb31ca5960103", "scopeKind": "enum"}, {"_type": "tag", "name": "Clear", "path": "/home/kavia/workspace/code-generation/app-gateway2/dependencies/install/include/WPEFramework/interfaces/IDRM.h", "pattern": "/^    Clear = 0,$/", "language": "C++", "kind": "enumerator", "scope": "CDMi::__anonb31ca5960603", "scopeKind": "enum"}, {"_type": "tag", "name": "Data", "path": "/home/kavia/workspace/code-generation/app-gateway2/dependencies/install/include/WPEFramework/interfaces/IDRM.h", "pattern": "/^    Data$/", "language": "C++", "kind": "enumerator", "scope": "CDMi::__anonb31ca5960503", "scopeKind": "enum"}, {"_type": "tag", "name": "Decrypt", "path": "/home/kavia/workspace/code-generation/app-gateway2/dependencies/install/include/WPEFramework/interfaces/IDRM.h", "pattern": "/^    DEPRECATED virtual CDMi_RESULT Decrypt($/", "language": "C++", "typeref": "typename:DEPRECATED CDMi_RESULT", "kind": "function", "signature": "(const uint8_t * f_pbSessionKey VARIABLE_IS_NOT_USED,uint32_t f_cbSessionKey VARIABLE_IS_NOT_USED,const EncryptionScheme encryptionScheme VARIABLE_IS_NOT_USED,const EncryptionPattern & pattern VARIABLE_IS_NOT_USED,const uint8_t * f_pbIV VARIABLE_IS_NOT_USED,uint32_t f_cbIV VARIABLE_IS_NOT_USED,uint8_t * f_pbData VARIABLE_IS_NOT_USED,uint32_t f_cbData VARIABLE_IS_NOT_USED,uint32_t * f_pcbOpaqueClearContent VARIABLE_IS_NOT_USED,uint8_t ** f_ppbOpaqueClearContent VARIABLE_IS_NOT_USED,const uint8_t keyIdLength VARIABLE_IS_NOT_USED,const uint8_t * keyId VARIABLE_IS_NOT_USED,bool initWithLast15 VARIABLE_IS_NOT_USED)", "scope": "CDMi::IMediaKeySession", "scopeKind": "class"}, {"_type": "tag", "name": "Decrypt", "path": "/home/kavia/workspace/code-generation/app-gateway2/dependencies/install/include/WPEFramework/interfaces/IDRM.h", "pattern": "/^    virtual CDMi_RESULT Decrypt($/", "language": "C++", "typeref": "typename:CDMi_RESULT", "kind": "function", "signature": "(uint8_t * inData,const uint32_t inDataLength,uint8_t ** outData,uint32_t * outDataLength,const SampleInfo * sampleInfo,const IStreamProperties * properties)", "scope": "CDMi::IMediaKeySession", "scopeKind": "class"}, {"_type": "tag", "name": "Deinitialize", "path": "/home/kavia/workspace/code-generation/app-gateway2/dependencies/install/include/WPEFramework/interfaces/IDRM.h", "pattern": "/^    void Deinitialize(const WPEFramework::PluginHost::IShell * service, std::true_type) {$/", "language": "C++", "typeref": "typename:void", "kind": "function", "signature": "(const WPEFramework::PluginHost::IShell * service,std::true_type)", "scope": "CDMi::SystemFactoryType", "scopeKind": "class"}, {"_type": "tag", "name": "Deinitialize", "path": "/home/kavia/workspace/code-generation/app-gateway2/dependencies/install/include/WPEFramework/interfaces/IDRM.h", "pattern": "/^    void Deinitialize(const WPEFramework::PluginHost::IShell * shell) override$/", "language": "C++", "typeref": "typename:void", "kind": "function", "signature": "(const WPEFramework::PluginHost::IShell * shell)", "scope": "CDMi::SystemFactoryType", "scopeKind": "class"}, {"_type": "tag", "name": "Deinitialize", "path": "/home/kavia/workspace/code-generation/app-gateway2/dependencies/install/include/WPEFramework/interfaces/IDRM.h", "pattern": "/^    void Deinitialize(const WPEFramework::PluginHost::IShell *, std::false_type) {$/", "language": "C++", "typeref": "typename:void", "kind": "function", "signature": "(const WPEFramework::PluginHost::IShell *,std::false_type)", "scope": "CDMi::SystemFactoryType", "scopeKind": "class"}, {"_type": "tag", "name": "Disable", "path": "/home/kavia/workspace/code-generation/app-gateway2/dependencies/install/include/WPEFramework/interfaces/IDRM.h", "pattern": "/^    CDMi_RESULT Disable() override$/", "language": "C++", "typeref": "typename:CDMi_RESULT", "kind": "function", "signature": "()", "scope": "CDMi::SystemFactoryType", "scopeKind": "class"}, {"_type": "tag", "name": "Disable", "path": "/home/kavia/workspace/code-generation/app-gateway2/dependencies/install/include/WPEFramework/interfaces/IDRM.h", "pattern": "/^    CDMi_RESULT Disable(std::false_type) {$/", "language": "C++", "typeref": "typename:CDMi_RESULT", "kind": "function", "signature": "(std::false_type)", "scope": "CDMi::SystemFactoryType", "scopeKind": "class"}, {"_type": "tag", "name": "Disable", "path": "/home/kavia/workspace/code-generation/app-gateway2/dependencies/install/include/WPEFramework/interfaces/IDRM.h", "pattern": "/^    CDMi_RESULT Disable(std::true_type) {$/", "language": "C++", "typeref": "typename:CDMi_RESULT", "kind": "function", "signature": "(std::true_type)", "scope": "CDMi::SystemFactoryType", "scopeKind": "class"}, {"_type": "tag", "name": "Enable", "path": "/home/kavia/workspace/code-generation/app-gateway2/dependencies/install/include/WPEFramework/interfaces/IDRM.h", "pattern": "/^    CDMi_RESULT Enable() override$/", "language": "C++", "typeref": "typename:CDMi_RESULT", "kind": "function", "signature": "()", "scope": "CDMi::SystemFactoryType", "scopeKind": "class"}, {"_type": "tag", "name": "Enable", "path": "/home/kavia/workspace/code-generation/app-gateway2/dependencies/install/include/WPEFramework/interfaces/IDRM.h", "pattern": "/^    CDMi_RESULT Enable(std::false_type) {$/", "language": "C++", "typeref": "typename:CDMi_RESULT", "kind": "function", "signature": "(std::false_type)", "scope": "CDMi::SystemFactoryType", "scopeKind": "class"}, {"_type": "tag", "name": "Enable", "path": "/home/kavia/workspace/code-generation/app-gateway2/dependencies/install/include/WPEFramework/interfaces/IDRM.h", "pattern": "/^    CDMi_RESULT Enable(std::true_type) {$/", "language": "C++", "typeref": "typename:CDMi_RESULT", "kind": "function", "signature": "(std::true_type)", "scope": "CDMi::SystemFactoryType", "scopeKind": "class"}, {"_type": "tag", "name": "EncryptionPattern", "path": "/home/kavia/workspace/code-generation/app-gateway2/dependencies/install/include/WPEFramework/interfaces/IDRM.h", "pattern": "/^} EncryptionPattern;$/", "language": "C++", "typeref": "struct:CDMi::__anonb31ca5960708", "kind": "typedef", "scope": "CDMi", "scopeKind": "namespace"}, {"_type": "tag", "name": "EncryptionScheme", "path": "/home/kavia/workspace/code-generation/app-gateway2/dependencies/install/include/WPEFramework/interfaces/IDRM.h", "pattern": "/^} EncryptionScheme;$/", "language": "C++", "typeref": "enum:CDMi::__anonb31ca5960603", "kind": "typedef", "scope": "CDMi", "scopeKind": "namespace"}, {"_type": "tag", "name": "GetMetadata", "path": "/home/kavia/workspace/code-generation/app-gateway2/dependencies/install/include/WPEFramework/interfaces/IDRM.h", "pattern": "/^    virtual std::string GetMetadata() const { return std::string(); }$/", "language": "C++", "typeref": "typename:std::string", "kind": "function", "signature": "() const", "scope": "CDMi::IMediaKeySession", "scopeKind": "class"}, {"_type": "tag", "name": "GetMetadata", "path": "/home/kavia/workspace/code-generation/app-gateway2/dependencies/install/include/WPEFramework/interfaces/IDRM.h", "pattern": "/^    virtual std::string GetMetadata() const { return std::string(); }$/", "language": "C++", "typeref": "typename:std::string", "kind": "function", "signature": "() const", "scope": "CDMi::IMediaKeys", "scopeKind": "class"}, {"_type": "tag", "name": "Has", "path": "/home/kavia/workspace/code-generation/app-gateway2/dependencies/install/include/WPEFramework/interfaces/IDRM.h", "pattern": "/^        static const bool Has = sizeof(Test<T>(0)) == sizeof(uint8_t);$/", "language": "C++", "typeref": "typename:const bool", "kind": "member", "scope": "CDMi::SystemFactoryType::HasDisable", "scopeKind": "struct"}, {"_type": "tag", "name": "Has", "path": "/home/kavia/workspace/code-generation/app-gateway2/dependencies/install/include/WPEFramework/interfaces/IDRM.h", "pattern": "/^        static const bool Has = sizeof(Test<T>(0)) == sizeof(uint8_t);$/", "language": "C++", "typeref": "typename:const bool", "kind": "member", "scope": "CDMi::SystemFactoryType::HasEnable", "scopeKind": "struct"}, {"_type": "tag", "name": "Has", "path": "/home/kavia/workspace/code-generation/app-gateway2/dependencies/install/include/WPEFramework/interfaces/IDRM.h", "pattern": "/^        static const bool Has = sizeof(Test<T>(0)) == sizeof(uint8_t);$/", "language": "C++", "typeref": "typename:const bool", "kind": "member", "scope": "CDMi::SystemFactoryType::HasOnShellAndSystemDeinitialize", "scopeKind": "struct"}, {"_type": "tag", "name": "Has", "path": "/home/kavia/workspace/code-generation/app-gateway2/dependencies/install/include/WPEFramework/interfaces/IDRM.h", "pattern": "/^        static const bool Has = sizeof(Test<T>(0)) == sizeof(uint8_t);$/", "language": "C++", "typeref": "typename:const bool", "kind": "member", "scope": "CDMi::SystemFactoryType::HasOnShellAndSystemInitialize", "scopeKind": "struct"}, {"_type": "tag", "name": "HasBytes", "path": "/home/kavia/workspace/code-generation/app-gateway2/dependencies/install/include/WPEFramework/interfaces/IDRM.h", "pattern": "/^    inline bool HasBytes(size_t count) const { return pos_ + count <= size_; }$/", "language": "C++", "typeref": "typename:bool", "kind": "function", "signature": "(size_t count) const", "scope": "BufferReader", "scopeKind": "class"}, {"_type": "tag", "name": "HasDisable", "path": "/home/kavia/workspace/code-generation/app-gateway2/dependencies/install/include/WPEFramework/interfaces/IDRM.h", "pattern": "/^    struct HasDisable{$/", "language": "C++", "kind": "struct", "scope": "CDMi::SystemFactoryType", "scopeKind": "class"}, {"_type": "tag", "name": "HasEnable", "path": "/home/kavia/workspace/code-generation/app-gateway2/dependencies/install/include/WPEFramework/interfaces/IDRM.h", "pattern": "/^    struct HasEnable{$/", "language": "C++", "kind": "struct", "scope": "CDMi::SystemFactoryType", "scopeKind": "class"}, {"_type": "tag", "name": "HasOnShellAndSystemDeinitialize", "path": "/home/kavia/workspace/code-generation/app-gateway2/dependencies/install/include/WPEFramework/interfaces/IDRM.h", "pattern": "/^    struct HasOnShellAndSystemDeinitialize {$/", "language": "C++", "kind": "struct", "scope": "CDMi::SystemFactoryType", "scopeKind": "class"}, {"_type": "tag", "name": "HasOnShellAndSystemInitialize", "path": "/home/kavia/workspace/code-generation/app-gateway2/dependencies/install/include/WPEFramework/interfaces/IDRM.h", "pattern": "/^    struct HasOnShellAndSystemInitialize {$/", "language": "C++", "kind": "struct", "scope": "CDMi::SystemFactoryType", "scopeKind": "class"}, {"_type": "tag", "name": "IMediaKeySession", "path": "/home/kavia/workspace/code-generation/app-gateway2/dependencies/install/include/WPEFramework/interfaces/IDRM.h", "pattern": "/^class IMediaKeySession {$/", "language": "C++", "kind": "class", "scope": "CDMi", "scopeKind": "namespace"}, {"_type": "tag", "name": "IMediaKeySessionCallback", "path": "/home/kavia/workspace/code-generation/app-gateway2/dependencies/install/include/WPEFramework/interfaces/IDRM.h", "pattern": "/^class IMediaKeySessionCallback {$/", "language": "C++", "kind": "class", "scope": "CDMi", "scopeKind": "namespace"}, {"_type": "tag", "name": "IMediaKeySessionExt", "path": "/home/kavia/workspace/code-generation/app-gateway2/dependencies/install/include/WPEFramework/interfaces/IDRM.h", "pattern": "/^class IMediaKeySessionExt {$/", "language": "C++", "kind": "class", "scope": "CDMi", "scopeKind": "namespace"}, {"_type": "tag", "name": "IMediaKeys", "path": "/home/kavia/workspace/code-generation/app-gateway2/dependencies/install/include/WPEFramework/interfaces/IDRM.h", "pattern": "/^class IMediaKeys {$/", "language": "C++", "kind": "class", "scope": "CDMi", "scopeKind": "namespace"}, {"_type": "tag", "name": "IMediaKeysExt", "path": "/home/kavia/workspace/code-generation/app-gateway2/dependencies/install/include/WPEFramework/interfaces/IDRM.h", "pattern": "/^class IMediaKeysExt {$/", "language": "C++", "kind": "class", "scope": "CDMi", "scopeKind": "namespace"}, {"_type": "tag", "name": "IMediaSessionMetrics", "path": "/home/kavia/workspace/code-generation/app-gateway2/dependencies/install/include/WPEFramework/interfaces/IDRM.h", "pattern": "/^struct IMediaSessionMetrics {$/", "language": "C++", "kind": "struct", "scope": "CDMi", "scopeKind": "namespace"}, {"_type": "tag", "name": "IMediaSystemMetrics", "path": "/home/kavia/workspace/code-generation/app-gateway2/dependencies/install/include/WPEFramework/interfaces/IDRM.h", "pattern": "/^struct IMediaSystemMetrics {$/", "language": "C++", "kind": "struct", "scope": "CDMi", "scopeKind": "namespace"}, {"_type": "tag", "name": "IStreamProperties", "path": "/home/kavia/workspace/code-generation/app-gateway2/dependencies/install/include/WPEFramework/interfaces/IDRM.h", "pattern": "/^class IStreamProperties {$/", "language": "C++", "kind": "class", "scope": "CDMi", "scopeKind": "namespace"}, {"_type": "tag", "name": "ISystemFactory", "path": "/home/kavia/workspace/code-generation/app-gateway2/dependencies/install/include/WPEFramework/interfaces/IDRM.h", "pattern": "/^struct ISystemFactory {$/", "language": "C++", "kind": "struct", "scope": "CDMi", "scopeKind": "namespace"}, {"_type": "tag", "name": "InactiveDecryptionState", "path": "/home/kavia/workspace/code-generation/app-gateway2/dependencies/install/include/WPEFramework/interfaces/IDRM.h", "pattern": "/^    InactiveDecryptionState,$/", "language": "C++", "kind": "enumerator", "scope": "CDMi::__anonb31ca5960403", "scopeKind": "enum"}, {"_type": "tag", "name": "Initialize", "path": "/home/kavia/workspace/code-generation/app-gateway2/dependencies/install/include/WPEFramework/interfaces/IDRM.h", "pattern": "/^    void Initialize(const WPEFramework::PluginHost::IShell * service, const std::string& configl/", "language": "C++", "typeref": "typename:void", "kind": "function", "signature": "(const WPEFramework::PluginHost::IShell * service,const std::string & configline,std::true_type)", "scope": "CDMi::SystemFactoryType", "scopeKind": "class"}, {"_type": "tag", "name": "Initialize", "path": "/home/kavia/workspace/code-generation/app-gateway2/dependencies/install/include/WPEFramework/interfaces/IDRM.h", "pattern": "/^    void Initialize(const WPEFramework::PluginHost::IShell * shell, const std::string& configlin/", "language": "C++", "typeref": "typename:void", "kind": "function", "signature": "(const WPEFramework::PluginHost::IShell * shell,const std::string & configline)", "scope": "CDMi::SystemFactoryType", "scopeKind": "class"}, {"_type": "tag", "name": "Initialize", "path": "/home/kavia/workspace/code-generation/app-gateway2/dependencies/install/include/WPEFramework/interfaces/IDRM.h", "pattern": "/^    void Initialize(const WPEFramework::PluginHost::IShell *, const std::string&, std::false_typ/", "language": "C++", "typeref": "typename:void", "kind": "function", "signature": "(const WPEFramework::PluginHost::IShell *,const std::string &,std::false_type)", "scope": "CDMi::SystemFactoryType", "scopeKind": "class"}, {"_type": "tag", "name": "Instance", "path": "/home/kavia/workspace/code-generation/app-gateway2/dependencies/install/include/WPEFramework/interfaces/IDRM.h", "pattern": "/^    IMediaKeys* Instance() override$/", "language": "C++", "typeref": "typename:IMediaKeys *", "kind": "function", "signature": "()", "scope": "CDMi::SystemFactoryType", "scopeKind": "class"}, {"_type": "tag", "name": "Invalid", "path": "/home/kavia/workspace/code-generation/app-gateway2/dependencies/install/include/WPEFramework/interfaces/IDRM.h", "pattern": "/^    Invalid = 0,$/", "language": "C++", "kind": "enumerator", "scope": "CDMi::__anonb31ca5960303", "scopeKind": "enum"}, {"_type": "tag", "name": "InvalidState", "path": "/home/kavia/workspace/code-generation/app-gateway2/dependencies/install/include/WPEFramework/interfaces/IDRM.h", "pattern": "/^    InvalidState$/", "language": "C++", "kind": "enumerator", "scope": "CDMi::__anonb31ca5960403", "scopeKind": "enum"}, {"_type": "tag", "name": "IsEOF", "path": "/home/kavia/workspace/code-generation/app-gateway2/dependencies/install/include/WPEFramework/interfaces/IDRM.h", "pattern": "/^    inline bool IsEOF() const { return pos_ >= size_; }$/", "language": "C++", "typeref": "typename:bool", "kind": "function", "signature": "() const", "scope": "BufferReader", "scopeKind": "class"}, {"_type": "tag", "name": "KeySystem", "path": "/home/kavia/workspace/code-generation/app-gateway2/dependencies/install/include/WPEFramework/interfaces/IDRM.h", "pattern": "/^    const char* KeySystem() const override$/", "language": "C++", "typeref": "typename:const char *", "kind": "function", "signature": "() const", "scope": "CDMi::SystemFactoryType", "scopeKind": "class"}, {"_type": "tag", "name": "LicenseAcquisitionState", "path": "/home/kavia/workspace/code-generation/app-gateway2/dependencies/install/include/WPEFramework/interfaces/IDRM.h", "pattern": "/^    LicenseAcquisitionState = 0,$/", "language": "C++", "kind": "enumerator", "scope": "CDMi::__anonb31ca5960403", "scopeKind": "enum"}, {"_type": "tag", "name": "LicenseType", "path": "/home/kavia/workspace/code-generation/app-gateway2/dependencies/install/include/WPEFramework/interfaces/IDRM.h", "pattern": "/^} LicenseType;$/", "language": "C++", "typeref": "enum:CDMi::__anonb31ca5960203", "kind": "typedef", "scope": "CDMi", "scopeKind": "namespace"}, {"_type": "tag", "name": "LicenseTypeExt", "path": "/home/kavia/workspace/code-generation/app-gateway2/dependencies/install/include/WPEFramework/interfaces/IDRM.h", "pattern": "/^} LicenseTypeExt;$/", "language": "C++", "typeref": "enum:CDMi::__anonb31ca5960303", "kind": "typedef", "scope": "CDMi", "scopeKind": "namespace"}, {"_type": "tag", "name": "LimitedDuration", "path": "/home/kavia/workspace/code-generation/app-gateway2/dependencies/install/include/WPEFramework/interfaces/IDRM.h", "pattern": "/^    LimitedDuration,$/", "language": "C++", "kind": "enumerator", "scope": "CDMi::__anonb31ca5960303", "scopeKind": "enum"}, {"_type": "tag", "name": "MEDIA_KEYERR_CLIENT", "path": "/home/kavia/workspace/code-generation/app-gateway2/dependencies/install/include/WPEFramework/interfaces/IDRM.h", "pattern": "/^#define MEDIA_KEYERR_CLIENT /", "language": "C++", "kind": "macro"}, {"_type": "tag", "name": "MEDIA_KEYERR_DOMAIN", "path": "/home/kavia/workspace/code-generation/app-gateway2/dependencies/install/include/WPEFramework/interfaces/IDRM.h", "pattern": "/^#define MEDIA_KEYERR_DOMAIN /", "language": "C++", "kind": "macro"}, {"_type": "tag", "name": "MEDIA_KEYERR_HARDWARECHANGE", "path": "/home/kavia/workspace/code-generation/app-gateway2/dependencies/install/include/WPEFramework/interfaces/IDRM.h", "pattern": "/^#define MEDIA_KEYERR_HARDWARECHANGE /", "language": "C++", "kind": "macro"}, {"_type": "tag", "name": "MEDIA_KEYERR_OUTPUT", "path": "/home/kavia/workspace/code-generation/app-gateway2/dependencies/install/include/WPEFramework/interfaces/IDRM.h", "pattern": "/^#define MEDIA_KEYERR_OUTPUT /", "language": "C++", "kind": "macro"}, {"_type": "tag", "name": "MEDIA_KEYERR_SERVICE", "path": "/home/kavia/workspace/code-generation/app-gateway2/dependencies/install/include/WPEFramework/interfaces/IDRM.h", "pattern": "/^#define MEDIA_KEYERR_SERVICE /", "language": "C++", "kind": "macro"}, {"_type": "tag", "name": "MEDIA_KEYERR_UNKNOWN", "path": "/home/kavia/workspace/code-generation/app-gateway2/dependencies/install/include/WPEFramework/interfaces/IDRM.h", "pattern": "/^#define MEDIA_KEYERR_UNKNOWN /", "language": "C++", "kind": "macro"}, {"_type": "tag", "name": "MEDIA_KEY_STATUS_EXPIRED", "path": "/home/kavia/workspace/code-generation/app-gateway2/dependencies/install/include/WPEFramework/interfaces/IDRM.h", "pattern": "/^#define MEDIA_KEY_STATUS_EXPIRED /", "language": "C++", "kind": "macro"}, {"_type": "tag", "name": "MEDIA_KEY_STATUS_INTERNAL_ERROR", "path": "/home/kavia/workspace/code-generation/app-gateway2/dependencies/install/include/WPEFramework/interfaces/IDRM.h", "pattern": "/^#define MEDIA_KEY_STATUS_INTERNAL_ERROR /", "language": "C++", "kind": "macro"}, {"_type": "tag", "name": "MEDIA_KEY_STATUS_KEY_STATUS_MAX", "path": "/home/kavia/workspace/code-generation/app-gateway2/dependencies/install/include/WPEFramework/interfaces/IDRM.h", "pattern": "/^#define MEDIA_KEY_STATUS_KEY_STATUS_MAX /", "language": "C++", "kind": "macro"}, {"_type": "tag", "name": "MEDIA_KEY_STATUS_KEY_STATUS_PENDING", "path": "/home/kavia/workspace/code-generation/app-gateway2/dependencies/install/include/WPEFramework/interfaces/IDRM.h", "pattern": "/^#define MEDIA_KEY_STATUS_KEY_STATUS_PENDING /", "language": "C++", "kind": "macro"}, {"_type": "tag", "name": "MEDIA_KEY_STATUS_OUTPUT_DOWNSCALED", "path": "/home/kavia/workspace/code-generation/app-gateway2/dependencies/install/include/WPEFramework/interfaces/IDRM.h", "pattern": "/^#define MEDIA_KEY_STATUS_OUTPUT_DOWNSCALED /", "language": "C++", "kind": "macro"}], "hash": "235feb0a039a770f8ea16080a946ece0", "format-version": 4, "code-base-name": "app-gateway2", "filename": "dependencies/install/include/WPEFramework/interfaces/IDRM.h", "fields": [{"name": "const bool Has", "scope": "CDMi::SystemFactoryType::HasDisable", "scopeKind": "struct", "description": "unavailable"}], "revision_history": [{"17067": "0f87a35b32215bc8547fb583d6c84bd51f603f69"}]}