{"is_source_file": true, "format": "C++ header file", "description": "This file defines the interface and registration logic for the JBrowserCookieJar extension, providing functionality related to browser cookies, including the registration of properties and events within a JSON-RPC module.", "external_files": ["Module.h", "JsonData_BrowserCookieJar.h", "<interfaces/IBrowser.h>"], "external_methods": ["_module_.RegisterVersion", "_module_.Register", "_impl_->CookieJar", "_module_.Unregister", "_module_.Notify"], "published": ["cookiejarchanged"], "classes": [{"name": "Version", "description": "Namespace containing version information (Major, Minor, Patch) for the JBrowserCookieJar plugin."}], "methods": [{"name": "Register", "description": "Registers the JBrowserCookieJar methods and properties with the JSONRPC module."}, {"name": "void Unregister(JSONRPC & _module_)", "description": "Unregisters the JBrowserCookieJar methods and properties from the JSONRPC module.", "scope": "WPEFramework::Exchange::JBrowserCookieJar", "scopeKind": "namespace"}, {"name": "void CookieJarChanged(const JSONRPC & _module_)", "description": "Event notification function for when the cookie jar changes.", "scope": "WPEFramework::Exchange::JBrowserCookieJar::Event", "scopeKind": "namespace"}, {"name": "PUSH_WARNING(DISABLE_WARNING_UNUSED_FUNCTIONS)", "scope": "WPEFramework::Exchange::JBrowserCookieJar", "scopeKind": "namespace", "description": "unavailable"}, {"name": "uint32_t __anon13c965af0102(const JsonData::BrowserCookieJar::ConfigData& params, JsonData::BrowserCookieJar::ConfigData& result)", "scope": "WPEFramework::Exchange::JBrowserCookieJar::PUSH_WARNING", "scopeKind": "function", "description": "unavailable"}], "calls": ["_module_.RegisterVersion", "_module_.Register", "_impl_->CookieJar", "_module_.Unregister", "_module_.Notify"], "search-terms": ["JBrowserCookieJar", "cookiejar", "cookiejarchanged", "JsonData_BrowserCookieJar", "IBrowserCookieJar"], "state": 2, "file_id": 8848, "knowledge_revision": 18513, "git_revision": "a019ef1ecf9043a6387775f8d60762f619f4c761", "ctags": [{"_type": "tag", "name": "CookieJarChanged", "path": "/home/kavia/workspace/code-generation/app-gateway2/dependencies/build/ThunderInterfaces/definitions/generated/JBrowserCookieJar.h", "pattern": "/^            static void CookieJarChanged(const JSONRPC& _module_)$/", "language": "C++", "typeref": "typename:void", "kind": "function", "signature": "(const JSONRPC & _module_)", "scope": "WPEFramework::Exchange::JBrowserCookieJar::Event", "scopeKind": "namespace"}, {"_type": "tag", "name": "Event", "path": "/home/kavia/workspace/code-generation/app-gateway2/dependencies/build/ThunderInterfaces/definitions/generated/JBrowserCookieJar.h", "pattern": "/^        namespace Event {$/", "language": "C++", "kind": "namespace", "scope": "WPEFramework::Exchange::JBrowserCookieJar", "scopeKind": "namespace"}, {"_type": "tag", "name": "Exchange", "path": "/home/kavia/workspace/code-generation/app-gateway2/dependencies/build/ThunderInterfaces/definitions/generated/JBrowserCookieJar.h", "pattern": "/^namespace Exchange {$/", "language": "C++", "kind": "namespace", "scope": "WPEFramework", "scopeKind": "namespace"}, {"_type": "tag", "name": "JBrowserCookieJar", "path": "/home/kavia/workspace/code-generation/app-gateway2/dependencies/build/ThunderInterfaces/definitions/generated/JBrowserCookieJar.h", "pattern": "/^    namespace JBrowserCookieJar {$/", "language": "C++", "kind": "namespace", "scope": "WPEFramework::Exchange", "scopeKind": "namespace"}, {"_type": "tag", "name": "JSONRPC", "path": "/home/kavia/workspace/code-generation/app-gateway2/dependencies/build/ThunderInterfaces/definitions/generated/JBrowserCookieJar.h", "pattern": "/^        using JSONRPC = PluginHost::JSONRPC;$/", "language": "C++", "typeref": "typename:PluginHost::JSONRPC", "kind": "typedef", "scope": "WPEFramework::Exchange::JBrowserCookieJar", "scopeKind": "namespace"}, {"_type": "tag", "name": "Major", "path": "/home/kavia/workspace/code-generation/app-gateway2/dependencies/build/ThunderInterfaces/definitions/generated/JBrowserCookieJar.h", "pattern": "/^            constexpr uint8_t Major = 1;$/", "language": "C++", "typeref": "typename:uint8_t", "kind": "variable", "scope": "WPEFramework::Exchange::JBrowserCookieJar::Version", "scopeKind": "namespace"}, {"_type": "tag", "name": "Minor", "path": "/home/kavia/workspace/code-generation/app-gateway2/dependencies/build/ThunderInterfaces/definitions/generated/JBrowserCookieJar.h", "pattern": "/^            constexpr uint8_t Minor = 0;$/", "language": "C++", "typeref": "typename:uint8_t", "kind": "variable", "scope": "WPEFramework::Exchange::JBrowserCookieJar::Version", "scopeKind": "namespace"}, {"_type": "tag", "name": "PUSH_WARNING", "path": "/home/kavia/workspace/code-generation/app-gateway2/dependencies/build/ThunderInterfaces/definitions/generated/JBrowserCookieJar.h", "pattern": "/^        PUSH_WARNING(DISABLE_WARNING_UNUSED_FUNCTIONS)$/", "language": "C++", "kind": "function", "signature": "(DISABLE_WARNING_UNUSED_FUNCTIONS)", "scope": "WPEFramework::Exchange::JBrowserCookieJar", "scopeKind": "namespace"}, {"_type": "tag", "name": "Patch", "path": "/home/kavia/workspace/code-generation/app-gateway2/dependencies/build/ThunderInterfaces/definitions/generated/JBrowserCookieJar.h", "pattern": "/^            constexpr uint8_t Patch = 0;$/", "language": "C++", "typeref": "typename:uint8_t", "kind": "variable", "scope": "WPEFramework::Exchange::JBrowserCookieJar::Version", "scopeKind": "namespace"}, {"_type": "tag", "name": "Unregister", "path": "/home/kavia/workspace/code-generation/app-gateway2/dependencies/build/ThunderInterfaces/definitions/generated/JBrowserCookieJar.h", "pattern": "/^        static void Unregister(JSONRPC& _module_)$/", "language": "C++", "typeref": "typename:void", "kind": "function", "signature": "(JSONRPC & _module_)", "scope": "WPEFramework::Exchange::JBrowserCookieJar", "scopeKind": "namespace"}, {"_type": "tag", "name": "Version", "path": "/home/kavia/workspace/code-generation/app-gateway2/dependencies/build/ThunderInterfaces/definitions/generated/JBrowserCookieJar.h", "pattern": "/^        namespace Version {$/", "language": "C++", "kind": "namespace", "scope": "WPEFramework::Exchange::JBrowserCookieJar", "scopeKind": "namespace"}, {"_type": "tag", "name": "WPEFramework", "path": "/home/kavia/workspace/code-generation/app-gateway2/dependencies/build/ThunderInterfaces/definitions/generated/JBrowserCookieJar.h", "pattern": "/^namespace WPEFramework {$/", "language": "C++", "kind": "namespace"}, {"_type": "tag", "name": "__anon13c965af0102", "path": "/home/kavia/workspace/code-generation/app-gateway2/dependencies/build/ThunderInterfaces/definitions/generated/JBrowserCookieJar.h", "pattern": "/^                [_impl_](const JsonData::BrowserCookieJar::ConfigData& params, JsonData::Browser/", "file": true, "language": "C++", "typeref": "typename:uint32_t", "kind": "function", "signature": "(const JsonData::BrowserCookieJar::ConfigData& params, JsonData::BrowserCookieJar::ConfigData& result) ", "scope": "WPEFramework::Exchange::JBrowserCookieJar::PUSH_WARNING", "scopeKind": "function"}], "hash": "998676338337ee98e5add2fae34bf495", "format-version": 4, "code-base-name": "app-gateway2", "filename": "dependencies/build/ThunderInterfaces/definitions/generated/JBrowserCookieJar.h", "fields": [{"name": "uint8_t Major", "scope": "WPEFramework::Exchange::JBrowserCookieJar::Version", "scopeKind": "namespace", "description": "unavailable"}, {"name": "uint8_t Minor", "scope": "WPEFramework::Exchange::JBrowserCookieJar::Version", "scopeKind": "namespace", "description": "unavailable"}, {"name": "uint8_t Patch", "scope": "WPEFramework::Exchange::JBrowserCookieJar::Version", "scopeKind": "namespace", "description": "unavailable"}], "revision_history": [{"18513": "a019ef1ecf9043a6387775f8d60762f619f4c761"}]}