{"is_source_file": true, "format": "C++ header file", "description": "This file defines the interface ICompositionBuffer within the WPEFramework::Exchange namespace. It declares an abstract class with virtual methods related to handling composition buffers, including plane access, buffer properties, reference counting, and rendering operations.", "external_files": ["Module.h"], "external_methods": [], "published": ["WPEFramework::Exchange::ICompositionBuffer"], "classes": [{"name": "ICompositionBuffer", "description": "An interface representing a composition buffer with methods for accessing planes, buffer properties, reference counting, and rendering."}, {"name": "ICompositionBuffer::IPlane", "description": "An interface for planes within the composition buffer, providing accessors for buffer data, stride, and offset."}, {"name": "ICompositionBuffer::IIterator", "description": "An iterator interface for iterating over planes within the buffer."}], "methods": [{"name": "AddRef", "description": "Increments the reference count for the buffer."}, {"name": "Release", "description": "Decrements the reference count for the buffer."}, {"name": "Identifier", "description": "Returns an identifier for the buffer."}, {"name": "Planes", "description": "Returns an iterator over the planes in the buffer."}, {"name": "Completed", "description": "Signals that the buffer is done being used, with an indication of whether it's dirty."}, {"name": "Render", "description": "Marks the buffer for scanout."}, {"name": "Width", "description": "Returns the width of the buffer in pixels."}, {"name": "Height", "description": "Returns the height of the buffer in pixels."}, {"name": "Format", "description": "Returns the pixel format of the buffer."}, {"name": "Modifier", "description": "Returns the pixel arrangement modifier for hardware optimization."}, {"name": "Type", "description": "Returns the data type of the buffer (invalid, DMA, raw)."}], "calls": [], "search-terms": ["ICompositionBuffer", "IPlane", "IIterator", "Buffer", "Plane", "Scanout", "Modifier", "Format", "DMA", "Raw"], "state": 2, "file_id": 8352, "knowledge_revision": 17063, "git_revision": "0f87a35b32215bc8547fb583d6c84bd51f603f69", "ctags": [{"_type": "tag", "name": "DataType", "path": "/home/kavia/workspace/code-generation/app-gateway2/dependencies/install/include/WPEFramework/interfaces/ICompositionBuffer.h", "pattern": "/^        enum DataType : uint8_t {$/", "language": "C++", "typeref": "typename:uint8_t", "kind": "enum", "scope": "WPEFramework::Exchange::ICompositionBuffer", "scopeKind": "struct"}, {"_type": "tag", "name": "Exchange", "path": "/home/kavia/workspace/code-generation/app-gateway2/dependencies/install/include/WPEFramework/interfaces/ICompositionBuffer.h", "pattern": "/^namespace Exchange {$/", "language": "C++", "kind": "namespace", "scope": "WPEFramework", "scopeKind": "namespace"}, {"_type": "tag", "name": "ICompositionBuffer", "path": "/home/kavia/workspace/code-generation/app-gateway2/dependencies/install/include/WPEFramework/interfaces/ICompositionBuffer.h", "pattern": "/^    struct EXTERNAL ICompositionBuffer {$/", "language": "C++", "kind": "struct", "scope": "WPEFramework::Exchange", "scopeKind": "namespace"}, {"_type": "tag", "name": "IIterator", "path": "/home/kavia/workspace/code-generation/app-gateway2/dependencies/install/include/WPEFramework/interfaces/ICompositionBuffer.h", "pattern": "/^        struct IIterator {$/", "language": "C++", "kind": "struct", "scope": "WPEFramework::Exchange::ICompositionBuffer", "scopeKind": "struct"}, {"_type": "tag", "name": "IPlane", "path": "/home/kavia/workspace/code-generation/app-gateway2/dependencies/install/include/WPEFramework/interfaces/ICompositionBuffer.h", "pattern": "/^        struct IPlane {$/", "language": "C++", "kind": "struct", "scope": "WPEFramework::Exchange::ICompositionBuffer", "scopeKind": "struct"}, {"_type": "tag", "name": "TYPE_DMA", "path": "/home/kavia/workspace/code-generation/app-gateway2/dependencies/install/include/WPEFramework/interfaces/ICompositionBuffer.h", "pattern": "/^            TYPE_DMA = 0x01, \\/\\/ DMA buffer  $/", "language": "C++", "kind": "enumerator", "scope": "WPEFramework::Exchange::ICompositionBuffer::DataType", "scopeKind": "enum"}, {"_type": "tag", "name": "TYPE_INVALID", "path": "/home/kavia/workspace/code-generation/app-gateway2/dependencies/install/include/WPEFramework/interfaces/ICompositionBuffer.h", "pattern": "/^            TYPE_INVALID = 0x00, \\/\\/ Invalid buffer$/", "language": "C++", "kind": "enumerator", "scope": "WPEFramework::Exchange::ICompositionBuffer::DataType", "scopeKind": "enum"}, {"_type": "tag", "name": "TYPE_RAW", "path": "/home/kavia/workspace/code-generation/app-gateway2/dependencies/install/include/WPEFramework/interfaces/ICompositionBuffer.h", "pattern": "/^            TYPE_RAW = 0x02 \\/\\/ Raw buffer$/", "language": "C++", "kind": "enumerator", "scope": "WPEFramework::Exchange::ICompositionBuffer::DataType", "scopeKind": "enum"}, {"_type": "tag", "name": "WPEFramework", "path": "/home/kavia/workspace/code-generation/app-gateway2/dependencies/install/include/WPEFramework/interfaces/ICompositionBuffer.h", "pattern": "/^namespace WPEFramework {$/", "language": "C++", "kind": "namespace"}, {"_type": "tag", "name": "buffer_id", "path": "/home/kavia/workspace/code-generation/app-gateway2/dependencies/install/include/WPEFramework/interfaces/ICompositionBuffer.h", "pattern": "/^        using buffer_id = uintptr_t;$/", "language": "C++", "typeref": "typename:uintptr_t", "kind": "typedef", "scope": "WPEFramework::Exchange::ICompositionBuffer", "scopeKind": "struct"}], "hash": "146dadb486649120120d30df04e11573", "format-version": 4, "code-base-name": "app-gateway2", "filename": "dependencies/install/include/WPEFramework/interfaces/ICompositionBuffer.h", "revision_history": [{"17063": "0f87a35b32215bc8547fb583d6c84bd51f603f69"}]}