{"is_source_file": true, "format": "C++", "description": "This file declares enums and classes related to a Subsystem Control API using JSON-RPC, including data structures for subsystem activation parameters.", "external_files": ["<core/JSON.h>", "<core/Enumerate.h>"], "external_methods": [], "published": ["JsonData::SubsystemControl::SubsystemType", "JsonData::SubsystemControl::ActivateParamsData"], "classes": [{"name": "ActivateParamsData", "description": "A JSON container class encapsulating parameters for subsystem activation, including system type and configuration string."}], "methods": [{"name": "bool IsValid() const", "description": "Returns true (placeholder for actual validation logic).", "scope": "WPEFramework::JsonData::SubsystemControl::ActivateParamsData", "scopeKind": "class"}, {"name": "ActivateParamsData()", "scope": "WPEFramework::JsonData::SubsystemControl::ActivateParamsData", "scopeKind": "class", "description": "unavailable"}], "calls": [], "search-terms": ["SubsystemControl", "ActivateParamsData", "SubsystemType", "json", "JSON-RPC", "json data class", "subsystem activation"], "state": 2, "file_id": 8414, "knowledge_revision": 17128, "git_revision": "0f87a35b32215bc8547fb583d6c84bd51f603f69", "ctags": [{"_type": "tag", "name": "ActivateParamsData", "path": "/home/kavia/workspace/code-generation/app-gateway2/dependencies/install/include/WPEFramework/interfaces/json/JsonData_SubsystemControl.h", "pattern": "/^            ActivateParamsData()$/", "language": "C++", "kind": "function", "signature": "()", "scope": "WPEFramework::JsonData::SubsystemControl::ActivateParamsData", "scopeKind": "class"}, {"_type": "tag", "name": "ActivateParamsData", "path": "/home/kavia/workspace/code-generation/app-gateway2/dependencies/install/include/WPEFramework/interfaces/json/JsonData_SubsystemControl.h", "pattern": "/^        class ActivateParamsData : public Core::JSON::Container {$/", "language": "C++", "kind": "class", "scope": "WPEFramework::JsonData::SubsystemControl", "scopeKind": "namespace"}, {"_type": "tag", "name": "BLUETOOTH", "path": "/home/kavia/workspace/code-generation/app-gateway2/dependencies/install/include/WPEFramework/interfaces/json/JsonData_SubsystemControl.h", "pattern": "/^            BLUETOOTH,$/", "language": "C++", "kind": "enumerator", "scope": "WPEFramework::JsonData::SubsystemControl::SubsystemType", "scopeKind": "enum"}, {"_type": "tag", "name": "CRYPTOGRAPHY", "path": "/home/kavia/workspace/code-generation/app-gateway2/dependencies/install/include/WPEFramework/interfaces/json/JsonData_SubsystemControl.h", "pattern": "/^            CRYPTOGRAPHY,$/", "language": "C++", "kind": "enumerator", "scope": "WPEFramework::JsonData::SubsystemControl::SubsystemType", "scopeKind": "enum"}, {"_type": "tag", "name": "Configuration", "path": "/home/kavia/workspace/code-generation/app-gateway2/dependencies/install/include/WPEFramework/interfaces/json/JsonData_SubsystemControl.h", "pattern": "/^            Core::JSON::String Configuration; \\/\\/ A JSON string that holds the information appl/", "language": "C++", "typeref": "typename:Core::JSON::String", "kind": "member", "scope": "WPEFramework::JsonData::SubsystemControl::ActivateParamsData", "scopeKind": "class"}, {"_type": "tag", "name": "DECRYPTION", "path": "/home/kavia/workspace/code-generation/app-gateway2/dependencies/install/include/WPEFramework/interfaces/json/JsonData_SubsystemControl.h", "pattern": "/^            DECRYPTION,$/", "language": "C++", "kind": "enumerator", "scope": "WPEFramework::JsonData::SubsystemControl::SubsystemType", "scopeKind": "enum"}, {"_type": "tag", "name": "GRAPHICS", "path": "/home/kavia/workspace/code-generation/app-gateway2/dependencies/install/include/WPEFramework/interfaces/json/JsonData_SubsystemControl.h", "pattern": "/^            GRAPHICS,$/", "language": "C++", "kind": "enumerator", "scope": "WPEFramework::JsonData::SubsystemControl::SubsystemType", "scopeKind": "enum"}, {"_type": "tag", "name": "IDENTIFIER", "path": "/home/kavia/workspace/code-generation/app-gateway2/dependencies/install/include/WPEFramework/interfaces/json/JsonData_SubsystemControl.h", "pattern": "/^            IDENTIFIER,$/", "language": "C++", "kind": "enumerator", "scope": "WPEFramework::JsonData::SubsystemControl::SubsystemType", "scopeKind": "enum"}, {"_type": "tag", "name": "INSTALLATION", "path": "/home/kavia/workspace/code-generation/app-gateway2/dependencies/install/include/WPEFramework/interfaces/json/JsonData_SubsystemControl.h", "pattern": "/^            INSTALLATION$/", "language": "C++", "kind": "enumerator", "scope": "WPEFramework::JsonData::SubsystemControl::SubsystemType", "scopeKind": "enum"}, {"_type": "tag", "name": "INTERNET", "path": "/home/kavia/workspace/code-generation/app-gateway2/dependencies/install/include/WPEFramework/interfaces/json/JsonData_SubsystemControl.h", "pattern": "/^            INTERNET,$/", "language": "C++", "kind": "enumerator", "scope": "WPEFramework::JsonData::SubsystemControl::SubsystemType", "scopeKind": "enum"}, {"_type": "tag", "name": "IsValid", "path": "/home/kavia/workspace/code-generation/app-gateway2/dependencies/install/include/WPEFramework/interfaces/json/JsonData_SubsystemControl.h", "pattern": "/^            bool IsValid() const$/", "language": "C++", "typeref": "typename:bool", "kind": "function", "signature": "() const", "scope": "WPEFramework::JsonData::SubsystemControl::ActivateParamsData", "scopeKind": "class"}, {"_type": "tag", "name": "JsonData", "path": "/home/kavia/workspace/code-generation/app-gateway2/dependencies/install/include/WPEFramework/interfaces/json/JsonData_SubsystemControl.h", "pattern": "/^namespace JsonData {$/", "language": "C++", "kind": "namespace", "scope": "WPEFramework", "scopeKind": "namespace"}, {"_type": "tag", "name": "LOCATION", "path": "/home/kavia/workspace/code-generation/app-gateway2/dependencies/install/include/WPEFramework/interfaces/json/JsonData_SubsystemControl.h", "pattern": "/^            LOCATION,$/", "language": "C++", "kind": "enumerator", "scope": "WPEFramework::JsonData::SubsystemControl::SubsystemType", "scopeKind": "enum"}, {"_type": "tag", "name": "NETWORK", "path": "/home/kavia/workspace/code-generation/app-gateway2/dependencies/install/include/WPEFramework/interfaces/json/JsonData_SubsystemControl.h", "pattern": "/^            NETWORK,$/", "language": "C++", "kind": "enumerator", "scope": "WPEFramework::JsonData::SubsystemControl::SubsystemType", "scopeKind": "enum"}, {"_type": "tag", "name": "PLATFORM", "path": "/home/kavia/workspace/code-generation/app-gateway2/dependencies/install/include/WPEFramework/interfaces/json/JsonData_SubsystemControl.h", "pattern": "/^            PLATFORM,$/", "language": "C++", "kind": "enumerator", "scope": "WPEFramework::JsonData::SubsystemControl::SubsystemType", "scopeKind": "enum"}, {"_type": "tag", "name": "PROVISIONING", "path": "/home/kavia/workspace/code-generation/app-gateway2/dependencies/install/include/WPEFramework/interfaces/json/JsonData_SubsystemControl.h", "pattern": "/^            PROVISIONING,$/", "language": "C++", "kind": "enumerator", "scope": "WPEFramework::JsonData::SubsystemControl::SubsystemType", "scopeKind": "enum"}, {"_type": "tag", "name": "SECURITY", "path": "/home/kavia/workspace/code-generation/app-gateway2/dependencies/install/include/WPEFramework/interfaces/json/JsonData_SubsystemControl.h", "pattern": "/^            SECURITY,$/", "language": "C++", "kind": "enumerator", "scope": "WPEFramework::JsonData::SubsystemControl::SubsystemType", "scopeKind": "enum"}, {"_type": "tag", "name": "STREAMING", "path": "/home/kavia/workspace/code-generation/app-gateway2/dependencies/install/include/WPEFramework/interfaces/json/JsonData_SubsystemControl.h", "pattern": "/^            STREAMING,$/", "language": "C++", "kind": "enumerator", "scope": "WPEFramework::JsonData::SubsystemControl::SubsystemType", "scopeKind": "enum"}, {"_type": "tag", "name": "SubsystemControl", "path": "/home/kavia/workspace/code-generation/app-gateway2/dependencies/install/include/WPEFramework/interfaces/json/JsonData_SubsystemControl.h", "pattern": "/^    namespace SubsystemControl {$/", "language": "C++", "kind": "namespace", "scope": "WPEFramework::JsonData", "scopeKind": "namespace"}, {"_type": "tag", "name": "SubsystemType", "path": "/home/kavia/workspace/code-generation/app-gateway2/dependencies/install/include/WPEFramework/interfaces/json/JsonData_SubsystemControl.h", "pattern": "/^        enum class SubsystemType : uint8_t {$/", "language": "C++", "typeref": "typename:uint8_t", "kind": "enum", "scope": "WPEFramework::JsonData::SubsystemControl", "scopeKind": "namespace"}, {"_type": "tag", "name": "System", "path": "/home/kavia/workspace/code-generation/app-gateway2/dependencies/install/include/WPEFramework/interfaces/json/JsonData_SubsystemControl.h", "pattern": "/^            Core::JSON::EnumType<SubsystemType> System; \\/\\/ Subsystem to activate$/", "language": "C++", "typeref": "typename:Core::JSON::EnumType<SubsystemType>", "kind": "member", "scope": "WPEFramework::JsonData::SubsystemControl::ActivateParamsData", "scopeKind": "class"}, {"_type": "tag", "name": "TIME", "path": "/home/kavia/workspace/code-generation/app-gateway2/dependencies/install/include/WPEFramework/interfaces/json/JsonData_SubsystemControl.h", "pattern": "/^            TIME,$/", "language": "C++", "kind": "enumerator", "scope": "WPEFramework::JsonData::SubsystemControl::SubsystemType", "scopeKind": "enum"}, {"_type": "tag", "name": "WEBSOURCE", "path": "/home/kavia/workspace/code-generation/app-gateway2/dependencies/install/include/WPEFramework/interfaces/json/JsonData_SubsystemControl.h", "pattern": "/^            WEBSOURCE,$/", "language": "C++", "kind": "enumerator", "scope": "WPEFramework::JsonData::SubsystemControl::SubsystemType", "scopeKind": "enum"}, {"_type": "tag", "name": "WPEFramework", "path": "/home/kavia/workspace/code-generation/app-gateway2/dependencies/install/include/WPEFramework/interfaces/json/JsonData_SubsystemControl.h", "pattern": "/^namespace WPEFramework {$/", "language": "C++", "kind": "namespace"}], "hash": "521323c9d3c3f91bad5121a1adc8786a", "format-version": 4, "code-base-name": "app-gateway2", "filename": "dependencies/install/include/WPEFramework/interfaces/json/JsonData_SubsystemControl.h", "fields": [{"name": "Core::JSON::String Configuration", "scope": "WPEFramework::JsonData::SubsystemControl::ActivateParamsData", "scopeKind": "class", "description": "unavailable"}, {"name": "Core::JSON::EnumType<SubsystemType> System", "scope": "WPEFramework::JsonData::SubsystemControl::ActivateParamsData", "scopeKind": "class", "description": "unavailable"}], "revision_history": [{"17128": "0f87a35b32215bc8547fb583d6c84bd51f603f69"}]}