{"is_source_file": true, "format": "C++ header file", "description": "This file is an auto-generated C++ header defining version information constants within a nested namespace structure related to 'JPlayerInfo'. It includes other header files and sets versioning data as constants.", "external_files": ["Module.h", "JsonData_PlayerInfo.h"], "external_methods": [], "published": ["WPEFramework::Exchange::JPlayerInfo::Version::Major", "WPEFramework::Exchange::JPlayerInfo::Version::Minor", "WPEFramework::Exchange::JPlayerInfo::Version::Patch"], "classes": [], "methods": [], "calls": [], "search-terms": ["JPlayerInfo", "version constants", "WPEFramework::Exchange", "generated header"], "state": 2, "file_id": 8962, "knowledge_revision": 18628, "git_revision": "a019ef1ecf9043a6387775f8d60762f619f4c761", "ctags": [{"_type": "tag", "name": "Exchange", "path": "/home/kavia/workspace/code-generation/app-gateway2/dependencies/build/ThunderInterfaces/definitions/generated/JPlayerInfo.h", "pattern": "/^namespace Exchange {$/", "language": "C++", "kind": "namespace", "scope": "WPEFramework", "scopeKind": "namespace"}, {"_type": "tag", "name": "JPlayerInfo", "path": "/home/kavia/workspace/code-generation/app-gateway2/dependencies/build/ThunderInterfaces/definitions/generated/JPlayerInfo.h", "pattern": "/^    namespace JPlayerInfo {$/", "language": "C++", "kind": "namespace", "scope": "WPEFramework::Exchange", "scopeKind": "namespace"}, {"_type": "tag", "name": "Major", "path": "/home/kavia/workspace/code-generation/app-gateway2/dependencies/build/ThunderInterfaces/definitions/generated/JPlayerInfo.h", "pattern": "/^            constexpr uint8_t Major = 1;$/", "language": "C++", "typeref": "typename:uint8_t", "kind": "variable", "scope": "WPEFramework::Exchange::JPlayerInfo::Version", "scopeKind": "namespace"}, {"_type": "tag", "name": "Minor", "path": "/home/kavia/workspace/code-generation/app-gateway2/dependencies/build/ThunderInterfaces/definitions/generated/JPlayerInfo.h", "pattern": "/^            constexpr uint8_t Minor = 0;$/", "language": "C++", "typeref": "typename:uint8_t", "kind": "variable", "scope": "WPEFramework::Exchange::JPlayerInfo::Version", "scopeKind": "namespace"}, {"_type": "tag", "name": "Patch", "path": "/home/kavia/workspace/code-generation/app-gateway2/dependencies/build/ThunderInterfaces/definitions/generated/JPlayerInfo.h", "pattern": "/^            constexpr uint8_t Patch = 0;$/", "language": "C++", "typeref": "typename:uint8_t", "kind": "variable", "scope": "WPEFramework::Exchange::JPlayerInfo::Version", "scopeKind": "namespace"}, {"_type": "tag", "name": "Version", "path": "/home/kavia/workspace/code-generation/app-gateway2/dependencies/build/ThunderInterfaces/definitions/generated/JPlayerInfo.h", "pattern": "/^        namespace Version {$/", "language": "C++", "kind": "namespace", "scope": "WPEFramework::Exchange::JPlayerInfo", "scopeKind": "namespace"}, {"_type": "tag", "name": "WPEFramework", "path": "/home/kavia/workspace/code-generation/app-gateway2/dependencies/build/ThunderInterfaces/definitions/generated/JPlayerInfo.h", "pattern": "/^namespace WPEFramework {$/", "language": "C++", "kind": "namespace"}], "hash": "1d6228bdb5d039ab74b5eb4c351eab53", "format-version": 4, "code-base-name": "app-gateway2", "filename": "dependencies/build/ThunderInterfaces/definitions/generated/JPlayerInfo.h", "fields": [{"name": "uint8_t Major", "scope": "WPEFramework::Exchange::JPlayerInfo::Version", "scopeKind": "namespace", "description": "unavailable"}, {"name": "uint8_t Minor", "scope": "WPEFramework::Exchange::JPlayerInfo::Version", "scopeKind": "namespace", "description": "unavailable"}, {"name": "uint8_t Patch", "scope": "WPEFramework::Exchange::JPlayerInfo::Version", "scopeKind": "namespace", "description": "unavailable"}], "revision_history": [{"18628": "a019ef1ecf9043a6387775f8d60762f619f4c761"}]}