{"is_source_file": true, "format": "C++ header file", "description": "This file defines the interface and implementation for JSON Remote Procedure Call (JSONRPC) mechanisms within the WPEFramework PluginHost namespace. It includes classes and templates for handling JSONRPC requests, responses, event subscriptions, versioning, error handling, and observer pattern support.", "external_files": ["Module.h", "System.h", "IShell.h", "IPlugin.h", "IDispatcher.h"], "external_methods": ["Core::JSONRPC::Context::Invoke", "Core::JSONRPC::Handler::Invoke", "Core::JSONRPC::Handler::Exists", "Core::NumberType<uint32_t>::Text", "Core::JSONRPC::Message::FullMethod", "Core::JSONRPC::Message::Method", "Core::JSONRPC::Message::Version", "Core::JSONRPC::Message::DefaultVersion", "std::find", "ASSERT", "Core::ERROR_NONE", "Core::ERROR_DUPLICATE_KEY", "Core::ERROR_BAD_REQUEST", "Core::ERROR_UNKNOWN_METHOD", "Core::ERROR_INVALID_RANGE", "Core::ERROR_PRIVILIGED_REQUEST", "Core::ERROR_PRIVILIGED_DEFERRED", "Core::ERROR_FAILED_REGISTERED", "Core::ERROR_FAILED_UNREGISTERED", "Core::ERROR_INCORRECT_URL", "Core::ERROR_UNKNOWN_KEY", "Core::ERROR_NONE", "Core::Error"], "published": ["JSONRPC", "JSONRPCSupportsEventStatus", "JSONRPCErrorAssessor", "Register", "Unregister", "Notify", "Response", "InvokeHandler", "Activate", "Deactivate", "Dropped", "Subscribe", "Unsubscribe", "Error", "Response", "Event"], "classes": [{"name": "ILocalDispatcher", "description": "Interface for a local JSONRPC dispatcher with methods to invoke RPCs and manage activation/deactivation."}, {"name": "JSONRPC", "description": "Main class handling JSONRPC request dispatching, event subscriptions, version support, error assessment, and observer pattern implementation."}, {"name": "JSONRPCSupportsEventStatus", "description": "Extension of JSONRPC that supports registration and notification of event status listeners."}, {"name": "JSONRPCErrorAssessor", "description": "Template class for error assessment during JSONRPC invocation, specialized for different error handler types."}, {"name": "VersionInfo", "description": "Stores version information for interface versioning support."}, {"name": "Registration", "description": "JSON container class for registration details including event and callsign."}, {"name": "Observer", "description": "Inner class managing event subscriptions, callback references, and event dispatching."}], "methods": [{"name": "uint32_t InvokeOnHandler(const Core::JSONRPC::Context & context,const string & method,const string & parameters,string & response,Core::JSONRPC::Handler & handler,JSONRPCERRORASSESSORTYPE errorhandler)", "description": "Template function to invoke a handler and handle errors via an error handler.", "scope": "WPEFramework::PluginHost::__anondea532070111", "scopeKind": "namespace"}, {"name": "Subscribe", "description": "Method for subscribing to an event with a callback."}, {"name": "Unsubscribe", "description": "Method for unsubscribing from an event."}, {"name": "uint32_t Notify(const string & event) const", "description": "Send event notifications to subscribers.", "scope": "WPEFramework::PluginHost::JSONRPC", "scopeKind": "class"}, {"name": "Response", "description": "Send a response to an RPC invocation."}, {"name": "Core::hresult InvokeHandler(IDispatcher::ICallback *,const uint32_t channelId,const uint32_t id,const string & token,const string & method,const string & parameters,string & response,JSONRPCERRORASSESSORTYPE errorhandler=nullptr)", "description": "Handle invoking a registered method with error assessment.", "scope": "WPEFramework::PluginHost::JSONRPC", "scopeKind": "class"}, {"name": "void Activate(IShell * service)", "description": "Activate the dispatcher with a service.", "scope": "WPEFramework::PluginHost::JSONRPC", "scopeKind": "class"}, {"name": "void Deactivate()", "description": "Deactivate and clean up the dispatcher.", "scope": "WPEFramework::PluginHost::JSONRPC", "scopeKind": "class"}, {"name": "void Dropped(const uint32_t channelId,METHOD unregistered)", "description": "Handle dropped channels by cleaning up associated observers.", "scope": "WPEFramework::PluginHost::JSONRPC::Observer", "scopeKind": "class"}, {"name": "const string & Callsign() const", "scope": "WPEFramework::PluginHost::JSONRPC", "scopeKind": "class", "description": "unavailable"}, {"name": "Core::JSONRPC::Handler & CreateHandler(const std::vector<uint8_t> & versions)", "scope": "WPEFramework::PluginHost::JSONRPC", "scopeKind": "class", "description": "unavailable"}, {"name": "Core::JSONRPC::Handler & CreateHandler(const std::vector<uint8_t> & versions,const Core::JSONRPC::Handler & source)", "scope": "WPEFramework::PluginHost::JSONRPC", "scopeKind": "class", "description": "unavailable"}, {"name": "uint32_t DoSubscribe(const uint32_t channelId,const string & eventId,const string & designator)", "scope": "WPEFramework::PluginHost::JSONRPC", "scopeKind": "class", "description": "unavailable"}, {"name": "void Dropped(const uint32_t channelId)", "scope": "WPEFramework::PluginHost::JSONRPC", "scopeKind": "class", "description": "unavailable"}, {"name": "Core::hresult Error(const uint32_t channel,const uint32_t id,const uint32_t code,const string & errorText)", "scope": "WPEFramework::PluginHost::JSONRPC", "scopeKind": "class", "description": "unavailable"}, {"name": "void Event(JSONRPC & parent,const string event,const string & parameter,std::function<bool (const string &)> && sendifmethod)", "scope": "WPEFramework::PluginHost::JSONRPC::Observer", "scopeKind": "class", "description": "unavailable"}, {"name": "Core::hresult Event(const string & eventId,const string & parameters)", "scope": "WPEFramework::PluginHost::JSONRPC", "scopeKind": "class", "description": "unavailable"}, {"name": "Core::JSONRPC::Handler * GetHandler(uint8_t version)", "scope": "WPEFramework::PluginHost::JSONRPC", "scopeKind": "class", "description": "unavailable"}, {"name": "Core::JSONRPC::Handler * Handler(const string & methodName)", "scope": "WPEFramework::PluginHost::JSONRPC", "scopeKind": "class", "description": "unavailable"}, {"name": "uint32_t InternalNotify(const string & event,const string & parameters,std::function<bool (const string &)> && sendifmethod=std::function<bool (const string &)> ()) const", "scope": "WPEFramework::PluginHost::JSONRPC", "scopeKind": "class", "description": "unavailable"}, {"name": "Core::hresult Invoke(IDispatcher::ICallback * callback,const uint32_t channelId,const uint32_t id,const string & token,const string & method,const string & parameters,string & response)", "scope": "WPEFramework::PluginHost::JSONRPCErrorAssessor", "scopeKind": "class", "description": "unavailable"}, {"name": "uint32_t Invoke(const uint32_t channelId,const uint32_t id,const string & token,const string & method,const string & parameters,string & response)", "scope": "WPEFramework::PluginHost::JSONRPC", "scopeKind": "class", "description": "unavailable"}, {"name": "uint32_t InvokeOnHandler(const Core::JSONRPC::Context & context,const string & method,const string & parameters,string & response,Core::JSONRPC::Handler & handler,void *)", "scope": "WPEFramework::PluginHost::__anondea532070111", "scopeKind": "namespace", "description": "unavailable"}, {"name": "bool IsEmpty() const", "scope": "WPEFramework::PluginHost::JSONRPC::Observer", "scopeKind": "class", "description": "unavailable"}, {"name": "JSONRPCErrorAssessor(JSONRPCERRORASSESSORTYPE errorhandler)", "scope": "WPEFramework::PluginHost::JSONRPCErrorAssessor", "scopeKind": "class", "description": "unavailable"}, {"name": "JSONRPCErrorAssessor(JSONRPCErrorAssessorTypes::StdFunctionCallbackType && errorhandler)", "scope": "WPEFramework::PluginHost::JSONRPCErrorAssessor", "scopeKind": "class", "description": "unavailable"}, {"name": "JSONRPCErrorAssessor(const JSONRPCErrorAssessorTypes::StdFunctionCallbackType & errorhandler)", "scope": "WPEFramework::PluginHost::JSONRPCErrorAssessor", "scopeKind": "class", "description": "unavailable"}, {"name": "JSONRPCSupportsEventStatus(const PluginHost::JSONRPC::TokenCheckFunction & validation)", "scope": "WPEFramework::PluginHost::JSONRPCSupportsEventStatus", "scopeKind": "class", "description": "unavailable"}, {"name": "JSONRPCSupportsEventStatus(const std::vector<uint8_t> & versions)", "scope": "WPEFramework::PluginHost::JSONRPCSupportsEventStatus", "scopeKind": "class", "description": "unavailable"}, {"name": "JSONRPCSupportsEventStatus(const std::vector<uint8_t> & versions,const TokenCheckFunction & validation)", "scope": "WPEFramework::PluginHost::JSONRPCSupportsEventStatus", "scopeKind": "class", "description": "unavailable"}, {"name": "ILocalDispatcher * Local()", "scope": "WPEFramework::PluginHost::JSONRPC", "scopeKind": "class", "description": "unavailable"}, {"name": "uint8_t Major() const", "scope": "WPEFramework::PluginHost::JSONRPC::VersionInfo", "scopeKind": "class", "description": "unavailable"}, {"name": "uint8_t Minor() const", "scope": "WPEFramework::PluginHost::JSONRPC::VersionInfo", "scopeKind": "class", "description": "unavailable"}, {"name": "const string & Name() const", "scope": "WPEFramework::PluginHost::JSONRPC::VersionInfo", "scopeKind": "class", "description": "unavailable"}, {"name": "uint32_t Notify(const string & event,const JSONOBJECT & parameters) const", "scope": "WPEFramework::PluginHost::JSONRPC", "scopeKind": "class", "description": "unavailable"}, {"name": "uint32_t Notify(const string & event,const JSONOBJECT & parameters,SENDIFMETHOD method) const", "scope": "WPEFramework::PluginHost::JSONRPC", "scopeKind": "class", "description": "unavailable"}, {"name": "void Notify(const uint32_t channelId,const string & designator,const string & parameters)", "scope": "WPEFramework::PluginHost::JSONRPC", "scopeKind": "class", "description": "unavailable"}, {"name": "void NotifyObservers(const string & event,const string & client,const Status status) const", "scope": "WPEFramework::PluginHost::JSONRPCSupportsEventStatus", "scopeKind": "class", "description": "unavailable"}, {"name": "Observer()", "scope": "WPEFramework::PluginHost::JSONRPC::Observer", "scopeKind": "class", "description": "unavailable"}, {"name": "Observer(Observer && move)", "scope": "WPEFramework::PluginHost::JSONRPC::Observer", "scopeKind": "class", "description": "unavailable"}, {"name": "Observer(const Observer & copy)", "scope": "WPEFramework::PluginHost::JSONRPC::Observer", "scopeKind": "class", "description": "unavailable"}, {"name": "uint8_t Patch() const", "scope": "WPEFramework::PluginHost::JSONRPC::VersionInfo", "scopeKind": "class", "description": "unavailable"}, {"name": "uint32_t ProcessSubscribe(const uint32_t channel,const string & eventId,const string & designator)", "scope": "WPEFramework::PluginHost::JSONRPCSupportsEventStatus", "scopeKind": "class", "description": "unavailable"}, {"name": "uint32_t ProcessSubscribe(const uint32_t channelId,const string & eventId,const string & designator)", "scope": "WPEFramework::PluginHost::JSONRPC", "scopeKind": "class", "description": "unavailable"}, {"name": "void ProcessUnsubscribed(const uint32_t channelId VARIABLE_IS_NOT_USED,const string & eventId VARIABLE_IS_NOT_USED,const string & designator VARIABLE_IS_NOT_USED)", "scope": "WPEFramework::PluginHost::JSONRPC", "scopeKind": "class", "description": "unavailable"}, {"name": "void ProcessUnsubscribed(const uint32_t channel VARIABLE_IS_NOT_USED,const string & eventId,const string & designator)", "scope": "WPEFramework::PluginHost::JSONRPCSupportsEventStatus", "scopeKind": "class", "description": "unavailable"}, {"name": "void Property(const string & methodName,GET_METHOD getter,SET_METHOD setter,REALOBJECT * objectPtr)", "scope": "WPEFramework::PluginHost::JSONRPC", "scopeKind": "class", "description": "unavailable"}, {"name": "void Register(const string & methodName,const Core::JSONRPC::CallbackFunction & lambda)", "scope": "WPEFramework::PluginHost::JSONRPC", "scopeKind": "class", "description": "unavailable"}, {"name": "void Register(const string & methodName,const Core::JSONRPC::InvokeFunction & lambda)", "scope": "WPEFramework::PluginHost::JSONRPC", "scopeKind": "class", "description": "unavailable"}, {"name": "void Register(const string & methodName,const METHOD & method)", "scope": "WPEFramework::PluginHost::JSONRPC", "scopeKind": "class", "description": "unavailable"}, {"name": "void Register(const string & methodName,const METHOD & method,REALOBJECT * objectPtr)", "scope": "WPEFramework::PluginHost::JSONRPC", "scopeKind": "class", "description": "unavailable"}], "calls": ["handler.Invoke", "handler.Exists", "Core::JSONRPC::Context::Invoke", "Core::JSONRPC::Handler::Invoke", "IFactories::Instance().JSONRPC", "Notify", "Response", "Subscribe", "Unsubscribe", "ProcessSubscribe", "ProcessUnsubscribed"], "search-terms": ["JSONRPC", "Observer", "VersionInfo", "ErrorAssessor", "EventSubscription", "Dispatcher", "Namespace WPEFramework.PluginHost", "Template specialization"], "state": 2, "file_id": 8669, "knowledge_revision": 17391, "git_revision": "0f87a35b32215bc8547fb583d6c84bd51f603f69", "ctags": [{"_type": "tag", "name": "Activate", "path": "/home/kavia/workspace/code-generation/app-gateway2/dependencies/install/include/WPEFramework/plugins/JSONRPC.h", "pattern": "/^        void Activate(IShell* service) override$/", "language": "C++", "typeref": "typename:void", "kind": "function", "signature": "(IShell * service)", "scope": "WPEFramework::PluginHost::JSONRPC", "scopeKind": "class"}, {"_type": "tag", "name": "Callsign", "path": "/home/kavia/workspace/code-generation/app-gateway2/dependencies/install/include/WPEFramework/plugins/JSONRPC.h", "pattern": "/^            Core::JSON::String Callsign;$/", "language": "C++", "typeref": "typename:Core::JSON::String", "kind": "member", "scope": "WPEFramework::PluginHost::JSONRPC::Registration", "scopeKind": "class"}, {"_type": "tag", "name": "Callsign", "path": "/home/kavia/workspace/code-generation/app-gateway2/dependencies/install/include/WPEFramework/plugins/JSONRPC.h", "pattern": "/^        const string& Callsign() const$/", "language": "C++", "typeref": "typename:const string &", "kind": "function", "signature": "() const", "scope": "WPEFramework::PluginHost::JSONRPC", "scopeKind": "class"}, {"_type": "tag", "name": "CreateHandler", "path": "/home/kavia/workspace/code-generation/app-gateway2/dependencies/install/include/WPEFramework/plugins/JSONRPC.h", "pattern": "/^        Core::JSONRPC::Handler& CreateHandler(const std::vector<uint8_t>& versions)$/", "language": "C++", "typeref": "typename:Core::JSONRPC::Handler &", "kind": "function", "signature": "(const std::vector<uint8_t> & versions)", "scope": "WPEFramework::PluginHost::JSONRPC", "scopeKind": "class"}, {"_type": "tag", "name": "CreateHandler", "path": "/home/kavia/workspace/code-generation/app-gateway2/dependencies/install/include/WPEFramework/plugins/JSONRPC.h", "pattern": "/^        Core::JSONRPC::Handler& CreateHandler(const std::vector<uint8_t>& versions, const Core::/", "language": "C++", "typeref": "typename:Core::JSONRPC::Handler &", "kind": "function", "signature": "(const std::vector<uint8_t> & versions,const Core::JSONRPC::Handler & source)", "scope": "WPEFramework::PluginHost::JSONRPC", "scopeKind": "class"}, {"_type": "tag", "name": "DEFERRED", "path": "/home/kavia/workspace/code-generation/app-gateway2/dependencies/install/include/WPEFramework/plugins/JSONRPC.h", "pattern": "/^            DEFERRED = 3$/", "language": "C++", "kind": "enumerator", "scope": "WPEFramework::PluginHost::JSONRPC::classification", "scopeKind": "enum"}, {"_type": "tag", "name": "Deactivate", "path": "/home/kavia/workspace/code-generation/app-gateway2/dependencies/install/include/WPEFramework/plugins/JSONRPC.h", "pattern": "/^        void Deactivate() override$/", "language": "C++", "typeref": "typename:void", "kind": "function", "signature": "()", "scope": "WPEFramework::PluginHost::JSONRPC", "scopeKind": "class"}, {"_type": "tag", "name": "Destination", "path": "/home/kavia/workspace/code-generation/app-gateway2/dependencies/install/include/WPEFramework/plugins/JSONRPC.h", "pattern": "/^            using Destination = std::pair<uint32_t, string>;$/", "language": "C++", "typeref": "typename:std::pair<uint32_t,string>", "kind": "typedef", "scope": "WPEFramework::PluginHost::JSONRPC::Observer", "scopeKind": "class"}, {"_type": "tag", "name": "Destinations", "path": "/home/kavia/workspace/code-generation/app-gateway2/dependencies/install/include/WPEFramework/plugins/JSONRPC.h", "pattern": "/^            using Destinations = std::vector<Destination>;$/", "language": "C++", "typeref": "typename:std::vector<Destination>", "kind": "typedef", "scope": "WPEFramework::PluginHost::JSONRPC::Observer", "scopeKind": "class"}, {"_type": "tag", "name": "DoSubscribe", "path": "/home/kavia/workspace/code-generation/app-gateway2/dependencies/install/include/WPEFramework/plugins/JSONRPC.h", "pattern": "/^        uint32_t DoSubscribe(const uint32_t channelId, const string& eventId, const string& desi/", "language": "C++", "typeref": "typename:uint32_t", "kind": "function", "signature": "(const uint32_t channelId,const string & eventId,const string & designator)", "scope": "WPEFramework::PluginHost::JSONRPC", "scopeKind": "class"}, {"_type": "tag", "name": "Dropped", "path": "/home/kavia/workspace/code-generation/app-gateway2/dependencies/install/include/WPEFramework/plugins/JSONRPC.h", "pattern": "/^            void Dropped(const uint32_t channelId, METHOD unregistered) {$/", "language": "C++", "typeref": "typename:void", "kind": "function", "signature": "(const uint32_t channelId,METHOD unregistered)", "scope": "WPEFramework::PluginHost::JSONRPC::Observer", "scopeKind": "class"}, {"_type": "tag", "name": "Dropped", "path": "/home/kavia/workspace/code-generation/app-gateway2/dependencies/install/include/WPEFramework/plugins/JSONRPC.h", "pattern": "/^        void Dropped(const uint32_t channelId) override$/", "language": "C++", "typeref": "typename:void", "kind": "function", "signature": "(const uint32_t channelId)", "scope": "WPEFramework::PluginHost::JSONRPC", "scopeKind": "class"}, {"_type": "tag", "name": "Error", "path": "/home/kavia/workspace/code-generation/app-gateway2/dependencies/install/include/WPEFramework/plugins/JSONRPC.h", "pattern": "/^        Core::hresult Error(const uint32_t channel, const uint32_t id, const uint32_t code, cons/", "language": "C++", "typeref": "typename:Core::hresult", "kind": "function", "signature": "(const uint32_t channel,const uint32_t id,const uint32_t code,const string & errorText)", "scope": "WPEFramework::PluginHost::JSONRPC", "scopeKind": "class"}, {"_type": "tag", "name": "Event", "path": "/home/kavia/workspace/code-generation/app-gateway2/dependencies/install/include/WPEFramework/plugins/JSONRPC.h", "pattern": "/^            Core::JSON::String Event;$/", "language": "C++", "typeref": "typename:Core::JSON::String", "kind": "member", "scope": "WPEFramework::PluginHost::JSONRPC::Registration", "scopeKind": "class"}, {"_type": "tag", "name": "Event", "path": "/home/kavia/workspace/code-generation/app-gateway2/dependencies/install/include/WPEFramework/plugins/JSONRPC.h", "pattern": "/^            void Event(JSONRPC& parent, const string event, const string& parameter, std::functi/", "language": "C++", "typeref": "typename:void", "kind": "function", "signature": "(JSONRPC & parent,const string event,const string & parameter,std::function<bool (const string &)> && sendifmethod)", "scope": "WPEFramework::PluginHost::JSONRPC::Observer", "scopeKind": "class"}, {"_type": "tag", "name": "Event", "path": "/home/kavia/workspace/code-generation/app-gateway2/dependencies/install/include/WPEFramework/plugins/JSONRPC.h", "pattern": "/^        Core::hresult Event(const string& eventId, const string& parameters) override {$/", "language": "C++", "typeref": "typename:Core::hresult", "kind": "function", "signature": "(const string & eventId,const string & parameters)", "scope": "WPEFramework::PluginHost::JSONRPC", "scopeKind": "class"}, {"_type": "tag", "name": "EventStatusCallback", "path": "/home/kavia/workspace/code-generation/app-gateway2/dependencies/install/include/WPEFramework/plugins/JSONRPC.h", "pattern": "/^        using EventStatusCallback = std::function<void(const string&, Status status)>;$/", "language": "C++", "kind": "typedef", "scope": "WPEFramework::PluginHost::JSONRPCSupportsEventStatus", "scopeKind": "class"}, {"_type": "tag", "name": "FunctionCallbackType", "path": "/home/kavia/workspace/code-generation/app-gateway2/dependencies/install/include/WPEFramework/plugins/JSONRPC.h", "pattern": "/^        using FunctionCallbackType  = uint32_t (*) (const Core::JSONRPC::Context&, const string&/", "language": "C++", "kind": "typedef", "scope": "WPEFramework::PluginHost::JSONRPCErrorAssessorTypes", "scopeKind": "namespace"}, {"_type": "tag", "name": "GetHandler", "path": "/home/kavia/workspace/code-generation/app-gateway2/dependencies/install/include/WPEFramework/plugins/JSONRPC.h", "pattern": "/^        Core::JSONRPC::Handler* GetHandler(uint8_t version)$/", "language": "C++", "typeref": "typename:Core::JSONRPC::Handler *", "kind": "function", "signature": "(uint8_t version)", "scope": "WPEFramework::PluginHost::JSONRPC", "scopeKind": "class"}, {"_type": "tag", "name": "Handler", "path": "/home/kavia/workspace/code-generation/app-gateway2/dependencies/install/include/WPEFramework/plugins/JSONRPC.h", "pattern": "/^        Core::JSONRPC::Handler* Handler(const string& methodName) {$/", "language": "C++", "typeref": "typename:Core::JSONRPC::Handler *", "kind": "function", "signature": "(const string & methodName)", "scope": "WPEFramework::PluginHost::JSONRPC", "scopeKind": "class"}, {"_type": "tag", "name": "HandlerList", "path": "/home/kavia/workspace/code-generation/app-gateway2/dependencies/install/include/WPEFramework/plugins/JSONRPC.h", "pattern": "/^        using HandlerList = std::list<Core::JSONRPC::Handler>;$/", "language": "C++", "typeref": "typename:std::list<Core::JSONRPC::Handler>", "kind": "typedef", "scope": "WPEFramework::PluginHost::JSONRPC", "scopeKind": "class"}, {"_type": "tag", "name": "ILocalDispatcher", "path": "/home/kavia/workspace/code-generation/app-gateway2/dependencies/install/include/WPEFramework/plugins/JSONRPC.h", "pattern": "/^    struct EXTERNAL ILocalDispatcher : public IDispatcher {$/", "language": "C++", "kind": "struct", "scope": "WPEFramework::PluginHost", "scopeKind": "namespace"}, {"_type": "tag", "name": "INVALID", "path": "/home/kavia/workspace/code-generation/app-gateway2/dependencies/install/include/WPEFramework/plugins/JSONRPC.h", "pattern": "/^            INVALID  = 0,$/", "language": "C++", "kind": "enumerator", "scope": "WPEFramework::PluginHost::JSONRPC::classification", "scopeKind": "enum"}, {"_type": "tag", "name": "InternalNotify", "path": "/home/kavia/workspace/code-generation/app-gateway2/dependencies/install/include/WPEFramework/plugins/JSONRPC.h", "pattern": "/^        uint32_t InternalNotify(const string& event, const string& parameters, std::function<boo/", "language": "C++", "typeref": "typename:uint32_t", "kind": "function", "signature": "(const string & event,const string & parameters,std::function<bool (const string &)> && sendifmethod=std::function<bool (const string &)> ()) const", "scope": "WPEFramework::PluginHost::JSONRPC", "scopeKind": "class"}, {"_type": "tag", "name": "Invoke", "path": "/home/kavia/workspace/code-generation/app-gateway2/dependencies/install/include/WPEFramework/plugins/JSONRPC.h", "pattern": "/^        Core::hresult Invoke(IDispatcher::ICallback* callback, const uint32_t channelId, const u/", "language": "C++", "typeref": "typename:Core::hresult", "kind": "function", "signature": "(IDispatcher::ICallback * callback,const uint32_t channelId,const uint32_t id,const string & token,const string & method,const string & parameters,string & response)", "scope": "WPEFramework::PluginHost::JSONRPC", "scopeKind": "class"}, {"_type": "tag", "name": "Invoke", "path": "/home/kavia/workspace/code-generation/app-gateway2/dependencies/install/include/WPEFramework/plugins/JSONRPC.h", "pattern": "/^        Core::hresult Invoke(IDispatcher::ICallback* callback, const uint32_t channelId, const u/", "language": "C++", "typeref": "typename:Core::hresult", "kind": "function", "signature": "(IDispatcher::ICallback * callback,const uint32_t channelId,const uint32_t id,const string & token,const string & method,const string & parameters,string & response)", "scope": "WPEFramework::PluginHost::JSONRPCErrorAssessor", "scopeKind": "class"}, {"_type": "tag", "name": "Invoke", "path": "/home/kavia/workspace/code-generation/app-gateway2/dependencies/install/include/WPEFramework/plugins/JSONRPC.h", "pattern": "/^        uint32_t Invoke(const uint32_t channelId, const uint32_t id, const string& token, const /", "language": "C++", "typeref": "typename:uint32_t", "kind": "function", "signature": "(const uint32_t channelId,const uint32_t id,const string & token,const string & method,const string & parameters,string & response)", "scope": "WPEFramework::PluginHost::JSONRPC", "scopeKind": "class"}, {"_type": "tag", "name": "InvokeHandler", "path": "/home/kavia/workspace/code-generation/app-gateway2/dependencies/install/include/WPEFramework/plugins/JSONRPC.h", "pattern": "/^        Core::hresult InvokeHandler(IDispatcher::ICallback*, const uint32_t channelId, const uin/", "language": "C++", "typeref": "typename:Core::hresult", "kind": "function", "signature": "(IDispatcher::ICallback *,const uint32_t channelId,const uint32_t id,const string & token,const string & method,const string & parameters,string & response,JSONRPCERRORASSESSORTYPE errorhandler=nullptr)", "scope": "WPEFramework::PluginHost::JSONRPC", "scopeKind": "class"}, {"_type": "tag", "name": "InvokeOnHandler", "path": "/home/kavia/workspace/code-generation/app-gateway2/dependencies/install/include/WPEFramework/plugins/JSONRPC.h", "pattern": "/^        uint32_t InvokeOnHandler(const Core::JSONRPC::Context& context, const string& method, co/", "language": "C++", "typeref": "typename:uint32_t", "kind": "function", "signature": "(const Core::JSONRPC::Context & context,const string & method,const string & parameters,string & response,Core::JSONRPC::Handler & handler,JSONRPCERRORASSESSORTYPE errorhandler)", "scope": "WPEFramework::PluginHost::__anondea532070111", "scopeKind": "namespace"}, {"_type": "tag", "name": "InvokeOnHandler", "path": "/home/kavia/workspace/code-generation/app-gateway2/dependencies/install/include/WPEFramework/plugins/JSONRPC.h", "pattern": "/^        uint32_t InvokeOnHandler<void*>(const Core::JSONRPC::Context& context, const string& met/", "language": "C++", "typeref": "typename:uint32_t", "kind": "function", "signature": "(const Core::JSONRPC::Context & context,const string & method,const string & parameters,string & response,Core::JSONRPC::Handler & handler,void *)", "scope": "WPEFramework::PluginHost::__anondea532070111", "scopeKind": "namespace"}, {"_type": "tag", "name": "IsEmpty", "path": "/home/kavia/workspace/code-generation/app-gateway2/dependencies/install/include/WPEFramework/plugins/JSONRPC.h", "pattern": "/^            bool IsEmpty() const {$/", "language": "C++", "typeref": "typename:bool", "kind": "function", "signature": "() const", "scope": "WPEFramework::PluginHost::JSONRPC::Observer", "scopeKind": "class"}, {"_type": "tag", "name": "JSONRPC", "path": "/home/kavia/workspace/code-generation/app-gateway2/dependencies/install/include/WPEFramework/plugins/JSONRPC.h", "pattern": "/^    class EXTERNAL JSONRPC : public ILocalDispatcher, public IDispatcher::ICallback {$/", "language": "C++", "kind": "class", "scope": "WPEFramework::PluginHost", "scopeKind": "namespace"}, {"_type": "tag", "name": "JSONRPCErrorAssessor", "path": "/home/kavia/workspace/code-generation/app-gateway2/dependencies/install/include/WPEFramework/plugins/JSONRPC.h", "pattern": "/^        JSONRPCErrorAssessor(JSONRPCERRORASSESSORTYPE errorhandler) $/", "language": "C++", "kind": "function", "signature": "(JSONRPCERRORASSESSORTYPE errorhandler)", "scope": "WPEFramework::PluginHost::JSONRPCErrorAssessor", "scopeKind": "class"}, {"_type": "tag", "name": "JSONRPCErrorAssessor", "path": "/home/kavia/workspace/code-generation/app-gateway2/dependencies/install/include/WPEFramework/plugins/JSONRPC.h", "pattern": "/^        JSONRPCErrorAssessor(JSONRPCErrorAssessorTypes::StdFunctionCallbackType&& errorhandler) $/", "language": "C++", "kind": "function", "signature": "(JSONRPCErrorAssessorTypes::StdFunctionCallbackType && errorhandler)", "scope": "WPEFramework::PluginHost::JSONRPCErrorAssessor", "scopeKind": "class"}, {"_type": "tag", "name": "JSONRPCErrorAssessor", "path": "/home/kavia/workspace/code-generation/app-gateway2/dependencies/install/include/WPEFramework/plugins/JSONRPC.h", "pattern": "/^        JSONRPCErrorAssessor(const JSONRPCErrorAssessorTypes::StdFunctionCallbackType& errorhand/", "language": "C++", "kind": "function", "signature": "(const JSONRPCErrorAssessorTypes::StdFunctionCallbackType & errorhandler)", "scope": "WPEFramework::PluginHost::JSONRPCErrorAssessor", "scopeKind": "class"}, {"_type": "tag", "name": "JSONRPCErrorAssessor", "path": "/home/kavia/workspace/code-generation/app-gateway2/dependencies/install/include/WPEFramework/plugins/JSONRPC.h", "pattern": "/^    class EXTERNAL JSONRPCErrorAssessor : public JSONRPC {$/", "language": "C++", "kind": "class", "scope": "WPEFramework::PluginHost", "scopeKind": "namespace"}, {"_type": "tag", "name": "JSONRPCErrorAssessor", "path": "/home/kavia/workspace/code-generation/app-gateway2/dependencies/install/include/WPEFramework/plugins/JSONRPC.h", "pattern": "/^    class EXTERNAL JSONRPCErrorAssessor<JSONRPCErrorAssessorTypes::StdFunctionCallbackType> : pu/", "language": "C++", "kind": "class", "scope": "WPEFramework::PluginHost", "scopeKind": "namespace"}, {"_type": "tag", "name": "JSONRPCErrorAssessorTypes", "path": "/home/kavia/workspace/code-generation/app-gateway2/dependencies/install/include/WPEFramework/plugins/JSONRPC.h", "pattern": "/^namespace JSONRPCErrorAssessorTypes {$/", "language": "C++", "kind": "namespace", "scope": "WPEFramework::PluginHost", "scopeKind": "namespace"}, {"_type": "tag", "name": "JSONRPCSupportsEventStatus", "path": "/home/kavia/workspace/code-generation/app-gateway2/dependencies/install/include/WPEFramework/plugins/JSONRPC.h", "pattern": "/^        JSONRPCSupportsEventStatus(const PluginHost::JSONRPC::TokenCheckFunction& validation) : /", "language": "C++", "kind": "function", "signature": "(const PluginHost::JSONRPC::TokenCheckFunction & validation)", "scope": "WPEFramework::PluginHost::JSONRPCSupportsEventStatus", "scopeKind": "class"}, {"_type": "tag", "name": "JSONRPCSupportsEventStatus", "path": "/home/kavia/workspace/code-generation/app-gateway2/dependencies/install/include/WPEFramework/plugins/JSONRPC.h", "pattern": "/^        JSONRPCSupportsEventStatus(const std::vector<uint8_t>& versions) : JSONRPC(versions) {}$/", "language": "C++", "kind": "function", "signature": "(const std::vector<uint8_t> & versions)", "scope": "WPEFramework::PluginHost::JSONRPCSupportsEventStatus", "scopeKind": "class"}, {"_type": "tag", "name": "JSONRPCSupportsEventStatus", "path": "/home/kavia/workspace/code-generation/app-gateway2/dependencies/install/include/WPEFramework/plugins/JSONRPC.h", "pattern": "/^        JSONRPCSupportsEventStatus(const std::vector<uint8_t>& versions, const TokenCheckFunctio/", "language": "C++", "kind": "function", "signature": "(const std::vector<uint8_t> & versions,const TokenCheckFunction & validation)", "scope": "WPEFramework::PluginHost::JSONRPCSupportsEventStatus", "scopeKind": "class"}, {"_type": "tag", "name": "JSONRPCSupportsEventStatus", "path": "/home/kavia/workspace/code-generation/app-gateway2/dependencies/install/include/WPEFramework/plugins/JSONRPC.h", "pattern": "/^    class EXTERNAL JSONRPCSupportsEventStatus : public PluginHost::JSONRPC {$/", "language": "C++", "kind": "class", "scope": "WPEFramework::PluginHost", "scopeKind": "namespace"}, {"_type": "tag", "name": "Local", "path": "/home/kavia/workspace/code-generation/app-gateway2/dependencies/install/include/WPEFramework/plugins/JSONRPC.h", "pattern": "/^        ILocalDispatcher* Local() override {$/", "language": "C++", "typeref": "typename:ILocalDispatcher *", "kind": "function", "signature": "()", "scope": "WPEFramework::PluginHost::JSONRPC", "scopeKind": "class"}, {"_type": "tag", "name": "Major", "path": "/home/kavia/workspace/code-generation/app-gateway2/dependencies/install/include/WPEFramework/plugins/JSONRPC.h", "pattern": "/^            uint8_t Major() const {$/", "language": "C++", "typeref": "typename:uint8_t", "kind": "function", "signature": "() const", "scope": "WPEFramework::PluginHost::JSONRPC::VersionInfo", "scopeKind": "class"}, {"_type": "tag", "name": "Minor", "path": "/home/kavia/workspace/code-generation/app-gateway2/dependencies/install/include/WPEFramework/plugins/JSONRPC.h", "pattern": "/^            uint8_t Minor() const {$/", "language": "C++", "typeref": "typename:uint8_t", "kind": "function", "signature": "() const", "scope": "WPEFramework::PluginHost::JSONRPC::VersionInfo", "scopeKind": "class"}, {"_type": "tag", "name": "Name", "path": "/home/kavia/workspace/code-generation/app-gateway2/dependencies/install/include/WPEFramework/plugins/JSONRPC.h", "pattern": "/^            const string& Name() const {$/", "language": "C++", "typeref": "typename:const string &", "kind": "function", "signature": "() const", "scope": "WPEFramework::PluginHost::JSONRPC::VersionInfo", "scopeKind": "class"}, {"_type": "tag", "name": "Notify", "path": "/home/kavia/workspace/code-generation/app-gateway2/dependencies/install/include/WPEFramework/plugins/JSONRPC.h", "pattern": "/^        uint32_t Notify(const string& event) const$/", "language": "C++", "typeref": "typename:uint32_t", "kind": "function", "signature": "(const string & event) const", "scope": "WPEFramework::PluginHost::JSONRPC", "scopeKind": "class"}, {"_type": "tag", "name": "Notify", "path": "/home/kavia/workspace/code-generation/app-gateway2/dependencies/install/include/WPEFramework/plugins/JSONRPC.h", "pattern": "/^        uint32_t Notify(const string& event, const JSONOBJECT& parameters) const$/", "language": "C++", "typeref": "typename:uint32_t", "kind": "function", "signature": "(const string & event,const JSONOBJECT & parameters) const", "scope": "WPEFramework::PluginHost::JSONRPC", "scopeKind": "class"}, {"_type": "tag", "name": "Notify", "path": "/home/kavia/workspace/code-generation/app-gateway2/dependencies/install/include/WPEFramework/plugins/JSONRPC.h", "pattern": "/^        uint32_t Notify(const string& event, const JSONOBJECT& parameters, SENDIFMETHOD method) /", "language": "C++", "typeref": "typename:uint32_t", "kind": "function", "signature": "(const string & event,const JSONOBJECT & parameters,SENDIFMETHOD method) const", "scope": "WPEFramework::PluginHost::JSONRPC", "scopeKind": "class"}, {"_type": "tag", "name": "Notify", "path": "/home/kavia/workspace/code-generation/app-gateway2/dependencies/install/include/WPEFramework/plugins/JSONRPC.h", "pattern": "/^        void Notify(const uint32_t channelId, const string& designator, const string& parameters/", "language": "C++", "typeref": "typename:void", "kind": "function", "signature": "(const uint32_t channelId,const string & designator,const string & parameters)", "scope": "WPEFramework::PluginHost::JSONRPC", "scopeKind": "class"}, {"_type": "tag", "name": "NotifyObservers", "path": "/home/kavia/workspace/code-generation/app-gateway2/dependencies/install/include/WPEFramework/plugins/JSONRPC.h", "pattern": "/^        void NotifyObservers(const string& event, const string& client, const Status status) con/", "language": "C++", "typeref": "typename:void", "kind": "function", "signature": "(const string & event,const string & client,const Status status) const", "scope": "WPEFramework::PluginHost::JSONRPCSupportsEventStatus", "scopeKind": "class"}, {"_type": "tag", "name": "Observer", "path": "/home/kavia/workspace/code-generation/app-gateway2/dependencies/install/include/WPEFramework/plugins/JSONRPC.h", "pattern": "/^            Observer()$/", "language": "C++", "kind": "function", "signature": "()", "scope": "WPEFramework::PluginHost::JSONRPC::Observer", "scopeKind": "class"}, {"_type": "tag", "name": "Observer", "path": "/home/kavia/workspace/code-generation/app-gateway2/dependencies/install/include/WPEFramework/plugins/JSONRPC.h", "pattern": "/^            Observer(Observer&& move)$/", "language": "C++", "kind": "function", "signature": "(Observer && move)", "scope": "WPEFramework::PluginHost::JSONRPC::Observer", "scopeKind": "class"}, {"_type": "tag", "name": "Observer", "path": "/home/kavia/workspace/code-generation/app-gateway2/dependencies/install/include/WPEFramework/plugins/JSONRPC.h", "pattern": "/^            Observer(const Observer& copy)$/", "language": "C++", "kind": "function", "signature": "(const Observer & copy)", "scope": "WPEFramework::PluginHost::JSONRPC::Observer", "scopeKind": "class"}, {"_type": "tag", "name": "Observer", "path": "/home/kavia/workspace/code-generation/app-gateway2/dependencies/install/include/WPEFramework/plugins/JSONRPC.h", "pattern": "/^        class Observer {$/", "language": "C++", "kind": "class", "scope": "WPEFramework::PluginHost::JSONRPC", "scopeKind": "class"}, {"_type": "tag", "name": "ObserverMap", "path": "/home/kavia/workspace/code-generation/app-gateway2/dependencies/install/include/WPEFramework/plugins/JSONRPC.h", "pattern": "/^        using ObserverMap = std::unordered_map<string, Observer>;$/", "language": "C++", "typeref": "typename:std::unordered_map<string,Observer>", "kind": "typedef", "scope": "WPEFramework::PluginHost::JSONRPC", "scopeKind": "class"}, {"_type": "tag", "name": "Patch", "path": "/home/kavia/workspace/code-generation/app-gateway2/dependencies/install/include/WPEFramework/plugins/JSONRPC.h", "pattern": "/^            uint8_t Patch() const {$/", "language": "C++", "typeref": "typename:uint8_t", "kind": "function", "signature": "() const", "scope": "WPEFramework::PluginHost::JSONRPC::VersionInfo", "scopeKind": "class"}, {"_type": "tag", "name": "PluginHost", "path": "/home/kavia/workspace/code-generation/app-gateway2/dependencies/install/include/WPEFramework/plugins/JSONRPC.h", "pattern": "/^namespace PluginHost {$/", "language": "C++", "kind": "namespace", "scope": "WPEFramework", "scopeKind": "namespace"}, {"_type": "tag", "name": "ProcessSubscribe", "path": "/home/kavia/workspace/code-generation/app-gateway2/dependencies/install/include/WPEFramework/plugins/JSONRPC.h", "pattern": "/^        uint32_t ProcessSubscribe(const uint32_t channel, const string& eventId, const string& d/", "language": "C++", "typeref": "typename:uint32_t", "kind": "function", "signature": "(const uint32_t channel,const string & eventId,const string & designator)", "scope": "WPEFramework::PluginHost::JSONRPCSupportsEventStatus", "scopeKind": "class"}, {"_type": "tag", "name": "ProcessSubscribe", "path": "/home/kavia/workspace/code-generation/app-gateway2/dependencies/install/include/WPEFramework/plugins/JSONRPC.h", "pattern": "/^        virtual uint32_t ProcessSubscribe(const uint32_t channelId, const string& eventId, const/", "language": "C++", "typeref": "typename:uint32_t", "kind": "function", "signature": "(const uint32_t channelId,const string & eventId,const string & designator)", "scope": "WPEFramework::PluginHost::JSONRPC", "scopeKind": "class"}, {"_type": "tag", "name": "ProcessUnsubscribed", "path": "/home/kavia/workspace/code-generation/app-gateway2/dependencies/install/include/WPEFramework/plugins/JSONRPC.h", "pattern": "/^        virtual void ProcessUnsubscribed(const uint32_t channelId VARIABLE_IS_NOT_USED, const st/", "language": "C++", "typeref": "typename:void", "kind": "function", "signature": "(const uint32_t channelId VARIABLE_IS_NOT_USED,const string & eventId VARIABLE_IS_NOT_USED,const string & designator VARIABLE_IS_NOT_USED)", "scope": "WPEFramework::PluginHost::JSONRPC", "scopeKind": "class"}, {"_type": "tag", "name": "ProcessUnsubscribed", "path": "/home/kavia/workspace/code-generation/app-gateway2/dependencies/install/include/WPEFramework/plugins/JSONRPC.h", "pattern": "/^        void ProcessUnsubscribed(const uint32_t channel VARIABLE_IS_NOT_USED, const string& even/", "language": "C++", "typeref": "typename:void", "kind": "function", "signature": "(const uint32_t channel VARIABLE_IS_NOT_USED,const string & eventId,const string & designator)", "scope": "WPEFramework::PluginHost::JSONRPCSupportsEventStatus", "scopeKind": "class"}, {"_type": "tag", "name": "Property", "path": "/home/kavia/workspace/code-generation/app-gateway2/dependencies/install/include/WPEFramework/plugins/JSONRPC.h", "pattern": "/^        void Property(const string& methodName, GET_METHOD getter, SET_METHOD setter, REALOBJECT/", "language": "C++", "typeref": "typename:void", "kind": "function", "signature": "(const string & methodName,GET_METHOD getter,SET_METHOD setter,REALOBJECT * objectPtr)", "scope": "WPEFramework::PluginHost::JSONRPC", "scopeKind": "class"}, {"_type": "tag", "name": "Register", "path": "/home/kavia/workspace/code-generation/app-gateway2/dependencies/install/include/WPEFramework/plugins/JSONRPC.h", "pattern": "/^        void Register(const string& methodName, const Core::JSONRPC::CallbackFunction& lambda)$/", "language": "C++", "typeref": "typename:void", "kind": "function", "signature": "(const string & methodName,const Core::JSONRPC::CallbackFunction & lambda)", "scope": "WPEFramework::PluginHost::JSONRPC", "scopeKind": "class"}, {"_type": "tag", "name": "Register", "path": "/home/kavia/workspace/code-generation/app-gateway2/dependencies/install/include/WPEFramework/plugins/JSONRPC.h", "pattern": "/^        void Register(const string& methodName, const Core::JSONRPC::InvokeFunction& lambda) $/", "language": "C++", "typeref": "typename:void", "kind": "function", "signature": "(const string & methodName,const Core::JSONRPC::InvokeFunction & lambda)", "scope": "WPEFramework::PluginHost::JSONRPC", "scopeKind": "class"}, {"_type": "tag", "name": "Register", "path": "/home/kavia/workspace/code-generation/app-gateway2/dependencies/install/include/WPEFramework/plugins/JSONRPC.h", "pattern": "/^        void Register(const string& methodName, const METHOD& method)$/", "language": "C++", "typeref": "typename:void", "kind": "function", "signature": "(const string & methodName,const METHOD & method)", "scope": "WPEFramework::PluginHost::JSONRPC", "scopeKind": "class"}, {"_type": "tag", "name": "Register", "path": "/home/kavia/workspace/code-generation/app-gateway2/dependencies/install/include/WPEFramework/plugins/JSONRPC.h", "pattern": "/^        void Register(const string& methodName, const METHOD& method, REALOBJECT* objectPtr)$/", "language": "C++", "typeref": "typename:void", "kind": "function", "signature": "(const string & methodName,const METHOD & method,REALOBJECT * objectPtr)", "scope": "WPEFramework::PluginHost::JSONRPC", "scopeKind": "class"}], "hash": "a72291b58b3d27c02e4b7131b279affe", "format-version": 4, "code-base-name": "app-gateway2", "filename": "dependencies/install/include/WPEFramework/plugins/JSONRPC.h", "fields": [{"name": "Core::JSON::String Callsign", "scope": "WPEFramework::PluginHost::JSONRPC::Registration", "scopeKind": "class", "description": "unavailable"}, {"name": "Core::JSON::String Event", "scope": "WPEFramework::PluginHost::JSONRPC::Registration", "scopeKind": "class", "description": "unavailable"}], "revision_history": [{"17391": "0f87a35b32215bc8547fb583d6c84bd51f603f69"}]}