{"is_source_file": true, "format": "Python", "description": "This file is a Python script for generating JSON-based C++ classes, stub code, and API documentation from JSON definitions and C++ headers. It contains license information, global constants, configuration options, and an argument parser for command line interface.", "external_files": ["../../ProxyStubGenerator/default.h"], "external_methods": ["os.sep", "posixpath.normpath", "argparse.ArgumentParser", "argparse._xxx (methods used internally by argparse, e.g., add_argument, add_argument_group)"], "published": ["Parse"], "classes": [], "methods": [{"name": "Parse(cmdline)", "description": "Parses command line arguments to configure code and documentation generation options.", "scope": "", "scopeKind": ""}], "calls": ["argparse.ArgumentParser", "argparse._xxx", "add_argument", "os.sep", "posixpath.normpath", "os.path.abspath"], "search-terms": ["JsonGenerator", "config.py", "argument parser", "JSON generation", "C++ header inclusion", "RPC format options"], "state": 2, "file_id": 8237, "knowledge_revision": 16950, "git_revision": "0f87a35b32215bc8547fb583d6c84bd51f603f69", "ctags": [{"_type": "tag", "name": "ALWAYS_EMIT_COPY_CTOR", "path": "/home/kavia/workspace/code-generation/app-gateway2/dependencies/install/sbin/JsonGenerator/source/config.py", "pattern": "/^ALWAYS_EMIT_COPY_CTOR = False$/", "language": "Python", "kind": "variable"}, {"_type": "tag", "name": "AUTO_PREFIX", "path": "/home/kavia/workspace/code-generation/app-gateway2/dependencies/install/sbin/JsonGenerator/source/config.py", "pattern": "/^AUTO_PREFIX = False$/", "language": "Python", "kind": "variable"}, {"_type": "tag", "name": "CLASSNAME_FROM_REF", "path": "/home/kavia/workspace/code-generation/app-gateway2/dependencies/install/sbin/JsonGenerator/source/config.py", "pattern": "/^CLASSNAME_FROM_REF = True$/", "language": "Python", "kind": "variable"}, {"_type": "tag", "name": "COLLAPSED", "path": "/home/kavia/workspace/code-generation/app-gateway2/dependencies/install/sbin/JsonGenerator/source/config.py", "pattern": "/^    COLLAPSED = \"uncompliant-collapsed\"$/", "language": "Python", "kind": "variable", "scope": "RpcFormat", "scopeKind": "class"}, {"_type": "tag", "name": "COMMON_OBJECT_SUFFIX", "path": "/home/kavia/workspace/code-generation/app-gateway2/dependencies/install/sbin/JsonGenerator/source/config.py", "pattern": "/^COMMON_OBJECT_SUFFIX = \"Info\"$/", "language": "Python", "kind": "variable"}, {"_type": "tag", "name": "COMPLIANT", "path": "/home/kavia/workspace/code-generation/app-gateway2/dependencies/install/sbin/JsonGenerator/source/config.py", "pattern": "/^    COMPLIANT = \"compliant\"$/", "language": "Python", "kind": "variable", "scope": "RpcFormat", "scopeKind": "class"}, {"_type": "tag", "name": "CPP_INTERFACE_PATH", "path": "/home/kavia/workspace/code-generation/app-gateway2/dependencies/install/sbin/JsonGenerator/source/config.py", "pattern": "/^CPP_INTERFACE_PATH = \"interfaces\" + os.sep$/", "language": "Python", "kind": "variable"}, {"_type": "tag", "name": "DATA_NAMESPACE", "path": "/home/kavia/workspace/code-generation/app-gateway2/dependencies/install/sbin/JsonGenerator/source/config.py", "pattern": "/^DATA_NAMESPACE = \"JsonData\"$/", "language": "Python", "kind": "variable"}, {"_type": "tag", "name": "DEFAULT_DEFINITIONS_FILE", "path": "/home/kavia/workspace/code-generation/app-gateway2/dependencies/install/sbin/JsonGenerator/source/config.py", "pattern": "/^DEFAULT_DEFINITIONS_FILE = \"..\\/..\\/ProxyStubGenerator\\/default.h\"$/", "language": "Python", "kind": "variable"}, {"_type": "tag", "name": "DEFAULT_INTERFACE_SOURCE_REVISION", "path": "/home/kavia/workspace/code-generation/app-gateway2/dependencies/install/sbin/JsonGenerator/source/config.py", "pattern": "/^DEFAULT_INTERFACE_SOURCE_REVISION = \"main\"$/", "language": "Python", "kind": "variable"}, {"_type": "tag", "name": "DEFAULT_INT_SIZE", "path": "/home/kavia/workspace/code-generation/app-gateway2/dependencies/install/sbin/JsonGenerator/source/config.py", "pattern": "/^DEFAULT_INT_SIZE = 32$/", "language": "Python", "kind": "variable"}, {"_type": "tag", "name": "DOC_ISSUES", "path": "/home/kavia/workspace/code-generation/app-gateway2/dependencies/install/sbin/JsonGenerator/source/config.py", "pattern": "/^DOC_ISSUES = True$/", "language": "Python", "kind": "variable"}, {"_type": "tag", "name": "DUMP_JSON", "path": "/home/kavia/workspace/code-generation/app-gateway2/dependencies/install/sbin/JsonGenerator/source/config.py", "pattern": "/^DUMP_JSON = False$/", "language": "Python", "kind": "variable"}, {"_type": "tag", "name": "ENUM_SUFFIX", "path": "/home/kavia/workspace/code-generation/app-gateway2/dependencies/install/sbin/JsonGenerator/source/config.py", "pattern": "/^ENUM_SUFFIX = \"Type\"$/", "language": "Python", "kind": "variable"}, {"_type": "tag", "name": "EXTENDED", "path": "/home/kavia/workspace/code-generation/app-gateway2/dependencies/install/sbin/JsonGenerator/source/config.py", "pattern": "/^    EXTENDED = \"uncompliant-extended\"$/", "language": "Python", "kind": "variable", "scope": "RpcFormat", "scopeKind": "class"}, {"_type": "tag", "name": "FORCE", "path": "/home/kavia/workspace/code-generation/app-gateway2/dependencies/install/sbin/JsonGenerator/source/config.py", "pattern": "/^FORCE = False$/", "language": "Python", "kind": "variable"}, {"_type": "tag", "name": "FRAMEWORK_NAMESPACE", "path": "/home/kavia/workspace/code-generation/app-gateway2/dependencies/install/sbin/JsonGenerator/source/config.py", "pattern": "/^FRAMEWORK_NAMESPACE = \"WPEFramework\"$/", "language": "Python", "kind": "variable"}, {"_type": "tag", "name": "GENERATED_JSON", "path": "/home/kavia/workspace/code-generation/app-gateway2/dependencies/install/sbin/JsonGenerator/source/config.py", "pattern": "/^GENERATED_JSON = False$/", "language": "Python", "kind": "variable"}, {"_type": "tag", "name": "GLOBAL_DEFINITIONS", "path": "/home/kavia/workspace/code-generation/app-gateway2/dependencies/install/sbin/JsonGenerator/source/config.py", "pattern": "/^GLOBAL_DEFINITIONS = \"..\" + os.sep + \"global.json\"$/", "language": "Python", "kind": "variable"}, {"_type": "tag", "name": "IMPL_ENDPOINT_PREFIX", "path": "/home/kavia/workspace/code-generation/app-gateway2/dependencies/install/sbin/JsonGenerator/source/config.py", "pattern": "/^IMPL_ENDPOINT_PREFIX = \"endpoint_\"$/", "language": "Python", "kind": "variable"}, {"_type": "tag", "name": "IMPL_EVENT_PREFIX", "path": "/home/kavia/workspace/code-generation/app-gateway2/dependencies/install/sbin/JsonGenerator/source/config.py", "pattern": "/^IMPL_EVENT_PREFIX = \"event_\"$/", "language": "Python", "kind": "variable"}, {"_type": "tag", "name": "INDENT_SIZE", "path": "/home/kavia/workspace/code-generation/app-gateway2/dependencies/install/sbin/JsonGenerator/source/config.py", "pattern": "/^INDENT_SIZE = 4$/", "language": "Python", "kind": "variable"}, {"_type": "tag", "name": "INTERFACES_SECTION", "path": "/home/kavia/workspace/code-generation/app-gateway2/dependencies/install/sbin/JsonGenerator/source/config.py", "pattern": "/^INTERFACES_SECTION = True$/", "language": "Python", "kind": "variable"}, {"_type": "tag", "name": "INTERFACE_NAMESPACES", "path": "/home/kavia/workspace/code-generation/app-gateway2/dependencies/install/sbin/JsonGenerator/source/config.py", "pattern": "/^INTERFACE_NAMESPACES = [\"::WPEFramework::Exchange\"]$/", "language": "Python", "kind": "variable"}, {"_type": "tag", "name": "INTERFACE_SOURCE_LOCATION", "path": "/home/kavia/workspace/code-generation/app-gateway2/dependencies/install/sbin/JsonGenerator/source/config.py", "pattern": "/^INTERFACE_SOURCE_LOCATION = None$/", "language": "Python", "kind": "variable"}, {"_type": "tag", "name": "INTERFACE_SOURCE_REVISION", "path": "/home/kavia/workspace/code-generation/app-gateway2/dependencies/install/sbin/JsonGenerator/source/config.py", "pattern": "/^INTERFACE_SOURCE_REVISION = None$/", "language": "Python", "kind": "variable"}, {"_type": "tag", "name": "JSON_INTERFACE_PATH", "path": "/home/kavia/workspace/code-generation/app-gateway2/dependencies/install/sbin/JsonGenerator/source/config.py", "pattern": "/^JSON_INTERFACE_PATH = CPP_INTERFACE_PATH + \"json\"  + os.sep$/", "language": "Python", "kind": "variable"}, {"_type": "tag", "name": "KEEP_EMPTY", "path": "/home/kavia/workspace/code-generation/app-gateway2/dependencies/install/sbin/JsonGenerator/source/config.py", "pattern": "/^KEEP_EMPTY = False$/", "language": "Python", "kind": "variable"}, {"_type": "tag", "name": "LEGACY_ALT", "path": "/home/kavia/workspace/code-generation/app-gateway2/dependencies/install/sbin/JsonGenerator/source/config.py", "pattern": "/^LEGACY_ALT = False$/", "language": "Python", "kind": "variable"}, {"_type": "tag", "name": "NO_INCLUDES", "path": "/home/kavia/workspace/code-generation/app-gateway2/dependencies/install/sbin/JsonGenerator/source/config.py", "pattern": "/^NO_INCLUDES = False$/", "language": "Python", "kind": "variable"}, {"_type": "tag", "name": "NO_PUSH_WARNING", "path": "/home/kavia/workspace/code-generation/app-gateway2/dependencies/install/sbin/JsonGenerator/source/config.py", "pattern": "/^NO_PUSH_WARNING = False$/", "language": "Python", "kind": "variable"}, {"_type": "tag", "name": "NO_VERSIONING", "path": "/home/kavia/workspace/code-generation/app-gateway2/dependencies/install/sbin/JsonGenerator/source/config.py", "pattern": "/^NO_VERSIONING = False$/", "language": "Python", "kind": "variable"}, {"_type": "tag", "name": "OBJECT_SUFFIX", "path": "/home/kavia/workspace/code-generation/app-gateway2/dependencies/install/sbin/JsonGenerator/source/config.py", "pattern": "/^OBJECT_SUFFIX = \"Data\"$/", "language": "Python", "kind": "variable"}, {"_type": "tag", "name": "PLUGIN_NAMESPACE", "path": "/home/kavia/workspace/code-generation/app-gateway2/dependencies/install/sbin/JsonGenerator/source/config.py", "pattern": "/^PLUGIN_NAMESPACE = \"Plugin\"$/", "language": "Python", "kind": "variable"}, {"_type": "tag", "name": "Parse", "path": "/home/kavia/workspace/code-generation/app-gateway2/dependencies/install/sbin/JsonGenerator/source/config.py", "pattern": "/^def Parse(cmdline):$/", "language": "Python", "kind": "function", "signature": "(cmdline)"}, {"_type": "tag", "name": "RPC_FORMAT", "path": "/home/kavia/workspace/code-generation/app-gateway2/dependencies/install/sbin/JsonGenerator/source/config.py", "pattern": "/^RPC_FORMAT = RpcFormat.COMPLIANT$/", "language": "Python", "kind": "variable"}, {"_type": "tag", "name": "RPC_FORMAT_FORCED", "path": "/home/kavia/workspace/code-generation/app-gateway2/dependencies/install/sbin/JsonGenerator/source/config.py", "pattern": "/^RPC_FORMAT_FORCED = False$/", "language": "Python", "kind": "variable"}, {"_type": "tag", "name": "RpcFormat", "path": "/home/kavia/workspace/code-generation/app-gateway2/dependencies/install/sbin/JsonGenerator/source/config.py", "pattern": "/^class RpcFormat(Enum):$/", "language": "Python", "kind": "class"}, {"_type": "tag", "name": "TYPE_PREFIX", "path": "/home/kavia/workspace/code-generation/app-gateway2/dependencies/install/sbin/JsonGenerator/source/config.py", "pattern": "/^TYPE_PREFIX = \"Core::JSON\"$/", "language": "Python", "kind": "variable"}], "hash": "3bf2262aa3c5e87033456ca8c3ad8d49", "format-version": 4, "code-base-name": "app-gateway2", "filename": "dependencies/install/sbin/JsonGenerator/source/config.py", "fields": [{"name": "ALWAYS_EMIT_COPY_CTOR = False", "scope": "", "scopeKind": "", "description": "unavailable"}, {"name": "AUTO_PREFIX = False", "scope": "", "scopeKind": "", "description": "unavailable"}, {"name": "CLASSNAME_FROM_REF = True", "scope": "", "scopeKind": "", "description": "unavailable"}, {"name": "COLLAPSED = \"uncompliant-collapsed\"", "scope": "RpcFormat", "scopeKind": "class", "description": "unavailable"}, {"name": "COMMON_OBJECT_SUFFIX = \"Info\"", "scope": "", "scopeKind": "", "description": "unavailable"}, {"name": "COMPLIANT = \"compliant\"", "scope": "RpcFormat", "scopeKind": "class", "description": "unavailable"}, {"name": "CPP_INTERFACE_PATH = \"interfaces\" + os.sep", "scope": "", "scopeKind": "", "description": "unavailable"}, {"name": "DATA_NAMESPACE = \"JsonData\"", "scope": "", "scopeKind": "", "description": "unavailable"}, {"name": "DEFAULT_DEFINITIONS_FILE = \"..\\/..\\/ProxyStubGenerator\\/default.h\"", "scope": "", "scopeKind": "", "description": "unavailable"}, {"name": "DEFAULT_INTERFACE_SOURCE_REVISION = \"main\"", "scope": "", "scopeKind": "", "description": "unavailable"}, {"name": "DEFAULT_INT_SIZE = 32", "scope": "", "scopeKind": "", "description": "unavailable"}, {"name": "DOC_ISSUES = True", "scope": "", "scopeKind": "", "description": "unavailable"}, {"name": "DUMP_JSON = False", "scope": "", "scopeKind": "", "description": "unavailable"}, {"name": "ENUM_SUFFIX = \"Type\"", "scope": "", "scopeKind": "", "description": "unavailable"}, {"name": "EXTENDED = \"uncompliant-extended\"", "scope": "RpcFormat", "scopeKind": "class", "description": "unavailable"}, {"name": "FORCE = False", "scope": "", "scopeKind": "", "description": "unavailable"}, {"name": "FRAMEWORK_NAMESPACE = \"WPEFramework\"", "scope": "", "scopeKind": "", "description": "unavailable"}, {"name": "GENERATED_JSON = False", "scope": "", "scopeKind": "", "description": "unavailable"}, {"name": "GLOBAL_DEFINITIONS = \"..\" + os.sep + \"global.json\"", "scope": "", "scopeKind": "", "description": "unavailable"}, {"name": "IMPL_ENDPOINT_PREFIX = \"endpoint_\"", "scope": "", "scopeKind": "", "description": "unavailable"}, {"name": "IMPL_EVENT_PREFIX = \"event_\"", "scope": "", "scopeKind": "", "description": "unavailable"}, {"name": "INDENT_SIZE = 4", "scope": "", "scopeKind": "", "description": "unavailable"}, {"name": "INTERFACES_SECTION = True", "scope": "", "scopeKind": "", "description": "unavailable"}, {"name": "INTERFACE_NAMESPACES = [\"::WPEFramework::Exchange\"]", "scope": "", "scopeKind": "", "description": "unavailable"}, {"name": "INTERFACE_SOURCE_LOCATION = None", "scope": "", "scopeKind": "", "description": "unavailable"}, {"name": "INTERFACE_SOURCE_REVISION = None", "scope": "", "scopeKind": "", "description": "unavailable"}, {"name": "JSON_INTERFACE_PATH = CPP_INTERFACE_PATH + \"json\"  + os.sep", "scope": "", "scopeKind": "", "description": "unavailable"}, {"name": "KEEP_EMPTY = False", "scope": "", "scopeKind": "", "description": "unavailable"}, {"name": "LEGACY_ALT = False", "scope": "", "scopeKind": "", "description": "unavailable"}, {"name": "NO_INCLUDES = False", "scope": "", "scopeKind": "", "description": "unavailable"}, {"name": "NO_PUSH_WARNING = False", "scope": "", "scopeKind": "", "description": "unavailable"}, {"name": "NO_VERSIONING = False", "scope": "", "scopeKind": "", "description": "unavailable"}, {"name": "OBJECT_SUFFIX = \"Data\"", "scope": "", "scopeKind": "", "description": "unavailable"}, {"name": "PLUGIN_NAMESPACE = \"Plugin\"", "scope": "", "scopeKind": "", "description": "unavailable"}, {"name": "RPC_FORMAT = RpcFormat.COMPLIANT", "scope": "", "scopeKind": "", "description": "unavailable"}, {"name": "RPC_FORMAT_FORCED = False", "scope": "", "scopeKind": "", "description": "unavailable"}, {"name": "TYPE_PREFIX = \"Core::JSON\"", "scope": "", "scopeKind": "", "description": "unavailable"}], "revision_history": [{"16950": "0f87a35b32215bc8547fb583d6c84bd51f603f69"}]}