{"is_source_file": true, "format": "C++", "description": "This file contains C++ class definitions, enums, and JSON serialization code for the Messenger API in a JSON-RPC context, auto-generated from Messenger.json. It includes data containers for joining rooms, messaging, user actions, and room updates, as well as enums for security and action types.", "external_files": ["<core/JSON.h>", "<core/Enumerate.h>"], "external_methods": [], "published": ["WPEFramework::JsonData::Messenger::SecureType", "WPEFramework::JsonData::Messenger::JoinResultInfo", "WPEFramework::JsonData::Messenger::JoinParamsData", "WPEFramework::JsonData::Messenger::MessageParamsData", "WPEFramework::JsonData::Messenger::RoomupdateParamsData", "WPEFramework::JsonData::Messenger::SendParamsData", "WPEFramework::JsonData::Messenger::UserupdateParamsData"], "classes": [{"name": "JoinResultInfo", "description": "Contains the result of a join operation, primarily the room ID."}, {"name": "JoinParamsData", "description": "Holds parameters required to join a room, including username, room name, security, and ACL."}, {"name": "MessageParamsData", "description": "Contains data for sending a message, including the sender and message content."}, {"name": "RoomupdateParamsData", "description": "Represents room status changes like creation or destruction, with associated security and action type."}, {"name": "SendParamsData", "description": "Data structure for sending messages to a specific room by ID."}, {"name": "UserupdateParamsData", "description": "Details user status changes, such as joining or leaving a room."}], "methods": [{"name": "bool IsValid() const", "description": "Default implementation always returns true; used to validate data containers.", "scope": "WPEFramework::JsonData::Messenger::UserupdateParamsData", "scopeKind": "class"}, {"name": "JoinParamsData()", "scope": "WPEFramework::JsonData::Messenger::JoinParamsData", "scopeKind": "class", "description": "unavailable"}, {"name": "JoinResultInfo()", "scope": "WPEFramework::JsonData::Messenger::JoinResultInfo", "scopeKind": "class", "description": "unavailable"}, {"name": "MessageParamsData()", "scope": "WPEFramework::JsonData::Messenger::MessageParamsData", "scopeKind": "class", "description": "unavailable"}, {"name": "RoomupdateParamsData()", "scope": "WPEFramework::JsonData::Messenger::RoomupdateParamsData", "scopeKind": "class", "description": "unavailable"}, {"name": "SendParamsData()", "scope": "WPEFramework::JsonData::Messenger::SendParamsData", "scopeKind": "class", "description": "unavailable"}, {"name": "UserupdateParamsData()", "scope": "WPEFramework::JsonData::Messenger::UserupdateParamsData", "scopeKind": "class", "description": "unavailable"}], "calls": ["Add", "ENUM_CONVERSION_HANDLER"], "search-terms": ["JsonData_Messenger", "JoinResultInfo", "SecureType", "MessageParamsData", "RoomupdateParamsData", "UserupdateParamsData", "JSON::Container"], "state": 2, "file_id": 8496, "knowledge_revision": 17214, "git_revision": "a019ef1ecf9043a6387775f8d60762f619f4c761", "ctags": [{"_type": "tag", "name": "Acl", "path": "/home/kavia/workspace/code-generation/app-gateway2/dependencies/install/include/WPEFramework/interfaces/json/JsonData_Messenger.h", "pattern": "/^            Core::JSON::ArrayType<Core::JSON::String> Acl; \\/\\/ Access-control list for secure r/", "language": "C++", "typeref": "typename:Core::JSON::ArrayType<Core::JSON::String>", "kind": "member", "scope": "WPEFramework::JsonData::Messenger::JoinParamsData", "scopeKind": "class"}, {"_type": "tag", "name": "Action", "path": "/home/kavia/workspace/code-generation/app-gateway2/dependencies/install/include/WPEFramework/interfaces/json/JsonData_Messenger.h", "pattern": "/^            Core::JSON::EnumType<RoomupdateParamsData::ActionType> Action; \\/\\/ Specifies the ro/", "language": "C++", "typeref": "typename:Core::JSON::EnumType<RoomupdateParamsData::ActionType>", "kind": "member", "scope": "WPEFramework::JsonData::Messenger::RoomupdateParamsData", "scopeKind": "class"}, {"_type": "tag", "name": "Action", "path": "/home/kavia/workspace/code-generation/app-gateway2/dependencies/install/include/WPEFramework/interfaces/json/JsonData_Messenger.h", "pattern": "/^            Core::JSON::EnumType<UserupdateParamsData::ActionType> Action; \\/\\/ Specifies the us/", "language": "C++", "typeref": "typename:Core::JSON::EnumType<UserupdateParamsData::ActionType>", "kind": "member", "scope": "WPEFramework::JsonData::Messenger::UserupdateParamsData", "scopeKind": "class"}, {"_type": "tag", "name": "ActionType", "path": "/home/kavia/workspace/code-generation/app-gateway2/dependencies/install/include/WPEFramework/interfaces/json/JsonData_Messenger.h", "pattern": "/^            enum class ActionType : uint8_t {$/", "language": "C++", "typeref": "typename:uint8_t", "kind": "enum", "scope": "WPEFramework::JsonData::Messenger::RoomupdateParamsData", "scopeKind": "class"}, {"_type": "tag", "name": "ActionType", "path": "/home/kavia/workspace/code-generation/app-gateway2/dependencies/install/include/WPEFramework/interfaces/json/JsonData_Messenger.h", "pattern": "/^            enum class ActionType : uint8_t {$/", "language": "C++", "typeref": "typename:uint8_t", "kind": "enum", "scope": "WPEFramework::JsonData::Messenger::UserupdateParamsData", "scopeKind": "class"}, {"_type": "tag", "name": "CREATED", "path": "/home/kavia/workspace/code-generation/app-gateway2/dependencies/install/include/WPEFramework/interfaces/json/JsonData_Messenger.h", "pattern": "/^                CREATED,$/", "language": "C++", "kind": "enumerator", "scope": "WPEFramework::JsonData::Messenger::RoomupdateParamsData::ActionType", "scopeKind": "enum"}, {"_type": "tag", "name": "DESTROYED", "path": "/home/kavia/workspace/code-generation/app-gateway2/dependencies/install/include/WPEFramework/interfaces/json/JsonData_Messenger.h", "pattern": "/^                DESTROYED$/", "language": "C++", "kind": "enumerator", "scope": "WPEFramework::JsonData::Messenger::RoomupdateParamsData::ActionType", "scopeKind": "enum"}, {"_type": "tag", "name": "INSECURE", "path": "/home/kavia/workspace/code-generation/app-gateway2/dependencies/install/include/WPEFramework/interfaces/json/JsonData_Messenger.h", "pattern": "/^            INSECURE,$/", "language": "C++", "kind": "enumerator", "scope": "WPEFramework::JsonData::Messenger::SecureType", "scopeKind": "enum"}, {"_type": "tag", "name": "IsValid", "path": "/home/kavia/workspace/code-generation/app-gateway2/dependencies/install/include/WPEFramework/interfaces/json/JsonData_Messenger.h", "pattern": "/^            bool IsValid() const$/", "language": "C++", "typeref": "typename:bool", "kind": "function", "signature": "() const", "scope": "WPEFramework::JsonData::Messenger::JoinParamsData", "scopeKind": "class"}, {"_type": "tag", "name": "IsValid", "path": "/home/kavia/workspace/code-generation/app-gateway2/dependencies/install/include/WPEFramework/interfaces/json/JsonData_Messenger.h", "pattern": "/^            bool IsValid() const$/", "language": "C++", "typeref": "typename:bool", "kind": "function", "signature": "() const", "scope": "WPEFramework::JsonData::Messenger::JoinResultInfo", "scopeKind": "class"}, {"_type": "tag", "name": "IsValid", "path": "/home/kavia/workspace/code-generation/app-gateway2/dependencies/install/include/WPEFramework/interfaces/json/JsonData_Messenger.h", "pattern": "/^            bool IsValid() const$/", "language": "C++", "typeref": "typename:bool", "kind": "function", "signature": "() const", "scope": "WPEFramework::JsonData::Messenger::MessageParamsData", "scopeKind": "class"}, {"_type": "tag", "name": "IsValid", "path": "/home/kavia/workspace/code-generation/app-gateway2/dependencies/install/include/WPEFramework/interfaces/json/JsonData_Messenger.h", "pattern": "/^            bool IsValid() const$/", "language": "C++", "typeref": "typename:bool", "kind": "function", "signature": "() const", "scope": "WPEFramework::JsonData::Messenger::RoomupdateParamsData", "scopeKind": "class"}, {"_type": "tag", "name": "IsValid", "path": "/home/kavia/workspace/code-generation/app-gateway2/dependencies/install/include/WPEFramework/interfaces/json/JsonData_Messenger.h", "pattern": "/^            bool IsValid() const$/", "language": "C++", "typeref": "typename:bool", "kind": "function", "signature": "() const", "scope": "WPEFramework::JsonData::Messenger::SendParamsData", "scopeKind": "class"}, {"_type": "tag", "name": "IsValid", "path": "/home/kavia/workspace/code-generation/app-gateway2/dependencies/install/include/WPEFramework/interfaces/json/JsonData_Messenger.h", "pattern": "/^            bool IsValid() const$/", "language": "C++", "typeref": "typename:bool", "kind": "function", "signature": "() const", "scope": "WPEFramework::JsonData::Messenger::UserupdateParamsData", "scopeKind": "class"}, {"_type": "tag", "name": "JOINED", "path": "/home/kavia/workspace/code-generation/app-gateway2/dependencies/install/include/WPEFramework/interfaces/json/JsonData_Messenger.h", "pattern": "/^                JOINED,$/", "language": "C++", "kind": "enumerator", "scope": "WPEFramework::JsonData::Messenger::UserupdateParamsData::ActionType", "scopeKind": "enum"}, {"_type": "tag", "name": "JoinParamsData", "path": "/home/kavia/workspace/code-generation/app-gateway2/dependencies/install/include/WPEFramework/interfaces/json/JsonData_Messenger.h", "pattern": "/^            JoinParamsData()$/", "language": "C++", "kind": "function", "signature": "()", "scope": "WPEFramework::JsonData::Messenger::JoinParamsData", "scopeKind": "class"}, {"_type": "tag", "name": "JoinParamsData", "path": "/home/kavia/workspace/code-generation/app-gateway2/dependencies/install/include/WPEFramework/interfaces/json/JsonData_Messenger.h", "pattern": "/^        class JoinParamsData : public Core::JSON::Container {$/", "language": "C++", "kind": "class", "scope": "WPEFramework::JsonData::Messenger", "scopeKind": "namespace"}, {"_type": "tag", "name": "JoinResultInfo", "path": "/home/kavia/workspace/code-generation/app-gateway2/dependencies/install/include/WPEFramework/interfaces/json/JsonData_Messenger.h", "pattern": "/^            JoinResultInfo()$/", "language": "C++", "kind": "function", "signature": "()", "scope": "WPEFramework::JsonData::Messenger::JoinResultInfo", "scopeKind": "class"}, {"_type": "tag", "name": "JoinResultInfo", "path": "/home/kavia/workspace/code-generation/app-gateway2/dependencies/install/include/WPEFramework/interfaces/json/JsonData_Messenger.h", "pattern": "/^        class JoinResultInfo : public Core::JSON::Container {$/", "language": "C++", "kind": "class", "scope": "WPEFramework::JsonData::Messenger", "scopeKind": "namespace"}, {"_type": "tag", "name": "JsonData", "path": "/home/kavia/workspace/code-generation/app-gateway2/dependencies/install/include/WPEFramework/interfaces/json/JsonData_Messenger.h", "pattern": "/^namespace JsonData {$/", "language": "C++", "kind": "namespace", "scope": "WPEFramework", "scopeKind": "namespace"}, {"_type": "tag", "name": "LEFT", "path": "/home/kavia/workspace/code-generation/app-gateway2/dependencies/install/include/WPEFramework/interfaces/json/JsonData_Messenger.h", "pattern": "/^                LEFT$/", "language": "C++", "kind": "enumerator", "scope": "WPEFramework::JsonData::Messenger::UserupdateParamsData::ActionType", "scopeKind": "enum"}, {"_type": "tag", "name": "Message", "path": "/home/kavia/workspace/code-generation/app-gateway2/dependencies/install/include/WPEFramework/interfaces/json/JsonData_Messenger.h", "pattern": "/^            Core::JSON::String Message; \\/\\/ Content of the message$/", "language": "C++", "typeref": "typename:Core::JSON::String", "kind": "member", "scope": "WPEFramework::JsonData::Messenger::MessageParamsData", "scopeKind": "class"}, {"_type": "tag", "name": "Message", "path": "/home/kavia/workspace/code-generation/app-gateway2/dependencies/install/include/WPEFramework/interfaces/json/JsonData_Messenger.h", "pattern": "/^            Core::JSON::String Message; \\/\\/ The message content to send$/", "language": "C++", "typeref": "typename:Core::JSON::String", "kind": "member", "scope": "WPEFramework::JsonData::Messenger::SendParamsData", "scopeKind": "class"}, {"_type": "tag", "name": "MessageParamsData", "path": "/home/kavia/workspace/code-generation/app-gateway2/dependencies/install/include/WPEFramework/interfaces/json/JsonData_Messenger.h", "pattern": "/^            MessageParamsData()$/", "language": "C++", "kind": "function", "signature": "()", "scope": "WPEFramework::JsonData::Messenger::MessageParamsData", "scopeKind": "class"}, {"_type": "tag", "name": "MessageParamsData", "path": "/home/kavia/workspace/code-generation/app-gateway2/dependencies/install/include/WPEFramework/interfaces/json/JsonData_Messenger.h", "pattern": "/^        class MessageParamsData : public Core::JSON::Container {$/", "language": "C++", "kind": "class", "scope": "WPEFramework::JsonData::Messenger", "scopeKind": "namespace"}, {"_type": "tag", "name": "Messenger", "path": "/home/kavia/workspace/code-generation/app-gateway2/dependencies/install/include/WPEFramework/interfaces/json/JsonData_Messenger.h", "pattern": "/^    namespace Messenger {$/", "language": "C++", "kind": "namespace", "scope": "WPEFramework::JsonData", "scopeKind": "namespace"}, {"_type": "tag", "name": "Room", "path": "/home/kavia/workspace/code-generation/app-gateway2/dependencies/install/include/WPEFramework/interfaces/json/JsonData_Messenger.h", "pattern": "/^            Core::JSON::String Room; \\/\\/ Name of the room this notification relates to$/", "language": "C++", "typeref": "typename:Core::JSON::String", "kind": "member", "scope": "WPEFramework::JsonData::Messenger::RoomupdateParamsData", "scopeKind": "class"}, {"_type": "tag", "name": "Room", "path": "/home/kavia/workspace/code-generation/app-gateway2/dependencies/install/include/WPEFramework/interfaces/json/JsonData_Messenger.h", "pattern": "/^            Core::JSON::String Room; \\/\\/ Name of the room to join (must not be empty)$/", "language": "C++", "typeref": "typename:Core::JSON::String", "kind": "member", "scope": "WPEFramework::JsonData::Messenger::JoinParamsData", "scopeKind": "class"}, {"_type": "tag", "name": "Roomid", "path": "/home/kavia/workspace/code-generation/app-gateway2/dependencies/install/include/WPEFramework/interfaces/json/JsonData_Messenger.h", "pattern": "/^            Core::JSON::String Roomid; \\/\\/ ID of the room to send the message to$/", "language": "C++", "typeref": "typename:Core::JSON::String", "kind": "member", "scope": "WPEFramework::JsonData::Messenger::SendParamsData", "scopeKind": "class"}, {"_type": "tag", "name": "Roomid", "path": "/home/kavia/workspace/code-generation/app-gateway2/dependencies/install/include/WPEFramework/interfaces/json/JsonData_Messenger.h", "pattern": "/^            Core::JSON::String Roomid; \\/\\/ Unique ID of the room$/", "language": "C++", "typeref": "typename:Core::JSON::String", "kind": "member", "scope": "WPEFramework::JsonData::Messenger::JoinResultInfo", "scopeKind": "class"}, {"_type": "tag", "name": "RoomupdateParamsData", "path": "/home/kavia/workspace/code-generation/app-gateway2/dependencies/install/include/WPEFramework/interfaces/json/JsonData_Messenger.h", "pattern": "/^            RoomupdateParamsData()$/", "language": "C++", "kind": "function", "signature": "()", "scope": "WPEFramework::JsonData::Messenger::RoomupdateParamsData", "scopeKind": "class"}, {"_type": "tag", "name": "RoomupdateParamsData", "path": "/home/kavia/workspace/code-generation/app-gateway2/dependencies/install/include/WPEFramework/interfaces/json/JsonData_Messenger.h", "pattern": "/^        class RoomupdateParamsData : public Core::JSON::Container {$/", "language": "C++", "kind": "class", "scope": "WPEFramework::JsonData::Messenger", "scopeKind": "namespace"}, {"_type": "tag", "name": "SECURE", "path": "/home/kavia/workspace/code-generation/app-gateway2/dependencies/install/include/WPEFramework/interfaces/json/JsonData_Messenger.h", "pattern": "/^            SECURE$/", "language": "C++", "kind": "enumerator", "scope": "WPEFramework::JsonData::Messenger::SecureType", "scopeKind": "enum"}, {"_type": "tag", "name": "Secure", "path": "/home/kavia/workspace/code-generation/app-gateway2/dependencies/install/include/WPEFramework/interfaces/json/JsonData_Messenger.h", "pattern": "/^            Core::JSON::EnumType<SecureType> Secure; \\/\\/ Room security$/", "language": "C++", "typeref": "typename:Core::JSON::EnumType<SecureType>", "kind": "member", "scope": "WPEFramework::JsonData::Messenger::JoinParamsData", "scopeKind": "class"}, {"_type": "tag", "name": "Secure", "path": "/home/kavia/workspace/code-generation/app-gateway2/dependencies/install/include/WPEFramework/interfaces/json/JsonData_Messenger.h", "pattern": "/^            Core::JSON::EnumType<SecureType> Secure; \\/\\/ Room security$/", "language": "C++", "typeref": "typename:Core::JSON::EnumType<SecureType>", "kind": "member", "scope": "WPEFramework::JsonData::Messenger::RoomupdateParamsData", "scopeKind": "class"}, {"_type": "tag", "name": "SecureType", "path": "/home/kavia/workspace/code-generation/app-gateway2/dependencies/install/include/WPEFramework/interfaces/json/JsonData_Messenger.h", "pattern": "/^        enum class SecureType : uint8_t {$/", "language": "C++", "typeref": "typename:uint8_t", "kind": "enum", "scope": "WPEFramework::JsonData::Messenger", "scopeKind": "namespace"}, {"_type": "tag", "name": "SendParamsData", "path": "/home/kavia/workspace/code-generation/app-gateway2/dependencies/install/include/WPEFramework/interfaces/json/JsonData_Messenger.h", "pattern": "/^            SendParamsData()$/", "language": "C++", "kind": "function", "signature": "()", "scope": "WPEFramework::JsonData::Messenger::SendParamsData", "scopeKind": "class"}, {"_type": "tag", "name": "SendParamsData", "path": "/home/kavia/workspace/code-generation/app-gateway2/dependencies/install/include/WPEFramework/interfaces/json/JsonData_Messenger.h", "pattern": "/^        class SendParamsData : public Core::JSON::Container {$/", "language": "C++", "kind": "class", "scope": "WPEFramework::JsonData::Messenger", "scopeKind": "namespace"}, {"_type": "tag", "name": "User", "path": "/home/kavia/workspace/code-generation/app-gateway2/dependencies/install/include/WPEFramework/interfaces/json/JsonData_Messenger.h", "pattern": "/^            Core::JSON::String User; \\/\\/ Name of the user that has sent the message$/", "language": "C++", "typeref": "typename:Core::JSON::String", "kind": "member", "scope": "WPEFramework::JsonData::Messenger::MessageParamsData", "scopeKind": "class"}, {"_type": "tag", "name": "User", "path": "/home/kavia/workspace/code-generation/app-gateway2/dependencies/install/include/WPEFramework/interfaces/json/JsonData_Messenger.h", "pattern": "/^            Core::JSON::String User; \\/\\/ Name of the user that has this notification relates to$/", "language": "C++", "typeref": "typename:Core::JSON::String", "kind": "member", "scope": "WPEFramework::JsonData::Messenger::UserupdateParamsData", "scopeKind": "class"}, {"_type": "tag", "name": "User", "path": "/home/kavia/workspace/code-generation/app-gateway2/dependencies/install/include/WPEFramework/interfaces/json/JsonData_Messenger.h", "pattern": "/^            Core::JSON::String User; \\/\\/ User name to join the room under (must not be empty)$/", "language": "C++", "typeref": "typename:Core::JSON::String", "kind": "member", "scope": "WPEFramework::JsonData::Messenger::JoinParamsData", "scopeKind": "class"}, {"_type": "tag", "name": "UserupdateParamsData", "path": "/home/kavia/workspace/code-generation/app-gateway2/dependencies/install/include/WPEFramework/interfaces/json/JsonData_Messenger.h", "pattern": "/^            UserupdateParamsData()$/", "language": "C++", "kind": "function", "signature": "()", "scope": "WPEFramework::JsonData::Messenger::UserupdateParamsData", "scopeKind": "class"}, {"_type": "tag", "name": "UserupdateParamsData", "path": "/home/kavia/workspace/code-generation/app-gateway2/dependencies/install/include/WPEFramework/interfaces/json/JsonData_Messenger.h", "pattern": "/^        class UserupdateParamsData : public Core::JSON::Container {$/", "language": "C++", "kind": "class", "scope": "WPEFramework::JsonData::Messenger", "scopeKind": "namespace"}, {"_type": "tag", "name": "WPEFramework", "path": "/home/kavia/workspace/code-generation/app-gateway2/dependencies/install/include/WPEFramework/interfaces/json/JsonData_Messenger.h", "pattern": "/^namespace WPEFramework {$/", "language": "C++", "kind": "namespace"}], "hash": "8d03876475571727767879b3e0d93050", "format-version": 4, "code-base-name": "app-gateway2", "filename": "dependencies/install/include/WPEFramework/interfaces/json/JsonData_Messenger.h", "fields": [{"name": "Core::JSON::ArrayType<Core::JSON::String> Acl", "scope": "WPEFramework::JsonData::Messenger::JoinParamsData", "scopeKind": "class", "description": "unavailable"}, {"name": "Core::JSON::EnumType<RoomupdateParamsData::ActionType> Action", "scope": "WPEFramework::JsonData::Messenger::RoomupdateParamsData", "scopeKind": "class", "description": "unavailable"}, {"name": "Core::JSON::EnumType<UserupdateParamsData::ActionType> Action", "scope": "WPEFramework::JsonData::Messenger::UserupdateParamsData", "scopeKind": "class", "description": "unavailable"}, {"name": "Core::JSON::String Message", "scope": "WPEFramework::JsonData::Messenger::MessageParamsData", "scopeKind": "class", "description": "unavailable"}, {"name": "Core::JSON::String Room", "scope": "WPEFramework::JsonData::Messenger::RoomupdateParamsData", "scopeKind": "class", "description": "unavailable"}, {"name": "Core::JSON::String Roomid", "scope": "WPEFramework::JsonData::Messenger::SendParamsData", "scopeKind": "class", "description": "unavailable"}, {"name": "Core::JSON::EnumType<SecureType> Secure", "scope": "WPEFramework::JsonData::Messenger::JoinParamsData", "scopeKind": "class", "description": "unavailable"}, {"name": "Core::JSON::String User", "scope": "WPEFramework::JsonData::Messenger::MessageParamsData", "scopeKind": "class", "description": "unavailable"}], "revision_history": [{"17214": "a019ef1ecf9043a6387775f8d60762f619f4c761"}]}