{"is_source_file": true, "format": "C++", "description": "This file contains automatically generated enumeration conversion code for the Messenger API JSON-RPC interface, specifically mapping enum classes to string representations for serialization/deserialization.", "external_files": ["<core/Enumerate.h>", "definitions.h", "JsonData_Messenger.h"], "external_methods": [], "published": [], "classes": [], "methods": [{"name": "ENUM_CONVERSION_BEGIN(JsonData::Messenger::SecureType)", "scope": "WPEFramework", "scopeKind": "namespace", "description": "unavailable"}], "calls": [], "search-terms": ["JsonEnum_Messenger.cpp", "Messenger API", "JSON-RPC", "Enumeration conversions", "Generated automatically"], "state": 2, "file_id": 8850, "knowledge_revision": 18516, "git_revision": "a019ef1ecf9043a6387775f8d60762f619f4c761", "ctags": [{"_type": "tag", "name": "ENUM_CONVERSION_BEGIN", "path": "/home/kavia/workspace/code-generation/app-gateway2/dependencies/build/ThunderInterfaces/definitions/generated/JsonEnum_Messenger.cpp", "pattern": "/^ENUM_CONVERSION_BEGIN(JsonData::Messenger::SecureType)$/", "language": "C++", "kind": "function", "signature": "(JsonData::Messenger::SecureType)", "scope": "WPEFramework", "scopeKind": "namespace"}, {"_type": "tag", "name": "WPEFramework", "path": "/home/kavia/workspace/code-generation/app-gateway2/dependencies/build/ThunderInterfaces/definitions/generated/JsonEnum_Messenger.cpp", "pattern": "/^namespace WPEFramework {$/", "file": true, "language": "C++", "kind": "namespace"}], "hash": "ea3922b11d38419c074fdf5b0881f6c2", "format-version": 4, "code-base-name": "app-gateway2", "filename": "dependencies/build/ThunderInterfaces/definitions/generated/JsonEnum_Messenger.cpp", "revision_history": [{"18516": "a019ef1ecf9043a6387775f8d60762f619f4c761"}]}