{"is_source_file": true, "format": "C++ header file", "description": "This file defines version constants for the JDeviceInfo interface within the WPEFramework project.", "external_files": ["Module.h", "JsonData_DeviceInfo.h"], "external_methods": [], "published": ["WPEFramework::Exchange::JDeviceInfo::Version::Major", "WPEFramework::Exchange::JDeviceInfo::Version::Minor", "WPEFramework::Exchange::JDeviceInfo::Version::Patch"], "classes": [], "methods": [], "calls": [], "search-terms": ["JDeviceInfo", "Version", "Header", "Version constants"], "state": 2, "file_id": 8483, "knowledge_revision": 17193, "git_revision": "0f87a35b32215bc8547fb583d6c84bd51f603f69", "ctags": [{"_type": "tag", "name": "Exchange", "path": "/home/kavia/workspace/code-generation/app-gateway2/dependencies/install/include/WPEFramework/interfaces/json/JDeviceInfo.h", "pattern": "/^namespace Exchange {$/", "language": "C++", "kind": "namespace", "scope": "WPEFramework", "scopeKind": "namespace"}, {"_type": "tag", "name": "JDeviceInfo", "path": "/home/kavia/workspace/code-generation/app-gateway2/dependencies/install/include/WPEFramework/interfaces/json/JDeviceInfo.h", "pattern": "/^    namespace JDeviceInfo {$/", "language": "C++", "kind": "namespace", "scope": "WPEFramework::Exchange", "scopeKind": "namespace"}, {"_type": "tag", "name": "Major", "path": "/home/kavia/workspace/code-generation/app-gateway2/dependencies/install/include/WPEFramework/interfaces/json/JDeviceInfo.h", "pattern": "/^            constexpr uint8_t Major = 1;$/", "language": "C++", "typeref": "typename:uint8_t", "kind": "variable", "scope": "WPEFramework::Exchange::JDeviceInfo::Version", "scopeKind": "namespace"}, {"_type": "tag", "name": "Minor", "path": "/home/kavia/workspace/code-generation/app-gateway2/dependencies/install/include/WPEFramework/interfaces/json/JDeviceInfo.h", "pattern": "/^            constexpr uint8_t Minor = 0;$/", "language": "C++", "typeref": "typename:uint8_t", "kind": "variable", "scope": "WPEFramework::Exchange::JDeviceInfo::Version", "scopeKind": "namespace"}, {"_type": "tag", "name": "Patch", "path": "/home/kavia/workspace/code-generation/app-gateway2/dependencies/install/include/WPEFramework/interfaces/json/JDeviceInfo.h", "pattern": "/^            constexpr uint8_t Patch = 0;$/", "language": "C++", "typeref": "typename:uint8_t", "kind": "variable", "scope": "WPEFramework::Exchange::JDeviceInfo::Version", "scopeKind": "namespace"}, {"_type": "tag", "name": "Version", "path": "/home/kavia/workspace/code-generation/app-gateway2/dependencies/install/include/WPEFramework/interfaces/json/JDeviceInfo.h", "pattern": "/^        namespace Version {$/", "language": "C++", "kind": "namespace", "scope": "WPEFramework::Exchange::JDeviceInfo", "scopeKind": "namespace"}, {"_type": "tag", "name": "WPEFramework", "path": "/home/kavia/workspace/code-generation/app-gateway2/dependencies/install/include/WPEFramework/interfaces/json/JDeviceInfo.h", "pattern": "/^namespace WPEFramework {$/", "language": "C++", "kind": "namespace"}], "hash": "dcb9de84055bd2c388eabdc21b15eb93", "format-version": 4, "code-base-name": "app-gateway2", "filename": "dependencies/install/include/WPEFramework/interfaces/json/JDeviceInfo.h", "fields": [{"name": "uint8_t Major", "scope": "WPEFramework::Exchange::JDeviceInfo::Version", "scopeKind": "namespace", "description": "unavailable"}, {"name": "uint8_t Minor", "scope": "WPEFramework::Exchange::JDeviceInfo::Version", "scopeKind": "namespace", "description": "unavailable"}, {"name": "uint8_t Patch", "scope": "WPEFramework::Exchange::JDeviceInfo::Version", "scopeKind": "namespace", "description": "unavailable"}], "revision_history": [{"17193": "0f87a35b32215bc8547fb583d6c84bd51f603f69"}]}