{"is_source_file": true, "format": "C++", "description": "This file contains C++ class definitions for JSON serialization/deserialization related to MessageControl API. It defines the ControlInfo class, which encapsulates message control information and provides conversion operators to the IMessageControl::Control structure. The file is part of the JsonData namespace within the WPEFramework project and appears to be auto-generated from a header file.", "external_files": ["<core/JSON.h>", "<interfaces/IMessageControl.h>"], "external_methods": ["Exchange::IMessageControl::Control::type", "Exchange::IMessageControl::Control::category", "Exchange::IMessageControl::Control::module", "Exchange::IMessageControl::Control::enabled"], "published": ["ControlInfo"], "classes": [{"name": "ControlInfo", "description": "A JSON container class representing message control information, including type, category, module, and enabled status, with constructors and operators for conversion."}], "methods": [{"name": "ControlInfo()", "description": "Default constructor initializing JSON container.", "scope": "WPEFramework::JsonData::MessageControl::ControlInfo", "scopeKind": "class"}, {"name": "ControlInfo(const ControlInfo& _other)", "description": "Copy constructor."}, {"name": "operator=(const ControlInfo& _rhs)", "description": "Copy assignment operator."}, {"name": "ControlInfo(const Exchange::IMessageControl::Control& _other)", "description": "Constructor initializing from IMessageControl::Control structure."}, {"name": "operator=(const Exchange::IMessageControl::Control& _rhs)", "description": "Assignment operator from IMessageControl::Control structure."}, {"name": "operator Exchange::IMessageControl::Control() const", "description": "Conversion operator to IMessageControl::Control structure.", "scope": "WPEFramework::JsonData::MessageControl::ControlInfo", "scopeKind": "class"}, {"name": "IsValid()", "description": "Validity check function, currently always returns true."}, {"name": "ControlInfo(const ControlInfo & _other)", "scope": "WPEFramework::JsonData::MessageControl::ControlInfo", "scopeKind": "class", "description": "unavailable"}, {"name": "ControlInfo(const Exchange::IMessageControl::Control & _other)", "scope": "WPEFramework::JsonData::MessageControl::ControlInfo", "scopeKind": "class", "description": "unavailable"}, {"name": "bool IsValid() const", "scope": "WPEFramework::JsonData::MessageControl::ControlInfo", "scopeKind": "class", "description": "unavailable"}, {"name": "void _Init()", "scope": "WPEFramework::JsonData::MessageControl::ControlInfo", "scopeKind": "class", "description": "unavailable"}, {"name": "ControlInfo & operator =(const ControlInfo & _rhs)", "scope": "WPEFramework::JsonData::MessageControl::ControlInfo", "scopeKind": "class", "description": "unavailable"}, {"name": "ControlInfo & operator =(const Exchange::IMessageControl::Control & _rhs)", "scope": "WPEFramework::JsonData::MessageControl::ControlInfo", "scopeKind": "class", "description": "unavailable"}], "calls": ["Add()"], "search-terms": ["MessageControl", "ControlInfo", "JsonData", "generated", "IMessageControl", "Control"], "state": 2, "file_id": 8987, "knowledge_revision": 18657, "git_revision": "a019ef1ecf9043a6387775f8d60762f619f4c761", "ctags": [{"_type": "tag", "name": "Category", "path": "/home/kavia/workspace/code-generation/app-gateway2/dependencies/build/ThunderInterfaces/definitions/generated/JsonData_MessageControl.h", "pattern": "/^            Core::JSON::String Category; \\/\\/ Name of the message category$/", "language": "C++", "typeref": "typename:Core::JSON::String", "kind": "member", "scope": "WPEFramework::JsonData::MessageControl::ControlInfo", "scopeKind": "class"}, {"_type": "tag", "name": "ControlInfo", "path": "/home/kavia/workspace/code-generation/app-gateway2/dependencies/build/ThunderInterfaces/definitions/generated/JsonData_MessageControl.h", "pattern": "/^            ControlInfo()$/", "language": "C++", "kind": "function", "signature": "()", "scope": "WPEFramework::JsonData::MessageControl::ControlInfo", "scopeKind": "class"}, {"_type": "tag", "name": "ControlInfo", "path": "/home/kavia/workspace/code-generation/app-gateway2/dependencies/build/ThunderInterfaces/definitions/generated/JsonData_MessageControl.h", "pattern": "/^            ControlInfo(const ControlInfo& _other)$/", "language": "C++", "kind": "function", "signature": "(const ControlInfo & _other)", "scope": "WPEFramework::JsonData::MessageControl::ControlInfo", "scopeKind": "class"}, {"_type": "tag", "name": "ControlInfo", "path": "/home/kavia/workspace/code-generation/app-gateway2/dependencies/build/ThunderInterfaces/definitions/generated/JsonData_MessageControl.h", "pattern": "/^            ControlInfo(const Exchange::IMessageControl::Control& _other)$/", "language": "C++", "kind": "function", "signature": "(const Exchange::IMessageControl::Control & _other)", "scope": "WPEFramework::JsonData::MessageControl::ControlInfo", "scopeKind": "class"}, {"_type": "tag", "name": "ControlInfo", "path": "/home/kavia/workspace/code-generation/app-gateway2/dependencies/build/ThunderInterfaces/definitions/generated/JsonData_MessageControl.h", "pattern": "/^        class ControlInfo : public Core::JSON::Container {$/", "language": "C++", "kind": "class", "scope": "WPEFramework::JsonData::MessageControl", "scopeKind": "namespace"}, {"_type": "tag", "name": "Enabled", "path": "/home/kavia/workspace/code-generation/app-gateway2/dependencies/build/ThunderInterfaces/definitions/generated/JsonData_MessageControl.h", "pattern": "/^            Core::JSON::Boolean Enabled; \\/\\/ Denotes if the control is enabled (true) or disabl/", "language": "C++", "typeref": "typename:Core::JSON::Boolean", "kind": "member", "scope": "WPEFramework::JsonData::MessageControl::ControlInfo", "scopeKind": "class"}, {"_type": "tag", "name": "IsValid", "path": "/home/kavia/workspace/code-generation/app-gateway2/dependencies/build/ThunderInterfaces/definitions/generated/JsonData_MessageControl.h", "pattern": "/^            bool IsValid() const$/", "language": "C++", "typeref": "typename:bool", "kind": "function", "signature": "() const", "scope": "WPEFramework::JsonData::MessageControl::ControlInfo", "scopeKind": "class"}, {"_type": "tag", "name": "JsonData", "path": "/home/kavia/workspace/code-generation/app-gateway2/dependencies/build/ThunderInterfaces/definitions/generated/JsonData_MessageControl.h", "pattern": "/^namespace JsonData {$/", "language": "C++", "kind": "namespace", "scope": "WPEFramework", "scopeKind": "namespace"}, {"_type": "tag", "name": "MessageControl", "path": "/home/kavia/workspace/code-generation/app-gateway2/dependencies/build/ThunderInterfaces/definitions/generated/JsonData_MessageControl.h", "pattern": "/^    namespace MessageControl {$/", "language": "C++", "kind": "namespace", "scope": "WPEFramework::JsonData", "scopeKind": "namespace"}, {"_type": "tag", "name": "Module", "path": "/home/kavia/workspace/code-generation/app-gateway2/dependencies/build/ThunderInterfaces/definitions/generated/JsonData_MessageControl.h", "pattern": "/^            Core::JSON::String Module; \\/\\/ Name of the module the message is originating from$/", "language": "C++", "typeref": "typename:Core::JSON::String", "kind": "member", "scope": "WPEFramework::JsonData::MessageControl::ControlInfo", "scopeKind": "class"}, {"_type": "tag", "name": "Type", "path": "/home/kavia/workspace/code-generation/app-gateway2/dependencies/build/ThunderInterfaces/definitions/generated/JsonData_MessageControl.h", "pattern": "/^            Core::JSON::EnumType<Exchange::IMessageControl::messagetype> Type; \\/\\/ Type of mess/", "language": "C++", "typeref": "typename:Core::JSON::EnumType<Exchange::IMessageControl::messagetype>", "kind": "member", "scope": "WPEFramework::JsonData::MessageControl::ControlInfo", "scopeKind": "class"}, {"_type": "tag", "name": "WPEFramework", "path": "/home/kavia/workspace/code-generation/app-gateway2/dependencies/build/ThunderInterfaces/definitions/generated/JsonData_MessageControl.h", "pattern": "/^namespace WPEFramework {$/", "language": "C++", "kind": "namespace"}, {"_type": "tag", "name": "_Init", "path": "/home/kavia/workspace/code-generation/app-gateway2/dependencies/build/ThunderInterfaces/definitions/generated/JsonData_MessageControl.h", "pattern": "/^            void _Init()$/", "language": "C++", "typeref": "typename:void", "kind": "function", "signature": "()", "scope": "WPEFramework::JsonData::MessageControl::ControlInfo", "scopeKind": "class"}, {"_type": "tag", "name": "operator =", "path": "/home/kavia/workspace/code-generation/app-gateway2/dependencies/build/ThunderInterfaces/definitions/generated/JsonData_MessageControl.h", "pattern": "/^            ControlInfo& operator=(const ControlInfo& _rhs)$/", "language": "C++", "typeref": "typename:ControlInfo &", "kind": "function", "signature": "(const ControlInfo & _rhs)", "scope": "WPEFramework::JsonData::MessageControl::ControlInfo", "scopeKind": "class"}, {"_type": "tag", "name": "operator =", "path": "/home/kavia/workspace/code-generation/app-gateway2/dependencies/build/ThunderInterfaces/definitions/generated/JsonData_MessageControl.h", "pattern": "/^            ControlInfo& operator=(const Exchange::IMessageControl::Control& _rhs)$/", "language": "C++", "typeref": "typename:ControlInfo &", "kind": "function", "signature": "(const Exchange::IMessageControl::Control & _rhs)", "scope": "WPEFramework::JsonData::MessageControl::ControlInfo", "scopeKind": "class"}, {"_type": "tag", "name": "operator Exchange::IMessageControl::Control", "path": "/home/kavia/workspace/code-generation/app-gateway2/dependencies/build/ThunderInterfaces/definitions/generated/JsonData_MessageControl.h", "pattern": "/^            operator Exchange::IMessageControl::Control() const$/", "language": "C++", "kind": "function", "signature": "() const", "scope": "WPEFramework::JsonData::MessageControl::ControlInfo", "scopeKind": "class"}], "hash": "deb5bea81f9b4620f67d2a38daa1e251", "format-version": 4, "code-base-name": "app-gateway2", "filename": "dependencies/build/ThunderInterfaces/definitions/generated/JsonData_MessageControl.h", "fields": [{"name": "Core::JSON::String Category", "scope": "WPEFramework::JsonData::MessageControl::ControlInfo", "scopeKind": "class", "description": "unavailable"}, {"name": "Core::JSON::Boolean Enabled", "scope": "WPEFramework::JsonData::MessageControl::ControlInfo", "scopeKind": "class", "description": "unavailable"}, {"name": "Core::JSON::String Module", "scope": "WPEFramework::JsonData::MessageControl::ControlInfo", "scopeKind": "class", "description": "unavailable"}, {"name": "Core::JSON::EnumType<Exchange::IMessageControl::messagetype> Type", "scope": "WPEFramework::JsonData::MessageControl::ControlInfo", "scopeKind": "class", "description": "unavailable"}], "revision_history": [{"18657": "a019ef1ecf9043a6387775f8d60762f619f4c761"}]}