{"is_source_file": true, "format": "C++ header file", "description": "This file is a header defining macros and includes for tracing control within the WPEFramework, including conditional compilation directives for production and development environments. It declares external dependencies, tracing macros, and conditional logic for enabling and managing trace messages.", "external_files": ["Module.h", "Control.h", "TextMessage.h"], "external_methods": ["WPEFramework::Core::System::MODULE_NAME", "WPEFramework::Core::Time::Now", "WPEFramework::Core::Messaging::MessageInfo::Metadata", "WPEFramework::Core::Messaging::IStore::Tracing", "WPEFramework::Messaging::TextMessage", "WPEFramework::Messaging::MessageUnit::Instance", "WPEFramework::Core::ClassNameOnly::Text"], "published": ["TRACE_CONTROL", "TRACE_ENABLED", "TRACE", "TRACE_GLOBAL", "TRACE_DURATION", "TRACE_DURATION_GLOBAL"], "classes": [], "methods": [], "calls": ["WPEFramework::Core::Time::Now", "WPEFramework::Core::Messaging::MessageInfo::Metadata", "WPEFramework::Core::Messaging::IStore::Tracing", "WPEFramework::Messaging::TextMessage", "WPEFramework::Messaging::MessageUnit::Instance", "WPEFramework::Core::ClassNameOnly::Text"], "search-terms": ["TraceControl", "TRACE", "WPEFramework", "Messaging", "Control", "TextMessage"], "state": 2, "file_id": 8311, "knowledge_revision": 17027, "git_revision": "0f87a35b32215bc8547fb583d6c84bd51f603f69", "ctags": [{"_type": "tag", "name": "TRACE", "path": "/home/kavia/workspace/code-generation/app-gateway2/dependencies/install/include/WPEFramework/tracing/TraceControl.h", "pattern": "/^#define TRACE(/", "language": "C++", "kind": "macro", "signature": "(CATEGORY,PARAMETERS)"}, {"_type": "tag", "name": "TRACE_CONTROL", "path": "/home/kavia/workspace/code-generation/app-gateway2/dependencies/install/include/WPEFramework/tracing/TraceControl.h", "pattern": "/^#define TRACE_CONTROL(/", "language": "C++", "kind": "macro", "signature": "(CATEGORY)"}, {"_type": "tag", "name": "TRACE_DURATION", "path": "/home/kavia/workspace/code-generation/app-gateway2/dependencies/install/include/WPEFramework/tracing/TraceControl.h", "pattern": "/^#define TRACE_DURATION(/", "language": "C++", "kind": "macro", "signature": "(CODE,...)"}, {"_type": "tag", "name": "TRACE_DURATION_GLOBAL", "path": "/home/kavia/workspace/code-generation/app-gateway2/dependencies/install/include/WPEFramework/tracing/TraceControl.h", "pattern": "/^#define TRACE_DURATION_GLOBAL(/", "language": "C++", "kind": "macro", "signature": "(CODE,...)"}, {"_type": "tag", "name": "TRACE_ENABLED", "path": "/home/kavia/workspace/code-generation/app-gateway2/dependencies/install/include/WPEFramework/tracing/TraceControl.h", "pattern": "/^#define TRACE_ENABLED(/", "language": "C++", "kind": "macro", "signature": "(CATEGORY)"}, {"_type": "tag", "name": "TRACE_GLOBAL", "path": "/home/kavia/workspace/code-generation/app-gateway2/dependencies/install/include/WPEFramework/tracing/TraceControl.h", "pattern": "/^#define TRACE_GLOBAL(/", "language": "C++", "kind": "macro", "signature": "(CATEGORY,PARAMETERS)"}], "hash": "d907278a41a6ef30a7b736cdf127ecad", "format-version": 4, "code-base-name": "app-gateway2", "filename": "dependencies/install/include/WPEFramework/tracing/TraceControl.h", "revision_history": [{"17027": "0f87a35b32215bc8547fb583d6c84bd51f603f69"}]}