{"is_source_file": true, "format": "C++", "description": "This file implements the 'Request' class within a JSON-RPC WebSocket communication framework, providing methods for creating and serializing RPC requests, generating unique request IDs, and managing associated request parameters.", "external_files": ["Request.h", "utils.h"], "external_methods": ["Core::JSONRPC::Message::DefaultVersion", "LOGERR", "parameters.ToString"], "published": ["Request::create", "Request::toString", "Request::getId", "Request::generateId"], "classes": [{"name": "Request", "description": "A class representing a JSON-RPC request message, including request ID management, method designation, and parameter serialization."}], "methods": [{"name": "Request::create", "description": "Initializes the request with a specific method name and parameters, verifying version compatibility and ensuring the method is not empty."}, {"name": "Request::toString", "description": "Serializes the request object into a JSON string."}, {"name": "Request::getId", "description": "Returns the current request ID."}, {"name": "Request::generateId", "description": "Generates a new unique request ID by incrementing a static atomic counter."}, {"name": "Request()", "scope": "WPEFramework::Plugin::WebSockets::JsonRpc::Request", "scopeKind": "class", "description": "unavailable"}, {"name": "bool create(std::string method,const JsonObject & parameters)", "scope": "WPEFramework::Plugin::WebSockets::JsonRpc::Request", "scopeKind": "class", "description": "unavailable"}, {"name": "uint32_t generateId()", "scope": "WPEFramework::Plugin::WebSockets::JsonRpc::Request", "scopeKind": "class", "description": "unavailable"}, {"name": "uint32_t getId() const", "scope": "WPEFramework::Plugin::WebSockets::JsonRpc::Request", "scopeKind": "class", "description": "unavailable"}, {"name": "std::string toString() const", "scope": "WPEFramework::Plugin::WebSockets::JsonRpc::Request", "scopeKind": "class", "description": "unavailable"}], "calls": ["Core::JSONRPC::Message::DefaultVersion", "LOGERR", "parameters.ToString", "ToString"], "search-terms": ["JsonRpc Request class", "WebSockets JSONRPC request implementation", "Request ID generation", "Request method creation", "JsonObject parameters"], "state": 2, "file_id": 8429, "knowledge_revision": 17553, "git_revision": "bc95ad096bdaa0d2d554ecfc4389c78048005d56", "ctags": [{"_type": "tag", "name": "JsonRpc", "path": "/home/kavia/workspace/code-generation/app-gateway2/helpers/rdkservices-comcast/helpers/WebSockets/JsonRpc/Request.cpp", "pattern": "/^namespace JsonRpc      {$/", "file": true, "language": "C++", "kind": "namespace", "scope": "WPEFramework::Plugin::WebSockets", "scopeKind": "namespace"}, {"_type": "tag", "name": "Plugin", "path": "/home/kavia/workspace/code-generation/app-gateway2/helpers/rdkservices-comcast/helpers/WebSockets/JsonRpc/Request.cpp", "pattern": "/^namespace Plugin       {$/", "file": true, "language": "C++", "kind": "namespace", "scope": "WPEFramework", "scopeKind": "namespace"}, {"_type": "tag", "name": "Request", "path": "/home/kavia/workspace/code-generation/app-gateway2/helpers/rdkservices-comcast/helpers/WebSockets/JsonRpc/Request.cpp", "pattern": "/^Request::Request() : Core::JSONRPC::Message()$/", "language": "C++", "kind": "function", "signature": "()", "scope": "WPEFramework::Plugin::WebSockets::JsonRpc::Request", "scopeKind": "class"}, {"_type": "tag", "name": "WPEFramework", "path": "/home/kavia/workspace/code-generation/app-gateway2/helpers/rdkservices-comcast/helpers/WebSockets/JsonRpc/Request.cpp", "pattern": "/^namespace WPEFramework {$/", "file": true, "language": "C++", "kind": "namespace"}, {"_type": "tag", "name": "WebSockets", "path": "/home/kavia/workspace/code-generation/app-gateway2/helpers/rdkservices-comcast/helpers/WebSockets/JsonRpc/Request.cpp", "pattern": "/^namespace WebSockets   {$/", "file": true, "language": "C++", "kind": "namespace", "scope": "WPEFramework::Plugin", "scopeKind": "namespace"}, {"_type": "tag", "name": "create", "path": "/home/kavia/workspace/code-generation/app-gateway2/helpers/rdkservices-comcast/helpers/WebSockets/JsonRpc/Request.cpp", "pattern": "/^bool Request::create(std::string method, const JsonObject &parameters)$/", "language": "C++", "typeref": "typename:bool", "kind": "function", "signature": "(std::string method,const JsonObject & parameters)", "scope": "WPEFramework::Plugin::WebSockets::JsonRpc::Request", "scopeKind": "class"}, {"_type": "tag", "name": "generateId", "path": "/home/kavia/workspace/code-generation/app-gateway2/helpers/rdkservices-comcast/helpers/WebSockets/JsonRpc/Request.cpp", "pattern": "/^uint32_t Request::generateId()$/", "language": "C++", "typeref": "typename:uint32_t", "kind": "function", "signature": "()", "scope": "WPEFramework::Plugin::WebSockets::JsonRpc::Request", "scopeKind": "class"}, {"_type": "tag", "name": "getId", "path": "/home/kavia/workspace/code-generation/app-gateway2/helpers/rdkservices-comcast/helpers/WebSockets/JsonRpc/Request.cpp", "pattern": "/^uint32_t Request::getId() const$/", "language": "C++", "typeref": "typename:uint32_t", "kind": "function", "signature": "() const", "scope": "WPEFramework::Plugin::WebSockets::JsonRpc::Request", "scopeKind": "class"}, {"_type": "tag", "name": "idSequence", "path": "/home/kavia/workspace/code-generation/app-gateway2/helpers/rdkservices-comcast/helpers/WebSockets/JsonRpc/Request.cpp", "pattern": "/^std::atomic<uint32_t> Request::idSequence(0);$/", "language": "C++", "typeref": "typename:std::atomic<uint32_t>", "kind": "member", "scope": "WPEFramework::Plugin::WebSockets::JsonRpc::Request", "scopeKind": "class"}, {"_type": "tag", "name": "toString", "path": "/home/kavia/workspace/code-generation/app-gateway2/helpers/rdkservices-comcast/helpers/WebSockets/JsonRpc/Request.cpp", "pattern": "/^std::string Request::toString() const$/", "language": "C++", "typeref": "typename:std::string", "kind": "function", "signature": "() const", "scope": "WPEFramework::Plugin::WebSockets::JsonRpc::Request", "scopeKind": "class"}], "hash": "ffd849fcdcb5ba09675a0ec4afd4a58b", "format-version": 4, "code-base-name": "app-gateway2", "filename": "helpers/rdkservices-comcast/helpers/WebSockets/JsonRpc/Request.cpp", "fields": [{"name": "std::atomic<uint32_t> idSequence", "scope": "WPEFramework::Plugin::WebSockets::JsonRpc::Request", "scopeKind": "class", "description": "unavailable"}], "revision_history": [{"17553": "bc95ad096bdaa0d2d554ecfc4389c78048005d56"}]}