{"is_source_file": true, "format": "C++ header file", "description": "This file defines a template class 'PingPongDisabled' within nested namespaces, intended to disable ping-pong heartbeat functionality in a WebSocket context. It includes licensing information, a constructor, a protected destructor, and a method 'startPing' that currently does nothing. The class uses a type alias for a WebSocket connection handler.", "external_files": ["websocketpp/common/connection_hdl.hpp"], "external_methods": [], "published": ["WPEFramework::Plugin::WebSockets::PingPongDisabled"], "classes": [{"name": "PingPongDisabled", "description": "A template class designed to disable ping-pong heartbeat mechanism in WebSocket communication."}], "methods": [{"name": "void startPing(ConnectionHandler handler)", "description": "A method intended to initiate a ping, but currently implemented as a no-op.", "scope": "WPEFramework::Plugin::WebSockets::PingPongDisabled", "scopeKind": "class"}], "calls": [], "search-terms": ["PingPongDisabled", "startPing", "WebSockets", "connection_hdl", "template class"], "state": 2, "file_id": 8430, "knowledge_revision": 17557, "git_revision": "bc95ad096bdaa0d2d554ecfc4389c78048005d56", "ctags": [{"_type": "tag", "name": "ConnectionHandler", "path": "/home/kavia/workspace/code-generation/app-gateway2/helpers/rdkservices-comcast/helpers/WebSockets/PingPong/PingPongDisabled.h", "pattern": "/^    typedef typename websocketpp::connection_hdl ConnectionHandler;$/", "language": "C++", "typeref": "typename:websocketpp::connection_hdl", "kind": "typedef", "scope": "WPEFramework::Plugin::WebSockets::PingPongDisabled", "scopeKind": "class"}, {"_type": "tag", "name": "PingPongDisabled", "path": "/home/kavia/workspace/code-generation/app-gateway2/helpers/rdkservices-comcast/helpers/WebSockets/PingPong/PingPongDisabled.h", "pattern": "/^class PingPongDisabled$/", "language": "C++", "kind": "class", "scope": "WPEFramework::Plugin::WebSockets", "scopeKind": "namespace"}, {"_type": "tag", "name": "Plugin", "path": "/home/kavia/workspace/code-generation/app-gateway2/helpers/rdkservices-comcast/helpers/WebSockets/PingPong/PingPongDisabled.h", "pattern": "/^namespace Plugin       {$/", "language": "C++", "kind": "namespace", "scope": "WPEFramework", "scopeKind": "namespace"}, {"_type": "tag", "name": "WPEFramework", "path": "/home/kavia/workspace/code-generation/app-gateway2/helpers/rdkservices-comcast/helpers/WebSockets/PingPong/PingPongDisabled.h", "pattern": "/^namespace WPEFramework {$/", "language": "C++", "kind": "namespace"}, {"_type": "tag", "name": "WebSockets", "path": "/home/kavia/workspace/code-generation/app-gateway2/helpers/rdkservices-comcast/helpers/WebSockets/PingPong/PingPongDisabled.h", "pattern": "/^namespace WebSockets   {$/", "language": "C++", "kind": "namespace", "scope": "WPEFramework::Plugin", "scopeKind": "namespace"}, {"_type": "tag", "name": "startPing", "path": "/home/kavia/workspace/code-generation/app-gateway2/helpers/rdkservices-comcast/helpers/WebSockets/PingPong/PingPongDisabled.h", "pattern": "/^    void startPing(ConnectionHandler handler)$/", "language": "C++", "typeref": "typename:void", "kind": "function", "signature": "(ConnectionHandler handler)", "scope": "WPEFramework::Plugin::WebSockets::PingPongDisabled", "scopeKind": "class"}], "hash": "5f0d713df11bafad1c1236c36ff7bbac", "format-version": 4, "code-base-name": "app-gateway2", "filename": "helpers/rdkservices-comcast/helpers/WebSockets/PingPong/PingPongDisabled.h", "revision_history": [{"17557": "bc95ad096bdaa0d2d554ecfc4389c78048005d56"}]}