{"is_source_file": true, "format": "C++", "description": "This file implements the 'Certificates' class within the WebSockets namespace, providing functions to prepare, retrieve, and manage SSL/TLS certificate files, including generating PEM files from PKCS#12 certificates, handling temporary directories, and retrieving certificate passphrases.", "external_files": ["Certificates.h", "<secure_wrapper.h>", "../utils.h", "boost/filesystem.hpp", "<openssl/x509.h>", "<openssl/pem.h>", "<openssl/pkcs12.h>"], "external_methods": ["boost::filesystem::exists", "boost::filesystem::create_directory", "boost::filesystem::remove_all", "boost::filesystem::native", "sk_X509_num", "sk_X509_value", "PEM_write_X509", "PEM_write_PrivateKey", "d2i_PKCS12_fp", "PKCS12_parse", "v_secure_popen", "v_secure_pclose"], "published": ["Certificates::prepareCertFiles()", "Certificates::getCertPath()", "Certificates::getKeyPath()", "Certificates::getCertAuthoritiesPaths()", "Certificates::removeCertFiles()", "Certificates::prepareTempDirectory()", "Certificates::getCertP12Phasephrase()", "Certificates::addCertP12Chain()", "Certificates::generatePemFiles()"], "classes": [{"name": "Certificates", "description": "A class managing SSL/TLS certificates, including their preparation, conversion, and cleanup processes."}], "methods": [{"name": "bool prepareCertFiles() const", "description": "Prepares the certificate files by checking existence and generating PEM files.", "scope": "WPEFramework::Plugin::WebSockets::Certificates", "scopeKind": "class"}, {"name": "std::string getCertPath() const", "description": "Returns the path to the combined certificate PEM file.", "scope": "WPEFramework::Plugin::WebSockets::Certificates", "scopeKind": "class"}, {"name": "std::string getKeyPath() const", "description": "Returns the path to the private key PEM file.", "scope": "WPEFramework::Plugin::WebSockets::Certificates", "scopeKind": "class"}, {"name": "std::vector<std::string> getCertAuthoritiesPaths() const", "description": "Returns the list of certificate authority paths.", "scope": "WPEFramework::Plugin::WebSockets::Certificates", "scopeKind": "class"}, {"name": "bool removeCertFiles() const", "description": "Removes temporary certificate files and directories.", "scope": "WPEFramework::Plugin::WebSockets::Certificates", "scopeKind": "class"}, {"name": "bool prepareTempDirectory() const", "description": "Creates or resets the temporary directory for certificates.", "scope": "WPEFramework::Plugin::WebSockets::Certificates", "scopeKind": "class"}, {"name": "bool getCertP12Phasephrase(char * pcert_p12_passphrase) const", "description": "Retrieves the passphrase for the PKCS#12 certificate from a secure command.", "scope": "WPEFramework::Plugin::WebSockets::Certificates", "scopeKind": "class"}, {"name": "bool addCertP12Chain(FILE * cert_key_fp,STACK_OF (X509)* additional_certs) const", "description": "Adds additional certificates to a PEM file.", "scope": "WPEFramework::Plugin::WebSockets::Certificates", "scopeKind": "class"}, {"name": "bool generatePemFiles() const", "description": "Generates PEM certificate and key files from a PKCS#12 archive, including passphrase handling.", "scope": "WPEFramework::Plugin::WebSockets::Certificates", "scopeKind": "class"}], "calls": ["boost::filesystem::exists", "boost::filesystem::create_directory", "boost::filesystem::remove_all", "sk_X509_num", "sk_X509_value", "PEM_write_X509", "PEM_write_PrivateKey", "d2i_PKCS12_fp", "PKCS12_parse", "v_secure_popen", "v_secure_pclose"], "search-terms": ["Certificates", "PEM files", "PKCS12", "certificates management", "SSL/TLS certificate handling", "certificate passphrase", "temporary directory", "certificate chain"], "state": 2, "file_id": 8421, "knowledge_revision": 17555, "git_revision": "bc95ad096bdaa0d2d554ecfc4389c78048005d56", "ctags": [{"_type": "tag", "name": "CERT_PASS_MAX_LEN", "path": "/home/kavia/workspace/code-generation/app-gateway2/helpers/rdkservices-comcast/helpers/WebSockets/Certificates.cpp", "pattern": "/^#define CERT_PASS_MAX_LEN /", "file": true, "language": "C++", "kind": "macro"}, {"_type": "tag", "name": "Plugin", "path": "/home/kavia/workspace/code-generation/app-gateway2/helpers/rdkservices-comcast/helpers/WebSockets/Certificates.cpp", "pattern": "/^namespace Plugin       {$/", "file": true, "language": "C++", "kind": "namespace", "scope": "WPEFramework", "scopeKind": "namespace"}, {"_type": "tag", "name": "WPEFramework", "path": "/home/kavia/workspace/code-generation/app-gateway2/helpers/rdkservices-comcast/helpers/WebSockets/Certificates.cpp", "pattern": "/^namespace WPEFramework {$/", "file": true, "language": "C++", "kind": "namespace"}, {"_type": "tag", "name": "WebSockets", "path": "/home/kavia/workspace/code-generation/app-gateway2/helpers/rdkservices-comcast/helpers/WebSockets/Certificates.cpp", "pattern": "/^namespace WebSockets   {$/", "file": true, "language": "C++", "kind": "namespace", "scope": "WPEFramework::Plugin", "scopeKind": "namespace"}, {"_type": "tag", "name": "addCertP12Chain", "path": "/home/kavia/workspace/code-generation/app-gateway2/helpers/rdkservices-comcast/helpers/WebSockets/Certificates.cpp", "pattern": "/^bool Certificates::addCertP12Chain(FILE *cert_key_fp, STACK_OF(X509) *additional_certs) const$/", "language": "C++", "typeref": "typename:bool", "kind": "function", "signature": "(FILE * cert_key_fp,STACK_OF (X509)* additional_certs) const", "scope": "WPEFramework::Plugin::WebSockets::Certificates", "scopeKind": "class"}, {"_type": "tag", "name": "generatePemFiles", "path": "/home/kavia/workspace/code-generation/app-gateway2/helpers/rdkservices-comcast/helpers/WebSockets/Certificates.cpp", "pattern": "/^bool Certificates::generatePemFiles() const$/", "language": "C++", "typeref": "typename:bool", "kind": "function", "signature": "() const", "scope": "WPEFramework::Plugin::WebSockets::Certificates", "scopeKind": "class"}, {"_type": "tag", "name": "getCertAuthoritiesPaths", "path": "/home/kavia/workspace/code-generation/app-gateway2/helpers/rdkservices-comcast/helpers/WebSockets/Certificates.cpp", "pattern": "/^std::vector<std::string> Certificates::getCertAuthoritiesPaths() const$/", "language": "C++", "typeref": "typename:std::vector<std::string>", "kind": "function", "signature": "() const", "scope": "WPEFramework::Plugin::WebSockets::Certificates", "scopeKind": "class"}, {"_type": "tag", "name": "getCertP12Phasephrase", "path": "/home/kavia/workspace/code-generation/app-gateway2/helpers/rdkservices-comcast/helpers/WebSockets/Certificates.cpp", "pattern": "/^bool Certificates::getCertP12Phasephrase(char* pcert_p12_passphrase) const$/", "language": "C++", "typeref": "typename:bool", "kind": "function", "signature": "(char * pcert_p12_passphrase) const", "scope": "WPEFramework::Plugin::WebSockets::Certificates", "scopeKind": "class"}, {"_type": "tag", "name": "getCertPath", "path": "/home/kavia/workspace/code-generation/app-gateway2/helpers/rdkservices-comcast/helpers/WebSockets/Certificates.cpp", "pattern": "/^std::string Certificates::getCertPath() const$/", "language": "C++", "typeref": "typename:std::string", "kind": "function", "signature": "() const", "scope": "WPEFramework::Plugin::WebSockets::Certificates", "scopeKind": "class"}, {"_type": "tag", "name": "getKeyPath", "path": "/home/kavia/workspace/code-generation/app-gateway2/helpers/rdkservices-comcast/helpers/WebSockets/Certificates.cpp", "pattern": "/^std::string Certificates::getKeyPath() const$/", "language": "C++", "typeref": "typename:std::string", "kind": "function", "signature": "() const", "scope": "WPEFramework::Plugin::WebSockets::Certificates", "scopeKind": "class"}, {"_type": "tag", "name": "prepareCertFiles", "path": "/home/kavia/workspace/code-generation/app-gateway2/helpers/rdkservices-comcast/helpers/WebSockets/Certificates.cpp", "pattern": "/^bool Certificates::prepareCertFiles() const$/", "language": "C++", "typeref": "typename:bool", "kind": "function", "signature": "() const", "scope": "WPEFramework::Plugin::WebSockets::Certificates", "scopeKind": "class"}, {"_type": "tag", "name": "prepareTempDirectory", "path": "/home/kavia/workspace/code-generation/app-gateway2/helpers/rdkservices-comcast/helpers/WebSockets/Certificates.cpp", "pattern": "/^bool Certificates::prepareTempDirectory() const$/", "language": "C++", "typeref": "typename:bool", "kind": "function", "signature": "() const", "scope": "WPEFramework::Plugin::WebSockets::Certificates", "scopeKind": "class"}, {"_type": "tag", "name": "removeCertFiles", "path": "/home/kavia/workspace/code-generation/app-gateway2/helpers/rdkservices-comcast/helpers/WebSockets/Certificates.cpp", "pattern": "/^bool Certificates::removeCertFiles() const$/", "language": "C++", "typeref": "typename:bool", "kind": "function", "signature": "() const", "scope": "WPEFramework::Plugin::WebSockets::Certificates", "scopeKind": "class"}], "hash": "fdde1f3883495a5099481ecda02864d9", "format-version": 4, "code-base-name": "app-gateway2", "filename": "helpers/rdkservices-comcast/helpers/WebSockets/Certificates.cpp", "revision_history": [{"17555": "bc95ad096bdaa0d2d554ecfc4389c78048005d56"}]}