{"is_source_file": true, "format": "C++ header", "description": "This file defines a template class 'StreamJSONOneShotType' designed for a JSON streaming mechanism that processes incoming data once per call to prevent infinite loops caused by malformed JSON. It contains inner classes for serialization, deserialization, and handling communication channels, adhering closely to the original StreamJSONType but with a single-attempt parsing approach. The class APIs provide mechanisms for handling JSON data streams with custom allocators and link mechanisms, tailored for the WPEFramework core.", "external_files": ["<core/JSON.h>", "<core/core.h>", "<plugins/plugins.h>"], "external_methods": ["Core::ProxyType<INTERFACE>::Serialize", "Core::ProxyType<Core::JSON::IElement>::Serialize", "Core::ProxyType<Core::JSON::IMessagePack>::Serialize", "Core::ProxyType<Core::JSON::IElement>::Deserialize", "Core::ProxyType<Core::JSON::IMessagePack>::Deserialize"], "published": ["StreamJSONOneShotType"], "classes": [{"name": "StreamJSONOneShotType", "description": "A template class that manages a one-shot streaming JSON parsing and serialization process, handling communication through a link and providing APIs for data submission and reception."}], "methods": [{"name": "SOURCE & Link()", "description": "Returns a reference to the underlying communication channel handler.", "scope": "WPEFramework::Core::StreamJSONOneShotType", "scopeKind": "class"}, {"name": "Received", "description": "Pure virtual function invoked when an incoming JSON element has been successfully parsed and received."}, {"name": "Send", "description": "Pure virtual function to send a JSON element through the communication channel."}, {"name": "void StateChange()", "description": "Pure virtual function invoked when the state of the communication channel changes.", "scope": "WPEFramework::Core::StreamJSONOneShotType::HandlerType", "scopeKind": "class"}, {"name": "bool Submit(const ProxyType<INTERFACE> & entry)", "description": "Submits a JSON element for serialization and triggers sending if the channel is open.", "scope": "WPEFramework::Core::StreamJSONOneShotType::SerializerImpl", "scopeKind": "class"}, {"name": "uint32_t Open(const uint32_t waitTime)", "description": "Opens the communication channel with a specified wait time.", "scope": "WPEFramework::Core::StreamJSONOneShotType", "scopeKind": "class"}, {"name": "uint32_t Close(const uint32_t waitTime)", "description": "Closes the communication channel with a specified wait time.", "scope": "WPEFramework::Core::StreamJSONOneShotType", "scopeKind": "class"}, {"name": "bool IsOpen() const", "description": "Checks if the channel is open.", "scope": "WPEFramework::Core::StreamJSONOneShotType", "scopeKind": "class"}, {"name": "bool IsClosed() const", "description": "Checks if the channel is closed.", "scope": "WPEFramework::Core::StreamJSONOneShotType", "scopeKind": "class"}, {"name": "bool IsSuspended() const", "description": "Checks if the channel is suspended.", "scope": "WPEFramework::Core::StreamJSONOneShotType", "scopeKind": "class"}, {"name": "uint16_t Deserialize(const Core::ProxyType<Core::JSON::IElement> & source,const uint8_t * stream,const uint16_t length)", "scope": "WPEFramework::Core::StreamJSONOneShotType::DeserializerImpl", "scopeKind": "class", "description": "unavailable"}, {"name": "uint16_t Deserialize(const Core::ProxyType<Core::JSON::IMessagePack> & source,const uint8_t * stream,const uint16_t length)", "scope": "WPEFramework::Core::StreamJSONOneShotType::DeserializerImpl", "scopeKind": "class", "description": "unavailable"}, {"name": "uint16_t Deserialize(const uint8_t * stream,const uint16_t length)", "scope": "WPEFramework::Core::StreamJSONOneShotType::DeserializerImpl", "scopeKind": "class", "description": "unavailable"}, {"name": "DeserializerImpl(ParentClass & parent,ALLOCATOR allocator)", "scope": "WPEFramework::Core::StreamJSONOneShotType::DeserializerImpl", "scopeKind": "class", "description": "unavailable"}, {"name": "DeserializerImpl(ParentClass & parent,const uint8_t slotSize)", "scope": "WPEFramework::Core::StreamJSONOneShotType::DeserializerImpl", "scopeKind": "class", "description": "unavailable"}, {"name": "HandlerType(ParentClass & parent,Args...args)", "scope": "WPEFramework::Core::StreamJSONOneShotType::HandlerType", "scopeKind": "class", "description": "unavailable"}, {"name": "HandlerType(ParentClass & parent)", "scope": "WPEFramework::Core::StreamJSONOneShotType::HandlerType", "scopeKind": "class", "description": "unavailable"}, {"name": "bool IsIdle() const", "scope": "WPEFramework::Core::StreamJSONOneShotType", "scopeKind": "class", "description": "unavailable"}, {"name": "uint16_t ReceiveData(uint8_t * dataFrame,const uint16_t receivedSize)", "scope": "WPEFramework::Core::StreamJSONOneShotType", "scopeKind": "class", "description": "unavailable"}, {"name": "uint16_t SendData(uint8_t * dataFrame,const uint16_t maxSendSize)", "scope": "WPEFramework::Core::StreamJSONOneShotType", "scopeKind": "class", "description": "unavailable"}, {"name": "uint16_t Serialize(const Core::ProxyType<Core::JSON::IElement> & source,uint8_t * stream,const uint16_t length) const", "scope": "WPEFramework::Core::StreamJSONOneShotType::SerializerImpl", "scopeKind": "class", "description": "unavailable"}, {"name": "uint16_t Serialize(const Core::ProxyType<Core::JSON::IMessagePack> & source,uint8_t * stream,const uint16_t length) const", "scope": "WPEFramework::Core::StreamJSONOneShotType::SerializerImpl", "scopeKind": "class", "description": "unavailable"}, {"name": "uint16_t Serialize(uint8_t * stream,const uint16_t length) const", "scope": "WPEFramework::Core::StreamJSONOneShotType::SerializerImpl", "scopeKind": "class", "description": "unavailable"}, {"name": "SerializerImpl(ParentClass & parent,const uint8_t slotSize)", "scope": "WPEFramework::Core::StreamJSONOneShotType::SerializerImpl", "scopeKind": "class", "description": "unavailable"}, {"name": "DISABLE_WARNING_THIS_IN_MEMBER_INITIALIZER_LIST StreamJSONOneShotType(uint8_t slotSize,ALLOCATOR & allocator,Args...args)", "scope": "WPEFramework::Core::StreamJSONOneShotType", "scopeKind": "class", "description": "unavailable"}, {"name": "StreamJSONOneShotType(uint8_t slotSize,Args...args)", "scope": "WPEFramework::Core::StreamJSONOneShotType", "scopeKind": "class", "description": "unavailable"}, {"name": "void Submit(const ProxyType<INTERFACE> & element)", "scope": "WPEFramework::Core::StreamJSONOneShotType", "scopeKind": "class", "description": "unavailable"}, {"name": "~SerializerImpl()", "scope": "WPEFramework::Core::StreamJSONOneShotType::SerializerImpl", "scopeKind": "class", "description": "unavailable"}, {"name": "POP_WARNING () ~StreamJSONOneShotType()", "scope": "WPEFramework::Core::StreamJSONOneShotType", "scopeKind": "class", "description": "unavailable"}], "calls": ["SendData", "ReceiveData", "Trigger"], "search-terms": ["StreamJSONOneShot", "JSON serialization", "single call JSON parse", "workaround JSON infinite loop", "core/JSON.h"], "state": 2, "file_id": 8451, "knowledge_revision": 17582, "git_revision": "bc95ad096bdaa0d2d554ecfc4389c78048005d56", "ctags": [{"_type": "tag", "name": "Close", "path": "/home/kavia/workspace/code-generation/app-gateway2/helpers/rdkservices-comcast/helpers/StreamJSONOneShot.h", "pattern": "/^        inline uint32_t Close(const uint32_t waitTime) { return _channel.Close(waitTime); }$/", "language": "C++", "typeref": "typename:uint32_t", "kind": "function", "signature": "(const uint32_t waitTime)", "scope": "WPEFramework::Core::StreamJSONOneShotType", "scopeKind": "class"}, {"_type": "tag", "name": "Core", "path": "/home/kavia/workspace/code-generation/app-gateway2/helpers/rdkservices-comcast/helpers/StreamJSONOneShot.h", "pattern": "/^namespace Core {$/", "language": "C++", "kind": "namespace", "scope": "WPEFramework", "scopeKind": "namespace"}, {"_type": "tag", "name": "Deserialize", "path": "/home/kavia/workspace/code-generation/app-gateway2/helpers/rdkservices-comcast/helpers/StreamJSONOneShot.h", "pattern": "/^            inline uint16_t Deserialize(const Core::ProxyType<Core::JSON::IElement>& source,$/", "language": "C++", "typeref": "typename:uint16_t", "kind": "function", "signature": "(const Core::ProxyType<Core::JSON::IElement> & source,const uint8_t * stream,const uint16_t length)", "scope": "WPEFramework::Core::StreamJSONOneShotType::DeserializerImpl", "scopeKind": "class"}, {"_type": "tag", "name": "Deserialize", "path": "/home/kavia/workspace/code-generation/app-gateway2/helpers/rdkservices-comcast/helpers/StreamJSONOneShot.h", "pattern": "/^            inline uint16_t Deserialize(const Core::ProxyType<Core::JSON::IMessagePack>& source,$/", "language": "C++", "typeref": "typename:uint16_t", "kind": "function", "signature": "(const Core::ProxyType<Core::JSON::IMessagePack> & source,const uint8_t * stream,const uint16_t length)", "scope": "WPEFramework::Core::StreamJSONOneShotType::DeserializerImpl", "scopeKind": "class"}, {"_type": "tag", "name": "Deserialize", "path": "/home/kavia/workspace/code-generation/app-gateway2/helpers/rdkservices-comcast/helpers/StreamJSONOneShot.h", "pattern": "/^            uint16_t Deserialize(const uint8_t* stream, const uint16_t length) {$/", "language": "C++", "typeref": "typename:uint16_t", "kind": "function", "signature": "(const uint8_t * stream,const uint16_t length)", "scope": "WPEFramework::Core::StreamJSONOneShotType::DeserializerImpl", "scopeKind": "class"}, {"_type": "tag", "name": "DeserializerImpl", "path": "/home/kavia/workspace/code-generation/app-gateway2/helpers/rdkservices-comcast/helpers/StreamJSONOneShot.h", "pattern": "/^            DeserializerImpl(ParentClass& parent, ALLOCATOR allocator)$/", "language": "C++", "kind": "function", "signature": "(ParentClass & parent,ALLOCATOR allocator)", "scope": "WPEFramework::Core::StreamJSONOneShotType::DeserializerImpl", "scopeKind": "class"}, {"_type": "tag", "name": "DeserializerImpl", "path": "/home/kavia/workspace/code-generation/app-gateway2/helpers/rdkservices-comcast/helpers/StreamJSONOneShot.h", "pattern": "/^            DeserializerImpl(ParentClass& parent, const uint8_t slotSize)$/", "language": "C++", "kind": "function", "signature": "(ParentClass & parent,const uint8_t slotSize)", "scope": "WPEFramework::Core::StreamJSONOneShotType::DeserializerImpl", "scopeKind": "class"}, {"_type": "tag", "name": "DeserializerImpl", "path": "/home/kavia/workspace/code-generation/app-gateway2/helpers/rdkservices-comcast/helpers/StreamJSONOneShot.h", "pattern": "/^        class DeserializerImpl {$/", "language": "C++", "kind": "class", "scope": "WPEFramework::Core::StreamJSONOneShotType", "scopeKind": "class"}, {"_type": "tag", "name": "HandlerType", "path": "/home/kavia/workspace/code-generation/app-gateway2/helpers/rdkservices-comcast/helpers/StreamJSONOneShot.h", "pattern": "/^            HandlerType(ParentClass& parent, Args... args)$/", "language": "C++", "kind": "function", "signature": "(ParentClass & parent,Args...args)", "scope": "WPEFramework::Core::StreamJSONOneShotType::HandlerType", "scopeKind": "class"}, {"_type": "tag", "name": "HandlerType", "path": "/home/kavia/workspace/code-generation/app-gateway2/helpers/rdkservices-comcast/helpers/StreamJSONOneShot.h", "pattern": "/^            explicit HandlerType(ParentClass& parent)$/", "language": "C++", "kind": "function", "signature": "(ParentClass & parent)", "scope": "WPEFramework::Core::StreamJSONOneShotType::HandlerType", "scopeKind": "class"}, {"_type": "tag", "name": "HandlerType", "path": "/home/kavia/workspace/code-generation/app-gateway2/helpers/rdkservices-comcast/helpers/StreamJSONOneShot.h", "pattern": "/^        class HandlerType : public SOURCE {$/", "language": "C++", "kind": "class", "scope": "WPEFramework::Core::StreamJSONOneShotType", "scopeKind": "class"}, {"_type": "tag", "name": "IsClosed", "path": "/home/kavia/workspace/code-generation/app-gateway2/helpers/rdkservices-comcast/helpers/StreamJSONOneShot.h", "pattern": "/^        inline bool IsClosed() const { return _channel.IsClosed(); }$/", "language": "C++", "typeref": "typename:bool", "kind": "function", "signature": "() const", "scope": "WPEFramework::Core::StreamJSONOneShotType", "scopeKind": "class"}, {"_type": "tag", "name": "IsIdle", "path": "/home/kavia/workspace/code-generation/app-gateway2/helpers/rdkservices-comcast/helpers/StreamJSONOneShot.h", "pattern": "/^            bool IsIdle() const override {$/", "language": "C++", "typeref": "typename:bool", "kind": "function", "signature": "() const", "scope": "WPEFramework::Core::StreamJSONOneShotType::HandlerType", "scopeKind": "class"}, {"_type": "tag", "name": "IsIdle", "path": "/home/kavia/workspace/code-generation/app-gateway2/helpers/rdkservices-comcast/helpers/StreamJSONOneShot.h", "pattern": "/^            bool IsIdle() const {$/", "language": "C++", "typeref": "typename:bool", "kind": "function", "signature": "() const", "scope": "WPEFramework::Core::StreamJSONOneShotType::DeserializerImpl", "scopeKind": "class"}, {"_type": "tag", "name": "IsIdle", "path": "/home/kavia/workspace/code-generation/app-gateway2/helpers/rdkservices-comcast/helpers/StreamJSONOneShot.h", "pattern": "/^            bool IsIdle() const {$/", "language": "C++", "typeref": "typename:bool", "kind": "function", "signature": "() const", "scope": "WPEFramework::Core::StreamJSONOneShotType::SerializerImpl", "scopeKind": "class"}, {"_type": "tag", "name": "IsIdle", "path": "/home/kavia/workspace/code-generation/app-gateway2/helpers/rdkservices-comcast/helpers/StreamJSONOneShot.h", "pattern": "/^        bool IsIdle() const {$/", "language": "C++", "typeref": "typename:bool", "kind": "function", "signature": "() const", "scope": "WPEFramework::Core::StreamJSONOneShotType", "scopeKind": "class"}, {"_type": "tag", "name": "IsOpen", "path": "/home/kavia/workspace/code-generation/app-gateway2/helpers/rdkservices-comcast/helpers/StreamJSONOneShot.h", "pattern": "/^        inline bool IsOpen() const { return _channel.IsOpen(); }$/", "language": "C++", "typeref": "typename:bool", "kind": "function", "signature": "() const", "scope": "WPEFramework::Core::StreamJSONOneShotType", "scopeKind": "class"}, {"_type": "tag", "name": "IsSuspended", "path": "/home/kavia/workspace/code-generation/app-gateway2/helpers/rdkservices-comcast/helpers/StreamJSONOneShot.h", "pattern": "/^        inline bool IsSuspended() const { return _channel.IsSuspended(); }$/", "language": "C++", "typeref": "typename:bool", "kind": "function", "signature": "() const", "scope": "WPEFramework::Core::StreamJSONOneShotType", "scopeKind": "class"}, {"_type": "tag", "name": "Link", "path": "/home/kavia/workspace/code-generation/app-gateway2/helpers/rdkservices-comcast/helpers/StreamJSONOneShot.h", "pattern": "/^        inline SOURCE& Link() { return _channel; }$/", "language": "C++", "typeref": "typename:SOURCE &", "kind": "function", "signature": "()", "scope": "WPEFramework::Core::StreamJSONOneShotType", "scopeKind": "class"}, {"_type": "tag", "name": "Open", "path": "/home/kavia/workspace/code-generation/app-gateway2/helpers/rdkservices-comcast/helpers/StreamJSONOneShot.h", "pattern": "/^        inline uint32_t Open(const uint32_t waitTime) { return _channel.Open(waitTime); }$/", "language": "C++", "typeref": "typename:uint32_t", "kind": "function", "signature": "(const uint32_t waitTime)", "scope": "WPEFramework::Core::StreamJSONOneShotType", "scopeKind": "class"}, {"_type": "tag", "name": "ParentClass", "path": "/home/kavia/workspace/code-generation/app-gateway2/helpers/rdkservices-comcast/helpers/StreamJSONOneShot.h", "pattern": "/^        using ParentClass = StreamJSONOneShotType<SOURCE, ALLOCATOR, INTERFACE>;$/", "language": "C++", "typeref": "typename:StreamJSONOneShotType<SOURCE,ALLOCATOR,INTERFACE>", "kind": "typedef", "scope": "WPEFramework::Core::StreamJSONOneShotType", "scopeKind": "class"}, {"_type": "tag", "name": "ReceiveData", "path": "/home/kavia/workspace/code-generation/app-gateway2/helpers/rdkservices-comcast/helpers/StreamJSONOneShot.h", "pattern": "/^            uint16_t ReceiveData(uint8_t* dataFrame, const uint16_t receivedSize) override {$/", "language": "C++", "typeref": "typename:uint16_t", "kind": "function", "signature": "(uint8_t * dataFrame,const uint16_t receivedSize)", "scope": "WPEFramework::Core::StreamJSONOneShotType::HandlerType", "scopeKind": "class"}, {"_type": "tag", "name": "ReceiveData", "path": "/home/kavia/workspace/code-generation/app-gateway2/helpers/rdkservices-comcast/helpers/StreamJSONOneShot.h", "pattern": "/^        uint16_t ReceiveData(uint8_t* dataFrame, const uint16_t receivedSize) {$/", "language": "C++", "typeref": "typename:uint16_t", "kind": "function", "signature": "(uint8_t * dataFrame,const uint16_t receivedSize)", "scope": "WPEFramework::Core::StreamJSONOneShotType", "scopeKind": "class"}, {"_type": "tag", "name": "SendData", "path": "/home/kavia/workspace/code-generation/app-gateway2/helpers/rdkservices-comcast/helpers/StreamJSONOneShot.h", "pattern": "/^            uint16_t SendData(uint8_t* dataFrame, const uint16_t maxSendSize) override {$/", "language": "C++", "typeref": "typename:uint16_t", "kind": "function", "signature": "(uint8_t * dataFrame,const uint16_t maxSendSize)", "scope": "WPEFramework::Core::StreamJSONOneShotType::HandlerType", "scopeKind": "class"}, {"_type": "tag", "name": "SendData", "path": "/home/kavia/workspace/code-generation/app-gateway2/helpers/rdkservices-comcast/helpers/StreamJSONOneShot.h", "pattern": "/^        uint16_t SendData(uint8_t* dataFrame, const uint16_t maxSendSize) {$/", "language": "C++", "typeref": "typename:uint16_t", "kind": "function", "signature": "(uint8_t * dataFrame,const uint16_t maxSendSize)", "scope": "WPEFramework::Core::StreamJSONOneShotType", "scopeKind": "class"}, {"_type": "tag", "name": "Serialize", "path": "/home/kavia/workspace/code-generation/app-gateway2/helpers/rdkservices-comcast/helpers/StreamJSONOneShot.h", "pattern": "/^            inline uint16_t Serialize(const Core::ProxyType<Core::JSON::IElement>& source,$/", "language": "C++", "typeref": "typename:uint16_t", "kind": "function", "signature": "(const Core::ProxyType<Core::JSON::IElement> & source,uint8_t * stream,const uint16_t length) const", "scope": "WPEFramework::Core::StreamJSONOneShotType::SerializerImpl", "scopeKind": "class"}, {"_type": "tag", "name": "Serialize", "path": "/home/kavia/workspace/code-generation/app-gateway2/helpers/rdkservices-comcast/helpers/StreamJSONOneShot.h", "pattern": "/^            inline uint16_t Serialize(const Core::ProxyType<Core::JSON::IMessagePack>& source,$/", "language": "C++", "typeref": "typename:uint16_t", "kind": "function", "signature": "(const Core::ProxyType<Core::JSON::IMessagePack> & source,uint8_t * stream,const uint16_t length) const", "scope": "WPEFramework::Core::StreamJSONOneShotType::SerializerImpl", "scopeKind": "class"}, {"_type": "tag", "name": "Serialize", "path": "/home/kavia/workspace/code-generation/app-gateway2/helpers/rdkservices-comcast/helpers/StreamJSONOneShot.h", "pattern": "/^            uint16_t Serialize(uint8_t* stream, const uint16_t length) const {$/", "language": "C++", "typeref": "typename:uint16_t", "kind": "function", "signature": "(uint8_t * stream,const uint16_t length) const", "scope": "WPEFramework::Core::StreamJSONOneShotType::SerializerImpl", "scopeKind": "class"}, {"_type": "tag", "name": "SerializerImpl", "path": "/home/kavia/workspace/code-generation/app-gateway2/helpers/rdkservices-comcast/helpers/StreamJSONOneShot.h", "pattern": "/^            SerializerImpl(ParentClass& parent, const uint8_t slotSize)$/", "language": "C++", "kind": "function", "signature": "(ParentClass & parent,const uint8_t slotSize)", "scope": "WPEFramework::Core::StreamJSONOneShotType::SerializerImpl", "scopeKind": "class"}, {"_type": "tag", "name": "SerializerImpl", "path": "/home/kavia/workspace/code-generation/app-gateway2/helpers/rdkservices-comcast/helpers/StreamJSONOneShot.h", "pattern": "/^        class SerializerImpl {$/", "language": "C++", "kind": "class", "scope": "WPEFramework::Core::StreamJSONOneShotType", "scopeKind": "class"}, {"_type": "tag", "name": "StateChange", "path": "/home/kavia/workspace/code-generation/app-gateway2/helpers/rdkservices-comcast/helpers/StreamJSONOneShot.h", "pattern": "/^            void StateChange() override {$/", "language": "C++", "typeref": "typename:void", "kind": "function", "signature": "()", "scope": "WPEFramework::Core::StreamJSONOneShotType::HandlerType", "scopeKind": "class"}, {"_type": "tag", "name": "StreamJSONOneShotType", "path": "/home/kavia/workspace/code-generation/app-gateway2/helpers/rdkservices-comcast/helpers/StreamJSONOneShot.h", "pattern": "/^        StreamJSONOneShotType(uint8_t slotSize, ALLOCATOR& allocator, Args... args)$/", "language": "C++", "typeref": "typename:DISABLE_WARNING_THIS_IN_MEMBER_INITIALIZER_LIST", "kind": "function", "signature": "(uint8_t slotSize,ALLOCATOR & allocator,Args...args)", "scope": "WPEFramework::Core::StreamJSONOneShotType", "scopeKind": "class"}, {"_type": "tag", "name": "StreamJSONOneShotType", "path": "/home/kavia/workspace/code-generation/app-gateway2/helpers/rdkservices-comcast/helpers/StreamJSONOneShot.h", "pattern": "/^        StreamJSONOneShotType(uint8_t slotSize, Args... args)$/", "language": "C++", "kind": "function", "signature": "(uint8_t slotSize,Args...args)", "scope": "WPEFramework::Core::StreamJSONOneShotType", "scopeKind": "class"}, {"_type": "tag", "name": "StreamJSONOneShotType", "path": "/home/kavia/workspace/code-generation/app-gateway2/helpers/rdkservices-comcast/helpers/StreamJSONOneShot.h", "pattern": "/^    class StreamJSONOneShotType {$/", "language": "C++", "kind": "class", "scope": "WPEFramework::Core", "scopeKind": "namespace"}, {"_type": "tag", "name": "Submit", "path": "/home/kavia/workspace/code-generation/app-gateway2/helpers/rdkservices-comcast/helpers/StreamJSONOneShot.h", "pattern": "/^            bool Submit(const ProxyType<INTERFACE>& entry) {$/", "language": "C++", "typeref": "typename:bool", "kind": "function", "signature": "(const ProxyType<INTERFACE> & entry)", "scope": "WPEFramework::Core::StreamJSONOneShotType::SerializerImpl", "scopeKind": "class"}, {"_type": "tag", "name": "Submit", "path": "/home/kavia/workspace/code-generation/app-gateway2/helpers/rdkservices-comcast/helpers/StreamJSONOneShot.h", "pattern": "/^        inline void Submit(const ProxyType<INTERFACE>& element) {$/", "language": "C++", "typeref": "typename:void", "kind": "function", "signature": "(const ProxyType<INTERFACE> & element)", "scope": "WPEFramework::Core::StreamJSONOneShotType", "scopeKind": "class"}, {"_type": "tag", "name": "WPEFramework", "path": "/home/kavia/workspace/code-generation/app-gateway2/helpers/rdkservices-comcast/helpers/StreamJSONOneShot.h", "pattern": "/^namespace WPEFramework {$/", "language": "C++", "kind": "namespace"}, {"_type": "tag", "name": "_adminLock", "path": "/home/kavia/workspace/code-generation/app-gateway2/helpers/rdkservices-comcast/helpers/StreamJSONOneShot.h", "pattern": "/^            mutable Core::CriticalSection _adminLock;$/", "language": "C++", "typeref": "typename:Core::CriticalSection", "kind": "member", "scope": "WPEFramework::Core::StreamJSONOneShotType::SerializerImpl", "scopeKind": "class"}, {"_type": "tag", "name": "_channel", "path": "/home/kavia/workspace/code-generation/app-gateway2/helpers/rdkservices-comcast/helpers/StreamJSONOneShot.h", "pattern": "/^        HandlerType   _channel;$/", "language": "C++", "typeref": "typename:HandlerType", "kind": "member", "scope": "WPEFramework::Core::StreamJSONOneShotType", "scopeKind": "class"}, {"_type": "tag", "name": "_current", "path": "/home/kavia/workspace/code-generation/app-gateway2/helpers/rdkservices-comcast/helpers/StreamJSONOneShot.h", "pattern": "/^            Core::ProxyType<INTERFACE> _current;$/", "language": "C++", "typeref": "typename:Core::ProxyType<INTERFACE>", "kind": "member", "scope": "WPEFramework::Core::StreamJSONOneShotType::DeserializerImpl", "scopeKind": "class"}, {"_type": "tag", "name": "_deserializer", "path": "/home/kavia/workspace/code-generation/app-gateway2/helpers/rdkservices-comcast/helpers/StreamJSONOneShot.h", "pattern": "/^        DeserializerImpl _deserializer;$/", "language": "C++", "typeref": "typename:DeserializerImpl", "kind": "member", "scope": "WPEFramework::Core::StreamJSONOneShotType", "scopeKind": "class"}, {"_type": "tag", "name": "_factory", "path": "/home/kavia/workspace/code-generation/app-gateway2/helpers/rdkservices-comcast/helpers/StreamJSONOneShot.h", "pattern": "/^            ALLOCATOR _factory;$/", "language": "C++", "typeref": "typename:ALLOCATOR", "kind": "member", "scope": "WPEFramework::Core::StreamJSONOneShotType::DeserializerImpl", "scopeKind": "class"}, {"_type": "tag", "name": "_offset", "path": "/home/kavia/workspace/code-generation/app-gateway2/helpers/rdkservices-comcast/helpers/StreamJSONOneShot.h", "pattern": "/^            mutable uint32_t _offset;$/", "language": "C++", "typeref": "typename:uint32_t", "kind": "member", "scope": "WPEFramework::Core::StreamJSONOneShotType::SerializerImpl", "scopeKind": "class"}, {"_type": "tag", "name": "_offset", "path": "/home/kavia/workspace/code-generation/app-gateway2/helpers/rdkservices-comcast/helpers/StreamJSONOneShot.h", "pattern": "/^            uint32_t _offset;$/", "language": "C++", "typeref": "typename:uint32_t", "kind": "member", "scope": "WPEFramework::Core::StreamJSONOneShotType::DeserializerImpl", "scopeKind": "class"}, {"_type": "tag", "name": "_parent", "path": "/home/kavia/workspace/code-generation/app-gateway2/helpers/rdkservices-comcast/helpers/StreamJSONOneShot.h", "pattern": "/^            ParentClass& _parent;$/", "language": "C++", "typeref": "typename:ParentClass &", "kind": "member", "scope": "WPEFramework::Core::StreamJSONOneShotType::DeserializerImpl", "scopeKind": "class"}, {"_type": "tag", "name": "_parent", "path": "/home/kavia/workspace/code-generation/app-gateway2/helpers/rdkservices-comcast/helpers/StreamJSONOneShot.h", "pattern": "/^            ParentClass& _parent;$/", "language": "C++", "typeref": "typename:ParentClass &", "kind": "member", "scope": "WPEFramework::Core::StreamJSONOneShotType::HandlerType", "scopeKind": "class"}, {"_type": "tag", "name": "_parent", "path": "/home/kavia/workspace/code-generation/app-gateway2/helpers/rdkservices-comcast/helpers/StreamJSONOneShot.h", "pattern": "/^            ParentClass& _parent;$/", "language": "C++", "typeref": "typename:ParentClass &", "kind": "member", "scope": "WPEFramework::Core::StreamJSONOneShotType::SerializerImpl", "scopeKind": "class"}, {"_type": "tag", "name": "_sendQueue", "path": "/home/kavia/workspace/code-generation/app-gateway2/helpers/rdkservices-comcast/helpers/StreamJSONOneShot.h", "pattern": "/^            mutable Core::ProxyList<INTERFACE> _sendQueue;$/", "language": "C++", "typeref": "typename:Core::ProxyList<INTERFACE>", "kind": "member", "scope": "WPEFramework::Core::StreamJSONOneShotType::SerializerImpl", "scopeKind": "class"}, {"_type": "tag", "name": "_serializer", "path": "/home/kavia/workspace/code-generation/app-gateway2/helpers/rdkservices-comcast/helpers/StreamJSONOneShot.h", "pattern": "/^        SerializerImpl   _serializer;$/", "language": "C++", "typeref": "typename:SerializerImpl", "kind": "member", "scope": "WPEFramework::Core::StreamJSONOneShotType", "scopeKind": "class"}, {"_type": "tag", "name": "~SerializerImpl", "path": "/home/kavia/workspace/code-generation/app-gateway2/helpers/rdkservices-comcast/helpers/StreamJSONOneShot.h", "pattern": "/^            ~SerializerImpl() {$/", "language": "C++", "kind": "function", "signature": "()", "scope": "WPEFramework::Core::StreamJSONOneShotType::SerializerImpl", "scopeKind": "class"}, {"_type": "tag", "name": "~StreamJSONOneShotType", "path": "/home/kavia/workspace/code-generation/app-gateway2/helpers/rdkservices-comcast/helpers/StreamJSONOneShot.h", "pattern": "/^        virtual ~StreamJSONOneShotType() {$/", "language": "C++", "typeref": "typename:POP_WARNING ()", "kind": "function", "signature": "()", "scope": "WPEFramework::Core::StreamJSONOneShotType", "scopeKind": "class"}], "hash": "8b365179e706b5dedf601f8916ba7286", "format-version": 4, "code-base-name": "app-gateway2", "filename": "helpers/rdkservices-comcast/helpers/StreamJSONOneShot.h", "fields": [{"name": "Core::CriticalSection _adminLock", "scope": "WPEFramework::Core::StreamJSONOneShotType::SerializerImpl", "scopeKind": "class", "description": "unavailable"}, {"name": "HandlerType _channel", "scope": "WPEFramework::Core::StreamJSONOneShotType", "scopeKind": "class", "description": "unavailable"}, {"name": "Core::ProxyType<INTERFACE> _current", "scope": "WPEFramework::Core::StreamJSONOneShotType::DeserializerImpl", "scopeKind": "class", "description": "unavailable"}, {"name": "DeserializerImpl _deserializer", "scope": "WPEFramework::Core::StreamJSONOneShotType", "scopeKind": "class", "description": "unavailable"}, {"name": "ALLOCATOR _factory", "scope": "WPEFramework::Core::StreamJSONOneShotType::DeserializerImpl", "scopeKind": "class", "description": "unavailable"}, {"name": "uint32_t _offset", "scope": "WPEFramework::Core::StreamJSONOneShotType::SerializerImpl", "scopeKind": "class", "description": "unavailable"}, {"name": "ParentClass & _parent", "scope": "WPEFramework::Core::StreamJSONOneShotType::DeserializerImpl", "scopeKind": "class", "description": "unavailable"}, {"name": "Core::ProxyList<INTERFACE> _sendQueue", "scope": "WPEFramework::Core::StreamJSONOneShotType::SerializerImpl", "scopeKind": "class", "description": "unavailable"}, {"name": "SerializerImpl _serializer", "scope": "WPEFramework::Core::StreamJSONOneShotType", "scopeKind": "class", "description": "unavailable"}], "revision_history": [{"17582": "bc95ad096bdaa0d2d554ecfc4389c78048005d56"}]}