{"is_source_file": true, "format": "C++ header file", "description": "This file declares the CUpnpDiscoveryManager class responsible for managing UPnP device discovery, including starting/stopping discovery, registering callbacks, and retrieving discovered devices. It primarily serves as an interface for UPnP device management within a larger system.", "external_files": ["plugins/plugins.h", "cjson/cJSON.h", "utils.h", "libIARM.h", "libIBus.h", "iarmUtil.h", "libIARMCore.h", "sysMgr.h"], "external_methods": [], "published": ["CUpnpDiscoveryManager::instance", "CUpnpDiscoveryManager::start", "CUpnpDiscoveryManager::stop", "CUpnpDiscoveryManager::register_deviceupdate_cb", "CUpnpDiscoveryManager::getDiscoveredDevices"], "classes": [{"name": "CUpnpDiscoveryManager", "description": "Class managing UPnP device discovery, maintaining callback registration, device list retrieval, and event monitoring."}], "methods": [{"name": "instance", "description": "Returns the singleton instance of CUpnpDiscoveryManager."}, {"name": "start", "description": "Initiates UPnP device discovery process."}, {"name": "stop", "description": "Stops the UPnP device discovery process."}, {"name": "register_deviceupdate_cb", "description": "Registers a callback function to be invoked upon device update events."}, {"name": "getDiscoveredDevices", "description": "Retrieves the list of currently discovered UPnP devices as a JsonObject."}], "calls": ["monitorUpnpEvents"], "search-terms": ["CUpnpDiscoveryManager", "UPnP", "discovery", "device update", "libIARM", "sysMgr", "json"], "state": 2, "file_id": 8394, "knowledge_revision": 17522, "git_revision": "bc95ad096bdaa0d2d554ecfc4389c78048005d56", "ctags": [{"_type": "tag", "name": "CUpnpDiscoveryManager", "path": "/home/kavia/workspace/code-generation/app-gateway2/helpers/rdkservices-comcast/helpers/upnpdiscoverymanager.h", "pattern": "/^class CUpnpDiscoveryManager$/", "language": "C++", "kind": "class"}, {"_type": "tag", "name": "UPNPDISCOVERYMANAGER_H", "path": "/home/kavia/workspace/code-generation/app-gateway2/helpers/rdkservices-comcast/helpers/upnpdiscoverymanager.h", "pattern": "/^#define UPNPDISCOVERYMANAGER_H /", "language": "C++", "kind": "macro"}, {"_type": "tag", "name": "m_isActive", "path": "/home/kavia/workspace/code-generation/app-gateway2/helpers/rdkservices-comcast/helpers/upnpdiscoverymanager.h", "pattern": "/^    bool m_isActive;$/", "language": "C++", "typeref": "typename:bool", "kind": "member", "scope": "CUpnpDiscoveryManager", "scopeKind": "class"}, {"_type": "tag", "name": "m_upnpJSONResults", "path": "/home/kavia/workspace/code-generation/app-gateway2/helpers/rdkservices-comcast/helpers/upnpdiscoverymanager.h", "pattern": "/^    JsonObject m_upnpJSONResults;$/", "language": "C++", "typeref": "typename:JsonObject", "kind": "member", "scope": "CUpnpDiscoveryManager", "scopeKind": "class"}, {"_type": "tag", "name": "onDeviceUpdateCallback", "path": "/home/kavia/workspace/code-generation/app-gateway2/helpers/rdkservices-comcast/helpers/upnpdiscoverymanager.h", "pattern": "/^    std::function < void () > onDeviceUpdateCallback;$/", "language": "C++", "typeref": "typename:std::function<void ()>", "kind": "member", "scope": "CUpnpDiscoveryManager", "scopeKind": "class"}], "hash": "773dea2d17a559aac1dd948c72d4102a", "format-version": 4, "code-base-name": "app-gateway2", "filename": "helpers/rdkservices-comcast/helpers/upnpdiscoverymanager.h", "fields": [{"name": "bool m_isActive", "scope": "CUpnpDiscoveryManager", "scopeKind": "class", "description": "unavailable"}, {"name": "JsonObject m_upnpJSONResults", "scope": "CUpnpDiscoveryManager", "scopeKind": "class", "description": "unavailable"}, {"name": "std::function<void ()> onDeviceUpdateCallback", "scope": "CUpnpDiscoveryManager", "scopeKind": "class", "description": "unavailable"}], "revision_history": [{"17522": "bc95ad096bdaa0d2d554ecfc4389c78048005d56"}]}