{"is_source_file": true, "format": "C++ header file", "description": "This header file defines the cTimer class, which provides an interface for creating, starting, stopping, and configuring a timer through thread-based callbacks.", "external_files": ["<thread>", "<chrono>"], "external_methods": [], "published": ["cTimer"], "classes": [{"name": "cTimer", "description": "A class to manage timer operations including starting, stopping, and setting callback intervals."}], "methods": [{"name": "cTimer", "description": "Constructor for cTimer, initializes internal state."}, {"name": "~cTimer", "description": "Destructor for cTimer, cleans up resources."}, {"name": "start", "description": "Starts the timer thread; returns false if thread could not be started."}, {"name": "stop", "description": "Stops the timer thread."}, {"name": "setInterval", "description": "Sets the callback function and interval duration for the timer."}], "calls": [], "search-terms": ["cTimer", "timer", "callback", "setInterval", "start", "stop"], "state": 2, "file_id": 8477, "knowledge_revision": 17606, "git_revision": "bc95ad096bdaa0d2d554ecfc4389c78048005d56", "ctags": [{"_type": "tag", "name": "cTimer", "path": "/home/kavia/workspace/code-generation/app-gateway2/helpers/rdkservices-comcast/helpers/cTimer.h", "pattern": "/^class cTimer{$/", "language": "C++", "kind": "class"}, {"_type": "tag", "name": "callBack_function", "path": "/home/kavia/workspace/code-generation/app-gateway2/helpers/rdkservices-comcast/helpers/cTimer.h", "pattern": "/^        void (*callBack_function)();$/", "language": "C++", "typeref": "typename:void (*)()", "kind": "member", "scope": "cTimer", "scopeKind": "class"}, {"_type": "tag", "name": "clear", "path": "/home/kavia/workspace/code-generation/app-gateway2/helpers/rdkservices-comcast/helpers/cTimer.h", "pattern": "/^        bool clear;$/", "language": "C++", "typeref": "typename:bool", "kind": "member", "scope": "cTimer", "scopeKind": "class"}, {"_type": "tag", "name": "interval", "path": "/home/kavia/workspace/code-generation/app-gateway2/helpers/rdkservices-comcast/helpers/cTimer.h", "pattern": "/^        int interval;$/", "language": "C++", "typeref": "typename:int", "kind": "member", "scope": "cTimer", "scopeKind": "class"}], "hash": "e218d242bc70406723c0017a20e067aa", "format-version": 4, "code-base-name": "app-gateway2", "filename": "helpers/rdkservices-comcast/helpers/cTimer.h", "fields": [{"name": "void (*)() callBack_function", "scope": "cTimer", "scopeKind": "class", "description": "unavailable"}, {"name": "bool clear", "scope": "cTimer", "scopeKind": "class", "description": "unavailable"}, {"name": "int interval", "scope": "cTimer", "scopeKind": "class", "description": "unavailable"}], "revision_history": [{"17606": "bc95ad096bdaa0d2d554ecfc4389c78048005d56"}]}