{"is_source_file": true, "format": "C++ header file", "description": "This file defines a template class `SingleClientServer` for managing a WebSocket server that handles a single client connection. It includes methods to start and stop the server, utilizing the WebSocket++ library. The class is designed to be inherited and customized by derived classes.", "external_files": ["websocketpp/config/asio_no_tls.hpp", "websocketpp/config/asio.hpp", "websocketpp/server.hpp", "../../utils.h"], "external_methods": ["LOGINFO", "LOGERR"], "published": ["SingleClientServer"], "classes": [{"name": "SingleClientServer", "description": "A templated class providing WebSocket server functionality for a single client, with start and stop capabilities."}], "methods": [{"name": "bool start(int port,std::function<void (ConnectionInitializationResult)> connectionInitializationCallback,std::function<void (void)> connectionClosedCallback)", "description": "Initializes and starts the WebSocket server on a specified port, setting up connection and closure callbacks.", "scope": "WPEFramework::Plugin::WebSockets::SingleClientServer", "scopeKind": "class"}, {"name": "void stop()", "description": "Stops the WebSocket server from listening and initiates closure of active connections.", "scope": "WPEFramework::Plugin::WebSockets::SingleClientServer", "scopeKind": "class"}], "calls": ["derived.endpointImpl_.listen", "derived.endpointImpl_.start_accept", "derived.endpointImpl_.stop_listening", "derived.closeConnection", "static_cast<Derived&>(*this)"], "search-terms": ["SingleClientServer", "websocketpp", "start", "stop", "ConnectionInitializationResult", "websocket server"], "state": 2, "file_id": 8416, "knowledge_revision": 17545, "git_revision": "bc95ad096bdaa0d2d554ecfc4389c78048005d56", "ctags": [{"_type": "tag", "name": "EncryptedEndpointType", "path": "/home/kavia/workspace/code-generation/app-gateway2/helpers/rdkservices-comcast/helpers/WebSockets/Roles/SingleClientServer.h", "pattern": "/^    using EncryptedEndpointType = websocketpp::server<websocketpp::config::asio_tls>;$/", "language": "C++", "typeref": "typename:websocketpp::server<websocketpp::config::asio_tls>", "kind": "typedef", "scope": "WPEFramework::Plugin::WebSockets::SingleClientServer", "scopeKind": "class"}, {"_type": "tag", "name": "NotEncryptedEndpointType", "path": "/home/kavia/workspace/code-generation/app-gateway2/helpers/rdkservices-comcast/helpers/WebSockets/Roles/SingleClientServer.h", "pattern": "/^    using NotEncryptedEndpointType = websocketpp::server<websocketpp::config::asio>;$/", "language": "C++", "typeref": "typename:websocketpp::server<websocketpp::config::asio>", "kind": "typedef", "scope": "WPEFramework::Plugin::WebSockets::SingleClientServer", "scopeKind": "class"}, {"_type": "tag", "name": "Plugin", "path": "/home/kavia/workspace/code-generation/app-gateway2/helpers/rdkservices-comcast/helpers/WebSockets/Roles/SingleClientServer.h", "pattern": "/^namespace Plugin       {$/", "language": "C++", "kind": "namespace", "scope": "WPEFramework", "scopeKind": "namespace"}, {"_type": "tag", "name": "SingleClientServer", "path": "/home/kavia/workspace/code-generation/app-gateway2/helpers/rdkservices-comcast/helpers/WebSockets/Roles/SingleClientServer.h", "pattern": "/^class SingleClientServer$/", "language": "C++", "kind": "class", "scope": "WPEFramework::Plugin::WebSockets", "scopeKind": "namespace"}, {"_type": "tag", "name": "WPEFramework", "path": "/home/kavia/workspace/code-generation/app-gateway2/helpers/rdkservices-comcast/helpers/WebSockets/Roles/SingleClientServer.h", "pattern": "/^namespace WPEFramework {$/", "language": "C++", "kind": "namespace"}, {"_type": "tag", "name": "WebSockets", "path": "/home/kavia/workspace/code-generation/app-gateway2/helpers/rdkservices-comcast/helpers/WebSockets/Roles/SingleClientServer.h", "pattern": "/^namespace WebSockets   {$/", "language": "C++", "kind": "namespace", "scope": "WPEFramework::Plugin", "scopeKind": "namespace"}, {"_type": "tag", "name": "start", "path": "/home/kavia/workspace/code-generation/app-gateway2/helpers/rdkservices-comcast/helpers/WebSockets/Roles/SingleClientServer.h", "pattern": "/^bool SingleClientServer<Derived>::start(int port, std::function<void(ConnectionInitializationRes/", "language": "C++", "typeref": "typename:bool", "kind": "function", "signature": "(int port,std::function<void (ConnectionInitializationResult)> connectionInitializationCallback,std::function<void (void)> connectionClosedCallback)", "scope": "WPEFramework::Plugin::WebSockets::SingleClientServer", "scopeKind": "class"}, {"_type": "tag", "name": "stop", "path": "/home/kavia/workspace/code-generation/app-gateway2/helpers/rdkservices-comcast/helpers/WebSockets/Roles/SingleClientServer.h", "pattern": "/^void SingleClientServer<Derived>::stop()$/", "language": "C++", "typeref": "typename:void", "kind": "function", "signature": "()", "scope": "WPEFramework::Plugin::WebSockets::SingleClientServer", "scopeKind": "class"}], "hash": "beea1566caa158f195bc5abc6ee0f7fc", "format-version": 4, "code-base-name": "app-gateway2", "filename": "helpers/rdkservices-comcast/helpers/WebSockets/Roles/SingleClientServer.h", "revision_history": [{"17545": "bc95ad096bdaa0d2d554ecfc4389c78048005d56"}]}