{"is_source_file": true, "format": "C++ header file", "description": "This header defines a namespace 'Utils' containing a struct 'Telemetry' with static methods for sending telemetry events and messages, utilizing conditional compilation based on ENABLE_TELEMETRY_LOGGING.", "external_files": ["telemetry_busmessage_sender.h"], "external_methods": ["t2_init", "t2_event_s", "t2_event_d"], "published": ["Utils::Telemetry"], "classes": [{"name": "Telemetry", "description": "A utility struct providing static methods for telemetry logging, including initialization, event sending, message sending, and error reporting, conditioned on ENABLE_TELEMETRY_LOGGING."}], "methods": [{"name": "void Init()", "description": "Initializes telemetry logging with a specified component name.", "scope": "Utils::Telemetry", "scopeKind": "struct"}, {"name": "void SendEvent(char * marker,char * message)", "description": "Sends a telemetry event with a string marker and message.", "scope": "Utils::Telemetry", "scopeKind": "struct"}, {"name": "void SendEvent(char * marker,int value)", "description": "Sends a telemetry event with a string marker and integer value.", "scope": "Utils::Telemetry", "scopeKind": "struct"}, {"name": "void SendMessage(const char * format,...)", "description": "Formats and sends a telemetry message with a variable argument list.", "scope": "Utils::Telemetry", "scopeKind": "struct"}, {"name": "void SendError(const char * format,...)", "description": "Formats and sends a telemetry error message with a variable argument list.", "scope": "Utils::Telemetry", "scopeKind": "struct"}], "calls": ["t2_init", "t2_event_s", "t2_event_d", "WPEFramework::Trace::Format"], "search-terms": ["Utils", "Telemetry", "send message", "send error", "telemetry logging", "thunder", "comcast"], "state": 2, "file_id": 8410, "knowledge_revision": 17535, "git_revision": "bc95ad096bdaa0d2d554ecfc4389c78048005d56", "ctags": [{"_type": "tag", "name": "Init", "path": "/home/kavia/workspace/code-generation/app-gateway2/helpers/rdkservices-comcast/helpers/UtilsTelemetry.h", "pattern": "/^        static void Init()$/", "language": "C++", "typeref": "typename:void", "kind": "function", "signature": "()", "scope": "Utils::Telemetry", "scopeKind": "struct"}, {"_type": "tag", "name": "SendError", "path": "/home/kavia/workspace/code-generation/app-gateway2/helpers/rdkservices-comcast/helpers/UtilsTelemetry.h", "pattern": "/^        static void SendError(const char* format, ...)$/", "language": "C++", "typeref": "typename:void", "kind": "function", "signature": "(const char * format,...)", "scope": "Utils::Telemetry", "scopeKind": "struct"}, {"_type": "tag", "name": "SendEvent", "path": "/home/kavia/workspace/code-generation/app-gateway2/helpers/rdkservices-comcast/helpers/UtilsTelemetry.h", "pattern": "/^        static void SendEvent(char *marker, char* message)$/", "language": "C++", "typeref": "typename:void", "kind": "function", "signature": "(char * marker,char * message)", "scope": "Utils::Telemetry", "scopeKind": "struct"}, {"_type": "tag", "name": "SendEvent", "path": "/home/kavia/workspace/code-generation/app-gateway2/helpers/rdkservices-comcast/helpers/UtilsTelemetry.h", "pattern": "/^        static void SendEvent(char *marker, int value)$/", "language": "C++", "typeref": "typename:void", "kind": "function", "signature": "(char * marker,int value)", "scope": "Utils::Telemetry", "scopeKind": "struct"}, {"_type": "tag", "name": "SendMessage", "path": "/home/kavia/workspace/code-generation/app-gateway2/helpers/rdkservices-comcast/helpers/UtilsTelemetry.h", "pattern": "/^        static void SendMessage(const char* format, ...)$/", "language": "C++", "typeref": "typename:void", "kind": "function", "signature": "(const char * format,...)", "scope": "Utils::Telemetry", "scopeKind": "struct"}, {"_type": "tag", "name": "Telemetry", "path": "/home/kavia/workspace/code-generation/app-gateway2/helpers/rdkservices-comcast/helpers/UtilsTelemetry.h", "pattern": "/^    struct Telemetry$/", "language": "C++", "kind": "struct", "scope": "Utils", "scopeKind": "namespace"}, {"_type": "tag", "name": "Utils", "path": "/home/kavia/workspace/code-generation/app-gateway2/helpers/rdkservices-comcast/helpers/UtilsTelemetry.h", "pattern": "/^namespace Utils$/", "language": "C++", "kind": "namespace"}], "hash": "66cedc4c5a47cb13fa794f39c89073bf", "format-version": 4, "code-base-name": "app-gateway2", "filename": "helpers/rdkservices-comcast/helpers/UtilsTelemetry.h", "revision_history": [{"17535": "bc95ad096bdaa0d2d554ecfc4389c78048005d56"}]}