{"is_source_file": true, "format": "C++ header file", "description": "This file defines a template class CommandInterface within the WPEFramework::Plugin::WebSockets namespace, providing an interface for sending commands, handling responses, and message notifications over WebSocket connections. It includes synchronization primitives and logging for communication management.", "external_files": ["../utils.h"], "external_methods": ["LOGINFO"], "published": [], "classes": [{"name": "CommandInterface", "description": "A template class that manages sending commands and receiving responses over WebSocket, utilizing synchronization mechanisms for thread safety."}], "methods": [{"name": "bool sendCommand(std::string command,std::string & response)", "description": "Sends a command string and waits for a response with a timeout of 5 seconds.", "scope": "WPEFramework::Plugin::WebSockets::CommandInterface", "scopeKind": "class"}, {"name": "void onMessage(const std::string & message)", "description": "Handles incoming messages, updates the last response, and signals waiting threads.", "scope": "WPEFramework::Plugin::WebSockets::CommandInterface", "scopeKind": "class"}], "calls": ["derived.send", "responseCondition_.wait_for", "responseCondition_.notify_one", "LOGINFO"], "search-terms": ["CommandInterface", "WebSockets", "sendCommand", "responseMutex", "lastResponse"], "state": 2, "file_id": 8434, "knowledge_revision": 17558, "git_revision": "bc95ad096bdaa0d2d554ecfc4389c78048005d56", "ctags": [{"_type": "tag", "name": "CommandInterface", "path": "/home/kavia/workspace/code-generation/app-gateway2/helpers/rdkservices-comcast/helpers/WebSockets/CommunicationInterface/CommandInterface.h", "pattern": "/^class CommandInterface$/", "language": "C++", "kind": "class", "scope": "WPEFramework::Plugin::WebSockets", "scopeKind": "namespace"}, {"_type": "tag", "name": "Plugin", "path": "/home/kavia/workspace/code-generation/app-gateway2/helpers/rdkservices-comcast/helpers/WebSockets/CommunicationInterface/CommandInterface.h", "pattern": "/^namespace Plugin       {$/", "language": "C++", "kind": "namespace", "scope": "WPEFramework", "scopeKind": "namespace"}, {"_type": "tag", "name": "WPEFramework", "path": "/home/kavia/workspace/code-generation/app-gateway2/helpers/rdkservices-comcast/helpers/WebSockets/CommunicationInterface/CommandInterface.h", "pattern": "/^namespace WPEFramework {$/", "language": "C++", "kind": "namespace"}, {"_type": "tag", "name": "WebSockets", "path": "/home/kavia/workspace/code-generation/app-gateway2/helpers/rdkservices-comcast/helpers/WebSockets/CommunicationInterface/CommandInterface.h", "pattern": "/^namespace WebSockets   {$/", "language": "C++", "kind": "namespace", "scope": "WPEFramework::Plugin", "scopeKind": "namespace"}, {"_type": "tag", "name": "lastResponse_", "path": "/home/kavia/workspace/code-generation/app-gateway2/helpers/rdkservices-comcast/helpers/WebSockets/CommunicationInterface/CommandInterface.h", "pattern": "/^    std::string lastResponse_;$/", "language": "C++", "typeref": "typename:std::string", "kind": "member", "scope": "WPEFramework::Plugin::WebSockets::CommandInterface", "scopeKind": "class"}, {"_type": "tag", "name": "onMessage", "path": "/home/kavia/workspace/code-generation/app-gateway2/helpers/rdkservices-comcast/helpers/WebSockets/CommunicationInterface/CommandInterface.h", "pattern": "/^    void onMessage(const std::string& message)$/", "language": "C++", "typeref": "typename:void", "kind": "function", "signature": "(const std::string & message)", "scope": "WPEFramework::Plugin::WebSockets::CommandInterface", "scopeKind": "class"}, {"_type": "tag", "name": "responseCondition_", "path": "/home/kavia/workspace/code-generation/app-gateway2/helpers/rdkservices-comcast/helpers/WebSockets/CommunicationInterface/CommandInterface.h", "pattern": "/^    std::condition_variable responseCondition_;$/", "language": "C++", "typeref": "typename:std::condition_variable", "kind": "member", "scope": "WPEFramework::Plugin::WebSockets::CommandInterface", "scopeKind": "class"}, {"_type": "tag", "name": "responseMutex_", "path": "/home/kavia/workspace/code-generation/app-gateway2/helpers/rdkservices-comcast/helpers/WebSockets/CommunicationInterface/CommandInterface.h", "pattern": "/^    std::mutex responseMutex_;$/", "language": "C++", "typeref": "typename:std::mutex", "kind": "member", "scope": "WPEFramework::Plugin::WebSockets::CommandInterface", "scopeKind": "class"}, {"_type": "tag", "name": "sendCommand", "path": "/home/kavia/workspace/code-generation/app-gateway2/helpers/rdkservices-comcast/helpers/WebSockets/CommunicationInterface/CommandInterface.h", "pattern": "/^    bool sendCommand(std::string command, std::string& response)$/", "language": "C++", "typeref": "typename:bool", "kind": "function", "signature": "(std::string command,std::string & response)", "scope": "WPEFramework::Plugin::WebSockets::CommandInterface", "scopeKind": "class"}], "hash": "ba8c114c6e72d1dfdb7296da2e02304f", "format-version": 4, "code-base-name": "app-gateway2", "filename": "helpers/rdkservices-comcast/helpers/WebSockets/CommunicationInterface/CommandInterface.h", "fields": [{"name": "std::string lastResponse_", "scope": "WPEFramework::Plugin::WebSockets::CommandInterface", "scopeKind": "class", "description": "unavailable"}, {"name": "std::condition_variable responseCondition_", "scope": "WPEFramework::Plugin::WebSockets::CommandInterface", "scopeKind": "class", "description": "unavailable"}, {"name": "std::mutex responseMutex_", "scope": "WPEFramework::Plugin::WebSockets::CommandInterface", "scopeKind": "class", "description": "unavailable"}], "revision_history": [{"17558": "bc95ad096bdaa0d2d554ecfc4389c78048005d56"}]}