{"is_source_file": true, "format": "C++", "description": "This file defines a C++ header for a timer utility class 'TpTimer' within the WPEFramework::Plugin namespace. It includes class definitions, private methods, and public interfaces to start, stop, and configure timers, with callback support.", "external_files": ["<plugins/plugins.h>", "<core/Timer.h>", "(<core/Timer.h> is commented out)"], "external_methods": ["Core::Time::Now()", "Core::Time::Now().Add()", "baseTimer.Revoke()", "baseTimer.Schedule()"], "published": ["WPEFramework::Plugin::TpTimer"], "classes": [{"name": "TpTimer", "description": "A timer class that manages scheduled callbacks with options for single-shot or recurring execution."}, {"name": "TpTimerJob", "description": "A private nested class that encapsulates the timer job execution, holding a pointer to TpTimer and executing the Timed() method upon timer expiry."}], "methods": [{"name": "TpTimer()", "description": "Constructor initializing the timer with default parameters.", "scope": "WPEFramework::Plugin::TpTimer", "scopeKind": "class"}, {"name": "~TpTimer()", "description": "Destructor that ensures the timer is stopped.", "scope": "WPEFramework::Plugin::TpTimer", "scopeKind": "class"}, {"name": "bool isActive()", "description": "Returns whether the timer is currently active.", "scope": "WPEFramework::Plugin::TpTimer", "scopeKind": "class"}, {"name": "void stop()", "description": "Stops and revokes the timer.", "scope": "WPEFramework::Plugin::TpTimer", "scopeKind": "class"}, {"name": "void start()", "description": "Starts the timer using the interval set in setInterval().", "scope": "WPEFramework::Plugin::TpTimer", "scopeKind": "class"}, {"name": "void start(int msec)", "description": "Overloaded; starts the timer with a specific interval in milliseconds.", "scope": "WPEFramework::Plugin::TpTimer", "scopeKind": "class"}, {"name": "void setSingleShot(bool val)", "description": "Configures the timer as single-shot or recurring.", "scope": "WPEFramework::Plugin::TpTimer", "scopeKind": "class"}, {"name": "void setInterval(int msec)", "description": "Sets the timer interval in milliseconds.", "scope": "WPEFramework::Plugin::TpTimer", "scopeKind": "class"}, {"name": "void connect(std::function<void ()> callback)", "description": "Sets the callback function to be invoked on timer timeout.", "scope": "WPEFramework::Plugin::TpTimer", "scopeKind": "class"}, {"name": "uint64_t Timed(const uint64_t scheduledTime)", "description": "Private method invoked when the timer expires; calls the callback and handles single-shot or rescheduling.", "scope": "WPEFramework::Plugin::TpTimer::TpTimerJob", "scopeKind": "class"}, {"name": "void Timed()", "scope": "WPEFramework::Plugin::TpTimer", "scopeKind": "class", "description": "unavailable"}, {"name": "TpTimerJob(TpTimer * tpt)", "scope": "WPEFramework::Plugin::TpTimer::TpTimerJob", "scopeKind": "class", "description": "unavailable"}, {"name": "TpTimerJob(const TpTimerJob & copy)", "scope": "WPEFramework::Plugin::TpTimer::TpTimerJob", "scopeKind": "class", "description": "unavailable"}, {"name": "bool operator ==(const TpTimerJob & RHS) const", "scope": "WPEFramework::Plugin::TpTimer::TpTimerJob", "scopeKind": "class", "description": "unavailable"}, {"name": "~TpTimerJob()", "scope": "WPEFramework::Plugin::TpTimer::TpTimerJob", "scopeKind": "class", "description": "unavailable"}], "calls": ["onTimeoutCallback()", "baseTimer.Revoke()", "baseTimer.Schedule()", "Core::Time::Now()", "Core::Time::Now().Add()"], "search-terms": ["TpTimer", "TimerType", "connect", "start", "stop", "setInterval", "isActive", "single shot", "callback", "m_intervalInMs"], "state": 2, "file_id": 8381, "knowledge_revision": 17510, "git_revision": "bc95ad096bdaa0d2d554ecfc4389c78048005d56", "ctags": [{"_type": "tag", "name": "Plugin", "path": "/home/kavia/workspace/code-generation/app-gateway2/helpers/entservices-infra/helpers/tptimer.h", "pattern": "/^namespace Plugin {$/", "language": "C++", "kind": "namespace", "scope": "WPEFramework", "scopeKind": "namespace"}, {"_type": "tag", "name": "TTIMER_H", "path": "/home/kavia/workspace/code-generation/app-gateway2/helpers/entservices-infra/helpers/tptimer.h", "pattern": "/^#define TTIMER_H$/", "language": "C++", "kind": "macro"}, {"_type": "tag", "name": "Timed", "path": "/home/kavia/workspace/code-generation/app-gateway2/helpers/entservices-infra/helpers/tptimer.h", "pattern": "/^            uint64_t Timed(const uint64_t scheduledTime)$/", "language": "C++", "typeref": "typename:uint64_t", "kind": "function", "signature": "(const uint64_t scheduledTime)", "scope": "WPEFramework::Plugin::TpTimer::TpTimerJob", "scopeKind": "class"}, {"_type": "tag", "name": "Timed", "path": "/home/kavia/workspace/code-generation/app-gateway2/helpers/entservices-infra/helpers/tptimer.h", "pattern": "/^        void Timed()$/", "language": "C++", "typeref": "typename:void", "kind": "function", "signature": "()", "scope": "WPEFramework::Plugin::TpTimer", "scopeKind": "class"}, {"_type": "tag", "name": "TpTimer", "path": "/home/kavia/workspace/code-generation/app-gateway2/helpers/entservices-infra/helpers/tptimer.h", "pattern": "/^        TpTimer()$/", "language": "C++", "kind": "function", "signature": "()", "scope": "WPEFramework::Plugin::TpTimer", "scopeKind": "class"}, {"_type": "tag", "name": "TpTimer", "path": "/home/kavia/workspace/code-generation/app-gateway2/helpers/entservices-infra/helpers/tptimer.h", "pattern": "/^    class TpTimer {$/", "language": "C++", "kind": "class", "scope": "WPEFramework::Plugin", "scopeKind": "namespace"}, {"_type": "tag", "name": "TpTimerJob", "path": "/home/kavia/workspace/code-generation/app-gateway2/helpers/entservices-infra/helpers/tptimer.h", "pattern": "/^            TpTimerJob(TpTimer* tpt)$/", "language": "C++", "kind": "function", "signature": "(TpTimer * tpt)", "scope": "WPEFramework::Plugin::TpTimer::TpTimerJob", "scopeKind": "class"}, {"_type": "tag", "name": "TpTimerJob", "path": "/home/kavia/workspace/code-generation/app-gateway2/helpers/entservices-infra/helpers/tptimer.h", "pattern": "/^            TpTimerJob(const TpTimerJob& copy)$/", "language": "C++", "kind": "function", "signature": "(const TpTimerJob & copy)", "scope": "WPEFramework::Plugin::TpTimer::TpTimerJob", "scopeKind": "class"}, {"_type": "tag", "name": "TpTimerJob", "path": "/home/kavia/workspace/code-generation/app-gateway2/helpers/entservices-infra/helpers/tptimer.h", "pattern": "/^        class TpTimerJob {$/", "language": "C++", "kind": "class", "scope": "WPEFramework::Plugin::TpTimer", "scopeKind": "class"}, {"_type": "tag", "name": "WPEFramework", "path": "/home/kavia/workspace/code-generation/app-gateway2/helpers/entservices-infra/helpers/tptimer.h", "pattern": "/^namespace WPEFramework {$/", "language": "C++", "kind": "namespace"}, {"_type": "tag", "name": "baseTimer", "path": "/home/kavia/workspace/code-generation/app-gateway2/helpers/entservices-infra/helpers/tptimer.h", "pattern": "/^        WPEFramework::Core::TimerType<TpTimerJob> baseTimer;$/", "language": "C++", "typeref": "typename:WPEFramework::Core::TimerType<TpTimerJob>", "kind": "member", "scope": "WPEFramework::Plugin::TpTimer", "scopeKind": "class"}, {"_type": "tag", "name": "connect", "path": "/home/kavia/workspace/code-generation/app-gateway2/helpers/entservices-infra/helpers/tptimer.h", "pattern": "/^        void connect(std::function<void()> callback)$/", "language": "C++", "typeref": "typename:void", "kind": "function", "signature": "(std::function<void ()> callback)", "scope": "WPEFramework::Plugin::TpTimer", "scopeKind": "class"}, {"_type": "tag", "name": "isActive", "path": "/home/kavia/workspace/code-generation/app-gateway2/helpers/entservices-infra/helpers/tptimer.h", "pattern": "/^        bool isActive()$/", "language": "C++", "typeref": "typename:bool", "kind": "function", "signature": "()", "scope": "WPEFramework::Plugin::TpTimer", "scopeKind": "class"}, {"_type": "tag", "name": "m_intervalInMs", "path": "/home/kavia/workspace/code-generation/app-gateway2/helpers/entservices-infra/helpers/tptimer.h", "pattern": "/^        int m_intervalInMs;$/", "language": "C++", "typeref": "typename:int", "kind": "member", "scope": "WPEFramework::Plugin::TpTimer", "scopeKind": "class"}, {"_type": "tag", "name": "m_isActive", "path": "/home/kavia/workspace/code-generation/app-gateway2/helpers/entservices-infra/helpers/tptimer.h", "pattern": "/^        bool m_isActive;$/", "language": "C++", "typeref": "typename:bool", "kind": "member", "scope": "WPEFramework::Plugin::TpTimer", "scopeKind": "class"}, {"_type": "tag", "name": "m_isSingleShot", "path": "/home/kavia/workspace/code-generation/app-gateway2/helpers/entservices-infra/helpers/tptimer.h", "pattern": "/^        bool m_isSingleShot;$/", "language": "C++", "typeref": "typename:bool", "kind": "member", "scope": "WPEFramework::Plugin::TpTimer", "scopeKind": "class"}, {"_type": "tag", "name": "m_timerJob", "path": "/home/kavia/workspace/code-generation/app-gateway2/helpers/entservices-infra/helpers/tptimer.h", "pattern": "/^        TpTimerJob m_timerJob;$/", "language": "C++", "typeref": "typename:TpTimerJob", "kind": "member", "scope": "WPEFramework::Plugin::TpTimer", "scopeKind": "class"}, {"_type": "tag", "name": "m_tptimer", "path": "/home/kavia/workspace/code-generation/app-gateway2/helpers/entservices-infra/helpers/tptimer.h", "pattern": "/^            TpTimer* m_tptimer;$/", "language": "C++", "typeref": "typename:TpTimer *", "kind": "member", "scope": "WPEFramework::Plugin::TpTimer::TpTimerJob", "scopeKind": "class"}, {"_type": "tag", "name": "onTimeoutCallback", "path": "/home/kavia/workspace/code-generation/app-gateway2/helpers/entservices-infra/helpers/tptimer.h", "pattern": "/^        std::function<void()> onTimeoutCallback;$/", "language": "C++", "typeref": "typename:std::function<void ()>", "kind": "member", "scope": "WPEFramework::Plugin::TpTimer", "scopeKind": "class"}, {"_type": "tag", "name": "operator ==", "path": "/home/kavia/workspace/code-generation/app-gateway2/helpers/entservices-infra/helpers/tptimer.h", "pattern": "/^            inline bool operator==(const TpTimerJob& RHS) const$/", "language": "C++", "typeref": "typename:bool", "kind": "function", "signature": "(const TpTimerJob & RHS) const", "scope": "WPEFramework::Plugin::TpTimer::TpTimerJob", "scopeKind": "class"}, {"_type": "tag", "name": "setInterval", "path": "/home/kavia/workspace/code-generation/app-gateway2/helpers/entservices-infra/helpers/tptimer.h", "pattern": "/^        void setInterval(int msec)$/", "language": "C++", "typeref": "typename:void", "kind": "function", "signature": "(int msec)", "scope": "WPEFramework::Plugin::TpTimer", "scopeKind": "class"}, {"_type": "tag", "name": "setSingleShot", "path": "/home/kavia/workspace/code-generation/app-gateway2/helpers/entservices-infra/helpers/tptimer.h", "pattern": "/^        void setSingleShot(bool val)$/", "language": "C++", "typeref": "typename:void", "kind": "function", "signature": "(bool val)", "scope": "WPEFramework::Plugin::TpTimer", "scopeKind": "class"}, {"_type": "tag", "name": "start", "path": "/home/kavia/workspace/code-generation/app-gateway2/helpers/entservices-infra/helpers/tptimer.h", "pattern": "/^        void start()$/", "language": "C++", "typeref": "typename:void", "kind": "function", "signature": "()", "scope": "WPEFramework::Plugin::TpTimer", "scopeKind": "class"}, {"_type": "tag", "name": "start", "path": "/home/kavia/workspace/code-generation/app-gateway2/helpers/entservices-infra/helpers/tptimer.h", "pattern": "/^        void start(int msec)$/", "language": "C++", "typeref": "typename:void", "kind": "function", "signature": "(int msec)", "scope": "WPEFramework::Plugin::TpTimer", "scopeKind": "class"}, {"_type": "tag", "name": "stop", "path": "/home/kavia/workspace/code-generation/app-gateway2/helpers/entservices-infra/helpers/tptimer.h", "pattern": "/^        void stop()$/", "language": "C++", "typeref": "typename:void", "kind": "function", "signature": "()", "scope": "WPEFramework::Plugin::TpTimer", "scopeKind": "class"}, {"_type": "tag", "name": "~TpTimer", "path": "/home/kavia/workspace/code-generation/app-gateway2/helpers/entservices-infra/helpers/tptimer.h", "pattern": "/^        ~TpTimer()$/", "language": "C++", "kind": "function", "signature": "()", "scope": "WPEFramework::Plugin::TpTimer", "scopeKind": "class"}, {"_type": "tag", "name": "~TpTimerJob", "path": "/home/kavia/workspace/code-generation/app-gateway2/helpers/entservices-infra/helpers/tptimer.h", "pattern": "/^            ~TpTimerJob() {}$/", "language": "C++", "kind": "function", "signature": "()", "scope": "WPEFramework::Plugin::TpTimer::TpTimerJob", "scopeKind": "class"}], "hash": "e86ce9d5fa29c67528f453e47bb798d2", "format-version": 4, "code-base-name": "app-gateway2", "filename": "helpers/entservices-infra/helpers/tptimer.h", "fields": [{"name": "WPEFramework::Core::TimerType<TpTimerJob> baseTimer", "scope": "WPEFramework::Plugin::TpTimer", "scopeKind": "class", "description": "unavailable"}, {"name": "int m_intervalInMs", "scope": "WPEFramework::Plugin::TpTimer", "scopeKind": "class", "description": "unavailable"}, {"name": "bool m_isActive", "scope": "WPEFramework::Plugin::TpTimer", "scopeKind": "class", "description": "unavailable"}, {"name": "bool m_isSingleShot", "scope": "WPEFramework::Plugin::TpTimer", "scopeKind": "class", "description": "unavailable"}, {"name": "TpTimerJob m_timerJob", "scope": "WPEFramework::Plugin::TpTimer", "scopeKind": "class", "description": "unavailable"}, {"name": "TpTimer * m_tptimer", "scope": "WPEFramework::Plugin::TpTimer::TpTimerJob", "scopeKind": "class", "description": "unavailable"}, {"name": "std::function<void ()> onTimeoutCallback", "scope": "WPEFramework::Plugin::TpTimer", "scopeKind": "class", "description": "unavailable"}], "revision_history": [{"17510": "bc95ad096bdaa0d2d554ecfc4389c78048005d56"}]}