{"is_source_file": true, "format": "C++ header file", "description": "This file defines a utility class 'UtilsUUID' that provides a static method to generate UUID strings using the uuid library.", "external_files": ["<uuid/uuid.h>"], "external_methods": ["uuid_generate", "uuid_unparse_lower", "uuid_clear"], "published": ["UtilsUUID"], "classes": [{"name": "UtilsUUID", "description": "A utility class that provides a static method to generate UUID strings."}], "methods": [{"name": "std::string GenerateUUID()", "description": "Generates a new UUID string using the uuid library.", "scope": "UtilsUUID", "scopeKind": "class"}], "calls": ["uuid_generate", "uuid_unparse_lower", "uuid_clear"], "search-terms": ["UtilsUUID", "GenerateUUID", "UUID", "uuid_generate", "uuid_unparse_lower"], "state": 2, "file_id": 8446, "knowledge_revision": 17570, "git_revision": "bc95ad096bdaa0d2d554ecfc4389c78048005d56", "ctags": [{"_type": "tag", "name": "GenerateUUID", "path": "/home/kavia/workspace/code-generation/app-gateway2/helpers/rdkservices-comcast/helpers/UtilsUUID.h", "pattern": "/^    static std::string GenerateUUID() {$/", "language": "C++", "typeref": "typename:std::string", "kind": "function", "signature": "()", "scope": "UtilsUUID", "scopeKind": "class"}, {"_type": "tag", "name": "UtilsUUID", "path": "/home/kavia/workspace/code-generation/app-gateway2/helpers/rdkservices-comcast/helpers/UtilsUUID.h", "pattern": "/^class UtilsUUID {$/", "language": "C++", "kind": "class"}], "hash": "c06a3d4b7257d7f3c1fa041c505dbc0f", "format-version": 4, "code-base-name": "app-gateway2", "filename": "helpers/rdkservices-comcast/helpers/UtilsUUID.h", "revision_history": [{"17570": "bc95ad096bdaa0d2d554ecfc4389c78048005d56"}]}