{"is_source_file": true, "format": "C++ header file", "description": "This file contains utility string functions, including case-insensitive comparisons, substring search, trimming, case conversion, base64 encoding, and whitespace removal, organized within the Utils::String namespace.", "external_files": ["<locale>", "<algorithm>", "<string>", "<cctype>", "<vector>"], "external_methods": ["std::search", "std::transform", "std::isspace", "std::toupper", "std::tolower"], "published": ["Utils::String::find_substr_ci", "Utils::String::contains", "Utils::String::equal", "Utils::String::ltrim", "Utils::String::rtrim", "Utils::String::trim", "Utils::String::toUpper", "Utils::String::toLower", "Utils::String::stringContains", "Utils::String::split", "Utils::String::imageEncoder", "Utils::String::removeExtraWhitespaces"], "classes": [{"name": "loc_equal", "description": "A template struct for locale-aware character equality comparison, used in case-insensitive string operations."}], "methods": [{"name": "int find_substr_ci(const T & string,const T & substring,const std::locale & loc=std::locale ())", "description": "Performs case-insensitive search of a substring within a string, returning the position or -1 if not found.", "scope": "Utils::String", "scopeKind": "namespace"}, {"name": "bool contains(const T & string,const T & substring,const std::locale & loc=std::locale ())", "description": "Checks if a string contains a specified substring in a case-insensitive manner.", "scope": "Utils::String", "scopeKind": "namespace"}, {"name": "bool equal(const T & string,const T & string2,const std::locale & loc=std::locale ())", "description": "Performs case-insensitive comparison of two strings for equality.", "scope": "Utils::String", "scopeKind": "namespace"}, {"name": "void ltrim(std::string & s)", "description": "Removes leading whitespace characters from a string.", "scope": "Utils::String", "scopeKind": "namespace"}, {"name": "void rtrim(std::string & s)", "description": "Removes trailing whitespace characters from a string.", "scope": "Utils::String", "scopeKind": "namespace"}, {"name": "void trim(std::string & s)", "description": "Removes whitespace from both ends of a string.", "scope": "Utils::String", "scopeKind": "namespace"}, {"name": "void toUpper(std::string & s)", "description": "Converts a string to uppercase.", "scope": "Utils::String", "scopeKind": "namespace"}, {"name": "void toLower(std::string & s)", "description": "Converts a string to lowercase.", "scope": "Utils::String", "scopeKind": "namespace"}, {"name": "bool stringContains(const std::string & s1,const char * s2)", "description": "Performs case-insensitive substring containment check.", "scope": "Utils::String", "scopeKind": "namespace"}, {"name": "void split(std::vector<std::string> & stringList,std::string & s,std::string delimiters)", "description": "Splits a string into a vector of substrings based on delimiter characters.", "scope": "Utils::String", "scopeKind": "namespace"}, {"name": "void imageEncoder(const uint8_t object[],const uint32_t length,const bool padding,string & result)", "description": "Encodes a byte array into a base64 string.", "scope": "Utils::String", "scopeKind": "namespace"}, {"name": "bool removeExtraWhitespaces(string & in_str,string & out_str)", "description": "Removes extra spaces within a string, retaining only single spaces.", "scope": "Utils::String", "scopeKind": "namespace"}, {"name": "__anond975d7e20102(int ch)", "scope": "Utils::String::ltrim", "scopeKind": "function", "description": "unavailable"}, {"name": "__anond975d7e20202(int ch)", "scope": "Utils::String::rtrim", "scopeKind": "function", "description": "unavailable"}, {"name": "__anond975d7e20302(char c1, char c2)", "scope": "Utils::String::stringContains", "scopeKind": "function", "description": "unavailable"}, {"name": "bool contains(const T & string,const char * c_substring,const std::locale & loc=std::locale ())", "scope": "Utils::String", "scopeKind": "namespace", "description": "unavailable"}, {"name": "bool equal(const T & string,const char * c_string2,const std::locale & loc=std::locale ())", "scope": "Utils::String", "scopeKind": "namespace", "description": "unavailable"}, {"name": "loc_equal(const std::locale & loc)", "scope": "Utils::String::loc_equal", "scopeKind": "struct", "description": "unavailable"}, {"name": "bool operator ()(charT ch1,charT ch2)", "scope": "Utils::String::loc_equal", "scopeKind": "struct", "description": "unavailable"}, {"name": "bool stringContains(const std::string & s1,const std::string & s2)", "scope": "Utils::String", "scopeKind": "namespace", "description": "unavailable"}], "calls": ["std::search", "std::transform", "std::isspace", "std::toupper", "std::tolower"], "search-terms": ["loc_equal", "find_substr_ci", "contains", "equal", "ltrim", "rtrim", "trim", "toUpper", "toLower", "stringContains", "split", "imageEncoder", "removeExtraWhitespaces"], "state": 2, "file_id": 8350, "knowledge_revision": 17481, "git_revision": "bc95ad096bdaa0d2d554ecfc4389c78048005d56", "ctags": [{"_type": "tag", "name": "String", "path": "/home/kavia/workspace/code-generation/app-gateway2/helpers/entservices-infra/helpers/UtilsString.h", "pattern": "/^namespace String {$/", "language": "C++", "kind": "namespace", "scope": "Utils", "scopeKind": "namespace"}, {"_type": "tag", "name": "Utils", "path": "/home/kavia/workspace/code-generation/app-gateway2/helpers/entservices-infra/helpers/UtilsString.h", "pattern": "/^namespace Utils {$/", "language": "C++", "kind": "namespace"}, {"_type": "tag", "name": "__anond975d7e20102", "path": "/home/kavia/workspace/code-generation/app-gateway2/helpers/entservices-infra/helpers/UtilsString.h", "pattern": "/^        s.erase(s.begin(), std::find_if(s.begin(), s.end(), [](int ch) {$/", "file": true, "language": "C++", "kind": "function", "signature": "(int ch) ", "scope": "Utils::String::ltrim", "scopeKind": "function"}, {"_type": "tag", "name": "__anond975d7e20202", "path": "/home/kavia/workspace/code-generation/app-gateway2/helpers/entservices-infra/helpers/UtilsString.h", "pattern": "/^        s.erase(std::find_if(s.rbegin(), s.rend(), [](int ch) {$/", "file": true, "language": "C++", "kind": "function", "signature": "(int ch) ", "scope": "Utils::String::rtrim", "scopeKind": "function"}, {"_type": "tag", "name": "__anond975d7e20302", "path": "/home/kavia/workspace/code-generation/app-gateway2/helpers/entservices-infra/helpers/UtilsString.h", "pattern": "/^        return search(s1.begin(), s1.end(), s2.begin(), s2.end(), [](char c1, char c2) { return /", "file": true, "language": "C++", "kind": "function", "signature": "(char c1, char c2) ", "scope": "Utils::String::stringContains", "scopeKind": "function"}, {"_type": "tag", "name": "base64_chars", "path": "/home/kavia/workspace/code-generation/app-gateway2/helpers/entservices-infra/helpers/UtilsString.h", "pattern": "/^    static const TCHAR base64_chars[] = \"ABCDEFGHIJKLMNOPQRSTUVWXYZ\"$/", "language": "C++", "typeref": "typename:const TCHAR[]", "kind": "variable", "scope": "Utils::String", "scopeKind": "namespace"}, {"_type": "tag", "name": "contains", "path": "/home/kavia/workspace/code-generation/app-gateway2/helpers/entservices-infra/helpers/UtilsString.h", "pattern": "/^    bool contains(const T& string, const T& substring, const std::locale& loc = std::locale())$/", "language": "C++", "typeref": "typename:bool", "kind": "function", "signature": "(const T & string,const T & substring,const std::locale & loc=std::locale ())", "scope": "Utils::String", "scopeKind": "namespace"}, {"_type": "tag", "name": "contains", "path": "/home/kavia/workspace/code-generation/app-gateway2/helpers/entservices-infra/helpers/UtilsString.h", "pattern": "/^    bool contains(const T& string, const char* c_substring, const std::locale& loc = std::locale/", "language": "C++", "typeref": "typename:bool", "kind": "function", "signature": "(const T & string,const char * c_substring,const std::locale & loc=std::locale ())", "scope": "Utils::String", "scopeKind": "namespace"}, {"_type": "tag", "name": "equal", "path": "/home/kavia/workspace/code-generation/app-gateway2/helpers/entservices-infra/helpers/UtilsString.h", "pattern": "/^    bool equal(const T& string, const T& string2, const std::locale& loc = std::locale())$/", "language": "C++", "typeref": "typename:bool", "kind": "function", "signature": "(const T & string,const T & string2,const std::locale & loc=std::locale ())", "scope": "Utils::String", "scopeKind": "namespace"}, {"_type": "tag", "name": "equal", "path": "/home/kavia/workspace/code-generation/app-gateway2/helpers/entservices-infra/helpers/UtilsString.h", "pattern": "/^    bool equal(const T& string, const char* c_string2, const std::locale& loc = std::locale())$/", "language": "C++", "typeref": "typename:bool", "kind": "function", "signature": "(const T & string,const char * c_string2,const std::locale & loc=std::locale ())", "scope": "Utils::String", "scopeKind": "namespace"}, {"_type": "tag", "name": "find_substr_ci", "path": "/home/kavia/workspace/code-generation/app-gateway2/helpers/entservices-infra/helpers/UtilsString.h", "pattern": "/^    int find_substr_ci(const T& string, const T& substring, const std::locale& loc = std::locale/", "language": "C++", "typeref": "typename:int", "kind": "function", "signature": "(const T & string,const T & substring,const std::locale & loc=std::locale ())", "scope": "Utils::String", "scopeKind": "namespace"}, {"_type": "tag", "name": "imageEncoder", "path": "/home/kavia/workspace/code-generation/app-gateway2/helpers/entservices-infra/helpers/UtilsString.h", "pattern": "/^    inline void imageEncoder(const uint8_t object[], const uint32_t length, const bool padding, /", "language": "C++", "typeref": "typename:void", "kind": "function", "signature": "(const uint8_t object[],const uint32_t length,const bool padding,string & result)", "scope": "Utils::String", "scopeKind": "namespace"}, {"_type": "tag", "name": "loc_", "path": "/home/kavia/workspace/code-generation/app-gateway2/helpers/entservices-infra/helpers/UtilsString.h", "pattern": "/^        const std::locale& loc_;$/", "language": "C++", "typeref": "typename:const std::locale &", "kind": "member", "scope": "Utils::String::loc_equal", "scopeKind": "struct"}, {"_type": "tag", "name": "loc_equal", "path": "/home/kavia/workspace/code-generation/app-gateway2/helpers/entservices-infra/helpers/UtilsString.h", "pattern": "/^        explicit loc_equal(const std::locale& loc)$/", "language": "C++", "kind": "function", "signature": "(const std::locale & loc)", "scope": "Utils::String::loc_equal", "scopeKind": "struct"}, {"_type": "tag", "name": "loc_equal", "path": "/home/kavia/workspace/code-generation/app-gateway2/helpers/entservices-infra/helpers/UtilsString.h", "pattern": "/^    struct loc_equal {$/", "language": "C++", "kind": "struct", "scope": "Utils::String", "scopeKind": "namespace"}, {"_type": "tag", "name": "ltrim", "path": "/home/kavia/workspace/code-generation/app-gateway2/helpers/entservices-infra/helpers/UtilsString.h", "pattern": "/^    inline void ltrim(std::string& s)$/", "language": "C++", "typeref": "typename:void", "kind": "function", "signature": "(std::string & s)", "scope": "Utils::String", "scopeKind": "namespace"}, {"_type": "tag", "name": "operator ()", "path": "/home/kavia/workspace/code-generation/app-gateway2/helpers/entservices-infra/helpers/UtilsString.h", "pattern": "/^        bool operator()(charT ch1, charT ch2)$/", "language": "C++", "typeref": "typename:bool", "kind": "function", "signature": "(charT ch1,charT ch2)", "scope": "Utils::String::loc_equal", "scopeKind": "struct"}, {"_type": "tag", "name": "removeExtraWhitespaces", "path": "/home/kavia/workspace/code-generation/app-gateway2/helpers/entservices-infra/helpers/UtilsString.h", "pattern": "/^    inline bool removeExtraWhitespaces(string& in_str, string& out_str)$/", "language": "C++", "typeref": "typename:bool", "kind": "function", "signature": "(string & in_str,string & out_str)", "scope": "Utils::String", "scopeKind": "namespace"}, {"_type": "tag", "name": "rtrim", "path": "/home/kavia/workspace/code-generation/app-gateway2/helpers/entservices-infra/helpers/UtilsString.h", "pattern": "/^    inline void rtrim(std::string& s)$/", "language": "C++", "typeref": "typename:void", "kind": "function", "signature": "(std::string & s)", "scope": "Utils::String", "scopeKind": "namespace"}, {"_type": "tag", "name": "split", "path": "/home/kavia/workspace/code-generation/app-gateway2/helpers/entservices-infra/helpers/UtilsString.h", "pattern": "/^    inline void split(std::vector<std::string> &stringList, std::string &s, std::string delimite/", "language": "C++", "typeref": "typename:void", "kind": "function", "signature": "(std::vector<std::string> & stringList,std::string & s,std::string delimiters)", "scope": "Utils::String", "scopeKind": "namespace"}, {"_type": "tag", "name": "stringContains", "path": "/home/kavia/workspace/code-generation/app-gateway2/helpers/entservices-infra/helpers/UtilsString.h", "pattern": "/^    inline bool stringContains(const std::string& s1, const char* s2)$/", "language": "C++", "typeref": "typename:bool", "kind": "function", "signature": "(const std::string & s1,const char * s2)", "scope": "Utils::String", "scopeKind": "namespace"}, {"_type": "tag", "name": "stringContains", "path": "/home/kavia/workspace/code-generation/app-gateway2/helpers/entservices-infra/helpers/UtilsString.h", "pattern": "/^    inline bool stringContains(const std::string& s1, const std::string& s2)$/", "language": "C++", "typeref": "typename:bool", "kind": "function", "signature": "(const std::string & s1,const std::string & s2)", "scope": "Utils::String", "scopeKind": "namespace"}, {"_type": "tag", "name": "toLower", "path": "/home/kavia/workspace/code-generation/app-gateway2/helpers/entservices-infra/helpers/UtilsString.h", "pattern": "/^    inline void toLower(std::string& s)$/", "language": "C++", "typeref": "typename:void", "kind": "function", "signature": "(std::string & s)", "scope": "Utils::String", "scopeKind": "namespace"}, {"_type": "tag", "name": "toUpper", "path": "/home/kavia/workspace/code-generation/app-gateway2/helpers/entservices-infra/helpers/UtilsString.h", "pattern": "/^    inline void toUpper(std::string& s)$/", "language": "C++", "typeref": "typename:void", "kind": "function", "signature": "(std::string & s)", "scope": "Utils::String", "scopeKind": "namespace"}, {"_type": "tag", "name": "trim", "path": "/home/kavia/workspace/code-generation/app-gateway2/helpers/entservices-infra/helpers/UtilsString.h", "pattern": "/^    inline void trim(std::string& s)$/", "language": "C++", "typeref": "typename:void", "kind": "function", "signature": "(std::string & s)", "scope": "Utils::String", "scopeKind": "namespace"}], "hash": "851b5ed0f9d39bd3e9936b0f6f9ee5ba", "format-version": 4, "code-base-name": "app-gateway2", "filename": "helpers/entservices-infra/helpers/UtilsString.h", "fields": [{"name": "const TCHAR[] base64_chars", "scope": "Utils::String", "scopeKind": "namespace", "description": "unavailable"}, {"name": "const std::locale & loc_", "scope": "Utils::String::loc_equal", "scopeKind": "struct", "description": "unavailable"}], "revision_history": [{"17481": "bc95ad096bdaa0d2d554ecfc4389c78048005d56"}]}