{"is_source_file": true, "format": "C++ header file", "description": "This header file provides utility functions in the Utils namespace to verify if a given character string represents a valid integer or unsigned integer.", "external_files": ["<ctype.h>"], "external_methods": ["isdigit"], "published": [], "classes": [], "methods": [{"name": "bool isValidInt(char * x)", "description": "Checks if the given string represents a valid signed integer, accounting for optional leading '-' sign.", "scope": "Utils", "scopeKind": "namespace"}, {"name": "bool isValidUnsignedInt(char * x)", "description": "Checks if the given string represents a valid unsigned integer (digits only).", "scope": "Utils", "scopeKind": "namespace"}], "calls": ["isdigit"], "search-terms": ["isValidInt", "isValidUnsignedInt", "Utils", "entservices-infra", "Helpers"], "state": 2, "file_id": 8379, "knowledge_revision": 17504, "git_revision": "bc95ad096bdaa0d2d554ecfc4389c78048005d56", "ctags": [{"_type": "tag", "name": "Utils", "path": "/home/kavia/workspace/code-generation/app-gateway2/helpers/entservices-infra/helpers/UtilsisValidInt.h", "pattern": "/^namespace Utils {$/", "language": "C++", "kind": "namespace"}, {"_type": "tag", "name": "isValidInt", "path": "/home/kavia/workspace/code-generation/app-gateway2/helpers/entservices-infra/helpers/UtilsisValidInt.h", "pattern": "/^inline bool isValidInt(char* x)$/", "language": "C++", "typeref": "typename:bool", "kind": "function", "signature": "(char * x)", "scope": "Utils", "scopeKind": "namespace"}, {"_type": "tag", "name": "isValidUnsignedInt", "path": "/home/kavia/workspace/code-generation/app-gateway2/helpers/entservices-infra/helpers/UtilsisValidInt.h", "pattern": "/^inline bool isValidUnsignedInt(char* x)$/", "language": "C++", "typeref": "typename:bool", "kind": "function", "signature": "(char * x)", "scope": "Utils", "scopeKind": "namespace"}], "hash": "17a36feedd650a3654e7f8771bac7d67", "format-version": 4, "code-base-name": "app-gateway2", "filename": "helpers/entservices-infra/helpers/UtilsisValidInt.h", "revision_history": [{"17504": "bc95ad096bdaa0d2d554ecfc4389c78048005d56"}]}