{"is_source_file": true, "format": "C++ header file", "description": "This file contains macro definitions and license information related to JSON-RPC handling utilities for a C++ project, particularly for logging, response handling, parameter validation, and notification mechanisms within a Thunder framework or similar system.", "external_files": ["UtilsLogging.h"], "external_methods": ["LOGINFO", "LOGERR", "Notify", "GetHandler"], "published": [], "classes": [], "methods": [], "calls": ["parameters.ToString", "response.ToString", "LOGINFO", "LOGERR", "Notify", "GetHandler"], "search-terms": ["UtilsJsonRpc", "JSON", "RPC", "Thunder", "LOGINFO", "LOGERR", "response", "parameters", "JsonRpc"], "state": 2, "file_id": 8411, "knowledge_revision": 17533, "git_revision": "bc95ad096bdaa0d2d554ecfc4389c78048005d56", "ctags": [{"_type": "tag", "name": "LOGINFOMETHOD", "path": "/home/kavia/workspace/code-generation/app-gateway2/helpers/rdkservices-comcast/helpers/UtilsJsonRpc.h", "pattern": "/^#define LOGINFOMETHOD(/", "language": "C++", "kind": "macro", "signature": "()"}, {"_type": "tag", "name": "LOGTRACEMETHODFIN", "path": "/home/kavia/workspace/code-generation/app-gateway2/helpers/rdkservices-comcast/helpers/UtilsJsonRpc.h", "pattern": "/^#define LOGTRACEMETHODFIN(/", "language": "C++", "kind": "macro", "signature": "()"}, {"_type": "tag", "name": "getBoolParameter", "path": "/home/kavia/workspace/code-generation/app-gateway2/helpers/rdkservices-comcast/helpers/UtilsJsonRpc.h", "pattern": "/^#define getBoolParameter(/", "language": "C++", "kind": "macro", "signature": "(paramName,param)"}, {"_type": "tag", "name": "getDefaultBoolParameter", "path": "/home/kavia/workspace/code-generation/app-gateway2/helpers/rdkservices-comcast/helpers/UtilsJsonRpc.h", "pattern": "/^#define getDefaultBoolParameter(/", "language": "C++", "kind": "macro", "signature": "(paramName,param,default)"}, {"_type": "tag", "name": "getDefaultNumberParameter", "path": "/home/kavia/workspace/code-generation/app-gateway2/helpers/rdkservices-comcast/helpers/UtilsJsonRpc.h", "pattern": "/^#define getDefaultNumberParameter(/", "language": "C++", "kind": "macro", "signature": "(paramName,param,default)"}, {"_type": "tag", "name": "getDefaultStringParameter", "path": "/home/kavia/workspace/code-generation/app-gateway2/helpers/rdkservices-comcast/helpers/UtilsJsonRpc.h", "pattern": "/^#define getDefaultStringParameter(/", "language": "C++", "kind": "macro", "signature": "(paramName,param,default)"}, {"_type": "tag", "name": "getFloatParameter", "path": "/home/kavia/workspace/code-generation/app-gateway2/helpers/rdkservices-comcast/helpers/UtilsJsonRpc.h", "pattern": "/^#define getFloatParameter(/", "language": "C++", "kind": "macro", "signature": "(paramName,param)"}, {"_type": "tag", "name": "getNumberParameter", "path": "/home/kavia/workspace/code-generation/app-gateway2/helpers/rdkservices-comcast/helpers/UtilsJsonRpc.h", "pattern": "/^#define getNumberParameter(/", "language": "C++", "kind": "macro", "signature": "(paramName,param)"}, {"_type": "tag", "name": "getNumberParameterObject", "path": "/home/kavia/workspace/code-generation/app-gateway2/helpers/rdkservices-comcast/helpers/UtilsJsonRpc.h", "pattern": "/^#define getNumberParameterObject(/", "language": "C++", "kind": "macro", "signature": "(parameters,paramName,param)"}, {"_type": "tag", "name": "getStringParameter", "path": "/home/kavia/workspace/code-generation/app-gateway2/helpers/rdkservices-comcast/helpers/UtilsJsonRpc.h", "pattern": "/^#define getStringParameter(/", "language": "C++", "kind": "macro", "signature": "(paramName,param)"}, {"_type": "tag", "name": "returnIfBooleanParamNotFound", "path": "/home/kavia/workspace/code-generation/app-gateway2/helpers/rdkservices-comcast/helpers/UtilsJsonRpc.h", "pattern": "/^#define returnIfBooleanParamNotFound(/", "language": "C++", "kind": "macro", "signature": "(param,name)"}, {"_type": "tag", "name": "returnIfNumberParamNotFound", "path": "/home/kavia/workspace/code-generation/app-gateway2/helpers/rdkservices-comcast/helpers/UtilsJsonRpc.h", "pattern": "/^#define returnIfNumberParamNotFound(/", "language": "C++", "kind": "macro", "signature": "(param,name)"}, {"_type": "tag", "name": "returnIfParamNotFound", "path": "/home/kavia/workspace/code-generation/app-gateway2/helpers/rdkservices-comcast/helpers/UtilsJsonRpc.h", "pattern": "/^#define returnIfParamNotFound(/", "language": "C++", "kind": "macro", "signature": "(param,name)"}, {"_type": "tag", "name": "returnIfStringParamNotFound", "path": "/home/kavia/workspace/code-generation/app-gateway2/helpers/rdkservices-comcast/helpers/UtilsJsonRpc.h", "pattern": "/^#define returnIfStringParamNotFound(/", "language": "C++", "kind": "macro", "signature": "(param,name)"}, {"_type": "tag", "name": "returnResponse", "path": "/home/kavia/workspace/code-generation/app-gateway2/helpers/rdkservices-comcast/helpers/UtilsJsonRpc.h", "pattern": "/^#define returnResponse(/", "language": "C++", "kind": "macro", "signature": "(expression)"}, {"_type": "tag", "name": "sendNotify", "path": "/home/kavia/workspace/code-generation/app-gateway2/helpers/rdkservices-comcast/helpers/UtilsJsonRpc.h", "pattern": "/^#define sendNotify(/", "language": "C++", "kind": "macro", "signature": "(event,params)"}, {"_type": "tag", "name": "sendNotifyMaskParameters", "path": "/home/kavia/workspace/code-generation/app-gateway2/helpers/rdkservices-comcast/helpers/UtilsJsonRpc.h", "pattern": "/^#define sendNotifyMaskParameters(/", "language": "C++", "kind": "macro", "signature": "(event,params)"}, {"_type": "tag", "name": "vectorSet", "path": "/home/kavia/workspace/code-generation/app-gateway2/helpers/rdkservices-comcast/helpers/UtilsJsonRpc.h", "pattern": "/^#define vectorSet(/", "language": "C++", "kind": "macro", "signature": "(v,s)"}], "hash": "561ded9ba77435d8843839ae0694eea8", "format-version": 4, "code-base-name": "app-gateway2", "filename": "helpers/rdkservices-comcast/helpers/UtilsJsonRpc.h", "revision_history": [{"17533": "bc95ad096bdaa0d2d554ecfc4389c78048005d56"}]}