{"is_source_file": true, "format": "C++ header file", "description": "This file declares the WebSockets::Certificates class, which provides functions for handling SSL/TLS certificate files, including preparation, retrieval, and removal of certificate files and paths. It is part of a namespace hierarchy related to WebSockets handling in the WPEFramework plugin.", "external_files": ["<cstdint>", "<string>", "<vector>", "<boost/filesystem.hpp>", "<openssl/x509.h>", "<openssl/pkcs12.h>", "<openssl/pem.h>"], "external_methods": [], "published": ["prepareCertFiles", "getCertPath", "getKeyPath", "getCertAuthoritiesPaths", "removeCertFiles"], "classes": [{"name": "Certificates", "description": "A class that manages SSL/TLS certificate files, including creation, access, and cleanup processes."}], "methods": [{"name": "prepareCertFiles", "description": "Prepares the certificate files, possibly generating or copying necessary files."}, {"name": "getCertPath", "description": "Returns the file path to the main certificate."}, {"name": "getKeyPath", "description": "Returns the file path to the private key."}, {"name": "getCertAuthoritiesPaths", "description": "Returns the paths to the certificate authority files."}, {"name": "removeCertFiles", "description": "Deletes temporary certificate files created by the class."}], "calls": ["std::to_string", "boost::filesystem::path", "generatePemFiles", "addCertP12Chain", "getCertP12Phasephrase"], "search-terms": ["Certificates class", "SSL certificate management", "WebSockets SSL", "X509", "pkcs12", "pem files", "/tmp/WebSocketsHelpersCerts_", "certificate authorities"], "state": 2, "file_id": 8437, "knowledge_revision": 17565, "git_revision": "bc95ad096bdaa0d2d554ecfc4389c78048005d56", "ctags": [{"_type": "tag", "name": "Certificates", "path": "/home/kavia/workspace/code-generation/app-gateway2/helpers/rdkservices-comcast/helpers/WebSockets/Certificates.h", "pattern": "/^class Certificates$/", "language": "C++", "kind": "class", "scope": "WPEFramework::Plugin::WebSockets", "scopeKind": "namespace"}, {"_type": "tag", "name": "Plugin", "path": "/home/kavia/workspace/code-generation/app-gateway2/helpers/rdkservices-comcast/helpers/WebSockets/Certificates.h", "pattern": "/^namespace Plugin       {$/", "language": "C++", "kind": "namespace", "scope": "WPEFramework", "scopeKind": "namespace"}, {"_type": "tag", "name": "WPEFramework", "path": "/home/kavia/workspace/code-generation/app-gateway2/helpers/rdkservices-comcast/helpers/WebSockets/Certificates.h", "pattern": "/^namespace WPEFramework {$/", "language": "C++", "kind": "namespace"}, {"_type": "tag", "name": "WebSockets", "path": "/home/kavia/workspace/code-generation/app-gateway2/helpers/rdkservices-comcast/helpers/WebSockets/Certificates.h", "pattern": "/^namespace WebSockets   {$/", "language": "C++", "kind": "namespace", "scope": "WPEFramework::Plugin", "scopeKind": "namespace"}, {"_type": "tag", "name": "certificateAuthorities_", "path": "/home/kavia/workspace/code-generation/app-gateway2/helpers/rdkservices-comcast/helpers/WebSockets/Certificates.h", "pattern": "/^    const std::vector<std::string> certificateAuthorities_{$/", "language": "C++", "typeref": "typename:const std::vector<std::string>", "kind": "member", "scope": "WPEFramework::Plugin::WebSockets::Certificates", "scopeKind": "class"}, {"_type": "tag", "name": "combinedCertPemFile_", "path": "/home/kavia/workspace/code-generation/app-gateway2/helpers/rdkservices-comcast/helpers/WebSockets/Certificates.h", "pattern": "/^    const boost::filesystem::path combinedCertPemFile_ {tmpCertPath_ \\/ \"combinedCert.pem\"};$/", "language": "C++", "typeref": "typename:const boost::filesystem::path", "kind": "member", "scope": "WPEFramework::Plugin::WebSockets::Certificates", "scopeKind": "class"}, {"_type": "tag", "name": "pkcsFileLocation_", "path": "/home/kavia/workspace/code-generation/app-gateway2/helpers/rdkservices-comcast/helpers/WebSockets/Certificates.h", "pattern": "/^    const boost::filesystem::path pkcsFileLocation_{\"\\/opt\\/certs\\/devicecert_1.pk12\"};$/", "language": "C++", "typeref": "typename:const boost::filesystem::path", "kind": "member", "scope": "WPEFramework::Plugin::WebSockets::Certificates", "scopeKind": "class"}, {"_type": "tag", "name": "tmpCertPath_", "path": "/home/kavia/workspace/code-generation/app-gateway2/helpers/rdkservices-comcast/helpers/WebSockets/Certificates.h", "pattern": "/^    const boost::filesystem::path tmpCertPath_{\"\\/tmp\\/WebSocketsHelpersCerts_\" + std::to_string/", "language": "C++", "typeref": "typename:const boost::filesystem::path", "kind": "member", "scope": "WPEFramework::Plugin::WebSockets::Certificates", "scopeKind": "class"}], "hash": "3b2a8c9f5560194f53e82ad51931004e", "format-version": 4, "code-base-name": "app-gateway2", "filename": "helpers/rdkservices-comcast/helpers/WebSockets/Certificates.h", "fields": [{"name": "const std::vector<std::string> certificateAuthorities_", "scope": "WPEFramework::Plugin::WebSockets::Certificates", "scopeKind": "class", "description": "unavailable"}, {"name": "const boost::filesystem::path combinedCertPemFile_", "scope": "WPEFramework::Plugin::WebSockets::Certificates", "scopeKind": "class", "description": "unavailable"}, {"name": "const boost::filesystem::path pkcsFileLocation_", "scope": "WPEFramework::Plugin::WebSockets::Certificates", "scopeKind": "class", "description": "unavailable"}, {"name": "const boost::filesystem::path tmpCertPath_", "scope": "WPEFramework::Plugin::WebSockets::Certificates", "scopeKind": "class", "description": "unavailable"}], "revision_history": [{"17565": "bc95ad096bdaa0d2d554ecfc4389c78048005d56"}]}