{"is_source_file": true, "format": "C++ header file", "description": "Header file defining a utility function GetCurrentISO8601Time that returns the current time formatted in ISO 8601 standard within the WPEFramework::Utils namespace.", "external_files": ["<string>", "<ctime>"], "external_methods": ["time(0)", "gmtime_r(&now, &tstruct)", "strftime(buf, sizeof(buf), \"%Y-%m-%dT%H:%M:%SZ\", &tstruct)"], "published": ["GetCurrentISO8601Time"], "classes": [], "methods": [{"name": "std::string GetCurrentISO8601Time()", "description": "Returns the current system time formatted as an ISO 8601 string.", "scope": "WPEFramework::Utils", "scopeKind": "namespace"}], "calls": ["time(0)", "gmtime_r(&now, &tstruct)", "strftime(buf, sizeof(buf), \"%Y-%m-%dT%H:%M:%SZ\", &tstruct)"], "search-terms": ["UtilsTime", "GetCurrentISO8601Time", "ISO8601", "time", "gmtime_r", "strftime"], "state": 2, "file_id": 8398, "knowledge_revision": 17525, "git_revision": "bc95ad096bdaa0d2d554ecfc4389c78048005d56", "ctags": [{"_type": "tag", "name": "GetCurrentISO8601Time", "path": "/home/kavia/workspace/code-generation/app-gateway2/helpers/rdkservices-comcast/helpers/UtilsTime.h", "pattern": "/^    std::string GetCurrentISO8601Time()$/", "language": "C++", "typeref": "typename:std::string", "kind": "function", "signature": "()", "scope": "WPEFramework::Utils", "scopeKind": "namespace"}, {"_type": "tag", "name": "Utils", "path": "/home/kavia/workspace/code-generation/app-gateway2/helpers/rdkservices-comcast/helpers/UtilsTime.h", "pattern": "/^namespace Utils {$/", "language": "C++", "kind": "namespace", "scope": "WPEFramework", "scopeKind": "namespace"}, {"_type": "tag", "name": "WPEFramework", "path": "/home/kavia/workspace/code-generation/app-gateway2/helpers/rdkservices-comcast/helpers/UtilsTime.h", "pattern": "/^namespace WPEFramework {$/", "language": "C++", "kind": "namespace"}], "hash": "e1ae0a055d75b51d628ceb69f1cb685f", "format-version": 4, "code-base-name": "app-gateway2", "filename": "helpers/rdkservices-comcast/helpers/UtilsTime.h", "revision_history": [{"17525": "bc95ad096bdaa0d2d554ecfc4389c78048005d56"}]}