{"is_source_file": true, "format": "C++ header file", "description": "This file declares a template class 'JsonRpcInterface' in the 'WebSockets' namespace, which facilitates sending JSON-RPC requests, handling responses, and processing notifications over WebSocket connections. It includes methods for managing asynchronous responses using futures and promises, setting notification handlers, and processing incoming messages.", "external_files": ["../JsonRpc/Request.h", "../JsonRpc/Response.h", "../JsonRpc/Notification.h", "Module.h", "UtilsJsonRpc.h", "UtilsLogging.h", "<websocketpp/frame.hpp>", "<boost/optional.hpp>"], "external_methods": ["derived.send()", "LOGERR()", "LOGINFO()", "getBoolParameter()", "getNumberParameter()", "getStringParameter()"], "published": ["sendRequest", "setNotificationHandler"], "classes": [{"name": "JsonRpcInterface", "description": "A template interface class that provides an abstraction for JSON-RPC communication over WebSockets, including request sending, response handling, and notification processing."}], "methods": [{"name": "bool sendRequest(const JsonRpc::Request & request,JsonRpc::Response & response)", "description": "Sends a JSON-RPC request and waits for the response asynchronously, returning success status.", "scope": "WebSockets::JsonRpcInterface", "scopeKind": "class"}, {"name": "void setNotificationHandler(std::function<void (const JsonRpc::Notification &)> notificationHandler)", "description": "Sets a callback function to handle incoming notifications.", "scope": "WebSockets::JsonRpcInterface", "scopeKind": "class"}, {"name": "void onMessage(const std::string & message)", "description": "Processes an incoming message, dispatching it as a notification or response.", "scope": "WebSockets::JsonRpcInterface", "scopeKind": "class"}, {"name": "bool getAsyncResponse(uint32_t id,std::future<string> & futureReponse,JsonRpc::Response & response)", "description": "Waits for an asynchronous response with a timeout and processes the response.", "scope": "WebSockets::JsonRpcInterface", "scopeKind": "class"}, {"name": "boost::optional<std::future<string>> createFutureResponse(uint32_t id)", "description": "Creates and returns a future associated with a request ID for asynchronous response handling.", "scope": "WebSockets::JsonRpcInterface", "scopeKind": "class"}, {"name": "void removePromise(uint32_t id)", "description": "Removes the promise associated with a request ID from internal storage.", "scope": "WebSockets::JsonRpcInterface", "scopeKind": "class"}, {"name": "bool isRequestProcessingOngoing(uint32_t id)", "description": "Checks if a request with a given ID is already in process.", "scope": "WebSockets::JsonRpcInterface", "scopeKind": "class"}, {"name": "void handleNotification(const std::string & message)", "description": "Parses and handles an incoming notification message.", "scope": "WebSockets::JsonRpcInterface", "scopeKind": "class"}, {"name": "void handleResponse(uint32_t id,const std::string & message)", "description": "Handles an incoming response message, setting the corresponding promise.", "scope": "WebSockets::JsonRpcInterface", "scopeKind": "class"}, {"name": "bool processResponse(uint32_t id,const std::string & responseString,JsonRpc::Response & deviceResponse) const", "description": "Processes and validates a response message, extracting success or error information.", "scope": "WebSockets::JsonRpcInterface", "scopeKind": "class"}], "calls": ["derived.send()", "LOGERR()", "LOGINFO()", "getBoolParameter()", "getNumberParameter()", "getStringParameter()"], "search-terms": ["JsonRpcInterface", "sendRequest", "NotificationHandler", "WebSockets", "JsonRpc"], "state": 2, "file_id": 8377, "knowledge_revision": 17506, "git_revision": "bc95ad096bdaa0d2d554ecfc4389c78048005d56", "ctags": [{"_type": "tag", "name": "JsonRpcInterface", "path": "/home/kavia/workspace/code-generation/app-gateway2/helpers/entservices-infra/helpers/WebSockets/CommunicationInterface/JsonRpcInterface.h", "pattern": "/^class JsonRpcInterface$/", "language": "C++", "kind": "class", "scope": "WebSockets", "scopeKind": "namespace"}, {"_type": "tag", "name": "WebSockets", "path": "/home/kavia/workspace/code-generation/app-gateway2/helpers/entservices-infra/helpers/WebSockets/CommunicationInterface/JsonRpcInterface.h", "pattern": "/^namespace WebSockets   {$/", "language": "C++", "kind": "namespace"}, {"_type": "tag", "name": "createFutureResponse", "path": "/home/kavia/workspace/code-generation/app-gateway2/helpers/entservices-infra/helpers/WebSockets/CommunicationInterface/JsonRpcInterface.h", "pattern": "/^boost::optional<std::future<string> > JsonRpcInterface<Derived>::createFutureResponse(uint32_t i/", "language": "C++", "typeref": "typename:boost::optional<std::future<string>>", "kind": "function", "signature": "(uint32_t id)", "scope": "WebSockets::JsonRpcInterface", "scopeKind": "class"}, {"_type": "tag", "name": "getAsyncResponse", "path": "/home/kavia/workspace/code-generation/app-gateway2/helpers/entservices-infra/helpers/WebSockets/CommunicationInterface/JsonRpcInterface.h", "pattern": "/^bool JsonRpcInterface<Derived>::getAsyncResponse(uint32_t id, std::future<string>& futureReponse/", "language": "C++", "typeref": "typename:bool", "kind": "function", "signature": "(uint32_t id,std::future<string> & futureReponse,JsonRpc::Response & response)", "scope": "WebSockets::JsonRpcInterface", "scopeKind": "class"}, {"_type": "tag", "name": "handleNotification", "path": "/home/kavia/workspace/code-generation/app-gateway2/helpers/entservices-infra/helpers/WebSockets/CommunicationInterface/JsonRpcInterface.h", "pattern": "/^void JsonRpcInterface<Derived>::handleNotification(const std::string& message)$/", "language": "C++", "typeref": "typename:void", "kind": "function", "signature": "(const std::string & message)", "scope": "WebSockets::JsonRpcInterface", "scopeKind": "class"}, {"_type": "tag", "name": "handleResponse", "path": "/home/kavia/workspace/code-generation/app-gateway2/helpers/entservices-infra/helpers/WebSockets/CommunicationInterface/JsonRpcInterface.h", "pattern": "/^void JsonRpcInterface<Derived>::handleResponse(uint32_t id, const std::string& message)$/", "language": "C++", "typeref": "typename:void", "kind": "function", "signature": "(uint32_t id,const std::string & message)", "scope": "WebSockets::JsonRpcInterface", "scopeKind": "class"}, {"_type": "tag", "name": "isRequestProcessingOngoing", "path": "/home/kavia/workspace/code-generation/app-gateway2/helpers/entservices-infra/helpers/WebSockets/CommunicationInterface/JsonRpcInterface.h", "pattern": "/^bool JsonRpcInterface<Derived>::isRequestProcessingOngoing(uint32_t id)$/", "language": "C++", "typeref": "typename:bool", "kind": "function", "signature": "(uint32_t id)", "scope": "WebSockets::JsonRpcInterface", "scopeKind": "class"}, {"_type": "tag", "name": "notificationHandler_", "path": "/home/kavia/workspace/code-generation/app-gateway2/helpers/entservices-infra/helpers/WebSockets/CommunicationInterface/JsonRpcInterface.h", "pattern": "/^    std::function<void(const JsonRpc::Notification&)> notificationHandler_;$/", "language": "C++", "typeref": "typename:std::function<void (const JsonRpc::Notification &)>", "kind": "member", "scope": "WebSockets::JsonRpcInterface", "scopeKind": "class"}, {"_type": "tag", "name": "onMessage", "path": "/home/kavia/workspace/code-generation/app-gateway2/helpers/entservices-infra/helpers/WebSockets/CommunicationInterface/JsonRpcInterface.h", "pattern": "/^void JsonRpcInterface<Derived>::onMessage(const std::string& message)$/", "language": "C++", "typeref": "typename:void", "kind": "function", "signature": "(const std::string & message)", "scope": "WebSockets::JsonRpcInterface", "scopeKind": "class"}, {"_type": "tag", "name": "opcode_", "path": "/home/kavia/workspace/code-generation/app-gateway2/helpers/entservices-infra/helpers/WebSockets/CommunicationInterface/JsonRpcInterface.h", "pattern": "/^    websocketpp::frame::opcode::value opcode_{websocketpp::frame::opcode::text};$/", "language": "C++", "typeref": "typename:websocketpp::frame::opcode::value", "kind": "member", "scope": "WebSockets::JsonRpcInterface", "scopeKind": "class"}, {"_type": "tag", "name": "processResponse", "path": "/home/kavia/workspace/code-generation/app-gateway2/helpers/entservices-infra/helpers/WebSockets/CommunicationInterface/JsonRpcInterface.h", "pattern": "/^bool JsonRpcInterface<Derived>::processResponse(uint32_t id, const std::string &responseString, /", "language": "C++", "typeref": "typename:bool", "kind": "function", "signature": "(uint32_t id,const std::string & responseString,JsonRpc::Response & deviceResponse) const", "scope": "WebSockets::JsonRpcInterface", "scopeKind": "class"}, {"_type": "tag", "name": "removePromise", "path": "/home/kavia/workspace/code-generation/app-gateway2/helpers/entservices-infra/helpers/WebSockets/CommunicationInterface/JsonRpcInterface.h", "pattern": "/^void JsonRpcInterface<Derived>::removePromise(uint32_t id)$/", "language": "C++", "typeref": "typename:void", "kind": "function", "signature": "(uint32_t id)", "scope": "WebSockets::JsonRpcInterface", "scopeKind": "class"}, {"_type": "tag", "name": "responseMutex_", "path": "/home/kavia/workspace/code-generation/app-gateway2/helpers/entservices-infra/helpers/WebSockets/CommunicationInterface/JsonRpcInterface.h", "pattern": "/^    std::mutex responseMutex_;$/", "language": "C++", "typeref": "typename:std::mutex", "kind": "member", "scope": "WebSockets::JsonRpcInterface", "scopeKind": "class"}, {"_type": "tag", "name": "responseToPromise_", "path": "/home/kavia/workspace/code-generation/app-gateway2/helpers/entservices-infra/helpers/WebSockets/CommunicationInterface/JsonRpcInterface.h", "pattern": "/^    std::map<uint32_t, std::promise<std::string> > responseToPromise_;$/", "language": "C++", "typeref": "typename:std::map<uint32_t,std::promise<std::string>>", "kind": "member", "scope": "WebSockets::JsonRpcInterface", "scopeKind": "class"}, {"_type": "tag", "name": "sendRequest", "path": "/home/kavia/workspace/code-generation/app-gateway2/helpers/entservices-infra/helpers/WebSockets/CommunicationInterface/JsonRpcInterface.h", "pattern": "/^bool JsonRpcInterface<Derived>::sendRequest(const JsonRpc::Request& request, JsonRpc::Response& /", "language": "C++", "typeref": "typename:bool", "kind": "function", "signature": "(const JsonRpc::Request & request,JsonRpc::Response & response)", "scope": "WebSockets::JsonRpcInterface", "scopeKind": "class"}, {"_type": "tag", "name": "setNotificationHandler", "path": "/home/kavia/workspace/code-generation/app-gateway2/helpers/entservices-infra/helpers/WebSockets/CommunicationInterface/JsonRpcInterface.h", "pattern": "/^void JsonRpcInterface<Derived>::setNotificationHandler(std::function<void(const JsonRpc::Notific/", "language": "C++", "typeref": "typename:void", "kind": "function", "signature": "(std::function<void (const JsonRpc::Notification &)> notificationHandler)", "scope": "WebSockets::JsonRpcInterface", "scopeKind": "class"}], "hash": "d12491b466af02ed0d3ae78fd3222ebc", "format-version": 4, "code-base-name": "app-gateway2", "filename": "helpers/entservices-infra/helpers/WebSockets/CommunicationInterface/JsonRpcInterface.h", "fields": [{"name": "std::function<void (const JsonRpc::Notification &)> notificationHandler_", "scope": "WebSockets::JsonRpcInterface", "scopeKind": "class", "description": "unavailable"}, {"name": "websocketpp::frame::opcode::value opcode_", "scope": "WebSockets::JsonRpcInterface", "scopeKind": "class", "description": "unavailable"}, {"name": "std::mutex responseMutex_", "scope": "WebSockets::JsonRpcInterface", "scopeKind": "class", "description": "unavailable"}, {"name": "std::map<uint32_t,std::promise<std::string>> responseToPromise_", "scope": "WebSockets::JsonRpcInterface", "scopeKind": "class", "description": "unavailable"}], "revision_history": [{"17506": "bc95ad096bdaa0d2d554ecfc4389c78048005d56"}]}