{"is_source_file": true, "format": "C++ header file", "description": "This header defines utilities for JSON-RPC direct linking and security token retrieval within the WPEFramework Utils namespace. It includes a function to acquire a security token and a class for managing JSON-RPC calls over a direct link, specifically designed for interactions with Thunder controller services.", "external_files": ["UtilsLogging.h", "<plugins/plugins.h>"], "external_methods": ["Core::ERROR_GENERAL", "Core::ERROR_NONE", "Core::ERROR_BAD_REQUEST", "Core::hresult", "Core::JSON::IElement", "Core::JSON::Error", "Core::OptionalType"], "published": ["GetThunderSecurityToken", "GetThunderControllerClient"], "classes": [{"name": "JSONRPCDirectLink", "description": "A class that manages JSON-RPC communication over a direct link to a Thunder controller, handling invocation, serialization, deserialization, and security token management."}], "methods": [{"name": "uint32_t GetThunderSecurityToken(PluginHost::IShell * service,std::string & token)", "description": "Retrieves a security token from the security agent in the provided service interface, returning a result code.", "scope": "WPEFramework::Utils", "scopeKind": "namespace"}, {"name": "std::shared_ptr<Utils::JSONRPCDirectLink> GetThunderControllerClient(PluginHost::IShell * service,std::string callsign=\"\")", "description": "Creates and returns a shared pointer to a JSONRPCDirectLink instance configured for a specific callsign, managing security token retrieval internally.", "scope": "WPEFramework::Utils", "scopeKind": "namespace"}, {"name": "bool FromString(Core::JSON::IElement & response,const std::string & in) const", "scope": "WPEFramework::Utils::JSONRPCDirectLink", "scopeKind": "struct", "description": "unavailable"}, {"name": "bool FromString(std::string & out,const std::string & in) const", "scope": "WPEFramework::Utils::JSONRPCDirectLink", "scopeKind": "struct", "description": "unavailable"}, {"name": "Core::hresult Invoke(const string & method,const PARAMETERS & parameters,RESPONSE & response)", "scope": "WPEFramework::Utils::JSONRPCDirectLink", "scopeKind": "struct", "description": "unavailable"}, {"name": "JSONRPCDirectLink(PluginHost::IShell * service)", "scope": "WPEFramework::Utils::JSONRPCDirectLink", "scopeKind": "struct", "description": "unavailable"}, {"name": "JSONRPCDirectLink(PluginHost::IShell * service,const std::string & callsign,const std::string & token=\"\")", "scope": "WPEFramework::Utils::JSONRPCDirectLink", "scopeKind": "struct", "description": "unavailable"}, {"name": "bool ToString(std::string & out,const Core::JSON::IElement & in) const", "scope": "WPEFramework::Utils::JSONRPCDirectLink", "scopeKind": "struct", "description": "unavailable"}, {"name": "bool ToString(std::string & out,const std::string & in) const", "scope": "WPEFramework::Utils::JSONRPCDirectLink", "scopeKind": "struct", "description": "unavailable"}, {"name": "std::string __anon7901e9e70102(std::string s)", "scope": "WPEFramework::Utils::JSONRPCDirectLink::Invoke", "scopeKind": "function", "description": "unavailable"}, {"name": "~JSONRPCDirectLink()", "scope": "WPEFramework::Utils::JSONRPCDirectLink", "scopeKind": "struct", "description": "unavailable"}], "calls": ["service->QueryInterfaceByCallsign<PluginHost::IAuthenticate>", "security->CreateToken", "security->Release", "response.FromString", "mDispatcher->Invoke"], "search-terms": ["UtilsJsonrpcDirectLink", "Thunder security token", "JSONRPC communication", "direct link call", "Thunder controller client"], "state": 2, "file_id": 8400, "knowledge_revision": 17720, "git_revision": "825d9c413a5c95788a0904111f664dc1cc02e26b", "revision_history": [{"17527": "bc95ad096bdaa0d2d554ecfc4389c78048005d56"}, {"17713": "62a01c2b7e96a81903a3d85421cd87e87ddc1d2a"}, {"17720": "825d9c413a5c95788a0904111f664dc1cc02e26b"}], "ctags": [{"_type": "tag", "name": "FromString", "path": "/home/kavia/workspace/code-generation/app-gateway2/helpers/rdkservices-comcast/helpers/UtilsJsonrpcDirectLink.h", "pattern": "/^            bool FromString(Core::JSON::IElement& response, const std::string &in) const$/", "language": "C++", "typeref": "typename:bool", "kind": "function", "signature": "(Core::JSON::IElement & response,const std::string & in) const", "scope": "WPEFramework::Utils::JSONRPCDirectLink", "scopeKind": "struct"}, {"_type": "tag", "name": "FromString", "path": "/home/kavia/workspace/code-generation/app-gateway2/helpers/rdkservices-comcast/helpers/UtilsJsonrpcDirectLink.h", "pattern": "/^            bool FromString(std::string &out, const std::string &in) const$/", "language": "C++", "typeref": "typename:bool", "kind": "function", "signature": "(std::string & out,const std::string & in) const", "scope": "WPEFramework::Utils::JSONRPCDirectLink", "scopeKind": "struct"}, {"_type": "tag", "name": "GetThunderControllerClient", "path": "/home/kavia/workspace/code-generation/app-gateway2/helpers/rdkservices-comcast/helpers/UtilsJsonrpcDirectLink.h", "pattern": "/^        std::shared_ptr<Utils::JSONRPCDirectLink> GetThunderControllerClient(PluginHost::IShell /", "language": "C++", "typeref": "typename:std::shared_ptr<Utils::JSONRPCDirectLink>", "kind": "function", "signature": "(PluginHost::IShell * service,std::string callsign=\"\")", "scope": "WPEFramework::Utils", "scopeKind": "namespace"}, {"_type": "tag", "name": "GetThunderSecurityToken", "path": "/home/kavia/workspace/code-generation/app-gateway2/helpers/rdkservices-comcast/helpers/UtilsJsonrpcDirectLink.h", "pattern": "/^        uint32_t GetThunderSecurityToken(PluginHost::IShell *service, std::string &token)$/", "language": "C++", "typeref": "typename:uint32_t", "kind": "function", "signature": "(PluginHost::IShell * service,std::string & token)", "scope": "WPEFramework::Utils", "scopeKind": "namespace"}, {"_type": "tag", "name": "Invoke", "path": "/home/kavia/workspace/code-generation/app-gateway2/helpers/rdkservices-comcast/helpers/UtilsJsonrpcDirectLink.h", "pattern": "/^            Core::hresult Invoke(const string &method, const PARAMETERS &parameters, RESPONSE &r/", "language": "C++", "typeref": "typename:Core::hresult", "kind": "function", "signature": "(const string & method,const PARAMETERS & parameters,RESPONSE & response)", "scope": "WPEFramework::Utils::JSONRPCDirectLink", "scopeKind": "struct"}, {"_type": "tag", "name": "JSONRPCDirectLink", "path": "/home/kavia/workspace/code-generation/app-gateway2/helpers/rdkservices-comcast/helpers/UtilsJsonrpcDirectLink.h", "pattern": "/^            JSONRPCDirectLink(PluginHost::IShell *service)$/", "language": "C++", "kind": "function", "signature": "(PluginHost::IShell * service)", "scope": "WPEFramework::Utils::JSONRPCDirectLink", "scopeKind": "struct"}, {"_type": "tag", "name": "JSONRPCDirectLink", "path": "/home/kavia/workspace/code-generation/app-gateway2/helpers/rdkservices-comcast/helpers/UtilsJsonrpcDirectLink.h", "pattern": "/^            JSONRPCDirectLink(PluginHost::IShell *service, const std::string &callsign, const st/", "language": "C++", "kind": "function", "signature": "(PluginHost::IShell * service,const std::string & callsign,const std::string & token=\"\")", "scope": "WPEFramework::Utils::JSONRPCDirectLink", "scopeKind": "struct"}, {"_type": "tag", "name": "JSONRPCDirectLink", "path": "/home/kavia/workspace/code-generation/app-gateway2/helpers/rdkservices-comcast/helpers/UtilsJsonrpcDirectLink.h", "pattern": "/^        struct JSONRPCDirectLink$/", "language": "C++", "kind": "struct", "scope": "WPEFramework::Utils", "scopeKind": "namespace"}, {"_type": "tag", "name": "ToString", "path": "/home/kavia/workspace/code-generation/app-gateway2/helpers/rdkservices-comcast/helpers/UtilsJsonrpcDirectLink.h", "pattern": "/^            bool ToString(std::string &out, const Core::JSON::IElement &in) const$/", "language": "C++", "typeref": "typename:bool", "kind": "function", "signature": "(std::string & out,const Core::JSON::IElement & in) const", "scope": "WPEFramework::Utils::JSONRPCDirectLink", "scopeKind": "struct"}, {"_type": "tag", "name": "ToString", "path": "/home/kavia/workspace/code-generation/app-gateway2/helpers/rdkservices-comcast/helpers/UtilsJsonrpcDirectLink.h", "pattern": "/^            bool ToString(std::string &out, const std::string &in) const$/", "language": "C++", "typeref": "typename:bool", "kind": "function", "signature": "(std::string & out,const std::string & in) const", "scope": "WPEFramework::Utils::JSONRPCDirectLink", "scopeKind": "struct"}, {"_type": "tag", "name": "Utils", "path": "/home/kavia/workspace/code-generation/app-gateway2/helpers/rdkservices-comcast/helpers/UtilsJsonrpcDirectLink.h", "pattern": "/^    namespace Utils$/", "language": "C++", "kind": "namespace", "scope": "WPEFramework", "scopeKind": "namespace"}, {"_type": "tag", "name": "WPEFramework", "path": "/home/kavia/workspace/code-generation/app-gateway2/helpers/rdkservices-comcast/helpers/UtilsJsonrpcDirectLink.h", "pattern": "/^namespace WPEFramework$/", "language": "C++", "kind": "namespace"}, {"_type": "tag", "name": "__anon7901e9e70102", "path": "/home/kavia/workspace/code-generation/app-gateway2/helpers/rdkservices-comcast/helpers/UtilsJsonrpcDirectLink.h", "pattern": "/^                auto toLowerAscii = [](std::string s) -> std::string {$/", "file": true, "language": "C++", "typeref": "typename:std::string", "kind": "function", "signature": "(std::string s) ", "scope": "WPEFramework::Utils::JSONRPCDirectLink::Invoke", "scopeKind": "function"}, {"_type": "tag", "name": "mCallSign", "path": "/home/kavia/workspace/code-generation/app-gateway2/helpers/rdkservices-comcast/helpers/UtilsJsonrpcDirectLink.h", "pattern": "/^            std::string mCallSign{};$/", "language": "C++", "typeref": "typename:std::string", "kind": "member", "scope": "WPEFramework::Utils::JSONRPCDirectLink", "scopeKind": "struct"}, {"_type": "tag", "name": "mDispatcher", "path": "/home/kavia/workspace/code-generation/app-gateway2/helpers/rdkservices-comcast/helpers/UtilsJsonrpcDirectLink.h", "pattern": "/^            PluginHost::ILocalDispatcher *mDispatcher{nullptr};$/", "language": "C++", "typeref": "typename:PluginHost::ILocalDispatcher *", "kind": "member", "scope": "WPEFramework::Utils::JSONRPCDirectLink", "scopeKind": "struct"}, {"_type": "tag", "name": "mId", "path": "/home/kavia/workspace/code-generation/app-gateway2/helpers/rdkservices-comcast/helpers/UtilsJsonrpcDirectLink.h", "pattern": "/^            uint32_t mId{0};$/", "language": "C++", "typeref": "typename:uint32_t", "kind": "member", "scope": "WPEFramework::Utils::JSONRPCDirectLink", "scopeKind": "struct"}, {"_type": "tag", "name": "mThunderSecurityToken", "path": "/home/kavia/workspace/code-generation/app-gateway2/helpers/rdkservices-comcast/helpers/UtilsJsonrpcDirectLink.h", "pattern": "/^            std::string mThunderSecurityToken{};$/", "language": "C++", "typeref": "typename:std::string", "kind": "member", "scope": "WPEFramework::Utils::JSONRPCDirectLink", "scopeKind": "struct"}, {"_type": "tag", "name": "~JSONRPCDirectLink", "path": "/home/kavia/workspace/code-generation/app-gateway2/helpers/rdkservices-comcast/helpers/UtilsJsonrpcDirectLink.h", "pattern": "/^            ~JSONRPCDirectLink()$/", "language": "C++", "kind": "function", "signature": "()", "scope": "WPEFramework::Utils::JSONRPCDirectLink", "scopeKind": "struct"}], "hash": "a0b5740daa3dd9b845e8fca798dbfe6e", "format-version": 4, "code-base-name": "app-gateway2", "filename": "helpers/rdkservices-comcast/helpers/UtilsJsonrpcDirectLink.h", "fields": [{"name": "std::string mCallSign", "scope": "WPEFramework::Utils::JSONRPCDirectLink", "scopeKind": "struct", "description": "unavailable"}, {"name": "PluginHost::ILocalDispatcher * mDispatcher", "scope": "WPEFramework::Utils::JSONRPCDirectLink", "scopeKind": "struct", "description": "unavailable"}, {"name": "uint32_t mId", "scope": "WPEFramework::Utils::JSONRPCDirectLink", "scopeKind": "struct", "description": "unavailable"}, {"name": "std::string mThunderSecurityToken", "scope": "WPEFramework::Utils::JSONRPCDirectLink", "scopeKind": "struct", "description": "unavailable"}]}