{"is_source_file": true, "format": "C/C++ header", "description": "This file defines constants (macros with string values) related to system state and configuration keys for Comcast device management, specifically related to the RDK (Reference Design Kit) services. It contains macro definitions used as identifiers for various system states or parameters.", "external_files": [], "external_methods": [], "published": [], "classes": [], "methods": [], "calls": [], "search-terms": ["STATE_OBSERVER_HELPER", "comcast", "system state", "configuration keys", "macro definitions", "rdkservices", "device state", "helper"], "state": 2, "file_id": 8473, "knowledge_revision": 17598, "git_revision": "bc95ad096bdaa0d2d554ecfc4389c78048005d56", "ctags": [{"_type": "tag", "name": "SYSTEM_CABLE_CARD", "path": "/home/kavia/workspace/code-generation/app-gateway2/helpers/rdkservices-comcast/helpers/StateObserverHelper.h", "pattern": "/^#define SYSTEM_CABLE_CARD /", "language": "C++", "kind": "macro"}, {"_type": "tag", "name": "SYSTEM_CABLE_CARD_DWNLD", "path": "/home/kavia/workspace/code-generation/app-gateway2/helpers/rdkservices-comcast/helpers/StateObserverHelper.h", "pattern": "/^#define SYSTEM_CABLE_CARD_DWNLD /", "language": "C++", "kind": "macro"}, {"_type": "tag", "name": "SYSTEM_CARD_CISCO_STATUS", "path": "/home/kavia/workspace/code-generation/app-gateway2/helpers/rdkservices-comcast/helpers/StateObserverHelper.h", "pattern": "/^#define SYSTEM_CARD_CISCO_STATUS /", "language": "C++", "kind": "macro"}, {"_type": "tag", "name": "SYSTEM_CARD_DISCONNECTED", "path": "/home/kavia/workspace/code-generation/app-gateway2/helpers/rdkservices-comcast/helpers/StateObserverHelper.h", "pattern": "/^#define SYSTEM_CARD_DISCONNECTED /", "language": "C++", "kind": "macro"}, {"_type": "tag", "name": "SYSTEM_CARD_SERIAL_NO", "path": "/home/kavia/workspace/code-generation/app-gateway2/helpers/rdkservices-comcast/helpers/StateObserverHelper.h", "pattern": "/^#define SYSTEM_CARD_SERIAL_NO /", "language": "C++", "kind": "macro"}, {"_type": "tag", "name": "SYSTEM_CA_SYSTEM", "path": "/home/kavia/workspace/code-generation/app-gateway2/helpers/rdkservices-comcast/helpers/StateObserverHelper.h", "pattern": "/^#define SYSTEM_CA_SYSTEM /", "language": "C++", "kind": "macro"}, {"_type": "tag", "name": "SYSTEM_CHANNEL_MAP", "path": "/home/kavia/workspace/code-generation/app-gateway2/helpers/rdkservices-comcast/helpers/StateObserverHelper.h", "pattern": "/^#define SYSTEM_CHANNEL_MAP /", "language": "C++", "kind": "macro"}, {"_type": "tag", "name": "SYSTEM_CMAC", "path": "/home/kavia/workspace/code-generation/app-gateway2/helpers/rdkservices-comcast/helpers/StateObserverHelper.h", "pattern": "/^#define SYSTEM_CMAC /", "language": "C++", "kind": "macro"}, {"_type": "tag", "name": "SYSTEM_CVR_SUBSYSTEM", "path": "/home/kavia/workspace/code-generation/app-gateway2/helpers/rdkservices-comcast/helpers/StateObserverHelper.h", "pattern": "/^#define SYSTEM_CVR_SUBSYSTEM /", "language": "C++", "kind": "macro"}, {"_type": "tag", "name": "SYSTEM_DAC_INIT_TIMESTAMP", "path": "/home/kavia/workspace/code-generation/app-gateway2/helpers/rdkservices-comcast/helpers/StateObserverHelper.h", "pattern": "/^#define SYSTEM_DAC_INIT_TIMESTAMP /", "language": "C++", "kind": "macro"}, {"_type": "tag", "name": "SYSTEM_DOCSIS", "path": "/home/kavia/workspace/code-generation/app-gateway2/helpers/rdkservices-comcast/helpers/StateObserverHelper.h", "pattern": "/^#define SYSTEM_DOCSIS /", "language": "C++", "kind": "macro"}, {"_type": "tag", "name": "SYSTEM_DOWNLOAD", "path": "/home/kavia/workspace/code-generation/app-gateway2/helpers/rdkservices-comcast/helpers/StateObserverHelper.h", "pattern": "/^#define SYSTEM_DOWNLOAD /", "language": "C++", "kind": "macro"}, {"_type": "tag", "name": "SYSTEM_DSG_BROADCAST_CHANNEL", "path": "/home/kavia/workspace/code-generation/app-gateway2/helpers/rdkservices-comcast/helpers/StateObserverHelper.h", "pattern": "/^#define SYSTEM_DSG_BROADCAST_CHANNEL /", "language": "C++", "kind": "macro"}, {"_type": "tag", "name": "SYSTEM_DSG_CA_TUNNEL", "path": "/home/kavia/workspace/code-generation/app-gateway2/helpers/rdkservices-comcast/helpers/StateObserverHelper.h", "pattern": "/^#define SYSTEM_DSG_CA_TUNNEL /", "language": "C++", "kind": "macro"}, {"_type": "tag", "name": "SYSTEM_ECM_IP", "path": "/home/kavia/workspace/code-generation/app-gateway2/helpers/rdkservices-comcast/helpers/StateObserverHelper.h", "pattern": "/^#define SYSTEM_ECM_IP /", "language": "C++", "kind": "macro"}, {"_type": "tag", "name": "SYSTEM_ECM_MAC", "path": "/home/kavia/workspace/code-generation/app-gateway2/helpers/rdkservices-comcast/helpers/StateObserverHelper.h", "pattern": "/^#define SYSTEM_ECM_MAC /", "language": "C++", "kind": "macro"}, {"_type": "tag", "name": "SYSTEM_ESTB_IP", "path": "/home/kavia/workspace/code-generation/app-gateway2/helpers/rdkservices-comcast/helpers/StateObserverHelper.h", "pattern": "/^#define SYSTEM_ESTB_IP /", "language": "C++", "kind": "macro"}, {"_type": "tag", "name": "SYSTEM_EXIT_OK", "path": "/home/kavia/workspace/code-generation/app-gateway2/helpers/rdkservices-comcast/helpers/StateObserverHelper.h", "pattern": "/^#define SYSTEM_EXIT_OK /", "language": "C++", "kind": "macro"}, {"_type": "tag", "name": "SYSTEM_FIRMWARE_DWNLD", "path": "/home/kavia/workspace/code-generation/app-gateway2/helpers/rdkservices-comcast/helpers/StateObserverHelper.h", "pattern": "/^#define SYSTEM_FIRMWARE_DWNLD /", "language": "C++", "kind": "macro"}, {"_type": "tag", "name": "SYSTEM_HDCP_ENABLED", "path": "/home/kavia/workspace/code-generation/app-gateway2/helpers/rdkservices-comcast/helpers/StateObserverHelper.h", "pattern": "/^#define SYSTEM_HDCP_ENABLED /", "language": "C++", "kind": "macro"}, {"_type": "tag", "name": "SYSTEM_HDMI_EDID_READ", "path": "/home/kavia/workspace/code-generation/app-gateway2/helpers/rdkservices-comcast/helpers/StateObserverHelper.h", "pattern": "/^#define SYSTEM_HDMI_EDID_READ /", "language": "C++", "kind": "macro"}, {"_type": "tag", "name": "SYSTEM_HDMI_OUT", "path": "/home/kavia/workspace/code-generation/app-gateway2/helpers/rdkservices-comcast/helpers/StateObserverHelper.h", "pattern": "/^#define SYSTEM_HDMI_OUT /", "language": "C++", "kind": "macro"}, {"_type": "tag", "name": "SYSTEM_IP_MODE", "path": "/home/kavia/workspace/code-generation/app-gateway2/helpers/rdkservices-comcast/helpers/StateObserverHelper.h", "pattern": "/^#define SYSTEM_IP_MODE /", "language": "C++", "kind": "macro"}, {"_type": "tag", "name": "SYSTEM_LAN_IP", "path": "/home/kavia/workspace/code-generation/app-gateway2/helpers/rdkservices-comcast/helpers/StateObserverHelper.h", "pattern": "/^#define SYSTEM_LAN_IP /", "language": "C++", "kind": "macro"}, {"_type": "tag", "name": "SYSTEM_MINI_DIAGNOSTICS", "path": "/home/kavia/workspace/code-generation/app-gateway2/helpers/rdkservices-comcast/helpers/StateObserverHelper.h", "pattern": "/^#define SYSTEM_MINI_DIAGNOSTICS /", "language": "C++", "kind": "macro"}, {"_type": "tag", "name": "SYSTEM_MOCA", "path": "/home/kavia/workspace/code-generation/app-gateway2/helpers/rdkservices-comcast/helpers/StateObserverHelper.h", "pattern": "/^#define SYSTEM_MOCA /", "language": "C++", "kind": "macro"}, {"_type": "tag", "name": "SYSTEM_MOTO_ENTITLEMENT", "path": "/home/kavia/workspace/code-generation/app-gateway2/helpers/rdkservices-comcast/helpers/StateObserverHelper.h", "pattern": "/^#define SYSTEM_MOTO_ENTITLEMENT /", "language": "C++", "kind": "macro"}, {"_type": "tag", "name": "SYSTEM_MOTO_HRV_RX", "path": "/home/kavia/workspace/code-generation/app-gateway2/helpers/rdkservices-comcast/helpers/StateObserverHelper.h", "pattern": "/^#define SYSTEM_MOTO_HRV_RX /", "language": "C++", "kind": "macro"}, {"_type": "tag", "name": "SYSTEM_RF_CONNECTED", "path": "/home/kavia/workspace/code-generation/app-gateway2/helpers/rdkservices-comcast/helpers/StateObserverHelper.h", "pattern": "/^#define SYSTEM_RF_CONNECTED /", "language": "C++", "kind": "macro"}, {"_type": "tag", "name": "SYSTEM_STB_SERIAL_NO", "path": "/home/kavia/workspace/code-generation/app-gateway2/helpers/rdkservices-comcast/helpers/StateObserverHelper.h", "pattern": "/^#define SYSTEM_STB_SERIAL_NO /", "language": "C++", "kind": "macro"}, {"_type": "tag", "name": "SYSTEM_TIME_SOURCE", "path": "/home/kavia/workspace/code-generation/app-gateway2/helpers/rdkservices-comcast/helpers/StateObserverHelper.h", "pattern": "/^#define SYSTEM_TIME_SOURCE /", "language": "C++", "kind": "macro"}, {"_type": "tag", "name": "SYSTEM_TIME_ZONE", "path": "/home/kavia/workspace/code-generation/app-gateway2/helpers/rdkservices-comcast/helpers/StateObserverHelper.h", "pattern": "/^#define SYSTEM_TIME_ZONE /", "language": "C++", "kind": "macro"}, {"_type": "tag", "name": "SYSTEM_TUNE_READY", "path": "/home/kavia/workspace/code-generation/app-gateway2/helpers/rdkservices-comcast/helpers/StateObserverHelper.h", "pattern": "/^#define SYSTEM_TUNE_READY /", "language": "C++", "kind": "macro"}, {"_type": "tag", "name": "SYSTEM_VIDEO_PRESENTING", "path": "/home/kavia/workspace/code-generation/app-gateway2/helpers/rdkservices-comcast/helpers/StateObserverHelper.h", "pattern": "/^#define SYSTEM_VIDEO_PRESENTING /", "language": "C++", "kind": "macro"}, {"_type": "tag", "name": "SYSTEM_VOD_AD", "path": "/home/kavia/workspace/code-generation/app-gateway2/helpers/rdkservices-comcast/helpers/StateObserverHelper.h", "pattern": "/^#define SYSTEM_VOD_AD /", "language": "C++", "kind": "macro"}, {"_type": "tag", "name": "__STATE_OBSERVER_HELPER_H__", "path": "/home/kavia/workspace/code-generation/app-gateway2/helpers/rdkservices-comcast/helpers/StateObserverHelper.h", "pattern": "/^#define __STATE_OBSERVER_HELPER_H__$/", "language": "C++", "kind": "macro"}], "hash": "c932b3845df366224de26ba171f19f53", "format-version": 4, "code-base-name": "app-gateway2", "filename": "helpers/rdkservices-comcast/helpers/StateObserverHelper.h", "revision_history": [{"17598": "bc95ad096bdaa0d2d554ecfc4389c78048005d56"}]}