{"is_source_file": true, "format": "JavaScript", "description": "This file serves as the entry point for the app-gateway2 project, primarily initializing and delegating to the server implementation, and setting up process error handlers.", "external_files": ["./server"], "external_methods": ["process.on", "console.error", "require"], "published": [], "classes": [], "methods": [{"name": "anonymous callback for 'unhandledRejection'", "description": "Handles unhandled promise rejections by logging the error."}, {"name": "anonymous callback for 'uncaughtException'", "description": "Handles uncaught exceptions by logging the error."}], "calls": ["process.on", "console.error", "require('./server')"], "search-terms": ["entrypoint", "server delegation", "error handling", "initialization", "index.js"], "state": 2, "file_id": 6797, "knowledge_revision": 16294, "git_revision": "fb93065789dac0f55358303e632e760155cd584b", "revision_history": [{"13478": ""}, {"16294": "fb93065789dac0f55358303e632e760155cd584b"}], "ctags": [], "hash": "f419846d84e34a5f5a07093aab38470f", "format-version": 4, "code-base-name": "app-gateway2", "filename": "index.js"}