{"is_source_file": true, "format": "C++ header file", "description": "Header file defining settings interface JFbSettings, includes IUserSettings", "external_files": ["../IUserSettings.h"], "external_methods": [], "published": [], "classes": [{"name": "JFbSettings", "description": "Interface or class for Facebook-specific user settings based on IUserSettings"}], "methods": [], "calls": [], "search-terms": ["JFbSettings", "IUserSettings", "json", "header"], "state": 2, "file_id": 8246, "knowledge_revision": 16583, "git_revision": "ddd0559dac1261b847a5ca1e89431b74f8dc2ea4", "ctags": [], "hash": "62f8c6071262eccf6e77ca95a5198d96", "format-version": 4, "code-base-name": "app-gateway2", "filename": "interfaces/json/JFbSettings.h", "revision_history": [{"16583": "ddd0559dac1261b847a5ca1e89431b74f8dc2ea4"}]}