{"is_source_file": true, "format": "C++ header file", "description": "This file defines interfaces for app notifications within the WPEFramework project. It includes two main interfaces: IAppNotifications for managing notifications, subscriptions, and cleanup operations related to application events, and IAppNotificationHandler (with nested IEmitter) for handling event dispatching and registration handling related to app event notifications.", "external_files": ["Module.h"], "external_methods": [], "published": ["WPEFramework::Exchange::IAppNotifications", "WPEFramework::Exchange::IAppNotificationHandler", "WPEFramework::Exchange::IAppNotificationHandler::IEmitter"], "classes": [{"name": "WPEFramework::Exchange::IAppNotifications", "description": "Interface for app notification management, including subscribe, emit, and cleanup operations."}, {"name": "WPEFramework::Exchange::IAppNotificationHandler", "description": "Interface for handling app event notifications, including registering notifier handlers."}, {"name": "WPEFramework::Exchange::IAppNotificationHandler::IEmitter", "description": "Nested interface for emitting app events."}], "methods": [{"name": "Notify", "description": "Method to send a cross-component notification with an event name and payload."}, {"name": "Subscribe", "description": "Method to register or unregister for Firebolt subscription requests for a specific module and event."}, {"name": "void Emit(const string & event,const string & payload,const string & appId)", "description": "Method to dispatch an event with a payload, optionally targeted to a specific appId.", "scope": "WPEFramework::Exchange::IAppNotificationHandler::IEmitter", "scopeKind": "struct"}, {"name": "Cleanup", "description": "Method to clean up contexts associated with a specific connectionId and origin."}, {"name": "HandleAppEventNotifier", "description": "Method to handle app event notifier registration, providing a callback interface and event."}, {"name": "Emit", "description": "In nested IEmitter interface, method to dispatch an event with payload and appId."}], "calls": [], "search-terms": ["IAppNotifications", "AppNotificationContext", "subscribe", "emit", "cleanup", "IAppNotificationHandler", "IEmitter", "HandleAppEventNotifier"], "state": 2, "file_id": 8716, "knowledge_revision": 17437, "git_revision": "4350601e736782c35372e6a2763060f854671cf3", "revision_history": [{"17436": ""}, {"17437": "4350601e736782c35372e6a2763060f854671cf3"}], "ctags": [{"_type": "tag", "name": "AppNotificationContext", "path": "/home/kavia/workspace/code-generation/app-gateway2/interfaces/IAppNotifications.h", "pattern": "/^            struct EXTERNAL AppNotificationContext$/", "language": "C++", "kind": "struct", "scope": "WPEFramework::Exchange::IAppNotifications", "scopeKind": "struct"}, {"_type": "tag", "name": "Emit", "path": "/home/kavia/workspace/code-generation/app-gateway2/interfaces/IAppNotifications.h", "pattern": "/^                virtual void Emit(const string& event,$/", "language": "C++", "typeref": "typename:void", "kind": "function", "signature": "(const string & event,const string & payload,const string & appId)", "scope": "WPEFramework::Exchange::IAppNotificationHandler::IEmitter", "scopeKind": "struct"}, {"_type": "tag", "name": "Exchange", "path": "/home/kavia/workspace/code-generation/app-gateway2/interfaces/IAppNotifications.h", "pattern": "/^    namespace Exchange$/", "language": "C++", "kind": "namespace", "scope": "WPEFramework", "scopeKind": "namespace"}, {"_type": "tag", "name": "IAppNotificationHandler", "path": "/home/kavia/workspace/code-generation/app-gateway2/interfaces/IAppNotifications.h", "pattern": "/^        struct EXTERNAL IAppNotificationHandler : virtual public Core::IUnknown$/", "language": "C++", "kind": "struct", "scope": "WPEFramework::Exchange", "scopeKind": "namespace"}, {"_type": "tag", "name": "IAppNotifications", "path": "/home/kavia/workspace/code-generation/app-gateway2/interfaces/IAppNotifications.h", "pattern": "/^        struct EXTERNAL IAppNotifications : virtual public Core::IUnknown$/", "language": "C++", "kind": "struct", "scope": "WPEFramework::Exchange", "scopeKind": "namespace"}, {"_type": "tag", "name": "ID", "path": "/home/kavia/workspace/code-generation/app-gateway2/interfaces/IAppNotifications.h", "pattern": "/^                ID = ID_APP_NOTIFICATIONS$/", "language": "C++", "kind": "enumerator", "scope": "WPEFramework::Exchange::IAppNotifications::__anon8cb493760103", "scopeKind": "enum"}, {"_type": "tag", "name": "ID", "path": "/home/kavia/workspace/code-generation/app-gateway2/interfaces/IAppNotifications.h", "pattern": "/^                ID = ID_APP_NOTIFICATIONS_HANDLER_INTERNAL$/", "language": "C++", "kind": "enumerator", "scope": "WPEFramework::Exchange::IAppNotificationHandler::__anon8cb493760203", "scopeKind": "enum"}, {"_type": "tag", "name": "ID", "path": "/home/kavia/workspace/code-generation/app-gateway2/interfaces/IAppNotifications.h", "pattern": "/^                enum { ID = ID_APP_NOTIFICATIONS_HANDLER_INTERNAL_EMITTER };$/", "language": "C++", "kind": "enumerator", "scope": "WPEFramework::Exchange::IAppNotificationHandler::IEmitter::__anon8cb493760303", "scopeKind": "enum"}, {"_type": "tag", "name": "ID_APP_NOTIFICATIONS_HANDLER_INTERNAL_EMITTER", "path": "/home/kavia/workspace/code-generation/app-gateway2/interfaces/IAppNotifications.h", "pattern": "/^#define ID_APP_NOTIFICATIONS_HANDLER_INTERNAL_EMITTER /", "language": "C++", "kind": "macro"}, {"_type": "tag", "name": "IEmitter", "path": "/home/kavia/workspace/code-generation/app-gateway2/interfaces/IAppNotifications.h", "pattern": "/^            struct EXTERNAL IEmitter : virtual public Core::IUnknown$/", "language": "C++", "kind": "struct", "scope": "WPEFramework::Exchange::IAppNotificationHandler", "scopeKind": "struct"}, {"_type": "tag", "name": "WPEFramework", "path": "/home/kavia/workspace/code-generation/app-gateway2/interfaces/IAppNotifications.h", "pattern": "/^namespace WPEFramework$/", "language": "C++", "kind": "namespace"}, {"_type": "tag", "name": "__anon8cb493760103", "path": "/home/kavia/workspace/code-generation/app-gateway2/interfaces/IAppNotifications.h", "pattern": "/^            {$/", "language": "C++", "kind": "enum", "scope": "WPEFramework::Exchange::IAppNotifications", "scopeKind": "struct"}, {"_type": "tag", "name": "__anon8cb493760203", "path": "/home/kavia/workspace/code-generation/app-gateway2/interfaces/IAppNotifications.h", "pattern": "/^            {$/", "language": "C++", "kind": "enum", "scope": "WPEFramework::Exchange::IAppNotificationHandler", "scopeKind": "struct"}, {"_type": "tag", "name": "__anon8cb493760303", "path": "/home/kavia/workspace/code-generation/app-gateway2/interfaces/IAppNotifications.h", "pattern": "/^                enum { ID = ID_APP_NOTIFICATIONS_HANDLER_INTERNAL_EMITTER };$/", "language": "C++", "kind": "enum", "scope": "WPEFramework::Exchange::IAppNotificationHandler::IEmitter", "scopeKind": "struct"}, {"_type": "tag", "name": "appId", "path": "/home/kavia/workspace/code-generation/app-gateway2/interfaces/IAppNotifications.h", "pattern": "/^                string appId;             \\/* @text appId *\\/ \\/* @brief Application identifier /", "language": "C++", "typeref": "typename:string", "kind": "member", "scope": "WPEFramework::Exchange::IAppNotifications::AppNotificationContext", "scopeKind": "struct"}, {"_type": "tag", "name": "connectionId", "path": "/home/kavia/workspace/code-generation/app-gateway2/interfaces/IAppNotifications.h", "pattern": "/^                uint32_t connectionId;    \\/* @text connectionId *\\/ \\/* @brief Unique identifie/", "language": "C++", "typeref": "typename:uint32_t", "kind": "member", "scope": "WPEFramework::Exchange::IAppNotifications::AppNotificationContext", "scopeKind": "struct"}, {"_type": "tag", "name": "origin", "path": "/home/kavia/workspace/code-generation/app-gateway2/interfaces/IAppNotifications.h", "pattern": "/^                string origin;            \\/* @text origin *\\/ \\/* @brief Origin of the request /", "language": "C++", "typeref": "typename:string", "kind": "member", "scope": "WPEFramework::Exchange::IAppNotifications::AppNotificationContext", "scopeKind": "struct"}, {"_type": "tag", "name": "requestId", "path": "/home/kavia/workspace/code-generation/app-gateway2/interfaces/IAppNotifications.h", "pattern": "/^                uint32_t requestId;       \\/* @text requestId *\\/ \\/* @brief Unique identifier f/", "language": "C++", "typeref": "typename:uint32_t", "kind": "member", "scope": "WPEFramework::Exchange::IAppNotifications::AppNotificationContext", "scopeKind": "struct"}], "hash": "a07f9dcc3bdc9581d963e1b33aa02f77", "format-version": 4, "code-base-name": "app-gateway2", "filename": "interfaces/IAppNotifications.h", "fields": [{"name": "string appId", "scope": "WPEFramework::Exchange::IAppNotifications::AppNotificationContext", "scopeKind": "struct", "description": "unavailable"}, {"name": "uint32_t connectionId", "scope": "WPEFramework::Exchange::IAppNotifications::AppNotificationContext", "scopeKind": "struct", "description": "unavailable"}, {"name": "string origin", "scope": "WPEFramework::Exchange::IAppNotifications::AppNotificationContext", "scopeKind": "struct", "description": "unavailable"}, {"name": "uint32_t requestId", "scope": "WPEFramework::Exchange::IAppNotifications::AppNotificationContext", "scopeKind": "struct", "description": "unavailable"}]}