{"is_source_file": true, "format": "C++", "description": "This file defines the implementation of the RequestRouter class, specifically its DispatchResolved method, which echoes back JSON objects for resolution and params in a response object.", "external_files": ["RequestRouter.h"], "external_methods": ["Core::JSON::Object::Clear", "Core::JSON::Variant", "Core::ERROR_NONE"], "published": [], "classes": [{"name": "RequestRouter", "description": "A class within WPEFramework::Plugin that handles request dispatching."}], "methods": [{"name": "uint32_t DispatchResolved(const Core::JSON::Object & resolution,const Core::JSON::Object & params,Core::JSON::Object & response)", "description": "Handles resolved requests by echoing resolution and params into the response object.", "scope": "WPEFramework::Plugin::RequestRouter", "scopeKind": "class"}], "calls": ["response.Clear()", "response[_T(\"resolution\")] = Core::JSON::Variant(resolution)", "response[_T(\"params\")] = Core::JSON::Variant(params)", "Core::ERROR_NONE"], "search-terms": ["RequestRouter.cpp", "DispatchResolved", "echo", "JSON response handling"], "state": 2, "file_id": 8783, "knowledge_revision": 17583, "git_revision": "65311adea1cac6361a132367e2c541cda6918e10", "ctags": [{"_type": "tag", "name": "DispatchResolved", "path": "/home/kavia/workspace/code-generation/app-gateway2/plugin/AppGateway/RequestRouter.cpp", "pattern": "/^uint32_t RequestRouter::DispatchResolved(const Core::JSON::Object& resolution,$/", "language": "C++", "typeref": "typename:uint32_t", "kind": "function", "signature": "(const Core::JSON::Object & resolution,const Core::JSON::Object & params,Core::JSON::Object & response)", "scope": "WPEFramework::Plugin::RequestRouter", "scopeKind": "class"}, {"_type": "tag", "name": "Plugin", "path": "/home/kavia/workspace/code-generation/app-gateway2/plugin/AppGateway/RequestRouter.cpp", "pattern": "/^namespace Plugin {$/", "file": true, "language": "C++", "kind": "namespace", "scope": "WPEFramework", "scopeKind": "namespace"}, {"_type": "tag", "name": "WPEFramework", "path": "/home/kavia/workspace/code-generation/app-gateway2/plugin/AppGateway/RequestRouter.cpp", "pattern": "/^namespace WPEFramework {$/", "file": true, "language": "C++", "kind": "namespace"}], "hash": "057b1b458b0208dfff0f37dd13f17b01", "format-version": 4, "code-base-name": "app-gateway2", "filename": "plugin/AppGateway/RequestRouter.cpp", "revision_history": [{"17583": "65311adea1cac6361a132367e2c541cda6918e10"}]}