{"is_source_file": true, "format": "JSON", "description": "This source file defines a set of resolution mappings for various system events, methods, and properties, with their respective aliases and context usage details for the app-gateway plugin.", "external_files": [], "external_methods": [], "published": ["resolutions"], "classes": [], "methods": [], "calls": ["org.rdk.App2AppProvider.registerProvider", "org.rdk.LaunchDelegate", "org.rdk.FbSettings.getDeviceMake", "org.rdk.FbSettings.getDeviceName", "org.rdk.FbSettings.setDeviceName", "org.rdk.FbSettings.getDeviceSku", "org.rdk.FbSettings.getCountryCode", "org.rdk.FbSettings.setCountryCode", "org.rdk.FbSettings.getTimeZone", "org.rdk.FbSettings.setTimeZone", "org.rdk.FbSettings.getSecondScreenFriendlyName", "org.rdk.FbSettings", "org.rdk.FbSettings.onPresentationLanguageChanged", "org.rdk.FbSettings.onLocaleChanged", "org.rdk.FbSettings.onPreferredAudioLanguagesChanged", "org.rdk.FbSettings.onAudioDescriptionChanged", "org.rdk.FbSettings.onAudioDescriptionsChanged", "org.rdk.FbSettings.onHighContrastChanged", "org.rdk.FbSettings.onCaptionsChanged", "org.rdk.FbSettings.onPreferredCaptionsLanguagesChanged", "org.rdk.FbSettings.onVoiceGuidanceHintsChanged", "org.rdk.FbSettings.onVoiceGuidanceRateChanged", "org.rdk.FbSettings.onVoiceGuidanceChanged", "org.rdk.FbSettings.onDisplayConnectionChanged", "org.rdk.FbSettings.onInternetStatusChange", "org.rdk.FbSettings.onDisplayConnectionChanged", "org.rdk.FbSettings.onScreenResolutionChanged", "org.rdk.FbSettings.resolutionChanged"], "search-terms": ["resolution mapping", "app-gateway resolution", "system event aliases", "org.rdk.FbSettings event", "Lifecycle lifecycle events", "device settings alias", "localization events"], "state": 2, "file_id": 8721, "knowledge_revision": 17556, "git_revision": "65311adea1cac6361a132367e2c541cda6918e10", "revision_history": [{"17448": "aadd1dcbf1a088b838ef2cab0a5785d60b4b153e"}, {"17449": "d6843f593992aed07e054a652f842c3f823e5626"}, {"17453": "4ffb5e603f34d9f29c23ca96b011a49e3b133d8e"}, {"17728": "bc070a09f37407f637624e79a5456a178277eabd"}, {"17556": "65311adea1cac6361a132367e2c541cda6918e10"}], "hash": "61f2ff69546eebf0999848daf87890ed", "format-version": 4, "code-base-name": "app-gateway2", "filename": "plugin/AppGateway/resolutions/resolution.base.json"}