{"is_source_file": true, "format": "JSON", "description": "This file contains a JSON object defining resolution configurations and their metadata, including aliases, permissions, and event mappings within the 'resolutions' key.", "external_files": [], "external_methods": [], "published": [], "classes": [], "methods": [], "calls": [], "search-terms": ["resolution.base.json", "resolutions", "Localization.addAdditionalInfo", "device.make", "localization.setCountryCode", "voiceguidance.setEnabled", "accessibility.audioDescriptionSettings", "device.network", "resolution", "resolution.base"], "state": 2, "file_id": 8721, "knowledge_revision": 17728, "git_revision": "bc070a09f37407f637624e79a5456a178277eabd", "revision_history": [{"17448": "aadd1dcbf1a088b838ef2cab0a5785d60b4b153e"}, {"17449": "d6843f593992aed07e054a652f842c3f823e5626"}, {"17453": "4ffb5e603f34d9f29c23ca96b011a49e3b133d8e"}, {"17728": "bc070a09f37407f637624e79a5456a178277eabd"}], "hash": "14561afcc4a253917007f27b75764c3b", "format-version": 4, "code-base-name": "app-gateway2", "filename": "plugin/AppGateway/resolutions/resolution.base.json"}