{"is_source_file": true, "format": "C++ header file", "description": "This file defines the TokenClient class which acts as a thin facade for gRPC communication with an OTT token service. It provides methods to retrieve platform and authentication tokens by communicating with the OttTokenService via gRPC endpoints.", "external_files": ["<grpcpp/grpcpp.h>", "../../Module.h"], "external_methods": [], "published": ["WPEFramework::Plugin::TokenClient"], "classes": [{"name": "TokenClient", "description": "A class that provides methods to request platform and auth tokens from an OTT token gRPC service, managing channel creation and deadlines."}], "methods": [{"name": "TokenClient", "description": "Constructor that initializes the gRPC endpoint, security options, and timeout parameters."}, {"name": "~TokenClient", "description": "Destructor for cleaning up the TokenClient instance."}, {"name": "GetPlatformToken", "description": "Retrieves a platform token for a given application, returning the raw token and its expiration."}, {"name": "GetAuthToken", "description": "Retrieves an authentication token for a partner or application, returning the raw token and its expiration."}, {"name": "std::string Endpoint() const", "description": "Returns the configured gRPC endpoint address.", "scope": "WPEFramework::Plugin::TokenClient", "scopeKind": "class"}, {"name": "ApplyDeadline", "description": "Applies a deadline to the gRPC client context based on timeout parameters."}, {"name": "CreateChannel", "description": "Creates and returns a gRPC channel with or without TLS based on configuration."}], "calls": ["grpc::ClientContext::Deadline", "grpc::CreateChannel"], "search-terms": ["TokenClient", "OTT token gRPC", "PlatformToken", "AuthToken", "gRPC endpoint", "TLS", "channel idle timeout"], "state": 2, "file_id": 8768, "knowledge_revision": 17558, "git_revision": "ebc81d5be406b7bad5fd35c44b16992d94834970", "revision_history": [{"17542": "ebc81d5be406b7bad5fd35c44b16992d94834970"}, {"17558": "ebc81d5be406b7bad5fd35c44b16992d94834970"}], "ctags": [{"_type": "tag", "name": "Endpoint", "path": "/home/kavia/workspace/code-generation/app-gateway2/plugin/OttServices/ProtoImplementations/OttToken/TokenClient.h", "pattern": "/^        std::string Endpoint() const { return _endpoint; }$/", "language": "C++", "typeref": "typename:std::string", "kind": "function", "signature": "() const", "scope": "WPEFramework::Plugin::TokenClient", "scopeKind": "class"}, {"_type": "tag", "name": "Plugin", "path": "/home/kavia/workspace/code-generation/app-gateway2/plugin/OttServices/ProtoImplementations/OttToken/TokenClient.h", "pattern": "/^namespace Plugin {$/", "language": "C++", "kind": "namespace", "scope": "WPEFramework", "scopeKind": "namespace"}, {"_type": "tag", "name": "TokenClient", "path": "/home/kavia/workspace/code-generation/app-gateway2/plugin/OttServices/ProtoImplementations/OttToken/TokenClient.h", "pattern": "/^    class TokenClient {$/", "language": "C++", "kind": "class", "scope": "WPEFramework::Plugin", "scopeKind": "namespace"}, {"_type": "tag", "name": "WPEFramework", "path": "/home/kavia/workspace/code-generation/app-gateway2/plugin/OttServices/ProtoImplementations/OttToken/TokenClient.h", "pattern": "/^namespace WPEFramework {$/", "language": "C++", "kind": "namespace"}, {"_type": "tag", "name": "_endpoint", "path": "/home/kavia/workspace/code-generation/app-gateway2/plugin/OttServices/ProtoImplementations/OttToken/TokenClient.h", "pattern": "/^        std::string _endpoint;$/", "language": "C++", "typeref": "typename:std::string", "kind": "member", "scope": "WPEFramework::Plugin::TokenClient", "scopeKind": "class"}, {"_type": "tag", "name": "_grpcTimeoutMs", "path": "/home/kavia/workspace/code-generation/app-gateway2/plugin/OttServices/ProtoImplementations/OttToken/TokenClient.h", "pattern": "/^        uint32_t _grpcTimeoutMs;$/", "language": "C++", "typeref": "typename:uint32_t", "kind": "member", "scope": "WPEFramework::Plugin::TokenClient", "scopeKind": "class"}, {"_type": "tag", "name": "_idleTimeoutMs", "path": "/home/kavia/workspace/code-generation/app-gateway2/plugin/OttServices/ProtoImplementations/OttToken/TokenClient.h", "pattern": "/^        uint32_t _idleTimeoutMs;$/", "language": "C++", "typeref": "typename:uint32_t", "kind": "member", "scope": "WPEFramework::Plugin::TokenClient", "scopeKind": "class"}, {"_type": "tag", "name": "_useTls", "path": "/home/kavia/workspace/code-generation/app-gateway2/plugin/OttServices/ProtoImplementations/OttToken/TokenClient.h", "pattern": "/^        bool _useTls;$/", "language": "C++", "typeref": "typename:bool", "kind": "member", "scope": "WPEFramework::Plugin::TokenClient", "scopeKind": "class"}], "hash": "ae40854d6575f29fc9ec61fefd084cb5", "format-version": 4, "code-base-name": "app-gateway2", "filename": "plugin/OttServices/ProtoImplementations/OttToken/TokenClient.h", "fields": [{"name": "std::string _endpoint", "scope": "WPEFramework::Plugin::TokenClient", "scopeKind": "class", "description": "unavailable"}, {"name": "uint32_t _grpcTimeoutMs", "scope": "WPEFramework::Plugin::TokenClient", "scopeKind": "class", "description": "unavailable"}, {"name": "uint32_t _idleTimeoutMs", "scope": "WPEFramework::Plugin::TokenClient", "scopeKind": "class", "description": "unavailable"}, {"name": "bool _useTls", "scope": "WPEFramework::Plugin::TokenClient", "scopeKind": "class", "description": "unavailable"}]}