{"is_source_file": true, "format": "C++", "description": "This file implements the AppGateway plugin class for a WPEFramework-based application. It includes initialization, deinitialization, and connection management functionalities for the AppGateway component, along with registration and unregistration with the framework.", "external_files": ["AppGateway.h", "interfaces/IConfiguration.h", "interfaces/json/JsonData_AppGateway.h", "interfaces/json/JAppGateway.h", "UtilsLogging.h"], "external_methods": ["Exchange::JAppGateway::Register", "Exchange::JAppGateway::Unregister"], "published": ["AppGateway::Initialize", "AppGateway::Deinitialize", "AppGateway::Deactivated"], "classes": [{"name": "AppGateway", "description": "A class that manages an application gateway plugin within WPEFramework, handling its lifecycle, connection, and registration activities."}], "methods": [{"name": "const string Initialize(PluginHost::IShell * service)", "description": "Initializes the AppGateway plugin, sets up connections, and registers necessary components.", "scope": "WPEFramework::Plugin::AppGateway", "scopeKind": "class"}, {"name": "void Deinitialize(PluginHost::IShell * service)", "description": "Cleans up resources, unregisters components, and releases connections when the plugin is deactivated.", "scope": "WPEFramework::Plugin::AppGateway", "scopeKind": "class"}, {"name": "void Deactivated(RPC::IRemoteConnection * connection)", "description": "Handles the event when a remote connection is deactivated.", "scope": "WPEFramework::Plugin::AppGateway", "scopeKind": "class"}, {"name": "AppGateway()", "scope": "WPEFramework::Plugin::AppGateway", "scopeKind": "class", "description": "unavailable"}, {"name": "~AppGateway()", "scope": "WPEFramework::Plugin::AppGateway", "scopeKind": "class", "description": "unavailable"}], "calls": ["mAppGateway->Release", "service->AddRef", "service->Root<Exchange::IAppGateway>", "configConnection->Configure", "Exchange::JAppGateway::Register", "Exchange::JAppGateway::Unregister", "service->RemoteConnection", "connection->Terminate", "connection->Release"], "search-terms": ["AppGateway", "WPEFramework", "jsonrpc", "IConfiguration", "PluginHost", "register", "connection management"], "state": 2, "file_id": 8720, "knowledge_revision": 17568, "git_revision": "65311adea1cac6361a132367e2c541cda6918e10", "revision_history": [{"17447": "988378322a0123f0e521fa92423a0cc8f4c57e27"}, {"17450": "3e124e30849a54a0a761fe7d40b90e883771914c"}, {"17488": "d58614cb9f98ec228e08a306222503fe169b96bd"}, {"17494": "3468551314b662a11311f379b1a4b756cdcb0625"}, {"19298": "3468551314b662a11311f379b1a4b756cdcb0625"}, {"19302": "5934356905ff0837f8befb0765b4e83e9c8be965"}, {"19311": "77fcb371972280ae5f66f658b043de15cc8bd9cb"}, {"19312": "77fcb371972280ae5f66f658b043de15cc8bd9cb"}, {"19313": "77fcb371972280ae5f66f658b043de15cc8bd9cb"}, {"17718": "6f200f1fd519f932acf97d6b633a17f1a477a0e8"}, {"17977": "559dbf9e87d2b3cc11994fa1db6fa64f957c8a42"}, {"17568": "65311adea1cac6361a132367e2c541cda6918e10"}], "ctags": [{"_type": "tag", "name": "API_VERSION_NUMBER_MAJOR", "path": "/home/kavia/workspace/code-generation/app-gateway2/plugin/AppGateway/AppGateway.cpp", "pattern": "/^#define API_VERSION_NUMBER_MAJOR /", "file": true, "language": "C++", "kind": "macro"}, {"_type": "tag", "name": "API_VERSION_NUMBER_MINOR", "path": "/home/kavia/workspace/code-generation/app-gateway2/plugin/AppGateway/AppGateway.cpp", "pattern": "/^#define API_VERSION_NUMBER_MINOR /", "file": true, "language": "C++", "kind": "macro"}, {"_type": "tag", "name": "API_VERSION_NUMBER_PATCH", "path": "/home/kavia/workspace/code-generation/app-gateway2/plugin/AppGateway/AppGateway.cpp", "pattern": "/^#define API_VERSION_NUMBER_PATCH /", "file": true, "language": "C++", "kind": "macro"}, {"_type": "tag", "name": "AppGateway", "path": "/home/kavia/workspace/code-generation/app-gateway2/plugin/AppGateway/AppGateway.cpp", "pattern": "/^    AppGateway::AppGateway()$/", "language": "C++", "kind": "function", "signature": "()", "scope": "WPEFramework::Plugin::AppGateway", "scopeKind": "class"}, {"_type": "tag", "name": "Deactivated", "path": "/home/kavia/workspace/code-generation/app-gateway2/plugin/AppGateway/AppGateway.cpp", "pattern": "/^    void AppGateway::Deactivated(RPC::IRemoteConnection* connection)$/", "language": "C++", "typeref": "typename:void", "kind": "function", "signature": "(RPC::IRemoteConnection * connection)", "scope": "WPEFramework::Plugin::AppGateway", "scopeKind": "class"}, {"_type": "tag", "name": "Deinitialize", "path": "/home/kavia/workspace/code-generation/app-gateway2/plugin/AppGateway/AppGateway.cpp", "pattern": "/^    \\/* virtual *\\/ void AppGateway::Deinitialize(PluginHost::IShell* service)$/", "language": "C++", "typeref": "typename:void", "kind": "function", "signature": "(PluginHost::IShell * service)", "scope": "WPEFramework::Plugin::AppGateway", "scopeKind": "class"}, {"_type": "tag", "name": "Initialize", "path": "/home/kavia/workspace/code-generation/app-gateway2/plugin/AppGateway/AppGateway.cpp", "pattern": "/^    \\/* virtual *\\/ const string AppGateway::Initialize(PluginHost::IShell* service)$/", "language": "C++", "typeref": "typename:const string", "kind": "function", "signature": "(PluginHost::IShell * service)", "scope": "WPEFramework::Plugin::AppGateway", "scopeKind": "class"}, {"_type": "tag", "name": "Plugin", "path": "/home/kavia/workspace/code-generation/app-gateway2/plugin/AppGateway/AppGateway.cpp", "pattern": "/^namespace Plugin {$/", "file": true, "language": "C++", "kind": "namespace", "scope": "WPEFramework", "scopeKind": "namespace"}, {"_type": "tag", "name": "WPEFramework", "path": "/home/kavia/workspace/code-generation/app-gateway2/plugin/AppGateway/AppGateway.cpp", "pattern": "/^namespace WPEFramework {$/", "file": true, "language": "C++", "kind": "namespace"}, {"_type": "tag", "name": "__anonfb31658d0111", "path": "/home/kavia/workspace/code-generation/app-gateway2/plugin/AppGateway/AppGateway.cpp", "pattern": "/^namespace {$/", "file": true, "language": "C++", "kind": "namespace", "scope": "WPEFramework", "scopeKind": "namespace"}, {"_type": "tag", "name": "metadata", "path": "/home/kavia/workspace/code-generation/app-gateway2/plugin/AppGateway/AppGateway.cpp", "pattern": "/^    static Plugin::Metadata<Plugin::AppGateway> metadata($/", "file": true, "language": "C++", "typeref": "typename:Plugin::Metadata<Plugin::AppGateway>", "kind": "variable", "scope": "WPEFramework::__anonfb31658d0111", "scopeKind": "namespace"}, {"_type": "tag", "name": "~AppGateway", "path": "/home/kavia/workspace/code-generation/app-gateway2/plugin/AppGateway/AppGateway.cpp", "pattern": "/^    AppGateway::~AppGateway()$/", "language": "C++", "kind": "function", "signature": "()", "scope": "WPEFramework::Plugin::AppGateway", "scopeKind": "class"}], "hash": "ebe763b5fc9884d4c24fa519ce9c8559", "format-version": 4, "code-base-name": "app-gateway2", "filename": "plugin/AppGateway/AppGateway.cpp", "fields": [{"name": "Plugin::Metadata<Plugin::AppGateway> metadata", "scope": "WPEFramework::__anonfb31658d0111", "scopeKind": "namespace", "description": "unavailable"}]}