{"is_source_file": true, "format": "C++", "description": "This file defines the ResolutionStore class, which is used for storing and retrieving resolution objects indexed by string keys. It includes methods for getting stored objects and overlaying new entries, mainly intended for unit testing purposes.", "external_files": ["<core/JSON.h>", "../helpers/JsonCompat.h"], "external_methods": ["Core::JSON::Object::operator=(const Core::JSON::Object&)"], "published": ["WPEFramework::Plugin::ResolutionStore"], "classes": [{"name": "WPEFramework::Plugin::ResolutionStore", "description": "A class that manages a store of resolution objects using a string key. It provides methods for overlaying entries and retrieving stored objects."}], "methods": [{"name": "bool Get(const std::string &,const std::string & key,const Core::JSON::Object &,Core::JSON::Object & out) const", "description": "Retrieves a stored JSON resolution object by key. Ignores appId and params in this implementation, suitable for testing.", "scope": "WPEFramework::Plugin::ResolutionStore", "scopeKind": "class"}, {"name": "void Overlay(const std::unordered_map<std::string,Core::JSON::Object> & additions)", "description": "Overlays new resolution objects onto the store; last-wins semantics.", "scope": "WPEFramework::Plugin::ResolutionStore", "scopeKind": "class"}], "calls": ["std::unordered_map::find", "std::unordered_map::operator[]"], "search-terms": ["ResolutionStore", "overlay behavior", "unit test resolution store", "JSON object store"], "state": 2, "file_id": 8784, "knowledge_revision": 17584, "git_revision": "65311adea1cac6361a132367e2c541cda6918e10", "ctags": [{"_type": "tag", "name": "Get", "path": "/home/kavia/workspace/code-generation/app-gateway2/plugin/AppGateway/ResolutionStore.h", "pattern": "/^    bool Get(const std::string& \\/*appId*\\/, const std::string& key, const Core::JSON::Object& \\//", "language": "C++", "typeref": "typename:bool", "kind": "function", "signature": "(const std::string &,const std::string & key,const Core::JSON::Object &,Core::JSON::Object & out) const", "scope": "WPEFramework::Plugin::ResolutionStore", "scopeKind": "class"}, {"_type": "tag", "name": "Overlay", "path": "/home/kavia/workspace/code-generation/app-gateway2/plugin/AppGateway/ResolutionStore.h", "pattern": "/^    void Overlay(const std::unordered_map<std::string, Core::JSON::Object>& additions)$/", "language": "C++", "typeref": "typename:void", "kind": "function", "signature": "(const std::unordered_map<std::string,Core::JSON::Object> & additions)", "scope": "WPEFramework::Plugin::ResolutionStore", "scopeKind": "class"}, {"_type": "tag", "name": "Plugin", "path": "/home/kavia/workspace/code-generation/app-gateway2/plugin/AppGateway/ResolutionStore.h", "pattern": "/^namespace Plugin {$/", "language": "C++", "kind": "namespace", "scope": "WPEFramework", "scopeKind": "namespace"}, {"_type": "tag", "name": "ResolutionStore", "path": "/home/kavia/workspace/code-generation/app-gateway2/plugin/AppGateway/ResolutionStore.h", "pattern": "/^class ResolutionStore {$/", "language": "C++", "kind": "class", "scope": "WPEFramework::Plugin", "scopeKind": "namespace"}, {"_type": "tag", "name": "WPEFramework", "path": "/home/kavia/workspace/code-generation/app-gateway2/plugin/AppGateway/ResolutionStore.h", "pattern": "/^namespace WPEFramework {$/", "language": "C++", "kind": "namespace"}, {"_type": "tag", "name": "_store", "path": "/home/kavia/workspace/code-generation/app-gateway2/plugin/AppGateway/ResolutionStore.h", "pattern": "/^    std::unordered_map<std::string, Core::JSON::Object> _store;$/", "language": "C++", "typeref": "typename:std::unordered_map<std::string,Core::JSON::Object>", "kind": "member", "scope": "WPEFramework::Plugin::ResolutionStore", "scopeKind": "class"}], "hash": "3a28e810af9e65d73e755070ca3145f1", "format-version": 4, "code-base-name": "app-gateway2", "filename": "plugin/AppGateway/ResolutionStore.h", "fields": [{"name": "std::unordered_map<std::string,Core::JSON::Object> _store", "scope": "WPEFramework::Plugin::ResolutionStore", "scopeKind": "class", "description": "unavailable"}], "revision_history": [{"17584": "65311adea1cac6361a132367e2c541cda6918e10"}]}