{"is_source_file": true, "format": "C++ header (.h)", "description": "This file defines the class AppGatewayResponderImplementation which implements the interfaces Exchange::IConfiguration and Exchange::IAppGatewayResponder. It provides mechanisms for handling WebSocket messages, responses, requests, emit events, connection status notifications, and registration of notifications in the context of an application gateway, within a plugin for the WPEFramework. It also contains nested classes for dispatching jobs related to WebSocket message handling.", "external_files": ["Module.h", "WsManager.h", "<interfaces/IAppGateway.h>", "<interfaces/IConfiguration.h>", "ContextUtils.h", "<com/com.h>", "<core/core.h>"], "external_methods": ["mWsManager.SendMessageToConnection", "mWsManager.DispatchNotificationToConnection", "mWsManager.SendRequestToConnection"], "published": ["AppGatewayResponderImplementation::Respond", "AppGatewayResponderImplementation::Emit", "AppGatewayResponderImplementation::Request", "AppGatewayResponderImplementation::GetGatewayConnectionContext", "AppGatewayResponderImplementation::Register", "AppGatewayResponderImplementation::Unregister", "AppGatewayResponderImplementation::OnConnectionStatusChanged", "AppGatewayResponderImplementation::Configure"], "classes": [{"name": "AppGatewayResponderImplementation", "description": "Main class implementing app gateway responder functionalities, managing WebSocket communication, notifications, and connection contexts. Contains nested classes for dispatching various WebSocket and request tasks, as well as a registry for connection IDs and associated application IDs."}, {"name": "WsMsgJob", "description": "Dispatch job for sending WebSocket messages with method, params, requestId, and connectionId."}, {"name": "RespondJob", "description": "Dispatch job for sending a response message to a WebSocket connection."}, {"name": "EmitJob", "description": "Dispatch job to emit a notification to a WebSocket connection."}, {"name": "RequestJob", "description": "Dispatch job for sending a request to a WebSocket connection."}, {"name": "ConnectionStatusNotificationJob", "description": "Dispatch job for notifying about connection status changes."}, {"name": "AppIdRegistry", "description": "A thread-safe registry mapping connection IDs to application IDs."}], "methods": [{"name": "DispatchWsMsg", "description": "Handles dispatching of WebSocket messages based on method, params, requestId, connectionId."}, {"name": "void ReturnMessageInSocket(const uint32_t connectionId,const int requestId,const string payload)", "description": "Sends a message payload back to the client via WebSocket, with optional debug logging.", "scope": "WPEFramework::Plugin::AppGatewayResponderImplementation", "scopeKind": "class"}, {"name": "void Add(const uint32_t connectionId,const std::string & appId)", "scope": "WPEFramework::Plugin::AppGatewayResponderImplementation::AppIdRegistry", "scopeKind": "class", "description": "unavailable"}, {"name": "ConnectionStatusNotificationJob(AppGatewayResponderImplementation * parent,const uint32_t connectionId,const std::string & appId,const bool connected)", "scope": "WPEFramework::Plugin::AppGatewayResponderImplementation::ConnectionStatusNotificationJob", "scopeKind": "class", "description": "unavailable"}, {"name": "Core::ProxyType<Core::IDispatch> Create(AppGatewayResponderImplementation * parent,const std::string & method,const std::string & params,const uint32_t requestId,const uint32_t connectionId)", "scope": "WPEFramework::Plugin::AppGatewayResponderImplementation::WsMsgJob", "scopeKind": "class", "description": "unavailable"}, {"name": "Core::ProxyType<Core::IDispatch> Create(AppGatewayResponderImplementation * parent,const uint32_t connectionId,const std::string & appId,const bool connected)", "scope": "WPEFramework::Plugin::AppGatewayResponderImplementation::ConnectionStatusNotificationJob", "scopeKind": "class", "description": "unavailable"}, {"name": "Core::ProxyType<Core::IDispatch> Create(AppGatewayResponderImplementation * parent,const uint32_t connectionId,const std::string & designator,const std::string & payload)", "scope": "WPEFramework::Plugin::AppGatewayResponderImplementation::EmitJob", "scopeKind": "class", "description": "unavailable"}, {"name": "Core::ProxyType<Core::IDispatch> Create(AppGatewayResponderImplementation * parent,const uint32_t connectionId,const uint32_t mRequestId,const std::string & designator,const std::string & payload)", "scope": "WPEFramework::Plugin::AppGatewayResponderImplementation::RequestJob", "scopeKind": "class", "description": "unavailable"}, {"name": "Core::ProxyType<Core::IDispatch> Create(AppGatewayResponderImplementation * parent,const uint32_t connectionId,const uint32_t requestId,const std::string & payload)", "scope": "WPEFramework::Plugin::AppGatewayResponderImplementation::RespondJob", "scopeKind": "class", "description": "unavailable"}, {"name": "void Dispatch()", "scope": "WPEFramework::Plugin::AppGatewayResponderImplementation::WsMsgJob", "scopeKind": "class", "description": "unavailable"}, {"name": "EmitJob(AppGatewayResponderImplementation * parent,const uint32_t connectionId,const std::string & designator,const std::string & payload)", "scope": "WPEFramework::Plugin::AppGatewayResponderImplementation::EmitJob", "scopeKind": "class", "description": "unavailable"}, {"name": "bool Get(const uint32_t connectionId,string & appId)", "scope": "WPEFramework::Plugin::AppGatewayResponderImplementation::AppIdRegistry", "scopeKind": "class", "description": "unavailable"}, {"name": "void Remove(const uint32_t connectionId)", "scope": "WPEFramework::Plugin::AppGatewayResponderImplementation::AppIdRegistry", "scopeKind": "class", "description": "unavailable"}, {"name": "RequestJob(AppGatewayResponderImplementation * parent,const uint32_t connectionId,const uint32_t requestId,const std::string & designator,const std::string & payload)", "scope": "WPEFramework::Plugin::AppGatewayResponderImplementation::RequestJob", "scopeKind": "class", "description": "unavailable"}, {"name": "RespondJob(AppGatewayResponderImplementation * parent,const uint32_t connectionId,const uint32_t requestId,const std::string & payload)", "scope": "WPEFramework::Plugin::AppGatewayResponderImplementation::RespondJob", "scopeKind": "class", "description": "unavailable"}, {"name": "WsMsgJob(AppGatewayResponderImplementation * parent,const std::string & method,const std::string & params,const uint32_t requestId,const uint32_t connectionId)", "scope": "WPEFramework::Plugin::AppGatewayResponderImplementation::WsMsgJob", "scopeKind": "class", "description": "unavailable"}, {"name": "~ConnectionStatusNotificationJob()", "scope": "WPEFramework::Plugin::AppGatewayResponderImplementation::ConnectionStatusNotificationJob", "scopeKind": "class", "description": "unavailable"}, {"name": "~EmitJob()", "scope": "WPEFramework::Plugin::AppGatewayResponderImplementation::EmitJob", "scopeKind": "class", "description": "unavailable"}, {"name": "~RequestJob()", "scope": "WPEFramework::Plugin::AppGatewayResponderImplementation::RequestJob", "scopeKind": "class", "description": "unavailable"}, {"name": "~RespondJob()", "scope": "WPEFramework::Plugin::AppGatewayResponderImplementation::RespondJob", "scopeKind": "class", "description": "unavailable"}, {"name": "~WsMsgJob()", "scope": "WPEFramework::Plugin::AppGatewayResponderImplementation::WsMsgJob", "scopeKind": "class", "description": "unavailable"}], "calls": ["mWsManager.SendMessageToConnection", "mWsManager.DispatchNotificationToConnection", "mWsManager.SendRequestToConnection"], "search-terms": ["IAppGatewayResponder", "WebSocket", "Dispatch", "Respond", "Emit", "Register", "Unregister", "ConnectionStatusChanged", "GatewayContext", "AppIdRegistry"], "state": 2, "file_id": 8338, "knowledge_revision": 17470, "git_revision": "7f051f5abcf83e36a71a6acc4b36e4cb5dfc24dc", "ctags": [{"_type": "tag", "name": "Add", "path": "/home/kavia/workspace/code-generation/app-gateway2/plugin/AppGateway/AppGatewayResponderImplementation.h", "pattern": "/^            void Add(const uint32_t connectionId, const std::string& appId) {$/", "language": "C++", "typeref": "typename:void", "kind": "function", "signature": "(const uint32_t connectionId,const std::string & appId)", "scope": "WPEFramework::Plugin::AppGatewayResponderImplementation::AppIdRegistry", "scopeKind": "class"}, {"_type": "tag", "name": "AppGatewayResponderImplementation", "path": "/home/kavia/workspace/code-generation/app-gateway2/plugin/AppGateway/AppGatewayResponderImplementation.h", "pattern": "/^    class AppGatewayResponderImplementation : public Exchange::IConfiguration, public Exchange::/", "language": "C++", "kind": "class", "scope": "WPEFramework::Plugin", "scopeKind": "namespace"}, {"_type": "tag", "name": "AppIdRegistry", "path": "/home/kavia/workspace/code-generation/app-gateway2/plugin/AppGateway/AppGatewayResponderImplementation.h", "pattern": "/^        class AppIdRegistry{$/", "language": "C++", "kind": "class", "scope": "WPEFramework::Plugin::AppGatewayResponderImplementation", "scopeKind": "class"}, {"_type": "tag", "name": "ConnectionStatusNotificationJob", "path": "/home/kavia/workspace/code-generation/app-gateway2/plugin/AppGateway/AppGatewayResponderImplementation.h", "pattern": "/^            ConnectionStatusNotificationJob(AppGatewayResponderImplementation *parent,$/", "language": "C++", "kind": "function", "signature": "(AppGatewayResponderImplementation * parent,const uint32_t connectionId,const std::string & appId,const bool connected)", "scope": "WPEFramework::Plugin::AppGatewayResponderImplementation::ConnectionStatusNotificationJob", "scopeKind": "class"}, {"_type": "tag", "name": "ConnectionStatusNotificationJob", "path": "/home/kavia/workspace/code-generation/app-gateway2/plugin/AppGateway/AppGatewayResponderImplementation.h", "pattern": "/^        class EXTERNAL ConnectionStatusNotificationJob : public Core::IDispatch$/", "language": "C++", "kind": "class", "scope": "WPEFramework::Plugin::AppGatewayResponderImplementation", "scopeKind": "class"}, {"_type": "tag", "name": "Context", "path": "/home/kavia/workspace/code-generation/app-gateway2/plugin/AppGateway/AppGatewayResponderImplementation.h", "pattern": "/^    using Context = Exchange::GatewayContext;$/", "language": "C++", "typeref": "typename:Exchange::GatewayContext", "kind": "typedef", "scope": "WPEFramework::Plugin", "scopeKind": "namespace"}, {"_type": "tag", "name": "Create", "path": "/home/kavia/workspace/code-generation/app-gateway2/plugin/AppGateway/AppGatewayResponderImplementation.h", "pattern": "/^            static Core::ProxyType<Core::IDispatch> Create(AppGatewayResponderImplementation *pa/", "language": "C++", "typeref": "typename:Core::ProxyType<Core::IDispatch>", "kind": "function", "signature": "(AppGatewayResponderImplementation * parent,const std::string & method,const std::string & params,const uint32_t requestId,const uint32_t connectionId)", "scope": "WPEFramework::Plugin::AppGatewayResponderImplementation::WsMsgJob", "scopeKind": "class"}, {"_type": "tag", "name": "Create", "path": "/home/kavia/workspace/code-generation/app-gateway2/plugin/AppGateway/AppGatewayResponderImplementation.h", "pattern": "/^            static Core::ProxyType<Core::IDispatch> Create(AppGatewayResponderImplementation *pa/", "language": "C++", "typeref": "typename:Core::ProxyType<Core::IDispatch>", "kind": "function", "signature": "(AppGatewayResponderImplementation * parent,const uint32_t connectionId,const std::string & appId,const bool connected)", "scope": "WPEFramework::Plugin::AppGatewayResponderImplementation::ConnectionStatusNotificationJob", "scopeKind": "class"}, {"_type": "tag", "name": "Create", "path": "/home/kavia/workspace/code-generation/app-gateway2/plugin/AppGateway/AppGatewayResponderImplementation.h", "pattern": "/^            static Core::ProxyType<Core::IDispatch> Create(AppGatewayResponderImplementation *pa/", "language": "C++", "typeref": "typename:Core::ProxyType<Core::IDispatch>", "kind": "function", "signature": "(AppGatewayResponderImplementation * parent,const uint32_t connectionId,const std::string & designator,const std::string & payload)", "scope": "WPEFramework::Plugin::AppGatewayResponderImplementation::EmitJob", "scopeKind": "class"}, {"_type": "tag", "name": "Create", "path": "/home/kavia/workspace/code-generation/app-gateway2/plugin/AppGateway/AppGatewayResponderImplementation.h", "pattern": "/^            static Core::ProxyType<Core::IDispatch> Create(AppGatewayResponderImplementation *pa/", "language": "C++", "typeref": "typename:Core::ProxyType<Core::IDispatch>", "kind": "function", "signature": "(AppGatewayResponderImplementation * parent,const uint32_t connectionId,const uint32_t mRequestId,const std::string & designator,const std::string & payload)", "scope": "WPEFramework::Plugin::AppGatewayResponderImplementation::RequestJob", "scopeKind": "class"}, {"_type": "tag", "name": "Create", "path": "/home/kavia/workspace/code-generation/app-gateway2/plugin/AppGateway/AppGatewayResponderImplementation.h", "pattern": "/^            static Core::ProxyType<Core::IDispatch> Create(AppGatewayResponderImplementation *pa/", "language": "C++", "typeref": "typename:Core::ProxyType<Core::IDispatch>", "kind": "function", "signature": "(AppGatewayResponderImplementation * parent,const uint32_t connectionId,const uint32_t requestId,const std::string & payload)", "scope": "WPEFramework::Plugin::AppGatewayResponderImplementation::RespondJob", "scopeKind": "class"}, {"_type": "tag", "name": "Dispatch", "path": "/home/kavia/workspace/code-generation/app-gateway2/plugin/AppGateway/AppGatewayResponderImplementation.h", "pattern": "/^            virtual void Dispatch()$/", "language": "C++", "typeref": "typename:void", "kind": "function", "signature": "()", "scope": "WPEFramework::Plugin::AppGatewayResponderImplementation::ConnectionStatusNotificationJob", "scopeKind": "class"}, {"_type": "tag", "name": "Dispatch", "path": "/home/kavia/workspace/code-generation/app-gateway2/plugin/AppGateway/AppGatewayResponderImplementation.h", "pattern": "/^            virtual void Dispatch()$/", "language": "C++", "typeref": "typename:void", "kind": "function", "signature": "()", "scope": "WPEFramework::Plugin::AppGatewayResponderImplementation::EmitJob", "scopeKind": "class"}, {"_type": "tag", "name": "Dispatch", "path": "/home/kavia/workspace/code-generation/app-gateway2/plugin/AppGateway/AppGatewayResponderImplementation.h", "pattern": "/^            virtual void Dispatch()$/", "language": "C++", "typeref": "typename:void", "kind": "function", "signature": "()", "scope": "WPEFramework::Plugin::AppGatewayResponderImplementation::RequestJob", "scopeKind": "class"}, {"_type": "tag", "name": "Dispatch", "path": "/home/kavia/workspace/code-generation/app-gateway2/plugin/AppGateway/AppGatewayResponderImplementation.h", "pattern": "/^            virtual void Dispatch()$/", "language": "C++", "typeref": "typename:void", "kind": "function", "signature": "()", "scope": "WPEFramework::Plugin::AppGatewayResponderImplementation::RespondJob", "scopeKind": "class"}, {"_type": "tag", "name": "Dispatch", "path": "/home/kavia/workspace/code-generation/app-gateway2/plugin/AppGateway/AppGatewayResponderImplementation.h", "pattern": "/^            virtual void Dispatch()$/", "language": "C++", "typeref": "typename:void", "kind": "function", "signature": "()", "scope": "WPEFramework::Plugin::AppGatewayResponderImplementation::WsMsgJob", "scopeKind": "class"}, {"_type": "tag", "name": "EmitJob", "path": "/home/kavia/workspace/code-generation/app-gateway2/plugin/AppGateway/AppGatewayResponderImplementation.h", "pattern": "/^            EmitJob(AppGatewayResponderImplementation *parent, $/", "language": "C++", "kind": "function", "signature": "(AppGatewayResponderImplementation * parent,const uint32_t connectionId,const std::string & designator,const std::string & payload)", "scope": "WPEFramework::Plugin::AppGatewayResponderImplementation::EmitJob", "scopeKind": "class"}, {"_type": "tag", "name": "EmitJob", "path": "/home/kavia/workspace/code-generation/app-gateway2/plugin/AppGateway/AppGatewayResponderImplementation.h", "pattern": "/^          class EXTERNAL EmitJob : public Core::IDispatch$/", "language": "C++", "kind": "class", "scope": "WPEFramework::Plugin::AppGatewayResponderImplementation", "scopeKind": "class"}, {"_type": "tag", "name": "Get", "path": "/home/kavia/workspace/code-generation/app-gateway2/plugin/AppGateway/AppGatewayResponderImplementation.h", "pattern": "/^            bool Get(const uint32_t connectionId, string& appId) {$/", "language": "C++", "typeref": "typename:bool", "kind": "function", "signature": "(const uint32_t connectionId,string & appId)", "scope": "WPEFramework::Plugin::AppGatewayResponderImplementation::AppIdRegistry", "scopeKind": "class"}, {"_type": "tag", "name": "Plugin", "path": "/home/kavia/workspace/code-generation/app-gateway2/plugin/AppGateway/AppGatewayResponderImplementation.h", "pattern": "/^namespace Plugin {$/", "language": "C++", "kind": "namespace", "scope": "WPEFramework", "scopeKind": "namespace"}, {"_type": "tag", "name": "Remove", "path": "/home/kavia/workspace/code-generation/app-gateway2/plugin/AppGateway/AppGatewayResponderImplementation.h", "pattern": "/^            void Remove(const uint32_t connectionId) {$/", "language": "C++", "typeref": "typename:void", "kind": "function", "signature": "(const uint32_t connectionId)", "scope": "WPEFramework::Plugin::AppGatewayResponderImplementation::AppIdRegistry", "scopeKind": "class"}, {"_type": "tag", "name": "RequestJob", "path": "/home/kavia/workspace/code-generation/app-gateway2/plugin/AppGateway/AppGatewayResponderImplementation.h", "pattern": "/^            RequestJob(AppGatewayResponderImplementation *parent, $/", "language": "C++", "kind": "function", "signature": "(AppGatewayResponderImplementation * parent,const uint32_t connectionId,const uint32_t requestId,const std::string & designator,const std::string & payload)", "scope": "WPEFramework::Plugin::AppGatewayResponderImplementation::RequestJob", "scopeKind": "class"}, {"_type": "tag", "name": "RequestJob", "path": "/home/kavia/workspace/code-generation/app-gateway2/plugin/AppGateway/AppGatewayResponderImplementation.h", "pattern": "/^        class EXTERNAL RequestJob : public Core::IDispatch$/", "language": "C++", "kind": "class", "scope": "WPEFramework::Plugin::AppGatewayResponderImplementation", "scopeKind": "class"}, {"_type": "tag", "name": "RespondJob", "path": "/home/kavia/workspace/code-generation/app-gateway2/plugin/AppGateway/AppGatewayResponderImplementation.h", "pattern": "/^            RespondJob(AppGatewayResponderImplementation *parent, $/", "language": "C++", "kind": "function", "signature": "(AppGatewayResponderImplementation * parent,const uint32_t connectionId,const uint32_t requestId,const std::string & payload)", "scope": "WPEFramework::Plugin::AppGatewayResponderImplementation::RespondJob", "scopeKind": "class"}, {"_type": "tag", "name": "RespondJob", "path": "/home/kavia/workspace/code-generation/app-gateway2/plugin/AppGateway/AppGatewayResponderImplementation.h", "pattern": "/^        class EXTERNAL RespondJob : public Core::IDispatch$/", "language": "C++", "kind": "class", "scope": "WPEFramework::Plugin::AppGatewayResponderImplementation", "scopeKind": "class"}, {"_type": "tag", "name": "ReturnMessageInSocket", "path": "/home/kavia/workspace/code-generation/app-gateway2/plugin/AppGateway/AppGatewayResponderImplementation.h", "pattern": "/^        void ReturnMessageInSocket(const uint32_t connectionId, const int requestId, const strin/", "language": "C++", "typeref": "typename:void", "kind": "function", "signature": "(const uint32_t connectionId,const int requestId,const string payload)", "scope": "WPEFramework::Plugin::AppGatewayResponderImplementation", "scopeKind": "class"}, {"_type": "tag", "name": "WPEFramework", "path": "/home/kavia/workspace/code-generation/app-gateway2/plugin/AppGateway/AppGatewayResponderImplementation.h", "pattern": "/^namespace WPEFramework {$/", "language": "C++", "kind": "namespace"}, {"_type": "tag", "name": "WsMsgJob", "path": "/home/kavia/workspace/code-generation/app-gateway2/plugin/AppGateway/AppGatewayResponderImplementation.h", "pattern": "/^            WsMsgJob(AppGatewayResponderImplementation *parent, $/", "language": "C++", "kind": "function", "signature": "(AppGatewayResponderImplementation * parent,const std::string & method,const std::string & params,const uint32_t requestId,const uint32_t connectionId)", "scope": "WPEFramework::Plugin::AppGatewayResponderImplementation::WsMsgJob", "scopeKind": "class"}, {"_type": "tag", "name": "WsMsgJob", "path": "/home/kavia/workspace/code-generation/app-gateway2/plugin/AppGateway/AppGatewayResponderImplementation.h", "pattern": "/^        class EXTERNAL WsMsgJob : public Core::IDispatch$/", "language": "C++", "kind": "class", "scope": "WPEFramework::Plugin::AppGatewayResponderImplementation", "scopeKind": "class"}, {"_type": "tag", "name": "mAppId", "path": "/home/kavia/workspace/code-generation/app-gateway2/plugin/AppGateway/AppGatewayResponderImplementation.h", "pattern": "/^            const std::string mAppId;$/", "language": "C++", "typeref": "typename:const std::string", "kind": "member", "scope": "WPEFramework::Plugin::AppGatewayResponderImplementation::ConnectionStatusNotificationJob", "scopeKind": "class"}, {"_type": "tag", "name": "mAppIdMap", "path": "/home/kavia/workspace/code-generation/app-gateway2/plugin/AppGateway/AppGatewayResponderImplementation.h", "pattern": "/^            std::unordered_map<uint32_t,string> mAppIdMap;$/", "language": "C++", "typeref": "typename:std::unordered_map<uint32_t,string>", "kind": "member", "scope": "WPEFramework::Plugin::AppGatewayResponderImplementation::AppIdRegistry", "scopeKind": "class"}, {"_type": "tag", "name": "mAppIdMutex", "path": "/home/kavia/workspace/code-generation/app-gateway2/plugin/AppGateway/AppGatewayResponderImplementation.h", "pattern": "/^            std::mutex mAppIdMutex;$/", "language": "C++", "typeref": "typename:std::mutex", "kind": "member", "scope": "WPEFramework::Plugin::AppGatewayResponderImplementation::AppIdRegistry", "scopeKind": "class"}, {"_type": "tag", "name": "mAppIdRegistry", "path": "/home/kavia/workspace/code-generation/app-gateway2/plugin/AppGateway/AppGatewayResponderImplementation.h", "pattern": "/^        AppIdRegistry mAppIdRegistry;$/", "language": "C++", "typeref": "typename:AppIdRegistry", "kind": "member", "scope": "WPEFramework::Plugin::AppGatewayResponderImplementation", "scopeKind": "class"}, {"_type": "tag", "name": "mAuthenticator", "path": "/home/kavia/workspace/code-generation/app-gateway2/plugin/AppGateway/AppGatewayResponderImplementation.h", "pattern": "/^        Exchange::IAppGatewayAuthenticator *mAuthenticator; \\/\\/ Shared pointer to Authenticator$/", "language": "C++", "typeref": "typename:Exchange::IAppGatewayAuthenticator *", "kind": "member", "scope": "WPEFramework::Plugin::AppGatewayResponderImplementation", "scopeKind": "class"}, {"_type": "tag", "name": "mConnected", "path": "/home/kavia/workspace/code-generation/app-gateway2/plugin/AppGateway/AppGatewayResponderImplementation.h", "pattern": "/^            const bool mConnected;$/", "language": "C++", "typeref": "typename:const bool", "kind": "member", "scope": "WPEFramework::Plugin::AppGatewayResponderImplementation::ConnectionStatusNotificationJob", "scopeKind": "class"}, {"_type": "tag", "name": "mConnectionId", "path": "/home/kavia/workspace/code-generation/app-gateway2/plugin/AppGateway/AppGatewayResponderImplementation.h", "pattern": "/^            const uint32_t mConnectionId;$/", "language": "C++", "typeref": "typename:const uint32_t", "kind": "member", "scope": "WPEFramework::Plugin::AppGatewayResponderImplementation::ConnectionStatusNotificationJob", "scopeKind": "class"}, {"_type": "tag", "name": "mConnectionId", "path": "/home/kavia/workspace/code-generation/app-gateway2/plugin/AppGateway/AppGatewayResponderImplementation.h", "pattern": "/^            const uint32_t mConnectionId;$/", "language": "C++", "typeref": "typename:const uint32_t", "kind": "member", "scope": "WPEFramework::Plugin::AppGatewayResponderImplementation::EmitJob", "scopeKind": "class"}, {"_type": "tag", "name": "mConnectionId", "path": "/home/kavia/workspace/code-generation/app-gateway2/plugin/AppGateway/AppGatewayResponderImplementation.h", "pattern": "/^            const uint32_t mConnectionId;$/", "language": "C++", "typeref": "typename:const uint32_t", "kind": "member", "scope": "WPEFramework::Plugin::AppGatewayResponderImplementation::RequestJob", "scopeKind": "class"}, {"_type": "tag", "name": "mConnectionId", "path": "/home/kavia/workspace/code-generation/app-gateway2/plugin/AppGateway/AppGatewayResponderImplementation.h", "pattern": "/^            const uint32_t mConnectionId;$/", "language": "C++", "typeref": "typename:const uint32_t", "kind": "member", "scope": "WPEFramework::Plugin::AppGatewayResponderImplementation::RespondJob", "scopeKind": "class"}, {"_type": "tag", "name": "mConnectionId", "path": "/home/kavia/workspace/code-generation/app-gateway2/plugin/AppGateway/AppGatewayResponderImplementation.h", "pattern": "/^            const uint32_t mConnectionId;$/", "language": "C++", "typeref": "typename:const uint32_t", "kind": "member", "scope": "WPEFramework::Plugin::AppGatewayResponderImplementation::WsMsgJob", "scopeKind": "class"}, {"_type": "tag", "name": "mConnectionStatusImplLock", "path": "/home/kavia/workspace/code-generation/app-gateway2/plugin/AppGateway/AppGatewayResponderImplementation.h", "pattern": "/^        mutable Core::CriticalSection mConnectionStatusImplLock;$/", "language": "C++", "typeref": "typename:Core::CriticalSection", "kind": "member", "scope": "WPEFramework::Plugin::AppGatewayResponderImplementation", "scopeKind": "class"}, {"_type": "tag", "name": "mConnectionStatusNotification", "path": "/home/kavia/workspace/code-generation/app-gateway2/plugin/AppGateway/AppGatewayResponderImplementation.h", "pattern": "/^        std::list<Exchange::IAppGatewayResponder::INotification*> mConnectionStatusNotification;$/", "language": "C++", "typeref": "typename:std::list<Exchange::IAppGatewayResponder::INotification * >", "kind": "member", "scope": "WPEFramework::Plugin::AppGatewayResponderImplementation", "scopeKind": "class"}, {"_type": "tag", "name": "mDesignator", "path": "/home/kavia/workspace/code-generation/app-gateway2/plugin/AppGateway/AppGatewayResponderImplementation.h", "pattern": "/^            const std::string mDesignator;$/", "language": "C++", "typeref": "typename:const std::string", "kind": "member", "scope": "WPEFramework::Plugin::AppGatewayResponderImplementation::EmitJob", "scopeKind": "class"}, {"_type": "tag", "name": "mDesignator", "path": "/home/kavia/workspace/code-generation/app-gateway2/plugin/AppGateway/AppGatewayResponderImplementation.h", "pattern": "/^            const std::string mDesignator;$/", "language": "C++", "typeref": "typename:const std::string", "kind": "member", "scope": "WPEFramework::Plugin::AppGatewayResponderImplementation::RequestJob", "scopeKind": "class"}, {"_type": "tag", "name": "mEnhancedLoggingEnabled", "path": "/home/kavia/workspace/code-generation/app-gateway2/plugin/AppGateway/AppGatewayResponderImplementation.h", "pattern": "/^        bool mEnhancedLoggingEnabled;$/", "language": "C++", "typeref": "typename:bool", "kind": "member", "scope": "WPEFramework::Plugin::AppGatewayResponderImplementation", "scopeKind": "class"}, {"_type": "tag", "name": "mMethod", "path": "/home/kavia/workspace/code-generation/app-gateway2/plugin/AppGateway/AppGatewayResponderImplementation.h", "pattern": "/^            const std::string mMethod;$/", "language": "C++", "typeref": "typename:const std::string", "kind": "member", "scope": "WPEFramework::Plugin::AppGatewayResponderImplementation::WsMsgJob", "scopeKind": "class"}, {"_type": "tag", "name": "mParams", "path": "/home/kavia/workspace/code-generation/app-gateway2/plugin/AppGateway/AppGatewayResponderImplementation.h", "pattern": "/^            const std::string mParams;$/", "language": "C++", "typeref": "typename:const std::string", "kind": "member", "scope": "WPEFramework::Plugin::AppGatewayResponderImplementation::WsMsgJob", "scopeKind": "class"}, {"_type": "tag", "name": "mParent", "path": "/home/kavia/workspace/code-generation/app-gateway2/plugin/AppGateway/AppGatewayResponderImplementation.h", "pattern": "/^            AppGatewayResponderImplementation &mParent;$/", "language": "C++", "typeref": "typename:AppGatewayResponderImplementation &", "kind": "member", "scope": "WPEFramework::Plugin::AppGatewayResponderImplementation::ConnectionStatusNotificationJob", "scopeKind": "class"}, {"_type": "tag", "name": "mParent", "path": "/home/kavia/workspace/code-generation/app-gateway2/plugin/AppGateway/AppGatewayResponderImplementation.h", "pattern": "/^            AppGatewayResponderImplementation &mParent;$/", "language": "C++", "typeref": "typename:AppGatewayResponderImplementation &", "kind": "member", "scope": "WPEFramework::Plugin::AppGatewayResponderImplementation::EmitJob", "scopeKind": "class"}, {"_type": "tag", "name": "mParent", "path": "/home/kavia/workspace/code-generation/app-gateway2/plugin/AppGateway/AppGatewayResponderImplementation.h", "pattern": "/^            AppGatewayResponderImplementation &mParent;$/", "language": "C++", "typeref": "typename:AppGatewayResponderImplementation &", "kind": "member", "scope": "WPEFramework::Plugin::AppGatewayResponderImplementation::RequestJob", "scopeKind": "class"}, {"_type": "tag", "name": "mParent", "path": "/home/kavia/workspace/code-generation/app-gateway2/plugin/AppGateway/AppGatewayResponderImplementation.h", "pattern": "/^            AppGatewayResponderImplementation &mParent;$/", "language": "C++", "typeref": "typename:AppGatewayResponderImplementation &", "kind": "member", "scope": "WPEFramework::Plugin::AppGatewayResponderImplementation::RespondJob", "scopeKind": "class"}, {"_type": "tag", "name": "mParent", "path": "/home/kavia/workspace/code-generation/app-gateway2/plugin/AppGateway/AppGatewayResponderImplementation.h", "pattern": "/^            AppGatewayResponderImplementation &mParent;$/", "language": "C++", "typeref": "typename:AppGatewayResponderImplementation &", "kind": "member", "scope": "WPEFramework::Plugin::AppGatewayResponderImplementation::WsMsgJob", "scopeKind": "class"}, {"_type": "tag", "name": "mPayload", "path": "/home/kavia/workspace/code-generation/app-gateway2/plugin/AppGateway/AppGatewayResponderImplementation.h", "pattern": "/^            const std::string mPayload;$/", "language": "C++", "typeref": "typename:const std::string", "kind": "member", "scope": "WPEFramework::Plugin::AppGatewayResponderImplementation::EmitJob", "scopeKind": "class"}, {"_type": "tag", "name": "mPayload", "path": "/home/kavia/workspace/code-generation/app-gateway2/plugin/AppGateway/AppGatewayResponderImplementation.h", "pattern": "/^            const std::string mPayload;$/", "language": "C++", "typeref": "typename:const std::string", "kind": "member", "scope": "WPEFramework::Plugin::AppGatewayResponderImplementation::RequestJob", "scopeKind": "class"}, {"_type": "tag", "name": "mPayload", "path": "/home/kavia/workspace/code-generation/app-gateway2/plugin/AppGateway/AppGatewayResponderImplementation.h", "pattern": "/^            const std::string mPayload;$/", "language": "C++", "typeref": "typename:const std::string", "kind": "member", "scope": "WPEFramework::Plugin::AppGatewayResponderImplementation::RespondJob", "scopeKind": "class"}, {"_type": "tag", "name": "mRequestId", "path": "/home/kavia/workspace/code-generation/app-gateway2/plugin/AppGateway/AppGatewayResponderImplementation.h", "pattern": "/^            const uint32_t mRequestId;$/", "language": "C++", "typeref": "typename:const uint32_t", "kind": "member", "scope": "WPEFramework::Plugin::AppGatewayResponderImplementation::RequestJob", "scopeKind": "class"}, {"_type": "tag", "name": "mRequestId", "path": "/home/kavia/workspace/code-generation/app-gateway2/plugin/AppGateway/AppGatewayResponderImplementation.h", "pattern": "/^            const uint32_t mRequestId;$/", "language": "C++", "typeref": "typename:const uint32_t", "kind": "member", "scope": "WPEFramework::Plugin::AppGatewayResponderImplementation::RespondJob", "scopeKind": "class"}, {"_type": "tag", "name": "mRequestId", "path": "/home/kavia/workspace/code-generation/app-gateway2/plugin/AppGateway/AppGatewayResponderImplementation.h", "pattern": "/^            const uint32_t mRequestId;$/", "language": "C++", "typeref": "typename:const uint32_t", "kind": "member", "scope": "WPEFramework::Plugin::AppGatewayResponderImplementation::WsMsgJob", "scopeKind": "class"}, {"_type": "tag", "name": "mResolver", "path": "/home/kavia/workspace/code-generation/app-gateway2/plugin/AppGateway/AppGatewayResponderImplementation.h", "pattern": "/^        Exchange::IAppGatewayResolver *mResolver; \\/\\/ Shared pointer to InternalGatewayResolver$/", "language": "C++", "typeref": "typename:Exchange::IAppGatewayResolver *", "kind": "member", "scope": "WPEFramework::Plugin::AppGatewayResponderImplementation", "scopeKind": "class"}, {"_type": "tag", "name": "mService", "path": "/home/kavia/workspace/code-generation/app-gateway2/plugin/AppGateway/AppGatewayResponderImplementation.h", "pattern": "/^        PluginHost::IShell* mService;$/", "language": "C++", "typeref": "typename:PluginHost::IShell *", "kind": "member", "scope": "WPEFramework::Plugin::AppGatewayResponderImplementation", "scopeKind": "class"}, {"_type": "tag", "name": "mWsManager", "path": "/home/kavia/workspace/code-generation/app-gateway2/plugin/AppGateway/AppGatewayResponderImplementation.h", "pattern": "/^        WebSocketConnectionManager mWsManager;$/", "language": "C++", "typeref": "typename:WebSocketConnectionManager", "kind": "member", "scope": "WPEFramework::Plugin::AppGatewayResponderImplementation", "scopeKind": "class"}, {"_type": "tag", "name": "~ConnectionStatusNotificationJob", "path": "/home/kavia/workspace/code-generation/app-gateway2/plugin/AppGateway/AppGatewayResponderImplementation.h", "pattern": "/^            ~ConnectionStatusNotificationJob()$/", "language": "C++", "kind": "function", "signature": "()", "scope": "WPEFramework::Plugin::AppGatewayResponderImplementation::ConnectionStatusNotificationJob", "scopeKind": "class"}, {"_type": "tag", "name": "~EmitJob", "path": "/home/kavia/workspace/code-generation/app-gateway2/plugin/AppGateway/AppGatewayResponderImplementation.h", "pattern": "/^            ~EmitJob()$/", "language": "C++", "kind": "function", "signature": "()", "scope": "WPEFramework::Plugin::AppGatewayResponderImplementation::EmitJob", "scopeKind": "class"}, {"_type": "tag", "name": "~RequestJob", "path": "/home/kavia/workspace/code-generation/app-gateway2/plugin/AppGateway/AppGatewayResponderImplementation.h", "pattern": "/^            ~RequestJob()$/", "language": "C++", "kind": "function", "signature": "()", "scope": "WPEFramework::Plugin::AppGatewayResponderImplementation::RequestJob", "scopeKind": "class"}, {"_type": "tag", "name": "~RespondJob", "path": "/home/kavia/workspace/code-generation/app-gateway2/plugin/AppGateway/AppGatewayResponderImplementation.h", "pattern": "/^            ~RespondJob()$/", "language": "C++", "kind": "function", "signature": "()", "scope": "WPEFramework::Plugin::AppGatewayResponderImplementation::RespondJob", "scopeKind": "class"}, {"_type": "tag", "name": "~WsMsgJob", "path": "/home/kavia/workspace/code-generation/app-gateway2/plugin/AppGateway/AppGatewayResponderImplementation.h", "pattern": "/^            ~WsMsgJob()$/", "language": "C++", "kind": "function", "signature": "()", "scope": "WPEFramework::Plugin::AppGatewayResponderImplementation::WsMsgJob", "scopeKind": "class"}], "hash": "a8eb3fac4a418fb1936997f30e46245f", "format-version": 4, "code-base-name": "app-gateway2", "filename": "plugin/AppGateway/AppGatewayResponderImplementation.h", "fields": [{"name": "const std::string mAppId", "scope": "WPEFramework::Plugin::AppGatewayResponderImplementation::ConnectionStatusNotificationJob", "scopeKind": "class", "description": "unavailable"}, {"name": "std::unordered_map<uint32_t,string> mAppIdMap", "scope": "WPEFramework::Plugin::AppGatewayResponderImplementation::AppIdRegistry", "scopeKind": "class", "description": "unavailable"}, {"name": "std::mutex mAppIdMutex", "scope": "WPEFramework::Plugin::AppGatewayResponderImplementation::AppIdRegistry", "scopeKind": "class", "description": "unavailable"}, {"name": "AppIdRegistry mAppIdRegistry", "scope": "WPEFramework::Plugin::AppGatewayResponderImplementation", "scopeKind": "class", "description": "unavailable"}, {"name": "Exchange::IAppGatewayAuthenticator * mAuthenticator", "scope": "WPEFramework::Plugin::AppGatewayResponderImplementation", "scopeKind": "class", "description": "unavailable"}, {"name": "const bool mConnected", "scope": "WPEFramework::Plugin::AppGatewayResponderImplementation::ConnectionStatusNotificationJob", "scopeKind": "class", "description": "unavailable"}, {"name": "const uint32_t mConnectionId", "scope": "WPEFramework::Plugin::AppGatewayResponderImplementation::ConnectionStatusNotificationJob", "scopeKind": "class", "description": "unavailable"}, {"name": "Core::CriticalSection mConnectionStatusImplLock", "scope": "WPEFramework::Plugin::AppGatewayResponderImplementation", "scopeKind": "class", "description": "unavailable"}, {"name": "std::list<Exchange::IAppGatewayResponder::INotification * > mConnectionStatusNotification", "scope": "WPEFramework::Plugin::AppGatewayResponderImplementation", "scopeKind": "class", "description": "unavailable"}, {"name": "const std::string mDesignator", "scope": "WPEFramework::Plugin::AppGatewayResponderImplementation::EmitJob", "scopeKind": "class", "description": "unavailable"}, {"name": "bool mEnhancedLoggingEnabled", "scope": "WPEFramework::Plugin::AppGatewayResponderImplementation", "scopeKind": "class", "description": "unavailable"}, {"name": "const std::string mMethod", "scope": "WPEFramework::Plugin::AppGatewayResponderImplementation::WsMsgJob", "scopeKind": "class", "description": "unavailable"}, {"name": "const std::string mParams", "scope": "WPEFramework::Plugin::AppGatewayResponderImplementation::WsMsgJob", "scopeKind": "class", "description": "unavailable"}, {"name": "AppGatewayResponderImplementation & mParent", "scope": "WPEFramework::Plugin::AppGatewayResponderImplementation::ConnectionStatusNotificationJob", "scopeKind": "class", "description": "unavailable"}, {"name": "const std::string mPayload", "scope": "WPEFramework::Plugin::AppGatewayResponderImplementation::EmitJob", "scopeKind": "class", "description": "unavailable"}, {"name": "const uint32_t mRequestId", "scope": "WPEFramework::Plugin::AppGatewayResponderImplementation::RequestJob", "scopeKind": "class", "description": "unavailable"}, {"name": "Exchange::IAppGatewayResolver * mResolver", "scope": "WPEFramework::Plugin::AppGatewayResponderImplementation", "scopeKind": "class", "description": "unavailable"}, {"name": "PluginHost::IShell * mService", "scope": "WPEFramework::Plugin::AppGatewayResponderImplementation", "scopeKind": "class", "description": "unavailable"}, {"name": "WebSocketConnectionManager mWsManager", "scope": "WPEFramework::Plugin::AppGatewayResponderImplementation", "scopeKind": "class", "description": "unavailable"}], "revision_history": [{"17470": "7f051f5abcf83e36a71a6acc4b36e4cb5dfc24dc"}]}