{"is_source_file": true, "format": "C++ header file", "description": "The file 'AppGatewayImplementation.h' defines the interface and class structure for the AppGatewayImplementation component, which implements App Gateway functionality within the WPEFramework Plugin namespace. It declares class methods, inner classes, and member variables related to configuring, resolving, and responding in the context of an application gateway, including job tracking, event handling, and interaction with external services.", "external_files": ["Module.h", "Resolver.h", "<interfaces/IAppGateway.h>", "<interfaces/IConfiguration.h>", "<interfaces/IAppNotifications.h>", "ContextUtils.h", "<com/com.h>", "<core/core.h>"], "external_methods": ["Core::hresult Configure(Exchange::IAppGatewayResolver::IStringIterator *const &paths)", "Core::hresult Resolve(const Context& context, const string& origin ,const string& method, const string& params, string& result)", "uint32_t Configure(PluginHost::IShell* service)", "mAppGatewayResponder->Respond(context, payload)"], "published": ["Configure"], "classes": [{"name": "AppGatewayImplementation", "description": "Implements the IAppGatewayResolver and IConfiguration interfaces; manages app gateway resolution & configuration, event handling, and asynchronous job tracking within the plugin environment."}, {"name": "RespondJob", "description": "Nested class within AppGatewayImplementation that handles dispatching responses asynchronously, managing lifetime via internal counters and shutdown checks."}, {"name": "JobTracker", "description": "Inner class used for tracking active asynchronous jobs, ensuring proper decrement of counters on completion."}], "methods": [{"name": "Configure", "description": "Configures the AppGateway with provided resolver paths."}, {"name": "Resolve", "description": "Performs resolution based on context, origin, method, and parameters, returning a result string."}, {"name": "HandleEvent", "description": "Handles event notifications with context, alias, event type, origin, and listen flag."}, {"name": "void ReturnMessageInSocket(const Context & context,const string payload)", "description": "Sends response payloads back through the socket, considering shutdown states.", "scope": "WPEFramework::Plugin::AppGatewayImplementation", "scopeKind": "class"}, {"name": "SendToLaunchDelegate", "description": "Forwards payloads to a delegate for processing."}, {"name": "Core::ProxyType<Core::IDispatch> Create(AppGatewayImplementation * parent,const Context & context,const std::string & payload,const std::string & origin)", "scope": "WPEFramework::Plugin::AppGatewayImplementation::RespondJob", "scopeKind": "class", "description": "unavailable"}, {"name": "void Disarm()", "scope": "WPEFramework::Plugin::AppGatewayImplementation::JobTracker", "scopeKind": "class", "description": "unavailable"}, {"name": "void Dispatch()", "scope": "WPEFramework::Plugin::AppGatewayImplementation::RespondJob", "scopeKind": "class", "description": "unavailable"}, {"name": "JobTracker(std::atomic<uint32_t> & counter)", "scope": "WPEFramework::Plugin::AppGatewayImplementation::JobTracker", "scopeKind": "class", "description": "unavailable"}, {"name": "RespondJob(AppGatewayImplementation * parent,const Context & context,const std::string & payload,const std::string & destination)", "scope": "WPEFramework::Plugin::AppGatewayImplementation::RespondJob", "scopeKind": "class", "description": "unavailable"}, {"name": "~JobTracker()", "scope": "WPEFramework::Plugin::AppGatewayImplementation::JobTracker", "scopeKind": "class", "description": "unavailable"}], "calls": ["mAppGatewayResponder->Respond", "Core::ProxyType<RespondJob>::Create", "mService->QueryInterface<Exchange::IAppGatewayResponder>()"], "search-terms": ["AppGatewayImplementation", "IAppGatewayResolver", "IConfiguration", "Resolve", "RespondJob", "JobTracker", "Dispatch", "mInFlightJobs", "mIsShuttingDown"], "state": 2, "file_id": 8727, "knowledge_revision": 19305, "git_revision": "c9804915f2ae952749505f08f6fe3a69b24dcd0b", "revision_history": [{"17463": "988378322a0123f0e521fa92423a0cc8f4c57e27"}, {"19299": "d42d48ce2fde84b6c563f24f8c10fc76924ab1a6"}, {"19305": "c9804915f2ae952749505f08f6fe3a69b24dcd0b"}], "ctags": [{"_type": "tag", "name": "AppGatewayImplementation", "path": "/home/kavia/workspace/code-generation/app-gateway2/plugin/AppGateway/AppGatewayImplementation.h", "pattern": "/^    class AppGatewayImplementation : public Exchange::IAppGatewayResolver, public Exchange::ICon/", "language": "C++", "kind": "class", "scope": "WPEFramework::Plugin", "scopeKind": "namespace"}, {"_type": "tag", "name": "Context", "path": "/home/kavia/workspace/code-generation/app-gateway2/plugin/AppGateway/AppGatewayImplementation.h", "pattern": "/^    using Context = Exchange::GatewayContext;$/", "language": "C++", "typeref": "typename:Exchange::GatewayContext", "kind": "typedef", "scope": "WPEFramework::Plugin", "scopeKind": "namespace"}, {"_type": "tag", "name": "Create", "path": "/home/kavia/workspace/code-generation/app-gateway2/plugin/AppGateway/AppGatewayImplementation.h", "pattern": "/^            static Core::ProxyType<Core::IDispatch> Create(AppGatewayImplementation* parent,$/", "language": "C++", "typeref": "typename:Core::ProxyType<Core::IDispatch>", "kind": "function", "signature": "(AppGatewayImplementation * parent,const Context & context,const std::string & payload,const std::string & origin)", "scope": "WPEFramework::Plugin::AppGatewayImplementation::RespondJob", "scopeKind": "class"}, {"_type": "tag", "name": "Disarm", "path": "/home/kavia/workspace/code-generation/app-gateway2/plugin/AppGateway/AppGatewayImplementation.h", "pattern": "/^            void Disarm() { mArmed = false; }$/", "language": "C++", "typeref": "typename:void", "kind": "function", "signature": "()", "scope": "WPEFramework::Plugin::AppGatewayImplementation::JobTracker", "scopeKind": "class"}, {"_type": "tag", "name": "Dispatch", "path": "/home/kavia/workspace/code-generation/app-gateway2/plugin/AppGateway/AppGatewayImplementation.h", "pattern": "/^            void Dispatch() override$/", "language": "C++", "typeref": "typename:void", "kind": "function", "signature": "()", "scope": "WPEFramework::Plugin::AppGatewayImplementation::RespondJob", "scopeKind": "class"}, {"_type": "tag", "name": "JobTracker", "path": "/home/kavia/workspace/code-generation/app-gateway2/plugin/AppGateway/AppGatewayImplementation.h", "pattern": "/^            explicit JobTracker(std::atomic<uint32_t>& counter)$/", "language": "C++", "kind": "function", "signature": "(std::atomic<uint32_t> & counter)", "scope": "WPEFramework::Plugin::AppGatewayImplementation::JobTracker", "scopeKind": "class"}, {"_type": "tag", "name": "JobTracker", "path": "/home/kavia/workspace/code-generation/app-gateway2/plugin/AppGateway/AppGatewayImplementation.h", "pattern": "/^        class JobTracker final {$/", "language": "C++", "kind": "class", "scope": "WPEFramework::Plugin::AppGatewayImplementation", "scopeKind": "class"}, {"_type": "tag", "name": "Plugin", "path": "/home/kavia/workspace/code-generation/app-gateway2/plugin/AppGateway/AppGatewayImplementation.h", "pattern": "/^namespace Plugin {$/", "language": "C++", "kind": "namespace", "scope": "WPEFramework", "scopeKind": "namespace"}, {"_type": "tag", "name": "RespondJob", "path": "/home/kavia/workspace/code-generation/app-gateway2/plugin/AppGateway/AppGatewayImplementation.h", "pattern": "/^            RespondJob(AppGatewayImplementation* parent,$/", "language": "C++", "kind": "function", "signature": "(AppGatewayImplementation * parent,const Context & context,const std::string & payload,const std::string & destination)", "scope": "WPEFramework::Plugin::AppGatewayImplementation::RespondJob", "scopeKind": "class"}, {"_type": "tag", "name": "RespondJob", "path": "/home/kavia/workspace/code-generation/app-gateway2/plugin/AppGateway/AppGatewayImplementation.h", "pattern": "/^        class EXTERNAL RespondJob : public Core::IDispatch$/", "language": "C++", "kind": "class", "scope": "WPEFramework::Plugin::AppGatewayImplementation", "scopeKind": "class"}, {"_type": "tag", "name": "ReturnMessageInSocket", "path": "/home/kavia/workspace/code-generation/app-gateway2/plugin/AppGateway/AppGatewayImplementation.h", "pattern": "/^        void ReturnMessageInSocket(const Context& context, const string payload )$/", "language": "C++", "typeref": "typename:void", "kind": "function", "signature": "(const Context & context,const string payload)", "scope": "WPEFramework::Plugin::AppGatewayImplementation", "scopeKind": "class"}, {"_type": "tag", "name": "WPEFramework", "path": "/home/kavia/workspace/code-generation/app-gateway2/plugin/AppGateway/AppGatewayImplementation.h", "pattern": "/^namespace WPEFramework {$/", "language": "C++", "kind": "namespace"}, {"_type": "tag", "name": "mAppGatewayResponder", "path": "/home/kavia/workspace/code-generation/app-gateway2/plugin/AppGateway/AppGatewayImplementation.h", "pattern": "/^        Exchange::IAppGatewayResponder *mAppGatewayResponder;$/", "language": "C++", "typeref": "typename:Exchange::IAppGatewayResponder *", "kind": "member", "scope": "WPEFramework::Plugin::AppGatewayImplementation", "scopeKind": "class"}, {"_type": "tag", "name": "mAppNotifications", "path": "/home/kavia/workspace/code-generation/app-gateway2/plugin/AppGateway/AppGatewayImplementation.h", "pattern": "/^        Exchange::IAppNotifications *mAppNotifications; \\/\\/ Shared pointer to AppNotifications$/", "language": "C++", "typeref": "typename:Exchange::IAppNotifications *", "kind": "member", "scope": "WPEFramework::Plugin::AppGatewayImplementation", "scopeKind": "class"}, {"_type": "tag", "name": "mArmed", "path": "/home/kavia/workspace/code-generation/app-gateway2/plugin/AppGateway/AppGatewayImplementation.h", "pattern": "/^            bool mArmed;$/", "language": "C++", "typeref": "typename:bool", "kind": "member", "scope": "WPEFramework::Plugin::AppGatewayImplementation::JobTracker", "scopeKind": "class"}, {"_type": "tag", "name": "mAuthenticator", "path": "/home/kavia/workspace/code-generation/app-gateway2/plugin/AppGateway/AppGatewayImplementation.h", "pattern": "/^        Exchange::IAppGatewayAuthenticator *mAuthenticator; \\/\\/ Shared pointer to Authenticator$/", "language": "C++", "typeref": "typename:Exchange::IAppGatewayAuthenticator *", "kind": "member", "scope": "WPEFramework::Plugin::AppGatewayImplementation", "scopeKind": "class"}, {"_type": "tag", "name": "mContext", "path": "/home/kavia/workspace/code-generation/app-gateway2/plugin/AppGateway/AppGatewayImplementation.h", "pattern": "/^            Context mContext;$/", "language": "C++", "typeref": "typename:Context", "kind": "member", "scope": "WPEFramework::Plugin::AppGatewayImplementation::RespondJob", "scopeKind": "class"}, {"_type": "tag", "name": "mCounter", "path": "/home/kavia/workspace/code-generation/app-gateway2/plugin/AppGateway/AppGatewayImplementation.h", "pattern": "/^            std::atomic<uint32_t>& mCounter;$/", "language": "C++", "typeref": "typename:std::atomic<uint32_t> &", "kind": "member", "scope": "WPEFramework::Plugin::AppGatewayImplementation::JobTracker", "scopeKind": "class"}, {"_type": "tag", "name": "mDestination", "path": "/home/kavia/workspace/code-generation/app-gateway2/plugin/AppGateway/AppGatewayImplementation.h", "pattern": "/^            std::string mDestination;$/", "language": "C++", "typeref": "typename:std::string", "kind": "member", "scope": "WPEFramework::Plugin::AppGatewayImplementation::RespondJob", "scopeKind": "class"}, {"_type": "tag", "name": "mDummyCounter", "path": "/home/kavia/workspace/code-generation/app-gateway2/plugin/AppGateway/AppGatewayImplementation.h", "pattern": "/^            static std::atomic<uint32_t> mDummyCounter;$/", "language": "C++", "typeref": "typename:std::atomic<uint32_t>", "kind": "member", "scope": "WPEFramework::Plugin::AppGatewayImplementation::RespondJob", "scopeKind": "class"}, {"_type": "tag", "name": "mInFlightJobs", "path": "/home/kavia/workspace/code-generation/app-gateway2/plugin/AppGateway/AppGatewayImplementation.h", "pattern": "/^        std::atomic<uint32_t> mInFlightJobs{ 0 };$/", "language": "C++", "typeref": "typename:std::atomic<uint32_t>", "kind": "member", "scope": "WPEFramework::Plugin::AppGatewayImplementation", "scopeKind": "class"}, {"_type": "tag", "name": "mInternalGatewayResponder", "path": "/home/kavia/workspace/code-generation/app-gateway2/plugin/AppGateway/AppGatewayImplementation.h", "pattern": "/^        Exchange::IAppGatewayResponder *mInternalGatewayResponder; \\/\\/ Shared pointer to Intern/", "language": "C++", "typeref": "typename:Exchange::IAppGatewayResponder *", "kind": "member", "scope": "WPEFramework::Plugin::AppGatewayImplementation", "scopeKind": "class"}, {"_type": "tag", "name": "mIsShuttingDown", "path": "/home/kavia/workspace/code-generation/app-gateway2/plugin/AppGateway/AppGatewayImplementation.h", "pattern": "/^        std::atomic<bool> mIsShuttingDown{ false };$/", "language": "C++", "typeref": "typename:std::atomic<bool>", "kind": "member", "scope": "WPEFramework::Plugin::AppGatewayImplementation", "scopeKind": "class"}, {"_type": "tag", "name": "mParent", "path": "/home/kavia/workspace/code-generation/app-gateway2/plugin/AppGateway/AppGatewayImplementation.h", "pattern": "/^            AppGatewayImplementation* mParent;$/", "language": "C++", "typeref": "typename:AppGatewayImplementation *", "kind": "member", "scope": "WPEFramework::Plugin::AppGatewayImplementation::RespondJob", "scopeKind": "class"}, {"_type": "tag", "name": "mPayload", "path": "/home/kavia/workspace/code-generation/app-gateway2/plugin/AppGateway/AppGatewayImplementation.h", "pattern": "/^            std::string mPayload;$/", "language": "C++", "typeref": "typename:std::string", "kind": "member", "scope": "WPEFramework::Plugin::AppGatewayImplementation::RespondJob", "scopeKind": "class"}, {"_type": "tag", "name": "mResolverPtr", "path": "/home/kavia/workspace/code-generation/app-gateway2/plugin/AppGateway/AppGatewayImplementation.h", "pattern": "/^        ResolverPtr mResolverPtr;$/", "language": "C++", "typeref": "typename:ResolverPtr", "kind": "member", "scope": "WPEFramework::Plugin::AppGatewayImplementation", "scopeKind": "class"}, {"_type": "tag", "name": "mService", "path": "/home/kavia/workspace/code-generation/app-gateway2/plugin/AppGateway/AppGatewayImplementation.h", "pattern": "/^        PluginHost::IShell* mService;$/", "language": "C++", "typeref": "typename:PluginHost::IShell *", "kind": "member", "scope": "WPEFramework::Plugin::AppGatewayImplementation", "scopeKind": "class"}, {"_type": "tag", "name": "mTracker", "path": "/home/kavia/workspace/code-generation/app-gateway2/plugin/AppGateway/AppGatewayImplementation.h", "pattern": "/^            JobTracker mTracker;$/", "language": "C++", "typeref": "typename:JobTracker", "kind": "member", "scope": "WPEFramework::Plugin::AppGatewayImplementation::RespondJob", "scopeKind": "class"}, {"_type": "tag", "name": "~JobTracker", "path": "/home/kavia/workspace/code-generation/app-gateway2/plugin/AppGateway/AppGatewayImplementation.h", "pattern": "/^            ~JobTracker()$/", "language": "C++", "kind": "function", "signature": "()", "scope": "WPEFramework::Plugin::AppGatewayImplementation::JobTracker", "scopeKind": "class"}], "hash": "a7b7ec770b2950064f622f2d489a09e5", "format-version": 4, "code-base-name": "app-gateway2", "filename": "plugin/AppGateway/AppGatewayImplementation.h", "fields": [{"name": "Exchange::IAppGatewayResponder * mAppGatewayResponder", "scope": "WPEFramework::Plugin::AppGatewayImplementation", "scopeKind": "class", "description": "unavailable"}, {"name": "Exchange::IAppNotifications * mAppNotifications", "scope": "WPEFramework::Plugin::AppGatewayImplementation", "scopeKind": "class", "description": "unavailable"}, {"name": "bool mArmed", "scope": "WPEFramework::Plugin::AppGatewayImplementation::JobTracker", "scopeKind": "class", "description": "unavailable"}, {"name": "Exchange::IAppGatewayAuthenticator * mAuthenticator", "scope": "WPEFramework::Plugin::AppGatewayImplementation", "scopeKind": "class", "description": "unavailable"}, {"name": "Context mContext", "scope": "WPEFramework::Plugin::AppGatewayImplementation::RespondJob", "scopeKind": "class", "description": "unavailable"}, {"name": "std::atomic<uint32_t> & mCounter", "scope": "WPEFramework::Plugin::AppGatewayImplementation::JobTracker", "scopeKind": "class", "description": "unavailable"}, {"name": "std::string mDestination", "scope": "WPEFramework::Plugin::AppGatewayImplementation::RespondJob", "scopeKind": "class", "description": "unavailable"}, {"name": "std::atomic<uint32_t> mDummyCounter", "scope": "WPEFramework::Plugin::AppGatewayImplementation::RespondJob", "scopeKind": "class", "description": "unavailable"}, {"name": "std::atomic<uint32_t> mInFlightJobs", "scope": "WPEFramework::Plugin::AppGatewayImplementation", "scopeKind": "class", "description": "unavailable"}, {"name": "Exchange::IAppGatewayResponder * mInternalGatewayResponder", "scope": "WPEFramework::Plugin::AppGatewayImplementation", "scopeKind": "class", "description": "unavailable"}, {"name": "std::atomic<bool> mIsShuttingDown", "scope": "WPEFramework::Plugin::AppGatewayImplementation", "scopeKind": "class", "description": "unavailable"}, {"name": "AppGatewayImplementation * mParent", "scope": "WPEFramework::Plugin::AppGatewayImplementation::RespondJob", "scopeKind": "class", "description": "unavailable"}, {"name": "std::string mPayload", "scope": "WPEFramework::Plugin::AppGatewayImplementation::RespondJob", "scopeKind": "class", "description": "unavailable"}, {"name": "ResolverPtr mResolverPtr", "scope": "WPEFramework::Plugin::AppGatewayImplementation", "scopeKind": "class", "description": "unavailable"}, {"name": "PluginHost::IShell * mService", "scope": "WPEFramework::Plugin::AppGatewayImplementation", "scopeKind": "class", "description": "unavailable"}, {"name": "JobTracker mTracker", "scope": "WPEFramework::Plugin::AppGatewayImplementation::RespondJob", "scopeKind": "class", "description": "unavailable"}]}