{"is_source_file": true, "format": "C++ header file", "description": "This file defines a minimal RequestRouter class used in unit tests, which echoes back provided resolution and parameters into a JSON response.", "external_files": ["<plugins/Module.h>", "<plugins/IShell.h>", "<core/JSON.h>", "../helpers/JsonCompat.h"], "external_methods": [], "published": ["RequestRouter"], "classes": [{"name": "RequestRouter", "description": "A class that handles dispatching based on resolution and parameters, primarily used for unit testing."}], "methods": [{"name": "RequestRouter(PluginHost::IShell * service,const std::string & callsign)", "description": "Constructor initializing the RequestRouter with a service shell and callsign.", "scope": "WPEFramework::Plugin::RequestRouter", "scopeKind": "class"}, {"name": "DispatchResolved", "description": "Method to process resolution and parameters, producing a JSON response."}], "calls": [], "search-terms": ["RequestRouter", "DispatchResolved", "unit test", "echoes", "JSON response"], "state": 2, "file_id": 8781, "knowledge_revision": 17582, "git_revision": "65311adea1cac6361a132367e2c541cda6918e10", "ctags": [{"_type": "tag", "name": "Plugin", "path": "/home/kavia/workspace/code-generation/app-gateway2/plugin/AppGateway/RequestRouter.h", "pattern": "/^namespace Plugin {$/", "language": "C++", "kind": "namespace", "scope": "WPEFramework", "scopeKind": "namespace"}, {"_type": "tag", "name": "RequestRouter", "path": "/home/kavia/workspace/code-generation/app-gateway2/plugin/AppGateway/RequestRouter.h", "pattern": "/^    RequestRouter(PluginHost::IShell* service, const std::string& callsign)$/", "language": "C++", "kind": "function", "signature": "(PluginHost::IShell * service,const std::string & callsign)", "scope": "WPEFramework::Plugin::RequestRouter", "scopeKind": "class"}, {"_type": "tag", "name": "RequestRouter", "path": "/home/kavia/workspace/code-generation/app-gateway2/plugin/AppGateway/RequestRouter.h", "pattern": "/^class RequestRouter {$/", "language": "C++", "kind": "class", "scope": "WPEFramework::Plugin", "scopeKind": "namespace"}, {"_type": "tag", "name": "WPEFramework", "path": "/home/kavia/workspace/code-generation/app-gateway2/plugin/AppGateway/RequestRouter.h", "pattern": "/^namespace WPEFramework {$/", "language": "C++", "kind": "namespace"}, {"_type": "tag", "name": "_callsign", "path": "/home/kavia/workspace/code-generation/app-gateway2/plugin/AppGateway/RequestRouter.h", "pattern": "/^    std::string _callsign;$/", "language": "C++", "typeref": "typename:std::string", "kind": "member", "scope": "WPEFramework::Plugin::RequestRouter", "scopeKind": "class"}, {"_type": "tag", "name": "_service", "path": "/home/kavia/workspace/code-generation/app-gateway2/plugin/AppGateway/RequestRouter.h", "pattern": "/^    PluginHost::IShell* _service { nullptr };$/", "language": "C++", "typeref": "typename:PluginHost::IShell *", "kind": "member", "scope": "WPEFramework::Plugin::RequestRouter", "scopeKind": "class"}], "hash": "58ae9c74e9bdbf18737eeb7aeaad1226", "format-version": 4, "code-base-name": "app-gateway2", "filename": "plugin/AppGateway/RequestRouter.h", "fields": [{"name": "std::string _callsign", "scope": "WPEFramework::Plugin::RequestRouter", "scopeKind": "class", "description": "unavailable"}, {"name": "PluginHost::IShell * _service", "scope": "WPEFramework::Plugin::RequestRouter", "scopeKind": "class", "description": "unavailable"}], "revision_history": [{"17582": "65311adea1cac6361a132367e2c541cda6918e10"}]}