{
    "$schema": "https://raw.githubusercontent.com/rdkcentral/rdkservices/main/Tools/json_generator/schemas/interface.schema.json",
    "jsonrpc": "2.0",
    "info": {
        "title": "HdcpProfile API", 
        "class": "HdcpProfile", 
        "description": "The HdcpProfile plugin provides an interface for HDCP-related data and events."
    },
    "common": {
        "$ref": "../common/common.json"
    },
    "definitions": {
        "supportedHDCPVersion": {
            "summary": "Supported HDCP protocol version by the host device.",
            "type": "string",
            "example": "2.2"
        },
        "HDCPStatus":{
            "summary": "Contains HDCP-related data as separate properties",
            "type": "object",
            "properties": {
                "isConnected": {
                    "summary": "Indicates whether a display is connected.",
                    "type": "boolean",
                    "example": false
                },
                "isHDCPCompliant": {
                    "summary": "Indicates whether the display is HDCP compliant.",
                    "type": "boolean",
                    "example": false
                },
                "isHDCPEnabled": {
                    "summary": "Indicates whether content is protected.",
                    "type": "boolean",
                    "example": false
                },
                "hdcpReason": {
                    "summary": "The HDCP status reason",
                    "type": "integer",
                    "example": 1
                },
                "supportedHDCPVersion": {
                    "$ref": "#/definitions/supportedHDCPVersion"
                },
                "receiverHDCPVersion": {
                    "summary": "Supported HDCP protocol version by the receiver device (display)",
                    "type": "string",
                    "example": "1.4"
                },
                "currentHDCPVersion": {
                    "summary": "Currently used HDCP protocol version",
                    "type": "string",
                    "example": "1.4"
                }
            },
            "required":[
                "isConnected",
                "isHDCPCompliant",
                "isHDCPEnabled",
                "hdcpReason",
                "supportedHDCPVersion",
                "receiverHDCPVersion",
                "currentHDCPVersion"
            ]
        }
    },
    "methods": {
        "getHDCPStatus": {
            "summary": "Returns HDCP-related data.  \n**hdcpReason Argument Values**  \n* `0`: HDMI cable is not connected or rx sense status is `off`  \n* `1`: Rx device is connected with power ON state, and HDCP authentication is not initiated  \n* `2`: HDCP success  \n* `3`:  HDCP authentication failed after multiple retries  \n* `4`:  HDCP authentication in progress   \n* `5`: HDMI video port is disabled.",
            "result": {
                "type":"object",
                "properties": {
                    "HDCPStatus":{
                        "$ref": "#/definitions/HDCPStatus"
                    },
                    "success": {
                        "$ref": "#/common/success"
                    }
                }, 
                "required": [
                    "HDCPStatus",
                    "success"
                ]               
            }
        },
        "getSettopHDCPSupport": {
            "summary": "Returns which version of HDCP is supported by the STB.",
            "result":{
                "type":"object",
                "properties": {
                    "supportedHDCPVersion":{
                        "$ref": "#/definitions/supportedHDCPVersion"
                    },
                    "isHDCPSupported": {
                        "description": "Indicates whether HDCP is supported by the STB",
                        "type": "boolean",
                        "example": true
                    },
                    "success": {
                        "$ref": "#/common/success"
                    }
                },
                "required":[
                    "supportedHDCPVersion",
                    "isHDCPSupported",
                    "success"
                ]
            }
        }
    },
    "events": {
        "onDisplayConnectionChanged":{
            "summary":"Triggered if HDMI was connected or disconnected upon receiving `onHdmiOutputHotPlug` event",
            "params":{
                "type":"object",
                "properties": {
                    "HDCPStatus":{
                        "$ref": "#/definitions/HDCPStatus"
                    } 
                }
            }
        }
    }
}

