{
  "meta": {
    "generated_at": "2025-01-01T00:00:00Z",
    "generator": "scripts/generate_fbsettings_json.py",
    "version": "1.0.0",
    "rules_path": "app-gateway2/app-gateway/FbSettings/SystemSettingRules/system_settings_rules.json"
  },
  "settings": {
    "device": {
      "make": "unknown",
      "name": "Living Room",
      "sku": "SKUX1"
    },
    "localization": {
      "countryCode": "US",
      "timeZone": "America/New_York"
    },
    "secondscreen": {
      "friendlyName": "Living Room"
    }
  }
}
